review_id,ticker,sector,subindustry,rule_id,status,reason,source_sha256,source_literal,holdout_issuer,development_probe_issuer
65de853a8fd5d2f8c559,AR,ENERGY,ep,semantic.change_by,REVIEW_AMBIGUOUS,No unique semantic-frame assignment,7276f0c6c32e2d115458eaf4732fa972343b230d938baca9e80031f5bd49b517,Our production base increased by more than 20% from a year ago and our cost structure declined by over 10%.,False,False
4d603f416bbb6c72ddfb,AR,ENERGY,ep,semantic.comparative,REVIEW_VALIDATION_FAILED,PRODUCTION does not accept PERCENT; expected COUNT,7276f0c6c32e2d115458eaf4732fa972343b230d938baca9e80031f5bd49b517,"Further, while the region’s gross production has remained flat, net production to Antero is expected to exit the year over 25% higher than the prior year.” Mr.",False,False
bbaa90a8887392d331b6,AR,ENERGY,ep,semantic.range_guidance,REVIEW_AMBIGUOUS,No unique semantic-frame assignment,7276f0c6c32e2d115458eaf4732fa972343b230d938baca9e80031f5bd49b517,"This was highlighted through our second quarter 2026 results where the Henry Hub natural gas price declined 16% from the year ago period, while our adjusted EBITDAX increased 57%.” For a discussion of the non-GAAP financial measures including Adjusted Net Income, Adjusted EBITDAX, Adjusted Free Cash Flow and Net Debt please see “Non-GAAP Financial Measures.” 1 2026 Guidance Update Antero is increasing its full year 2026 production guidance to a range of 4.15 to 4.2 Bcfe/d, to reflect strong performance year-to-date and the acquisitions made in July 2026.",False,False
d7378f05e0159afaea1f,AR,ENERGY,ep,semantic.range_guidance,REVIEW_AMBIGUOUS,No unique semantic-frame assignment,7276f0c6c32e2d115458eaf4732fa972343b230d938baca9e80031f5bd49b517,Antero is forecasting 5 Bcfe of curtailments in the third quarter of 2026 and expects third quarter production to average 4.25 to 4.3 Bcfe/d with fourth quarter production increasing to an average of 4.4 to 4.5 Bcfe/d.,False,False
0f50467aaeb744e6a960,AR,ENERGY,ep,semantic.range_guidance,REVIEW_VALIDATION_FAILED,REALIZED_PRICE does not accept MONEY; expected PRICE,7276f0c6c32e2d115458eaf4732fa972343b230d938baca9e80031f5bd49b517,NYMEX Henry Hub ($/Mcf) $ 0.05 $ 0.15 C2 NGL Realized Price Premium to Mont Belvieu ($/Bbl) $ 2.50 $ 3.00 Note: Any 2026 guidance items not discussed in this release are unchanged from previously stated guidance.,False,False
636f1132317f85f7427b,AR,ENERGY,ep,semantic.comparative,REVIEW_VALIDATION_FAILED,PRODUCTION does not accept PRICE; expected COUNT,7276f0c6c32e2d115458eaf4732fa972343b230d938baca9e80031f5bd49b517,"Cash production expense, which includes lease operating, gathering, compression, processing and transportation and production and ad valorem taxes was $2.22 per Mcfe in the second quarter, as compared to $2.48 per Mcfe during the second quarter of 2025.",False,False
a4813d2276eab5dd671d,AR,ENERGY,ep,semantic.comparative,REVIEW_VALIDATION_FAILED,"REVENUE does not accept COUNT, PERCENT, PRICE; expected MONEY",7276f0c6c32e2d115458eaf4732fa972343b230d938baca9e80031f5bd49b517,"Net marketing expense was $0.04 per Mcfe during the second quarter of 2026, compared to $0.06 per Mcfe during the second quarter of 2025. 3 Operating Results Antero placed 26 Marcellus wells to sales during the second quarter with an average lateral length of 13,323 feet. 21 of these wells have been online for approximately 60 days with an average rate per well of 25 MMcfe/d, including 975 Bbl/d of liquids per well assuming 25% ethane recovery.",False,False
d7adfa06cb2ff643348c,AR,ENERGY,ep,semantic.comparative,REVIEW_AMBIGUOUS,No unique semantic-frame assignment,7276f0c6c32e2d115458eaf4732fa972343b230d938baca9e80031f5bd49b517,"The following table reconciles net income to Adjusted Net Income (in thousands): Three Months Ended June 30, 2025 2026 Net income and comprehensive income attributable to Antero Resources Corporation $ 156,585 278,657 Net income and comprehensive income attributable to noncontrolling interests 9,988 7,760 Unrealized commodity derivative gains (59,763 ) (26,412 ) Amortization of deferred revenue, VPP (6,298 ) (5,860 ) Loss (gain) on sale of assets 546 (14,616 ) Impairment of property and equipment 6,297 4,455 Equity-based compensation 15,855 13,266 Loss on early extinguishment of debt 729 — Equity in earnings of unconsolidated affiliate (30,563 ) (29,379 ) Contract termination and loss contingency 13,596 1,659 Transaction expense — 1,903 Tax effect of reconciling items (1) 13,021 12,094 119,993 243,527 Martica adjustments (2) (9,988 ) (7,760 ) Adjusted Net Income $ 110,005 235,767 Diluted Weighted Average Common Shares Outstanding 313,184 310,643 (1) Deferred taxes were approximately 22% for 2025 and 2026. (2) Adjustments reflect noncontrolling interests in Martica not otherwise adjusted in amounts above 4 Net Debt Net Debt is calculated as total debt less cash and cash equivalents.",False,False
8837d4aad0245ca3851d,CNX,ENERGY,ep,semantic.range_guidance,REVIEW_AMBIGUOUS,No unique semantic-frame assignment,ed75d0fbe78ec88793e503c4ab14d3c75b1a5e3c62d3e34998453728a9c52157,"See “Non-GAAP Financial Measures” for definitions. (3) Guidance for FCF includes approximately $45 million in expected asset sales in 2026 and approximately $30 million from the sale of 45Z tax credits for remediation activities in 2025. (4) Previous guidance for 2026 FCF per share based on shares outstanding of 141,477,594, as of 4/15/2026, plus 12.4 million net shares expected to be issued to settle the remaining CNX Convertible Notes.",False,False
0a2fd2633f7c826c54b1,DVN,ENERGY,ep,semantic.absolute,REVIEW_AMBIGUOUS,No unique semantic-frame assignment,f4b6e7e47aa2adeed74f41328f0008e1f9f4aa5c27d3777f8f54480832109ac8,"The company’s realized price during the period, including commodity hedges, was $88.09 per barrel of oil, $22.70, per barrel of NGL, and $1.05 per Mcf of natural gas.",True,False
e8b12984e3fa076cb232,DVN,ENERGY,ep,semantic.range_guidance,REVIEW_AMBIGUOUS,No unique semantic-frame assignment,f4b6e7e47aa2adeed74f41328f0008e1f9f4aa5c27d3777f8f54480832109ac8,"In the third quarter of 2026, total production is expected to average between 1,660,000 and 1,690,000 Boe per day and oil production is expected to average between 550,000 and 560,000 barrels per day.",True,False
cc8b9cb54a85295bbb0b,EQT,ENERGY,ep,semantic.range_guidance,REVIEW_AMBIGUOUS,No unique semantic-frame assignment,6eeb4516324955936c207037911c3a6543089102bac94868f3a8e37d7a07b2de,"Due to the sustained production outperformance resulting from our compression investments, we are raising 2026 production guidance by 90 Bcfe, while lowering our full-year CapEx guidance by $25 million.",False,True
f436ea9abc98ee70cef3,EQT,ENERGY,ep,semantic.absolute,REVIEW_AMBIGUOUS,No unique semantic-frame assignment,6eeb4516324955936c207037911c3a6543089102bac94868f3a8e37d7a07b2de,"As of June 30, 2026, total debt and net debt (1) were $5.7 billion and $5.5 billion, respectively, compared to $7.8 billion and $7.7 billion, respectively, as of December 31, 2025. (1) A non-GAAP financial measure.",False,True
862a514c9684aaaa695e,EQT,ENERGY,ep,semantic.range_guidance,REVIEW_VALIDATION_FAILED,REVENUE does not accept COUNT; expected MONEY,6eeb4516324955936c207037911c3a6543089102bac94868f3a8e37d7a07b2de,"Third Quarter 2026 Outlook The Company is raising its full-year 2026 total sales volume guidance to 2,375 – 2,450 Bcfe, reflecting strong performance to date.",False,True
7b23a10f07ed57752024,EQT,ENERGY,ep,semantic.range_guidance,REVIEW_AMBIGUOUS,No unique semantic-frame assignment,6eeb4516324955936c207037911c3a6543089102bac94868f3a8e37d7a07b2de,"The Company now expects its full-year 2026 maintenance capital expenditures to total $2,040 – $2,190 million, inclusive of $510 – $580 million in the third quarter of 2026.",False,True
3c356e5040f79b2fc59a,EQT,ENERGY,ep,semantic.comparative,REVIEW_AMBIGUOUS,No unique semantic-frame assignment,6eeb4516324955936c207037911c3a6543089102bac94868f3a8e37d7a07b2de,"June 30, 2026 December 31, 2025 (Thousands) Current portion of debt (a) $ 114,959 $ 507,119 Revolving credit facility borrowings (b) 324,000 360,000 Senior notes 5,216,755 6,933,209 Total debt 5,655,714 7,800,328 Deduct: Cash and cash equivalents (112,863) (110,795) Net debt $ 5,542,851 $ 7,689,533 (a) As of June 30, 2026, the current portion of debt included EQT Corporation's 7.75% debentures.",False,True
0122eddf920a0c568255,FANG,ENERGY,ep,semantic.comparative,REVIEW_AMBIGUOUS,No unique semantic-frame assignment,2b19a1f4d8e513a588e04b828f015de4e60f35cef9d4e4ad1fdd6280d5865db5,"Approximately $9.9 billion remains available for future repurchases under the program 1 NON-GAAP DISCLOSURES - For a definition of Operating Cash Flow Before Working Capital Changes, Free Cash Flow, Adjusted Free Cash Flow, Adjusted Net Income, Adjusted EBITDA, Adjusted Net Income per Diluted Share, Net Debt and reconciliations of such non-GAAP financial metrics to their respective most directly comparable GAAP metrics, please see “Non-GAAP Financial Measures” below. 2 Implies a 2.2% annualized yield.",True,False
79399f015238d58cc1e3,FANG,ENERGY,ep,semantic.absolute,REVIEW_VALIDATION_FAILED,SHARES does not accept MONEY; expected COUNT,2b19a1f4d8e513a588e04b828f015de4e60f35cef9d4e4ad1fdd6280d5865db5,"Diluted earnings per share using the two-class method is calculated as (i) net income attributable to Diamondback Energy, Inc., (ii) less the reallocation of $11 million in earnings attributable to participating securities, (iii) divided by diluted weighted average common shares outstanding for the respective periods.",True,False
494b715fa47461a976e8,FANG,ENERGY,ep,semantic.absolute,REVIEW_VALIDATION_FAILED,SHARES does not accept MONEY; expected COUNT,2b19a1f4d8e513a588e04b828f015de4e60f35cef9d4e4ad1fdd6280d5865db5,"Diluted earnings per share using the two-class method is calculated as (i) net income attributable to Diamondback Energy, Inc., (ii) less the reallocation of $11 million in earnings attributable to participating securities, (iii) divided by diluted weighted average common shares outstanding for the respective periods.",True,False
cfb0e8c7f66b3dd53424,MGY,ENERGY,ep,semantic.change_by,REVIEW_VALIDATION_FAILED,SHARES_CHANGE does not accept quantity kind PERCENT,8ad80bbf7fdeb3aa99406b7883839fcc005385c593c56c14e8d763746d48aba0,Diluted weighted average total shares outstanding decreased by 4% to 184.6 million (2) compared to second quarter 2025.,False,True
475168f3d1ea0359b658,MGY,ENERGY,ep,semantic.comparative,REVIEW_VALIDATION_FAILED,PRODUCTION does not accept MONEY; expected COUNT,8ad80bbf7fdeb3aa99406b7883839fcc005385c593c56c14e8d763746d48aba0,"Second quarter 2026 net income, adjusted net income, and earnings per diluted share all more than doubled compared to the prior-year second quarter and primarily due to higher oil and NGL prices and growth in our overall production volumes. • Adjusted EBITDAX (1) was $370.3 million during the second quarter of 2026.",False,True
ca49ec9ce627d9928ff2,MGY,ENERGY,ep,semantic.change_to,REVIEW_AMBIGUOUS,No unique semantic-frame assignment,8ad80bbf7fdeb3aa99406b7883839fcc005385c593c56c14e8d763746d48aba0,"Magnolia generated operating income as a percentage of revenue (pre-tax margins) of 50% during the second quarter. • Total Company production volumes in the second quarter of 2026 grew by 8% on a year-over-year basis to 106.1 thousand barrels of oil equivalent per day (“Mboe/d”) and included 41.9 thousand barrels of oil per day (“Mbbls/d”) which grew by 5% compared to the prior year period, exceeding earlier guidance and due to continued strong well performance.",False,True
165b676a6978be74384d,MGY,ENERGY,ep,semantic.range_guidance,REVIEW_AMBIGUOUS,No unique semantic-frame assignment,8ad80bbf7fdeb3aa99406b7883839fcc005385c593c56c14e8d763746d48aba0,"Stronger than expected overall oil and gas production totaling 106.1 thousand barrels of oil equivalent per day and oil production of 41.9 thousand barrels of oil per day further supported our quarterly financial results and enabled us to increase Magnolia’s standalone full-year 2026 production growth guidance to 6 percent from 5 percent. “As we announced last month, the acquisition of the WildFire oil and gas properties and acreage is a natural and strategic fit and makes our business better by extending our runway of advantaged profitability and significant free cash flow generation.",False,True
9be229f8496a26c2ca8f,MGY,ENERGY,ep,semantic.cause_effect,REVIEW_AMBIGUOUS,No unique semantic-frame assignment,8ad80bbf7fdeb3aa99406b7883839fcc005385c593c56c14e8d763746d48aba0,"Total production in Giddings increased by 10 percent in the second quarter, compared to the prior year period with Giddings oil production growing by 7 percent year-over-year, and driven by continued strong well performance.",False,True
94b17e7ba0a7bf64641c,MGY,ENERGY,ep,semantic.composition,REVIEW_AMBIGUOUS,No unique semantic-frame assignment,8ad80bbf7fdeb3aa99406b7883839fcc005385c593c56c14e8d763746d48aba0,"The following table presents a reconciliation of net income to adjusted EBITDAX, our most directly comparable financial measure, calculated and presented in accordance with GAAP: For the Quarters Ended (In thousands) June 30, 2026 June 30, 2025 NET INCOME $ 181,776 $ 81,028 Interest expense, net 6,720 5,604 Income tax expense 50,626 20,938 EBIT 239,122 107,570 Depreciation, depletion and amortization 116,516 107,082 Asset retirement obligations accretion 1,862 1,563 EBITDA 357,500 216,215 Exploration expenses 213 363 EBITDAX 357,713 216,578 Non-cash stock based compensation expense 9,401 6,781 Transaction related costs 3,200 — Other income adjustment (1) — (130) Adjusted EBITDAX $ 370,314 $ 223,229 (1) The quarter ended June 30, 2025 includes a negative adjustment of $2.7 million related to a gain on revaluation of contingent consideration and a positive adjustment of $2.5 million related to a loss on sale of other assets. 9 Magnolia Oil & Gas Corporation Non-GAAP Financial Measures Reconciliation of net income to adjusted net income Our presentation of adjusted net income is a non-GAAP measures because it excludes the effect of certain items included in net income.",False,True
34b189e01f5f9239d2f3,MGY,ENERGY,ep,semantic.comparative,REVIEW_AMBIGUOUS,No unique semantic-frame assignment,8ad80bbf7fdeb3aa99406b7883839fcc005385c593c56c14e8d763746d48aba0,"For the Quarter Ended June 30, 2026 Per Share Diluted EPS (In thousands, except per share data) NET INCOME ATTRIBUTABLE TO CLASS A COMMON STOCK $ 181,776 Dividends and net income allocated to participating securities (2,442) Net income, net of participating securities $ 179,334 $ 0.97 Adjustments: Dividends and net income allocated to participating securities $ 2,442 0.01 Transaction related costs 3,200 0.02 Change in estimated income tax (1) (672) — ADJUSTED NET INCOME 184,304 Adjusted dividends and net income allocated to participating securities (2,476) (0.01) Adjusted net income, net of participating securities $ 181,828 $ 0.99 (1) Represents corporate income taxes at an assumed annual effective tax rate of 21.0% for the quarter ended June 30, 2026. 11 Magnolia Oil & Gas Corporation Non-GAAP Financial Measures Reconciliation of revenue to adjusted cash operating margin and operating income margin Our presentation of adjusted operating income margin, adjusted cash operating margin and total adjusted cash operating costs are supplemental non-GAAP financial measures that are used by management.",False,True
8a26c7b00c610e5f4fec,MTDR,ENERGY,ep,semantic.range_guidance,REVIEW_AMBIGUOUS,No unique semantic-frame assignment,270a1a120133c1a4acae1536278ca9630dfc39f257111ed65829f88d52e27db5,Matador anticipates flow on the Hugh Brinson earlier than previously expected by the end of the third quarter of 2026 and estimates that it will be able to add approximately $90 million annually in increased natural gas revenue for each $0.50 per MMBtu increase it is able to achieve in its average realized natural gas price.,False,True
ace7963da7f13baeb7a3,MTDR,ENERGY,ep,semantic.change_to,REVIEW_AMBIGUOUS,No unique semantic-frame assignment,270a1a120133c1a4acae1536278ca9630dfc39f257111ed65829f88d52e27db5,"Matador is now expecting to increase the number of wells turned to sales in 2026, pushing net lateral footage turned to sales higher for the year and increasing full year production guidance. “The increased positive outlook for 2026 also will result in accelerated activities and, combined with capital associated with the recent acquisitions discussed earlier, Matador now expects its full-year 2026 drilling, completing and equipping (“D/C/E”) capital expenditures to be in the $1.48 to $1.56 billion range and midstream capital expenditures in the $145 to $165 million range.",False,True
52335b7461a11b2726c5,MTDR,ENERGY,ep,semantic.cause_effect,REVIEW_AMBIGUOUS,No unique semantic-frame assignment,270a1a120133c1a4acae1536278ca9630dfc39f257111ed65829f88d52e27db5,"For a definition of adjusted net income, adjusted earnings per diluted common share, Adjusted EBITDA and adjusted free cash flow and reconciliations of such non-GAAP financial metrics to their comparable GAAP metrics, please see “Supplemental Non-GAAP Financial Measures” below. 4 Full-Year 2026 Guidance Update Effective August 5, 2026, Matador increased its full-year 2026 guidance range for oil, natural gas and total BOE production as set forth in the table below.",False,True
f292894823b41df8bfd1,MTDR,ENERGY,ep,semantic.range_guidance,REVIEW_VALIDATION_FAILED,PRODUCTION does not accept PERCENT; expected COUNT,270a1a120133c1a4acae1536278ca9630dfc39f257111ed65829f88d52e27db5,"Excluding the impact of these accretive acquisitions, Matador expects to achieve organic oil production growth of 6% year-over-year as compared to its original expectations of 3% growth.",False,True
eb14723925bd2be6d83b,MTDR,ENERGY,ep,semantic.range_guidance,REVIEW_AMBIGUOUS,No unique semantic-frame assignment,270a1a120133c1a4acae1536278ca9630dfc39f257111ed65829f88d52e27db5,"As noted previously, Matador is adjusting the midpoint of its 2026 D/C/E capital expenditure guidance from $1.395 billion in May 2026 to $1.52 billion and the midpoint of its 2026 midstream capital expenditure guidance from $105 million in May 2026 to $155 million.",False,True
994c47fd83a9db9e16c7,MTDR,ENERGY,ep,semantic.range_guidance,REVIEW_AMBIGUOUS,No unique semantic-frame assignment,270a1a120133c1a4acae1536278ca9630dfc39f257111ed65829f88d52e27db5,"Notably, Matador has not made any revisions to its 2026 drilling and completion costs per foot estimates, which remain at $785 to $805 per completed lateral foot. 5 Operational and Financial Update Second Quarter 2026 Oil, Natural Gas and Total BOE Production As summarized in the table below, Matador’s total BOE production averaged 215,631 BOE per day in the second quarter of 2026, which was a 3% year-over-year increase from an average of 209,013 BOE per day in the second quarter of 2025 and 3% better than the midpoint of Matador’s expected second quarter production guidance of 209,000 BOE per day.",False,True
07ac10ca25fd1217a3be,MTDR,ENERGY,ep,semantic.range_guidance,REVIEW_VALIDATION_FAILED,PRODUCTION does not accept PERCENT; expected COUNT,270a1a120133c1a4acae1536278ca9630dfc39f257111ed65829f88d52e27db5,"Production Q2 2026 Average Daily Volume Q2 2026 Guidance Range Difference YoY (1) Total, BOE per day 215,631 206,000 to 212,000 +3% Better than Guidance +3% Oil, Bbl per day 126,106 123,000 to 125,000 +2% Better than Guidance +3% Natural Gas, MMcf per day 537.1 498.0 to 522.0 +5% Better than Guidance +4% (1) Represents year-over-year percentage change from the second quarter of 2025.",False,True
dced0ce8579d42edecef,MTDR,ENERGY,ep,semantic.range_guidance,REVIEW_AMBIGUOUS,No unique semantic-frame assignment,270a1a120133c1a4acae1536278ca9630dfc39f257111ed65829f88d52e27db5,"The Company expects sequential production growth of approximately 5% to 6% in the fourth quarter of 2026, primarily as a result of the Paloma and Ridge Runner acquisitions, which are expected to contribute approximately 10,000 BOE per day (57% oil) in the fourth quarter.",False,True
f9b2f3581480cfef27d1,MTDR,ENERGY,ep,semantic.range_guidance,REVIEW_AMBIGUOUS,No unique semantic-frame assignment,270a1a120133c1a4acae1536278ca9630dfc39f257111ed65829f88d52e27db5,"Q2 and Q3 2026 Production Comparison Period Average Daily Total Production, BOE per day Average Daily Oil Production, Bbl per day Average Daily Natural Gas Production, MMcf per day % Oil Q2 2026 215,631 126,106 537.1 58% Q3 2026E 222,000 to 226,000 128,500 to 130,500 561.0 to 573.0 58% Third Quarter 2026 Estimated Wells Turned to Sales At August 5, 2026, Matador expects to turn to sales 30 to 33 net operated horizontal wells in the Delaware Basin during the third quarter of 2026, including 11.3 net wells near acreage acquired in the May 2026 Federal lease sale.",False,True
b5a1d4031d4ad52ba62b,MTDR,ENERGY,ep,semantic.absolute,REVIEW_AMBIGUOUS,No unique semantic-frame assignment,270a1a120133c1a4acae1536278ca9630dfc39f257111ed65829f88d52e27db5,"Such amounts reflect revenues from sales of purchased natural gas of $41.2 million, $80.8 million and $67.9 million less expenses of $(38.9) million, $42.3 million and $35.9 million in the second quarter of 2026, the first quarter of 2026 and the second quarter of 2025, respectively. (5) Attributable to Matador Resources Company shareholders. (6) Adjusted net income is a non-GAAP financial measure.",False,True
2acad3ceeb6c5525659a,MTDR,ENERGY,ep,semantic.absolute,REVIEW_VALIDATION_FAILED,ADJUSTED_EBITDA does not accept PERCENT; expected MONEY,270a1a120133c1a4acae1536278ca9630dfc39f257111ed65829f88d52e27db5,"For a definition of Adjusted EBITDA and a reconciliation of Adjusted EBITDA (non-GAAP) to net income (GAAP) and net cash provided by operating activities (GAAP), please see “Supplemental Non-GAAP Financial Measures.” (9) As reported for each period on a consolidated basis, including 100% of San Mateo’s net cash provided by operating activities. (10) Adjusted free cash flow is a non-GAAP financial measure.",False,True
38772f246c6447fce531,PR,ENERGY,ep,semantic.cause_effect,REVIEW_AMBIGUOUS,No unique semantic-frame assignment,eed9ca00e5cda46bf123cf19926dacf68cada64c9407dd83239bf09f480c0885,"Our team executed a targeted response to higher oil prices, increasing capital expenditures to focus on high-return, rapid payback projects such as workovers,” said Will Hickey, Co-CEO of Permian Resources. “Additionally, the success of our ground game increased working interest in both second quarter and full year TILs, which allows us to increase production in the near-term while utilizing the same drilling rigs and completion crews.",False,True
d2949d57637d895ec318,PR,ENERGY,ep,semantic.comparative,REVIEW_VALIDATION_FAILED,PRODUCTION does not accept PERCENT; expected COUNT,eed9ca00e5cda46bf123cf19926dacf68cada64c9407dd83239bf09f480c0885,"Oil production during the quarter was driven higher primarily by successful ground game efforts which led to a 7% increase in the average working interest for second quarter completions, compared to the Company's original expectations.",False,True
9b986b0aafd48fb0c60a,PR,ENERGY,ep,semantic.cause_effect,REVIEW_AMBIGUOUS,No unique semantic-frame assignment,eed9ca00e5cda46bf123cf19926dacf68cada64c9407dd83239bf09f480c0885,"The increase in full year production guidance is primarily driven by higher working interest associated with recent ground game activity, increased workover activity and production from the Ward County bolt-on.",False,True
10994a2563800c1e84c3,PR,ENERGY,ep,semantic.rate,REVIEW_VALIDATION_FAILED,DEBT does not accept RATE; expected MONEY,eed9ca00e5cda46bf123cf19926dacf68cada64c9407dd83239bf09f480c0885,"Net debt-to-LQA EBITDAX 1 at June 30, 2026, was 0.5x.",False,True
27fbedc99c9f277e0deb,PR,ENERGY,ep,semantic.comparative,REVIEW_AMBIGUOUS,No unique semantic-frame assignment,eed9ca00e5cda46bf123cf19926dacf68cada64c9407dd83239bf09f480c0885,"The following table presents a reconciliation of net debt to total debt, net and the calculation of net debt-to-LQA EBITDAX for the period presented: ($ in thousands) June 30, 2026 Total debt, net $ 2,993,050 Unamortized debt discount, premium and issuance costs on senior notes 31,950 Total debt 3,025,000 Less: cash and cash equivalents (131,722) Net debt (Non-GAAP) 2,893,278 LQA EBITDAX (1) $ 5,374,084 Net debt-to-LQA EBITDAX 0.5 x (1) Represents adjusted EBITDAX (defined and reconciled in the section above) for the three months ended June 30, 2026, on an annualized basis.",False,True
07f66002fdcf209e16c6,PR,ENERGY,ep,semantic.range_guidance,REVIEW_AMBIGUOUS,No unique semantic-frame assignment,eed9ca00e5cda46bf123cf19926dacf68cada64c9407dd83239bf09f480c0885,"Accordingly, the following table presents a reconciliation of adjusted operating cash flow and adjusted free cash flow to net cash provided by operating activities, which is the most directly comparable financial measure calculated and presented in accordance with GAAP: Three Months Ended June 30, (in thousands, except per share data) 2026 2025 Net cash provided by operating activities $ 1,505,688 $ 1,038,696 Changes in working capital: Accounts receivable (1,067) (9,283) Prepaid and other assets 31,155 (5,639) Accounts payable and other liabilities (263,587) (206,789) Estimated tax distribution to noncontrolling interest owners (1) — (160) Adjusted operating cash flow 1,272,189 816,825 Less: total cash capital expenditures (521,434) (504,996) Adjusted free cash flow $ 750,755 $ 311,829 Adjusted diluted weighted average shares outstanding 855,243 845,075 (1) Reflects estimated future distributions to noncontrolling interest owners based upon current federal and state income tax expense recognized during the period and expected to be paid by the partnership.",False,True
da1596982cbd06886667,RRC,ENERGY,ep,semantic.absolute,REVIEW_AMBIGUOUS,No unique semantic-frame assignment,b91e3f9c80f9dd1c8b52bb3db4db81ce610f18aeb13c68e1b514c638ab0c4840,"Second Quarter 2026 Results GAAP revenues and other income for second quarter 2026 totaled $834 million, GAAP net cash provided from operating activities (including changes in working capital) was $235 million, and GAAP net income was $195 million ($0.83 per diluted share).",False,True
edc019b866c713a1cfb4,RRC,ENERGY,ep,semantic.range_guidance,REVIEW_VALIDATION_FAILED,PRODUCTION does not accept MONEY; expected COUNT,b91e3f9c80f9dd1c8b52bb3db4db81ce610f18aeb13c68e1b514c638ab0c4840,"The following table details Range’s average production and realized pricing for second quarter 2026 (a) : 2Q26 Production & Realized Pricing Natural Gas (mcf) Oil (bbl) NGLs (bbl) Natural Gas Equivalent (mcfe) Net production per day 1,548,871 6,475 118,113 2,296,399 Average NYMEX price $ 2.89 $ 93.58 $ 25.61 Differential, including basis hedging (0.47) (9.62) 3.49 Realized prices before NYMEX hedges 2.42 83.96 29.10 3.37 Settled NYMEX hedges 0.36 (17.50) (0.67) 0.16 Average realized prices after hedges $ 2.79 $ 66.45 $ 28.44 $ 3.53 (a) Totals may not add due to rounding.",False,True
8ae105905e2679639ff6,RRC,ENERGY,ep,semantic.range_guidance,REVIEW_VALIDATION_FAILED,REVENUE does not accept COUNT; expected MONEY,b91e3f9c80f9dd1c8b52bb3db4db81ce610f18aeb13c68e1b514c638ab0c4840,"During the quarter, Range drilled ~190,000 lateral feet across 11 wells, while turning to sales ~300,000 feet across 21 wells.",False,True
d7477bf9ab125dc5545c,RRC,ENERGY,ep,semantic.absolute,REVIEW_VALIDATION_FAILED,PRODUCTION does not accept MONEY; expected COUNT,b91e3f9c80f9dd1c8b52bb3db4db81ce610f18aeb13c68e1b514c638ab0c4840,Wells TIL 1H 2026 Remaining 2026 Planned Wells TIL in 2026 Liquids Rich 31 19 50 Dry Gas 7 11 18 Total Appalachia 38 30 68 Guidance – 2026 Capital & Production Guidance Range’s 2026 all-in capital budget is $650 million - $700 million.,False,True
2ea96f69375e864130ed,SM,ENERGY,ep,semantic.comparative,REVIEW_AMBIGUOUS,No unique semantic-frame assignment,157694c553d3096eb48e2f15be93f0316bb051bb9559843cdec649831533db20,"Our team is focused on disciplined execution – turning scale and asset quality into growing, durable returns for stockholders.” Second Quarter 2026 Review • Production of approximately 440 MBoe/d, including approximately 230 MBbl/d of oil, with an average realized price of $53.86 per Boe, before hedges.",False,True
5c7f42c048735781e62f,SM,ENERGY,ep,semantic.range_guidance,REVIEW_AMBIGUOUS,No unique semantic-frame assignment,157694c553d3096eb48e2f15be93f0316bb051bb9559843cdec649831533db20,"Second-quarter volumes include approximately 12 MBoe/d from the recently divested South Texas assets, or one month of production prior to the April 30, 2026 sale. • Recognized an estimated $262 million gain on the South Texas Divestiture. • Year-to-date transaction and integration costs are $172 million compared to full-year guidance of $180 million; the substantial majority of one-time costs have now been incurred. • Other operating income included an approximate $70 million severance tax refund.",False,True
aa69fc3af41b52f3a26c,SM,ENERGY,ep,semantic.range_guidance,REVIEW_AMBIGUOUS,No unique semantic-frame assignment,157694c553d3096eb48e2f15be93f0316bb051bb9559843cdec649831533db20,"Guidance • SM raised its second-half production outlook to 435–440 MBoe/d, including approximately 238 MBbl/d of oil, from 430 MBoe/d, and narrowed its full-year production guidance to 418–423 MBoe/d (223–225 MBbl/d of oil). • SM reaffirmed its full-year capital guidance. • See the table below for detailed third quarter and full-year guidance. 2 The following table summarizes SM’s third quarter and full-year 2026 operational and financial guidance.",False,True
136e40582ffa6d2ae217,SM,ENERGY,ep,semantic.range_guidance,REVIEW_AMBIGUOUS,No unique semantic-frame assignment,157694c553d3096eb48e2f15be93f0316bb051bb9559843cdec649831533db20,"FY26 capital expenditures before changes in accruals include ~$50 million of expected synergies. 3 Includes one-time, non-recurring capital costs related to Merger integration and the South Texas Divestiture. 4 Company-wide average 2026 expected well cost and includes well connection/equipment costs. 5 FY26 recurring G&A guidance includes ~$35 million of stock-based compensation. 6 The majority of one-time integration and transaction costs (both cash and non-cash) were incurred in 1H26. 3 Webcast Details SM plans to host a conference call and webcast at 8 a.m.",False,True
4eb9e13b8237d43a68af,SM,ENERGY,ep,semantic.comparative,REVIEW_AMBIGUOUS,No unique semantic-frame assignment,157694c553d3096eb48e2f15be93f0316bb051bb9559843cdec649831533db20,"Forward-looking statements in this release include, among other things, the Company’s 2026 plans and strategic objectives; the Company’s intention to redeem in full its 2027 Senior Notes; future return of capital plans; expectations regarding increased scale; integration objectives and synergy targets, including the expected timing and magnitude; plans to achieve the Company’s $1.0 billion-plus divestiture target; assumptions and projections for the third quarter, second half, and full year 2026 regarding guidance for total production and oil production; the Company’s capital plan, including total capital expenditures; drilling, completion and equipment costs; facility, land and other costs; one-time capital costs; Company average cost per lateral foot; certain operating expenses, including lease operating expense, transportation, production and ad valorem taxes; DD&A; general and administrative expense; and certain other costs, including exploration expense and cash taxes.",False,True
05eb8632e07a6c89b4c1,SM,ENERGY,ep,semantic.cause_effect,REVIEW_AMBIGUOUS,No unique semantic-frame assignment,157694c553d3096eb48e2f15be93f0316bb051bb9559843cdec649831533db20,"The Company believes this metric is useful to management and the investment community to understand the effects of net commodity derivative settlements on average realized price. 2 Amounts and percentage changes may not calculate due to rounding. 3 The results for the three months ended March 31, 2026, include only two months of production from the Civitas assets acquired on January 30, 2026.",False,True
23a2cc1c33dc9dac7408,SM,ENERGY,ep,semantic.comparative,REVIEW_AMBIGUOUS,No unique semantic-frame assignment,157694c553d3096eb48e2f15be93f0316bb051bb9559843cdec649831533db20,"Reconciliation of Total Principal Amount of Debt to Net Debt 1 (in millions) June 30, 2026 Principal amount of Senior Notes 2 $ 6,873 Revolving credit facility 2 — Total principal amount of debt (GAAP) 6,873 Less: Cash and cash equivalents 620 Net Debt (non-GAAP) $ 6,253 1 See ""Definitions of Non-GAAP Measures and Metrics as Calculated by the Company"" above. 2 Amounts as of June 30, 2026, are from Note 6 - Long-Term Debt in Part I, Item 1 of the Company's Form 10-Q. 15",False,True
530c8418cd8fdc6e27ad,CVX,ENERGY,integrated,semantic.absolute,REVIEW_VALIDATION_FAILED,PRODUCTION does not accept MONEY; expected COUNT,819b11a4b37d18f1e54768f9b972921e1467186913143508f651b5982aaec93d,"This includes $1.4 billion in favorable timing effects 1 . • Production in the second quarter of 2026 was 20 percent higher than second quarter last year largely due to the contribution from legacy Hess assets, and growth in the Permian Basin and Gulf of America. • U.",False,False
53f079804990b7cf6a42,CVX,ENERGY,integrated,semantic.change_to,REVIEW_AMBIGUOUS,No unique semantic-frame assignment,819b11a4b37d18f1e54768f9b972921e1467186913143508f651b5982aaec93d,"S. production with higher commodity prices, increased cash distributions from Tengizchevroil LLP, and favorable working capital effects. • Capex in the second quarter of 2026 was higher than last year largely due to spend on legacy Hess assets, partially offset by lower spend in the Permian Basin. • Total debt was reduced by a record $8.4 billion in the quarter, further strengthening Chevron’s balance sheet and reinforcing the company’s ability to fund the long-term investment needed to deliver reliable energy for decades to come. • Achieved $1.5 billion of Hess-related annual run-rate synergies ahead of schedule, exceeding the initial target by 50 percent. • Achieved $3 billion of annual run-rate structural cost reductions since 2024, as part of a program that aims to reduce structural costs by $3-4 billion by the end of 2026. • The company’s Board of Directors declared a quarterly dividend of one dollar and seventy-eight cents ($1.78) per share, payable September 10, 2026, to all holders of common stock as shown on the transfer records of the corporation at the close of business on August 19, 2026.",False,False
e601d02682c366b1302e,CVX,ENERGY,integrated,semantic.comparative,REVIEW_AMBIGUOUS,No unique semantic-frame assignment,819b11a4b37d18f1e54768f9b972921e1467186913143508f651b5982aaec93d,"S. upstream earnings were higher primarily due to higher liquids realizations and sales volumes, partly offset by higher depreciation, depletion and amortization, lower natural gas realizations, and the absence of a prior year asset sale gain. • Net oil-equivalent production during the quarter was up 382,000 barrels per day from the year-ago period, achieving a new quarterly production record.",False,False
a206204ee6ead688d2a6,CVX,ENERGY,integrated,semantic.cause_effect,REVIEW_AMBIGUOUS,No unique semantic-frame assignment,819b11a4b37d18f1e54768f9b972921e1467186913143508f651b5982aaec93d,"S. downstream earnings were higher than the year-ago period primarily due to higher margins on refined product sales and higher earnings from the 50 percent-owned affiliate, Chevron Phillips Chemical Company LLC. • Refinery crude unit inputs increased 2 percent from the year-ago period as refineries operated reliably at record levels near capacity. • Refined product sales decreased 4 percent compared to the year-ago period due to lower demand for gasoline.",False,False
f6f6410ebff4bc3ddbd9,MPC,ENERGY,refining,semantic.range_guidance,REVIEW_AMBIGUOUS,No unique semantic-frame assignment,b6de481d4e041c891b7d666e444fdec9f044f74ff12a0ad8a0c0220a002f2e52,"Reports Second-Quarter 2026 Results • Second-quarter net income attributable to MPC of $5.1 billion, or $17.73 per diluted share • $8.5 billion of adjusted EBITDA, with strong commercial and operational performance across the system • Executing value-enhancing capital strategy; El Paso and Robinson yield-enhancing investments online in 2Q26, extending the competitive position of these refining assets • Advancing MPLX Natural Gas and NGL value chain growth strategy, expected to support 12.5% annual distribution growth in 2026 and 2027 • $2.8 billion of capital returned, reflecting strong cash generation and disciplined execution of our capital allocation priorities FINDLAY, Ohio, Aug 4, 2026 – Marathon Petroleum Corp. (NYSE: MPC) today reported net income attributable to MPC of $5.1 billion, or $17.73 per diluted share, for the second quarter of 2026 .",True,False
9abaf0eb4841fab4b989,MPC,ENERGY,refining,semantic.comparative,REVIEW_VALIDATION_FAILED,ADJUSTED_EBITDA does not accept PRICE; expected MONEY,b6de481d4e041c891b7d666e444fdec9f044f74ff12a0ad8a0c0220a002f2e52,"R&M segment adjusted EBITDA was $24.84 per barrel for the second quarter of 2026, versus $6.79 per barrel for the second quarter of 2025.",True,False
c5ea95deb1897d821fe0,MPC,ENERGY,refining,semantic.range_guidance,REVIEW_AMBIGUOUS,No unique semantic-frame assignment,b6de481d4e041c891b7d666e444fdec9f044f74ff12a0ad8a0c0220a002f2e52,"Investment Details Expected In-Service Garyville Jet Flexibility Increases flexibility to maximize higher value jet fuel production to meet growing demand 1Q26 – Completed El Paso Yield Improvement Upgrades fluid catalytic cracker (FCC) and alkylation units to drive volume expansion 2Q26 – Completed Robinson Product Flexibility Increases flexibility to maximize higher value jet fuel production to meet growing demand 2Q26 – Completed Galveston Bay Distillate Hydrotreater 90 mbpd hydrotreater, increasing supply of high-value ULSD to domestic and export markets YE27 Garyville Feedstock Optimization Further optimizes feedstock slate and increases crude throughput by 30 mbpd YE27 Garyville Product Export Flexibility Increases yield flexibility to produce an incremental 10 mbpd of export premium gasoline and lowers costs YE27 MPLX Strategic Update MPLX is increasing its 2026 growth capital spending outlook by $500 million, to $2.9 billion, primarily reflecting the accelerated execution of the Gulf Coast fractionation project to meet global demand for U.",True,False
df6902c1bfd312a0a578,PSX,ENERGY,refining,semantic.change_by,REVIEW_AMBIGUOUS,No unique semantic-frame assignment,5ed7cefada744e8a6f8ea2d0b7feffd6d9bdb8859cd62cb47fa9b00ec6584d1c,"Document Exhibit 99.1 • Reported second-quarter earnings of $3.8 billion or $9.55 per share; adjusted earnings of $3.8 billion or $9.41 per share • Decreased total debt by $6.6 billion to $20.6 billion; net debt reduced to $16.5 billion • Achieved record NGL fractionation volumes and LPG export volumes • Delivered strong Refining utilization of 96% and clean product yield of 86% • Earned industry recognition for 2025 exemplary safety performance in Midstream, Refining and Chemicals HOUSTON, August 5, 2026 – Phillips 66 (NYSE: PSX) announced second-quarter earnings. “Second quarter results reflect the strength of our operations and value of our integrated portfolio,” said Mark Lashier, chairman and CEO of Phillips 66. “We remain committed to our strategic priorities and continuous improvement.",False,False
d8e7e32aa1dbab56845d,PSX,ENERGY,refining,semantic.range_guidance,REVIEW_AMBIGUOUS,No unique semantic-frame assignment,5ed7cefada744e8a6f8ea2d0b7feffd6d9bdb8859cd62cb47fa9b00ec6584d1c,"We remain committed to creating value for our stakeholders through disciplined capital investment, dividends, share repurchases and debt reduction.” B usiness Highlights • Achieved full production at Dos Picos II, a 220 million cubic feet per day (“MMCFD”) gas plant in the Permian Basin. • Announced the construction of the 300 MMCFD Zeus Gas Plant in the Permian Basin and a 100 thousand barrels per day (“MBD”) Coastal Bend NGL Fractionator in Corpus Christi. • Completed successful turnarounds at the Wood River and Humber refineries. • Chevron Phillips Chemical Company LLC (“CPChem”) progressed the Golden Triangle Polymers Project in Orange, Texas, and Ras Laffan Polymers Project in Qatar, with full operations expected in 2027.",False,False
45d8a65b004769206162,PSX,ENERGY,refining,semantic.comparative,REVIEW_AMBIGUOUS,No unique semantic-frame assignment,5ed7cefada744e8a6f8ea2d0b7feffd6d9bdb8859cd62cb47fa9b00ec6584d1c,"Financial Results Summary (in millions of dollars, except as indicated) 2Q 2026 1Q 2026 Earnings $ 3,847 207 Adjusted Earnings 1 3,788 200 Adjusted EBITDA 1 5,891 1,230 Earnings Per Share Earnings Per Share - Diluted 9.55 0.51 Adjusted Earnings Per Share - Diluted 1 9.41 0.49 Cash Flow from (Used in) Operations 7,259 (2,264) Cash Flow from Operations, Excluding Working Capital 1 4,317 699 Capital Expenditures & Investments 726 582 Acquisitions, Net of Cash Acquired 113 66 Proceeds from Asset Dispositions 64 7 Return of Capital to Shareholders 887 778 Repurchases of Common stock 379 269 Dividends paid on Common stock 508 509 Cash and Cash Equivalents 4,099 5,150 Debt 20,565 27,124 Net Debt 1 16,466 21,974 Debt-to-Capital Ratio 39% 48% Net Debt-to-Capital Ratio 1 33% 43% 1 Represents a non-GAAP financial measure.",False,False
8ab09df3e6f7041e20dd,KMI,ENERGY,midstream,semantic.absolute,REVIEW_AMBIGUOUS,No unique semantic-frame assignment,48f165a9f322dc33c5afd30166da31d85b032b97e65dbbce6db6ce10ffdcb3a6,"Adjusted Net Income Attributable to KMI, which excludes Certain Items, was $821 million, 33% higher than the second quarter of 2025. • Adjusted EBITDA of $2,199 million was also a record for the second quarter and was up 12% versus the second quarter of 2025. • Earnings per share (EPS) of $0.39, up 22% versus the second quarter of 2025, and Adjusted EPS of $0.37, up 32% versus the second quarter of 2025. “Our fee-based business model, strategically located network of assets, and portfolio of long-term contracts with financially strong customers continue to support stable and predictable cash flows,” Executive Chairman Richard D.",True,False
4993d4ca7e3766e52dc3,KMI,ENERGY,midstream,semantic.absolute,REVIEW_AMBIGUOUS,No unique semantic-frame assignment,48f165a9f322dc33c5afd30166da31d85b032b97e65dbbce6db6ce10ffdcb3a6,"Dang continued, “In the second quarter, we continued to internally fund high-quality capital projects while generating cash flow from operations of $2 billion and free cash flow (FCF), which is after capital expenditures, of $1 billion.",True,False
4da3f16ac16247d4977e,KMI,ENERGY,midstream,semantic.comparative,REVIEW_AMBIGUOUS,No unique semantic-frame assignment,48f165a9f322dc33c5afd30166da31d85b032b97e65dbbce6db6ce10ffdcb3a6,"These revenue-generating expansion projects now join our strong base business, adding to our unparalleled network of pipeline and storage assets. “As a result of placing those large projects into service, our project backlog at the end of the second quarter of 2026 was $9.6 billion, down $500 million from the first quarter of 2026, although the board today provided contingent approval on almost $400 million in projects that are not yet in the backlog.",True,False
fde743ebe09b6d997180,KMI,ENERGY,midstream,semantic.composition,REVIEW_VALIDATION_FAILED,BACKLOG does not accept PERCENT; expected MONEY,48f165a9f322dc33c5afd30166da31d85b032b97e65dbbce6db6ce10ffdcb3a6,"Natural gas projects account for approximately 92% of our project backlog, and more than 60% of the backlog is associated with projects supporting power generation and local distribution company demand.",True,False
56ab6a7e0995ab865330,KMI,ENERGY,midstream,semantic.comparative,REVIEW_AMBIGUOUS,No unique semantic-frame assignment,48f165a9f322dc33c5afd30166da31d85b032b97e65dbbce6db6ce10ffdcb3a6,"We expect the remaining $8.5 billion of projects in the backlog, when realized, to generate an aggregate first-full-year Project EBITDA multiple of approximately 5.6 times.” 2026 Outlook For 2026, KMI budgeted net income attributable to KMI of $3.1 billion, Adjusted EPS of $1.36, declared dividends of $1.19 per share, Adjusted EBITDA of $8.6 billion, and year-end Net Debt-to-Adjusted EBITDA of 3.8 times.",True,False
0787a2cf3507a4005011,KMI,ENERGY,midstream,semantic.range_guidance,REVIEW_VALIDATION_FAILED,ADJUSTED_EBITDA does not accept PERCENT; expected MONEY,48f165a9f322dc33c5afd30166da31d85b032b97e65dbbce6db6ce10ffdcb3a6,"Based on results through the second quarter, KMI currently expects to be more than 5% favorable to budget on an Adjusted EBITDA basis and more than 12% favorable to budget on Adjusted EPS for the year.",True,False
a88a3d41a19867087a90,KMI,ENERGY,midstream,semantic.change_to,REVIEW_VALIDATION_FAILED,DELIVERIES does not accept PERCENT; expected COUNT,48f165a9f322dc33c5afd30166da31d85b032b97e65dbbce6db6ce10ffdcb3a6,"Overview of Business Segments “The Natural Gas Pipelines business segment’s financial performance was up in the second quarter of 2026 relative to the second quarter of 2025, on higher contributions from our Texas Intrastate system and our gathering assets,” KMI President Dax Sanders said. “Natural gas transport volumes were up 7% compared to the second quarter of 2025, primarily due to LNG deliveries on TGP, increased demand for services on our Texas Intrastate system, and increased exports to Mexico as well as higher power generation demand in Arizona on El Paso Natural Gas Pipeline. “Natural gas gathering volumes were up 26% from the second quarter of 2025 across our assets, with our KinderHawk system experiencing the largest growth. “Contributions from the Products Pipelines business segment were up compared to the second quarter of 2025 due primarily to higher commodity prices. “Total refined products volumes were down 5% compared to the second quarter of 2025 due to temporary West Coast supply disruptions, as well as a higher commodity price environment over the quarter.",True,False
204807870eea93c4cb91,KMI,ENERGY,midstream,semantic.comparative,REVIEW_VALIDATION_FAILED,ADJUSTED_EBITDA does not accept PERCENT; expected MONEY,48f165a9f322dc33c5afd30166da31d85b032b97e65dbbce6db6ce10ffdcb3a6,"Table 2 Kinder Morgan, Inc. and Subsidiaries Preliminary Net Income Attributable to Kinder Morgan, Inc. to Adjusted Net Income Attributable to Kinder Morgan, Inc., to Adjusted Net Income Attributable to Common Stock and to Adjusted EBITDA Reconciliations (In millions, unaudited) Three Months Ended June 30, % change Six Months Ended June 30, % change 2026 2025 2026 2025 Net income attributable to Kinder Morgan, Inc.",True,False
c137476833a0ea3660f6,KMI,ENERGY,midstream,semantic.comparative,REVIEW_AMBIGUOUS,No unique semantic-frame assignment,48f165a9f322dc33c5afd30166da31d85b032b97e65dbbce6db6ce10ffdcb3a6,"$ 3,467 $ 3,056 Total Certain Items (3) (69) (157) DD&A 2,480 2,453 Income tax expense (4) 982 834 Interest, net (4) 1,741 1,788 Amounts associated with joint ventures Unconsolidated JV DD&A (5) 372 391 Less: Consolidated JV partners' DD&A (62) (63) Unconsolidated JV income tax expense 89 89 Adjusted EBITDA $ 9,000 $ 8,391 Net Debt-to-Adjusted EBITDA 3.6 3.8 Notes (1) Amounts calculated as total debt, less (i) cash and cash equivalents; (ii) debt fair value adjustments; and (ii) the foreign exchange impact on our Euro denominated debt of $28 million and $44 million as of June 30, 2026 and December 31, 2025, respectively, as we have entered into swaps to convert that debt to U.",True,False
b66cc3dd492916923b90,WMB,ENERGY,midstream,semantic.change_to,REVIEW_AMBIGUOUS,No unique semantic-frame assignment,5064730630ab8de72500a60461a0449c20d6acd204313f8eb32a155f44d26e03,"Second-quarter Adjusted EBITDA increased 6% year-over-year to $1.921 billion, 1 driven by transmission and Gulf Coast expansions, higher natural gas storage revenues and strong gathering performance across our footprint.” “Our Power Innovation platform continues to ramp up as customers look for fast, reliable and scalable solutions to meet growing power demand.",False,False
8cd1ed4740c5a342466a,WMB,ENERGY,midstream,semantic.absolute,REVIEW_AMBIGUOUS,No unique semantic-frame assignment,5064730630ab8de72500a60461a0449c20d6acd204313f8eb32a155f44d26e03,"Debt is net of cash on hand and, for 2026, $777 million of cash purchases of certain reimbursable long-lead Power Innovation equipment, and Adjusted EBITDA reflects the sum of the last four quarters. (3) Capital investments include increases to property, plant, and equipment (growth & maintenance), purchases of and contributions to equity-method investments and purchases of other long-term investments. (4) Second quarter and year-to-date 2026 capital investments exclude $188 million and $170 million, respectively, of certain reimbursable long-lead Power Innovation equipment.",False,False
2d0f19008c14b2f91a13,WMB,ENERGY,midstream,semantic.cause_effect,REVIEW_AMBIGUOUS,No unique semantic-frame assignment,5064730630ab8de72500a60461a0449c20d6acd204313f8eb32a155f44d26e03,"Both comparative periods benefited from: • Higher service revenues of $111 million and $314 million, respectively, driven by projects placed in service, new Gulf volumes, higher storage revenues, and higher gathering volumes including acquisitions in the West, while Transco’s higher net rates also benefited the year-to-date period. • Higher gas marketing margins. • Higher equity earnings driven by Blue Racer Midstream and Appalachia Midstream. • A net gain of $126 million from the June 2026 sale of the Brazos Permian II equity-method investment.",False,False
a9947143790827633db0,WMB,ENERGY,midstream,semantic.change_to,REVIEW_AMBIGUOUS,No unique semantic-frame assignment,5064730630ab8de72500a60461a0449c20d6acd204313f8eb32a155f44d26e03,"Non-GAAP Measures Second-quarter and year-to-date 2026 Adjusted EBITDA increased by $113 million and $378 million, respectively, over the prior year driven by the previously described increases in service revenues and gas marketing margins, partially offset by higher operating and administrative expenses.",False,False
659a0619e120bf4bc340,WMB,ENERGY,midstream,semantic.range_guidance,REVIEW_AMBIGUOUS,No unique semantic-frame assignment,5064730630ab8de72500a60461a0449c20d6acd204313f8eb32a155f44d26e03,Davis Polk & Wardwell is serving as Williams’ legal counsel on the transaction. 2026 Financial Guidance The company now expects 2026 Adjusted EBITDA of $8.3 billion to $8.5 billion and growth capex between $7.3 billion and $7.9 billion.,False,False
f347b234505ef5b931a1,WMB,ENERGY,midstream,semantic.rate,REVIEW_VALIDATION_FAILED,ADJUSTED_EBITDA does not accept RATE; expected MONEY,5064730630ab8de72500a60461a0449c20d6acd204313f8eb32a155f44d26e03,"Including the pro-forma impact of Adjusted EBITDA from the Momentum acquisition for the last four quarters, Williams' updated leverage ratio midpoint for 2026 is now approximately 3.75x.",False,False
3582384c7127055a2206,EPD,ENERGY,midstream,semantic.change_to,REVIEW_VALIDATION_FAILED,"OPERATING_MARGIN does not accept MONEY; expected PERCENT, BASIS_POINTS",fe844e8d0e6b44aeee72e0b6c17d3b27f99a0cf9f867689eb77892d37b0b9b50,Review of Second Quarter 2026 Results Total gross operating margin for the second quarter of 2026 increased $514 million to a record $3.0 billion compared to the second quarter of 2025.,False,False
9ae9710afe055ca4c8a8,EPD,ENERGY,midstream,semantic.comparative,REVIEW_VALIDATION_FAILED,"OPERATING_MARGIN does not accept MONEY; expected PERCENT, BASIS_POINTS",fe844e8d0e6b44aeee72e0b6c17d3b27f99a0cf9f867689eb77892d37b0b9b50,NGL Pipelines & Services – Gross operating margin from the NGL Pipelines & Services segment was $1.5 billion for the second quarter of 2026 compared to $1.3 billion for the second quarter of 2025.,False,False
ea74bc73701a48211d60,EPD,ENERGY,midstream,semantic.comparative,REVIEW_VALIDATION_FAILED,"OPERATING_MARGIN does not accept MONEY; expected PERCENT, BASIS_POINTS",fe844e8d0e6b44aeee72e0b6c17d3b27f99a0cf9f867689eb77892d37b0b9b50,Gross operating margin from the natural gas processing business and related NGL marketing activities was $512 million for the second quarter of 2026 compared to $341 million for the second quarter of 2025.,False,False
a1a2fac2a1aab4e51e5e,EPD,ENERGY,midstream,semantic.comparative,REVIEW_AMBIGUOUS,No unique semantic-frame assignment,fe844e8d0e6b44aeee72e0b6c17d3b27f99a0cf9f867689eb77892d37b0b9b50,"The following highlights summarize selected variances within this business, with results for the second quarter of 2026 as compared to the second quarter of 2025: • NGL marketing reported an $83 million increase in gross operating margin driven by higher average sales margin of $51 million, higher MTM earnings of $19 million and higher sales volumes of $13 million. • Midland Basin natural gas processing facilities reported a $47 million increase in gross operating margin primarily due to higher average processing margins, which includes a $38 million increase attributable to hedging activities, and increased volumes.",False,False
ab4840a17f8bbe28061c,EPD,ENERGY,midstream,semantic.comparative,REVIEW_AMBIGUOUS,No unique semantic-frame assignment,fe844e8d0e6b44aeee72e0b6c17d3b27f99a0cf9f867689eb77892d37b0b9b50,"Fee-based natural gas processing volumes increased 218 MMcf/d and equity NGL-equivalent production volumes increased 10 MBPD. 2 • Delaware Basin natural gas processing facilities reported a net $36 million increase in gross operating margin primarily due to higher average processing margins and increased volumes, partially offset by higher operating costs.",False,False
6b633cc73414ff83a5f0,EPD,ENERGY,midstream,semantic.comparative,REVIEW_VALIDATION_FAILED,"OPERATING_MARGIN does not accept MONEY; expected PERCENT, BASIS_POINTS",fe844e8d0e6b44aeee72e0b6c17d3b27f99a0cf9f867689eb77892d37b0b9b50,Gross operating margin from the NGL pipelines and storage business was $757 million for the second quarter of 2026 compared to $732 million for the second quarter of 2025.,False,False
c55985752c7abcb260d1,EPD,ENERGY,midstream,semantic.change_to,REVIEW_VALIDATION_FAILED,"OPERATING_MARGIN does not accept MONEY; expected PERCENT, BASIS_POINTS",fe844e8d0e6b44aeee72e0b6c17d3b27f99a0cf9f867689eb77892d37b0b9b50,"The following summarizes the variance for this business, with results for the second quarter of 2026 as compared to the second quarter of 2025: • Gross operating margin from the Morgan's Point, Neches River and Enterprise Hydrocarbons terminals and the associated Channel pipeline increased $35 million primarily driven by higher volumes, including the completion of the second phase of the Neches River Terminal in May 2026.",False,False
92c4e046488aa6fa3c35,EPD,ENERGY,midstream,semantic.comparative,REVIEW_VALIDATION_FAILED,"OPERATING_MARGIN does not accept MONEY; expected PERCENT, BASIS_POINTS",fe844e8d0e6b44aeee72e0b6c17d3b27f99a0cf9f867689eb77892d37b0b9b50,Gross operating margin from the NGL fractionation business was a record $276 million for the second quarter of 2026 compared to $224 million for the second quarter of 2025.,False,False
6ddda40583fc7ee58c02,EPD,ENERGY,midstream,semantic.change_to,REVIEW_AMBIGUOUS,No unique semantic-frame assignment,fe844e8d0e6b44aeee72e0b6c17d3b27f99a0cf9f867689eb77892d37b0b9b50,"The following summarizes the variance for this business, with results for the second quarter of 2026 as compared to the second quarter of 2025: • Gross operating margin from our Mont Belvieu area NGL fractionation complex increased $54 million primarily due to a 207 MBPD increase in fractionation volumes and higher ancillary service revenues, partially offset by higher operating costs.",False,False
6ba4aaba1f3610c99ba8,EPD,ENERGY,midstream,semantic.comparative,REVIEW_VALIDATION_FAILED,"OPERATING_MARGIN does not accept MONEY; expected PERCENT, BASIS_POINTS",fe844e8d0e6b44aeee72e0b6c17d3b27f99a0cf9f867689eb77892d37b0b9b50,Crude Oil Pipelines & Services – Gross operating margin from the Crude Oil Pipelines & Services segment was $485 million for the second quarter of 2026 compared to $403 million for the second quarter of 2025.,False,False
0fc223c17f071c43b146,EPD,ENERGY,midstream,semantic.comparative,REVIEW_AMBIGUOUS,No unique semantic-frame assignment,fe844e8d0e6b44aeee72e0b6c17d3b27f99a0cf9f867689eb77892d37b0b9b50,"The following highlights summarize selected variances within this segment, with results for the second quarter of 2026 as compared to the second quarter of 2025: • On a combined basis, gross operating margin from our Texas crude oil pipelines, related terminals and marketing activities (excluding the Seaway Pipeline) increased $69 million primarily due to higher average sales margins and sales volumes, partially offset by higher operating costs.",False,False
f88f6eeb2c3094e6a3ae,EPD,ENERGY,midstream,semantic.comparative,REVIEW_VALIDATION_FAILED,"OPERATING_MARGIN does not accept MONEY; expected PERCENT, BASIS_POINTS",fe844e8d0e6b44aeee72e0b6c17d3b27f99a0cf9f867689eb77892d37b0b9b50,Natural Gas Pipelines & Services – Gross operating margin for the Natural Gas Pipelines & Services segment was a record $556 million for the second quarter of 2026 compared to $417 million for the second quarter of 2025.,False,False
333074241fe662805c34,EPD,ENERGY,midstream,semantic.change_to,REVIEW_AMBIGUOUS,No unique semantic-frame assignment,fe844e8d0e6b44aeee72e0b6c17d3b27f99a0cf9f867689eb77892d37b0b9b50,"The following highlights summarize selected variances within this segment, with results for the second quarter of 2026 as compared to the second quarter of 2025: • Natural gas marketing reported a $91 million increase in gross operating margin primarily due to $60 million of higher average sales margins and $31 million of higher MTM earnings. • Texas Intrastate System gross operating margin increased $32 million primarily due to higher average transportation and related fees and increased pipeline volumes. • On a combined basis, gross operating margin from our Delaware Basin Gathering System and Midland Basin Gathering System increased a net $13 million primarily due to higher gathering volumes partially offset by higher operating costs. 3 Petrochemical & Refined Products Services – Gross operating margin for the Petrochemical & Refined Products Services segment was $418 million for the second quarter of 2026 compared to $354 million for the second quarter of 2025.",False,False
20fc75cc17e9943b5e03,EPD,ENERGY,midstream,semantic.comparative,REVIEW_AMBIGUOUS,No unique semantic-frame assignment,fe844e8d0e6b44aeee72e0b6c17d3b27f99a0cf9f867689eb77892d37b0b9b50,"The following highlights summarize selected variances within this segment, with results for the second quarter of 2026 as compared to the second quarter of 2025: • The partnership’s ethylene business reported a $23 million increase in gross operating margin primarily due to a 20 MBPD increase in export volumes, and higher sales and pipeline volumes. • Propylene production and related activities reported a net $19 million increase in gross operating margin primarily due to record propylene production volumes, which resulted in higher propylene sales volumes, and higher average propylene sales margins, partially offset by higher operating costs. • Gross operating margin from our octane enhancement and related plant operations increased $8 million due to higher average sales margins and higher MTM earnings.",False,False
43404cfe5dffe87e7786,EPD,ENERGY,midstream,semantic.comparative,REVIEW_VALIDATION_FAILED,PRODUCTION does not accept PRICE; expected COUNT,fe844e8d0e6b44aeee72e0b6c17d3b27f99a0cf9f867689eb77892d37b0b9b50,"The weighted-average indicative market price for NGLs (based on prices for such products at Mont Belvieu, Texas, which is the primary industry hub for domestic NGL production) was $0.68 per gallon during the second quarter of 2026 versus $0.58 per gallon during the second quarter of 2025.",False,False
471cc73a494a998f8a67,EPD,ENERGY,midstream,semantic.cause_effect,REVIEW_AMBIGUOUS,No unique semantic-frame assignment,fe844e8d0e6b44aeee72e0b6c17d3b27f99a0cf9f867689eb77892d37b0b9b50,"Since Adjusted EBITDA excludes some, but not all, items that affect net income or loss and because these measures may vary among other companies, the Adjusted EBITDA data presented in this press release may not be comparable to similarly titled measures of other companies.",False,False
9625252f40abf68fa2f5,SLB,ENERGY,services,semantic.comparative,REVIEW_VALIDATION_FAILED,PRODUCTION does not accept MONEY; expected COUNT,7fd2d687a795796f187b9ebc0cf8c35f254140f51e3a552ee662e2f56012092f,"EX-99.1 Exhibit 99.1 News Release SLB Announces Agreement to Acquire ChampionX in an All-Stock Transaction  Acquisition strengthens SLB as a leader in production space, with world-class production chemicals and artificial lift technologies  Combined portfolios will drive customer value through deep industry expertise and digital integration, as well as enhanced equipment life and production optimization  ChampionX shareholders to receive 0.735 SLB shares for each share of ChampionX  Annual pre-tax synergies to reach approximately $400 million within three years  SLB will increase its total returns to shareholders to a target of $3 billion in 2024; sets target for returns to shareholders of $4 billion in 2025 HOUSTON, April 2, 2024  SLB (NYSE: SLB) and ChampionX Corporation (NASDAQ: CHX) today announced a definitive agreement for SLB to purchase ChampionX in an all-stock transaction.",False,False
384d834b927589d8eb49,HAL,ENERGY,services,semantic.comparative,REVIEW_AMBIGUOUS,No unique semantic-frame assignment,dcf8f2ab1e3ad65c8614af1110af263e7be40c6c9c34abc2a2ac9647bd5545e6,Live Master ER Document Exhibit 99.1 HALLIBURTON ANNOUNCES SECOND QUARTER 2026 RESULTS • Net income of $0.64 per diluted share. • Adjusted net income per diluted share 1 of $0.55 . • Revenue of $5.7 billion and operating margin of 14% . • Adjusted operating margin 2 of 12% . • Cash flow from operations of $824 million and free cash flow 3 of $668 million . • Approximately $200 million of share repurchases.,False,False
9af2a4c942c223e302b0,HAL,ENERGY,services,semantic.comparative,REVIEW_AMBIGUOUS,No unique semantic-frame assignment,dcf8f2ab1e3ad65c8614af1110af263e7be40c6c9c34abc2a2ac9647bd5545e6,"Operating Segments Completion and Production Completion and Production revenue in the second quarter of 2026 was $3.2 billion , an increase of $186 million , or 6% sequentially, while operating income was $474 million , an increase of $35 million , or 8% sequentially .",False,False
aa8d4eea3374965076dd,HAL,ENERGY,services,semantic.comparative,REVIEW_AMBIGUOUS,No unique semantic-frame assignment,dcf8f2ab1e3ad65c8614af1110af263e7be40c6c9c34abc2a2ac9647bd5545e6,"Drilling and Evaluation Drilling and Evaluation revenue in the second quarter of 2026 was $2.5 billion , an increase of $126 million , or 5% sequentially, while operating income was $338 million , a decrease of $13 million , or 4% sequentially .",False,False
59ec35fb5ea5868eb0a2,BKR,ENERGY,services,semantic.range_guidance,REVIEW_AMBIGUOUS,No unique semantic-frame assignment,97c5692979509c020b1fa80d65b02f2429fbb3c354ac0b35dee91d8b1ea45982,"Looking ahead, favorable underlying fundamentals support our confidence in achieving the midpoint of our full-year guidance as we continue to manage through the Middle East uncertainty."" ""IET delivered another exceptional quarter of orders, with record bookings doubling year-over-year to $7.1 billion and backlog increasing 19% to a new all-time high.",True,False
bce5aa7f6aa0522bc496,BKR,ENERGY,services,semantic.absolute,REVIEW_AMBIGUOUS,No unique semantic-frame assignment,97c5692979509c020b1fa80d65b02f2429fbb3c354ac0b35dee91d8b1ea45982,"Consolidated Financial Results Revenue for the quarter was $6,742 million , an increase of $155 million, or 2% sequentially, and down $168 million, or 2% year-over-year.",True,False
7f05155eefe0bec1a248,BKR,ENERGY,services,semantic.absolute,REVIEW_AMBIGUOUS,No unique semantic-frame assignment,97c5692979509c020b1fa80d65b02f2429fbb3c354ac0b35dee91d8b1ea45982,"Adjusted EBITDA (a non-GAAP financial measure) for the second quarter of 2026 was $1,231 million , which excludes adjustments totaling $60 million.",True,False
91946bd4c81e8f9c1940,BKR,ENERGY,services,semantic.absolute,REVIEW_AMBIGUOUS,No unique semantic-frame assignment,97c5692979509c020b1fa80d65b02f2429fbb3c354ac0b35dee91d8b1ea45982,"See Table 1a in the section titled ""Reconciliation of GAAP to non-GAAP Financial Measures."" Adjusted EBITDA for the second quarter was up $73 million, or 6% sequentially, and up $19 million, or 2% year-over-year.",True,False
c2c1f336b3b99eb41ee7,BKR,ENERGY,services,semantic.absolute,REVIEW_AMBIGUOUS,No unique semantic-frame assignment,97c5692979509c020b1fa80d65b02f2429fbb3c354ac0b35dee91d8b1ea45982,"A reconciliation from GAAP has been provided in Table 1c in the section titled ""Reconciliation of GAAP to non-GAAP Financial Measures."" Capital expenditures, net of proceeds from disposal of assets, were $236 million for the second quarter of 2026, of which $135 million was for OFSE and $85 million was for IET. 5 Baker Hughes Company News Release Baker Hughes Company Announces Second-Quarter 2026 Results Results by Reporting Segment The following segment discussions and variance explanations are intended to reflect management's view of the relevant comparisons of financial results on a sequential or year-over-year basis, depending on the business dynamics of the reporting segments.",True,False
31556429790f632b76c6,BKR,ENERGY,services,semantic.absolute,REVIEW_AMBIGUOUS,No unique semantic-frame assignment,97c5692979509c020b1fa80d65b02f2429fbb3c354ac0b35dee91d8b1ea45982,"EBITDA margin is defined as EBITDA divided by revenue. ""F"" is used in the above table when variance is above 100%.",True,False
dc6c83d24d9ceadb1a72,BKR,ENERGY,services,semantic.change_by,REVIEW_VALIDATION_FAILED,ORDERS_CHANGE does not accept quantity kind PERCENT,97c5692979509c020b1fa80d65b02f2429fbb3c354ac0b35dee91d8b1ea45982,"OFSE orders of $3,413 million for the second quarter of 2026 increased by $141 million, or 4% sequentially.",True,False
5dfd52a616b43ac8df47,BKR,ENERGY,services,semantic.absolute,REVIEW_AMBIGUOUS,No unique semantic-frame assignment,97c5692979509c020b1fa80d65b02f2429fbb3c354ac0b35dee91d8b1ea45982,"Subsea and Surface Pressure Systems orders were $667 million, up $17 million, or 3% sequentially, and down $31 million, or 4% year-over-year.",True,False
81921a08c5c2fb8bf82a,BKR,ENERGY,services,semantic.absolute,REVIEW_AMBIGUOUS,No unique semantic-frame assignment,97c5692979509c020b1fa80d65b02f2429fbb3c354ac0b35dee91d8b1ea45982,"OFSE revenue of $3,451 million for the second quarter of 2026 was up $214 million, or 7% sequentially, and down $166 million , or 5% year-over-year.",True,False
f377618d8529e806c062,BKR,ENERGY,services,semantic.absolute,REVIEW_AMBIGUOUS,No unique semantic-frame assignment,97c5692979509c020b1fa80d65b02f2429fbb3c354ac0b35dee91d8b1ea45982,"The year-over-year decrease was driven mainly by the impact of the SPC disposition and disruptions in the Middle East, offset by the benefit of FX in Latin America. 6 Baker Hughes Company News Release Baker Hughes Company Announces Second-Quarter 2026 Results North America revenue was $933 million, up $5 million , or 1% sequentially.",True,False
bd4859001b698c74f615,BKR,ENERGY,services,semantic.absolute,REVIEW_AMBIGUOUS,No unique semantic-frame assignment,97c5692979509c020b1fa80d65b02f2429fbb3c354ac0b35dee91d8b1ea45982,"International revenue was $2,518 million, up $208 million, or 9% sequentially, with an increase in Latin America, Middle East/Asia, and Europe/CIS/Sub-Saharan Africa.",True,False
05b887b7e99bd8479490,BKR,ENERGY,services,semantic.absolute,REVIEW_AMBIGUOUS,No unique semantic-frame assignment,97c5692979509c020b1fa80d65b02f2429fbb3c354ac0b35dee91d8b1ea45982,"EBITDA margin is defined as EBITDA divided by revenue. ""F"" is used in the above table when variance is above 100%.",True,False
0c8b67da6c4823884b0b,BKR,ENERGY,services,semantic.change_by,REVIEW_VALIDATION_FAILED,ORDERS_CHANGE does not accept quantity kind PERCENT,97c5692979509c020b1fa80d65b02f2429fbb3c354ac0b35dee91d8b1ea45982,"IET orders of $7,088 million for the second quarter of 2026 increased by $3,558 million , or 101% year-over-year.",True,False
433946d6a0281f89e975,ETN,INDUSTRIALS,electrical_components,semantic.range_guidance,REVIEW_AMBIGUOUS,No unique semantic-frame assignment,5290124eaccea5abbe69fafb644f2a11d19bbc8f4ef7b029f7e4966b65bc2135,"The combined company expects to generate approximately $11 billion in pro forma revenue and $1.7 billion in pro forma estimated 2026 adjusted EBITDA (including run-rate synergies, which are expected to be fully realized within 24 months following closing).",False,True
deef89f13a77e3185aa3,GEV,INDUSTRIALS,heavy_electrical,semantic.comparative,REVIEW_AMBIGUOUS,No unique semantic-frame assignment,8129ff4c9f9b2ae902fc0280ab45b207e15d4fe917b9df6fb38b49a37b836502,"Power • Strong orders of $ 5.0 billion, up 24% organically from increased HA and Aeroderivative gas turbine equipment orders, and revenues of $ 4.0 billion increased + 6%, +4% organically*, led by higher Gas Power services. • Power secured orders for 8 HA gas units, including an order for 7HA.03 equipment from Louisville Gas and Electric Company and Kentucky Utilities Company, regulated subsidiaries of PPL Corp. (NYSE:PPL).",False,True
0a1697feeb2d3f00c643,GEV,INDUSTRIALS,heavy_electrical,semantic.comparative,REVIEW_AMBIGUOUS,No unique semantic-frame assignment,8129ff4c9f9b2ae902fc0280ab45b207e15d4fe917b9df6fb38b49a37b836502,"Wind • Orders of $ 1.1 billion, down (40)% organically as developers progress through siting and permitting, and revenues of $ 1.6 billion declined (6)%, (7)% organically*, from lower Onshore, partially offset by Offshore backlog execution. • Wind booked 0.6GW of wind turbine orders while continuing to implement selectivity, lean, and pricing.",False,True
b722515ce895a9bd642f,GEV,INDUSTRIALS,heavy_electrical,semantic.change_to,REVIEW_AMBIGUOUS,No unique semantic-frame assignment,8129ff4c9f9b2ae902fc0280ab45b207e15d4fe917b9df6fb38b49a37b836502,"Electrification • Orders of $ 3.6 billion, down (10)% organically with strong grid demand more than offset by a non-repeat of large High-Voltage Direct Current (HVDC) orders, and revenues of $ 1.7 billion grew + 24%, +21% organically*, due to growth in Grid Solutions. • Electrification awarded a consortium contract with MYTILINEOS to supply two HVDC converter stations for Eastern Green Link 1 in the United Kingdom. 1 Defined as remaining performance obligation (RPO) *Non-GAAP Financial Measure Company Highlights: • In the first quarter, GE Vernova experienced zero fatalities and demonstrated an Injury and Illness (I&I) rate of 0.37 2 , a 5.1% improvement versus the prior year period. • Invested $0.2 billion in capital expenditures versus $0.1 billion in the first quarter of 2023 to increase assembly capacity, supporting profitable growth. • Funded $0.2 billion in research and development (R&D) spending to advance and commercialize breakthrough energy transition technologies. • Hosted its 2024 Investor Day on March 6 and debuted its sustainability framework and lean operating system. ""With an encouraging start to the year, we are executing our financial strategy to deliver disciplined revenue growth with stronger profitability and free cash flow.",False,True
37821f5f0a5e8f0d9547,GEV,INDUSTRIALS,heavy_electrical,semantic.range_guidance,REVIEW_AMBIGUOUS,No unique semantic-frame assignment,8129ff4c9f9b2ae902fc0280ab45b207e15d4fe917b9df6fb38b49a37b836502,"We expect cash generation to improve meaningfully every quarter this year, in line with our typical seasonality,"" said GE Vernova CFO Ken Parks. “As we execute this strategy, we will focus on strategic capital allocation and remain committed to maintaining our investment-grade balance sheet.” Guidance: GE Vernova reaffirmed its 2024 financial guidance for revenue of $34-35 billion, adjusted EBITDA margin* at the high end of mid-single digits, cash from operating activities of $1.5-1.9 billion, and free cash flow* of $0.7-1.1 billion.",False,True
d5fae44171a39f20e7ff,GEV,INDUSTRIALS,heavy_electrical,semantic.range_guidance,REVIEW_VALIDATION_FAILED,REVENUE does not accept PERCENT; expected MONEY,8129ff4c9f9b2ae902fc0280ab45b207e15d4fe917b9df6fb38b49a37b836502,"Three months ended March 31 ADJUSTED NET INCOME AND ADJUSTED NET INCOME MARGIN (NON-GAAP) 2024 2023 V% Net income (loss) (GAAP) $(106) $(346) 69% Add: Restructuring and other charges(a) 148 110 Add: Purchases and sales of business interests(b) 5 — Add: Non-operating benefit income(c) (134) (139) Add: Tax effect of reconciling items (1) 3 Adjusted net income (Non-GAAP) $(88) $(373) 76% Net income (loss) margin (GAAP) (1.5) % (5.1) % 360bps Adjusted net income margin (Non-GAAP) (1.2) % (5.5) % 430bps (a) Consists of severance, facility closures, acquisition and disposition, and other charges associated with major restructuring programs. (b) Consists of gains and losses resulting from the purchases and sales of business interests and assets. (c) Primarily related to the expected return on plan assets, partially offset by interest cost.",False,True
de5efb639be3deb86c99,GEV,INDUSTRIALS,heavy_electrical,semantic.range_guidance,REVIEW_VALIDATION_FAILED,REVENUE does not accept PERCENT; expected MONEY,8129ff4c9f9b2ae902fc0280ab45b207e15d4fe917b9df6fb38b49a37b836502,"Three months ended March 31 ADJUSTED EARNINGS (LOSS) PER SHARE (NON-GAAP) 2024 2023 V% Earnings (loss) per share (GAAP) $(0.47) $(1.15) 59% Add: Restructuring and other charges(a) 0.54 0.40 Add: Purchases and sales of business interests(b) 0.02 — Add: Non-operating benefit income(c) (0.49) (0.51) Add: Tax effect of reconciling items — 0.01 Adjusted earnings (loss) per share (Non-GAAP)(d) $(0.41) $(1.25) 67% (a) Consists of severance, facility closures, acquisition and disposition, and other charges associated with major restructuring programs. (b) Consists of gains and losses resulting from the purchases and sales of business interests and assets. (c) Primarily related to the expected return on plan assets, partially offset by interest cost. (d) Adjusted earnings (loss) per share* amounts are computed independently, and thus, the sum of per-share amounts may not equal the total. *Non-GAAP Financial Measure Page 9 We believe that free cash flow* provides management and investors with an important measure of our ability to generate cash on a normalized basis.",False,True
fdbfe54831a65dd25be6,GEV,INDUSTRIALS,heavy_electrical,semantic.range_guidance,REVIEW_AMBIGUOUS,No unique semantic-frame assignment,8129ff4c9f9b2ae902fc0280ab45b207e15d4fe917b9df6fb38b49a37b836502,"Three months ended March 31 FREE CASH FLOW (NON-GAAP) 2024 2023 V% Cash from (used for) operating activities (GAAP) $(444) $(690) 36% Add: Gross additions to property, plant and equipment and internal-use software (217) (124) Free cash flow (Non-GAAP) $(661) $(814) 19% 2024 GUIDANCE: FREE CASH FLOW (NON-GAAP) For the years ended December 31 2024E Cash from (used for) operating activities (GAAP) $1,500-1,900 Add: gross additions to property, plant and equipment and internal-use software (800) Free cash flow (Non-GAAP) $700-1,100 2024 GUIDANCE: POWER SEGMENT ORGANIC EBITDA MARGIN (NON-GAAP) We cannot provide a reconciliation of the differences between non-GAAP expectations and the corresponding GAAP measure for organic EBITDA margin* expansion for the Power segment in the 2024 outlook without unreasonable effort due to the uncertainty of foreign exchange rates. *Non-GAAP Financial Measure Page 10 CAUTION CONCERNING FORWARD-LOOKING STATEMENTS Certain statements contained in this release and certain of our other public communications and SEC filings may constitute “forward-looking statements” that involve risks and uncertainties.",False,True
d0081e50d14a578868ba,CAT,INDUSTRIALS,construction_machinery,semantic.comparative,REVIEW_AMBIGUOUS,No unique semantic-frame assignment,2539b5761894163928553d200c8c219f97702cb454b97abccb3e2ff74a3dd1fd,"Strong order rates and a growing backlog reflect broadening momentum across all three of our primary segments.” Sales and revenues for the second quarter of 2026 were $20.5 billion, a 24% increase compared with $16.6 billion in the second quarter of 2025.",False,False
524c570d08ec6201cf36,CAT,INDUSTRIALS,construction_machinery,semantic.absolute,REVIEW_AMBIGUOUS,No unique semantic-frame assignment,2539b5761894163928553d200c8c219f97702cb454b97abccb3e2ff74a3dd1fd,The increase was primarily due to higher sales volume of $3.1 billion and favorable price realization of $595 million.,False,False
ea4708816fef6e103bde,CAT,INDUSTRIALS,construction_machinery,semantic.comparative,REVIEW_VALIDATION_FAILED,OPERATING_INCOME does not accept PERCENT; expected MONEY,2539b5761894163928553d200c8c219f97702cb454b97abccb3e2ff74a3dd1fd,"Operating profit margin was 20.9% for the second quarter of 2026, compared with 17.3% for the second quarter of 2025.",False,False
aaea6e8478202ea036e2,CAT,INDUSTRIALS,construction_machinery,semantic.comparative,REVIEW_VALIDATION_FAILED,OPERATING_INCOME does not accept PERCENT; expected MONEY,2539b5761894163928553d200c8c219f97702cb454b97abccb3e2ff74a3dd1fd,"Adjusted operating profit margin was 21.9% for the second quarter of 2026, compared with 17.6% for the second quarter of 2025.",False,False
e7bb54ad139b774056d8,CAT,INDUSTRIALS,construction_machinery,semantic.range_guidance,REVIEW_AMBIGUOUS,No unique semantic-frame assignment,2539b5761894163928553d200c8c219f97702cb454b97abccb3e2ff74a3dd1fd,"In the quarter, the company deployed $1.5 billion of cash for repurchases of Caterpillar common stock and $0.7 billion of cash for dividends. (more) 2 CONSOLIDATED RESULTS Consolidated Sales and Revenues The chart above graphically illustrates reasons for the change in consolidated sales and revenues between the second quarter of 2025 (at left) and the second quarter of 2026 (at right).",False,False
1f0cae40eb16b20b5543,CAT,INDUSTRIALS,construction_machinery,semantic.absolute,REVIEW_AMBIGUOUS,No unique semantic-frame assignment,2539b5761894163928553d200c8c219f97702cb454b97abccb3e2ff74a3dd1fd,"Total sales and revenues for the second quarter of 2026 were $20.543 billion, an increase of $3.974 billion, or 24%, compared with $16.569 billion in the second quarter of 2025.",False,False
b1473e64a4ff79c67007,CAT,INDUSTRIALS,construction_machinery,semantic.absolute,REVIEW_AMBIGUOUS,No unique semantic-frame assignment,2539b5761894163928553d200c8c219f97702cb454b97abccb3e2ff74a3dd1fd,The increase was primarily due to higher sales volume of $3.1 billion and favorable price realization of $595 million.,False,False
ae1719b7031201ab60cc,CAT,INDUSTRIALS,construction_machinery,semantic.cause_effect,REVIEW_AMBIGUOUS,No unique semantic-frame assignment,2539b5761894163928553d200c8c219f97702cb454b97abccb3e2ff74a3dd1fd,Higher sales volume was mainly driven by higher sales of equipment to end users.,False,False
22197b7642f3bef91b6a,CAT,INDUSTRIALS,construction_machinery,semantic.absolute,REVIEW_AMBIGUOUS,No unique semantic-frame assignment,2539b5761894163928553d200c8c219f97702cb454b97abccb3e2ff74a3dd1fd,"Operating profit for the second quarter of 2026 was $4.295 billion, an increase of $1.435 billion, or 50%, compared with $2.860 billion in the second quarter of 2025.",False,False
fc27ef8d676e509c9fb9,CAT,INDUSTRIALS,construction_machinery,semantic.absolute,REVIEW_AMBIGUOUS,No unique semantic-frame assignment,2539b5761894163928553d200c8c219f97702cb454b97abccb3e2ff74a3dd1fd,"The increase was primarily due to higher sales volume of $736 million, favorable price realization of $212 million and higher inter-segment sales of $200 million. • Power Generation – Sales increased in large reciprocating engines and in turbines and turbine-related services, primarily in data center applications. • Oil and Gas – Sales increased in reciprocating engines used in gas compression applications and in reciprocating engine aftermarket parts, partially offset by lower sales of reciprocating engines used in well servicing applications.",False,False
8eb8027ac0274fc611b6,CAT,INDUSTRIALS,construction_machinery,semantic.cause_effect,REVIEW_AMBIGUOUS,No unique semantic-frame assignment,2539b5761894163928553d200c8c219f97702cb454b97abccb3e2ff74a3dd1fd,Sales also increased in turbines and turbine-related services. • Industrial – Sales increased primarily in North America and EAME.,False,False
0a3ae29a56cf4f5dddd5,CAT,INDUSTRIALS,construction_machinery,semantic.absolute,REVIEW_AMBIGUOUS,No unique semantic-frame assignment,2539b5761894163928553d200c8c219f97702cb454b97abccb3e2ff74a3dd1fd,"The increase was mainly due to the profit impact of higher sales volume of $457 million and favorable price realization of $212 million, partially offset by unfavorable manufacturing costs of $149 million.",False,False
76d01ab6f01b254fbd39,CAT,INDUSTRIALS,construction_machinery,semantic.absolute,REVIEW_AMBIGUOUS,No unique semantic-frame assignment,2539b5761894163928553d200c8c219f97702cb454b97abccb3e2ff74a3dd1fd,The increase in sales was mainly due to higher sales volume of $1.8 billion and favorable price realization of $309 million.,False,False
c9384ff39963c7d80157,CAT,INDUSTRIALS,construction_machinery,semantic.cause_effect,REVIEW_AMBIGUOUS,No unique semantic-frame assignment,2539b5761894163928553d200c8c219f97702cb454b97abccb3e2ff74a3dd1fd,"Higher sales volume was primarily driven by higher sales of equipment to end users. • In North America, sales increased primarily due to higher sales volume and favorable price realization.",False,False
1f3bfbd3868bcd8e222d,CAT,INDUSTRIALS,construction_machinery,semantic.cause_effect,REVIEW_AMBIGUOUS,No unique semantic-frame assignment,2539b5761894163928553d200c8c219f97702cb454b97abccb3e2ff74a3dd1fd,Higher sales volume was mainly driven by higher sales of equipment to end users and by the impact from changes in dealer inventories. • Sales increased in Latin America mainly due to higher sales volume and favorable currency impacts primarily related to the Brazilian real.,False,False
5c0fade874b7e764e907,CAT,INDUSTRIALS,construction_machinery,semantic.cause_effect,REVIEW_AMBIGUOUS,No unique semantic-frame assignment,2539b5761894163928553d200c8c219f97702cb454b97abccb3e2ff74a3dd1fd,"Higher sales volume was mainly driven by higher sales of equipment to end users. • In EAME, sales increased primarily due to higher sales volume and favorable currency impacts mainly related to the euro.",False,False
725cef202b6c77685905,CAT,INDUSTRIALS,construction_machinery,semantic.cause_effect,REVIEW_AMBIGUOUS,No unique semantic-frame assignment,2539b5761894163928553d200c8c219f97702cb454b97abccb3e2ff74a3dd1fd,Higher sales volume was primarily driven by higher sales of equipment to end users. • Sales increased in Asia/Pacific mainly due to higher sales volume.,False,False
f77dd948a9ee1cc4863c,CAT,INDUSTRIALS,construction_machinery,semantic.cause_effect,REVIEW_AMBIGUOUS,No unique semantic-frame assignment,2539b5761894163928553d200c8c219f97702cb454b97abccb3e2ff74a3dd1fd,Higher sales volume was primarily driven by higher sales of equipment to end users.,False,False
6d12dff1e68aa1b2d443,CAT,INDUSTRIALS,construction_machinery,semantic.cause_effect,REVIEW_AMBIGUOUS,No unique semantic-frame assignment,2539b5761894163928553d200c8c219f97702cb454b97abccb3e2ff74a3dd1fd,"Higher sales volume was primarily driven by higher sales of equipment to end users. • Mining, Heavy Construction and Quarry & Aggregates – Sales increased primarily due to higher sales of equipment to end users. • Rail – Sales increased due to higher international locomotive deliveries.",False,False
5ee2c4133bd68451eb84,CAT,INDUSTRIALS,construction_machinery,semantic.absolute,REVIEW_AMBIGUOUS,No unique semantic-frame assignment,2539b5761894163928553d200c8c219f97702cb454b97abccb3e2ff74a3dd1fd,"The increase was mainly due to the profit impact of higher sales volume of $269 million, partially offset by unfavorable manufacturing costs of $158 million.",False,False
9b74256e4f7ec900067a,DE,INDUSTRIALS,agricultural_machinery,semantic.change_to,REVIEW_AMBIGUOUS,No unique semantic-frame assignment,54cb2eea9e7afd5e309227f8d1764c9fbaafd5a652e10b73c87a3baf05385ce2,"Worldwide net sales and revenues increased 5 percent, to $12.608 billion, for the third quarter of 2026 and rose 7 percent, to $35.589 billion, for nine months.",False,True
b346f3966db30a6788f4,DE,INDUSTRIALS,agricultural_machinery,semantic.absolute,REVIEW_AMBIGUOUS,No unique semantic-frame assignment,54cb2eea9e7afd5e309227f8d1764c9fbaafd5a652e10b73c87a3baf05385ce2,"Net sales were $10.999 billion for the quarter and $30.779 billion for nine months, compared with $10.357 billion and $28.338 billion last year, respectively. “Deere delivered a strong quarter, reflecting disciplined execution by our teams and continued resilience across our portfolio,” said John C.",False,True
3b4dd2ca05a1f7171e51,DE,INDUSTRIALS,agricultural_machinery,semantic.comparative,REVIEW_AMBIGUOUS,No unique semantic-frame assignment,54cb2eea9e7afd5e309227f8d1764c9fbaafd5a652e10b73c87a3baf05385ce2,"The tariff impact for each segment is primarily included in the “Production Costs” category below. ​ ​ ​ ​ ​ ​ ​ ​ ​ ​ Production & Precision Agriculture ​ Third Quarter ​ $ in millions ​ 2026 ​ 2025 ​ % Change ​ Net sales $ 3,998 $ 4,273 -6% ​ Operating profit ​ $ 527 ​ $ 580 ​ -9% ​ Operating margin ​ ​ 13.2% ​ ​ 13.6% ​ ​ ​ Production & Precision Agriculture sales decreased for the quarter as a result of lower shipment volumes, partially offset by favorable price realization and foreign currency translation.",False,True
6e5a9d4bf7f1a5dbc086,DE,INDUSTRIALS,agricultural_machinery,semantic.comparative,REVIEW_AMBIGUOUS,No unique semantic-frame assignment,54cb2eea9e7afd5e309227f8d1764c9fbaafd5a652e10b73c87a3baf05385ce2,"Production & Precision Agriculture Operating Profit Third Quarter 2026 Compared to Third Quarter 2025 $ in millions ​ ​ 5 ​ ​ ​ ​ ​ ​ ​ ​ ​ ​ Small Agriculture & Turf ​ Third Quarter ​ $ in millions ​ 2026 ​ 2025 ​ % Change ​ Net sales $ 3,383 $ 3,025 12% ​ Operating profit ​ $ 622 ​ $ 485 ​ 28% ​ Operating margin ​ ​ 18.4% ​ ​ 16.0% ​ ​ ​ Small Agriculture & Turf sales increased for the quarter as a result of higher shipment volumes and favorable price realization.",False,True
8cd79f8e0ca8fbe1da9c,DE,INDUSTRIALS,agricultural_machinery,semantic.comparative,REVIEW_AMBIGUOUS,No unique semantic-frame assignment,54cb2eea9e7afd5e309227f8d1764c9fbaafd5a652e10b73c87a3baf05385ce2,"Small Agriculture & Turf Operating Profit Third Quarter 2026 Compared to Third Quarter 2025 $ in millions ​ ​ 6 ​ ​ ​ ​ ​ ​ ​ ​ ​ ​ Construction & Forestry ​ Third Quarter ​ $ in millions ​ 2026 ​ 2025 ​ % Change ​ Net sales $ 3,618 $ 3,059 18% ​ Operating profit ​ $ 436 ​ $ 237 ​ 84% ​ Operating margin ​ ​ 12.1% ​ ​ 7.7% ​ ​ ​ Construction & Forestry sales increased for the quarter primarily as a result of higher shipment volumes and favorable price realization.",False,True
888e07599b16f57cee4e,DE,INDUSTRIALS,agricultural_machinery,semantic.absolute,REVIEW_AMBIGUOUS,No unique semantic-frame assignment,54cb2eea9e7afd5e309227f8d1764c9fbaafd5a652e10b73c87a3baf05385ce2,"Of this amount, $53 million was recorded in “Selling, administrative and general expenses” and $8 million in “Cost of sales.” The charge is presented in “Impairments and other adjustments” in the statements of consolidated cash flows.",False,True
c1e15caa86a3875beb93,ITW,INDUSTRIALS,industrial_machinery,semantic.change_to,REVIEW_AMBIGUOUS,No unique semantic-frame assignment,8668a266143199dbe971b08f67a232c9f75d7ebc25b67aad2cb78e51c7dc2796,"GAAP EPS grew 10.1 percent to $2.84, while operating income increased 7.4 percent to $1.15 billion, marking the most profitable quarter in the history of the company.",False,True
052f7ceb566f60f73909,GWW,INDUSTRIALS,trading_distributors,semantic.comparative,REVIEW_VALIDATION_FAILED,REVENUE does not accept PERCENT; expected MONEY,85c4a9128eaa60b7da82a676f1f44c7b352f9445d483558737c143dc977fbaa1,Revenue Sales in the quarter increased 10.3% compared to the second quarter of 2025.,False,True
8c75379318debebfc3df,GWW,INDUSTRIALS,trading_distributors,semantic.comparative,REVIEW_VALIDATION_FAILED,REVENUE does not accept PERCENT; expected MONEY,85c4a9128eaa60b7da82a676f1f44c7b352f9445d483558737c143dc977fbaa1,"K. market and the impact of foreign currency exchange, sales on a daily, organic constant currency basis increased 13.7% compared to the second quarter of 2025.",False,True
efbfccade7a2c09b76a7,GWW,INDUSTRIALS,trading_distributors,semantic.comparative,REVIEW_VALIDATION_FAILED,REVENUE does not accept PERCENT; expected MONEY,85c4a9128eaa60b7da82a676f1f44c7b352f9445d483558737c143dc977fbaa1,"A. segment, sales were up 11.9%, or 11.7% on a daily, constant currency basis compared to the second quarter of 2025.",False,True
c3f0e2e472a641a828d0,GWW,INDUSTRIALS,trading_distributors,semantic.comparative,REVIEW_VALIDATION_FAILED,REVENUE does not accept PERCENT; expected MONEY,85c4a9128eaa60b7da82a676f1f44c7b352f9445d483558737c143dc977fbaa1,"In the Endless Assortment segment, sales were up 13.5% compared to the second quarter of 2025, or up 20.6% on a daily, organic constant curre ncy basis.",False,True
ab45604804002be187c5,GWW,INDUSTRIALS,trading_distributors,semantic.cause_effect,REVIEW_AMBIGUOUS,No unique semantic-frame assignment,85c4a9128eaa60b7da82a676f1f44c7b352f9445d483558737c143dc977fbaa1,"This increase in operating margin was driven by gross margin improvement in both segments, sales leverage improvement in Endless Assortment, and a benefit related to the Company's exit from the U.",False,True
5987e4a9c679e591a689,CTAS,INDUSTRIALS,diversified_support,semantic.absolute,REVIEW_VALIDATION_FAILED,REVENUE does not accept PERCENT; expected MONEY,9a2981c210436ae5fa0a33470c64863bf31e085a851f2b83e4abae86d63c648d,"The organic revenue growth rate for the third quarter of fiscal 2026, which adjusts for the impacts of acquisitions and foreign currency exchange rate fluctuations, was 8.2%.",True,False
f751e9e4b8c46e4f11a1,ADT,INDUSTRIALS,security_alarm,semantic.cause_effect,REVIEW_AMBIGUOUS,No unique semantic-frame assignment,1050ac690c08c8aa9440ffb9459d8e9b7eb17721e0bbdde8d45637da3d027dd6,"The increase was primarily driven by higher security installation, product, and other revenue due to an increase in the mix of professionally installed systems under the outright sales model.",True,False
0b3d2cddd1e7303f660a,VRSK,INDUSTRIALS,research_consulting,semantic.comparative,REVIEW_AMBIGUOUS,No unique semantic-frame assignment,8ceeb9a265166b86e18122f387d36f8109e31fc8c706f2eb0b0a4c522f151daa,"In the second quarter 2026, we grew revenue 5.8% on an OCC basis with 8.0% underlying subscription growth and delivered 7.4% OCC adjusted EBITDA growth and healthy margins.",True,False
18f61d97f80803c3c814,UPS,INDUSTRIALS,air_freight_logistics,semantic.comparative,REVIEW_AMBIGUOUS,No unique semantic-frame assignment,1cc4c7098f4c324c6d117a3b142f020a7c800602933ee885bb2247434522fb64,Document Exhibit 99.1 UPS RELEASES 2Q 2026 EARNINGS Delivered Year-over-year Consolidated Revenue and Non-GAAP Adjusted * Operating Profit Growth; Expanded Non-GAAP Adjusted Operating Margin • Consolidated Revenues of $22.8B • Consolidated Operating Margin of 4.1%; Non-GAAP Adj.,True,False
7bdfd4b6f22fddc2d600,UPS,INDUSTRIALS,air_freight_logistics,semantic.range_guidance,REVIEW_AMBIGUOUS,No unique semantic-frame assignment,1cc4c7098f4c324c6d117a3b142f020a7c800602933ee885bb2247434522fb64,"Diluted EPS Guidance to Approximately $7.22 ATLANTA – July 28, 2026 – UPS (NYSE:UPS) today announced second-quarter 2026 consolidated revenues of $22.8 billion.",True,False
b2aa070f9b2cdc2070d9,UPS,INDUSTRIALS,air_freight_logistics,semantic.absolute,REVIEW_AMBIGUOUS,No unique semantic-frame assignment,1cc4c7098f4c324c6d117a3b142f020a7c800602933ee885bb2247434522fb64,Consolidated operating profit was $930 million; and non-GAAP adjusted consolidated operating profit was $2.1 billion.,True,False
6e14dfbf4f983fed38d4,UPS,INDUSTRIALS,air_freight_logistics,semantic.range_guidance,REVIEW_AMBIGUOUS,No unique semantic-frame assignment,1cc4c7098f4c324c6d117a3b142f020a7c800602933ee885bb2247434522fb64,"For the second quarter of 2026, GAAP results included after-tax transformation charges of $891 million, or $1.05 per diluted share, consisting primarily of employee separation costs associated with workforce reduction initiatives from our recently completed Driver Choice Program. “I want to thank all UPSers for their extraordinary work over the past 18 months as we successfully completed our Amazon glide down and related network reconfiguration initiatives as designed,” said Carol Tomé, UPS chief executive officer. “Our second-quarter results marked an expected and significant shift in our performance and we delivered both consolidated revenue and non-GAAP adjusted operating profit growth.",True,False
01ce239bc9b03d79c7de,UPS,INDUSTRIALS,air_freight_logistics,semantic.change_by,REVIEW_AMBIGUOUS,No unique semantic-frame assignment,1cc4c7098f4c324c6d117a3b142f020a7c800602933ee885bb2247434522fb64,"Domestic Segment 2Q 2026 Non-GAAP Adjusted 2Q 2026 2Q 2025 Non-GAAP Adjusted 2Q 2025 Revenue $14,930 M $14,083 M Operating profit $16 M $1,188 M $916 M $982 M • Revenue increased 6.0%, driven by a 9.3% increase in revenue per piece. • Operating margin was 0.1%; non-GAAP adjusted operating margin was 8.0%.",True,False
373ca0136c291d7b9d3a,UPS,INDUSTRIALS,air_freight_logistics,semantic.change_by,REVIEW_AMBIGUOUS,No unique semantic-frame assignment,1cc4c7098f4c324c6d117a3b142f020a7c800602933ee885bb2247434522fb64,"International Segment 2Q 2026 Non-GAAP Adjusted 2Q 2026 2Q 2025 Non-GAAP Adjusted 2Q 2025 Revenue $5,044 M $4,485 M Operating profit $623 M $623 M $672 M $682 M • Revenue increased 12.5%, driven by an 18.9% increase in revenue per piece. • Operating margin on both a GAAP and non-GAAP adjusted basis was 12.4%.",True,False
c5ec0a3e63d6624af08c,UPS,INDUSTRIALS,air_freight_logistics,semantic.change_to,REVIEW_AMBIGUOUS,No unique semantic-frame assignment,1cc4c7098f4c324c6d117a3b142f020a7c800602933ee885bb2247434522fb64,"Supply Chain Solutions 1 2Q 2026 Non-GAAP Adjusted 2Q 2026 2Q 2025 Non-GAAP Adjusted 2Q 2025 Revenue $2,860 M $2,653 M Operating profit $291 M $291 M $234 M $212 M 1 Consists of operating segments that do not meet the criteria of a reportable segment under ASC Topic 280 – Segment Reporting. • Revenue increased 7.8%, primarily due to growth in forwarding and logistics, including healthcare. • Operating margin on both a GAAP and non-GAAP adjusted basis was 10.2%. 2026 Outlook The company provides certain guidance on a non-GAAP adjusted basis because it is not possible to predict or provide a reconciliation reflecting the impact of various potential future events, including the impact of pension adjustments, certain strategic initiatives or other unanticipated events, which would be included in reported (GAAP) results and could be material.",True,False
a98ea5b29a2ea580b0b3,UPS,INDUSTRIALS,air_freight_logistics,semantic.range_guidance,REVIEW_AMBIGUOUS,No unique semantic-frame assignment,1cc4c7098f4c324c6d117a3b142f020a7c800602933ee885bb2247434522fb64,"For the full year 2026, the company is raising its guidance for consolidated revenue to approximately $91.2 billion, consolidated non-GAAP adjusted operating profit to approximately $8.65 billion, and non-GAAP adjusted diluted EPS to approximately $7.22.",True,False
22aeaefe1e57baf788b5,UPS,INDUSTRIALS,air_freight_logistics,semantic.range_guidance,REVIEW_AMBIGUOUS,No unique semantic-frame assignment,1cc4c7098f4c324c6d117a3b142f020a7c800602933ee885bb2247434522fb64,"The company also confirms expected capital expenditures of about $3.0 billion and dividend payments of around $5.4 billion, subject to board approval.",True,False
5727dee4432e5f005a7e,DAL,INDUSTRIALS,passenger_airlines,semantic.range_guidance,REVIEW_AMBIGUOUS,No unique semantic-frame assignment,1b3f7e74c170febbe156916a649588b17c69ee1b4a35dc23b400653e69d86dc4,"Document Exhibit 99.1 CONTACT: Investor Relations Corporate Communications 404-715-2170 404-715-2554 InvestorRelations@delta.com Media@delta.com Delta Air Lines Announces June Quarter 2026 Financial Results June quarter earnings topped guidance on broad demand strength and strong execution, generating a double-digit return on invested capital Expect continued momentum in September quarter with mid-teens revenue growth and double-digit margin Affirming full-year guidance for adjusted EPS of $6.50 to $7.50 and free cash flow of $3 to $4 billion Further strengthened investment grade balance sheet through debt paydown, and announced a 15 percent increase to dividend payment beginning in September quarter ATLANTA, July 10, 2026 – Delta Air Lines (NYSE: DAL) today reported financial results for the June quarter and provided its outlook for the September quarter and full year 2026.",True,False
3b0d540a86ab3e357785,DAL,INDUSTRIALS,passenger_airlines,semantic.cause_effect,REVIEW_AMBIGUOUS,No unique semantic-frame assignment,1b3f7e74c170febbe156916a649588b17c69ee1b4a35dc23b400653e69d86dc4,"D omestic unit revenue grew 12 percent year-over-year and i nternational unit revenue increased 8 percent, led by Latin. • Diversified, high-margin revenue streams continue to differentiate Delta's performance: Diverse revenue streams accounted for 61 percent of total revenue, up 2 points versus the same period last year.",True,False
81476717c91aa9d3cbe5,DAL,INDUSTRIALS,passenger_airlines,semantic.cause_effect,REVIEW_AMBIGUOUS,No unique semantic-frame assignment,1b3f7e74c170febbe156916a649588b17c69ee1b4a35dc23b400653e69d86dc4,"Cargo revenue increased 39 percent, driven largely by volume. • Loyalty momentum powered by growing member engagement across ecosystem: Loyalty and related revenue grew 19 percent, with SkyMiles member engagement continuing to expand beyond air travel within the partner ecosystem.",True,False
58361ac862fa86ab55b9,DAL,INDUSTRIALS,passenger_airlines,semantic.cause_effect,REVIEW_AMBIGUOUS,No unique semantic-frame assignment,1b3f7e74c170febbe156916a649588b17c69ee1b4a35dc23b400653e69d86dc4,"Travel products and non-air partnership revenue increased nearly 20 percent over prior year. • Corporate sales 3 grew double-digits in all sectors: Corporate sales accelerated in the June quarter, led by Aerospace & Defense, Banking, and Automotive, with strong performance in coastal and core hubs.",True,False
638621901a00cf6da229,DAL,INDUSTRIALS,passenger_airlines,semantic.comparative,REVIEW_AMBIGUOUS,No unique semantic-frame assignment,1b3f7e74c170febbe156916a649588b17c69ee1b4a35dc23b400653e69d86dc4,"Sustained strength in premium product demand drove a more than 25 percent increase in premium corporate sales, benefiting from recent investments in Delta Comfort and Delta Premium Select. 1 Non-GAAP measures; Refer to Non-GAAP reconciliations for historical comparison figures 2 Adjusted debt to EBITDAR 3 Corporate travel sales represent the revenue from tickets sold to corporate contracted customers, including tickets for travel during and beyond the referenced time period 2 Cost Performance and Outlook ""Delta delivered June quarter results above guidance, with an operating margin of 8.8 percent and earnings of $1.56 per share.",True,False
b6f45b16655359543bea,DAL,INDUSTRIALS,passenger_airlines,semantic.range_guidance,REVIEW_VALIDATION_FAILED,"OPERATING_MARGIN does not accept MONEY; expected PERCENT, BASIS_POINTS",1b3f7e74c170febbe156916a649588b17c69ee1b4a35dc23b400653e69d86dc4,"In the September quarter, we expect earnings per share to grow over prior year to $2.00 to $2.50 on an operating margin of 11 to 13 percent,"" said Erik Snell, Delta’s chief financial officer. ""Non‑fuel unit cost performance is expected to improve modestly from the June quarter with further progression in the December quarter as capacity growth begins to normalize.",True,False
7c61e5beaf0bb556a525,DAL,INDUSTRIALS,passenger_airlines,semantic.composition,REVIEW_AMBIGUOUS,No unique semantic-frame assignment,1b3f7e74c170febbe156916a649588b17c69ee1b4a35dc23b400653e69d86dc4,"Twelve Months Ended (in millions) June 30, 2026 Operating income $ 5,516 Adjusted for: MTM adjustments and settlements on hedges (148) Interest expense included in aircraft rent 132 Adjusted operating income $ 5,500 Tax effect (1,294) Tax-effected adjusted operating income $ 4,206 Average stockholders' equity $ 19,628 Average adjusted gross debt 19,014 Average adjusted invested capital $ 38,642 After-tax Return on Invested Capital 10.9 % 18",True,False
679b195e340b9ca01e64,MATX,INDUSTRIALS,marine_transportation,semantic.range_guidance,REVIEW_AMBIGUOUS,No unique semantic-frame assignment,5f075b746ef8fd9984fab137593f8f964e010d8d45e7ccf521f0fd4e62449d97,"For full year 2026, the Company expects the contribution from SSAT to be lower than the $32.5 million achieved in full year 2025. ​ Based on the outlook trends noted above, the Company expects Ocean Transportation operating income in the third quarter 2026 to be approximately 45 percent higher than the $147.4 million achieved in the third quarter 2025.",True,False
acba7e336e8c16d57a01,MATX,INDUSTRIALS,marine_transportation,semantic.range_guidance,REVIEW_AMBIGUOUS,No unique semantic-frame assignment,5f075b746ef8fd9984fab137593f8f964e010d8d45e7ccf521f0fd4e62449d97,"For full year 2026, the Company expects Ocean Transportation operating income to be higher than the $455.6 million achieved in full year 2025. ​ Logistics: Operating income for the Company’s Logistics segment was $14.9 million in the second quarter 2026, or $0.5 million higher compared to the level achieved in the second quarter 2025.",True,False
c962bc6d36abdf922757,MATX,INDUSTRIALS,marine_transportation,semantic.range_guidance,REVIEW_AMBIGUOUS,No unique semantic-frame assignment,5f075b746ef8fd9984fab137593f8f964e010d8d45e7ccf521f0fd4e62449d97,"For the third and fourth quarters 2026, the Company expects Logistics operating income to be modestly higher than the $13.6 million and $7.7 million achieved in the third and fourth quarters 2025, respectively.",True,False
8d18e1d5a81ea4918400,MATX,INDUSTRIALS,marine_transportation,semantic.range_guidance,REVIEW_AMBIGUOUS,No unique semantic-frame assignment,5f075b746ef8fd9984fab137593f8f964e010d8d45e7ccf521f0fd4e62449d97,"For the full year 2026, the Company expects its effective tax rate to be approximately 21.0 percent. ​ Capital and Vessel Dry-docking Expenditures: For the second quarter 2026, the Company made capital expenditure payments excluding vessel construction expenditures of $25.4 million, vessel construction expenditures (including capitalized interest and owner’s items) of $181.8 million, and dry-docking payments of $12.7 million.",True,False
4762fe3ab4785a659ea7,MATX,INDUSTRIALS,marine_transportation,semantic.change_to,REVIEW_AMBIGUOUS,No unique semantic-frame assignment,5f075b746ef8fd9984fab137593f8f964e010d8d45e7ccf521f0fd4e62449d97,"The increase was primarily due to higher revenue in transportation brokerage. ​ Logistics operating income increased $0.5 million, or 3.5 percent, during the three months ended June 30, 2026, compared with the three months ended June 30, 2025.",True,False
3cf790bc53c9a05947c0,MATX,INDUSTRIALS,marine_transportation,semantic.change_to,REVIEW_AMBIGUOUS,No unique semantic-frame assignment,5f075b746ef8fd9984fab137593f8f964e010d8d45e7ccf521f0fd4e62449d97,"The increase was primarily due to higher revenue in transportation brokerage. ​ Logistics operating income decreased $1.2 million, or 5.2 percent, during the six months ended June 30, 2026, compared with the six months ended June 30, 2025.",True,False
8018922f62d4c87d3dbb,MATX,INDUSTRIALS,marine_transportation,semantic.change_to,REVIEW_AMBIGUOUS,No unique semantic-frame assignment,5f075b746ef8fd9984fab137593f8f964e010d8d45e7ccf521f0fd4e62449d97,"The decrease was primarily due to a lower contribution from warehousing, partially offset by a higher contribution from freight forwarding. ​ Liquidity, Cash Flows and Capital Allocation ​ Matson’s Cash and Cash Equivalents decreased by $22.6 million from $141.9 million at December 31, 2025 to $119.3 million at June 30, 2026.",True,False
56aa1641fc8558501435,MATX,INDUSTRIALS,marine_transportation,semantic.change_to,REVIEW_AMBIGUOUS,No unique semantic-frame assignment,5f075b746ef8fd9984fab137593f8f964e010d8d45e7ccf521f0fd4e62449d97,"Total debt decreased by $19.9 million during the six months to $341.3 million as of June 30, 2026, of which $301.6 million was classified as long-term debt. 1 As of June 30, 2026, Matson had available borrowings under its revolving credit facility of $544.2 million. ​ During the second quarter 2026, Matson repurchased approximately 0.3 million shares for a total cost of $67.8 million. 2 On April 23, 2026, Matson’s Board of Directors approved an additional 3.0 million shares of common stock to be added to the Company’s existing share repurchase program and extended the program to December 31, 2029.",True,False
07121b5d4f4def9c4a19,UNP,INDUSTRIALS,rail_transportation,semantic.change_to,REVIEW_AMBIGUOUS,No unique semantic-frame assignment,a1d565109c229ac0b84cc128a17de2f3a6554bde4acfc48690a4098b372cdbcd,"Document Exhibit 99.1 Union Pacific Reports Second Quarter 2026 Results • Diluted earnings per share (EPS) of $3.36 and adjusted diluted EPS* of $3.41 • Operating ratio (OR) of 59.7% and adjusted OR* of 59.2% • Freight revenue excluding fuel increased 4% Omaha, Neb., July 23, 2026 – Union Pacific Corporation (NYSE: UNP) today reported second quarter 2026 net income of $2.0 billion, up 6%, and diluted EPS of $3.36, up 7%, compared to reported second quarter 2025 net income of $1.9 billion and diluted EPS of $3.15.",True,False
7fa3683b3f4170b61d4f,UNP,INDUSTRIALS,rail_transportation,semantic.change_to,REVIEW_AMBIGUOUS,No unique semantic-frame assignment,a1d565109c229ac0b84cc128a17de2f3a6554bde4acfc48690a4098b372cdbcd,"Additionally, we are ready to move forward in the regulatory process and deliver the benefits of America's first transcontinental railroad offering greater competition, better service and a stronger supply chain."" Second Quarter Summary: 2026 vs. 2025 Financial Results: Record Freight Revenue, Freight Revenue excluding Fuel Surcharge, Operating Revenue, Operating Income, and Net Income • Operating revenue of $6.9 billion increased 12% driven by higher fuel surcharge, volume growth, core pricing gains and greater other revenue partially offset by business mix. • Freight revenue increased 12% and freight revenue excluding fuel surcharge grew 4%. • Reported operating ratio was 59.7% and adjusted operating ratio* was 59.2%, increasing 70 and 110 basis points, respectively.",True,False
59611fd2c39072c9824b,ODFL,INDUSTRIALS,cargo_ground_transport,semantic.absolute,REVIEW_VALIDATION_FAILED,REVENUE does not accept PERCENT; expected MONEY,daf1fb24cdde9d5f9c42b170321d87d5f27605d57a7d009421781803cc86d225,"In addition, we continued to provide our customers with best-in-class customer service with 99% on-time service and a claims ratio of 0.1%. “Our 10.4% increase in revenue was primarily due to a 15.2% increase in our LTL revenue per hundredweight that was partially offset by a 4.1% decrease in our LTL tons per day.",False,False
9cd1ced0199ec829a93c,ODFL,INDUSTRIALS,cargo_ground_transport,semantic.comparative,REVIEW_VALIDATION_FAILED,REVENUE does not accept PERCENT; expected MONEY,daf1fb24cdde9d5f9c42b170321d87d5f27605d57a7d009421781803cc86d225,"LTL revenue per hundredweight, excluding fuel surcharges, increased 5.5% compared to the second quarter of 2025.",False,False
5ff5ab030e8ee257f892,ODFL,INDUSTRIALS,cargo_ground_transport,semantic.absolute,REVIEW_AMBIGUOUS,No unique semantic-frame assignment,daf1fb24cdde9d5f9c42b170321d87d5f27605d57a7d009421781803cc86d225,The combination of revenue growth and operating ratio improvement resulted in a 32.3% increase in our earnings per diluted share to $1.68 for the second quarter.” Cash Flow and Use of Capital Old Dominion’s net cash provided by operating activities was $272.7 million for the second quarter of 2026 and $646.3 million for the first half of the year.,False,False
d00348a0d2f6d6f6952f,ODFL,INDUSTRIALS,cargo_ground_transport,semantic.absolute,REVIEW_AMBIGUOUS,No unique semantic-frame assignment,daf1fb24cdde9d5f9c42b170321d87d5f27605d57a7d009421781803cc86d225,Capital expenditures were $77.0 million for the second quarter of 2026 and $139.6 million for the first half of the year.,False,False
64437a15836fce13e4b7,UBER,INDUSTRIALS,passenger_ground_transport,semantic.change_to,REVIEW_AMBIGUOUS,No unique semantic-frame assignment,75095008d178bfa60bb42a2bde20a7f3e0dbc99546454527fb8189248bff1b2d,"Business model changes negatively impacted total revenue YoY growth by 8 percentage points on a reported and constant currency basis. • GAAP Income from operations grew 30% YoY to $1.9 billion. • GAAP Net income attributable to Uber Technologies, Inc. was $2.4 billion, which includes a $1.6 billion net benefit (pre-tax) from revaluations of Uber’s equity investments.",False,False
e3f5a5f38a160b14d52e,UBER,INDUSTRIALS,passenger_ground_transport,semantic.change_to,REVIEW_AMBIGUOUS,No unique semantic-frame assignment,75095008d178bfa60bb42a2bde20a7f3e0dbc99546454527fb8189248bff1b2d,"Adjusted EBITDA margin as a percentage of Gross Bookings was 4.9%, up from 4.5% in Q2 2025. • Non-GAAP Operating Income grew 40% YoY to $2.1 billion.",False,False
14902886681959908f3a,UBER,INDUSTRIALS,passenger_ground_transport,semantic.change_to,REVIEW_AMBIGUOUS,No unique semantic-frame assignment,75095008d178bfa60bb42a2bde20a7f3e0dbc99546454527fb8189248bff1b2d,"Non-GAAP Operating Income as a percentage of Gross Bookings was 3.7%, up from 3.3% in Q2 2025. • Non-GAAP Net Income grew 29% YoY to $1.7 billion and Non-GAAP EPS grew 35% YoY to $0.81. • Net cash provided by operating activities was $2.9 billion and free cash flow, defined as net cash flows from operating activities less capital expenditures, was $2.8 billion. • Unrestricted cash, cash equivalents, and short-term investments were $5.4 billion at the end of the second quarter.",False,False
e4903f97d808b80cda07,KEX,INDUSTRIALS,marine_ports_services,semantic.absolute,REVIEW_VALIDATION_FAILED,REVENUE does not accept PERCENT; expected MONEY,2a107d408fc2815383495eb70efaf5d83a45842830fea1120b19db9b20ee9a5b,"Coastal marine revenues increased 10% year-over-year and operating margins were in the low-to-mid-teens range, primarily reflecting a higher number of planned shipyard days during the quarter.",False,False
785cdd0b1056837aa3e1,KEX,INDUSTRIALS,marine_ports_services,semantic.comparative,REVIEW_AMBIGUOUS,No unique semantic-frame assignment,2a107d408fc2815383495eb70efaf5d83a45842830fea1120b19db9b20ee9a5b,"In the power generation market, revenues increased 8% and operating income increased 27% compared with the 2025 second quarter, reflecting continued demand for behind-the-meter and backup power solutions and solid execution despite ongoing OEM-related supply constraints.",False,False
0c447daaba47568f9ac1,KEX,INDUSTRIALS,marine_ports_services,semantic.comparative,REVIEW_AMBIGUOUS,No unique semantic-frame assignment,2a107d408fc2815383495eb70efaf5d83a45842830fea1120b19db9b20ee9a5b,"In the commercial and industrial market, revenues increased 12% and operating income increased 11% compared with the 2025 second quarter, primarily reflecting strong marine repair activity and healthy demand across other industrial end markets.",False,False
3e47cbd0b7f6b95929b2,KEX,INDUSTRIALS,marine_ports_services,semantic.comparative,REVIEW_AMBIGUOUS,No unique semantic-frame assignment,2a107d408fc2815383495eb70efaf5d83a45842830fea1120b19db9b20ee9a5b,"In the oil and gas market, revenues decreased 17% and operating income decreased 45% compared with the 2025 second quarter; however, revenues and operating income increased 20% and 67%, respectively, on a sequential basis, reflecting improved demand for parts and services.",False,False
6bd933d1d61e8d1b98bc,KEX,INDUSTRIALS,marine_ports_services,semantic.absolute,REVIEW_AMBIGUOUS,No unique semantic-frame assignment,2a107d408fc2815383495eb70efaf5d83a45842830fea1120b19db9b20ee9a5b,"During the quarter, net cash provided by operating activities was $72.2 million, and capital expenditures were $71.5 million, resulting in free cash flow (non-GAAP) of $0.7 million.",False,False
948626b94e4156918f8b,KEX,INDUSTRIALS,marine_ports_services,semantic.absolute,REVIEW_VALIDATION_FAILED,REVENUE does not accept COUNT; expected MONEY,2a107d408fc2815383495eb70efaf5d83a45842830fea1120b19db9b20ee9a5b,"Example: A typical 30,000 barrel tank barge loaded with 3,300 tons of liquid cargo is moved 100 miles, thus generating 330,000 ton miles. (5) Inland marine transportation revenues divided by ton miles.",False,False
