review_id,ticker,sector,subindustry,rule_id,status,reason,source_sha256,source_literal,holdout_issuer,development_probe_issuer
65de853a8fd5d2f8c559,AR,ENERGY,ep,semantic.change_by,REVIEW_AMBIGUOUS,No unique semantic-frame assignment,7276f0c6c32e2d115458eaf4732fa972343b230d938baca9e80031f5bd49b517,Our production base increased by more than 20% from a year ago and our cost structure declined by over 10%.,False,False
dec8dbc510b8943f2f2e,AR,ENERGY,ep,semantic.point_guidance,REVIEW_VALIDATION_FAILED,PRODUCTION does not accept PERCENT; expected COUNT,7276f0c6c32e2d115458eaf4732fa972343b230d938baca9e80031f5bd49b517,"Further, while the region’s gross production has remained flat, net production to Antero is expected to exit the year over 25% higher than the prior year.” Mr.",False,False
cf21bb1add3a33ff298d,AR,ENERGY,ep,semantic.change_by,REVIEW_AMBIGUOUS,No unique semantic-frame assignment,7276f0c6c32e2d115458eaf4732fa972343b230d938baca9e80031f5bd49b517,"This was highlighted through our second quarter 2026 results where the Henry Hub natural gas price declined 16% from the year ago period, while our adjusted EBITDAX increased 57%.” For a discussion of the non-GAAP financial measures including Adjusted Net Income, Adjusted EBITDAX, Adjusted Free Cash Flow and Net Debt please see “Non-GAAP Financial Measures.” 1 2026 Guidance Update Antero is increasing its full year 2026 production guidance to a range of 4.15 to 4.2 Bcfe/d, to reflect strong performance year-to-date and the acquisitions made in July 2026.",False,False
d7378f05e0159afaea1f,AR,ENERGY,ep,semantic.range_guidance,REVIEW_AMBIGUOUS,No unique semantic-frame assignment,7276f0c6c32e2d115458eaf4732fa972343b230d938baca9e80031f5bd49b517,Antero is forecasting 5 Bcfe of curtailments in the third quarter of 2026 and expects third quarter production to average 4.25 to 4.3 Bcfe/d with fourth quarter production increasing to an average of 4.4 to 4.5 Bcfe/d.,False,False
0f50467aaeb744e6a960,AR,ENERGY,ep,semantic.range_guidance,REVIEW_VALIDATION_FAILED,REALIZED_PRICE does not accept MONEY; expected PRICE,7276f0c6c32e2d115458eaf4732fa972343b230d938baca9e80031f5bd49b517,NYMEX Henry Hub ($/Mcf) $ 0.05 $ 0.15 C2 NGL Realized Price Premium to Mont Belvieu ($/Bbl) $ 2.50 $ 3.00 Note: Any 2026 guidance items not discussed in this release are unchanged from previously stated guidance.,False,False
1c0c1938c54cc98cfd47,AR,ENERGY,ep,semantic.absolute,REVIEW_AMBIGUOUS,No unique semantic-frame assignment,7276f0c6c32e2d115458eaf4732fa972343b230d938baca9e80031f5bd49b517,"Three Months Ended June 30, 2025 2026 Net cash provided by operating activities $ 492,358 438,849 Less: Capital expenditures (208,409 ) (340,716 ) Less: Distributions to non-controlling interests in Martica (21,512 ) (7,346 ) Plus: Transaction expense — 1,903 Adjusted Free Cash Flow $ 262,437 92,690 Changes in Working Capital (106,165 ) 127,069 Adjusted Free Cash Flow before Changes in Working Capital $ 156,272 219,759 Second Quarter 2026 Financial Results Net daily natural gas equivalent production in the second quarter averaged 4.1 Bcfe/d, including 216 MBbl/d of liquids.",False,False
636f1132317f85f7427b,AR,ENERGY,ep,semantic.comparative,REVIEW_VALIDATION_FAILED,PRODUCTION does not accept PRICE; expected COUNT,7276f0c6c32e2d115458eaf4732fa972343b230d938baca9e80031f5bd49b517,"Cash production expense, which includes lease operating, gathering, compression, processing and transportation and production and ad valorem taxes was $2.22 per Mcfe in the second quarter, as compared to $2.48 per Mcfe during the second quarter of 2025.",False,False
a4813d2276eab5dd671d,AR,ENERGY,ep,semantic.comparative,REVIEW_VALIDATION_FAILED,"REVENUE does not accept COUNT, PERCENT, PRICE; expected MONEY",7276f0c6c32e2d115458eaf4732fa972343b230d938baca9e80031f5bd49b517,"Net marketing expense was $0.04 per Mcfe during the second quarter of 2026, compared to $0.06 per Mcfe during the second quarter of 2025. 3 Operating Results Antero placed 26 Marcellus wells to sales during the second quarter with an average lateral length of 13,323 feet. 21 of these wells have been online for approximately 60 days with an average rate per well of 25 MMcfe/d, including 975 Bbl/d of liquids per well assuming 25% ethane recovery.",False,False
d7adfa06cb2ff643348c,AR,ENERGY,ep,semantic.comparative,REVIEW_AMBIGUOUS,No unique semantic-frame assignment,7276f0c6c32e2d115458eaf4732fa972343b230d938baca9e80031f5bd49b517,"The following table reconciles net income to Adjusted Net Income (in thousands): Three Months Ended June 30, 2025 2026 Net income and comprehensive income attributable to Antero Resources Corporation $ 156,585 278,657 Net income and comprehensive income attributable to noncontrolling interests 9,988 7,760 Unrealized commodity derivative gains (59,763 ) (26,412 ) Amortization of deferred revenue, VPP (6,298 ) (5,860 ) Loss (gain) on sale of assets 546 (14,616 ) Impairment of property and equipment 6,297 4,455 Equity-based compensation 15,855 13,266 Loss on early extinguishment of debt 729 — Equity in earnings of unconsolidated affiliate (30,563 ) (29,379 ) Contract termination and loss contingency 13,596 1,659 Transaction expense — 1,903 Tax effect of reconciling items (1) 13,021 12,094 119,993 243,527 Martica adjustments (2) (9,988 ) (7,760 ) Adjusted Net Income $ 110,005 235,767 Diluted Weighted Average Common Shares Outstanding 313,184 310,643 (1) Deferred taxes were approximately 22% for 2025 and 2026. (2) Adjustments reflect noncontrolling interests in Martica not otherwise adjusted in amounts above 4 Net Debt Net Debt is calculated as total debt less cash and cash equivalents.",False,False
5bd61095bbe4c9f919fb,AR,ENERGY,ep,semantic.absolute,REVIEW_VALIDATION_FAILED,REALIZED_PRICE does not accept MONEY; expected PRICE,7276f0c6c32e2d115458eaf4732fa972343b230d938baca9e80031f5bd49b517,"Our calculation of such after effects includes gains (losses) on settlements of commodity derivatives, which do not qualify for hedge accounting because we do not designate or document them as hedges for accounting purposes. (4) The average realized price for the three months ended June 30, 2025 includes $0.5 million of proceeds related to a take-or-pay contract.",False,False
8e72fb04bd3c9d62a2f1,CNX,ENERGY,ep,semantic.absolute,REVIEW_AMBIGUOUS,No unique semantic-frame assignment,ed75d0fbe78ec88793e503c4ab14d3c75b1a5e3c62d3e34998453728a9c52157,"Q2 2026, Q1 2026, Q4 2025, Q3 2025 and Q2 2025 total fully burdened cash costs exclude a (gain)/loss on asset sales of $0.00 per Mcfe, ($0.04) per Mcfe, ($0.02) per Mcfe,($0.42) per Mcfe and ($0.11) per Mcfe, respectively.",False,False
8837d4aad0245ca3851d,CNX,ENERGY,ep,semantic.range_guidance,REVIEW_AMBIGUOUS,No unique semantic-frame assignment,ed75d0fbe78ec88793e503c4ab14d3c75b1a5e3c62d3e34998453728a9c52157,"See “Non-GAAP Financial Measures” for definitions. (3) Guidance for FCF includes approximately $45 million in expected asset sales in 2026 and approximately $30 million from the sale of 45Z tax credits for remediation activities in 2025. (4) Previous guidance for 2026 FCF per share based on shares outstanding of 141,477,594, as of 4/15/2026, plus 12.4 million net shares expected to be issued to settle the remaining CNX Convertible Notes.",False,False
8ea60355c04b660dd1c2,COP,ENERGY,ep,semantic.comparative,REVIEW_VALIDATION_FAILED,PRODUCTION does not accept MONEY; expected COUNT,27d5e7501b631ee3cd0aff938af5c383bc8c8f27dc7207f169f0fd842e70e2d4,"Excluding special items, second-quarter 2026 adjusted earnings were $4.0 billion, or $3.24 per share, compared with second-quarter 2025 adjusted earnings of $1.8 billion, or $1.42 per share. “ConocoPhillips delivered strong second-quarter results with exceptional operational performance, record production from our peer-leading Permian position and disciplined execution across the business, all while continuing to progress our strategic priorities,” said Ryan Lance, chairman and chief executive officer. “We doubled our quarterly share repurchases, achieved our $5 billion asset disposition target ahead of schedule, secured low cost of supply opportunities in the Middle East, and increased our LNG offtake to 12 MTPA.",True,False
603aa9fe2322f6666555,COP,ENERGY,ep,semantic.count_activity,REVIEW_AMBIGUOUS,No unique semantic-frame assignment,27d5e7501b631ee3cd0aff938af5c383bc8c8f27dc7207f169f0fd842e70e2d4,"Delivered total company and Lower 48 production of 2,248 thousand barrels of oil equivalent per day (MBOED) and 1,479 MBOED, respectively. •",True,False
b9fabfd9a5f0615e5c9b,COP,ENERGY,ep,semantic.count_activity,REVIEW_AMBIGUOUS,No unique semantic-frame assignment,27d5e7501b631ee3cd0aff938af5c383bc8c8f27dc7207f169f0fd842e70e2d4,"Lower 48 delivered production of 1,479 MBOED, including 720 MBOED from the Delaware Basin, 202 MBOED from the Midland Basin, 363 MBOED from the Eagle Ford and 189 MBOED from the Bakken.",True,False
7f257cd532ee97b0e084,COP,ENERGY,ep,semantic.absolute,REVIEW_AMBIGUOUS,No unique semantic-frame assignment,27d5e7501b631ee3cd0aff938af5c383bc8c8f27dc7207f169f0fd842e70e2d4,"The company funded $3.0 billion of capital expenditures and investments, repurchased $2.0 billion of shares, and paid $1.0 billion in ordinary dividends.",True,False
6852536cc5fe67e9542b,COP,ENERGY,ep,semantic.absolute,REVIEW_AMBIGUOUS,No unique semantic-frame assignment,27d5e7501b631ee3cd0aff938af5c383bc8c8f27dc7207f169f0fd842e70e2d4,"The company funded $6.0 billion of capital expenditures and investments, repurchased $3.0 billion of shares, and paid $2.1 billion in ordinary dividends.",True,False
a59eeb2f11954f09aaba,COP,ENERGY,ep,semantic.absolute,REVIEW_VALIDATION_FAILED,PRODUCTION does not accept MONEY; expected COUNT,27d5e7501b631ee3cd0aff938af5c383bc8c8f27dc7207f169f0fd842e70e2d4,"ConocoPhillips Table 2: Reconciliation of net cash provided by operating activities to cash from operations $ millions, except as indicated 2Q26 2026 YTD Net Cash Provided by Operating Activities $ 7,434 11,729 Adjustments: Net operating working capital changes 258 (834) Cash from operations $ 7,176 12,563 ConocoPhillips Table 3: Reconciliation of reported production to pro forma underlying production MBOED, except as indicated 2Q26 2Q25 2026 YTD 2025 YTD Total reported ConocoPhillips production 2,248 2,391 2,278 2,391 Closed Dispositions 1 — (45) — (56) Closed Acquisitions — — — — Total pro forma underlying production 2,248 2,346 2,278 2,335 1 Includes production related to various Lower 48 noncore dispositions.",True,False
e8b12984e3fa076cb232,DVN,ENERGY,ep,semantic.range_guidance,REVIEW_AMBIGUOUS,No unique semantic-frame assignment,f4b6e7e47aa2adeed74f41328f0008e1f9f4aa5c27d3777f8f54480832109ac8,"In the third quarter of 2026, total production is expected to average between 1,660,000 and 1,690,000 Boe per day and oil production is expected to average between 550,000 and 560,000 barrels per day.",True,False
32571196fbf2b84b4aa1,EQT,ENERGY,ep,semantic.comparative,REVIEW_AMBIGUOUS,No unique semantic-frame assignment,6eeb4516324955936c207037911c3a6543089102bac94868f3a8e37d7a07b2de,"Production : Sales volume of 634 Bcfe, above the high-end of guidance due to strong well performance, system pressure optimization and lower-than-expected price related curtailments •",False,True
f87ff2ca528bcf29dddf,EQT,ENERGY,ep,semantic.range_guidance,REVIEW_AMBIGUOUS,No unique semantic-frame assignment,6eeb4516324955936c207037911c3a6543089102bac94868f3a8e37d7a07b2de,"Capital Expenditures : $666 million, 9% below the low-end of guidance, benefiting from operational efficiency gains and lower-than-expected infrastructure spending •",False,True
cdc8f7642d3468514f94,EQT,ENERGY,ep,semantic.range_guidance,REVIEW_AMBIGUOUS,No unique semantic-frame assignment,6eeb4516324955936c207037911c3a6543089102bac94868f3a8e37d7a07b2de,Raising Production Guidance : Raising 2026 production guidance by ~90 Bcfe due to better-than-expected benefits from compression investments improving both existing and new wells and shallowing decline rates; full-year capital spending guidance reduced by $25 million •,False,True
cc8b9cb54a85295bbb0b,EQT,ENERGY,ep,semantic.range_guidance,REVIEW_AMBIGUOUS,No unique semantic-frame assignment,6eeb4516324955936c207037911c3a6543089102bac94868f3a8e37d7a07b2de,"Due to the sustained production outperformance resulting from our compression investments, we are raising 2026 production guidance by 90 Bcfe, while lowering our full-year CapEx guidance by $25 million.",False,True
482e597eb27df2394d2a,EQT,ENERGY,ep,semantic.cause_effect,REVIEW_AMBIGUOUS,No unique semantic-frame assignment,6eeb4516324955936c207037911c3a6543089102bac94868f3a8e37d7a07b2de,"As used throughout this release, per unit operating costs reflect, for each period presented, the consolidated amount of such operating cost for the Company (aggregated irrespective of business segment) divided by total sales volume (Mcfe). 2 Gathering expense per Mcfe increased for the three months ended June 30, 2026 compared to the same period in 2025 due primarily to higher volumes gathered by third parties from wells turned-in-line in the first quarter of 2026.",False,True
862a514c9684aaaa695e,EQT,ENERGY,ep,semantic.range_guidance,REVIEW_VALIDATION_FAILED,REVENUE does not accept COUNT; expected MONEY,6eeb4516324955936c207037911c3a6543089102bac94868f3a8e37d7a07b2de,"Third Quarter 2026 Outlook The Company is raising its full-year 2026 total sales volume guidance to 2,375 – 2,450 Bcfe, reflecting strong performance to date.",False,True
41f22f6d458e287ad37e,EQT,ENERGY,ep,semantic.point_guidance,REVIEW_VALIDATION_FAILED,REVENUE does not accept COUNT; expected MONEY,6eeb4516324955936c207037911c3a6543089102bac94868f3a8e37d7a07b2de,The Company expects total sales volume of 570 – 620 Bcfe in the third quarter of 2026.,False,True
7b23a10f07ed57752024,EQT,ENERGY,ep,semantic.range_guidance,REVIEW_AMBIGUOUS,No unique semantic-frame assignment,6eeb4516324955936c207037911c3a6543089102bac94868f3a8e37d7a07b2de,"The Company now expects its full-year 2026 maintenance capital expenditures to total $2,040 – $2,190 million, inclusive of $510 – $580 million in the third quarter of 2026.",False,True
3c356e5040f79b2fc59a,EQT,ENERGY,ep,semantic.comparative,REVIEW_AMBIGUOUS,No unique semantic-frame assignment,6eeb4516324955936c207037911c3a6543089102bac94868f3a8e37d7a07b2de,"June 30, 2026 December 31, 2025 (Thousands) Current portion of debt (a) $ 114,959 $ 507,119 Revolving credit facility borrowings (b) 324,000 360,000 Senior notes 5,216,755 6,933,209 Total debt 5,655,714 7,800,328 Deduct: Cash and cash equivalents (112,863) (110,795) Net debt $ 5,542,851 $ 7,689,533 (a) As of June 30, 2026, the current portion of debt included EQT Corporation's 7.75% debentures.",False,True
861cea7f42023549907f,FANG,ENERGY,ep,semantic.range_guidance,REVIEW_AMBIGUOUS,No unique semantic-frame assignment,2b19a1f4d8e513a588e04b828f015de4e60f35cef9d4e4ad1fdd6280d5865db5,Reduced total debt by ~$1.3 billion quarter over quarter to $12.8 billion and net debt 1 by ~$1.6 billion quarter over quarter to $12.3 billion UPDATED 2026 GUIDANCE HIGHLIGHTS •,True,False
017cd35334294decf86e,FANG,ENERGY,ep,semantic.comparative,REVIEW_AMBIGUOUS,No unique semantic-frame assignment,2b19a1f4d8e513a588e04b828f015de4e60f35cef9d4e4ad1fdd6280d5865db5,"Increasing annual oil production guidance to 522+ (from 520+) MBO/d and total BOE production to 1,000+ (from 972+) MBOE/d with full year cash capital expenditures unchanged at ~$3.9 billion •",True,False
0122eddf920a0c568255,FANG,ENERGY,ep,semantic.comparative,REVIEW_AMBIGUOUS,No unique semantic-frame assignment,2b19a1f4d8e513a588e04b828f015de4e60f35cef9d4e4ad1fdd6280d5865db5,"Approximately $9.9 billion remains available for future repurchases under the program 1 NON-GAAP DISCLOSURES - For a definition of Operating Cash Flow Before Working Capital Changes, Free Cash Flow, Adjusted Free Cash Flow, Adjusted Net Income, Adjusted EBITDA, Adjusted Net Income per Diluted Share, Net Debt and reconciliations of such non-GAAP financial metrics to their respective most directly comparable GAAP metrics, please see “Non-GAAP Financial Measures” below. 2 Implies a 2.2% annualized yield.",True,False
79399f015238d58cc1e3,FANG,ENERGY,ep,semantic.absolute,REVIEW_VALIDATION_FAILED,SHARES does not accept MONEY; expected COUNT,2b19a1f4d8e513a588e04b828f015de4e60f35cef9d4e4ad1fdd6280d5865db5,"Diluted earnings per share using the two-class method is calculated as (i) net income attributable to Diamondback Energy, Inc., (ii) less the reallocation of $11 million in earnings attributable to participating securities, (iii) divided by diluted weighted average common shares outstanding for the respective periods.",True,False
155095714c6b122ffa9b,FANG,ENERGY,ep,semantic.absolute,REVIEW_AMBIGUOUS,No unique semantic-frame assignment,2b19a1f4d8e513a588e04b828f015de4e60f35cef9d4e4ad1fdd6280d5865db5,"$ 1,882 $ 1,907 Net income (loss) attributable to non-controlling interest 173 292 Net income (loss) 2,055 2,199 Non-cash (gain) loss on derivative instruments, net 64 80 Interest expense, net 56 119 Depreciation, depletion, amortization and accretion 1,272 2,565 Depreciation and interest expense related to equity method investments 12 26 (Gain) loss on extinguishment of debt (134) (133) Impairment of oil and natural gas properties — 1,400 Non-cash equity-based compensation expense 33 64 Capitalized equity-based compensation expense (9) (18) Other non-cash transactions 11 27 Provision for (benefit from) income taxes 580 612 Consolidated Adjusted EBITDA 3,940 6,941 Less: Adjustment for non-controlling interest 391 688 Adjusted EBITDA attributable to Diamondback Energy, Inc.",True,False
494b715fa47461a976e8,FANG,ENERGY,ep,semantic.absolute,REVIEW_VALIDATION_FAILED,SHARES does not accept MONEY; expected COUNT,2b19a1f4d8e513a588e04b828f015de4e60f35cef9d4e4ad1fdd6280d5865db5,"Diluted earnings per share using the two-class method is calculated as (i) net income attributable to Diamondback Energy, Inc., (ii) less the reallocation of $11 million in earnings attributable to participating securities, (iii) divided by diluted weighted average common shares outstanding for the respective periods.",True,False
ca8cb591cbae2d58e426,MGY,ENERGY,ep,semantic.absolute,REVIEW_VALIDATION_FAILED,PRODUCTION does not accept PERCENT; expected COUNT,1b9a063e3ecb45a0fcdf7c5953349c8954c9aeb732b3b67309e7621e9129a891,Q2 2026 Giddings YoY total production growth of 10% and oil production growth of 7% •,False,True
650e71a373526708b839,MGY,ENERGY,ep,semantic.change_to,REVIEW_AMBIGUOUS,No unique semantic-frame assignment,1b9a063e3ecb45a0fcdf7c5953349c8954c9aeb732b3b67309e7621e9129a891,Second Quarter 2026 Earnings Presentation Third Quarter & FY 2026 Operating Plan & Guidance (MGY Standalone) MGY Standalone FY2026 Guidance Production Growth Full-Year 2026 Total Growth increased to 6% D&C Capital Spending FY 2026 Capital $440 - $480 Million 2026 Operating Plan ~2 Rigs / ~1 Completion Crew 2026E Capital ~20-25% Karnes ~75-80% Giddings MGY Standalone Q3 2026 Guidance Production Similar to Q2 2026 (~106.1 Mboe/d) D&C Capital Spending ~$115 Million Oil Differential (To Magellan East Houston) ($3) Bbl Fully Diluted Share Count (Post WildFire Close) ~269 million 12 Second Quarter 2026 Earnings Presentation Summary Investment Highlights 13 Giddings Karnes High Quality Assets Positioned for Success •,False,True
3f67345325c41c7fe7c8,MTDR,ENERGY,ep,semantic.change_by,REVIEW_AMBIGUOUS,No unique semantic-frame assignment,270a1a120133c1a4acae1536278ca9630dfc39f257111ed65829f88d52e27db5,"On the strength of this performance, we have increased our full-year 2026 outlook for oil from 4% growth up to 7% year-over-year oil production growth.",False,True
e6db69b6ada206fd6d5a,MTDR,ENERGY,ep,semantic.point_guidance,REVIEW_VALIDATION_FAILED,PRODUCTION does not accept PERCENT; expected COUNT,270a1a120133c1a4acae1536278ca9630dfc39f257111ed65829f88d52e27db5,"In fact, on assets associated with the Federal lease sale and Paloma acquisition, we expect average 12-month cumulative oil production will be 20% to 30% higher than Matador’s average 12-month cumulative oil production for wells turned to sales in previous years.",False,True
97c915c159e2494984d3,MTDR,ENERGY,ep,semantic.change_to_nominal,REVIEW_AMBIGUOUS,No unique semantic-frame assignment,270a1a120133c1a4acae1536278ca9630dfc39f257111ed65829f88d52e27db5,Matador anticipates flow on the Hugh Brinson earlier than previously expected by the end of the third quarter of 2026 and estimates that it will be able to add approximately $90 million annually in increased natural gas revenue for each $0.50 per MMBtu increase it is able to achieve in its average realized natural gas price.,False,True
ace7963da7f13baeb7a3,MTDR,ENERGY,ep,semantic.change_to,REVIEW_AMBIGUOUS,No unique semantic-frame assignment,270a1a120133c1a4acae1536278ca9630dfc39f257111ed65829f88d52e27db5,"Matador is now expecting to increase the number of wells turned to sales in 2026, pushing net lateral footage turned to sales higher for the year and increasing full year production guidance. “The increased positive outlook for 2026 also will result in accelerated activities and, combined with capital associated with the recent acquisitions discussed earlier, Matador now expects its full-year 2026 drilling, completing and equipping (“D/C/E”) capital expenditures to be in the $1.48 to $1.56 billion range and midstream capital expenditures in the $145 to $165 million range.",False,True
52335b7461a11b2726c5,MTDR,ENERGY,ep,semantic.cause_effect,REVIEW_AMBIGUOUS,No unique semantic-frame assignment,270a1a120133c1a4acae1536278ca9630dfc39f257111ed65829f88d52e27db5,"For a definition of adjusted net income, adjusted earnings per diluted common share, Adjusted EBITDA and adjusted free cash flow and reconciliations of such non-GAAP financial metrics to their comparable GAAP metrics, please see “Supplemental Non-GAAP Financial Measures” below. 4 Full-Year 2026 Guidance Update Effective August 5, 2026, Matador increased its full-year 2026 guidance range for oil, natural gas and total BOE production as set forth in the table below.",False,True
d485b346e711be6bd643,MTDR,ENERGY,ep,semantic.change_to_nominal,REVIEW_AMBIGUOUS,No unique semantic-frame assignment,270a1a120133c1a4acae1536278ca9630dfc39f257111ed65829f88d52e27db5,"The 4% increase in the midpoint of Matador’s expected 2026 production from 213,250 BOE per day to 221,000 BOE per day is attributable to: 1. 1,700 BOE per day (32% oil) from better-than-expected production in the second quarter of 2026 as detailed below, 2. 3,550 BOE per day (64% oil) from organic improvements to expected production in the second half of 2026, and 3. 2,500 BOE per day (57% oil) attributable to the Paloma and Ridge Runner acquisitions.",False,True
f292894823b41df8bfd1,MTDR,ENERGY,ep,semantic.range_guidance,REVIEW_VALIDATION_FAILED,PRODUCTION does not accept PERCENT; expected COUNT,270a1a120133c1a4acae1536278ca9630dfc39f257111ed65829f88d52e27db5,"Excluding the impact of these accretive acquisitions, Matador expects to achieve organic oil production growth of 6% year-over-year as compared to its original expectations of 3% growth.",False,True
eb14723925bd2be6d83b,MTDR,ENERGY,ep,semantic.range_guidance,REVIEW_AMBIGUOUS,No unique semantic-frame assignment,270a1a120133c1a4acae1536278ca9630dfc39f257111ed65829f88d52e27db5,"As noted previously, Matador is adjusting the midpoint of its 2026 D/C/E capital expenditure guidance from $1.395 billion in May 2026 to $1.52 billion and the midpoint of its 2026 midstream capital expenditure guidance from $105 million in May 2026 to $155 million.",False,True
2283444fa6acb184db38,MTDR,ENERGY,ep,semantic.change_to_nominal,REVIEW_AMBIGUOUS,No unique semantic-frame assignment,270a1a120133c1a4acae1536278ca9630dfc39f257111ed65829f88d52e27db5,"Notably, Matador has not made any revisions to its 2026 drilling and completion costs per foot estimates, which remain at $785 to $805 per completed lateral foot. 5 Operational and Financial Update Second Quarter 2026 Oil, Natural Gas and Total BOE Production As summarized in the table below, Matador’s total BOE production averaged 215,631 BOE per day in the second quarter of 2026, which was a 3% year-over-year increase from an average of 209,013 BOE per day in the second quarter of 2025 and 3% better than the midpoint of Matador’s expected second quarter production guidance of 209,000 BOE per day.",False,True
46000a7de9ffabd49181,MTDR,ENERGY,ep,semantic.cause_effect,REVIEW_AMBIGUOUS,No unique semantic-frame assignment,270a1a120133c1a4acae1536278ca9630dfc39f257111ed65829f88d52e27db5,"This better-than-expected performance was achieved despite approximately 9,900 BOE per day (24% oil) shut in during the quarter due to the elective shut-in of volumes due to weak Waha pricing and scheduled maintenance on third-party treatment plants.",False,True
07ac10ca25fd1217a3be,MTDR,ENERGY,ep,semantic.range_guidance,REVIEW_VALIDATION_FAILED,PRODUCTION does not accept PERCENT; expected COUNT,270a1a120133c1a4acae1536278ca9630dfc39f257111ed65829f88d52e27db5,"Production Q2 2026 Average Daily Volume Q2 2026 Guidance Range Difference YoY (1) Total, BOE per day 215,631 206,000 to 212,000 +3% Better than Guidance +3% Oil, Bbl per day 126,106 123,000 to 125,000 +2% Better than Guidance +3% Natural Gas, MMcf per day 537.1 498.0 to 522.0 +5% Better than Guidance +4% (1) Represents year-over-year percentage change from the second quarter of 2025.",False,True
63d5d722a13041c518d7,MTDR,ENERGY,ep,semantic.change_to_nominal,REVIEW_AMBIGUOUS,No unique semantic-frame assignment,270a1a120133c1a4acae1536278ca9630dfc39f257111ed65829f88d52e27db5,"The increase in expectations for 2026 operating expenses from approximately $32.00 per BOE in May to $33.00 per BOE is primarily driven by the increase in non-cash DD&A noted above and an increase in midstream services operating expenses associated with the Cardinal Midstream acquisition. 6 Second Quarter 2026 Capital Expenditures For the second quarter of 2026, Matador’s total capital expenditures were $436.1 million, which was near the low end of the expected range of $430 to $460 million.",False,True
dced0ce8579d42edecef,MTDR,ENERGY,ep,semantic.range_guidance,REVIEW_AMBIGUOUS,No unique semantic-frame assignment,270a1a120133c1a4acae1536278ca9630dfc39f257111ed65829f88d52e27db5,"The Company expects sequential production growth of approximately 5% to 6% in the fourth quarter of 2026, primarily as a result of the Paloma and Ridge Runner acquisitions, which are expected to contribute approximately 10,000 BOE per day (57% oil) in the fourth quarter.",False,True
f9b2f3581480cfef27d1,MTDR,ENERGY,ep,semantic.range_guidance,REVIEW_AMBIGUOUS,No unique semantic-frame assignment,270a1a120133c1a4acae1536278ca9630dfc39f257111ed65829f88d52e27db5,"Q2 and Q3 2026 Production Comparison Period Average Daily Total Production, BOE per day Average Daily Oil Production, Bbl per day Average Daily Natural Gas Production, MMcf per day % Oil Q2 2026 215,631 126,106 537.1 58% Q3 2026E 222,000 to 226,000 128,500 to 130,500 561.0 to 573.0 58% Third Quarter 2026 Estimated Wells Turned to Sales At August 5, 2026, Matador expects to turn to sales 30 to 33 net operated horizontal wells in the Delaware Basin during the third quarter of 2026, including 11.3 net wells near acreage acquired in the May 2026 Federal lease sale.",False,True
2acad3ceeb6c5525659a,MTDR,ENERGY,ep,semantic.absolute,REVIEW_VALIDATION_FAILED,ADJUSTED_EBITDA does not accept PERCENT; expected MONEY,270a1a120133c1a4acae1536278ca9630dfc39f257111ed65829f88d52e27db5,"For a definition of Adjusted EBITDA and a reconciliation of Adjusted EBITDA (non-GAAP) to net income (GAAP) and net cash provided by operating activities (GAAP), please see “Supplemental Non-GAAP Financial Measures.” (9) As reported for each period on a consolidated basis, including 100% of San Mateo’s net cash provided by operating activities. (10) Adjusted free cash flow is a non-GAAP financial measure.",False,True
89cb1b6c20202e021fc4,NOG,ENERGY,ep,semantic.comparative,REVIEW_AMBIGUOUS,No unique semantic-frame assignment,6ca78d7b2f69d12f4349be0e7d5cbad761be09771a6c66ee9625f6c712469636,Adjusted EBITDA was up 17% sequentially over the first quarter and we reiterated our full year production guidance despite less than ideal operating conditions.,False,True
653f8184c3016dcc69c2,NOG,ENERGY,ep,semantic.comparative,REVIEW_VALIDATION_FAILED,PRODUCTION does not accept MONEY; expected COUNT,6ca78d7b2f69d12f4349be0e7d5cbad761be09771a6c66ee9625f6c712469636,"Production taxes were $45.7 million in the second quarter of 2026, compared to $35.6 million in the second quarter of 2025 due to higher oil prices.",False,True
c803221c7759debce177,NOG,ENERGY,ep,semantic.absolute,REVIEW_VALIDATION_FAILED,CAPEX does not accept PERCENT; expected MONEY,6ca78d7b2f69d12f4349be0e7d5cbad761be09771a6c66ee9625f6c712469636,"NOG’s Permian Basin spending was 37% of the capital expenditures for the second quarter followed by the Williston at 33%, Appalachian at 14%, the Uinta at 14% and the Duvernay at 2%.",False,True
bd93f32e00cc5535cafd,PR,ENERGY,ep,semantic.comparative,REVIEW_AMBIGUOUS,No unique semantic-frame assignment,eed9ca00e5cda46bf123cf19926dacf68cada64c9407dd83239bf09f480c0885,Raised mid-point of full year guidance for oil production to 199.0 MBbls/d and updated mid-point of capital expenditures guidance to $1.95 billion •,False,True
38772f246c6447fce531,PR,ENERGY,ep,semantic.cause_effect,REVIEW_AMBIGUOUS,No unique semantic-frame assignment,eed9ca00e5cda46bf123cf19926dacf68cada64c9407dd83239bf09f480c0885,"Our team executed a targeted response to higher oil prices, increasing capital expenditures to focus on high-return, rapid payback projects such as workovers,” said Will Hickey, Co-CEO of Permian Resources. “Additionally, the success of our ground game increased working interest in both second quarter and full year TILs, which allows us to increase production in the near-term while utilizing the same drilling rigs and completion crews.",False,True
59cc1534b6abe4dc2aa3,PR,ENERGY,ep,semantic.change_to_nominal,REVIEW_VALIDATION_FAILED,PRODUCTION does not accept PERCENT; expected COUNT,eed9ca00e5cda46bf123cf19926dacf68cada64c9407dd83239bf09f480c0885,"Oil production during the quarter was driven higher primarily by successful ground game efforts which led to a 7% increase in the average working interest for second quarter completions, compared to the Company's original expectations.",False,True
21f06bc26a9526933451,PR,ENERGY,ep,semantic.point_guidance,REVIEW_VALIDATION_FAILED,PRODUCTION does not accept PERCENT; expected COUNT,eed9ca00e5cda46bf123cf19926dacf68cada64c9407dd83239bf09f480c0885,Oil production also benefited from the Company increasing the number of high-return workover projects by over 50% quarter-over-quarter.,False,True
83c1ebc26930892242d2,PR,ENERGY,ep,semantic.absolute,REVIEW_AMBIGUOUS,No unique semantic-frame assignment,eed9ca00e5cda46bf123cf19926dacf68cada64c9407dd83239bf09f480c0885,"For the second half of 2026, Permian Resources expects oil production of over 200 MBbls/d with less than $1 billion of cash capital expenditures. “Our revised guidance highlights the continuously improving capital efficiency of the Permian Resources business.",False,True
10994a2563800c1e84c3,PR,ENERGY,ep,semantic.rate,REVIEW_VALIDATION_FAILED,DEBT does not accept RATE; expected MONEY,eed9ca00e5cda46bf123cf19926dacf68cada64c9407dd83239bf09f480c0885,"Net debt-to-LQA EBITDAX 1 at June 30, 2026, was 0.5x.",False,True
7bef6ee0537226b09426,PR,ENERGY,ep,semantic.absolute,REVIEW_AMBIGUOUS,No unique semantic-frame assignment,eed9ca00e5cda46bf123cf19926dacf68cada64c9407dd83239bf09f480c0885,"Since year-end 2024, Permian Resources has reduced total debt by approximately 35% from $4.2 billion to $2.7 billion.",False,True
472c7fad1c51a49c8a0b,PR,ENERGY,ep,semantic.point_guidance,REVIEW_VALIDATION_FAILED,DEBT does not accept RATE; expected MONEY,eed9ca00e5cda46bf123cf19926dacf68cada64c9407dd83239bf09f480c0885,"The Company expects its year-end 2026 Net Debt-to-LQA EBITDAX 1 to be approximately 0.5x, assuming current strip pricing.",False,True
27fbedc99c9f277e0deb,PR,ENERGY,ep,semantic.comparative,REVIEW_AMBIGUOUS,No unique semantic-frame assignment,eed9ca00e5cda46bf123cf19926dacf68cada64c9407dd83239bf09f480c0885,"The following table presents a reconciliation of net debt to total debt, net and the calculation of net debt-to-LQA EBITDAX for the period presented: ($ in thousands) June 30, 2026 Total debt, net $ 2,993,050 Unamortized debt discount, premium and issuance costs on senior notes 31,950 Total debt 3,025,000 Less: cash and cash equivalents (131,722) Net debt (Non-GAAP) 2,893,278 LQA EBITDAX (1) $ 5,374,084 Net debt-to-LQA EBITDAX 0.5 x (1) Represents adjusted EBITDAX (defined and reconciled in the section above) for the three months ended June 30, 2026, on an annualized basis.",False,True
07f66002fdcf209e16c6,PR,ENERGY,ep,semantic.range_guidance,REVIEW_AMBIGUOUS,No unique semantic-frame assignment,eed9ca00e5cda46bf123cf19926dacf68cada64c9407dd83239bf09f480c0885,"Accordingly, the following table presents a reconciliation of adjusted operating cash flow and adjusted free cash flow to net cash provided by operating activities, which is the most directly comparable financial measure calculated and presented in accordance with GAAP: Three Months Ended June 30, (in thousands, except per share data) 2026 2025 Net cash provided by operating activities $ 1,505,688 $ 1,038,696 Changes in working capital: Accounts receivable (1,067) (9,283) Prepaid and other assets 31,155 (5,639) Accounts payable and other liabilities (263,587) (206,789) Estimated tax distribution to noncontrolling interest owners (1) — (160) Adjusted operating cash flow 1,272,189 816,825 Less: total cash capital expenditures (521,434) (504,996) Adjusted free cash flow $ 750,755 $ 311,829 Adjusted diluted weighted average shares outstanding 855,243 845,075 (1) Reflects estimated future distributions to noncontrolling interest owners based upon current federal and state income tax expense recognized during the period and expected to be paid by the partnership.",False,True
edc019b866c713a1cfb4,RRC,ENERGY,ep,semantic.range_guidance,REVIEW_VALIDATION_FAILED,PRODUCTION does not accept MONEY; expected COUNT,b91e3f9c80f9dd1c8b52bb3db4db81ce610f18aeb13c68e1b514c638ab0c4840,"The following table details Range’s average production and realized pricing for second quarter 2026 (a) : 2Q26 Production & Realized Pricing Natural Gas (mcf) Oil (bbl) NGLs (bbl) Natural Gas Equivalent (mcfe) Net production per day 1,548,871 6,475 118,113 2,296,399 Average NYMEX price $ 2.89 $ 93.58 $ 25.61 Differential, including basis hedging (0.47) (9.62) 3.49 Realized prices before NYMEX hedges 2.42 83.96 29.10 3.37 Settled NYMEX hedges 0.36 (17.50) (0.67) 0.16 Average realized prices after hedges $ 2.79 $ 66.45 $ 28.44 $ 3.53 (a) Totals may not add due to rounding.",False,True
8ae105905e2679639ff6,RRC,ENERGY,ep,semantic.range_guidance,REVIEW_VALIDATION_FAILED,REVENUE does not accept COUNT; expected MONEY,b91e3f9c80f9dd1c8b52bb3db4db81ce610f18aeb13c68e1b514c638ab0c4840,"During the quarter, Range drilled ~190,000 lateral feet across 11 wells, while turning to sales ~300,000 feet across 21 wells.",False,True
6fa586b77e1744260bdb,RRC,ENERGY,ep,semantic.point_guidance,REVIEW_VALIDATION_FAILED,PRODUCTION does not accept MONEY; expected COUNT,b91e3f9c80f9dd1c8b52bb3db4db81ce610f18aeb13c68e1b514c638ab0c4840,Wells TIL 1H 2026 Remaining 2026 Planned Wells TIL in 2026 Liquids Rich 31 19 50 Dry Gas 7 11 18 Total Appalachia 38 30 68 Guidance – 2026 Capital & Production Guidance Range’s 2026 all-in capital budget is $650 million - $700 million.,False,True
b1fe8fe6b8c3fb255f16,RRC,ENERGY,ep,semantic.point_guidance,REVIEW_VALIDATION_FAILED,PRODUCTION does not accept PERCENT; expected COUNT,b91e3f9c80f9dd1c8b52bb3db4db81ce610f18aeb13c68e1b514c638ab0c4840,Liquids are expected to be over 30% of production.,False,True
15118681745b1e785e46,SM,ENERGY,ep,semantic.comparative,REVIEW_AMBIGUOUS,No unique semantic-frame assignment,157694c553d3096eb48e2f15be93f0316bb051bb9559843cdec649831533db20,"Closed the $950 million sale of certain South Texas assets (the “South Texas Divestiture”) on April 30, 2026, substantially achieving SM’s $1.0 billion-plus asset-sales target; net proceeds of approximately $900 million were used to redeem all $819 million aggregate principal amount of the 6.75% and 5.0% Senior Notes due 2026 (collectively, “2026 Senior Notes”), contributing to a $1.1 billion sequential reduction in net debt. 1 •",False,True
86aa76c90687d6fcb2e8,SM,ENERGY,ep,semantic.comparative,REVIEW_AMBIGUOUS,No unique semantic-frame assignment,157694c553d3096eb48e2f15be93f0316bb051bb9559843cdec649831533db20,"Subsequent to quarter-end, issued a notice of full redemption of all remaining $417 million aggregate principal amount of the 6.625% Senior Notes due 2027 (“2027 Senior Notes”) at par using cash on hand, retiring all Senior Notes due through mid-2028. 1 Adjusted net income per diluted share; operating cash flow before net change in working capital, including certain long-term items; capital expenditures, before changes in accruals; adjusted free cash flow; adjusted EBITDAX; and net debt are non-GAAP measures.",False,True
a542a3d6d9451e2a0ff0,SM,ENERGY,ep,semantic.range_guidance,REVIEW_AMBIGUOUS,No unique semantic-frame assignment,157694c553d3096eb48e2f15be93f0316bb051bb9559843cdec649831533db20,"SM raised its second-half production outlook to 435–440 MBoe/d, including approximately 238 MBbl/d of oil, from 430 MBoe/d, and narrowed its full-year production guidance to 418–423 MBoe/d (223–225 MBbl/d of oil). •",False,True
136e40582ffa6d2ae217,SM,ENERGY,ep,semantic.range_guidance,REVIEW_AMBIGUOUS,No unique semantic-frame assignment,157694c553d3096eb48e2f15be93f0316bb051bb9559843cdec649831533db20,"FY26 capital expenditures before changes in accruals include ~$50 million of expected synergies. 3 Includes one-time, non-recurring capital costs related to Merger integration and the South Texas Divestiture. 4 Company-wide average 2026 expected well cost and includes well connection/equipment costs. 5 FY26 recurring G&A guidance includes ~$35 million of stock-based compensation. 6 The majority of one-time integration and transaction costs (both cash and non-cash) were incurred in 1H26. 3 Webcast Details SM plans to host a conference call and webcast at 8 a.m.",False,True
4eb9e13b8237d43a68af,SM,ENERGY,ep,semantic.comparative,REVIEW_AMBIGUOUS,No unique semantic-frame assignment,157694c553d3096eb48e2f15be93f0316bb051bb9559843cdec649831533db20,"Forward-looking statements in this release include, among other things, the Company’s 2026 plans and strategic objectives; the Company’s intention to redeem in full its 2027 Senior Notes; future return of capital plans; expectations regarding increased scale; integration objectives and synergy targets, including the expected timing and magnitude; plans to achieve the Company’s $1.0 billion-plus divestiture target; assumptions and projections for the third quarter, second half, and full year 2026 regarding guidance for total production and oil production; the Company’s capital plan, including total capital expenditures; drilling, completion and equipment costs; facility, land and other costs; one-time capital costs; Company average cost per lateral foot; certain operating expenses, including lease operating expense, transportation, production and ad valorem taxes; DD&A; general and administrative expense; and certain other costs, including exploration expense and cash taxes.",False,True
05eb8632e07a6c89b4c1,SM,ENERGY,ep,semantic.cause_effect,REVIEW_AMBIGUOUS,No unique semantic-frame assignment,157694c553d3096eb48e2f15be93f0316bb051bb9559843cdec649831533db20,"The Company believes this metric is useful to management and the investment community to understand the effects of net commodity derivative settlements on average realized price. 2 Amounts and percentage changes may not calculate due to rounding. 3 The results for the three months ended March 31, 2026, include only two months of production from the Civitas assets acquired on January 30, 2026.",False,True
ed86ad3fcd507b360fd1,SM,ENERGY,ep,semantic.absolute,REVIEW_AMBIGUOUS,No unique semantic-frame assignment,157694c553d3096eb48e2f15be93f0316bb051bb9559843cdec649831533db20,"Note: For the three months ended June 30, 2026, adjusted free cash flow includes approximately $42 million of one-time, non-recurring cash costs associated with the Merger integration and the South Texas assets divested, consisting of approximately $32 million reported in net cash provided by operating activities and approximately $10 million in capital expenditures.",False,True
1cb29f83eb780e235dcd,SM,ENERGY,ep,semantic.absolute,REVIEW_AMBIGUOUS,No unique semantic-frame assignment,157694c553d3096eb48e2f15be93f0316bb051bb9559843cdec649831533db20,"For the six months ended June 30, 2026, adjusted free cash flow includes approximately $222 million of one-time, non-recurring cash costs, consisting of approximately $152 million reported in net cash provided by operating activities and approximately $70 million in capital expenditures.",False,True
23a2cc1c33dc9dac7408,SM,ENERGY,ep,semantic.comparative,REVIEW_AMBIGUOUS,No unique semantic-frame assignment,157694c553d3096eb48e2f15be93f0316bb051bb9559843cdec649831533db20,"Reconciliation of Total Principal Amount of Debt to Net Debt 1 (in millions) June 30, 2026 Principal amount of Senior Notes 2 $ 6,873 Revolving credit facility 2 — Total principal amount of debt (GAAP) 6,873 Less: Cash and cash equivalents 620 Net Debt (non-GAAP) $ 6,253 1 See ""Definitions of Non-GAAP Measures and Metrics as Calculated by the Company"" above. 2 Amounts as of June 30, 2026, are from Note 6 - Long-Term Debt in Part I, Item 1 of the Company's Form 10-Q. 15",False,True
f644cf29ddb655f77f4c,XOM,ENERGY,integrated,semantic.absolute,REVIEW_AMBIGUOUS,No unique semantic-frame assignment,e1c214954f9be07f62f4e45ac9483ce69292c8d4a5b9b1ea7aa179dd71bd2516,"Invested $13.0 billion in cash capital expenditures year-to-date , including $13.0 billion of additions to property, plant, and equipment, to grow advantaged assets and high-value products; 2026 planned investments are 20% higher than nearest IOC 5 •",False,False
bc538d020ef6927a8981,XOM,ENERGY,integrated,semantic.comparative,REVIEW_AMBIGUOUS,No unique semantic-frame assignment,e1c214954f9be07f62f4e45ac9483ce69292c8d4a5b9b1ea7aa179dd71bd2516,"GAAP) 32,260 24,503 (6,527) (6,470) Additions to property, plant, and equipment (12,997) (12,181) (324) (387) Additional investments and advances (711) (472) 102 632 Other investing activities including collection of advances 734 339 430 219 Proceeds from asset sales and returns of investments 649 1,999 — — Inflows from noncontrolling interest for major projects — 45 17,236 2,699 Free Cash Flow (non-GAAP) 19,935 14,233 7 CASH CAPITAL EXPENDITURES 2Q26 1Q26 Dollars in millions (unless otherwise noted) YTD 2026 YTD 2025 6,527 6,470 Additions to property, plant, and equipment 12,997 12,181 324 387 Additional investments and advances 711 472 (102) (632) Other investing activities including collection of advances (734) (339) — — Inflows from noncontrolling interests for major projects — (45) 38 (38) Less: Advances and collections not related to capital expenditures or equity investments — 270 6,787 6,187 Total Cash Capital Expenditures (non-GAAP) 12,974 12,539 2Q26 1Q26 Dollars in millions (unless otherwise noted) YTD 2026 YTD 2025 Upstream 3,423 3,449 United States 6,872 6,390 2,429 1,363 Non-U.",False,False
3616baed1782de7d16a0,CVX,ENERGY,integrated,semantic.absolute,REVIEW_VALIDATION_FAILED,PRODUCTION does not accept PERCENT; expected COUNT,819b11a4b37d18f1e54768f9b972921e1467186913143508f651b5982aaec93d,"Production in the second quarter of 2026 was 20 percent higher than second quarter last year largely due to the contribution from legacy Hess assets, and growth in the Permian Basin and Gulf of America. •",False,False
3552b51b2a3b14735b21,CVX,ENERGY,integrated,semantic.absolute,REVIEW_VALIDATION_FAILED,REVENUE does not accept PERCENT; expected MONEY,819b11a4b37d18f1e54768f9b972921e1467186913143508f651b5982aaec93d,"S. downstream earnings were higher than the year-ago period primarily due to higher margins on refined product sales and higher earnings from the 50 percent-owned affiliate, Chevron Phillips Chemical Company LLC. •",False,False
47215c1be23337269e58,VLO,ENERGY,refining,semantic.comparative,REVIEW_AMBIGUOUS,No unique semantic-frame assignment,180d8c9fe47a238e3fce12846dd6c2f54f632ddf228b907b4a80e36817e7b0b7,"Liquidity and Financial Position Valero ended the second quarter of 2026 with $9.1 billion of total debt, $2.2 billion of total finance lease obligations, and $7.9 billion of cash and cash equivalents.",False,False
b31702dd5ab4c13fe9d3,VLO,ENERGY,refining,semantic.absolute,REVIEW_VALIDATION_FAILED,CASH does not accept PERCENT; expected MONEY,180d8c9fe47a238e3fce12846dd6c2f54f632ddf228b907b4a80e36817e7b0b7,"The debt to capitalization ratio, net of cash and cash equivalents, was 11 percent as of June 30, 2026. 2 “Our strong results reflect the discipline and consistency of our operational and commercial execution,” said Riggs. “Coupled with our differentiated balance sheet, these strengths position us well and provide significant financial flexibility.” Strategic Update Valero continues to make progress on the FCC Unit optimization project at the St.",False,False
211a49b6519f822942c1,VLO,ENERGY,refining,semantic.comparative,REVIEW_VALIDATION_FAILED,PRODUCTION does not accept MONEY; expected COUNT,180d8c9fe47a238e3fce12846dd6c2f54f632ddf228b907b4a80e36817e7b0b7,"Therefore, we reduced the carrying values of the Benicia and Wilmington refineries to their estimated fair values and recognized a combined asset impairment loss of $1.1 billion in the six months ended June 30, 2025. (d) Other operating expenses for the three and six months ended June 30, 2026 includes $15 million of repair costs directly attributable to the March 2026 incident at our Port Arthur Refinery. (e) Effective in the second quarter of 2026, activities associated with the decommissioning and redevelopment of our Benicia Refinery are reported within Corporate and Other. (f) During the first quarter of 2026, we began idling the processing units through a phased approach and ceased operation of the fuel production units at our Benicia Refinery.",False,False
9abaf0eb4841fab4b989,MPC,ENERGY,refining,semantic.comparative,REVIEW_VALIDATION_FAILED,ADJUSTED_EBITDA does not accept PRICE; expected MONEY,b6de481d4e041c891b7d666e444fdec9f044f74ff12a0ad8a0c0220a002f2e52,"R&M segment adjusted EBITDA was $24.84 per barrel for the second quarter of 2026, versus $6.79 per barrel for the second quarter of 2025.",True,False
c5ea95deb1897d821fe0,MPC,ENERGY,refining,semantic.range_guidance,REVIEW_AMBIGUOUS,No unique semantic-frame assignment,b6de481d4e041c891b7d666e444fdec9f044f74ff12a0ad8a0c0220a002f2e52,"Investment Details Expected In-Service Garyville Jet Flexibility Increases flexibility to maximize higher value jet fuel production to meet growing demand 1Q26 – Completed El Paso Yield Improvement Upgrades fluid catalytic cracker (FCC) and alkylation units to drive volume expansion 2Q26 – Completed Robinson Product Flexibility Increases flexibility to maximize higher value jet fuel production to meet growing demand 2Q26 – Completed Galveston Bay Distillate Hydrotreater 90 mbpd hydrotreater, increasing supply of high-value ULSD to domestic and export markets YE27 Garyville Feedstock Optimization Further optimizes feedstock slate and increases crude throughput by 30 mbpd YE27 Garyville Product Export Flexibility Increases yield flexibility to produce an incremental 10 mbpd of export premium gasoline and lowers costs YE27 MPLX Strategic Update MPLX is increasing its 2026 growth capital spending outlook by $500 million, to $2.9 billion, primarily reflecting the accelerated execution of the Gulf Coast fractionation project to meet global demand for U.",True,False
8345bb085808e9494d26,PSX,ENERGY,refining,semantic.absolute,REVIEW_AMBIGUOUS,No unique semantic-frame assignment,594457f8fbf0ceab5cee5c4439119f47ed4fcd2e6baadcf246fc15474cf3c7e4,"As of March 31, 2026, the company had approximately $6 billion of liquidity, reflecting $5 billion of cash and cash equivalents and total committed capacity available under credit facilities of $1 billion.",False,False
37e068344933d7a416c3,KMI,ENERGY,midstream,semantic.point_guidance,REVIEW_VALIDATION_FAILED,BACKLOG does not accept PERCENT; expected MONEY,48f165a9f322dc33c5afd30166da31d85b032b97e65dbbce6db6ce10ffdcb3a6,"Natural gas projects account for approximately 92% of our project backlog, and more than 60% of the backlog is associated with projects supporting power generation and local distribution company demand.",True,False
0787a2cf3507a4005011,KMI,ENERGY,midstream,semantic.range_guidance,REVIEW_VALIDATION_FAILED,ADJUSTED_EBITDA does not accept PERCENT; expected MONEY,48f165a9f322dc33c5afd30166da31d85b032b97e65dbbce6db6ce10ffdcb3a6,"Based on results through the second quarter, KMI currently expects to be more than 5% favorable to budget on an Adjusted EBITDA basis and more than 12% favorable to budget on Adjusted EPS for the year.",True,False
a88a3d41a19867087a90,KMI,ENERGY,midstream,semantic.change_to,REVIEW_VALIDATION_FAILED,DELIVERIES does not accept PERCENT; expected COUNT,48f165a9f322dc33c5afd30166da31d85b032b97e65dbbce6db6ce10ffdcb3a6,"Overview of Business Segments “The Natural Gas Pipelines business segment’s financial performance was up in the second quarter of 2026 relative to the second quarter of 2025, on higher contributions from our Texas Intrastate system and our gathering assets,” KMI President Dax Sanders said. “Natural gas transport volumes were up 7% compared to the second quarter of 2025, primarily due to LNG deliveries on TGP, increased demand for services on our Texas Intrastate system, and increased exports to Mexico as well as higher power generation demand in Arizona on El Paso Natural Gas Pipeline. “Natural gas gathering volumes were up 26% from the second quarter of 2025 across our assets, with our KinderHawk system experiencing the largest growth. “Contributions from the Products Pipelines business segment were up compared to the second quarter of 2025 due primarily to higher commodity prices. “Total refined products volumes were down 5% compared to the second quarter of 2025 due to temporary West Coast supply disruptions, as well as a higher commodity price environment over the quarter.",True,False
204807870eea93c4cb91,KMI,ENERGY,midstream,semantic.comparative,REVIEW_VALIDATION_FAILED,ADJUSTED_EBITDA does not accept PERCENT; expected MONEY,48f165a9f322dc33c5afd30166da31d85b032b97e65dbbce6db6ce10ffdcb3a6,"Table 2 Kinder Morgan, Inc. and Subsidiaries Preliminary Net Income Attributable to Kinder Morgan, Inc. to Adjusted Net Income Attributable to Kinder Morgan, Inc., to Adjusted Net Income Attributable to Common Stock and to Adjusted EBITDA Reconciliations (In millions, unaudited) Three Months Ended June 30, % change Six Months Ended June 30, % change 2026 2025 2026 2025 Net income attributable to Kinder Morgan, Inc.",True,False
c137476833a0ea3660f6,KMI,ENERGY,midstream,semantic.comparative,REVIEW_AMBIGUOUS,No unique semantic-frame assignment,48f165a9f322dc33c5afd30166da31d85b032b97e65dbbce6db6ce10ffdcb3a6,"$ 3,467 $ 3,056 Total Certain Items (3) (69) (157) DD&A 2,480 2,453 Income tax expense (4) 982 834 Interest, net (4) 1,741 1,788 Amounts associated with joint ventures Unconsolidated JV DD&A (5) 372 391 Less: Consolidated JV partners' DD&A (62) (63) Unconsolidated JV income tax expense 89 89 Adjusted EBITDA $ 9,000 $ 8,391 Net Debt-to-Adjusted EBITDA 3.6 3.8 Notes (1) Amounts calculated as total debt, less (i) cash and cash equivalents; (ii) debt fair value adjustments; and (ii) the foreign exchange impact on our Euro denominated debt of $28 million and $44 million as of June 30, 2026 and December 31, 2025, respectively, as we have entered into swaps to convert that debt to U.",True,False
b66cc3dd492916923b90,WMB,ENERGY,midstream,semantic.change_to,REVIEW_AMBIGUOUS,No unique semantic-frame assignment,5064730630ab8de72500a60461a0449c20d6acd204313f8eb32a155f44d26e03,"Second-quarter Adjusted EBITDA increased 6% year-over-year to $1.921 billion, 1 driven by transmission and Gulf Coast expansions, higher natural gas storage revenues and strong gathering performance across our footprint.” “Our Power Innovation platform continues to ramp up as customers look for fast, reliable and scalable solutions to meet growing power demand.",False,False
8cd1ed4740c5a342466a,WMB,ENERGY,midstream,semantic.absolute,REVIEW_AMBIGUOUS,No unique semantic-frame assignment,5064730630ab8de72500a60461a0449c20d6acd204313f8eb32a155f44d26e03,"Debt is net of cash on hand and, for 2026, $777 million of cash purchases of certain reimbursable long-lead Power Innovation equipment, and Adjusted EBITDA reflects the sum of the last four quarters. (3) Capital investments include increases to property, plant, and equipment (growth & maintenance), purchases of and contributions to equity-method investments and purchases of other long-term investments. (4) Second quarter and year-to-date 2026 capital investments exclude $188 million and $170 million, respectively, of certain reimbursable long-lead Power Innovation equipment.",False,False
a9947143790827633db0,WMB,ENERGY,midstream,semantic.change_to,REVIEW_AMBIGUOUS,No unique semantic-frame assignment,5064730630ab8de72500a60461a0449c20d6acd204313f8eb32a155f44d26e03,"Non-GAAP Measures Second-quarter and year-to-date 2026 Adjusted EBITDA increased by $113 million and $378 million, respectively, over the prior year driven by the previously described increases in service revenues and gas marketing margins, partially offset by higher operating and administrative expenses.",False,False
17136e38de2dde44545a,WMB,ENERGY,midstream,semantic.absolute,REVIEW_AMBIGUOUS,No unique semantic-frame assignment,5064730630ab8de72500a60461a0449c20d6acd204313f8eb32a155f44d26e03,"Second-quarter and year-to-date 2026 Adjusted Net Income improved by $48 million and $213 million, respectively, over the prior year driven by the previously described impacts to net income, adjusted primarily to remove the effects of net unrealized gains/losses on commodity derivatives and the gains associated with the Brazos Permian II and South Mansfield upstream sales.",False,False
659a0619e120bf4bc340,WMB,ENERGY,midstream,semantic.range_guidance,REVIEW_AMBIGUOUS,No unique semantic-frame assignment,5064730630ab8de72500a60461a0449c20d6acd204313f8eb32a155f44d26e03,Davis Polk & Wardwell is serving as Williams’ legal counsel on the transaction. 2026 Financial Guidance The company now expects 2026 Adjusted EBITDA of $8.3 billion to $8.5 billion and growth capex between $7.3 billion and $7.9 billion.,False,False
f347b234505ef5b931a1,WMB,ENERGY,midstream,semantic.rate,REVIEW_VALIDATION_FAILED,ADJUSTED_EBITDA does not accept RATE; expected MONEY,5064730630ab8de72500a60461a0449c20d6acd204313f8eb32a155f44d26e03,"Including the pro-forma impact of Adjusted EBITDA from the Momentum acquisition for the last four quarters, Williams' updated leverage ratio midpoint for 2026 is now approximately 3.75x.",False,False
8f89cb009ca1c275976f,EPD,ENERGY,midstream,semantic.absolute,REVIEW_AMBIGUOUS,No unique semantic-frame assignment,fe844e8d0e6b44aeee72e0b6c17d3b27f99a0cf9f867689eb77892d37b0b9b50,"Capital investments for 2Q 2026: $1.2 billion, comprised of $1.0 billion for growth capital projects and $140 million for sustaining capital expenditures •",False,False
446447fcd52493a07705,EPD,ENERGY,midstream,semantic.range_guidance,REVIEW_AMBIGUOUS,No unique semantic-frame assignment,fe844e8d0e6b44aeee72e0b6c17d3b27f99a0cf9f867689eb77892d37b0b9b50,"Growth capital spending for 2026, net of $599 million of proceeds from asset sales, is expected to be in the range of $2.9 to $3.4 billion; and $600 million for sustaining capital expenditures Conference Call to Discuss Second Quarter 2026 Earnings Enterprise will host a conference call today to discuss second quarter 2026 earnings.",False,False
f040363e87bcc6258615,EPD,ENERGY,midstream,semantic.change_to_nominal,REVIEW_VALIDATION_FAILED,PRODUCTION does not accept PERCENT; expected COUNT,fe844e8d0e6b44aeee72e0b6c17d3b27f99a0cf9f867689eb77892d37b0b9b50,"While not a record, inlet volumes to our natural gas processing plants increased to 8.1 Bcf/d in the second quarter of 2026 primarily due to a 14 percent increase in volume to our natural gas processing plants in the Permian Basin. “This volume growth, an increase in the value of our equity NGL production and higher marketing volumes and margins led to record earnings and cash flow in the second quarter of 2026.",False,False
463636bf2ee9265aaaa1,EPD,ENERGY,midstream,semantic.absolute,REVIEW_AMBIGUOUS,No unique semantic-frame assignment,fe844e8d0e6b44aeee72e0b6c17d3b27f99a0cf9f867689eb77892d37b0b9b50,"In addition to $1.2 billion of cash distributions to unitholders, we retained $1.1 billion to apply to internally funded growth capital expenditures and buybacks,” stated Teague. “I would like to congratulate our engineering and operations team for enabling Enterprise to respond to the acute global demand for U.",False,False
70cc21638dfc98a25faf,EPD,ENERGY,midstream,semantic.absolute,REVIEW_AMBIGUOUS,No unique semantic-frame assignment,fe844e8d0e6b44aeee72e0b6c17d3b27f99a0cf9f867689eb77892d37b0b9b50,"Global shipping of energy, however, continues to be disrupted due to damage to production facilities and navigation restrictions in the Middle East, longer transits due to reroutes and the continuing uncertainty in the region,” continued Teague. “During the quarter, we approved the construction of two new 300 MMcf/d gas processing plants located in the Permian Basin and a 150 MBPD NGL fractionator at our Mont Belvieu area complex.",False,False
3582384c7127055a2206,EPD,ENERGY,midstream,semantic.change_to,REVIEW_VALIDATION_FAILED,"OPERATING_MARGIN does not accept MONEY; expected PERCENT, BASIS_POINTS",fe844e8d0e6b44aeee72e0b6c17d3b27f99a0cf9f867689eb77892d37b0b9b50,Review of Second Quarter 2026 Results Total gross operating margin for the second quarter of 2026 increased $514 million to a record $3.0 billion compared to the second quarter of 2025.,False,False
9ae9710afe055ca4c8a8,EPD,ENERGY,midstream,semantic.comparative,REVIEW_VALIDATION_FAILED,"OPERATING_MARGIN does not accept MONEY; expected PERCENT, BASIS_POINTS",fe844e8d0e6b44aeee72e0b6c17d3b27f99a0cf9f867689eb77892d37b0b9b50,NGL Pipelines & Services – Gross operating margin from the NGL Pipelines & Services segment was $1.5 billion for the second quarter of 2026 compared to $1.3 billion for the second quarter of 2025.,False,False
ea74bc73701a48211d60,EPD,ENERGY,midstream,semantic.comparative,REVIEW_VALIDATION_FAILED,"OPERATING_MARGIN does not accept MONEY; expected PERCENT, BASIS_POINTS",fe844e8d0e6b44aeee72e0b6c17d3b27f99a0cf9f867689eb77892d37b0b9b50,Gross operating margin from the natural gas processing business and related NGL marketing activities was $512 million for the second quarter of 2026 compared to $341 million for the second quarter of 2025.,False,False
305bb01d0aa3c3fa9505,EPD,ENERGY,midstream,semantic.comparative,REVIEW_AMBIGUOUS,No unique semantic-frame assignment,fe844e8d0e6b44aeee72e0b6c17d3b27f99a0cf9f867689eb77892d37b0b9b50,"NGL marketing reported an $83 million increase in gross operating margin driven by higher average sales margin of $51 million, higher MTM earnings of $19 million and higher sales volumes of $13 million. •",False,False
82c7dbb3bc45c00e9810,EPD,ENERGY,midstream,semantic.change_to_nominal,REVIEW_VALIDATION_FAILED,"OPERATING_MARGIN does not accept MONEY; expected PERCENT, BASIS_POINTS",fe844e8d0e6b44aeee72e0b6c17d3b27f99a0cf9f867689eb77892d37b0b9b50,"Midland Basin natural gas processing facilities reported a $47 million increase in gross operating margin primarily due to higher average processing margins, which includes a $38 million increase attributable to hedging activities, and increased volumes.",False,False
6b633cc73414ff83a5f0,EPD,ENERGY,midstream,semantic.comparative,REVIEW_VALIDATION_FAILED,"OPERATING_MARGIN does not accept MONEY; expected PERCENT, BASIS_POINTS",fe844e8d0e6b44aeee72e0b6c17d3b27f99a0cf9f867689eb77892d37b0b9b50,Gross operating margin from the NGL pipelines and storage business was $757 million for the second quarter of 2026 compared to $732 million for the second quarter of 2025.,False,False
6623fa90d4fb04a92f4e,EPD,ENERGY,midstream,semantic.absolute,REVIEW_VALIDATION_FAILED,"OPERATING_MARGIN does not accept MONEY; expected PERCENT, BASIS_POINTS",fe844e8d0e6b44aeee72e0b6c17d3b27f99a0cf9f867689eb77892d37b0b9b50,"Gross operating margin from the Morgan's Point, Neches River and Enterprise Hydrocarbons terminals and the associated Channel pipeline increased $35 million primarily driven by higher volumes, including the completion of the second phase of the Neches River Terminal in May 2026.",False,False
92c4e046488aa6fa3c35,EPD,ENERGY,midstream,semantic.comparative,REVIEW_VALIDATION_FAILED,"OPERATING_MARGIN does not accept MONEY; expected PERCENT, BASIS_POINTS",fe844e8d0e6b44aeee72e0b6c17d3b27f99a0cf9f867689eb77892d37b0b9b50,Gross operating margin from the NGL fractionation business was a record $276 million for the second quarter of 2026 compared to $224 million for the second quarter of 2025.,False,False
ddcb482e035e6cc0e076,EPD,ENERGY,midstream,semantic.change_to,REVIEW_AMBIGUOUS,No unique semantic-frame assignment,fe844e8d0e6b44aeee72e0b6c17d3b27f99a0cf9f867689eb77892d37b0b9b50,"Gross operating margin from our Mont Belvieu area NGL fractionation complex increased $54 million primarily due to a 207 MBPD increase in fractionation volumes and higher ancillary service revenues, partially offset by higher operating costs.",False,False
6ba4aaba1f3610c99ba8,EPD,ENERGY,midstream,semantic.comparative,REVIEW_VALIDATION_FAILED,"OPERATING_MARGIN does not accept MONEY; expected PERCENT, BASIS_POINTS",fe844e8d0e6b44aeee72e0b6c17d3b27f99a0cf9f867689eb77892d37b0b9b50,Crude Oil Pipelines & Services – Gross operating margin from the Crude Oil Pipelines & Services segment was $485 million for the second quarter of 2026 compared to $403 million for the second quarter of 2025.,False,False
6585ed98f49bbe3ed4c4,EPD,ENERGY,midstream,semantic.comparative,REVIEW_AMBIGUOUS,No unique semantic-frame assignment,fe844e8d0e6b44aeee72e0b6c17d3b27f99a0cf9f867689eb77892d37b0b9b50,"On a combined basis, gross operating margin from our Texas crude oil pipelines, related terminals and marketing activities (excluding the Seaway Pipeline) increased $69 million primarily due to higher average sales margins and sales volumes, partially offset by higher operating costs.",False,False
589b43388572bed3da4d,EPD,ENERGY,midstream,semantic.absolute,REVIEW_VALIDATION_FAILED,"OPERATING_MARGIN does not accept MONEY; expected PERCENT, BASIS_POINTS",fe844e8d0e6b44aeee72e0b6c17d3b27f99a0cf9f867689eb77892d37b0b9b50,"Gross operating margin from the Seaway Pipeline system increased $23 million primarily due to higher pipeline volumes and crude oil marine terminal volumes (net to our interest), which benefited from exports of crude oil originating from the U.",False,False
f88f6eeb2c3094e6a3ae,EPD,ENERGY,midstream,semantic.comparative,REVIEW_VALIDATION_FAILED,"OPERATING_MARGIN does not accept MONEY; expected PERCENT, BASIS_POINTS",fe844e8d0e6b44aeee72e0b6c17d3b27f99a0cf9f867689eb77892d37b0b9b50,Natural Gas Pipelines & Services – Gross operating margin for the Natural Gas Pipelines & Services segment was a record $556 million for the second quarter of 2026 compared to $417 million for the second quarter of 2025.,False,False
4b7272c36eb2f4523300,EPD,ENERGY,midstream,semantic.change_to_nominal,REVIEW_AMBIGUOUS,No unique semantic-frame assignment,fe844e8d0e6b44aeee72e0b6c17d3b27f99a0cf9f867689eb77892d37b0b9b50,Natural gas marketing reported a $91 million increase in gross operating margin primarily due to $60 million of higher average sales margins and $31 million of higher MTM earnings. •,False,False
e7fbc31a6213c0968446,EPD,ENERGY,midstream,semantic.change_to,REVIEW_VALIDATION_FAILED,"OPERATING_MARGIN does not accept MONEY; expected PERCENT, BASIS_POINTS",fe844e8d0e6b44aeee72e0b6c17d3b27f99a0cf9f867689eb77892d37b0b9b50,"On a combined basis, gross operating margin from our Delaware Basin Gathering System and Midland Basin Gathering System increased a net $13 million primarily due to higher gathering volumes partially offset by higher operating costs. 3 Petrochemical & Refined Products Services – Gross operating margin for the Petrochemical & Refined Products Services segment was $418 million for the second quarter of 2026 compared to $354 million for the second quarter of 2025.",False,False
46520a6709ef97233242,EPD,ENERGY,midstream,semantic.change_to_nominal,REVIEW_AMBIGUOUS,No unique semantic-frame assignment,fe844e8d0e6b44aeee72e0b6c17d3b27f99a0cf9f867689eb77892d37b0b9b50,"The partnership’s ethylene business reported a $23 million increase in gross operating margin primarily due to a 20 MBPD increase in export volumes, and higher sales and pipeline volumes. •",False,False
842c7458e69db241a5e1,EPD,ENERGY,midstream,semantic.comparative,REVIEW_AMBIGUOUS,No unique semantic-frame assignment,fe844e8d0e6b44aeee72e0b6c17d3b27f99a0cf9f867689eb77892d37b0b9b50,"Propylene production and related activities reported a net $19 million increase in gross operating margin primarily due to record propylene production volumes, which resulted in higher propylene sales volumes, and higher average propylene sales margins, partially offset by higher operating costs. •",False,False
8dc841ec92adfab7531e,EPD,ENERGY,midstream,semantic.comparative,REVIEW_AMBIGUOUS,No unique semantic-frame assignment,fe844e8d0e6b44aeee72e0b6c17d3b27f99a0cf9f867689eb77892d37b0b9b50,Gross operating margin from our octane enhancement and related plant operations increased $8 million due to higher average sales margins and higher MTM earnings.,False,False
43404cfe5dffe87e7786,EPD,ENERGY,midstream,semantic.comparative,REVIEW_VALIDATION_FAILED,PRODUCTION does not accept PRICE; expected COUNT,fe844e8d0e6b44aeee72e0b6c17d3b27f99a0cf9f867689eb77892d37b0b9b50,"The weighted-average indicative market price for NGLs (based on prices for such products at Mont Belvieu, Texas, which is the primary industry hub for domestic NGL production) was $0.68 per gallon during the second quarter of 2026 versus $0.58 per gallon during the second quarter of 2025.",False,False
59e6550a6236d5763de2,SLB,ENERGY,services,semantic.comparative,REVIEW_AMBIGUOUS,No unique semantic-frame assignment,f10798914225d182d6a7a39ed6317e2748f8bb6d256b3239d2f0034df93b1b85,"The acquired ChampionX businesses contributed $870 million of revenue, $207 million of adjusted EBITDA and $158 million of pretax segment operating income in the second quarter of 2026.",False,False
526e28a8d8fdd60e43dc,SLB,ENERGY,services,semantic.change_by,REVIEW_AMBIGUOUS,No unique semantic-frame assignment,f10798914225d182d6a7a39ed6317e2748f8bb6d256b3239d2f0034df93b1b85,"Excluding the impact of this acquisition, SLB’s second-quarter 2026 global revenue decreased 5% year on year; international second-quarter 2026 revenue decreased 6% year on year; and North America second-quarter 2026 revenue decreased 1% year on year. * These are non-GAAP financial measures.",False,False
f8bfd167d71e8c6381ee,SLB,ENERGY,services,semantic.comparative,REVIEW_AMBIGUOUS,No unique semantic-frame assignment,f10798914225d182d6a7a39ed6317e2748f8bb6d256b3239d2f0034df93b1b85,"Excluding the impact of this acquisition, Digital second-quarter 2026 revenue increased 12% year on year while Production Systems revenue decreased 1% year on year. n/m = not meaningful Broad-Based International Growth More than Offset Impact of Middle East Disruptions “SLB delivered solid second-quarter results, as broad-based sequential growth across international markets — led by offshore activity in Latin America, Europe & Africa and Asia — more than offset the impact of continued disruptions in the Middle East,” said SLB Chief Executive Officer Olivier Le Peuch. “Excluding the Middle East, revenue grew sequentially across all Divisions, supported by higher offshore activity, a rebound in U.",False,False
5ea8637f7ede20ea4ec5,SLB,ENERGY,services,semantic.comparative,REVIEW_AMBIGUOUS,No unique semantic-frame assignment,f10798914225d182d6a7a39ed6317e2748f8bb6d256b3239d2f0034df93b1b85,Production Systems and Digital Drive Sequential Growth “Production Systems revenue grew 7% sequentially supported by U.,False,False
ba7fa6c0a227b791cd20,SLB,ENERGY,services,semantic.comparative,REVIEW_AMBIGUOUS,No unique semantic-frame assignment,f10798914225d182d6a7a39ed6317e2748f8bb6d256b3239d2f0034df93b1b85,"This drove growth in artificial lift, valves, surface production systems and production chemicals, further highlighting the strategic value of ChampionX in our portfolio. “Production Systems also benefited from increased subsea activity, reflecting growing momentum in long-cycle offshore investment as customers advance key developments and sanction new projects. “In Digital, revenue increased 9% sequentially, driven by strong revenue in Digital Exploration, Platforms & Applications, and Digital Operations. “Digital, AI, and data-driven workflows are playing an increasingly important role in improving subsurface understanding, accelerating decision making, and enhancing operational performance.",False,False
7a63ab4a07f7cad027ee,SLB,ENERGY,services,semantic.cause_effect,REVIEW_AMBIGUOUS,No unique semantic-frame assignment,f10798914225d182d6a7a39ed6317e2748f8bb6d256b3239d2f0034df93b1b85,"As activity improves, we expect the return to full production capacity to take time. “The recovery will require higher service intensity — particularly in well intervention — as well as increased equipment demand, infrastructure repair and the realignment of shipping logistics.",False,False
3d6431b12ad59e805587,SLB,ENERGY,services,semantic.change_by,REVIEW_AMBIGUOUS,No unique semantic-frame assignment,f10798914225d182d6a7a39ed6317e2748f8bb6d256b3239d2f0034df93b1b85,Second-Quarter Revenue by Geographical Area Second-quarter revenue of $8.97 billion increased 3% sequentially with international revenue increasing 3% and North America revenue increasing 4%.,False,False
b8be7824a6f4319cb6ae,SLB,ENERGY,services,semantic.absolute,REVIEW_VALIDATION_FAILED,REVENUE does not accept PERCENT; expected MONEY,f10798914225d182d6a7a39ed6317e2748f8bb6d256b3239d2f0034df93b1b85,"Sequential revenue growth was broad-based with revenue increases in North America, Latin America, Europe & Africa, and Asia more than offsetting the 13% revenue decline in the Middle East due to persistent disruptions related to the conflict.",False,False
a4bfec7b8c4154433a95,SLB,ENERGY,services,semantic.change_by,REVIEW_AMBIGUOUS,No unique semantic-frame assignment,f10798914225d182d6a7a39ed6317e2748f8bb6d256b3239d2f0034df93b1b85,"Year on year, revenue decreased 3%, primarily due to lower production systems sales in Turkey and Libya, as well as a decline in SLB Capturi  revenue due to completion of project milestones.",False,False
d49d2e6934ac6c37459d,SLB,ENERGY,services,semantic.absolute,REVIEW_VALIDATION_FAILED,REVENUE does not accept PERCENT; expected MONEY,f10798914225d182d6a7a39ed6317e2748f8bb6d256b3239d2f0034df93b1b85,"Year on year, revenue declined 16%, primarily due to the impact of conflict-related disruptions in the Middle East, partially offset by strong growth across Asia.",False,False
d0d2a720542697a5f6c0,SLB,ENERGY,services,semantic.comparative,REVIEW_AMBIGUOUS,No unique semantic-frame assignment,f10798914225d182d6a7a39ed6317e2748f8bb6d256b3239d2f0034df93b1b85,"Digital pretax operating margin was 28%, expanding 683 basis points (bps) sequentially, primarily due to higher sales of exploration data licenses and transfer fees, as well as improved profitability in Digital Operations and Platforms & Applications.",False,False
7b953278812f43c64440,SLB,ENERGY,services,semantic.comparative,REVIEW_AMBIGUOUS,No unique semantic-frame assignment,f10798914225d182d6a7a39ed6317e2748f8bb6d256b3239d2f0034df93b1b85,"See reconciliation in the section “Supplementary Information” for details. n/m = not meaningful Production Systems revenue of $3.77 billion increased 7% sequentially, driven by strong growth in Latin America, Europe & Africa, Asia and North America, despite a decline in the Middle East due to disruptions associated with the regional conflict.",False,False
a45bba3367924ea4bb48,SLB,ENERGY,services,semantic.cause_effect,REVIEW_AMBIGUOUS,No unique semantic-frame assignment,f10798914225d182d6a7a39ed6317e2748f8bb6d256b3239d2f0034df93b1b85,"Sequential growth was supported by higher revenue from SLB OneSubsea, along with increased sales of artificial lift, valves, surface production systems and completions.",False,False
eac208544a5d84bb0e60,SLB,ENERGY,services,semantic.change_by,REVIEW_AMBIGUOUS,No unique semantic-frame assignment,f10798914225d182d6a7a39ed6317e2748f8bb6d256b3239d2f0034df93b1b85,"Year on year, revenue increased 29%, primarily reflecting the contribution from the acquired ChampionX production chemicals and artificial lift businesses.",False,False
b8a93895e2d9db2b04ea,SLB,ENERGY,services,semantic.comparative,REVIEW_AMBIGUOUS,No unique semantic-frame assignment,f10798914225d182d6a7a39ed6317e2748f8bb6d256b3239d2f0034df93b1b85,These acquired businesses contributed $865 million in revenue and $155 million in pretax operating income during the second quarter of 2026.,False,False
d3cae1a9af621d2381d8,SLB,ENERGY,services,semantic.change_by,REVIEW_AMBIGUOUS,No unique semantic-frame assignment,f10798914225d182d6a7a39ed6317e2748f8bb6d256b3239d2f0034df93b1b85,"Excluding the impact of the acquisition, Production Systems second-quarter 2026 revenue decreased 1% year on year.",False,False
fa89f0de163b5219eba4,SLB,ENERGY,services,semantic.comparative,REVIEW_AMBIGUOUS,No unique semantic-frame assignment,f10798914225d182d6a7a39ed6317e2748f8bb6d256b3239d2f0034df93b1b85,"Production Systems pretax operating margin was 16%, expanding 138 bps sequentially, driven by improved profitability in SLB OneSubsea and artificial lift.",False,False
b217a7132f8b36705055,SLB,ENERGY,services,semantic.change_to,REVIEW_VALIDATION_FAILED,REVENUE does not accept PERCENT; expected MONEY,f10798914225d182d6a7a39ed6317e2748f8bb6d256b3239d2f0034df93b1b85,Revenue increased 14% sequentially due to 33% higher revenue in Data Center Solutions while APS revenue was flat.,False,False
2138c936b7be168a0bf0,SLB,ENERGY,services,semantic.absolute,REVIEW_VALIDATION_FAILED,REVENUE does not accept PERCENT; expected MONEY,f10798914225d182d6a7a39ed6317e2748f8bb6d256b3239d2f0034df93b1b85,This decline was partially offset by an 80% increase in Data Center Solutions revenue.,False,False
ab18b5281bd95319347a,SLB,ENERGY,services,semantic.count_activity,REVIEW_AMBIGUOUS,No unique semantic-frame assignment,f10798914225d182d6a7a39ed6317e2748f8bb6d256b3239d2f0034df93b1b85,"The project unlocked 13.8 million barrels of incremental oil, delivered production results three times higher than initial forecasts, brought 90 wells online and reduced produced water volumes by 55%, demonstrating the impact of SLB’s integrated technology and execution model in improving recovery and operational efficiency across mature assets.  In the United Arab Emirates, SLB collaborated with a national oil company to reactivate shut-in wells in a mature onshore field using Production Express  rapid production response solutions.",False,False
9ab6626827347d5468a7,SLB,ENERGY,services,semantic.comparative,REVIEW_AMBIGUOUS,No unique semantic-frame assignment,f10798914225d182d6a7a39ed6317e2748f8bb6d256b3239d2f0034df93b1b85,"SLB’s adjusted EBITDA margin was 20.8% in the first six months of 2026 and 23.9% in the first six months of 2025, and was calculated as follows: (Stated in millions) Six Months 2026 Six Months 2025 Change Net income attributable to SLB $ 1,538 $ 1,811 Net income attributable to noncontrolling interests 38 66 Tax expense 399 471 Income before taxes $ 1,975 $ 2,348 Charges & credits 110 228 Depreciation and amortization 1,397 1,273 Interest expense 244 289 Interest income (54 ) (66 ) Adjusted EBITDA $ 3,672 $ 4,072 -10 % Revenue $ 17,693 17,035 4 % Adjusted EBITDA margin 20.8 % 23.9 % -315 bps 9) What were the components of depreciation and amortization expenses for the second quarter of 2026, the first quarter of 2026, the second quarter of 2025, the first six months of 2026, and the first six months of 2025?",False,False
eb59ff0d1963904a05cf,SLB,ENERGY,services,semantic.comparative,REVIEW_AMBIGUOUS,No unique semantic-frame assignment,f10798914225d182d6a7a39ed6317e2748f8bb6d256b3239d2f0034df93b1b85,"Data Center Solutions revenue was $327 million in the first six months of 2026 and $201 million in the first six months of 2025, resulting in a 63% increase year on year. 15) What Divisions comprise SLB’s Core business and what were their revenue and pretax operating income for the second quarter of 2026, the first quarter of 2026, and the second quarter of 2025?",False,False
f34c7c181c51554665da,HAL,ENERGY,services,semantic.comparative,REVIEW_AMBIGUOUS,No unique semantic-frame assignment,dcf8f2ab1e3ad65c8614af1110af263e7be40c6c9c34abc2a2ac9647bd5545e6,Revenue of $5.7 billion and operating margin of 14% . •,False,False
9af2a4c942c223e302b0,HAL,ENERGY,services,semantic.comparative,REVIEW_AMBIGUOUS,No unique semantic-frame assignment,dcf8f2ab1e3ad65c8614af1110af263e7be40c6c9c34abc2a2ac9647bd5545e6,"Operating Segments Completion and Production Completion and Production revenue in the second quarter of 2026 was $3.2 billion , an increase of $186 million , or 6% sequentially, while operating income was $474 million , an increase of $35 million , or 8% sequentially .",False,False
aa8d4eea3374965076dd,HAL,ENERGY,services,semantic.comparative,REVIEW_AMBIGUOUS,No unique semantic-frame assignment,dcf8f2ab1e3ad65c8614af1110af263e7be40c6c9c34abc2a2ac9647bd5545e6,"Drilling and Evaluation Drilling and Evaluation revenue in the second quarter of 2026 was $2.5 billion , an increase of $126 million , or 5% sequentially, while operating income was $338 million , a decrease of $13 million , or 4% sequentially .",False,False
59ec35fb5ea5868eb0a2,BKR,ENERGY,services,semantic.range_guidance,REVIEW_AMBIGUOUS,No unique semantic-frame assignment,97c5692979509c020b1fa80d65b02f2429fbb3c354ac0b35dee91d8b1ea45982,"Looking ahead, favorable underlying fundamentals support our confidence in achieving the midpoint of our full-year guidance as we continue to manage through the Middle East uncertainty."" ""IET delivered another exceptional quarter of orders, with record bookings doubling year-over-year to $7.1 billion and backlog increasing 19% to a new all-time high.",True,False
c2c1f336b3b99eb41ee7,BKR,ENERGY,services,semantic.absolute,REVIEW_AMBIGUOUS,No unique semantic-frame assignment,97c5692979509c020b1fa80d65b02f2429fbb3c354ac0b35dee91d8b1ea45982,"A reconciliation from GAAP has been provided in Table 1c in the section titled ""Reconciliation of GAAP to non-GAAP Financial Measures."" Capital expenditures, net of proceeds from disposal of assets, were $236 million for the second quarter of 2026, of which $135 million was for OFSE and $85 million was for IET. 5 Baker Hughes Company News Release Baker Hughes Company Announces Second-Quarter 2026 Results Results by Reporting Segment The following segment discussions and variance explanations are intended to reflect management's view of the relevant comparisons of financial results on a sequential or year-over-year basis, depending on the business dynamics of the reporting segments.",True,False
a5ef60505d46cbfdea27,BKR,ENERGY,services,semantic.cause_effect,REVIEW_AMBIGUOUS,No unique semantic-frame assignment,97c5692979509c020b1fa80d65b02f2429fbb3c354ac0b35dee91d8b1ea45982,"Oil and gas market conditions - the level of petroleum industry exploration, development and production expenditures; the price of, volatility in pricing of, and the demand for crude oil and natural gas; drilling activity; drilling permits for and regulation of the shelf and the deepwater drilling; excess productive capacity; crude and product inventories; LNG supply and demand; seasonal and other adverse weather conditions that affect the demand for energy; severe weather conditions, such as tornadoes and hurricanes, that affect exploration and production activities; Organization of Petroleum Exporting Countries (""OPEC"") policy and the adherence by OPEC nations to their OPEC production quotas. 14 Baker Hughes Company News Release Baker Hughes Company Announces Second-Quarter 2026 Results •",True,False
dafc701d3f59568f29f5,GD,INDUSTRIALS,aerospace_defense,semantic.comparative,REVIEW_AMBIGUOUS,No unique semantic-frame assignment,f9a540c5233d79ee1e1f97538e5a589455250e6fba2908c9d12f7b67cef9488a,"1.4-to-1 book-to-bill, with strong order activity in all segments RESTON, Va . – General Dynamics (NYSE: GD) today reported second-quarter 2026 operating earnings of $1.5 billion, and $4.24 per diluted share (EPS), on revenue of $14.1 billion.",False,False
bf5d1fae39d5bf19ffdb,GD,INDUSTRIALS,aerospace_defense,semantic.change_by,REVIEW_AMBIGUOUS,No unique semantic-frame assignment,f9a540c5233d79ee1e1f97538e5a589455250e6fba2908c9d12f7b67cef9488a,"Compared with the year-ago quarter, revenue increased 8.1%, operating earnings increased 11.9%, and diluted EPS increased 13.4%.",False,False
6f38e6f85b3cb1e1f6fd,GD,INDUSTRIALS,aerospace_defense,semantic.change_to_nominal,REVIEW_AMBIGUOUS,No unique semantic-frame assignment,f9a540c5233d79ee1e1f97538e5a589455250e6fba2908c9d12f7b67cef9488a,"Operating margin of 10.4% was a 40-basis-point expansion from the year-ago quarter. “Our businesses delivered solid results in the quarter, with revenue growth across all four segments – including double-digit increases in revenue and noteworthy margin expansion in Aerospace and Marine Systems – reflecting our ongoing efforts to increase the pace of execution and deliver on our backlog,” said Phebe Novakovic, chairman and chief executive officer. “We are well positioned to support our customers’ needs and are continuing to make significant investments to increase output to meet strong and growing demand.” Cash and Capital Deployment Net cash provided by operating activities in the quarter totaled $1.9 billion, or 162% of net earnings.",False,False
f95d8967dd8b7d5d3b83,GD,INDUSTRIALS,aerospace_defense,semantic.comparative,REVIEW_AMBIGUOUS,No unique semantic-frame assignment,f9a540c5233d79ee1e1f97538e5a589455250e6fba2908c9d12f7b67cef9488a,"During the quarter, the company paid $429 million in dividends, invested $234 million in capital expenditures, and reduced total debt by $498 million.",False,False
e04cb30392ea99586bbf,GD,INDUSTRIALS,aerospace_defense,semantic.comparative,REVIEW_AMBIGUOUS,No unique semantic-frame assignment,f9a540c5233d79ee1e1f97538e5a589455250e6fba2908c9d12f7b67cef9488a,"Orders and Backlog Orders received in the quarter totaled $14.7 billion in the defense segments and $5.3 billion in the Aerospace segment, for a total of $20 billion.",False,False
e4fe26b5346406aa811b,CARR,INDUSTRIALS,building_products,semantic.point_guidance,REVIEW_VALIDATION_FAILED,REVENUE does not accept PERCENT; expected MONEY,601862a14b4a3e8ed16c0ab5819d50edded4757a5f407a78480030848c1986fa,"S. factory costs PALM BEACH GARDENS, Fla . , July 28, 2026 – Carrier Global Corporation (NYSE: CARR), global leader in intelligent climate and energy solutions, today reported better than expected financial results for the second quarter of 2026. “We ended the first half with a stronger than expected second quarter, including better sales, adjusted EPS and free cash flow,” said Chairman & CEO David Gitlin. “Organic sales returned to growth earlier than expected, up 3%, driven by strong performance in our CSA segment.",False,True
36ffd58b9ea938256bb0,CARR,INDUSTRIALS,building_products,semantic.change_by,REVIEW_AMBIGUOUS,No unique semantic-frame assignment,601862a14b4a3e8ed16c0ab5819d50edded4757a5f407a78480030848c1986fa,Organic sales increased 3% and foreign currency translation was a tailwind of 1%.,False,True
8f576f241d319732a4f0,CARR,INDUSTRIALS,building_products,semantic.comparative,REVIEW_AMBIGUOUS,No unique semantic-frame assignment,601862a14b4a3e8ed16c0ab5819d50edded4757a5f407a78480030848c1986fa,"Organic sales were up 4% driven by Residential and Light Commercial (RLC), up 9% and 10% respectively, partially offset by Commercial 1 , down 8% due to the timing of customer deliveries.",False,True
078e2105d8c90a06ea78,CARR,INDUSTRIALS,building_products,semantic.absolute,REVIEW_VALIDATION_FAILED,REVENUE does not accept PERCENT; expected MONEY,601862a14b4a3e8ed16c0ab5819d50edded4757a5f407a78480030848c1986fa,Organic sales were up 3% with RLC up high-single digits and Commercial down mid-single digits.,False,True
bbab7f3d715dbf7c05a1,CARR,INDUSTRIALS,building_products,semantic.absolute,REVIEW_VALIDATION_FAILED,REVENUE does not accept PERCENT; expected MONEY,601862a14b4a3e8ed16c0ab5819d50edded4757a5f407a78480030848c1986fa,"Organic sales were up 4% driven by double-digit growth in India, the Middle East, Southeast Asia and Australia partially offset by continued pressure in RLC in China.",False,True
44dec43e36156135d85e,CARR,INDUSTRIALS,building_products,semantic.absolute,REVIEW_VALIDATION_FAILED,REVENUE does not accept PERCENT; expected MONEY,601862a14b4a3e8ed16c0ab5819d50edded4757a5f407a78480030848c1986fa,Organic sales were flat as strong Container growth of ~40% was offset by low-teens declines in Global Truck and Trailer.,False,True
40eae2805c16edd48f7d,PWR,INDUSTRIALS,construction_engineering,semantic.comparative,REVIEW_AMBIGUOUS,No unique semantic-frame assignment,8b2f6f6d5dbbdfb6c5c5aec6850a6ab73ebb69b35d4ffe6db2c0546b91d5c482,"Adjusted diluted earnings per share attributable to common stock was $2.68 for the first quarter of 2026 compared to $1.78 for the first quarter of 2025. “Quanta delivered an exceptional first quarter, reflected by strong double-digit growth in revenue, adjusted EBITDA and adjusted earnings per share, along with record backlog of $48.5 billion.",False,True
c8749751a8d72e10cc0f,PWR,INDUSTRIALS,construction_engineering,semantic.range_guidance,REVIEW_AMBIGUOUS,No unique semantic-frame assignment,8b2f6f6d5dbbdfb6c5c5aec6850a6ab73ebb69b35d4ffe6db2c0546b91d5c482,"For the full year ending December 31, 2026, Quanta now expects revenues to range between $34.7 billion and $35.2 billion and net income attributable to common stock to range between $1.40 billion and $1.50 billion.",False,True
e444aa1f3ef3a2dfc1be,PWR,INDUSTRIALS,construction_engineering,semantic.range_guidance,REVIEW_AMBIGUOUS,No unique semantic-frame assignment,8b2f6f6d5dbbdfb6c5c5aec6850a6ab73ebb69b35d4ffe6db2c0546b91d5c482,Quanta now expects EBITDA to range between $3.20 billion and $3.36 billion and adjusted EBITDA to range between $3.49 billion and $3.65 billion.,False,True
7d8cce8d02dfc766234e,ETN,INDUSTRIALS,electrical_components,semantic.point_guidance,REVIEW_VALIDATION_FAILED,REVENUE does not accept PERCENT; expected MONEY,8ad75d54782a018e5d1b38628eca27abd672d99cf62bf47a9807162b81769d3a,"Second quarter sales were up 21%, with organic sales growth of 14%, above the high end of guidance •",False,True
3ac3d684baaac00bdd9e,ETN,INDUSTRIALS,electrical_components,semantic.absolute,REVIEW_VALIDATION_FAILED,BACKLOG does not accept PERCENT; expected MONEY,8ad75d54782a018e5d1b38628eca27abd672d99cf62bf47a9807162b81769d3a,Strong year-over-year total backlog growth of 43% in Electrical sector and 28% in Aerospace segment •,False,True
f43a5e7407f5450e7f11,ETN,INDUSTRIALS,electrical_components,semantic.absolute,REVIEW_VALIDATION_FAILED,REVENUE does not accept PERCENT; expected MONEY,8ad75d54782a018e5d1b38628eca27abd672d99cf62bf47a9807162b81769d3a,The sales increase consisted of 14% growth in organic sales and 7% growth from acquisitions.,False,True
951bbc9250f85b7ab262,ETN,INDUSTRIALS,electrical_components,semantic.absolute,REVIEW_VALIDATION_FAILED,"ORDERS does not accept PERCENT; expected MONEY, COUNT",8ad75d54782a018e5d1b38628eca27abd672d99cf62bf47a9807162b81769d3a,The twelve-month rolling average of orders in the second quarter was up 41% organically.,False,True
c4d2f810168330e7d774,ETN,INDUSTRIALS,electrical_components,semantic.absolute,REVIEW_VALIDATION_FAILED,BACKLOG does not accept PERCENT; expected MONEY,8ad75d54782a018e5d1b38628eca27abd672d99cf62bf47a9807162b81769d3a,Total backlog at the end of June remained strong and was up 33% over June 2025.,False,True
27e70f2ba581a67b27a6,ETN,INDUSTRIALS,electrical_components,semantic.absolute,REVIEW_VALIDATION_FAILED,REVENUE does not accept PERCENT; expected MONEY,8ad75d54782a018e5d1b38628eca27abd672d99cf62bf47a9807162b81769d3a,"The sales increase consisted of 18% growth in organic sales, 25% contribution from Boyd Thermal in its first full quarter post-acquisition, and 1% growth from foreign exchange.",False,True
92039af6e347d5976ca2,ETN,INDUSTRIALS,electrical_components,semantic.absolute,REVIEW_VALIDATION_FAILED,"ORDERS does not accept PERCENT; expected MONEY, COUNT",8ad75d54782a018e5d1b38628eca27abd672d99cf62bf47a9807162b81769d3a,The twelve-month rolling average of orders in the second quarter was up 33% organically.,False,True
bc9daf01bfdc47495b90,ETN,INDUSTRIALS,electrical_components,semantic.absolute,REVIEW_VALIDATION_FAILED,BACKLOG does not accept PERCENT; expected MONEY,8ad75d54782a018e5d1b38628eca27abd672d99cf62bf47a9807162b81769d3a,Total backlog at the end of June was up 103% over June 2025.,False,True
d7aeb97ad6496c8f1757,ETN,INDUSTRIALS,electrical_components,semantic.absolute,REVIEW_VALIDATION_FAILED,REVENUE does not accept PERCENT; expected MONEY,8ad75d54782a018e5d1b38628eca27abd672d99cf62bf47a9807162b81769d3a,The sales increase consisted of 7% growth in organic sales and 6% growth from an acquisition.,False,True
dcc41701a1f560cb95f3,ETN,INDUSTRIALS,electrical_components,semantic.absolute,REVIEW_VALIDATION_FAILED,"ORDERS does not accept PERCENT; expected MONEY, COUNT",8ad75d54782a018e5d1b38628eca27abd672d99cf62bf47a9807162b81769d3a,The twelve-month rolling average of orders in the second quarter was up 17% organically.,False,True
82931443287a7444704a,ETN,INDUSTRIALS,electrical_components,semantic.absolute,REVIEW_VALIDATION_FAILED,BACKLOG does not accept PERCENT; expected MONEY,8ad75d54782a018e5d1b38628eca27abd672d99cf62bf47a9807162b81769d3a,Total backlog at the end of June was up 28% over June 2025.,False,True
94e4e10f1233ab7bb0fc,ETN,INDUSTRIALS,electrical_components,semantic.absolute,REVIEW_AMBIGUOUS,No unique semantic-frame assignment,8ad75d54782a018e5d1b38628eca27abd672d99cf62bf47a9807162b81769d3a,"Resilient was acquired for $86 million, including $55 million of cash paid at closing and an initial estimate of $31 million for the fair value of contingent future consideration based on 2025 through 2028 revenue performance and achievement of technology-based milestones.",False,True
1c3b29b75c25ced9fb8b,GEV,INDUSTRIALS,heavy_electrical,semantic.comparative,REVIEW_AMBIGUOUS,No unique semantic-frame assignment,0a64d6964e7417f081f1803045ab3008dc9daebbbd935c87cd30ecf0f3849842,"With a backlog of $ 176 billion , continued revenue growth and margin expansion, and significant free cash flow generation, GE Vernova’s momentum is building, and we are raising our 2026 financial guidance ,” said GE Vernova CEO Scott Strazik. “ We now expect to have at least 125 GW of gas equipment under contract by year-end 2026.",False,True
e800a50b19f04c0e893e,GEV,INDUSTRIALS,heavy_electrical,semantic.absolute,REVIEW_AMBIGUOUS,No unique semantic-frame assignment,0a64d6964e7417f081f1803045ab3008dc9daebbbd935c87cd30ecf0f3849842,"Free cash flow* of $ 5.1 billion increased $ 4.9 billion , primarily due to higher positive benefits from working capital and stronger adjusted EBITDA*.",False,True
1347061be536abae5dbd,GEV,INDUSTRIALS,heavy_electrical,semantic.change_by,REVIEW_AMBIGUOUS,No unique semantic-frame assignment,0a64d6964e7417f081f1803045ab3008dc9daebbbd935c87cd30ecf0f3849842,Orders of $16.7 billion increased + 134% organically and revenues of $5.5 billion increased + 14% on a U.,False,True
be15e06f338c4417dfde,GEV,INDUSTRIALS,heavy_electrical,semantic.change_by,REVIEW_AMBIGUOUS,No unique semantic-frame assignment,0a64d6964e7417f081f1803045ab3008dc9daebbbd935c87cd30ecf0f3849842,"Segment EBITDA margin grew + 240 basis points, + 320 basis points organically* . •",False,True
961ed9a2befe0dc085cf,GEV,INDUSTRIALS,heavy_electrical,semantic.change_by,REVIEW_AMBIGUOUS,No unique semantic-frame assignment,0a64d6964e7417f081f1803045ab3008dc9daebbbd935c87cd30ecf0f3849842,"Orders of $6.3 billion increased + 66% organically , driving a book-to-bill ratio of approximately 1.7, with continued strong demand for grid equipment.",False,True
4a556e7ada6a35b8ca67,GEV,INDUSTRIALS,heavy_electrical,semantic.change_by,REVIEW_AMBIGUOUS,No unique semantic-frame assignment,0a64d6964e7417f081f1803045ab3008dc9daebbbd935c87cd30ecf0f3849842,"Segment EBITDA margin grew + 390 basis points, + 700 basis points organically* . •",False,True
d0894d16265608d38993,GEV,INDUSTRIALS,heavy_electrical,semantic.change_to_nominal,REVIEW_AMBIGUOUS,No unique semantic-frame assignment,0a64d6964e7417f081f1803045ab3008dc9daebbbd935c87cd30ecf0f3849842,"Invested $0.4 billion in capital expenditures, including to increase production in Power and Electrification, as part of its commitment to invest $ 6 billion in capex from 2025 through 2028, including $ 1 billion from Prolec GE from 2026 to 2028. •",False,True
37e320b5310df6226cfc,GEV,INDUSTRIALS,heavy_electrical,semantic.comparative,REVIEW_AMBIGUOUS,No unique semantic-frame assignment,0a64d6964e7417f081f1803045ab3008dc9daebbbd935c87cd30ecf0f3849842,"Our backlog continued to expand driven by equipment growth at Power and Electrification, with healthy margins from favorable price and disciplined underwriting, and services growth at Power ,” said GE Vernova CFO Ken Park s. “ Given our significant free cash flow generation, we ended the quarter with a cash balance of $ 13.1 billion, up $4.3 billion in the year, even as we returned more capital to shareholders so far this year than in the full year of 2025 through our share repurchase actions and quarterly dividend payment .",False,True
f3817a86dd6c0dcfbcb4,GEV,INDUSTRIALS,heavy_electrical,semantic.comparative,REVIEW_AMBIGUOUS,No unique semantic-frame assignment,0a64d6964e7417f081f1803045ab3008dc9daebbbd935c87cd30ecf0f3849842,"Power : 18%-20% organic revenue* growth, up from 16%-18%, and 17%-19% segment EBITDA margin. •",False,True
6d5dd15427d476e9ccdf,GEV,INDUSTRIALS,heavy_electrical,semantic.comparative,REVIEW_AMBIGUOUS,No unique semantic-frame assignment,0a64d6964e7417f081f1803045ab3008dc9daebbbd935c87cd30ecf0f3849842,"Electrification : Revenue of $14.5-$15.0 billion, inclusive of approximately $3.1 billion from Prolec GE, up from $14.0-$14.5 billion, inclusive of approximately $3.0 billion from Prolec GE, and 18%-20% segment EBITDA margin. •",False,True
f0d297ea421a0aa9da9d,GEV,INDUSTRIALS,heavy_electrical,semantic.comparative,REVIEW_AMBIGUOUS,No unique semantic-frame assignment,0a64d6964e7417f081f1803045ab3008dc9daebbbd935c87cd30ecf0f3849842,"Revenues of $2.0 billion decreased (10)% , (11)% organically*, due to lower Onshore Wind equipment deliveries as a result of soft orders in the first half of 2025, partially offset by higher Onshore Wind services and higher Offshore Wind deliveries and installations.",False,True
a648c79194aeca5243f3,HON,INDUSTRIALS,industrial_conglomerates,semantic.cause_effect,REVIEW_AMBIGUOUS,No unique semantic-frame assignment,a1da4f327bbe6447d59f43ccb87a34a9bfeda3e4b3ddc9cd06f6243451575058,"Segment margin expanded 90 basis points to 27.1% driven by volume leverage and pricing, partially offset by inflation.",False,True
a2757ba48faf7883def6,HON,INDUSTRIALS,industrial_conglomerates,semantic.point_guidance,REVIEW_VALIDATION_FAILED,REVENUE does not accept PERCENT; expected MONEY,a1da4f327bbe6447d59f43ccb87a34a9bfeda3e4b3ddc9cd06f6243451575058,"Projects sales increased 5% organically, led by continued strength in LNG and a return to growth in automation projects.",False,True
bf6479b2350814c4e9b1,HON,INDUSTRIALS,industrial_conglomerates,semantic.comparative,REVIEW_VALIDATION_FAILED,REVENUE does not accept PERCENT; expected MONEY,a1da4f327bbe6447d59f43ccb87a34a9bfeda3e4b3ddc9cd06f6243451575058,This was offset by a 6% decline in aftermarket sales driven by higher catalyst shipments in the prior year.,False,True
9df18d80ae135f2cbe12,HON,INDUSTRIALS,industrial_conglomerates,semantic.absolute,REVIEW_VALIDATION_FAILED,"ORDERS does not accept PERCENT; expected MONEY, COUNT",a1da4f327bbe6447d59f43ccb87a34a9bfeda3e4b3ddc9cd06f6243451575058,Orders were up 24% led by demand in LNG.,False,True
6be68f1f9d049b66012e,HON,INDUSTRIALS,industrial_conglomerates,semantic.change_by,REVIEW_AMBIGUOUS,No unique semantic-frame assignment,a1da4f327bbe6447d59f43ccb87a34a9bfeda3e4b3ddc9cd06f6243451575058,"Industrial Automation sales for the second quarter grew 4% organically 1 year over year led by 10% growth in solutions, driven by strength in utilities projects and strong backlog conversion in the warehouse business.",False,True
964b5b1e21c83bb81cbc,HON,INDUSTRIALS,industrial_conglomerates,semantic.range_guidance,REVIEW_AMBIGUOUS,No unique semantic-frame assignment,a1da4f327bbe6447d59f43ccb87a34a9bfeda3e4b3ddc9cd06f6243451575058,"The company now expects segment margin 1 in the range of 20.1% to 20.5% with segment margin 1 expansion of 250 to 290 basis points year over year; and adjusted earnings per share 1 in the range of $8.05 to $8.35, up 25% to 29%.",False,True
49b748bab93ae4f370a9,HON,INDUSTRIALS,industrial_conglomerates,semantic.change_to_nominal,REVIEW_VALIDATION_FAILED,REVENUE does not accept PERCENT; expected MONEY,a1da4f327bbe6447d59f43ccb87a34a9bfeda3e4b3ddc9cd06f6243451575058,"Sales growth was led by a 17% increase in Commercial aviation original equipment due to shipments recoupling to build schedules, particularly in commercial air transport, and a 7% increase in Commercial aviation aftermarket driven by increasing demand from the installed base.",False,True
2c7ee08f64f3b513f9b0,HON,INDUSTRIALS,industrial_conglomerates,semantic.absolute,REVIEW_AMBIGUOUS,No unique semantic-frame assignment,a1da4f327bbe6447d59f43ccb87a34a9bfeda3e4b3ddc9cd06f6243451575058,"Twelve Months Ended December 31, 2025 Honeywell Less: Separation Adjustments 1 Honeywell Technologies Honeywell Net sales $ 37,442 $ 17,497 $ 19,945 Less: Quantinuum 30 — 30 Segment sales $ 37,412 $ 19,915 1 Includes the financial results of the Honeywell Aerospace business which will be reflected as discontinued operations in the third quarter.",False,True
d0081e50d14a578868ba,CAT,INDUSTRIALS,construction_machinery,semantic.comparative,REVIEW_AMBIGUOUS,No unique semantic-frame assignment,2539b5761894163928553d200c8c219f97702cb454b97abccb3e2ff74a3dd1fd,"Strong order rates and a growing backlog reflect broadening momentum across all three of our primary segments.” Sales and revenues for the second quarter of 2026 were $20.5 billion, a 24% increase compared with $16.6 billion in the second quarter of 2025.",False,False
1482d660d0d33cd99b5a,CAT,INDUSTRIALS,construction_machinery,semantic.change_to_nominal,REVIEW_AMBIGUOUS,No unique semantic-frame assignment,2539b5761894163928553d200c8c219f97702cb454b97abccb3e2ff74a3dd1fd,The increase was primarily due to higher sales volume of $3.1 billion and favorable price realization of $595 million.,False,False
ea4708816fef6e103bde,CAT,INDUSTRIALS,construction_machinery,semantic.comparative,REVIEW_VALIDATION_FAILED,OPERATING_INCOME does not accept PERCENT; expected MONEY,2539b5761894163928553d200c8c219f97702cb454b97abccb3e2ff74a3dd1fd,"Operating profit margin was 20.9% for the second quarter of 2026, compared with 17.3% for the second quarter of 2025.",False,False
aaea6e8478202ea036e2,CAT,INDUSTRIALS,construction_machinery,semantic.comparative,REVIEW_VALIDATION_FAILED,OPERATING_INCOME does not accept PERCENT; expected MONEY,2539b5761894163928553d200c8c219f97702cb454b97abccb3e2ff74a3dd1fd,"Adjusted operating profit margin was 21.9% for the second quarter of 2026, compared with 17.6% for the second quarter of 2025.",False,False
e7bb54ad139b774056d8,CAT,INDUSTRIALS,construction_machinery,semantic.range_guidance,REVIEW_AMBIGUOUS,No unique semantic-frame assignment,2539b5761894163928553d200c8c219f97702cb454b97abccb3e2ff74a3dd1fd,"In the quarter, the company deployed $1.5 billion of cash for repurchases of Caterpillar common stock and $0.7 billion of cash for dividends. (more) 2 CONSOLIDATED RESULTS Consolidated Sales and Revenues The chart above graphically illustrates reasons for the change in consolidated sales and revenues between the second quarter of 2025 (at left) and the second quarter of 2026 (at right).",False,False
d5e2aa265a5c37f8a08c,CAT,INDUSTRIALS,construction_machinery,semantic.change_to_nominal,REVIEW_AMBIGUOUS,No unique semantic-frame assignment,2539b5761894163928553d200c8c219f97702cb454b97abccb3e2ff74a3dd1fd,The increase was primarily due to higher sales volume of $3.1 billion and favorable price realization of $595 million.,False,False
6661d81ab73f089df499,CAT,INDUSTRIALS,construction_machinery,semantic.change_to_nominal,REVIEW_AMBIGUOUS,No unique semantic-frame assignment,2539b5761894163928553d200c8c219f97702cb454b97abccb3e2ff74a3dd1fd,"The increase was primarily due to higher sales volume of $736 million, favorable price realization of $212 million and higher inter-segment sales of $200 million. •",False,False
5d1eedacab1ad36af6cf,CAT,INDUSTRIALS,construction_machinery,semantic.change_to_nominal,REVIEW_AMBIGUOUS,No unique semantic-frame assignment,2539b5761894163928553d200c8c219f97702cb454b97abccb3e2ff74a3dd1fd,"The increase was mainly due to the profit impact of higher sales volume of $457 million and favorable price realization of $212 million, partially offset by unfavorable manufacturing costs of $149 million.",False,False
39c2d4899dd4bfaee32f,CAT,INDUSTRIALS,construction_machinery,semantic.change_to_nominal,REVIEW_AMBIGUOUS,No unique semantic-frame assignment,2539b5761894163928553d200c8c219f97702cb454b97abccb3e2ff74a3dd1fd,The increase in sales was mainly due to higher sales volume of $1.8 billion and favorable price realization of $309 million.,False,False
1a78d30cd67ae61b238b,CAT,INDUSTRIALS,construction_machinery,semantic.cause_effect,REVIEW_AMBIGUOUS,No unique semantic-frame assignment,2539b5761894163928553d200c8c219f97702cb454b97abccb3e2ff74a3dd1fd,"In North America, sales increased primarily due to higher sales volume and favorable price realization.",False,False
aaf2a0428de92dbfcdac,CAT,INDUSTRIALS,construction_machinery,semantic.change_to_nominal,REVIEW_AMBIGUOUS,No unique semantic-frame assignment,2539b5761894163928553d200c8c219f97702cb454b97abccb3e2ff74a3dd1fd,"The increase was mainly due to the profit impact of higher sales volume of $269 million, partially offset by unfavorable manufacturing costs of $158 million.",False,False
9b74256e4f7ec900067a,DE,INDUSTRIALS,agricultural_machinery,semantic.change_to,REVIEW_AMBIGUOUS,No unique semantic-frame assignment,54cb2eea9e7afd5e309227f8d1764c9fbaafd5a652e10b73c87a3baf05385ce2,"Worldwide net sales and revenues increased 5 percent, to $12.608 billion, for the third quarter of 2026 and rose 7 percent, to $35.589 billion, for nine months.",False,True
3b4dd2ca05a1f7171e51,DE,INDUSTRIALS,agricultural_machinery,semantic.comparative,REVIEW_AMBIGUOUS,No unique semantic-frame assignment,54cb2eea9e7afd5e309227f8d1764c9fbaafd5a652e10b73c87a3baf05385ce2,"The tariff impact for each segment is primarily included in the “Production Costs” category below. ​ ​ ​ ​ ​ ​ ​ ​ ​ ​ Production & Precision Agriculture ​ Third Quarter ​ $ in millions ​ 2026 ​ 2025 ​ % Change ​ Net sales $ 3,998 $ 4,273 -6% ​ Operating profit ​ $ 527 ​ $ 580 ​ -9% ​ Operating margin ​ ​ 13.2% ​ ​ 13.6% ​ ​ ​ Production & Precision Agriculture sales decreased for the quarter as a result of lower shipment volumes, partially offset by favorable price realization and foreign currency translation.",False,True
3b4ecc86755f1e7f5be5,DE,INDUSTRIALS,agricultural_machinery,semantic.cause_effect,REVIEW_AMBIGUOUS,No unique semantic-frame assignment,54cb2eea9e7afd5e309227f8d1764c9fbaafd5a652e10b73c87a3baf05385ce2,"Operating profit decreased primarily due to lower shipment volumes / sales mix and higher production costs, partially offset by favorable price realization and the effects of foreign currency exchange.",False,True
6e5a9d4bf7f1a5dbc086,DE,INDUSTRIALS,agricultural_machinery,semantic.comparative,REVIEW_AMBIGUOUS,No unique semantic-frame assignment,54cb2eea9e7afd5e309227f8d1764c9fbaafd5a652e10b73c87a3baf05385ce2,"Production & Precision Agriculture Operating Profit Third Quarter 2026 Compared to Third Quarter 2025 $ in millions ​ ​ 5 ​ ​ ​ ​ ​ ​ ​ ​ ​ ​ Small Agriculture & Turf ​ Third Quarter ​ $ in millions ​ 2026 ​ 2025 ​ % Change ​ Net sales $ 3,383 $ 3,025 12% ​ Operating profit ​ $ 622 ​ $ 485 ​ 28% ​ Operating margin ​ ​ 18.4% ​ ​ 16.0% ​ ​ ​ Small Agriculture & Turf sales increased for the quarter as a result of higher shipment volumes and favorable price realization.",False,True
a9968ca17194aec661c1,DE,INDUSTRIALS,agricultural_machinery,semantic.cause_effect,REVIEW_AMBIGUOUS,No unique semantic-frame assignment,54cb2eea9e7afd5e309227f8d1764c9fbaafd5a652e10b73c87a3baf05385ce2,"Operating profit increased primarily due to higher shipment volumes / sales mix and favorable price realization, partially offset by higher production costs.",False,True
8cd79f8e0ca8fbe1da9c,DE,INDUSTRIALS,agricultural_machinery,semantic.comparative,REVIEW_AMBIGUOUS,No unique semantic-frame assignment,54cb2eea9e7afd5e309227f8d1764c9fbaafd5a652e10b73c87a3baf05385ce2,"Small Agriculture & Turf Operating Profit Third Quarter 2026 Compared to Third Quarter 2025 $ in millions ​ ​ 6 ​ ​ ​ ​ ​ ​ ​ ​ ​ ​ Construction & Forestry ​ Third Quarter ​ $ in millions ​ 2026 ​ 2025 ​ % Change ​ Net sales $ 3,618 $ 3,059 18% ​ Operating profit ​ $ 436 ​ $ 237 ​ 84% ​ Operating margin ​ ​ 12.1% ​ ​ 7.7% ​ ​ ​ Construction & Forestry sales increased for the quarter primarily as a result of higher shipment volumes and favorable price realization.",False,True
888e07599b16f57cee4e,DE,INDUSTRIALS,agricultural_machinery,semantic.absolute,REVIEW_AMBIGUOUS,No unique semantic-frame assignment,54cb2eea9e7afd5e309227f8d1764c9fbaafd5a652e10b73c87a3baf05385ce2,"Of this amount, $53 million was recorded in “Selling, administrative and general expenses” and $8 million in “Cost of sales.” The charge is presented in “Impairments and other adjustments” in the statements of consolidated cash flows.",False,True
304e9e437e9c22b6d6bc,ITW,INDUSTRIALS,industrial_machinery,semantic.change_to,REVIEW_VALIDATION_FAILED,REVENUE does not accept PERCENT; expected MONEY,8668a266143199dbe971b08f67a232c9f75d7ebc25b67aad2cb78e51c7dc2796,"Revenue of $4.30 billion, increased +6.1% as organic growth accelerated to +4.5% •",False,True
63f10621f3ec6c850f2b,ITW,INDUSTRIALS,industrial_machinery,semantic.absolute,REVIEW_VALIDATION_FAILED,REVENUE does not accept PERCENT; expected MONEY,8668a266143199dbe971b08f67a232c9f75d7ebc25b67aad2cb78e51c7dc2796,"Organic revenue growth was 4.5 percent, led by 6.4 percent growth in North America.",False,True
e8b8f3406ac1623d0602,ITW,INDUSTRIALS,industrial_machinery,semantic.change_by,REVIEW_AMBIGUOUS,No unique semantic-frame assignment,8668a266143199dbe971b08f67a232c9f75d7ebc25b67aad2cb78e51c7dc2796,Foreign currency translation increased revenue by 1.4 percent and an acquisition added 0.2 percent.,False,True
c1e15caa86a3875beb93,ITW,INDUSTRIALS,industrial_machinery,semantic.change_to,REVIEW_AMBIGUOUS,No unique semantic-frame assignment,8668a266143199dbe971b08f67a232c9f75d7ebc25b67aad2cb78e51c7dc2796,"GAAP EPS grew 10.1 percent to $2.84, while operating income increased 7.4 percent to $1.15 billion, marking the most profitable quarter in the history of the company.",False,True
5b0c63476612ff785fa1,ITW,INDUSTRIALS,industrial_machinery,semantic.change_to_nominal,REVIEW_VALIDATION_FAILED,REVENUE does not accept PERCENT; expected MONEY,8668a266143199dbe971b08f67a232c9f75d7ebc25b67aad2cb78e51c7dc2796,"Based on current demand levels and prevailing foreign exchange rates, the company is raising revenue growth guidance to a new range of 4 to 5 percent and raising organic growth guidance to 3 to 4 percent, a 1.5 percentage point increase at the midpoint.",False,True
efbfccade7a2c09b76a7,GWW,INDUSTRIALS,trading_distributors,semantic.comparative,REVIEW_VALIDATION_FAILED,REVENUE does not accept PERCENT; expected MONEY,85c4a9128eaa60b7da82a676f1f44c7b352f9445d483558737c143dc977fbaa1,"A. segment, sales were up 11.9%, or 11.7% on a daily, constant currency basis compared to the second quarter of 2025.",False,True
c3f0e2e472a641a828d0,GWW,INDUSTRIALS,trading_distributors,semantic.comparative,REVIEW_VALIDATION_FAILED,REVENUE does not accept PERCENT; expected MONEY,85c4a9128eaa60b7da82a676f1f44c7b352f9445d483558737c143dc977fbaa1,"In the Endless Assortment segment, sales were up 13.5% compared to the second quarter of 2025, or up 20.6% on a daily, organic constant curre ncy basis.",False,True
ab45604804002be187c5,GWW,INDUSTRIALS,trading_distributors,semantic.cause_effect,REVIEW_AMBIGUOUS,No unique semantic-frame assignment,85c4a9128eaa60b7da82a676f1f44c7b352f9445d483558737c143dc977fbaa1,"This increase in operating margin was driven by gross margin improvement in both segments, sales leverage improvement in Endless Assortment, and a benefit related to the Company's exit from the U.",False,True
b718b725f60a8b93b1bb,GWW,INDUSTRIALS,trading_distributors,semantic.absolute,REVIEW_AMBIGUOUS,No unique semantic-frame assignment,85c4a9128eaa60b7da82a676f1f44c7b352f9445d483558737c143dc977fbaa1,"The Company invested $111 million in capital expenditures, resulting in free cash flow of $333 million.",False,True
42c16192f8490135bde8,GWW,INDUSTRIALS,trading_distributors,semantic.absolute,REVIEW_AMBIGUOUS,No unique semantic-frame assignment,85c4a9128eaa60b7da82a676f1f44c7b352f9445d483558737c143dc977fbaa1,"Free cash flow (FCF) for the three months ended June 30, 2026 (in millions of dollars) (unaudited) Q2 2026 Net cash flows provided by operating activities $ 444 Capital expenditures (111) Free cash flow $ 333 11",False,True
a3325909272a75d5b439,WM,INDUSTRIALS,environmental_services,semantic.change_to,REVIEW_VALIDATION_FAILED,REVENUE does not accept PERCENT; expected MONEY,be924592355280c2b0e4e7b8071dd1fab584bd6f4209a74a9c7b8d49f07408ab,"With a strong balance sheet, industry-leading asset network, and significant technology runway ahead, we are confident in our ability to deliver long-term value for shareholders.” KEY HIGHLIGHTS FOR the SECOND quarter OF 2026 · Revenue grew 4.0%, driven by core price of 5.7% and Collection and Disposal yield of 3.6%.",False,True
198d68b085611fca800a,WM,INDUSTRIALS,environmental_services,semantic.change_to,REVIEW_AMBIGUOUS,No unique semantic-frame assignment,be924592355280c2b0e4e7b8071dd1fab584bd6f4209a74a9c7b8d49f07408ab,"While intentional shedding of lower-margin residential business drove a portion of the Collection and Disposal volume decline, residential volume losses have begun to slow, as anticipated, with losses improving sequentially by 210 basis points. · Operating expenses were 59.2% of revenue, in-line with prior year despite higher fuel-related expenses, demonstrating the Company’s continued commitment to using technology and automation to optimize costs and enhance operational efficiency. · SG&A expenses were 10.2% of revenue, or 9.9% on an adjusted basis, an improvement of 60 basis points both on a reported and adjusted basis from the prior year, reflecting strong cost discipline and continued synergy capture in Healthcare Solutions. (a) · Total Company operating EBITDA margin expanded 90 basis points, or 40 basis points on an adjusted basis, in the second quarter, overcoming a 60-basis point headwind from prior year wildfire cleanup volumes and a 40-basis point headwind from the impact of higher energy surcharges. (a) · Collection and Disposal operating EBITDA grew by $104 million, or $79 million on an adjusted basis.",False,True
4c337108bb8bd056b289,WM,INDUSTRIALS,environmental_services,semantic.change_to,REVIEW_VALIDATION_FAILED,"PRODUCTION does not accept MONEY, PERCENT; expected COUNT",be924592355280c2b0e4e7b8071dd1fab584bd6f4209a74a9c7b8d49f07408ab,"Growth overcame a 70-basis point headwind to the segment from wildfire cleanup contributions in the prior year and was driven by favorable price-to-cost spread, reflecting the Company’s continued success in reducing frontline turnover and disciplined cost management initiatives. (a) · Together, operating EBITDA in the recycling and renewable energy businesses grew $39 million, or $40 million on an adjusted basis, an increase of 32.5% compared to last year driven by higher recycling volumes, efficiencies from automation projects, and increased renewable natural gas production. (a)(f) · Operating EBITDA grew by $25 million, or $11 million on an adjusted basis, in the Healthcare Solutions business, driven by effective SG&A cost management and benefits from integration with core Collection and Disposal operations. (a) · The Company generated $1.73 billion of net cash provided by operating activities compared to $1.55 billion in the prior year period, primarily driven by operating EBITDA growth and working capital improvements.",False,True
55e605b9e092cf0e6066,WM,INDUSTRIALS,environmental_services,semantic.change_to_nominal,REVIEW_VALIDATION_FAILED,"PRODUCTION does not accept MONEY, PERCENT; expected COUNT",be924592355280c2b0e4e7b8071dd1fab584bd6f4209a74a9c7b8d49f07408ab,"Free cash flow was $1.10 billion, compared to $818 million in the prior year period, an increase of 34.5%. (a) · The Company returned $1.04 billion to shareholders in the second quarter, consisting of $659 million in share repurchases and $379 million in cash dividends. · During the quarter, the Company completed three new renewable natural gas facilities, two in South Carolina and one in Florida that together added about 3.5 million MMBtu of expected annual run-rate production.",False,True
aeb61779e192cd183014,WM,INDUSTRIALS,environmental_services,semantic.change_to_nominal,REVIEW_AMBIGUOUS,No unique semantic-frame assignment,be924592355280c2b0e4e7b8071dd1fab584bd6f4209a74a9c7b8d49f07408ab,"Accordingly, adjusted operating EBITDA margin in 2026 is now expected to be between 31.0% and 31.2%, representing an increase of 20 basis points.",False,True
aba7b30fe350d7e8f08c,ACCO,INDUSTRIALS,office_services,semantic.change_to,REVIEW_AMBIGUOUS,No unique semantic-frame assignment,92897b9298db71ed3610cd841c9381ee81cc907b2d6605b917d05d6fb697b1de,Second Quarter Results Second quarter net sales increased 5.1 percent to $415.1 million from $394.8 million in 2025.,False,False
4569ce0e5a42b33fc733,ACCO,INDUSTRIALS,office_services,semantic.absolute,REVIEW_VALIDATION_FAILED,REVENUE does not accept PERCENT; expected MONEY,92897b9298db71ed3610cd841c9381ee81cc907b2d6605b917d05d6fb697b1de,Comparable sales declined 2.3 percent as growth in the Americas 1 segment's learning and creative category was more than offset by softness in the International segment and technology peripherals globally.,False,False
4ae9ec33090cbf7774ff,ACCO,INDUSTRIALS,office_services,semantic.change_to,REVIEW_AMBIGUOUS,No unique semantic-frame assignment,92897b9298db71ed3610cd841c9381ee81cc907b2d6605b917d05d6fb697b1de,"Adjusted operating income increased to $48.1 million, from $47.1 million in 2025, reflecting cost savings that were partially offset by lower organic volumes.",False,False
28f0735b42b29f6f3848,ACCO,INDUSTRIALS,office_services,semantic.change_to,REVIEW_AMBIGUOUS,No unique semantic-frame assignment,92897b9298db71ed3610cd841c9381ee81cc907b2d6605b917d05d6fb697b1de,"Adjusted operating income increased to $55.8 million, from $43.2 million in the prior year.",False,False
c426048c5953b189a0e6,ACCO,INDUSTRIALS,office_services,semantic.change_by,REVIEW_AMBIGUOUS,No unique semantic-frame assignment,92897b9298db71ed3610cd841c9381ee81cc907b2d6605b917d05d6fb697b1de,The EPOS acquisition increased sales by 10.8 percent and favorable foreign exchange added 2.5 percent.,False,False
5f0367351a1e40305f73,ACCO,INDUSTRIALS,office_services,semantic.change_by,REVIEW_AMBIGUOUS,No unique semantic-frame assignment,92897b9298db71ed3610cd841c9381ee81cc907b2d6605b917d05d6fb697b1de,"The EPOS acquisition increased sales by $37.6 million, or 5.3 percent, and favorable foreign exchange increased sales by $26.0 million, or 3.7 percent.",False,False
001544c9beaebf91c98b,ACCO,INDUSTRIALS,office_services,semantic.absolute,REVIEW_VALIDATION_FAILED,REVENUE does not accept PERCENT; expected MONEY,92897b9298db71ed3610cd841c9381ee81cc907b2d6605b917d05d6fb697b1de,Comparable sales decreased 2.5 percent as stronger demand for learning and creative categories in the Americas segment and growth in Mexico were more than offset by softness in technology peripherals and lower demand for workspace solutions globally.,False,False
48a03123a976f3dfc60b,ACCO,INDUSTRIALS,office_services,semantic.change_to,REVIEW_AMBIGUOUS,No unique semantic-frame assignment,92897b9298db71ed3610cd841c9381ee81cc907b2d6605b917d05d6fb697b1de,"Adjusted operating income increased to $59.8 million from $54.0 million in 2025, reflecting cost savings, partially offset by lower organic volumes.",False,False
03d8773cf0e769a33b8c,ACCO,INDUSTRIALS,office_services,semantic.change_to_nominal,REVIEW_VALIDATION_FAILED,REVENUE does not accept PERCENT; expected MONEY,92897b9298db71ed3610cd841c9381ee81cc907b2d6605b917d05d6fb697b1de,"For the full year, the Company now expects reported sales to increase 2.0 percent to 5.0 percent, compared with the prior range of flat to up 3.0 percent.",False,False
793d30819dd6c3cefe74,CTAS,INDUSTRIALS,diversified_support,semantic.absolute,REVIEW_VALIDATION_FAILED,REVENUE does not accept PERCENT; expected MONEY,e25984016ccf7f552f9a8b71709dcd663c7bfbb47c6c53ee523527a207b239d3,"The organic revenue growth rate for the fourth quarter of fiscal 2026, which adjusts for the impacts of acquisitions and foreign currency exchange rate fluctuations, was 8.4%.",True,False
cd1f94e9125a34688781,CTAS,INDUSTRIALS,diversified_support,semantic.change_to_nominal,REVIEW_AMBIGUOUS,No unique semantic-frame assignment,e25984016ccf7f552f9a8b71709dcd663c7bfbb47c6c53ee523527a207b239d3,"Gross margin as a percent of revenue was 51.0% for the fourth quarter of fiscal 2026, equal to the all-time high, compared to 49.7% in last year's fourth quarter, an increase of 130 basis points.",True,False
edacc67a1af060c25e91,CTAS,INDUSTRIALS,diversified_support,semantic.change_to,REVIEW_AMBIGUOUS,No unique semantic-frame assignment,e25984016ccf7f552f9a8b71709dcd663c7bfbb47c6c53ee523527a207b239d3,Operating income for the fourth quarter of fiscal 2026 increased 12.7% to $673.0 million compared to $597.5 million in last year's fourth quarter.,True,False
c25fff056130be4924cf,CTAS,INDUSTRIALS,diversified_support,semantic.comparative,REVIEW_AMBIGUOUS,No unique semantic-frame assignment,e25984016ccf7f552f9a8b71709dcd663c7bfbb47c6c53ee523527a207b239d3,Operating income as a percent of revenue was 23.2% in the fourth quarter of fiscal 2026 compared to 22.4% in last year's fourth quarter.,True,False
0d071bd03b7fed33f6d7,CTAS,INDUSTRIALS,diversified_support,semantic.change_to_nominal,REVIEW_AMBIGUOUS,No unique semantic-frame assignment,e25984016ccf7f552f9a8b71709dcd663c7bfbb47c6c53ee523527a207b239d3,"For the fiscal year ended May 31, 2026, revenue increased to $11.26 billion compared to $10.34 billion for fiscal 2025, an increase of 8.9%.",True,False
d9342b771a827ba8c316,CTAS,INDUSTRIALS,diversified_support,semantic.absolute,REVIEW_VALIDATION_FAILED,REVENUE does not accept PERCENT; expected MONEY,e25984016ccf7f552f9a8b71709dcd663c7bfbb47c6c53ee523527a207b239d3,The organic revenue growth rate for fiscal 2026 was 8.3%.,True,False
c6e1050815c35eea9f40,CTAS,INDUSTRIALS,diversified_support,semantic.comparative,REVIEW_AMBIGUOUS,No unique semantic-frame assignment,e25984016ccf7f552f9a8b71709dcd663c7bfbb47c6c53ee523527a207b239d3,"Gross margin as a percent of revenue was 50.7% for fiscal 2026, an all-time high, compared to 50.0% for fiscal 2025.",True,False
e031f98ba6de5adf5432,CTAS,INDUSTRIALS,diversified_support,semantic.change_to_nominal,REVIEW_AMBIGUOUS,No unique semantic-frame assignment,e25984016ccf7f552f9a8b71709dcd663c7bfbb47c6c53ee523527a207b239d3,"Operating income for fiscal 2026 increased to $2.61 billion compared to $2.36 billion for fiscal 2025, an increase of 10.5%.",True,False
2fe4066eb30f67f2f88e,CTAS,INDUSTRIALS,diversified_support,semantic.comparative,REVIEW_AMBIGUOUS,No unique semantic-frame assignment,e25984016ccf7f552f9a8b71709dcd663c7bfbb47c6c53ee523527a207b239d3,Operating income as a percent of revenue was 23.1% in fiscal 2026 compared to 22.8% in fiscal 2025.,True,False
86666c61f0b021b8f20c,CTAS,INDUSTRIALS,diversified_support,semantic.absolute,REVIEW_AMBIGUOUS,No unique semantic-frame assignment,e25984016ccf7f552f9a8b71709dcd663c7bfbb47c6c53ee523527a207b239d3,"Cintas spent $395.1 million on capital expenditures in fiscal 2026, which is 3.5% of revenue.",True,False
69af23b0ff2825a3b063,CTAS,INDUSTRIALS,diversified_support,semantic.absolute,REVIEW_AMBIGUOUS,No unique semantic-frame assignment,e25984016ccf7f552f9a8b71709dcd663c7bfbb47c6c53ee523527a207b239d3,"Computation of Free Cash Flow Twelve Months Ended (In thousands) May 31, 2026 May 31 2025 Net cash provided by operations $ 2,276,280 $ 2,165,905 Capital expenditures (395,105) (408,884) Free cash flow $ 1,881,175 $ 1,757,021 Management uses free cash flow to assess the financial performance of the Company.",True,False
2bc329bb434fd3a4d4a8,ADT,INDUSTRIALS,security_alarm,semantic.range_guidance,REVIEW_AMBIGUOUS,No unique semantic-frame assignment,acb14936d0c92e704b6ed572c752cd026658a093a66b8fd6b98714a87091ae1d,"Document Exhibit 99.1 ADT Reports Fourth Quarter and Full Year 2025 Results; Announces New $1.5 Billion Share Repurchase Authorization Continued strong financial results and cash generation, achieving all 2025 guidance metrics Full year earnings growth; GAAP EPS up 3%, Adjusted EPS up 19% Returned $791 million to shareholders through share repurchases and dividends Multi-year financial framework focused on growth in revenue, earnings, and cash flow BOCA RATON, Fla. , March 2, 2026 – ADT Inc. (NYSE: ADT), a leading provider of security, interactive, and smart home solutions serving residential and small business customers in the U.",True,False
0fb23079e8a2ff918402,ADT,INDUSTRIALS,security_alarm,semantic.absolute,REVIEW_AMBIGUOUS,No unique semantic-frame assignment,acb14936d0c92e704b6ed572c752cd026658a093a66b8fd6b98714a87091ae1d,"For the full year, net cash provided by operating activities was $1,884 million, down $1 million, with higher cash tax payments offset by higher operating income and timing of payments and receipts.",True,False
223d20434043b271fdcd,ADT,INDUSTRIALS,security_alarm,semantic.point_guidance,REVIEW_VALIDATION_FAILED,"REVENUE does not accept PERCENT, RATE; expected MONEY",acb14936d0c92e704b6ed572c752cd026658a093a66b8fd6b98714a87091ae1d,"Financial Outlook (3) The Company refreshed its multi ‑year financial framework, reflecting objectives to generate compounded annual growth rates of 5% revenue, 10% adjusted earnings per share, and more than 10% adjusted free cash flow (including interest rate swaps), with a target net leverage ratio of 2.5x or below.",True,False
532911074c0ffd5e4537,ADT,INDUSTRIALS,security_alarm,semantic.point_guidance,REVIEW_VALIDATION_FAILED,REVENUE does not accept PERCENT; expected MONEY,acb14936d0c92e704b6ed572c752cd026658a093a66b8fd6b98714a87091ae1d,"For 2026, the Company expects adjusted free cash flow (including interest rate swaps) growth of approximately 20% versus prior year, with revenue and Adjusted EPS approximately flat.",True,False
30eeb3b7758bd89b9891,ADT,INDUSTRIALS,security_alarm,semantic.absolute,REVIEW_VALIDATION_FAILED,SHARES does not accept MONEY; expected COUNT,acb14936d0c92e704b6ed572c752cd026658a093a66b8fd6b98714a87091ae1d,"During the fourth quarter of 2024, also includes tax reserve releases of approximately $30 million associated with The ADT Security Company's separation from Tyco. (5) Refer to the Company’s Quarterly Reports on Form 10-Q and Annual Reports on Form 10-K for further discussion regarding the computation of diluted weighted-average shares outstanding of Common Stock. 14 ADT INC.",True,False
7498e925149333256229,VRSK,INDUSTRIALS,research_consulting,semantic.change_by,REVIEW_AMBIGUOUS,No unique semantic-frame assignment,8ceeb9a265166b86e18122f387d36f8109e31fc8c706f2eb0b0a4c522f151daa,"In the second quarter 2026, we grew revenue 5.8% on an OCC basis with 8.0% underlying subscription growth and delivered 7.4% OCC adjusted EBITDA growth and healthy margins.",True,False
7bdfd4b6f22fddc2d600,UPS,INDUSTRIALS,air_freight_logistics,semantic.range_guidance,REVIEW_AMBIGUOUS,No unique semantic-frame assignment,1cc4c7098f4c324c6d117a3b142f020a7c800602933ee885bb2247434522fb64,"Diluted EPS Guidance to Approximately $7.22 ATLANTA – July 28, 2026 – UPS (NYSE:UPS) today announced second-quarter 2026 consolidated revenues of $22.8 billion.",True,False
6e14dfbf4f983fed38d4,UPS,INDUSTRIALS,air_freight_logistics,semantic.range_guidance,REVIEW_AMBIGUOUS,No unique semantic-frame assignment,1cc4c7098f4c324c6d117a3b142f020a7c800602933ee885bb2247434522fb64,"For the second quarter of 2026, GAAP results included after-tax transformation charges of $891 million, or $1.05 per diluted share, consisting primarily of employee separation costs associated with workforce reduction initiatives from our recently completed Driver Choice Program. “I want to thank all UPSers for their extraordinary work over the past 18 months as we successfully completed our Amazon glide down and related network reconfiguration initiatives as designed,” said Carol Tomé, UPS chief executive officer. “Our second-quarter results marked an expected and significant shift in our performance and we delivered both consolidated revenue and non-GAAP adjusted operating profit growth.",True,False
85121285dc3cf6f051e4,UPS,INDUSTRIALS,air_freight_logistics,semantic.absolute,REVIEW_AMBIGUOUS,No unique semantic-frame assignment,1cc4c7098f4c324c6d117a3b142f020a7c800602933ee885bb2247434522fb64,"Supply Chain Solutions 1 2Q 2026 Non-GAAP Adjusted 2Q 2026 2Q 2025 Non-GAAP Adjusted 2Q 2025 Revenue $2,860 M $2,653 M Operating profit $291 M $291 M $234 M $212 M 1 Consists of operating segments that do not meet the criteria of a reportable segment under ASC Topic 280 – Segment Reporting. •",True,False
a98ea5b29a2ea580b0b3,UPS,INDUSTRIALS,air_freight_logistics,semantic.range_guidance,REVIEW_AMBIGUOUS,No unique semantic-frame assignment,1cc4c7098f4c324c6d117a3b142f020a7c800602933ee885bb2247434522fb64,"For the full year 2026, the company is raising its guidance for consolidated revenue to approximately $91.2 billion, consolidated non-GAAP adjusted operating profit to approximately $8.65 billion, and non-GAAP adjusted diluted EPS to approximately $7.22.",True,False
22aeaefe1e57baf788b5,UPS,INDUSTRIALS,air_freight_logistics,semantic.range_guidance,REVIEW_AMBIGUOUS,No unique semantic-frame assignment,1cc4c7098f4c324c6d117a3b142f020a7c800602933ee885bb2247434522fb64,"The company also confirms expected capital expenditures of about $3.0 billion and dividend payments of around $5.4 billion, subject to board approval.",True,False
6a84c7f3a1428e882d35,DAL,INDUSTRIALS,passenger_airlines,semantic.change_to_nominal,REVIEW_AMBIGUOUS,No unique semantic-frame assignment,1b3f7e74c170febbe156916a649588b17c69ee1b4a35dc23b400653e69d86dc4,"Document Exhibit 99.1 CONTACT: Investor Relations Corporate Communications 404-715-2170 404-715-2554 InvestorRelations@delta.com Media@delta.com Delta Air Lines Announces June Quarter 2026 Financial Results June quarter earnings topped guidance on broad demand strength and strong execution, generating a double-digit return on invested capital Expect continued momentum in September quarter with mid-teens revenue growth and double-digit margin Affirming full-year guidance for adjusted EPS of $6.50 to $7.50 and free cash flow of $3 to $4 billion Further strengthened investment grade balance sheet through debt paydown, and announced a 15 percent increase to dividend payment beginning in September quarter ATLANTA, July 10, 2026 – Delta Air Lines (NYSE: DAL) today reported financial results for the June quarter and provided its outlook for the September quarter and full year 2026.",True,False
7acdf98986e64faa39a0,DAL,INDUSTRIALS,passenger_airlines,semantic.comparative,REVIEW_VALIDATION_FAILED,REVENUE does not accept PERCENT; expected MONEY,1b3f7e74c170febbe156916a649588b17c69ee1b4a35dc23b400653e69d86dc4,"Diversified, high-margin revenue streams continue to differentiate Delta's performance: Diverse revenue streams accounted for 61 percent of total revenue, up 2 points versus the same period last year.",True,False
6e85c95e1e195616dcb5,DAL,INDUSTRIALS,passenger_airlines,semantic.absolute,REVIEW_VALIDATION_FAILED,REVENUE does not accept PERCENT; expected MONEY,1b3f7e74c170febbe156916a649588b17c69ee1b4a35dc23b400653e69d86dc4,MRO revenue growth of 32 percent was primarily on legacy engine platforms.,True,False
771d69d201e19f6f0d3e,DAL,INDUSTRIALS,passenger_airlines,semantic.change_to_nominal,REVIEW_AMBIGUOUS,No unique semantic-frame assignment,1b3f7e74c170febbe156916a649588b17c69ee1b4a35dc23b400653e69d86dc4,"Sustained strength in premium product demand drove a more than 25 percent increase in premium corporate sales, benefiting from recent investments in Delta Comfort and Delta Premium Select. 1 Non-GAAP measures; Refer to Non-GAAP reconciliations for historical comparison figures 2 Adjusted debt to EBITDAR 3 Corporate travel sales represent the revenue from tickets sold to corporate contracted customers, including tickets for travel during and beyond the referenced time period 2 Cost Performance and Outlook ""Delta delivered June quarter results above guidance, with an operating margin of 8.8 percent and earnings of $1.56 per share.",True,False
b6f45b16655359543bea,DAL,INDUSTRIALS,passenger_airlines,semantic.range_guidance,REVIEW_AMBIGUOUS,No unique semantic-frame assignment,1b3f7e74c170febbe156916a649588b17c69ee1b4a35dc23b400653e69d86dc4,"In the September quarter, we expect earnings per share to grow over prior year to $2.00 to $2.50 on an operating margin of 11 to 13 percent,"" said Erik Snell, Delta’s chief financial officer. ""Non‑fuel unit cost performance is expected to improve modestly from the June quarter with further progression in the December quarter as capacity growth begins to normalize.",True,False
7abecbe6f49e0f03b7e3,DAL,INDUSTRIALS,passenger_airlines,semantic.absolute,REVIEW_AMBIGUOUS,No unique semantic-frame assignment,1b3f7e74c170febbe156916a649588b17c69ee1b4a35dc23b400653e69d86dc4,"Liquidity 1 of $7.7 billion at quarter-end, including $3.1 billion in undrawn revolver capacity 1 Includes cash and cash equivalents, short-term investments and undrawn revolving credit facilities 3 June Quarter 2026 Highlights Operations, Network and Fleet •",True,False
f9211d1707d22a63f46e,MATX,INDUSTRIALS,marine_transportation,semantic.cause_effect,REVIEW_AMBIGUOUS,No unique semantic-frame assignment,5f075b746ef8fd9984fab137593f8f964e010d8d45e7ccf521f0fd4e62449d97,S. consumer demand and a stable trading environment in the Transpacific tradelane.” ​ 1 S econd Quarter 2026 Discussion and Outlook for 2026 ​ Ocean Transportation: The Company’s container volume in the Hawaii service in the second quarter 2026 was 1.1 percent lower year-over-year primarily due to lower general demand.,True,False
2b1f324217dedae355f8,MATX,INDUSTRIALS,marine_transportation,semantic.cause_effect,REVIEW_AMBIGUOUS,No unique semantic-frame assignment,5f075b746ef8fd9984fab137593f8f964e010d8d45e7ccf521f0fd4e62449d97,"The Company expects volume in full year 2026 to approach the level achieved in 2025, based on the Company’s expectation of similar economic conditions and stable market share. ​ In the China service, the Company’s container volume in the second quarter 2026 increased 15.2 percent year-over-year primarily due to significantly higher demand compared to the prior year period, which included a market decline in Transpacific demand due to the tariffs imposed in April 2025.",True,False
679b195e340b9ca01e64,MATX,INDUSTRIALS,marine_transportation,semantic.range_guidance,REVIEW_AMBIGUOUS,No unique semantic-frame assignment,5f075b746ef8fd9984fab137593f8f964e010d8d45e7ccf521f0fd4e62449d97,"For full year 2026, the Company expects the contribution from SSAT to be lower than the $32.5 million achieved in full year 2025. ​ Based on the outlook trends noted above, the Company expects Ocean Transportation operating income in the third quarter 2026 to be approximately 45 percent higher than the $147.4 million achieved in the third quarter 2025.",True,False
acba7e336e8c16d57a01,MATX,INDUSTRIALS,marine_transportation,semantic.range_guidance,REVIEW_AMBIGUOUS,No unique semantic-frame assignment,5f075b746ef8fd9984fab137593f8f964e010d8d45e7ccf521f0fd4e62449d97,"For full year 2026, the Company expects Ocean Transportation operating income to be higher than the $455.6 million achieved in full year 2025. ​ Logistics: Operating income for the Company’s Logistics segment was $14.9 million in the second quarter 2026, or $0.5 million higher compared to the level achieved in the second quarter 2025.",True,False
c962bc6d36abdf922757,MATX,INDUSTRIALS,marine_transportation,semantic.range_guidance,REVIEW_AMBIGUOUS,No unique semantic-frame assignment,5f075b746ef8fd9984fab137593f8f964e010d8d45e7ccf521f0fd4e62449d97,"For the third and fourth quarters 2026, the Company expects Logistics operating income to be modestly higher than the $13.6 million and $7.7 million achieved in the third and fourth quarters 2025, respectively.",True,False
e8bfb64d556553691de9,MATX,INDUSTRIALS,marine_transportation,semantic.point_guidance,REVIEW_VALIDATION_FAILED,OPERATING_INCOME does not accept PERCENT; expected MONEY,5f075b746ef8fd9984fab137593f8f964e010d8d45e7ccf521f0fd4e62449d97,"For the third quarter 2026, the Company expects consolidated operating income to be approximately 45 percent higher than the level achieved in the third quarter 2025.",True,False
8d18e1d5a81ea4918400,MATX,INDUSTRIALS,marine_transportation,semantic.range_guidance,REVIEW_AMBIGUOUS,No unique semantic-frame assignment,5f075b746ef8fd9984fab137593f8f964e010d8d45e7ccf521f0fd4e62449d97,"For the full year 2026, the Company expects its effective tax rate to be approximately 21.0 percent. ​ Capital and Vessel Dry-docking Expenditures: For the second quarter 2026, the Company made capital expenditure payments excluding vessel construction expenditures of $25.4 million, vessel construction expenditures (including capitalized interest and owner’s items) of $181.8 million, and dry-docking payments of $12.7 million.",True,False
6c090c1284a434017300,MATX,INDUSTRIALS,marine_transportation,semantic.change_to_nominal,REVIEW_AMBIGUOUS,No unique semantic-frame assignment,5f075b746ef8fd9984fab137593f8f964e010d8d45e7ccf521f0fd4e62449d97,"The increase was primarily due to higher revenue in transportation brokerage. ​ Logistics operating income increased $0.5 million, or 3.5 percent, during the three months ended June 30, 2026, compared with the three months ended June 30, 2025.",True,False
ba639bba2d51c59151dd,MATX,INDUSTRIALS,marine_transportation,semantic.change_to_nominal,REVIEW_AMBIGUOUS,No unique semantic-frame assignment,5f075b746ef8fd9984fab137593f8f964e010d8d45e7ccf521f0fd4e62449d97,"The increase was primarily due to higher revenue in transportation brokerage. ​ Logistics operating income decreased $1.2 million, or 5.2 percent, during the six months ended June 30, 2026, compared with the six months ended June 30, 2025.",True,False
8018922f62d4c87d3dbb,MATX,INDUSTRIALS,marine_transportation,semantic.change_to,REVIEW_AMBIGUOUS,No unique semantic-frame assignment,5f075b746ef8fd9984fab137593f8f964e010d8d45e7ccf521f0fd4e62449d97,"The decrease was primarily due to a lower contribution from warehousing, partially offset by a higher contribution from freight forwarding. ​ Liquidity, Cash Flows and Capital Allocation ​ Matson’s Cash and Cash Equivalents decreased by $22.6 million from $141.9 million at December 31, 2025 to $119.3 million at June 30, 2026.",True,False
56aa1641fc8558501435,MATX,INDUSTRIALS,marine_transportation,semantic.change_to,REVIEW_AMBIGUOUS,No unique semantic-frame assignment,5f075b746ef8fd9984fab137593f8f964e010d8d45e7ccf521f0fd4e62449d97,"Total debt decreased by $19.9 million during the six months to $341.3 million as of June 30, 2026, of which $301.6 million was classified as long-term debt. 1 As of June 30, 2026, Matson had available borrowings under its revolving credit facility of $544.2 million. ​ During the second quarter 2026, Matson repurchased approximately 0.3 million shares for a total cost of $67.8 million. 2 On April 23, 2026, Matson’s Board of Directors approved an additional 3.0 million shares of common stock to be added to the Company’s existing share repurchase program and extended the program to December 31, 2029.",True,False
3e94b626866cc97434cc,UNP,INDUSTRIALS,rail_transportation,semantic.change_to,REVIEW_AMBIGUOUS,No unique semantic-frame assignment,a1d565109c229ac0b84cc128a17de2f3a6554bde4acfc48690a4098b372cdbcd,"Freight revenue excluding fuel increased 4% Omaha, Neb., July 23, 2026 – Union Pacific Corporation (NYSE: UNP) today reported second quarter 2026 net income of $2.0 billion, up 6%, and diluted EPS of $3.36, up 7%, compared to reported second quarter 2025 net income of $1.9 billion and diluted EPS of $3.15.",True,False
5c4fab1963597dd1de31,UNP,INDUSTRIALS,rail_transportation,semantic.change_by,REVIEW_AMBIGUOUS,No unique semantic-frame assignment,a1d565109c229ac0b84cc128a17de2f3a6554bde4acfc48690a4098b372cdbcd,Freight revenue increased 12% and freight revenue excluding fuel surcharge grew 4%. •,True,False
9d64cd9a2883665b6688,ODFL,INDUSTRIALS,cargo_ground_transport,semantic.change_to_nominal,REVIEW_VALIDATION_FAILED,REVENUE does not accept PERCENT; expected MONEY,daf1fb24cdde9d5f9c42b170321d87d5f27605d57a7d009421781803cc86d225,"In addition, we continued to provide our customers with best-in-class customer service with 99% on-time service and a claims ratio of 0.1%. “Our 10.4% increase in revenue was primarily due to a 15.2% increase in our LTL revenue per hundredweight that was partially offset by a 4.1% decrease in our LTL tons per day.",False,False
68752bb894db8fd8accd,ODFL,INDUSTRIALS,cargo_ground_transport,semantic.change_to_nominal,REVIEW_AMBIGUOUS,No unique semantic-frame assignment,daf1fb24cdde9d5f9c42b170321d87d5f27605d57a7d009421781803cc86d225,The combination of revenue growth and operating ratio improvement resulted in a 32.3% increase in our earnings per diluted share to $1.68 for the second quarter.” Cash Flow and Use of Capital Old Dominion’s net cash provided by operating activities was $272.7 million for the second quarter of 2026 and $646.3 million for the first half of the year.,False,False
7643567a4c043689104c,UBER,INDUSTRIALS,passenger_ground_transport,semantic.change_by,REVIEW_AMBIGUOUS,No unique semantic-frame assignment,75095008d178bfa60bb42a2bde20a7f3e0dbc99546454527fb8189248bff1b2d,"Document Exhibit 99.1 Uber Announces Results for Second Quarter 2026 Gross Bookings grew 22% year-over-year on a constant currency basis; Trips grew 18% year-over-year GAAP Income from operations of $1.9 billion; Non-GAAP Operating Income of $2.1 billion, up 40% year-over-year GAAP Diluted EPS of $1.17; Non-GAAP EPS of $0.81, up 35% year-over-year SAN FRANCISCO – August 5, 2026 – Uber Technologies, Inc. (NYSE: UBER) today announced financial results for the quarter ended June 30, 2026. “Uber’s platform advantage continues to compound: record consumers and engagement, and profitable growth across our business,” said Dara Khosrowshahi, CEO. “In fact, we’ve added more first-time users over the past twelve months than in any period over the past five years.",False,False
1846723582ca8c9a69fd,UBER,INDUSTRIALS,passenger_ground_transport,semantic.absolute,REVIEW_VALIDATION_FAILED,OPERATING_INCOME does not accept PERCENT; expected MONEY,75095008d178bfa60bb42a2bde20a7f3e0dbc99546454527fb8189248bff1b2d,"Non-GAAP Operating Income as a percentage of Gross Bookings was 3.7%, up from 3.3% in Q2 2025. •",False,False
572593ea506b34f85755,KEX,INDUSTRIALS,marine_ports_services,semantic.change_by,REVIEW_AMBIGUOUS,No unique semantic-frame assignment,2a107d408fc2815383495eb70efaf5d83a45842830fea1120b19db9b20ee9a5b,"In the power generation market, revenues increased 8% and operating income increased 27% compared with the 2025 second quarter, reflecting continued demand for behind-the-meter and backup power solutions and solid execution despite ongoing OEM-related supply constraints.",False,False
781fdf215ac1bac2b96f,KEX,INDUSTRIALS,marine_ports_services,semantic.change_by,REVIEW_AMBIGUOUS,No unique semantic-frame assignment,2a107d408fc2815383495eb70efaf5d83a45842830fea1120b19db9b20ee9a5b,"In the commercial and industrial market, revenues increased 12% and operating income increased 11% compared with the 2025 second quarter, primarily reflecting strong marine repair activity and healthy demand across other industrial end markets.",False,False
ea0a4bc8044d8c8ddb16,KEX,INDUSTRIALS,marine_ports_services,semantic.change_by,REVIEW_AMBIGUOUS,No unique semantic-frame assignment,2a107d408fc2815383495eb70efaf5d83a45842830fea1120b19db9b20ee9a5b,"In the oil and gas market, revenues decreased 17% and operating income decreased 45% compared with the 2025 second quarter; however, revenues and operating income increased 20% and 67%, respectively, on a sequential basis, reflecting improved demand for parts and services.",False,False
e1fa08443b1404125a73,KEX,INDUSTRIALS,marine_ports_services,semantic.point_guidance,REVIEW_VALIDATION_FAILED,REVENUE does not accept PERCENT; expected MONEY,2a107d408fc2815383495eb70efaf5d83a45842830fea1120b19db9b20ee9a5b,"Overall, inland revenues are expected to grow in the mid-to-high-single-digit range, with operating margins expected to be in the high-teens to low-20% range for the full year.",False,False
948626b94e4156918f8b,KEX,INDUSTRIALS,marine_ports_services,semantic.absolute,REVIEW_VALIDATION_FAILED,REVENUE does not accept COUNT; expected MONEY,2a107d408fc2815383495eb70efaf5d83a45842830fea1120b19db9b20ee9a5b,"Example: A typical 30,000 barrel tank barge loaded with 3,300 tons of liquid cargo is moved 100 miles, thus generating 330,000 ton miles. (5) Inland marine transportation revenues divided by ton miles.",False,False
