series_id,series_title,reference_period,reference_date,value,footnotes,pit_model_input_allowed,authority,source_url,source_path,source_sha256,retrieved_at_utc
CES3133600002,"Transportation equipment manufacturing average weekly hours, seasonally adjusted proxy",2019M01,2019-01-01,42.7,,False,CURRENT_REVISED_MECHANISM_DIAGNOSTIC_NOT_PIT_MODEL_INPUT,https://api.bls.gov/publicAPI/v2/timeseries/data/,D:\Programming\python_example\ForecastTest\data-lake\bronze\industrials\v5_4\bls\hii_shipbuilding_labor_current_revised_2026-09-03.json,b639cbded9a0518394883017ea401bd30515e37c434c8ae41820ddcf15148a1a,2026-09-03T12:17:10.664472+00:00
CES3133600002,"Transportation equipment manufacturing average weekly hours, seasonally adjusted proxy",2019M02,2019-02-01,42.3,,False,CURRENT_REVISED_MECHANISM_DIAGNOSTIC_NOT_PIT_MODEL_INPUT,https://api.bls.gov/publicAPI/v2/timeseries/data/,D:\Programming\python_example\ForecastTest\data-lake\bronze\industrials\v5_4\bls\hii_shipbuilding_labor_current_revised_2026-09-03.json,b639cbded9a0518394883017ea401bd30515e37c434c8ae41820ddcf15148a1a,2026-09-03T12:17:10.664472+00:00
CES3133600002,"Transportation equipment manufacturing average weekly hours, seasonally adjusted proxy",2019M03,2019-03-01,42.4,,False,CURRENT_REVISED_MECHANISM_DIAGNOSTIC_NOT_PIT_MODEL_INPUT,https://api.bls.gov/publicAPI/v2/timeseries/data/,D:\Programming\python_example\ForecastTest\data-lake\bronze\industrials\v5_4\bls\hii_shipbuilding_labor_current_revised_2026-09-03.json,b639cbded9a0518394883017ea401bd30515e37c434c8ae41820ddcf15148a1a,2026-09-03T12:17:10.664472+00:00
CES3133600002,"Transportation equipment manufacturing average weekly hours, seasonally adjusted proxy",2019M04,2019-04-01,42.3,,False,CURRENT_REVISED_MECHANISM_DIAGNOSTIC_NOT_PIT_MODEL_INPUT,https://api.bls.gov/publicAPI/v2/timeseries/data/,D:\Programming\python_example\ForecastTest\data-lake\bronze\industrials\v5_4\bls\hii_shipbuilding_labor_current_revised_2026-09-03.json,b639cbded9a0518394883017ea401bd30515e37c434c8ae41820ddcf15148a1a,2026-09-03T12:17:10.664472+00:00
CES3133600002,"Transportation equipment manufacturing average weekly hours, seasonally adjusted proxy",2019M05,2019-05-01,42.2,,False,CURRENT_REVISED_MECHANISM_DIAGNOSTIC_NOT_PIT_MODEL_INPUT,https://api.bls.gov/publicAPI/v2/timeseries/data/,D:\Programming\python_example\ForecastTest\data-lake\bronze\industrials\v5_4\bls\hii_shipbuilding_labor_current_revised_2026-09-03.json,b639cbded9a0518394883017ea401bd30515e37c434c8ae41820ddcf15148a1a,2026-09-03T12:17:10.664472+00:00
CES3133600002,"Transportation equipment manufacturing average weekly hours, seasonally adjusted proxy",2019M06,2019-06-01,42.5,,False,CURRENT_REVISED_MECHANISM_DIAGNOSTIC_NOT_PIT_MODEL_INPUT,https://api.bls.gov/publicAPI/v2/timeseries/data/,D:\Programming\python_example\ForecastTest\data-lake\bronze\industrials\v5_4\bls\hii_shipbuilding_labor_current_revised_2026-09-03.json,b639cbded9a0518394883017ea401bd30515e37c434c8ae41820ddcf15148a1a,2026-09-03T12:17:10.664472+00:00
CES3133600002,"Transportation equipment manufacturing average weekly hours, seasonally adjusted proxy",2019M07,2019-07-01,42.2,,False,CURRENT_REVISED_MECHANISM_DIAGNOSTIC_NOT_PIT_MODEL_INPUT,https://api.bls.gov/publicAPI/v2/timeseries/data/,D:\Programming\python_example\ForecastTest\data-lake\bronze\industrials\v5_4\bls\hii_shipbuilding_labor_current_revised_2026-09-03.json,b639cbded9a0518394883017ea401bd30515e37c434c8ae41820ddcf15148a1a,2026-09-03T12:17:10.664472+00:00
CES3133600002,"Transportation equipment manufacturing average weekly hours, seasonally adjusted proxy",2019M08,2019-08-01,42.1,,False,CURRENT_REVISED_MECHANISM_DIAGNOSTIC_NOT_PIT_MODEL_INPUT,https://api.bls.gov/publicAPI/v2/timeseries/data/,D:\Programming\python_example\ForecastTest\data-lake\bronze\industrials\v5_4\bls\hii_shipbuilding_labor_current_revised_2026-09-03.json,b639cbded9a0518394883017ea401bd30515e37c434c8ae41820ddcf15148a1a,2026-09-03T12:17:10.664472+00:00
CES3133600002,"Transportation equipment manufacturing average weekly hours, seasonally adjusted proxy",2019M09,2019-09-01,42.1,,False,CURRENT_REVISED_MECHANISM_DIAGNOSTIC_NOT_PIT_MODEL_INPUT,https://api.bls.gov/publicAPI/v2/timeseries/data/,D:\Programming\python_example\ForecastTest\data-lake\bronze\industrials\v5_4\bls\hii_shipbuilding_labor_current_revised_2026-09-03.json,b639cbded9a0518394883017ea401bd30515e37c434c8ae41820ddcf15148a1a,2026-09-03T12:17:10.664472+00:00
CES3133600002,"Transportation equipment manufacturing average weekly hours, seasonally adjusted proxy",2019M10,2019-10-01,41.9,,False,CURRENT_REVISED_MECHANISM_DIAGNOSTIC_NOT_PIT_MODEL_INPUT,https://api.bls.gov/publicAPI/v2/timeseries/data/,D:\Programming\python_example\ForecastTest\data-lake\bronze\industrials\v5_4\bls\hii_shipbuilding_labor_current_revised_2026-09-03.json,b639cbded9a0518394883017ea401bd30515e37c434c8ae41820ddcf15148a1a,2026-09-03T12:17:10.664472+00:00
CES3133600002,"Transportation equipment manufacturing average weekly hours, seasonally adjusted proxy",2019M11,2019-11-01,42.1,,False,CURRENT_REVISED_MECHANISM_DIAGNOSTIC_NOT_PIT_MODEL_INPUT,https://api.bls.gov/publicAPI/v2/timeseries/data/,D:\Programming\python_example\ForecastTest\data-lake\bronze\industrials\v5_4\bls\hii_shipbuilding_labor_current_revised_2026-09-03.json,b639cbded9a0518394883017ea401bd30515e37c434c8ae41820ddcf15148a1a,2026-09-03T12:17:10.664472+00:00
CES3133600002,"Transportation equipment manufacturing average weekly hours, seasonally adjusted proxy",2019M12,2019-12-01,42.4,,False,CURRENT_REVISED_MECHANISM_DIAGNOSTIC_NOT_PIT_MODEL_INPUT,https://api.bls.gov/publicAPI/v2/timeseries/data/,D:\Programming\python_example\ForecastTest\data-lake\bronze\industrials\v5_4\bls\hii_shipbuilding_labor_current_revised_2026-09-03.json,b639cbded9a0518394883017ea401bd30515e37c434c8ae41820ddcf15148a1a,2026-09-03T12:17:10.664472+00:00
CES3133600002,"Transportation equipment manufacturing average weekly hours, seasonally adjusted proxy",2020M01,2020-01-01,41.8,,False,CURRENT_REVISED_MECHANISM_DIAGNOSTIC_NOT_PIT_MODEL_INPUT,https://api.bls.gov/publicAPI/v2/timeseries/data/,D:\Programming\python_example\ForecastTest\data-lake\bronze\industrials\v5_4\bls\hii_shipbuilding_labor_current_revised_2026-09-03.json,b639cbded9a0518394883017ea401bd30515e37c434c8ae41820ddcf15148a1a,2026-09-03T12:17:10.664472+00:00
CES3133600002,"Transportation equipment manufacturing average weekly hours, seasonally adjusted proxy",2020M02,2020-02-01,42.3,,False,CURRENT_REVISED_MECHANISM_DIAGNOSTIC_NOT_PIT_MODEL_INPUT,https://api.bls.gov/publicAPI/v2/timeseries/data/,D:\Programming\python_example\ForecastTest\data-lake\bronze\industrials\v5_4\bls\hii_shipbuilding_labor_current_revised_2026-09-03.json,b639cbded9a0518394883017ea401bd30515e37c434c8ae41820ddcf15148a1a,2026-09-03T12:17:10.664472+00:00
CES3133600002,"Transportation equipment manufacturing average weekly hours, seasonally adjusted proxy",2020M03,2020-03-01,41.7,,False,CURRENT_REVISED_MECHANISM_DIAGNOSTIC_NOT_PIT_MODEL_INPUT,https://api.bls.gov/publicAPI/v2/timeseries/data/,D:\Programming\python_example\ForecastTest\data-lake\bronze\industrials\v5_4\bls\hii_shipbuilding_labor_current_revised_2026-09-03.json,b639cbded9a0518394883017ea401bd30515e37c434c8ae41820ddcf15148a1a,2026-09-03T12:17:10.664472+00:00
CES3133600002,"Transportation equipment manufacturing average weekly hours, seasonally adjusted proxy",2020M04,2020-04-01,35.4,,False,CURRENT_REVISED_MECHANISM_DIAGNOSTIC_NOT_PIT_MODEL_INPUT,https://api.bls.gov/publicAPI/v2/timeseries/data/,D:\Programming\python_example\ForecastTest\data-lake\bronze\industrials\v5_4\bls\hii_shipbuilding_labor_current_revised_2026-09-03.json,b639cbded9a0518394883017ea401bd30515e37c434c8ae41820ddcf15148a1a,2026-09-03T12:17:10.664472+00:00
CES3133600002,"Transportation equipment manufacturing average weekly hours, seasonally adjusted proxy",2020M05,2020-05-01,38.0,,False,CURRENT_REVISED_MECHANISM_DIAGNOSTIC_NOT_PIT_MODEL_INPUT,https://api.bls.gov/publicAPI/v2/timeseries/data/,D:\Programming\python_example\ForecastTest\data-lake\bronze\industrials\v5_4\bls\hii_shipbuilding_labor_current_revised_2026-09-03.json,b639cbded9a0518394883017ea401bd30515e37c434c8ae41820ddcf15148a1a,2026-09-03T12:17:10.664472+00:00
CES3133600002,"Transportation equipment manufacturing average weekly hours, seasonally adjusted proxy",2020M06,2020-06-01,38.7,,False,CURRENT_REVISED_MECHANISM_DIAGNOSTIC_NOT_PIT_MODEL_INPUT,https://api.bls.gov/publicAPI/v2/timeseries/data/,D:\Programming\python_example\ForecastTest\data-lake\bronze\industrials\v5_4\bls\hii_shipbuilding_labor_current_revised_2026-09-03.json,b639cbded9a0518394883017ea401bd30515e37c434c8ae41820ddcf15148a1a,2026-09-03T12:17:10.664472+00:00
CES3133600002,"Transportation equipment manufacturing average weekly hours, seasonally adjusted proxy",2020M07,2020-07-01,41.1,,False,CURRENT_REVISED_MECHANISM_DIAGNOSTIC_NOT_PIT_MODEL_INPUT,https://api.bls.gov/publicAPI/v2/timeseries/data/,D:\Programming\python_example\ForecastTest\data-lake\bronze\industrials\v5_4\bls\hii_shipbuilding_labor_current_revised_2026-09-03.json,b639cbded9a0518394883017ea401bd30515e37c434c8ae41820ddcf15148a1a,2026-09-03T12:17:10.664472+00:00
CES3133600002,"Transportation equipment manufacturing average weekly hours, seasonally adjusted proxy",2020M08,2020-08-01,41.7,,False,CURRENT_REVISED_MECHANISM_DIAGNOSTIC_NOT_PIT_MODEL_INPUT,https://api.bls.gov/publicAPI/v2/timeseries/data/,D:\Programming\python_example\ForecastTest\data-lake\bronze\industrials\v5_4\bls\hii_shipbuilding_labor_current_revised_2026-09-03.json,b639cbded9a0518394883017ea401bd30515e37c434c8ae41820ddcf15148a1a,2026-09-03T12:17:10.664472+00:00
CES3133600002,"Transportation equipment manufacturing average weekly hours, seasonally adjusted proxy",2020M09,2020-09-01,42.0,,False,CURRENT_REVISED_MECHANISM_DIAGNOSTIC_NOT_PIT_MODEL_INPUT,https://api.bls.gov/publicAPI/v2/timeseries/data/,D:\Programming\python_example\ForecastTest\data-lake\bronze\industrials\v5_4\bls\hii_shipbuilding_labor_current_revised_2026-09-03.json,b639cbded9a0518394883017ea401bd30515e37c434c8ae41820ddcf15148a1a,2026-09-03T12:17:10.664472+00:00
CES3133600002,"Transportation equipment manufacturing average weekly hours, seasonally adjusted proxy",2020M10,2020-10-01,42.2,,False,CURRENT_REVISED_MECHANISM_DIAGNOSTIC_NOT_PIT_MODEL_INPUT,https://api.bls.gov/publicAPI/v2/timeseries/data/,D:\Programming\python_example\ForecastTest\data-lake\bronze\industrials\v5_4\bls\hii_shipbuilding_labor_current_revised_2026-09-03.json,b639cbded9a0518394883017ea401bd30515e37c434c8ae41820ddcf15148a1a,2026-09-03T12:17:10.664472+00:00
CES3133600002,"Transportation equipment manufacturing average weekly hours, seasonally adjusted proxy",2020M11,2020-11-01,42.2,,False,CURRENT_REVISED_MECHANISM_DIAGNOSTIC_NOT_PIT_MODEL_INPUT,https://api.bls.gov/publicAPI/v2/timeseries/data/,D:\Programming\python_example\ForecastTest\data-lake\bronze\industrials\v5_4\bls\hii_shipbuilding_labor_current_revised_2026-09-03.json,b639cbded9a0518394883017ea401bd30515e37c434c8ae41820ddcf15148a1a,2026-09-03T12:17:10.664472+00:00
CES3133600002,"Transportation equipment manufacturing average weekly hours, seasonally adjusted proxy",2020M12,2020-12-01,41.5,,False,CURRENT_REVISED_MECHANISM_DIAGNOSTIC_NOT_PIT_MODEL_INPUT,https://api.bls.gov/publicAPI/v2/timeseries/data/,D:\Programming\python_example\ForecastTest\data-lake\bronze\industrials\v5_4\bls\hii_shipbuilding_labor_current_revised_2026-09-03.json,b639cbded9a0518394883017ea401bd30515e37c434c8ae41820ddcf15148a1a,2026-09-03T12:17:10.664472+00:00
CES3133600002,"Transportation equipment manufacturing average weekly hours, seasonally adjusted proxy",2021M01,2021-01-01,42.2,,False,CURRENT_REVISED_MECHANISM_DIAGNOSTIC_NOT_PIT_MODEL_INPUT,https://api.bls.gov/publicAPI/v2/timeseries/data/,D:\Programming\python_example\ForecastTest\data-lake\bronze\industrials\v5_4\bls\hii_shipbuilding_labor_current_revised_2026-09-03.json,b639cbded9a0518394883017ea401bd30515e37c434c8ae41820ddcf15148a1a,2026-09-03T12:17:10.664472+00:00
CES3133600002,"Transportation equipment manufacturing average weekly hours, seasonally adjusted proxy",2021M02,2021-02-01,41.4,,False,CURRENT_REVISED_MECHANISM_DIAGNOSTIC_NOT_PIT_MODEL_INPUT,https://api.bls.gov/publicAPI/v2/timeseries/data/,D:\Programming\python_example\ForecastTest\data-lake\bronze\industrials\v5_4\bls\hii_shipbuilding_labor_current_revised_2026-09-03.json,b639cbded9a0518394883017ea401bd30515e37c434c8ae41820ddcf15148a1a,2026-09-03T12:17:10.664472+00:00
CES3133600002,"Transportation equipment manufacturing average weekly hours, seasonally adjusted proxy",2021M03,2021-03-01,41.5,,False,CURRENT_REVISED_MECHANISM_DIAGNOSTIC_NOT_PIT_MODEL_INPUT,https://api.bls.gov/publicAPI/v2/timeseries/data/,D:\Programming\python_example\ForecastTest\data-lake\bronze\industrials\v5_4\bls\hii_shipbuilding_labor_current_revised_2026-09-03.json,b639cbded9a0518394883017ea401bd30515e37c434c8ae41820ddcf15148a1a,2026-09-03T12:17:10.664472+00:00
CES3133600002,"Transportation equipment manufacturing average weekly hours, seasonally adjusted proxy",2021M04,2021-04-01,41.5,,False,CURRENT_REVISED_MECHANISM_DIAGNOSTIC_NOT_PIT_MODEL_INPUT,https://api.bls.gov/publicAPI/v2/timeseries/data/,D:\Programming\python_example\ForecastTest\data-lake\bronze\industrials\v5_4\bls\hii_shipbuilding_labor_current_revised_2026-09-03.json,b639cbded9a0518394883017ea401bd30515e37c434c8ae41820ddcf15148a1a,2026-09-03T12:17:10.664472+00:00
CES3133600002,"Transportation equipment manufacturing average weekly hours, seasonally adjusted proxy",2021M05,2021-05-01,41.4,,False,CURRENT_REVISED_MECHANISM_DIAGNOSTIC_NOT_PIT_MODEL_INPUT,https://api.bls.gov/publicAPI/v2/timeseries/data/,D:\Programming\python_example\ForecastTest\data-lake\bronze\industrials\v5_4\bls\hii_shipbuilding_labor_current_revised_2026-09-03.json,b639cbded9a0518394883017ea401bd30515e37c434c8ae41820ddcf15148a1a,2026-09-03T12:17:10.664472+00:00
CES3133600002,"Transportation equipment manufacturing average weekly hours, seasonally adjusted proxy",2021M06,2021-06-01,41.5,,False,CURRENT_REVISED_MECHANISM_DIAGNOSTIC_NOT_PIT_MODEL_INPUT,https://api.bls.gov/publicAPI/v2/timeseries/data/,D:\Programming\python_example\ForecastTest\data-lake\bronze\industrials\v5_4\bls\hii_shipbuilding_labor_current_revised_2026-09-03.json,b639cbded9a0518394883017ea401bd30515e37c434c8ae41820ddcf15148a1a,2026-09-03T12:17:10.664472+00:00
CES3133600002,"Transportation equipment manufacturing average weekly hours, seasonally adjusted proxy",2021M07,2021-07-01,41.3,,False,CURRENT_REVISED_MECHANISM_DIAGNOSTIC_NOT_PIT_MODEL_INPUT,https://api.bls.gov/publicAPI/v2/timeseries/data/,D:\Programming\python_example\ForecastTest\data-lake\bronze\industrials\v5_4\bls\hii_shipbuilding_labor_current_revised_2026-09-03.json,b639cbded9a0518394883017ea401bd30515e37c434c8ae41820ddcf15148a1a,2026-09-03T12:17:10.664472+00:00
CES3133600002,"Transportation equipment manufacturing average weekly hours, seasonally adjusted proxy",2021M08,2021-08-01,41.4,,False,CURRENT_REVISED_MECHANISM_DIAGNOSTIC_NOT_PIT_MODEL_INPUT,https://api.bls.gov/publicAPI/v2/timeseries/data/,D:\Programming\python_example\ForecastTest\data-lake\bronze\industrials\v5_4\bls\hii_shipbuilding_labor_current_revised_2026-09-03.json,b639cbded9a0518394883017ea401bd30515e37c434c8ae41820ddcf15148a1a,2026-09-03T12:17:10.664472+00:00
CES3133600002,"Transportation equipment manufacturing average weekly hours, seasonally adjusted proxy",2021M09,2021-09-01,41.5,,False,CURRENT_REVISED_MECHANISM_DIAGNOSTIC_NOT_PIT_MODEL_INPUT,https://api.bls.gov/publicAPI/v2/timeseries/data/,D:\Programming\python_example\ForecastTest\data-lake\bronze\industrials\v5_4\bls\hii_shipbuilding_labor_current_revised_2026-09-03.json,b639cbded9a0518394883017ea401bd30515e37c434c8ae41820ddcf15148a1a,2026-09-03T12:17:10.664472+00:00
CES3133600002,"Transportation equipment manufacturing average weekly hours, seasonally adjusted proxy",2021M10,2021-10-01,41.7,,False,CURRENT_REVISED_MECHANISM_DIAGNOSTIC_NOT_PIT_MODEL_INPUT,https://api.bls.gov/publicAPI/v2/timeseries/data/,D:\Programming\python_example\ForecastTest\data-lake\bronze\industrials\v5_4\bls\hii_shipbuilding_labor_current_revised_2026-09-03.json,b639cbded9a0518394883017ea401bd30515e37c434c8ae41820ddcf15148a1a,2026-09-03T12:17:10.664472+00:00
CES3133600002,"Transportation equipment manufacturing average weekly hours, seasonally adjusted proxy",2021M11,2021-11-01,42.0,,False,CURRENT_REVISED_MECHANISM_DIAGNOSTIC_NOT_PIT_MODEL_INPUT,https://api.bls.gov/publicAPI/v2/timeseries/data/,D:\Programming\python_example\ForecastTest\data-lake\bronze\industrials\v5_4\bls\hii_shipbuilding_labor_current_revised_2026-09-03.json,b639cbded9a0518394883017ea401bd30515e37c434c8ae41820ddcf15148a1a,2026-09-03T12:17:10.664472+00:00
CES3133600002,"Transportation equipment manufacturing average weekly hours, seasonally adjusted proxy",2021M12,2021-12-01,42.3,,False,CURRENT_REVISED_MECHANISM_DIAGNOSTIC_NOT_PIT_MODEL_INPUT,https://api.bls.gov/publicAPI/v2/timeseries/data/,D:\Programming\python_example\ForecastTest\data-lake\bronze\industrials\v5_4\bls\hii_shipbuilding_labor_current_revised_2026-09-03.json,b639cbded9a0518394883017ea401bd30515e37c434c8ae41820ddcf15148a1a,2026-09-03T12:17:10.664472+00:00
CES3133600002,"Transportation equipment manufacturing average weekly hours, seasonally adjusted proxy",2022M01,2022-01-01,42.2,,False,CURRENT_REVISED_MECHANISM_DIAGNOSTIC_NOT_PIT_MODEL_INPUT,https://api.bls.gov/publicAPI/v2/timeseries/data/,D:\Programming\python_example\ForecastTest\data-lake\bronze\industrials\v5_4\bls\hii_shipbuilding_labor_current_revised_2026-09-03.json,b639cbded9a0518394883017ea401bd30515e37c434c8ae41820ddcf15148a1a,2026-09-03T12:17:10.664472+00:00
CES3133600002,"Transportation equipment manufacturing average weekly hours, seasonally adjusted proxy",2022M02,2022-02-01,42.5,,False,CURRENT_REVISED_MECHANISM_DIAGNOSTIC_NOT_PIT_MODEL_INPUT,https://api.bls.gov/publicAPI/v2/timeseries/data/,D:\Programming\python_example\ForecastTest\data-lake\bronze\industrials\v5_4\bls\hii_shipbuilding_labor_current_revised_2026-09-03.json,b639cbded9a0518394883017ea401bd30515e37c434c8ae41820ddcf15148a1a,2026-09-03T12:17:10.664472+00:00
CES3133600002,"Transportation equipment manufacturing average weekly hours, seasonally adjusted proxy",2022M03,2022-03-01,42.7,,False,CURRENT_REVISED_MECHANISM_DIAGNOSTIC_NOT_PIT_MODEL_INPUT,https://api.bls.gov/publicAPI/v2/timeseries/data/,D:\Programming\python_example\ForecastTest\data-lake\bronze\industrials\v5_4\bls\hii_shipbuilding_labor_current_revised_2026-09-03.json,b639cbded9a0518394883017ea401bd30515e37c434c8ae41820ddcf15148a1a,2026-09-03T12:17:10.664472+00:00
CES3133600002,"Transportation equipment manufacturing average weekly hours, seasonally adjusted proxy",2022M04,2022-04-01,42.5,,False,CURRENT_REVISED_MECHANISM_DIAGNOSTIC_NOT_PIT_MODEL_INPUT,https://api.bls.gov/publicAPI/v2/timeseries/data/,D:\Programming\python_example\ForecastTest\data-lake\bronze\industrials\v5_4\bls\hii_shipbuilding_labor_current_revised_2026-09-03.json,b639cbded9a0518394883017ea401bd30515e37c434c8ae41820ddcf15148a1a,2026-09-03T12:17:10.664472+00:00
CES3133600002,"Transportation equipment manufacturing average weekly hours, seasonally adjusted proxy",2022M05,2022-05-01,42.1,,False,CURRENT_REVISED_MECHANISM_DIAGNOSTIC_NOT_PIT_MODEL_INPUT,https://api.bls.gov/publicAPI/v2/timeseries/data/,D:\Programming\python_example\ForecastTest\data-lake\bronze\industrials\v5_4\bls\hii_shipbuilding_labor_current_revised_2026-09-03.json,b639cbded9a0518394883017ea401bd30515e37c434c8ae41820ddcf15148a1a,2026-09-03T12:17:10.664472+00:00
CES3133600002,"Transportation equipment manufacturing average weekly hours, seasonally adjusted proxy",2022M06,2022-06-01,41.8,,False,CURRENT_REVISED_MECHANISM_DIAGNOSTIC_NOT_PIT_MODEL_INPUT,https://api.bls.gov/publicAPI/v2/timeseries/data/,D:\Programming\python_example\ForecastTest\data-lake\bronze\industrials\v5_4\bls\hii_shipbuilding_labor_current_revised_2026-09-03.json,b639cbded9a0518394883017ea401bd30515e37c434c8ae41820ddcf15148a1a,2026-09-03T12:17:10.664472+00:00
CES3133600002,"Transportation equipment manufacturing average weekly hours, seasonally adjusted proxy",2022M07,2022-07-01,42.2,,False,CURRENT_REVISED_MECHANISM_DIAGNOSTIC_NOT_PIT_MODEL_INPUT,https://api.bls.gov/publicAPI/v2/timeseries/data/,D:\Programming\python_example\ForecastTest\data-lake\bronze\industrials\v5_4\bls\hii_shipbuilding_labor_current_revised_2026-09-03.json,b639cbded9a0518394883017ea401bd30515e37c434c8ae41820ddcf15148a1a,2026-09-03T12:17:10.664472+00:00
CES3133600002,"Transportation equipment manufacturing average weekly hours, seasonally adjusted proxy",2022M08,2022-08-01,42.0,,False,CURRENT_REVISED_MECHANISM_DIAGNOSTIC_NOT_PIT_MODEL_INPUT,https://api.bls.gov/publicAPI/v2/timeseries/data/,D:\Programming\python_example\ForecastTest\data-lake\bronze\industrials\v5_4\bls\hii_shipbuilding_labor_current_revised_2026-09-03.json,b639cbded9a0518394883017ea401bd30515e37c434c8ae41820ddcf15148a1a,2026-09-03T12:17:10.664472+00:00
CES3133600002,"Transportation equipment manufacturing average weekly hours, seasonally adjusted proxy",2022M09,2022-09-01,42.3,,False,CURRENT_REVISED_MECHANISM_DIAGNOSTIC_NOT_PIT_MODEL_INPUT,https://api.bls.gov/publicAPI/v2/timeseries/data/,D:\Programming\python_example\ForecastTest\data-lake\bronze\industrials\v5_4\bls\hii_shipbuilding_labor_current_revised_2026-09-03.json,b639cbded9a0518394883017ea401bd30515e37c434c8ae41820ddcf15148a1a,2026-09-03T12:17:10.664472+00:00
CES3133600002,"Transportation equipment manufacturing average weekly hours, seasonally adjusted proxy",2022M10,2022-10-01,42.5,,False,CURRENT_REVISED_MECHANISM_DIAGNOSTIC_NOT_PIT_MODEL_INPUT,https://api.bls.gov/publicAPI/v2/timeseries/data/,D:\Programming\python_example\ForecastTest\data-lake\bronze\industrials\v5_4\bls\hii_shipbuilding_labor_current_revised_2026-09-03.json,b639cbded9a0518394883017ea401bd30515e37c434c8ae41820ddcf15148a1a,2026-09-03T12:17:10.664472+00:00
CES3133600002,"Transportation equipment manufacturing average weekly hours, seasonally adjusted proxy",2022M11,2022-11-01,42.1,,False,CURRENT_REVISED_MECHANISM_DIAGNOSTIC_NOT_PIT_MODEL_INPUT,https://api.bls.gov/publicAPI/v2/timeseries/data/,D:\Programming\python_example\ForecastTest\data-lake\bronze\industrials\v5_4\bls\hii_shipbuilding_labor_current_revised_2026-09-03.json,b639cbded9a0518394883017ea401bd30515e37c434c8ae41820ddcf15148a1a,2026-09-03T12:17:10.664472+00:00
CES3133600002,"Transportation equipment manufacturing average weekly hours, seasonally adjusted proxy",2022M12,2022-12-01,42.3,,False,CURRENT_REVISED_MECHANISM_DIAGNOSTIC_NOT_PIT_MODEL_INPUT,https://api.bls.gov/publicAPI/v2/timeseries/data/,D:\Programming\python_example\ForecastTest\data-lake\bronze\industrials\v5_4\bls\hii_shipbuilding_labor_current_revised_2026-09-03.json,b639cbded9a0518394883017ea401bd30515e37c434c8ae41820ddcf15148a1a,2026-09-03T12:17:10.664472+00:00
CES3133600002,"Transportation equipment manufacturing average weekly hours, seasonally adjusted proxy",2023M01,2023-01-01,43.0,,False,CURRENT_REVISED_MECHANISM_DIAGNOSTIC_NOT_PIT_MODEL_INPUT,https://api.bls.gov/publicAPI/v2/timeseries/data/,D:\Programming\python_example\ForecastTest\data-lake\bronze\industrials\v5_4\bls\hii_shipbuilding_labor_current_revised_2026-09-03.json,b639cbded9a0518394883017ea401bd30515e37c434c8ae41820ddcf15148a1a,2026-09-03T12:17:10.664472+00:00
CES3133600002,"Transportation equipment manufacturing average weekly hours, seasonally adjusted proxy",2023M02,2023-02-01,42.4,,False,CURRENT_REVISED_MECHANISM_DIAGNOSTIC_NOT_PIT_MODEL_INPUT,https://api.bls.gov/publicAPI/v2/timeseries/data/,D:\Programming\python_example\ForecastTest\data-lake\bronze\industrials\v5_4\bls\hii_shipbuilding_labor_current_revised_2026-09-03.json,b639cbded9a0518394883017ea401bd30515e37c434c8ae41820ddcf15148a1a,2026-09-03T12:17:10.664472+00:00
CES3133600002,"Transportation equipment manufacturing average weekly hours, seasonally adjusted proxy",2023M03,2023-03-01,42.5,,False,CURRENT_REVISED_MECHANISM_DIAGNOSTIC_NOT_PIT_MODEL_INPUT,https://api.bls.gov/publicAPI/v2/timeseries/data/,D:\Programming\python_example\ForecastTest\data-lake\bronze\industrials\v5_4\bls\hii_shipbuilding_labor_current_revised_2026-09-03.json,b639cbded9a0518394883017ea401bd30515e37c434c8ae41820ddcf15148a1a,2026-09-03T12:17:10.664472+00:00
CES3133600002,"Transportation equipment manufacturing average weekly hours, seasonally adjusted proxy",2023M04,2023-04-01,42.4,,False,CURRENT_REVISED_MECHANISM_DIAGNOSTIC_NOT_PIT_MODEL_INPUT,https://api.bls.gov/publicAPI/v2/timeseries/data/,D:\Programming\python_example\ForecastTest\data-lake\bronze\industrials\v5_4\bls\hii_shipbuilding_labor_current_revised_2026-09-03.json,b639cbded9a0518394883017ea401bd30515e37c434c8ae41820ddcf15148a1a,2026-09-03T12:17:10.664472+00:00
CES3133600002,"Transportation equipment manufacturing average weekly hours, seasonally adjusted proxy",2023M05,2023-05-01,42.4,,False,CURRENT_REVISED_MECHANISM_DIAGNOSTIC_NOT_PIT_MODEL_INPUT,https://api.bls.gov/publicAPI/v2/timeseries/data/,D:\Programming\python_example\ForecastTest\data-lake\bronze\industrials\v5_4\bls\hii_shipbuilding_labor_current_revised_2026-09-03.json,b639cbded9a0518394883017ea401bd30515e37c434c8ae41820ddcf15148a1a,2026-09-03T12:17:10.664472+00:00
CES3133600002,"Transportation equipment manufacturing average weekly hours, seasonally adjusted proxy",2023M06,2023-06-01,42.6,,False,CURRENT_REVISED_MECHANISM_DIAGNOSTIC_NOT_PIT_MODEL_INPUT,https://api.bls.gov/publicAPI/v2/timeseries/data/,D:\Programming\python_example\ForecastTest\data-lake\bronze\industrials\v5_4\bls\hii_shipbuilding_labor_current_revised_2026-09-03.json,b639cbded9a0518394883017ea401bd30515e37c434c8ae41820ddcf15148a1a,2026-09-03T12:17:10.664472+00:00
CES3133600002,"Transportation equipment manufacturing average weekly hours, seasonally adjusted proxy",2023M07,2023-07-01,42.7,,False,CURRENT_REVISED_MECHANISM_DIAGNOSTIC_NOT_PIT_MODEL_INPUT,https://api.bls.gov/publicAPI/v2/timeseries/data/,D:\Programming\python_example\ForecastTest\data-lake\bronze\industrials\v5_4\bls\hii_shipbuilding_labor_current_revised_2026-09-03.json,b639cbded9a0518394883017ea401bd30515e37c434c8ae41820ddcf15148a1a,2026-09-03T12:17:10.664472+00:00
CES3133600002,"Transportation equipment manufacturing average weekly hours, seasonally adjusted proxy",2023M08,2023-08-01,42.6,,False,CURRENT_REVISED_MECHANISM_DIAGNOSTIC_NOT_PIT_MODEL_INPUT,https://api.bls.gov/publicAPI/v2/timeseries/data/,D:\Programming\python_example\ForecastTest\data-lake\bronze\industrials\v5_4\bls\hii_shipbuilding_labor_current_revised_2026-09-03.json,b639cbded9a0518394883017ea401bd30515e37c434c8ae41820ddcf15148a1a,2026-09-03T12:17:10.664472+00:00
CES3133600002,"Transportation equipment manufacturing average weekly hours, seasonally adjusted proxy",2023M09,2023-09-01,42.5,,False,CURRENT_REVISED_MECHANISM_DIAGNOSTIC_NOT_PIT_MODEL_INPUT,https://api.bls.gov/publicAPI/v2/timeseries/data/,D:\Programming\python_example\ForecastTest\data-lake\bronze\industrials\v5_4\bls\hii_shipbuilding_labor_current_revised_2026-09-03.json,b639cbded9a0518394883017ea401bd30515e37c434c8ae41820ddcf15148a1a,2026-09-03T12:17:10.664472+00:00
CES3133600002,"Transportation equipment manufacturing average weekly hours, seasonally adjusted proxy",2023M10,2023-10-01,42.2,,False,CURRENT_REVISED_MECHANISM_DIAGNOSTIC_NOT_PIT_MODEL_INPUT,https://api.bls.gov/publicAPI/v2/timeseries/data/,D:\Programming\python_example\ForecastTest\data-lake\bronze\industrials\v5_4\bls\hii_shipbuilding_labor_current_revised_2026-09-03.json,b639cbded9a0518394883017ea401bd30515e37c434c8ae41820ddcf15148a1a,2026-09-03T12:17:10.664472+00:00
CES3133600002,"Transportation equipment manufacturing average weekly hours, seasonally adjusted proxy",2023M11,2023-11-01,41.6,,False,CURRENT_REVISED_MECHANISM_DIAGNOSTIC_NOT_PIT_MODEL_INPUT,https://api.bls.gov/publicAPI/v2/timeseries/data/,D:\Programming\python_example\ForecastTest\data-lake\bronze\industrials\v5_4\bls\hii_shipbuilding_labor_current_revised_2026-09-03.json,b639cbded9a0518394883017ea401bd30515e37c434c8ae41820ddcf15148a1a,2026-09-03T12:17:10.664472+00:00
CES3133600002,"Transportation equipment manufacturing average weekly hours, seasonally adjusted proxy",2023M12,2023-12-01,42.1,,False,CURRENT_REVISED_MECHANISM_DIAGNOSTIC_NOT_PIT_MODEL_INPUT,https://api.bls.gov/publicAPI/v2/timeseries/data/,D:\Programming\python_example\ForecastTest\data-lake\bronze\industrials\v5_4\bls\hii_shipbuilding_labor_current_revised_2026-09-03.json,b639cbded9a0518394883017ea401bd30515e37c434c8ae41820ddcf15148a1a,2026-09-03T12:17:10.664472+00:00
CES3133600002,"Transportation equipment manufacturing average weekly hours, seasonally adjusted proxy",2024M01,2024-01-01,42.0,,False,CURRENT_REVISED_MECHANISM_DIAGNOSTIC_NOT_PIT_MODEL_INPUT,https://api.bls.gov/publicAPI/v2/timeseries/data/,D:\Programming\python_example\ForecastTest\data-lake\bronze\industrials\v5_4\bls\hii_shipbuilding_labor_current_revised_2026-09-03.json,b639cbded9a0518394883017ea401bd30515e37c434c8ae41820ddcf15148a1a,2026-09-03T12:17:10.664472+00:00
CES3133600002,"Transportation equipment manufacturing average weekly hours, seasonally adjusted proxy",2024M02,2024-02-01,42.1,,False,CURRENT_REVISED_MECHANISM_DIAGNOSTIC_NOT_PIT_MODEL_INPUT,https://api.bls.gov/publicAPI/v2/timeseries/data/,D:\Programming\python_example\ForecastTest\data-lake\bronze\industrials\v5_4\bls\hii_shipbuilding_labor_current_revised_2026-09-03.json,b639cbded9a0518394883017ea401bd30515e37c434c8ae41820ddcf15148a1a,2026-09-03T12:17:10.664472+00:00
CES3133600002,"Transportation equipment manufacturing average weekly hours, seasonally adjusted proxy",2024M03,2024-03-01,42.0,,False,CURRENT_REVISED_MECHANISM_DIAGNOSTIC_NOT_PIT_MODEL_INPUT,https://api.bls.gov/publicAPI/v2/timeseries/data/,D:\Programming\python_example\ForecastTest\data-lake\bronze\industrials\v5_4\bls\hii_shipbuilding_labor_current_revised_2026-09-03.json,b639cbded9a0518394883017ea401bd30515e37c434c8ae41820ddcf15148a1a,2026-09-03T12:17:10.664472+00:00
CES3133600002,"Transportation equipment manufacturing average weekly hours, seasonally adjusted proxy",2024M04,2024-04-01,42.4,,False,CURRENT_REVISED_MECHANISM_DIAGNOSTIC_NOT_PIT_MODEL_INPUT,https://api.bls.gov/publicAPI/v2/timeseries/data/,D:\Programming\python_example\ForecastTest\data-lake\bronze\industrials\v5_4\bls\hii_shipbuilding_labor_current_revised_2026-09-03.json,b639cbded9a0518394883017ea401bd30515e37c434c8ae41820ddcf15148a1a,2026-09-03T12:17:10.664472+00:00
CES3133600002,"Transportation equipment manufacturing average weekly hours, seasonally adjusted proxy",2024M05,2024-05-01,42.2,,False,CURRENT_REVISED_MECHANISM_DIAGNOSTIC_NOT_PIT_MODEL_INPUT,https://api.bls.gov/publicAPI/v2/timeseries/data/,D:\Programming\python_example\ForecastTest\data-lake\bronze\industrials\v5_4\bls\hii_shipbuilding_labor_current_revised_2026-09-03.json,b639cbded9a0518394883017ea401bd30515e37c434c8ae41820ddcf15148a1a,2026-09-03T12:17:10.664472+00:00
CES3133600002,"Transportation equipment manufacturing average weekly hours, seasonally adjusted proxy",2024M06,2024-06-01,42.2,,False,CURRENT_REVISED_MECHANISM_DIAGNOSTIC_NOT_PIT_MODEL_INPUT,https://api.bls.gov/publicAPI/v2/timeseries/data/,D:\Programming\python_example\ForecastTest\data-lake\bronze\industrials\v5_4\bls\hii_shipbuilding_labor_current_revised_2026-09-03.json,b639cbded9a0518394883017ea401bd30515e37c434c8ae41820ddcf15148a1a,2026-09-03T12:17:10.664472+00:00
CES3133600002,"Transportation equipment manufacturing average weekly hours, seasonally adjusted proxy",2024M07,2024-07-01,41.9,,False,CURRENT_REVISED_MECHANISM_DIAGNOSTIC_NOT_PIT_MODEL_INPUT,https://api.bls.gov/publicAPI/v2/timeseries/data/,D:\Programming\python_example\ForecastTest\data-lake\bronze\industrials\v5_4\bls\hii_shipbuilding_labor_current_revised_2026-09-03.json,b639cbded9a0518394883017ea401bd30515e37c434c8ae41820ddcf15148a1a,2026-09-03T12:17:10.664472+00:00
CES3133600002,"Transportation equipment manufacturing average weekly hours, seasonally adjusted proxy",2024M08,2024-08-01,42.2,,False,CURRENT_REVISED_MECHANISM_DIAGNOSTIC_NOT_PIT_MODEL_INPUT,https://api.bls.gov/publicAPI/v2/timeseries/data/,D:\Programming\python_example\ForecastTest\data-lake\bronze\industrials\v5_4\bls\hii_shipbuilding_labor_current_revised_2026-09-03.json,b639cbded9a0518394883017ea401bd30515e37c434c8ae41820ddcf15148a1a,2026-09-03T12:17:10.664472+00:00
CES3133600002,"Transportation equipment manufacturing average weekly hours, seasonally adjusted proxy",2024M09,2024-09-01,41.9,,False,CURRENT_REVISED_MECHANISM_DIAGNOSTIC_NOT_PIT_MODEL_INPUT,https://api.bls.gov/publicAPI/v2/timeseries/data/,D:\Programming\python_example\ForecastTest\data-lake\bronze\industrials\v5_4\bls\hii_shipbuilding_labor_current_revised_2026-09-03.json,b639cbded9a0518394883017ea401bd30515e37c434c8ae41820ddcf15148a1a,2026-09-03T12:17:10.664472+00:00
CES3133600002,"Transportation equipment manufacturing average weekly hours, seasonally adjusted proxy",2024M10,2024-10-01,41.6,,False,CURRENT_REVISED_MECHANISM_DIAGNOSTIC_NOT_PIT_MODEL_INPUT,https://api.bls.gov/publicAPI/v2/timeseries/data/,D:\Programming\python_example\ForecastTest\data-lake\bronze\industrials\v5_4\bls\hii_shipbuilding_labor_current_revised_2026-09-03.json,b639cbded9a0518394883017ea401bd30515e37c434c8ae41820ddcf15148a1a,2026-09-03T12:17:10.664472+00:00
CES3133600002,"Transportation equipment manufacturing average weekly hours, seasonally adjusted proxy",2024M11,2024-11-01,42.0,,False,CURRENT_REVISED_MECHANISM_DIAGNOSTIC_NOT_PIT_MODEL_INPUT,https://api.bls.gov/publicAPI/v2/timeseries/data/,D:\Programming\python_example\ForecastTest\data-lake\bronze\industrials\v5_4\bls\hii_shipbuilding_labor_current_revised_2026-09-03.json,b639cbded9a0518394883017ea401bd30515e37c434c8ae41820ddcf15148a1a,2026-09-03T12:17:10.664472+00:00
CES3133600002,"Transportation equipment manufacturing average weekly hours, seasonally adjusted proxy",2024M12,2024-12-01,41.8,,False,CURRENT_REVISED_MECHANISM_DIAGNOSTIC_NOT_PIT_MODEL_INPUT,https://api.bls.gov/publicAPI/v2/timeseries/data/,D:\Programming\python_example\ForecastTest\data-lake\bronze\industrials\v5_4\bls\hii_shipbuilding_labor_current_revised_2026-09-03.json,b639cbded9a0518394883017ea401bd30515e37c434c8ae41820ddcf15148a1a,2026-09-03T12:17:10.664472+00:00
CES3133600002,"Transportation equipment manufacturing average weekly hours, seasonally adjusted proxy",2025M01,2025-01-01,41.9,,False,CURRENT_REVISED_MECHANISM_DIAGNOSTIC_NOT_PIT_MODEL_INPUT,https://api.bls.gov/publicAPI/v2/timeseries/data/,D:\Programming\python_example\ForecastTest\data-lake\bronze\industrials\v5_4\bls\hii_shipbuilding_labor_current_revised_2026-09-03.json,b639cbded9a0518394883017ea401bd30515e37c434c8ae41820ddcf15148a1a,2026-09-03T12:17:10.664472+00:00
CES3133600002,"Transportation equipment manufacturing average weekly hours, seasonally adjusted proxy",2025M02,2025-02-01,42.0,,False,CURRENT_REVISED_MECHANISM_DIAGNOSTIC_NOT_PIT_MODEL_INPUT,https://api.bls.gov/publicAPI/v2/timeseries/data/,D:\Programming\python_example\ForecastTest\data-lake\bronze\industrials\v5_4\bls\hii_shipbuilding_labor_current_revised_2026-09-03.json,b639cbded9a0518394883017ea401bd30515e37c434c8ae41820ddcf15148a1a,2026-09-03T12:17:10.664472+00:00
CES3133600002,"Transportation equipment manufacturing average weekly hours, seasonally adjusted proxy",2025M03,2025-03-01,42.1,,False,CURRENT_REVISED_MECHANISM_DIAGNOSTIC_NOT_PIT_MODEL_INPUT,https://api.bls.gov/publicAPI/v2/timeseries/data/,D:\Programming\python_example\ForecastTest\data-lake\bronze\industrials\v5_4\bls\hii_shipbuilding_labor_current_revised_2026-09-03.json,b639cbded9a0518394883017ea401bd30515e37c434c8ae41820ddcf15148a1a,2026-09-03T12:17:10.664472+00:00
CES3133600002,"Transportation equipment manufacturing average weekly hours, seasonally adjusted proxy",2025M04,2025-04-01,41.6,,False,CURRENT_REVISED_MECHANISM_DIAGNOSTIC_NOT_PIT_MODEL_INPUT,https://api.bls.gov/publicAPI/v2/timeseries/data/,D:\Programming\python_example\ForecastTest\data-lake\bronze\industrials\v5_4\bls\hii_shipbuilding_labor_current_revised_2026-09-03.json,b639cbded9a0518394883017ea401bd30515e37c434c8ae41820ddcf15148a1a,2026-09-03T12:17:10.664472+00:00
CES3133600002,"Transportation equipment manufacturing average weekly hours, seasonally adjusted proxy",2025M05,2025-05-01,41.8,,False,CURRENT_REVISED_MECHANISM_DIAGNOSTIC_NOT_PIT_MODEL_INPUT,https://api.bls.gov/publicAPI/v2/timeseries/data/,D:\Programming\python_example\ForecastTest\data-lake\bronze\industrials\v5_4\bls\hii_shipbuilding_labor_current_revised_2026-09-03.json,b639cbded9a0518394883017ea401bd30515e37c434c8ae41820ddcf15148a1a,2026-09-03T12:17:10.664472+00:00
CES3133600002,"Transportation equipment manufacturing average weekly hours, seasonally adjusted proxy",2025M06,2025-06-01,41.5,,False,CURRENT_REVISED_MECHANISM_DIAGNOSTIC_NOT_PIT_MODEL_INPUT,https://api.bls.gov/publicAPI/v2/timeseries/data/,D:\Programming\python_example\ForecastTest\data-lake\bronze\industrials\v5_4\bls\hii_shipbuilding_labor_current_revised_2026-09-03.json,b639cbded9a0518394883017ea401bd30515e37c434c8ae41820ddcf15148a1a,2026-09-03T12:17:10.664472+00:00
CES3133600002,"Transportation equipment manufacturing average weekly hours, seasonally adjusted proxy",2025M07,2025-07-01,41.9,,False,CURRENT_REVISED_MECHANISM_DIAGNOSTIC_NOT_PIT_MODEL_INPUT,https://api.bls.gov/publicAPI/v2/timeseries/data/,D:\Programming\python_example\ForecastTest\data-lake\bronze\industrials\v5_4\bls\hii_shipbuilding_labor_current_revised_2026-09-03.json,b639cbded9a0518394883017ea401bd30515e37c434c8ae41820ddcf15148a1a,2026-09-03T12:17:10.664472+00:00
CES3133600002,"Transportation equipment manufacturing average weekly hours, seasonally adjusted proxy",2025M08,2025-08-01,41.2,,False,CURRENT_REVISED_MECHANISM_DIAGNOSTIC_NOT_PIT_MODEL_INPUT,https://api.bls.gov/publicAPI/v2/timeseries/data/,D:\Programming\python_example\ForecastTest\data-lake\bronze\industrials\v5_4\bls\hii_shipbuilding_labor_current_revised_2026-09-03.json,b639cbded9a0518394883017ea401bd30515e37c434c8ae41820ddcf15148a1a,2026-09-03T12:17:10.664472+00:00
CES3133600002,"Transportation equipment manufacturing average weekly hours, seasonally adjusted proxy",2025M09,2025-09-01,41.3,,False,CURRENT_REVISED_MECHANISM_DIAGNOSTIC_NOT_PIT_MODEL_INPUT,https://api.bls.gov/publicAPI/v2/timeseries/data/,D:\Programming\python_example\ForecastTest\data-lake\bronze\industrials\v5_4\bls\hii_shipbuilding_labor_current_revised_2026-09-03.json,b639cbded9a0518394883017ea401bd30515e37c434c8ae41820ddcf15148a1a,2026-09-03T12:17:10.664472+00:00
CES3133600002,"Transportation equipment manufacturing average weekly hours, seasonally adjusted proxy",2025M10,2025-10-01,41.3,,False,CURRENT_REVISED_MECHANISM_DIAGNOSTIC_NOT_PIT_MODEL_INPUT,https://api.bls.gov/publicAPI/v2/timeseries/data/,D:\Programming\python_example\ForecastTest\data-lake\bronze\industrials\v5_4\bls\hii_shipbuilding_labor_current_revised_2026-09-03.json,b639cbded9a0518394883017ea401bd30515e37c434c8ae41820ddcf15148a1a,2026-09-03T12:17:10.664472+00:00
CES3133600002,"Transportation equipment manufacturing average weekly hours, seasonally adjusted proxy",2025M11,2025-11-01,41.4,,False,CURRENT_REVISED_MECHANISM_DIAGNOSTIC_NOT_PIT_MODEL_INPUT,https://api.bls.gov/publicAPI/v2/timeseries/data/,D:\Programming\python_example\ForecastTest\data-lake\bronze\industrials\v5_4\bls\hii_shipbuilding_labor_current_revised_2026-09-03.json,b639cbded9a0518394883017ea401bd30515e37c434c8ae41820ddcf15148a1a,2026-09-03T12:17:10.664472+00:00
CES3133600002,"Transportation equipment manufacturing average weekly hours, seasonally adjusted proxy",2025M12,2025-12-01,41.5,,False,CURRENT_REVISED_MECHANISM_DIAGNOSTIC_NOT_PIT_MODEL_INPUT,https://api.bls.gov/publicAPI/v2/timeseries/data/,D:\Programming\python_example\ForecastTest\data-lake\bronze\industrials\v5_4\bls\hii_shipbuilding_labor_current_revised_2026-09-03.json,b639cbded9a0518394883017ea401bd30515e37c434c8ae41820ddcf15148a1a,2026-09-03T12:17:10.664472+00:00
CES3133600002,"Transportation equipment manufacturing average weekly hours, seasonally adjusted proxy",2026M01,2026-01-01,41.7,,False,CURRENT_REVISED_MECHANISM_DIAGNOSTIC_NOT_PIT_MODEL_INPUT,https://api.bls.gov/publicAPI/v2/timeseries/data/,D:\Programming\python_example\ForecastTest\data-lake\bronze\industrials\v5_4\bls\hii_shipbuilding_labor_current_revised_2026-09-03.json,b639cbded9a0518394883017ea401bd30515e37c434c8ae41820ddcf15148a1a,2026-09-03T12:17:10.664472+00:00
CES3133600002,"Transportation equipment manufacturing average weekly hours, seasonally adjusted proxy",2026M02,2026-02-01,41.7,,False,CURRENT_REVISED_MECHANISM_DIAGNOSTIC_NOT_PIT_MODEL_INPUT,https://api.bls.gov/publicAPI/v2/timeseries/data/,D:\Programming\python_example\ForecastTest\data-lake\bronze\industrials\v5_4\bls\hii_shipbuilding_labor_current_revised_2026-09-03.json,b639cbded9a0518394883017ea401bd30515e37c434c8ae41820ddcf15148a1a,2026-09-03T12:17:10.664472+00:00
CES3133600002,"Transportation equipment manufacturing average weekly hours, seasonally adjusted proxy",2026M03,2026-03-01,41.7,,False,CURRENT_REVISED_MECHANISM_DIAGNOSTIC_NOT_PIT_MODEL_INPUT,https://api.bls.gov/publicAPI/v2/timeseries/data/,D:\Programming\python_example\ForecastTest\data-lake\bronze\industrials\v5_4\bls\hii_shipbuilding_labor_current_revised_2026-09-03.json,b639cbded9a0518394883017ea401bd30515e37c434c8ae41820ddcf15148a1a,2026-09-03T12:17:10.664472+00:00
CES3133600002,"Transportation equipment manufacturing average weekly hours, seasonally adjusted proxy",2026M04,2026-04-01,42.0,,False,CURRENT_REVISED_MECHANISM_DIAGNOSTIC_NOT_PIT_MODEL_INPUT,https://api.bls.gov/publicAPI/v2/timeseries/data/,D:\Programming\python_example\ForecastTest\data-lake\bronze\industrials\v5_4\bls\hii_shipbuilding_labor_current_revised_2026-09-03.json,b639cbded9a0518394883017ea401bd30515e37c434c8ae41820ddcf15148a1a,2026-09-03T12:17:10.664472+00:00
CES3133600002,"Transportation equipment manufacturing average weekly hours, seasonally adjusted proxy",2026M05,2026-05-01,42.0,,False,CURRENT_REVISED_MECHANISM_DIAGNOSTIC_NOT_PIT_MODEL_INPUT,https://api.bls.gov/publicAPI/v2/timeseries/data/,D:\Programming\python_example\ForecastTest\data-lake\bronze\industrials\v5_4\bls\hii_shipbuilding_labor_current_revised_2026-09-03.json,b639cbded9a0518394883017ea401bd30515e37c434c8ae41820ddcf15148a1a,2026-09-03T12:17:10.664472+00:00
CES3133600002,"Transportation equipment manufacturing average weekly hours, seasonally adjusted proxy",2026M06,2026-06-01,42.2,preliminary,False,CURRENT_REVISED_MECHANISM_DIAGNOSTIC_NOT_PIT_MODEL_INPUT,https://api.bls.gov/publicAPI/v2/timeseries/data/,D:\Programming\python_example\ForecastTest\data-lake\bronze\industrials\v5_4\bls\hii_shipbuilding_labor_current_revised_2026-09-03.json,b639cbded9a0518394883017ea401bd30515e37c434c8ae41820ddcf15148a1a,2026-09-03T12:17:10.664472+00:00
CES3133600003,"Transportation equipment manufacturing average hourly earnings, seasonally adjusted proxy",2019M01,2019-01-01,32.47,,False,CURRENT_REVISED_MECHANISM_DIAGNOSTIC_NOT_PIT_MODEL_INPUT,https://api.bls.gov/publicAPI/v2/timeseries/data/,D:\Programming\python_example\ForecastTest\data-lake\bronze\industrials\v5_4\bls\hii_shipbuilding_labor_current_revised_2026-09-03.json,b639cbded9a0518394883017ea401bd30515e37c434c8ae41820ddcf15148a1a,2026-09-03T12:17:10.664472+00:00
CES3133600003,"Transportation equipment manufacturing average hourly earnings, seasonally adjusted proxy",2019M02,2019-02-01,32.65,,False,CURRENT_REVISED_MECHANISM_DIAGNOSTIC_NOT_PIT_MODEL_INPUT,https://api.bls.gov/publicAPI/v2/timeseries/data/,D:\Programming\python_example\ForecastTest\data-lake\bronze\industrials\v5_4\bls\hii_shipbuilding_labor_current_revised_2026-09-03.json,b639cbded9a0518394883017ea401bd30515e37c434c8ae41820ddcf15148a1a,2026-09-03T12:17:10.664472+00:00
CES3133600003,"Transportation equipment manufacturing average hourly earnings, seasonally adjusted proxy",2019M03,2019-03-01,32.71,,False,CURRENT_REVISED_MECHANISM_DIAGNOSTIC_NOT_PIT_MODEL_INPUT,https://api.bls.gov/publicAPI/v2/timeseries/data/,D:\Programming\python_example\ForecastTest\data-lake\bronze\industrials\v5_4\bls\hii_shipbuilding_labor_current_revised_2026-09-03.json,b639cbded9a0518394883017ea401bd30515e37c434c8ae41820ddcf15148a1a,2026-09-03T12:17:10.664472+00:00
CES3133600003,"Transportation equipment manufacturing average hourly earnings, seasonally adjusted proxy",2019M04,2019-04-01,32.6,,False,CURRENT_REVISED_MECHANISM_DIAGNOSTIC_NOT_PIT_MODEL_INPUT,https://api.bls.gov/publicAPI/v2/timeseries/data/,D:\Programming\python_example\ForecastTest\data-lake\bronze\industrials\v5_4\bls\hii_shipbuilding_labor_current_revised_2026-09-03.json,b639cbded9a0518394883017ea401bd30515e37c434c8ae41820ddcf15148a1a,2026-09-03T12:17:10.664472+00:00
CES3133600003,"Transportation equipment manufacturing average hourly earnings, seasonally adjusted proxy",2019M05,2019-05-01,32.68,,False,CURRENT_REVISED_MECHANISM_DIAGNOSTIC_NOT_PIT_MODEL_INPUT,https://api.bls.gov/publicAPI/v2/timeseries/data/,D:\Programming\python_example\ForecastTest\data-lake\bronze\industrials\v5_4\bls\hii_shipbuilding_labor_current_revised_2026-09-03.json,b639cbded9a0518394883017ea401bd30515e37c434c8ae41820ddcf15148a1a,2026-09-03T12:17:10.664472+00:00
CES3133600003,"Transportation equipment manufacturing average hourly earnings, seasonally adjusted proxy",2019M06,2019-06-01,32.85,,False,CURRENT_REVISED_MECHANISM_DIAGNOSTIC_NOT_PIT_MODEL_INPUT,https://api.bls.gov/publicAPI/v2/timeseries/data/,D:\Programming\python_example\ForecastTest\data-lake\bronze\industrials\v5_4\bls\hii_shipbuilding_labor_current_revised_2026-09-03.json,b639cbded9a0518394883017ea401bd30515e37c434c8ae41820ddcf15148a1a,2026-09-03T12:17:10.664472+00:00
CES3133600003,"Transportation equipment manufacturing average hourly earnings, seasonally adjusted proxy",2019M07,2019-07-01,32.77,,False,CURRENT_REVISED_MECHANISM_DIAGNOSTIC_NOT_PIT_MODEL_INPUT,https://api.bls.gov/publicAPI/v2/timeseries/data/,D:\Programming\python_example\ForecastTest\data-lake\bronze\industrials\v5_4\bls\hii_shipbuilding_labor_current_revised_2026-09-03.json,b639cbded9a0518394883017ea401bd30515e37c434c8ae41820ddcf15148a1a,2026-09-03T12:17:10.664472+00:00
CES3133600003,"Transportation equipment manufacturing average hourly earnings, seasonally adjusted proxy",2019M08,2019-08-01,32.98,,False,CURRENT_REVISED_MECHANISM_DIAGNOSTIC_NOT_PIT_MODEL_INPUT,https://api.bls.gov/publicAPI/v2/timeseries/data/,D:\Programming\python_example\ForecastTest\data-lake\bronze\industrials\v5_4\bls\hii_shipbuilding_labor_current_revised_2026-09-03.json,b639cbded9a0518394883017ea401bd30515e37c434c8ae41820ddcf15148a1a,2026-09-03T12:17:10.664472+00:00
CES3133600003,"Transportation equipment manufacturing average hourly earnings, seasonally adjusted proxy",2019M09,2019-09-01,33.02,,False,CURRENT_REVISED_MECHANISM_DIAGNOSTIC_NOT_PIT_MODEL_INPUT,https://api.bls.gov/publicAPI/v2/timeseries/data/,D:\Programming\python_example\ForecastTest\data-lake\bronze\industrials\v5_4\bls\hii_shipbuilding_labor_current_revised_2026-09-03.json,b639cbded9a0518394883017ea401bd30515e37c434c8ae41820ddcf15148a1a,2026-09-03T12:17:10.664472+00:00
CES3133600003,"Transportation equipment manufacturing average hourly earnings, seasonally adjusted proxy",2019M10,2019-10-01,33.12,,False,CURRENT_REVISED_MECHANISM_DIAGNOSTIC_NOT_PIT_MODEL_INPUT,https://api.bls.gov/publicAPI/v2/timeseries/data/,D:\Programming\python_example\ForecastTest\data-lake\bronze\industrials\v5_4\bls\hii_shipbuilding_labor_current_revised_2026-09-03.json,b639cbded9a0518394883017ea401bd30515e37c434c8ae41820ddcf15148a1a,2026-09-03T12:17:10.664472+00:00
CES3133600003,"Transportation equipment manufacturing average hourly earnings, seasonally adjusted proxy",2019M11,2019-11-01,33.3,,False,CURRENT_REVISED_MECHANISM_DIAGNOSTIC_NOT_PIT_MODEL_INPUT,https://api.bls.gov/publicAPI/v2/timeseries/data/,D:\Programming\python_example\ForecastTest\data-lake\bronze\industrials\v5_4\bls\hii_shipbuilding_labor_current_revised_2026-09-03.json,b639cbded9a0518394883017ea401bd30515e37c434c8ae41820ddcf15148a1a,2026-09-03T12:17:10.664472+00:00
CES3133600003,"Transportation equipment manufacturing average hourly earnings, seasonally adjusted proxy",2019M12,2019-12-01,33.57,,False,CURRENT_REVISED_MECHANISM_DIAGNOSTIC_NOT_PIT_MODEL_INPUT,https://api.bls.gov/publicAPI/v2/timeseries/data/,D:\Programming\python_example\ForecastTest\data-lake\bronze\industrials\v5_4\bls\hii_shipbuilding_labor_current_revised_2026-09-03.json,b639cbded9a0518394883017ea401bd30515e37c434c8ae41820ddcf15148a1a,2026-09-03T12:17:10.664472+00:00
CES3133600003,"Transportation equipment manufacturing average hourly earnings, seasonally adjusted proxy",2020M01,2020-01-01,33.48,,False,CURRENT_REVISED_MECHANISM_DIAGNOSTIC_NOT_PIT_MODEL_INPUT,https://api.bls.gov/publicAPI/v2/timeseries/data/,D:\Programming\python_example\ForecastTest\data-lake\bronze\industrials\v5_4\bls\hii_shipbuilding_labor_current_revised_2026-09-03.json,b639cbded9a0518394883017ea401bd30515e37c434c8ae41820ddcf15148a1a,2026-09-03T12:17:10.664472+00:00
CES3133600003,"Transportation equipment manufacturing average hourly earnings, seasonally adjusted proxy",2020M02,2020-02-01,33.4,,False,CURRENT_REVISED_MECHANISM_DIAGNOSTIC_NOT_PIT_MODEL_INPUT,https://api.bls.gov/publicAPI/v2/timeseries/data/,D:\Programming\python_example\ForecastTest\data-lake\bronze\industrials\v5_4\bls\hii_shipbuilding_labor_current_revised_2026-09-03.json,b639cbded9a0518394883017ea401bd30515e37c434c8ae41820ddcf15148a1a,2026-09-03T12:17:10.664472+00:00
CES3133600003,"Transportation equipment manufacturing average hourly earnings, seasonally adjusted proxy",2020M03,2020-03-01,33.63,,False,CURRENT_REVISED_MECHANISM_DIAGNOSTIC_NOT_PIT_MODEL_INPUT,https://api.bls.gov/publicAPI/v2/timeseries/data/,D:\Programming\python_example\ForecastTest\data-lake\bronze\industrials\v5_4\bls\hii_shipbuilding_labor_current_revised_2026-09-03.json,b639cbded9a0518394883017ea401bd30515e37c434c8ae41820ddcf15148a1a,2026-09-03T12:17:10.664472+00:00
CES3133600003,"Transportation equipment manufacturing average hourly earnings, seasonally adjusted proxy",2020M04,2020-04-01,36.61,,False,CURRENT_REVISED_MECHANISM_DIAGNOSTIC_NOT_PIT_MODEL_INPUT,https://api.bls.gov/publicAPI/v2/timeseries/data/,D:\Programming\python_example\ForecastTest\data-lake\bronze\industrials\v5_4\bls\hii_shipbuilding_labor_current_revised_2026-09-03.json,b639cbded9a0518394883017ea401bd30515e37c434c8ae41820ddcf15148a1a,2026-09-03T12:17:10.664472+00:00
CES3133600003,"Transportation equipment manufacturing average hourly earnings, seasonally adjusted proxy",2020M05,2020-05-01,35.57,,False,CURRENT_REVISED_MECHANISM_DIAGNOSTIC_NOT_PIT_MODEL_INPUT,https://api.bls.gov/publicAPI/v2/timeseries/data/,D:\Programming\python_example\ForecastTest\data-lake\bronze\industrials\v5_4\bls\hii_shipbuilding_labor_current_revised_2026-09-03.json,b639cbded9a0518394883017ea401bd30515e37c434c8ae41820ddcf15148a1a,2026-09-03T12:17:10.664472+00:00
CES3133600003,"Transportation equipment manufacturing average hourly earnings, seasonally adjusted proxy",2020M06,2020-06-01,33.42,,False,CURRENT_REVISED_MECHANISM_DIAGNOSTIC_NOT_PIT_MODEL_INPUT,https://api.bls.gov/publicAPI/v2/timeseries/data/,D:\Programming\python_example\ForecastTest\data-lake\bronze\industrials\v5_4\bls\hii_shipbuilding_labor_current_revised_2026-09-03.json,b639cbded9a0518394883017ea401bd30515e37c434c8ae41820ddcf15148a1a,2026-09-03T12:17:10.664472+00:00
CES3133600003,"Transportation equipment manufacturing average hourly earnings, seasonally adjusted proxy",2020M07,2020-07-01,33.65,,False,CURRENT_REVISED_MECHANISM_DIAGNOSTIC_NOT_PIT_MODEL_INPUT,https://api.bls.gov/publicAPI/v2/timeseries/data/,D:\Programming\python_example\ForecastTest\data-lake\bronze\industrials\v5_4\bls\hii_shipbuilding_labor_current_revised_2026-09-03.json,b639cbded9a0518394883017ea401bd30515e37c434c8ae41820ddcf15148a1a,2026-09-03T12:17:10.664472+00:00
CES3133600003,"Transportation equipment manufacturing average hourly earnings, seasonally adjusted proxy",2020M08,2020-08-01,34.03,,False,CURRENT_REVISED_MECHANISM_DIAGNOSTIC_NOT_PIT_MODEL_INPUT,https://api.bls.gov/publicAPI/v2/timeseries/data/,D:\Programming\python_example\ForecastTest\data-lake\bronze\industrials\v5_4\bls\hii_shipbuilding_labor_current_revised_2026-09-03.json,b639cbded9a0518394883017ea401bd30515e37c434c8ae41820ddcf15148a1a,2026-09-03T12:17:10.664472+00:00
CES3133600003,"Transportation equipment manufacturing average hourly earnings, seasonally adjusted proxy",2020M09,2020-09-01,34.03,,False,CURRENT_REVISED_MECHANISM_DIAGNOSTIC_NOT_PIT_MODEL_INPUT,https://api.bls.gov/publicAPI/v2/timeseries/data/,D:\Programming\python_example\ForecastTest\data-lake\bronze\industrials\v5_4\bls\hii_shipbuilding_labor_current_revised_2026-09-03.json,b639cbded9a0518394883017ea401bd30515e37c434c8ae41820ddcf15148a1a,2026-09-03T12:17:10.664472+00:00
CES3133600003,"Transportation equipment manufacturing average hourly earnings, seasonally adjusted proxy",2020M10,2020-10-01,34.06,,False,CURRENT_REVISED_MECHANISM_DIAGNOSTIC_NOT_PIT_MODEL_INPUT,https://api.bls.gov/publicAPI/v2/timeseries/data/,D:\Programming\python_example\ForecastTest\data-lake\bronze\industrials\v5_4\bls\hii_shipbuilding_labor_current_revised_2026-09-03.json,b639cbded9a0518394883017ea401bd30515e37c434c8ae41820ddcf15148a1a,2026-09-03T12:17:10.664472+00:00
CES3133600003,"Transportation equipment manufacturing average hourly earnings, seasonally adjusted proxy",2020M11,2020-11-01,33.92,,False,CURRENT_REVISED_MECHANISM_DIAGNOSTIC_NOT_PIT_MODEL_INPUT,https://api.bls.gov/publicAPI/v2/timeseries/data/,D:\Programming\python_example\ForecastTest\data-lake\bronze\industrials\v5_4\bls\hii_shipbuilding_labor_current_revised_2026-09-03.json,b639cbded9a0518394883017ea401bd30515e37c434c8ae41820ddcf15148a1a,2026-09-03T12:17:10.664472+00:00
CES3133600003,"Transportation equipment manufacturing average hourly earnings, seasonally adjusted proxy",2020M12,2020-12-01,33.9,,False,CURRENT_REVISED_MECHANISM_DIAGNOSTIC_NOT_PIT_MODEL_INPUT,https://api.bls.gov/publicAPI/v2/timeseries/data/,D:\Programming\python_example\ForecastTest\data-lake\bronze\industrials\v5_4\bls\hii_shipbuilding_labor_current_revised_2026-09-03.json,b639cbded9a0518394883017ea401bd30515e37c434c8ae41820ddcf15148a1a,2026-09-03T12:17:10.664472+00:00
CES3133600003,"Transportation equipment manufacturing average hourly earnings, seasonally adjusted proxy",2021M01,2021-01-01,34.04,,False,CURRENT_REVISED_MECHANISM_DIAGNOSTIC_NOT_PIT_MODEL_INPUT,https://api.bls.gov/publicAPI/v2/timeseries/data/,D:\Programming\python_example\ForecastTest\data-lake\bronze\industrials\v5_4\bls\hii_shipbuilding_labor_current_revised_2026-09-03.json,b639cbded9a0518394883017ea401bd30515e37c434c8ae41820ddcf15148a1a,2026-09-03T12:17:10.664472+00:00
CES3133600003,"Transportation equipment manufacturing average hourly earnings, seasonally adjusted proxy",2021M02,2021-02-01,34.26,,False,CURRENT_REVISED_MECHANISM_DIAGNOSTIC_NOT_PIT_MODEL_INPUT,https://api.bls.gov/publicAPI/v2/timeseries/data/,D:\Programming\python_example\ForecastTest\data-lake\bronze\industrials\v5_4\bls\hii_shipbuilding_labor_current_revised_2026-09-03.json,b639cbded9a0518394883017ea401bd30515e37c434c8ae41820ddcf15148a1a,2026-09-03T12:17:10.664472+00:00
CES3133600003,"Transportation equipment manufacturing average hourly earnings, seasonally adjusted proxy",2021M03,2021-03-01,34.17,,False,CURRENT_REVISED_MECHANISM_DIAGNOSTIC_NOT_PIT_MODEL_INPUT,https://api.bls.gov/publicAPI/v2/timeseries/data/,D:\Programming\python_example\ForecastTest\data-lake\bronze\industrials\v5_4\bls\hii_shipbuilding_labor_current_revised_2026-09-03.json,b639cbded9a0518394883017ea401bd30515e37c434c8ae41820ddcf15148a1a,2026-09-03T12:17:10.664472+00:00
CES3133600003,"Transportation equipment manufacturing average hourly earnings, seasonally adjusted proxy",2021M04,2021-04-01,34.45,,False,CURRENT_REVISED_MECHANISM_DIAGNOSTIC_NOT_PIT_MODEL_INPUT,https://api.bls.gov/publicAPI/v2/timeseries/data/,D:\Programming\python_example\ForecastTest\data-lake\bronze\industrials\v5_4\bls\hii_shipbuilding_labor_current_revised_2026-09-03.json,b639cbded9a0518394883017ea401bd30515e37c434c8ae41820ddcf15148a1a,2026-09-03T12:17:10.664472+00:00
CES3133600003,"Transportation equipment manufacturing average hourly earnings, seasonally adjusted proxy",2021M05,2021-05-01,34.58,,False,CURRENT_REVISED_MECHANISM_DIAGNOSTIC_NOT_PIT_MODEL_INPUT,https://api.bls.gov/publicAPI/v2/timeseries/data/,D:\Programming\python_example\ForecastTest\data-lake\bronze\industrials\v5_4\bls\hii_shipbuilding_labor_current_revised_2026-09-03.json,b639cbded9a0518394883017ea401bd30515e37c434c8ae41820ddcf15148a1a,2026-09-03T12:17:10.664472+00:00
CES3133600003,"Transportation equipment manufacturing average hourly earnings, seasonally adjusted proxy",2021M06,2021-06-01,34.65,,False,CURRENT_REVISED_MECHANISM_DIAGNOSTIC_NOT_PIT_MODEL_INPUT,https://api.bls.gov/publicAPI/v2/timeseries/data/,D:\Programming\python_example\ForecastTest\data-lake\bronze\industrials\v5_4\bls\hii_shipbuilding_labor_current_revised_2026-09-03.json,b639cbded9a0518394883017ea401bd30515e37c434c8ae41820ddcf15148a1a,2026-09-03T12:17:10.664472+00:00
CES3133600003,"Transportation equipment manufacturing average hourly earnings, seasonally adjusted proxy",2021M07,2021-07-01,34.9,,False,CURRENT_REVISED_MECHANISM_DIAGNOSTIC_NOT_PIT_MODEL_INPUT,https://api.bls.gov/publicAPI/v2/timeseries/data/,D:\Programming\python_example\ForecastTest\data-lake\bronze\industrials\v5_4\bls\hii_shipbuilding_labor_current_revised_2026-09-03.json,b639cbded9a0518394883017ea401bd30515e37c434c8ae41820ddcf15148a1a,2026-09-03T12:17:10.664472+00:00
CES3133600003,"Transportation equipment manufacturing average hourly earnings, seasonally adjusted proxy",2021M08,2021-08-01,35.0,,False,CURRENT_REVISED_MECHANISM_DIAGNOSTIC_NOT_PIT_MODEL_INPUT,https://api.bls.gov/publicAPI/v2/timeseries/data/,D:\Programming\python_example\ForecastTest\data-lake\bronze\industrials\v5_4\bls\hii_shipbuilding_labor_current_revised_2026-09-03.json,b639cbded9a0518394883017ea401bd30515e37c434c8ae41820ddcf15148a1a,2026-09-03T12:17:10.664472+00:00
CES3133600003,"Transportation equipment manufacturing average hourly earnings, seasonally adjusted proxy",2021M09,2021-09-01,35.14,,False,CURRENT_REVISED_MECHANISM_DIAGNOSTIC_NOT_PIT_MODEL_INPUT,https://api.bls.gov/publicAPI/v2/timeseries/data/,D:\Programming\python_example\ForecastTest\data-lake\bronze\industrials\v5_4\bls\hii_shipbuilding_labor_current_revised_2026-09-03.json,b639cbded9a0518394883017ea401bd30515e37c434c8ae41820ddcf15148a1a,2026-09-03T12:17:10.664472+00:00
CES3133600003,"Transportation equipment manufacturing average hourly earnings, seasonally adjusted proxy",2021M10,2021-10-01,35.07,,False,CURRENT_REVISED_MECHANISM_DIAGNOSTIC_NOT_PIT_MODEL_INPUT,https://api.bls.gov/publicAPI/v2/timeseries/data/,D:\Programming\python_example\ForecastTest\data-lake\bronze\industrials\v5_4\bls\hii_shipbuilding_labor_current_revised_2026-09-03.json,b639cbded9a0518394883017ea401bd30515e37c434c8ae41820ddcf15148a1a,2026-09-03T12:17:10.664472+00:00
CES3133600003,"Transportation equipment manufacturing average hourly earnings, seasonally adjusted proxy",2021M11,2021-11-01,35.22,,False,CURRENT_REVISED_MECHANISM_DIAGNOSTIC_NOT_PIT_MODEL_INPUT,https://api.bls.gov/publicAPI/v2/timeseries/data/,D:\Programming\python_example\ForecastTest\data-lake\bronze\industrials\v5_4\bls\hii_shipbuilding_labor_current_revised_2026-09-03.json,b639cbded9a0518394883017ea401bd30515e37c434c8ae41820ddcf15148a1a,2026-09-03T12:17:10.664472+00:00
CES3133600003,"Transportation equipment manufacturing average hourly earnings, seasonally adjusted proxy",2021M12,2021-12-01,35.43,,False,CURRENT_REVISED_MECHANISM_DIAGNOSTIC_NOT_PIT_MODEL_INPUT,https://api.bls.gov/publicAPI/v2/timeseries/data/,D:\Programming\python_example\ForecastTest\data-lake\bronze\industrials\v5_4\bls\hii_shipbuilding_labor_current_revised_2026-09-03.json,b639cbded9a0518394883017ea401bd30515e37c434c8ae41820ddcf15148a1a,2026-09-03T12:17:10.664472+00:00
CES3133600003,"Transportation equipment manufacturing average hourly earnings, seasonally adjusted proxy",2022M01,2022-01-01,35.74,,False,CURRENT_REVISED_MECHANISM_DIAGNOSTIC_NOT_PIT_MODEL_INPUT,https://api.bls.gov/publicAPI/v2/timeseries/data/,D:\Programming\python_example\ForecastTest\data-lake\bronze\industrials\v5_4\bls\hii_shipbuilding_labor_current_revised_2026-09-03.json,b639cbded9a0518394883017ea401bd30515e37c434c8ae41820ddcf15148a1a,2026-09-03T12:17:10.664472+00:00
CES3133600003,"Transportation equipment manufacturing average hourly earnings, seasonally adjusted proxy",2022M02,2022-02-01,35.76,,False,CURRENT_REVISED_MECHANISM_DIAGNOSTIC_NOT_PIT_MODEL_INPUT,https://api.bls.gov/publicAPI/v2/timeseries/data/,D:\Programming\python_example\ForecastTest\data-lake\bronze\industrials\v5_4\bls\hii_shipbuilding_labor_current_revised_2026-09-03.json,b639cbded9a0518394883017ea401bd30515e37c434c8ae41820ddcf15148a1a,2026-09-03T12:17:10.664472+00:00
CES3133600003,"Transportation equipment manufacturing average hourly earnings, seasonally adjusted proxy",2022M03,2022-03-01,36.0,,False,CURRENT_REVISED_MECHANISM_DIAGNOSTIC_NOT_PIT_MODEL_INPUT,https://api.bls.gov/publicAPI/v2/timeseries/data/,D:\Programming\python_example\ForecastTest\data-lake\bronze\industrials\v5_4\bls\hii_shipbuilding_labor_current_revised_2026-09-03.json,b639cbded9a0518394883017ea401bd30515e37c434c8ae41820ddcf15148a1a,2026-09-03T12:17:10.664472+00:00
CES3133600003,"Transportation equipment manufacturing average hourly earnings, seasonally adjusted proxy",2022M04,2022-04-01,36.17,,False,CURRENT_REVISED_MECHANISM_DIAGNOSTIC_NOT_PIT_MODEL_INPUT,https://api.bls.gov/publicAPI/v2/timeseries/data/,D:\Programming\python_example\ForecastTest\data-lake\bronze\industrials\v5_4\bls\hii_shipbuilding_labor_current_revised_2026-09-03.json,b639cbded9a0518394883017ea401bd30515e37c434c8ae41820ddcf15148a1a,2026-09-03T12:17:10.664472+00:00
CES3133600003,"Transportation equipment manufacturing average hourly earnings, seasonally adjusted proxy",2022M05,2022-05-01,36.36,,False,CURRENT_REVISED_MECHANISM_DIAGNOSTIC_NOT_PIT_MODEL_INPUT,https://api.bls.gov/publicAPI/v2/timeseries/data/,D:\Programming\python_example\ForecastTest\data-lake\bronze\industrials\v5_4\bls\hii_shipbuilding_labor_current_revised_2026-09-03.json,b639cbded9a0518394883017ea401bd30515e37c434c8ae41820ddcf15148a1a,2026-09-03T12:17:10.664472+00:00
CES3133600003,"Transportation equipment manufacturing average hourly earnings, seasonally adjusted proxy",2022M06,2022-06-01,36.42,,False,CURRENT_REVISED_MECHANISM_DIAGNOSTIC_NOT_PIT_MODEL_INPUT,https://api.bls.gov/publicAPI/v2/timeseries/data/,D:\Programming\python_example\ForecastTest\data-lake\bronze\industrials\v5_4\bls\hii_shipbuilding_labor_current_revised_2026-09-03.json,b639cbded9a0518394883017ea401bd30515e37c434c8ae41820ddcf15148a1a,2026-09-03T12:17:10.664472+00:00
CES3133600003,"Transportation equipment manufacturing average hourly earnings, seasonally adjusted proxy",2022M07,2022-07-01,36.4,,False,CURRENT_REVISED_MECHANISM_DIAGNOSTIC_NOT_PIT_MODEL_INPUT,https://api.bls.gov/publicAPI/v2/timeseries/data/,D:\Programming\python_example\ForecastTest\data-lake\bronze\industrials\v5_4\bls\hii_shipbuilding_labor_current_revised_2026-09-03.json,b639cbded9a0518394883017ea401bd30515e37c434c8ae41820ddcf15148a1a,2026-09-03T12:17:10.664472+00:00
CES3133600003,"Transportation equipment manufacturing average hourly earnings, seasonally adjusted proxy",2022M08,2022-08-01,36.53,,False,CURRENT_REVISED_MECHANISM_DIAGNOSTIC_NOT_PIT_MODEL_INPUT,https://api.bls.gov/publicAPI/v2/timeseries/data/,D:\Programming\python_example\ForecastTest\data-lake\bronze\industrials\v5_4\bls\hii_shipbuilding_labor_current_revised_2026-09-03.json,b639cbded9a0518394883017ea401bd30515e37c434c8ae41820ddcf15148a1a,2026-09-03T12:17:10.664472+00:00
CES3133600003,"Transportation equipment manufacturing average hourly earnings, seasonally adjusted proxy",2022M09,2022-09-01,36.75,,False,CURRENT_REVISED_MECHANISM_DIAGNOSTIC_NOT_PIT_MODEL_INPUT,https://api.bls.gov/publicAPI/v2/timeseries/data/,D:\Programming\python_example\ForecastTest\data-lake\bronze\industrials\v5_4\bls\hii_shipbuilding_labor_current_revised_2026-09-03.json,b639cbded9a0518394883017ea401bd30515e37c434c8ae41820ddcf15148a1a,2026-09-03T12:17:10.664472+00:00
CES3133600003,"Transportation equipment manufacturing average hourly earnings, seasonally adjusted proxy",2022M10,2022-10-01,36.87,,False,CURRENT_REVISED_MECHANISM_DIAGNOSTIC_NOT_PIT_MODEL_INPUT,https://api.bls.gov/publicAPI/v2/timeseries/data/,D:\Programming\python_example\ForecastTest\data-lake\bronze\industrials\v5_4\bls\hii_shipbuilding_labor_current_revised_2026-09-03.json,b639cbded9a0518394883017ea401bd30515e37c434c8ae41820ddcf15148a1a,2026-09-03T12:17:10.664472+00:00
CES3133600003,"Transportation equipment manufacturing average hourly earnings, seasonally adjusted proxy",2022M11,2022-11-01,36.97,,False,CURRENT_REVISED_MECHANISM_DIAGNOSTIC_NOT_PIT_MODEL_INPUT,https://api.bls.gov/publicAPI/v2/timeseries/data/,D:\Programming\python_example\ForecastTest\data-lake\bronze\industrials\v5_4\bls\hii_shipbuilding_labor_current_revised_2026-09-03.json,b639cbded9a0518394883017ea401bd30515e37c434c8ae41820ddcf15148a1a,2026-09-03T12:17:10.664472+00:00
CES3133600003,"Transportation equipment manufacturing average hourly earnings, seasonally adjusted proxy",2022M12,2022-12-01,36.86,,False,CURRENT_REVISED_MECHANISM_DIAGNOSTIC_NOT_PIT_MODEL_INPUT,https://api.bls.gov/publicAPI/v2/timeseries/data/,D:\Programming\python_example\ForecastTest\data-lake\bronze\industrials\v5_4\bls\hii_shipbuilding_labor_current_revised_2026-09-03.json,b639cbded9a0518394883017ea401bd30515e37c434c8ae41820ddcf15148a1a,2026-09-03T12:17:10.664472+00:00
CES3133600003,"Transportation equipment manufacturing average hourly earnings, seasonally adjusted proxy",2023M01,2023-01-01,36.82,,False,CURRENT_REVISED_MECHANISM_DIAGNOSTIC_NOT_PIT_MODEL_INPUT,https://api.bls.gov/publicAPI/v2/timeseries/data/,D:\Programming\python_example\ForecastTest\data-lake\bronze\industrials\v5_4\bls\hii_shipbuilding_labor_current_revised_2026-09-03.json,b639cbded9a0518394883017ea401bd30515e37c434c8ae41820ddcf15148a1a,2026-09-03T12:17:10.664472+00:00
CES3133600003,"Transportation equipment manufacturing average hourly earnings, seasonally adjusted proxy",2023M02,2023-02-01,36.72,,False,CURRENT_REVISED_MECHANISM_DIAGNOSTIC_NOT_PIT_MODEL_INPUT,https://api.bls.gov/publicAPI/v2/timeseries/data/,D:\Programming\python_example\ForecastTest\data-lake\bronze\industrials\v5_4\bls\hii_shipbuilding_labor_current_revised_2026-09-03.json,b639cbded9a0518394883017ea401bd30515e37c434c8ae41820ddcf15148a1a,2026-09-03T12:17:10.664472+00:00
CES3133600003,"Transportation equipment manufacturing average hourly earnings, seasonally adjusted proxy",2023M03,2023-03-01,36.98,,False,CURRENT_REVISED_MECHANISM_DIAGNOSTIC_NOT_PIT_MODEL_INPUT,https://api.bls.gov/publicAPI/v2/timeseries/data/,D:\Programming\python_example\ForecastTest\data-lake\bronze\industrials\v5_4\bls\hii_shipbuilding_labor_current_revised_2026-09-03.json,b639cbded9a0518394883017ea401bd30515e37c434c8ae41820ddcf15148a1a,2026-09-03T12:17:10.664472+00:00
CES3133600003,"Transportation equipment manufacturing average hourly earnings, seasonally adjusted proxy",2023M04,2023-04-01,37.28,,False,CURRENT_REVISED_MECHANISM_DIAGNOSTIC_NOT_PIT_MODEL_INPUT,https://api.bls.gov/publicAPI/v2/timeseries/data/,D:\Programming\python_example\ForecastTest\data-lake\bronze\industrials\v5_4\bls\hii_shipbuilding_labor_current_revised_2026-09-03.json,b639cbded9a0518394883017ea401bd30515e37c434c8ae41820ddcf15148a1a,2026-09-03T12:17:10.664472+00:00
CES3133600003,"Transportation equipment manufacturing average hourly earnings, seasonally adjusted proxy",2023M05,2023-05-01,37.44,,False,CURRENT_REVISED_MECHANISM_DIAGNOSTIC_NOT_PIT_MODEL_INPUT,https://api.bls.gov/publicAPI/v2/timeseries/data/,D:\Programming\python_example\ForecastTest\data-lake\bronze\industrials\v5_4\bls\hii_shipbuilding_labor_current_revised_2026-09-03.json,b639cbded9a0518394883017ea401bd30515e37c434c8ae41820ddcf15148a1a,2026-09-03T12:17:10.664472+00:00
CES3133600003,"Transportation equipment manufacturing average hourly earnings, seasonally adjusted proxy",2023M06,2023-06-01,37.59,,False,CURRENT_REVISED_MECHANISM_DIAGNOSTIC_NOT_PIT_MODEL_INPUT,https://api.bls.gov/publicAPI/v2/timeseries/data/,D:\Programming\python_example\ForecastTest\data-lake\bronze\industrials\v5_4\bls\hii_shipbuilding_labor_current_revised_2026-09-03.json,b639cbded9a0518394883017ea401bd30515e37c434c8ae41820ddcf15148a1a,2026-09-03T12:17:10.664472+00:00
CES3133600003,"Transportation equipment manufacturing average hourly earnings, seasonally adjusted proxy",2023M07,2023-07-01,37.68,,False,CURRENT_REVISED_MECHANISM_DIAGNOSTIC_NOT_PIT_MODEL_INPUT,https://api.bls.gov/publicAPI/v2/timeseries/data/,D:\Programming\python_example\ForecastTest\data-lake\bronze\industrials\v5_4\bls\hii_shipbuilding_labor_current_revised_2026-09-03.json,b639cbded9a0518394883017ea401bd30515e37c434c8ae41820ddcf15148a1a,2026-09-03T12:17:10.664472+00:00
CES3133600003,"Transportation equipment manufacturing average hourly earnings, seasonally adjusted proxy",2023M08,2023-08-01,37.8,,False,CURRENT_REVISED_MECHANISM_DIAGNOSTIC_NOT_PIT_MODEL_INPUT,https://api.bls.gov/publicAPI/v2/timeseries/data/,D:\Programming\python_example\ForecastTest\data-lake\bronze\industrials\v5_4\bls\hii_shipbuilding_labor_current_revised_2026-09-03.json,b639cbded9a0518394883017ea401bd30515e37c434c8ae41820ddcf15148a1a,2026-09-03T12:17:10.664472+00:00
CES3133600003,"Transportation equipment manufacturing average hourly earnings, seasonally adjusted proxy",2023M09,2023-09-01,37.9,,False,CURRENT_REVISED_MECHANISM_DIAGNOSTIC_NOT_PIT_MODEL_INPUT,https://api.bls.gov/publicAPI/v2/timeseries/data/,D:\Programming\python_example\ForecastTest\data-lake\bronze\industrials\v5_4\bls\hii_shipbuilding_labor_current_revised_2026-09-03.json,b639cbded9a0518394883017ea401bd30515e37c434c8ae41820ddcf15148a1a,2026-09-03T12:17:10.664472+00:00
CES3133600003,"Transportation equipment manufacturing average hourly earnings, seasonally adjusted proxy",2023M10,2023-10-01,38.29,,False,CURRENT_REVISED_MECHANISM_DIAGNOSTIC_NOT_PIT_MODEL_INPUT,https://api.bls.gov/publicAPI/v2/timeseries/data/,D:\Programming\python_example\ForecastTest\data-lake\bronze\industrials\v5_4\bls\hii_shipbuilding_labor_current_revised_2026-09-03.json,b639cbded9a0518394883017ea401bd30515e37c434c8ae41820ddcf15148a1a,2026-09-03T12:17:10.664472+00:00
CES3133600003,"Transportation equipment manufacturing average hourly earnings, seasonally adjusted proxy",2023M11,2023-11-01,38.41,,False,CURRENT_REVISED_MECHANISM_DIAGNOSTIC_NOT_PIT_MODEL_INPUT,https://api.bls.gov/publicAPI/v2/timeseries/data/,D:\Programming\python_example\ForecastTest\data-lake\bronze\industrials\v5_4\bls\hii_shipbuilding_labor_current_revised_2026-09-03.json,b639cbded9a0518394883017ea401bd30515e37c434c8ae41820ddcf15148a1a,2026-09-03T12:17:10.664472+00:00
CES3133600003,"Transportation equipment manufacturing average hourly earnings, seasonally adjusted proxy",2023M12,2023-12-01,38.83,,False,CURRENT_REVISED_MECHANISM_DIAGNOSTIC_NOT_PIT_MODEL_INPUT,https://api.bls.gov/publicAPI/v2/timeseries/data/,D:\Programming\python_example\ForecastTest\data-lake\bronze\industrials\v5_4\bls\hii_shipbuilding_labor_current_revised_2026-09-03.json,b639cbded9a0518394883017ea401bd30515e37c434c8ae41820ddcf15148a1a,2026-09-03T12:17:10.664472+00:00
CES3133600003,"Transportation equipment manufacturing average hourly earnings, seasonally adjusted proxy",2024M01,2024-01-01,39.16,,False,CURRENT_REVISED_MECHANISM_DIAGNOSTIC_NOT_PIT_MODEL_INPUT,https://api.bls.gov/publicAPI/v2/timeseries/data/,D:\Programming\python_example\ForecastTest\data-lake\bronze\industrials\v5_4\bls\hii_shipbuilding_labor_current_revised_2026-09-03.json,b639cbded9a0518394883017ea401bd30515e37c434c8ae41820ddcf15148a1a,2026-09-03T12:17:10.664472+00:00
CES3133600003,"Transportation equipment manufacturing average hourly earnings, seasonally adjusted proxy",2024M02,2024-02-01,39.15,,False,CURRENT_REVISED_MECHANISM_DIAGNOSTIC_NOT_PIT_MODEL_INPUT,https://api.bls.gov/publicAPI/v2/timeseries/data/,D:\Programming\python_example\ForecastTest\data-lake\bronze\industrials\v5_4\bls\hii_shipbuilding_labor_current_revised_2026-09-03.json,b639cbded9a0518394883017ea401bd30515e37c434c8ae41820ddcf15148a1a,2026-09-03T12:17:10.664472+00:00
CES3133600003,"Transportation equipment manufacturing average hourly earnings, seasonally adjusted proxy",2024M03,2024-03-01,39.39,,False,CURRENT_REVISED_MECHANISM_DIAGNOSTIC_NOT_PIT_MODEL_INPUT,https://api.bls.gov/publicAPI/v2/timeseries/data/,D:\Programming\python_example\ForecastTest\data-lake\bronze\industrials\v5_4\bls\hii_shipbuilding_labor_current_revised_2026-09-03.json,b639cbded9a0518394883017ea401bd30515e37c434c8ae41820ddcf15148a1a,2026-09-03T12:17:10.664472+00:00
CES3133600003,"Transportation equipment manufacturing average hourly earnings, seasonally adjusted proxy",2024M04,2024-04-01,39.03,,False,CURRENT_REVISED_MECHANISM_DIAGNOSTIC_NOT_PIT_MODEL_INPUT,https://api.bls.gov/publicAPI/v2/timeseries/data/,D:\Programming\python_example\ForecastTest\data-lake\bronze\industrials\v5_4\bls\hii_shipbuilding_labor_current_revised_2026-09-03.json,b639cbded9a0518394883017ea401bd30515e37c434c8ae41820ddcf15148a1a,2026-09-03T12:17:10.664472+00:00
CES3133600003,"Transportation equipment manufacturing average hourly earnings, seasonally adjusted proxy",2024M05,2024-05-01,39.37,,False,CURRENT_REVISED_MECHANISM_DIAGNOSTIC_NOT_PIT_MODEL_INPUT,https://api.bls.gov/publicAPI/v2/timeseries/data/,D:\Programming\python_example\ForecastTest\data-lake\bronze\industrials\v5_4\bls\hii_shipbuilding_labor_current_revised_2026-09-03.json,b639cbded9a0518394883017ea401bd30515e37c434c8ae41820ddcf15148a1a,2026-09-03T12:17:10.664472+00:00
CES3133600003,"Transportation equipment manufacturing average hourly earnings, seasonally adjusted proxy",2024M06,2024-06-01,40.07,,False,CURRENT_REVISED_MECHANISM_DIAGNOSTIC_NOT_PIT_MODEL_INPUT,https://api.bls.gov/publicAPI/v2/timeseries/data/,D:\Programming\python_example\ForecastTest\data-lake\bronze\industrials\v5_4\bls\hii_shipbuilding_labor_current_revised_2026-09-03.json,b639cbded9a0518394883017ea401bd30515e37c434c8ae41820ddcf15148a1a,2026-09-03T12:17:10.664472+00:00
CES3133600003,"Transportation equipment manufacturing average hourly earnings, seasonally adjusted proxy",2024M07,2024-07-01,40.02,,False,CURRENT_REVISED_MECHANISM_DIAGNOSTIC_NOT_PIT_MODEL_INPUT,https://api.bls.gov/publicAPI/v2/timeseries/data/,D:\Programming\python_example\ForecastTest\data-lake\bronze\industrials\v5_4\bls\hii_shipbuilding_labor_current_revised_2026-09-03.json,b639cbded9a0518394883017ea401bd30515e37c434c8ae41820ddcf15148a1a,2026-09-03T12:17:10.664472+00:00
CES3133600003,"Transportation equipment manufacturing average hourly earnings, seasonally adjusted proxy",2024M08,2024-08-01,40.15,,False,CURRENT_REVISED_MECHANISM_DIAGNOSTIC_NOT_PIT_MODEL_INPUT,https://api.bls.gov/publicAPI/v2/timeseries/data/,D:\Programming\python_example\ForecastTest\data-lake\bronze\industrials\v5_4\bls\hii_shipbuilding_labor_current_revised_2026-09-03.json,b639cbded9a0518394883017ea401bd30515e37c434c8ae41820ddcf15148a1a,2026-09-03T12:17:10.664472+00:00
CES3133600003,"Transportation equipment manufacturing average hourly earnings, seasonally adjusted proxy",2024M09,2024-09-01,40.15,,False,CURRENT_REVISED_MECHANISM_DIAGNOSTIC_NOT_PIT_MODEL_INPUT,https://api.bls.gov/publicAPI/v2/timeseries/data/,D:\Programming\python_example\ForecastTest\data-lake\bronze\industrials\v5_4\bls\hii_shipbuilding_labor_current_revised_2026-09-03.json,b639cbded9a0518394883017ea401bd30515e37c434c8ae41820ddcf15148a1a,2026-09-03T12:17:10.664472+00:00
CES3133600003,"Transportation equipment manufacturing average hourly earnings, seasonally adjusted proxy",2024M10,2024-10-01,40.39,,False,CURRENT_REVISED_MECHANISM_DIAGNOSTIC_NOT_PIT_MODEL_INPUT,https://api.bls.gov/publicAPI/v2/timeseries/data/,D:\Programming\python_example\ForecastTest\data-lake\bronze\industrials\v5_4\bls\hii_shipbuilding_labor_current_revised_2026-09-03.json,b639cbded9a0518394883017ea401bd30515e37c434c8ae41820ddcf15148a1a,2026-09-03T12:17:10.664472+00:00
CES3133600003,"Transportation equipment manufacturing average hourly earnings, seasonally adjusted proxy",2024M11,2024-11-01,40.72,,False,CURRENT_REVISED_MECHANISM_DIAGNOSTIC_NOT_PIT_MODEL_INPUT,https://api.bls.gov/publicAPI/v2/timeseries/data/,D:\Programming\python_example\ForecastTest\data-lake\bronze\industrials\v5_4\bls\hii_shipbuilding_labor_current_revised_2026-09-03.json,b639cbded9a0518394883017ea401bd30515e37c434c8ae41820ddcf15148a1a,2026-09-03T12:17:10.664472+00:00
CES3133600003,"Transportation equipment manufacturing average hourly earnings, seasonally adjusted proxy",2024M12,2024-12-01,40.8,,False,CURRENT_REVISED_MECHANISM_DIAGNOSTIC_NOT_PIT_MODEL_INPUT,https://api.bls.gov/publicAPI/v2/timeseries/data/,D:\Programming\python_example\ForecastTest\data-lake\bronze\industrials\v5_4\bls\hii_shipbuilding_labor_current_revised_2026-09-03.json,b639cbded9a0518394883017ea401bd30515e37c434c8ae41820ddcf15148a1a,2026-09-03T12:17:10.664472+00:00
CES3133600003,"Transportation equipment manufacturing average hourly earnings, seasonally adjusted proxy",2025M01,2025-01-01,41.14,,False,CURRENT_REVISED_MECHANISM_DIAGNOSTIC_NOT_PIT_MODEL_INPUT,https://api.bls.gov/publicAPI/v2/timeseries/data/,D:\Programming\python_example\ForecastTest\data-lake\bronze\industrials\v5_4\bls\hii_shipbuilding_labor_current_revised_2026-09-03.json,b639cbded9a0518394883017ea401bd30515e37c434c8ae41820ddcf15148a1a,2026-09-03T12:17:10.664472+00:00
CES3133600003,"Transportation equipment manufacturing average hourly earnings, seasonally adjusted proxy",2025M02,2025-02-01,41.41,,False,CURRENT_REVISED_MECHANISM_DIAGNOSTIC_NOT_PIT_MODEL_INPUT,https://api.bls.gov/publicAPI/v2/timeseries/data/,D:\Programming\python_example\ForecastTest\data-lake\bronze\industrials\v5_4\bls\hii_shipbuilding_labor_current_revised_2026-09-03.json,b639cbded9a0518394883017ea401bd30515e37c434c8ae41820ddcf15148a1a,2026-09-03T12:17:10.664472+00:00
CES3133600003,"Transportation equipment manufacturing average hourly earnings, seasonally adjusted proxy",2025M03,2025-03-01,42.65,,False,CURRENT_REVISED_MECHANISM_DIAGNOSTIC_NOT_PIT_MODEL_INPUT,https://api.bls.gov/publicAPI/v2/timeseries/data/,D:\Programming\python_example\ForecastTest\data-lake\bronze\industrials\v5_4\bls\hii_shipbuilding_labor_current_revised_2026-09-03.json,b639cbded9a0518394883017ea401bd30515e37c434c8ae41820ddcf15148a1a,2026-09-03T12:17:10.664472+00:00
CES3133600003,"Transportation equipment manufacturing average hourly earnings, seasonally adjusted proxy",2025M04,2025-04-01,41.77,,False,CURRENT_REVISED_MECHANISM_DIAGNOSTIC_NOT_PIT_MODEL_INPUT,https://api.bls.gov/publicAPI/v2/timeseries/data/,D:\Programming\python_example\ForecastTest\data-lake\bronze\industrials\v5_4\bls\hii_shipbuilding_labor_current_revised_2026-09-03.json,b639cbded9a0518394883017ea401bd30515e37c434c8ae41820ddcf15148a1a,2026-09-03T12:17:10.664472+00:00
CES3133600003,"Transportation equipment manufacturing average hourly earnings, seasonally adjusted proxy",2025M05,2025-05-01,41.93,,False,CURRENT_REVISED_MECHANISM_DIAGNOSTIC_NOT_PIT_MODEL_INPUT,https://api.bls.gov/publicAPI/v2/timeseries/data/,D:\Programming\python_example\ForecastTest\data-lake\bronze\industrials\v5_4\bls\hii_shipbuilding_labor_current_revised_2026-09-03.json,b639cbded9a0518394883017ea401bd30515e37c434c8ae41820ddcf15148a1a,2026-09-03T12:17:10.664472+00:00
CES3133600003,"Transportation equipment manufacturing average hourly earnings, seasonally adjusted proxy",2025M06,2025-06-01,42.08,,False,CURRENT_REVISED_MECHANISM_DIAGNOSTIC_NOT_PIT_MODEL_INPUT,https://api.bls.gov/publicAPI/v2/timeseries/data/,D:\Programming\python_example\ForecastTest\data-lake\bronze\industrials\v5_4\bls\hii_shipbuilding_labor_current_revised_2026-09-03.json,b639cbded9a0518394883017ea401bd30515e37c434c8ae41820ddcf15148a1a,2026-09-03T12:17:10.664472+00:00
CES3133600003,"Transportation equipment manufacturing average hourly earnings, seasonally adjusted proxy",2025M07,2025-07-01,42.23,,False,CURRENT_REVISED_MECHANISM_DIAGNOSTIC_NOT_PIT_MODEL_INPUT,https://api.bls.gov/publicAPI/v2/timeseries/data/,D:\Programming\python_example\ForecastTest\data-lake\bronze\industrials\v5_4\bls\hii_shipbuilding_labor_current_revised_2026-09-03.json,b639cbded9a0518394883017ea401bd30515e37c434c8ae41820ddcf15148a1a,2026-09-03T12:17:10.664472+00:00
CES3133600003,"Transportation equipment manufacturing average hourly earnings, seasonally adjusted proxy",2025M08,2025-08-01,42.34,,False,CURRENT_REVISED_MECHANISM_DIAGNOSTIC_NOT_PIT_MODEL_INPUT,https://api.bls.gov/publicAPI/v2/timeseries/data/,D:\Programming\python_example\ForecastTest\data-lake\bronze\industrials\v5_4\bls\hii_shipbuilding_labor_current_revised_2026-09-03.json,b639cbded9a0518394883017ea401bd30515e37c434c8ae41820ddcf15148a1a,2026-09-03T12:17:10.664472+00:00
CES3133600003,"Transportation equipment manufacturing average hourly earnings, seasonally adjusted proxy",2025M09,2025-09-01,42.85,,False,CURRENT_REVISED_MECHANISM_DIAGNOSTIC_NOT_PIT_MODEL_INPUT,https://api.bls.gov/publicAPI/v2/timeseries/data/,D:\Programming\python_example\ForecastTest\data-lake\bronze\industrials\v5_4\bls\hii_shipbuilding_labor_current_revised_2026-09-03.json,b639cbded9a0518394883017ea401bd30515e37c434c8ae41820ddcf15148a1a,2026-09-03T12:17:10.664472+00:00
CES3133600003,"Transportation equipment manufacturing average hourly earnings, seasonally adjusted proxy",2025M10,2025-10-01,42.8,,False,CURRENT_REVISED_MECHANISM_DIAGNOSTIC_NOT_PIT_MODEL_INPUT,https://api.bls.gov/publicAPI/v2/timeseries/data/,D:\Programming\python_example\ForecastTest\data-lake\bronze\industrials\v5_4\bls\hii_shipbuilding_labor_current_revised_2026-09-03.json,b639cbded9a0518394883017ea401bd30515e37c434c8ae41820ddcf15148a1a,2026-09-03T12:17:10.664472+00:00
CES3133600003,"Transportation equipment manufacturing average hourly earnings, seasonally adjusted proxy",2025M11,2025-11-01,43.12,,False,CURRENT_REVISED_MECHANISM_DIAGNOSTIC_NOT_PIT_MODEL_INPUT,https://api.bls.gov/publicAPI/v2/timeseries/data/,D:\Programming\python_example\ForecastTest\data-lake\bronze\industrials\v5_4\bls\hii_shipbuilding_labor_current_revised_2026-09-03.json,b639cbded9a0518394883017ea401bd30515e37c434c8ae41820ddcf15148a1a,2026-09-03T12:17:10.664472+00:00
CES3133600003,"Transportation equipment manufacturing average hourly earnings, seasonally adjusted proxy",2025M12,2025-12-01,43.06,,False,CURRENT_REVISED_MECHANISM_DIAGNOSTIC_NOT_PIT_MODEL_INPUT,https://api.bls.gov/publicAPI/v2/timeseries/data/,D:\Programming\python_example\ForecastTest\data-lake\bronze\industrials\v5_4\bls\hii_shipbuilding_labor_current_revised_2026-09-03.json,b639cbded9a0518394883017ea401bd30515e37c434c8ae41820ddcf15148a1a,2026-09-03T12:17:10.664472+00:00
CES3133600003,"Transportation equipment manufacturing average hourly earnings, seasonally adjusted proxy",2026M01,2026-01-01,43.07,,False,CURRENT_REVISED_MECHANISM_DIAGNOSTIC_NOT_PIT_MODEL_INPUT,https://api.bls.gov/publicAPI/v2/timeseries/data/,D:\Programming\python_example\ForecastTest\data-lake\bronze\industrials\v5_4\bls\hii_shipbuilding_labor_current_revised_2026-09-03.json,b639cbded9a0518394883017ea401bd30515e37c434c8ae41820ddcf15148a1a,2026-09-03T12:17:10.664472+00:00
CES3133600003,"Transportation equipment manufacturing average hourly earnings, seasonally adjusted proxy",2026M02,2026-02-01,43.66,,False,CURRENT_REVISED_MECHANISM_DIAGNOSTIC_NOT_PIT_MODEL_INPUT,https://api.bls.gov/publicAPI/v2/timeseries/data/,D:\Programming\python_example\ForecastTest\data-lake\bronze\industrials\v5_4\bls\hii_shipbuilding_labor_current_revised_2026-09-03.json,b639cbded9a0518394883017ea401bd30515e37c434c8ae41820ddcf15148a1a,2026-09-03T12:17:10.664472+00:00
CES3133600003,"Transportation equipment manufacturing average hourly earnings, seasonally adjusted proxy",2026M03,2026-03-01,43.9,,False,CURRENT_REVISED_MECHANISM_DIAGNOSTIC_NOT_PIT_MODEL_INPUT,https://api.bls.gov/publicAPI/v2/timeseries/data/,D:\Programming\python_example\ForecastTest\data-lake\bronze\industrials\v5_4\bls\hii_shipbuilding_labor_current_revised_2026-09-03.json,b639cbded9a0518394883017ea401bd30515e37c434c8ae41820ddcf15148a1a,2026-09-03T12:17:10.664472+00:00
CES3133600003,"Transportation equipment manufacturing average hourly earnings, seasonally adjusted proxy",2026M04,2026-04-01,44.02,,False,CURRENT_REVISED_MECHANISM_DIAGNOSTIC_NOT_PIT_MODEL_INPUT,https://api.bls.gov/publicAPI/v2/timeseries/data/,D:\Programming\python_example\ForecastTest\data-lake\bronze\industrials\v5_4\bls\hii_shipbuilding_labor_current_revised_2026-09-03.json,b639cbded9a0518394883017ea401bd30515e37c434c8ae41820ddcf15148a1a,2026-09-03T12:17:10.664472+00:00
CES3133600003,"Transportation equipment manufacturing average hourly earnings, seasonally adjusted proxy",2026M05,2026-05-01,44.06,,False,CURRENT_REVISED_MECHANISM_DIAGNOSTIC_NOT_PIT_MODEL_INPUT,https://api.bls.gov/publicAPI/v2/timeseries/data/,D:\Programming\python_example\ForecastTest\data-lake\bronze\industrials\v5_4\bls\hii_shipbuilding_labor_current_revised_2026-09-03.json,b639cbded9a0518394883017ea401bd30515e37c434c8ae41820ddcf15148a1a,2026-09-03T12:17:10.664472+00:00
CES3133600003,"Transportation equipment manufacturing average hourly earnings, seasonally adjusted proxy",2026M06,2026-06-01,43.99,preliminary,False,CURRENT_REVISED_MECHANISM_DIAGNOSTIC_NOT_PIT_MODEL_INPUT,https://api.bls.gov/publicAPI/v2/timeseries/data/,D:\Programming\python_example\ForecastTest\data-lake\bronze\industrials\v5_4\bls\hii_shipbuilding_labor_current_revised_2026-09-03.json,b639cbded9a0518394883017ea401bd30515e37c434c8ae41820ddcf15148a1a,2026-09-03T12:17:10.664472+00:00
CES3133660001,"Ship and boat building employment, seasonally adjusted",2019M01,2019-01-01,140.7,,False,CURRENT_REVISED_MECHANISM_DIAGNOSTIC_NOT_PIT_MODEL_INPUT,https://api.bls.gov/publicAPI/v2/timeseries/data/,D:\Programming\python_example\ForecastTest\data-lake\bronze\industrials\v5_4\bls\hii_shipbuilding_labor_current_revised_2026-09-03.json,b639cbded9a0518394883017ea401bd30515e37c434c8ae41820ddcf15148a1a,2026-09-03T12:17:10.664472+00:00
CES3133660001,"Ship and boat building employment, seasonally adjusted",2019M02,2019-02-01,141.0,,False,CURRENT_REVISED_MECHANISM_DIAGNOSTIC_NOT_PIT_MODEL_INPUT,https://api.bls.gov/publicAPI/v2/timeseries/data/,D:\Programming\python_example\ForecastTest\data-lake\bronze\industrials\v5_4\bls\hii_shipbuilding_labor_current_revised_2026-09-03.json,b639cbded9a0518394883017ea401bd30515e37c434c8ae41820ddcf15148a1a,2026-09-03T12:17:10.664472+00:00
CES3133660001,"Ship and boat building employment, seasonally adjusted",2019M03,2019-03-01,141.9,,False,CURRENT_REVISED_MECHANISM_DIAGNOSTIC_NOT_PIT_MODEL_INPUT,https://api.bls.gov/publicAPI/v2/timeseries/data/,D:\Programming\python_example\ForecastTest\data-lake\bronze\industrials\v5_4\bls\hii_shipbuilding_labor_current_revised_2026-09-03.json,b639cbded9a0518394883017ea401bd30515e37c434c8ae41820ddcf15148a1a,2026-09-03T12:17:10.664472+00:00
CES3133660001,"Ship and boat building employment, seasonally adjusted",2019M04,2019-04-01,142.3,,False,CURRENT_REVISED_MECHANISM_DIAGNOSTIC_NOT_PIT_MODEL_INPUT,https://api.bls.gov/publicAPI/v2/timeseries/data/,D:\Programming\python_example\ForecastTest\data-lake\bronze\industrials\v5_4\bls\hii_shipbuilding_labor_current_revised_2026-09-03.json,b639cbded9a0518394883017ea401bd30515e37c434c8ae41820ddcf15148a1a,2026-09-03T12:17:10.664472+00:00
CES3133660001,"Ship and boat building employment, seasonally adjusted",2019M05,2019-05-01,142.5,,False,CURRENT_REVISED_MECHANISM_DIAGNOSTIC_NOT_PIT_MODEL_INPUT,https://api.bls.gov/publicAPI/v2/timeseries/data/,D:\Programming\python_example\ForecastTest\data-lake\bronze\industrials\v5_4\bls\hii_shipbuilding_labor_current_revised_2026-09-03.json,b639cbded9a0518394883017ea401bd30515e37c434c8ae41820ddcf15148a1a,2026-09-03T12:17:10.664472+00:00
CES3133660001,"Ship and boat building employment, seasonally adjusted",2019M06,2019-06-01,142.9,,False,CURRENT_REVISED_MECHANISM_DIAGNOSTIC_NOT_PIT_MODEL_INPUT,https://api.bls.gov/publicAPI/v2/timeseries/data/,D:\Programming\python_example\ForecastTest\data-lake\bronze\industrials\v5_4\bls\hii_shipbuilding_labor_current_revised_2026-09-03.json,b639cbded9a0518394883017ea401bd30515e37c434c8ae41820ddcf15148a1a,2026-09-03T12:17:10.664472+00:00
CES3133660001,"Ship and boat building employment, seasonally adjusted",2019M07,2019-07-01,142.7,,False,CURRENT_REVISED_MECHANISM_DIAGNOSTIC_NOT_PIT_MODEL_INPUT,https://api.bls.gov/publicAPI/v2/timeseries/data/,D:\Programming\python_example\ForecastTest\data-lake\bronze\industrials\v5_4\bls\hii_shipbuilding_labor_current_revised_2026-09-03.json,b639cbded9a0518394883017ea401bd30515e37c434c8ae41820ddcf15148a1a,2026-09-03T12:17:10.664472+00:00
CES3133660001,"Ship and boat building employment, seasonally adjusted",2019M08,2019-08-01,142.6,,False,CURRENT_REVISED_MECHANISM_DIAGNOSTIC_NOT_PIT_MODEL_INPUT,https://api.bls.gov/publicAPI/v2/timeseries/data/,D:\Programming\python_example\ForecastTest\data-lake\bronze\industrials\v5_4\bls\hii_shipbuilding_labor_current_revised_2026-09-03.json,b639cbded9a0518394883017ea401bd30515e37c434c8ae41820ddcf15148a1a,2026-09-03T12:17:10.664472+00:00
CES3133660001,"Ship and boat building employment, seasonally adjusted",2019M09,2019-09-01,143.1,,False,CURRENT_REVISED_MECHANISM_DIAGNOSTIC_NOT_PIT_MODEL_INPUT,https://api.bls.gov/publicAPI/v2/timeseries/data/,D:\Programming\python_example\ForecastTest\data-lake\bronze\industrials\v5_4\bls\hii_shipbuilding_labor_current_revised_2026-09-03.json,b639cbded9a0518394883017ea401bd30515e37c434c8ae41820ddcf15148a1a,2026-09-03T12:17:10.664472+00:00
CES3133660001,"Ship and boat building employment, seasonally adjusted",2019M10,2019-10-01,143.0,,False,CURRENT_REVISED_MECHANISM_DIAGNOSTIC_NOT_PIT_MODEL_INPUT,https://api.bls.gov/publicAPI/v2/timeseries/data/,D:\Programming\python_example\ForecastTest\data-lake\bronze\industrials\v5_4\bls\hii_shipbuilding_labor_current_revised_2026-09-03.json,b639cbded9a0518394883017ea401bd30515e37c434c8ae41820ddcf15148a1a,2026-09-03T12:17:10.664472+00:00
CES3133660001,"Ship and boat building employment, seasonally adjusted",2019M11,2019-11-01,143.3,,False,CURRENT_REVISED_MECHANISM_DIAGNOSTIC_NOT_PIT_MODEL_INPUT,https://api.bls.gov/publicAPI/v2/timeseries/data/,D:\Programming\python_example\ForecastTest\data-lake\bronze\industrials\v5_4\bls\hii_shipbuilding_labor_current_revised_2026-09-03.json,b639cbded9a0518394883017ea401bd30515e37c434c8ae41820ddcf15148a1a,2026-09-03T12:17:10.664472+00:00
CES3133660001,"Ship and boat building employment, seasonally adjusted",2019M12,2019-12-01,143.5,,False,CURRENT_REVISED_MECHANISM_DIAGNOSTIC_NOT_PIT_MODEL_INPUT,https://api.bls.gov/publicAPI/v2/timeseries/data/,D:\Programming\python_example\ForecastTest\data-lake\bronze\industrials\v5_4\bls\hii_shipbuilding_labor_current_revised_2026-09-03.json,b639cbded9a0518394883017ea401bd30515e37c434c8ae41820ddcf15148a1a,2026-09-03T12:17:10.664472+00:00
CES3133660001,"Ship and boat building employment, seasonally adjusted",2020M01,2020-01-01,143.9,,False,CURRENT_REVISED_MECHANISM_DIAGNOSTIC_NOT_PIT_MODEL_INPUT,https://api.bls.gov/publicAPI/v2/timeseries/data/,D:\Programming\python_example\ForecastTest\data-lake\bronze\industrials\v5_4\bls\hii_shipbuilding_labor_current_revised_2026-09-03.json,b639cbded9a0518394883017ea401bd30515e37c434c8ae41820ddcf15148a1a,2026-09-03T12:17:10.664472+00:00
CES3133660001,"Ship and boat building employment, seasonally adjusted",2020M02,2020-02-01,143.8,,False,CURRENT_REVISED_MECHANISM_DIAGNOSTIC_NOT_PIT_MODEL_INPUT,https://api.bls.gov/publicAPI/v2/timeseries/data/,D:\Programming\python_example\ForecastTest\data-lake\bronze\industrials\v5_4\bls\hii_shipbuilding_labor_current_revised_2026-09-03.json,b639cbded9a0518394883017ea401bd30515e37c434c8ae41820ddcf15148a1a,2026-09-03T12:17:10.664472+00:00
CES3133660001,"Ship and boat building employment, seasonally adjusted",2020M03,2020-03-01,143.7,,False,CURRENT_REVISED_MECHANISM_DIAGNOSTIC_NOT_PIT_MODEL_INPUT,https://api.bls.gov/publicAPI/v2/timeseries/data/,D:\Programming\python_example\ForecastTest\data-lake\bronze\industrials\v5_4\bls\hii_shipbuilding_labor_current_revised_2026-09-03.json,b639cbded9a0518394883017ea401bd30515e37c434c8ae41820ddcf15148a1a,2026-09-03T12:17:10.664472+00:00
CES3133660001,"Ship and boat building employment, seasonally adjusted",2020M04,2020-04-01,124.5,,False,CURRENT_REVISED_MECHANISM_DIAGNOSTIC_NOT_PIT_MODEL_INPUT,https://api.bls.gov/publicAPI/v2/timeseries/data/,D:\Programming\python_example\ForecastTest\data-lake\bronze\industrials\v5_4\bls\hii_shipbuilding_labor_current_revised_2026-09-03.json,b639cbded9a0518394883017ea401bd30515e37c434c8ae41820ddcf15148a1a,2026-09-03T12:17:10.664472+00:00
CES3133660001,"Ship and boat building employment, seasonally adjusted",2020M05,2020-05-01,135.3,,False,CURRENT_REVISED_MECHANISM_DIAGNOSTIC_NOT_PIT_MODEL_INPUT,https://api.bls.gov/publicAPI/v2/timeseries/data/,D:\Programming\python_example\ForecastTest\data-lake\bronze\industrials\v5_4\bls\hii_shipbuilding_labor_current_revised_2026-09-03.json,b639cbded9a0518394883017ea401bd30515e37c434c8ae41820ddcf15148a1a,2026-09-03T12:17:10.664472+00:00
CES3133660001,"Ship and boat building employment, seasonally adjusted",2020M06,2020-06-01,138.7,,False,CURRENT_REVISED_MECHANISM_DIAGNOSTIC_NOT_PIT_MODEL_INPUT,https://api.bls.gov/publicAPI/v2/timeseries/data/,D:\Programming\python_example\ForecastTest\data-lake\bronze\industrials\v5_4\bls\hii_shipbuilding_labor_current_revised_2026-09-03.json,b639cbded9a0518394883017ea401bd30515e37c434c8ae41820ddcf15148a1a,2026-09-03T12:17:10.664472+00:00
CES3133660001,"Ship and boat building employment, seasonally adjusted",2020M07,2020-07-01,135.9,,False,CURRENT_REVISED_MECHANISM_DIAGNOSTIC_NOT_PIT_MODEL_INPUT,https://api.bls.gov/publicAPI/v2/timeseries/data/,D:\Programming\python_example\ForecastTest\data-lake\bronze\industrials\v5_4\bls\hii_shipbuilding_labor_current_revised_2026-09-03.json,b639cbded9a0518394883017ea401bd30515e37c434c8ae41820ddcf15148a1a,2026-09-03T12:17:10.664472+00:00
CES3133660001,"Ship and boat building employment, seasonally adjusted",2020M08,2020-08-01,136.2,,False,CURRENT_REVISED_MECHANISM_DIAGNOSTIC_NOT_PIT_MODEL_INPUT,https://api.bls.gov/publicAPI/v2/timeseries/data/,D:\Programming\python_example\ForecastTest\data-lake\bronze\industrials\v5_4\bls\hii_shipbuilding_labor_current_revised_2026-09-03.json,b639cbded9a0518394883017ea401bd30515e37c434c8ae41820ddcf15148a1a,2026-09-03T12:17:10.664472+00:00
CES3133660001,"Ship and boat building employment, seasonally adjusted",2020M09,2020-09-01,141.7,,False,CURRENT_REVISED_MECHANISM_DIAGNOSTIC_NOT_PIT_MODEL_INPUT,https://api.bls.gov/publicAPI/v2/timeseries/data/,D:\Programming\python_example\ForecastTest\data-lake\bronze\industrials\v5_4\bls\hii_shipbuilding_labor_current_revised_2026-09-03.json,b639cbded9a0518394883017ea401bd30515e37c434c8ae41820ddcf15148a1a,2026-09-03T12:17:10.664472+00:00
CES3133660001,"Ship and boat building employment, seasonally adjusted",2020M10,2020-10-01,144.2,,False,CURRENT_REVISED_MECHANISM_DIAGNOSTIC_NOT_PIT_MODEL_INPUT,https://api.bls.gov/publicAPI/v2/timeseries/data/,D:\Programming\python_example\ForecastTest\data-lake\bronze\industrials\v5_4\bls\hii_shipbuilding_labor_current_revised_2026-09-03.json,b639cbded9a0518394883017ea401bd30515e37c434c8ae41820ddcf15148a1a,2026-09-03T12:17:10.664472+00:00
CES3133660001,"Ship and boat building employment, seasonally adjusted",2020M11,2020-11-01,144.6,,False,CURRENT_REVISED_MECHANISM_DIAGNOSTIC_NOT_PIT_MODEL_INPUT,https://api.bls.gov/publicAPI/v2/timeseries/data/,D:\Programming\python_example\ForecastTest\data-lake\bronze\industrials\v5_4\bls\hii_shipbuilding_labor_current_revised_2026-09-03.json,b639cbded9a0518394883017ea401bd30515e37c434c8ae41820ddcf15148a1a,2026-09-03T12:17:10.664472+00:00
CES3133660001,"Ship and boat building employment, seasonally adjusted",2020M12,2020-12-01,144.9,,False,CURRENT_REVISED_MECHANISM_DIAGNOSTIC_NOT_PIT_MODEL_INPUT,https://api.bls.gov/publicAPI/v2/timeseries/data/,D:\Programming\python_example\ForecastTest\data-lake\bronze\industrials\v5_4\bls\hii_shipbuilding_labor_current_revised_2026-09-03.json,b639cbded9a0518394883017ea401bd30515e37c434c8ae41820ddcf15148a1a,2026-09-03T12:17:10.664472+00:00
CES3133660001,"Ship and boat building employment, seasonally adjusted",2021M01,2021-01-01,145.9,,False,CURRENT_REVISED_MECHANISM_DIAGNOSTIC_NOT_PIT_MODEL_INPUT,https://api.bls.gov/publicAPI/v2/timeseries/data/,D:\Programming\python_example\ForecastTest\data-lake\bronze\industrials\v5_4\bls\hii_shipbuilding_labor_current_revised_2026-09-03.json,b639cbded9a0518394883017ea401bd30515e37c434c8ae41820ddcf15148a1a,2026-09-03T12:17:10.664472+00:00
CES3133660001,"Ship and boat building employment, seasonally adjusted",2021M02,2021-02-01,146.0,,False,CURRENT_REVISED_MECHANISM_DIAGNOSTIC_NOT_PIT_MODEL_INPUT,https://api.bls.gov/publicAPI/v2/timeseries/data/,D:\Programming\python_example\ForecastTest\data-lake\bronze\industrials\v5_4\bls\hii_shipbuilding_labor_current_revised_2026-09-03.json,b639cbded9a0518394883017ea401bd30515e37c434c8ae41820ddcf15148a1a,2026-09-03T12:17:10.664472+00:00
CES3133660001,"Ship and boat building employment, seasonally adjusted",2021M03,2021-03-01,146.1,,False,CURRENT_REVISED_MECHANISM_DIAGNOSTIC_NOT_PIT_MODEL_INPUT,https://api.bls.gov/publicAPI/v2/timeseries/data/,D:\Programming\python_example\ForecastTest\data-lake\bronze\industrials\v5_4\bls\hii_shipbuilding_labor_current_revised_2026-09-03.json,b639cbded9a0518394883017ea401bd30515e37c434c8ae41820ddcf15148a1a,2026-09-03T12:17:10.664472+00:00
CES3133660001,"Ship and boat building employment, seasonally adjusted",2021M04,2021-04-01,146.4,,False,CURRENT_REVISED_MECHANISM_DIAGNOSTIC_NOT_PIT_MODEL_INPUT,https://api.bls.gov/publicAPI/v2/timeseries/data/,D:\Programming\python_example\ForecastTest\data-lake\bronze\industrials\v5_4\bls\hii_shipbuilding_labor_current_revised_2026-09-03.json,b639cbded9a0518394883017ea401bd30515e37c434c8ae41820ddcf15148a1a,2026-09-03T12:17:10.664472+00:00
CES3133660001,"Ship and boat building employment, seasonally adjusted",2021M05,2021-05-01,146.1,,False,CURRENT_REVISED_MECHANISM_DIAGNOSTIC_NOT_PIT_MODEL_INPUT,https://api.bls.gov/publicAPI/v2/timeseries/data/,D:\Programming\python_example\ForecastTest\data-lake\bronze\industrials\v5_4\bls\hii_shipbuilding_labor_current_revised_2026-09-03.json,b639cbded9a0518394883017ea401bd30515e37c434c8ae41820ddcf15148a1a,2026-09-03T12:17:10.664472+00:00
CES3133660001,"Ship and boat building employment, seasonally adjusted",2021M06,2021-06-01,147.5,,False,CURRENT_REVISED_MECHANISM_DIAGNOSTIC_NOT_PIT_MODEL_INPUT,https://api.bls.gov/publicAPI/v2/timeseries/data/,D:\Programming\python_example\ForecastTest\data-lake\bronze\industrials\v5_4\bls\hii_shipbuilding_labor_current_revised_2026-09-03.json,b639cbded9a0518394883017ea401bd30515e37c434c8ae41820ddcf15148a1a,2026-09-03T12:17:10.664472+00:00
CES3133660001,"Ship and boat building employment, seasonally adjusted",2021M07,2021-07-01,147.8,,False,CURRENT_REVISED_MECHANISM_DIAGNOSTIC_NOT_PIT_MODEL_INPUT,https://api.bls.gov/publicAPI/v2/timeseries/data/,D:\Programming\python_example\ForecastTest\data-lake\bronze\industrials\v5_4\bls\hii_shipbuilding_labor_current_revised_2026-09-03.json,b639cbded9a0518394883017ea401bd30515e37c434c8ae41820ddcf15148a1a,2026-09-03T12:17:10.664472+00:00
CES3133660001,"Ship and boat building employment, seasonally adjusted",2021M08,2021-08-01,148.3,,False,CURRENT_REVISED_MECHANISM_DIAGNOSTIC_NOT_PIT_MODEL_INPUT,https://api.bls.gov/publicAPI/v2/timeseries/data/,D:\Programming\python_example\ForecastTest\data-lake\bronze\industrials\v5_4\bls\hii_shipbuilding_labor_current_revised_2026-09-03.json,b639cbded9a0518394883017ea401bd30515e37c434c8ae41820ddcf15148a1a,2026-09-03T12:17:10.664472+00:00
CES3133660001,"Ship and boat building employment, seasonally adjusted",2021M09,2021-09-01,149.8,,False,CURRENT_REVISED_MECHANISM_DIAGNOSTIC_NOT_PIT_MODEL_INPUT,https://api.bls.gov/publicAPI/v2/timeseries/data/,D:\Programming\python_example\ForecastTest\data-lake\bronze\industrials\v5_4\bls\hii_shipbuilding_labor_current_revised_2026-09-03.json,b639cbded9a0518394883017ea401bd30515e37c434c8ae41820ddcf15148a1a,2026-09-03T12:17:10.664472+00:00
CES3133660001,"Ship and boat building employment, seasonally adjusted",2021M10,2021-10-01,148.8,,False,CURRENT_REVISED_MECHANISM_DIAGNOSTIC_NOT_PIT_MODEL_INPUT,https://api.bls.gov/publicAPI/v2/timeseries/data/,D:\Programming\python_example\ForecastTest\data-lake\bronze\industrials\v5_4\bls\hii_shipbuilding_labor_current_revised_2026-09-03.json,b639cbded9a0518394883017ea401bd30515e37c434c8ae41820ddcf15148a1a,2026-09-03T12:17:10.664472+00:00
CES3133660001,"Ship and boat building employment, seasonally adjusted",2021M11,2021-11-01,148.5,,False,CURRENT_REVISED_MECHANISM_DIAGNOSTIC_NOT_PIT_MODEL_INPUT,https://api.bls.gov/publicAPI/v2/timeseries/data/,D:\Programming\python_example\ForecastTest\data-lake\bronze\industrials\v5_4\bls\hii_shipbuilding_labor_current_revised_2026-09-03.json,b639cbded9a0518394883017ea401bd30515e37c434c8ae41820ddcf15148a1a,2026-09-03T12:17:10.664472+00:00
CES3133660001,"Ship and boat building employment, seasonally adjusted",2021M12,2021-12-01,149.0,,False,CURRENT_REVISED_MECHANISM_DIAGNOSTIC_NOT_PIT_MODEL_INPUT,https://api.bls.gov/publicAPI/v2/timeseries/data/,D:\Programming\python_example\ForecastTest\data-lake\bronze\industrials\v5_4\bls\hii_shipbuilding_labor_current_revised_2026-09-03.json,b639cbded9a0518394883017ea401bd30515e37c434c8ae41820ddcf15148a1a,2026-09-03T12:17:10.664472+00:00
CES3133660001,"Ship and boat building employment, seasonally adjusted",2022M01,2022-01-01,148.8,,False,CURRENT_REVISED_MECHANISM_DIAGNOSTIC_NOT_PIT_MODEL_INPUT,https://api.bls.gov/publicAPI/v2/timeseries/data/,D:\Programming\python_example\ForecastTest\data-lake\bronze\industrials\v5_4\bls\hii_shipbuilding_labor_current_revised_2026-09-03.json,b639cbded9a0518394883017ea401bd30515e37c434c8ae41820ddcf15148a1a,2026-09-03T12:17:10.664472+00:00
CES3133660001,"Ship and boat building employment, seasonally adjusted",2022M02,2022-02-01,150.0,,False,CURRENT_REVISED_MECHANISM_DIAGNOSTIC_NOT_PIT_MODEL_INPUT,https://api.bls.gov/publicAPI/v2/timeseries/data/,D:\Programming\python_example\ForecastTest\data-lake\bronze\industrials\v5_4\bls\hii_shipbuilding_labor_current_revised_2026-09-03.json,b639cbded9a0518394883017ea401bd30515e37c434c8ae41820ddcf15148a1a,2026-09-03T12:17:10.664472+00:00
CES3133660001,"Ship and boat building employment, seasonally adjusted",2022M03,2022-03-01,150.0,,False,CURRENT_REVISED_MECHANISM_DIAGNOSTIC_NOT_PIT_MODEL_INPUT,https://api.bls.gov/publicAPI/v2/timeseries/data/,D:\Programming\python_example\ForecastTest\data-lake\bronze\industrials\v5_4\bls\hii_shipbuilding_labor_current_revised_2026-09-03.json,b639cbded9a0518394883017ea401bd30515e37c434c8ae41820ddcf15148a1a,2026-09-03T12:17:10.664472+00:00
CES3133660001,"Ship and boat building employment, seasonally adjusted",2022M04,2022-04-01,150.9,,False,CURRENT_REVISED_MECHANISM_DIAGNOSTIC_NOT_PIT_MODEL_INPUT,https://api.bls.gov/publicAPI/v2/timeseries/data/,D:\Programming\python_example\ForecastTest\data-lake\bronze\industrials\v5_4\bls\hii_shipbuilding_labor_current_revised_2026-09-03.json,b639cbded9a0518394883017ea401bd30515e37c434c8ae41820ddcf15148a1a,2026-09-03T12:17:10.664472+00:00
CES3133660001,"Ship and boat building employment, seasonally adjusted",2022M05,2022-05-01,150.4,,False,CURRENT_REVISED_MECHANISM_DIAGNOSTIC_NOT_PIT_MODEL_INPUT,https://api.bls.gov/publicAPI/v2/timeseries/data/,D:\Programming\python_example\ForecastTest\data-lake\bronze\industrials\v5_4\bls\hii_shipbuilding_labor_current_revised_2026-09-03.json,b639cbded9a0518394883017ea401bd30515e37c434c8ae41820ddcf15148a1a,2026-09-03T12:17:10.664472+00:00
CES3133660001,"Ship and boat building employment, seasonally adjusted",2022M06,2022-06-01,150.6,,False,CURRENT_REVISED_MECHANISM_DIAGNOSTIC_NOT_PIT_MODEL_INPUT,https://api.bls.gov/publicAPI/v2/timeseries/data/,D:\Programming\python_example\ForecastTest\data-lake\bronze\industrials\v5_4\bls\hii_shipbuilding_labor_current_revised_2026-09-03.json,b639cbded9a0518394883017ea401bd30515e37c434c8ae41820ddcf15148a1a,2026-09-03T12:17:10.664472+00:00
CES3133660001,"Ship and boat building employment, seasonally adjusted",2022M07,2022-07-01,147.6,,False,CURRENT_REVISED_MECHANISM_DIAGNOSTIC_NOT_PIT_MODEL_INPUT,https://api.bls.gov/publicAPI/v2/timeseries/data/,D:\Programming\python_example\ForecastTest\data-lake\bronze\industrials\v5_4\bls\hii_shipbuilding_labor_current_revised_2026-09-03.json,b639cbded9a0518394883017ea401bd30515e37c434c8ae41820ddcf15148a1a,2026-09-03T12:17:10.664472+00:00
CES3133660001,"Ship and boat building employment, seasonally adjusted",2022M08,2022-08-01,149.8,,False,CURRENT_REVISED_MECHANISM_DIAGNOSTIC_NOT_PIT_MODEL_INPUT,https://api.bls.gov/publicAPI/v2/timeseries/data/,D:\Programming\python_example\ForecastTest\data-lake\bronze\industrials\v5_4\bls\hii_shipbuilding_labor_current_revised_2026-09-03.json,b639cbded9a0518394883017ea401bd30515e37c434c8ae41820ddcf15148a1a,2026-09-03T12:17:10.664472+00:00
CES3133660001,"Ship and boat building employment, seasonally adjusted",2022M09,2022-09-01,150.5,,False,CURRENT_REVISED_MECHANISM_DIAGNOSTIC_NOT_PIT_MODEL_INPUT,https://api.bls.gov/publicAPI/v2/timeseries/data/,D:\Programming\python_example\ForecastTest\data-lake\bronze\industrials\v5_4\bls\hii_shipbuilding_labor_current_revised_2026-09-03.json,b639cbded9a0518394883017ea401bd30515e37c434c8ae41820ddcf15148a1a,2026-09-03T12:17:10.664472+00:00
CES3133660001,"Ship and boat building employment, seasonally adjusted",2022M10,2022-10-01,152.4,,False,CURRENT_REVISED_MECHANISM_DIAGNOSTIC_NOT_PIT_MODEL_INPUT,https://api.bls.gov/publicAPI/v2/timeseries/data/,D:\Programming\python_example\ForecastTest\data-lake\bronze\industrials\v5_4\bls\hii_shipbuilding_labor_current_revised_2026-09-03.json,b639cbded9a0518394883017ea401bd30515e37c434c8ae41820ddcf15148a1a,2026-09-03T12:17:10.664472+00:00
CES3133660001,"Ship and boat building employment, seasonally adjusted",2022M11,2022-11-01,152.1,,False,CURRENT_REVISED_MECHANISM_DIAGNOSTIC_NOT_PIT_MODEL_INPUT,https://api.bls.gov/publicAPI/v2/timeseries/data/,D:\Programming\python_example\ForecastTest\data-lake\bronze\industrials\v5_4\bls\hii_shipbuilding_labor_current_revised_2026-09-03.json,b639cbded9a0518394883017ea401bd30515e37c434c8ae41820ddcf15148a1a,2026-09-03T12:17:10.664472+00:00
CES3133660001,"Ship and boat building employment, seasonally adjusted",2022M12,2022-12-01,152.5,,False,CURRENT_REVISED_MECHANISM_DIAGNOSTIC_NOT_PIT_MODEL_INPUT,https://api.bls.gov/publicAPI/v2/timeseries/data/,D:\Programming\python_example\ForecastTest\data-lake\bronze\industrials\v5_4\bls\hii_shipbuilding_labor_current_revised_2026-09-03.json,b639cbded9a0518394883017ea401bd30515e37c434c8ae41820ddcf15148a1a,2026-09-03T12:17:10.664472+00:00
CES3133660001,"Ship and boat building employment, seasonally adjusted",2023M01,2023-01-01,152.9,,False,CURRENT_REVISED_MECHANISM_DIAGNOSTIC_NOT_PIT_MODEL_INPUT,https://api.bls.gov/publicAPI/v2/timeseries/data/,D:\Programming\python_example\ForecastTest\data-lake\bronze\industrials\v5_4\bls\hii_shipbuilding_labor_current_revised_2026-09-03.json,b639cbded9a0518394883017ea401bd30515e37c434c8ae41820ddcf15148a1a,2026-09-03T12:17:10.664472+00:00
CES3133660001,"Ship and boat building employment, seasonally adjusted",2023M02,2023-02-01,153.1,,False,CURRENT_REVISED_MECHANISM_DIAGNOSTIC_NOT_PIT_MODEL_INPUT,https://api.bls.gov/publicAPI/v2/timeseries/data/,D:\Programming\python_example\ForecastTest\data-lake\bronze\industrials\v5_4\bls\hii_shipbuilding_labor_current_revised_2026-09-03.json,b639cbded9a0518394883017ea401bd30515e37c434c8ae41820ddcf15148a1a,2026-09-03T12:17:10.664472+00:00
CES3133660001,"Ship and boat building employment, seasonally adjusted",2023M03,2023-03-01,154.4,,False,CURRENT_REVISED_MECHANISM_DIAGNOSTIC_NOT_PIT_MODEL_INPUT,https://api.bls.gov/publicAPI/v2/timeseries/data/,D:\Programming\python_example\ForecastTest\data-lake\bronze\industrials\v5_4\bls\hii_shipbuilding_labor_current_revised_2026-09-03.json,b639cbded9a0518394883017ea401bd30515e37c434c8ae41820ddcf15148a1a,2026-09-03T12:17:10.664472+00:00
CES3133660001,"Ship and boat building employment, seasonally adjusted",2023M04,2023-04-01,154.0,,False,CURRENT_REVISED_MECHANISM_DIAGNOSTIC_NOT_PIT_MODEL_INPUT,https://api.bls.gov/publicAPI/v2/timeseries/data/,D:\Programming\python_example\ForecastTest\data-lake\bronze\industrials\v5_4\bls\hii_shipbuilding_labor_current_revised_2026-09-03.json,b639cbded9a0518394883017ea401bd30515e37c434c8ae41820ddcf15148a1a,2026-09-03T12:17:10.664472+00:00
CES3133660001,"Ship and boat building employment, seasonally adjusted",2023M05,2023-05-01,154.4,,False,CURRENT_REVISED_MECHANISM_DIAGNOSTIC_NOT_PIT_MODEL_INPUT,https://api.bls.gov/publicAPI/v2/timeseries/data/,D:\Programming\python_example\ForecastTest\data-lake\bronze\industrials\v5_4\bls\hii_shipbuilding_labor_current_revised_2026-09-03.json,b639cbded9a0518394883017ea401bd30515e37c434c8ae41820ddcf15148a1a,2026-09-03T12:17:10.664472+00:00
CES3133660001,"Ship and boat building employment, seasonally adjusted",2023M06,2023-06-01,154.5,,False,CURRENT_REVISED_MECHANISM_DIAGNOSTIC_NOT_PIT_MODEL_INPUT,https://api.bls.gov/publicAPI/v2/timeseries/data/,D:\Programming\python_example\ForecastTest\data-lake\bronze\industrials\v5_4\bls\hii_shipbuilding_labor_current_revised_2026-09-03.json,b639cbded9a0518394883017ea401bd30515e37c434c8ae41820ddcf15148a1a,2026-09-03T12:17:10.664472+00:00
CES3133660001,"Ship and boat building employment, seasonally adjusted",2023M07,2023-07-01,154.5,,False,CURRENT_REVISED_MECHANISM_DIAGNOSTIC_NOT_PIT_MODEL_INPUT,https://api.bls.gov/publicAPI/v2/timeseries/data/,D:\Programming\python_example\ForecastTest\data-lake\bronze\industrials\v5_4\bls\hii_shipbuilding_labor_current_revised_2026-09-03.json,b639cbded9a0518394883017ea401bd30515e37c434c8ae41820ddcf15148a1a,2026-09-03T12:17:10.664472+00:00
CES3133660001,"Ship and boat building employment, seasonally adjusted",2023M08,2023-08-01,154.0,,False,CURRENT_REVISED_MECHANISM_DIAGNOSTIC_NOT_PIT_MODEL_INPUT,https://api.bls.gov/publicAPI/v2/timeseries/data/,D:\Programming\python_example\ForecastTest\data-lake\bronze\industrials\v5_4\bls\hii_shipbuilding_labor_current_revised_2026-09-03.json,b639cbded9a0518394883017ea401bd30515e37c434c8ae41820ddcf15148a1a,2026-09-03T12:17:10.664472+00:00
CES3133660001,"Ship and boat building employment, seasonally adjusted",2023M09,2023-09-01,153.1,,False,CURRENT_REVISED_MECHANISM_DIAGNOSTIC_NOT_PIT_MODEL_INPUT,https://api.bls.gov/publicAPI/v2/timeseries/data/,D:\Programming\python_example\ForecastTest\data-lake\bronze\industrials\v5_4\bls\hii_shipbuilding_labor_current_revised_2026-09-03.json,b639cbded9a0518394883017ea401bd30515e37c434c8ae41820ddcf15148a1a,2026-09-03T12:17:10.664472+00:00
CES3133660001,"Ship and boat building employment, seasonally adjusted",2023M10,2023-10-01,153.2,,False,CURRENT_REVISED_MECHANISM_DIAGNOSTIC_NOT_PIT_MODEL_INPUT,https://api.bls.gov/publicAPI/v2/timeseries/data/,D:\Programming\python_example\ForecastTest\data-lake\bronze\industrials\v5_4\bls\hii_shipbuilding_labor_current_revised_2026-09-03.json,b639cbded9a0518394883017ea401bd30515e37c434c8ae41820ddcf15148a1a,2026-09-03T12:17:10.664472+00:00
CES3133660001,"Ship and boat building employment, seasonally adjusted",2023M11,2023-11-01,153.5,,False,CURRENT_REVISED_MECHANISM_DIAGNOSTIC_NOT_PIT_MODEL_INPUT,https://api.bls.gov/publicAPI/v2/timeseries/data/,D:\Programming\python_example\ForecastTest\data-lake\bronze\industrials\v5_4\bls\hii_shipbuilding_labor_current_revised_2026-09-03.json,b639cbded9a0518394883017ea401bd30515e37c434c8ae41820ddcf15148a1a,2026-09-03T12:17:10.664472+00:00
CES3133660001,"Ship and boat building employment, seasonally adjusted",2023M12,2023-12-01,154.0,,False,CURRENT_REVISED_MECHANISM_DIAGNOSTIC_NOT_PIT_MODEL_INPUT,https://api.bls.gov/publicAPI/v2/timeseries/data/,D:\Programming\python_example\ForecastTest\data-lake\bronze\industrials\v5_4\bls\hii_shipbuilding_labor_current_revised_2026-09-03.json,b639cbded9a0518394883017ea401bd30515e37c434c8ae41820ddcf15148a1a,2026-09-03T12:17:10.664472+00:00
CES3133660001,"Ship and boat building employment, seasonally adjusted",2024M01,2024-01-01,152.5,,False,CURRENT_REVISED_MECHANISM_DIAGNOSTIC_NOT_PIT_MODEL_INPUT,https://api.bls.gov/publicAPI/v2/timeseries/data/,D:\Programming\python_example\ForecastTest\data-lake\bronze\industrials\v5_4\bls\hii_shipbuilding_labor_current_revised_2026-09-03.json,b639cbded9a0518394883017ea401bd30515e37c434c8ae41820ddcf15148a1a,2026-09-03T12:17:10.664472+00:00
CES3133660001,"Ship and boat building employment, seasonally adjusted",2024M02,2024-02-01,151.5,,False,CURRENT_REVISED_MECHANISM_DIAGNOSTIC_NOT_PIT_MODEL_INPUT,https://api.bls.gov/publicAPI/v2/timeseries/data/,D:\Programming\python_example\ForecastTest\data-lake\bronze\industrials\v5_4\bls\hii_shipbuilding_labor_current_revised_2026-09-03.json,b639cbded9a0518394883017ea401bd30515e37c434c8ae41820ddcf15148a1a,2026-09-03T12:17:10.664472+00:00
CES3133660001,"Ship and boat building employment, seasonally adjusted",2024M03,2024-03-01,151.9,,False,CURRENT_REVISED_MECHANISM_DIAGNOSTIC_NOT_PIT_MODEL_INPUT,https://api.bls.gov/publicAPI/v2/timeseries/data/,D:\Programming\python_example\ForecastTest\data-lake\bronze\industrials\v5_4\bls\hii_shipbuilding_labor_current_revised_2026-09-03.json,b639cbded9a0518394883017ea401bd30515e37c434c8ae41820ddcf15148a1a,2026-09-03T12:17:10.664472+00:00
CES3133660001,"Ship and boat building employment, seasonally adjusted",2024M04,2024-04-01,152.2,,False,CURRENT_REVISED_MECHANISM_DIAGNOSTIC_NOT_PIT_MODEL_INPUT,https://api.bls.gov/publicAPI/v2/timeseries/data/,D:\Programming\python_example\ForecastTest\data-lake\bronze\industrials\v5_4\bls\hii_shipbuilding_labor_current_revised_2026-09-03.json,b639cbded9a0518394883017ea401bd30515e37c434c8ae41820ddcf15148a1a,2026-09-03T12:17:10.664472+00:00
CES3133660001,"Ship and boat building employment, seasonally adjusted",2024M05,2024-05-01,152.4,,False,CURRENT_REVISED_MECHANISM_DIAGNOSTIC_NOT_PIT_MODEL_INPUT,https://api.bls.gov/publicAPI/v2/timeseries/data/,D:\Programming\python_example\ForecastTest\data-lake\bronze\industrials\v5_4\bls\hii_shipbuilding_labor_current_revised_2026-09-03.json,b639cbded9a0518394883017ea401bd30515e37c434c8ae41820ddcf15148a1a,2026-09-03T12:17:10.664472+00:00
CES3133660001,"Ship and boat building employment, seasonally adjusted",2024M06,2024-06-01,153.2,,False,CURRENT_REVISED_MECHANISM_DIAGNOSTIC_NOT_PIT_MODEL_INPUT,https://api.bls.gov/publicAPI/v2/timeseries/data/,D:\Programming\python_example\ForecastTest\data-lake\bronze\industrials\v5_4\bls\hii_shipbuilding_labor_current_revised_2026-09-03.json,b639cbded9a0518394883017ea401bd30515e37c434c8ae41820ddcf15148a1a,2026-09-03T12:17:10.664472+00:00
CES3133660001,"Ship and boat building employment, seasonally adjusted",2024M07,2024-07-01,151.6,,False,CURRENT_REVISED_MECHANISM_DIAGNOSTIC_NOT_PIT_MODEL_INPUT,https://api.bls.gov/publicAPI/v2/timeseries/data/,D:\Programming\python_example\ForecastTest\data-lake\bronze\industrials\v5_4\bls\hii_shipbuilding_labor_current_revised_2026-09-03.json,b639cbded9a0518394883017ea401bd30515e37c434c8ae41820ddcf15148a1a,2026-09-03T12:17:10.664472+00:00
CES3133660001,"Ship and boat building employment, seasonally adjusted",2024M08,2024-08-01,149.8,,False,CURRENT_REVISED_MECHANISM_DIAGNOSTIC_NOT_PIT_MODEL_INPUT,https://api.bls.gov/publicAPI/v2/timeseries/data/,D:\Programming\python_example\ForecastTest\data-lake\bronze\industrials\v5_4\bls\hii_shipbuilding_labor_current_revised_2026-09-03.json,b639cbded9a0518394883017ea401bd30515e37c434c8ae41820ddcf15148a1a,2026-09-03T12:17:10.664472+00:00
CES3133660001,"Ship and boat building employment, seasonally adjusted",2024M09,2024-09-01,151.2,,False,CURRENT_REVISED_MECHANISM_DIAGNOSTIC_NOT_PIT_MODEL_INPUT,https://api.bls.gov/publicAPI/v2/timeseries/data/,D:\Programming\python_example\ForecastTest\data-lake\bronze\industrials\v5_4\bls\hii_shipbuilding_labor_current_revised_2026-09-03.json,b639cbded9a0518394883017ea401bd30515e37c434c8ae41820ddcf15148a1a,2026-09-03T12:17:10.664472+00:00
CES3133660001,"Ship and boat building employment, seasonally adjusted",2024M10,2024-10-01,150.9,,False,CURRENT_REVISED_MECHANISM_DIAGNOSTIC_NOT_PIT_MODEL_INPUT,https://api.bls.gov/publicAPI/v2/timeseries/data/,D:\Programming\python_example\ForecastTest\data-lake\bronze\industrials\v5_4\bls\hii_shipbuilding_labor_current_revised_2026-09-03.json,b639cbded9a0518394883017ea401bd30515e37c434c8ae41820ddcf15148a1a,2026-09-03T12:17:10.664472+00:00
CES3133660001,"Ship and boat building employment, seasonally adjusted",2024M11,2024-11-01,150.8,,False,CURRENT_REVISED_MECHANISM_DIAGNOSTIC_NOT_PIT_MODEL_INPUT,https://api.bls.gov/publicAPI/v2/timeseries/data/,D:\Programming\python_example\ForecastTest\data-lake\bronze\industrials\v5_4\bls\hii_shipbuilding_labor_current_revised_2026-09-03.json,b639cbded9a0518394883017ea401bd30515e37c434c8ae41820ddcf15148a1a,2026-09-03T12:17:10.664472+00:00
CES3133660001,"Ship and boat building employment, seasonally adjusted",2024M12,2024-12-01,150.9,,False,CURRENT_REVISED_MECHANISM_DIAGNOSTIC_NOT_PIT_MODEL_INPUT,https://api.bls.gov/publicAPI/v2/timeseries/data/,D:\Programming\python_example\ForecastTest\data-lake\bronze\industrials\v5_4\bls\hii_shipbuilding_labor_current_revised_2026-09-03.json,b639cbded9a0518394883017ea401bd30515e37c434c8ae41820ddcf15148a1a,2026-09-03T12:17:10.664472+00:00
CES3133660001,"Ship and boat building employment, seasonally adjusted",2025M01,2025-01-01,150.7,,False,CURRENT_REVISED_MECHANISM_DIAGNOSTIC_NOT_PIT_MODEL_INPUT,https://api.bls.gov/publicAPI/v2/timeseries/data/,D:\Programming\python_example\ForecastTest\data-lake\bronze\industrials\v5_4\bls\hii_shipbuilding_labor_current_revised_2026-09-03.json,b639cbded9a0518394883017ea401bd30515e37c434c8ae41820ddcf15148a1a,2026-09-03T12:17:10.664472+00:00
CES3133660001,"Ship and boat building employment, seasonally adjusted",2025M02,2025-02-01,150.6,,False,CURRENT_REVISED_MECHANISM_DIAGNOSTIC_NOT_PIT_MODEL_INPUT,https://api.bls.gov/publicAPI/v2/timeseries/data/,D:\Programming\python_example\ForecastTest\data-lake\bronze\industrials\v5_4\bls\hii_shipbuilding_labor_current_revised_2026-09-03.json,b639cbded9a0518394883017ea401bd30515e37c434c8ae41820ddcf15148a1a,2026-09-03T12:17:10.664472+00:00
CES3133660001,"Ship and boat building employment, seasonally adjusted",2025M03,2025-03-01,148.6,,False,CURRENT_REVISED_MECHANISM_DIAGNOSTIC_NOT_PIT_MODEL_INPUT,https://api.bls.gov/publicAPI/v2/timeseries/data/,D:\Programming\python_example\ForecastTest\data-lake\bronze\industrials\v5_4\bls\hii_shipbuilding_labor_current_revised_2026-09-03.json,b639cbded9a0518394883017ea401bd30515e37c434c8ae41820ddcf15148a1a,2026-09-03T12:17:10.664472+00:00
CES3133660001,"Ship and boat building employment, seasonally adjusted",2025M04,2025-04-01,149.7,,False,CURRENT_REVISED_MECHANISM_DIAGNOSTIC_NOT_PIT_MODEL_INPUT,https://api.bls.gov/publicAPI/v2/timeseries/data/,D:\Programming\python_example\ForecastTest\data-lake\bronze\industrials\v5_4\bls\hii_shipbuilding_labor_current_revised_2026-09-03.json,b639cbded9a0518394883017ea401bd30515e37c434c8ae41820ddcf15148a1a,2026-09-03T12:17:10.664472+00:00
CES3133660001,"Ship and boat building employment, seasonally adjusted",2025M05,2025-05-01,149.7,,False,CURRENT_REVISED_MECHANISM_DIAGNOSTIC_NOT_PIT_MODEL_INPUT,https://api.bls.gov/publicAPI/v2/timeseries/data/,D:\Programming\python_example\ForecastTest\data-lake\bronze\industrials\v5_4\bls\hii_shipbuilding_labor_current_revised_2026-09-03.json,b639cbded9a0518394883017ea401bd30515e37c434c8ae41820ddcf15148a1a,2026-09-03T12:17:10.664472+00:00
CES3133660001,"Ship and boat building employment, seasonally adjusted",2025M06,2025-06-01,149.4,,False,CURRENT_REVISED_MECHANISM_DIAGNOSTIC_NOT_PIT_MODEL_INPUT,https://api.bls.gov/publicAPI/v2/timeseries/data/,D:\Programming\python_example\ForecastTest\data-lake\bronze\industrials\v5_4\bls\hii_shipbuilding_labor_current_revised_2026-09-03.json,b639cbded9a0518394883017ea401bd30515e37c434c8ae41820ddcf15148a1a,2026-09-03T12:17:10.664472+00:00
CES3133660001,"Ship and boat building employment, seasonally adjusted",2025M07,2025-07-01,149.5,,False,CURRENT_REVISED_MECHANISM_DIAGNOSTIC_NOT_PIT_MODEL_INPUT,https://api.bls.gov/publicAPI/v2/timeseries/data/,D:\Programming\python_example\ForecastTest\data-lake\bronze\industrials\v5_4\bls\hii_shipbuilding_labor_current_revised_2026-09-03.json,b639cbded9a0518394883017ea401bd30515e37c434c8ae41820ddcf15148a1a,2026-09-03T12:17:10.664472+00:00
CES3133660001,"Ship and boat building employment, seasonally adjusted",2025M08,2025-08-01,149.4,,False,CURRENT_REVISED_MECHANISM_DIAGNOSTIC_NOT_PIT_MODEL_INPUT,https://api.bls.gov/publicAPI/v2/timeseries/data/,D:\Programming\python_example\ForecastTest\data-lake\bronze\industrials\v5_4\bls\hii_shipbuilding_labor_current_revised_2026-09-03.json,b639cbded9a0518394883017ea401bd30515e37c434c8ae41820ddcf15148a1a,2026-09-03T12:17:10.664472+00:00
CES3133660001,"Ship and boat building employment, seasonally adjusted",2025M09,2025-09-01,149.2,,False,CURRENT_REVISED_MECHANISM_DIAGNOSTIC_NOT_PIT_MODEL_INPUT,https://api.bls.gov/publicAPI/v2/timeseries/data/,D:\Programming\python_example\ForecastTest\data-lake\bronze\industrials\v5_4\bls\hii_shipbuilding_labor_current_revised_2026-09-03.json,b639cbded9a0518394883017ea401bd30515e37c434c8ae41820ddcf15148a1a,2026-09-03T12:17:10.664472+00:00
CES3133660001,"Ship and boat building employment, seasonally adjusted",2025M10,2025-10-01,149.3,,False,CURRENT_REVISED_MECHANISM_DIAGNOSTIC_NOT_PIT_MODEL_INPUT,https://api.bls.gov/publicAPI/v2/timeseries/data/,D:\Programming\python_example\ForecastTest\data-lake\bronze\industrials\v5_4\bls\hii_shipbuilding_labor_current_revised_2026-09-03.json,b639cbded9a0518394883017ea401bd30515e37c434c8ae41820ddcf15148a1a,2026-09-03T12:17:10.664472+00:00
CES3133660001,"Ship and boat building employment, seasonally adjusted",2025M11,2025-11-01,148.9,,False,CURRENT_REVISED_MECHANISM_DIAGNOSTIC_NOT_PIT_MODEL_INPUT,https://api.bls.gov/publicAPI/v2/timeseries/data/,D:\Programming\python_example\ForecastTest\data-lake\bronze\industrials\v5_4\bls\hii_shipbuilding_labor_current_revised_2026-09-03.json,b639cbded9a0518394883017ea401bd30515e37c434c8ae41820ddcf15148a1a,2026-09-03T12:17:10.664472+00:00
CES3133660001,"Ship and boat building employment, seasonally adjusted",2025M12,2025-12-01,148.8,,False,CURRENT_REVISED_MECHANISM_DIAGNOSTIC_NOT_PIT_MODEL_INPUT,https://api.bls.gov/publicAPI/v2/timeseries/data/,D:\Programming\python_example\ForecastTest\data-lake\bronze\industrials\v5_4\bls\hii_shipbuilding_labor_current_revised_2026-09-03.json,b639cbded9a0518394883017ea401bd30515e37c434c8ae41820ddcf15148a1a,2026-09-03T12:17:10.664472+00:00
CES3133660001,"Ship and boat building employment, seasonally adjusted",2026M01,2026-01-01,148.6,,False,CURRENT_REVISED_MECHANISM_DIAGNOSTIC_NOT_PIT_MODEL_INPUT,https://api.bls.gov/publicAPI/v2/timeseries/data/,D:\Programming\python_example\ForecastTest\data-lake\bronze\industrials\v5_4\bls\hii_shipbuilding_labor_current_revised_2026-09-03.json,b639cbded9a0518394883017ea401bd30515e37c434c8ae41820ddcf15148a1a,2026-09-03T12:17:10.664472+00:00
CES3133660001,"Ship and boat building employment, seasonally adjusted",2026M02,2026-02-01,148.6,,False,CURRENT_REVISED_MECHANISM_DIAGNOSTIC_NOT_PIT_MODEL_INPUT,https://api.bls.gov/publicAPI/v2/timeseries/data/,D:\Programming\python_example\ForecastTest\data-lake\bronze\industrials\v5_4\bls\hii_shipbuilding_labor_current_revised_2026-09-03.json,b639cbded9a0518394883017ea401bd30515e37c434c8ae41820ddcf15148a1a,2026-09-03T12:17:10.664472+00:00
CES3133660001,"Ship and boat building employment, seasonally adjusted",2026M03,2026-03-01,148.6,,False,CURRENT_REVISED_MECHANISM_DIAGNOSTIC_NOT_PIT_MODEL_INPUT,https://api.bls.gov/publicAPI/v2/timeseries/data/,D:\Programming\python_example\ForecastTest\data-lake\bronze\industrials\v5_4\bls\hii_shipbuilding_labor_current_revised_2026-09-03.json,b639cbded9a0518394883017ea401bd30515e37c434c8ae41820ddcf15148a1a,2026-09-03T12:17:10.664472+00:00
CES3133660001,"Ship and boat building employment, seasonally adjusted",2026M04,2026-04-01,148.6,,False,CURRENT_REVISED_MECHANISM_DIAGNOSTIC_NOT_PIT_MODEL_INPUT,https://api.bls.gov/publicAPI/v2/timeseries/data/,D:\Programming\python_example\ForecastTest\data-lake\bronze\industrials\v5_4\bls\hii_shipbuilding_labor_current_revised_2026-09-03.json,b639cbded9a0518394883017ea401bd30515e37c434c8ae41820ddcf15148a1a,2026-09-03T12:17:10.664472+00:00
CES3133660001,"Ship and boat building employment, seasonally adjusted",2026M05,2026-05-01,148.6,,False,CURRENT_REVISED_MECHANISM_DIAGNOSTIC_NOT_PIT_MODEL_INPUT,https://api.bls.gov/publicAPI/v2/timeseries/data/,D:\Programming\python_example\ForecastTest\data-lake\bronze\industrials\v5_4\bls\hii_shipbuilding_labor_current_revised_2026-09-03.json,b639cbded9a0518394883017ea401bd30515e37c434c8ae41820ddcf15148a1a,2026-09-03T12:17:10.664472+00:00
CES3133660001,"Ship and boat building employment, seasonally adjusted",2026M06,2026-06-01,149.2,preliminary,False,CURRENT_REVISED_MECHANISM_DIAGNOSTIC_NOT_PIT_MODEL_INPUT,https://api.bls.gov/publicAPI/v2/timeseries/data/,D:\Programming\python_example\ForecastTest\data-lake\bronze\industrials\v5_4\bls\hii_shipbuilding_labor_current_revised_2026-09-03.json,b639cbded9a0518394883017ea401bd30515e37c434c8ae41820ddcf15148a1a,2026-09-03T12:17:10.664472+00:00
CES3133661101,"Ship building and repairing employment, seasonally adjusted",2019M01,2019-01-01,97.3,,False,CURRENT_REVISED_MECHANISM_DIAGNOSTIC_NOT_PIT_MODEL_INPUT,https://api.bls.gov/publicAPI/v2/timeseries/data/,D:\Programming\python_example\ForecastTest\data-lake\bronze\industrials\v5_4\bls\hii_shipbuilding_labor_current_revised_2026-09-03.json,b639cbded9a0518394883017ea401bd30515e37c434c8ae41820ddcf15148a1a,2026-09-03T12:17:10.664472+00:00
CES3133661101,"Ship building and repairing employment, seasonally adjusted",2019M02,2019-02-01,97.5,,False,CURRENT_REVISED_MECHANISM_DIAGNOSTIC_NOT_PIT_MODEL_INPUT,https://api.bls.gov/publicAPI/v2/timeseries/data/,D:\Programming\python_example\ForecastTest\data-lake\bronze\industrials\v5_4\bls\hii_shipbuilding_labor_current_revised_2026-09-03.json,b639cbded9a0518394883017ea401bd30515e37c434c8ae41820ddcf15148a1a,2026-09-03T12:17:10.664472+00:00
CES3133661101,"Ship building and repairing employment, seasonally adjusted",2019M03,2019-03-01,97.9,,False,CURRENT_REVISED_MECHANISM_DIAGNOSTIC_NOT_PIT_MODEL_INPUT,https://api.bls.gov/publicAPI/v2/timeseries/data/,D:\Programming\python_example\ForecastTest\data-lake\bronze\industrials\v5_4\bls\hii_shipbuilding_labor_current_revised_2026-09-03.json,b639cbded9a0518394883017ea401bd30515e37c434c8ae41820ddcf15148a1a,2026-09-03T12:17:10.664472+00:00
CES3133661101,"Ship building and repairing employment, seasonally adjusted",2019M04,2019-04-01,98.3,,False,CURRENT_REVISED_MECHANISM_DIAGNOSTIC_NOT_PIT_MODEL_INPUT,https://api.bls.gov/publicAPI/v2/timeseries/data/,D:\Programming\python_example\ForecastTest\data-lake\bronze\industrials\v5_4\bls\hii_shipbuilding_labor_current_revised_2026-09-03.json,b639cbded9a0518394883017ea401bd30515e37c434c8ae41820ddcf15148a1a,2026-09-03T12:17:10.664472+00:00
CES3133661101,"Ship building and repairing employment, seasonally adjusted",2019M05,2019-05-01,98.5,,False,CURRENT_REVISED_MECHANISM_DIAGNOSTIC_NOT_PIT_MODEL_INPUT,https://api.bls.gov/publicAPI/v2/timeseries/data/,D:\Programming\python_example\ForecastTest\data-lake\bronze\industrials\v5_4\bls\hii_shipbuilding_labor_current_revised_2026-09-03.json,b639cbded9a0518394883017ea401bd30515e37c434c8ae41820ddcf15148a1a,2026-09-03T12:17:10.664472+00:00
CES3133661101,"Ship building and repairing employment, seasonally adjusted",2019M06,2019-06-01,98.7,,False,CURRENT_REVISED_MECHANISM_DIAGNOSTIC_NOT_PIT_MODEL_INPUT,https://api.bls.gov/publicAPI/v2/timeseries/data/,D:\Programming\python_example\ForecastTest\data-lake\bronze\industrials\v5_4\bls\hii_shipbuilding_labor_current_revised_2026-09-03.json,b639cbded9a0518394883017ea401bd30515e37c434c8ae41820ddcf15148a1a,2026-09-03T12:17:10.664472+00:00
CES3133661101,"Ship building and repairing employment, seasonally adjusted",2019M07,2019-07-01,98.6,,False,CURRENT_REVISED_MECHANISM_DIAGNOSTIC_NOT_PIT_MODEL_INPUT,https://api.bls.gov/publicAPI/v2/timeseries/data/,D:\Programming\python_example\ForecastTest\data-lake\bronze\industrials\v5_4\bls\hii_shipbuilding_labor_current_revised_2026-09-03.json,b639cbded9a0518394883017ea401bd30515e37c434c8ae41820ddcf15148a1a,2026-09-03T12:17:10.664472+00:00
CES3133661101,"Ship building and repairing employment, seasonally adjusted",2019M08,2019-08-01,98.7,,False,CURRENT_REVISED_MECHANISM_DIAGNOSTIC_NOT_PIT_MODEL_INPUT,https://api.bls.gov/publicAPI/v2/timeseries/data/,D:\Programming\python_example\ForecastTest\data-lake\bronze\industrials\v5_4\bls\hii_shipbuilding_labor_current_revised_2026-09-03.json,b639cbded9a0518394883017ea401bd30515e37c434c8ae41820ddcf15148a1a,2026-09-03T12:17:10.664472+00:00
CES3133661101,"Ship building and repairing employment, seasonally adjusted",2019M09,2019-09-01,99.2,,False,CURRENT_REVISED_MECHANISM_DIAGNOSTIC_NOT_PIT_MODEL_INPUT,https://api.bls.gov/publicAPI/v2/timeseries/data/,D:\Programming\python_example\ForecastTest\data-lake\bronze\industrials\v5_4\bls\hii_shipbuilding_labor_current_revised_2026-09-03.json,b639cbded9a0518394883017ea401bd30515e37c434c8ae41820ddcf15148a1a,2026-09-03T12:17:10.664472+00:00
CES3133661101,"Ship building and repairing employment, seasonally adjusted",2019M10,2019-10-01,99.6,,False,CURRENT_REVISED_MECHANISM_DIAGNOSTIC_NOT_PIT_MODEL_INPUT,https://api.bls.gov/publicAPI/v2/timeseries/data/,D:\Programming\python_example\ForecastTest\data-lake\bronze\industrials\v5_4\bls\hii_shipbuilding_labor_current_revised_2026-09-03.json,b639cbded9a0518394883017ea401bd30515e37c434c8ae41820ddcf15148a1a,2026-09-03T12:17:10.664472+00:00
CES3133661101,"Ship building and repairing employment, seasonally adjusted",2019M11,2019-11-01,99.9,,False,CURRENT_REVISED_MECHANISM_DIAGNOSTIC_NOT_PIT_MODEL_INPUT,https://api.bls.gov/publicAPI/v2/timeseries/data/,D:\Programming\python_example\ForecastTest\data-lake\bronze\industrials\v5_4\bls\hii_shipbuilding_labor_current_revised_2026-09-03.json,b639cbded9a0518394883017ea401bd30515e37c434c8ae41820ddcf15148a1a,2026-09-03T12:17:10.664472+00:00
CES3133661101,"Ship building and repairing employment, seasonally adjusted",2019M12,2019-12-01,100.2,,False,CURRENT_REVISED_MECHANISM_DIAGNOSTIC_NOT_PIT_MODEL_INPUT,https://api.bls.gov/publicAPI/v2/timeseries/data/,D:\Programming\python_example\ForecastTest\data-lake\bronze\industrials\v5_4\bls\hii_shipbuilding_labor_current_revised_2026-09-03.json,b639cbded9a0518394883017ea401bd30515e37c434c8ae41820ddcf15148a1a,2026-09-03T12:17:10.664472+00:00
CES3133661101,"Ship building and repairing employment, seasonally adjusted",2020M01,2020-01-01,100.5,,False,CURRENT_REVISED_MECHANISM_DIAGNOSTIC_NOT_PIT_MODEL_INPUT,https://api.bls.gov/publicAPI/v2/timeseries/data/,D:\Programming\python_example\ForecastTest\data-lake\bronze\industrials\v5_4\bls\hii_shipbuilding_labor_current_revised_2026-09-03.json,b639cbded9a0518394883017ea401bd30515e37c434c8ae41820ddcf15148a1a,2026-09-03T12:17:10.664472+00:00
CES3133661101,"Ship building and repairing employment, seasonally adjusted",2020M02,2020-02-01,100.8,,False,CURRENT_REVISED_MECHANISM_DIAGNOSTIC_NOT_PIT_MODEL_INPUT,https://api.bls.gov/publicAPI/v2/timeseries/data/,D:\Programming\python_example\ForecastTest\data-lake\bronze\industrials\v5_4\bls\hii_shipbuilding_labor_current_revised_2026-09-03.json,b639cbded9a0518394883017ea401bd30515e37c434c8ae41820ddcf15148a1a,2026-09-03T12:17:10.664472+00:00
CES3133661101,"Ship building and repairing employment, seasonally adjusted",2020M03,2020-03-01,101.2,,False,CURRENT_REVISED_MECHANISM_DIAGNOSTIC_NOT_PIT_MODEL_INPUT,https://api.bls.gov/publicAPI/v2/timeseries/data/,D:\Programming\python_example\ForecastTest\data-lake\bronze\industrials\v5_4\bls\hii_shipbuilding_labor_current_revised_2026-09-03.json,b639cbded9a0518394883017ea401bd30515e37c434c8ae41820ddcf15148a1a,2026-09-03T12:17:10.664472+00:00
CES3133661101,"Ship building and repairing employment, seasonally adjusted",2020M04,2020-04-01,99.3,,False,CURRENT_REVISED_MECHANISM_DIAGNOSTIC_NOT_PIT_MODEL_INPUT,https://api.bls.gov/publicAPI/v2/timeseries/data/,D:\Programming\python_example\ForecastTest\data-lake\bronze\industrials\v5_4\bls\hii_shipbuilding_labor_current_revised_2026-09-03.json,b639cbded9a0518394883017ea401bd30515e37c434c8ae41820ddcf15148a1a,2026-09-03T12:17:10.664472+00:00
CES3133661101,"Ship building and repairing employment, seasonally adjusted",2020M05,2020-05-01,99.6,,False,CURRENT_REVISED_MECHANISM_DIAGNOSTIC_NOT_PIT_MODEL_INPUT,https://api.bls.gov/publicAPI/v2/timeseries/data/,D:\Programming\python_example\ForecastTest\data-lake\bronze\industrials\v5_4\bls\hii_shipbuilding_labor_current_revised_2026-09-03.json,b639cbded9a0518394883017ea401bd30515e37c434c8ae41820ddcf15148a1a,2026-09-03T12:17:10.664472+00:00
CES3133661101,"Ship building and repairing employment, seasonally adjusted",2020M06,2020-06-01,99.7,,False,CURRENT_REVISED_MECHANISM_DIAGNOSTIC_NOT_PIT_MODEL_INPUT,https://api.bls.gov/publicAPI/v2/timeseries/data/,D:\Programming\python_example\ForecastTest\data-lake\bronze\industrials\v5_4\bls\hii_shipbuilding_labor_current_revised_2026-09-03.json,b639cbded9a0518394883017ea401bd30515e37c434c8ae41820ddcf15148a1a,2026-09-03T12:17:10.664472+00:00
CES3133661101,"Ship building and repairing employment, seasonally adjusted",2020M07,2020-07-01,95.6,,False,CURRENT_REVISED_MECHANISM_DIAGNOSTIC_NOT_PIT_MODEL_INPUT,https://api.bls.gov/publicAPI/v2/timeseries/data/,D:\Programming\python_example\ForecastTest\data-lake\bronze\industrials\v5_4\bls\hii_shipbuilding_labor_current_revised_2026-09-03.json,b639cbded9a0518394883017ea401bd30515e37c434c8ae41820ddcf15148a1a,2026-09-03T12:17:10.664472+00:00
CES3133661101,"Ship building and repairing employment, seasonally adjusted",2020M08,2020-08-01,95.5,,False,CURRENT_REVISED_MECHANISM_DIAGNOSTIC_NOT_PIT_MODEL_INPUT,https://api.bls.gov/publicAPI/v2/timeseries/data/,D:\Programming\python_example\ForecastTest\data-lake\bronze\industrials\v5_4\bls\hii_shipbuilding_labor_current_revised_2026-09-03.json,b639cbded9a0518394883017ea401bd30515e37c434c8ae41820ddcf15148a1a,2026-09-03T12:17:10.664472+00:00
CES3133661101,"Ship building and repairing employment, seasonally adjusted",2020M09,2020-09-01,100.6,,False,CURRENT_REVISED_MECHANISM_DIAGNOSTIC_NOT_PIT_MODEL_INPUT,https://api.bls.gov/publicAPI/v2/timeseries/data/,D:\Programming\python_example\ForecastTest\data-lake\bronze\industrials\v5_4\bls\hii_shipbuilding_labor_current_revised_2026-09-03.json,b639cbded9a0518394883017ea401bd30515e37c434c8ae41820ddcf15148a1a,2026-09-03T12:17:10.664472+00:00
CES3133661101,"Ship building and repairing employment, seasonally adjusted",2020M10,2020-10-01,101.4,,False,CURRENT_REVISED_MECHANISM_DIAGNOSTIC_NOT_PIT_MODEL_INPUT,https://api.bls.gov/publicAPI/v2/timeseries/data/,D:\Programming\python_example\ForecastTest\data-lake\bronze\industrials\v5_4\bls\hii_shipbuilding_labor_current_revised_2026-09-03.json,b639cbded9a0518394883017ea401bd30515e37c434c8ae41820ddcf15148a1a,2026-09-03T12:17:10.664472+00:00
CES3133661101,"Ship building and repairing employment, seasonally adjusted",2020M11,2020-11-01,101.5,,False,CURRENT_REVISED_MECHANISM_DIAGNOSTIC_NOT_PIT_MODEL_INPUT,https://api.bls.gov/publicAPI/v2/timeseries/data/,D:\Programming\python_example\ForecastTest\data-lake\bronze\industrials\v5_4\bls\hii_shipbuilding_labor_current_revised_2026-09-03.json,b639cbded9a0518394883017ea401bd30515e37c434c8ae41820ddcf15148a1a,2026-09-03T12:17:10.664472+00:00
CES3133661101,"Ship building and repairing employment, seasonally adjusted",2020M12,2020-12-01,101.4,,False,CURRENT_REVISED_MECHANISM_DIAGNOSTIC_NOT_PIT_MODEL_INPUT,https://api.bls.gov/publicAPI/v2/timeseries/data/,D:\Programming\python_example\ForecastTest\data-lake\bronze\industrials\v5_4\bls\hii_shipbuilding_labor_current_revised_2026-09-03.json,b639cbded9a0518394883017ea401bd30515e37c434c8ae41820ddcf15148a1a,2026-09-03T12:17:10.664472+00:00
CES3133661101,"Ship building and repairing employment, seasonally adjusted",2021M01,2021-01-01,101.7,,False,CURRENT_REVISED_MECHANISM_DIAGNOSTIC_NOT_PIT_MODEL_INPUT,https://api.bls.gov/publicAPI/v2/timeseries/data/,D:\Programming\python_example\ForecastTest\data-lake\bronze\industrials\v5_4\bls\hii_shipbuilding_labor_current_revised_2026-09-03.json,b639cbded9a0518394883017ea401bd30515e37c434c8ae41820ddcf15148a1a,2026-09-03T12:17:10.664472+00:00
CES3133661101,"Ship building and repairing employment, seasonally adjusted",2021M02,2021-02-01,102.1,,False,CURRENT_REVISED_MECHANISM_DIAGNOSTIC_NOT_PIT_MODEL_INPUT,https://api.bls.gov/publicAPI/v2/timeseries/data/,D:\Programming\python_example\ForecastTest\data-lake\bronze\industrials\v5_4\bls\hii_shipbuilding_labor_current_revised_2026-09-03.json,b639cbded9a0518394883017ea401bd30515e37c434c8ae41820ddcf15148a1a,2026-09-03T12:17:10.664472+00:00
CES3133661101,"Ship building and repairing employment, seasonally adjusted",2021M03,2021-03-01,101.2,,False,CURRENT_REVISED_MECHANISM_DIAGNOSTIC_NOT_PIT_MODEL_INPUT,https://api.bls.gov/publicAPI/v2/timeseries/data/,D:\Programming\python_example\ForecastTest\data-lake\bronze\industrials\v5_4\bls\hii_shipbuilding_labor_current_revised_2026-09-03.json,b639cbded9a0518394883017ea401bd30515e37c434c8ae41820ddcf15148a1a,2026-09-03T12:17:10.664472+00:00
CES3133661101,"Ship building and repairing employment, seasonally adjusted",2021M04,2021-04-01,100.7,,False,CURRENT_REVISED_MECHANISM_DIAGNOSTIC_NOT_PIT_MODEL_INPUT,https://api.bls.gov/publicAPI/v2/timeseries/data/,D:\Programming\python_example\ForecastTest\data-lake\bronze\industrials\v5_4\bls\hii_shipbuilding_labor_current_revised_2026-09-03.json,b639cbded9a0518394883017ea401bd30515e37c434c8ae41820ddcf15148a1a,2026-09-03T12:17:10.664472+00:00
CES3133661101,"Ship building and repairing employment, seasonally adjusted",2021M05,2021-05-01,100.7,,False,CURRENT_REVISED_MECHANISM_DIAGNOSTIC_NOT_PIT_MODEL_INPUT,https://api.bls.gov/publicAPI/v2/timeseries/data/,D:\Programming\python_example\ForecastTest\data-lake\bronze\industrials\v5_4\bls\hii_shipbuilding_labor_current_revised_2026-09-03.json,b639cbded9a0518394883017ea401bd30515e37c434c8ae41820ddcf15148a1a,2026-09-03T12:17:10.664472+00:00
CES3133661101,"Ship building and repairing employment, seasonally adjusted",2021M06,2021-06-01,101.3,,False,CURRENT_REVISED_MECHANISM_DIAGNOSTIC_NOT_PIT_MODEL_INPUT,https://api.bls.gov/publicAPI/v2/timeseries/data/,D:\Programming\python_example\ForecastTest\data-lake\bronze\industrials\v5_4\bls\hii_shipbuilding_labor_current_revised_2026-09-03.json,b639cbded9a0518394883017ea401bd30515e37c434c8ae41820ddcf15148a1a,2026-09-03T12:17:10.664472+00:00
CES3133661101,"Ship building and repairing employment, seasonally adjusted",2021M07,2021-07-01,101.5,,False,CURRENT_REVISED_MECHANISM_DIAGNOSTIC_NOT_PIT_MODEL_INPUT,https://api.bls.gov/publicAPI/v2/timeseries/data/,D:\Programming\python_example\ForecastTest\data-lake\bronze\industrials\v5_4\bls\hii_shipbuilding_labor_current_revised_2026-09-03.json,b639cbded9a0518394883017ea401bd30515e37c434c8ae41820ddcf15148a1a,2026-09-03T12:17:10.664472+00:00
CES3133661101,"Ship building and repairing employment, seasonally adjusted",2021M08,2021-08-01,101.3,,False,CURRENT_REVISED_MECHANISM_DIAGNOSTIC_NOT_PIT_MODEL_INPUT,https://api.bls.gov/publicAPI/v2/timeseries/data/,D:\Programming\python_example\ForecastTest\data-lake\bronze\industrials\v5_4\bls\hii_shipbuilding_labor_current_revised_2026-09-03.json,b639cbded9a0518394883017ea401bd30515e37c434c8ae41820ddcf15148a1a,2026-09-03T12:17:10.664472+00:00
CES3133661101,"Ship building and repairing employment, seasonally adjusted",2021M09,2021-09-01,101.4,,False,CURRENT_REVISED_MECHANISM_DIAGNOSTIC_NOT_PIT_MODEL_INPUT,https://api.bls.gov/publicAPI/v2/timeseries/data/,D:\Programming\python_example\ForecastTest\data-lake\bronze\industrials\v5_4\bls\hii_shipbuilding_labor_current_revised_2026-09-03.json,b639cbded9a0518394883017ea401bd30515e37c434c8ae41820ddcf15148a1a,2026-09-03T12:17:10.664472+00:00
CES3133661101,"Ship building and repairing employment, seasonally adjusted",2021M10,2021-10-01,100.8,,False,CURRENT_REVISED_MECHANISM_DIAGNOSTIC_NOT_PIT_MODEL_INPUT,https://api.bls.gov/publicAPI/v2/timeseries/data/,D:\Programming\python_example\ForecastTest\data-lake\bronze\industrials\v5_4\bls\hii_shipbuilding_labor_current_revised_2026-09-03.json,b639cbded9a0518394883017ea401bd30515e37c434c8ae41820ddcf15148a1a,2026-09-03T12:17:10.664472+00:00
CES3133661101,"Ship building and repairing employment, seasonally adjusted",2021M11,2021-11-01,100.3,,False,CURRENT_REVISED_MECHANISM_DIAGNOSTIC_NOT_PIT_MODEL_INPUT,https://api.bls.gov/publicAPI/v2/timeseries/data/,D:\Programming\python_example\ForecastTest\data-lake\bronze\industrials\v5_4\bls\hii_shipbuilding_labor_current_revised_2026-09-03.json,b639cbded9a0518394883017ea401bd30515e37c434c8ae41820ddcf15148a1a,2026-09-03T12:17:10.664472+00:00
CES3133661101,"Ship building and repairing employment, seasonally adjusted",2021M12,2021-12-01,100.6,,False,CURRENT_REVISED_MECHANISM_DIAGNOSTIC_NOT_PIT_MODEL_INPUT,https://api.bls.gov/publicAPI/v2/timeseries/data/,D:\Programming\python_example\ForecastTest\data-lake\bronze\industrials\v5_4\bls\hii_shipbuilding_labor_current_revised_2026-09-03.json,b639cbded9a0518394883017ea401bd30515e37c434c8ae41820ddcf15148a1a,2026-09-03T12:17:10.664472+00:00
CES3133661101,"Ship building and repairing employment, seasonally adjusted",2022M01,2022-01-01,99.9,,False,CURRENT_REVISED_MECHANISM_DIAGNOSTIC_NOT_PIT_MODEL_INPUT,https://api.bls.gov/publicAPI/v2/timeseries/data/,D:\Programming\python_example\ForecastTest\data-lake\bronze\industrials\v5_4\bls\hii_shipbuilding_labor_current_revised_2026-09-03.json,b639cbded9a0518394883017ea401bd30515e37c434c8ae41820ddcf15148a1a,2026-09-03T12:17:10.664472+00:00
CES3133661101,"Ship building and repairing employment, seasonally adjusted",2022M02,2022-02-01,100.8,,False,CURRENT_REVISED_MECHANISM_DIAGNOSTIC_NOT_PIT_MODEL_INPUT,https://api.bls.gov/publicAPI/v2/timeseries/data/,D:\Programming\python_example\ForecastTest\data-lake\bronze\industrials\v5_4\bls\hii_shipbuilding_labor_current_revised_2026-09-03.json,b639cbded9a0518394883017ea401bd30515e37c434c8ae41820ddcf15148a1a,2026-09-03T12:17:10.664472+00:00
CES3133661101,"Ship building and repairing employment, seasonally adjusted",2022M03,2022-03-01,100.7,,False,CURRENT_REVISED_MECHANISM_DIAGNOSTIC_NOT_PIT_MODEL_INPUT,https://api.bls.gov/publicAPI/v2/timeseries/data/,D:\Programming\python_example\ForecastTest\data-lake\bronze\industrials\v5_4\bls\hii_shipbuilding_labor_current_revised_2026-09-03.json,b639cbded9a0518394883017ea401bd30515e37c434c8ae41820ddcf15148a1a,2026-09-03T12:17:10.664472+00:00
CES3133661101,"Ship building and repairing employment, seasonally adjusted",2022M04,2022-04-01,102.0,,False,CURRENT_REVISED_MECHANISM_DIAGNOSTIC_NOT_PIT_MODEL_INPUT,https://api.bls.gov/publicAPI/v2/timeseries/data/,D:\Programming\python_example\ForecastTest\data-lake\bronze\industrials\v5_4\bls\hii_shipbuilding_labor_current_revised_2026-09-03.json,b639cbded9a0518394883017ea401bd30515e37c434c8ae41820ddcf15148a1a,2026-09-03T12:17:10.664472+00:00
CES3133661101,"Ship building and repairing employment, seasonally adjusted",2022M05,2022-05-01,101.1,,False,CURRENT_REVISED_MECHANISM_DIAGNOSTIC_NOT_PIT_MODEL_INPUT,https://api.bls.gov/publicAPI/v2/timeseries/data/,D:\Programming\python_example\ForecastTest\data-lake\bronze\industrials\v5_4\bls\hii_shipbuilding_labor_current_revised_2026-09-03.json,b639cbded9a0518394883017ea401bd30515e37c434c8ae41820ddcf15148a1a,2026-09-03T12:17:10.664472+00:00
CES3133661101,"Ship building and repairing employment, seasonally adjusted",2022M06,2022-06-01,100.6,,False,CURRENT_REVISED_MECHANISM_DIAGNOSTIC_NOT_PIT_MODEL_INPUT,https://api.bls.gov/publicAPI/v2/timeseries/data/,D:\Programming\python_example\ForecastTest\data-lake\bronze\industrials\v5_4\bls\hii_shipbuilding_labor_current_revised_2026-09-03.json,b639cbded9a0518394883017ea401bd30515e37c434c8ae41820ddcf15148a1a,2026-09-03T12:17:10.664472+00:00
CES3133661101,"Ship building and repairing employment, seasonally adjusted",2022M07,2022-07-01,97.3,,False,CURRENT_REVISED_MECHANISM_DIAGNOSTIC_NOT_PIT_MODEL_INPUT,https://api.bls.gov/publicAPI/v2/timeseries/data/,D:\Programming\python_example\ForecastTest\data-lake\bronze\industrials\v5_4\bls\hii_shipbuilding_labor_current_revised_2026-09-03.json,b639cbded9a0518394883017ea401bd30515e37c434c8ae41820ddcf15148a1a,2026-09-03T12:17:10.664472+00:00
CES3133661101,"Ship building and repairing employment, seasonally adjusted",2022M08,2022-08-01,98.7,,False,CURRENT_REVISED_MECHANISM_DIAGNOSTIC_NOT_PIT_MODEL_INPUT,https://api.bls.gov/publicAPI/v2/timeseries/data/,D:\Programming\python_example\ForecastTest\data-lake\bronze\industrials\v5_4\bls\hii_shipbuilding_labor_current_revised_2026-09-03.json,b639cbded9a0518394883017ea401bd30515e37c434c8ae41820ddcf15148a1a,2026-09-03T12:17:10.664472+00:00
CES3133661101,"Ship building and repairing employment, seasonally adjusted",2022M09,2022-09-01,99.1,,False,CURRENT_REVISED_MECHANISM_DIAGNOSTIC_NOT_PIT_MODEL_INPUT,https://api.bls.gov/publicAPI/v2/timeseries/data/,D:\Programming\python_example\ForecastTest\data-lake\bronze\industrials\v5_4\bls\hii_shipbuilding_labor_current_revised_2026-09-03.json,b639cbded9a0518394883017ea401bd30515e37c434c8ae41820ddcf15148a1a,2026-09-03T12:17:10.664472+00:00
CES3133661101,"Ship building and repairing employment, seasonally adjusted",2022M10,2022-10-01,99.9,,False,CURRENT_REVISED_MECHANISM_DIAGNOSTIC_NOT_PIT_MODEL_INPUT,https://api.bls.gov/publicAPI/v2/timeseries/data/,D:\Programming\python_example\ForecastTest\data-lake\bronze\industrials\v5_4\bls\hii_shipbuilding_labor_current_revised_2026-09-03.json,b639cbded9a0518394883017ea401bd30515e37c434c8ae41820ddcf15148a1a,2026-09-03T12:17:10.664472+00:00
CES3133661101,"Ship building and repairing employment, seasonally adjusted",2022M11,2022-11-01,100.5,,False,CURRENT_REVISED_MECHANISM_DIAGNOSTIC_NOT_PIT_MODEL_INPUT,https://api.bls.gov/publicAPI/v2/timeseries/data/,D:\Programming\python_example\ForecastTest\data-lake\bronze\industrials\v5_4\bls\hii_shipbuilding_labor_current_revised_2026-09-03.json,b639cbded9a0518394883017ea401bd30515e37c434c8ae41820ddcf15148a1a,2026-09-03T12:17:10.664472+00:00
CES3133661101,"Ship building and repairing employment, seasonally adjusted",2022M12,2022-12-01,100.8,,False,CURRENT_REVISED_MECHANISM_DIAGNOSTIC_NOT_PIT_MODEL_INPUT,https://api.bls.gov/publicAPI/v2/timeseries/data/,D:\Programming\python_example\ForecastTest\data-lake\bronze\industrials\v5_4\bls\hii_shipbuilding_labor_current_revised_2026-09-03.json,b639cbded9a0518394883017ea401bd30515e37c434c8ae41820ddcf15148a1a,2026-09-03T12:17:10.664472+00:00
CES3133661101,"Ship building and repairing employment, seasonally adjusted",2023M01,2023-01-01,101.5,,False,CURRENT_REVISED_MECHANISM_DIAGNOSTIC_NOT_PIT_MODEL_INPUT,https://api.bls.gov/publicAPI/v2/timeseries/data/,D:\Programming\python_example\ForecastTest\data-lake\bronze\industrials\v5_4\bls\hii_shipbuilding_labor_current_revised_2026-09-03.json,b639cbded9a0518394883017ea401bd30515e37c434c8ae41820ddcf15148a1a,2026-09-03T12:17:10.664472+00:00
CES3133661101,"Ship building and repairing employment, seasonally adjusted",2023M02,2023-02-01,101.7,,False,CURRENT_REVISED_MECHANISM_DIAGNOSTIC_NOT_PIT_MODEL_INPUT,https://api.bls.gov/publicAPI/v2/timeseries/data/,D:\Programming\python_example\ForecastTest\data-lake\bronze\industrials\v5_4\bls\hii_shipbuilding_labor_current_revised_2026-09-03.json,b639cbded9a0518394883017ea401bd30515e37c434c8ae41820ddcf15148a1a,2026-09-03T12:17:10.664472+00:00
CES3133661101,"Ship building and repairing employment, seasonally adjusted",2023M03,2023-03-01,102.8,,False,CURRENT_REVISED_MECHANISM_DIAGNOSTIC_NOT_PIT_MODEL_INPUT,https://api.bls.gov/publicAPI/v2/timeseries/data/,D:\Programming\python_example\ForecastTest\data-lake\bronze\industrials\v5_4\bls\hii_shipbuilding_labor_current_revised_2026-09-03.json,b639cbded9a0518394883017ea401bd30515e37c434c8ae41820ddcf15148a1a,2026-09-03T12:17:10.664472+00:00
CES3133661101,"Ship building and repairing employment, seasonally adjusted",2023M04,2023-04-01,103.2,,False,CURRENT_REVISED_MECHANISM_DIAGNOSTIC_NOT_PIT_MODEL_INPUT,https://api.bls.gov/publicAPI/v2/timeseries/data/,D:\Programming\python_example\ForecastTest\data-lake\bronze\industrials\v5_4\bls\hii_shipbuilding_labor_current_revised_2026-09-03.json,b639cbded9a0518394883017ea401bd30515e37c434c8ae41820ddcf15148a1a,2026-09-03T12:17:10.664472+00:00
CES3133661101,"Ship building and repairing employment, seasonally adjusted",2023M05,2023-05-01,103.6,,False,CURRENT_REVISED_MECHANISM_DIAGNOSTIC_NOT_PIT_MODEL_INPUT,https://api.bls.gov/publicAPI/v2/timeseries/data/,D:\Programming\python_example\ForecastTest\data-lake\bronze\industrials\v5_4\bls\hii_shipbuilding_labor_current_revised_2026-09-03.json,b639cbded9a0518394883017ea401bd30515e37c434c8ae41820ddcf15148a1a,2026-09-03T12:17:10.664472+00:00
CES3133661101,"Ship building and repairing employment, seasonally adjusted",2023M06,2023-06-01,104.5,,False,CURRENT_REVISED_MECHANISM_DIAGNOSTIC_NOT_PIT_MODEL_INPUT,https://api.bls.gov/publicAPI/v2/timeseries/data/,D:\Programming\python_example\ForecastTest\data-lake\bronze\industrials\v5_4\bls\hii_shipbuilding_labor_current_revised_2026-09-03.json,b639cbded9a0518394883017ea401bd30515e37c434c8ae41820ddcf15148a1a,2026-09-03T12:17:10.664472+00:00
CES3133661101,"Ship building and repairing employment, seasonally adjusted",2023M07,2023-07-01,104.9,,False,CURRENT_REVISED_MECHANISM_DIAGNOSTIC_NOT_PIT_MODEL_INPUT,https://api.bls.gov/publicAPI/v2/timeseries/data/,D:\Programming\python_example\ForecastTest\data-lake\bronze\industrials\v5_4\bls\hii_shipbuilding_labor_current_revised_2026-09-03.json,b639cbded9a0518394883017ea401bd30515e37c434c8ae41820ddcf15148a1a,2026-09-03T12:17:10.664472+00:00
CES3133661101,"Ship building and repairing employment, seasonally adjusted",2023M08,2023-08-01,105.0,,False,CURRENT_REVISED_MECHANISM_DIAGNOSTIC_NOT_PIT_MODEL_INPUT,https://api.bls.gov/publicAPI/v2/timeseries/data/,D:\Programming\python_example\ForecastTest\data-lake\bronze\industrials\v5_4\bls\hii_shipbuilding_labor_current_revised_2026-09-03.json,b639cbded9a0518394883017ea401bd30515e37c434c8ae41820ddcf15148a1a,2026-09-03T12:17:10.664472+00:00
CES3133661101,"Ship building and repairing employment, seasonally adjusted",2023M09,2023-09-01,104.8,,False,CURRENT_REVISED_MECHANISM_DIAGNOSTIC_NOT_PIT_MODEL_INPUT,https://api.bls.gov/publicAPI/v2/timeseries/data/,D:\Programming\python_example\ForecastTest\data-lake\bronze\industrials\v5_4\bls\hii_shipbuilding_labor_current_revised_2026-09-03.json,b639cbded9a0518394883017ea401bd30515e37c434c8ae41820ddcf15148a1a,2026-09-03T12:17:10.664472+00:00
CES3133661101,"Ship building and repairing employment, seasonally adjusted",2023M10,2023-10-01,105.9,,False,CURRENT_REVISED_MECHANISM_DIAGNOSTIC_NOT_PIT_MODEL_INPUT,https://api.bls.gov/publicAPI/v2/timeseries/data/,D:\Programming\python_example\ForecastTest\data-lake\bronze\industrials\v5_4\bls\hii_shipbuilding_labor_current_revised_2026-09-03.json,b639cbded9a0518394883017ea401bd30515e37c434c8ae41820ddcf15148a1a,2026-09-03T12:17:10.664472+00:00
CES3133661101,"Ship building and repairing employment, seasonally adjusted",2023M11,2023-11-01,106.7,,False,CURRENT_REVISED_MECHANISM_DIAGNOSTIC_NOT_PIT_MODEL_INPUT,https://api.bls.gov/publicAPI/v2/timeseries/data/,D:\Programming\python_example\ForecastTest\data-lake\bronze\industrials\v5_4\bls\hii_shipbuilding_labor_current_revised_2026-09-03.json,b639cbded9a0518394883017ea401bd30515e37c434c8ae41820ddcf15148a1a,2026-09-03T12:17:10.664472+00:00
CES3133661101,"Ship building and repairing employment, seasonally adjusted",2023M12,2023-12-01,107.0,,False,CURRENT_REVISED_MECHANISM_DIAGNOSTIC_NOT_PIT_MODEL_INPUT,https://api.bls.gov/publicAPI/v2/timeseries/data/,D:\Programming\python_example\ForecastTest\data-lake\bronze\industrials\v5_4\bls\hii_shipbuilding_labor_current_revised_2026-09-03.json,b639cbded9a0518394883017ea401bd30515e37c434c8ae41820ddcf15148a1a,2026-09-03T12:17:10.664472+00:00
CES3133661101,"Ship building and repairing employment, seasonally adjusted",2024M01,2024-01-01,106.7,,False,CURRENT_REVISED_MECHANISM_DIAGNOSTIC_NOT_PIT_MODEL_INPUT,https://api.bls.gov/publicAPI/v2/timeseries/data/,D:\Programming\python_example\ForecastTest\data-lake\bronze\industrials\v5_4\bls\hii_shipbuilding_labor_current_revised_2026-09-03.json,b639cbded9a0518394883017ea401bd30515e37c434c8ae41820ddcf15148a1a,2026-09-03T12:17:10.664472+00:00
CES3133661101,"Ship building and repairing employment, seasonally adjusted",2024M02,2024-02-01,106.7,,False,CURRENT_REVISED_MECHANISM_DIAGNOSTIC_NOT_PIT_MODEL_INPUT,https://api.bls.gov/publicAPI/v2/timeseries/data/,D:\Programming\python_example\ForecastTest\data-lake\bronze\industrials\v5_4\bls\hii_shipbuilding_labor_current_revised_2026-09-03.json,b639cbded9a0518394883017ea401bd30515e37c434c8ae41820ddcf15148a1a,2026-09-03T12:17:10.664472+00:00
CES3133661101,"Ship building and repairing employment, seasonally adjusted",2024M03,2024-03-01,107.2,,False,CURRENT_REVISED_MECHANISM_DIAGNOSTIC_NOT_PIT_MODEL_INPUT,https://api.bls.gov/publicAPI/v2/timeseries/data/,D:\Programming\python_example\ForecastTest\data-lake\bronze\industrials\v5_4\bls\hii_shipbuilding_labor_current_revised_2026-09-03.json,b639cbded9a0518394883017ea401bd30515e37c434c8ae41820ddcf15148a1a,2026-09-03T12:17:10.664472+00:00
CES3133661101,"Ship building and repairing employment, seasonally adjusted",2024M04,2024-04-01,107.9,,False,CURRENT_REVISED_MECHANISM_DIAGNOSTIC_NOT_PIT_MODEL_INPUT,https://api.bls.gov/publicAPI/v2/timeseries/data/,D:\Programming\python_example\ForecastTest\data-lake\bronze\industrials\v5_4\bls\hii_shipbuilding_labor_current_revised_2026-09-03.json,b639cbded9a0518394883017ea401bd30515e37c434c8ae41820ddcf15148a1a,2026-09-03T12:17:10.664472+00:00
CES3133661101,"Ship building and repairing employment, seasonally adjusted",2024M05,2024-05-01,108.7,,False,CURRENT_REVISED_MECHANISM_DIAGNOSTIC_NOT_PIT_MODEL_INPUT,https://api.bls.gov/publicAPI/v2/timeseries/data/,D:\Programming\python_example\ForecastTest\data-lake\bronze\industrials\v5_4\bls\hii_shipbuilding_labor_current_revised_2026-09-03.json,b639cbded9a0518394883017ea401bd30515e37c434c8ae41820ddcf15148a1a,2026-09-03T12:17:10.664472+00:00
CES3133661101,"Ship building and repairing employment, seasonally adjusted",2024M06,2024-06-01,109.3,,False,CURRENT_REVISED_MECHANISM_DIAGNOSTIC_NOT_PIT_MODEL_INPUT,https://api.bls.gov/publicAPI/v2/timeseries/data/,D:\Programming\python_example\ForecastTest\data-lake\bronze\industrials\v5_4\bls\hii_shipbuilding_labor_current_revised_2026-09-03.json,b639cbded9a0518394883017ea401bd30515e37c434c8ae41820ddcf15148a1a,2026-09-03T12:17:10.664472+00:00
CES3133661101,"Ship building and repairing employment, seasonally adjusted",2024M07,2024-07-01,109.9,,False,CURRENT_REVISED_MECHANISM_DIAGNOSTIC_NOT_PIT_MODEL_INPUT,https://api.bls.gov/publicAPI/v2/timeseries/data/,D:\Programming\python_example\ForecastTest\data-lake\bronze\industrials\v5_4\bls\hii_shipbuilding_labor_current_revised_2026-09-03.json,b639cbded9a0518394883017ea401bd30515e37c434c8ae41820ddcf15148a1a,2026-09-03T12:17:10.664472+00:00
CES3133661101,"Ship building and repairing employment, seasonally adjusted",2024M08,2024-08-01,108.6,,False,CURRENT_REVISED_MECHANISM_DIAGNOSTIC_NOT_PIT_MODEL_INPUT,https://api.bls.gov/publicAPI/v2/timeseries/data/,D:\Programming\python_example\ForecastTest\data-lake\bronze\industrials\v5_4\bls\hii_shipbuilding_labor_current_revised_2026-09-03.json,b639cbded9a0518394883017ea401bd30515e37c434c8ae41820ddcf15148a1a,2026-09-03T12:17:10.664472+00:00
CES3133661101,"Ship building and repairing employment, seasonally adjusted",2024M09,2024-09-01,109.5,,False,CURRENT_REVISED_MECHANISM_DIAGNOSTIC_NOT_PIT_MODEL_INPUT,https://api.bls.gov/publicAPI/v2/timeseries/data/,D:\Programming\python_example\ForecastTest\data-lake\bronze\industrials\v5_4\bls\hii_shipbuilding_labor_current_revised_2026-09-03.json,b639cbded9a0518394883017ea401bd30515e37c434c8ae41820ddcf15148a1a,2026-09-03T12:17:10.664472+00:00
CES3133661101,"Ship building and repairing employment, seasonally adjusted",2024M10,2024-10-01,109.6,,False,CURRENT_REVISED_MECHANISM_DIAGNOSTIC_NOT_PIT_MODEL_INPUT,https://api.bls.gov/publicAPI/v2/timeseries/data/,D:\Programming\python_example\ForecastTest\data-lake\bronze\industrials\v5_4\bls\hii_shipbuilding_labor_current_revised_2026-09-03.json,b639cbded9a0518394883017ea401bd30515e37c434c8ae41820ddcf15148a1a,2026-09-03T12:17:10.664472+00:00
CES3133661101,"Ship building and repairing employment, seasonally adjusted",2024M11,2024-11-01,109.5,,False,CURRENT_REVISED_MECHANISM_DIAGNOSTIC_NOT_PIT_MODEL_INPUT,https://api.bls.gov/publicAPI/v2/timeseries/data/,D:\Programming\python_example\ForecastTest\data-lake\bronze\industrials\v5_4\bls\hii_shipbuilding_labor_current_revised_2026-09-03.json,b639cbded9a0518394883017ea401bd30515e37c434c8ae41820ddcf15148a1a,2026-09-03T12:17:10.664472+00:00
CES3133661101,"Ship building and repairing employment, seasonally adjusted",2024M12,2024-12-01,109.8,,False,CURRENT_REVISED_MECHANISM_DIAGNOSTIC_NOT_PIT_MODEL_INPUT,https://api.bls.gov/publicAPI/v2/timeseries/data/,D:\Programming\python_example\ForecastTest\data-lake\bronze\industrials\v5_4\bls\hii_shipbuilding_labor_current_revised_2026-09-03.json,b639cbded9a0518394883017ea401bd30515e37c434c8ae41820ddcf15148a1a,2026-09-03T12:17:10.664472+00:00
CES3133661101,"Ship building and repairing employment, seasonally adjusted",2025M01,2025-01-01,109.8,,False,CURRENT_REVISED_MECHANISM_DIAGNOSTIC_NOT_PIT_MODEL_INPUT,https://api.bls.gov/publicAPI/v2/timeseries/data/,D:\Programming\python_example\ForecastTest\data-lake\bronze\industrials\v5_4\bls\hii_shipbuilding_labor_current_revised_2026-09-03.json,b639cbded9a0518394883017ea401bd30515e37c434c8ae41820ddcf15148a1a,2026-09-03T12:17:10.664472+00:00
CES3133661101,"Ship building and repairing employment, seasonally adjusted",2025M02,2025-02-01,109.7,,False,CURRENT_REVISED_MECHANISM_DIAGNOSTIC_NOT_PIT_MODEL_INPUT,https://api.bls.gov/publicAPI/v2/timeseries/data/,D:\Programming\python_example\ForecastTest\data-lake\bronze\industrials\v5_4\bls\hii_shipbuilding_labor_current_revised_2026-09-03.json,b639cbded9a0518394883017ea401bd30515e37c434c8ae41820ddcf15148a1a,2026-09-03T12:17:10.664472+00:00
CES3133661101,"Ship building and repairing employment, seasonally adjusted",2025M03,2025-03-01,108.1,,False,CURRENT_REVISED_MECHANISM_DIAGNOSTIC_NOT_PIT_MODEL_INPUT,https://api.bls.gov/publicAPI/v2/timeseries/data/,D:\Programming\python_example\ForecastTest\data-lake\bronze\industrials\v5_4\bls\hii_shipbuilding_labor_current_revised_2026-09-03.json,b639cbded9a0518394883017ea401bd30515e37c434c8ae41820ddcf15148a1a,2026-09-03T12:17:10.664472+00:00
CES3133661101,"Ship building and repairing employment, seasonally adjusted",2025M04,2025-04-01,109.1,,False,CURRENT_REVISED_MECHANISM_DIAGNOSTIC_NOT_PIT_MODEL_INPUT,https://api.bls.gov/publicAPI/v2/timeseries/data/,D:\Programming\python_example\ForecastTest\data-lake\bronze\industrials\v5_4\bls\hii_shipbuilding_labor_current_revised_2026-09-03.json,b639cbded9a0518394883017ea401bd30515e37c434c8ae41820ddcf15148a1a,2026-09-03T12:17:10.664472+00:00
CES3133661101,"Ship building and repairing employment, seasonally adjusted",2025M05,2025-05-01,108.8,,False,CURRENT_REVISED_MECHANISM_DIAGNOSTIC_NOT_PIT_MODEL_INPUT,https://api.bls.gov/publicAPI/v2/timeseries/data/,D:\Programming\python_example\ForecastTest\data-lake\bronze\industrials\v5_4\bls\hii_shipbuilding_labor_current_revised_2026-09-03.json,b639cbded9a0518394883017ea401bd30515e37c434c8ae41820ddcf15148a1a,2026-09-03T12:17:10.664472+00:00
CES3133661101,"Ship building and repairing employment, seasonally adjusted",2025M06,2025-06-01,108.5,,False,CURRENT_REVISED_MECHANISM_DIAGNOSTIC_NOT_PIT_MODEL_INPUT,https://api.bls.gov/publicAPI/v2/timeseries/data/,D:\Programming\python_example\ForecastTest\data-lake\bronze\industrials\v5_4\bls\hii_shipbuilding_labor_current_revised_2026-09-03.json,b639cbded9a0518394883017ea401bd30515e37c434c8ae41820ddcf15148a1a,2026-09-03T12:17:10.664472+00:00
CES3133661101,"Ship building and repairing employment, seasonally adjusted",2025M07,2025-07-01,108.8,,False,CURRENT_REVISED_MECHANISM_DIAGNOSTIC_NOT_PIT_MODEL_INPUT,https://api.bls.gov/publicAPI/v2/timeseries/data/,D:\Programming\python_example\ForecastTest\data-lake\bronze\industrials\v5_4\bls\hii_shipbuilding_labor_current_revised_2026-09-03.json,b639cbded9a0518394883017ea401bd30515e37c434c8ae41820ddcf15148a1a,2026-09-03T12:17:10.664472+00:00
CES3133661101,"Ship building and repairing employment, seasonally adjusted",2025M08,2025-08-01,108.7,,False,CURRENT_REVISED_MECHANISM_DIAGNOSTIC_NOT_PIT_MODEL_INPUT,https://api.bls.gov/publicAPI/v2/timeseries/data/,D:\Programming\python_example\ForecastTest\data-lake\bronze\industrials\v5_4\bls\hii_shipbuilding_labor_current_revised_2026-09-03.json,b639cbded9a0518394883017ea401bd30515e37c434c8ae41820ddcf15148a1a,2026-09-03T12:17:10.664472+00:00
CES3133661101,"Ship building and repairing employment, seasonally adjusted",2025M09,2025-09-01,108.5,,False,CURRENT_REVISED_MECHANISM_DIAGNOSTIC_NOT_PIT_MODEL_INPUT,https://api.bls.gov/publicAPI/v2/timeseries/data/,D:\Programming\python_example\ForecastTest\data-lake\bronze\industrials\v5_4\bls\hii_shipbuilding_labor_current_revised_2026-09-03.json,b639cbded9a0518394883017ea401bd30515e37c434c8ae41820ddcf15148a1a,2026-09-03T12:17:10.664472+00:00
CES3133661101,"Ship building and repairing employment, seasonally adjusted",2025M10,2025-10-01,108.4,,False,CURRENT_REVISED_MECHANISM_DIAGNOSTIC_NOT_PIT_MODEL_INPUT,https://api.bls.gov/publicAPI/v2/timeseries/data/,D:\Programming\python_example\ForecastTest\data-lake\bronze\industrials\v5_4\bls\hii_shipbuilding_labor_current_revised_2026-09-03.json,b639cbded9a0518394883017ea401bd30515e37c434c8ae41820ddcf15148a1a,2026-09-03T12:17:10.664472+00:00
CES3133661101,"Ship building and repairing employment, seasonally adjusted",2025M11,2025-11-01,108.4,,False,CURRENT_REVISED_MECHANISM_DIAGNOSTIC_NOT_PIT_MODEL_INPUT,https://api.bls.gov/publicAPI/v2/timeseries/data/,D:\Programming\python_example\ForecastTest\data-lake\bronze\industrials\v5_4\bls\hii_shipbuilding_labor_current_revised_2026-09-03.json,b639cbded9a0518394883017ea401bd30515e37c434c8ae41820ddcf15148a1a,2026-09-03T12:17:10.664472+00:00
CES3133661101,"Ship building and repairing employment, seasonally adjusted",2025M12,2025-12-01,108.3,,False,CURRENT_REVISED_MECHANISM_DIAGNOSTIC_NOT_PIT_MODEL_INPUT,https://api.bls.gov/publicAPI/v2/timeseries/data/,D:\Programming\python_example\ForecastTest\data-lake\bronze\industrials\v5_4\bls\hii_shipbuilding_labor_current_revised_2026-09-03.json,b639cbded9a0518394883017ea401bd30515e37c434c8ae41820ddcf15148a1a,2026-09-03T12:17:10.664472+00:00
CES3133661101,"Ship building and repairing employment, seasonally adjusted",2026M01,2026-01-01,108.3,,False,CURRENT_REVISED_MECHANISM_DIAGNOSTIC_NOT_PIT_MODEL_INPUT,https://api.bls.gov/publicAPI/v2/timeseries/data/,D:\Programming\python_example\ForecastTest\data-lake\bronze\industrials\v5_4\bls\hii_shipbuilding_labor_current_revised_2026-09-03.json,b639cbded9a0518394883017ea401bd30515e37c434c8ae41820ddcf15148a1a,2026-09-03T12:17:10.664472+00:00
CES3133661101,"Ship building and repairing employment, seasonally adjusted",2026M02,2026-02-01,108.2,,False,CURRENT_REVISED_MECHANISM_DIAGNOSTIC_NOT_PIT_MODEL_INPUT,https://api.bls.gov/publicAPI/v2/timeseries/data/,D:\Programming\python_example\ForecastTest\data-lake\bronze\industrials\v5_4\bls\hii_shipbuilding_labor_current_revised_2026-09-03.json,b639cbded9a0518394883017ea401bd30515e37c434c8ae41820ddcf15148a1a,2026-09-03T12:17:10.664472+00:00
CES3133661101,"Ship building and repairing employment, seasonally adjusted",2026M03,2026-03-01,108.0,,False,CURRENT_REVISED_MECHANISM_DIAGNOSTIC_NOT_PIT_MODEL_INPUT,https://api.bls.gov/publicAPI/v2/timeseries/data/,D:\Programming\python_example\ForecastTest\data-lake\bronze\industrials\v5_4\bls\hii_shipbuilding_labor_current_revised_2026-09-03.json,b639cbded9a0518394883017ea401bd30515e37c434c8ae41820ddcf15148a1a,2026-09-03T12:17:10.664472+00:00
CES3133661101,"Ship building and repairing employment, seasonally adjusted",2026M04,2026-04-01,107.7,,False,CURRENT_REVISED_MECHANISM_DIAGNOSTIC_NOT_PIT_MODEL_INPUT,https://api.bls.gov/publicAPI/v2/timeseries/data/,D:\Programming\python_example\ForecastTest\data-lake\bronze\industrials\v5_4\bls\hii_shipbuilding_labor_current_revised_2026-09-03.json,b639cbded9a0518394883017ea401bd30515e37c434c8ae41820ddcf15148a1a,2026-09-03T12:17:10.664472+00:00
CES3133661101,"Ship building and repairing employment, seasonally adjusted",2026M05,2026-05-01,107.8,,False,CURRENT_REVISED_MECHANISM_DIAGNOSTIC_NOT_PIT_MODEL_INPUT,https://api.bls.gov/publicAPI/v2/timeseries/data/,D:\Programming\python_example\ForecastTest\data-lake\bronze\industrials\v5_4\bls\hii_shipbuilding_labor_current_revised_2026-09-03.json,b639cbded9a0518394883017ea401bd30515e37c434c8ae41820ddcf15148a1a,2026-09-03T12:17:10.664472+00:00
CES3133661101,"Ship building and repairing employment, seasonally adjusted",2026M06,2026-06-01,107.8,preliminary,False,CURRENT_REVISED_MECHANISM_DIAGNOSTIC_NOT_PIT_MODEL_INPUT,https://api.bls.gov/publicAPI/v2/timeseries/data/,D:\Programming\python_example\ForecastTest\data-lake\bronze\industrials\v5_4\bls\hii_shipbuilding_labor_current_revised_2026-09-03.json,b639cbded9a0518394883017ea401bd30515e37c434c8ae41820ddcf15148a1a,2026-09-03T12:17:10.664472+00:00
