ticker,subindustry,scenario,forecast_year,revenue_usd,growth_pct,operating_margin_pct,ebit_usd,nopat_usd,forecast_normalized_roic_pct,reinvestment_rate_pct,reinvestment_usd,fcff_usd,fundamental_growth_reconstructed_pct,reinvestment_plausibility_status,wacc_pct,discount_factor,pv_fcff_usd,terminal_reinvestment_rate_pct,terminal_fcff_usd,terminal_value_usd,pv_terminal_value_usd
AR,ep,BEAR,1,6086931227.766898,8.243207786750778,-1.5887948195660953,-96708848.0173114,-76424164.32270946,2.0,412.1603893375389,-314990133.2204398,238565968.89773035,8.243207786750778,OUTSIDE_REFERENCE_RANGE_NOT_CLIPPED,7.690596691205954,1.0769059669120595,221529062.17225158,,,,
AR,ep,BEAR,2,6478467347.542399,6.432405840063083,-1.5887948195660953,-102929553.60503465,-81340076.73182282,2.0,321.6202920031542,-261606192.3004782,180266115.56865537,6.432405840063084,OUTSIDE_REFERENCE_RANGE_NOT_CLIPPED,7.690596691205954,1.1597264615707978,155438477.55658945,,,,
AR,ep,BEAR,3,6777876446.707472,4.621603893375389,-1.5887948195660953,-107686549.86187886,-85099292.88493529,2.0,231.08019466876945,-196647611.66025475,111548318.77531946,4.621603893375389,OUTSIDE_REFERENCE_RANGE_NOT_CLIPPED,7.690596691205954,1.2489163464514015,89316085.17437248,,,,
AR,ep,BEAR,4,6968389129.815613,2.8108019466876946,-1.5887948195660953,-110713405.50171736,-87491265.46596251,2.0,140.54009733438474,-122960309.64494865,35469044.17898613,2.810801946687695,WITHIN_REFERENCE_RANGE,7.690596691205954,1.3449654656675232,26371713.686627932,,,,
AR,ep,BEAR,5,7038073021.113769,1.0,-1.5887948195660953,-111820539.55673452,-88366178.12062213,2.0,50.0,-44183089.060311064,-44183089.060311064,1.0,WITHIN_REFERENCE_RANGE,7.690596691205954,1.4484013352680125,-30504728.20237729,50.0,-44624919.95091418,-666979673.2714239,-460493688.47620255
AR,ep,BASE,1,6598990731.099745,17.34910386876914,19.72517788473904,1301662660.306866,1028638879.3114349,8.61795092682996,201.3135606836283,2070789554.5180197,-1042150675.2065848,17.34910386876914,OUTSIDE_REFERENCE_RANGE_NOT_CLIPPED,6.190596691205954,1.0619059669120596,-981396383.1817222,,,,
AR,ep,BASE,2,7490635001.92695,13.511827901576856,19.72517788473904,1477541078.8266165,1167626794.4127047,8.61795092682996,156.78701371472147,1830687182.29261,-663060387.8799052,13.511827901576856,OUTSIDE_REFERENCE_RANGE_NOT_CLIPPED,6.190596691205954,1.1276442825634363,-588004921.5277287,,,,
AR,ep,BASE,3,8215320375.403563,9.67455193438457,19.72517788473904,1620486557.8495638,1280589455.0379517,8.61795092682996,112.26046674581463,1437595699.3232884,-157006244.28533673,9.674551934384573,WITHIN_REFERENCE_RANGE,6.190596691205954,1.1974521922083816,-131116920.83153695,,,,
AR,ep,BASE,4,8694871297.304846,5.837275967192285,19.72517788473904,1715078830.242498,1355340995.5352807,8.61795092682996,67.73391977690777,918025582.6194102,437315412.91587055,5.8372759671922845,WITHIN_REFERENCE_RANGE,6.190596691205954,1.271581627998007,343914541.7698312,,,,
AR,ep,BASE,5,8868768723.250942,2.0,19.72517788473904,1749380406.8473477,1382447815.4459863,8.61795092682996,23.207372808000926,320829818.40661466,1061617997.0393716,2.0,WITHIN_REFERENCE_RANGE,6.190596691205954,1.3503001181868344,786208919.5881125,23.207372808000926,1082850356.980159,25840004103.772163,19136489552.01884
AR,ep,BULL,1,6748060800.0,20.0,35.25360462322965,2378934674.1671476,1879953056.8185112,22.642903374365822,88.32789536452349,1660522968.9288151,219430087.88969612,20.0,WITHIN_REFERENCE_RANGE,5.190596691205954,1.0519059669120596,208602379.67263162,,,,
AR,ep,BULL,2,7802445300.0,15.625,35.25360462322965,2750643217.005764,2173695721.9464035,22.642903374365822,69.00616825353397,1499984127.2062051,673711594.7401984,15.625,WITHIN_REFERENCE_RANGE,5.190596691205954,1.1065061632251951,608863842.9057581,,,,
AR,ep,BULL,3,8680220396.25,11.25,35.25360462322965,3060090578.918913,2418236490.6653743,22.642903374365822,49.68444114254446,1201487285.8921704,1216749204.7732038,11.25,WITHIN_REFERENCE_RANGE,5.190596691205954,1.1639404355215521,1045370680.1826062,,,,
AR,ep,BULL,4,9276985548.492188,6.875,35.25360462322965,3270471806.219588,2584490249.398618,22.642903374365822,30.362714031554944,784721383.5983236,1799768865.8002946,6.874999999999999,WITHIN_REFERENCE_RANGE,5.190596691205954,1.2243558892553421,1469971992.2896936,,,,
AR,ep,BULL,5,9508910187.20449,2.5,35.25360462322965,3352233601.3750777,2649102505.633584,22.642903374365822,11.040986920565436,292487061.15937525,2356615444.474209,2.5,WITHIN_REFERENCE_RANGE,5.190596691205954,1.287907265531615,1829802119.7212973,11.040986920565436,2415530830.5860634,89776771021.87312,69707480829.23158
BKR,services,BEAR,1,28402140130.567337,1.82533298880485,6.8526069464187955,1946287027.5188577,1432980558.7226756,5.2917161878160766,34.49415887056816,494294590.5101549,938685968.2125206,1.8253329888048504,WITHIN_REFERENCE_RANGE,8.161159741478016,1.0816115974147802,867858638.4022933,,,,
BKR,services,BEAR,2,28861970705.89113,1.6189997416036375,6.8526069464187955,1977797409.4652534,1456180510.2656262,5.2917161878160766,30.59498438958814,445518199.7999933,1010662310.4656329,1.6189997416036375,WITHIN_REFERENCE_RANGE,8.161159741478016,1.1698836476621526,863899852.3359985,,,,
BKR,services,BEAR,3,29269694095.677494,1.412666494402425,6.8526069464187955,2005737090.795928,1476751484.4321668,5.2917161878160766,26.695809908608137,394230769.1065601,1082520715.3256068,1.412666494402425,WITHIN_REFERENCE_RANGE,8.161159741478016,1.2653597209372907,855504326.0929395,,,,
BKR,services,BEAR,4,29622784146.90774,1.2063332472012125,6.8526069464187955,2029932964.1736457,1494566028.5674095,5.2917161878160766,22.796635427628132,340710768.7576929,1153855259.8097167,1.2063332472012125,WITHIN_REFERENCE_RANGE,8.161159741478016,1.3686277490673036,843074576.4113356,,,,
BKR,services,BEAR,5,29919011988.37682,1.0,6.8526069464187955,2050232293.815382,1509511688.8530836,5.2917161878160766,18.897460946648124,285259381.88610005,1224252306.9669836,1.0,WITHIN_REFERENCE_RANGE,8.161159741478016,1.480323645934881,827016652.965657,18.897460946648124,1236494830.0366535,17266684094.1248,11664127734.188986
BKR,services,BASE,1,28643659328.541767,2.6912104418376295,10.40239770162312,2979627359.652985,2193791572.4917583,9.859350124556926,27.29602263677162,598817844.2309384,1594973728.26082,2.6912104418376295,WITHIN_REFERENCE_RANGE,6.661159741478017,1.0666115974147803,1495365072.0905972,,,,
BKR,services,BASE,2,29365023488.26506,2.518407831378222,10.40239770162312,3054666528.4243736,2249040191.257506,9.859350124556926,25.543345145087827,574480098.5046481,1674560092.7528577,2.518407831378222,WITHIN_REFERENCE_RANGE,6.661159741478017,1.1376602997397094,1471933311.84712,,,,
BKR,services,BASE,3,30053811012.329845,2.3456052209188147,10.40239770162312,3126316945.996756,2301793795.4042053,9.859350124556926,23.790667653404032,547612111.9312893,1754181683.4729161,2.3456052209188147,WITHIN_REFERENCE_RANGE,6.661159741478017,1.213441669620749,1445625057.544934,,,,
BKR,services,BASE,4,30706821002.548283,2.1728026104594074,10.40239770162312,3194245642.210608,2351807231.0781403,9.859350124556926,22.037990161720238,518291046.2076257,1833516184.8705146,2.1728026104594074,WITHIN_REFERENCE_RANGE,6.661159741478017,1.2942709576038454,1416640135.5903122,,,,
BKR,services,BASE,5,31320957422.599247,2.0,10.40239770162312,3258130555.05482,2398843375.6997027,9.859350124556926,20.285312670036447,486612879.22514176,1912230496.474561,2.0000000000000004,WITHIN_REFERENCE_RANGE,6.661159741478017,1.3804844135773948,1385188038.1026516,20.285312670036447,1950475106.4040518,41845274879.714195,30312022698.812023
BKR,services,BULL,1,29311681989.000156,5.086157777937681,12.99263808708379,3808360758.0677137,2803957920.7751303,13.42459521122954,37.88686137577661,1062331650.4791818,1741626270.2959485,5.086157777937681,WITHIN_REFERENCE_RANGE,5.661159741478017,1.0566115974147803,1648312657.704306,,,,
BKR,services,BULL,2,30613008796.427322,4.439618333453261,12.99263808708379,3977437440.4869275,2928442950.6881776,13.42459521122954,33.07077989017921,968458922.4315566,1959984028.256621,4.43961833345326,WITHIN_REFERENCE_RANGE,5.661159741478017,1.1164280677914138,1755584694.438918,,,,
BKR,services,BULL,3,31774184370.362785,3.7930788889688407,12.99263808708379,4128304780.3639803,3039521102.0262275,13.42459521122954,28.254698404581823,858807520.3211324,2180713581.7050953,3.793078888968841,WITHIN_REFERENCE_RANGE,5.661159741478017,1.1796308441077823,1848640693.4827864,,,,
BKR,services,BULL,4,32773971614.739452,3.1465394444844206,12.99263808708379,4258203518.666669,3135160832.42491,13.42459521122954,23.43861691898443,734838337.306118,2400322495.118792,3.1465394444844206,WITHIN_REFERENCE_RANGE,5.661159741478017,1.2464116305524695,1925786342.3938477,,,,
BKR,services,BULL,5,33593320905.107937,2.5,12.99263808708379,4364658606.633335,3213539853.2355328,13.42459521122954,18.622535433387032,598442597.8348007,2615097255.400732,2.5,WITHIN_REFERENCE_RANGE,5.661159741478017,1.3169729839944058,1985687851.7500708,18.622535433387032,2680474686.78575,84794028331.27565,64385548801.53551
CNX,ep,BEAR,1,2501890000.0,-15.0,-20.0,-500378000.0,-406636476.15223914,2.0,-750.0,3049773571.1417937,-3456410047.294033,-15.0,OUTSIDE_REFERENCE_RANGE_NOT_CLIPPED,8.086456160827698,1.080864561608277,-3197819754.72584,,,,
CNX,ep,BEAR,2,2226682100.0,-11.0,-20.0,-445336420.0,-361906463.77549285,2.0,-550.0,1990485550.7652106,-2352392014.5407033,-11.0,OUTSIDE_REFERENCE_RANGE_NOT_CLIPPED,8.086456160827698,1.1682682005406528,-2013571895.0940032,,,,
CNX,ep,BEAR,3,2070814352.9999998,-7.0,-20.0,-414162870.5999999,-336573011.31120825,2.0,-350.0,1178005539.5892289,-1514578550.900437,-7.0,OUTSIDE_REFERENCE_RANGE_NOT_CLIPPED,8.086456160827698,1.2627396964182636,-1199438455.2861605,,,,
CNX,ep,BEAR,4,2008689922.4099996,-3.0,-20.0,-401737984.4819999,-326475820.971872,2.0,-150.0,489713731.45780796,-816189552.4296799,-3.0,OUTSIDE_REFERENCE_RANGE_NOT_CLIPPED,8.086456160827698,1.3648505883944952,-598006521.2777482,,,,
CNX,ep,BEAR,5,2028776821.6340997,1.0,-20.0,-405755364.3268199,-329740579.18159074,2.0,50.0,-164870289.59079537,-164870289.59079537,1.0,WITHIN_REFERENCE_RANGE,8.086456160827698,1.475218632885815,-111759901.83114551,50.0,-166518992.4867033,-2349820399.753293,-1592862472.9722853
CNX,ep,BASE,1,2622643952.046694,-10.897467145250591,37.879881803963315,993454429.1740799,807339268.1076747,5.201469322402524,-209.50747701838074,-1691436131.5910497,2498775399.6987243,-10.897467145250591,OUTSIDE_REFERENCE_RANGE_NOT_CLIPPED,6.586456160827697,1.065864561608277,2344364837.4314427,,,,
CNX,ep,BASE,2,2421405849.5485344,-7.673100358937944,37.879881803963315,917225673.8032385,745391315.8286576,5.201469322402524,-147.51793932322553,-1099585909.0047114,1844977224.833369,-7.673100358937945,OUTSIDE_REFERENCE_RANGE_NOT_CLIPPED,6.586456160827697,1.1360672636924043,1624003510.8809416,,,,
CNX,ep,BASE,3,2313683954.590156,-4.4487335726252955,37.879881803963315,876420747.3160154,712230842.1139548,5.201469322402524,-85.52840162807026,-609159655.1622102,1321390497.276165,-4.4487335726252955,OUTSIDE_REFERENCE_RANGE_NOT_CLIPPED,6.586456160827697,1.2108938359730193,1091252146.1589205,,,,
CNX,ep,BASE,4,2285355976.7099094,-1.2243667863126477,37.879881803963315,865690142.7775251,703510524.2412367,5.201469322402524,-23.538863932915035,-165598385.05488196,869108909.2961186,-1.2243667863126477,WITHIN_REFERENCE_RANGE,6.586456160827697,1.290648827633547,673389144.0397946,,,,
CNX,ep,BASE,5,2331063096.2441077,2.0,37.879881803963315,883003945.6330756,717580734.7260615,5.201469322402524,38.45067376224019,275914627.2902041,441666107.43585736,2.0,WITHIN_REFERENCE_RANGE,6.586456160827697,1.3756568468558672,321058342.7439099,38.45067376224019,450499429.5845745,9822386038.096893,7140142587.554774
CNX,ep,BULL,1,3288234283.231784,11.71550870529946,50.0,1644117141.615892,1336105905.6316988,23.69274823535768,49.44765625718301,660673055.4486846,675432850.1830143,11.71550870529946,WITHIN_REFERENCE_RANGE,5.586456160827697,1.055864561608277,639696486.407504,,,,
CNX,ep,BULL,2,3597710777.7789783,9.411631528974596,50.0,1798855388.8894892,1461855270.3066235,23.69274823535768,39.72368015513381,580702711.9075699,881152558.3990536,9.411631528974596,WITHIN_REFERENCE_RANGE,5.586456160827697,1.1148499724602388,790377701.1847932,,,,
CNX,ep,BULL,3,3853427222.182312,7.10775435264973,50.0,1926713611.091156,1565760351.9112818,23.69274823535768,29.999704053084606,469723471.7539206,1096036880.1573613,7.10775435264973,WITHIN_REFERENCE_RANGE,5.586456160827697,1.1771305774307297,931109004.533407,,,,
CNX,ep,BULL,4,4038541133.0150175,4.803877176324865,50.0,2019270566.5075088,1640977556.092692,23.69274823535768,20.275727951035407,332720145.0109036,1308257411.0817883,4.803877176324865,WITHIN_REFERENCE_RANGE,5.586456160827697,1.2428904610945952,1052592687.797785,,,,
CNX,ep,BULL,5,4139504661.3403926,2.5,50.0,2069752330.6701963,1682001994.995009,23.69274823535768,10.551751848986203,177480676.60687068,1504521318.3881383,2.5,WITHIN_REFERENCE_RANGE,5.586456160827697,1.3123239918307539,1146455698.252731,10.551751848986203,1542134351.3478415,49964563596.273026,38073344621.681496
COP,ep,BEAR,1,53564020529.13271,5.347665511127381,19.924242134825278,10672225147.371922,6936946345.791749,9.310127488670773,57.439229673651646,3984528543.897308,2952417801.894441,5.347665511127381,WITHIN_REFERENCE_RANGE,7.893861867479845,1.0789386186747985,2736409421.9935656,,,,
COP,ep,BEAR,2,55846249069.612755,4.260749133345536,19.924242134825278,11126941887.847254,7232512227.100716,9.310127488670773,45.764670124338465,3309935362.4350877,3922576864.665628,4.260749133345536,WITHIN_REFERENCE_RANGE,7.893861867479845,1.1641085428678821,3369597181.206162,,,,
COP,ep,BEAR,3,57618715615.33781,3.1738327555636907,19.924242134825278,11480092414.176287,7462060069.214586,9.310127488670773,34.09011057502528,2543824528.77006,4918235540.444527,3.1738327555636903,WITHIN_REFERENCE_RANGE,7.893861867479845,1.256001663229405,3915787442.350086,,,,
COP,ep,BEAR,4,58821170028.18184,2.0869163777818454,19.924242134825278,11719672342.952225,7617787022.918946,9.310127488670773,22.415551025712098,1707568937.1524708,5910218085.766476,2.0869163777818454,WITHIN_REFERENCE_RANGE,7.893861867479845,1.3551486995779838,4361305949.381804,,,,
COP,ep,BEAR,5,59409381728.46366,1.0,19.924242134825278,11836869066.381746,7693964893.148135,9.310127488670773,10.740991476398914,826408113.3701661,6867556779.777969,1.0,WITHIN_REFERENCE_RANGE,7.893861867479845,1.4621222660216193,4696978453.426018,10.740991476398914,6936232347.57575,100614611677.90115,68814088955.54938
COP,ep,BASE,1,55162886985.49829,8.492254863798395,32.23259549982627,17780430228.061974,11557279648.240284,16.86619375506222,50.350748883395994,5819176853.437297,5738102794.802987,8.492254863798395,WITHIN_REFERENCE_RANGE,6.393861867479845,1.0639386186747983,5393264887.733985,,,,
COP,ep,BASE,2,58952131135.20398,6.869191147848797,32.23259549982627,19001801967.337437,12351171278.769335,16.86619375506222,40.727571659652476,5030332133.367196,7320839145.402139,6.869191147848796,WITHIN_REFERENCE_RANGE,6.393861867479845,1.1319653843076378,6467370157.153614,,,,
COP,ep,BASE,3,62044835058.377106,5.246127431899198,32.23259549982627,19998660712.90109,12999129463.385708,16.86619375506222,31.10439443590896,4043300501.5259466,8955828961.85976,5.246127431899198,WITHIN_REFERENCE_RANGE,6.393861867479845,1.2043416873679555,7436285778.193392,,,,
COP,ep,BASE,4,64292758964.99795,3.623063715949599,32.23259549982627,20723224932.866077,13470096206.362951,16.86619375506222,21.481217212165443,2893540624.7764826,10576555581.586468,3.623063715949599,WITHIN_REFERENCE_RANGE,6.393861867479845,1.2813456312707385,8254256559.252843,,,,
COP,ep,BASE,5,65578614144.297905,2.0,32.23259549982627,21137689431.5234,13739498130.49021,16.86619375506222,11.858039988421929,1629235182.5220122,12110262947.968197,2.0000000000000004,WITHIN_REFERENCE_RANGE,6.393861867479845,1.363273100979177,8883225920.9618,11.858039988421929,12352468206.92756,281130098748.7001,206217007103.5489
COP,ep,BULL,1,61014000000.0,20.0,42.57754190447099,25978261417.59393,16885869921.436054,25.53484618354082,78.32434100539655,13225746338.993261,3660123582.442793,20.0,WITHIN_REFERENCE_RANGE,5.393861867479845,1.0539386186747985,3472805263.59776,,,,
COP,ep,BULL,2,70547437500.0,15.625,42.57754190447099,30037364764.092983,19524287096.66044,25.53484618354082,61.19089141046605,11947085315.985125,7577201780.675314,15.624999999999998,WITHIN_REFERENCE_RANGE,5.393861867479845,1.1107866119341425,6821473808.980837,,,,
COP,ep,BULL,3,78484024218.75,11.25,42.57754190447099,33416568300.053444,21720769395.03474,25.53484618354082,44.05744181553556,9569615338.104086,12151154056.930655,11.25,WITHIN_REFERENCE_RANGE,5.393861867479845,1.1707009074243295,10379383820.300035,,,,
COP,ep,BULL,4,83879800883.78906,6.875,42.57754190447099,35713957370.68211,23214072290.943375,25.53484618354082,26.923992220605065,6250155017.69923,16963917273.244144,6.875,WITHIN_REFERENCE_RANGE,5.393861867479845,1.233846897252131,13748802473.811014,,,,
COP,ep,BULL,5,85976795905.88379,2.5,42.57754190447099,36606806304.94917,23794424098.216965,25.53484618354082,9.790542625674568,2329603233.8697133,21464820864.34725,2.5,WITHIN_REFERENCE_RANGE,5.393861867479845,1.3003988945460971,16506335828.468637,9.790542625674568,22001441385.95592,760279598456.306,584651064873.1986
CVX,integrated,BEAR,1,195039975342.9214,2.637493076242121,11.3882304542092,22211601869.88469,14437541215.425049,8.588957626927053,30.707953057928407,4433473379.151791,10004067836.273258,2.637493076242121,WITHIN_REFERENCE_RANGE,8.403575287693794,1.084035752876938,9228540488.377176,,,,
CVX,integrated,BEAR,2,199385699665.4591,2.228119807181591,11.3882304542092,22706502970.639908,14759226930.915941,8.588957626927053,25.941678885412838,3828791256.387586,10930435674.528355,2.228119807181591,WITHIN_REFERENCE_RANGE,8.403575287693794,1.1751335135154697,9301441537.335974,,,,
CVX,integrated,BEAR,3,203012020175.63312,1.8187465381210606,11.3882304542092,23119476707.34678,15027659859.775406,8.588957626927053,21.17540471289727,3182167794.1850524,11845492065.590353,1.8187465381210606,WITHIN_REFERENCE_RANGE,8.403575287693794,1.2738867430546637,9298701105.237934,,,,
CVX,integrated,BEAR,4,205873217320.96823,1.4093732690605303,11.3882304542092,23445316432.00679,15239455680.804415,8.588957626927053,16.4091305403817,2500662176.3068113,12738793504.497604,1.4093732690605305,WITHIN_REFERENCE_RANGE,8.403575287693794,1.3809387745872128,9224734462.47134,,,,
CVX,integrated,BEAR,5,207931949494.17792,1.0,11.3882304542092,23679769596.32686,15391850237.61246,8.588957626927053,11.642856367866129,1792051015.5222802,13599799222.09018,1.0,WITHIN_REFERENCE_RANGE,8.403575287693794,1.4969870041866054,9084781086.312565,11.642856367866129,13735797214.31108,185529243379.78558,123935106223.98071
CVX,integrated,BASE,1,198222099016.73483,4.312048233278697,13.905561226129684,27563895342.49147,17916531972.619457,12.203955112921747,35.333202993454385,6330484611.272791,11586047361.346666,4.312048233278697,WITHIN_REFERENCE_RANGE,6.903575287693793,1.0690357528769379,10837848341.523518,,,,
CVX,integrated,BASE,2,205623783900.7828,3.7340361749590225,13.905561226129684,28593141165.807945,18585541757.775166,12.203955112921747,30.596934685587,5686606072.588965,12898935685.1862,3.734036174959022,WITHIN_REFERENCE_RANGE,6.903575287693793,1.1428374409291613,11286763299.160881,,,,
CVX,integrated,BASE,3,212113320110.2379,3.1560241166393483,13.905561226129684,29495547596.70558,19172105937.858627,12.203955112921747,25.860666377719614,4958034354.172592,14214071583.686035,3.156024116639348,WITHIN_REFERENCE_RANGE,6.903575287693793,1.221734084079659,11634341522.356394,,,,
CVX,integrated,BASE,4,217581627079.98206,2.578012058319674,13.905561226129684,30255946370.41607,19666365140.770447,12.203955112921747,21.12439806985223,4154401258.207004,15511963882.563442,2.578012058319674,WITHIN_REFERENCE_RANGE,6.903575287693793,1.3060774163895144,11876756835.321678,,,,
CVX,integrated,BASE,5,221933259621.5817,2.0,13.905561226129684,30861065297.82439,20059692443.585854,12.203955112921747,16.388129761984846,3287408427.5099187,16772284016.075935,2.0000000000000004,WITHIN_REFERENCE_RANGE,6.903575287693793,1.3962434541455304,12012435199.805607,16.388129761984846,17107729696.397455,348882778231.8688,249872453973.56378
CVX,integrated,BULL,1,218529908009.4746,14.998793866943101,18.61548348704684,40680398939.7624,26442259310.84556,20.67552878091502,72.5437014253684,19182193644.581474,7260065666.264084,14.998793866943101,WITHIN_REFERENCE_RANGE,5.903575287693793,1.0590357528769379,6855354643.638474,,,,
CVX,integrated,BULL,2,244478357764.5049,11.874095400207326,18.61548348704684,45510828319.05471,29582038407.385563,20.67552878091502,57.430673362840224,16989163851.815544,12592874555.570019,11.874095400207327,WITHIN_REFERENCE_RANGE,5.903575287693793,1.1215567258716226,11228031775.016474,,,,
CVX,integrated,BULL,3,265868739701.7541,8.749396933471552,18.61548348704684,49492751336.39958,32170288368.65973,20.67552878091502,42.31764530031206,13613708523.93697,18556579844.72276,8.749396933471552,WITHIN_REFERENCE_RANGE,5.903575287693793,1.1877686715776472,15623058840.300177,,,,
CVX,integrated,BULL,4,280823054627.2883,5.624698466735776,18.61548348704684,52276569361.96339,33979770085.276203,20.67552878091502,27.204617237783886,9244066389.978382,24735703695.29782,5.624698466735777,WITHIN_REFERENCE_RANGE,5.903575287693793,1.257889489347874,19664448987.58278,,,,
CVX,integrated,BULL,5,287843630992.9705,2.5,18.61548348704684,53583483596.012474,34829264337.40811,20.67552878091502,12.091589175255713,4211411556.4432373,30617852780.964874,2.5,WITHIN_REFERENCE_RANGE,5.903575287693793,1.3321499423875125,22983788691.302116,12.091589175255713,31383299100.48899,922068602800.1395,692165779137.133
DVN,ep,BEAR,1,16894953646.213589,0.9015387375393611,14.511809216636944,2451763440.3777633,1772359113.526094,8.02760602551068,11.230480602490818,199044446.4510262,1573314667.0750678,0.9015387375393611,WITHIN_REFERENCE_RANGE,7.850703001716201,1.078507030017162,1458789440.6678388,,,,
DVN,ep,BEAR,2,17051426944.186575,0.9261540531545208,14.511809216636944,2474470546.8545823,1788773889.292469,8.02760602551068,11.5371139317416,206372881.5889175,1582401007.7035515,0.9261540531545208,WITHIN_REFERENCE_RANGE,7.850703001716201,1.1631774137964395,1360412426.28571,,,,
DVN,ep,BEAR,3,17213546688.51004,0.9507693687696805,14.511809216636944,2497997054.8533034,1805781003.5084121,8.02760602551068,11.84374726099238,213872138.1425483,1591908865.3658638,0.9507693687696804,WITHIN_REFERENCE_RANGE,7.850703001716201,1.2544950179366414,1268963879.9715533,,,,
DVN,ep,BEAR,4,17381444986.549202,0.9753846843848403,14.511809216636944,2522362135.542727,1823394314.8501642,8.02760602551068,12.150380590243163,221549348.91515166,1601844965.9350126,0.9753846843848403,WITHIN_REFERENCE_RANGE,7.850703001716201,1.3529816959661736,1183936908.1716394,,,,
DVN,ep,BEAR,5,17555259436.414696,1.0,14.511809216636944,2547585756.8981547,1841628257.998666,8.02760602551068,12.457013919493944,229411888.44422767,1612216369.5544384,1.0,WITHIN_REFERENCE_RANGE,7.850703001716201,1.4592002705840605,1104862986.976511,12.457013919493944,1628338533.2499828,23768926091.84868,16289008829.702938
DVN,ep,BASE,1,17572412508.35445,4.947518563989792,28.234520734473158,4961486453.218492,3586616713.169994,15.248515535030036,32.445903029865306,1163710180.8080785,2422906532.3619156,4.947518563989792,WITHIN_REFERENCE_RANGE,6.350703001716201,1.063507030017162,2278223334.6617527,,,,
DVN,ep,BASE,2,18312323349.139996,4.210638922992344,28.234520734473158,5170396732.976702,3737636192.5132785,15.248515535030036,27.61343498204365,1032089739.8849859,2705546452.6282926,4.210638922992344,WITHIN_REFERENCE_RANGE,6.350703001716201,1.1310472028959249,2392072095.4006443,,,,
DVN,ep,BASE,3,18948449381.229664,3.473759281994896,28.234520734473158,5350003869.40444,3867472676.6779084,15.248515535030036,22.78096693422199,881047671.6640645,2986425005.013844,3.4737592819948957,WITHIN_REFERENCE_RANGE,6.350703001716201,1.2028766515610636,2482735865.841386,,,,
DVN,ep,BASE,4,19467045634.629246,2.736879640997448,28.234520734473158,5496427036.098746,3973320748.9870453,15.248515535030036,17.948498886400337,713151430.3850533,3260169318.601992,2.736879640997448,WITHIN_REFERENCE_RANGE,6.350703001716201,1.2792677751786954,2548465131.271358,,,,
DVN,ep,BASE,5,19856386547.32183,2.0,28.234520734473158,5606355576.820722,4052787163.966787,15.248515535030036,13.116030838578679,531564814.247842,3521222349.718945,2.0,WITHIN_REFERENCE_RANGE,6.350703001716201,1.360510272176957,2588163001.580742,13.116030838578679,3591646796.713323,82553251630.74895,60678153865.50166
DVN,ep,BULL,1,18690508192.1706,11.625108648892741,37.70490987504891,7047239269.046558,5094389833.045705,24.578644886438344,47.29759798640111,2409524023.094048,2684865809.951657,11.62510864889274,WITHIN_REFERENCE_RANGE,5.350703001716201,1.053507030017162,2548502984.2733173,,,,
DVN,ep,BULL,2,20436917781.64919,9.343831486669556,37.70490987504891,7705721430.808672,5570401034.319522,24.578644886438344,38.01605633606417,2117646795.3516107,3452754238.9679112,9.343831486669556,WITHIN_REFERENCE_RANGE,5.350703001716201,1.1098770622955816,3110933954.9972396,,,,
DVN,ep,BULL,3,21880286202.220604,7.062554324446371,37.70490987504891,8249942192.950042,5963813633.457862,24.578644886438344,28.73451468572723,1713672904.3353522,4250140729.12251,7.062554324446371,WITHIN_REFERENCE_RANGE,5.350703001716201,1.169263287583191,3634887688.9031034,,,,
DVN,ep,BULL,4,22926443329.436447,4.781277162223185,37.70490987504891,8644394794.918175,6248960092.711933,24.578644886438344,19.45297303539029,1215608521.8275523,5033351570.88438,4.781277162223185,WITHIN_REFERENCE_RANGE,5.350703001716201,1.2318270934098703,4086086105.6005487,,,,
DVN,ep,BULL,5,23499604412.672356,2.5,37.70490987504891,8860504664.79113,6405184095.029733,24.578644886438344,10.171431385053351,651498905.3122996,5753685189.717433,2.5000000000000004,WITHIN_REFERENCE_RANGE,5.350703001716201,1.2977385026729058,4433624476.631288,10.171431385053351,5897527319.460368,206879752675.3891,159415592778.7349
EOG,ep,BEAR,1,24022398856.972446,0.5794626401459082,12.901410971034489,3099228401.639107,2401750385.6146502,5.574619459989873,10.394658223845129,249653743.97452533,2152096641.640125,0.5794626401459082,WITHIN_REFERENCE_RANGE,8.044723728886035,1.0804472372888603,1991857230.3820481,,,,
EOG,ep,BEAR,2,24186855474.097122,0.6845969801094312,12.901410971034489,3120445625.6834216,2418192696.2243342,5.574619459989873,12.280604712535387,296968686.21071213,2121224010.013622,0.6845969801094312,WITHIN_REFERENCE_RANGE,8.044723728886035,1.1673662325651308,1817102423.2494001,,,,
EOG,ep,BEAR,3,24377866647.116848,0.7897313200729541,12.901410971034489,3145088762.1152906,2437289921.326135,5.574619459989873,14.16655120122565,345279924.6269793,2092009996.6991558,0.7897313200729542,WITHIN_REFERENCE_RANGE,8.044723728886035,1.2612776208793006,1658643554.811279,,,,
EOG,ep,BEAR,4,24596015804.39138,0.894865660036477,12.901410971034489,3173233081.4251266,2459100391.867613,5.574619459989873,16.05249768991591,394747033.5972616,2064353358.2703512,0.894865660036477,WITHIN_REFERENCE_RANGE,8.044723728886035,1.362743920933307,1514850535.423068,,,,
EOG,ep,BEAR,5,24841975962.435295,1.0,12.901410971034489,3204965412.2393775,2483691395.7862883,5.574619459989873,17.93844417860617,445535594.60196775,2038155801.1843204,1.0,WITHIN_REFERENCE_RANGE,8.044723728886035,1.4723729045045806,1384266034.065679,17.93844417860617,2058537359.1961637,29220980671.752686,19846182025.188023
EOG,ep,BASE,1,24863387651.624504,4.100601455470199,32.77769481204113,8149645324.3842,6315576415.765447,20.580901119557726,19.924304731115285,1258334690.603556,5057241725.161891,4.100601455470199,WITHIN_REFERENCE_RANGE,6.544723728886035,1.0654472372888604,4746590490.985326,,,,
EOG,ep,BASE,2,25752365916.82391,3.575451091602649,32.77769481204113,8441031907.09664,6541386761.663932,20.580901119557726,17.372665418449294,1136413235.83061,5404973525.833322,3.5754510916026487,WITHIN_REFERENCE_RANGE,6.544723728886035,1.1351778154464651,4761345273.213912,,,,
EOG,ep,BASE,3,26537890521.793793,3.0503007277350993,32.77769481204113,8698508764.787159,6740918729.658933,20.580901119557726,14.821026105783305,999073324.6923867,5741845404.966546,3.0503007277350993,WITHIN_REFERENCE_RANGE,6.544723728886035,1.20947206729904,4747398108.820387,,,,
EOG,ep,BASE,4,27208012160.86764,2.5251503638675494,32.77769481204113,8918159190.512234,6911137063.488933,20.580901119557726,12.269386793117315,847954138.1219469,6063182925.366985,2.5251503638675494,WITHIN_REFERENCE_RANGE,6.544723728886035,1.2886286726818088,4705143579.297122,,,,
EOG,ep,BASE,5,27752172404.084995,2.0,32.77769481204113,9096522374.322477,7049359804.75871,20.580901119557726,9.717747480451328,685038984.8148881,6364320819.943822,2.0,WITHIN_REFERENCE_RANGE,6.544723728886035,1.3729658592000444,4635454536.103308,9.717747480451328,6491607236.342698,142838324694.6865,104036326713.8419
EOG,ep,BULL,1,27500571155.863216,15.142233946839804,41.27820674792696,11351742618.577986,8797045160.385288,30.671852674356515,49.36850117143269,4342969343.056273,4454075817.329015,15.142233946839806,WITHIN_REFERENCE_RANGE,5.544723728886035,1.0554472372888604,4220083827.94222,,,,
EOG,ep,BULL,2,30795600341.440826,11.981675460129853,41.27820674792696,12711871578.205244,9851078561.583712,30.671852674356515,39.06407476372382,3848232694.33023,6002845867.253481,11.981675460129855,WITHIN_REFERENCE_RANGE,5.544723728886035,1.1139688707006878,5388701628.15024,,,,
EOG,ep,BULL,3,33512116270.22622,8.821116973419901,41.27820674792696,13833200639.629648,10720053724.644503,30.671852674356515,28.75964835601495,3083049754.7836423,7637003969.860861,8.821116973419901,WITHIN_REFERENCE_RANGE,5.544723728886035,1.1757353670068327,6495512667.3641,,,,
EOG,ep,BULL,4,35409089211.83662,5.6605584867099505,41.27820674792696,14616237052.419819,11326868635.53473,30.671852674356515,18.455221948306086,2090398746.4810038,9236469889.053726,5.6605584867099505,WITHIN_REFERENCE_RANGE,5.544723728886035,1.240926644890166,7443203776.054985,,,,
EOG,ep,BULL,5,36294316442.13253,2.5,41.27820674792696,14981642978.730312,11610040351.423098,30.671852674356515,8.15079554059722,946310651.2253318,10663729700.197765,2.5000000000000004,WITHIN_REFERENCE_RANGE,5.544723728886035,1.3097325990274604,8141913630.397609,8.15079554059722,10930322942.702711,358992273716.1364,274095852834.92636
EPD,midstream,BEAR,1,52740505686.94676,2.279658076111238,12.391994615918811,6535600625.134797,6440881775.495163,8.45549599257866,26.960666507465454,1736504655.6313705,4704377119.863792,2.2796580761112386,WITHIN_REFERENCE_RANGE,7.640522159772316,1.0764052215977231,4370451782.9085045,,,,
EPD,midstream,BEAR,2,53774084349.11993,1.9597435570834287,12.391994615918811,6663681637.302582,6567106541.109791,8.45549599257866,23.177156713260633,1522068574.559806,5045037966.549985,1.9597435570834287,WITHIN_REFERENCE_RANGE,7.640522159772316,1.1586482010828434,4354244853.472365,,,,
EPD,midstream,BEAR,3,54655887399.22532,1.639829038055619,12.391994615918811,6772954623.79465,6674795861.1309595,8.45549599257866,19.39364691905581,1294486341.8754892,5380309519.25547,1.639829038055619,WITHIN_REFERENCE_RANGE,7.640522159772316,1.2471749736403812,4313997340.365864,,,,
EPD,midstream,BEAR,4,55377298392.51119,1.3199145190278094,12.391994615918811,6862351835.2412815,6762897460.817495,8.45549599257866,15.610137124850992,1055697567.2466769,5707199893.570818,1.3199145190278094,WITHIN_REFERENCE_RANGE,7.640522159772316,1.342465653872509,4251281868.633056,,,,
EPD,midstream,BEAR,5,55931071376.4363,1.0,12.391994615918811,6930975353.593694,6830526435.42567,8.45549599257866,11.826627330646176,807820906.2390643,6022705529.186605,1.0,WITHIN_REFERENCE_RANGE,7.640522159772316,1.4450370396439705,4167855469.414462,11.826627330646176,6082932584.478471,91603226946.94594,63391611726.101654
EPD,midstream,BASE,1,54377969225.2048,5.455190972956087,15.396162965137034,8372120759.044596,8250785675.580182,10.321728417088226,52.85152595106746,4360666132.496217,3890119543.0839653,5.455190972956088,WITHIN_REFERENCE_RANGE,6.140522159772316,1.0614052215977232,3665065390.603793,,,,
EPD,midstream,BASE,2,56874675622.66849,4.591393229717065,15.396162965137034,8756517744.759106,8629611690.487234,10.321728417088226,44.48279439435497,3838692425.3106565,4790919265.176578,4.591393229717065,WITHIN_REFERENCE_RANGE,6.140522159772316,1.126581044434912,4252618388.0358834,,,,
EPD,midstream,BASE,3,58994733464.12811,3.7275954864780436,15.396162965137034,9082925304.985397,8951288706.362421,10.321728417088226,36.11406283764249,3232674028.1945205,5718614678.1679,3.7275954864780436,WITHIN_REFERENCE_RANGE,6.140522159772316,1.1957590031162322,4782414067.77184,,,,
EPD,midstream,BASE,4,60684223309.70369,2.863797743239022,15.396162965137034,9343041914.889654,9207635510.326036,10.321728417088226,27.745331280930014,2554688975.4805098,6652946534.845527,2.8637977432390214,WITHIN_REFERENCE_RANGE,6.140522159772316,1.269184849680057,5241905098.790485,,,,
EPD,midstream,BASE,5,61897907775.897766,2.0,15.396162965137034,9529902753.187447,9391788220.532557,10.321728417088226,19.376599724217535,1819809210.4388063,7571979010.09375,2.0,WITHIN_REFERENCE_RANGE,6.140522159772316,1.3471194266231339,5620866910.868226,19.376599724217535,7723418590.295628,186532478085.33243,138467662479.5763
EPD,midstream,BULL,1,57752800000.00001,12.0,19.84255486431374,11459631025.677387,11293549416.6096,11.138671248283323,107.73277828672269,12166854553.697485,-873305137.0878849,12.0,WITHIN_REFERENCE_RANGE,5.140522159772316,1.0514052215977232,-830607570.8477117,,,,
EPD,midstream,BULL,2,63311507000.00001,9.625,19.84255486431374,12562620511.898836,12380553547.958273,11.138671248283323,86.4106659174755,10698118765.060383,1682434782.89789,9.625,WITHIN_REFERENCE_RANGE,5.140522159772316,1.1054529400029574,1521941569.8450167,,,,
EPD,midstream,BULL,3,67901591257.50001,7.25,19.84255486431374,13473410499.011501,13278143680.185247,11.138671248283323,65.0885535482283,8642551659.488068,4635592020.69718,7.250000000000001,WITHIN_REFERENCE_RANGE,5.140522159772316,1.162278993349664,3988364280.1953254,,,,
EPD,midstream,BULL,4,71211793831.30313,4.875,19.84255486431374,14130239260.83831,13925453184.594278,11.138671248283323,43.7664411789811,6094675276.942005,7830777907.652273,4.875,WITHIN_REFERENCE_RANGE,5.140522159772316,1.2220262025611823,6408027823.986217,,,,
EPD,midstream,BULL,5,72992088677.08571,2.5,19.84255486431374,14483495242.35927,14273589514.209137,11.138671248283323,22.444328809733896,3203611363.5207977,11069978150.68834,2.5000000000000004,WITHIN_REFERENCE_RANGE,5.140522159772316,1.284844730302064,8615810058.298494,22.444328809733896,11346727604.455545,429715295607.8179,334449202672.7563
EQT,ep,BEAR,1,8740632450.0,-15.0,-20.0,-1748126490.0,-1366925376.7737544,2.0,-750.0,10251940325.803158,-11618865702.576912,-15.0,OUTSIDE_REFERENCE_RANGE_NOT_CLIPPED,8.21496233922278,1.0821496233922279,-10736838466.158783,,,,
EQT,ep,BEAR,2,7779162880.5,-11.0,-20.0,-1555832576.1,-1216563585.3286412,2.0,-550.0,6691099719.307527,-7907663304.636168,-11.0,OUTSIDE_REFERENCE_RANGE_NOT_CLIPPED,8.21496233922278,1.1710478074079407,-6752639178.872986,,,,
EQT,ep,BEAR,3,7234621478.865,-7.0,-20.0,-1446924295.7729998,-1131404134.3556361,2.0,-350.0,3959914470.244726,-5091318604.600363,-7.0,OUTSIDE_REFERENCE_RANGE_NOT_CLIPPED,8.21496233922278,1.2672489437607972,-4017615188.9232802,,,,
EQT,ep,BEAR,4,7017582834.499049,-3.0,-20.0,-1403516566.8998098,-1097462010.3249671,2.0,-150.0,1646193015.4874506,-2743655025.812418,-3.0,OUTSIDE_REFERENCE_RANGE_NOT_CLIPPED,8.21496233922278,1.3713529672349452,-2000692083.9238358,,,,
EQT,ep,BEAR,5,7087758662.84404,1.0,-20.0,-1417551732.568808,-1108436630.428217,2.0,50.0,-554218315.2141085,-554218315.2141085,1.0,WITHIN_REFERENCE_RANGE,8.21496233922278,1.4840090970311102,-373460187.22046286,50.0,-559760498.3662496,-7758328762.4831705,-5227952293.55695
EQT,ep,BASE,1,9035801108.475248,-12.129574305530257,18.62872827295765,1683254835.7827497,1316199808.0634193,6.019614264070633,-201.50085659023435,-2652153887.6868105,3968353695.75023,-12.129574305530257,OUTSIDE_REFERENCE_RANGE_NOT_CLIPPED,6.7149623392227795,1.0671496233922277,3718647890.3827276,,,,
EQT,ep,BASE,2,8258976956.853301,-8.597180729147693,18.62872827295765,1538542375.4183884,1203043731.807512,6.019614264070633,-142.81946237754505,-1718180589.9342437,2921224321.7417555,-8.597180729147693,OUTSIDE_REFERENCE_RANGE_NOT_CLIPPED,6.7149623392227795,1.1388083187061735,2565158924.2521744,,,,
EQT,ep,BASE,3,7840677352.992763,-5.0647871527651285,18.62872827295765,1460618478.8483505,1142112127.436779,6.019614264070633,-84.13806816485575,-960951080.3018413,2103063207.7386203,-5.064787152765129,OUTSIDE_REFERENCE_RANGE_NOT_CLIPPED,6.7149623392227795,1.2152788684232292,1730519029.3214364,,,,
EQT,ep,BASE,4,7720527316.890619,-1.5323935763825642,18.62872827295765,1438236055.1030216,1124610474.5608516,6.019614264070633,-25.456673952166437,-286288421.7408677,1410898896.3017192,-1.5323935763825642,WITHIN_REFERENCE_RANGE,6.7149623392227795,1.2968843867543816,1087914166.2216117,,,,
EQT,ep,BASE,5,7874937863.228432,2.0,18.62872827295765,1467000776.2050822,1147102684.0520687,6.019614264070633,33.224720260522865,381121657.8772493,765981026.1748195,2.0,WITHIN_REFERENCE_RANGE,6.7149623392227795,1.3839696849081986,553466621.7964365,33.224720260522865,781300646.6983157,16570665691.194181,11973286605.83584
EQT,ep,BULL,1,11196902766.55889,8.886483970333927,41.5840994652807,4656131183.476615,3640802830.1669397,18.050817701427675,49.230367938573096,1792380629.209167,1848422200.9577727,8.886483970333927,WITHIN_REFERENCE_RANGE,5.7149623392227795,1.0571496233922277,1748496296.1311712,,,,
EQT,ep,BULL,2,12013141635.992981,7.289862977750445,41.5840994652807,4995556766.81637,3906212367.7761693,18.050817701427675,40.385222976208304,1577532574.6506321,2328679793.125537,7.2898629777504445,WITHIN_REFERENCE_RANGE,5.7149623392227795,1.117565326238329,2083707984.180004,,,,
EQT,ep,BULL,3,12697078859.350906,5.693241985166964,41.5840994652807,5279965902.05761,4128602490.3281875,18.050817701427675,31.540078013843516,1302164446.3309965,2826438043.997191,5.693241985166964,WITHIN_REFERENCE_RANGE,5.7149623392227795,1.1814337637490615,2392379607.4931974,,,,
EQT,ep,BULL,4,13217230057.347954,4.096620992583482,41.5840994652807,5496266093.6025505,4297735686.647296,18.050817701427675,22.694933051478724,975368236.8141133,3322367449.833183,4.096620992583482,WITHIN_REFERENCE_RANGE,5.7149623392227795,1.2489522584101826,2660123657.6186614,,,,
EQT,ep,BULL,5,13547660808.78165,2.5,41.5840994652807,5633672745.942614,4405179078.8134775,18.050817701427675,13.849788089113934,610107967.361648,3795071111.4518294,2.4999999999999996,WITHIN_REFERENCE_RANGE,5.7149623392227795,1.3203294096131968,2874336573.752176,13.849788089113934,3889947889.2381244,120995130853.64862,91640108879.41617
ET,midstream,BEAR,1,96831894439.64473,4.924739605410002,9.849966349985792,9537909018.358768,8927952733.432936,7.075914902097157,69.59862680019525,6213732503.83982,2714220229.593116,4.924739605410001,WITHIN_REFERENCE_RANGE,8.587428971306306,1.085874289713063,2499571318.06697,,,,
ET,midstream,BEAR,2,100650513167.84732,3.9435547040575014,9.849966349985792,9914041678.12098,9280031433.428259,7.075914902097157,55.73208212112206,5171954739.344178,4108076694.0840807,3.943554704057501,WITHIN_REFERENCE_RANGE,8.587428971306306,1.1791229730598494,3484010394.1182094,,,,
ET,midstream,BEAR,3,103632153576.19926,2.962369802705001,9.849966349985792,10207732255.021225,9554940282.293673,7.075914902097157,41.865537442048876,4000227101.4490676,5554713180.8446045,2.962369802705001,WITHIN_REFERENCE_RANGE,8.587428971306306,1.280379320855719,4338334031.458903,,,,
ET,midstream,BEAR,4,105685298155.79736,1.9811849013525005,9.849966349985792,10409966305.228195,9744241316.499723,7.075914902097157,27.99899276297568,2728289421.0136433,7015951895.48608,1.9811849013525005,WITHIN_REFERENCE_RANGE,8.587428971306306,1.3903309855974981,5046245799.140381,,,,
ET,midstream,BEAR,5,106742151137.35533,1.0,9.849966349985792,10514065968.280476,9841683729.664719,7.075914902097157,14.132448083902485,1390870843.6767442,8450812885.987974,1.0,WITHIN_REFERENCE_RANGE,8.587428971306306,1.5097246714517463,5597585470.906891,14.132448083902485,8535321014.847854,112492928067.28378,74512214176.84785
ET,midstream,BASE,1,98850810507.8981,7.112389077441145,13.05679824242517,12906750889.018274,12081354692.894415,8.201627340167292,86.71924219975679,10476859237.142792,1604495455.7516232,7.112389077441145,WITHIN_REFERENCE_RANGE,7.087428971306306,1.070874289713063,1498304209.153758,,,,
ET,midstream,BASE,2,104618055247.58194,5.8342918080808595,13.05679824242517,13659768398.825672,12786216180.047148,8.201627340167292,71.13578276725086,9095574965.98942,3690641214.057728,5.8342918080808595,WITHIN_REFERENCE_RANGE,7.087428971306306,1.146771744368457,3218287538.19725,,,,
ET,midstream,BASE,3,109384657367.28795,4.556194538720573,13.05679824242517,14282134020.61485,13368781063.351465,8.201627340167292,55.55232333474491,7426668482.227155,5942112581.1243105,4.556194538720573,WITHIN_REFERENCE_RANGE,7.087428971306306,1.2280483772135817,4838663273.6788845,,,,
ET,midstream,BASE,4,112970392833.54411,3.2780972693602863,13.05679824242517,14750316265.950998,13807022710.335941,8.201627340167292,39.968863902238965,5518510116.045398,8288512594.290544,3.2780972693602863,WITHIN_REFERENCE_RANGE,7.087428971306306,1.315085433681874,6302641928.80991,,,,
ET,midstream,BASE,5,115229800690.215,2.0,13.05679824242517,15045322591.27002,14083163164.542662,8.201627340167292,24.385404469733018,3434236299.8061805,10648926864.73648,2.0,WITHIN_REFERENCE_RANGE,7.087428971306306,1.4082911797060722,7561594518.371579,24.385404469733018,10861905402.031212,213504806913.1506,151605584121.96524
ET,midstream,BULL,1,103361440000.00002,12.0,16.081680160597344,16622256190.187729,15559250701.947397,8.89559300808673,134.89825792492016,20989158143.09795,-5429907441.150553,12.0,WITHIN_REFERENCE_RANGE,6.087428971306306,1.060874289713063,-5118332580.780322,,,,
ET,midstream,BULL,2,113309978600.00002,9.625,16.081680160597344,18222148348.493298,17056828582.009832,8.89559300808673,108.19964437727971,18455427867.77684,-1398599285.7670078,9.625,WITHIN_REFERENCE_RANGE,6.087428971306306,1.1254542585741958,-1242697581.9868958,,,,
ET,midstream,BULL,3,121524952048.50002,7.25,16.081680160597344,19543254103.759064,18293448654.205547,8.89559300808673,81.50103082963926,14909349227.468292,3384099426.737255,7.25,WITHIN_REFERENCE_RANGE,6.087428971306306,1.1939654871694418,2834336053.3477464,,,,
ET,midstream,BULL,4,127449293460.8644,4.875,16.081680160597344,20495987741.317318,19185254276.09807,8.89559300808673,54.802417281998814,10513983104.999784,8671271171.098284,4.875,WITHIN_REFERENCE_RANGE,6.087428971306306,1.2666472881427928,6845845131.688109,,,,
ET,midstream,BULL,5,130635525797.38599,2.5,16.081680160597344,21008387434.850246,19664885633.000515,8.89559300808673,28.10380373435837,5526580862.8845005,14138304770.116014,2.5000000000000004,WITHIN_REFERENCE_RANGE,6.087428971306306,1.343753542125463,10521501396.567822,28.10380373435837,14491762389.368914,403959562831.20404,300620277578.76404
FANG,ep,BEAR,1,16785701463.910183,10.301626126364706,25.951205845297356,4356091939.476423,3564075223.2079825,6.178273506721853,166.73956106275836,5942723383.123515,-2378648159.9155326,10.301626126364706,OUTSIDE_REFERENCE_RANGE_NOT_CLIPPED,7.420453693081896,1.0742045369308189,-2214334494.166005,,,,
FANG,ep,BEAR,2,18124565873.194775,7.9762195947735295,25.951205845297356,4703543398.319292,3848353689.533966,6.178273506721853,129.10110868506456,4968267279.310938,-1119913589.7769718,7.976219594773529,WITHIN_REFERENCE_RANGE,7.420453693081896,1.153915387162755,-970533543.6514225,,,,
FANG,ep,BEAR,3,19148751209.20236,5.650813063182353,25.951205845297356,4969331843.103971,4065816962.539612,6.178273506721853,91.46265630737078,3718704194.5343876,347112768.0052242,5.650813063182353,WITHIN_REFERENCE_RANGE,7.420453693081896,1.2395411441245137,280033276.5479838,,,,
FANG,ep,BEAR,4,19785525032.631317,3.3254065315911765,25.951205845297356,5134582328.79099,4201021905.374446,6.178273506721853,53.824203929677,2261166597.479144,1939855307.8953018,3.3254065315911765,WITHIN_REFERENCE_RANGE,7.420453693081896,1.3315207207309707,1456872039.3854413,,,,
FANG,ep,BEAR,5,19983380282.95763,1.0,25.951205845297356,5185928152.078899,4243032124.42819,6.178273506721853,16.185751551983213,686766637.9307821,3556265486.497408,1.0,WITHIN_REFERENCE_RANGE,7.420453693081896,1.4303255992266026,2486332824.0928717,16.185751551983213,3591828141.3623824,55943525380.9651,39112440839.49456
FANG,ep,BASE,1,17730993709.826157,16.513298132646565,46.766288937009925,8292127749.7403555,6784468158.878472,15.247841184290348,108.29925320615223,7347528350.074572,-563060191.1960993,16.513298132646565,WITHIN_REFERENCE_RANGE,5.920453693081896,1.059204536930819,-531587782.6842004,,,,
FANG,ep,BASE,2,20015627568.26359,12.884973599484923,46.766288937009925,9360566221.129965,7658645090.015425,15.247841184290348,84.50359263159261,6471830247.9661045,1186814842.0493202,12.884973599484923,WITHIN_REFERENCE_RANGE,5.920453693081896,1.1219142510548306,1057848085.0327641,,,,
FANG,ep,BASE,3,21868403970.680008,9.256649066323282,46.766288937009925,10227040986.840765,8367578989.233353,15.247841184290348,60.70793205703301,5079784167.602353,3287794821.6309996,9.256649066323282,WITHIN_REFERENCE_RANGE,5.920453693081896,1.1883366647646185,2766720003.7812805,,,,
FANG,ep,BASE,4,23099228716.372684,5.628324533161641,46.766288937009925,10802652043.719618,8838533490.31605,15.247841184290348,36.91227148247341,3262503477.014793,5576030013.301256,5.628324533161641,WITHIN_REFERENCE_RANGE,5.920453693081896,1.2586915867199215,4430020882.10669,,,,
FANG,ep,BASE,5,23561213290.700138,2.0,46.766288937009925,11018705084.594011,9015304160.122372,15.247841184290348,13.116610907913797,1182502368.8482175,7832801791.274155,2.0,WITHIN_REFERENCE_RANGE,5.920453693081896,1.3332118392503922,5875136689.213774,13.116610907913797,7989457827.099638,203789113520.15152,152855763443.215
FANG,ep,BULL,1,18261600000.0,20.0,50.0,9130800000.0,7470654545.454545,22.954078410784263,87.13048566830554,6509217588.055889,961436957.3986559,19.999999999999996,WITHIN_REFERENCE_RANGE,4.920453693081896,1.049204536930819,916348455.9560667,,,,
FANG,ep,BULL,2,21114975000.0,15.625,50.0,10557487500.0,8637944318.181818,22.954078410784263,68.07069192836371,5879908465.773143,2758035852.408675,15.625,WITHIN_REFERENCE_RANGE,4.920453693081896,1.1008301603162143,2505414506.1000395,,,,
FANG,ep,BULL,3,23490409687.5,11.25,50.0,11745204843.75,9609713053.977272,22.954078410784263,49.01089818842187,4709806681.084287,4899906372.892985,11.25,WITHIN_REFERENCE_RANGE,4.920453693081896,1.1549959985940528,4242357877.3065157,,,,
FANG,ep,BULL,4,25105375353.51563,6.875,50.0,12552687676.757814,10270380826.438211,22.954078410784263,29.95110444848003,3076092488.583175,7194288337.855036,6.875,WITHIN_REFERENCE_RANGE,4.920453693081896,1.2118270418618218,5936728666.165021,,,,
FANG,ep,BULL,5,25733009737.353516,2.5,50.0,12866504868.676758,10527140347.099165,22.954078410784263,10.891310708538192,1146543563.926456,9380596783.172709,2.4999999999999996,WITHIN_REFERENCE_RANGE,4.920453693081896,1.2714544302968769,7377847416.035505,10.891310708538192,9615111702.752024,397244191460.21216,312432897313.8723
HAL,services,BEAR,1,22616524306.256386,2.018694150644519,10.534061267317222,2382438526.958739,1942796971.0173194,10.576478706548373,19.08663749679423,370814615.1567742,1571982355.8605452,2.018694150644519,WITHIN_REFERENCE_RANGE,8.465965631520497,1.084659656315205,1449286277.6890478,,,,
HAL,services,BEAR,2,23015484456.95915,1.7640206129833893,10.534061267317222,2424465233.665949,1977068310.054482,10.576478706548373,16.678713794329344,329749564.95237094,1647318745.102111,1.7640206129833893,WITHIN_REFERENCE_RANGE,8.465965631520497,1.1764865700378184,1400201912.248907,,,,
HAL,services,BEAR,3,23362867998.48151,1.5093470753222595,10.534061267317222,2461058828.762491,2006909132.769413,10.576478706548373,14.270790091864457,286401789.6719803,1720507343.0974326,1.5093470753222593,WITHIN_REFERENCE_RANGE,8.465965631520497,1.2760875187166743,1348267511.3284543,,,,
HAL,services,BEAR,4,23655995720.89716,1.2546735376611298,10.534061267317222,2491937082.633247,2032089290.583175,10.576478706548373,11.862866389399574,241064037.4551797,1791025253.1279953,1.2546735376611298,WITHIN_REFERENCE_RANGE,8.465965631520497,1.3841206494793505,1293980588.9043744,,,,
HAL,services,BEAR,5,23892555678.106133,1.0,10.534061267317222,2516856453.45958,2052410183.4890072,10.576478706548373,9.45494268693469,194054206.5496967,1858355976.9393106,1.0000000000000002,WITHIN_REFERENCE_RANGE,8.465965631520497,1.5012998279630505,1237831339.4338493,9.45494268693469,1876939536.7087038,25139943435.909595,16745451486.542322
HAL,services,BASE,1,22972794066.345203,3.625756986536174,13.29453349252246,3054125801.3184752,2490534924.0980186,14.216627513592615,25.503636379792344,635176970.9536959,1855357953.1443229,3.625756986536174,WITHIN_REFERENCE_RANGE,6.965965631520496,1.069659656315205,1734531112.0134366,,,,
HAL,services,BASE,2,23712361301.07424,3.2193177399021304,13.29453349252246,3152447815.0392494,2570713156.7279644,14.216627513592615,22.644735798445296,582131202.4769205,1988581954.2510438,3.21931773990213,WITHIN_REFERENCE_RANGE,6.965965631520496,1.1441717803483624,1738009963.543749,,,,
HAL,services,BASE,3,24379361212.35818,2.8128784932680873,13.29453349252246,3241122341.639988,2643024194.2371783,14.216627513592615,19.785835217098253,522944411.81980693,2120079782.4173713,2.8128784932680873,WITHIN_REFERENCE_RANGE,6.965965631520496,1.2238743933329856,1732269090.657043,,,,
HAL,services,BASE,4,24966035728.651043,2.4064392466340436,13.29453349252246,3319117981.7006364,2706626965.7453346,14.216627513592615,16.926934635751206,458148977.325329,2248477988.420006,2.4064392466340436,WITHIN_REFERENCE_RANGE,6.965965631520496,1.3091290629455414,1717537294.1159282,,,,
HAL,services,BASE,5,25465356443.224064,2.0,13.29453349252246,3385500341.334649,2760759505.060241,14.216627513592615,14.068034054404158,388384587.3320744,2372374917.7281666,2.0000000000000004,WITHIN_REFERENCE_RANGE,6.965965631520496,1.4003225435425741,1694163197.3777041,14.068034054404158,2419822416.082731,48728134579.1719,34797793411.15093
HAL,services,BULL,1,23900045924.1575,7.808407795378681,17.280146754216958,4129963010.019665,3367843298.1531186,20.326622590601414,38.41468379990052,1293746353.8616614,2074096944.2914572,7.808407795378681,WITHIN_REFERENCE_RANGE,5.965965631520496,1.059659656315205,1957323685.893444,,,,
HAL,services,BULL,2,25449080997.964237,6.481305846534011,17.280146754216958,4397638544.047762,3586123522.738421,20.326622590601414,31.885798133187286,1143464107.2671177,2442659415.471303,6.481305846534011,WITHIN_REFERENCE_RANGE,5.965965631520496,1.1228785872220584,2175354880.9887915,,,,
HAL,services,BULL,3,26760778522.687428,5.1542038976893405,17.280146754216958,4624301801.291361,3770959641.123359,20.326622590601414,25.356912466474054,956198935.3457142,2814760705.777645,5.154203897689341,WITHIN_REFERENCE_RANGE,5.965965631520496,1.1898691378194293,2365605272.304158,,,,
HAL,services,BULL,4,27784940799.055206,3.8271019488446703,17.280146754216958,4801278545.649041,3915278111.038937,20.326622590601414,18.828026799760817,737169612.0315801,3178108499.007357,3.8271019488446707,WITHIN_REFERENCE_RANGE,5.965965631520496,1.2608563216418056,2520595284.694318,,,,
HAL,services,BULL,5,28479564319.031586,2.5,17.280146754216958,4921310509.290267,4013160063.81491,20.326622590601414,12.299141133047579,493584220.1436981,3519575843.6712117,2.4999999999999996,WITHIN_REFERENCE_RANGE,5.965965631520496,1.3360785764538092,2634258123.510066,12.299141133047579,3607565239.762993,104085430246.47299,77903674290.42555
KMI,midstream,BEAR,1,17869664436.998127,1.9725201837373167,18.374153151607842,3283399511.332437,2551772446.3072743,4.795536319316616,41.13242090966812,1049605783.2720431,1502166663.035231,1.972520183737317,WITHIN_REFERENCE_RANGE,7.606857137616917,1.076068571376169,1395976709.0996172,,,,
KMI,midstream,BEAR,2,18178700651.430058,1.7293901378029877,18.374153151607842,3340182298.6660914,2595902547.332886,4.795536319316616,36.06249692733915,936147276.3686408,1659755270.9642453,1.7293901378029874,WITHIN_REFERENCE_RANGE,7.606857137616917,1.1579235703035495,1433389313.01756,,,,
KMI,midstream,BEAR,3,18448883424.43253,1.4862600918686584,18.374153151607842,3389826095.1668262,2634484410.9176965,4.795536319316616,30.992572945010178,816494502.7785888,1817989908.1391077,1.4862600918686584,WITHIN_REFERENCE_RANGE,7.606857137616917,1.2460051620593335,1459054876.7345612,,,,
KMI,midstream,BEAR,4,18678227037.421047,1.243130045934329,18.374153151607842,3431966041.8607674,2667234478.1852703,4.795536319316616,25.9226489626812,691417830.7915692,1975816647.393701,1.243130045934329,WITHIN_REFERENCE_RANGE,7.606857137616917,1.340786994664519,1473624561.7359035,,,,
KMI,midstream,BEAR,5,18865009307.795258,1.0,18.374153151607842,3466285702.279375,2693906822.967123,4.795536319316616,20.85272498035223,561752981.0202785,2132153841.9468446,1.0,WITHIN_REFERENCE_RANGE,7.606857137616917,1.4427787458683963,1477810681.6811466,20.85272498035223,2153475380.366313,32594550411.953785,22591509963.182472
KMI,midstream,BASE,1,18385028654.492348,4.913425328077775,24.817492447049435,4562703097.716513,3546013820.507942,6.010553534390651,81.74663614531632,2898747015.5132575,647266804.9946847,4.913425328077775,WITHIN_REFERENCE_RANGE,6.106857137616917,1.0610685713761692,610014114.5027056,,,,
KMI,midstream,BASE,2,19154454788.627945,4.185068996058331,24.817492447049435,4753655370.441239,3694416945.5059633,6.010553534390651,69.62867849213181,2572373697.1451836,1122043248.3607798,4.185068996058331,WITHIN_REFERENCE_RANGE,6.106857137616917,1.1258665131622645,996604157.991389,,,,
KMI,midstream,BASE,3,19816569253.03405,3.4567126640388874,24.817492447049435,4917975577.636046,3822122323.9236665,6.010553534390651,57.51072083894731,2198130099.834825,1623992224.0888414,3.456712664038888,WITHIN_REFERENCE_RANGE,6.106857137616917,1.1946215726813532,1359419803.916446,,,,
KMI,midstream,BASE,4,20357235875.038223,2.7283563320194437,24.817492447049435,5052155475.715649,3926403440.3659663,6.010553534390651,45.39276318576279,1782303015.402966,2144100424.9630003,2.7283563320194433,WITHIN_REFERENCE_RANGE,6.106857137616917,1.2675754054601558,1691497338.720175,,,,
KMI,midstream,BASE,5,20764380592.538986,2.0,24.817492447049435,5153198585.229961,4004931509.1732855,6.010553534390651,33.27480553257829,1332633171.3903635,2672298337.782922,2.0000000000000004,WITHIN_REFERENCE_RANGE,6.106857137616917,1.344984424583176,1986861921.1788223,33.27480553257829,2725744304.5385804,66370565451.91261,49346716764.01124
KMI,midstream,BULL,1,18929468887.368244,8.020251582790719,28.00816297143259,5301796495.600725,4120417928.646216,6.655865719497752,120.49899924056643,4965062368.547567,-844644439.9013515,8.020251582790717,WITHIN_REFERENCE_RANGE,5.106857137616917,1.0510685713761692,-803605457.2495251,,,,
KMI,midstream,BULL,2,20186421338.954067,6.640188687093039,28.00816297143259,5653845786.714299,4394021453.805135,6.655865719497752,99.7644629103801,4383671903.555569,10349550.249566078,6.640188687093039,WITHIN_REFERENCE_RANGE,5.106857137616917,1.1047451417347411,9368269.52985243,,,,
KMI,midstream,BULL,3,21248252494.164127,5.260125791395359,28.00816297143259,5951245187.146978,4625152509.576184,6.655865719497752,79.02992658019376,3655254632.5400476,969897877.0361366,5.2601257913953585,WITHIN_REFERENCE_RANGE,5.106857137616917,1.1611628978578978,835281491.3612852,,,,
KMI,midstream,BULL,4,22072698055.174347,3.8800628956976797,28.00816297143259,6182157243.485462,4804611335.96968,6.655865719497752,58.29539025000743,2800866928.29962,2003744407.6700597,3.8800628956976793,WITHIN_REFERENCE_RANGE,5.106857137616917,1.2204618281865134,1641791952.3525183,,,,
KMI,midstream,BULL,5,22624515506.553703,2.5,28.00816297143259,6336711174.572598,4924726619.368921,6.655865719497752,37.5608539198211,1849769371.4517045,3074957247.917217,2.5000000000000004,WITHIN_REFERENCE_RANGE,5.106857137616917,1.2827890701711462,2397087190.26345,37.5608539198211,3151831179.115147,120905404965.78282,94251976242.40121
MGY,ep,BEAR,1,1246717552.7357852,-5.555707277889327,25.988122975219724,323998490.7586257,268399919.60613173,13.49478356745654,-41.16929515851769,-110498355.10787258,378898274.7140043,-5.555707277889327,WITHIN_REFERENCE_RANGE,8.283254391053909,1.082832543910539,349914007.3363993,,,,
MGY,ep,BEAR,2,1197886363.2585754,-3.916780458416995,25.988122975219724,311308181.18702585,257887284.00459182,13.49478356745654,-29.024403680415745,-74850246.34995295,332737530.35454476,-3.9167804584169956,WITHIN_REFERENCE_RANGE,8.283254391053909,1.1725263181517696,283778304.3360873,,,,
MGY,ep,BEAR,3,1170600265.142668,-2.2778536389446633,25.988122975219724,304217036.4535247,252012989.12151766,13.49478356745654,-16.879512202313794,-42538563.2501823,294551552.3716999,-2.2778536389446633,WITHIN_REFERENCE_RANGE,8.283254391053909,1.2696496558863386,231994354.51039788,,,,
MGY,ep,BEAR,4,1163120986.0998573,-0.6389268194723317,25.988122975219724,302273312.2182192,250402810.5454664,13.49478356745654,-4.734620724211843,-11855623.36209457,262258433.90756097,-0.6389268194723317,WITHIN_REFERENCE_RANGE,8.283254391053909,1.3748179667585447,190758660.59991685,,,,
MGY,ep,BEAR,5,1174752195.960856,1.0,25.988122975219724,305296045.3404015,252906838.6509211,13.49478356745654,7.4102707538901065,18741081.49913725,234165757.15178385,1.0,WITHIN_REFERENCE_RANGE,8.283254391053909,1.4886976363590698,157295713.6712372,7.4102707538901065,236507414.7233017,3247276588.523477,2181286857.192432
MGY,ep,BASE,1,1314173831.8450658,-0.4455998953782483,41.29734310200564,542718876.2938315,449587596.61171824,25.54292009432819,-1.7445143066363578,-7843119.943753981,457430716.5554722,-0.4455998953782483,WITHIN_REFERENCE_RANGE,6.78325439105391,1.0678325439105392,428373080.7456968,,,,
MGY,ep,BASE,2,1316352733.0894487,0.16580007846631378,41.29734310200564,543618704.6165781,450333013.1996752,25.54292009432819,0.6491038528642218,2923128.939398636,447409884.26027656,0.16580007846631378,WITHIN_REFERENCE_RANGE,6.78325439105391,1.1402663418344536,392373139.3671467,,,,
MGY,ep,BASE,3,1326583427.2196155,0.7772000523108759,41.29734310200564,547843709.4732299,453833001.6138363,25.54292009432819,3.042722012364801,13808876.639480101,440024124.9743562,0.7772000523108759,WITHIN_REFERENCE_RANGE,6.78325439105391,1.217613508536649,361382427.09148777,,,,
MGY,ep,BASE,4,1345004365.0369608,1.3886000261554379,41.29734310200564,555451067.3662661,460134926.79294807,25.54292009432819,5.436340171865381,25014499.8700284,435120426.9229197,1.388600026155438,WITHIN_REFERENCE_RANGE,6.78325439105391,1.3002073303205268,334654648.35954577,,,,
MGY,ep,BASE,5,1371904452.3377001,2.0,41.29734310200564,566560088.7135915,469337625.328807,25.54292009432819,7.82995833136596,36748940.49666808,432588684.8321389,2.0,WITHIN_REFERENCE_RANGE,6.78325439105391,1.388403701147299,311572696.3812268,7.82995833136596,441240458.5287817,9224691443.424606,6644098856.695526
MGY,ep,BULL,1,1508965107.9125311,14.31068893384303,50.0,754482553.9562656,625012346.0511813,35.0,40.88768266812294,255553064.68999746,369459281.3611839,14.31068893384303,WITHIN_REFERENCE_RANGE,5.78325439105391,1.0578325439105392,349260649.51205456,,,,
MGY,ep,BULL,2,1680353616.8721778,11.358016700382272,50.0,840176808.4360889,696001352.6951255,35.0,32.45147628680649,225862713.92571104,470138638.7694144,11.35801670038227,WITHIN_REFERENCE_RANGE,5.78325439105391,1.1190096909562428,420138129.7847924,,,,
MGY,ep,BULL,3,1821593126.632659,8.405344466921516,50.0,910796563.3163295,754502663.8835841,35.0,24.015269905490047,181195851.1757551,573306812.707829,8.405344466921516,WITHIN_REFERENCE_RANGE,5.78325439105391,1.1837248680447885,484324379.9167501,,,,
MGY,ep,BULL,4,1920918629.2551875,5.452672233460758,50.0,960459314.6275936,795643221.1378859,35.0,15.579063524173595,123953762.84685224,671689458.2910337,5.452672233460759,WITHIN_REFERENCE_RANGE,5.78325439105391,1.252182688453986,536414905.3364879,,,,
MGY,ep,BULL,5,1968941594.986567,2.5,50.0,984470797.4932835,815534301.6663331,35.0,7.142857142857142,58252450.119023785,757281851.5473093,2.4999999999999996,WITHIN_REFERENCE_RANGE,5.78325439105391,1.3245995987680181,571706236.5500042,7.142857142857142,776213897.835992,23641600844.302258,17848111132.06648
MPC,refining,BEAR,1,134962882589.14706,-0.3095813408377326,3.601462995128255,4860638273.606525,4000389913.7709413,8.073617589389329,-3.8344811035464046,-153394195.31172305,4153784109.0826645,-0.3095813408377326,WITHIN_REFERENCE_RANGE,7.920598044240686,1.0792059804424068,3848926140.475865,,,,
MPC,refining,BEAR,2,134986924869.45538,0.01781399437170056,3.601462995128255,4861504147.435016,4001102543.0050273,8.073617589389329,0.22064451498312754,8828213.299991025,3992274329.705036,0.01781399437170056,WITHIN_REFERENCE_RANGE,7.920598044240686,1.1646855482226566,3427770127.1363425,,,,
MPC,refining,BEAR,3,135452912327.81941,0.3452093295811337,3.601462995128255,4878286513.309935,4014914722.2695885,8.073617589389329,4.27577013351266,171668524.58080584,3843246197.6887827,0.3452093295811337,WITHIN_REFERENCE_RANGE,7.920598044240686,1.256935608976734,3057631727.704455,,,,
MPC,refining,BEAR,4,136363974934.73102,0.6726046647905668,3.601462995128255,4911098095.960307,4041919225.9789376,8.073617589389329,8.330895752042192,336728077.09805596,3705191148.880882,0.6726046647905669,WITHIN_REFERENCE_RANGE,7.920598044240686,1.35649242623871,2731449934.560016,,,,
MPC,refining,BEAR,5,137727614684.07834,1.0,3.601462995128255,4960209076.91991,4082338418.238727,8.073617589389329,12.386021370571724,505639308.90210843,3576699109.3366184,1.0,WITHIN_REFERENCE_RANGE,7.920598044240686,1.4639347388216462,2443209396.21638,12.386021370571724,3612466100.429985,52198756196.16827,35656477581.90656
MPC,refining,BASE,1,136497133266.18631,0.8236938929741809,6.058791428111415,8270076609.949511,6806417016.505835,13.610018212418565,6.052114553546998,411932154.83104897,6394484861.674786,0.8236938929741809,WITHIN_REFERENCE_RANGE,6.420598044240686,1.0642059804424069,6008690966.965342,,,,
MPC,refining,BASE,2,138022857845.61606,1.1177704197306357,6.058791428111415,8362517079.98459,6882497132.559851,13.610018212418565,8.21285028634802,565249185.4593359,6317247947.100514,1.1177704197306357,WITHIN_REFERENCE_RANGE,6.420598044240686,1.1325343688093845,5577974603.756826,,,,
MPC,refining,BASE,3,139971529349.5636,1.4118469464870904,6.058791428111415,8480583022.027813,6979667458.167958,13.610018212418565,10.373586019149041,724041807.6236066,6255625650.544352,1.4118469464870904,WITHIN_REFERENCE_RANGE,6.420598044240686,1.2052498483435135,5190314405.881932,,,,
MPC,refining,BASE,4,142359336524.59576,1.7059234732435453,6.058791428111415,8625255278.46849,7098735243.691185,13.610018212418565,12.534321751950065,889778315.7633296,6208956927.9278555,1.7059234732435455,WITHIN_REFERENCE_RANGE,6.420598044240686,1.282634096534471,4840785805.323388,,,,
MPC,refining,BASE,5,145206523255.08768,2.0,6.058791428111415,8797760384.03786,7240709948.565009,13.610018212418565,14.695057484751084,1064026489.2457187,6176683459.31929,2.0,WITHIN_REFERENCE_RANGE,6.420598044240686,1.3649868762513275,4525086333.637403,14.695057484751084,6300217128.505675,142519565575.83484,104410942006.44424
MPC,refining,BULL,1,152436606388.67453,12.597395804962652,10.245340318015781,15617649093.753891,12853597078.128202,25.252881914327794,49.88498282176354,6412014694.402954,6441582383.725248,12.597395804962652,WITHIN_REFERENCE_RANGE,5.420598044240686,1.0542059804424069,6110364106.473747,,,,
MPC,refining,BULL,2,167791617172.42947,10.073046853721989,10.245340318015781,17190822204.417606,14148345934.196695,25.252881914327794,39.888702160393095,5643591570.313807,8504754363.882889,10.073046853721989,WITHIN_REFERENCE_RANGE,5.420598044240686,1.1113502492005363,7652631895.301135,,,,
MPC,refining,BULL,3,180457699458.46414,7.548697902481326,10.245340318015781,18488505439.58177,15216361826.967203,25.252881914327794,29.89242149902266,4548539014.133421,10667822812.833782,7.548697902481326,WITHIN_REFERENCE_RANGE,5.420598044240686,1.1715920790733647,9105407080.996292,,,,
MPC,refining,BULL,4,189524523988.63852,5.024348951240663,10.245340318015781,19417432468.735474,15980884942.837416,25.252881914327794,19.896140837652215,3179579375.330089,12801305567.507326,5.024348951240663,WITHIN_REFERENCE_RANGE,5.420598044240686,1.2350993763980942,10364595604.314548,,,,
MPC,refining,BULL,5,194262637088.35446,2.5,10.245340318015781,19902868280.453857,16380407066.408348,25.252881914327794,9.899860176281775,1621637395.8802056,14758769670.528143,2.5,WITHIN_REFERENCE_RANGE,5.420598044240686,1.3020491490395583,11335032691.6728,9.899860176281775,15127738912.291346,517967165735.8911,397809227184.67554
MTDR,ep,BEAR,1,3873596080.658584,7.841185782593682,-2.3630719327035807,-91535861.76834896,-72313330.79699568,2.0,392.0592891296841,-283511130.6686982,211197799.8717025,7.841185782593682,OUTSIDE_REFERENCE_RANGE_NOT_CLIPPED,7.745821698485839,1.0774582169848583,196014839.8725985,,,,
MTDR,ep,BEAR,2,4111081969.7240105,6.130889336945261,-2.3630719327035807,-97147824.15698561,-76746781.08401863,2.0,306.54446684726304,-235263010.89644104,158516229.8124224,6.130889336945261,OUTSIDE_REFERENCE_RANGE_NOT_CLIPPED,7.745821698485839,1.16091620934819,136544074.87463993,,,,
MTDR,ep,BEAR,3,4292816167.033016,4.420592891296841,-2.3630719327035807,-101442333.96571888,-80139443.83291791,2.0,221.02964456484204,-177131927.8601397,96992484.02722178,4.420592891296841,OUTSIDE_REFERENCE_RANGE_NOT_CLIPPED,7.745821698485839,1.2508387089931214,77541959.1110169,,,,
MTDR,ep,BEAR,4,4409164211.026333,2.7102964456484204,-2.3630719327035807,-104191721.93757457,-82311460.33068392,2.0,135.51482228242102,-111544229.1851918,29232768.85450788,2.7102964456484204,WITHIN_REFERENCE_RANGE,7.745821698485839,1.3477264451273707,21690432.03106781,,,,
MTDR,ep,BEAR,5,4453255853.136597,1.0,-2.3630719327035807,-105233639.1569503,-83134574.93399073,2.0,50.0,-41567287.466995366,-41567287.466995366,1.0,WITHIN_REFERENCE_RANGE,7.745821698485839,1.4521189325502784,-28625263.76816324,50.0,-41982960.34166533,-622355025.3498218,-428584058.3710407
MTDR,ep,BASE,1,4014676341.011397,11.768870097158958,39.59633630670868,1589664745.6127393,1255835149.034064,22.66710344375829,51.920485236942284,652035703.1545633,603799445.8795007,11.768870097158958,WITHIN_REFERENCE_RANGE,6.245821698485839,1.0624582169848584,568304180.0862705,,,,
MTDR,ep,BASE,2,4389111255.262709,9.326652572869218,39.59633630670868,1737927253.5094252,1372962530.272446,22.66710344375829,41.146203775045834,564921960.4609259,808040569.81152,9.326652572869216,WITHIN_REFERENCE_RANGE,6.245821698485839,1.1288174628386445,715829260.6313293,,,,
MTDR,ep,BASE,3,4691276768.841161,6.884435048579479,39.59633630670868,1857573726.4688425,1467483243.9103856,22.66710344375829,30.371922313149398,445702870.798947,1021780373.1114386,6.884435048579479,WITHIN_REFERENCE_RANGE,6.245821698485839,1.199321388868918,851965438.6178181,,,,
MTDR,ep,BASE,4,4899673487.579556,4.44221752428974,39.59633630670868,1940091192.072643,1532672041.7373881,22.66710344375829,19.597640851252955,300367562.1672591,1232304479.570129,4.44221752428974,WITHIN_REFERENCE_RANGE,6.245821698485839,1.2742288644094746,967098230.1450415,,,,
MTDR,ep,BASE,5,4997666957.331148,2.0,39.59633630670868,1978893015.9140964,1563325482.5721362,22.66710344375829,8.823359389356511,137937825.75273156,1425387656.8194046,2.0000000000000004,WITHIN_REFERENCE_RANGE,6.245821698485839,1.3538149273111313,1052867440.0498943,8.823359389356511,1453895409.9557927,34242969045.88071,25293685536.391678
MTDR,ep,BULL,1,4310334000.0,20.0,49.116055758678094,2117066050.8252597,1672482180.1519551,35.0,57.14285714285714,955704102.9439743,716778077.2079809,19.999999999999996,WITHIN_REFERENCE_RANGE,5.245821698485839,1.0524582169848584,681051338.3243347,,,,
MTDR,ep,BULL,2,4983823687.5,15.625,49.116055758678094,2447857621.2667065,1933807520.8006983,35.0,44.642857142857146,863306928.9288832,1070500591.8718151,15.625,WITHIN_REFERENCE_RANGE,5.245821698485839,1.1076682984989474,966445093.1045873,,,,
MTDR,ep,BULL,3,5544503852.34375,11.25,49.116055758678094,2723241603.659211,2151360866.890777,35.0,32.142857142857146,691508850.0720356,1459852016.8187416,11.25,WITHIN_REFERENCE_RANGE,5.245821698485839,1.165774602448854,1252259239.2664428,,,,
MTDR,ep,BULL,4,5925688492.192384,6.875,49.116055758678094,2910464463.9107823,2299266926.489518,35.0,19.642857142857142,451641717.7032982,1847625208.78622,6.875,WITHIN_REFERENCE_RANGE,5.245821698485839,1.226929059499553,1505894081.2273533,,,,
MTDR,ep,BULL,5,6073830704.497192,2.5,49.116055758678094,2983226075.5085516,2356748599.651756,35.0,7.142857142857142,168339185.68941113,2188409413.9623446,2.4999999999999996,WITHIN_REFERENCE_RANGE,5.245821698485839,1.291291570327809,1694744598.547013,7.142857142857142,2243119649.3114033,81692108797.4632,63263875235.1839
NOG,ep,BEAR,1,1981030802.838821,5.449476212161528,-20.0,-396206160.5677642,-313002866.84853375,2.0,272.4738106080764,-852850838.6147234,539847971.7661897,5.449476212161528,OUTSIDE_REFERENCE_RANGE_NOT_CLIPPED,8.02484968517377,1.0802484968517376,499744247.1241716,,,,
NOG,ep,BEAR,2,2066950231.6131384,4.337107159121146,-20.0,-413390046.3226277,-326578136.59487593,2.0,216.8553579560573,-708202187.11904,381624050.5241641,4.337107159121146,OUTSIDE_REFERENCE_RANGE_NOT_CLIPPED,8.02484968517377,1.1669368149504387,327030603.22968054,,,,
NOG,ep,BEAR,3,2133603963.3656921,3.224738106080764,-20.0,-426720792.67313844,-337109426.21177936,2.0,161.2369053040382,-543544806.3120732,206435380.10029387,3.224738106080764,OUTSIDE_REFERENCE_RANGE_NOT_CLIPPED,8.02484968517377,1.2605817402711657,163761994.5660067,,,,
NOG,ep,BEAR,4,2178673553.202272,2.112369053040382,-20.0,-435734710.6404544,-344230421.405959,2.0,105.6184526520191,-363570844.6464986,19340423.24053961,2.112369053040382,WITHIN_REFERENCE_RANGE,8.02484968517377,1.3617415300866742,14202712.345351325,,,,
NOG,ep,BEAR,5,2200460288.734295,1.0,-20.0,-440092057.74685895,-347672725.6200186,2.0,50.0,-173836362.8100093,-173836362.8100093,1.0,WITHIN_REFERENCE_RANGE,8.02484968517377,1.471019240976715,-118174091.79133978,50.0,-175574726.43810937,-2499337840.7607346,-1699051767.0599911
NOG,ep,BASE,1,2114419002.894974,12.54967667782221,27.106205283606503,573138755.4802974,452779616.829435,15.178565310250514,82.68025614612641,374359346.9720265,78420269.85740846,12.549676677822212,WITHIN_REFERENCE_RANGE,6.52484968517377,1.0652484968517377,73616879.14995769,,,,
NOG,ep,BASE,2,2324005659.2677627,9.912257508366658,27.106205283606503,629949744.8037524,497660298.39496446,15.178565310250514,65.304311084478,324993629.40778905,172666668.9871754,9.91225750836666,WITHIN_REFERENCE_RANGE,6.52484968517377,1.1347543600448866,152162155.14725617,,,,
NOG,ep,BASE,3,2493073313.9666376,7.274838338911105,27.106205283606503,675777570.3546084,533864280.58014065,15.178565310250514,47.928366022829586,255872426.4615957,277991854.11854494,7.274838338911105,WITHIN_REFERENCE_RANGE,6.52484968517377,1.208795376333771,229974286.43521395,,,,
NOG,ep,BASE,4,2608687573.7371073,4.637419169455553,27.106205283606503,707116208.945114,558621805.0666401,15.178565310250514,30.55242096118118,170672485.46490884,387949319.6017313,4.637419169455553,WITHIN_REFERENCE_RANGE,6.52484968517377,1.2876674576408802,301280674.058882,,,,
NOG,ep,BASE,5,2660861325.2118497,2.0,27.106205283606503,721258533.1240164,569794241.167973,15.178565310250514,13.176475899532766,75078800.86442357,494715440.30354947,2.0,WITHIN_REFERENCE_RANGE,6.52484968517377,1.3716858236968463,360662355.5897342,13.176475899532766,504609749.10962033,11151967119.770557,8130117645.828519
NOG,ep,BULL,1,2254384800.0,20.0,50.0,1127192400.0,890481996.0,35.0,57.14285714285714,508846854.8571428,381635141.1428572,19.999999999999996,WITHIN_REFERENCE_RANGE,5.52484968517377,1.0552484968517377,361654285.48956925,,,,
NOG,ep,BULL,2,2606632425.0,15.625,50.0,1303316212.5,1029619807.875,35.0,44.642857142857146,459651699.94419646,569968107.9308035,15.625,WITHIN_REFERENCE_RANGE,5.52484968517377,1.113549390107852,511848071.5755228,,,,
NOG,ep,BULL,3,2899878572.8125,11.25,50.0,1449939286.40625,1145452036.2609375,35.0,32.142857142857146,368181011.65530133,777271024.6056361,11.25,WITHIN_REFERENCE_RANGE,5.52484968517377,1.17507132008148,661467105.2917365,,,,
NOG,ep,BULL,4,3099245224.69336,6.875,50.0,1549622612.34668,1224201863.7538772,35.0,19.642857142857142,240468223.23736873,983733640.5165085,6.875,WITHIN_REFERENCE_RANGE,5.52484968517377,1.239992244209569,793338543.1322498,,,,
NOG,ep,BULL,5,3176726355.3106937,2.5,50.0,1588363177.6553469,1254806910.3477242,35.0,7.142857142857142,89629065.02483743,1165177845.3228867,2.4999999999999996,WITHIN_REFERENCE_RANGE,5.52484968517377,1.3084999518099605,890468389.9385507,7.142857142857142,1194307291.4559586,39483194728.975395,30174395248.81979
OVV,ep,BEAR,1,7888539896.779928,-11.014778378116997,7.564601882228131,596736637.5121315,471421943.6345839,3.5323139820839713,-311.82897199921536,-1470030200.6144435,1941452144.2490275,-11.014778378116995,OUTSIDE_REFERENCE_RANGE_NOT_CLIPPED,9.556340874834937,1.0955634087483495,1772103858.8419836,,,,
OVV,ep,BEAR,2,7256582356.347142,-8.011083783587747,7.564601882228131,548931565.5136704,433655936.75579965,3.5323139820839713,-226.79421546952688,-983506579.6023434,1417162516.358143,-8.011083783587747,OUTSIDE_REFERENCE_RANGE_NOT_CLIPPED,9.556340874834937,1.200259182588303,1180713746.5943797,,,,
OVV,ep,BEAR,3,6893217035.9402895,-5.0073891890584985,7.564601882228131,521444425.64680934,411941096.2609794,3.5323139820839713,-141.75945893983842,-583965469.2104033,995906565.4713827,-5.007389189058499,OUTSIDE_REFERENCE_RANGE_NOT_CLIPPED,9.556340874834937,1.3149600414579488,757366409.6797811,,,,
OVV,ep,BEAR,4,6755098018.801985,-2.0036945945292493,7.564601882228131,510996271.87665015,403687054.7825536,3.5323139820839713,-56.72470241014993,-228990280.49370247,632677335.2762561,-2.0036945945292497,OUTSIDE_REFERENCE_RANGE_NOT_CLIPPED,9.556340874834937,1.4406221053875414,439169531.6281848,,,,
OVV,ep,BEAR,5,6822648998.990005,1.0,7.564601882228131,516106234.59541667,407723925.3303792,3.5323139820839713,28.310054119538563,115426863.91933735,292297061.41104186,1.0,WITHIN_REFERENCE_RANGE,9.556340874834937,1.5782928644965988,185198240.4446027,28.310054119538563,295220032.02515227,3450307045.309803,2186100642.614442
OVV,ep,BASE,1,8123758558.464417,-8.361437580773632,22.898613370054363,1860228063.4194686,1469580170.1013803,12.921181646212649,-64.71109074783783,-950981357.4865338,2420561527.587914,-8.361437580773632,OUTSIDE_REFERENCE_RANGE_NOT_CLIPPED,8.056340874834937,1.0805634087483493,2240092074.181678,,,,
OVV,ep,BASE,2,7654930100.447671,-5.771078185580224,22.898613370054363,1752872847.4494262,1384769549.4850466,12.921181646212649,-44.6637029305427,-618489357.8546157,2003258907.3396623,-5.771078185580223,WITHIN_REFERENCE_RANGE,8.056340874834937,1.1676172803258522,1715681106.3815396,,,,
OVV,ep,BASE,3,7411448300.351755,-3.180718790386816,22.898613370054363,1697118891.419014,1340723924.2210212,12.921181646212649,-24.616315113247573,-330036825.9849452,1670760750.2059665,-3.1807187903868157,WITHIN_REFERENCE_RANGE,8.056340874834937,1.2616845085423798,1324230216.741102,,,,
OVV,ep,BASE,4,7367694118.990726,-0.5903593951934081,22.898613370054363,1687099790.5959196,1332808834.5707765,12.921181646212649,-4.568927295952452,-60895066.645569965,1393703901.2163465,-0.5903593951934082,WITHIN_REFERENCE_RANGE,8.056340874834937,1.3633301133155398,1022279114.6503317,,,,
OVV,ep,BASE,5,7515048001.370542,2.0,22.898613370054363,1720841786.407838,1359465011.2621922,12.921181646212649,15.47846052134267,210424255.06968513,1149040756.192507,1.9999999999999998,WITHIN_REFERENCE_RANGE,8.056340874834937,1.4731646344935132,779981224.9684892,15.47846052134267,1172021571.3163571,19351974988.49997,13136328781.849522
OVV,ep,BULL,1,9192386664.420036,3.69302497935743,33.016320337917264,3034987827.824907,2397640383.9816766,26.026278508142823,14.18960063077015,340215595.0490638,2057424788.932613,3.6930249793574297,WITHIN_REFERENCE_RANGE,7.056340874834937,1.0705634087483493,1921814973.424184,,,,
OVV,ep,BULL,2,9504446932.859776,3.3947687345180726,33.016320337917264,3138018645.7003355,2479034730.1032653,26.026278508142823,13.043619484268385,323355857.07752967,2155678873.025736,3.3947687345180726,WITHIN_REFERENCE_RANGE,7.056340874834937,1.1461060121508853,1880872144.6109471,,,,
OVV,ep,BULL,3,9798753319.210663,3.096512489678715,33.016320337917264,3235187784.992893,2555798350.144386,26.026278508142823,11.89763833776662,304079644.34278524,2251718705.8016005,3.0965124896787146,WITHIN_REFERENCE_RANGE,7.056340874834937,1.2269791591552288,1835172740.303023,,,,
OVV,ep,BULL,4,10072947545.88188,2.7982562448393575,33.016320337917264,3325716629.218737,2627316137.0828023,26.026278508142823,10.751657191264856,282480024.3899251,2344836112.6928773,2.7982562448393575,WITHIN_REFERENCE_RANGE,7.056340874834937,1.3135589910884051,1785101490.379175,,,,
OVV,ep,BULL,5,10324771234.528927,2.5,33.016320337917264,3408859544.9492054,2692999040.5098724,26.026278508142823,9.605676044763092,258680763.7199567,2434318276.7899156,2.5000000000000004,WITHIN_REFERENCE_RANGE,7.056340874834937,1.4062481910916456,1731073001.3456569,9.605676044763092,2495176233.7096634,54762720837.91483,38942429355.520454
PR,ep,BEAR,1,5268056805.505484,3.765104288034564,-0.706399395901748,-37213521.44985166,-29357204.131869514,2.0,188.2552144017282,-55266467.58080397,25909263.448934454,3.765104288034564,OUTSIDE_REFERENCE_RANGE_NOT_CLIPPED,8.300062718082774,1.0830006271808277,23923590.438150696,,,,
PR,ep,BEAR,2,5429987822.029386,3.073828216025923,-0.706399395901748,-38357401.172354065,-30259594.155911252,2.0,153.69141080129617,-46506397.16096657,16246803.005055316,3.0738282160259236,OUTSIDE_REFERENCE_RANGE_NOT_CLIPPED,8.300062718082774,1.1728903584740662,13851936.702926312,,,,
PR,ep,BEAR,3,5559360113.303024,2.382552144017282,-0.706399395901748,-39271286.2563753,-30980544.765243843,2.0,119.1276072008641,-36906381.676627554,5925836.911383711,2.382552144017282,WITHIN_REFERENCE_RANGE,8.300062718082774,1.2702409938417594,4665128.066337563,,,,
PR,ep,BEAR,4,5653384240.656112,1.691276072008641,-0.706399395901748,-39935472.1239994,-31504511.305836346,2.0,84.56380360043205,-26641413.06594336,-4863098.239892986,1.691276072008641,WITHIN_REFERENCE_RANGE,8.300062718082774,1.3756717930014233,-3535071.5662220125,,,,
PR,ep,BEAR,5,5709918083.062673,1.0,-0.706399395901748,-40334826.84523939,-31819556.41889471,2.0,50.0,-15909778.209447354,-15909778.209447354,1.0,WITHIN_REFERENCE_RANGE,8.300062718082774,1.4898534146155151,-10678754.066253675,50.0,-16068875.991541827,-220119697.76284358,-147745875.9388417
PR,ep,BASE,1,5845453417.211017,15.138106106573883,34.32143729725966,2006243629.3286014,1582696328.371721,11.228157047153477,134.8227143867002,2133834150.4093962,-551137822.0376751,15.138106106573883,WITHIN_REFERENCE_RANGE,6.800062718082775,1.0680006271808278,-516046346.8008429,,,,
PR,ep,BASE,2,6538348889.827886,11.853579579930411,34.32143729725966,2244055314.498351,1770302497.1638997,11.228157047153477,105.57012633640967,1868910582.7925441,-98608085.62864447,11.853579579930411,WITHIN_REFERENCE_RANGE,6.800062718082775,1.1406253396586414,-86450898.64315589,,,,
PR,ep,BASE,3,7098623475.006235,8.569053053286941,34.32143729725966,2436349604.94282,1922000657.3495378,11.228157047153477,76.31753828611916,1466823587.5321953,455177069.8173425,8.569053053286941,WITHIN_REFERENCE_RANGE,6.800062718082775,1.2181885781337738,373650745.0387192,,,,
PR,ep,BASE,4,7473752115.56948,5.284526526643471,34.32143729725966,2565099146.0977964,2023569291.9294357,11.228157047153477,47.06495023582864,952391880.2340989,1071177411.6953368,5.284526526643471,WITHIN_REFERENCE_RANGE,6.800062718082775,1.3010261654713913,823332720.0665675,,,,
PR,ep,BASE,5,7623227157.88087,2.0,34.32143729725966,2616401129.019753,2064040677.768025,11.228157047153477,17.812362185538124,367654401.1808765,1696386276.5871484,2.0,WITHIN_REFERENCE_RANGE,6.800062718082775,1.3894967607021134,1220863786.490559,17.812362185538124,1730314002.1188912,36047737368.10688,25943016484.537857
PR,ep,BULL,1,6092287200.0,20.0,44.06691845189414,2684683232.279185,2117907432.803338,17.443005611687653,114.65913871287779,2428374421.1883283,-310466988.3849902,20.000000000000004,WITHIN_REFERENCE_RANGE,5.800062718082775,1.0580006271808278,-293446885.01014173,,,,
PR,ep,BULL,2,7044207075.0,15.625,44.06691845189414,3104164987.322808,2448830469.17886,17.443005611687653,89.57745211943576,2193599941.0148478,255230528.16401243,15.625,WITHIN_REFERENCE_RANGE,5.800062718082775,1.119365327115025,228013609.1242222,,,,
PR,ep,BULL,3,7836680370.9375,11.25,44.06691845189414,3453383548.3966236,2724323896.9614816,17.443005611687653,64.49576552599375,1757073552.7528925,967250344.2085891,11.25,WITHIN_REFERENCE_RANGE,5.800062718082775,1.1842892181321687,816734906.8111184,,,,
PR,ep,BULL,4,8375452146.439454,6.875,44.06691845189414,3690803667.3488917,2911621164.8775835,17.443005611687653,39.41407893255173,1147588664.141733,1764032500.7358506,6.875,WITHIN_REFERENCE_RANGE,5.800062718082775,1.2529787355473267,1407871060.1303902,,,,
PR,ep,BULL,5,8584838450.10044,2.5,44.06691845189414,3783073759.0326138,2984411693.999523,17.443005611687653,14.332392339109724,427737592.9982824,2556674101.0012407,2.5000000000000004,WITHIN_REFERENCE_RANGE,5.800062718082775,1.3256522880533121,1928615915.3812904,14.332392339109724,2620590953.526272,79410337844.99547,59902840707.65465
PSX,refining,BEAR,1,136557419159.94118,1.5402489180592556,2.3102640020013188,3154836896.914173,2657343386.246938,5.579419815803645,27.60589754684739,733583492.675255,1923759893.5716834,1.5402489180592556,WITHIN_REFERENCE_RANGE,8.456782761754535,1.0845678276175454,1773757108.2092478,,,,
PSX,refining,BEAR,2,138476305836.1965,1.4051866885444417,2.3102640020013188,3199168245.034899,2694684021.779396,5.579419815803645,25.18517578770943,678660907.8084592,2016023113.9709368,1.4051866885444417,WITHIN_REFERENCE_RANGE,8.456782761754535,1.1762873727030418,1713886555.9172244,,,,
PSX,refining,BEAR,3,140235127266.5827,1.2701244590296277,2.3102640020013188,3239801663.400596,2728909862.6335793,5.579419815803645,22.76445402857147,621221431.160374,2107688431.473205,1.270124459029628,WITHIN_REFERENCE_RANGE,8.456782761754535,1.275763440466488,1652099726.8133976,,,,
PSX,refining,BEAR,4,141826883228.6977,1.1350622295148138,2.3102640020013188,3276575428.393049,2759884687.7618375,5.579419815803645,20.343732269433513,561463551.8233593,2198421135.9384785,1.1350622295148138,WITHIN_REFERENCE_RANGE,8.456782761754535,1.3836519831806247,1588854106.8578024,,,,
PSX,refining,BEAR,5,143245152060.98468,1.0,2.3102640020013188,3309341182.6769795,2787483534.639456,5.579419815803645,17.923010510295555,499600966.8861877,2287882567.7532682,1.0000000000000002,WITHIN_REFERENCE_RANGE,8.456782761754535,1.5006644255769186,1524579731.9901881,17.923010510295555,2310761393.430801,30988718154.464413,20649998511.526684
PSX,refining,BASE,1,138366114152.3306,2.8851435482731187,4.823112967044334,6673553993.676422,5621185863.904371,11.387449375081452,25.336170139965887,1424193214.3625226,4196992649.5418487,2.8851435482731187,WITHIN_REFERENCE_RANGE,6.9567827617545355,1.0695678276175453,3924007941.4978476,,,,
PSX,refining,BASE,2,142051990484.6889,2.663857661204839,4.823112967044334,6851327973.011614,5770926254.190552,11.387449375081452,23.39292648829699,1349988536.3366268,4420937717.853925,2.6638576612048386,WITHIN_REFERENCE_RANGE,6.9567827617545355,1.1439753378745152,3864539358.0494003,,,,
PSX,refining,BASE,3,145521712308.86707,2.4425717741365593,4.823112967044334,7018676576.233917,5911885269.981646,11.387449375081452,21.449682836628092,1268080640.0763974,4643804629.905249,2.442571774136559,WITHIN_REFERENCE_RANGE,6.9567827617545355,1.2235592169784926,3795324791.3679657,,,,
PSX,refining,BASE,4,148754165567.00403,2.2212858870682797,4.823112967044334,7174581448.480768,6043205143.143416,11.387449375081452,19.5064391849592,1178814136.069597,4864391007.073819,2.2212858870682797,WITHIN_REFERENCE_RANGE,6.9567827617545355,1.3086795736651111,3717022184.009887,,,,
PSX,refining,BASE,5,151729248878.34412,2.0,4.823112967044334,7318073077.450384,6164069246.006285,11.387449375081452,17.5631955332903,1082607534.483497,5081461711.522788,2.0,WITHIN_REFERENCE_RANGE,6.9567827617545355,1.3997215686524482,3630337508.062304,17.5631955332903,5183090945.753244,104565626433.03342,74704590380.57242
PSX,refining,BULL,1,154273005399.55615,14.713059649001494,8.059138166509618,12433074658.777073,10472474424.123766,22.154731331337786,66.41046297948071,6954818750.468299,3517655673.655467,14.713059649001496,WITHIN_REFERENCE_RANGE,5.9567827617545355,1.0595678276175453,3319896642.7330756,,,,
PSX,refining,BULL,2,172260921163.36136,11.65979473675112,8.059138166509618,13882745643.457497,11693543445.835354,22.154731331337786,52.62891507178146,6154185048.990555,5539358396.844799,11.65979473675112,WITHIN_REFERENCE_RANGE,5.9567827617545355,1.1226839813221643,4934031739.119675,,,,
PSX,refining,BULL,3,187086608719.24576,8.606529824500747,8.059138166509618,15077568287.721245,12699951750.042126,22.154731331337786,38.8473671640822,4933596886.000148,7766354864.041978,8.606529824500747,WITHIN_REFERENCE_RANGE,5.9567827617545355,1.1895598271905423,6528763569.953655,,,,
PSX,refining,BULL,4,197476023716.77078,5.553264912250373,8.059138166509618,15914865597.063858,13405213714.449942,22.154731331337786,25.065819256382948,3360126640.5958815,10045087073.854061,5.553264912250373,WITHIN_REFERENCE_RANGE,5.9567827617545355,1.2604193219173856,7969639071.045967,,,,
PSX,refining,BULL,5,202412924309.69003,2.5,8.059138166509618,16312737236.990454,13740344057.31119,22.154731331337786,11.284271348683697,1550497707.6697297,12189846349.64146,2.5,WITHIN_REFERENCE_RANGE,5.9567827617545355,1.3354997628111838,9127554110.51682,11.284271348683697,12494592508.382494,361451481609.4692,270648854963.94662
RRC,ep,BEAR,1,2778749343.3133707,-13.4161772329324,-20.0,-555749868.6626741,-438314685.83558846,2.0,-670.80886164662,2940253754.4836698,-3378568440.319258,-13.4161772329324,OUTSIDE_REFERENCE_RANGE_NOT_CLIPPED,8.61335421238221,1.086133542123822,-3110638157.5444365,,,,
RRC,ep,BEAR,2,2506094764.103254,-9.8121329246993,-20.0,-501218952.8206508,-395306666.2329225,2.0,-490.606646234965,1939400777.548588,-2334707443.7815104,-9.8121329246993,OUTSIDE_REFERENCE_RANGE_NOT_CLIPPED,8.61335421238221,1.1796860713264403,-1979092150.4704745,,,,
RRC,ep,BEAR,3,2350514180.3351045,-6.2080886164662,-20.0,-470102836.0670209,-370765678.08638436,2.0,-310.40443082331,1150873092.752227,-1521638770.8386114,-6.2080886164662,OUTSIDE_REFERENCE_RANGE_NOT_CLIPPED,8.61335421238221,1.2812966112439226,-1187577300.5919037,,,,
RRC,ep,BEAR,4,2289305749.6078763,-2.6040443082331,-20.0,-457861149.92157525,-361110775.54929405,2.0,-130.202215411655,470174229.85538983,-831285005.4046838,-2.6040443082331,OUTSIDE_REFERENCE_RANGE_NOT_CLIPPED,8.61335421238221,1.3916592268816113,-597333736.1240386,,,,
RRC,ep,BEAR,5,2312198807.1039553,1.0,-20.0,-462439761.42079103,-364721883.304787,2.0,50.0,-182360941.6523935,-182360941.6523935,1.0,WITHIN_REFERENCE_RANGE,8.61335421238221,1.5115277655222243,-120646769.32308207,50.0,-184184551.06891745,-2419230025.700936,-1600519739.6192756
RRC,ep,BASE,1,2986488513.212891,-6.943174724937089,30.268185113006247,903955871.5579458,712941479.958586,11.729776689472088,-59.19272726793552,-422009505.81186897,1134950985.770455,-6.943174724937088,OUTSIDE_REFERENCE_RANGE_NOT_CLIPPED,7.113354212382211,1.0711335421238222,1059579353.2150033,,,,
RRC,ep,BASE,2,2845903119.0695453,-4.707381043702817,30.268185113006247,861403224.2167885,679380607.8783212,11.729776689472088,-40.13188970535021,-272648276.23326564,952028884.1115868,-4.707381043702817,WITHIN_REFERENCE_RANGE,7.113354212382211,1.1473270650627259,829779853.6283445,,,,
RRC,ep,BASE,3,2775564137.2305245,-2.4715873624685445,30.268185113006247,840112890.98715,662589122.6309386,11.729776689472088,-21.071052142764888,-139614499.52185348,802203622.1527921,-2.4715873624685445,WITHIN_REFERENCE_RANGE,7.113354212382211,1.2289405031751666,652760341.1883401,,,,
RRC,ep,BASE,4,2769019532.3763304,-0.23579368123427225,30.268185113006247,838131957.8749677,661026779.3472294,11.729776689472088,-2.0102145801795688,-13288056.69732943,674314836.0445588,-0.23579368123427227,WITHIN_REFERENCE_RANGE,7.113354212382211,1.3163593942254486,512257396.4242709,,,,
RRC,ep,BASE,5,2824399923.023857,2.0,30.268185113006247,854894597.032467,674247314.934174,11.729776689472088,17.05062298240575,114963367.63841994,559283947.295754,2.0,WITHIN_REFERENCE_RANGE,7.113354212382211,1.4099967006446734,396656209.9330021,17.05062298240575,570469626.2416692,11156466040.63243,7912405777.638707
RRC,ep,BULL,1,3282666547.620064,2.2855189319117937,43.89335068733031,1440872339.6425533,1136402440.182947,24.303680847870822,9.404003229872982,106867322.17915972,1029535118.0037872,2.2855189319117937,WITHIN_REFERENCE_RANGE,6.113354212382211,1.0611335421238222,970222009.8925608,,,,
RRC,ep,BULL,2,3359452687.6057334,2.3391391989338453,43.89335068733031,1474576349.345728,1162984475.1189075,24.303680847870822,9.624629345553517,111932945.07652591,1051051530.0423815,2.339139198933845,WITHIN_REFERENCE_RANGE,6.113354212382211,1.1260043942202496,933434661.0345403,,,,
RRC,ep,BULL,3,3439836309.7927294,2.392759465955897,43.89335068733031,1509859414.5274444,1190811896.2349122,24.303680847870822,9.845255461234053,117238473.24709249,1073573422.9878197,2.392759465955897,WITHIN_REFERENCE_RANGE,6.113354212382211,1.194841031285922,898507328.48738,,,,
RRC,ep,BULL,4,3523987768.123115,2.4463797329779484,43.89335068733031,1546796309.2409034,1219943677.1222935,24.303680847870822,10.065881576914588,122798085.84418733,1097145591.2781062,2.446379732977948,WITHIN_REFERENCE_RANGE,6.113354212382211,1.267885895803311,865334644.7891301,,,,
RRC,ep,BULL,5,3612087462.326193,2.5,43.89335068733031,1585466216.971926,1250442269.050351,24.303680847870822,10.286507692595125,128626840.19732536,1121815428.8530254,2.5000000000000004,WITHIN_REFERENCE_RANGE,6.113354212382211,1.3453962516226026,833817864.0679803,10.286507692595125,1149860814.574351,31822532389.269176,23652906978.810078
SLB,services,BEAR,1,38232859756.498764,6.3826476988752106,13.018897701148012,4977496899.921961,3962212490.41905,10.696869761274968,59.66836879684004,2364187561.2976995,1598024929.1213508,6.3826476988752106,WITHIN_REFERENCE_RANGE,8.710396704517155,1.0871039670451716,1469983531.9936323,,,,
SLB,services,BEAR,2,40158643463.48678,5.036985774156408,13.018897701148012,5228212710.680106,4161788569.903306,10.696869761274968,47.0884089137124,1959720019.920212,2202068549.983094,5.036985774156409,WITHIN_REFERENCE_RANGE,8.710396704517155,1.1817950351653497,1863325267.4606082,,,,
SLB,services,BEAR,3,41641029047.26508,3.6913238494376053,13.018897701148012,5421202973.36877,4315413663.947315,10.696869761274968,34.50844903058476,1489182324.6821494,2826231339.265166,3.6913238494376053,WITHIN_REFERENCE_RANGE,8.710396704517155,1.2847340709625397,2199857077.930311,,,,
SLB,services,BEAR,4,42617786810.68788,2.3456619247188026,13.018897701148012,5548366067.376805,4416638679.156641,10.696869761274968,21.92848914745711,968502133.4412571,3448136545.715384,2.3456619247188026,WITHIN_REFERENCE_RANGE,8.710396704517155,1.39663950514147,2468880862.2566576,,,,
SLB,services,BEAR,5,43043964678.79476,1.0,13.018897701148012,5603849728.050573,4460805065.948207,10.696869761274968,9.348529264329468,417019667.01485956,4043785398.933347,1.0,WITHIN_REFERENCE_RANGE,8.710396704517155,1.5182923465712974,2663377318.6470156,9.348529264329468,4084223252.922682,52970338744.437485,34888102323.67858
SLB,services,BASE,1,39075497638.50747,8.727281333669472,15.63709896593311,6110274237.164268,4863931688.788711,14.384734116103347,60.67043897529882,2950968707.0467763,1912962981.7419343,8.727281333669472,WITHIN_REFERENCE_RANGE,7.210396704517156,1.0721039670451715,1784307343.8243647,,,,
SLB,services,BASE,2,41828546585.28294,7.045461000252104,15.63709896593311,6540771225.552128,5206618099.001223,14.384734116103347,48.97873637000275,2550135752.502658,2656482346.4985647,7.0454610002521045,WITHIN_REFERENCE_RANGE,7.210396704517156,1.1494069161539942,2311176580.864298,,,,
SLB,services,BASE,3,44072079520.2771,5.363640666834736,15.63709896593311,6891594690.930468,5485882384.726031,14.384734116103347,37.28703376470668,2045522817.0848913,3440359567.64114,5.363640666834735,WITHIN_REFERENCE_RANGE,7.210396704517156,1.232283714557854,2791856718.544356,,,,
SLB,services,BASE,4,45694734305.414536,3.681820333417368,15.63709896593311,7145330825.5578575,5687862717.834235,14.384734116103347,25.595331159410605,1455827298.522325,4232035419.31191,3.6818203334173676,WITHIN_REFERENCE_RANGE,7.210396704517156,1.3211362589026352,3203330005.360031,,,,
SLB,services,BASE,5,46608628991.52283,2.0,15.63709896593311,7288237442.069015,5801619972.19092,14.384734116103347,13.903628554114533,806635691.0547484,4994984281.136171,1.9999999999999998,WITHIN_REFERENCE_RANGE,7.210396704517156,1.4163954241767318,3526546468.504348,13.903628554114533,5094883966.758896,97783033724.51245,69036536023.36934
SLB,services,BULL,1,39744334997.348854,10.58831630637706,18.611097624938175,7396856986.739065,5888083856.598774,17.85844681475308,59.29024184583579,3491059158.6630282,2397024697.9357457,10.58831630637706,WITHIN_REFERENCE_RANGE,6.210396704517156,1.0621039670451715,2256864461.7761793,,,,
SLB,services,BULL,2,43148929018.621346,8.566237229782795,18.611097624938175,8030489303.770896,6392471088.043569,17.85844681475308,47.967425827346425,3066303827.691864,3326167260.3517046,8.566237229782793,WITHIN_REFERENCE_RANGE,6.210396704517156,1.1280648368130908,2948560359.1266074,,,,
SLB,services,BULL,3,45972663175.00699,6.54415815318853,18.611097624938175,8556017224.284554,6810804505.941993,17.85844681475308,36.64460980885707,2495792736.046499,4315011769.895494,6.54415815318853,WITHIN_REFERENCE_RANGE,6.210396704517156,1.1981221382633478,3601479041.3187847,,,,
SLB,services,BULL,4,48051583357.39713,4.522079076594265,18.611097624938175,8942927088.973726,7118794471.452934,17.85844681475308,25.321793790367707,1802606456.421409,5316188015.031526,4.522079076594265,WITHIN_REFERENCE_RANGE,6.210396704517156,1.272530276054145,4177651498.8043604,,,,
SLB,services,BULL,5,49252872941.332054,2.5,18.611097624938175,9166500266.198067,7296764333.239256,17.85844681475308,13.998977771878346,1021472417.0765107,6275291916.162745,2.5000000000000004,WITHIN_REFERENCE_RANGE,6.210396704517156,1.3515594543821947,4643001013.248962,13.998977771878346,6432174214.0668125,173355431408.0777,128263267180.73932
SM,ep,BEAR,1,4197683227.9276323,11.185714495696663,12.348585601421005,518354506.67713606,409500060.2749375,8.526724981015796,131.18418291431863,537199308.1053191,-127699247.83038163,11.185714495696661,WITHIN_REFERENCE_RANGE,8.191988886738445,1.0819198888673844,-118030224.92179574,,,,
SM,ep,BEAR,2,4560333081.979748,8.639285871772497,12.348585601421005,563136634.33819,444877941.1271701,8.526724981015796,101.320095241811,450750753.6598566,-5872812.532686532,8.639285871772495,WITHIN_REFERENCE_RANGE,8.191988886738445,1.1705506459268136,-5017136.638318269,,,,
SM,ep,BEAR,3,4838187666.691176,6.092857247848332,12.348585601421005,597447745.5787535,471983719.00721526,8.526724981015796,71.45600756930341,337260721.9796755,134722997.0275398,6.092857247848332,WITHIN_REFERENCE_RANGE,8.191988886738445,1.2664420247547832,106379127.03001603,,,,
SM,ep,BEAR,4,5009770538.98188,3.546428623924166,12.348585601421005,618635803.440948,488722284.7183489,8.526724981015796,41.59191989679579,203268981.17784593,285453303.540503,3.546428623924166,WITHIN_REFERENCE_RANGE,8.191988886738445,1.3701888146796803,208331363.15394288,,,,
SM,ep,BEAR,5,5059868244.371699,1.0,12.348585601421005,624822161.4753574,493609507.5655324,8.526724981015796,11.727832224288171,57889694.89042066,435719812.6751117,1.0,WITHIN_REFERENCE_RANGE,8.191988886738445,1.482434530105573,293921791.36847377,11.727832224288171,440077010.80186296,6118989026.989961,4127662235.8183947
SM,ep,BASE,1,4429845329.733949,17.33508493804462,36.89338983505117,1634320106.5885534,1291112884.2049572,21.81220528458439,79.4742425714105,1026102185.4637821,265010698.74117517,17.335084938044616,WITHIN_REFERENCE_RANGE,6.691988886738445,1.0669198888673845,248388563.66479763,,,,
SM,ep,BASE,2,5027932644.282656,13.501313703533466,36.89338983505117,1854974791.0989966,1465430084.9682074,21.81220528458439,61.89797651077223,907071569.7754105,558358515.1927968,13.501313703533464,WITHIN_REFERENCE_RANGE,6.691988886738445,1.1383180492607923,490511870.17142266,,,,
SM,ep,BASE,3,5514010167.982517,9.66754246902231,36.89338983505117,2034305266.8181498,1607101160.7863383,21.81220528458439,44.32171045013395,712294723.1244625,894806437.6618758,9.667542469022308,WITHIN_REFERENCE_RANGE,6.691988886738445,1.2144941666130624,736772939.9287934,,,,
SM,ep,BASE,4,5835684907.030302,5.833771234511155,36.89338983505117,2152981982.295933,1700855766.013787,21.81220528458439,26.745444389495677,454901433.0447481,1245954332.969039,5.833771234511155,WITHIN_REFERENCE_RANGE,6.691988886738445,1.2957679812728953,961556660.5875521,,,,
SM,ep,BASE,5,5952398605.170908,2.0,36.89338983505117,2196041621.941851,1734872881.3340626,21.81220528458439,9.169178328857399,159073588.2685068,1575799293.0655558,2.0000000000000004,WITHIN_REFERENCE_RANGE,6.691988886738445,1.3824806305775925,1139834626.4042745,9.169178328857399,1607315278.9268668,34256587509.612885,24779072308.08773
SM,ep,BULL,1,4530456000.0,20.0,45.89777486881735,2079378495.4108276,1642709011.374554,32.575634169942546,61.39558142034254,1008550748.5777682,634158262.7967857,20.0,WITHIN_REFERENCE_RANGE,5.691988886738445,1.0569198888673845,600005988.6055903,,,,
SM,ep,BULL,2,5238339750.0,15.625,45.89777486881735,2404281385.3187695,1899382294.401828,32.575634169942546,47.96529798464261,911044377.3773786,988337917.0244495,15.625000000000002,WITHIN_REFERENCE_RANGE,5.691988886738445,1.1170796514834445,884751517.6844997,,,,
SM,ep,BULL,3,5827652971.875,11.25,45.89777486881735,2674763041.1671314,2113062802.522034,32.575634169942546,34.53501454894268,729746546.2792803,1383316256.2427535,11.25,WITHIN_REFERENCE_RANGE,5.691988886738445,1.1806637011018988,1171642911.4842114,,,,
SM,ep,BULL,4,6228304113.691407,6.875,45.89777486881735,2858653000.2473717,2258335870.1954236,32.575634169942546,21.104731113242746,476615713.0386549,1781720157.1567688,6.875,WITHIN_REFERENCE_RANGE,5.691988886738445,1.2478669477583737,1427812604.8272943,,,,
SM,ep,BULL,5,6384011716.533691,2.5,45.89777486881735,2930119325.253556,2314794266.9503093,32.575634169942546,7.674447677542817,177647674.8598623,2137146592.090447,2.5,WITHIN_REFERENCE_RANGE,5.691988886738445,1.3188953957460627,1620406439.3457997,7.674447677542817,2190575256.892708,68627283321.49756,52033909241.66279
VLO,refining,BEAR,1,123248457843.80843,-1.2511354508385346,1.6993688388970805,2094445887.018885,1606997946.975604,4.395519911131764,-28.463878588514703,-457413944.5470598,2064411891.5226638,-1.2511354508385346,WITHIN_REFERENCE_RANGE,8.742357494886228,1.0874235749488623,1898443200.1299455,,,,
VLO,refining,BEAR,2,122400075126.8962,-0.688351588128901,1.6993688388970805,2080028735.49309,1595936151.0863986,4.395519911131764,-15.660299624297764,-249928383.07261547,1845864534.159014,-0.688351588128901,WITHIN_REFERENCE_RANGE,8.742357494886228,1.182490031354564,1560997966.3376462,,,,
VLO,refining,BEAR,3,122246380136.64789,-0.1255677254192673,1.6993688388970805,2077416890.7218642,1593932170.3623357,4.395519911131764,-2.8567206600808226,-45534189.6184155,1639466359.9807513,-0.1255677254192673,WITHIN_REFERENCE_RANGE,8.742357494886228,1.2858675372369723,1274988529.1478622,,,,
VLO,refining,BEAR,4,122780861037.85864,0.43721613729036635,1.6993688388970805,2086499692.6068964,1600901099.0286229,4.395519911131764,9.946858304136118,159239363.90973493,1441661735.118888,0.4372161372903664,WITHIN_REFERENCE_RANGE,8.742357494886228,1.3982826742529177,1031023098.308178,,,,
VLO,refining,BEAR,5,124008669648.23723,1.0,1.6993688388970805,2107364689.5329652,1616910110.0189087,4.395519911131764,22.750437268353057,367854120.26551026,1249055989.7533984,1.0,WITHIN_REFERENCE_RANGE,8.742357494886228,1.5205255444251633,821463338.3391173,22.750437268353057,1261546549.6509326,16294088079.556839,10716089669.981073
VLO,refining,BASE,1,124562273949.26384,-0.1984825340406651,4.430792090745537,5519095382.19677,4234616422.091776,12.478005151680483,-1.5906591769112577,-67358314.72499399,4301974736.81677,-0.19848253404066513,WITHIN_REFERENCE_RANGE,7.242357494886227,1.0724235749488622,4011451106.9209814,,,,
VLO,refining,BASE,2,124999659550.66527,0.35113809946950114,4.430792090745537,5538475028.829724,4249485773.716132,12.478005151680483,2.8140563752068286,119582925.32876605,4129902848.3873663,0.35113809946950114,WITHIN_REFERENCE_RANGE,7.242357494886227,1.1500923241060979,3590931581.599162,,,,
VLO,refining,BASE,3,126125604900.26276,0.9007587329796675,4.430792090745537,5588363326.325807,4287763387.929609,12.478005151680483,7.218771927324916,309523859.7579783,3978239528.1716304,0.9007587329796675,WITHIN_REFERENCE_RANGE,7.242357494886227,1.2333861217391069,3225461563.1333747,,,,
VLO,refining,BASE,4,127954904649.59666,1.4503793664898337,4.430792090745537,5669415794.935322,4349952223.392046,12.478005151680483,11.623487479443002,505616152.047727,3844336071.344319,1.4503793664898337,WITHIN_REFERENCE_RANGE,7.242357494886227,1.3227123539677657,2906403693.7527575,,,,
VLO,refining,BASE,5,130514002742.5886,2.0,4.430792090745537,5782804110.834028,4436951267.859887,12.478005151680483,16.028203031561087,711163557.6240066,3725787710.2358804,1.9999999999999998,WITHIN_REFERENCE_RANGE,7.242357494886227,1.418507911271136,2626554057.705024,16.028203031561087,3800303464.440598,72492260746.19458,51104586848.04493
VLO,refining,BULL,1,140627628065.02377,12.673365968290824,8.497572500292941,11949934650.267698,9168783289.41027,32.11635581456296,39.460784534415225,3618073818.2616553,5550709471.148615,12.673365968290826,WITHIN_REFERENCE_RANGE,6.242357494886227,1.0624235749488622,5224572950.026817,,,,
VLO,refining,BULL,2,154873241208.33566,10.130024476218118,8.497572500292941,13160465955.231888,10097583280.79893,32.11635581456296,31.541637334908103,3184943098.019913,6912640182.7790165,10.13002447621812,WITHIN_REFERENCE_RANGE,6.242357494886227,1.1287438526071205,6124188554.216724,,,,
VLO,refining,BULL,3,166622983046.08295,7.586682984145412,8.497572500292941,14158908786.491714,10863654913.373213,32.11635581456296,23.622490135400977,2566265810.2555904,8297389103.117622,7.586682984145413,WITHIN_REFERENCE_RANGE,6.242357494886227,1.1992040790884086,6919080119.728242,,,,
VLO,refining,BULL,4,175026349085.3753,5.043341492072706,8.497572500292941,14872990908.145578,11411546129.17496,32.11635581456296,15.703342935893849,1791994222.952064,9619551906.222895,5.043341492072706,WITHIN_REFERENCE_RANGE,6.242357494886227,1.2740626847983652,7550297187.885459,,,,
VLO,refining,BULL,5,179402007812.50967,2.5,8.497572500292941,15244815680.849216,11696834782.404331,32.11635581456296,7.784195736386726,910504514.4241176,10786330267.980213,2.5000000000000004,WITHIN_REFERENCE_RANGE,6.242357494886227,1.3535942322924246,7968658561.519329,7.784195736386726,11055988524.67972,295428444230.33496,218254804270.25925
WMB,midstream,BEAR,1,12332516650.50277,3.3566598265401377,20.90714051765522,2578376585.4838405,2034151769.8626838,4.9928511702714475,67.22931872126374,1367546376.6352108,666605393.227473,3.356659826540138,WITHIN_REFERENCE_RANGE,7.634673098095728,1.0763467309809573,619322170.115149,,,,
WMB,midstream,BEAR,2,12673818416.135626,2.767494869905103,20.90714051765522,2649733025.21394,2090446815.7397175,4.9928511702714475,55.42914810646443,1158716861.5832376,931729954.1564798,2.767494869905103,WITHIN_REFERENCE_RANGE,7.634673098095728,1.1585222852933934,804239992.6044765,,,,
WMB,midstream,BEAR,3,12949895993.84784,2.178329913270069,20.90714051765522,2707452952.3239717,2135983644.0479777,4.9928511702714475,43.62897749166513,931907823.2873409,1204075820.7606368,2.178329913270069,WITHIN_REFERENCE_RANGE,7.634673098095728,1.246971674544132,965599977.4019109,,,,
WMB,midstream,BEAR,4,13155691202.902754,1.5891649566350345,20.90714051765522,2750478845.859685,2169927947.5986443,4.9928511702714475,31.82880687686583,690662175.8083109,1479265771.7903333,1.5891649566350348,WITHIN_REFERENCE_RANGE,7.634673098095728,1.3421738855214267,1102141673.1079128,,,,
WMB,midstream,BEAR,5,13287248114.931782,1.0,20.90714051765522,2777983634.3182817,2191627227.0746303,4.9928511702714475,20.028636262066524,438953045.5311924,1752674181.543438,1.0,WITHIN_REFERENCE_RANGE,7.634673098095728,1.4446444740889974,1213221808.5343704,20.028636262066524,1770200923.3588727,26681057185.27341,18468943510.892994
WMB,midstream,BASE,1,12630289083.08431,5.852238376502766,26.336878190587203,3326423850.9309483,2624306705.924762,6.835840400226502,85.61110315432255,2246697921.095052,377608784.82971,5.852238376502766,WITHIN_REFERENCE_RANGE,6.134673098095728,1.0613467309809572,355782680.44478023,,,,
WMB,midstream,BASE,2,13247806497.087357,4.8891787823770745,26.336878190587203,3489058660.0625944,2752613752.575334,6.835840400226502,71.52271697588309,1968744143.6936908,783869608.8816433,4.8891787823770745,WITHIN_REFERENCE_RANGE,6.134673098095728,1.1264568833639643,695871826.4837224,,,,
WMB,midstream,BASE,3,13767931169.991917,3.926119188251383,26.336878190587203,3626043261.6046586,2860684649.2936406,6.835840400226502,57.43433079744362,1643015084.5469995,1217669564.7466412,3.9261191882513833,WITHIN_REFERENCE_RANGE,6.134673098095728,1.195561330749341,1018491927.9577599,,,,
WMB,midstream,BASE,4,14175883175.436983,2.963059594125691,26.336878190587203,3733485084.3547835,2945448440.252217,6.835840400226502,43.34594461900415,1276732449.6930475,1668715990.5591693,2.963059594125691,WITHIN_REFERENCE_RANGE,6.134673098095728,1.268905110078056,1315083355.962306,,,,
WMB,midstream,BASE,5,14459400838.945723,2.0,26.336878190587203,3808154786.041879,3004357409.057261,6.835840400226502,29.25755844056469,879001624.7183633,2125355784.3388977,2.0,WITHIN_REFERENCE_RANGE,6.134673098095728,1.3467482905063766,1578138839.5449643,29.25755844056469,2167862900.025676,52431301062.812195,38931774729.11293
WMB,midstream,BULL,1,13001238710.877874,8.961102169610086,34.01403672213361,4422246109.450251,3488830840.673554,8.326743699312928,107.61832588109445,3754621343.5561924,-265790502.88263845,8.961102169610086,WITHIN_REFERENCE_RANGE,5.134673098095728,1.0513467309809572,-252809558.49326995,,,,
WMB,midstream,BULL,2,13956287165.96836,7.345826627207565,34.01403672213361,4747096641.678898,3745114305.5459814,8.326743699312928,88.21967977486442,3303927847.555302,441186457.99067926,7.345826627207564,WITHIN_REFERENCE_RANGE,5.134673098095728,1.1053299487443453,399144579.8531624,,,,
WMB,midstream,BULL,3,14756059331.556269,5.730551084805043,34.01403672213361,5019131439.7753725,3959729994.0096364,8.326743699312928,68.82103366863439,2725127112.3643866,1234602881.6452498,5.730551084805042,WITHIN_REFERENCE_RANGE,5.134673098095728,1.1620850282677164,1062403224.9048363,,,,
WMB,midstream,BULL,4,15363311832.250208,4.115275542402522,34.01403672213361,5225682528.357484,4122683793.9982915,8.326743699312928,49.42238756240436,2037528762.642272,2085155031.3560195,4.115275542402522,WITHIN_REFERENCE_RANGE,5.134673098095728,1.2217542955911769,1706689339.158054,,,,
WMB,midstream,BULL,5,15747394628.056461,2.5,34.01403672213361,5356324591.566421,4225750888.8482485,8.326743699312928,30.023741456174335,1268728521.4497871,2957022367.3984613,2.5,WITHIN_REFERENCE_RANGE,5.134673098095728,1.2844873847317257,2302103082.169278,30.023741456174335,3030947926.5834227,115040758899.99832,89561610543.98007
XOM,integrated,BEAR,1,341890773894.8786,2.287169897284816,11.553858262047745,39501575426.832405,25676024027.441063,10.233962587831419,22.348820192135058,5738288442.382197,19937735585.058865,2.287169897284816,WITHIN_REFERENCE_RANGE,8.163191622589194,1.0816319162258918,18433013380.95408,,,,
XOM,integrated,BEAR,2,348610217976.2041,1.9653774229636118,11.553858262047745,40277930471.98631,26180654806.791103,10.233962587831419,19.204461674508387,5027853818.505536,21152800988.28557,1.9653774229636116,WITHIN_REFERENCE_RANGE,8.163191622589194,1.1699276021984948,18080435873.58382,,,,
XOM,integrated,BEAR,3,354339923048.29047,1.643584948642408,11.553858262047745,40939932474.84853,26610956108.651546,10.233962587831419,16.06010315688172,4273747002.081956,22337209106.56959,1.643584948642408,WITHIN_REFERENCE_RANGE,8.163191622589194,1.2654310342115207,17651858143.725483,,,,
XOM,integrated,BEAR,4,359023561484.6583,1.321792474321204,11.553858262047745,41481073421.29326,26962697723.84062,10.233962587831419,12.91574463925505,3482433185.865488,23480264537.97513,1.321792474321204,WITHIN_REFERENCE_RANGE,8.163191622589194,1.3687305943859192,17154774383.128,,,,
XOM,integrated,BEAR,5,362613797099.5049,1.0,11.553858262047745,41895884155.506195,27232324701.07903,10.233962587831419,9.771386121628382,2660975596.4380136,24571349104.641014,1.0,WITHIN_REFERENCE_RANGE,8.163191622589194,1.4804626956026457,16597074129.340935,9.771386121628382,24817062595.687424,346452585708.1161,234016423876.91986
XOM,integrated,BASE,1,345958403494.4288,3.5041267492890857,14.29580533887938,49457539917.05842,32147400946.087975,13.764362164705787,25.457966793944692,8184074657.971338,23963326288.11664,3.5041267492890857,WITHIN_REFERENCE_RANGE,6.663191622589194,1.066631916225892,22466350315.96192,,,,
XOM,integrated,BASE,2,356780311230.5972,3.1280950619668144,14.29580533887938,51004618780.97418,33153002207.63322,13.764362164705787,22.72604443660886,7534366013.776643,25618636193.85658,3.128095061966814,WITHIN_REFERENCE_RANGE,6.663191622589194,1.1377036447117181,22517846640.41229,,,,
XOM,integrated,BASE,3,366599131503.91736,2.7520633746445426,14.29580533887938,52408298213.82245,34065393838.984592,13.764362164705787,19.994122079273026,6811076430.951732,27254317408.03286,2.752063374644542,WITHIN_REFERENCE_RANGE,6.663191622589194,1.2135110186560412,22459060518.640293,,,,
XOM,integrated,BASE,4,375309643033.8987,2.3760316873222713,14.29580533887938,53653535986.16923,34874798391.01,13.764362164705787,17.2621997219372,6020157350.879087,28854641040.130913,2.3760316873222713,WITHIN_REFERENCE_RANGE,6.663191622589194,1.2943695831903275,22292428232.909157,,,,
XOM,integrated,BASE,5,382815835894.57666,2.0,14.29580533887938,54726606705.89262,35572294358.8302,13.764362164705787,14.530277364601368,5168753035.290474,30403541323.539726,1.9999999999999998,WITHIN_REFERENCE_RANGE,6.663191622589194,1.3806159088228078,22021723152.142673,14.530277364601368,31011612150.01052,665029762015.0469,481690640941.6138
XOM,integrated,BULL,1,378410081994.9864,13.213047275056816,17.58498119219652,66543341748.19378,43253172136.32596,21.049837330939255,62.7703058571201,27150148442.878452,16103023693.447506,13.213047275056818,WITHIN_REFERENCE_RANGE,5.663191622589194,1.056631916225892,15239955793.654943,,,,
XOM,integrated,BULL,2,418274772278.13916,10.534785456292612,17.58498119219652,73553540036.8136,47809801023.92884,21.049837330939255,50.046873477774966,23927310628.421627,23882490395.507214,10.534785456292612,WITHIN_REFERENCE_RANGE,5.663191622589194,1.1164710063872003,21391052932.74816,,,,
XOM,integrated,BULL,3,451136628631.98926,7.856523637528408,17.58498119219652,79332291296.04477,51565989342.4291,21.049837330939255,37.32344109842984,19246201659.044132,32319787683.384968,7.856523637528409,WITHIN_REFERENCE_RANGE,5.663191622589194,1.1796988988895574,27396641391.97499,,,,
XOM,integrated,BULL,4,474497664422.8996,5.178261818764204,17.58498119219652,83440325046.17865,54236211280.01612,21.049837330939255,24.600008719084705,13342112703.78517,40894098576.23095,5.178261818764204,WITHIN_REFERENCE_RANGE,5.663191622589194,1.2465075081032477,32806941242.141083,,,,
XOM,integrated,BULL,5,486360106033.47205,2.5,17.58498119219652,85526333172.3331,55592116562.01652,21.049837330939255,11.876576339739575,6602440162.3649,48989676399.65162,2.5,WITHIN_REFERENCE_RANGE,5.663191622589194,1.3170996168770963,37195118555.88296,11.876576339739575,50214418309.64291,1587460524081.0696,1205269900423.3342
