experiment,ticker,scenario,scenario_weight,enterprise_value_usd,pv_explicit_fcff_usd,pv_terminal_value_usd,fair_value,market_price,weighted_ev,weighted_explicit,weighted_terminal,weighted_fair_value
ORIGINAL_V1_1,AR,BEAR,0.2,1656921.9112616181,462150610.38746417,-460493688.47620255,-9.112269323412187,37.93999862670898,331384.3822523237,92430122.07749283,-92098737.69524051,-1.8224538646824375
ORIGINAL_V1_1,AR,BASE,0.6,18566094787.835796,-570394764.1830441,19136489552.01884,50.80471213104932,37.93999862670898,11139656872.701477,-342236858.5098264,11481893731.211304,30.482827278629593
ORIGINAL_V1_1,AR,BULL,0.2,74870091844.00357,5162611014.771986,69707480829.23158,232.52664585136515,37.93999862670898,14974018368.800714,1032522202.9543972,13941496165.846317,46.50532917027303
ORIGINAL_V1_1,CNX,BEAR,0.2,-8713459001.187183,-7120596528.214897,-1592862472.9722853,-78.29200149662698,36.36000061035156,-1742691800.2374368,-1424119305.6429796,-318572494.5944571,-15.658400299325397
ORIGINAL_V1_1,CNX,BASE,0.6,13194210568.809788,6054067981.255012,7140142587.554777,76.55703820358853,36.36000061035156,7916526341.285872,3632440788.753007,4284085552.532866,45.93422292215312
ORIGINAL_V1_1,CNX,BULL,0.2,42633576199.85771,4560231578.17622,38073344621.681496,284.64204162150025,36.36000061035156,8526715239.971542,912046315.635244,7614668924.3363,56.92840832430005
ORIGINAL_V1_1,COP,BEAR,0.2,87894167403.90703,19080078448.35764,68814088955.5494,58.696149692138334,134.8699951171875,17578833480.781406,3816015689.671528,13762817791.109879,11.739229938427668
ORIGINAL_V1_1,COP,BASE,0.6,242651410406.84454,36434403303.29564,206217007103.5489,185.72397886452424,134.8699951171875,145590846244.10672,21860641981.977383,123730204262.12933,111.43438731871454
ORIGINAL_V1_1,COP,BULL,0.2,635579866068.3569,50928801195.15828,584651064873.1986,508.24748583726466,134.8699951171875,127115973213.67139,10185760239.031656,116930212974.63972,101.64949716745294
ORIGINAL_V1_1,DVN,BEAR,0.2,22665974471.77619,6376965642.073253,16289008829.702938,25.817467769192454,49.09999847412109,4533194894.355239,1275393128.4146507,3257801765.940588,5.163493553838491
ORIGINAL_V1_1,DVN,BASE,0.6,72967813294.25755,12289659428.755884,60678153865.50166,106.76667733224582,49.09999847412109,43780687976.55453,7373795657.2535305,36406892319.300995,64.06000639934749
ORIGINAL_V1_1,DVN,BULL,0.2,177229627989.14038,17814035210.4055,159415592778.7349,274.5520244434187,49.09999847412109,35445925597.82808,3562807042.0811,31883118555.74698,54.91040488868374
ORIGINAL_V1_1,EOG,BEAR,0.2,28212901803.119503,8366719777.931476,19846182025.188026,45.30531213399234,153.0500030517578,5642580360.623901,1673343955.5862951,3969236405.0376053,9.061062426798468
ORIGINAL_V1_1,EOG,BASE,0.6,127632258702.26196,23595931988.42006,104036326713.8419,231.9632759857268,153.0500030517578,76579355221.35718,14157559193.052034,62421796028.30514,139.17796559143608
ORIGINAL_V1_1,EOG,BULL,0.2,305785268364.8355,31689415529.909157,274095852834.92636,566.4421850719027,153.0500030517578,61157053672.9671,6337883105.981832,54819170566.985275,113.28843701438055
ORIGINAL_V1_1,EQT,BEAR,0.2,-29109197398.656296,-23881245105.099346,-5227952293.55695,-61.46231905623586,53.720001220703125,-5821839479.731259,-4776249021.01987,-1045590458.71139,-12.292463811247174
ORIGINAL_V1_1,EQT,BASE,0.6,21628993237.810226,9655706631.974384,11973286605.83584,19.65674610107826,53.720001220703125,12977395942.686136,5793423979.18463,7183971963.501504,11.794047660646955
ORIGINAL_V1_1,EQT,BULL,0.2,103399152998.59135,11759044119.17521,91640108879.41614,150.38901767702677,53.720001220703125,20679830599.718273,2351808823.8350425,18328021775.88323,30.077803535405355
ORIGINAL_V1_1,FANG,BEAR,0.2,40150810941.70343,1038370102.2088699,39112440839.49456,72.01867511333256,210.72000122070312,8030162188.340687,207674020.441774,7822488167.898912,14.403735022666513
ORIGINAL_V1_1,FANG,BASE,0.6,166453901320.6653,13598137877.45031,152855763443.215,520.9952849141906,210.72000122070312,99872340792.39919,8158882726.470185,91713458065.929,312.59717094851436
ORIGINAL_V1_1,FANG,BULL,0.2,333411594235.4355,20978696921.56315,312432897313.8723,1114.4890681631573,210.72000122070312,66682318847.0871,4195739384.3126297,62486579462.77447,222.89781363263148
ORIGINAL_V1_1,MGY,BEAR,0.2,3395027897.6464705,1213741040.4540386,2181286857.192432,16.901828815196122,28.13999938964844,679005579.5292941,242748208.09080774,436257371.4384864,3.3803657630392245
ORIGINAL_V1_1,MGY,BASE,0.6,8472454848.64063,1828355991.945104,6644098856.695526,44.35511000365314,28.13999938964844,5083472909.184378,1097013595.1670623,3986459314.0173154,26.613066002191882
ORIGINAL_V1_1,MGY,BULL,0.2,20209955433.16657,2361844301.100089,17848111132.06648,107.81892880533496,28.13999938964844,4041991086.633314,472368860.22001785,3569622226.4132957,21.563785761066995
ORIGINAL_V1_1,MTDR,BEAR,0.2,-25418016.24988079,403166042.1211599,-428584058.3710407,-30.537511348506214,58.380001068115234,-5083603.249976158,80633208.42423199,-85716811.67420815,-6.107502269701243
ORIGINAL_V1_1,MTDR,BASE,0.6,29449750085.92203,4156064549.530354,25293685536.391678,206.8242936494981,58.380001068115234,17669850051.55322,2493638729.718212,15176211321.835007,124.09457618969884
ORIGINAL_V1_1,MTDR,BULL,0.2,69364269585.65363,6100394350.469731,63263875235.1839,528.2535849513589,58.380001068115234,13872853917.130726,1220078870.0939462,12652775047.036781,105.65071699027179
ORIGINAL_V1_1,NOG,BEAR,0.2,-812486301.5861207,886565465.4738704,-1699051767.0599911,-31.448511058778728,27.34000015258789,-162497260.31722414,177313093.0947741,-339810353.4119983,-6.2897022117557455
ORIGINAL_V1_1,NOG,BASE,0.6,9247813996.209562,1117696350.381044,8130117645.828519,63.64737234342018,27.34000015258789,5548688397.725738,670617810.2286264,4878070587.497111,38.18842340605211
ORIGINAL_V1_1,NOG,BULL,0.2,33393171644.24742,3218776395.4276295,30174395248.81979,291.8835131776361,27.34000015258789,6678634328.849484,643755279.0855259,6034879049.763958,58.37670263552722
ORIGINAL_V1_1,OVV,BEAR,0.2,6520652429.803373,4334551787.188931,2186100642.6144423,0.5183017397605411,66.82,1304130485.9606748,866910357.4377863,437220128.5228885,0.10366034795210821
ORIGINAL_V1_1,OVV,BASE,0.6,20218592518.77266,7082263736.92314,13136328781.849522,49.262192856666665,66.82,12131155511.263596,4249358242.1538835,7881797269.109713,29.557315713999998
ORIGINAL_V1_1,OVV,BULL,0.2,48096463705.58344,9154034350.062986,38942429355.520454,148.46513204861995,66.82,9619292741.11669,1830806870.0125973,7788485871.104092,29.69302640972399
ORIGINAL_V1_1,PR,BEAR,0.2,-119519046.36390282,28226829.57493888,-147745875.9388417,-4.174320578759222,23.75,-23903809.272780567,5645365.914987776,-29549175.18776834,-0.8348641157518444
ORIGINAL_V1_1,PR,BASE,0.6,27758366490.6897,1815350006.1518452,25943016484.537857,29.121130220031283,23.75,16655019894.41382,1089210003.691107,15565809890.722713,17.472678132018768
ORIGINAL_V1_1,PR,BULL,0.2,63990629314.09153,4087788606.4368796,59902840707.65465,72.39448115484262,23.75,12798125862.818306,817557721.2873759,11980568141.53093,14.478896230968525
ORIGINAL_V1_1,RRC,BEAR,0.2,-8595807853.67321,-6995288114.053935,-1600519739.6192756,-39.95724025924211,41.060001373291016,-1719161570.734642,-1399057622.8107872,-320103947.9238551,-7.9914480518484226
ORIGINAL_V1_1,RRC,BASE,0.6,11363438932.027668,3451033154.388961,7912405777.638707,44.75142704913338,41.060001373291016,6818063359.2166,2070619892.6333764,4747443466.583224,26.85085622948003
ORIGINAL_V1_1,RRC,BULL,0.2,28154223487.08167,4501316508.271591,23652906978.810078,116.0128828541518,41.060001373291016,5630844697.416334,900263301.6543183,4730581395.762015,23.20257657083036
ORIGINAL_V1_1,SM,BEAR,0.2,4613247155.810712,485584919.9923187,4127662235.818393,14.557063880862119,37.20000076293945,922649431.1621424,97116983.99846375,825532447.1636786,2.911412776172424
ORIGINAL_V1_1,SM,BASE,0.6,28356136968.84457,3577064660.75684,24779072308.08773,113.58946620046368,37.20000076293945,17013682181.306742,2146238796.454104,14867443384.852638,68.1536797202782
ORIGINAL_V1_1,SM,BULL,0.2,57738528703.61018,5704619461.947395,52033909241.66279,236.14442317086917,37.20000076293945,11547705740.722038,1140923892.3894792,10406781848.332558,47.22888463417384
NO_NEAR_TERM_REVENUE_ANCHOR,AR,BEAR,0.2,1656921.9112616181,462150610.38746417,-460493688.47620255,-9.112269323412187,37.93999862670898,331384.3822523237,92430122.07749283,-92098737.69524051,-1.8224538646824375
NO_NEAR_TERM_REVENUE_ANCHOR,AR,BASE,0.6,18566094787.835796,-570394764.1830441,19136489552.01884,50.80471213104932,37.93999862670898,11139656872.701477,-342236858.5098264,11481893731.211304,30.482827278629593
NO_NEAR_TERM_REVENUE_ANCHOR,AR,BULL,0.2,74870091844.00357,5162611014.771986,69707480829.23158,232.52664585136515,37.93999862670898,14974018368.800714,1032522202.9543972,13941496165.846317,46.50532917027303
NO_NEAR_TERM_REVENUE_ANCHOR,CNX,BEAR,0.2,-8713459001.187183,-7120596528.214897,-1592862472.9722853,-78.29200149662698,36.36000061035156,-1742691800.2374368,-1424119305.6429796,-318572494.5944571,-15.658400299325397
NO_NEAR_TERM_REVENUE_ANCHOR,CNX,BASE,0.6,13194210568.809788,6054067981.255012,7140142587.554777,76.55703820358853,36.36000061035156,7916526341.285872,3632440788.753007,4284085552.532866,45.93422292215312
NO_NEAR_TERM_REVENUE_ANCHOR,CNX,BULL,0.2,42633576199.85771,4560231578.17622,38073344621.681496,284.64204162150025,36.36000061035156,8526715239.971542,912046315.635244,7614668924.3363,56.92840832430005
NO_NEAR_TERM_REVENUE_ANCHOR,COP,BEAR,0.2,86587720035.97867,23002461498.346516,63585258537.63215,57.62379165670366,134.8699951171875,17317544007.195736,4600492299.669303,12717051707.52643,11.524758331340733
NO_NEAR_TERM_REVENUE_ANCHOR,COP,BASE,0.6,230059603991.07825,39141095714.03166,190918508277.0466,175.38837321973156,134.8699951171875,138035762394.64694,23484657428.418995,114551104966.22795,105.23302393183893
NO_NEAR_TERM_REVENUE_ANCHOR,COP,BULL,0.2,597485090269.2128,53046720342.91913,544438369926.29364,476.97853468076096,134.8699951171875,119497018053.84256,10609344068.583826,108887673985.25873,95.3957069361522
NO_NEAR_TERM_REVENUE_ANCHOR,DVN,BEAR,0.2,22555521502.48078,7089132719.366543,15466388783.11424,25.639719186483394,49.09999847412109,4511104300.496157,1417826543.8733087,3093277756.6228485,5.127943837296679
NO_NEAR_TERM_REVENUE_ANCHOR,DVN,BASE,0.6,70595567855.33421,12886901557.230839,57708666298.10338,102.94909535779564,49.09999847412109,42357340713.20052,7732140934.338503,34625199778.86202,61.76945721467738
NO_NEAR_TERM_REVENUE_ANCHOR,DVN,BULL,0.2,170103655686.25388,18131850948.407158,151971804737.8467,263.0844153303088,49.09999847412109,34020731137.25078,3626370189.681432,30394360947.569344,52.61688306606176
NO_NEAR_TERM_REVENUE_ANCHOR,EOG,BEAR,0.2,29346349472.02143,11787310375.97925,17559039096.04218,47.433338713608585,153.0500030517578,5869269894.404286,2357462075.19585,3511807819.208436,9.486667742721718
NO_NEAR_TERM_REVENUE_ANCHOR,EOG,BASE,0.6,116967094776.81584,24598890663.836193,92368204112.97964,211.93963225517763,153.0500030517578,70180256866.08951,14759334398.301716,55420922467.78779,127.16377935310658
NO_NEAR_TERM_REVENUE_ANCHOR,EOG,BULL,0.2,277651821937.86615,32092156980.04706,245559664957.8191,513.6221710426705,153.0500030517578,55530364387.573235,6418431396.009412,49111932991.56382,102.7244342085341
NO_NEAR_TERM_REVENUE_ANCHOR,EQT,BEAR,0.2,-29109197398.656296,-23881245105.099346,-5227952293.55695,-61.46231905623586,53.720001220703125,-5821839479.731259,-4776249021.01987,-1045590458.71139,-12.292463811247174
NO_NEAR_TERM_REVENUE_ANCHOR,EQT,BASE,0.6,21628993237.810226,9655706631.974384,11973286605.83584,19.65674610107826,53.720001220703125,12977395942.686136,5793423979.18463,7183971963.501504,11.794047660646955
NO_NEAR_TERM_REVENUE_ANCHOR,EQT,BULL,0.2,103399152998.59135,11759044119.17521,91640108879.41614,150.38901767702677,53.720001220703125,20679830599.718273,2351808823.8350425,18328021775.88323,30.077803535405355
NO_NEAR_TERM_REVENUE_ANCHOR,FANG,BEAR,0.2,40150810941.70343,1038370102.2088699,39112440839.49456,72.01867511333256,210.72000122070312,8030162188.340687,207674020.441774,7822488167.898912,14.403735022666513
NO_NEAR_TERM_REVENUE_ANCHOR,FANG,BASE,0.6,166453901320.6653,13598137877.45031,152855763443.215,520.9952849141906,210.72000122070312,99872340792.39919,8158882726.470185,91713458065.929,312.59717094851436
NO_NEAR_TERM_REVENUE_ANCHOR,FANG,BULL,0.2,333411594235.4355,20978696921.56315,312432897313.8723,1114.4890681631573,210.72000122070312,66682318847.0871,4195739384.3126297,62486579462.77447,222.89781363263148
NO_NEAR_TERM_REVENUE_ANCHOR,MGY,BEAR,0.2,3395027897.6464705,1213741040.4540386,2181286857.192432,16.901828815196122,28.13999938964844,679005579.5292941,242748208.09080774,436257371.4384864,3.3803657630392245
NO_NEAR_TERM_REVENUE_ANCHOR,MGY,BASE,0.6,8472454848.64063,1828355991.945104,6644098856.695526,44.35511000365314,28.13999938964844,5083472909.184378,1097013595.1670623,3986459314.0173154,26.613066002191882
NO_NEAR_TERM_REVENUE_ANCHOR,MGY,BULL,0.2,20209955433.16657,2361844301.100089,17848111132.06648,107.81892880533496,28.13999938964844,4041991086.633314,472368860.22001785,3569622226.4132957,21.563785761066995
NO_NEAR_TERM_REVENUE_ANCHOR,MTDR,BEAR,0.2,-25418016.24988079,403166042.1211599,-428584058.3710407,-30.537511348506214,58.380001068115234,-5083603.249976158,80633208.42423199,-85716811.67420815,-6.107502269701243
NO_NEAR_TERM_REVENUE_ANCHOR,MTDR,BASE,0.6,29449750085.92203,4156064549.530354,25293685536.391678,206.8242936494981,58.380001068115234,17669850051.55322,2493638729.718212,15176211321.835007,124.09457618969884
NO_NEAR_TERM_REVENUE_ANCHOR,MTDR,BULL,0.2,69364269585.65363,6100394350.469731,63263875235.1839,528.2535849513589,58.380001068115234,13872853917.130726,1220078870.0939462,12652775047.036781,105.65071699027179
NO_NEAR_TERM_REVENUE_ANCHOR,NOG,BEAR,0.2,-812486301.5861207,886565465.4738704,-1699051767.0599911,-31.448511058778728,27.34000015258789,-162497260.31722414,177313093.0947741,-339810353.4119983,-6.2897022117557455
NO_NEAR_TERM_REVENUE_ANCHOR,NOG,BASE,0.6,9247813996.209562,1117696350.381044,8130117645.828519,63.64737234342018,27.34000015258789,5548688397.725738,670617810.2286264,4878070587.497111,38.18842340605211
NO_NEAR_TERM_REVENUE_ANCHOR,NOG,BULL,0.2,33393171644.24742,3218776395.4276295,30174395248.81979,291.8835131776361,27.34000015258789,6678634328.849484,643755279.0855259,6034879049.763958,58.37670263552722
NO_NEAR_TERM_REVENUE_ANCHOR,OVV,BEAR,0.2,6520652429.803373,4334551787.188931,2186100642.6144423,0.5183017397605411,66.82,1304130485.9606748,866910357.4377863,437220128.5228885,0.10366034795210821
NO_NEAR_TERM_REVENUE_ANCHOR,OVV,BASE,0.6,20218592518.77266,7082263736.92314,13136328781.849522,49.262192856666665,66.82,12131155511.263596,4249358242.1538835,7881797269.109713,29.557315713999998
NO_NEAR_TERM_REVENUE_ANCHOR,OVV,BULL,0.2,48096463705.58344,9154034350.062986,38942429355.520454,148.46513204861995,66.82,9619292741.11669,1830806870.0125973,7788485871.104092,29.69302640972399
NO_NEAR_TERM_REVENUE_ANCHOR,PR,BEAR,0.2,-119519046.36390282,28226829.57493888,-147745875.9388417,-4.174320578759222,23.75,-23903809.272780567,5645365.914987776,-29549175.18776834,-0.8348641157518444
NO_NEAR_TERM_REVENUE_ANCHOR,PR,BASE,0.6,27758366490.6897,1815350006.1518452,25943016484.537857,29.121130220031283,23.75,16655019894.41382,1089210003.691107,15565809890.722713,17.472678132018768
NO_NEAR_TERM_REVENUE_ANCHOR,PR,BULL,0.2,63990629314.09153,4087788606.4368796,59902840707.65465,72.39448115484262,23.75,12798125862.818306,817557721.2873759,11980568141.53093,14.478896230968525
NO_NEAR_TERM_REVENUE_ANCHOR,RRC,BEAR,0.2,-8595807853.67321,-6995288114.053935,-1600519739.6192756,-39.95724025924211,41.060001373291016,-1719161570.734642,-1399057622.8107872,-320103947.9238551,-7.9914480518484226
NO_NEAR_TERM_REVENUE_ANCHOR,RRC,BASE,0.6,11363438932.027668,3451033154.388961,7912405777.638707,44.75142704913338,41.060001373291016,6818063359.2166,2070619892.6333764,4747443466.583224,26.85085622948003
NO_NEAR_TERM_REVENUE_ANCHOR,RRC,BULL,0.2,28154223487.08167,4501316508.271591,23652906978.810078,116.0128828541518,41.060001373291016,5630844697.416334,900263301.6543183,4730581395.762015,23.20257657083036
NO_NEAR_TERM_REVENUE_ANCHOR,SM,BEAR,0.2,4613247155.810712,485584919.9923187,4127662235.818393,14.557063880862119,37.20000076293945,922649431.1621424,97116983.99846375,825532447.1636786,2.911412776172424
NO_NEAR_TERM_REVENUE_ANCHOR,SM,BASE,0.6,28356136968.84457,3577064660.75684,24779072308.08773,113.58946620046368,37.20000076293945,17013682181.306742,2146238796.454104,14867443384.852638,68.1536797202782
NO_NEAR_TERM_REVENUE_ANCHOR,SM,BULL,0.2,57738528703.61018,5704619461.947395,52033909241.66279,236.14442317086917,37.20000076293945,11547705740.722038,1140923892.3894792,10406781848.332558,47.22888463417384
GROWTH_IMMEDIATELY_AT_TERMINAL_RATE,AR,BEAR,0.2,-532913314.73088515,-146213001.7885306,-386700312.94235456,-10.837602198359406,37.93999862670898,-106582662.94617704,-29242600.35770612,-77340062.58847092,-2.1675204396718812
GROWTH_IMMEDIATELY_AT_TERMINAL_RATE,AR,BASE,0.6,16384265975.51666,2987574903.326507,13396691072.190153,43.762829288774256,37.93999862670898,9830559585.309996,1792544941.9959042,8038014643.314092,26.257697573264554
GROWTH_IMMEDIATELY_AT_TERMINAL_RATE,AR,BULL,0.2,53092231159.718666,6451461298.07934,46640769861.63933,162.23829755005443,37.93999862670898,10618446231.943733,1290292259.615868,9328153972.327866,32.44765951001089
GROWTH_IMMEDIATELY_AT_TERMINAL_RATE,CNX,BEAR,0.2,-3409178028.2973194,-980331015.084517,-2428847013.2128024,-40.799980160090364,36.36000061035156,-681835605.6594639,-196066203.0169034,-485769402.6425605,-8.159996032018073
GROWTH_IMMEDIATELY_AT_TERMINAL_RATE,CNX,BASE,0.6,12402586232.48645,2448463297.9639463,9954122934.522505,70.96163391417619,36.36000061035156,7441551739.49187,1469077978.7783678,5972473760.713503,42.576980348505714
GROWTH_IMMEDIATELY_AT_TERMINAL_RATE,CNX,BULL,0.2,35527365837.450066,4897769989.8685875,30629595847.58148,234.41352018928217,36.36000061035156,7105473167.490013,979553997.9737176,6125919169.516296,46.882704037856435
GROWTH_IMMEDIATELY_AT_TERMINAL_RATE,COP,BEAR,0.2,86110135839.23352,24212016724.499763,61898119114.73376,57.23178103036792,134.8699951171875,17222027167.846706,4842403344.899953,12379623822.946753,11.446356206073585
GROWTH_IMMEDIATELY_AT_TERMINAL_RATE,COP,BASE,0.6,217968312648.77432,41441225355.29211,176527087293.4822,165.4636003218674,134.8699951171875,130780987589.26459,24864735213.175262,105916252376.08932,99.27816019312044
GROWTH_IMMEDIATELY_AT_TERMINAL_RATE,COP,BULL,0.2,449614524200.5397,58428736940.268425,391185787260.27124,355.60342717875625,134.8699951171875,89922904840.10794,11685747388.053686,78237157452.05424,71.12068543575126
GROWTH_IMMEDIATELY_AT_TERMINAL_RATE,DVN,BEAR,0.2,22670522183.020214,6341751461.347965,16328770721.672249,25.82478626169973,49.09999847412109,4534104436.604043,1268350292.269593,3265754144.33445,5.1649572523399465
GROWTH_IMMEDIATELY_AT_TERMINAL_RATE,DVN,BASE,0.6,69613453687.10587,13120768970.06678,56492684717.03908,101.36860908771462,49.09999847412109,41768072212.26352,7872461382.040068,33895610830.223446,60.82116545262877
GROWTH_IMMEDIATELY_AT_TERMINAL_RATE,DVN,BULL,0.2,147406505997.5531,18892994858.260952,128513511139.29214,226.55858705753636,49.09999847412109,29481301199.51062,3778598971.6521907,25702702227.85843,45.311717411507274
GROWTH_IMMEDIATELY_AT_TERMINAL_RATE,EOG,BEAR,0.2,28094138059.689354,8039964718.618776,20054173341.07058,45.08233544997928,153.0500030517578,5618827611.937871,1607992943.7237554,4010834668.214116,9.016467089995857
GROWTH_IMMEDIATELY_AT_TERMINAL_RATE,EOG,BASE,0.6,122929134964.0696,24074748193.745758,98854386770.32384,223.133250042144,153.0500030517578,73757480978.44176,14444848916.247454,59312632062.1943,133.8799500252864
GROWTH_IMMEDIATELY_AT_TERMINAL_RATE,EOG,BULL,0.2,236240059214.41757,32164858362.40332,204075200852.01425,435.8723690869837,153.0500030517578,47248011842.883514,6432971672.480664,40815040170.402855,87.17447381739674
GROWTH_IMMEDIATELY_AT_TERMINAL_RATE,EQT,BEAR,0.2,-11255976821.09734,-3284230026.3282266,-7971746794.769114,-32.9189960655648,53.720001220703125,-2251195364.219468,-656846005.2656454,-1594349358.9538229,-6.58379921311296
GROWTH_IMMEDIATELY_AT_TERMINAL_RATE,EQT,BASE,0.6,21637981863.04229,4375984974.317496,17261996888.724792,19.671116910654394,53.720001220703125,12982789117.825373,2625590984.5904975,10357198133.234875,11.802670146392636
GROWTH_IMMEDIATELY_AT_TERMINAL_RATE,EQT,BULL,0.2,91839077214.66295,13140923959.554752,78698153255.1082,131.90703144581096,53.720001220703125,18367815442.93259,2628184791.9109507,15739630651.02164,26.381406289162193
GROWTH_IMMEDIATELY_AT_TERMINAL_RATE,FANG,BEAR,0.2,42602830812.04138,11298068196.888273,31304762615.153107,80.73500632300855,210.72000122070312,8520566162.408277,2259613639.3776546,6260952523.030622,16.14700126460171
GROWTH_IMMEDIATELY_AT_TERMINAL_RATE,FANG,BASE,0.6,131625765247.57184,22621722275.62821,109004042971.94363,397.18977538261134,210.72000122070312,78975459148.5431,13573033365.376925,65402425783.166176,238.3138652295668
GROWTH_IMMEDIATELY_AT_TERMINAL_RATE,FANG,BULL,0.2,234922466021.0006,25875880382.364918,209046585638.63568,764.3842943584732,210.72000122070312,46984493204.20013,5175176076.472984,41809317127.72714,152.87685887169465
GROWTH_IMMEDIATELY_AT_TERMINAL_RATE,MGY,BEAR,0.2,3648928649.870581,1072810713.3289003,2576117936.541681,18.274651863571926,28.13999938964844,729785729.9741163,214562142.66578007,515223587.3083362,3.6549303727143854
GROWTH_IMMEDIATELY_AT_TERMINAL_RATE,MGY,BASE,0.6,8876062226.703716,1817675747.0262685,7058386479.677447,46.537385976630404,28.13999938964844,5325637336.022229,1090605448.215761,4235031887.806468,27.92243158597824
GROWTH_IMMEDIATELY_AT_TERMINAL_RATE,MGY,BULL,0.2,15850260426.00271,2311742945.615477,13538517480.387234,84.24637245291976,28.13999938964844,3170052085.2005424,462348589.12309545,2707703496.077447,16.84927449058395
GROWTH_IMMEDIATELY_AT_TERMINAL_RATE,MTDR,BEAR,0.2,-501984412.1364919,-138659721.3534758,-363324690.7830161,-34.375272664639446,58.380001068115234,-100396882.42729838,-27731944.270695165,-72664938.15660322,-6.87505453292789
GROWTH_IMMEDIATELY_AT_TERMINAL_RATE,MTDR,BASE,0.6,24611256112.029873,4539963597.993317,20071292514.036556,167.86018463631208,58.380001068115234,14766753667.217924,2723978158.79599,12042775508.421934,100.71611078178725
GROWTH_IMMEDIATELY_AT_TERMINAL_RATE,MTDR,BULL,0.2,48311119622.948875,5981719531.326002,42329400091.62287,358.71379950487517,58.380001068115234,9662223924.589775,1196343906.2652004,8465880018.324574,71.74275990097503
GROWTH_IMMEDIATELY_AT_TERMINAL_RATE,NOG,BEAR,0.2,-2133822207.9878159,-609254395.9225582,-1524567812.0652575,-43.93855624339876,27.34000015258789,-426764441.5975632,-121850879.18451165,-304913562.41305155,-8.787711248679752
GROWTH_IMMEDIATELY_AT_TERMINAL_RATE,NOG,BASE,0.6,7873648821.498583,1536086411.2333117,6337562410.265271,50.657953801081995,27.34000015258789,4724189292.89915,921651846.739987,3802537446.1591625,30.394772280649196
GROWTH_IMMEDIATELY_AT_TERMINAL_RATE,NOG,BULL,0.2,23349591187.28183,3160122169.42892,20189469017.85291,196.94567555806955,27.34000015258789,4669918237.456367,632024433.885784,4037893803.570582,39.38913511161391
GROWTH_IMMEDIATELY_AT_TERMINAL_RATE,OVV,BEAR,0.2,4483151919.613533,1497750521.919331,2985401397.6942024,-6.732109809295033,66.82,896630383.9227066,299550104.38386625,597080279.5388405,-1.3464219618590068
GROWTH_IMMEDIATELY_AT_TERMINAL_RATE,OVV,BASE,0.6,22828231867.815773,5719341261.763926,17108890606.051847,58.54855091181588,66.82,13696939120.689463,3431604757.0583553,10265334363.631107,35.129130547089524
GROWTH_IMMEDIATELY_AT_TERMINAL_RATE,OVV,BULL,0.2,47020075234.651436,9189698187.252472,37830377047.398964,144.63482164531678,66.82,9404015046.930288,1837939637.4504945,7566075409.479794,28.926964329063356
GROWTH_IMMEDIATELY_AT_TERMINAL_RATE,PR,BEAR,0.2,-195716820.80786544,-57649314.55204215,-138067506.25582328,-4.265326019132532,23.75,-39143364.16157309,-11529862.91040843,-27613501.25116466,-0.8530652038265064
GROWTH_IMMEDIATELY_AT_TERMINAL_RATE,PR,BASE,0.6,24007020955.865105,4931272289.853502,19075748666.0116,24.640778203448047,23.75,14404212573.519062,2958763373.9121013,11445449199.60696,14.784466922068827
GROWTH_IMMEDIATELY_AT_TERMINAL_RATE,PR,BULL,0.2,46961724790.822075,6881168525.295091,40080556265.526985,52.056315551923525,23.75,9392344958.164415,1376233705.0590181,8016111253.105397,10.411263110384706
GROWTH_IMMEDIATELY_AT_TERMINAL_RATE,RRC,BEAR,0.2,-3357875639.6458006,-1023045195.4068906,-2334830444.2389097,-17.72702976754445,41.060001373291016,-671575127.9291601,-204609039.08137813,-466966088.84778196,-3.54540595350889
GROWTH_IMMEDIATELY_AT_TERMINAL_RATE,RRC,BASE,0.6,12676900261.982447,2750407372.363253,9926492889.619194,50.32586380098843,41.060001373291016,7606140157.189467,1650244423.4179518,5955895733.771516,30.195518280593056
GROWTH_IMMEDIATELY_AT_TERMINAL_RATE,RRC,BULL,0.2,28274119950.06374,4497056883.940235,23777063066.123505,116.52173319821766,41.060001373291016,5654823990.012749,899411376.7880471,4755412613.224701,23.304346639643533
GROWTH_IMMEDIATELY_AT_TERMINAL_RATE,SM,BEAR,0.2,4565634454.694373,1328710597.6759536,3236923857.0184193,14.358469682362838,37.20000076293945,913126890.9388747,265742119.53519073,647384771.4036839,2.8716939364725675
GROWTH_IMMEDIATELY_AT_TERMINAL_RATE,SM,BASE,0.6,21727650302.1304,4375449434.619974,17352200867.51043,85.94182248407844,37.20000076293945,13036590181.27824,2625269660.7719846,10411320520.506258,51.56509349044706
GROWTH_IMMEDIATELY_AT_TERMINAL_RATE,SM,BULL,0.2,40584836684.32156,5769325392.39564,34815511291.92593,164.59578933994544,37.20000076293945,8116967336.864313,1153865078.4791281,6963102258.385185,32.91915786798909
MARGIN_PREMIUM_PROXY_1Y_FADE,AR,BEAR,0.2,1656921.9112616181,462150610.38746417,-460493688.47620255,-9.112269323412187,37.93999862670898,331384.3822523237,92430122.07749283,-92098737.69524051,-1.8224538646824375
MARGIN_PREMIUM_PROXY_1Y_FADE,AR,BASE,0.6,12851717138.161642,-394835437.93882537,13246552576.100468,32.36147877639023,37.93999862670898,7711030282.896985,-236901262.7632952,7947931545.66028,19.416887265834138
MARGIN_PREMIUM_PROXY_1Y_FADE,AR,BULL,0.2,28997887440.78992,1999527573.9591646,26998359866.830757,84.47346803079668,37.93999862670898,5799577488.157985,399905514.7918329,5399671973.366152,16.894693606159336
MARGIN_PREMIUM_PROXY_1Y_FADE,CNX,BEAR,0.2,-8713459001.187183,-7120596528.214897,-1592862472.9722853,-78.29200149662698,36.36000061035156,-1742691800.2374368,-1424119305.6429796,-318572494.5944571,-15.658400299325397
MARGIN_PREMIUM_PROXY_1Y_FADE,CNX,BASE,0.6,4682686691.329595,2148616881.34971,2534069809.9798846,16.395399622993267,36.36000061035156,2809612014.7977567,1289170128.809826,1520441885.9879308,9.83723977379596
MARGIN_PREMIUM_PROXY_1Y_FADE,CNX,BULL,0.2,11463099573.259188,1226131920.3602104,10236967652.898977,64.32110071973084,36.36000061035156,2292619914.651838,245226384.0720421,2047393530.5797956,12.864220143946168
MARGIN_PREMIUM_PROXY_1Y_FADE,COP,BEAR,0.2,87894167403.90703,19080078448.35764,68814088955.5494,58.696149692138334,134.8699951171875,17578833480.781406,3816015689.671528,13762817791.109879,11.739229938427668
MARGIN_PREMIUM_PROXY_1Y_FADE,COP,BASE,0.6,187308569934.19818,28124608745.128616,159183961189.06958,140.29747249195668,134.8699951171875,112385141960.5189,16874765247.07717,95510376713.44174,84.178483495174
MARGIN_PREMIUM_PROXY_1Y_FADE,COP,BULL,0.2,371415182246.1465,29761373805.7635,341653808440.383,291.41584888888525,134.8699951171875,74283036449.2293,5952274761.1527,68330761688.0766,58.283169777777054
MARGIN_PREMIUM_PROXY_1Y_FADE,DVN,BEAR,0.2,22665974471.77619,6376965642.073253,16289008829.702938,25.817467769192454,49.09999847412109,4533194894.355239,1275393128.4146507,3257801765.940588,5.163493553838491
MARGIN_PREMIUM_PROXY_1Y_FADE,DVN,BASE,0.6,65456850218.8443,11024619762.478065,54432230456.366234,94.67951435282313,49.09999847412109,39274110131.30658,6614771857.486839,32659338273.81974,56.807708611693876
MARGIN_PREMIUM_PROXY_1Y_FADE,DVN,BULL,0.2,119053621515.82292,11966539848.17432,107087081667.6486,180.93115789479066,49.09999847412109,23810724303.164585,2393307969.6348643,21417416333.529724,36.186231578958136
MARGIN_PREMIUM_PROXY_1Y_FADE,EOG,BEAR,0.2,28212901803.119503,8366719777.931476,19846182025.188026,45.30531213399234,153.0500030517578,5642580360.623901,1673343955.5862951,3969236405.0376053,9.061062426798468
MARGIN_PREMIUM_PROXY_1Y_FADE,EOG,BASE,0.6,64646644667.05393,11951506980.706038,52695137686.34789,113.70897587302342,153.0500030517578,38787986800.23236,7170904188.423622,31617082611.808735,68.22538552381405
MARGIN_PREMIUM_PROXY_1Y_FADE,EOG,BULL,0.2,122987133085.97578,12745513824.242538,110241619261.73325,223.24214042003305,153.0500030517578,24597426617.19516,2549102764.848508,22048323852.34665,44.64842808400661
MARGIN_PREMIUM_PROXY_1Y_FADE,EQT,BEAR,0.2,-29109197398.656296,-23881245105.099346,-5227952293.55695,-61.46231905623586,53.720001220703125,-5821839479.731259,-4776249021.01987,-1045590458.71139,-12.292463811247174
MARGIN_PREMIUM_PROXY_1Y_FADE,EQT,BASE,0.6,-21139160095.998924,-9437033249.26325,-11702126846.735676,-48.7200046940083,53.720001220703125,-12683496057.599354,-5662219949.55795,-7021276108.041406,-29.23200281640498
MARGIN_PREMIUM_PROXY_1Y_FADE,EQT,BULL,0.2,-45271440250.46816,-5148483791.265794,-40122956459.20237,-87.30214532000832,53.720001220703125,-9054288050.093634,-1029696758.2531588,-8024591291.840474,-17.460429064001666
MARGIN_PREMIUM_PROXY_1Y_FADE,FANG,BEAR,0.2,40150810941.70343,1038370102.2088699,39112440839.49456,72.01867511333256,210.72000122070312,8030162188.340687,207674020.441774,7822488167.898912,14.403735022666513
MARGIN_PREMIUM_PROXY_1Y_FADE,FANG,BASE,0.6,166453901320.6653,13598137877.45031,152855763443.215,520.9952849141906,210.72000122070312,99872340792.39919,8158882726.470185,91713458065.929,312.59717094851436
MARGIN_PREMIUM_PROXY_1Y_FADE,FANG,BULL,0.2,318917852439.4738,20066731586.062057,298851120853.41174,1062.9673592694546,210.72000122070312,63783570487.89477,4013346317.212412,59770224170.68235,212.59347185389095
MARGIN_PREMIUM_PROXY_1Y_FADE,MGY,BEAR,0.2,3395027897.6464705,1213741040.4540386,2181286857.192432,16.901828815196122,28.13999938964844,679005579.5292941,242748208.09080774,436257371.4384864,3.3803657630392245
MARGIN_PREMIUM_PROXY_1Y_FADE,MGY,BASE,0.6,8472454848.64063,1828355991.945104,6644098856.695526,44.35511000365314,28.13999938964844,5083472909.184378,1097013595.1670623,3986459314.0173154,26.613066002191882
MARGIN_PREMIUM_PROXY_1Y_FADE,MGY,BULL,0.2,18386376769.931637,2148731071.4538274,16237645698.47781,97.9589705441419,28.13999938964844,3677275353.9863276,429746214.2907655,3247529139.6955624,19.59179410882838
MARGIN_PREMIUM_PROXY_1Y_FADE,MTDR,BEAR,0.2,-25418016.24988079,403166042.1211599,-428584058.3710407,-30.537511348506214,58.380001068115234,-5083603.249976158,80633208.42423199,-85716811.67420815,-6.107502269701243
MARGIN_PREMIUM_PROXY_1Y_FADE,MTDR,BASE,0.6,29449750085.92203,4156064549.530354,25293685536.391678,206.8242936494981,58.380001068115234,17669850051.55322,2493638729.718212,15176211321.835007,124.09457618969884
MARGIN_PREMIUM_PROXY_1Y_FADE,MTDR,BULL,0.2,58443484257.387955,5139941692.102467,53303542565.28549,440.3091393581256,58.380001068115234,11688696851.477592,1027988338.4204934,10660708513.057098,88.06182787162513
MARGIN_PREMIUM_PROXY_1Y_FADE,NOG,BEAR,0.2,-812486301.5861207,886565465.4738704,-1699051767.0599911,-31.448511058778728,27.34000015258789,-162497260.31722414,177313093.0947741,-339810353.4119983,-6.2897022117557455
MARGIN_PREMIUM_PROXY_1Y_FADE,NOG,BASE,0.6,9247813996.209562,1117696350.381044,8130117645.828519,63.64737234342018,27.34000015258789,5548688397.725738,670617810.2286264,4878070587.497111,38.18842340605211
MARGIN_PREMIUM_PROXY_1Y_FADE,NOG,BULL,0.2,23788141915.663963,2292945111.8013854,21495196803.86258,201.09111532603697,27.34000015258789,4757628383.132792,458589022.3602771,4299039360.772516,40.2182230652074
MARGIN_PREMIUM_PROXY_1Y_FADE,OVV,BEAR,0.2,6520652429.803373,4334551787.188931,2186100642.6144423,0.5183017397605411,66.82,1304130485.9606748,866910357.4377863,437220128.5228885,0.10366034795210821
MARGIN_PREMIUM_PROXY_1Y_FADE,OVV,BASE,0.6,15589803262.102158,5460869652.842409,10128933609.259748,32.79072356531359,66.82,9353881957.261293,3276521791.7054453,6077360165.555849,19.674434139188154
MARGIN_PREMIUM_PROXY_1Y_FADE,OVV,BULL,0.2,25720735046.800148,4895338949.835196,20825396096.964954,68.84147518334613,66.82,5144147009.36003,979067789.9670391,4165079219.392991,13.768295036669228
MARGIN_PREMIUM_PROXY_1Y_FADE,PR,BEAR,0.2,-119519046.36390282,28226829.57493888,-147745875.9388417,-4.174320578759222,23.75,-23903809.272780567,5645365.914987776,-29549175.18776834,-0.8348641157518444
MARGIN_PREMIUM_PROXY_1Y_FADE,PR,BASE,0.6,24508520992.808212,1602815632.180291,22905705360.627922,25.23973574574218,23.75,14705112595.684927,961689379.3081745,13743423216.376753,15.143841447445308
MARGIN_PREMIUM_PROXY_1Y_FADE,PR,BULL,0.2,44004021128.87761,2811023084.7256565,41192998044.151955,48.52383542093284,23.75,8800804225.775522,562204616.9451313,8238599608.830391,9.70476708418657
MARGIN_PREMIUM_PROXY_1Y_FADE,RRC,BEAR,0.2,-8595807853.67321,-6995288114.053935,-1600519739.6192756,-39.95724025924211,41.060001373291016,-1719161570.734642,-1399057622.8107872,-320103947.9238551,-7.9914480518484226
MARGIN_PREMIUM_PROXY_1Y_FADE,RRC,BASE,0.6,11110640042.885607,3374259093.909518,7736380948.9760895,43.67852799506671,41.060001373291016,6666384025.731364,2024555456.3457105,4641828569.3856535,26.207116797040026
MARGIN_PREMIUM_PROXY_1Y_FADE,RRC,BULL,0.2,18982809768.78332,3034984609.8511834,15947825158.932138,77.08865681735627,41.060001373291016,3796561953.7566643,606996921.9702367,3189565031.786428,15.417731363471255
MARGIN_PREMIUM_PROXY_1Y_FADE,SM,BEAR,0.2,4613247155.810712,485584919.9923187,4127662235.818393,14.557063880862119,37.20000076293945,922649431.1621424,97116983.99846375,825532447.1636786,2.911412776172424
MARGIN_PREMIUM_PROXY_1Y_FADE,SM,BASE,0.6,26468080275.350044,3338890438.251669,23129189837.098373,105.71431740666677,37.20000076293945,15880848165.210026,2003334262.9510012,13877513902.259024,63.42859044400006
MARGIN_PREMIUM_PROXY_1Y_FADE,SM,BULL,0.2,43320954816.94269,4280149971.043909,39040804845.89878,176.00823128940618,37.20000076293945,8664190963.388538,856029994.2087818,7808160969.179756,35.20164625788124
MARGIN_PREMIUM_PROXY_2Y_FADE,AR,BEAR,0.2,1656921.9112616181,462150610.38746417,-460493688.47620255,-9.112269323412187,37.93999862670898,331384.3822523237,92430122.07749283,-92098737.69524051,-1.8224538646824375
MARGIN_PREMIUM_PROXY_2Y_FADE,AR,BASE,0.6,12700687273.733744,-545865302.3667238,13246552576.100468,31.874027788035423,37.93999862670898,7620412364.240246,-327519181.4200342,7947931545.66028,19.124416672821255
MARGIN_PREMIUM_PROXY_2Y_FADE,AR,BULL,0.2,29061791803.42432,2063431936.5935621,26998359866.830757,84.67972025014627,37.93999862670898,5812358360.684864,412686387.3187125,5399671973.366152,16.935944050029256
MARGIN_PREMIUM_PROXY_2Y_FADE,CNX,BEAR,0.2,-8713459001.187183,-7120596528.214897,-1592862472.9722853,-78.29200149662698,36.36000061035156,-1742691800.2374368,-1424119305.6429796,-318572494.5944571,-15.658400299325397
MARGIN_PREMIUM_PROXY_2Y_FADE,CNX,BASE,0.6,5438856118.339229,2904786308.359344,2534069809.9798846,21.740199499994528,36.36000061035156,3263313671.003537,1742871785.0156064,1520441885.9879308,13.044119699996717
MARGIN_PREMIUM_PROXY_2Y_FADE,CNX,BULL,0.2,11696948644.284912,1459980991.3859348,10236967652.898977,65.97400606264843,36.36000061035156,2339389728.8569827,291996198.277187,2047393530.5797956,13.194801212529686
MARGIN_PREMIUM_PROXY_2Y_FADE,COP,BEAR,0.2,87894167403.90703,19080078448.35764,68814088955.5494,58.696149692138334,134.8699951171875,17578833480.781406,3816015689.671528,13762817791.109879,11.739229938427668
MARGIN_PREMIUM_PROXY_2Y_FADE,COP,BASE,0.6,187923605712.9067,28739644523.837135,159183961189.06958,140.80230611600365,134.8699951171875,112754163427.74402,17243786714.30228,95510376713.44174,84.48138366960218
MARGIN_PREMIUM_PROXY_2Y_FADE,COP,BULL,0.2,372136879513.0135,30483071072.630466,341653808440.383,292.0082323880409,134.8699951171875,74427375902.6027,6096614214.5260935,68330761688.0766,58.40164647760818
MARGIN_PREMIUM_PROXY_2Y_FADE,DVN,BEAR,0.2,22665974471.77619,6376965642.073253,16289008829.702938,25.817467769192454,49.09999847412109,4533194894.355239,1275393128.4146507,3257801765.940588,5.163493553838491
MARGIN_PREMIUM_PROXY_2Y_FADE,DVN,BASE,0.6,65574105009.49551,11141874553.129272,54432230456.366234,94.86820889844788,49.09999847412109,39344463005.6973,6685124731.877563,32659338273.81974,56.920925339068724
MARGIN_PREMIUM_PROXY_2Y_FADE,DVN,BULL,0.2,119471897308.06078,12384815640.41217,107087081667.6486,181.60427632452652,49.09999847412109,23894379461.612156,2476963128.082434,21417416333.529724,36.320855264905305
MARGIN_PREMIUM_PROXY_2Y_FADE,EOG,BEAR,0.2,28212901803.119503,8366719777.931476,19846182025.188026,45.30531213399234,153.0500030517578,5642580360.623901,1673343955.5862951,3969236405.0376053,9.061062426798468
MARGIN_PREMIUM_PROXY_2Y_FADE,EOG,BASE,0.6,65817849030.62245,13122711344.274555,52695137686.34789,115.90788993338838,153.0500030517578,39490709418.37347,7873626806.564733,31617082611.808735,69.54473396003303
MARGIN_PREMIUM_PROXY_2Y_FADE,EOG,BULL,0.2,124248514084.79472,14006894823.061483,110241619261.73325,225.61035940901385,153.0500030517578,24849702816.958946,2801378964.612297,22048323852.34665,45.122071881802775
MARGIN_PREMIUM_PROXY_2Y_FADE,EQT,BEAR,0.2,-29109197398.656296,-23881245105.099346,-5227952293.55695,-61.46231905623586,53.720001220703125,-5821839479.731259,-4776249021.01987,-1045590458.71139,-12.292463811247174
MARGIN_PREMIUM_PROXY_2Y_FADE,EQT,BASE,0.6,-17462620429.503662,-5760493582.767984,-11702126846.735676,-42.842036697539584,53.720001220703125,-10477572257.702196,-3456296149.6607904,-7021276108.041406,-25.70522201852375
MARGIN_PREMIUM_PROXY_2Y_FADE,EQT,BULL,0.2,-44014418436.937706,-3891461977.735339,-40122956459.20237,-85.29244743530181,53.720001220703125,-8802883687.38754,-778292395.5470679,-8024591291.840474,-17.058489487060363
MARGIN_PREMIUM_PROXY_2Y_FADE,FANG,BEAR,0.2,40150810941.70343,1038370102.2088699,39112440839.49456,72.01867511333256,210.72000122070312,8030162188.340687,207674020.441774,7822488167.898912,14.403735022666513
MARGIN_PREMIUM_PROXY_2Y_FADE,FANG,BASE,0.6,166453901320.6653,13598137877.45031,152855763443.215,520.9952849141906,210.72000122070312,99872340792.39919,8158882726.470185,91713458065.929,312.59717094851436
MARGIN_PREMIUM_PROXY_2Y_FADE,FANG,BULL,0.2,318937769740.1097,20086648886.697945,298851120853.41174,1063.038160404162,210.72000122070312,63787553948.02194,4017329777.339589,59770224170.68235,212.60763208083242
MARGIN_PREMIUM_PROXY_2Y_FADE,MGY,BEAR,0.2,3395027897.6464705,1213741040.4540386,2181286857.192432,16.901828815196122,28.13999938964844,679005579.5292941,242748208.09080774,436257371.4384864,3.3803657630392245
MARGIN_PREMIUM_PROXY_2Y_FADE,MGY,BASE,0.6,8472454848.64063,1828355991.945104,6644098856.695526,44.35511000365314,28.13999938964844,5083472909.184378,1097013595.1670623,3986459314.0173154,26.613066002191882
MARGIN_PREMIUM_PROXY_2Y_FADE,MGY,BULL,0.2,18402133961.244205,2164488262.766395,16237645698.47781,98.04416854069005,28.13999938964844,3680426792.2488413,432897652.55327904,3247529139.6955624,19.60883370813801
MARGIN_PREMIUM_PROXY_2Y_FADE,MTDR,BEAR,0.2,-25418016.24988079,403166042.1211599,-428584058.3710407,-30.537511348506214,58.380001068115234,-5083603.249976158,80633208.42423199,-85716811.67420815,-6.107502269701243
MARGIN_PREMIUM_PROXY_2Y_FADE,MTDR,BASE,0.6,29449750085.92203,4156064549.530354,25293685536.391678,206.8242936494981,58.380001068115234,17669850051.55322,2493638729.718212,15176211321.835007,124.09457618969884
MARGIN_PREMIUM_PROXY_2Y_FADE,MTDR,BULL,0.2,58497096985.582146,5193554420.296655,53303542565.28549,440.740879522963,58.380001068115234,11699419397.11643,1038710884.0593309,10660708513.057098,88.1481759045926
MARGIN_PREMIUM_PROXY_2Y_FADE,NOG,BEAR,0.2,-812486301.5861207,886565465.4738704,-1699051767.0599911,-31.448511058778728,27.34000015258789,-162497260.31722414,177313093.0947741,-339810353.4119983,-6.2897022117557455
MARGIN_PREMIUM_PROXY_2Y_FADE,NOG,BASE,0.6,9247813996.209562,1117696350.381044,8130117645.828519,63.64737234342018,27.34000015258789,5548688397.725738,670617810.2286264,4878070587.497111,38.18842340605211
MARGIN_PREMIUM_PROXY_2Y_FADE,NOG,BULL,0.2,23840154048.57251,2344957244.7099304,21495196803.86258,201.58276463869763,27.34000015258789,4768030809.714502,468991448.9419861,4299039360.772516,40.31655292773953
MARGIN_PREMIUM_PROXY_2Y_FADE,OVV,BEAR,0.2,6520652429.803373,4334551787.188931,2186100642.6144423,0.5183017397605411,66.82,1304130485.9606748,866910357.4377863,437220128.5228885,0.10366034795210821
MARGIN_PREMIUM_PROXY_2Y_FADE,OVV,BASE,0.6,15846223537.581213,5717289928.321465,10128933609.259748,33.70319083462099,66.82,9507734122.548727,3430373956.9928784,6077360165.555849,20.221914500772595
MARGIN_PREMIUM_PROXY_2Y_FADE,OVV,BULL,0.2,26167774257.842335,5342378160.877381,20825396096.964954,70.43225675243588,66.82,5233554851.568467,1068475632.1754763,4165079219.392991,14.086451350487176
MARGIN_PREMIUM_PROXY_2Y_FADE,PR,BEAR,0.2,-119519046.36390282,28226829.57493888,-147745875.9388417,-4.174320578759222,23.75,-23903809.272780567,5645365.914987776,-29549175.18776834,-0.8348641157518444
MARGIN_PREMIUM_PROXY_2Y_FADE,PR,BASE,0.6,24478312606.85345,1572607246.2255301,22905705360.627922,25.20365690371771,23.75,14686987564.11207,943564347.7353181,13743423216.376753,15.122194142230626
MARGIN_PREMIUM_PROXY_2Y_FADE,PR,BULL,0.2,43958194044.68782,2765196000.5358653,41192998044.151955,48.46910266780258,23.75,8791638808.937565,553039200.1071731,8238599608.830391,9.693820533560517
MARGIN_PREMIUM_PROXY_2Y_FADE,RRC,BEAR,0.2,-8595807853.67321,-6995288114.053935,-1600519739.6192756,-39.95724025924211,41.060001373291016,-1719161570.734642,-1399057622.8107872,-320103947.9238551,-7.9914480518484226
MARGIN_PREMIUM_PROXY_2Y_FADE,RRC,BASE,0.6,11122426108.92833,3386045159.952239,7736380948.9760895,43.72854901830506,41.060001373291016,6673455665.3569975,2031627095.9713433,4641828569.3856535,26.237129410983034
MARGIN_PREMIUM_PROXY_2Y_FADE,RRC,BULL,0.2,19140837701.17163,3193012542.239491,15947825158.932138,77.75934022008376,41.060001373291016,3828167540.2343264,638602508.4478983,3189565031.786428,15.551868044016752
MARGIN_PREMIUM_PROXY_2Y_FADE,SM,BEAR,0.2,4613247155.810712,485584919.9923187,4127662235.818393,14.557063880862119,37.20000076293945,922649431.1621424,97116983.99846375,825532447.1636786,2.911412776172424
MARGIN_PREMIUM_PROXY_2Y_FADE,SM,BASE,0.6,26476349590.92589,3347159753.8275194,23129189837.098373,105.74880900366543,37.20000076293945,15885809754.555534,2008295852.2965117,13877513902.259024,63.44928540219925
MARGIN_PREMIUM_PROXY_2Y_FADE,SM,BULL,0.2,43395866932.53859,4355062086.639809,39040804845.89878,176.32069227577833,37.20000076293945,8679173386.507719,871012417.3279618,7808160969.179756,35.26413845515567
MARGIN_PREMIUM_PROXY_4Y_FADE,AR,BEAR,0.2,1656921.9112616181,462150610.38746417,-460493688.47620255,-9.112269323412187,37.93999862670898,331384.3822523237,92430122.07749283,-92098737.69524051,-1.8224538646824375
MARGIN_PREMIUM_PROXY_4Y_FADE,AR,BASE,0.6,12524593624.640942,-721958951.4595258,13246552576.100468,31.30568308602274,37.93999862670898,7514756174.784565,-433175370.8757155,7947931545.66028,18.783409851613644
MARGIN_PREMIUM_PROXY_4Y_FADE,AR,BULL,0.2,29440388780.65603,2442028913.825272,26998359866.830757,85.90164726066702,37.93999862670898,5888077756.1312065,488405782.76505446,5399671973.366152,17.180329452133403
MARGIN_PREMIUM_PROXY_4Y_FADE,CNX,BEAR,0.2,-8713459001.187183,-7120596528.214897,-1592862472.9722853,-78.29200149662698,36.36000061035156,-1742691800.2374368,-1424119305.6429796,-318572494.5944571,-15.658400299325397
MARGIN_PREMIUM_PROXY_4Y_FADE,CNX,BASE,0.6,6516749809.154926,3982679999.175042,2534069809.9798846,29.359029170053077,36.36000061035156,3910049885.4929557,2389607999.5050254,1520441885.9879308,17.615417502031846
MARGIN_PREMIUM_PROXY_4Y_FADE,CNX,BULL,0.2,12272994943.460752,2036027290.5617747,10236967652.898977,70.0456493730078,36.36000061035156,2454598988.6921506,407205458.112355,2047393530.5797956,14.009129874601562
MARGIN_PREMIUM_PROXY_4Y_FADE,COP,BEAR,0.2,87894167403.90703,19080078448.35764,68814088955.5494,58.696149692138334,134.8699951171875,17578833480.781406,3816015689.671528,13762817791.109879,11.739229938427668
MARGIN_PREMIUM_PROXY_4Y_FADE,COP,BASE,0.6,189392656565.75284,30208695376.683266,159183961189.06958,142.00813233234007,134.8699951171875,113635593939.4517,18125217226.00996,95510376713.44174,85.20487939940404
MARGIN_PREMIUM_PROXY_4Y_FADE,COP,BULL,0.2,374993815549.40216,33340007109.019165,341653808440.383,294.35326242182043,134.8699951171875,74998763109.88043,6668001421.803833,68330761688.0766,58.870652484364086
MARGIN_PREMIUM_PROXY_4Y_FADE,DVN,BEAR,0.2,22665974471.77619,6376965642.073253,16289008829.702938,25.817467769192454,49.09999847412109,4533194894.355239,1275393128.4146507,3257801765.940588,5.163493553838491
MARGIN_PREMIUM_PROXY_4Y_FADE,DVN,BASE,0.6,65819737007.654655,11387506551.288424,54432230456.366234,95.26349695470655,49.09999847412109,39491842204.59279,6832503930.773054,32659338273.81974,57.158098172823934
MARGIN_PREMIUM_PROXY_4Y_FADE,DVN,BULL,0.2,120489910509.10686,13402828841.458256,107087081667.6486,183.24253380931262,49.09999847412109,24097982101.821373,2680565768.2916512,21417416333.529724,36.64850676186253
MARGIN_PREMIUM_PROXY_4Y_FADE,EOG,BEAR,0.2,28212901803.119503,8366719777.931476,19846182025.188026,45.30531213399234,153.0500030517578,5642580360.623901,1673343955.5862951,3969236405.0376053,9.061062426798468
MARGIN_PREMIUM_PROXY_4Y_FADE,EOG,BASE,0.6,68163998086.34473,15468860399.996838,52695137686.34789,120.31274045035613,153.0500030517578,40898398851.80683,9281316239.998102,31617082611.808735,72.18764427021368
MARGIN_PREMIUM_PROXY_4Y_FADE,EOG,BULL,0.2,127460637658.59549,17219018396.862244,110241619261.73325,231.64106071936382,153.0500030517578,25492127531.7191,3443803679.372449,22048323852.34665,46.32821214387277
MARGIN_PREMIUM_PROXY_4Y_FADE,EQT,BEAR,0.2,-29109197398.656296,-23881245105.099346,-5227952293.55695,-61.46231905623586,53.720001220703125,-5821839479.731259,-4776249021.01987,-1045590458.71139,-12.292463811247174
MARGIN_PREMIUM_PROXY_4Y_FADE,EQT,BASE,0.6,-12232776606.162016,-530649759.42634034,-11702126846.735676,-34.48068134476675,53.720001220703125,-7339665963.697209,-318389855.6558042,-7021276108.041406,-20.68840880686005
MARGIN_PREMIUM_PROXY_4Y_FADE,EQT,BULL,0.2,-41027936812.878654,-904980353.6762812,-40122956459.20237,-80.51772854181706,53.720001220703125,-8205587362.575731,-180996070.73525625,-8024591291.840474,-16.103545708363413
MARGIN_PREMIUM_PROXY_4Y_FADE,FANG,BEAR,0.2,40150810941.70343,1038370102.2088699,39112440839.49456,72.01867511333256,210.72000122070312,8030162188.340687,207674020.441774,7822488167.898912,14.403735022666513
MARGIN_PREMIUM_PROXY_4Y_FADE,FANG,BASE,0.6,166453901320.6653,13598137877.45031,152855763443.215,520.9952849141906,210.72000122070312,99872340792.39919,8158882726.470185,91713458065.929,312.59717094851436
MARGIN_PREMIUM_PROXY_4Y_FADE,FANG,BULL,0.2,319048289756.53265,20197168903.12092,298851120853.41174,1063.431032044435,210.72000122070312,63809657951.30653,4039433780.6241837,59770224170.68235,212.686206408887
MARGIN_PREMIUM_PROXY_4Y_FADE,MGY,BEAR,0.2,3395027897.6464705,1213741040.4540386,2181286857.192432,16.901828815196122,28.13999938964844,679005579.5292941,242748208.09080774,436257371.4384864,3.3803657630392245
MARGIN_PREMIUM_PROXY_4Y_FADE,MGY,BASE,0.6,8472454848.64063,1828355991.945104,6644098856.695526,44.35511000365314,28.13999938964844,5083472909.184378,1097013595.1670623,3986459314.0173154,26.613066002191882
MARGIN_PREMIUM_PROXY_4Y_FADE,MGY,BULL,0.2,18439892799.232822,2202247100.755012,16237645698.47781,98.24832785340018,28.13999938964844,3687978559.846565,440449420.1510024,3247529139.6955624,19.64966557068004
MARGIN_PREMIUM_PROXY_4Y_FADE,MTDR,BEAR,0.2,-25418016.24988079,403166042.1211599,-428584058.3710407,-30.537511348506214,58.380001068115234,-5083603.249976158,80633208.42423199,-85716811.67420815,-6.107502269701243
MARGIN_PREMIUM_PROXY_4Y_FADE,MTDR,BASE,0.6,29449750085.92203,4156064549.530354,25293685536.391678,206.8242936494981,58.380001068115234,17669850051.55322,2493638729.718212,15176211321.835007,124.09457618969884
MARGIN_PREMIUM_PROXY_4Y_FADE,MTDR,BULL,0.2,58649271688.889946,5345729123.604454,53303542565.28549,441.96633350941585,58.380001068115234,11729854337.77799,1069145824.7208909,10660708513.057098,88.39326670188318
MARGIN_PREMIUM_PROXY_4Y_FADE,NOG,BEAR,0.2,-812486301.5861207,886565465.4738704,-1699051767.0599911,-31.448511058778728,27.34000015258789,-162497260.31722414,177313093.0947741,-339810353.4119983,-6.2897022117557455
MARGIN_PREMIUM_PROXY_4Y_FADE,NOG,BASE,0.6,9247813996.209562,1117696350.381044,8130117645.828519,63.64737234342018,27.34000015258789,5548688397.725738,670617810.2286264,4878070587.497111,38.18842340605211
MARGIN_PREMIUM_PROXY_4Y_FADE,NOG,BULL,0.2,23987337906.03782,2492141102.17524,21495196803.86258,202.97403314300595,27.34000015258789,4797467581.207564,498428220.43504804,4299039360.772516,40.59480662860119
MARGIN_PREMIUM_PROXY_4Y_FADE,OVV,BEAR,0.2,6520652429.803373,4334551787.188931,2186100642.6144423,0.5183017397605411,66.82,1304130485.9606748,866910357.4377863,437220128.5228885,0.10366034795210821
MARGIN_PREMIUM_PROXY_4Y_FADE,OVV,BASE,0.6,16246616755.403517,6117683146.143768,10128933609.259748,35.127983415601435,66.82,9747970053.24211,3670609887.6862607,6077360165.555849,21.07679004936086
MARGIN_PREMIUM_PROXY_4Y_FADE,OVV,BULL,0.2,27042251787.967743,6216855691.002788,20825396096.964954,73.54407044381999,66.82,5408450357.593549,1243371138.2005575,4165079219.392991,14.708814088763999
MARGIN_PREMIUM_PROXY_4Y_FADE,PR,BEAR,0.2,-119519046.36390282,28226829.57493888,-147745875.9388417,-4.174320578759222,23.75,-23903809.272780567,5645365.914987776,-29549175.18776834,-0.8348641157518444
MARGIN_PREMIUM_PROXY_4Y_FADE,PR,BASE,0.6,24469084147.45244,1563378786.824515,22905705360.627922,25.19263505934122,23.75,14681450488.471462,938027272.094709,13743423216.376753,15.115581035604732
MARGIN_PREMIUM_PROXY_4Y_FADE,PR,BULL,0.2,44034663014.45136,2841664970.2994046,41192998044.151955,48.56043200542441,23.75,8806932602.890272,568332994.059881,8238599608.830391,9.712086401084882
MARGIN_PREMIUM_PROXY_4Y_FADE,RRC,BEAR,0.2,-8595807853.67321,-6995288114.053935,-1600519739.6192756,-39.95724025924211,41.060001373291016,-1719161570.734642,-1399057622.8107872,-320103947.9238551,-7.9914480518484226
MARGIN_PREMIUM_PROXY_4Y_FADE,RRC,BASE,0.6,11141179508.056385,3404798559.080295,7736380948.9760895,43.80813997004267,41.060001373291016,6684707704.833831,2042879135.4481769,4641828569.3856535,26.2848839820256
MARGIN_PREMIUM_PROXY_4Y_FADE,RRC,BULL,0.2,19445061335.826473,3497236176.8943353,15947825158.932138,79.05049007819284,41.060001373291016,3889012267.1652946,699447235.3788671,3189565031.786428,15.810098015638568
MARGIN_PREMIUM_PROXY_4Y_FADE,SM,BEAR,0.2,4613247155.810712,485584919.9923187,4127662235.818393,14.557063880862119,37.20000076293945,922649431.1621424,97116983.99846375,825532447.1636786,2.911412776172424
MARGIN_PREMIUM_PROXY_4Y_FADE,SM,BASE,0.6,26509078566.09045,3379888728.992076,23129189837.098373,105.88532267413808,37.20000076293945,15905447139.65427,2027933237.3952456,13877513902.259024,63.531193604482844
MARGIN_PREMIUM_PROXY_4Y_FADE,SM,BULL,0.2,43616927378.742,4576122532.843215,39040804845.89878,177.24274292832143,37.20000076293945,8723385475.7484,915224506.5686431,7808160969.179756,35.44854858566429
WACC_PLUS_100BP,AR,BEAR,0.2,72720267.21800846,455243263.1505981,-382522995.93258965,-8.88291138790196,37.93999862670898,14544053.443601692,91048652.63011962,-76504599.18651794,-1.7765822775803919
WACC_PLUS_100BP,AR,BASE,0.6,14147049508.220694,-595334383.5287207,14742383891.749414,36.54218201958679,37.93999862670898,8488229704.932416,-357200630.11723244,8845430335.049648,21.925309211752072
WACC_PLUS_100BP,AR,BULL,0.2,53452248970.59401,4980834727.072127,48471414243.52188,163.40026004271294,37.93999862670898,10690449794.118803,996166945.4144255,9694282848.704376,32.68005200854259
WACC_PLUS_100BP,CNX,BEAR,0.2,-8328257299.91005,-6995192159.572905,-1333065140.3371456,-75.56929685919064,36.36000061035156,-1665651459.9820101,-1399038431.914581,-266613028.06742913,-15.11385937183813
WACC_PLUS_100BP,CNX,BASE,0.6,11527355747.329426,5932745470.574895,5594610276.754531,64.7752798745604,36.36000061035156,6916413448.3976555,3559647282.344937,3356766166.0527186,38.865167924736234
WACC_PLUS_100BP,CNX,BULL,0.2,31854267872.11197,4421776390.908646,27432491481.203323,208.4511196317911,36.36000061035156,6370853574.422394,884355278.1817292,5486498296.240665,41.69022392635822
WACC_PLUS_100BP,COP,BEAR,0.2,75904174937.14156,18516700881.91849,57387474055.22307,48.854524930074255,134.8699951171875,15180834987.428312,3703340176.3836985,11477494811.044615,9.770904986014852
WACC_PLUS_100BP,COP,BASE,0.6,195657906970.54416,35349379337.86731,160308527632.67685,147.15077472308715,134.8699951171875,117394744182.32649,21209627602.720387,96185116579.60611,88.29046483385228
WACC_PLUS_100BP,COP,BULL,0.2,463672544092.37866,49207672798.170845,414464871294.2078,367.1425300644844,134.8699951171875,92734508818.47574,9841534559.634169,82892974258.84157,73.42850601289688
WACC_PLUS_100BP,DVN,BEAR,0.2,19784419814.994633,6211291302.961026,13573128512.033607,21.18027005953433,49.09999847412109,3956883962.9989266,1242258260.5922053,2714625702.4067216,4.236054011906866
WACC_PLUS_100BP,DVN,BASE,0.6,59025749117.82907,11943379560.386019,47082369557.443054,84.3301401960558,49.09999847412109,35415449470.69744,7166027736.231611,28249421734.46583,50.598084117633476
WACC_PLUS_100BP,DVN,BULL,0.2,129845591922.28036,17274180138.946693,112571411783.33366,198.2983455459935,49.09999847412109,25969118384.456074,3454836027.789339,22514282356.666733,39.6596691091987
WACC_PLUS_100BP,EOG,BEAR,0.2,24749735570.686302,8152936494.486657,16596799076.199644,38.80328297601013,153.0500030517578,4949947114.13726,1630587298.8973315,3319359815.239929,7.760656595202026
WACC_PLUS_100BP,EOG,BASE,0.6,104330044560.17372,22948339895.06822,81381704665.1055,188.21380927561978,153.0500030517578,62598026736.10423,13769003937.04093,48829022799.0633,112.92828556537187
WACC_PLUS_100BP,EOG,BULL,0.2,227544302973.14725,30717430033.315193,196826872939.83206,419.546251067601,153.0500030517578,45508860594.629456,6143486006.663039,39365374587.966415,83.90925021352021
WACC_PLUS_100BP,EQT,BEAR,0.2,-27846595642.292164,-23461430340.559826,-4385165301.732337,-59.443700085841805,53.720001220703125,-5569319128.458433,-4692286068.111965,-877033060.3464675,-11.888740017168361
WACC_PLUS_100BP,EQT,BASE,0.6,18889075662.29423,9460965653.871763,9428110008.422468,15.276228200343148,53.720001220703125,11333445397.37654,5676579392.323058,5656866005.053481,9.16573692020589
WACC_PLUS_100BP,EQT,BULL,0.2,78090960086.44835,11406673751.40707,66684286335.04128,109.92685448001104,53.720001220703125,15618192017.28967,2281334750.281414,13336857267.008257,21.98537089600221
WACC_PLUS_100BP,FANG,BEAR,0.2,33212768231.277138,903361160.6875873,32309407070.58955,47.35562937601608,210.72000122070312,6642553646.255428,180672232.13751745,6461881414.11791,9.471125875203217
WACC_PLUS_100BP,FANG,BASE,0.6,129273989340.0559,13073436287.51033,116200553052.54556,388.8297869547769,210.72000122070312,77564393604.03354,7844061772.506198,69720331831.52733,233.29787217286614
WACC_PLUS_100BP,FANG,BULL,0.2,231090093034.91968,20241135999.786076,210848957035.1336,750.7611452682938,210.72000122070312,46218018606.98394,4048227199.9572153,42169791407.026726,150.15222905365877
WACC_PLUS_100BP,MGY,BEAR,0.2,3016895743.0735507,1185105828.3277407,1831789914.74581,14.857295537596755,28.13999938964844,603379148.6147102,237021165.66554815,366357982.949162,2.971459107519351
WACC_PLUS_100BP,MGY,BASE,0.6,7025746319.607913,1780733324.2015145,5245012995.406399,36.53286136696962,28.13999938964844,4215447791.7647476,1068439994.5209086,3147007797.2438393,21.919716820181772
WACC_PLUS_100BP,MGY,BULL,0.2,15343618153.035143,2291175828.247947,13052442324.787195,81.50699423714568,28.13999938964844,3068723630.607029,458235165.6495895,2610488464.9574394,16.301398847429137
WACC_PLUS_100BP,MTDR,BEAR,0.2,40845460.75981146,397249540.6745352,-356404079.91472375,-30.00389544328241,58.380001068115234,8169092.151962292,79449908.13490705,-71280815.98294476,-6.000779088656483
WACC_PLUS_100BP,MTDR,BASE,0.6,23565313383.874866,4030119089.7035227,19535194294.171345,159.43726901395416,58.380001068115234,14139188030.324919,2418071453.8221135,11721116576.502806,95.66236140837249
WACC_PLUS_100BP,MTDR,BULL,0.2,50139645655.44115,5906681821.389107,44232963834.05204,373.43881271103305,58.380001068115234,10027929131.08823,1181336364.2778213,8846592766.810408,74.68776254220661
WACC_PLUS_100BP,NOG,BEAR,0.2,-544005143.3314108,876352168.247631,-1420357311.5790417,-28.9106690296823,27.34000015258789,-108801028.66628216,175270433.6495262,-284071462.31580836,-5.782133805936461
WACC_PLUS_100BP,NOG,BASE,0.6,7434963118.079802,1080323153.687937,6354639964.391865,46.51123816957498,27.34000015258789,4460977870.84788,648193892.2127622,3812783978.635119,27.906742901744988
WACC_PLUS_100BP,NOG,BULL,0.2,24749722344.28357,3116970521.162587,21632751823.120983,210.18053985761708,27.34000015258789,4949944468.856714,623394104.2325175,4326550364.624197,42.03610797152342
WACC_PLUS_100BP,OVV,BEAR,0.2,6123399111.99585,4252993016.83039,1870406095.1654592,-0.8953175594385312,66.82,1224679822.39917,850598603.366078,374081219.03309184,-0.17906351188770625
WACC_PLUS_100BP,OVV,BASE,0.6,17689381663.831352,6922214807.021411,10767166856.809942,40.26203825500986,66.82,10613628998.298811,4153328884.2128463,6460300114.085965,24.157222953005917
WACC_PLUS_100BP,OVV,BULL,0.2,39390552008.989136,8907316639.214787,30483235369.774353,117.48529062312547,66.82,7878110401.797828,1781463327.8429575,6096647073.954871,23.497058124625095
WACC_PLUS_100BP,PR,BEAR,0.2,-95872634.23549294,28236020.842369758,-124108655.0778627,-4.146078912060973,23.75,-19174526.84709859,5647204.1684739515,-24821731.01557254,-0.8292157824121946
WACC_PLUS_100BP,PR,BASE,0.6,22218322766.0181,1725717962.8796272,20492604803.138474,22.504478716358935,23.75,13330993659.61086,1035430777.7277763,12295562881.883083,13.502687229815361
WACC_PLUS_100BP,PR,BULL,0.2,47782775792.6372,3922949346.4918003,43859826446.1454,53.03692303730466,23.75,9556555158.527441,784589869.2983601,8771965289.22908,10.607384607460933
WACC_PLUS_100BP,RRC,BEAR,0.2,-8223188532.904357,-6871851885.13267,-1351336647.7716863,-38.37581354436755,41.060001373291016,-1644637706.5808716,-1374370377.026534,-270267329.55433726,-7.675162708873511
WACC_PLUS_100BP,RRC,BASE,0.6,9688967766.977081,3371307636.860623,6317660130.116459,37.64483518418605,41.060001373291016,5813380660.186249,2022784582.1163735,3790596078.0698752,22.58690111051163
WACC_PLUS_100BP,RRC,BULL,0.2,22056986770.742065,4379912899.391345,17677073871.35072,90.13571413880508,41.060001373291016,4411397354.148414,875982579.8782691,3535414774.270144,18.02714282776102
WACC_PLUS_100BP,SM,BEAR,0.2,3923990349.402306,463119086.3092459,3460871263.09306,11.68215025866733,37.20000076293945,784798069.8804612,92623817.26184918,692174252.618612,2.336430051733466
WACC_PLUS_100BP,SM,BASE,0.6,22953044928.913643,3458188504.972283,19494856423.94136,91.05298522102792,37.20000076293945,13771826957.348185,2074913102.9833696,11696913854.364817,54.631791132616755
WACC_PLUS_100BP,SM,BULL,0.2,43321426779.313995,5522540833.099814,37798885946.21418,176.01019986053646,37.20000076293945,8664285355.862799,1104508166.619963,7559777189.242836,35.20203997210729
WACC_PLUS_200BP,AR,BEAR,0.2,125151941.54956323,448507893.5903295,-323355952.0407663,-8.713687429641606,37.93999862670898,25030388.309912648,89701578.71806592,-64671190.408153266,-1.7427374859283213
WACC_PLUS_200BP,AR,BASE,0.6,11181830984.107538,-618341425.1734295,11800172409.280968,26.971897985087395,37.93999862670898,6709098590.464522,-371004855.10405767,7080103445.568581,16.183138791052436
WACC_PLUS_200BP,AR,BULL,0.2,41199242278.15993,4807650709.863192,36391591568.29674,123.85351049639141,37.93999862670898,8239848455.631986,961530141.9726384,7278318313.659348,24.77070209927828
WACC_PLUS_200BP,CNX,BEAR,0.2,-8007175485.193512,-6873732231.207621,-1133443253.9858913,-73.29980806143418,36.36000061035156,-1601435097.0387025,-1374746446.2415242,-226688650.79717827,-14.659961612286835
WACC_PLUS_200BP,CNX,BASE,0.6,10346354549.726677,5815666701.763344,4530687847.963332,56.42765984362639,36.36000061035156,6207812729.836006,3489400021.0580063,2718412708.7779994,33.85659590617583
WACC_PLUS_200BP,CNX,BULL,0.2,25323328908.972713,4289473029.1397357,21033855879.832977,162.28876431820512,36.36000061035156,5064665781.794543,857894605.8279471,4206771175.9665956,32.457752863641026
WACC_PLUS_200BP,COP,BEAR,0.2,66637077981.212746,17977753575.20466,48659324406.00809,41.24790706715899,134.8699951171875,13327415596.24255,3595550715.0409317,9731864881.201618,8.249581413431798
WACC_PLUS_200BP,COP,BASE,0.6,163424091016.95923,34311960697.681595,129112130319.27763,120.69261620931476,134.8699951171875,98054454610.17554,20587176418.608955,77467278191.56657,72.41556972558885
WACC_PLUS_200BP,COP,BULL,0.2,362270445446.5133,47566543452.38931,314703901994.124,283.90966668074014,134.8699951171875,72454089089.30266,9513308690.477863,62940780398.82481,56.78193333614803
WACC_PLUS_200BP,DVN,BEAR,0.2,17553840241.35273,6052386694.58745,11501453546.765278,17.590666625929725,49.09999847412109,3510768048.270546,1210477338.91749,2300290709.3530555,3.518133325185945
WACC_PLUS_200BP,DVN,BASE,0.6,49483478093.496925,11611921895.120308,37871556198.37662,68.97405550932882,49.09999847412109,29690086856.098156,6967153137.072185,22722933719.02597,41.38443330559729
WACC_PLUS_200BP,DVN,BULL,0.2,102037069479.16566,16758322065.372696,85278747413.79297,153.54694154999302,49.09999847412109,20407413895.833134,3351664413.074539,17055749482.758595,30.709388309998605
WACC_PLUS_200BP,EOG,BEAR,0.2,22050996067.235847,7947807097.849995,14103188969.385855,33.73645055633022,153.0500030517578,4410199213.447169,1589561419.569999,2820637793.877171,6.747290111266044
WACC_PLUS_200BP,EOG,BASE,0.6,88157106769.55536,22328095949.953423,65829010819.60193,157.84942419354698,153.0500030517578,52894264061.733215,13396857569.972054,39497406491.761154,94.70965451612818
WACC_PLUS_200BP,EOG,BULL,0.2,180397521427.3246,29788819636.47728,150608701790.8473,331.02905964748936,153.0500030517578,36079504285.46492,5957763927.295456,30121740358.16946,66.20581192949787
WACC_PLUS_200BP,EQT,BEAR,0.2,-26789930871.091213,-23054799339.334755,-3735131531.756458,-57.754328483321906,53.720001220703125,-5357986174.218243,-4610959867.866951,-747026306.3512917,-11.550865696664381
WACC_PLUS_200BP,EQT,BASE,0.6,16934826830.825619,9273076358.643793,7661750472.181827,12.15181961767739,53.720001220703125,10160896098.49537,5563845815.1862755,4597050283.309095,7.2910917706064335
WACC_PLUS_200BP,EQT,BULL,0.2,62511223056.74059,11069863599.327974,51441359457.41262,85.01832527561416,53.720001220703125,12502244611.34812,2213972719.865595,10288271891.482525,17.003665055122834
WACC_PLUS_200BP,FANG,BEAR,0.2,27971122594.184017,776220412.67507,27194902181.508945,28.722860527222135,210.72000122070312,5594224518.836803,155244082.535014,5438980436.301789,5.744572105444427
WACC_PLUS_200BP,FANG,BASE,0.6,104755638404.76477,12574194205.552696,92181444199.21207,301.6730432218594,210.72000122070312,62853383042.85886,7544516523.331617,55308866519.52724,181.00382593311565
WACC_PLUS_200BP,FANG,BULL,0.2,175200806778.5704,19538477803.74005,155662328974.83035,552.0883955178642,210.72000122070312,35040161355.71408,3907695560.7480106,31132465794.966072,110.41767910357285
WACC_PLUS_200BP,MGY,BEAR,0.2,2719277533.494079,1157581014.7122228,1561696518.7818563,13.248095351508296,28.13999938964844,543855506.6988158,231516202.94244456,312339303.75637126,2.649619070301659
WACC_PLUS_200BP,MGY,BASE,0.6,6005060486.781023,1735069219.468061,4269991267.312962,31.01408671119944,28.13999938964844,3603036292.0686135,1041041531.6808366,2561994760.3877773,18.608452026719664
WACC_PLUS_200BP,MGY,BULL,0.2,12323670441.985722,2223622638.4200034,10100047803.565718,65.17835485226125,28.13999938964844,2464734088.3971443,444724527.68400073,2020009560.7131436,13.035670970452252
WACC_PLUS_200BP,MTDR,BEAR,0.2,89945107.7626276,391476454.1444783,-301531346.3818507,-29.608498857350995,58.380001068115234,17989021.55252552,78295290.82889567,-60306269.276370145,-5.921699771470199
WACC_PLUS_200BP,MTDR,BASE,0.6,19573210683.50265,3909744432.3172255,15663466251.185427,127.28909942886084,58.380001068115234,11743926410.101591,2345846659.390335,9398079750.711256,76.3734596573165
WACC_PLUS_200BP,MTDR,BULL,0.2,39036701143.37703,5721754903.294218,33314946240.08281,284.0274498634695,58.380001068115234,7807340228.675406,1144350980.6588438,6662989248.016562,56.8054899726939
WACC_PLUS_200BP,NOG,BEAR,0.2,-340330056.31424713,866283231.6043935,-1206613287.9186406,-26.985412153288582,27.34000015258789,-68066011.26284944,173256646.3208787,-241322657.58372813,-5.397082430657717
WACC_PLUS_200BP,NOG,BASE,0.6,6182018008.974485,1044667935.1779151,5137350073.79657,34.66766307958075,27.34000015258789,3709210805.384691,626800761.106749,3082410044.2779417,20.80059784774845
WACC_PLUS_200BP,NOG,BULL,0.2,19556464850.289555,3019767103.118444,16536697747.17111,161.09081146902614,27.34000015258789,3911292970.057911,603953420.6236888,3307339549.434222,32.21816229380523
WACC_PLUS_200BP,OVV,BEAR,0.2,5792822696.844185,4174142274.2802186,1618680422.563966,-2.071668213720184,66.82,1158564539.368837,834828454.8560438,323736084.51279324,-0.41433364274403683
WACC_PLUS_200BP,OVV,BASE,0.6,15778176885.52987,6768225981.117767,9009950904.412102,33.461047959347965,66.82,9466906131.31792,4060935588.67066,5405970542.647261,20.07662877560878
WACC_PLUS_200BP,OVV,BULL,0.2,33341808384.05799,8670902836.636251,24670905547.421738,95.96093741872265,66.82,6668361676.811599,1734180567.3272505,4934181109.484347,19.19218748374453
WACC_PLUS_200BP,PR,BEAR,0.2,-77603687.73455064,28229243.503238898,-105832931.23778954,-4.124259724642351,23.75,-15520737.54691013,5645848.70064778,-21166586.24755791,-0.8248519449284702
WACC_PLUS_200BP,PR,BASE,0.6,18331086340.405834,1640704391.2374601,16690381949.168375,17.861827860352925,23.75,10998651804.2435,984422634.742476,10014229169.501024,10.717096716211755
WACC_PLUS_200BP,PR,BULL,0.2,37730570480.81336,3766231944.7360334,33964338536.07733,41.03125255937986,23.75,7546114096.162673,753246388.9472067,6792867707.2154665,8.206250511875972
WACC_PLUS_200BP,RRC,BEAR,0.2,-7909318942.73731,-6752300063.421995,-1157018879.3153157,-37.04372546623806,41.060001373291016,-1581863788.5474622,-1350460012.6843991,-231403775.86306316,-7.408745093247612
WACC_PLUS_200BP,RRC,BASE,0.6,8479885188.005411,3294648817.399807,5185236370.605604,32.51339034410125,41.060001373291016,5087931112.8032465,1976789290.4398842,3111141822.3633623,19.508034206460753
WACC_PLUS_200BP,RRC,BULL,0.2,18131996725.9433,4263604409.3509793,13868392316.59232,73.47773703860013,41.060001373291016,3626399345.1886597,852720881.8701959,2773678463.3184643,14.695547407720026
WACC_PLUS_200BP,SM,BEAR,0.2,3388703841.8408127,441778847.7445265,2946924994.0962863,9.449451998660933,37.20000076293945,677740768.3681626,88355769.54890531,589384998.8192573,1.8898903997321868
WACC_PLUS_200BP,SM,BASE,0.6,19177575218.13271,3344758533.3690314,15832816684.76368,75.30537242882792,37.20000076293945,11506545130.879625,2006855120.0214188,9499690010.858208,45.183223457296755
WACC_PLUS_200BP,SM,BULL,0.2,34476501082.749565,5348717770.076635,29127783312.672928,139.11771343757798,37.20000076293945,6895300216.549913,1069743554.0153271,5825556662.534586,27.823542687515598
WACC_PLUS_300BP,AR,BEAR,0.2,164815592.36957377,441939049.35695463,-277123456.98738086,-8.585672444875438,37.93999862670898,32963118.473914757,88387809.87139094,-55424691.397476174,-1.7171344889750877
WACC_PLUS_300BP,AR,BASE,0.6,9062809680.890167,-639548806.1903797,9702358487.080547,20.13272725212747,37.93999862670898,5437685808.534101,-383729283.71422786,5821415092.248328,12.079636351276482
WACC_PLUS_300BP,AR,BULL,0.2,33278224416.47755,4642564375.726203,28635660040.751347,98.28831516181964,37.93999862670898,6655644883.29551,928512875.1452407,5727132008.1502695,19.657663032363928
WACC_PLUS_300BP,CNX,BEAR,0.2,-7731977955.188016,-6756045844.067184,-975932111.1208318,-71.35464118217911,36.36000061035156,-1546395591.0376034,-1351209168.813437,-195186422.2241664,-14.270928236435822
WACC_PLUS_300BP,CNX,BASE,0.6,9459887335.71818,5702630538.566833,3757256797.1513467,50.161881716183125,36.36000061035156,5675932401.430907,3421578323.1400995,2254354078.2908077,30.097129029709873
WACC_PLUS_300BP,CNX,BULL,0.2,20946359134.41286,4162979641.230998,16783379493.181862,131.35121688889382,36.36000061035156,4189271826.882572,832595928.2461996,3356675898.6363726,26.270243377778765
WACC_PLUS_300BP,COP,BEAR,0.2,59266141592.51541,17461909534.437008,41804232058.0784,35.19769558590254,134.8699951171875,11853228318.503082,3492381906.8874016,8360846411.615681,7.0395391171805075
WACC_PLUS_300BP,COP,BASE,0.6,139958916149.70148,33319528955.548637,106639387194.15283,101.43193304709531,134.8699951171875,83975349689.82088,19991717373.32918,63983632316.4917,60.859159828257184
WACC_PLUS_300BP,COP,BULL,0.2,295476255949.33093,46000853251.444595,249475402697.88632,229.08366481797108,134.8699951171875,59095251189.86619,9200170650.28892,49895080539.57727,45.81673296359422
WACC_PLUS_300BP,DVN,BEAR,0.2,15775990459.20087,5899896424.521583,9876094034.679287,14.729627388479033,49.09999847412109,3155198091.840174,1179979284.9043167,1975218806.9358575,2.945925477695807
WACC_PLUS_300BP,DVN,BASE,0.6,42544973606.6315,11294482365.494343,31250491241.13716,57.80813261446975,49.09999847412109,25526984163.9789,6776689419.296605,18750294744.682297,34.68487956868185
WACC_PLUS_300BP,DVN,BULL,0.2,83765043333.2649,16265125925.34364,67499917407.92126,124.14232914912277,49.09999847412109,16753008666.652979,3253025185.068728,13499983481.584251,24.828465829824555
WACC_PLUS_300BP,EOG,BEAR,0.2,19888432539.879257,7750880161.836155,12137552378.043102,29.67627839965549,153.0500030517578,3977686507.9758515,1550176032.3672311,2427510475.6086206,5.935255679931099
WACC_PLUS_300BP,EOG,BASE,0.6,76278305542.34122,21733729289.10296,54544576253.23825,135.547199363018,153.0500030517578,45766983325.40473,13040237573.461775,32726745751.942947,81.32831961781079
WACC_PLUS_300BP,EOG,BULL,0.2,148909928298.5797,28901168078.890457,120008760219.68925,271.91169856894396,153.0500030517578,29781985659.715942,5780233615.778091,24001752043.93785,54.382339713788795
WACC_PLUS_300BP,EQT,BEAR,0.2,-25881475114.37033,-22660781722.78087,-3220693391.5894628,-56.30191008216169,53.720001220703125,-5176295022.874066,-4532156344.556174,-644138678.3178926,-11.260382016432338
WACC_PLUS_300BP,EQT,BASE,0.6,15461941968.743267,9091712430.293001,6370229538.450267,9.79700480071764,53.720001220703125,9277165181.24596,5455027458.1758,3822137723.07016,5.8782028804305835
WACC_PLUS_300BP,EQT,BULL,0.2,51963073022.57962,10747752327.911627,41215320694.66799,68.15418291703244,53.720001220703125,10392614604.515924,2149550465.5823255,8243064138.9335985,13.63083658340649
WACC_PLUS_300BP,FANG,BEAR,0.2,23883616742.882732,656457709.0990634,23227159033.78367,14.192776471859176,210.72000122070312,4776723348.576547,131291541.81981269,4645431806.756734,2.8385552943718353
WACC_PLUS_300BP,FANG,BASE,0.6,87405963957.00993,12098931646.180462,75307032310.82947,239.99919192234248,210.72000122070312,52443578374.205956,7259358987.708277,45184219386.49768,143.99951515340547
WACC_PLUS_300BP,FANG,BULL,0.2,140040042014.31445,18868709655.916985,121171332358.39746,427.1004723047786,210.72000122070312,28008008402.862892,3773741931.1833973,24234266471.679493,85.42009446095572
WACC_PLUS_300BP,MGY,BEAR,0.2,2478722910.694355,1131110219.575797,1347612691.1185582,11.947433862008978,28.13999938964844,495744582.138871,226222043.91515943,269522538.22371167,2.3894867724017956
WACC_PLUS_300BP,MGY,BASE,0.6,5246210879.102238,1691260050.3443809,3554950828.7578564,26.911041633361954,28.13999938964844,3147726527.4613423,1014756030.2066284,2132970497.2547138,16.146624980017172
WACC_PLUS_300BP,MGY,BULL,0.2,10268371703.196636,2159012550.139296,8109359153.05734,54.06550286111446,28.13999938964844,2053674340.6393273,431802510.0278592,1621871830.611468,10.813100572222893
WACC_PLUS_300BP,MTDR,BEAR,0.2,127248792.78314099,385842437.9105697,-258593645.12742874,-29.30809446342682,58.380001068115234,25449758.556628197,77168487.58211395,-51718729.025485754,-5.861618892685364
WACC_PLUS_300BP,MTDR,BASE,0.6,16689632574.158993,3794632630.899287,12894999943.259705,104.06781354801429,58.380001068115234,10013779544.495396,2276779578.5395722,7736999965.955822,62.44068812880857
WACC_PLUS_300BP,MTDR,BULL,0.2,31814182505.466297,5545119206.073673,26269063299.392624,225.86492965039915,58.380001068115234,6362836501.09326,1109023841.2147348,5253812659.878525,45.17298593007983
WACC_PLUS_300BP,NOG,BEAR,0.2,-181845281.68083096,856359827.2439284,-1038205108.9247594,-25.487320724261817,27.34000015258789,-36369056.336166196,171271965.4487857,-207641021.7849519,-5.097464144852363
WACC_PLUS_300BP,NOG,BASE,0.6,5265583999.318759,1010633825.0857031,4254950174.2330556,26.00498908891211,27.34000015258789,3159350399.591255,606380295.0514219,2552970104.539833,15.602993453347267
WACC_PLUS_300BP,NOG,BULL,0.2,16095031762.142624,2926907906.4439535,13168123855.69867,128.37130731793653,27.34000015258789,3219006352.428525,585381581.2887907,2633624771.1397343,25.674261463587307
WACC_PLUS_300BP,OVV,BEAR,0.2,5511962326.141784,4097876891.166295,1414085434.9754884,-3.071105153847863,66.82,1102392465.2283568,819575378.2332591,282817086.9950977,-0.6142210307695727
WACC_PLUS_300BP,OVV,BASE,0.6,14280651478.097172,6619994013.114511,7660657464.98266,28.132128798467587,66.82,8568390886.858303,3971996407.868706,4596394478.989596,16.87927727908055
WACC_PLUS_300BP,OVV,BULL,0.2,28895233414.69223,8444243386.781486,20450990027.910744,80.13787462664163,66.82,5779046682.938446,1688848677.3562973,4090198005.582149,16.027574925328327
WACC_PLUS_300BP,PR,BEAR,0.2,-63133764.35624718,28207829.327979065,-91341593.68422624,-4.106977832109138,23.75,-12626752.871249437,5641565.865595814,-18268318.73684525,-0.8213955664218275
WACC_PLUS_300BP,PR,BASE,0.6,15460005117.229145,1560034361.233512,13899970755.995634,14.43280367993031,23.75,9276003070.337486,936020616.7401072,8339982453.59738,8.659682207958186
WACC_PLUS_300BP,PR,BULL,0.2,30901197697.7863,3617160310.9303036,27284037386.856,32.874714102342026,23.75,6180239539.5572605,723432062.1860608,5456807477.371201,6.574942820468405
WACC_PLUS_300BP,RRC,BEAR,0.2,-7638353718.781319,-6636464409.951698,-1001889308.8296202,-35.89372700914841,41.060001373291016,-1527670743.7562637,-1327292881.9903398,-200377861.76592407,-7.178745401829682
WACC_PLUS_300BP,RRC,BASE,0.6,7564324273.710405,3220901252.8216605,4343423020.888745,28.627675330790726,41.060001373291016,4538594564.226243,1932540751.6929963,2606053812.533247,17.176605198474434
WACC_PLUS_300BP,RRC,BULL,0.2,15393868444.64599,4152117547.873234,11241750896.772757,61.856897829665876,41.060001373291016,3078773688.9291983,830423509.5746468,2248350179.3545513,12.371379565933175
WACC_PLUS_300BP,SM,BEAR,0.2,2961899398.5473013,421498556.33124495,2540400842.2160563,7.669236124650792,37.20000076293945,592379879.7094603,84299711.266249,508080168.4432113,1.5338472249301585
WACC_PLUS_300BP,SM,BASE,0.6,16394407482.160591,3236468441.7776494,13157939040.382942,63.69668498083162,37.20000076293945,9836644489.296354,1941881065.0665896,7894763424.229765,38.21801098849897
WACC_PLUS_300BP,SM,BULL,0.2,28503319449.960197,5182686628.278208,23320632821.681988,114.20336934363702,37.20000076293945,5700663889.99204,1036537325.6556416,4664126564.336398,22.840673868727407
TERMINAL_G_MINUS_100BP,AR,BEAR,0.2,-392131938.9925008,382034129.39033425,-774166068.382835,-10.383228349812484,37.93999862670898,-78426387.79850017,76406825.87806685,-154833213.67656702,-2.0766456699624967
TERMINAL_G_MINUS_100BP,AR,BASE,0.6,16904481628.699173,-292307450.3936988,17196789079.092873,45.44183254592485,37.93999862670898,10142688977.219503,-175384470.2362193,10318073447.455723,27.265099527554913
TERMINAL_G_MINUS_100BP,AR,BULL,0.2,56911234407.23701,5316714925.477118,51594519481.75989,174.56418365598898,37.93999862670898,11382246881.447403,1063342985.0954236,10318903896.351978,34.9128367311978
TERMINAL_G_MINUS_100BP,CNX,BEAR,0.2,-10088105913.078945,-7394695466.420392,-2693410446.658554,-88.00835921113378,36.36000061035156,-2017621182.6157892,-1478939093.2840786,-538682089.3317108,-17.601671842226757
TERMINAL_G_MINUS_100BP,CNX,BASE,0.6,13711592622.648785,6285237345.40477,7426355277.244015,80.21402754876355,36.36000061035156,8226955573.589271,3771142407.2428617,4455813166.346409,48.12841652925813
TERMINAL_G_MINUS_100BP,CNX,BULL,0.2,33759468229.471596,4645742759.600238,29113725469.871357,221.91756547309956,36.36000061035156,6751893645.89432,929148551.9200476,5822745093.974272,44.383513094619914
TERMINAL_G_MINUS_100BP,COP,BEAR,0.2,85390248402.24713,20347212247.020084,65043036155.22704,56.6408830756459,134.8699951171875,17078049680.449427,4069442449.404017,13008607231.04541,11.32817661512918
TERMINAL_G_MINUS_100BP,COP,BASE,0.6,210838598089.3519,37559417723.19549,173279180366.1564,159.6113885253249,134.8699951171875,126503158853.61113,22535650633.917294,103967508219.69383,95.76683311519494
TERMINAL_G_MINUS_100BP,COP,BULL,0.2,490561968377.4391,52051824327.80858,438510144049.6305,389.2139053897842,134.8699951171875,98112393675.48782,10410364865.561716,87702028809.9261,77.84278107795684
TERMINAL_G_MINUS_100BP,DVN,BEAR,0.2,22415164050.570908,6733725911.460034,15681438139.110872,25.413846235228366,49.09999847412109,4483032810.1141815,1346745182.292007,3136287627.8221745,5.082769247045674
TERMINAL_G_MINUS_100BP,DVN,BASE,0.6,63940554456.55643,12666588491.751057,51273965964.80537,92.23938599381465,49.09999847412109,38364332673.93385,7599953095.050633,30764379578.88322,55.34363159628879
TERMINAL_G_MINUS_100BP,DVN,BULL,0.2,137388356034.01274,18121941610.241726,119266414423.77101,210.43668495978878,49.09999847412109,27477671206.80255,3624388322.0483456,23853282884.754204,42.087336991957756
TERMINAL_G_MINUS_100BP,EOG,BEAR,0.2,29545980114.6737,9092490456.419321,20453489658.25438,47.80814147277034,153.0500030517578,5909196022.93474,1818498091.2838643,4090697931.650876,9.561628294554067
TERMINAL_G_MINUS_100BP,EOG,BASE,0.6,110840039010.17044,24009923037.592133,86830115972.57831,200.43620083620087,153.0500030517578,66504023406.102264,14405953822.555279,52098069583.54698,120.26172050172052
TERMINAL_G_MINUS_100BP,EOG,BULL,0.2,238660390515.1293,32060518617.98365,206599871897.14566,440.41649536709815,153.0500030517578,47732078103.02586,6412103723.59673,41319974379.42914,88.08329907341964
TERMINAL_G_MINUS_100BP,EQT,BEAR,0.2,-33657923582.54004,-24798336140.909813,-8859587441.630226,-68.73471901895836,53.720001220703125,-6731584716.508008,-4959667228.181963,-1771917488.3260453,-13.746943803791673
TERMINAL_G_MINUS_100BP,EQT,BASE,0.6,21872812849.984596,9965789857.154947,11907022992.82965,20.046559351383415,53.720001220703125,13123687709.990757,5979473914.292968,7144213795.69779,12.027935610830049
TERMINAL_G_MINUS_100BP,EQT,BULL,0.2,84009538637.66927,12096856007.493465,71912682630.1758,119.3893432505528,53.720001220703125,16801907727.533854,2419371201.498693,14382536526.03516,23.87786865011056
TERMINAL_G_MINUS_100BP,FANG,BEAR,0.2,41220045130.44249,2202603217.8259134,39017441912.61658,75.8195412655609,210.72000122070312,8244009026.088498,440520643.5651827,7803488382.523315,15.163908253112181
TERMINAL_G_MINUS_100BP,FANG,BASE,0.6,141143695497.40622,14492360638.243536,126651334859.16267,431.02369063416944,210.72000122070312,84686217298.44373,8695416382.946121,75990800915.4976,258.61421438050166
TERMINAL_G_MINUS_100BP,FANG,BULL,0.2,245883593755.65726,21583539214.934834,224300054540.7224,803.3484238594568,210.72000122070312,49176718751.131454,4316707842.986967,44860010908.144485,160.66968477189138
TERMINAL_G_MINUS_100BP,MGY,BEAR,0.2,3237776168.104172,1237997866.6691675,1999778301.4350047,16.051580059248856,28.13999938964844,647555233.6208345,247599573.33383352,399955660.28700095,3.2103160118497716
TERMINAL_G_MINUS_100BP,MGY,BASE,0.6,7380194566.360482,1846366590.2461922,5533827976.11429,38.44933746377463,28.13999938964844,4428116739.816289,1107819954.1477153,3320296785.668574,23.06960247826478
TERMINAL_G_MINUS_100BP,MGY,BULL,0.2,16016689625.67184,2380749919.288163,13635939706.383678,85.14624312768976,28.13999938964844,3203337925.1343684,476149983.85763264,2727187941.276736,17.029248625537953
TERMINAL_G_MINUS_100BP,MTDR,BEAR,0.2,-393256128.21681994,328015697.6021661,-721271825.818986,-33.49969015274167,58.380001068115234,-78651225.643364,65603139.520433225,-144254365.16379723,-6.699938030548335
TERMINAL_G_MINUS_100BP,MTDR,BASE,0.6,24986422590.761765,4239033877.4654293,20747388713.296337,170.88137834953758,58.380001068115234,14991853554.457058,2543420326.4792576,12448433227.977802,102.52882700972255
TERMINAL_G_MINUS_100BP,MTDR,BULL,0.2,52394392476.05796,6159262638.605545,46235129837.452415,391.59615699826315,58.380001068115234,10478878495.211594,1231852527.7211092,9247025967.490484,78.31923139965264
TERMINAL_G_MINUS_100BP,NOG,BEAR,0.2,-2296436587.296702,577265803.8665848,-2873702391.1632867,-45.475683127937884,27.34000015258789,-459287317.4593404,115453160.77331696,-574740478.2326573,-9.095136625587577
TERMINAL_G_MINUS_100BP,NOG,BASE,0.6,8097888267.997738,1172484089.5153937,6925404178.482345,52.777597114624996,27.34000015258789,4858732960.798642,703490453.7092363,4155242507.0894065,31.666558268774995
TERMINAL_G_MINUS_100BP,NOG,BULL,0.2,25858952925.818356,3249827348.4762917,22609125577.342064,220.66564059272113,27.34000015258789,5171790585.1636715,649965469.6952584,4521825115.468413,44.13312811854423
TERMINAL_G_MINUS_100BP,OVV,BEAR,0.2,7147981485.734421,4513136117.808798,2634845367.9256234,2.7506417119143682,66.82,1429596297.1468842,902627223.5617596,526969073.58512473,0.5501283423828737
TERMINAL_G_MINUS_100BP,OVV,BASE,0.6,19103928591.546585,7221492481.083498,11882436110.463087,45.29567988115699,66.82,11462357154.92795,4332895488.650099,7129461666.277852,27.177407928694194
TERMINAL_G_MINUS_100BP,OVV,BULL,0.2,41429029959.11698,9257608748.146639,32171421210.970345,124.73918037588189,66.82,8285805991.823397,1851521749.6293278,6434284242.194069,24.94783607517638
TERMINAL_G_MINUS_100BP,PR,BEAR,0.2,-250724986.10191104,320347.4133589864,-251045333.51527002,-4.331024031223344,23.75,-50144997.22038221,64069.482671797276,-50209066.70305401,-0.8662048062446689
TERMINAL_G_MINUS_100BP,PR,BASE,0.6,25116616686.974846,2108649452.151832,23007967234.823013,25.96600389255592,23.75,15069970012.184908,1265189671.2910993,13804780340.893808,15.579602335533552
TERMINAL_G_MINUS_100BP,PR,BULL,0.2,51780590748.71338,4339280617.408138,47441310131.305244,57.811641370794575,23.75,10356118149.742676,867856123.4816277,9488262026.26105,11.562328274158915
TERMINAL_G_MINUS_100BP,RRC,BEAR,0.2,-10024639212.241814,-7294606535.136541,-2730032677.1052713,-46.02131679941862,41.060001373291016,-2004927842.4483628,-1458921307.0273085,-546006535.4210542,-9.204263359883724
TERMINAL_G_MINUS_100BP,RRC,BASE,0.6,10580100402.686308,3532930437.8444858,7047169964.841822,41.42687459561356,41.060001373291016,6348060241.611785,2119758262.7066913,4228301978.9050927,24.856124757368136
TERMINAL_G_MINUS_100BP,RRC,BULL,0.2,23279470012.7473,4557200737.744538,18722269275.00276,95.32403248312627,41.060001373291016,4655894002.54946,911440147.5489078,3744453855.0005527,19.064806496625256
TERMINAL_G_MINUS_100BP,SM,BEAR,0.2,4543949997.085377,576714178.9387689,3967235818.1466084,14.268023070896124,37.20000076293945,908789999.4170754,115342835.78775378,793447163.6293217,2.853604614179225
TERMINAL_G_MINUS_100BP,SM,BASE,0.6,24424486517.614006,3676554276.1962795,20747932241.417725,97.1904182188416,37.20000076293945,14654691910.568403,2205932565.7177677,12448759344.850634,58.314250931304954
TERMINAL_G_MINUS_100BP,SM,BULL,0.2,45368870415.57624,5771848632.685896,39597021782.89034,184.55015702285803,37.20000076293945,9073774083.115248,1154369726.5371792,7919404356.578069,36.910031404571605
TERMINAL_PRE_RECENT_WINDOW_MARGIN,AR,BEAR,0.2,1656921.9112616181,462150610.38746417,-460493688.47620255,-9.112269323412187,37.93999862670898,331384.3822523237,92430122.07749283,-92098737.69524051,-1.8224538646824375
TERMINAL_PRE_RECENT_WINDOW_MARGIN,AR,BASE,0.6,12676157811.917423,-570394764.1830441,13246552576.100468,31.794858608804088,37.93999862670898,7605694687.150454,-342236858.5098264,7947931545.66028,19.07691516528245
TERMINAL_PRE_RECENT_WINDOW_MARGIN,AR,BULL,0.2,32160970881.602745,5162611014.771986,26998359866.830757,94.68236383636099,37.93999862670898,6432194176.320549,1032522202.9543972,5399671973.366152,18.9364727672722
TERMINAL_PRE_RECENT_WINDOW_MARGIN,CNX,BEAR,0.2,-8713459001.187183,-7120596528.214897,-1592862472.9722853,-78.29200149662698,36.36000061035156,-1742691800.2374368,-1424119305.6429796,-318572494.5944571,-15.658400299325397
TERMINAL_PRE_RECENT_WINDOW_MARGIN,CNX,BASE,0.6,8588137791.234896,6054067981.255012,2534069809.9798846,44.00013185999541,36.36000061035156,5152882674.740937,3632440788.753007,1520441885.9879308,26.400079115997247
TERMINAL_PRE_RECENT_WINDOW_MARGIN,CNX,BULL,0.2,14797199231.075197,4560231578.17622,10236967652.898977,87.88737410303428,36.36000061035156,2959439846.2150397,912046315.635244,2047393530.5797956,17.577474820606856
TERMINAL_PRE_RECENT_WINDOW_MARGIN,COP,BEAR,0.2,87894167403.90703,19080078448.35764,68814088955.5494,58.696149692138334,134.8699951171875,17578833480.781406,3816015689.671528,13762817791.109879,11.739229938427668
TERMINAL_PRE_RECENT_WINDOW_MARGIN,COP,BASE,0.6,195618364492.36523,36434403303.29564,159183961189.06958,147.11831746896644,134.8699951171875,117371018695.41914,21860641981.977383,95510376713.44174,88.27099048137985
TERMINAL_PRE_RECENT_WINDOW_MARGIN,COP,BULL,0.2,392582609635.54126,50928801195.15828,341653808440.383,308.79049513008175,134.8699951171875,78516521927.10826,10185760239.031656,68330761688.0766,61.75809902601635
TERMINAL_PRE_RECENT_WINDOW_MARGIN,DVN,BEAR,0.2,22665974471.77619,6376965642.073253,16289008829.702938,25.817467769192454,49.09999847412109,4533194894.355239,1275393128.4146507,3257801765.940588,5.163493553838491
TERMINAL_PRE_RECENT_WINDOW_MARGIN,DVN,BASE,0.6,66721889885.122116,12289659428.755884,54432230456.366234,96.71530396704557,49.09999847412109,40033133931.073265,7373795657.2535305,32659338273.81974,58.02918238022734
TERMINAL_PRE_RECENT_WINDOW_MARGIN,DVN,BULL,0.2,124901116878.05411,17814035210.4055,107087081667.6486,190.34135319931463,49.09999847412109,24980223375.610825,3562807042.0811,21417416333.529724,38.068270639862924
TERMINAL_PRE_RECENT_WINDOW_MARGIN,EOG,BEAR,0.2,28212901803.119503,8366719777.931476,19846182025.188026,45.30531213399234,153.0500030517578,5642580360.623901,1673343955.5862951,3969236405.0376053,9.061062426798468
TERMINAL_PRE_RECENT_WINDOW_MARGIN,EOG,BASE,0.6,76291069674.76794,23595931988.42006,52695137686.34789,135.57116378044552,153.0500030517578,45774641804.86076,14157559193.052034,31617082611.808735,81.34269826826731
TERMINAL_PRE_RECENT_WINDOW_MARGIN,EOG,BULL,0.2,141931034791.6424,31689415529.909157,110241619261.73325,258.80895788973675,153.0500030517578,28386206958.32848,6337883105.981832,22048323852.34665,51.76179157794735
TERMINAL_PRE_RECENT_WINDOW_MARGIN,EQT,BEAR,0.2,-29109197398.656296,-23881245105.099346,-5227952293.55695,-61.46231905623586,53.720001220703125,-5821839479.731259,-4776249021.01987,-1045590458.71139,-12.292463811247174
TERMINAL_PRE_RECENT_WINDOW_MARGIN,EQT,BASE,0.6,-2046420214.7612915,9655706631.974384,-11702126846.735676,-18.194966433289885,53.720001220703125,-1227852128.8567748,5793423979.18463,-7021276108.041406,-10.91697985997393
TERMINAL_PRE_RECENT_WINDOW_MARGIN,EQT,BULL,0.2,-28363912340.02716,11759044119.17521,-40122956459.20237,-60.27077425589255,53.720001220703125,-5672782468.005432,2351808823.8350425,-8024591291.840474,-12.05415485117851
TERMINAL_PRE_RECENT_WINDOW_MARGIN,FANG,BEAR,0.2,40150810941.70343,1038370102.2088699,39112440839.49456,72.01867511333256,210.72000122070312,8030162188.340687,207674020.441774,7822488167.898912,14.403735022666513
TERMINAL_PRE_RECENT_WINDOW_MARGIN,FANG,BASE,0.6,166453901320.6653,13598137877.45031,152855763443.215,520.9952849141906,210.72000122070312,99872340792.39919,8158882726.470185,91713458065.929,312.59717094851436
TERMINAL_PRE_RECENT_WINDOW_MARGIN,FANG,BULL,0.2,319829817774.9749,20978696921.56315,298851120853.41174,1066.2091730949173,210.72000122070312,63965963554.99499,4195739384.3126297,59770224170.68235,213.2418346189835
TERMINAL_PRE_RECENT_WINDOW_MARGIN,MGY,BEAR,0.2,3395027897.6464705,1213741040.4540386,2181286857.192432,16.901828815196122,28.13999938964844,679005579.5292941,242748208.09080774,436257371.4384864,3.3803657630392245
TERMINAL_PRE_RECENT_WINDOW_MARGIN,MGY,BASE,0.6,8472454848.64063,1828355991.945104,6644098856.695526,44.35511000365314,28.13999938964844,5083472909.184378,1097013595.1670623,3986459314.0173154,26.613066002191882
TERMINAL_PRE_RECENT_WINDOW_MARGIN,MGY,BULL,0.2,18599489999.5779,2361844301.100089,16237645698.47781,99.11125840075272,28.13999938964844,3719897999.9155803,472368860.22001785,3247529139.6955624,19.822251680150544
TERMINAL_PRE_RECENT_WINDOW_MARGIN,MTDR,BEAR,0.2,-25418016.24988079,403166042.1211599,-428584058.3710407,-30.537511348506214,58.380001068115234,-5083603.249976158,80633208.42423199,-85716811.67420815,-6.107502269701243
TERMINAL_PRE_RECENT_WINDOW_MARGIN,MTDR,BASE,0.6,29449750085.92203,4156064549.530354,25293685536.391678,206.8242936494981,58.380001068115234,17669850051.55322,2493638729.718212,15176211321.835007,124.09457618969884
TERMINAL_PRE_RECENT_WINDOW_MARGIN,MTDR,BULL,0.2,59403936915.755226,6100394350.469731,53303542565.28549,448.04360844800294,58.380001068115234,11880787383.151047,1220078870.0939462,10660708513.057098,89.6087216896006
TERMINAL_PRE_RECENT_WINDOW_MARGIN,NOG,BEAR,0.2,-812486301.5861207,886565465.4738704,-1699051767.0599911,-31.448511058778728,27.34000015258789,-162497260.31722414,177313093.0947741,-339810353.4119983,-6.2897022117557455
TERMINAL_PRE_RECENT_WINDOW_MARGIN,NOG,BASE,0.6,9247813996.209562,1117696350.381044,8130117645.828519,63.64737234342018,27.34000015258789,5548688397.725738,670617810.2286264,4878070587.497111,38.18842340605211
TERMINAL_PRE_RECENT_WINDOW_MARGIN,NOG,BULL,0.2,24713973199.290207,3218776395.4276295,21495196803.86258,209.84261788477477,27.34000015258789,4942794639.858042,643755279.0855259,4299039360.772516,41.96852357695496
TERMINAL_PRE_RECENT_WINDOW_MARGIN,OVV,BEAR,0.2,6520652429.803373,4334551787.188931,2186100642.6144423,0.5183017397605411,66.82,1304130485.9606748,866910357.4377863,437220128.5228885,0.10366034795210821
TERMINAL_PRE_RECENT_WINDOW_MARGIN,OVV,BASE,0.6,17211197346.182888,7082263736.92314,10128933609.259748,38.5604273440351,66.82,10326718407.709732,4249358242.1538835,6077360165.555849,23.136256406421058
TERMINAL_PRE_RECENT_WINDOW_MARGIN,OVV,BULL,0.2,29979430447.02794,9154034350.062986,20825396096.964954,83.9959716653345,66.82,5995886089.405588,1830806870.0125973,4165079219.392991,16.7991943330669
TERMINAL_PRE_RECENT_WINDOW_MARGIN,PR,BEAR,0.2,-119519046.36390282,28226829.57493888,-147745875.9388417,-4.174320578759222,23.75,-23903809.272780567,5645365.914987776,-29549175.18776834,-0.8348641157518444
TERMINAL_PRE_RECENT_WINDOW_MARGIN,PR,BASE,0.6,24721055366.779766,1815350006.1518452,22905705360.627922,25.493572349749183,23.75,14832633220.06786,1089210003.691107,13743423216.376753,15.29614340984951
TERMINAL_PRE_RECENT_WINDOW_MARGIN,PR,BULL,0.2,45280786650.58884,4087788606.4368796,41192998044.151955,50.04871734044664,23.75,9056157330.117767,817557721.2873759,8238599608.830391,10.00974346808933
TERMINAL_PRE_RECENT_WINDOW_MARGIN,RRC,BEAR,0.2,-8595807853.67321,-6995288114.053935,-1600519739.6192756,-39.95724025924211,41.060001373291016,-1719161570.734642,-1399057622.8107872,-320103947.9238551,-7.9914480518484226
TERMINAL_PRE_RECENT_WINDOW_MARGIN,RRC,BASE,0.6,11187414103.365051,3451033154.388961,7736380948.9760895,44.00436335433114,41.060001373291016,6712448462.019031,2070619892.6333764,4641828569.3856535,26.402618012598683
TERMINAL_PRE_RECENT_WINDOW_MARGIN,RRC,BULL,0.2,20449141667.203728,4501316508.271591,15947825158.932138,83.31188869983089,41.060001373291016,4089828333.440746,900263301.6543183,3189565031.786428,16.66237773996618
TERMINAL_PRE_RECENT_WINDOW_MARGIN,SM,BEAR,0.2,4613247155.810712,485584919.9923187,4127662235.818393,14.557063880862119,37.20000076293945,922649431.1621424,97116983.99846375,825532447.1636786,2.911412776172424
TERMINAL_PRE_RECENT_WINDOW_MARGIN,SM,BASE,0.6,26706254497.855213,3577064660.75684,23129189837.098373,106.70775020322306,37.20000076293945,16023752698.713127,2146238796.454104,13877513902.259024,64.02465012193383
TERMINAL_PRE_RECENT_WINDOW_MARGIN,SM,BULL,0.2,44745424307.846176,5704619461.947395,39040804845.89878,181.94974206699112,37.20000076293945,8949084861.569235,1140923892.3894792,7808160969.179756,36.38994841339822
TERMINAL_ROIC_FADE_TO_WACC_PLUS_200BP,AR,BEAR,0.2,1656921.9112616181,462150610.38746417,-460493688.47620255,-9.112269323412187,37.93999862670898,331384.3822523237,92430122.07749283,-92098737.69524051,-1.8224538646824375
TERMINAL_ROIC_FADE_TO_WACC_PLUS_200BP,AR,BASE,0.6,18264349013.487007,-570394764.1830441,18834743777.67005,49.83082344687837,37.93999862670898,10958609408.092203,-342236858.5098264,11300846266.60203,29.89849406812702
TERMINAL_ROIC_FADE_TO_WACC_PLUS_200BP,AR,BULL,0.2,56278108754.71334,5162611014.771986,51115497739.94135,172.5207618053207,37.93999862670898,11255621750.942669,1032522202.9543972,10223099547.988272,34.504152361064136
TERMINAL_ROIC_FADE_TO_WACC_PLUS_200BP,CNX,BEAR,0.2,-8713459001.187183,-7120596528.214897,-1592862472.9722853,-78.29200149662698,36.36000061035156,-1742691800.2374368,-1424119305.6429796,-318572494.5944571,-15.658400299325397
TERMINAL_ROIC_FADE_TO_WACC_PLUS_200BP,CNX,BASE,0.6,13194210568.809788,6054067981.255012,7140142587.554777,76.55703820358853,36.36000061035156,7916526341.285872,3632440788.753007,4284085552.532866,45.93422292215312
TERMINAL_ROIC_FADE_TO_WACC_PLUS_200BP,CNX,BULL,0.2,33098363667.81788,4560231578.17622,28538132089.64166,217.24470850004616,36.36000061035156,6619672733.563576,912046315.635244,5707626417.928332,43.448941700009236
TERMINAL_ROIC_FADE_TO_WACC_PLUS_200BP,COP,BEAR,0.2,87894167403.90703,19080078448.35764,68814088955.5494,58.696149692138334,134.8699951171875,17578833480.781406,3816015689.671528,13762817791.109879,11.739229938427668
TERMINAL_ROIC_FADE_TO_WACC_PLUS_200BP,COP,BASE,0.6,214648973430.2127,36434403303.29564,178214570126.91708,162.7390205410513,134.8699951171875,128789384058.12762,21860641981.977383,106928742076.15025,97.64341232463077
TERMINAL_ROIC_FADE_TO_WACC_PLUS_200BP,COP,BULL,0.2,479896951973.4244,50928801195.15828,428968150778.2661,380.4598473851184,134.8699951171875,95979390394.68488,10185760239.031656,85793630155.65323,76.09196947702368
TERMINAL_ROIC_FADE_TO_WACC_PLUS_200BP,DVN,BEAR,0.2,22665974471.77619,6376965642.073253,16289008829.702938,25.817467769192454,49.09999847412109,4533194894.355239,1275393128.4146507,3257801765.940588,5.163493553838491
TERMINAL_ROIC_FADE_TO_WACC_PLUS_200BP,DVN,BASE,0.6,65401514558.14409,12289659428.755884,53111855129.38821,94.59046436778901,49.09999847412109,39240908734.88645,7373795657.2535305,31867113077.632923,56.754278620673404
TERMINAL_ROIC_FADE_TO_WACC_PLUS_200BP,DVN,BULL,0.2,134923535453.5349,17814035210.4055,117109500243.1294,206.470124643603,49.09999847412109,26984707090.70698,3562807042.0811,23421900048.62588,41.2940249287206
TERMINAL_ROIC_FADE_TO_WACC_PLUS_200BP,EOG,BEAR,0.2,28212901803.119503,8366719777.931476,19846182025.188026,45.30531213399234,153.0500030517578,5642580360.623901,1673343955.5862951,3969236405.0376053,9.061062426798468
TERMINAL_ROIC_FADE_TO_WACC_PLUS_200BP,EOG,BASE,0.6,111858369440.28508,23595931988.42006,88262437451.86502,202.34809697536306,153.0500030517578,67115021664.17104,14157559193.052034,52957462471.11901,121.40885818521784
TERMINAL_ROIC_FADE_TO_WACC_PLUS_200BP,EOG,BULL,0.2,231225346371.04337,31689415529.909157,199535930841.13422,426.45734048651764,153.0500030517578,46245069274.20868,6337883105.981832,39907186168.226845,85.29146809730354
TERMINAL_ROIC_FADE_TO_WACC_PLUS_200BP,EQT,BEAR,0.2,-29109197398.656296,-23881245105.099346,-5227952293.55695,-61.46231905623586,53.720001220703125,-5821839479.731259,-4776249021.01987,-1045590458.71139,-12.292463811247174
TERMINAL_ROIC_FADE_TO_WACC_PLUS_200BP,EQT,BASE,0.6,21628993237.810226,9655706631.974384,11973286605.83584,19.65674610107826,53.720001220703125,12977395942.686136,5793423979.18463,7183971963.501504,11.794047660646955
TERMINAL_ROIC_FADE_TO_WACC_PLUS_200BP,EQT,BULL,0.2,83661978181.10217,11759044119.17521,71902934061.92696,118.83367149780196,53.720001220703125,16732395636.220436,2351808823.8350425,14380586812.385391,23.766734299560394
TERMINAL_ROIC_FADE_TO_WACC_PLUS_200BP,FANG,BEAR,0.2,40150810941.70343,1038370102.2088699,39112440839.49456,72.01867511333256,210.72000122070312,8030162188.340687,207674020.441774,7822488167.898912,14.403735022666513
TERMINAL_ROIC_FADE_TO_WACC_PLUS_200BP,FANG,BASE,0.6,145105478261.612,13598137877.45031,131507340384.1617,445.1068598496146,210.72000122070312,87063286956.9672,8158882726.470185,78904404230.49701,267.06411590976876
TERMINAL_ROIC_FADE_TO_WACC_PLUS_200BP,FANG,BULL,0.2,244937933812.31897,20978696921.56315,223959236890.75583,799.9868339402349,210.72000122070312,48987586762.4638,4195739384.3126297,44791847378.15117,159.99736678804697
TERMINAL_ROIC_FADE_TO_WACC_PLUS_200BP,MGY,BEAR,0.2,3340506706.296587,1213741040.4540386,2126765665.8425486,16.60703666726282,28.13999938964844,668101341.2593174,242748208.09080774,425353133.1685097,3.321407333452564
TERMINAL_ROIC_FADE_TO_WACC_PLUS_200BP,MGY,BASE,0.6,7395454998.343807,1828355991.945104,5567099006.398704,38.53184951847067,28.13999938964844,4437272999.006284,1097013595.1670623,3340259403.839222,23.1191097110824
TERMINAL_ROIC_FADE_TO_WACC_PLUS_200BP,MGY,BULL,0.2,15409041970.303818,2361844301.100089,13047197669.203728,81.86073609679912,28.13999938964844,3081808394.060764,472368860.22001785,2609439533.840746,16.372147219359825
TERMINAL_ROIC_FADE_TO_WACC_PLUS_200BP,MTDR,BEAR,0.2,-25418016.24988079,403166042.1211599,-428584058.3710407,-30.537511348506214,58.380001068115234,-5083603.249976158,80633208.42423199,-85716811.67420815,-6.107502269701243
TERMINAL_ROIC_FADE_TO_WACC_PLUS_200BP,MTDR,BASE,0.6,25168876342.79056,4156064549.530354,21012811793.26021,172.35066774460037,58.380001068115234,15101325805.674337,2493638729.718212,12607687075.956125,103.41040064676022
TERMINAL_ROIC_FADE_TO_WACC_PLUS_200BP,MTDR,BULL,0.2,50723957901.03812,6100394350.469731,44623563550.56838,378.1442450538299,58.380001068115234,10144791580.207624,1220078870.0939462,8924712710.113676,75.62884901076598
TERMINAL_ROIC_FADE_TO_WACC_PLUS_200BP,NOG,BEAR,0.2,-812486301.5861207,886565465.4738704,-1699051767.0599911,-31.448511058778728,27.34000015258789,-162497260.31722414,177313093.0947741,-339810353.4119983,-6.2897022117557455
TERMINAL_ROIC_FADE_TO_WACC_PLUS_200BP,NOG,BASE,0.6,8284792019.677525,1117696350.381044,7167095669.296481,54.54432145197593,27.34000015258789,4970875211.806515,670617810.2286264,4300257401.5778885,32.72659287118556
TERMINAL_ROIC_FADE_TO_WACC_PLUS_200BP,NOG,BULL,0.2,24918215283.695343,3218776395.4276295,21699438888.267715,211.77323435441122,27.34000015258789,4983643056.739069,643755279.0855259,4339887777.653543,42.35464687088225
TERMINAL_ROIC_FADE_TO_WACC_PLUS_200BP,OVV,BEAR,0.2,6520652429.803373,4334551787.188931,2186100642.6144423,0.5183017397605411,66.82,1304130485.9606748,866910357.4377863,437220128.5228885,0.10366034795210821
TERMINAL_ROIC_FADE_TO_WACC_PLUS_200BP,OVV,BASE,0.6,19533270197.04709,7082263736.92314,12451006460.123947,46.82348481639153,66.82,11719962118.228252,4249358242.1538835,7470603876.0743685,28.094090889834916
TERMINAL_ROIC_FADE_TO_WACC_PLUS_200BP,OVV,BULL,0.2,40342258302.58062,9154034350.062986,31188223952.51763,120.87192157995484,66.82,8068451660.516125,1830806870.0125973,6237644790.503527,24.17438431599097
TERMINAL_ROIC_FADE_TO_WACC_PLUS_200BP,PR,BEAR,0.2,-119519046.36390282,28226829.57493888,-147745875.9388417,-4.174320578759222,23.75,-23903809.272780567,5645365.914987776,-29549175.18776834,-0.8348641157518444
TERMINAL_ROIC_FADE_TO_WACC_PLUS_200BP,PR,BASE,0.6,26206996887.993076,1815350006.1518452,24391646881.841232,27.26827985917196,23.75,15724198132.795845,1089210003.691107,14634988129.104738,16.360967915503178
TERMINAL_ROIC_FADE_TO_WACC_PLUS_200BP,PR,BULL,0.2,51600924277.94959,4087788606.4368796,47513135671.51271,57.59705995537277,23.75,10320184855.58992,817557721.2873759,9502627134.302542,11.519411991074556
TERMINAL_ROIC_FADE_TO_WACC_PLUS_200BP,RRC,BEAR,0.2,-8595807853.67321,-6995288114.053935,-1600519739.6192756,-39.95724025924211,41.060001373291016,-1719161570.734642,-1399057622.8107872,-320103947.9238551,-7.9914480518484226
TERMINAL_ROIC_FADE_TO_WACC_PLUS_200BP,RRC,BASE,0.6,10896494398.869232,3451033154.388961,7445461244.480271,42.7696764582684,41.060001373291016,6537896639.321539,2070619892.6333764,4467276746.688163,25.66180587496104
TERMINAL_ROIC_FADE_TO_WACC_PLUS_200BP,RRC,BULL,0.2,22742321908.067245,4501316508.271591,18241005399.795654,93.04433222273043,41.060001373291016,4548464381.613449,900263301.6543183,3648201079.9591312,18.608866444546088
TERMINAL_ROIC_FADE_TO_WACC_PLUS_200BP,SM,BEAR,0.2,4613247155.810712,485584919.9923187,4127662235.818393,14.557063880862119,37.20000076293945,922649431.1621424,97116983.99846375,825532447.1636786,2.911412776172424
TERMINAL_ROIC_FADE_TO_WACC_PLUS_200BP,SM,BASE,0.6,24580379804.508015,3577064660.75684,21003315143.751175,97.84065442968975,37.20000076293945,14748227882.70481,2146238796.454104,12601989086.250704,58.70439265781385
TERMINAL_ROIC_FADE_TO_WACC_PLUS_200BP,SM,BULL,0.2,43746295848.38073,5704619461.947395,38041676386.433334,177.7823432227094,37.20000076293945,8749259169.676146,1140923892.3894792,7608335277.286667,35.55646864454188
COMBINED_LONG_RUN_NORMALIZATION,AR,BEAR,0.2,-276173085.8170021,377971309.824264,-654144395.6412661,-10.008969538133083,37.93999862670898,-55234617.16340043,75594261.9648528,-130828879.12825322,-2.0017939076266167
COMBINED_LONG_RUN_NORMALIZATION,AR,BASE,0.6,9147877424.64404,-376127188.22681355,9524004612.870853,20.40728457843517,37.93999862670898,5488726454.786424,-225676312.93608811,5714402767.722512,12.244370747061103
COMBINED_LONG_RUN_NORMALIZATION,AR,BULL,0.2,15169027689.040787,2050015163.010704,13119012526.030083,39.84063081449795,37.93999862670898,3033805537.8081574,410003032.60214084,2623802505.2060165,7.9681261628995905
COMBINED_LONG_RUN_NORMALIZATION,CNX,BEAR,0.2,-9548652783.454914,-7259533289.010504,-2289119494.444411,-84.19536582912849,36.36000061035156,-1909730556.6909828,-1451906657.802101,-457823898.88888216,-16.8390731658257
COMBINED_LONG_RUN_NORMALIZATION,CNX,BASE,0.6,5067283573.213398,2933776415.3938723,2133507157.819526,19.11382924149387,36.36000061035156,3040370143.9280386,1760265849.2363234,1280104294.6917155,11.468297544896322
COMBINED_LONG_RUN_NORMALIZATION,CNX,BULL,0.2,6728785688.409897,1442750161.1150825,5286035527.294814,30.857753266640206,36.36000061035156,1345757137.6819794,288550032.2230165,1057207105.4589629,6.171550653328041
COMBINED_LONG_RUN_NORMALIZATION,COP,BEAR,0.2,74866762736.12732,19739473402.97238,55127289333.154945,48.00299632117235,134.8699951171875,14973352547.225464,3947894680.5944767,11025457866.63099,9.60059926423447
COMBINED_LONG_RUN_NORMALIZATION,COP,BASE,0.6,131017671339.14096,28734230295.39844,102283441043.74252,94.09278111891834,134.8699951171875,78610602803.48457,17240538177.239063,61370064626.245514,56.455668671351
COMBINED_LONG_RUN_NORMALIZATION,COP,BULL,0.2,199805007176.354,30104014078.230026,169700993098.124,150.55479721846322,134.8699951171875,39961001435.270805,6020802815.646006,33940198619.6248,30.110959443692646
COMBINED_LONG_RUN_NORMALIZATION,DVN,BEAR,0.2,19837875770.60406,6555511707.341549,13282364063.262512,21.266295092700453,49.09999847412109,3967575154.1208124,1311102341.4683099,2656472812.6525025,4.253259018540091
COMBINED_LONG_RUN_NORMALIZATION,DVN,BASE,0.6,46500974068.671814,11156314142.229221,35344659926.44259,64.17440307156713,49.09999847412109,27900584441.203087,6693788485.337533,21206795955.86555,38.50464184294027
COMBINED_LONG_RUN_NORMALIZATION,DVN,BULL,0.2,65221406432.62084,12217865489.715797,53003540942.905045,94.30062187418868,49.09999847412109,13044281286.52417,2443573097.9431596,10600708188.581009,18.860124374837735
COMBINED_LONG_RUN_NORMALIZATION,EOG,BEAR,0.2,26226263054.25171,8853144713.635649,17373118340.616062,41.57543542448188,153.0500030517578,5245252610.850342,1770628942.72713,3474623668.123213,8.315087084896376
COMBINED_LONG_RUN_NORMALIZATION,EOG,BASE,0.6,46446142008.864296,12986208003.89841,33459934004.965885,79.53787606695477,153.0500030517578,27867685205.318577,7791724802.3390465,20075960402.97953,47.72272564017286
COMBINED_LONG_RUN_NORMALIZATION,EOG,BULL,0.2,68840464677.04391,13748345255.16991,55092119421.874,121.58279369121274,153.0500030517578,13768092935.408783,2749669051.0339823,11018423884.374802,24.31655873824255
COMBINED_LONG_RUN_NORMALIZATION,EQT,BEAR,0.2,-31889047714.02091,-24345921535.848476,-7543126178.172431,-65.90668051317697,53.720001220703125,-6377809542.804182,-4869184307.169696,-1508625235.6344862,-13.181336102635393
COMBINED_LONG_RUN_NORMALIZATION,EQT,BASE,0.6,-15349443758.70929,-5896418586.85622,-9453025171.85307,-39.46353790014883,53.720001220703125,-9209666255.225573,-3537851152.113732,-5671815103.111841,-23.678122740089297
COMBINED_LONG_RUN_NORMALIZATION,EQT,BULL,0.2,-25812454820.03974,-3891622463.401987,-21920832356.637753,-56.191562005441824,53.720001220703125,-5162490964.007949,-778324492.6803975,-4384166471.327551,-11.238312401088365
COMBINED_LONG_RUN_NORMALIZATION,FANG,BEAR,0.2,34853515827.219536,2026411912.5506372,32827103914.668896,53.18808597668078,210.72000122070312,6970703165.443908,405282382.5101275,6565420782.93378,10.637617195336157
COMBINED_LONG_RUN_NORMALIZATION,FANG,BASE,0.6,109364304304.32364,13935926938.466133,95428377365.85751,318.05572384416524,210.72000122070312,65618582582.59418,8361556163.0796795,57257026419.5145,190.83343430649913
COMBINED_LONG_RUN_NORMALIZATION,FANG,BULL,0.2,157252145810.2912,19939139502.784466,137313006307.50674,488.2852935682283,210.72000122070312,31450429162.058243,3987827900.5568933,27462601261.50135,97.65705871364567
COMBINED_LONG_RUN_NORMALIZATION,MGY,BEAR,0.2,2912723511.478998,1208521786.806456,1704201724.6725419,14.29404379737539,28.13999938964844,582544702.2957996,241704357.36129123,340840344.9345084,2.858808759475078
COMBINED_LONG_RUN_NORMALIZATION,MGY,BASE,0.6,6005741568.204301,1798130654.7044878,4207610913.499813,31.01776926931518,28.13999938964844,3603444940.9225802,1078878392.8226926,2524566548.099888,18.610661561589108
COMBINED_LONG_RUN_NORMALIZATION,MGY,BULL,0.2,10429545539.590754,2116688160.5935695,8312857378.997185,54.936958165830106,28.13999938964844,2085909107.918151,423337632.1187139,1662571475.799437,10.987391633166022
COMBINED_LONG_RUN_NORMALIZATION,MTDR,BEAR,0.2,-285199451.3067427,324765858.7189271,-609965310.0256698,-32.62951605281611,58.380001068115234,-57039890.261348546,64953171.74378542,-121993062.00513397,-6.5259032105632215
COMBINED_LONG_RUN_NORMALIZATION,MTDR,BASE,0.6,19624381980.65518,4110218075.2322655,15514163905.422918,127.70117889229633,58.380001068115234,11774629188.393108,2466130845.139359,9308498343.25375,76.62070733537779
COMBINED_LONG_RUN_NORMALIZATION,MTDR,BULL,0.2,30144507625.757618,5077804342.957555,25066703282.800064,212.4191354878792,58.380001068115234,6028901525.151524,1015560868.591511,5013340656.560013,42.48382709757584
COMBINED_LONG_RUN_NORMALIZATION,NOG,BEAR,0.2,-1862226665.3749652,577996743.4658242,-2440223408.8407893,-41.3712752191407,27.34000015258789,-372445333.0749931,115599348.69316486,-488044681.7681579,-8.27425504382814
COMBINED_LONG_RUN_NORMALIZATION,NOG,BASE,0.6,6495249974.395247,1133179164.2896154,5362070810.105632,37.62851609388103,27.34000015258789,3897149984.6371484,679907498.5737692,3217242486.063379,22.57710965632862
COMBINED_LONG_RUN_NORMALIZATION,NOG,BULL,0.2,12888458896.313187,2293340558.7834616,10595118337.529726,98.06089208745036,27.34000015258789,2577691779.2626376,458668111.75669235,2119023667.5059452,19.61217841749007
COMBINED_LONG_RUN_NORMALIZATION,OVV,BEAR,0.2,6704656833.539771,4425350635.0912895,2279306198.4484816,1.1730783384683174,66.82,1340931366.7079544,885070127.018258,455861239.6896963,0.2346156676936635
COMBINED_LONG_RUN_NORMALIZATION,OVV,BASE,0.6,13250306924.48531,5695122168.795719,7555184755.689591,24.46566490623626,66.82,7950184154.691185,3417073301.2774315,4533110853.413754,14.679398943741756
COMBINED_LONG_RUN_NORMALIZATION,OVV,BULL,0.2,17826098631.155617,5259809893.463627,12566288737.691988,40.74854330071772,66.82,3565219726.2311234,1051961978.6927254,2513257747.538398,8.149708660143544
COMBINED_LONG_RUN_NORMALIZATION,PR,BEAR,0.2,-212673694.57045922,1314164.9512222484,-213987859.52168146,-4.285578156092967,23.75,-42534738.91409185,262832.9902444497,-42797571.904336296,-0.8571156312185935
COMBINED_LONG_RUN_NORMALIZATION,PR,BASE,0.6,18045937906.29896,1743532303.2303996,16302405603.068563,17.52126596065151,23.75,10827562743.779377,1046119381.9382397,9781443361.841137,10.512759576390907
COMBINED_LONG_RUN_NORMALIZATION,PR,BULL,0.2,25737811722.921543,2819085804.972218,22918725917.949326,26.707917002441018,23.75,5147562344.584309,563817160.9944437,4583745183.589866,5.341583400488204
COMBINED_LONG_RUN_NORMALIZATION,RRC,BEAR,0.2,-9497078267.03286,-7160587873.9927845,-2336490393.0400763,-43.7823052238609,41.060001373291016,-1899415653.406572,-1432117574.798557,-467298078.6080153,-8.75646104477218
COMBINED_LONG_RUN_NORMALIZATION,RRC,BASE,0.6,8953902363.225206,3385217418.459341,5568684944.765865,34.52515780332802,41.060001373291016,5372341417.935123,2031130451.0756044,3341210966.859519,20.715094681996813
COMBINED_LONG_RUN_NORMALIZATION,RRC,BULL,0.2,11959929280.960173,3146056372.969972,8813872907.9902,47.28298062241649,41.060001373291016,2391985856.1920347,629211274.5939945,1762774581.59804,9.456596124483298
COMBINED_LONG_RUN_NORMALIZATION,SM,BEAR,0.2,3927744220.8212233,551067220.0173343,3376677000.803889,11.69780778424832,37.20000076293945,785548844.1642447,110213444.00346687,675335400.1607778,2.3395615568496644
COMBINED_LONG_RUN_NORMALIZATION,SM,BASE,0.6,18102869834.096416,3325782906.036223,14777086928.060194,70.8227396572898,37.20000076293945,10861721900.45785,1995469743.6217337,8866252156.836117,42.49364379437388
COMBINED_LONG_RUN_NORMALIZATION,SM,BULL,0.2,24115352817.49357,4266508784.1455774,19848844033.347992,95.90101102359495,37.20000076293945,4823070563.4987135,853301756.8291155,3969768806.6695986,19.18020220471899
