date,henry,propane,wti
2006-09-25,,0.943,
2006-09-26,,0.934,
2006-09-27,,0.958,
2006-09-28,,0.956,62.46
2006-09-29,,0.953,62.9
2006-10-02,,0.958,60.96
2006-10-03,,0.929,58.64
2006-10-04,,0.936,59.53
2006-10-05,,0.952,60.02
2006-10-06,,0.949,59.68
2006-10-09,,0.966,59.93
2006-10-10,,0.955,58.5
2006-10-11,,0.945,57.56
2006-10-12,,0.94,58.23
2006-10-13,,0.945,58.69
2006-10-16,,0.957,59.91
2006-10-17,,0.953,58.91
2006-10-18,,0.94,57.66
2006-10-19,,0.936,58.55
2006-10-20,,0.916,57.35
2006-10-23,,0.91,56.74
2006-10-24,,0.916,57.55
2006-10-25,,0.938,59.09
2006-10-26,,0.932,60.27
2006-10-27,,0.941,60.75
2006-10-30,,0.917,58.41
2006-10-31,6.64,0.91,58.72
2006-11-01,7.15,0.909,58.64
2006-11-02,7.32,0.9,57.87
2006-11-03,7.43,0.91,59.13
2006-11-06,6.72,0.928,60.11
2006-11-07,6.59,0.928,58.94
2006-11-08,7.39,0.948,59.93
2006-11-09,7.35,0.97,61.18
2006-11-10,7.16,0.96,59.66
2006-11-13,7.26,0.945,58.59
2006-11-14,7.42,0.95,58.28
2006-11-15,7.45,0.966,58.79
2006-11-16,7.59,0.953,56.23
2006-11-17,7.23,0.955,55.9
2006-11-20,7.79,0.946,56.42
2006-11-21,7.57,0.97,58.01
2006-11-22,7.42,0.96,57.28
2006-11-27,7.58,0.969,60.3
2006-11-28,7.61,0.981,60.97
2006-11-29,7.74,1.004,62.45
2006-11-30,8.32,1.026,62.97
2006-12-01,8.42,1.03,63.43
2006-12-04,7.84,1.013,62.39
2006-12-05,7.32,1.011,62.4
2006-12-06,7.32,1.003,62.2
2006-12-07,7.61,0.998,62.54
2006-12-08,7.45,0.998,62.06
2006-12-11,6.81,0.981,61.26
2006-12-12,6.93,0.972,61.06
2006-12-13,7.21,0.961,61.34
2006-12-14,7.26,0.963,62.48
2006-12-15,6.82,0.963,63.4
2006-12-18,6.62,0.925,62.19
2006-12-19,6.27,0.937,62.87
2006-12-20,6.43,0.953,63.08
2006-12-21,6.09,0.955,62.05
2006-12-22,5.88,0.958,61.81
2006-12-26,5.72,0.949,61.07
2006-12-27,5.54,0.928,60.31
2006-12-28,5.63,0.918,60.39
2006-12-29,5.5,0.913,60.85
2007-01-02,5.4,,60.77
2007-01-03,5.47,0.865,58.31
2007-01-04,5.6,0.85,55.65
2007-01-05,5.52,0.87,56.29
2007-01-08,6.02,0.885,56.08
2007-01-09,6.15,0.883,55.65
2007-01-10,6.42,0.875,53.95
2007-01-11,6.09,0.855,51.91
2007-01-12,5.97,0.869,52.96
2007-01-16,6.82,0.868,51.23
2007-01-17,6.57,0.872,52.3
2007-01-18,6.29,0.859,50.51
2007-01-19,6.4,0.884,51.98
2007-01-22,7.2,0.884,51.11
2007-01-23,7.53,0.911,53.61
2007-01-24,7.58,0.91,54.24
2007-01-25,7.18,0.914,53.49
2007-01-26,6.95,0.938,55.38
2007-01-29,7.35,0.941,54.01
2007-01-30,7.32,0.964,57.03
2007-01-31,7.76,0.955,58.17
2007-02-01,7.93,0.959,57.35
2007-02-02,8.17,0.975,59.01
2007-02-05,9.14,0.982,58.69
2007-02-06,8.29,0.981,58.91
2007-02-07,7.9,0.985,57.75
2007-02-08,8.06,0.999,59.76
2007-02-09,8.16,1.012,59.86
2007-02-12,7.78,0.984,57.76
2007-02-13,8.09,0.987,58.98
2007-02-14,8.9,0.97,58.0
2007-02-15,8.91,0.946,57.92
2007-02-16,8.45,0.953,59.38
2007-02-20,7.34,0.933,58.32
2007-02-21,7.51,0.941,59.4
2007-02-22,7.47,0.968,60.28
2007-02-23,7.53,0.984,60.28
2007-02-26,7.73,0.999,61.41
2007-02-27,7.44,0.99,61.46
2007-02-28,7.23,0.986,61.78
2007-03-01,7.07,0.985,61.97
2007-03-02,7.22,0.983,61.58
2007-03-05,7.36,0.983,60.05
2007-03-06,7.55,0.99,60.66
2007-03-07,7.5,1.024,61.85
2007-03-08,7.14,1.043,61.63
2007-03-09,7.05,1.039,60.06
2007-03-12,6.81,1.034,58.94
2007-03-13,6.78,1.034,58.03
2007-03-14,6.86,1.034,58.15
2007-03-15,7.02,1.049,57.52
2007-03-16,6.84,1.049,57.06
2007-03-19,6.7,1.023,56.65
2007-03-20,6.81,1.023,56.41
2007-03-21,6.82,1.035,56.98
2007-03-22,7.07,1.036,60.21
2007-03-23,7.16,1.039,61.07
2007-03-26,7.15,1.059,61.77
2007-03-27,7.15,1.064,62.98
2007-03-28,7.47,1.086,64.11
2007-03-29,7.34,1.109,66.1
2007-03-30,7.5,1.095,65.94
2007-04-02,7.62,1.083,66.03
2007-04-03,7.57,1.064,64.59
2007-04-04,7.46,1.064,64.4
2007-04-05,7.53,1.066,64.26
2007-04-09,7.65,1.059,61.51
2007-04-10,7.65,1.067,61.92
2007-04-11,7.97,1.078,61.98
2007-04-12,7.95,1.108,63.87
2007-04-13,7.93,1.112,63.63
2007-04-16,7.66,1.108,63.63
2007-04-17,7.5,1.104,63.14
2007-04-18,7.54,1.106,63.14
2007-04-19,7.54,1.115,61.81
2007-04-20,7.32,1.123,63.56
2007-04-23,7.24,1.141,65.33
2007-04-24,7.57,1.143,64.1
2007-04-25,7.6,1.16,65.33
2007-04-26,7.56,1.149,65.08
2007-04-27,7.44,1.157,66.45
2007-04-30,7.71,1.163,65.78
2007-05-01,7.64,1.158,64.43
2007-05-02,7.64,1.144,63.78
2007-05-03,7.58,1.135,63.23
2007-05-04,7.82,1.128,61.89
2007-05-07,7.69,1.119,61.48
2007-05-08,7.5,1.126,62.26
2007-05-09,7.46,1.126,61.54
2007-05-10,7.63,1.143,61.85
2007-05-11,7.53,1.144,62.35
2007-05-14,7.85,1.157,62.55
2007-05-15,7.68,1.156,63.16
2007-05-16,7.62,1.148,62.57
2007-05-17,7.69,1.172,64.83
2007-05-18,7.87,1.166,64.93
2007-05-21,7.66,1.173,66.25
2007-05-22,7.6,1.159,64.91
2007-05-23,7.51,1.159,65.1
2007-05-24,7.56,1.16,63.62
2007-05-25,7.47,1.174,64.59
2007-05-29,7.51,1.15,63.19
2007-05-30,7.71,1.15,63.47
2007-05-31,7.8,1.133,64.02
2007-06-01,7.57,1.133,65.09
2007-06-04,7.73,1.135,66.17
2007-06-05,7.83,1.125,65.63
2007-06-06,7.83,1.124,65.97
2007-06-07,7.89,1.123,66.93
2007-06-08,7.52,1.115,64.78
2007-06-11,7.42,1.119,65.93
2007-06-12,7.45,1.116,65.36
2007-06-13,7.6,1.131,66.17
2007-06-14,7.48,1.15,67.62
2007-06-15,7.58,1.154,68.04
2007-06-18,7.69,1.155,69.06
2007-06-19,7.46,1.155,69.15
2007-06-20,7.39,1.147,68.5
2007-06-21,7.24,1.154,68.35
2007-06-22,7.04,1.153,68.85
2007-06-25,6.77,1.15,68.83
2007-06-26,6.85,1.141,67.78
2007-06-27,6.74,1.143,68.98
2007-06-28,6.79,1.149,69.61
2007-06-29,6.4,1.151,70.47
2007-07-02,6.24,1.16,71.11
2007-07-03,6.37,1.161,71.41
2007-07-05,6.3,1.163,71.81
2007-07-06,6.15,1.167,72.8
2007-07-09,6.39,1.168,72.14
2007-07-10,6.44,1.175,72.8
2007-07-11,6.66,1.179,72.58
2007-07-12,6.26,1.193,72.55
2007-07-13,6.27,1.193,73.89
2007-07-16,6.32,1.203,74.11
2007-07-17,6.34,1.2,74.03
2007-07-18,6.23,1.196,75.03
2007-07-19,6.5,1.203,75.9
2007-07-20,6.46,1.203,75.53
2007-07-23,6.0,1.194,74.65
2007-07-24,5.66,1.179,73.38
2007-07-25,5.56,1.2,75.74
2007-07-26,5.83,1.2,74.96
2007-07-27,5.77,1.218,77.03
2007-07-30,6.31,1.213,76.82
2007-07-31,6.53,1.225,78.2
2007-08-01,6.19,1.216,76.49
2007-08-02,6.34,1.22,76.84
2007-08-03,6.11,1.208,75.41
2007-08-06,6.1,1.168,72.03
2007-08-07,6.38,1.165,72.25
2007-08-08,6.24,1.17,72.23
2007-08-09,6.45,1.162,71.62
2007-08-10,6.57,1.158,71.49
2007-08-13,7.15,1.169,71.6
2007-08-14,6.86,1.178,72.4
2007-08-15,7.3,1.191,73.36
2007-08-16,6.96,1.169,70.99
2007-08-17,7.14,1.183,71.9
2007-08-20,6.47,1.166,71.12
2007-08-21,5.92,1.165,69.49
2007-08-22,5.84,1.166,69.3
2007-08-23,5.73,1.185,69.86
2007-08-24,5.69,1.184,71.17
2007-08-27,5.34,1.189,71.98
2007-08-28,5.56,1.197,71.79
2007-08-29,5.64,1.22,73.52
2007-08-30,5.54,1.22,73.37
2007-08-31,5.49,1.234,73.98
2007-09-04,5.3,1.244,75.07
2007-09-05,5.8,1.247,75.74
2007-09-06,6.02,1.264,76.34
2007-09-07,5.53,1.266,76.7
2007-09-10,5.56,1.265,77.53
2007-09-11,5.98,1.274,78.16
2007-09-12,6.13,1.284,79.85
2007-09-13,6.27,1.283,80.05
2007-09-14,6.23,1.277,79.14
2007-09-17,6.38,1.288,80.55
2007-09-18,6.42,1.298,81.51
2007-09-19,6.25,1.32,81.99
2007-09-20,6.02,1.334,83.85
2007-09-21,5.96,1.334,83.38
2007-09-24,6.12,1.332,82.51
2007-09-25,6.54,1.309,81.2
2007-09-26,6.47,1.318,80.31
2007-09-27,6.38,1.337,82.86
2007-09-28,6.15,1.333,81.64
2007-10-01,6.07,1.313,80.31
2007-10-02,6.55,1.309,80.0
2007-10-03,6.96,1.325,79.97
2007-10-04,6.91,1.365,81.48
2007-10-05,6.77,1.377,81.2
2007-10-08,6.69,1.356,78.97
2007-10-09,6.63,1.371,80.23
2007-10-10,6.79,1.388,81.3
2007-10-11,6.85,1.414,83.05
2007-10-12,6.46,1.419,83.73
2007-10-15,7.09,1.453,86.19
2007-10-16,7.29,1.464,87.58
2007-10-17,7.12,1.456,87.19
2007-10-18,7.11,1.475,89.48
2007-10-19,6.91,1.461,88.58
2007-10-22,6.63,1.444,87.6
2007-10-23,6.3,1.439,86.45
2007-10-24,6.11,1.448,88.3
2007-10-25,6.49,1.505,92.09
2007-10-26,6.43,1.521,91.73
2007-10-29,6.66,1.546,93.45
2007-10-30,6.99,1.521,90.33
2007-10-31,7.28,1.558,94.16
2007-11-01,7.09,1.555,93.53
2007-11-02,6.63,1.595,95.81
2007-11-05,6.71,1.573,94.06
2007-11-06,7.2,1.596,96.65
2007-11-07,7.42,1.59,96.46
2007-11-08,6.81,1.589,95.51
2007-11-09,6.59,1.592,96.36
2007-11-12,6.83,1.562,94.4
2007-11-13,7.22,1.52,91.18
2007-11-14,7.28,1.544,94.02
2007-11-15,7.35,1.527,93.37
2007-11-16,7.29,1.54,94.81
2007-11-19,7.38,1.544,95.75
2007-11-20,6.81,1.566,99.16
2007-11-21,6.67,1.56,98.57
2007-11-23,6.67,1.57,98.24
2007-11-26,7.53,1.584,97.66
2007-11-27,7.42,1.553,94.39
2007-11-28,7.51,1.509,90.71
2007-11-29,7.45,1.523,90.98
2007-11-30,7.29,1.493,88.6
2007-12-03,6.97,1.505,89.29
2007-12-04,7.27,1.493,88.31
2007-12-05,7.04,1.488,87.45
2007-12-06,7.29,1.515,90.25
2007-12-07,7.04,1.493,88.23
2007-12-10,6.98,1.49,87.72
2007-12-11,7.12,1.498,90.12
2007-12-12,7.22,1.543,94.41
2007-12-13,7.46,1.525,92.35
2007-12-14,7.09,1.521,91.31
2007-12-17,7.06,1.521,90.69
2007-12-18,7.16,1.51,89.93
2007-12-19,7.18,1.523,91.11
2007-12-20,7.19,1.524,90.88
2007-12-21,7.03,1.535,93.19
2007-12-24,7.03,1.546,94.0
2007-12-26,6.94,1.58,95.89
2007-12-27,6.8,1.585,96.63
2007-12-28,7.11,1.598,96.03
2007-12-31,7.11,1.598,95.95
2008-01-02,7.83,1.636,99.64
2008-01-03,7.84,1.612,99.17
2008-01-04,7.51,1.571,97.9
2008-01-07,7.61,1.538,95.08
2008-01-08,7.59,1.544,96.43
2008-01-09,7.89,1.528,95.64
2008-01-10,7.96,1.501,93.92
2008-01-11,8.13,1.476,92.74
2008-01-14,8.45,1.502,94.23
2008-01-15,8.43,1.483,91.87
2008-01-16,8.23,1.468,90.8
2008-01-17,8.1,1.471,90.11
2008-01-18,8.42,1.474,90.55
2008-01-22,7.97,1.457,89.64
2008-01-23,7.84,1.443,87.65
2008-01-24,7.85,1.469,89.98
2008-01-25,7.8,1.49,90.37
2008-01-28,7.87,1.495,90.99
2008-01-29,8.1,1.499,91.66
2008-01-30,8.17,1.494,92.34
2008-01-31,8.1,1.474,91.67
2008-02-01,7.88,1.445,89.03
2008-02-04,7.56,1.428,90.07
2008-02-05,7.8,1.371,88.32
2008-02-06,7.94,1.345,87.16
2008-02-07,7.99,1.341,88.07
2008-02-08,8.06,1.354,91.77
2008-02-11,8.38,1.364,93.56
2008-02-12,8.37,1.363,92.82
2008-02-13,8.35,1.366,93.28
2008-02-14,8.5,1.378,95.42
2008-02-15,8.73,1.391,95.57
2008-02-19,8.91,1.446,99.99
2008-02-20,9.08,1.444,100.86
2008-02-21,8.9,1.448,98.57
2008-02-22,8.65,1.485,99.03
2008-02-25,9.15,1.53,99.4
2008-02-26,9.21,1.526,100.83
2008-02-27,9.21,1.49,99.59
2008-02-28,9.11,1.5,102.6
2008-02-29,9.1,1.488,101.78
2008-03-03,9.07,1.485,102.42
2008-03-04,9.21,1.438,99.72
2008-03-05,9.37,1.48,104.45
2008-03-06,9.7,1.468,105.51
2008-03-07,9.82,1.454,105.12
2008-03-10,9.59,1.459,107.9
2008-03-11,9.85,1.469,108.73
2008-03-12,9.69,1.485,109.86
2008-03-13,9.74,1.489,110.21
2008-03-14,9.84,1.494,110.03
2008-03-17,9.59,1.461,105.74
2008-03-18,9.1,1.494,109.57
2008-03-19,9.11,1.461,103.25
2008-03-20,8.54,1.455,102.57
2008-03-24,8.99,1.456,101.7
2008-03-25,9.28,1.468,101.78
2008-03-26,9.25,1.512,105.83
2008-03-27,9.3,1.509,107.56
2008-03-28,9.36,1.486,105.59
2008-03-31,9.86,1.47,101.54
2008-04-01,9.92,1.448,100.92
2008-04-02,9.6,1.488,104.83
2008-04-03,9.68,1.489,103.92
2008-04-04,9.36,1.503,106.09
2008-04-07,9.48,1.531,108.91
2008-04-08,9.78,1.526,108.54
2008-04-09,9.88,1.546,110.89
2008-04-10,10.18,1.541,110.07
2008-04-11,10.07,1.546,110.14
2008-04-14,10.03,1.551,111.71
2008-04-15,10.16,1.585,113.77
2008-04-16,10.11,1.6,114.8
2008-04-17,10.27,1.64,114.8
2008-04-18,10.08,1.667,116.56
2008-04-21,10.5,1.685,117.48
2008-04-22,10.56,1.703,119.17
2008-04-23,10.33,1.694,119.28
2008-04-24,10.58,1.668,117.1
2008-04-25,10.72,1.678,119.64
2008-04-28,10.95,1.672,118.78
2008-04-29,10.94,1.628,115.67
2008-04-30,10.81,1.6,113.7
2008-05-01,10.66,1.574,112.6
2008-05-02,10.37,1.611,116.36
2008-05-05,10.77,1.652,119.94
2008-05-06,11.09,1.69,121.82
2008-05-07,11.08,1.704,123.56
2008-05-08,11.33,1.705,123.77
2008-05-09,11.29,1.745,125.94
2008-05-12,11.38,1.71,124.02
2008-05-13,11.18,1.72,125.83
2008-05-14,11.52,1.704,124.21
2008-05-15,11.41,1.696,124.25
2008-05-16,11.31,1.727,126.5
2008-05-19,11.1,1.723,127.15
2008-05-20,10.94,1.726,128.93
2008-05-21,11.4,1.744,132.99
2008-05-22,11.57,1.725,130.04
2008-05-23,11.56,1.735,131.58
2008-05-27,11.85,1.721,128.81
2008-05-28,11.6,1.713,131.0
2008-05-29,11.81,1.688,126.7
2008-05-30,11.43,1.69,127.35
2008-06-02,11.8,1.694,127.75
2008-06-03,12.27,1.686,124.33
2008-06-04,12.17,1.684,122.3
2008-06-05,12.49,1.705,127.93
2008-06-06,12.71,1.783,138.51
2008-06-09,12.71,1.786,134.44
2008-06-10,12.72,1.775,131.38
2008-06-11,12.49,1.821,136.43
2008-06-12,12.51,1.825,136.91
2008-06-13,12.51,1.821,134.84
2008-06-16,12.73,1.834,134.52
2008-06-17,12.87,1.821,133.99
2008-06-18,12.93,1.856,136.54
2008-06-19,13.09,1.845,131.88
2008-06-20,12.76,1.863,134.78
2008-06-23,12.92,1.868,135.98
2008-06-24,12.96,1.866,136.49
2008-06-25,12.76,1.864,133.92
2008-06-26,12.7,1.882,138.91
2008-06-27,13.1,1.889,139.69
2008-06-30,13.19,1.903,139.96
2008-07-01,13.28,1.903,141.06
2008-07-02,13.31,1.931,143.74
2008-07-03,13.0,1.938,145.31
2008-07-07,12.96,1.929,141.38
2008-07-08,12.47,1.91,136.06
2008-07-09,12.1,1.923,135.88
2008-07-10,11.83,1.944,141.47
2008-07-11,12.15,1.98,144.96
2008-07-14,11.58,1.979,145.16
2008-07-15,11.79,1.945,138.68
2008-07-16,11.15,1.91,134.63
2008-07-17,11.43,1.875,129.43
2008-07-18,10.54,1.875,128.94
2008-07-21,10.58,1.873,131.43
2008-07-22,10.16,1.818,127.25
2008-07-23,9.88,1.773,123.73
2008-07-24,9.7,1.767,124.62
2008-07-25,9.34,1.743,122.59
2008-07-28,9.26,1.73,124.72
2008-07-29,9.17,1.713,122.21
2008-07-30,9.01,1.746,126.74
2008-07-31,9.26,1.75,124.17
2008-08-01,9.05,1.769,125.03
2008-08-04,9.2,1.743,121.45
2008-08-05,8.66,1.716,118.71
2008-08-06,8.7,1.692,118.57
2008-08-07,8.77,1.701,119.84
2008-08-08,8.22,1.64,115.42
2008-08-11,8.18,1.595,114.44
2008-08-12,8.23,1.576,113.1
2008-08-13,8.11,1.595,115.96
2008-08-14,8.15,1.585,115.05
2008-08-15,7.82,1.57,113.46
2008-08-18,7.74,1.566,112.92
2008-08-19,7.73,1.582,114.39
2008-08-20,8.02,1.605,115.48
2008-08-21,8.04,1.686,121.23
2008-08-22,7.98,1.643,114.48
2008-08-25,7.63,1.659,114.85
2008-08-26,8.02,1.683,116.31
2008-08-27,8.54,1.711,118.17
2008-08-28,8.36,1.677,115.58
2008-08-29,8.24,1.678,115.55
2008-09-02,8.24,1.61,109.63
2008-09-03,7.26,1.605,109.38
2008-09-04,7.24,1.605,107.99
2008-09-05,7.4,1.605,106.47
2008-09-08,7.68,1.617,106.35
2008-09-09,7.28,1.585,103.23
2008-09-10,7.65,1.564,102.66
2008-09-11,7.83,1.54,100.95
2008-09-12,8.02,1.565,101.19
2008-09-15,8.02,1.5,95.52
2008-09-16,7.76,1.406,91.49
2008-09-17,7.72,1.448,97.39
2008-09-18,8.26,1.45,97.5
2008-09-19,7.79,1.48,104.05
2008-09-22,7.66,1.565,122.61
2008-09-23,7.84,1.544,107.85
2008-09-24,8.15,1.535,106.84
2008-09-25,7.63,1.545,111.54
2008-09-26,7.42,1.515,106.77
2008-09-29,7.13,1.406,96.29
2008-09-30,7.17,1.44,100.7
2008-10-01,7.41,1.425,98.23
2008-10-02,7.64,1.375,93.84
2008-10-03,7.16,1.371,93.91
2008-10-06,6.87,1.26,88.15
2008-10-07,6.74,1.245,90.18
2008-10-08,6.58,1.176,88.94
2008-10-09,6.69,1.11,86.5
2008-10-10,6.52,0.953,77.44
2008-10-13,6.62,0.975,81.17
2008-10-14,6.74,0.989,78.69
2008-10-15,6.64,0.895,74.38
2008-10-16,6.65,0.823,69.81
2008-10-17,6.76,0.903,71.9
2008-10-20,6.98,0.973,74.08
2008-10-21,6.76,0.98,71.29
2008-10-22,6.94,0.95,66.92
2008-10-23,6.77,0.969,67.17
2008-10-24,6.29,0.94,63.34
2008-10-27,6.27,0.94,61.92
2008-10-28,6.4,0.945,62.8
2008-10-29,6.58,0.964,67.45
2008-10-30,6.75,0.938,65.79
2008-10-31,6.18,0.933,68.1
2008-11-03,6.45,0.808,63.93
2008-11-04,6.79,0.873,70.41
2008-11-05,6.94,0.831,65.41
2008-11-06,7.04,0.773,60.72
2008-11-07,6.6,0.765,61.06
2008-11-10,7.07,0.764,62.19
2008-11-11,7.02,0.72,59.38
2008-11-12,6.65,0.679,55.95
2008-11-13,6.31,0.705,58.31
2008-11-14,6.33,0.72,57.18
2008-11-17,6.55,0.721,55.14
2008-11-18,6.74,0.733,54.42
2008-11-19,6.76,0.718,53.64
2008-11-20,6.76,0.674,48.86
2008-11-21,6.56,0.674,49.22
2008-11-24,6.85,0.72,53.63
2008-11-25,6.71,0.72,50.02
2008-11-26,6.43,0.712,54.2
2008-11-28,6.43,0.712,55.21
2008-12-01,6.48,0.712,49.34
2008-12-02,6.68,0.653,47.05
2008-12-03,6.48,0.608,46.79
2008-12-04,6.55,0.57,43.8
2008-12-05,5.99,0.533,41.01
2008-12-08,5.73,0.569,43.69
2008-12-09,5.57,0.565,42.0
2008-12-10,5.67,0.581,43.1
2008-12-11,5.86,0.604,47.77
2008-12-12,5.56,0.603,46.27
2008-12-15,5.75,0.615,44.61
2008-12-16,5.75,0.615,43.84
2008-12-17,5.79,0.64,40.17
2008-12-18,5.63,0.665,36.73
2008-12-19,5.66,0.643,33.17
2008-12-22,5.39,0.615,31.1
2008-12-23,5.37,0.615,30.28
2008-12-24,5.44,0.583,32.94
2008-12-26,5.44,0.583,37.58
2008-12-29,5.81,0.608,39.89
2008-12-30,5.71,0.608,38.95
2008-12-31,5.63,0.643,44.6
2009-01-02,5.41,0.664,46.17
2009-01-05,5.83,0.732,48.61
2009-01-06,6.1,0.791,48.56
2009-01-07,5.89,0.705,42.75
2009-01-08,5.96,0.713,41.68
2009-01-09,5.6,0.73,40.69
2009-01-12,5.59,0.735,37.65
2009-01-13,5.7,0.77,37.77
2009-01-14,5.47,0.768,37.43
2009-01-15,5.27,0.745,35.41
2009-01-16,5.09,0.733,35.38
2009-01-20,4.86,0.705,38.57
2009-01-21,4.87,0.717,42.56
2009-01-22,4.72,0.716,42.33
2009-01-23,4.75,0.705,45.12
2009-01-26,4.62,0.73,46.5
2009-01-27,4.76,0.71,41.67
2009-01-28,4.84,0.724,42.04
2009-01-29,4.71,0.72,41.58
2009-01-30,4.77,0.73,41.73
2009-02-02,4.48,0.734,41.35
2009-02-03,5.04,0.719,40.87
2009-02-04,5.01,0.719,40.27
2009-02-05,4.84,0.658,41.15
2009-02-06,4.67,0.654,40.24
2009-02-09,4.76,0.67,39.58
2009-02-10,4.84,0.67,37.54
2009-02-11,4.68,0.667,35.93
2009-02-12,4.73,0.664,34.03
2009-02-13,4.6,0.673,37.63
2009-02-17,4.35,0.642,34.96
2009-02-18,4.35,0.623,34.67
2009-02-19,4.46,0.631,39.6
2009-02-20,4.21,0.611,39.35
2009-02-23,4.23,0.623,37.66
2009-02-24,4.21,0.626,38.86
2009-02-25,4.2,0.632,41.64
2009-02-26,4.08,0.649,43.18
2009-02-27,4.04,0.655,44.15
2009-03-02,4.36,0.611,40.07
2009-03-03,4.43,0.613,41.57
2009-03-04,4.23,0.617,45.28
2009-03-05,4.22,0.604,43.54
2009-03-06,3.93,0.611,45.43
2009-03-09,3.86,0.623,47.01
2009-03-10,3.88,0.614,45.68
2009-03-11,3.92,0.598,42.46
2009-03-12,3.87,0.625,46.91
2009-03-13,3.9,0.633,46.22
2009-03-16,3.78,0.634,47.33
2009-03-17,3.78,0.654,48.97
2009-03-18,3.75,0.645,48.12
2009-03-19,3.68,0.693,51.46
2009-03-20,3.99,0.724,51.55
2009-03-23,4.17,0.745,53.05
2009-03-24,4.13,0.74,53.36
2009-03-25,4.13,0.712,52.24
2009-03-26,4.16,0.711,53.87
2009-03-27,3.73,0.685,52.41
2009-03-30,3.63,0.641,48.49
2009-03-31,3.58,0.645,49.64
2009-04-01,3.56,0.616,48.46
2009-04-02,3.69,0.661,52.61
2009-04-03,3.66,0.653,52.52
2009-04-06,3.74,0.645,51.1
2009-04-07,3.6,0.644,49.13
2009-04-08,3.5,0.647,49.37
2009-04-09,3.59,0.656,52.24
2009-04-13,3.46,0.646,50.22
2009-04-14,3.59,0.645,49.51
2009-04-15,3.6,0.641,49.26
2009-04-16,3.54,0.64,49.97
2009-04-17,3.47,0.641,50.36
2009-04-20,3.55,0.623,45.82
2009-04-21,3.43,0.628,46.65
2009-04-22,3.48,0.629,47.41
2009-04-23,3.46,0.629,48.46
2009-04-24,3.31,0.64,50.65
2009-04-27,3.19,0.626,49.29
2009-04-28,3.29,0.626,49.01
2009-04-29,3.43,0.629,50.19
2009-04-30,3.25,0.638,50.35
2009-05-01,3.3,0.641,52.18
2009-05-04,3.47,0.659,54.45
2009-05-05,3.62,0.656,53.81
2009-05-06,3.67,0.669,56.29
2009-05-07,3.96,0.678,56.67
2009-05-08,4.16,0.693,58.58
2009-05-11,4.24,0.686,57.79
2009-05-12,4.41,0.693,58.81
2009-05-13,4.42,0.693,58.0
2009-05-14,4.1,0.7,58.58
2009-05-15,4.05,0.676,56.52
2009-05-18,4.02,0.708,58.99
2009-05-19,3.99,0.708,59.52
2009-05-20,3.75,0.728,61.45
2009-05-21,3.77,0.718,60.49
2009-05-22,3.41,0.721,61.15
2009-05-26,3.35,0.724,62.48
2009-05-27,3.49,0.733,63.41
2009-05-28,3.55,0.763,65.09
2009-05-29,3.92,0.775,66.31
2009-06-01,3.86,0.828,68.59
2009-06-02,4.05,0.835,68.58
2009-06-03,3.81,0.82,66.14
2009-06-04,3.58,0.849,68.8
2009-06-05,3.51,0.844,68.43
2009-06-08,3.53,0.845,68.05
2009-06-09,3.53,0.863,70.02
2009-06-10,3.56,0.878,71.38
2009-06-11,3.51,0.88,72.69
2009-06-12,3.54,0.895,72.13
2009-06-15,3.8,0.874,70.54
2009-06-16,4.16,0.874,70.47
2009-06-17,3.99,0.867,71.07
2009-06-18,4.19,0.854,71.42
2009-06-19,4.04,0.854,69.6
2009-06-22,4.01,0.816,67.09
2009-06-23,3.91,0.824,68.81
2009-06-24,3.8,0.816,68.14
2009-06-25,3.82,0.826,69.7
2009-06-26,3.81,0.82,69.16
2009-06-29,3.88,0.838,71.47
2009-06-30,3.72,0.822,69.82
2009-07-01,3.63,0.814,69.32
2009-07-02,3.49,0.769,66.68
2009-07-06,3.24,0.721,64.06
2009-07-07,3.3,0.69,62.88
2009-07-08,3.22,0.652,60.15
2009-07-09,3.36,0.673,60.36
2009-07-10,3.24,0.688,59.93
2009-07-13,3.17,0.696,59.69
2009-07-14,3.29,0.716,59.62
2009-07-15,3.37,0.74,61.49
2009-07-16,3.21,0.737,62.07
2009-07-17,3.39,0.76,63.56
2009-07-20,3.49,0.766,63.93
2009-07-21,3.48,0.77,64.81
2009-07-22,3.49,0.763,64.58
2009-07-23,3.66,0.79,66.1
2009-07-24,3.37,0.81,66.96
2009-07-27,3.46,0.809,68.34
2009-07-28,3.49,0.795,67.24
2009-07-29,3.41,0.758,63.42
2009-07-30,3.34,0.804,66.9
2009-07-31,3.34,0.815,69.26
2009-08-03,3.43,0.86,71.59
2009-08-04,3.53,0.859,71.4
2009-08-05,3.61,0.864,71.97
2009-08-06,3.78,0.878,71.96
2009-08-07,3.57,0.881,70.97
2009-08-10,3.55,0.889,70.59
2009-08-11,3.54,0.878,69.46
2009-08-12,3.36,0.894,70.08
2009-08-13,3.34,0.904,70.57
2009-08-14,3.18,0.904,67.51
2009-08-17,3.11,0.873,66.72
2009-08-18,3.12,0.895,69.22
2009-08-19,3.03,0.935,72.54
2009-08-20,3.03,0.933,72.4
2009-08-21,2.78,0.94,73.12
2009-08-24,2.69,0.949,73.68
2009-08-25,2.85,0.938,71.6
2009-08-26,2.76,0.93,71.38
2009-08-27,2.76,0.94,72.49
2009-08-28,2.52,0.96,72.72
2009-08-31,2.42,0.918,69.97
2009-09-01,2.36,0.915,68.11
2009-09-02,2.25,0.929,68.03
2009-09-03,2.06,0.943,67.9
2009-09-04,1.83,0.936,67.95
2009-09-08,2.43,0.969,71.08
2009-09-09,2.72,0.97,71.27
2009-09-10,2.68,0.969,71.95
2009-09-11,2.94,0.953,69.34
2009-09-14,2.84,0.945,68.86
2009-09-15,3.21,0.959,70.81
2009-09-16,3.28,0.977,72.5
2009-09-17,3.5,0.982,72.48
2009-09-18,3.21,0.986,71.95
2009-09-21,3.35,0.963,69.74
2009-09-22,3.37,0.983,71.5
2009-09-23,3.43,0.954,68.74
2009-09-24,3.56,0.917,65.74
2009-09-25,3.61,0.835,65.91
2009-09-28,3.54,0.929,66.69
2009-09-29,3.3,0.917,66.56
2009-09-30,3.25,0.945,70.46
2009-10-01,2.91,0.943,70.67
2009-10-02,2.32,0.943,69.8
2009-10-05,2.89,0.93,70.26
2009-10-06,3.23,0.94,70.71
2009-10-07,3.7,0.92,69.6
2009-10-08,4.24,0.933,71.69
2009-10-09,3.92,0.928,71.75
2009-10-12,3.96,0.95,73.24
2009-10-13,4.03,0.961,74.1
2009-10-14,3.82,0.969,75.2
2009-10-15,3.88,0.99,77.55
2009-10-16,3.94,1.012,78.54
2009-10-19,4.22,1.051,79.47
2009-10-20,4.6,1.039,78.87
2009-10-21,4.8,1.11,81.03
2009-10-22,4.98,1.096,80.82
2009-10-23,4.88,1.091,80.11
2009-10-26,4.52,1.08,78.61
2009-10-27,4.52,1.092,79.45
2009-10-28,4.59,1.065,77.39
2009-10-29,4.11,1.078,79.84
2009-10-30,4.11,1.065,77.04
2009-11-02,4.32,1.054,78.08
2009-11-03,4.33,1.055,79.58
2009-11-04,4.49,1.08,80.3
2009-11-05,4.3,1.083,79.64
2009-11-06,3.95,1.059,77.4
2009-11-09,3.78,1.08,79.44
2009-11-10,3.76,1.069,79.01
2009-11-11,3.59,1.063,79.16
2009-11-12,3.24,1.063,77.25
2009-11-13,2.51,1.033,76.34
2009-11-16,2.65,1.053,78.91
2009-11-17,3.47,1.053,79.08
2009-11-18,3.74,1.085,79.55
2009-11-19,3.57,1.083,77.47
2009-11-20,3.09,1.075,76.83
2009-11-23,3.79,1.095,76.49
2009-11-24,3.63,1.093,74.88
2009-11-25,3.32,1.108,77.25
2009-11-27,3.32,1.108,75.95
2009-11-30,4.41,1.131,77.19
2009-12-01,4.3,1.165,78.39
2009-12-02,4.67,1.161,76.62
2009-12-03,4.57,1.161,76.42
2009-12-04,4.53,1.155,75.41
2009-12-07,4.78,1.155,73.89
2009-12-08,5.1,1.155,72.59
2009-12-09,5.27,1.14,70.67
2009-12-10,5.02,1.128,70.54
2009-12-11,5.21,1.115,69.86
2009-12-14,5.41,1.119,69.48
2009-12-15,5.53,1.119,70.62
2009-12-16,5.57,1.129,72.64
2009-12-17,5.65,1.161,72.58
2009-12-18,5.87,1.181,73.3
2009-12-21,5.79,1.185,72.71
2009-12-22,5.56,1.185,73.48
2009-12-23,5.55,1.255,76.03
2009-12-24,5.75,1.265,76.83
2009-12-28,5.91,1.309,78.67
2009-12-29,6.01,1.32,78.87
2009-12-30,5.78,1.31,79.35
2009-12-31,5.82,1.316,79.39
2010-01-04,6.09,1.373,81.52
2010-01-05,6.19,1.389,81.74
2010-01-06,6.47,1.445,83.12
2010-01-07,7.51,1.434,82.6
2010-01-08,6.56,1.4,82.74
2010-01-11,5.77,1.33,82.54
2010-01-12,5.57,1.274,80.79
2010-01-13,5.61,1.235,79.66
2010-01-14,5.77,1.175,79.35
2010-01-15,5.66,1.215,77.96
2010-01-19,5.51,1.27,78.98
2010-01-20,5.54,1.27,77.42
2010-01-21,5.52,1.28,75.84
2010-01-22,5.67,1.274,74.25
2010-01-25,5.76,1.29,74.9
2010-01-26,5.61,1.335,74.67
2010-01-27,5.42,1.331,73.64
2010-01-28,5.32,1.303,73.62
2010-01-29,5.26,1.315,72.85
2010-02-01,5.3,1.368,74.41
2010-02-02,5.47,1.368,77.21
2010-02-03,5.51,1.39,76.96
2010-02-04,5.47,1.338,73.13
2010-02-05,5.61,1.33,71.15
2010-02-08,5.73,1.33,71.87
2010-02-09,5.54,1.345,73.71
2010-02-10,5.48,1.295,74.48
2010-02-11,5.53,1.26,75.23
2010-02-12,5.48,1.225,74.11
2010-02-16,5.65,1.255,76.98
2010-02-17,5.47,1.214,77.27
2010-02-18,5.4,1.225,78.97
2010-02-19,5.1,1.244,79.77
2010-02-22,4.92,1.249,80.04
2010-02-23,4.91,1.253,78.61
2010-02-24,4.91,1.267,79.75
2010-02-25,4.84,1.225,77.99
2010-02-26,4.76,1.215,79.72
2010-03-01,4.83,1.179,78.71
2010-03-02,4.78,1.174,79.62
2010-03-03,4.76,1.195,80.91
2010-03-04,4.78,1.179,80.21
2010-03-05,4.56,1.197,81.5
2010-03-08,4.47,1.18,81.85
2010-03-09,4.51,1.165,81.5
2010-03-10,4.44,1.153,82.07
2010-03-11,4.47,1.133,82.1
2010-03-12,4.35,1.088,81.26
2010-03-15,4.29,1.095,79.79
2010-03-16,4.38,1.131,81.75
2010-03-17,4.27,1.127,82.93
2010-03-18,4.19,1.121,82.16
2010-03-19,4.01,1.13,80.58
2010-03-22,4.02,1.135,81.26
2010-03-23,4.08,1.134,81.68
2010-03-24,4.02,1.115,80.29
2010-03-25,4.01,1.104,80.25
2010-03-26,3.92,1.083,79.75
2010-03-29,3.83,1.095,81.92
2010-03-30,3.79,1.105,82.14
2010-03-31,3.93,1.113,83.45
2010-04-01,3.72,1.13,84.53
2010-04-05,3.93,1.154,86.36
2010-04-06,4.16,1.16,86.54
2010-04-07,4.08,1.158,85.64
2010-04-08,3.92,1.15,85.17
2010-04-09,3.9,1.146,84.6
2010-04-12,4.04,1.137,84.07
2010-04-13,3.97,1.134,83.8
2010-04-14,4.15,1.139,85.62
2010-04-15,4.16,1.139,85.25
2010-04-16,3.97,1.129,82.97
2010-04-19,4.02,1.109,81.52
2010-04-20,3.93,1.126,82.98
2010-04-21,3.96,1.126,82.78
2010-04-22,3.95,1.119,82.89
2010-04-23,4.07,1.138,84.34
2010-04-26,4.23,1.138,84.2
2010-04-27,4.18,1.136,82.43
2010-04-28,4.19,1.134,83.22
2010-04-29,4.24,1.143,85.17
2010-04-30,3.94,1.137,86.07
2010-05-03,3.86,1.156,86.19
2010-05-04,3.96,1.138,82.73
2010-05-05,4.0,1.121,80.0
2010-05-06,3.97,1.095,77.18
2010-05-07,3.91,1.085,75.1
2010-05-10,4.08,1.122,76.89
2010-05-11,4.15,1.124,76.37
2010-05-12,4.18,1.13,75.65
2010-05-13,4.26,1.129,74.38
2010-05-14,4.27,1.116,71.61
2010-05-17,4.34,1.072,70.08
2010-05-18,4.42,1.067,69.38
2010-05-19,4.28,1.067,69.91
2010-05-20,4.12,1.014,68.28
2010-05-21,4.12,1.009,68.03
2010-05-24,4.08,1.01,68.23
2010-05-25,4.08,0.995,64.78
2010-05-26,4.19,1.02,71.52
2010-05-27,4.22,1.08,74.56
2010-05-28,4.31,1.086,74.0
2010-06-01,4.39,1.093,72.7
2010-06-02,4.32,1.099,72.88
2010-06-03,4.46,1.105,74.62
2010-06-04,4.6,1.063,71.43
2010-06-07,4.67,1.063,71.55
2010-06-08,4.89,1.054,71.88
2010-06-09,4.75,1.06,74.38
2010-06-10,4.68,1.07,75.48
2010-06-11,4.68,1.047,73.89
2010-06-14,4.94,1.05,74.99
2010-06-15,5.11,1.046,76.84
2010-06-16,5.13,1.038,77.67
2010-06-17,5.14,1.013,76.82
2010-06-18,5.17,1.018,77.18
2010-06-21,5.15,1.018,77.84
2010-06-22,4.87,1.003,77.15
2010-06-23,4.9,0.985,75.9
2010-06-24,4.88,0.984,75.96
2010-06-25,4.84,1.023,78.45
2010-06-28,4.85,1.012,78.26
2010-06-29,4.68,0.986,75.93
2010-06-30,4.53,0.99,75.59
2010-07-01,4.54,0.973,72.95
2010-07-02,4.72,0.97,72.06
2010-07-06,4.85,0.968,71.96
2010-07-07,4.76,0.98,74.05
2010-07-08,4.61,0.982,75.46
2010-07-09,4.36,0.975,76.08
2010-07-12,4.42,0.973,74.93
2010-07-13,4.46,0.978,77.16
2010-07-14,4.39,1.005,77.02
2010-07-15,4.43,0.999,76.67
2010-07-16,4.68,0.99,75.96
2010-07-19,4.56,0.994,76.53
2010-07-20,4.59,0.996,77.32
2010-07-21,4.7,0.994,76.27
2010-07-22,4.67,1.028,79.01
2010-07-23,4.69,1.045,78.68
2010-07-26,4.65,1.077,78.93
2010-07-27,4.72,1.058,77.46
2010-07-28,4.75,1.069,77.06
2010-07-29,4.8,1.069,78.3
2010-07-30,4.81,1.083,78.85
2010-08-02,4.94,1.109,81.25
2010-08-03,4.78,1.11,82.52
2010-08-04,4.77,1.104,82.49
2010-08-05,4.84,1.108,82.0
2010-08-06,4.67,1.111,80.67
2010-08-09,4.52,1.11,81.46
2010-08-10,4.43,1.104,80.24
2010-08-11,4.38,1.07,78.09
2010-08-12,4.42,1.045,75.68
2010-08-13,4.35,1.039,75.39
2010-08-16,4.37,1.035,75.17
2010-08-17,4.28,1.05,75.76
2010-08-18,4.35,1.049,75.39
2010-08-19,4.29,1.048,74.45
2010-08-20,4.19,1.048,73.45
2010-08-23,4.12,1.05,72.71
2010-08-24,4.07,1.043,71.24
2010-08-25,3.99,1.053,72.07
2010-08-26,3.85,1.063,73.36
2010-08-27,3.75,1.09,75.17
2010-08-30,3.77,1.091,74.69
2010-08-31,3.8,1.065,71.93
2010-09-01,3.73,1.08,73.97
2010-09-02,3.74,1.085,74.99
2010-09-03,3.74,1.085,74.52
2010-09-07,3.82,1.085,73.98
2010-09-08,3.81,1.1,74.65
2010-09-09,3.79,1.1,74.25
2010-09-10,3.79,1.113,76.4
2010-09-13,3.83,1.126,77.17
2010-09-14,3.98,1.135,76.78
2010-09-15,4.06,1.148,75.92
2010-09-16,4.09,1.138,74.58
2010-09-17,4.11,1.131,73.63
2010-09-20,4.01,1.138,74.81
2010-09-21,3.95,1.141,72.96
2010-09-22,4.02,1.149,72.98
2010-09-23,4.08,1.151,73.4
2010-09-24,3.97,1.16,74.63
2010-09-27,3.8,1.153,76.51
2010-09-28,3.8,1.166,76.15
2010-09-29,3.81,1.183,77.85
2010-09-30,3.85,1.205,79.95
2010-10-01,3.67,1.248,81.57
2010-10-04,3.56,1.25,81.43
2010-10-05,3.51,1.268,82.83
2010-10-06,3.56,1.273,83.21
2010-10-07,3.62,1.257,81.34
2010-10-08,3.36,1.258,82.66
2010-10-11,3.43,1.259,82.18
2010-10-12,3.4,1.241,81.67
2010-10-13,3.58,1.251,83.03
2010-10-14,3.58,1.231,82.71
2010-10-15,3.47,1.208,81.23
2010-10-18,3.36,1.209,83.06
2010-10-19,3.36,1.209,79.57
2010-10-20,3.46,1.19,81.93
2010-10-21,3.46,1.193,80.03
2010-10-22,3.19,1.22,81.15
2010-10-25,3.18,1.229,82.0
2010-10-26,3.28,1.226,82.6
2010-10-27,3.37,1.22,81.9
2010-10-28,3.36,1.233,82.2
2010-10-29,3.36,1.238,81.45
2010-11-01,3.42,1.266,82.94
2010-11-02,3.2,1.278,83.91
2010-11-03,3.35,1.275,84.45
2010-11-04,3.53,1.278,86.49
2010-11-05,3.47,1.281,86.85
2010-11-08,3.49,1.28,87.07
2010-11-09,3.76,1.28,87.04
2010-11-10,4.0,1.283,87.77
2010-11-11,3.73,1.28,87.77
2010-11-12,3.5,1.258,84.89
2010-11-15,3.56,1.254,84.88
2010-11-16,3.66,1.22,82.33
2010-11-17,3.77,1.173,80.43
2010-11-18,3.89,1.199,81.88
2010-11-19,3.79,1.214,81.65
2010-11-22,4.02,1.225,81.24
2010-11-23,3.93,1.228,80.79
2010-11-24,3.82,1.26,83.21
2010-11-26,3.82,1.26,83.87
2010-11-29,4.12,1.269,85.73
2010-11-30,4.16,1.269,84.12
2010-12-01,4.21,1.253,86.75
2010-12-02,4.28,1.251,87.98
2010-12-03,4.23,1.249,89.18
2010-12-06,4.47,1.253,89.33
2010-12-07,4.48,1.251,88.69
2010-12-08,4.47,1.259,88.3
2010-12-09,4.52,1.258,88.35
2010-12-10,4.37,1.263,87.81
2010-12-13,4.55,1.282,88.62
2010-12-14,4.35,1.304,88.33
2010-12-15,4.22,1.309,88.66
2010-12-16,4.19,1.303,87.71
2010-12-17,3.99,1.311,88.02
2010-12-20,4.1,1.32,88.68
2010-12-21,4.17,1.321,89.3
2010-12-22,4.01,1.328,89.83
2010-12-23,4.08,1.338,90.84
2010-12-27,4.05,1.339,90.99
2010-12-28,4.1,1.339,91.48
2010-12-29,4.19,1.338,91.13
2010-12-30,4.22,1.321,89.85
2010-12-31,4.22,1.329,91.38
2011-01-03,4.54,1.344,91.59
2011-01-04,4.61,1.324,89.39
2011-01-05,4.52,1.324,90.3
2011-01-06,4.49,1.316,88.37
2011-01-07,4.42,1.328,88.07
2011-01-10,4.49,1.348,89.24
2011-01-11,4.42,1.366,91.11
2011-01-12,4.55,1.37,91.85
2011-01-13,4.48,1.35,91.39
2011-01-14,4.38,1.358,91.53
2011-01-18,4.52,1.359,91.38
2011-01-19,4.48,1.361,90.85
2011-01-20,4.57,1.355,88.56
2011-01-21,4.72,1.364,88.22
2011-01-24,4.72,1.363,86.74
2011-01-25,4.46,1.34,85.08
2011-01-26,4.4,1.358,86.15
2011-01-27,4.41,1.334,84.45
2011-01-28,4.27,1.335,88.15
2011-01-31,4.42,1.359,90.99
2011-02-01,4.42,1.34,89.54
2011-02-02,4.55,1.331,89.78
2011-02-03,4.69,1.323,89.42
2011-02-04,4.48,1.323,87.87
2011-02-07,4.32,1.339,86.3
2011-02-08,4.24,1.342,85.85
2011-02-09,4.22,1.345,85.59
2011-02-10,4.11,1.318,85.44
2011-02-11,3.96,1.311,84.39
2011-02-14,3.89,1.343,83.66
2011-02-15,3.92,1.353,83.13
2011-02-16,3.93,1.383,83.8
2011-02-17,3.9,1.376,85.05
2011-02-18,3.84,1.361,85.03
2011-02-22,3.89,1.361,92.65
2011-02-23,3.83,1.439,96.04
2011-02-24,3.83,1.535,95.83
2011-02-25,3.81,1.535,96.52
2011-02-28,3.93,1.538,97.1
2011-03-01,3.93,1.491,99.63
2011-03-02,3.79,1.438,102.27
2011-03-03,3.75,1.38,101.92
2011-03-04,3.7,1.379,104.34
2011-03-07,3.73,1.363,105.37
2011-03-08,3.83,1.334,105.06
2011-03-09,3.81,1.348,104.39
2011-03-10,3.87,1.35,102.73
2011-03-11,3.78,1.354,101.14
2011-03-14,3.9,1.366,101.2
2011-03-15,3.81,1.329,97.23
2011-03-16,3.86,1.37,97.99
2011-03-17,3.85,1.5,101.47
2011-03-18,3.98,1.5,101.06
2011-03-21,3.99,1.535,102.36
2011-03-22,4.05,1.53,104.53
2011-03-23,4.18,1.429,105.21
2011-03-24,4.27,1.371,105.04
2011-03-25,4.13,1.36,104.89
2011-03-28,4.35,1.351,103.54
2011-03-29,4.27,1.346,104.34
2011-03-30,4.25,1.34,103.8
2011-03-31,4.32,1.369,106.19
2011-04-01,4.32,1.383,107.55
2011-04-04,4.21,1.42,108.14
2011-04-05,4.22,1.405,107.82
2011-04-06,4.17,1.395,108.38
2011-04-07,4.12,1.408,109.82
2011-04-08,4.05,1.44,112.27
2011-04-11,4.05,1.416,109.5
2011-04-12,4.08,1.39,105.75
2011-04-13,4.14,1.421,106.6
2011-04-14,4.12,1.428,107.73
2011-04-15,4.21,1.436,109.17
2011-04-18,4.23,1.404,106.7
2011-04-19,4.19,1.42,107.18
2011-04-20,4.33,1.486,110.84
2011-04-21,4.33,1.494,111.72
2011-04-25,4.37,1.503,111.68
2011-04-26,4.32,1.495,111.72
2011-04-27,4.35,1.55,112.31
2011-04-28,4.38,1.588,112.38
2011-04-29,4.51,1.595,113.39
2011-05-02,4.6,1.605,113.03
2011-05-03,4.6,1.594,110.6
2011-05-04,4.59,1.583,108.79
2011-05-05,4.49,1.48,99.89
2011-05-06,4.24,1.471,96.87
2011-05-09,4.28,1.544,100.32
2011-05-10,4.19,1.542,103.39
2011-05-11,4.23,1.496,97.88
2011-05-12,4.1,1.516,98.53
2011-05-13,4.09,1.549,99.21
2011-05-16,4.21,1.549,96.91
2011-05-17,4.25,1.51,96.4
2011-05-18,4.15,1.524,99.52
2011-05-19,4.1,1.51,97.99
2011-05-20,4.05,1.505,99.15
2011-05-23,4.27,1.475,97.06
2011-05-24,4.37,1.488,99.13
2011-05-25,4.36,1.491,100.78
2011-05-26,4.37,1.485,100.18
2011-05-27,4.36,1.496,100.58
2011-05-31,4.63,1.521,102.7
2011-06-01,4.62,1.509,100.3
2011-06-02,4.64,1.525,100.41
2011-06-03,4.72,1.524,100.28
2011-06-06,4.83,1.513,99.07
2011-06-07,4.83,1.529,99.18
2011-06-08,4.83,1.538,100.77
2011-06-09,4.92,1.563,101.95
2011-06-10,4.72,1.55,99.3
2011-06-13,4.75,1.538,97.2
2011-06-14,4.59,1.545,99.37
2011-06-15,4.53,1.525,94.83
2011-06-16,4.54,1.534,94.95
2011-06-17,4.39,1.529,93.02
2011-06-20,4.33,1.529,93.23
2011-06-21,4.37,1.529,93.7
2011-06-22,4.42,1.543,94.96
2011-06-23,4.31,1.501,90.7
2011-06-24,4.2,1.496,90.89
2011-06-27,4.25,1.479,90.65
2011-06-28,4.34,1.474,92.9
2011-06-29,4.4,1.475,94.85
2011-06-30,4.28,1.495,95.3
2011-07-01,4.33,1.495,94.81
2011-07-05,4.4,1.501,96.92
2011-07-06,4.34,1.495,96.67
2011-07-07,4.25,1.528,98.7
2011-07-08,4.19,1.529,96.2
2011-07-11,4.35,1.523,95.16
2011-07-12,4.38,1.529,97.41
2011-07-13,4.43,1.531,98.04
2011-07-14,4.42,1.525,95.75
2011-07-15,4.49,1.531,97.24
2011-07-18,4.6,1.531,95.94
2011-07-19,4.6,1.536,97.49
2011-07-20,4.64,1.541,98.11
2011-07-21,4.58,1.53,98.96
2011-07-22,4.46,1.531,99.53
2011-07-25,4.45,1.526,98.97
2011-07-26,4.43,1.538,99.61
2011-07-27,4.46,1.536,97.4
2011-07-28,4.41,1.551,97.48
2011-07-29,4.26,1.558,95.68
2011-08-01,4.29,1.568,94.98
2011-08-02,4.3,1.571,93.78
2011-08-03,4.26,1.566,91.87
2011-08-04,4.2,1.513,86.75
2011-08-05,4.0,1.52,86.89
2011-08-08,4.0,1.439,81.27
2011-08-09,4.06,1.435,79.32
2011-08-10,4.09,1.498,83.05
2011-08-11,4.06,1.525,85.48
2011-08-12,4.17,1.525,85.19
2011-08-15,4.05,1.538,87.88
2011-08-16,4.03,1.525,86.65
2011-08-17,3.98,1.549,87.58
2011-08-18,3.98,1.525,82.38
2011-08-19,3.99,1.534,82.33
2011-08-22,3.97,1.529,84.42
2011-08-23,4.01,1.525,85.35
2011-08-24,4.1,1.533,84.99
2011-08-25,4.01,1.538,85.15
2011-08-26,3.96,1.538,85.37
2011-08-29,3.93,1.536,87.27
2011-08-30,3.85,1.548,88.9
2011-08-31,3.97,1.561,88.81
2011-09-01,4.18,1.577,88.93
2011-09-02,4.12,1.566,86.45
2011-09-06,3.93,1.559,85.99
2011-09-07,3.96,1.585,89.34
2011-09-08,3.99,1.594,89.05
2011-09-09,3.96,1.583,87.24
2011-09-12,3.92,1.584,88.19
2011-09-13,3.96,1.598,90.21
2011-09-14,4.01,1.609,88.91
2011-09-15,4.04,1.625,89.4
2011-09-16,3.84,1.613,87.96
2011-09-19,3.78,1.565,85.7
2011-09-20,3.84,1.566,86.92
2011-09-21,3.78,1.54,85.77
2011-09-22,3.72,1.498,80.29
2011-09-23,3.74,1.498,79.58
2011-09-26,3.8,1.5,79.97
2011-09-27,3.92,1.544,84.18
2011-09-28,3.88,1.52,80.94
2011-09-29,3.77,1.522,81.87
2011-09-30,3.68,1.51,78.93
2011-10-03,3.57,1.476,77.34
2011-10-04,3.56,1.45,75.4
2011-10-05,3.63,1.455,79.41
2011-10-06,3.49,1.454,82.32
2011-10-07,3.4,1.438,82.7
2011-10-10,3.41,1.438,85.14
2011-10-11,3.52,1.461,85.54
2011-10-12,3.54,1.471,85.3
2011-10-13,3.42,1.504,83.96
2011-10-14,3.49,1.535,86.8
2011-10-17,3.72,1.5,86.38
2011-10-18,3.63,1.5,88.34
2011-10-19,3.59,1.445,86.11
2011-10-20,3.61,1.465,86.07
2011-10-21,3.54,1.48,87.19
2011-10-24,3.61,1.484,91.12
2011-10-25,3.62,1.465,92.98
2011-10-26,3.65,1.465,90.2
2011-10-27,3.59,1.484,93.96
2011-10-28,3.63,1.478,93.32
2011-10-31,3.66,1.473,93.19
2011-11-01,3.49,1.45,92.19
2011-11-02,3.39,1.448,92.51
2011-11-03,3.39,1.438,94.07
2011-11-04,3.44,1.44,94.26
2011-11-07,3.35,1.448,95.52
2011-11-08,3.42,1.458,96.8
2011-11-09,3.55,1.46,95.74
2011-11-10,3.48,1.484,97.78
2011-11-11,3.29,1.499,98.99
2011-11-14,3.17,1.465,98.14
2011-11-15,3.12,1.476,99.37
2011-11-16,3.11,1.479,102.59
2011-11-17,3.11,1.46,98.82
2011-11-18,3.01,1.46,97.67
2011-11-21,2.94,1.445,96.73
2011-11-22,3.06,1.449,97.76
2011-11-23,2.84,1.453,96.16
2011-11-25,2.84,1.453,96.91
2011-11-28,3.09,1.448,98.21
2011-11-29,3.39,1.455,99.79
2011-11-30,3.53,1.448,100.36
2011-12-01,3.49,1.45,100.2
2011-12-02,3.35,1.441,100.97
2011-12-05,3.38,1.431,100.94
2011-12-06,3.43,1.448,101.25
2011-12-07,3.45,1.444,100.45
2011-12-08,3.42,1.44,98.35
2011-12-09,3.29,1.438,99.4
2011-12-12,3.13,1.415,97.77
2011-12-13,3.12,1.406,100.24
2011-12-14,3.08,1.364,94.92
2011-12-15,3.05,1.34,93.84
2011-12-16,3.01,1.339,93.55
2011-12-19,3.03,1.323,93.86
2011-12-20,3.06,1.34,97.16
2011-12-21,3.05,1.35,98.54
2011-12-22,3.08,1.361,99.42
2011-12-23,2.97,1.366,99.72
2011-12-27,3.09,1.4,101.29
2011-12-28,3.07,1.402,99.44
2011-12-29,3.03,1.402,99.68
2011-12-30,2.98,1.395,98.83
2012-01-03,2.97,1.401,102.96
2012-01-04,2.96,1.376,103.22
2012-01-05,2.91,1.348,101.81
2012-01-06,2.85,1.324,101.56
2012-01-09,2.89,1.304,101.31
2012-01-10,2.97,1.256,102.24
2012-01-11,2.81,1.226,100.89
2012-01-12,2.7,1.24,99.03
2012-01-13,2.67,1.285,98.69
2012-01-17,2.51,1.293,100.7
2012-01-18,2.49,1.294,100.61
2012-01-19,2.36,1.274,100.32
2012-01-20,2.23,1.285,98.15
2012-01-23,2.39,1.274,99.47
2012-01-24,2.6,1.264,98.84
2012-01-25,2.61,1.273,99.23
2012-01-26,2.68,1.29,99.76
2012-01-27,2.59,1.294,99.47
2012-01-30,2.71,1.298,98.75
2012-01-31,2.51,1.286,98.46
2012-02-01,2.32,1.275,97.63
2012-02-02,2.3,1.256,96.36
2012-02-03,2.4,1.255,97.8
2012-02-06,2.46,1.246,96.89
2012-02-07,2.6,1.24,98.55
2012-02-08,2.48,1.236,98.8
2012-02-09,2.5,1.229,99.88
2012-02-10,2.51,1.195,98.68
2012-02-13,2.42,1.19,100.39
2012-02-14,2.48,1.188,100.82
2012-02-15,2.54,1.178,101.82
2012-02-16,2.47,1.168,102.33
2012-02-17,2.67,1.176,103.27
2012-02-21,2.63,1.193,105.88
2012-02-22,2.6,1.209,105.99
2012-02-23,2.68,1.229,107.44
2012-02-24,2.6,1.248,109.39
2012-02-27,2.55,1.238,108.49
2012-02-28,2.44,1.23,106.59
2012-02-29,2.44,1.226,107.08
2012-03-01,2.45,1.235,108.76
2012-03-02,2.38,1.221,106.68
2012-03-05,2.31,1.221,106.7
2012-03-06,2.3,1.228,104.71
2012-03-07,2.24,1.256,106.16
2012-03-08,2.24,1.31,106.65
2012-03-09,2.21,1.328,107.4
2012-03-12,2.17,1.282,106.34
2012-03-13,2.15,1.259,106.7
2012-03-14,2.13,1.254,105.49
2012-03-15,2.07,1.241,105.19
2012-03-16,2.01,1.265,107.03
2012-03-19,2.14,1.271,108.09
2012-03-20,2.19,1.256,105.68
2012-03-21,2.21,1.268,106.87
2012-03-22,2.19,1.271,104.98
2012-03-23,2.07,1.284,106.43
2012-03-26,2.16,1.279,107.07
2012-03-27,2.09,1.283,107.32
2012-03-28,2.05,1.265,105.4
2012-03-29,2.02,1.235,102.79
2012-03-30,2.0,1.239,103.03
2012-04-02,1.88,1.228,105.25
2012-04-03,1.94,1.213,104.02
2012-04-04,2.06,1.194,101.53
2012-04-05,1.98,1.209,103.29
2012-04-09,1.99,1.191,102.45
2012-04-10,1.99,1.188,101.12
2012-04-11,1.91,1.205,102.66
2012-04-12,1.87,1.208,103.69
2012-04-13,1.87,1.209,102.84
2012-04-16,1.88,1.211,102.92
2012-04-17,1.89,1.215,104.23
2012-04-18,1.87,1.199,102.65
2012-04-19,1.85,1.19,102.38
2012-04-20,1.82,1.193,103.58
2012-04-23,1.89,1.188,102.68
2012-04-24,1.97,1.189,103.1
2012-04-25,1.99,1.18,103.72
2012-04-26,2.1,1.181,104.56
2012-04-27,2.05,1.169,104.86
2012-04-30,2.1,1.155,104.89
2012-05-01,2.29,1.125,106.17
2012-05-02,2.31,1.089,105.25
2012-05-03,2.29,1.04,102.56
2012-05-04,2.3,1.02,98.49
2012-05-07,2.3,1.0,97.86
2012-05-08,2.27,0.99,97.13
2012-05-09,2.36,1.003,96.8
2012-05-10,2.36,1.025,97.1
2012-05-11,2.37,1.028,96.03
2012-05-14,2.41,0.998,94.75
2012-05-15,2.38,0.978,93.97
2012-05-16,2.5,0.943,92.78
2012-05-17,2.6,0.935,92.53
2012-05-18,2.56,0.93,91.51
2012-05-21,2.6,0.938,92.57
2012-05-22,2.55,0.908,91.44
2012-05-23,2.6,0.833,89.4
2012-05-24,2.66,0.83,90.36
2012-05-25,2.56,0.828,90.64
2012-05-29,2.5,,90.75
2012-05-30,2.39,0.83,87.79
2012-05-31,2.34,0.758,86.52
2012-06-01,2.24,0.714,83.17
2012-06-04,2.32,0.735,83.95
2012-06-05,2.39,0.8,84.31
2012-06-06,2.41,0.785,85.05
2012-06-07,2.33,,84.78
2012-06-08,2.22,0.771,84.08
2012-06-11,2.22,0.754,82.58
2012-06-12,2.17,0.763,83.35
2012-06-13,2.18,0.762,82.56
2012-06-14,2.2,0.79,83.83
2012-06-15,2.44,0.803,84.03
2012-06-18,2.45,0.797,83.26
2012-06-19,2.59,0.83,83.99
2012-06-20,2.6,0.83,81.06
2012-06-21,2.48,0.805,77.91
2012-06-22,2.5,0.815,79.33
2012-06-25,2.7,0.795,78.76
2012-06-26,2.7,0.797,79.34
2012-06-27,2.87,0.798,80.27
2012-06-28,2.81,0.789,77.72
2012-06-29,2.74,0.821,85.04
2012-07-02,2.73,0.788,83.72
2012-07-03,2.78,0.819,87.74
2012-07-05,2.9,0.818,87.11
2012-07-06,2.94,0.815,84.37
2012-07-09,2.79,0.835,85.93
2012-07-10,2.87,0.821,83.92
2012-07-11,2.72,0.839,85.88
2012-07-12,2.83,0.859,86.02
2012-07-13,2.88,0.863,87.15
2012-07-16,2.92,0.906,88.41
2012-07-17,2.83,0.92,89.07
2012-07-18,2.84,0.933,89.88
2012-07-19,2.99,0.956,92.78
2012-07-20,3.03,0.943,91.56
2012-07-23,3.05,0.9,87.77
2012-07-24,3.16,0.905,88.28
2012-07-25,3.19,0.902,88.8
2012-07-26,3.13,0.894,89.4
2012-07-27,3.1,0.896,90.13
2012-07-30,3.14,0.878,89.8
2012-07-31,3.2,0.875,88.08
2012-08-01,3.2,0.874,88.99
2012-08-02,3.16,0.865,87.22
2012-08-03,2.91,0.903,91.4
2012-08-06,2.9,0.897,92.3
2012-08-07,2.99,0.929,93.68
2012-08-08,2.97,0.938,93.39
2012-08-09,2.89,0.946,93.39
2012-08-10,2.84,0.943,92.94
2012-08-13,2.77,0.949,92.76
2012-08-14,2.79,0.949,93.4
2012-08-15,2.82,0.948,94.35
2012-08-16,2.78,0.943,95.66
2012-08-17,2.7,0.926,96.0
2012-08-20,2.75,0.915,96.03
2012-08-21,2.8,0.918,96.55
2012-08-22,2.8,0.902,96.89
2012-08-23,2.81,0.85,95.87
2012-08-24,2.81,0.813,95.78
2012-08-27,2.8,0.809,95.54
2012-08-28,2.71,0.846,96.3
2012-08-29,2.64,0.883,95.5
2012-08-30,2.72,0.885,94.61
2012-08-31,2.72,0.905,96.47
2012-09-04,2.81,0.941,95.34
2012-09-05,2.87,0.989,95.37
2012-09-06,2.85,0.976,95.58
2012-09-07,2.73,0.94,96.41
2012-09-10,2.66,0.92,96.52
2012-09-11,2.82,0.934,97.03
2012-09-12,2.96,0.92,97.02
2012-09-13,3.01,0.92,98.3
2012-09-14,2.94,0.918,98.94
2012-09-17,2.83,0.873,96.51
2012-09-18,2.74,0.875,95.25
2012-09-19,2.7,0.875,91.97
2012-09-20,2.76,0.883,92.14
2012-09-21,2.76,0.883,92.64
2012-09-24,2.82,0.869,91.68
2012-09-25,2.84,0.875,91.07
2012-09-26,2.92,0.88,89.92
2012-09-27,3.01,0.911,91.89
2012-09-28,3.08,0.918,92.18
2012-10-01,3.19,0.939,92.44
2012-10-02,3.21,0.96,91.88
2012-10-03,3.21,0.943,88.19
2012-10-04,3.23,0.966,91.69
2012-10-05,3.26,0.96,89.87
2012-10-08,3.18,0.953,89.43
2012-10-09,3.18,0.968,92.42
2012-10-10,3.26,0.946,91.24
2012-10-11,3.28,0.946,92.19
2012-10-12,3.38,0.941,91.83
2012-10-15,3.35,0.94,91.84
2012-10-16,3.27,0.938,92.07
2012-10-17,3.24,0.954,92.04
2012-10-18,3.28,0.96,92.0
2012-10-19,3.43,0.97,90.0
2012-10-22,3.49,0.955,88.3
2012-10-23,3.34,,86.65
2012-10-24,3.43,0.965,85.39
2012-10-25,3.39,0.978,85.59
2012-10-26,3.38,0.995,85.84
2012-10-29,3.4,1.008,85.52
2012-10-30,3.42,0.996,85.65
2012-10-31,3.5,0.99,86.23
2012-11-01,3.5,0.995,87.05
2012-11-02,3.4,0.971,84.9
2012-11-05,3.34,,85.64
2012-11-06,3.41,0.944,88.62
2012-11-07,3.47,0.956,84.5
2012-11-08,3.45,0.932,85.07
2012-11-09,3.33,0.911,86.08
2012-11-12,3.4,0.901,85.56
2012-11-13,3.57,0.901,85.38
2012-11-14,3.66,0.888,86.32
2012-11-15,3.63,0.91,85.45
2012-11-16,3.46,0.877,86.62
2012-11-19,3.63,0.875,89.05
2012-11-20,3.62,0.838,86.46
2012-11-21,3.59,0.855,87.08
2012-11-23,3.59,0.855,87.01
2012-11-26,3.75,0.84,87.28
2012-11-27,3.77,0.844,86.81
2012-11-28,3.71,0.838,86.1
2012-11-29,3.61,0.825,87.64
2012-11-30,3.46,0.838,88.54
2012-12-03,3.44,0.83,88.69
2012-12-04,3.38,0.806,88.04
2012-12-05,3.41,0.764,87.36
2012-12-06,3.48,0.766,85.47
2012-12-07,3.33,0.736,85.45
2012-12-10,3.35,0.728,85.14
2012-12-11,3.39,0.73,85.36
2012-12-12,3.33,0.732,86.35
2012-12-13,3.27,0.738,85.39
2012-12-14,3.15,0.762,86.32
2012-12-17,3.2,0.781,86.71
2012-12-18,3.29,0.784,87.46
2012-12-19,3.25,0.803,89.09
2012-12-20,3.35,0.825,89.76
2012-12-21,3.42,0.839,88.2
2012-12-24,3.3,0.852,88.29
2012-12-26,3.35,,90.71
2012-12-27,3.31,0.896,90.91
2012-12-28,3.4,0.889,90.66
2012-12-31,3.43,0.883,91.83
2013-01-02,3.3,0.869,93.14
2013-01-03,3.19,0.872,92.97
2013-01-04,3.2,0.84,93.12
2013-01-07,3.3,0.843,93.2
2013-01-08,3.21,0.842,93.21
2013-01-09,3.14,0.825,93.08
2013-01-10,3.08,0.828,93.81
2013-01-11,3.18,0.808,93.6
2013-01-14,3.39,0.798,94.27
2013-01-15,3.4,0.803,93.26
2013-01-16,3.43,0.804,94.28
2013-01-17,3.44,0.807,95.49
2013-01-18,3.54,0.833,95.61
2013-01-22,3.63,0.866,96.09
2013-01-23,3.53,0.86,95.06
2013-01-24,3.56,0.864,95.35
2013-01-25,3.42,0.858,95.15
2013-01-28,3.25,0.83,95.95
2013-01-29,3.14,0.836,97.62
2013-01-30,3.24,0.859,97.98
2013-01-31,3.33,0.856,97.65
2013-02-01,3.34,0.878,97.46
2013-02-04,3.27,0.855,96.21
2013-02-05,3.34,0.866,96.68
2013-02-06,3.41,0.854,96.44
2013-02-07,3.39,0.856,95.84
2013-02-08,3.26,0.839,95.71
2013-02-11,3.2,0.845,97.01
2013-02-12,3.3,0.849,97.48
2013-02-13,3.29,0.859,97.03
2013-02-14,3.3,0.855,97.3
2013-02-15,3.19,0.866,95.95
2013-02-19,3.23,0.882,96.69
2013-02-20,3.34,0.875,94.92
2013-02-21,3.29,0.876,92.79
2013-02-22,3.27,0.863,93.12
2013-02-25,3.42,0.872,92.74
2013-02-26,3.46,0.861,92.63
2013-02-27,3.49,0.864,92.84
2013-02-28,3.48,0.863,92.03
2013-03-01,3.54,0.848,90.71
2013-03-04,3.53,0.84,90.13
2013-03-05,3.63,0.84,90.88
2013-03-06,3.57,0.843,90.47
2013-03-07,3.54,,91.53
2013-03-08,3.57,0.863,92.01
2013-03-11,3.64,0.865,92.07
2013-03-12,3.71,0.868,92.44
2013-03-13,3.72,0.872,92.47
2013-03-14,3.74,0.888,93.03
2013-03-15,3.89,0.903,93.49
2013-03-18,3.98,0.905,93.71
2013-03-19,3.96,0.913,92.44
2013-03-20,3.97,0.916,93.21
2013-03-21,4.01,0.909,92.46
2013-03-22,4.01,0.925,93.41
2013-03-25,4.08,0.938,94.55
2013-03-26,3.99,0.963,95.99
2013-03-27,4.08,0.96,96.53
2013-03-28,4.03,0.954,97.24
2013-04-01,3.97,0.941,97.1
2013-04-02,4.07,0.929,97.23
2013-04-03,4.0,0.908,95.02
2013-04-04,3.94,0.901,93.26
2013-04-05,3.98,0.909,92.76
2013-04-08,4.18,0.924,93.36
2013-04-09,4.08,0.936,94.18
2013-04-10,4.07,0.936,94.59
2013-04-11,4.11,0.94,93.44
2013-04-12,4.21,0.958,91.23
2013-04-15,4.23,0.947,88.75
2013-04-16,4.19,0.941,88.73
2013-04-17,4.24,0.943,86.65
2013-04-18,4.23,0.95,87.83
2013-04-19,4.38,0.945,88.04
2013-04-22,4.33,0.948,88.81
2013-04-23,4.27,0.933,89.21
2013-04-24,4.25,0.948,91.07
2013-04-25,4.19,0.948,93.27
2013-04-26,4.16,0.965,92.63
2013-04-29,4.28,0.966,94.09
2013-04-30,4.3,0.945,93.22
2013-05-01,4.31,0.925,90.74
2013-05-02,4.28,0.936,93.7
2013-05-03,3.98,0.955,95.25
2013-05-06,3.93,0.958,95.8
2013-05-07,3.88,0.902,95.28
2013-05-08,3.86,0.968,96.24
2013-05-09,3.87,0.958,96.09
2013-05-10,3.9,0.951,95.81
2013-05-13,3.87,0.934,94.76
2013-05-14,3.93,0.929,93.96
2013-05-15,4.03,0.936,93.95
2013-05-16,4.01,0.941,94.85
2013-05-17,3.89,0.953,95.72
2013-05-20,4.1,0.951,96.29
2013-05-21,4.13,0.941,95.55
2013-05-22,4.16,0.915,93.98
2013-05-23,4.15,0.911,94.12
2013-05-24,4.15,0.914,93.84
2013-05-28,4.19,0.924,94.65
2013-05-29,4.15,0.903,93.13
2013-05-30,4.12,0.907,93.57
2013-05-31,4.02,0.895,91.93
2013-06-03,4.0,0.908,93.41
2013-06-04,4.0,0.903,93.36
2013-06-05,3.99,0.903,93.66
2013-06-06,3.93,0.908,94.71
2013-06-07,3.79,0.908,96.11
2013-06-10,3.85,0.89,95.82
2013-06-11,3.77,0.881,95.5
2013-06-12,3.74,0.865,95.98
2013-06-13,3.73,0.863,96.66
2013-06-14,3.76,0.863,97.83
2013-06-17,3.78,0.839,97.86
2013-06-18,3.9,0.826,98.46
2013-06-19,3.93,0.82,98.24
2013-06-20,3.9,0.814,94.89
2013-06-21,3.85,0.829,93.81
2013-06-24,3.81,0.845,95.07
2013-06-25,3.77,0.848,95.25
2013-06-26,3.72,0.848,95.47
2013-06-27,3.73,0.848,97.0
2013-06-28,3.57,0.849,96.36
2013-07-01,3.52,0.853,97.94
2013-07-02,3.58,0.863,99.65
2013-07-03,3.54,0.879,101.92
2013-07-05,3.52,0.879,103.09
2013-07-08,3.65,0.886,103.03
2013-07-09,3.69,0.903,103.46
2013-07-10,3.69,0.926,106.41
2013-07-11,3.64,0.914,104.77
2013-07-12,3.61,0.93,105.85
2013-07-15,3.67,0.931,106.2
2013-07-16,3.69,0.936,105.88
2013-07-17,3.67,0.95,106.39
2013-07-18,3.66,0.968,107.94
2013-07-19,3.78,0.967,108.0
2013-07-22,3.71,0.945,106.61
2013-07-23,3.68,0.938,107.13
2013-07-24,3.7,0.928,105.41
2013-07-25,3.68,0.921,105.47
2013-07-26,3.59,0.919,104.76
2013-07-29,3.49,0.932,104.61
2013-07-30,3.48,0.941,103.14
2013-07-31,3.46,0.943,105.1
2013-08-01,3.44,0.971,107.93
2013-08-02,3.39,0.969,106.94
2013-08-05,3.33,0.963,106.61
2013-08-06,3.35,0.964,105.32
2013-08-07,3.32,0.998,104.41
2013-08-08,3.27,1.001,103.45
2013-08-09,3.32,1.018,106.04
2013-08-12,3.34,1.02,106.19
2013-08-13,3.34,1.03,106.78
2013-08-14,3.36,1.046,106.89
2013-08-15,3.34,1.059,107.43
2013-08-16,3.35,1.073,107.58
2013-08-19,3.46,1.088,107.14
2013-08-20,3.48,1.078,104.9
2013-08-21,3.51,1.111,103.93
2013-08-22,3.52,1.111,104.93
2013-08-23,3.5,1.123,106.48
2013-08-26,3.55,1.111,105.88
2013-08-27,3.5,1.111,109.11
2013-08-28,3.54,1.163,110.17
2013-08-29,3.58,1.166,108.51
2013-08-30,3.57,1.175,107.98
2013-09-03,3.64,1.191,108.67
2013-09-04,3.68,1.182,107.29
2013-09-05,3.7,1.136,108.5
2013-09-06,3.55,1.134,110.62
2013-09-09,3.62,1.115,109.62
2013-09-10,3.65,1.066,107.48
2013-09-11,3.6,1.113,107.65
2013-09-12,3.57,1.144,108.72
2013-09-13,3.6,1.14,108.31
2013-09-16,3.64,1.134,106.54
2013-09-17,3.77,1.116,105.36
2013-09-18,3.72,1.137,108.23
2013-09-19,3.73,1.106,106.26
2013-09-20,3.68,1.099,104.7
2013-09-23,3.66,1.078,103.62
2013-09-24,3.59,1.055,103.22
2013-09-25,3.52,1.028,102.68
2013-09-26,3.49,1.038,103.1
2013-09-27,3.51,1.059,102.86
2013-09-30,3.48,1.059,102.36
2013-10-01,3.56,1.082,102.09
2013-10-02,3.63,1.084,104.15
2013-10-03,3.58,1.094,103.29
2013-10-04,3.57,1.095,103.83
2013-10-07,3.62,1.093,103.07
2013-10-08,3.72,1.106,103.54
2013-10-09,3.7,1.103,101.63
2013-10-10,3.74,1.133,103.08
2013-10-11,3.74,1.136,102.17
2013-10-14,3.82,1.145,102.46
2013-10-15,3.83,1.154,101.15
2013-10-16,3.84,1.165,102.34
2013-10-17,3.75,1.148,100.72
2013-10-18,3.72,1.155,100.87
2013-10-21,3.77,1.153,99.28
2013-10-22,3.7,1.148,97.63
2013-10-23,3.66,1.145,96.9
2013-10-24,3.65,1.144,96.65
2013-10-25,3.69,1.156,97.4
2013-10-28,3.61,1.171,98.74
2013-10-29,3.57,1.165,98.29
2013-10-30,3.55,1.176,96.81
2013-10-31,3.57,1.171,96.29
2013-11-01,3.45,1.163,94.56
2013-11-04,3.38,1.169,94.58
2013-11-05,3.37,1.167,93.4
2013-11-06,3.46,1.193,94.74
2013-11-07,3.59,1.175,94.25
2013-11-08,3.54,1.183,94.56
2013-11-11,3.62,1.186,95.13
2013-11-12,3.69,1.18,93.12
2013-11-13,3.69,1.194,93.91
2013-11-14,3.52,1.193,93.76
2013-11-15,3.56,1.19,93.8
2013-11-18,3.71,1.186,93.03
2013-11-19,3.63,1.188,93.35
2013-11-20,3.63,1.197,93.34
2013-11-21,3.68,1.2,95.35
2013-11-22,3.78,1.195,94.53
2013-11-25,3.85,1.172,93.86
2013-11-26,3.87,1.155,93.41
2013-11-27,3.87,1.167,92.05
2013-11-29,3.87,1.167,92.55
2013-12-02,3.85,1.2,93.61
2013-12-03,3.84,1.234,95.83
2013-12-04,3.89,1.265,96.97
2013-12-05,3.97,1.263,97.14
2013-12-06,4.15,1.269,97.48
2013-12-09,4.24,1.301,97.1
2013-12-10,4.24,1.314,98.32
2013-12-11,4.24,1.311,97.25
2013-12-12,4.4,1.314,97.21
2013-12-13,4.44,1.306,96.27
2013-12-16,4.21,1.305,97.18
2013-12-17,4.2,1.294,96.99
2013-12-18,4.25,1.29,97.59
2013-12-19,4.25,1.255,98.4
2013-12-20,4.35,1.264,99.11
2013-12-23,4.52,1.264,98.62
2013-12-24,4.52,1.26,98.87
2013-12-26,4.4,,99.18
2013-12-27,4.34,1.26,99.94
2013-12-30,4.41,1.274,98.9
2013-12-31,4.31,1.265,98.17
2014-01-02,4.32,1.253,95.14
2014-01-03,4.39,1.225,93.66
2014-01-06,4.5,1.241,93.12
2014-01-07,4.58,1.246,93.31
2014-01-08,4.36,1.279,91.9
2014-01-09,4.15,1.279,91.36
2014-01-10,3.95,1.279,92.39
2014-01-13,4.19,1.269,91.45
2014-01-14,4.36,1.265,92.15
2014-01-15,4.45,1.285,93.78
2014-01-16,4.55,1.308,93.54
2014-01-17,4.39,1.393,93.96
2014-01-21,4.61,1.48,94.51
2014-01-22,4.92,1.506,96.35
2014-01-23,5.64,1.525,97.23
2014-01-24,5.17,1.52,96.66
2014-01-27,5.66,1.515,95.82
2014-01-28,5.25,1.535,97.49
2014-01-29,5.23,1.645,97.34
2014-01-30,5.27,1.695,98.25
2014-01-31,5.04,1.557,97.55
2014-02-03,5.04,1.54,96.44
2014-02-04,5.78,1.57,97.24
2014-02-05,8.12,1.58,97.4
2014-02-06,6.9,1.569,97.84
2014-02-07,5.92,1.67,99.98
2014-02-10,8.15,1.695,100.12
2014-02-11,7.75,1.545,99.96
2014-02-12,5.96,1.36,100.38
2014-02-13,5.34,1.495,100.27
2014-02-14,5.54,1.554,100.31
2014-02-18,5.8,1.605,102.54
2014-02-19,6.0,1.568,103.46
2014-02-20,5.96,1.396,103.2
2014-02-21,6.24,1.355,102.53
2014-02-24,6.08,1.295,103.17
2014-02-25,5.21,1.214,102.2
2014-02-26,4.81,1.168,102.93
2014-02-27,4.61,1.123,102.68
2014-02-28,4.8,1.115,102.88
2014-03-03,7.09,1.109,105.34
2014-03-04,7.98,1.1,103.64
2014-03-05,6.46,1.069,101.75
2014-03-06,4.89,1.068,101.82
2014-03-07,4.78,1.068,102.82
2014-03-10,4.67,1.083,101.39
2014-03-11,4.67,1.094,100.29
2014-03-12,4.72,1.09,98.29
2014-03-13,4.41,1.086,98.57
2014-03-14,4.4,1.063,99.23
2014-03-17,4.57,1.051,98.43
2014-03-18,4.42,1.059,100.08
2014-03-19,4.43,1.044,100.71
2014-03-20,4.39,1.037,99.68
2014-03-21,4.33,1.042,99.97
2014-03-24,4.42,1.027,100.05
2014-03-25,4.53,1.035,99.66
2014-03-26,4.44,1.041,100.61
2014-03-27,4.39,1.053,101.25
2014-03-28,4.5,1.065,101.73
2014-03-31,4.48,1.061,101.57
2014-04-01,4.39,1.061,99.69
2014-04-02,4.39,1.061,99.6
2014-04-03,4.51,1.068,100.29
2014-04-04,4.49,1.08,101.16
2014-04-07,4.58,1.078,100.43
2014-04-08,4.57,1.096,102.57
2014-04-09,4.67,1.108,103.55
2014-04-10,4.67,1.103,103.37
2014-04-11,4.67,1.115,103.68
2014-04-14,4.64,1.12,104.05
2014-04-15,4.69,1.125,103.7
2014-04-16,4.64,1.128,103.71
2014-04-17,4.64,1.127,104.33
2014-04-21,4.76,1.127,104.35
2014-04-22,4.76,1.11,101.69
2014-04-23,4.81,1.117,101.47
2014-04-24,4.81,1.121,102.2
2014-04-25,4.83,1.108,100.85
2014-04-28,4.72,1.093,101.13
2014-04-29,4.78,1.093,101.56
2014-04-30,4.79,1.086,100.07
2014-05-01,4.79,1.071,99.69
2014-05-02,4.73,1.073,100.09
2014-05-05,4.73,1.058,99.74
2014-05-06,4.8,1.056,99.81
2014-05-07,4.82,1.049,101.06
2014-05-08,4.77,1.049,100.52
2014-05-09,4.59,1.041,100.32
2014-05-12,4.52,1.041,100.89
2014-05-13,4.47,1.034,102.01
2014-05-14,4.47,1.017,102.63
2014-05-15,4.42,1.005,101.74
2014-05-16,4.42,1.005,102.31
2014-05-19,4.54,1.02,102.95
2014-05-20,4.53,1.03,102.8
2014-05-21,4.57,1.04,104.31
2014-05-22,4.57,1.046,104.03
2014-05-23,4.4,1.056,105.01
2014-05-26,4.4,,
2014-05-27,4.4,1.059,104.78
2014-05-28,4.56,1.051,103.37
2014-05-29,4.63,1.051,104.26
2014-05-30,4.49,1.046,103.4
2014-06-02,4.49,1.033,103.07
2014-06-03,4.62,1.036,103.34
2014-06-04,4.62,1.009,103.27
2014-06-05,4.66,1.005,103.17
2014-06-06,4.66,1.008,103.32
2014-06-09,4.67,1.018,105.09
2014-06-10,4.67,1.018,105.02
2014-06-11,4.51,1.009,105.04
2014-06-12,4.51,1.009,107.2
2014-06-13,4.7,1.033,107.49
2014-06-16,4.71,1.039,107.52
2014-06-17,4.68,1.05,106.95
2014-06-18,4.68,1.066,106.64
2014-06-19,4.67,1.084,107.08
2014-06-20,4.53,1.088,107.95
2014-06-23,4.53,1.082,106.83
2014-06-24,4.49,1.083,106.64
2014-06-25,4.58,1.084,107.04
2014-06-26,4.58,1.075,106.49
2014-06-27,4.39,1.084,106.46
2014-06-30,4.39,1.056,106.07
2014-07-01,4.47,1.059,106.06
2014-07-02,4.47,1.044,105.18
2014-07-03,4.31,1.041,104.76
2014-07-07,4.31,1.035,104.19
2014-07-08,4.18,1.033,104.06
2014-07-09,4.17,1.031,102.93
2014-07-10,4.15,1.045,103.61
2014-07-11,4.13,1.035,101.48
2014-07-14,4.13,1.037,101.73
2014-07-15,4.13,1.036,100.56
2014-07-16,4.16,1.039,101.88
2014-07-17,4.04,1.035,103.84
2014-07-18,4.08,1.033,103.83
2014-07-21,3.87,1.037,105.34
2014-07-22,3.81,1.041,104.59
2014-07-23,3.83,1.045,103.81
2014-07-24,3.83,1.039,102.76
2014-07-25,3.86,1.043,105.23
2014-07-28,3.84,1.034,105.68
2014-07-29,3.79,1.026,104.91
2014-07-30,3.78,1.024,104.29
2014-07-31,3.78,1.008,98.23
2014-08-01,3.77,1.001,97.86
2014-08-04,3.87,0.998,98.26
2014-08-05,3.87,0.995,97.34
2014-08-06,3.92,1.003,96.93
2014-08-07,3.99,1.014,97.34
2014-08-08,3.94,1.018,97.61
2014-08-11,4.0,1.036,98.09
2014-08-12,3.94,1.033,97.36
2014-08-13,3.9,1.034,97.57
2014-08-14,3.85,1.02,95.54
2014-08-15,3.8,1.026,97.3
2014-08-18,3.78,1.014,96.44
2014-08-19,3.84,1.02,94.35
2014-08-20,3.88,1.023,96.4
2014-08-21,3.88,1.021,93.97
2014-08-22,3.88,1.017,93.61
2014-08-25,3.94,1.016,95.39
2014-08-26,3.99,1.018,95.78
2014-08-27,4.02,1.017,95.82
2014-08-28,4.06,1.021,96.44
2014-08-29,4.04,1.035,97.86
2014-09-02,4.01,1.021,92.92
2014-09-03,3.94,1.034,95.5
2014-09-04,3.91,1.047,94.51
2014-09-05,3.86,1.058,93.32
2014-09-08,3.86,1.063,92.64
2014-09-09,3.93,1.063,92.73
2014-09-10,3.98,1.071,91.71
2014-09-11,3.94,1.077,92.89
2014-09-12,3.82,1.082,92.18
2014-09-15,3.92,1.101,92.86
2014-09-16,3.85,1.108,94.91
2014-09-17,3.97,1.088,94.33
2014-09-18,3.99,1.083,93.07
2014-09-19,3.99,1.08,92.43
2014-09-22,3.88,1.067,91.46
2014-09-23,3.9,1.066,91.55
2014-09-24,3.84,1.059,93.6
2014-09-25,3.89,1.035,93.59
2014-09-26,3.89,1.033,95.55
2014-09-29,3.89,1.033,94.53
2014-09-30,4.14,1.033,
2014-10-01,4.14,1.033,
2014-10-02,4.0,1.033,
2014-10-03,3.94,1.064,89.76
2014-10-06,3.89,1.066,90.33
2014-10-07,3.88,1.055,88.89
2014-10-08,3.88,1.033,87.29
2014-10-09,3.87,0.964,85.76
2014-10-10,3.86,0.936,85.87
2014-10-13,3.87,0.948,85.73
2014-10-14,3.91,0.903,81.72
2014-10-15,3.81,0.904,81.82
2014-10-16,3.8,0.91,82.33
2014-10-17,3.73,0.91,82.8
2014-10-20,3.69,0.888,82.76
2014-10-21,3.62,0.87,83.25
2014-10-22,3.69,0.843,80.52
2014-10-23,3.6,0.864,82.81
2014-10-24,3.53,0.86,81.27
2014-10-27,3.56,0.868,81.26
2014-10-28,3.53,0.878,81.36
2014-10-29,3.6,0.912,82.25
2014-10-30,3.76,0.901,81.06
2014-10-31,3.82,0.895,80.53
2014-11-03,3.82,0.885,78.77
2014-11-04,3.67,0.874,77.15
2014-11-05,3.83,0.869,78.71
2014-11-06,3.92,0.844,77.87
2014-11-07,3.92,0.837,78.71
2014-11-10,4.18,0.839,77.43
2014-11-11,4.18,0.841,77.85
2014-11-12,4.2,0.849,77.16
2014-11-13,4.2,0.8,74.13
2014-11-14,4.05,0.806,75.91
2014-11-17,4.26,0.791,75.64
2014-11-18,4.33,0.766,74.55
2014-11-19,4.41,0.714,74.55
2014-11-20,4.41,0.739,75.63
2014-11-21,4.32,0.759,76.52
2014-11-24,4.09,0.764,75.74
2014-11-25,4.09,0.758,74.04
2014-11-26,4.15,0.753,73.7
2014-11-28,4.3,0.753,65.94
2014-12-01,4.3,0.673,68.98
2014-12-02,3.77,0.673,66.99
2014-12-03,3.63,0.673,67.3
2014-12-04,3.63,0.608,66.73
2014-12-05,3.42,0.573,65.89
2014-12-08,3.42,0.506,63.13
2014-12-09,3.63,0.53,63.74
2014-12-10,3.65,0.521,60.99
2014-12-11,3.68,0.538,60.01
2014-12-12,3.91,0.548,57.81
2014-12-15,3.72,0.557,55.96
2014-12-16,3.58,0.544,55.97
2014-12-17,3.72,0.553,56.43
2014-12-18,3.71,0.543,54.18
2014-12-19,3.71,0.565,56.91
2014-12-22,3.05,0.555,55.25
2014-12-23,2.99,0.562,56.78
2014-12-24,2.99,0.528,55.7
2014-12-26,2.74,0.528,54.59
2014-12-29,3.07,0.512,53.46
2014-12-30,3.14,0.507,54.14
2014-12-31,3.14,0.486,53.45
2015-01-02,3.01,0.49,52.72
2015-01-05,3.22,0.465,50.05
2015-01-06,2.98,0.449,47.98
2015-01-07,3.08,0.451,48.69
2015-01-08,2.92,0.451,48.8
2015-01-09,2.96,0.453,48.35
2015-01-12,2.9,0.452,46.06
2015-01-13,2.92,0.461,45.92
2015-01-14,3.15,0.469,48.49
2015-01-15,3.32,0.465,46.37
2015-01-16,3.11,0.48,48.49
2015-01-20,2.94,0.484,46.79
2015-01-21,2.94,0.511,47.85
2015-01-22,2.95,0.521,45.93
2015-01-23,2.96,0.507,45.26
2015-01-26,2.92,0.501,44.8
2015-01-27,2.96,0.498,45.84
2015-01-28,2.89,0.473,44.08
2015-01-29,2.88,0.472,44.12
2015-01-30,2.88,0.501,47.79
2015-02-02,2.88,0.525,49.25
2015-02-03,2.67,0.548,53.04
2015-02-04,2.73,0.517,48.45
2015-02-05,2.66,0.533,50.48
2015-02-06,2.66,0.551,51.66
2015-02-09,2.62,0.56,52.99
2015-02-10,2.67,0.546,50.06
2015-02-11,2.86,0.547,48.8
2015-02-12,2.86,0.574,51.17
2015-02-13,2.75,0.594,52.66
2015-02-17,2.75,0.604,53.56
2015-02-18,2.92,0.599,52.13
2015-02-19,2.92,0.59,51.12
2015-02-20,3.02,0.596,49.95
2015-02-23,3.22,0.592,49.56
2015-02-24,3.22,0.595,48.48
2015-02-25,3.21,0.603,50.25
2015-02-26,3.21,0.6,47.65
2015-02-27,2.79,0.615,49.84
2015-03-02,2.79,0.608,49.59
2015-03-03,3.0,0.616,50.43
2015-03-04,3.27,0.61,51.53
2015-03-05,3.27,0.594,50.76
2015-03-06,2.89,0.578,49.61
2015-03-09,2.75,0.558,49.95
2015-03-10,2.76,0.534,48.42
2015-03-11,2.76,0.539,48.06
2015-03-12,2.82,0.544,47.12
2015-03-13,2.72,0.528,44.88
2015-03-16,2.68,0.517,43.93
2015-03-17,2.82,0.505,43.39
2015-03-18,2.8,0.51,44.63
2015-03-19,2.86,0.495,44.02
2015-03-20,2.86,0.502,46.0
2015-03-23,2.72,0.511,47.4
2015-03-24,2.79,0.516,47.03
2015-03-25,2.77,0.533,48.75
2015-03-26,2.77,0.558,51.41
2015-03-27,2.89,0.54,48.83
2015-03-30,2.64,0.523,48.66
2015-03-31,2.65,0.516,47.72
2015-04-01,2.62,0.531,50.12
2015-04-02,2.63,0.514,49.13
2015-04-06,2.63,0.529,52.08
2015-04-07,2.71,0.539,53.95
2015-04-08,2.71,0.519,50.44
2015-04-09,2.72,0.525,50.79
2015-04-10,2.58,0.533,51.63
2015-04-13,2.58,0.541,51.95
2015-04-14,2.58,0.549,53.3
2015-04-15,2.62,0.563,56.25
2015-04-16,2.61,0.575,56.69
2015-04-17,2.67,0.57,55.71
2015-04-20,2.57,0.565,56.37
2015-04-21,2.59,0.545,55.58
2015-04-22,2.63,0.548,56.17
2015-04-23,2.59,0.569,56.59
2015-04-24,2.59,0.569,55.98
2015-04-27,2.5,0.561,55.56
2015-04-28,2.55,0.56,57.05
2015-04-29,2.55,0.554,58.55
2015-04-30,2.56,0.554,59.62
2015-05-01,2.68,0.543,59.1
2015-05-04,2.72,0.522,58.92
2015-05-05,2.76,0.527,60.38
2015-05-06,2.76,0.518,60.93
2015-05-07,2.74,0.491,58.99
2015-05-08,2.78,0.491,59.41
2015-05-11,2.85,0.496,59.23
2015-05-12,2.85,0.514,60.72
2015-05-13,2.85,0.504,60.5
2015-05-14,2.87,0.48,59.89
2015-05-15,2.96,0.479,59.73
2015-05-18,3.01,0.469,59.44
2015-05-19,3.01,0.454,57.3
2015-05-20,3.04,0.441,58.96
2015-05-21,2.96,0.441,60.18
2015-05-22,2.96,0.425,58.88
2015-05-26,2.82,0.39,57.29
2015-05-27,2.82,0.385,57.51
2015-05-28,2.78,0.396,57.69
2015-05-29,2.78,0.441,60.25
2015-06-01,2.78,0.453,60.24
2015-06-02,2.63,0.453,61.3
2015-06-03,2.65,0.413,59.67
2015-06-04,2.6,0.367,58.0
2015-06-05,2.6,0.334,59.11
2015-06-08,2.6,0.34,58.15
2015-06-09,2.72,0.379,60.15
2015-06-10,2.81,0.399,61.36
2015-06-11,2.88,0.409,60.74
2015-06-12,2.88,0.414,59.96
2015-06-15,2.89,0.357,59.53
2015-06-16,2.94,0.35,60.01
2015-06-17,2.93,0.35,59.89
2015-06-18,2.93,0.344,60.41
2015-06-19,2.81,0.351,59.62
2015-06-22,2.79,0.354,60.01
2015-06-23,2.83,0.384,61.05
2015-06-24,2.83,0.4,60.01
2015-06-25,2.8,0.405,59.59
2015-06-26,2.77,0.408,59.41
2015-06-29,2.77,0.408,58.34
2015-06-30,2.8,0.431,59.48
2015-07-01,2.78,0.418,56.94
2015-07-02,2.79,0.425,56.93
2015-07-03,2.79,,
2015-07-06,2.79,0.401,52.48
2015-07-07,2.77,0.395,52.33
2015-07-08,2.77,0.378,51.61
2015-07-09,2.7,0.423,52.76
2015-07-10,2.7,0.42,52.74
2015-07-13,2.88,0.409,52.19
2015-07-14,2.88,0.415,53.05
2015-07-15,2.93,0.42,51.4
2015-07-16,2.9,0.398,50.9
2015-07-17,2.88,0.433,50.88
2015-07-20,2.88,0.418,50.11
2015-07-21,2.84,0.421,50.59
2015-07-22,2.84,0.426,49.27
2015-07-23,2.92,0.419,48.11
2015-07-24,2.92,0.415,47.98
2015-07-27,2.92,0.398,47.17
2015-07-28,2.89,0.397,47.97
2015-07-29,2.91,0.4,48.77
2015-07-30,2.87,0.386,48.53
2015-07-31,2.76,0.379,47.11
2015-08-03,2.76,0.364,45.25
2015-08-04,2.83,0.376,45.75
2015-08-05,2.85,0.373,45.13
2015-08-06,2.76,0.371,44.69
2015-08-07,2.76,0.366,43.87
2015-08-10,2.85,0.38,44.94
2015-08-11,2.84,0.371,43.11
2015-08-12,2.93,0.374,43.22
2015-08-13,2.93,0.368,42.27
2015-08-14,2.83,0.378,42.45
2015-08-17,2.79,0.377,41.93
2015-08-18,2.71,0.378,42.58
2015-08-19,2.77,0.37,40.75
2015-08-20,2.77,0.379,41.0
2015-08-21,2.7,0.371,40.45
2015-08-24,2.65,0.356,38.22
2015-08-25,2.71,0.358,39.15
2015-08-26,2.73,0.341,38.5
2015-08-27,2.69,0.368,42.47
2015-08-28,2.69,0.403,45.29
2015-08-31,2.7,0.436,49.2
2015-09-01,2.7,0.418,45.38
2015-09-02,2.7,0.44,46.3
2015-09-03,2.67,0.441,46.75
2015-09-04,2.67,0.433,46.02
2015-09-07,2.67,,
2015-09-08,2.74,0.436,45.92
2015-09-09,2.74,0.434,44.13
2015-09-10,2.71,0.447,45.85
2015-09-11,2.67,0.444,44.75
2015-09-14,2.7,0.439,44.07
2015-09-15,2.74,0.445,44.58
2015-09-16,2.69,0.461,47.12
2015-09-17,2.69,0.461,46.93
2015-09-18,2.69,0.458,44.71
2015-09-21,2.61,0.468,46.67
2015-09-22,2.61,0.473,46.17
2015-09-23,2.62,0.478,44.53
2015-09-24,2.62,0.479,44.94
2015-09-25,2.6,0.479,45.55
2015-09-28,2.66,0.473,44.4
2015-09-29,2.57,0.469,45.24
2015-09-30,2.47,0.464,45.06
2015-10-01,2.37,0.466,44.75
2015-10-02,2.37,0.468,45.54
2015-10-05,2.34,0.485,46.28
2015-10-06,2.35,0.5,48.53
2015-10-07,2.35,0.497,47.86
2015-10-08,2.35,0.503,49.46
2015-10-09,2.49,0.49,49.67
2015-10-12,2.48,0.466,47.09
2015-10-13,2.47,0.456,46.7
2015-10-14,2.47,0.444,46.63
2015-10-15,2.54,0.434,46.38
2015-10-16,2.42,0.443,47.3
2015-10-19,2.43,0.423,45.91
2015-10-20,2.46,0.424,45.84
2015-10-21,2.37,0.42,45.22
2015-10-22,2.37,0.428,44.9
2015-10-23,2.28,0.426,43.91
2015-10-26,2.18,0.418,43.19
2015-10-27,2.14,0.411,43.21
2015-10-28,2.14,0.435,45.93
2015-10-29,2.15,0.44,46.02
2015-10-30,1.98,0.445,46.6
2015-11-02,1.92,0.448,46.12
2015-11-03,1.92,0.467,47.88
2015-11-04,2.04,0.463,46.32
2015-11-05,2.04,0.455,45.27
2015-11-06,2.19,0.443,44.32
2015-11-09,2.19,0.443,43.87
2015-11-10,2.14,0.441,44.23
2015-11-11,2.13,0.435,42.95
2015-11-12,2.05,0.424,41.74
2015-11-13,2.02,0.403,40.69
2015-11-16,2.02,0.41,41.68
2015-11-17,2.05,0.405,40.73
2015-11-18,2.1,0.411,40.75
2015-11-19,2.1,0.413,40.55
2015-11-20,2.18,0.415,39.39
2015-11-23,2.18,0.418,39.27
2015-11-24,2.14,0.435,40.89
2015-11-25,2.14,0.428,41.22
2015-11-26,2.14,0.428,41.22
2015-11-27,2.14,0.428,40.57
2015-11-30,2.11,0.428,40.43
2015-12-01,2.11,0.431,40.58
2015-12-02,2.19,0.428,39.93
2015-12-03,2.14,0.434,41.08
2015-12-04,2.1,0.426,40.0
2015-12-07,2.06,0.413,37.64
2015-12-08,2.01,0.403,37.46
2015-12-09,2.0,0.401,37.16
2015-12-10,1.95,0.398,36.76
2015-12-11,1.79,0.386,35.65
2015-12-14,1.7,0.368,36.31
2015-12-15,1.66,0.361,37.32
2015-12-16,1.7,0.35,35.55
2015-12-17,1.79,0.351,34.98
2015-12-18,1.74,0.358,34.72
2015-12-21,1.76,0.353,34.55
2015-12-22,1.73,0.361,36.12
2015-12-23,1.63,0.378,36.76
2015-12-24,1.63,0.385,37.62
2015-12-25,1.63,0.385,37.6
2015-12-28,2.11,0.38,36.36
2015-12-29,2.39,0.379,37.88
2015-12-30,2.28,0.383,36.59
2015-12-31,2.28,0.403,37.13
2016-01-01,2.28,0.403,37.13
2016-01-04,2.39,0.398,36.81
2016-01-05,2.33,0.393,35.97
2016-01-06,2.37,0.365,33.97
2016-01-07,2.35,0.355,33.29
2016-01-08,2.47,0.343,33.2
2016-01-11,2.54,0.328,31.42
2016-01-12,2.4,0.326,30.42
2016-01-13,2.28,0.333,30.42
2016-01-14,2.21,0.328,31.22
2016-01-15,2.18,0.296,29.45
2016-01-18,2.18,,
2016-01-19,2.23,0.3,28.47
2016-01-20,2.18,0.301,26.68
2016-01-21,2.22,0.309,29.55
2016-01-22,2.21,0.335,32.07
2016-01-25,2.16,0.32,30.31
2016-01-26,2.26,0.316,29.54
2016-01-27,2.26,0.316,32.32
2016-01-28,2.15,0.349,33.21
2016-01-29,2.28,0.349,33.66
2016-02-01,2.28,0.345,31.62
2016-02-02,2.07,0.333,29.9
2016-02-03,2.06,0.36,32.29
2016-02-04,2.07,0.361,31.63
2016-02-05,2.08,0.365,30.86
2016-02-08,2.23,0.365,29.71
2016-02-09,2.17,0.354,27.96
2016-02-10,2.16,0.364,27.54
2016-02-11,2.15,0.348,26.19
2016-02-12,2.08,0.371,29.32
2016-02-15,2.08,,
2016-02-16,1.95,0.361,29.05
2016-02-17,1.93,0.375,30.68
2016-02-18,1.89,0.38,30.77
2016-02-19,1.83,0.38,29.59
2016-02-22,1.86,0.391,31.37
2016-02-23,1.85,0.388,31.84
2016-02-24,1.85,0.403,30.35
2016-02-25,1.78,0.41,31.4
2016-02-26,1.78,0.419,31.65
2016-02-29,1.62,0.425,32.74
2016-03-01,1.57,0.429,34.39
2016-03-02,1.6,0.43,34.57
2016-03-03,1.59,0.433,34.56
2016-03-04,1.49,0.45,35.91
2016-03-07,1.56,0.476,37.9
2016-03-08,1.6,0.465,36.67
2016-03-09,1.61,0.478,37.62
2016-03-10,1.72,0.472,37.77
2016-03-11,1.74,0.475,38.51
2016-03-14,1.68,0.458,37.2
2016-03-15,1.81,0.448,36.32
2016-03-16,1.77,0.461,38.43
2016-03-17,1.84,0.47,40.17
2016-03-18,1.84,0.46,39.47
2016-03-21,1.79,0.461,39.91
2016-03-22,1.79,0.456,41.45
2016-03-23,1.79,0.45,38.28
2016-03-24,1.78,0.445,38.14
2016-03-25,1.78,,
2016-03-28,1.78,0.439,37.99
2016-03-29,1.77,0.431,36.91
2016-03-30,1.87,0.435,36.91
2016-03-31,1.98,0.439,36.94
2016-04-01,1.88,0.435,35.36
2016-04-04,1.96,0.428,34.3
2016-04-05,1.96,0.425,34.52
2016-04-06,1.91,0.43,37.74
2016-04-07,1.96,0.428,37.3
2016-04-08,1.99,0.443,39.74
2016-04-11,1.9,0.448,40.46
2016-04-12,1.97,0.463,42.12
2016-04-13,2.01,0.454,41.7
2016-04-14,1.93,0.455,41.45
2016-04-15,1.71,0.453,40.4
2016-04-18,1.76,0.445,39.74
2016-04-19,1.94,0.451,40.88
2016-04-20,1.94,0.461,42.72
2016-04-21,1.96,0.463,43.18
2016-04-22,1.92,0.472,42.76
2016-04-25,1.97,0.47,41.67
2016-04-26,1.97,0.483,42.52
2016-04-27,1.88,0.495,45.29
2016-04-28,1.88,0.498,46.03
2016-04-29,1.89,0.498,45.98
2016-05-02,1.91,0.493,44.75
2016-05-03,1.94,0.489,43.65
2016-05-04,2.03,0.488,43.77
2016-05-05,2.05,0.489,44.33
2016-05-06,1.86,0.488,44.58
2016-05-09,2.01,0.469,43.45
2016-05-10,2.01,0.484,44.68
2016-05-11,2.01,0.513,46.21
2016-05-12,2.01,0.528,46.64
2016-05-13,1.96,0.523,46.22
2016-05-16,1.91,0.56,47.72
2016-05-17,1.97,0.561,48.29
2016-05-18,1.91,0.555,48.12
2016-05-19,1.83,0.541,48.16
2016-05-20,1.81,0.523,47.67
2016-05-23,1.96,0.508,48.12
2016-05-24,1.91,0.512,48.04
2016-05-25,1.77,0.527,49.1
2016-05-26,1.77,0.537,49.0
2016-05-27,1.77,0.527,49.36
2016-05-30,1.77,,
2016-05-31,2.12,0.52,49.1
2016-06-01,2.25,0.506,49.07
2016-06-02,2.3,0.496,49.14
2016-06-03,2.31,0.486,48.69
2016-06-06,2.32,0.488,49.71
2016-06-07,2.32,0.494,50.37
2016-06-08,2.36,0.514,51.23
2016-06-09,2.34,0.511,50.52
2016-06-10,2.46,0.495,49.09
2016-06-13,2.55,0.481,48.89
2016-06-14,2.55,0.484,48.49
2016-06-15,2.62,0.495,47.92
2016-06-16,2.62,0.484,46.14
2016-06-17,2.59,0.493,48.0
2016-06-20,2.74,0.511,49.4
2016-06-21,2.79,0.529,48.95
2016-06-22,2.82,0.519,49.16
2016-06-23,2.69,0.535,49.34
2016-06-24,2.71,0.524,46.7
2016-06-27,2.79,0.518,45.8
2016-06-28,2.89,0.533,47.93
2016-06-29,2.94,0.543,49.85
2016-06-30,2.94,0.52,48.27
2016-07-01,2.89,0.509,49.02
2016-07-04,2.89,,
2016-07-05,2.82,0.493,46.73
2016-07-06,2.82,0.494,47.37
2016-07-07,2.78,0.488,45.22
2016-07-08,2.8,0.494,45.37
2016-07-11,2.88,0.495,44.73
2016-07-12,2.88,0.508,46.82
2016-07-13,2.81,0.49,44.87
2016-07-14,2.79,0.494,45.64
2016-07-15,2.7,0.483,45.93
2016-07-18,2.83,0.48,45.23
2016-07-19,2.83,0.478,44.64
2016-07-20,2.76,0.482,44.96
2016-07-21,2.76,0.478,43.96
2016-07-22,2.8,0.473,43.41
2016-07-25,2.8,0.466,42.4
2016-07-26,2.84,0.458,42.16
2016-07-27,2.84,0.435,41.9
2016-07-28,2.79,0.423,41.13
2016-07-29,2.97,0.423,41.54
2016-08-01,2.97,0.428,40.05
2016-08-02,2.79,0.423,39.5
2016-08-03,2.89,0.438,40.8
2016-08-04,2.89,0.428,41.92
2016-08-05,2.88,0.433,41.83
2016-08-08,2.85,0.443,43.06
2016-08-09,2.85,0.435,42.78
2016-08-10,2.76,0.416,41.75
2016-08-11,2.7,0.429,43.51
2016-08-12,2.7,0.446,44.47
2016-08-15,2.75,0.449,45.72
2016-08-16,2.75,0.451,46.57
2016-08-17,2.76,0.45,46.81
2016-08-18,2.75,0.461,48.2
2016-08-19,2.67,0.46,48.48
2016-08-22,2.75,0.455,46.8
2016-08-23,2.75,0.469,47.54
2016-08-24,2.82,0.465,46.29
2016-08-25,2.89,0.475,46.97
2016-08-26,2.91,0.478,47.64
2016-08-29,2.97,0.475,46.97
2016-08-30,2.95,0.471,46.32
2016-08-31,2.95,0.45,44.68
2016-09-01,2.95,0.436,43.17
2016-09-02,2.88,0.457,44.39
2016-09-05,2.88,0.457,44.39
2016-09-06,2.88,0.461,44.85
2016-09-07,2.77,0.47,45.47
2016-09-08,2.88,0.48,47.63
2016-09-09,2.93,0.486,45.88
2016-09-12,3.04,0.488,46.28
2016-09-13,3.04,0.478,44.91
2016-09-14,3.07,0.478,43.62
2016-09-15,2.98,0.498,43.85
2016-09-16,2.97,0.488,43.04
2016-09-19,3.0,0.504,43.34
2016-09-20,3.12,0.505,43.85
2016-09-21,3.19,0.524,45.33
2016-09-22,3.18,0.524,46.1
2016-09-23,3.06,0.525,44.36
2016-09-26,3.06,0.528,45.6
2016-09-27,3.09,0.51,44.65
2016-09-28,3.07,0.52,47.07
2016-09-29,2.98,0.535,47.72
2016-09-30,2.84,0.545,47.72
2016-10-03,2.84,0.55,48.8
2016-10-04,2.83,0.554,48.67
2016-10-05,2.83,0.554,49.75
2016-10-06,3.04,0.574,50.44
2016-10-07,3.02,0.575,49.76
2016-10-10,3.18,0.588,49.76
2016-10-11,3.17,0.58,50.72
2016-10-12,3.17,0.578,50.14
2016-10-13,3.16,0.583,50.47
2016-10-14,3.18,0.584,50.35
2016-10-17,3.21,0.531,49.97
2016-10-18,3.25,0.531,50.3
2016-10-19,3.18,0.605,51.59
2016-10-20,3.12,0.593,50.31
2016-10-21,2.92,0.596,50.61
2016-10-24,2.78,0.595,50.18
2016-10-25,2.69,0.588,49.45
2016-10-26,2.69,0.583,48.75
2016-10-27,2.72,0.573,49.71
2016-10-28,2.72,0.573,48.72
2016-10-31,2.85,0.555,46.83
2016-11-01,2.53,,46.66
2016-11-02,2.53,0.558,45.32
2016-11-03,2.41,0.558,44.66
2016-11-04,2.2,0.558,44.07
2016-11-07,2.37,0.553,44.88
2016-11-08,2.34,0.55,44.96
2016-11-09,2.22,0.518,45.2
2016-11-10,2.08,0.508,44.62
2016-11-11,2.08,0.52,43.39
2016-11-14,2.26,0.51,43.29
2016-11-15,2.49,0.523,45.86
2016-11-16,2.49,0.535,45.56
2016-11-17,2.37,0.504,45.37
2016-11-18,2.6,0.523,45.69
2016-11-21,2.81,0.543,47.48
2016-11-22,2.73,0.545,48.07
2016-11-23,2.76,0.541,46.72
2016-11-24,2.76,0.541,
2016-11-25,2.76,0.541,46.72
2016-11-28,2.96,0.543,45.66
2016-11-29,3.02,0.538,45.29
2016-11-30,3.32,0.573,49.41
2016-12-01,3.32,0.604,51.08
2016-12-02,3.44,0.599,51.7
2016-12-05,3.44,0.618,51.72
2016-12-06,3.75,0.618,50.95
2016-12-07,3.8,0.615,49.85
2016-12-08,3.68,0.618,50.84
2016-12-09,3.75,0.626,51.51
2016-12-12,3.6,0.629,52.74
2016-12-13,3.65,0.621,52.99
2016-12-14,3.55,0.621,51.01
2016-12-15,3.56,0.618,50.9
2016-12-16,3.51,0.629,51.93
2016-12-19,3.55,0.625,52.13
2016-12-20,3.39,0.643,52.22
2016-12-21,3.5,0.638,51.44
2016-12-22,3.5,0.645,51.98
2016-12-23,3.6,0.65,52.01
2016-12-26,3.6,,
2016-12-27,3.7,0.659,52.82
2016-12-28,3.7,0.689,54.01
2016-12-29,3.71,0.713,53.8
2016-12-30,3.71,0.699,53.75
2017-01-02,3.71,,
2017-01-03,3.41,0.698,52.36
2017-01-04,3.42,0.696,53.26
2017-01-05,3.42,0.705,53.77
2017-01-06,3.38,0.718,53.98
2017-01-09,3.14,0.702,51.95
2017-01-10,3.21,0.7,50.82
2017-01-11,3.27,0.725,52.19
2017-01-12,3.36,0.738,53.01
2017-01-13,3.36,0.725,52.36
2017-01-16,3.36,,
2017-01-17,3.37,0.738,52.45
2017-01-18,3.26,0.728,51.12
2017-01-19,3.25,0.746,51.39
2017-01-20,3.23,0.761,52.33
2017-01-23,3.16,0.771,52.77
2017-01-24,3.16,0.774,52.38
2017-01-25,3.26,0.784,52.14
2017-01-26,3.44,0.818,53.24
2017-01-27,3.31,0.834,53.18
2017-01-30,3.22,0.82,52.63
2017-01-31,3.0,0.84,52.75
2017-02-01,3.15,0.915,53.9
2017-02-02,3.13,0.918,53.55
2017-02-03,3.13,0.883,53.81
2017-02-06,2.92,0.814,53.01
2017-02-07,3.03,0.776,52.19
2017-02-08,3.05,0.81,52.37
2017-02-09,3.11,0.81,52.99
2017-02-10,3.11,0.808,53.84
2017-02-13,2.93,0.771,52.96
2017-02-14,2.85,0.805,53.21
2017-02-15,2.95,0.814,53.11
2017-02-16,2.88,0.77,53.41
2017-02-17,2.75,0.733,53.41
2017-02-20,2.75,,
2017-02-21,2.56,0.729,54.02
2017-02-22,2.52,0.658,53.61
2017-02-23,2.63,0.659,54.48
2017-02-24,2.63,0.653,53.99
2017-02-27,2.44,0.655,54.04
2017-02-28,2.54,0.651,54.0
2017-03-01,2.54,0.618,53.82
2017-03-02,2.59,0.591,52.63
2017-03-03,2.5,0.613,53.33
2017-03-06,2.68,0.628,53.19
2017-03-07,2.68,0.64,52.68
2017-03-08,2.59,0.643,49.83
2017-03-09,2.83,0.655,48.75
2017-03-10,2.98,0.665,48.05
2017-03-13,3.04,0.676,47.95
2017-03-14,3.02,0.668,47.24
2017-03-15,3.02,0.633,48.34
2017-03-16,2.84,0.61,48.3
2017-03-17,2.85,0.6,48.34
2017-03-20,2.93,0.598,47.79
2017-03-21,3.09,0.605,47.02
2017-03-22,3.02,0.594,47.29
2017-03-23,2.93,0.581,47.0
2017-03-24,2.97,0.571,47.3
2017-03-27,2.94,0.556,47.02
2017-03-28,2.95,0.59,48.36
2017-03-29,3.03,0.59,49.47
2017-03-30,3.08,0.611,50.3
2017-03-31,3.13,0.61,50.54
2017-04-03,3.13,0.608,50.25
2017-04-04,3.06,0.613,50.99
2017-04-05,3.22,0.633,51.14
2017-04-06,3.23,0.64,51.69
2017-04-07,3.23,0.65,52.25
2017-04-10,3.15,0.67,53.06
2017-04-11,3.11,0.674,53.38
2017-04-12,2.97,0.686,53.12
2017-04-13,3.0,0.686,53.19
2017-04-14,3.0,,
2017-04-17,3.09,0.685,52.62
2017-04-18,3.11,0.688,52.46
2017-04-19,3.11,0.659,50.49
2017-04-20,3.13,0.658,50.26
2017-04-21,3.06,0.63,49.64
2017-04-24,3.06,0.634,48.9
2017-04-25,2.99,0.638,49.22
2017-04-26,3.06,0.635,49.22
2017-04-27,3.13,0.621,48.96
2017-04-28,3.2,0.62,49.31
2017-05-01,3.2,0.605,48.83
2017-05-02,3.13,0.6,47.65
2017-05-03,3.14,0.618,47.79
2017-05-04,3.11,0.583,45.55
2017-05-05,3.1,0.63,46.23
2017-05-08,3.06,0.631,46.46
2017-05-09,3.03,0.631,45.84
2017-05-10,3.03,0.64,47.28
2017-05-11,3.23,0.629,47.81
2017-05-12,3.24,0.629,47.83
2017-05-15,3.26,0.641,48.86
2017-05-16,3.27,0.639,48.64
2017-05-17,3.27,0.649,49.04
2017-05-18,3.13,0.66,49.36
2017-05-19,3.11,0.669,50.32
2017-05-22,3.24,0.669,50.81
2017-05-23,3.22,0.66,51.12
2017-05-24,3.22,0.665,50.99
2017-05-25,3.1,0.655,48.57
2017-05-26,3.1,0.663,49.58
2017-05-29,3.1,,
2017-05-30,3.1,0.653,49.63
2017-05-31,3.05,0.634,48.29
2017-06-01,3.05,0.62,48.32
2017-06-02,2.85,0.61,47.68
2017-06-05,2.92,0.608,47.4
2017-06-06,2.92,0.608,48.13
2017-06-07,3.06,0.586,45.8
2017-06-08,2.98,0.583,45.68
2017-06-09,3.03,0.595,45.82
2017-06-12,3.12,0.606,46.1
2017-06-13,3.12,0.61,46.41
2017-06-14,2.95,0.593,44.79
2017-06-15,2.94,0.59,44.47
2017-06-16,3.01,0.593,44.73
2017-06-19,2.87,0.588,44.24
2017-06-20,2.91,0.578,43.34
2017-06-21,2.91,0.565,42.48
2017-06-22,2.88,0.565,42.53
2017-06-23,2.89,0.575,42.86
2017-06-26,2.98,0.575,43.24
2017-06-27,2.99,0.573,44.25
2017-06-28,3.03,0.58,44.74
2017-06-29,3.07,0.585,44.88
2017-06-30,2.98,0.603,46.02
2017-07-03,2.98,,
2017-07-04,2.98,,
2017-07-05,2.98,0.603,45.11
2017-07-06,2.89,0.608,45.52
2017-07-07,2.91,0.6,44.25
2017-07-10,2.92,0.606,44.4
2017-07-11,2.98,0.52,45.06
2017-07-12,3.01,0.635,45.48
2017-07-13,2.96,0.639,46.06
2017-07-14,2.94,0.643,46.53
2017-07-17,3.04,0.639,46.02
2017-07-18,3.11,0.654,46.4
2017-07-19,3.11,0.664,47.1
2017-07-20,3.12,0.675,46.73
2017-07-21,3.06,0.659,45.78
2017-07-24,2.99,0.665,46.21
2017-07-25,2.99,0.684,47.77
2017-07-26,2.92,0.705,48.58
2017-07-27,2.95,0.724,49.05
2017-07-28,2.96,0.726,49.72
2017-07-31,2.87,0.734,50.21
2017-08-01,2.8,0.739,49.19
2017-08-02,2.8,0.754,49.6
2017-08-03,2.76,0.726,49.03
2017-08-04,2.76,0.739,49.57
2017-08-07,2.8,0.728,49.37
2017-08-08,2.81,0.721,49.07
2017-08-09,2.81,0.76,49.59
2017-08-10,2.89,0.77,48.54
2017-08-11,2.96,0.775,48.81
2017-08-14,3.02,0.755,47.59
2017-08-15,2.96,0.741,47.57
2017-08-16,2.94,0.748,46.8
2017-08-17,2.91,0.745,47.07
2017-08-18,2.9,0.77,48.59
2017-08-21,3.0,0.755,47.39
2017-08-22,3.0,0.76,47.65
2017-08-23,2.94,0.769,48.45
2017-08-24,2.97,0.76,47.24
2017-08-25,2.93,0.778,47.65
2017-08-28,2.95,0.778,46.4
2017-08-29,2.95,0.778,46.46
2017-08-30,2.95,0.795,45.96
2017-08-31,2.92,0.8,47.26
2017-09-01,2.88,0.811,47.32
2017-09-04,2.88,,
2017-09-05,2.88,0.816,48.63
2017-09-06,2.98,0.83,49.13
2017-09-07,2.92,0.83,49.1
2017-09-08,2.88,0.836,47.44
2017-09-11,2.88,0.845,48.06
2017-09-12,2.88,0.859,48.21
2017-09-13,3.02,0.876,49.3
2017-09-14,3.03,0.879,49.86
2017-09-15,3.0,0.876,49.9
2017-09-18,3.11,0.878,49.88
2017-09-19,3.18,0.879,49.54
2017-09-20,3.13,0.91,50.29
2017-09-21,3.11,0.928,50.58
2017-09-22,2.93,0.93,50.33
2017-09-25,2.96,0.97,51.85
2017-09-26,2.96,0.97,51.59
2017-09-27,2.98,0.963,52.14
2017-09-28,2.96,0.941,51.62
2017-09-29,2.94,0.915,51.67
2017-10-02,2.94,0.87,50.59
2017-10-03,2.73,0.87,50.44
2017-10-04,2.8,0.914,50.0
2017-10-05,2.8,0.94,50.79
2017-10-06,2.93,0.93,49.34
2017-10-09,2.87,0.944,49.58
2017-10-10,2.89,0.955,50.93
2017-10-11,2.89,0.96,51.3
2017-10-12,2.95,0.954,50.61
2017-10-13,2.99,0.945,51.43
2017-10-16,2.87,0.935,51.86
2017-10-17,2.88,0.925,51.87
2017-10-18,2.81,0.914,52.05
2017-10-19,2.83,0.903,51.29
2017-10-20,2.8,0.895,51.63
2017-10-23,2.95,0.933,51.91
2017-10-24,2.95,0.918,52.32
2017-10-25,2.98,0.918,51.97
2017-10-26,2.91,0.98,52.41
2017-10-27,2.78,0.998,53.92
2017-10-30,2.94,0.985,54.11
2017-10-31,2.84,0.973,54.36
2017-11-01,2.68,0.965,54.32
2017-11-02,2.68,0.95,54.55
2017-11-03,2.75,0.95,55.63
2017-11-06,3.01,0.95,57.34
2017-11-07,3.07,0.95,57.19
2017-11-08,3.16,0.95,56.82
2017-11-09,3.18,0.95,57.16
2017-11-10,3.17,0.979,56.75
2017-11-13,3.13,0.984,56.77
2017-11-14,3.06,0.973,55.67
2017-11-15,3.16,0.989,55.28
2017-11-16,3.09,0.995,55.14
2017-11-17,3.04,0.998,56.21
2017-11-20,3.04,0.998,56.21
2017-11-21,3.05,1.0,56.84
2017-11-22,3.05,1.0,57.88
2017-11-23,3.05,1.0,
2017-11-24,3.05,1.0,58.94
2017-11-27,2.88,1.018,58.1
2017-11-28,2.88,1.005,57.96
2017-11-29,3.06,0.988,57.25
2017-11-30,3.06,0.98,57.4
2017-12-01,2.84,0.99,58.35
2017-12-04,2.91,0.975,57.48
2017-12-05,2.86,0.988,57.66
2017-12-06,2.86,0.977,55.79
2017-12-07,2.81,0.973,56.5
2017-12-08,2.78,0.974,57.15
2017-12-11,2.81,0.955,57.84
2017-12-12,2.87,0.93,57.12
2017-12-13,2.87,0.916,56.59
2017-12-14,2.69,0.891,57.0
2017-12-15,2.6,0.908,57.29
2017-12-18,2.71,0.92,57.17
2017-12-19,2.75,0.93,57.49
2017-12-20,2.72,0.96,58.09
2017-12-21,2.64,0.963,58.34
2017-12-22,2.63,0.965,58.25
2017-12-26,2.68,0.99,59.55
2017-12-27,2.76,0.983,59.67
2017-12-28,2.97,0.973,59.84
2017-12-29,3.69,0.983,60.46
2018-01-02,6.24,0.988,60.37
2018-01-03,6.24,0.979,61.61
2018-01-04,4.65,0.934,61.98
2018-01-05,,0.931,61.49
2018-01-08,2.89,0.943,61.73
2018-01-09,2.93,0.945,62.92
2018-01-10,3.16,0.888,63.6
2018-01-11,3.16,0.9,63.81
2018-01-12,4.06,0.923,64.22
2018-01-16,5.46,0.923,63.82
2018-01-17,3.92,0.936,63.92
2018-01-18,3.92,0.938,63.96
2018-01-19,3.2,0.918,63.38
2018-01-22,3.13,0.866,63.66
2018-01-23,3.35,0.845,64.45
2018-01-24,3.54,0.86,65.69
2018-01-25,3.54,0.818,65.62
2018-01-26,3.58,0.823,66.27
2018-01-29,3.6,0.833,65.71
2018-01-30,3.6,0.853,64.64
2018-01-31,3.34,0.869,64.82
2018-02-01,3.06,0.856,65.92
2018-02-02,2.91,0.84,65.5
2018-02-05,2.85,0.793,64.18
2018-02-06,2.75,0.765,63.48
2018-02-07,2.74,0.755,61.91
2018-02-08,2.74,0.75,61.3
2018-02-09,2.66,0.815,59.2
2018-02-12,2.6,0.89,59.41
2018-02-13,2.58,0.825,59.33
2018-02-14,2.53,0.843,60.7
2018-02-15,2.49,0.81,61.48
2018-02-16,2.49,0.838,61.89
2018-02-19,,0.838,
2018-02-20,2.61,0.838,61.91
2018-02-21,2.65,0.835,61.73
2018-02-22,2.65,0.835,62.72
2018-02-23,2.58,0.835,63.52
2018-02-26,2.6,0.928,63.81
2018-02-27,2.59,0.84,62.94
2018-02-28,2.66,0.81,61.43
2018-03-01,2.67,0.755,60.98
2018-03-02,2.67,0.755,61.19
2018-03-05,2.7,0.76,62.49
2018-03-06,2.7,0.764,62.54
2018-03-07,2.8,0.735,61.09
2018-03-08,2.8,0.733,60.13
2018-03-09,2.71,0.763,62.02
2018-03-12,2.78,0.763,61.35
2018-03-13,2.76,0.796,60.69
2018-03-14,2.69,0.796,60.89
2018-03-15,2.7,0.82,61.16
2018-03-16,2.62,0.805,62.29
2018-03-19,2.62,0.788,62.01
2018-03-20,2.71,0.803,63.37
2018-03-21,2.74,0.818,65.1
2018-03-22,2.62,0.805,64.25
2018-03-23,2.58,0.828,65.8
2018-03-26,2.63,0.825,65.49
2018-03-27,2.6,0.81,65.21
2018-03-28,2.64,0.81,64.3
2018-03-29,2.81,0.801,64.87
2018-04-02,2.75,0.77,63.05
2018-04-03,2.75,0.768,63.41
2018-04-04,2.81,0.768,63.35
2018-04-05,2.81,0.735,63.53
2018-04-06,2.81,0.735,62.03
2018-04-09,2.78,0.761,63.4
2018-04-10,2.78,0.788,65.48
2018-04-11,2.74,0.795,66.81
2018-04-12,2.76,0.795,67.07
2018-04-13,2.82,0.838,67.35
2018-04-16,2.88,0.815,66.23
2018-04-17,2.84,0.823,66.5
2018-04-18,2.85,0.833,68.44
2018-04-19,2.8,0.83,68.3
2018-04-20,2.78,0.828,68.26
2018-04-23,2.78,0.838,67.61
2018-04-24,2.79,0.849,67.66
2018-04-25,2.81,0.875,68.0
2018-04-26,2.81,0.91,68.18
2018-04-27,2.82,0.935,68.11
2018-04-30,2.75,0.963,68.56
2018-05-01,2.75,0.908,67.28
2018-05-02,2.77,0.898,67.91
2018-05-03,2.75,0.885,68.45
2018-05-04,2.75,0.878,69.71
2018-05-07,2.74,0.873,70.74
2018-05-08,2.77,0.853,68.83
2018-05-09,2.75,0.875,71.16
2018-05-10,2.78,0.881,71.36
2018-05-11,2.75,0.89,70.69
2018-05-14,2.84,0.905,71.01
2018-05-15,2.83,0.935,71.34
2018-05-16,2.85,0.96,71.43
2018-05-17,2.75,0.978,71.47
2018-05-18,2.75,0.943,71.23
2018-05-21,2.77,0.941,72.26
2018-05-22,2.76,0.94,72.09
2018-05-23,2.89,0.943,71.85
2018-05-24,2.88,0.95,70.77
2018-05-25,2.88,0.928,67.92
2018-05-28,,0.928,
2018-05-29,2.84,0.918,66.8
2018-05-30,2.83,0.93,68.24
2018-05-31,2.94,0.949,66.98
2018-06-01,2.91,0.92,65.81
2018-06-04,2.89,0.896,64.76
2018-06-05,2.89,0.883,65.51
2018-06-06,2.89,0.864,64.75
2018-06-07,3.02,0.888,65.96
2018-06-08,2.91,0.888,65.77
2018-06-11,3.0,0.896,66.1
2018-06-12,2.98,0.888,66.38
2018-06-13,2.98,0.883,66.63
2018-06-14,2.99,0.878,66.91
2018-06-15,3.02,0.858,65.01
2018-06-18,2.99,0.861,65.91
2018-06-19,2.95,0.855,65.09
2018-06-20,2.96,0.853,65.92
2018-06-21,3.08,0.839,65.68
2018-06-22,2.95,0.854,69.02
2018-06-25,2.96,0.853,69.91
2018-06-26,2.98,0.88,75.23
2018-06-27,3.01,0.9,77.41
2018-06-28,2.99,0.91,73.45
2018-06-29,2.96,0.938,74.13
2018-07-02,2.9,0.938,73.89
2018-07-03,2.9,0.95,74.19
2018-07-05,2.91,0.968,73.05
2018-07-06,2.91,0.955,73.78
2018-07-09,2.9,0.958,73.93
2018-07-10,2.9,0.975,74.11
2018-07-11,2.89,0.943,70.47
2018-07-12,2.89,0.93,70.28
2018-07-13,2.86,0.913,71.03
2018-07-16,2.76,0.878,68.22
2018-07-17,2.81,0.875,68.03
2018-07-18,2.8,0.888,68.78
2018-07-19,2.75,0.886,69.42
2018-07-20,2.79,0.908,70.31
2018-07-23,2.79,0.933,67.9
2018-07-24,2.73,0.946,70.77
2018-07-25,2.82,0.98,71.13
2018-07-26,2.82,0.974,71.59
2018-07-27,2.78,0.97,68.66
2018-07-30,2.75,0.978,71.19
2018-07-31,2.82,0.954,69.88
2018-08-01,2.8,0.936,68.8
2018-08-02,2.77,0.943,68.95
2018-08-03,2.86,0.943,68.49
2018-08-06,2.85,0.968,69.01
2018-08-07,2.95,0.984,69.17
2018-08-08,2.99,0.956,66.92
2018-08-09,3.02,0.956,66.81
2018-08-10,2.96,0.964,67.61
2018-08-13,2.92,0.953,67.25
2018-08-14,3.02,0.948,67.04
2018-08-15,3.02,0.929,65.07
2018-08-16,3.02,0.94,65.44
2018-08-17,3.01,0.948,65.93
2018-08-20,3.04,0.958,66.5
2018-08-21,3.01,0.963,67.32
2018-08-22,3.02,0.984,67.85
2018-08-23,3.01,0.983,69.13
2018-08-24,2.99,1.01,69.71
2018-08-27,2.98,1.013,69.97
2018-08-28,2.98,1.014,68.54
2018-08-29,2.96,1.033,69.68
2018-08-30,2.96,1.038,70.25
2018-08-31,2.98,1.038,69.84
2018-09-04,2.96,1.055,69.82
2018-09-05,3.0,1.055,68.69
2018-09-06,2.93,1.055,67.81
2018-09-07,2.88,1.053,67.73
2018-09-10,2.9,1.056,67.55
2018-09-11,2.94,1.073,69.29
2018-09-12,2.98,1.073,70.37
2018-09-13,2.94,1.054,68.6
2018-09-14,2.91,1.058,68.98
2018-09-17,2.95,1.063,68.86
2018-09-18,3.0,1.064,69.87
2018-09-19,3.11,1.058,71.08
2018-09-20,3.07,1.04,70.77
2018-09-21,3.02,1.045,70.8
2018-09-24,3.04,1.058,73.23
2018-09-25,3.12,1.058,73.4
2018-09-26,3.1,1.05,72.22
2018-09-27,3.05,1.06,72.18
2018-09-28,3.01,1.083,73.16
2018-10-01,3.13,1.1,75.37
2018-10-02,3.14,1.075,75.16
2018-10-03,3.26,1.063,76.4
2018-10-04,3.39,1.035,74.44
2018-10-05,3.25,1.04,74.26
2018-10-08,3.28,1.041,74.27
2018-10-09,3.4,1.04,74.95
2018-10-10,3.45,1.005,73.18
2018-10-11,3.16,0.963,70.97
2018-10-12,3.19,0.96,71.41
2018-10-15,3.26,0.975,71.84
2018-10-16,3.27,1.004,71.93
2018-10-17,3.3,0.985,69.63
2018-10-18,3.28,0.953,68.63
2018-10-19,3.2,0.935,69.16
2018-10-22,3.2,0.918,69.25
2018-10-23,3.28,0.823,66.49
2018-10-24,3.42,0.854,66.56
2018-10-25,3.42,0.858,67.25
2018-10-26,3.27,0.85,67.58
2018-10-29,3.2,0.865,67.0
2018-10-30,3.27,0.86,66.18
2018-10-31,3.31,0.853,65.31
2018-11-01,3.36,0.818,63.67
2018-11-02,3.26,0.813,63.12
2018-11-05,3.53,0.818,63.12
2018-11-06,3.53,0.81,62.16
2018-11-07,3.54,0.77,61.69
2018-11-08,3.54,0.76,60.71
2018-11-09,3.74,0.728,60.19
2018-11-12,3.96,0.73,59.85
2018-11-13,4.1,0.683,55.63
2018-11-14,4.1,0.733,56.16
2018-11-15,4.69,0.733,56.45
2018-11-16,4.3,0.773,56.49
2018-11-19,4.65,0.785,57.16
2018-11-20,4.65,0.725,53.39
2018-11-21,4.7,0.729,54.41
2018-11-26,4.28,0.729,51.46
2018-11-27,4.28,0.729,51.31
2018-11-28,4.5,0.683,50.06
2018-11-29,4.5,0.695,51.46
2018-11-30,4.61,0.685,50.78
2018-12-03,4.4,0.715,52.98
2018-12-04,4.4,0.738,53.21
2018-12-05,4.69,0.743,52.64
2018-12-06,4.44,0.718,51.54
2018-12-07,4.51,0.73,52.76
2018-12-10,4.54,0.696,51.07
2018-12-11,4.53,0.694,51.65
2018-12-12,4.53,0.699,51.04
2018-12-13,4.31,0.698,52.69
2018-12-14,3.99,0.69,51.26
2018-12-17,3.8,0.68,49.8
2018-12-18,3.8,0.635,46.12
2018-12-19,3.64,0.643,47.96
2018-12-20,3.7,0.645,45.64
2018-12-21,3.7,0.64,45.38
2018-12-26,3.42,0.65,46.04
2018-12-27,3.1,0.648,44.48
2018-12-28,3.25,0.635,45.15
2019-01-02,3.25,0.641,46.31
2019-01-03,2.72,0.63,46.92
2019-01-04,2.8,0.635,47.76
2019-01-07,2.74,0.623,48.27
2019-01-08,2.89,0.628,49.58
2019-01-09,2.92,0.658,52.19
2019-01-10,2.95,0.67,52.42
2019-01-11,2.95,0.69,51.44
2019-01-14,3.36,0.685,50.31
2019-01-15,3.54,0.678,51.8
2019-01-16,3.58,0.68,52.08
2019-01-17,3.58,0.678,51.83
2019-01-18,3.43,0.685,53.6
2019-01-21,3.43,0.685,51.83
2019-01-22,3.43,0.681,52.59
2019-01-23,3.13,0.675,52.44
2019-01-24,3.13,0.68,52.94
2019-01-25,3.07,0.68,53.53
2019-01-28,3.05,0.65,51.79
2019-01-29,2.94,0.664,53.07
2019-01-30,3.0,0.68,54.18
2019-01-31,2.82,0.69,53.84
2019-02-01,2.7,0.7,55.29
2019-02-04,2.57,0.68,54.57
2019-02-05,2.54,0.664,53.69
2019-02-06,2.58,0.64,53.94
2019-02-07,2.62,0.603,52.68
2019-02-08,2.66,0.607,52.75
2019-02-11,2.76,0.619,52.43
2019-02-12,2.71,0.641,53.14
2019-02-13,2.61,0.65,53.84
2019-02-14,2.61,0.661,54.4
2019-02-15,2.59,0.664,55.58
2019-02-18,2.59,0.664,55.58
2019-02-19,2.69,0.696,56.12
2019-02-20,2.69,0.708,56.9
2019-02-21,2.73,0.71,56.95
2019-02-22,2.74,0.72,57.01
2019-02-25,2.84,0.695,55.32
2019-02-26,2.74,0.693,55.4
2019-02-27,2.89,0.693,56.92
2019-02-28,2.89,0.68,57.21
2019-03-01,3.19,0.67,55.76
2019-03-04,4.25,0.68,56.6
2019-03-05,3.18,0.685,56.55
2019-03-06,3.18,0.69,56.22
2019-03-07,2.9,0.69,56.6
2019-03-08,2.9,0.69,55.77
2019-03-11,2.86,0.693,56.79
2019-03-12,2.83,0.688,56.89
2019-03-13,2.87,0.686,58.27
2019-03-14,2.95,0.693,58.59
2019-03-15,2.95,0.685,58.51
2019-03-18,2.9,0.685,59.09
2019-03-19,2.92,0.68,59.12
2019-03-20,2.86,0.664,60.12
2019-03-21,2.86,0.646,59.98
2019-03-22,2.75,0.638,58.87
2019-03-25,2.72,0.633,58.71
2019-03-26,2.74,0.641,59.87
2019-03-27,2.69,0.638,59.39
2019-03-28,2.69,0.638,59.29
2019-03-29,2.73,0.64,60.19
2019-04-01,2.73,0.64,61.59
2019-04-02,2.76,0.64,62.53
2019-04-03,2.74,0.618,62.46
2019-04-04,2.66,0.618,62.12
2019-04-05,2.62,0.618,63.1
2019-04-08,2.72,0.636,64.37
2019-04-09,2.71,0.651,64.05
2019-04-10,2.72,0.679,64.62
2019-04-11,2.72,0.671,63.61
2019-04-12,2.75,0.668,63.86
2019-04-15,2.75,0.645,63.43
2019-04-16,2.66,0.633,64.01
2019-04-17,2.55,0.625,63.74
2019-04-18,2.54,0.62,64.02
2019-04-19,,0.62,
2019-04-22,2.61,0.635,65.66
2019-04-23,2.53,0.663,66.24
2019-04-24,2.53,0.655,65.96
2019-04-25,2.54,0.673,65.23
2019-04-26,2.58,0.653,63.29
2019-04-29,2.58,0.638,63.39
2019-04-30,2.59,0.633,63.83
2019-05-01,2.59,0.618,63.55
2019-05-02,2.63,0.59,61.75
2019-05-03,2.59,0.598,61.98
2019-05-06,2.54,0.584,62.3
2019-05-07,2.54,0.59,61.41
2019-05-08,2.64,0.59,62.13
2019-05-09,2.62,0.604,61.58
2019-05-10,2.64,0.623,61.65
2019-05-13,2.71,0.63,60.97
2019-05-14,2.7,0.624,61.82
2019-05-15,2.69,0.6,62.03
2019-05-16,2.62,0.603,62.93
2019-05-17,2.61,0.594,62.77
2019-05-20,2.7,0.58,63.12
2019-05-21,2.73,0.578,63.02
2019-05-22,2.73,0.555,61.42
2019-05-23,2.56,0.519,57.65
2019-05-24,2.6,0.53,58.4
2019-05-27,2.6,0.53,58.4
2019-05-28,2.65,0.554,58.91
2019-05-29,2.69,0.54,58.84
2019-05-30,2.69,0.54,56.47
2019-05-31,2.59,0.505,53.49
2019-06-03,2.5,0.478,53.25
2019-06-04,2.45,0.444,53.5
2019-06-05,2.45,0.418,51.57
2019-06-06,2.4,0.45,52.59
2019-06-07,2.43,0.475,53.95
2019-06-10,2.42,0.438,53.33
2019-06-11,2.41,0.424,53.3
2019-06-12,2.43,0.403,51.13
2019-06-13,2.43,0.416,52.38
2019-06-14,2.37,0.438,52.47
2019-06-17,2.46,0.415,51.94
2019-06-18,2.44,0.428,53.86
2019-06-19,2.43,0.428,53.74
2019-06-20,2.38,0.456,56.88
2019-06-21,2.27,0.473,57.35
2019-06-24,2.31,0.465,57.73
2019-06-25,2.31,0.468,57.63
2019-06-26,2.34,0.495,59.17
2019-06-27,2.32,0.488,59.18
2019-06-28,2.42,0.484,58.2
2019-07-01,2.33,0.483,58.91
2019-07-02,2.3,0.45,56.0
2019-07-03,2.29,0.478,57.06
2019-07-04,,0.478,
2019-07-05,,0.478,
2019-07-08,2.39,0.475,57.35
2019-07-09,2.41,0.468,57.57
2019-07-10,2.49,0.505,60.28
2019-07-11,2.54,0.508,59.93
2019-07-12,2.54,0.47,59.99
2019-07-15,2.53,0.493,59.3
2019-07-16,2.53,0.496,57.44
2019-07-17,2.44,0.516,56.5
2019-07-18,2.38,0.511,55.08
2019-07-19,2.3,0.504,55.42
2019-07-22,2.33,0.498,55.87
2019-07-23,2.34,0.5,56.58
2019-07-24,2.33,0.5,55.9
2019-07-25,2.26,0.488,55.88
2019-07-26,2.23,0.488,56.04
2019-07-29,2.23,0.488,56.85
2019-07-30,2.22,0.494,58.04
2019-07-31,2.28,0.445,58.53
2019-08-01,2.36,0.443,53.64
2019-08-02,2.12,0.445,55.67
2019-08-05,2.02,0.413,54.63
2019-08-06,2.15,0.453,53.6
2019-08-07,2.18,0.388,51.14
2019-08-08,2.13,0.4,52.6
2019-08-09,2.09,0.4,54.41
2019-08-12,2.21,0.4,54.98
2019-08-13,2.24,0.405,57.05
2019-08-14,2.22,0.385,55.16
2019-08-15,2.19,0.368,54.51
2019-08-16,2.2,0.365,54.83
2019-08-19,2.26,0.376,56.24
2019-08-20,2.35,0.376,56.18
2019-08-21,2.31,0.38,55.65
2019-08-22,2.28,0.38,55.33
2019-08-23,2.15,0.413,54.08
2019-08-26,2.23,0.418,53.54
2019-08-27,2.24,0.428,54.99
2019-08-28,2.24,0.43,55.76
2019-08-29,2.36,0.425,56.67
2019-08-30,2.33,0.415,55.07
2019-09-02,2.33,0.415,55.07
2019-09-03,2.39,0.406,53.91
2019-09-04,2.48,0.433,56.22
2019-09-05,2.49,0.44,56.33
2019-09-06,2.49,0.435,56.45
2019-09-09,2.65,0.45,57.88
2019-09-10,2.67,0.443,57.37
2019-09-11,2.63,0.433,55.66
2019-09-12,2.62,0.428,55.13
2019-09-13,2.61,0.426,54.76
2019-09-16,2.75,0.503,63.1
2019-09-17,2.7,0.48,59.26
2019-09-18,2.72,0.443,58.19
2019-09-19,2.65,0.45,58.19
2019-09-20,2.34,0.463,57.92
2019-09-23,2.55,0.463,58.69
2019-09-24,2.55,0.45,57.22
2019-09-25,2.54,0.458,56.38
2019-09-26,2.57,0.47,56.24
2019-09-27,2.41,0.46,55.95
2019-09-30,2.37,0.454,54.09
2019-10-01,2.36,0.439,53.6
2019-10-02,2.36,0.426,52.67
2019-10-03,2.31,0.433,52.41
2019-10-04,2.25,0.434,52.84
2019-10-07,2.36,0.468,52.76
2019-10-08,2.29,0.473,52.64
2019-10-09,2.26,0.49,52.63
2019-10-10,2.26,0.48,53.57
2019-10-11,2.13,0.474,54.76
2019-10-14,2.13,0.464,53.57
2019-10-15,2.29,0.459,52.81
2019-10-16,2.44,0.463,53.42
2019-10-17,2.29,0.47,53.89
2019-10-18,2.08,0.465,53.75
2019-10-21,2.13,0.464,53.28
2019-10-22,2.21,0.471,54.21
2019-10-23,2.34,0.46,55.9
2019-10-24,2.33,0.464,56.11
2019-10-25,2.26,0.468,56.52
2019-10-28,2.49,0.47,55.6
2019-10-29,2.61,0.47,55.34
2019-10-30,2.71,0.503,54.85
2019-10-31,2.73,0.51,54.02
2019-11-01,2.54,0.51,56.04
2019-11-04,2.77,0.515,56.33
2019-11-05,2.77,0.511,57.04
2019-11-06,2.82,0.511,56.15
2019-11-07,2.84,0.515,56.91
2019-11-08,2.87,0.518,57.02
2019-11-11,2.87,0.52,56.61
2019-11-12,2.72,0.525,56.67
2019-11-13,2.66,0.533,56.88
2019-11-14,2.68,0.53,56.57
2019-11-15,2.7,0.544,57.54
2019-11-18,2.64,0.529,56.82
2019-11-19,2.53,0.523,54.93
2019-11-20,2.56,0.548,56.71
2019-11-21,2.53,0.56,58.36
2019-11-22,2.62,0.553,57.68
2019-11-25,2.51,0.546,57.79
2019-11-26,2.51,0.55,58.25
2019-11-27,2.46,0.55,58.12
2019-11-28,,0.55,
2019-11-29,2.46,0.55,58.12
2019-12-02,2.29,0.54,55.97
2019-12-03,2.42,0.528,56.15
2019-12-04,2.43,0.533,58.46
2019-12-05,2.42,0.52,58.42
2019-12-06,2.31,0.518,59.2
2019-12-09,2.17,0.516,58.99
2019-12-10,2.18,0.515,59.22
2019-12-11,2.28,0.52,58.74
2019-12-12,2.28,0.52,59.18
2019-12-13,2.28,0.51,60.11
2019-12-16,2.34,0.51,60.21
2019-12-17,2.3,0.52,60.88
2019-12-18,2.26,0.508,60.93
2019-12-19,2.21,0.503,61.3
2019-12-20,2.27,0.493,60.43
2019-12-23,2.17,0.483,60.51
2019-12-24,2.11,0.468,61.17
2019-12-25,2.11,,61.17
2019-12-26,2.09,0.448,61.72
2019-12-27,1.75,0.448,61.76
2019-12-30,2.06,0.433,61.66
2019-12-31,2.09,0.413,61.14
2020-01-02,2.05,0.441,61.17
2020-01-03,2.06,0.465,63.0
2020-01-06,2.1,0.47,63.27
2020-01-07,2.17,0.466,62.7
2020-01-08,2.09,0.453,59.65
2020-01-09,2.05,0.46,59.56
2020-01-10,2.05,0.459,59.02
2020-01-13,2.03,0.454,58.17
2020-01-14,2.15,0.446,58.34
2020-01-15,2.01,0.43,57.86
2020-01-16,2.06,0.43,58.52
2020-01-17,2.07,0.424,58.55
2020-01-21,1.98,0.423,58.25
2020-01-22,1.89,0.403,56.76
2020-01-23,1.95,0.396,55.51
2020-01-24,1.91,0.398,54.09
2020-01-27,2.03,0.39,53.09
2020-01-28,1.96,0.403,53.33
2020-01-29,1.93,0.425,53.29
2020-01-30,1.94,0.398,52.19
2020-01-31,1.91,0.396,51.58
2020-02-03,1.9,0.378,50.06
2020-02-04,1.89,0.378,49.59
2020-02-05,1.89,0.378,50.87
2020-02-06,1.86,0.383,50.94
2020-02-07,1.93,0.385,50.34
2020-02-10,1.85,0.376,49.59
2020-02-11,1.85,0.373,50.0
2020-02-12,1.91,0.385,51.13
2020-02-13,1.95,0.394,51.41
2020-02-14,1.93,0.395,52.03
2020-02-18,2.04,0.403,52.1
2020-02-19,2.01,0.436,53.31
2020-02-20,1.98,0.44,53.77
2020-02-21,1.96,0.435,53.36
2020-02-24,1.94,0.409,51.36
2020-02-25,1.93,0.403,49.78
2020-02-26,1.96,0.394,48.67
2020-02-27,1.78,0.396,47.17
2020-02-28,1.79,0.395,44.83
2020-03-02,1.75,0.405,46.78
2020-03-03,1.78,0.404,47.27
2020-03-04,1.83,0.4,46.78
2020-03-05,1.89,0.385,45.9
2020-03-06,1.76,0.359,41.14
2020-03-09,1.74,0.303,31.05
2020-03-10,1.91,0.318,34.47
2020-03-11,1.96,0.318,33.13
2020-03-12,1.82,0.29,31.56
2020-03-13,1.94,0.293,31.72
2020-03-16,1.89,0.288,28.96
2020-03-17,1.89,0.268,26.96
2020-03-18,1.73,0.228,20.48
2020-03-19,1.68,0.243,25.09
2020-03-20,1.76,0.235,19.48
2020-03-23,1.7,0.203,23.33
2020-03-24,,0.218,21.03
2020-03-25,1.8,0.23,20.75
2020-03-26,1.73,0.245,16.6
2020-03-27,1.7,0.248,15.48
2020-03-30,1.65,0.248,14.1
2020-03-31,1.71,0.29,20.51
2020-04-01,1.69,0.255,20.28
2020-04-02,1.55,0.274,25.18
2020-04-03,1.5,0.299,28.36
2020-04-06,1.64,0.288,26.21
2020-04-07,1.83,0.284,23.54
2020-04-08,1.86,0.3,24.97
2020-04-09,1.74,0.32,22.9
2020-04-13,1.86,0.345,22.36
2020-04-14,1.76,0.355,20.15
2020-04-15,1.68,0.344,19.96
2020-04-16,1.59,0.348,19.82
2020-04-17,1.71,0.385,18.31
2020-04-20,1.78,0.365,-36.98
2020-04-21,1.92,0.315,8.91
2020-04-22,1.9,0.355,13.64
2020-04-23,1.86,0.355,15.06
2020-04-24,1.81,0.34,15.99
2020-04-27,1.68,0.328,12.17
2020-04-28,1.8,0.333,12.4
2020-04-29,1.73,0.341,15.04
2020-04-30,1.63,0.334,19.23
2020-05-01,1.69,0.33,19.72
2020-05-04,1.78,0.336,20.47
2020-05-05,1.93,0.375,24.56
2020-05-06,1.9,0.375,23.88
2020-05-07,1.84,0.378,23.68
2020-05-08,1.74,0.38,24.73
2020-05-11,1.7,0.38,24.02
2020-05-12,1.61,0.396,25.76
2020-05-13,1.56,0.403,25.37
2020-05-14,1.6,0.414,27.4
2020-05-15,1.66,0.424,29.44
2020-05-18,1.77,0.458,31.83
2020-05-19,1.85,0.455,32.3
2020-05-20,1.83,0.468,33.56
2020-05-21,1.75,0.478,34.3
2020-05-22,1.7,0.45,33.49
2020-05-26,1.79,0.463,34.7
2020-05-27,1.78,0.449,32.8
2020-05-28,1.79,0.455,33.67
2020-05-29,1.7,0.463,35.57
2020-06-01,1.59,0.481,35.49
2020-06-02,1.58,0.493,36.88
2020-06-03,1.84,0.5,37.33
2020-06-04,1.68,0.505,37.42
2020-06-05,1.8,0.525,39.49
2020-06-08,1.68,0.505,38.17
2020-06-09,1.68,0.49,38.98
2020-06-10,1.72,0.501,39.54
2020-06-11,1.77,0.488,36.43
2020-06-12,1.67,0.495,36.24
2020-06-15,1.64,0.494,37.07
2020-06-16,1.43,0.503,38.26
2020-06-17,1.55,0.503,37.91
2020-06-18,1.51,0.513,38.79
2020-06-19,1.49,0.511,39.72
2020-06-22,1.64,0.521,40.6
2020-06-23,1.61,0.515,40.4
2020-06-24,1.64,0.49,37.91
2020-06-25,1.53,0.483,38.66
2020-06-26,1.42,0.475,38.53
2020-06-29,1.67,0.453,39.67
2020-06-30,1.76,0.46,39.27
2020-07-01,1.69,0.46,39.88
2020-07-02,1.58,0.463,40.57
2020-07-06,1.71,0.478,40.51
2020-07-07,1.76,0.493,40.59
2020-07-08,1.78,0.493,40.91
2020-07-09,1.88,0.489,39.64
2020-07-10,1.79,0.48,40.56
2020-07-13,1.75,0.478,40.06
2020-07-14,1.74,0.483,40.3
2020-07-15,1.76,0.493,41.2
2020-07-16,1.79,0.48,40.74
2020-07-17,1.79,0.48,40.55
2020-07-20,1.71,0.49,40.83
2020-07-21,1.66,0.511,41.76
2020-07-22,1.69,0.515,41.88
2020-07-23,1.75,0.523,40.99
2020-07-24,1.77,0.52,41.23
2020-07-27,1.85,0.513,41.46
2020-07-28,1.83,0.496,40.89
2020-07-29,1.77,0.486,41.13
2020-07-30,1.81,0.48,39.85
2020-07-31,1.83,0.501,40.1
2020-08-03,1.95,0.503,40.83
2020-08-04,2.07,0.508,41.67
2020-08-05,2.23,0.503,42.25
2020-08-06,2.26,0.496,41.93
2020-08-07,2.15,0.503,41.16
2020-08-10,2.18,0.508,41.94
2020-08-11,2.19,0.501,41.53
2020-08-12,2.05,0.504,42.6
2020-08-13,2.19,0.5,42.26
2020-08-14,2.23,0.501,42.05
2020-08-17,2.32,0.504,42.89
2020-08-18,2.45,0.505,42.89
2020-08-19,2.43,0.51,42.91
2020-08-20,2.35,0.509,42.62
2020-08-21,2.39,0.508,42.32
2020-08-24,2.57,0.51,42.44
2020-08-25,2.54,0.51,43.17
2020-08-26,2.52,0.513,43.21
2020-08-27,2.52,0.508,42.88
2020-08-28,2.46,0.513,42.96
2020-08-31,2.3,0.513,42.61
2020-09-01,2.22,0.518,42.76
2020-09-02,2.15,0.503,42.76
2020-09-03,2.32,0.503,41.39
2020-09-04,1.8,0.495,39.69
2020-09-08,2.35,0.456,36.87
2020-09-09,2.21,0.458,38.05
2020-09-10,2.13,0.451,37.25
2020-09-11,1.93,0.475,37.33
2020-09-14,2.18,0.483,37.23
2020-09-15,2.19,0.495,38.29
2020-09-16,2.06,0.513,40.17
2020-09-17,1.65,0.513,40.99
2020-09-18,1.56,0.509,41.09
2020-09-21,1.33,0.494,39.26
2020-09-22,1.49,0.495,39.55
2020-09-23,1.74,0.498,39.92
2020-09-24,1.93,0.5,40.11
2020-09-25,1.9,0.508,40.06
2020-09-28,1.83,0.513,40.47
2020-09-29,1.74,0.506,39.03
2020-09-30,1.66,0.504,40.05
2020-10-01,1.6,0.49,38.51
2020-10-02,1.41,0.486,36.9
2020-10-05,1.92,0.51,39.12
2020-10-06,1.86,0.515,40.52
2020-10-07,2.01,0.514,39.82
2020-10-08,1.49,0.53,41.04
2020-10-09,2.25,0.526,40.44
2020-10-12,2.31,0.52,39.22
2020-10-13,2.14,0.525,40.03
2020-10-14,2.02,0.536,40.86
2020-10-15,2.23,0.541,40.84
2020-10-16,2.16,0.535,40.7
2020-10-19,2.3,0.534,40.69
2020-10-20,2.57,0.533,41.37
2020-10-21,2.95,0.53,39.88
2020-10-22,2.99,0.538,40.46
2020-10-23,2.91,0.54,39.73
2020-10-26,3.14,0.529,38.39
2020-10-27,3.07,0.543,39.34
2020-10-28,3.14,0.531,37.27
2020-10-29,3.06,0.531,35.94
2020-10-30,3.03,0.535,35.64
2020-11-02,3.03,0.549,36.6
2020-11-03,2.88,0.55,37.44
2020-11-04,2.63,0.564,38.97
2020-11-05,2.69,0.563,38.56
2020-11-06,2.67,0.558,36.97
2020-11-09,2.63,0.56,40.05
2020-11-10,2.74,0.545,41.18
2020-11-11,2.75,0.556,41.23
2020-11-12,2.81,0.555,40.9
2020-11-13,2.82,0.551,39.93
2020-11-16,2.62,0.55,41.14
2020-11-17,2.55,0.543,41.24
2020-11-18,2.37,0.53,41.64
2020-11-19,2.19,0.498,41.57
2020-11-20,2.22,0.513,41.99
2020-11-23,2.23,0.525,42.91
2020-11-24,2.47,0.535,44.71
2020-11-25,2.47,0.545,45.58
2020-11-30,2.89,0.569,45.2
2020-12-01,2.89,0.568,44.54
2020-12-02,2.75,0.583,45.23
2020-12-03,2.46,0.585,45.65
2020-12-04,2.48,0.593,46.23
2020-12-07,2.39,0.594,45.72
2020-12-08,2.36,0.581,45.64
2020-12-09,2.45,0.583,45.48
2020-12-10,2.45,0.595,46.76
2020-12-11,2.54,0.589,46.59
2020-12-14,2.69,0.598,47.02
2020-12-15,2.63,0.613,47.58
2020-12-16,2.73,0.63,47.86
2020-12-17,2.7,0.683,48.34
2020-12-18,2.73,0.63,49.04
2020-12-21,2.68,0.698,47.79
2020-12-22,2.76,0.69,47.02
2020-12-23,2.76,0.704,47.94
2020-12-24,2.68,0.704,48.18
2020-12-28,2.39,0.718,47.5
2020-12-29,2.4,0.728,47.85
2020-12-30,2.36,0.753,48.24
2020-12-31,2.39,0.748,48.35
2021-01-04,2.6,0.75,47.47
2021-01-05,2.77,0.8,49.78
2021-01-06,2.76,0.803,50.45
2021-01-07,2.81,0.805,50.63
2021-01-08,2.77,0.863,52.14
2021-01-11,2.71,0.878,52.15
2021-01-12,2.89,0.84,53.08
2021-01-13,2.82,0.923,52.81
2021-01-14,2.82,0.873,53.47
2021-01-15,2.86,0.958,52.25
2021-01-19,2.65,0.885,52.87
2021-01-20,2.57,0.85,53.16
2021-01-21,2.49,0.848,53.0
2021-01-22,2.45,0.868,52.28
2021-01-25,2.63,0.885,52.78
2021-01-26,2.73,0.883,52.61
2021-01-27,2.77,0.91,52.81
2021-01-28,2.76,0.915,52.26
2021-01-29,2.68,0.868,52.16
2021-02-01,2.88,0.87,53.55
2021-02-02,3.24,0.828,54.77
2021-02-03,3.01,0.828,55.67
2021-02-04,2.99,0.84,56.19
2021-02-05,3.49,0.865,56.8
2021-02-08,3.4,0.88,57.95
2021-02-09,3.35,0.873,58.34
2021-02-10,3.76,0.858,58.69
2021-02-11,6.5,0.85,58.22
2021-02-12,6.12,0.896,59.5
2021-02-16,11.32,0.898,60.07
2021-02-17,23.86,0.978,61.09
2021-02-18,8.56,0.978,60.4
2021-02-19,4.96,0.958,59.12
2021-02-22,3.16,0.945,61.67
2021-02-23,2.94,0.96,61.66
2021-02-24,2.8,0.975,63.21
2021-02-25,2.72,0.96,63.43
2021-02-26,2.66,0.946,61.55
2021-03-01,2.7,0.961,60.54
2021-03-02,2.87,0.97,59.7
2021-03-03,2.86,0.968,61.33
2021-03-04,2.79,0.973,63.81
2021-03-05,2.72,0.975,66.08
2021-03-08,2.67,0.94,65.03
2021-03-09,2.62,0.938,64.02
2021-03-10,2.62,0.935,64.45
2021-03-11,2.7,0.938,66.02
2021-03-12,2.65,0.933,65.59
2021-03-15,2.58,0.921,65.36
2021-03-16,2.5,0.938,64.82
2021-03-17,2.6,0.9,64.55
2021-03-18,2.45,0.898,59.95
2021-03-19,2.53,0.886,61.43
2021-03-22,2.55,0.898,61.48
2021-03-23,2.56,0.873,57.75
2021-03-24,2.56,0.9,61.12
2021-03-25,2.52,0.898,58.47
2021-03-26,2.52,0.9,60.93
2021-03-29,2.58,0.898,61.49
2021-03-30,2.55,0.913,60.55
2021-03-31,2.52,0.85,59.19
2021-04-01,2.52,0.913,61.41
2021-04-05,2.43,0.98,58.73
2021-04-06,2.44,0.928,59.34
2021-04-07,2.43,0.878,59.77
2021-04-08,2.47,0.85,59.61
2021-04-09,2.48,0.848,59.29
2021-04-12,2.5,0.82,59.7
2021-04-13,2.57,0.785,60.2
2021-04-14,2.65,0.775,63.15
2021-04-15,2.62,0.779,63.42
2021-04-16,2.63,0.779,63.16
2021-04-19,2.75,0.781,63.33
2021-04-20,2.76,0.736,62.61
2021-04-21,2.72,0.748,61.34
2021-04-22,2.77,0.75,61.45
2021-04-23,2.79,0.755,62.18
2021-04-26,2.73,0.75,62.02
2021-04-27,2.91,0.758,63.03
2021-04-28,2.98,0.9,63.81
2021-04-29,2.91,0.9,65.0
2021-04-30,2.86,0.86,63.5
2021-05-03,2.96,0.803,64.46
2021-05-04,3.0,0.805,65.72
2021-05-05,2.99,0.805,65.63
2021-05-06,2.9,0.803,64.73
2021-05-07,2.9,0.805,64.96
2021-05-10,2.93,0.808,64.92
2021-05-11,2.91,0.798,65.31
2021-05-12,2.91,0.806,65.96
2021-05-13,2.95,0.795,63.82
2021-05-14,2.95,0.788,65.32
2021-05-17,2.99,0.798,66.24
2021-05-18,2.96,0.798,65.49
2021-05-19,2.88,0.8,63.28
2021-05-20,2.86,0.8,61.95
2021-05-21,2.84,0.803,63.61
2021-05-24,2.78,0.835,66.13
2021-05-25,2.87,0.85,66.27
2021-05-26,2.91,0.853,66.41
2021-05-27,2.85,0.878,66.87
2021-05-28,2.91,0.88,66.31
2021-06-01,3.02,0.888,67.8
2021-06-02,3.09,0.914,68.79
2021-06-03,3.01,0.905,68.81
2021-06-04,3.01,0.918,69.57
2021-06-07,2.98,0.913,69.21
2021-06-08,3.11,0.933,70.11
2021-06-09,3.13,0.935,69.9
2021-06-10,3.13,0.935,70.34
2021-06-11,3.23,0.953,71.0
2021-06-14,3.36,0.963,70.94
2021-06-15,3.31,0.944,72.06
2021-06-16,3.25,0.944,72.03
2021-06-17,3.24,0.96,71.06
2021-06-18,3.23,0.958,71.64
2021-06-21,3.15,0.983,73.64
2021-06-22,3.21,0.988,73.15
2021-06-23,3.36,1.013,73.11
2021-06-24,3.3,1.03,73.31
2021-06-25,3.4,1.04,74.21
2021-06-28,3.62,1.035,72.98
2021-06-29,3.75,1.04,73.14
2021-06-30,3.79,1.043,73.52
2021-07-01,3.76,1.105,75.33
2021-07-02,3.67,1.115,75.37
2021-07-06,3.68,1.113,73.62
2021-07-07,3.66,1.07,72.22
2021-07-08,3.56,1.079,72.98
2021-07-09,3.71,1.103,74.56
2021-07-12,3.7,1.088,74.21
2021-07-13,3.78,1.095,75.24
2021-07-14,3.8,1.098,73.06
2021-07-15,3.68,1.103,71.67
2021-07-16,3.7,1.103,71.76
2021-07-19,3.75,1.048,66.45
2021-07-20,3.82,1.038,67.32
2021-07-21,3.94,1.065,70.26
2021-07-22,4.02,1.085,72.15
2021-07-23,4.11,1.088,72.24
2021-07-26,4.09,1.09,72.15
2021-07-27,4.15,1.093,71.68
2021-07-28,4.1,1.088,72.37
2021-07-29,4.03,1.093,73.62
2021-07-30,3.94,1.123,73.93
2021-08-02,4.02,1.095,71.31
2021-08-03,4.06,1.085,70.64
2021-08-04,4.2,1.12,68.19
2021-08-05,4.27,1.084,69.1
2021-08-06,4.21,1.088,68.26
2021-08-09,4.24,1.083,66.56
2021-08-10,4.12,1.103,68.33
2021-08-11,4.07,1.128,69.3
2021-08-12,4.1,1.133,69.12
2021-08-13,3.95,1.135,68.36
2021-08-16,3.93,1.136,67.44
2021-08-17,3.92,1.131,66.5
2021-08-18,3.86,1.145,65.36
2021-08-19,3.83,1.113,63.69
2021-08-20,3.94,1.09,62.25
2021-08-23,3.93,1.1,65.65
2021-08-24,3.95,1.114,67.5
2021-08-25,4.03,1.105,68.54
2021-08-26,4.07,1.121,67.42
2021-08-27,4.35,1.138,68.84
2021-08-30,4.25,1.138,69.28
2021-08-31,4.33,1.153,68.43
2021-09-01,4.45,1.175,68.63
2021-09-02,4.65,1.183,70.07
2021-09-03,4.77,1.193,69.34
2021-09-07,4.71,1.185,68.49
2021-09-08,4.66,1.188,69.36
2021-09-09,4.97,1.19,68.26
2021-09-10,5.13,1.193,69.82
2021-09-13,5.21,1.234,70.54
2021-09-14,5.39,1.253,70.53
2021-09-15,5.66,1.303,72.59
2021-09-16,5.52,1.328,72.69
2021-09-17,5.32,1.338,72.09
2021-09-20,5.25,1.324,70.41
2021-09-21,4.96,1.325,70.51
2021-09-22,4.92,1.333,72.37
2021-09-23,4.94,1.338,73.43
2021-09-24,5.1,1.34,74.18
2021-09-27,5.53,1.37,75.54
2021-09-28,5.94,1.433,75.44
2021-09-29,5.73,1.433,75.06
2021-09-30,5.58,1.443,75.22
2021-10-01,5.61,1.488,76.01
2021-10-04,5.8,1.493,77.68
2021-10-05,6.37,1.495,79.17
2021-10-06,6.0,1.498,77.66
2021-10-07,5.71,1.493,78.46
2021-10-08,5.46,1.454,79.55
2021-10-11,5.46,1.473,80.64
2021-10-12,5.34,1.45,80.75
2021-10-13,5.56,1.423,80.67
2021-10-14,5.92,1.458,81.43
2021-10-15,5.44,1.483,82.39
2021-10-18,5.01,1.488,82.62
2021-10-19,4.81,1.49,83.19
2021-10-20,4.87,1.491,84.4
2021-10-21,4.94,1.483,82.64
2021-10-22,5.1,1.485,84.53
2021-10-25,5.72,1.378,84.64
2021-10-26,5.59,1.398,85.64
2021-10-27,5.91,1.365,82.66
2021-10-28,5.68,1.36,82.78
2021-10-29,5.49,1.383,83.5
2021-11-01,5.22,1.385,84.08
2021-11-02,5.33,1.385,83.91
2021-11-03,5.59,1.383,80.82
2021-11-04,5.73,1.378,78.88
2021-11-05,5.51,1.375,81.25
2021-11-08,5.53,1.388,81.96
2021-11-09,5.08,1.423,84.12
2021-11-10,4.56,1.383,81.23
2021-11-11,4.81,1.373,81.47
2021-11-12,4.97,1.26,80.87
2021-11-15,4.77,1.213,80.85
2021-11-16,5.11,1.224,80.76
2021-11-17,4.82,1.148,78.32
2021-11-18,4.95,1.118,78.92
2021-11-19,4.9,1.118,76.11
2021-11-22,4.83,1.115,76.74
2021-11-23,4.95,1.118,78.32
2021-11-24,4.93,1.118,78.32
2021-11-29,4.9,1.123,69.88
2021-11-30,4.52,1.02,66.14
2021-12-01,4.31,0.998,65.44
2021-12-02,4.08,0.968,66.6
2021-12-03,3.79,0.99,66.39
2021-12-06,3.66,0.99,69.62
2021-12-07,3.6,1.1,71.94
2021-12-08,3.79,1.0,72.43
2021-12-09,3.67,1.013,70.87
2021-12-10,3.65,1.035,71.71
2021-12-13,4.05,1.033,71.19
2021-12-14,3.71,1.033,70.57
2021-12-15,3.79,1.035,70.89
2021-12-16,3.67,1.033,72.34
2021-12-17,3.71,1.029,70.93
2021-12-20,3.91,0.955,68.69
2021-12-21,3.96,1.003,71.1
2021-12-22,3.95,1.025,72.82
2021-12-23,3.56,1.055,73.89
2021-12-27,3.45,1.07,75.49
2021-12-28,3.32,1.093,76.01
2021-12-29,3.4,1.118,76.58
2021-12-30,3.82,1.123,76.83
2021-12-31,3.82,,75.33
2022-01-03,3.74,1.123,75.99
2022-01-04,3.73,1.125,77.0
2022-01-05,3.78,1.125,77.83
2022-01-06,3.94,1.123,79.47
2022-01-07,3.83,1.128,79.0
2022-01-10,4.16,1.13,78.11
2022-01-11,4.16,1.13,81.17
2022-01-12,4.62,1.138,82.51
2022-01-13,4.78,,81.97
2022-01-14,4.37,1.138,83.82
2022-01-18,4.55,1.183,85.42
2022-01-19,4.89,1.17,86.84
2022-01-20,4.45,1.183,86.29
2022-01-21,4.11,1.175,85.16
2022-01-24,4.2,1.183,84.48
2022-01-25,4.24,1.17,86.61
2022-01-26,4.43,1.2,88.33
2022-01-27,4.43,1.211,87.61
2022-01-28,5.69,1.27,87.67
2022-01-31,5.56,1.298,89.16
2022-02-01,5.45,1.308,88.22
2022-02-02,6.7,1.32,88.16
2022-02-03,5.84,1.32,90.17
2022-02-04,5.34,1.28,92.27
2022-02-07,4.44,1.235,91.25
2022-02-08,4.3,1.215,89.32
2022-02-09,4.13,1.238,89.57
2022-02-10,4.03,1.24,89.83
2022-02-11,4.04,1.24,93.1
2022-02-14,4.05,1.253,95.52
2022-02-15,4.31,1.253,92.07
2022-02-16,4.39,1.288,93.83
2022-02-17,4.57,1.303,91.78
2022-02-18,4.61,1.293,91.26
2022-02-22,4.48,1.288,92.11
2022-02-23,4.59,1.273,92.14
2022-02-24,4.78,1.273,92.77
2022-02-25,4.63,1.375,91.68
2022-02-28,4.46,1.375,96.13
2022-03-01,4.36,1.448,103.66
2022-03-02,4.65,1.448,110.74
2022-03-03,4.63,1.54,107.69
2022-03-04,4.74,1.448,115.77
2022-03-07,4.93,1.615,119.26
2022-03-08,4.61,1.615,123.64
2022-03-09,4.55,1.615,108.81
2022-03-10,4.65,1.615,105.93
2022-03-11,4.79,1.615,109.31
2022-03-14,4.59,1.315,103.22
2022-03-15,4.46,1.25,96.42
2022-03-16,4.68,1.233,94.85
2022-03-17,4.8,1.336,102.97
2022-03-18,4.87,1.348,104.69
2022-03-21,4.77,1.412,112.14
2022-03-22,5.0,1.412,111.03
2022-03-23,5.26,1.465,114.89
2022-03-24,5.19,1.463,114.2
2022-03-25,5.51,1.463,116.2
2022-03-28,5.52,1.413,107.55
2022-03-29,5.32,1.403,104.25
2022-03-30,5.32,1.435,107.81
2022-03-31,5.46,1.408,100.53
2022-04-01,5.43,1.36,99.32
2022-04-04,5.72,1.385,103.29
2022-04-05,5.95,1.325,101.98
2022-04-06,6.29,1.265,96.39
2022-04-07,6.05,1.255,96.05
2022-04-08,6.38,1.28,98.35
2022-04-11,6.35,1.265,94.22
2022-04-12,6.59,1.32,100.52
2022-04-13,6.68,1.32,104.26
2022-04-14,6.94,1.32,106.84
2022-04-18,7.48,1.365,108.24
2022-04-19,7.44,1.303,102.54
2022-04-20,7.12,1.303,102.56
2022-04-21,6.88,1.313,103.89
2022-04-22,6.59,1.26,102.86
2022-04-25,6.42,1.24,99.6
2022-04-26,6.89,1.285,102.62
2022-04-27,6.91,1.295,101.96
2022-04-28,6.97,1.295,105.47
2022-04-29,6.84,1.295,104.59
2022-05-02,7.3,1.265,105.18
2022-05-03,7.84,1.25,102.53
2022-05-04,8.3,1.27,107.84
2022-05-05,8.42,1.263,108.17
2022-05-06,8.35,1.258,109.72
2022-05-09,8.06,1.228,103.08
2022-05-10,6.78,1.213,99.74
2022-05-11,7.53,1.213,105.5
2022-05-12,7.25,1.213,106.15
2022-05-13,7.75,1.213,110.52
2022-05-16,8.07,1.233,114.07
2022-05-17,8.26,1.22,112.31
2022-05-18,8.53,1.203,109.67
2022-05-19,8.21,1.218,112.21
2022-05-20,7.97,1.21,112.63
2022-05-23,8.16,1.198,110.32
2022-05-24,8.87,1.198,112.55
2022-05-25,9.44,1.198,112.88
2022-05-26,9.19,1.198,116.19
2022-05-27,8.3,1.198,114.96
2022-05-31,8.46,1.228,114.38
2022-06-01,8.47,1.233,115.26
2022-06-02,8.9,1.233,116.88
2022-06-03,8.34,1.253,118.97
2022-06-06,9.08,1.253,118.41
2022-06-07,9.28,1.24,119.55
2022-06-08,9.43,1.24,121.94
2022-06-09,8.16,1.245,121.52
2022-06-10,8.78,1.225,120.73
2022-06-13,9.0,1.218,120.92
2022-06-14,7.68,1.183,118.92
2022-06-15,7.72,1.217,115.32
2022-06-16,7.88,1.213,117.56
2022-06-17,7.37,1.163,109.56
2022-06-21,6.6,1.209,110.49
2022-06-22,6.76,1.214,106.22
2022-06-23,6.54,1.195,105.75
2022-06-24,5.8,1.189,109.07
2022-06-27,6.09,1.21,111.44
2022-06-28,6.66,1.224,113.66
2022-06-29,6.69,1.224,111.65
2022-06-30,6.54,1.224,107.76
2022-07-01,5.75,1.224,110.3
2022-07-05,5.72,1.17,101.55
2022-07-06,5.65,1.145,100.31
2022-07-07,5.83,1.185,104.62
2022-07-08,6.4,1.186,106.78
2022-07-11,6.82,1.19,106.09
2022-07-12,6.81,1.148,97.69
2022-07-13,6.68,1.14,98.44
2022-07-14,6.9,1.11,97.79
2022-07-15,6.6,1.103,99.59
2022-07-18,7.65,1.093,104.48
2022-07-19,7.35,1.083,106.12
2022-07-20,7.58,1.138,104.45
2022-07-21,7.99,1.12,98.44
2022-07-22,8.25,1.12,97.71
2022-07-25,8.52,1.138,99.83
2022-07-26,9.46,1.128,97.74
2022-07-27,8.65,1.135,100.03
2022-07-28,8.75,1.138,99.11
2022-07-29,8.33,1.153,101.31
2022-08-01,8.2,1.114,96.59
2022-08-02,8.01,1.121,97.14
2022-08-03,7.81,1.103,93.25
2022-08-04,8.4,1.083,91.29
2022-08-05,8.3,1.07,91.77
2022-08-08,7.76,1.058,93.52
2022-08-09,7.87,1.054,93.18
2022-08-10,7.86,1.073,94.68
2022-08-11,8.53,1.098,97.02
2022-08-12,8.73,1.091,94.86
2022-08-15,8.62,1.073,92.24
2022-08-16,9.28,1.051,89.23
2022-08-17,9.51,1.064,90.85
2022-08-18,9.42,1.098,93.2
2022-08-19,9.14,1.105,93.55
2022-08-22,9.85,1.1,93.42
2022-08-23,9.75,1.123,96.46
2022-08-24,9.27,1.125,95.52
2022-08-25,9.47,1.113,93.33
2022-08-26,9.48,1.115,93.63
2022-08-29,9.24,1.131,97.4
2022-08-30,9.1,1.075,92.08
2022-08-31,8.93,1.095,90.09
2022-09-01,9.38,1.081,87.09
2022-09-02,9.18,1.084,87.29
2022-09-06,8.52,1.099,87.35
2022-09-07,8.12,1.059,82.5
2022-09-08,8.27,1.04,84.04
2022-09-09,8.31,1.038,87.27
2022-09-12,8.2,1.043,88.18
2022-09-13,8.49,1.063,87.84
2022-09-14,8.7,1.065,88.88
2022-09-15,8.6,1.035,85.72
2022-09-16,8.11,1.023,85.57
2022-09-19,7.96,1.014,86.15
2022-09-20,8.01,0.998,84.69
2022-09-21,7.99,0.965,83.38
2022-09-22,7.76,0.973,84.02
2022-09-23,6.75,0.885,79.07
2022-09-26,6.75,0.856,77.17
2022-09-27,6.83,0.86,78.91
2022-09-28,6.59,0.873,82.61
2022-09-29,6.57,0.883,81.78
2022-09-30,6.4,0.865,79.91
2022-10-03,5.64,0.86,84.05
2022-10-04,5.4,0.876,86.87
2022-10-05,5.84,0.914,88.22
2022-10-06,6.91,0.925,88.9
2022-10-07,6.25,0.911,93.07
2022-10-10,,0.898,91.6
2022-10-11,6.2,0.848,89.75
2022-10-12,6.6,0.84,87.83
2022-10-13,6.25,0.86,89.59
2022-10-14,6.1,0.798,86.1
2022-10-17,6.08,0.798,86.0
2022-10-18,6.16,0.824,83.29
2022-10-19,5.63,0.839,86.0
2022-10-20,5.1,0.834,86.02
2022-10-21,4.45,0.838,85.47
2022-10-24,4.81,0.838,86.12
2022-10-25,5.17,,
2022-10-26,5.28,0.873,89.39
2022-10-27,5.3,0.865,89.06
2022-10-28,5.02,0.873,87.85
2022-10-31,5.02,0.876,86.54
2022-11-01,4.57,0.878,88.36
2022-11-02,4.58,0.881,90.06
2022-11-03,4.65,0.851,88.14
2022-11-04,4.0,0.884,92.58
2022-11-07,4.62,0.896,91.8
2022-11-08,4.0,0.888,88.8
2022-11-09,3.46,0.865,85.79
2022-11-10,4.8,0.875,86.52
2022-11-11,4.8,0.868,89.14
2022-11-14,6.24,0.873,85.85
2022-11-15,5.9,0.88,86.87
2022-11-16,5.88,0.871,85.62
2022-11-17,6.2,0.856,81.69
2022-11-18,6.1,0.85,80.07
2022-11-21,6.23,0.84,79.74
2022-11-22,6.27,0.826,80.83
2022-11-23,6.57,0.811,77.93
2022-11-25,6.57,,76.45
2022-11-28,6.0,0.785,77.1
2022-11-29,6.03,0.78,77.96
2022-11-30,7.0,0.775,80.48
2022-12-01,6.33,0.75,81.06
2022-12-02,4.92,0.705,79.86
2022-12-05,4.15,0.689,76.83
2022-12-06,4.58,0.683,74.21
2022-12-07,4.49,0.674,71.93
2022-12-08,4.79,0.67,71.3
2022-12-09,4.98,0.67,71.05
2022-12-12,6.73,0.69,72.96
2022-12-13,7.2,,
2022-12-14,6.54,0.713,77.14
2022-12-15,6.8,0.693,75.89
2022-12-16,6.63,0.68,74.19
2022-12-19,6.08,0.654,75.05
2022-12-20,5.28,0.646,75.92
2022-12-21,6.13,0.678,78.17
2022-12-22,7.1,0.704,77.68
2022-12-23,7.15,0.711,79.57
2022-12-27,4.88,0.7,79.45
2022-12-28,4.06,0.703,78.89
2022-12-29,3.78,0.693,78.43
2022-12-30,3.52,0.718,80.16
2023-01-03,3.64,0.768,76.87
2023-01-04,3.75,0.738,72.82
2023-01-05,3.78,0.738,73.61
2023-01-06,3.43,0.728,73.77
2023-01-09,3.65,0.753,74.69
2023-01-10,3.32,0.773,75.11
2023-01-11,3.41,0.791,77.46
2023-01-12,3.47,0.813,78.32
2023-01-13,3.43,0.819,79.9
2023-01-17,3.43,0.859,80.25
2023-01-18,3.2,0.888,79.53
2023-01-19,2.91,0.9,80.31
2023-01-20,3.15,0.898,81.27
2023-01-23,3.43,0.903,81.62
2023-01-24,3.35,0.904,79.86
2023-01-25,3.09,0.908,79.78
2023-01-26,2.72,0.938,80.64
2023-01-27,2.83,0.925,79.73
2023-01-30,2.82,0.905,77.97
2023-01-31,2.65,0.89,78.95
2023-02-01,2.65,0.844,76.34
2023-02-02,2.67,0.813,75.87
2023-02-03,2.4,0.813,73.4
2023-02-06,2.17,0.799,74.11
2023-02-07,2.35,0.82,77.17
2023-02-08,2.4,0.853,78.47
2023-02-09,2.4,0.853,78.04
2023-02-10,2.37,0.864,79.74
2023-02-13,2.42,0.838,80.14
2023-02-14,2.42,0.83,79.08
2023-02-15,2.45,0.823,78.57
2023-02-16,2.48,0.82,78.45
2023-02-17,2.28,0.82,76.31
2023-02-21,2.12,0.81,76.28
2023-02-22,2.07,0.808,73.95
2023-02-23,2.17,0.81,75.26
2023-02-24,2.36,0.82,76.19
2023-02-27,2.55,0.83,75.57
2023-02-28,2.5,0.86,76.88
2023-03-01,2.59,0.885,77.57
2023-03-02,2.67,0.898,78.05
2023-03-03,2.66,0.91,79.62
2023-03-06,2.46,0.91,80.39
2023-03-07,2.52,,
2023-03-08,2.5,0.88,76.56
2023-03-09,2.5,0.824,75.6
2023-03-10,2.4,0.815,76.55
2023-03-13,2.4,0.795,74.68
2023-03-14,2.65,0.756,71.18
2023-03-15,2.45,0.723,67.38
2023-03-16,2.45,0.713,68.15
2023-03-17,2.42,0.695,66.61
2023-03-20,2.23,0.703,67.56
2023-03-21,1.93,0.733,69.4
2023-03-22,2.03,0.745,70.71
2023-03-23,2.08,0.738,69.77
2023-03-24,2.04,0.753,69.22
2023-03-27,2.04,0.783,72.87
2023-03-28,2.02,0.783,73.12
2023-03-29,1.94,0.783,72.95
2023-03-30,1.95,0.78,74.32
2023-03-31,2.1,0.783,75.68
2023-04-03,2.09,0.828,80.4
2023-04-04,2.13,0.835,80.7
2023-04-05,2.17,0.835,80.69
2023-04-06,2.18,0.826,80.7
2023-04-10,2.15,0.81,79.79
2023-04-11,2.19,0.828,81.54
2023-04-12,2.22,0.84,83.26
2023-04-13,2.04,0.838,82.16
2023-04-14,1.87,0.838,82.58
2023-04-17,2.21,0.818,80.93
2023-04-18,2.23,0.821,80.85
2023-04-19,2.2,0.814,79.18
2023-04-20,2.19,0.799,77.27
2023-04-21,2.2,0.799,77.86
2023-04-24,2.19,0.808,78.64
2023-04-25,2.21,0.79,77.05
2023-04-26,2.19,0.778,74.33
2023-04-27,2.17,0.745,74.77
2023-04-28,2.27,0.755,76.78
2023-05-01,2.24,0.755,75.65
2023-05-02,2.12,0.725,71.71
2023-05-03,2.01,0.725,68.62
2023-05-04,1.96,0.725,68.52
2023-05-05,1.85,0.725,71.32
2023-05-08,2.12,0.725,73.13
2023-05-09,2.22,0.693,73.68
2023-05-10,2.12,0.681,72.53
2023-05-11,2.07,0.669,70.81
2023-05-12,1.98,0.65,70.02
2023-05-15,2.25,0.63,71.07
2023-05-16,2.28,0.633,70.85
2023-05-17,2.25,0.645,72.78
2023-05-18,2.3,0.633,71.82
2023-05-19,2.37,0.633,71.57
2023-05-22,2.3,0.638,71.81
2023-05-23,2.22,0.638,72.87
2023-05-24,2.25,0.643,74.37
2023-05-25,2.23,0.62,71.68
2023-05-26,1.88,0.62,72.35
2023-05-30,2.11,0.62,69.45
2023-05-31,2.1,0.62,68.11
2023-06-01,1.77,0.61,70.09
2023-06-02,1.74,0.603,71.76
2023-06-05,1.92,0.603,72.14
2023-06-06,1.95,0.613,71.71
2023-06-07,2.13,0.613,72.52
2023-06-08,2.1,0.6,71.28
2023-06-09,1.85,0.588,70.16
2023-06-12,1.9,0.548,67.08
2023-06-13,2.0,0.548,69.39
2023-06-14,2.05,0.555,68.22
2023-06-15,2.18,0.56,70.61
2023-06-16,2.13,0.575,71.81
2023-06-20,2.38,0.573,70.94
2023-06-21,2.24,0.583,72.55
2023-06-22,2.27,0.565,69.22
2023-06-23,2.22,0.571,68.91
2023-06-26,2.62,0.558,69.09
2023-06-27,2.68,0.558,67.68
2023-06-28,2.71,0.543,69.54
2023-06-29,2.4,0.543,69.85
2023-06-30,2.48,0.541,70.66
2023-07-03,2.48,0.525,69.71
2023-07-05,2.65,0.53,71.78
2023-07-06,2.5,0.54,71.76
2023-07-07,2.49,0.573,73.91
2023-07-10,2.55,0.586,73.05
2023-07-11,2.57,0.625,74.87
2023-07-12,2.55,0.62,75.77
2023-07-13,2.5,0.628,76.86
2023-07-14,2.5,0.613,75.44
2023-07-17,2.46,0.6,74.17
2023-07-18,2.52,0.633,75.76
2023-07-19,2.51,0.653,75.4
2023-07-20,2.61,0.655,75.65
2023-07-21,2.61,0.66,77.06
2023-07-24,2.68,0.66,78.81
2023-07-25,2.66,0.664,79.76
2023-07-26,2.6,0.673,79.11
2023-07-27,2.47,0.703,80.17
2023-07-28,2.53,0.724,80.55
2023-07-31,2.58,0.723,81.8
2023-08-01,2.49,0.73,81.37
2023-08-02,2.43,0.708,79.5
2023-08-03,2.44,0.728,81.56
2023-08-04,2.53,0.728,82.76
2023-08-07,2.65,0.738,81.94
2023-08-08,2.77,0.728,82.94
2023-08-09,2.92,0.718,84.35
2023-08-10,2.83,0.71,82.81
2023-08-11,2.61,0.7,83.17
2023-08-14,2.74,0.66,82.5
2023-08-15,2.65,0.62,81.06
2023-08-16,2.55,0.615,79.4
2023-08-17,2.56,0.619,80.43
2023-08-18,2.44,0.63,81.25
2023-08-21,2.6,0.643,80.71
2023-08-22,2.58,0.645,80.25
2023-08-23,2.6,0.65,78.91
2023-08-24,2.42,0.668,79.52
2023-08-25,2.46,0.659,80.47
2023-08-28,2.6,0.678,80.65
2023-08-29,2.5,0.673,81.14
2023-08-30,2.48,0.683,81.64
2023-08-31,2.56,0.693,83.55
2023-09-01,2.7,0.721,85.52
2023-09-05,2.6,0.735,86.74
2023-09-06,2.49,0.736,87.55
2023-09-07,2.45,0.738,86.87
2023-09-08,2.53,0.756,87.51
2023-09-11,2.5,0.756,87.3
2023-09-12,2.72,0.783,88.87
2023-09-13,2.76,0.769,88.59
2023-09-14,2.81,0.769,90.13
2023-09-15,2.74,0.769,90.83
2023-09-18,2.54,0.763,91.47
2023-09-19,2.46,0.738,91.16
2023-09-20,2.78,0.713,89.2
2023-09-21,2.7,0.703,89.56
2023-09-22,2.63,0.703,90.0
2023-09-25,2.63,0.675,89.68
2023-09-26,2.55,0.67,91.43
2023-09-27,2.72,0.71,93.67
2023-09-28,2.74,0.7,91.65
2023-09-29,2.68,0.693,90.77
2023-10-02,2.7,0.719,88.81
2023-10-03,2.71,0.728,89.26
2023-10-04,2.92,0.698,84.32
2023-10-05,2.92,0.689,82.3
2023-10-06,3.3,0.68,82.83
2023-10-09,,0.69,
2023-10-10,3.34,0.685,85.89
2023-10-11,3.19,0.689,83.7
2023-10-12,3.16,0.69,82.87
2023-10-13,3.11,0.7,87.67
2023-10-16,2.98,0.663,86.65
2023-10-17,2.94,0.623,86.66
2023-10-18,2.92,0.693,88.35
2023-10-19,2.84,0.663,89.35
2023-10-20,2.6,0.655,89.12
2023-10-23,2.65,0.661,85.49
2023-10-24,2.85,0.651,84.58
2023-10-25,2.86,0.658,86.07
2023-10-26,2.87,0.649,83.8
2023-10-27,3.24,0.649,86.04
2023-10-30,3.17,0.649,83.03
2023-10-31,3.34,0.663,81.64
2023-11-01,3.19,0.661,81.05
2023-11-02,3.12,0.65,83.04
2023-11-03,3.0,0.643,81.19
2023-11-06,2.71,0.648,81.54
2023-11-07,2.0,0.63,77.96
2023-11-08,2.18,0.619,75.85
2023-11-09,2.71,0.619,76.34
2023-11-10,2.71,0.63,
2023-11-13,2.61,0.63,78.86
2023-11-14,2.69,0.628,78.9
2023-11-15,2.88,0.628,77.15
2023-11-16,2.91,0.62,73.5
2023-11-17,2.62,0.64,76.47
2023-11-20,2.49,0.66,78.1
2023-11-21,2.63,0.648,78.35
2023-11-22,2.72,0.643,76.8
2023-11-24,2.72,0.628,74.83
2023-11-27,2.74,0.636,74.46
2023-11-28,2.78,0.643,76.09
2023-11-29,2.7,0.66,77.56
2023-11-30,2.75,0.66,75.66
2023-12-01,2.63,0.723,73.7
2023-12-04,2.55,0.73,72.73
2023-12-05,2.72,0.708,71.95
2023-12-06,2.76,0.685,68.98
2023-12-07,2.52,0.698,69.0
2023-12-08,2.57,0.705,70.87
2023-12-11,2.39,0.68,70.95
2023-12-12,2.37,0.659,68.27
2023-12-13,2.33,0.668,69.09
2023-12-14,2.39,0.67,71.21
2023-12-15,2.44,0.67,71.05
2023-12-18,2.59,0.674,72.16
2023-12-19,2.44,0.674,73.23
2023-12-20,2.48,0.681,73.87
2023-12-21,2.48,0.678,73.59
2023-12-22,2.54,0.683,73.29
2023-12-26,2.5,0.683,75.84
2023-12-27,2.63,0.683,74.31
2023-12-28,2.55,0.69,72.02
2023-12-29,2.58,0.699,71.89
2024-01-02,2.56,0.695,70.62
2024-01-03,2.57,0.695,72.97
2024-01-04,2.83,0.689,72.38
2024-01-05,2.75,0.7,74.0
2024-01-08,2.72,0.693,71.06
2024-01-09,3.25,0.735,72.43
2024-01-10,3.25,0.775,71.57
2024-01-11,3.15,0.775,72.15
2024-01-12,13.2,0.815,72.94
2024-01-16,3.25,0.835,72.63
2024-01-17,2.86,0.865,72.79
2024-01-18,2.88,0.935,74.32
2024-01-19,2.7,0.915,73.69
2024-01-22,2.35,0.893,75.26
2024-01-23,2.15,0.883,74.72
2024-01-24,2.45,0.9,75.48
2024-01-25,2.56,0.883,77.91
2024-01-26,2.36,0.853,78.45
2024-01-29,2.41,0.885,77.25
2024-01-30,2.26,0.893,78.3
2024-01-31,2.19,0.935,76.28
2024-02-01,2.15,0.935,74.36
2024-02-02,2.01,0.935,72.72
2024-02-05,2.12,0.945,73.21
2024-02-06,2.1,,
2024-02-07,1.94,0.911,74.26
2024-02-08,1.74,0.906,76.67
2024-02-09,1.74,0.926,77.26
2024-02-12,1.76,0.923,77.34
2024-02-13,1.61,0.925,78.28
2024-02-14,1.51,0.939,77.09
2024-02-15,1.53,0.954,78.47
2024-02-16,1.55,0.943,79.65
2024-02-20,1.5,0.923,78.72
2024-02-21,1.58,0.873,78.89
2024-02-22,1.62,0.871,79.64
2024-02-23,1.52,0.873,77.6
2024-02-26,1.65,0.87,78.53
2024-02-27,1.52,0.868,79.8
2024-02-28,1.61,0.854,79.44
2024-02-29,1.67,0.853,79.22
2024-03-01,1.47,0.84,80.9
2024-03-04,1.48,0.808,79.67
2024-03-05,1.51,0.81,79.11
2024-03-06,1.67,0.815,80.08
2024-03-07,1.56,0.803,79.81
2024-03-08,1.54,0.78,78.96
2024-03-11,1.54,0.75,78.87
2024-03-12,1.57,0.748,78.51
2024-03-13,1.25,0.766,80.67
2024-03-14,1.26,0.773,82.16
2024-03-15,1.38,0.785,81.94
2024-03-18,1.54,0.805,83.68
2024-03-19,1.55,0.821,84.39
2024-03-20,1.58,0.813,82.79
2024-03-21,1.55,0.818,81.99
2024-03-22,1.5,0.818,81.1
2024-03-25,1.46,0.83,82.41
2024-03-26,1.48,0.828,82.41
2024-03-27,1.43,0.824,82.15
2024-03-28,1.54,0.823,83.96
2024-04-01,1.64,0.813,84.54
2024-04-02,1.65,0.83,85.95
2024-04-03,1.86,0.838,86.22
2024-04-04,1.78,0.843,87.37
2024-04-05,1.58,0.848,87.69
2024-04-08,1.73,0.83,87.24
2024-04-09,1.83,0.819,86.04
2024-04-10,1.9,0.823,86.98
2024-04-11,1.62,0.828,85.79
2024-04-12,1.36,0.828,86.46
2024-04-15,1.41,0.793,86.21
2024-04-16,1.38,,
2024-04-17,1.5,0.783,83.58
2024-04-18,1.59,0.774,83.5
2024-04-19,1.43,0.78,83.79
2024-04-22,1.64,0.775,83.82
2024-04-23,1.59,0.769,84.17
2024-04-24,1.6,0.763,84.09
2024-04-25,1.46,0.763,84.92
2024-04-26,1.4,0.783,85.38
2024-04-29,1.55,0.769,84.26
2024-04-30,1.68,0.753,83.49
2024-05-01,1.63,0.723,80.7
2024-05-02,1.66,0.709,80.59
2024-05-03,1.67,0.683,79.65
2024-05-06,1.88,0.675,80.1
2024-05-07,1.95,0.685,79.97
2024-05-08,2.01,0.693,80.57
2024-05-09,2.03,0.683,80.86
2024-05-10,2.14,0.68,79.81
2024-05-13,2.11,0.685,80.71
2024-05-14,2.14,0.683,79.62
2024-05-15,2.12,0.675,80.23
2024-05-16,2.32,0.68,80.85
2024-05-17,2.44,0.68,81.66
2024-05-20,2.52,0.693,81.39
2024-05-21,2.52,0.691,80.66
2024-05-22,2.51,0.704,79.15
2024-05-23,2.64,0.718,77.47
2024-05-24,2.22,0.728,78.48
2024-05-28,2.29,0.733,80.9
2024-05-29,2.2,0.733,80.24
2024-05-30,1.87,0.71,78.96
2024-05-31,1.78,0.705,77.97
2024-06-03,2.55,0.683,75.26
2024-06-04,2.58,0.675,74.27
2024-06-05,2.27,0.68,75.08
2024-06-06,2.3,0.7,76.52
2024-06-07,2.46,0.706,76.53
2024-06-10,2.61,0.734,78.75
2024-06-11,2.71,0.753,78.88
2024-06-12,2.8,0.78,79.56
2024-06-13,2.79,0.785,79.61
2024-06-14,2.74,0.79,79.41
2024-06-17,2.5,0.79,81.33
2024-06-18,2.43,0.783,82.67
2024-06-20,2.39,0.79,83.34
2024-06-21,2.44,0.788,81.71
2024-06-24,2.58,0.783,82.63
2024-06-25,2.61,0.795,81.97
2024-06-26,2.45,0.805,82.19
2024-06-27,2.55,0.823,83.04
2024-06-28,2.42,0.835,82.83
2024-07-01,2.21,0.845,84.7
2024-07-02,2.06,0.845,84.09
2024-07-03,2.02,0.843,85.19
2024-07-05,2.02,,84.44
2024-07-08,2.1,0.835,83.63
2024-07-09,2.42,0.826,82.78
2024-07-10,2.4,0.814,83.39
2024-07-11,2.23,0.81,83.92
2024-07-12,2.17,0.81,83.49
2024-07-15,2.12,0.795,83.22
2024-07-16,2.1,0.785,81.92
2024-07-17,1.98,0.783,84.16
2024-07-18,2.0,0.781,84.17
2024-07-19,1.88,0.775,81.43
2024-07-22,2.19,0.776,81.25
2024-07-23,2.13,0.774,78.24
2024-07-24,2.0,0.778,78.78
2024-07-25,2.0,0.778,79.43
2024-07-26,1.98,0.778,78.58
2024-07-29,1.9,0.769,77.27
2024-07-30,1.81,0.768,76.17
2024-07-31,1.94,0.776,79.36
2024-08-01,1.95,0.749,77.74
2024-08-02,1.89,0.72,74.99
2024-08-05,1.83,0.715,74.46
2024-08-06,1.83,0.735,74.6
2024-08-07,1.96,0.765,76.68
2024-08-08,1.85,0.76,77.64
2024-08-09,1.94,0.751,78.28
2024-08-12,2.1,0.765,81.45
2024-08-13,2.16,0.764,79.81
2024-08-14,2.18,0.755,78.47
2024-08-15,2.19,0.758,79.66
2024-08-16,2.01,0.753,78.05
2024-08-19,2.12,0.755,75.82
2024-08-20,2.18,0.768,75.27
2024-08-21,2.14,0.76,72.76
2024-08-22,1.93,0.748,73.72
2024-08-23,1.82,0.773,75.82
2024-08-26,2.13,0.775,78.4
2024-08-27,1.91,0.768,76.5
2024-08-28,1.89,0.759,75.49
2024-08-29,1.85,0.76,76.9
2024-08-30,1.93,0.749,74.52
2024-09-03,1.93,0.735,71.28
2024-09-04,2.05,0.72,70.11
2024-09-05,2.02,0.69,70.09
2024-09-06,2.09,0.663,68.58
2024-09-09,2.03,0.628,69.65
2024-09-10,2.13,0.625,66.73
2024-09-11,2.13,0.64,68.25
2024-09-12,2.13,0.645,69.89
2024-09-13,2.25,0.635,69.59
2024-09-16,2.23,0.635,71.1
2024-09-17,2.33,0.685,72.16
2024-09-18,2.31,0.673,71.87
2024-09-19,2.24,0.655,72.86
2024-09-20,2.2,0.655,72.72
2024-09-23,2.4,0.655,71.33
2024-09-24,2.61,0.673,72.34
2024-09-25,2.62,0.635,70.42
2024-09-26,2.64,0.588,68.28
2024-09-27,2.53,0.588,68.72
2024-09-30,2.65,0.69,68.75
2024-10-01,2.67,0.73,70.41
2024-10-02,2.77,0.78,70.74
2024-10-03,2.75,0.825,74.33
2024-10-04,2.49,0.825,74.93
2024-10-07,2.51,0.84,77.76
2024-10-08,2.51,0.84,74.26
2024-10-09,2.43,0.808,73.85
2024-10-10,2.26,0.8,76.46
2024-10-11,2.31,0.783,76.11
2024-10-14,,0.78,76.11
2024-10-15,2.37,0.75,71.22
2024-10-16,2.21,0.743,70.97
2024-10-17,2.19,0.75,71.26
2024-10-18,1.82,0.748,69.78
2024-10-21,1.76,0.745,71.16
2024-10-22,1.76,0.765,72.84
2024-10-23,1.9,0.768,71.37
2024-10-24,2.04,0.788,70.58
2024-10-25,1.93,0.745,72.02
2024-10-28,2.03,0.745,67.65
2024-10-29,1.82,0.745,67.48
2024-10-30,2.03,0.745,68.91
2024-10-31,1.82,0.745,69.58
2024-11-01,1.42,0.745,69.81
2024-11-04,1.35,0.81,71.83
2024-11-05,1.62,0.81,72.26
2024-11-06,1.8,0.808,71.98
2024-11-07,1.49,0.813,72.69
2024-11-08,1.21,0.806,70.69
2024-11-11,1.21,0.799,70.69
2024-11-12,1.92,0.798,68.43
2024-11-13,2.06,0.793,68.76
2024-11-14,2.11,0.785,68.99
2024-11-15,1.65,0.784,67.33
2024-11-18,2.08,0.784,69.46
2024-11-19,2.1,0.793,69.75
2024-11-20,2.32,0.804,69.25
2024-11-21,2.84,0.816,70.39
2024-11-22,2.41,0.83,71.68
2024-11-25,2.78,0.829,69.41
2024-11-26,3.19,0.823,69.05
2024-11-27,3.39,0.823,69.03
2024-11-29,3.39,,68.26
2024-12-02,3.05,0.8,68.35
2024-12-03,2.94,0.81,70.15
2024-12-04,2.75,0.783,68.81
2024-12-05,2.95,0.765,68.58
2024-12-06,2.83,0.758,68.58
2024-12-09,3.05,0.764,68.65
2024-12-10,2.9,0.763,68.85
2024-12-11,2.9,0.774,70.57
2024-12-12,3.12,0.773,70.25
2024-12-13,3.15,0.768,71.54
2024-12-16,2.87,0.769,71.03
2024-12-17,2.85,0.766,70.31
2024-12-18,3.01,0.763,70.8
2024-12-19,3.15,0.754,70.1
2024-12-20,3.1,0.759,69.71
2024-12-23,2.89,0.765,69.5
2024-12-24,2.95,0.763,70.87
2024-12-26,2.96,0.763,70.38
2024-12-27,2.91,0.771,71.28
2024-12-30,3.39,0.78,71.73
2024-12-31,3.4,0.815,72.44
2025-01-02,3.65,0.848,73.79
2025-01-03,3.4,0.861,74.64
2025-01-06,4.05,0.874,74.31
2025-01-07,3.8,0.865,74.99
2025-01-08,3.75,0.864,73.99
2025-01-09,3.94,0.86,
2025-01-10,4.13,0.878,77.27
2025-01-13,4.4,0.908,79.57
2025-01-14,4.32,0.925,78.2
2025-01-15,4.45,0.956,80.73
2025-01-16,4.3,0.97,79.35
2025-01-17,9.86,0.983,78.56
2025-01-21,4.4,0.925,76.79
2025-01-22,3.91,0.918,76.12
2025-01-23,3.91,0.911,75.03
2025-01-24,3.84,0.906,74.97
2025-01-27,3.71,0.893,73.51
2025-01-28,3.4,0.885,74.15
2025-01-29,3.38,0.895,72.94
2025-01-30,3.12,0.886,73.1
2025-01-31,2.93,0.915,72.84
2025-02-03,3.3,0.929,73.52
2025-02-04,3.25,0.92,73.04
2025-02-05,3.22,0.915,71.39
2025-02-06,3.31,0.919,70.97
2025-02-07,3.32,0.928,71.32
2025-02-10,3.48,0.94,72.73
2025-02-11,3.65,0.943,73.67
2025-02-12,3.97,0.925,71.72
2025-02-13,4.43,0.923,71.66
2025-02-14,4.6,0.915,71.05
2025-02-18,6.4,0.904,72.21
2025-02-19,7.15,0.901,72.58
2025-02-20,5.62,0.901,72.88
2025-02-21,4.43,0.9,70.72
2025-02-24,3.86,0.901,71.06
2025-02-25,3.88,0.919,69.15
2025-02-26,3.9,0.948,68.87
2025-02-27,3.91,0.99,70.62
2025-02-28,3.91,0.958,69.97
2025-03-03,3.8,0.895,68.63
2025-03-04,4.39,0.87,68.47
2025-03-05,4.4,0.843,66.58
2025-03-06,4.39,0.845,66.62
2025-03-07,4.39,0.856,67.29
2025-03-10,4.23,0.836,66.31
2025-03-11,4.57,0.836,66.52
2025-03-12,4.18,0.851,67.65
2025-03-13,3.89,0.849,66.82
2025-03-14,3.89,0.854,67.43
2025-03-17,4.15,0.856,67.84
2025-03-18,4.17,0.85,67.49
2025-03-19,4.21,0.854,67.4
2025-03-20,4.23,0.87,68.55
2025-03-21,3.93,0.889,68.52
2025-03-24,4.03,0.905,69.46
2025-03-25,3.94,0.905,69.48
2025-03-26,3.85,0.919,70.05
2025-03-27,3.88,0.898,70.3
2025-03-28,3.89,0.896,69.74
2025-03-31,4.11,0.903,71.87
2025-04-01,3.96,0.92,71.61
2025-04-02,4.04,0.921,72.12
2025-04-03,4.21,0.875,67.43
2025-04-04,4.04,0.78,62.42
2025-04-07,3.97,0.768,61.05
2025-04-08,3.85,0.71,60.04
2025-04-09,3.42,0.7,62.63
2025-04-10,3.7,0.77,60.57
2025-04-11,3.44,0.79,61.91
2025-04-14,3.57,0.809,61.99
2025-04-15,3.27,0.813,61.74
2025-04-16,3.25,0.858,62.88
2025-04-17,2.94,0.86,65.07
2025-04-21,3.16,0.844,63.48
2025-04-22,3.12,0.863,64.6
2025-04-23,3.12,0.865,62.64
2025-04-24,2.87,0.876,63.55
2025-04-25,2.71,0.92,63.85
2025-04-28,2.96,0.945,63.3
2025-04-29,3.17,0.963,61.84
2025-04-30,3.12,0.915,59.55
2025-05-01,3.08,0.725,60.59
2025-05-02,3.1,0.731,59.67
2025-05-05,3.26,0.699,58.5
2025-05-06,3.08,0.714,60.42
2025-05-07,3.18,0.68,59.42
2025-05-08,3.23,0.706,61.25
2025-05-09,3.22,0.719,62.37
2025-05-12,3.19,0.775,63.32
2025-05-13,3.27,0.768,65.04
2025-05-14,3.31,0.795,64.48
2025-05-15,3.2,0.783,63.03
2025-05-16,3.01,0.783,63.84
2025-05-19,2.96,0.774,63.98
2025-05-20,3.15,0.77,63.97
2025-05-21,3.2,0.769,62.93
2025-05-22,3.0,0.755,62.55
2025-05-23,2.93,0.755,62.89
2025-05-27,3.2,0.756,61.61
2025-05-28,3.09,0.748,62.54
2025-05-29,2.97,0.735,61.66
2025-05-30,2.86,0.728,61.46
2025-06-02,3.0,0.723,63.27
2025-06-03,2.84,0.725,64.1
2025-06-04,2.8,0.705,63.57
2025-06-05,2.86,0.723,64.06
2025-06-06,2.68,0.746,65.3
2025-06-09,3.13,0.748,65.99
2025-06-10,2.79,0.748,65.66
2025-06-11,2.73,0.773,68.91
2025-06-12,2.9,0.776,68.73
2025-06-13,2.65,0.813,73.84
2025-06-16,2.9,0.809,72.53
2025-06-17,2.9,0.809,75.62
2025-06-18,3.43,0.803,75.89
2025-06-20,3.09,0.801,75.72
2025-06-23,3.5,0.789,69.36
2025-06-24,3.3,0.748,65.45
2025-06-25,3.26,0.731,65.98
2025-06-26,3.23,0.72,66.44
2025-06-27,3.23,0.718,66.66
2025-06-30,3.26,0.72,66.3
2025-07-01,3.14,0.709,66.64
2025-07-02,3.1,0.709,68.66
2025-07-03,3.24,0.714,68.13
2025-07-07,3.24,0.724,69.16
2025-07-08,3.2,0.733,69.55
2025-07-09,3.08,0.733,69.61
2025-07-10,3.11,0.725,67.78
2025-07-11,3.22,0.741,69.63
2025-07-14,3.21,0.718,68.19
2025-07-15,3.31,0.718,67.76
2025-07-16,3.42,0.693,67.13
2025-07-17,3.52,0.686,68.76
2025-07-18,3.5,0.7,68.53
2025-07-21,3.5,0.685,68.39
2025-07-22,3.16,0.673,67.56
2025-07-23,3.08,0.693,66.05
2025-07-24,3.13,0.703,67.16
2025-07-25,3.1,0.703,66.38
2025-07-28,3.12,0.715,67.81
2025-07-29,3.08,0.718,70.27
2025-07-30,2.98,0.735,71.09
2025-07-31,2.99,0.724,70.36
2025-08-01,3.0,0.696,68.39
2025-08-04,2.89,0.69,67.33
2025-08-05,2.98,0.675,66.2
2025-08-06,3.02,0.661,65.38
2025-08-07,3.05,0.649,64.9
2025-08-08,3.03,0.658,64.94
2025-08-11,3.05,0.661,65.03
2025-08-12,2.93,0.66,64.22
2025-08-13,2.95,0.668,63.68
2025-08-14,2.78,0.674,64.99
2025-08-15,2.98,0.658,63.78
2025-08-18,2.96,0.649,64.51
2025-08-19,2.87,0.656,63.38
2025-08-20,2.8,0.675,64.19
2025-08-21,2.88,0.685,64.56
2025-08-22,2.76,0.669,64.08
2025-08-25,2.76,0.678,65.18
2025-08-26,2.82,0.674,63.6
2025-08-27,2.88,0.68,64.49
2025-08-28,2.9,0.679,64.96
2025-08-29,2.88,0.668,64.36
2025-09-02,2.7,0.668,65.95
2025-09-03,3.0,0.695,64.36
2025-09-04,3.11,0.683,63.81
2025-09-05,3.05,0.683,62.22
2025-09-08,3.1,0.683,62.6
2025-09-09,3.12,0.683,62.97
2025-09-10,2.89,0.693,64.01
2025-09-11,2.81,0.674,62.71
2025-09-12,2.86,0.676,63.02
2025-09-15,3.0,0.676,63.66
2025-09-16,3.07,0.701,64.89
2025-09-17,3.19,0.693,64.41
2025-09-18,3.1,0.69,63.91
2025-09-19,2.89,0.69,63.02
2025-09-22,2.9,0.689,62.99
2025-09-23,2.86,0.69,63.76
2025-09-24,2.88,0.703,65.4
2025-09-25,2.98,0.705,65.51
2025-09-26,2.9,0.708,66.5
2025-09-29,2.93,0.693,64.27
2025-09-30,3.12,0.678,63.17
2025-10-01,3.24,0.673,62.59
2025-10-02,3.32,0.671,61.28
2025-10-03,3.19,0.671,61.65
2025-10-06,3.32,0.663,62.49
2025-10-07,3.32,0.663,62.52
2025-10-08,3.35,0.644,63.37
2025-10-09,3.25,0.649,62.36
2025-10-10,2.9,0.611,59.75
2025-10-13,,0.624,
2025-10-14,2.83,0.61,59.52
2025-10-15,2.79,0.62,59.08
2025-10-16,2.82,0.604,58.29
2025-10-17,2.65,0.596,58.3
2025-10-20,2.99,0.581,58.34
2025-10-21,3.28,0.604,58.66
2025-10-22,3.45,0.619,59.3
2025-10-23,3.34,0.64,62.44
2025-10-24,3.21,0.664,62.27
2025-10-27,3.3,0.674,62.13
2025-10-28,3.44,0.648,60.97
2025-10-29,3.36,0.65,61.26
2025-10-30,3.46,0.651,61.36
2025-10-31,3.57,0.648,61.75
2025-11-03,3.37,0.635,61.79
2025-11-04,3.35,0.608,61.38
2025-11-05,3.51,0.589,60.4
2025-11-06,3.71,0.58,60.24
2025-11-07,3.76,0.629,60.54
2025-11-10,3.8,0.596,60.94
2025-11-11,,0.623,
2025-11-12,3.6,0.61,59.3
2025-11-13,3.6,0.598,59.54
2025-11-14,3.49,0.606,60.87
2025-11-17,3.71,0.601,60.66
2025-11-18,3.7,0.604,61.51
2025-11-19,3.94,0.586,60.27
2025-11-20,3.97,0.588,60.07
2025-11-21,4.13,0.646,58.86
2025-11-24,4.15,0.598,59.11
2025-11-25,4.12,0.583,58.25
2025-11-26,4.59,0.605,58.81
2025-11-28,,,58.58
2025-12-01,5.08,0.68,59.47
2025-12-02,4.83,0.666,58.81
2025-12-03,4.86,0.681,59.09
2025-12-04,4.89,0.679,59.82
2025-12-05,5.19,0.691,60.23
2025-12-08,5.19,0.691,59.04
2025-12-09,4.76,0.676,58.4
2025-12-10,4.62,0.676,58.67
2025-12-11,4.35,0.658,57.76
2025-12-12,4.07,0.643,57.61
2025-12-15,3.9,0.634,56.97
2025-12-16,3.58,0.62,55.44
2025-12-17,3.66,0.616,56.07
2025-12-18,3.87,0.614,56.22
2025-12-19,3.58,0.623,56.8
2025-12-22,3.67,0.623,58.18
2025-12-23,3.38,0.624,58.55
2025-12-24,3.31,0.626,58.72
2025-12-26,,,56.6
2025-12-29,4.35,0.619,57.89
2025-12-30,4.4,0.61,57.79
2025-12-31,4.0,0.61,57.26
2026-01-02,,,57.21
2026-01-05,2.82,0.593,58.1
2026-01-06,2.85,0.603,56.97
2026-01-07,3.1,0.591,56.01
2026-01-08,2.92,0.595,57.74
2026-01-09,2.87,0.608,58.96
2026-01-12,2.9,0.595,59.39
2026-01-13,3.0,0.606,60.85
2026-01-14,3.13,0.601,61.84
2026-01-15,2.92,0.584,59.13
2026-01-16,3.06,0.595,59.4
2026-01-20,4.0,0.605,60.3
2026-01-21,4.96,0.664,60.38
2026-01-22,8.42,0.664,59.24
2026-01-23,30.72,0.648,60.7
2026-01-26,25.01,0.643,60.46
2026-01-27,17.19,0.646,62.04
2026-01-28,9.34,0.653,62.75
2026-01-29,10.25,0.661,64.77
2026-01-30,7.18,0.659,64.5
2026-02-02,4.4,0.621,61.6
2026-02-03,4.11,0.628,62.62
2026-02-04,6.88,0.638,64.56
2026-02-05,5.28,0.621,62.9
2026-02-06,4.37,0.62,63.77
2026-02-09,3.25,0.62,64.53
2026-02-10,3.18,0.613,64.2
2026-02-11,3.25,0.618,64.8
2026-02-12,3.43,0.598,63.08
2026-02-13,3.24,0.598,63.05
2026-02-17,3.13,0.593,62.53
2026-02-18,2.98,0.606,65.33
2026-02-19,3.09,0.606,66.66
2026-02-20,3.15,0.615,66.69
2026-02-23,3.13,0.605,66.36
2026-02-24,2.99,0.585,65.62
2026-02-25,3.02,0.603,65.3
2026-02-26,2.94,0.615,65.1
2026-02-27,2.99,0.663,66.96
2026-03-02,2.99,0.674,71.13
2026-03-03,3.1,0.71,74.48
2026-03-04,2.87,0.683,74.58
2026-03-05,2.9,0.705,80.88
2026-03-06,3.1,0.74,90.77
2026-03-09,3.25,0.745,94.65
2026-03-10,3.08,0.678,83.71
2026-03-11,3.15,0.701,86.8
2026-03-12,3.27,0.73,95.61
2026-03-13,3.2,0.79,98.48
2026-03-16,3.03,0.724,93.39
2026-03-17,3.14,0.724,96.01
2026-03-18,3.12,0.724,96.12
2026-03-19,3.21,0.724,96.11
2026-03-20,3.04,0.724,98.71
2026-03-23,2.94,0.724,89.33
2026-03-24,2.9,0.724,93.18
2026-03-25,2.94,0.724,91.51
2026-03-26,2.99,0.724,96.18
2026-03-27,2.99,0.724,101.26
2026-03-30,2.88,0.835,104.69
2026-03-31,2.88,0.765,102.86
2026-04-01,2.99,0.715,101.9
2026-04-02,2.86,0.734,113.23
2026-04-06,3.04,0.728,114.01
2026-04-07,3.01,0.736,114.58
2026-04-08,2.78,0.695,96.17
2026-04-09,2.78,0.695,99.62
2026-04-10,2.64,0.695,98.34
2026-04-13,2.79,0.77,100.72
2026-04-14,2.79,0.754,93.07
2026-04-15,2.78,0.756,93.04
2026-04-16,2.78,0.779,96.46
2026-04-17,2.71,0.745,85.91
2026-04-20,2.81,0.76,91.06
2026-04-21,2.76,0.77,93.64
2026-04-22,2.75,0.785,94.76
2026-04-23,2.65,0.83,99.27
2026-04-24,2.54,0.82,98.42
2026-04-27,2.72,0.819,99.89
2026-04-28,2.7,0.818,103.45
2026-04-29,2.6,0.845,110.47
2026-04-30,2.64,0.831,108.64
2026-05-01,2.63,0.884,105.38
2026-05-04,2.67,0.915,109.76
2026-05-05,2.83,0.829,105.66
2026-05-06,2.75,0.795,98.75
2026-05-07,2.7,0.796,98.38
2026-05-08,2.75,0.825,98.87
2026-05-11,2.82,0.843,101.56
2026-05-12,2.91,0.864,105.78
2026-05-13,2.88,0.836,104.52
2026-05-14,2.79,0.824,104.66
2026-05-15,2.89,0.85,108.99
2026-05-18,3.07,0.843,112.25
2026-05-19,3.23,0.838,112.09
2026-05-20,3.18,0.779,101.69
2026-05-21,3.14,0.855,100.2
2026-05-22,2.92,,100.35
2026-05-26,3.1,0.793,97.63
2026-05-27,3.13,0.786,92.35
2026-05-28,3.04,0.806,92.65
2026-05-29,3.34,0.805,91.16
2026-06-01,3.07,0.843,95.96
2026-06-02,2.97,0.848,97.47
2026-06-03,2.97,0.87,99.76
2026-06-04,3.08,0.811,96.83
2026-06-05,3.05,0.81,94.32
2026-06-08,3.1,0.796,95.0
2026-06-09,3.18,0.78,91.9
2026-06-10,3.27,0.785,93.68
2026-06-11,3.16,0.778,91.58
2026-06-12,3.06,0.758,88.62
2026-06-15,3.06,0.729,84.65
2026-06-16,3.1,0.714,79.8
2026-06-17,3.25,0.718,80.65
2026-06-18,3.08,0.715,80.35
2026-06-22,3.16,0.703,78.94
2026-06-23,3.15,0.7,74.62
2026-06-24,3.19,0.681,71.42
2026-06-25,3.21,0.723,72.67
2026-06-26,3.26,0.689,70.3
2026-06-29,3.33,0.703,71.87
2026-06-30,3.34,0.703,70.56
2026-07-01,3.34,0.685,69.74
2026-07-02,3.34,0.671,69.73
2026-07-06,3.29,0.676,69.6
2026-07-07,3.13,0.683,71.53
2026-07-08,3.13,0.725,74.56
2026-07-09,3.17,0.7,73.15
2026-07-10,2.73,0.683,72.45
2026-07-13,2.83,0.721,79.2
2026-07-14,2.76,0.725,80.44
2026-07-15,2.8,0.754,80.73
2026-07-16,2.83,0.721,80.03
2026-07-17,2.75,0.759,83.43
2026-07-20,2.8,0.726,84.38
2026-07-21,2.8,0.723,86.04
2026-07-22,2.93,0.723,87.66
2026-07-23,2.92,0.726,93.08
2026-07-24,2.87,0.71,91.74
2026-07-27,2.63,0.678,84.25
2026-07-28,2.65,0.661,80.91
2026-07-29,2.58,0.689,86.08
2026-07-30,2.65,0.67,85.15
2026-07-31,2.59,0.659,86.16
2026-08-03,2.81,0.655,81.96
2026-08-04,2.74,0.646,77.33
2026-08-05,2.6,0.651,76.78
2026-08-06,2.6,0.66,78.88
2026-08-07,2.56,0.664,79.77
2026-08-10,2.72,0.673,83.76
2026-08-11,2.79,0.673,84.77
2026-08-12,2.82,0.689,84.97
2026-08-13,2.82,0.679,82.77
2026-08-14,2.79,0.681,83.99
2026-08-17,2.77,0.698,86.04
2026-08-18,2.82,0.723,86.48
2026-08-19,2.94,0.723,87.28
2026-08-20,2.94,0.771,89.75
2026-08-21,2.82,0.723,87.21
2026-08-24,2.83,0.693,86.34
2026-08-25,2.7,0.685,83.9
