surface,ticker,x_value_pct,y_value_pct,fair_value,market_price,value_gap_pct,weighted_enterprise_value_usd,terminal_value_share_pct,production_eligible
TERMINAL_MARGIN_X_WACC,AR,12.0,6.5,43.45751318786069,37.93999862670898,14.542737904232549,16289668056.074005,95.29709725197651,False
TERMINAL_MARGIN_X_WACC,AR,12.0,7.5,30.18902408081636,37.93999862670898,-20.429559373879602,12178612465.103817,94.13473532894297,False
TERMINAL_MARGIN_X_WACC,AR,12.0,8.5,21.87912859677386,37.93999862670898,-42.33228943405548,9603907687.910027,93.07173849208496,False
TERMINAL_MARGIN_X_WACC,AR,12.0,9.5,16.178802996111624,37.93999862670898,-57.35686984257802,7837741605.103241,92.10053786652495,False
TERMINAL_MARGIN_X_WACC,AR,12.0,10.5,12.027357278676416,37.93999862670898,-68.2990044437972,6551474269.795986,91.21707500956738,False
TERMINAL_MARGIN_X_WACC,AR,17.0,6.5,58.60044832654629,37.93999862670898,54.45558895010814,20981494507.703796,96.34874795800783,False
TERMINAL_MARGIN_X_WACC,AR,17.0,7.5,41.692542895990265,37.93999862670898,9.890733803663277,15742816720.72204,95.46264263243026,False
TERMINAL_MARGIN_X_WACC,AR,17.0,8.5,31.023804546127522,37.93999862670898,-18.229294493734105,12437257505.353968,94.650075876368,False
TERMINAL_MARGIN_X_WACC,AR,17.0,9.5,23.669965685096024,37.93999862670898,-37.61210716430323,10158773488.007412,93.90537222878676,False
TERMINAL_MARGIN_X_WACC,AR,17.0,10.5,18.297628323661726,37.93999862670898,-51.772195608935604,8494229969.290055,93.22585951917938,False
TERMINAL_MARGIN_X_WACC,AR,22.0,6.5,73.74338346523191,37.93999862670898,94.36843999598379,25673320959.333595,97.01601811520027,False
TERMINAL_MARGIN_X_WACC,AR,22.0,7.5,53.19606171116418,37.93999862670898,40.211026981206174,19307020976.340263,96.30026892695652,False
TERMINAL_MARGIN_X_WACC,AR,22.0,8.5,40.16848049548119,37.93999862670898,5.873700446587282,15270607322.797909,95.64271527954365,False
TERMINAL_MARGIN_X_WACC,AR,22.0,9.5,31.161128374080434,37.93999862670898,-17.867344486028415,12479805370.911585,95.0388695030624,False
TERMINAL_MARGIN_X_WACC,AR,22.0,10.5,24.567899368647048,37.93999862670898,-35.245386774073964,10436985668.784126,94.4868078854926,False
TERMINAL_MARGIN_X_WACC,AR,27.0,6.5,88.88631860391752,37.93999862670898,134.28129104185936,30365147410.963387,97.47708372271426,False
TERMINAL_MARGIN_X_WACC,AR,27.0,7.5,64.69958052633808,37.93999862670898,70.53132015874905,22871225231.95849,96.87682733611244,False
TERMINAL_MARGIN_X_WACC,AR,27.0,8.5,49.31315644483486,37.93999862670898,29.97669538690868,18103957140.241856,96.32464971915927,False
TERMINAL_MARGIN_X_WACC,AR,27.0,9.5,38.65229106306483,37.93999862670898,1.8774181922463606,14800837253.815754,95.81686211666755,False
TERMINAL_MARGIN_X_WACC,AR,27.0,10.5,30.838170413632355,37.93999862670898,-18.718577939212366,12379741368.278194,95.35199440952695,False
TERMINAL_MARGIN_X_WACC,AR,32.0,6.5,104.02925374260315,37.93999862670898,174.19414208773506,35056973862.593185,97.81473652102515,False
TERMINAL_MARGIN_X_WACC,AR,32.0,7.5,76.203099341512,37.93999862670898,100.85161333629196,26435429487.576714,97.29791469937581,False
TERMINAL_MARGIN_X_WACC,AR,32.0,8.5,58.45783239418852,37.93999862670898,54.07969032723003,20937306957.685795,96.82201803249151,False
TERMINAL_MARGIN_X_WACC,AR,32.0,9.5,46.14345375204925,37.93999862670898,21.62218087052119,17121869136.719929,96.3839261632544,False
TERMINAL_MARGIN_X_WACC,AR,32.0,10.5,37.108441458617676,37.93999862670898,-2.191769104350738,14322497067.772266,95.9824668271119,False
TERMINAL_MARGIN_X_WACC,AR,37.0,6.5,116.32002815516829,37.93999862670898,206.58943691495386,38865098243.484726,98.02885549946751,False
TERMINAL_MARGIN_X_WACC,AR,37.0,7.5,85.66605745689893,37.93999862670898,125.79351754797318,29367394578.215736,97.567683941324,False
TERMINAL_MARGIN_X_WACC,AR,37.0,8.5,66.0445880922901,37.93999862670898,74.07641139395315,23287956996.162796,97.14279857307021,False
TERMINAL_MARGIN_X_WACC,AR,37.0,9.5,52.3950848294497,37.93999862670898,38.09985958345461,19058849503.217377,96.7514333427617,False
TERMINAL_MARGIN_X_WACC,AR,37.0,10.5,42.36389274960419,37.93999862670898,11.66023796263631,15950825073.966364,96.39259368580994,False
TERMINAL_MARGIN_X_WACC,CNX,12.0,6.5,39.74968744426896,36.36000061035156,9.322570893885974,7986795141.867182,60.84746769161994,False
TERMINAL_MARGIN_X_WACC,CNX,12.0,7.5,29.80719795361095,36.36000061035156,-18.022009204463696,6580155650.358602,53.62779963487745,False
TERMINAL_MARGIN_X_WACC,CNX,12.0,8.5,23.57043966082928,36.36000061035156,-35.174809501738956,5697794092.736303,47.72196188517037,False
TERMINAL_MARGIN_X_WACC,CNX,12.0,9.5,19.243537279452152,36.36000061035156,-47.07498086792224,5085634354.346196,42.802163570991254,False
TERMINAL_MARGIN_X_WACC,CNX,12.0,10.5,16.03449861676402,36.36000061035156,-55.90071961605233,4631627285.296101,38.64466328612336,False
TERMINAL_MARGIN_X_WACC,CNX,17.0,6.5,49.40009978812496,36.36000061035156,35.863858522766165,9352112261.38383,66.5633553049226,False
TERMINAL_MARGIN_X_WACC,CNX,17.0,7.5,36.978969969570656,36.36000061035156,1.7023359428736562,7594800699.89311,59.823001509912324,False
TERMINAL_MARGIN_X_WACC,CNX,17.0,8.5,29.187714158565726,36.36000061035156,-19.725759987319446,6492512573.513613,54.121075103391206,False
TERMINAL_MARGIN_X_WACC,CNX,17.0,9.5,23.795845455559533,36.36000061035156,-34.55488158384426,5729683962.248397,49.23153111860403,False
TERMINAL_MARGIN_X_WACC,CNX,17.0,10.5,19.81371283982082,36.36000061035156,-45.50684128927125,5166301420.784758,44.99448861438001,False
TERMINAL_MARGIN_X_WACC,CNX,22.0,6.5,59.05051213198091,36.36000061035156,62.40514615164621,10717429380.900469,70.82292369571047,False
TERMINAL_MARGIN_X_WACC,CNX,22.0,7.5,44.150741985530345,36.36000061035156,21.426681090210952,8609445749.427616,64.55796283141586,False
TERMINAL_MARGIN_X_WACC,CNX,22.0,8.5,34.804988656302164,36.36000061035156,-4.276710472899969,7287231054.290923,59.12446105642202,False
TERMINAL_MARGIN_X_WACC,CNX,22.0,9.5,28.34815363166691,36.36000061035156,-22.034782299766263,6373733570.150597,54.36155610584012,False
TERMINAL_MARGIN_X_WACC,CNX,22.0,10.5,23.592927062877614,36.36000061035156,-35.11296296249018,5700975556.273413,50.153259066369515,False
TERMINAL_MARGIN_X_WACC,CNX,27.0,6.5,68.7009244758369,36.36000061035156,88.94643378052638,12082746500.417114,74.1198530630786,False
TERMINAL_MARGIN_X_WACC,CNX,27.0,7.5,51.32251400149005,36.36000061035156,41.15102623754827,9624090798.962124,68.29453268613918,False
TERMINAL_MARGIN_X_WACC,CNX,27.0,8.5,40.4222631540386,36.36000061035156,11.172339041519507,8081949535.068233,63.14385589045814,False
TERMINAL_MARGIN_X_WACC,CNX,27.0,9.5,32.90046180777428,36.36000061035156,-9.514683015688307,7017783178.052795,58.549975888774476,False
TERMINAL_MARGIN_X_WACC,CNX,27.0,10.5,27.37214128593442,36.36000061035156,-24.719084635709088,6235649691.762068,54.427354699231245,False
TERMINAL_MARGIN_X_WACC,CNX,32.0,6.5,78.35133681969288,36.36000061035156,115.4877214094065,13448063619.933762,76.74733971596812,False
TERMINAL_MARGIN_X_WACC,CNX,32.0,7.5,58.49428601744975,36.36000061035156,60.87537138488561,10638735848.496634,71.31836896812874,False
TERMINAL_MARGIN_X_WACC,CNX,32.0,8.5,46.039537651775035,36.36000061035156,26.621388555938985,8876668015.845543,66.44354658540803,False
TERMINAL_MARGIN_X_WACC,CNX,32.0,9.5,37.452769983881666,36.36000061035156,3.0054162683897045,7661832785.954996,62.03424297240334,False
TERMINAL_MARGIN_X_WACC,CNX,32.0,10.5,31.151355508991223,36.36000061035156,-14.325206308927996,6770323827.250724,58.026372316386265,False
TERMINAL_MARGIN_X_WACC,CNX,37.0,6.5,88.00174916354885,36.36000061035156,142.0290090382866,14813380739.450403,78.89048689610814,False
TERMINAL_MARGIN_X_WACC,CNX,37.0,7.5,65.66605803340946,36.36000061035156,80.59971653222296,11653380898.031141,73.8156420937313,False
TERMINAL_MARGIN_X_WACC,CNX,37.0,8.5,51.656812149511474,36.36000061035156,42.07043807035846,9671386496.622852,69.20095201918232,False
TERMINAL_MARGIN_X_WACC,CNX,37.0,9.5,42.00507815998903,36.36000061035156,15.525515552467661,8305882393.857195,64.97816027918073,False
TERMINAL_MARGIN_X_WACC,CNX,37.0,10.5,34.93056973204802,36.36000061035156,-3.931327982146915,7304997962.739379,61.09854471253612,False
TERMINAL_MARGIN_X_WACC,COP,12.0,6.5,100.7966303397242,134.8699951171875,-25.26385853862989,139184930668.68036,74.3202130278809,False
TERMINAL_MARGIN_X_WACC,COP,12.0,7.5,78.11194332225764,134.8699951171875,-42.083527730251056,111548312424.63014,68.94631405136329,False
TERMINAL_MARGIN_X_WACC,COP,12.0,8.5,63.57722528460503,134.8699951171875,-52.860363619526154,93840752545.92319,64.20906799280894,False
TERMINAL_MARGIN_X_WACC,COP,12.0,9.5,53.3808652612512,134.8699951171875,-60.4205033040381,81418588236.25684,59.98516104861186,False
TERMINAL_MARGIN_X_WACC,COP,12.0,10.5,45.786234545302406,134.8699951171875,-66.05157840665812,72166095149.63829,56.18936676148658,False
TERMINAL_MARGIN_X_WACC,COP,17.0,6.5,129.69877789765354,134.8699951171875,-3.834223627754063,174396243827.93536,79.50506679015787,False
TERMINAL_MARGIN_X_WACC,COP,17.0,7.5,100.12439626935455,134.8699951171875,-25.762289690633388,138365951929.44778,74.96503862524543,False
TERMINAL_MARGIN_X_WACC,COP,17.0,8.5,81.11285453012661,134.8699951171875,-39.85848782774235,115204304564.71606,70.84615886042648,False
TERMINAL_MARGIN_X_WACC,COP,17.0,9.5,67.77071304259992,134.8699951171875,-49.751082156031465,98949653549.91623,67.0746528255433,False
TERMINAL_MARGIN_X_WACC,COP,17.0,10.5,57.848311914925546,134.8699951171875,-57.10809371301482,86861251721.0205,63.601234564164756,False
TERMINAL_MARGIN_X_WACC,COP,22.0,6.5,158.60092545558288,134.8699951171875,17.595411283121763,209607556987.19037,82.94794605368494,False
TERMINAL_MARGIN_X_WACC,COP,22.0,7.5,122.13684921645148,134.8699951171875,-9.441051651015698,165183591434.2655,79.02947724978263,False
TERMINAL_MARGIN_X_WACC,COP,22.0,8.5,98.6484837756482,134.8699951171875,-26.85661203595856,136567856583.50893,75.40674593643476,False
TERMINAL_MARGIN_X_WACC,COP,22.0,9.5,82.16056082394863,134.8699951171875,-39.08166100802484,116480718863.57559,72.0301202833494,False
TERMINAL_MARGIN_X_WACC,COP,22.0,10.5,69.91038928454867,134.8699951171875,-48.16460901937153,101556408292.40268,68.8681159562731,False
TERMINAL_MARGIN_X_WACC,COP,27.0,6.5,187.50307301351222,134.8699951171875,39.0250461939976,244818870146.44537,85.40047437044846,False
TERMINAL_MARGIN_X_WACC,COP,27.0,7.5,144.1493021635484,134.8699951171875,6.880186388601994,192001230939.0832,81.95852055118384,False
TERMINAL_MARGIN_X_WACC,COP,27.0,8.5,116.18411302116981,134.8699951171875,-13.854736244174749,157931408602.30185,78.73350194493342,False
TERMINAL_MARGIN_X_WACC,COP,27.0,9.5,96.55040860529735,134.8699951171875,-28.412239860018207,134011784177.23499,75.68906558534842,False
TERMINAL_MARGIN_X_WACC,COP,27.0,10.5,81.97246665417182,134.8699951171875,-39.221124325728205,116251564863.78488,72.80344285635167,False
TERMINAL_MARGIN_X_WACC,COP,32.0,6.5,216.40522057144148,134.8699951171875,60.45468110487335,280030183305.7003,87.23623529753934,False
TERMINAL_MARGIN_X_WACC,COP,32.0,7.5,166.16175511064532,134.8699951171875,23.201424428219664,218818870443.90082,84.16961820930821,False
TERMINAL_MARGIN_X_WACC,COP,32.0,8.5,133.71974226669136,134.8699951171875,-0.85286045239098,179294960621.09467,81.26747130962242,False
TERMINAL_MARGIN_X_WACC,COP,32.0,9.5,110.94025638664604,134.8699951171875,-17.742818712011587,151542849490.89435,78.501448884799,False
TERMINAL_MARGIN_X_WACC,COP,32.0,10.5,94.03454402379495,134.8699951171875,-30.27763963208492,130946721435.16704,75.8555060240907,False
TERMINAL_MARGIN_X_WACC,COP,37.0,6.5,245.30736812937081,134.8699951171875,81.88431601574919,315241496464.95526,88.66190076693086,False
TERMINAL_MARGIN_X_WACC,COP,37.0,7.5,188.17420805774225,134.8699951171875,39.52266246783736,245636509948.71844,85.89791776939816,False
TERMINAL_MARGIN_X_WACC,COP,37.0,8.5,151.25537151221295,134.8699951171875,12.149015339392811,200658512639.88757,83.26187137695779,False
TERMINAL_MARGIN_X_WACC,COP,37.0,9.5,125.33010416799473,134.8699951171875,-7.073397564004969,169073914804.5537,80.73060708572737,False
TERMINAL_MARGIN_X_WACC,COP,37.0,10.5,106.09662139341808,134.8699951171875,-21.334154938441618,145641878006.54926,78.29166740960115,False
TERMINAL_MARGIN_X_WACC,DVN,12.0,6.5,59.77713177072337,49.09999847412109,21.745689670906685,43768509682.3275,72.21993421815279,False
TERMINAL_MARGIN_X_WACC,DVN,12.0,7.5,46.23492970765926,49.09999847412109,-5.835170785131294,35353385320.33946,66.58778899192365,False
TERMINAL_MARGIN_X_WACC,DVN,12.0,8.5,37.526187230292365,49.09999847412109,-23.571917726084813,29941772744.903675,61.65659477196699,False
TERMINAL_MARGIN_X_WACC,DVN,12.0,9.5,31.401174932830617,49.09999847412109,-36.046484911030916,26135690103.26095,57.2877125213026,False
TERMINAL_MARGIN_X_WACC,DVN,12.0,10.5,26.829884405707617,49.09999847412109,-45.35664920672304,23295090169.70671,53.38521898363236,False
TERMINAL_MARGIN_X_WACC,DVN,17.0,6.5,77.91350086421662,49.09999847412109,58.683306080512665,55038449437.02421,77.90831517628934,False
TERMINAL_MARGIN_X_WACC,DVN,17.0,7.5,60.07271404843523,49.09999847412109,22.347690255219632,43952184509.69765,73.12454924936934,False
TERMINAL_MARGIN_X_WACC,DVN,17.0,8.5,48.56209195359732,49.09999847412109,-1.0955326624038086,36799483939.96537,68.80202104256476,False
TERMINAL_MARGIN_X_WACC,DVN,17.0,9.5,40.46429694856297,49.09999847412109,-17.587987360345238,31767514123.83703,64.8598532200859,False
TERMINAL_MARGIN_X_WACC,DVN,17.0,10.5,34.43118369318433,49.09999847412109,-29.87538744765579,28018537546.944744,61.243675720118816,False
TERMINAL_MARGIN_X_WACC,DVN,22.0,6.5,96.04986995770987,49.09999847412109,95.62092249011869,66308389191.72092,81.66307321034594,False
TERMINAL_MARGIN_X_WACC,DVN,22.0,7.5,73.91049838921123,49.09999847412109,50.5305512955706,52550983699.05586,77.52211876874469,False
TERMINAL_MARGIN_X_WACC,DVN,22.0,8.5,59.59799667690228,49.09999847412109,21.380852401277206,43657195135.02708,73.70262743511901,False
TERMINAL_MARGIN_X_WACC,DVN,22.0,9.5,49.527418964295336,49.09999847412109,0.870510190340501,37399338144.41312,70.15147420967428,False
TERMINAL_MARGIN_X_WACC,DVN,22.0,10.5,42.03248298066105,49.09999847412109,-14.394125688588522,32741984924.182774,66.83476797353877,False
TERMINAL_MARGIN_X_WACC,DVN,27.0,6.5,114.18623905120313,49.09999847412109,132.5585388997247,77578328946.41762,84.3269106893463,False
TERMINAL_MARGIN_X_WACC,DVN,27.0,7.5,87.74828272998721,49.09999847412109,78.71341233592155,61149782888.41405,80.68292781466575,False
TERMINAL_MARGIN_X_WACC,DVN,27.0,8.5,70.63390140020721,49.09999847412109,43.857237464958175,50514906330.08877,77.27265852773287,False
TERMINAL_MARGIN_X_WACC,DVN,27.0,9.5,58.59054098002768,49.09999847412109,19.32900774102617,43031162164.989204,74.05798372666591,False
TERMINAL_MARGIN_X_WACC,DVN,27.0,10.5,49.63378226813776,49.09999847412109,1.0871360704787225,37465432301.42081,71.01606840457471,False
TERMINAL_MARGIN_X_WACC,DVN,32.0,6.5,132.32260814469637,49.09999847412109,169.49615530933073,88848268701.11432,86.31496037093602,False
TERMINAL_MARGIN_X_WACC,DVN,32.0,7.5,101.58606707076319,49.09999847412109,106.89627337627252,69748582077.77225,83.06439019999158,False
TERMINAL_MARGIN_X_WACC,DVN,32.0,8.5,81.66980612351216,49.09999847412109,66.33362252863917,57372617525.15046,79.98924268880994,False
TERMINAL_MARGIN_X_WACC,DVN,32.0,9.5,67.65366299576004,49.09999847412109,37.78750529171189,48662986185.56529,77.06028345881172,False
TERMINAL_MARGIN_X_WACC,DVN,32.0,10.5,57.23508155561447,49.09999847412109,16.56839782954598,42188879678.65884,74.26109592650037,False
TERMINAL_MARGIN_X_WACC,DVN,37.0,6.5,150.45897723818956,49.09999847412109,206.43377171893658,100118208455.811,87.85543512112355,False
TERMINAL_MARGIN_X_WACC,DVN,37.0,7.5,115.42385141153918,49.09999847412109,135.07913441662348,78347381267.13043,84.92311100806911,False
TERMINAL_MARGIN_X_WACC,DVN,37.0,8.5,92.70571084681711,49.09999847412109,88.81000759232016,64230328720.21215,82.12574108713477,False
TERMINAL_MARGIN_X_WACC,DVN,37.0,9.5,76.71678501149239,49.09999847412109,56.24600284239756,54294810206.14137,79.43974562382098,False
TERMINAL_MARGIN_X_WACC,DVN,37.0,10.5,64.83638084309118,49.09999847412109,32.04965958861321,46912327055.896866,76.85266122647137,False
TERMINAL_MARGIN_X_WACC,EOG,12.0,6.5,124.83392136928835,153.0500030517578,-18.435858294578054,70572108033.05965,68.54646722088273,False
TERMINAL_MARGIN_X_WACC,EOG,12.0,7.5,100.10067308841533,153.0500030517578,-34.596098600165526,57398474359.093216,62.41977245992594,False
TERMINAL_MARGIN_X_WACC,EOG,12.0,8.5,84.24059645353402,153.0500030517578,-44.95877505794894,48950945055.36904,57.160345942748826,False
TERMINAL_MARGIN_X_WACC,EOG,12.0,9.5,73.09690895943024,153.0500030517578,-52.239851354520624,43015499166.60516,52.5850545524839,False
TERMINAL_MARGIN_X_WACC,EOG,12.0,10.5,64.7767748703939,153.0500030517578,-57.676070840398516,38583958377.35884,48.566213461051554,False
TERMINAL_MARGIN_X_WACC,EOG,17.0,6.5,158.51905809021642,153.0500030517578,3.5733779349283123,88513772887.57658,74.92207098517207,False
TERMINAL_MARGIN_X_WACC,EOG,17.0,7.5,125.73343920098179,153.0500030517578,-17.848130222864622,71051216893.46332,69.64094605019667,False
TERMINAL_MARGIN_X_WACC,EOG,17.0,8.5,104.64648023128441,153.0500030517578,-31.62595351540405,59819700935.26308,64.94396462769116,False
TERMINAL_MARGIN_X_WACC,EOG,17.0,9.5,89.83314192708902,153.0500030517578,-41.304710790035315,51929694329.90679,60.72425280563137,False
TERMINAL_MARGIN_X_WACC,EOG,17.0,10.5,78.79956175645117,153.0500030517578,-48.513845027626004,46052894742.9828,56.90783195965912,False
TERMINAL_MARGIN_X_WACC,EOG,22.0,6.5,192.20419481114448,153.0500030517578,25.58261416443466,106455437742.0935,79.14862631360408,False
TERMINAL_MARGIN_X_WACC,EOG,22.0,7.5,151.36620531354825,153.0500030517578,-1.1001618455637296,84703959427.8334,74.53427512198405,False
TERMINAL_MARGIN_X_WACC,EOG,22.0,8.5,125.05236400903479,153.0500030517578,-18.293131972859157,70688456815.1571,70.33403123467438,False
TERMINAL_MARGIN_X_WACC,EOG,22.0,9.5,106.5693748947478,153.0500030517578,-30.369570225550003,60843889493.20843,66.4785147141206,False
TERMINAL_MARGIN_X_WACC,EOG,22.0,10.5,92.82234864250844,153.0500030517578,-39.351619214853486,53521831108.606766,62.921315696734084,False
TERMINAL_MARGIN_X_WACC,EOG,27.0,6.5,225.88933153207253,153.0500030517578,47.591850393941,124397102596.61044,82.15599827507776,False
TERMINAL_MARGIN_X_WACC,EOG,27.0,7.5,176.99897142611474,153.0500030517578,15.647806531737185,98356701962.20349,78.06913322798543,False
TERMINAL_MARGIN_X_WACC,EOG,27.0,8.5,145.4582477867852,153.0500030517578,-4.960310430314252,81557212695.05115,74.2874789040606,False
TERMINAL_MARGIN_X_WACC,EOG,27.0,9.5,123.30560786240659,153.0500030517578,-19.434429661064677,69758084656.51007,70.76213378814556,False
TERMINAL_MARGIN_X_WACC,EOG,27.0,10.5,106.84513552856572,153.0500030517578,-30.189393402080967,60990767474.23073,67.46197562037193,False
TERMINAL_MARGIN_X_WACC,EOG,32.0,6.5,259.5744682530006,153.0500030517578,69.60108662344734,142338767451.12738,84.40521754502754,False
TERMINAL_MARGIN_X_WACC,EOG,32.0,7.5,202.6317375386812,153.0500030517578,32.39577490903809,112009444496.5736,80.74226922057616,False
TERMINAL_MARGIN_X_WACC,EOG,32.0,8.5,165.8641315645356,153.0500030517578,8.37251111223065,92425968574.94519,77.31112170875333,False
TERMINAL_MARGIN_X_WACC,EOG,32.0,9.5,140.04184083006538,153.0500030517578,-8.499289096579366,78672279819.81169,74.07501662525051,False
TERMINAL_MARGIN_X_WACC,EOG,32.0,10.5,120.86792241462297,153.0500030517578,-21.02716758930847,68459703839.854675,71.01186584664376,False
TERMINAL_MARGIN_X_WACC,EOG,37.0,6.5,293.2596049739286,153.0500030517578,91.6103228529537,160280432305.6443,86.15088516184967,False
TERMINAL_MARGIN_X_WACC,EOG,37.0,7.5,228.26450365124765,153.0500030517578,49.14374328633899,125662187030.9437,82.83455208099578,False
TERMINAL_MARGIN_X_WACC,EOG,37.0,8.5,186.27001534228594,153.0500030517578,21.70533265477552,103294724454.8392,79.69846414698215,False
TERMINAL_MARGIN_X_WACC,EOG,37.0,9.5,156.77807379772412,153.0500030517578,2.435851467905925,87586474983.11333,76.71355598252484,False
TERMINAL_MARGIN_X_WACC,EOG,37.0,10.5,134.89070930068024,153.0500030517578,-11.864941776535954,75928640205.47864,73.8633660021011,False
TERMINAL_MARGIN_X_WACC,EQT,12.0,6.5,23.256383847361725,53.720001220703125,-56.7081472097976,23880487456.080116,85.79666291856284,False
TERMINAL_MARGIN_X_WACC,EQT,12.0,7.5,14.071272379465082,53.720001220703125,-73.80626943462883,18135402305.36306,81.8727502257739,False
TERMINAL_MARGIN_X_WACC,EQT,12.0,8.5,8.443876875900873,53.720001220703125,-84.28168897239956,14615590220.584724,78.18961562689421,False
TERMINAL_MARGIN_X_WACC,EQT,12.0,9.5,4.6367409994305575,53.720001220703125,-91.36868783680592,12234310486.841827,74.72380144569652,False
TERMINAL_MARGIN_X_WACC,EQT,12.0,10.5,1.8874859188230486,53.720001220703125,-96.48643731211304,10514711917.533602,71.45746406921735,False
TERMINAL_MARGIN_X_WACC,EQT,17.0,6.5,30.333485724440433,53.720001220703125,-43.53409338205631,28307058983.951553,88.01773744139105,False
TERMINAL_MARGIN_X_WACC,EQT,17.0,7.5,19.347874207316465,53.720001220703125,-63.98385374596754,21435800663.44389,84.66374209636936,False
TERMINAL_MARGIN_X_WACC,EQT,17.0,8.5,12.585544491199006,53.720001220703125,-76.57195792030498,17206112197.266174,81.47334872072916,False
TERMINAL_MARGIN_X_WACC,EQT,17.0,9.5,7.99821087889347,53.720001220703125,-85.11129803211723,14336835944.10853,78.43060615006293,False
TERMINAL_MARGIN_X_WACC,EQT,17.0,10.5,4.681188057480953,53.720001220703125,-91.28594945810077,12262111143.81707,75.52488807285364,False
TERMINAL_MARGIN_X_WACC,EQT,22.0,6.5,37.70392480659312,53.720001220703125,-29.813991158171405,32917106480.178253,89.6958557638721,False
TERMINAL_MARGIN_X_WACC,EQT,22.0,7.5,24.86958629506018,53.720001220703125,-53.70516431508251,24889510096.66165,86.79182651371327,False
TERMINAL_MARGIN_X_WACC,EQT,22.0,8.5,16.93536288135154,53.720001220703125,-68.47475335718192,19926827904.302,84.00289087246351,False
TERMINAL_MARGIN_X_WACC,EQT,22.0,9.5,11.538728593029944,53.720001220703125,-78.5206099575012,16551351882.911186,81.31651944638493,False
TERMINAL_MARGIN_X_WACC,EQT,22.0,10.5,7.630523009646324,53.720001220703125,-85.79575049096313,14106855271.027563,78.72548226078379,False
TERMINAL_MARGIN_X_WACC,EQT,27.0,6.5,45.21608091368393,53.720001220703125,-15.830082117983778,37615794857.729195,90.98297366064982,False
TERMINAL_MARGIN_X_WACC,EQT,27.0,7.5,30.5097160134791,53.720001220703125,-43.20603998474785,28417287152.67888,88.43151474737441,False
TERMINAL_MARGIN_X_WACC,EQT,27.0,8.5,21.38574304151033,53.720001220703125,-60.19035265161444,22710442786.117794,85.96365365691531,False
TERMINAL_MARGIN_X_WACC,EQT,27.0,9.5,15.165747869234373,53.720001220703125,-71.76889887450402,18819972645.752975,83.5686870081506,False
TERMINAL_MARGIN_X_WACC,EQT,27.0,10.5,10.655047262491976,53.720001220703125,-80.16558633586621,15998628651.64896,81.24110826979542,False
TERMINAL_MARGIN_X_WACC,EQT,32.0,6.5,48.947929953329016,53.720001220703125,-8.883230005465826,39949984331.34833,91.50981862234212,False
TERMINAL_MARGIN_X_WACC,EQT,32.0,7.5,33.44524848942445,53.720001220703125,-37.74153438303534,30253398134.668224,89.13361844900743,False
TERMINAL_MARGIN_X_WACC,EQT,32.0,8.5,23.77122661909258,53.720001220703125,-55.74976530355811,24202510283.25679,86.82898439790009,False
TERMINAL_MARGIN_X_WACC,EQT,32.0,9.5,17.149868809212542,53.720001220703125,-68.07544970307417,20060996643.048645,84.58516959337784,False
TERMINAL_MARGIN_X_WACC,EQT,32.0,10.5,12.334510469832173,53.720001220703125,-77.03925876852254,17049095939.649687,82.39692334594265,False
TERMINAL_MARGIN_X_WACC,EQT,37.0,6.5,52.645732987029234,53.720001220703125,-1.9997546710030178,42262878777.26107,91.97445553116866,False
TERMINAL_MARGIN_X_WACC,EQT,37.0,7.5,36.3564229616011,53.720001220703125,-32.32237130406149,32074273721.17633,89.75050938945047,False
TERMINAL_MARGIN_X_WACC,EQT,37.0,8.5,26.138113431895764,53.720001220703125,-51.34379590851087,25682945913.155296,87.58819795717136,False
TERMINAL_MARGIN_X_WACC,EQT,37.0,9.5,19.119193563186755,53.720001220703125,-64.40954369185975,21292765951.514927,85.47690507919144,False
TERMINAL_MARGIN_X_WACC,EQT,37.0,10.5,14.001859857968139,53.720001220703125,-73.93548112472497,18091986300.242195,83.41163110962484,False
TERMINAL_MARGIN_X_WACC,FANG,12.0,6.5,88.5341605917726,210.72000122070312,-57.98492782892307,44796836613.19902,72.59691104437405,False
TERMINAL_MARGIN_X_WACC,FANG,12.0,7.5,57.572165063999876,210.72000122070312,-72.67835766396938,36086815569.58202,67.30005892949661,False
TERMINAL_MARGIN_X_WACC,FANG,12.0,8.5,37.39889138749217,210.72000122070312,-82.2518549872627,30411805440.36033,62.68544068459546,False
TERMINAL_MARGIN_X_WACC,FANG,12.0,9.5,23.071802723624227,210.72000122070312,-89.0509668802349,26381404891.91631,58.61715893889787,False
TERMINAL_MARGIN_X_WACC,FANG,12.0,10.5,12.292786382596987,210.72000122070312,-94.16629351206115,23349124266.60506,54.99979208722622,False
TERMINAL_MARGIN_X_WACC,FANG,17.0,6.5,140.30207834519797,210.72000122070312,-33.41776882477857,59359840235.23996,79.31982812323398,False
TERMINAL_MARGIN_X_WACC,FANG,17.0,7.5,97.11603719000459,210.72000122070312,-53.91228330134283,47211032613.494804,75.00506391783192,False
TERMINAL_MARGIN_X_WACC,FANG,17.0,8.5,68.95677573141862,210.72000122070312,-67.27563813024331,39289457931.49496,71.1168548069177,False
TERMINAL_MARGIN_X_WACC,FANG,17.0,9.5,48.99917153366489,210.72000122070312,-76.74678661265557,33675118494.403816,67.58029267834108,False
TERMINAL_MARGIN_X_WACC,FANG,17.0,10.5,34.04431834355352,210.72000122070312,-83.84381257292407,29468119437.34262,64.34399389440064,False
TERMINAL_MARGIN_X_WACC,FANG,22.0,6.5,192.0699960986234,210.72000122070312,-8.850609820634048,73922843857.28088,83.39387887982036,False
TERMINAL_MARGIN_X_WACC,FANG,22.0,7.5,136.6599093160093,210.72000122070312,-35.146208938716285,58335249657.40759,79.77146323230637,False
TERMINAL_MARGIN_X_WACC,FANG,22.0,8.5,100.51466007534503,210.72000122070312,-52.29942127322391,48167110422.62958,76.44029072875999,False
TERMINAL_MARGIN_X_WACC,FANG,22.0,9.5,74.92654034370557,210.72000122070312,-64.44260634507624,40968832096.89132,73.35199883099438,False
TERMINAL_MARGIN_X_WACC,FANG,22.0,10.5,55.79585030451006,210.72000122070312,-73.52133163378696,35587114608.08018,70.4748345531826,False
TERMINAL_MARGIN_X_WACC,FANG,27.0,6.5,243.83791385204876,210.72000122070312,15.716549183510441,88485847479.32181,86.12691482749257,False
TERMINAL_MARGIN_X_WACC,FANG,27.0,7.5,176.20378144201396,210.72000122070312,-16.380134576089766,69459466701.32037,83.01114594470353,False
TERMINAL_MARGIN_X_WACC,FANG,27.0,8.5,132.07254441927142,210.72000122070312,-37.323204416204526,57044762913.764206,80.10679578582219,False
TERMINAL_MARGIN_X_WACC,FANG,27.0,9.5,100.8539091537462,210.72000122070312,-52.13842607749692,48262545699.37882,77.37919809677992,False
TERMINAL_MARGIN_X_WACC,FANG,27.0,10.5,77.5473822654666,210.72000122070312,-63.198850694649856,41706109778.81773,74.80667815457409,False
TERMINAL_MARGIN_X_WACC,FANG,32.0,6.5,295.6058316054741,210.72000122070312,40.283708187654945,103048851101.36273,88.08747806965216,False
TERMINAL_MARGIN_X_WACC,FANG,32.0,7.5,215.74765356801868,210.72000122070312,2.3859397865367837,80583683745.23315,85.3563812461321,False
TERMINAL_MARGIN_X_WACC,FANG,32.0,8.5,163.63042876319787,210.72000122070312,-22.346987559185116,65922415404.89883,82.78577762931093,False
TERMINAL_MARGIN_X_WACC,FANG,32.0,9.5,126.78127796378689,210.72000122070312,-39.83424580991759,55556259301.86633,80.34897418707094,False
TERMINAL_MARGIN_X_WACC,FANG,32.0,10.5,99.29891422642311,210.72000122070312,-52.876369755512776,47825104949.5553,78.0300441015929,False
TERMINAL_MARGIN_X_WACC,FANG,37.0,6.5,347.3737493588996,210.72000122070312,64.85086719179951,117611854723.40369,89.5625173029615,False
TERMINAL_MARGIN_X_WACC,FANG,37.0,7.5,255.29152569402342,210.72000122070312,21.152014149163346,91707900789.14595,87.13265997375092,False
TERMINAL_MARGIN_X_WACC,FANG,37.0,8.5,195.18831310712432,210.72000122070312,-7.370770702165707,74800067896.03346,84.82884909181954,False
TERMINAL_MARGIN_X_WACC,FANG,37.0,9.5,152.70864677382758,210.72000122070312,-27.530065542338257,62849972904.35385,82.62946768056399,False
TERMINAL_MARGIN_X_WACC,FANG,37.0,10.5,121.05044618737969,210.72000122070312,-42.553888816375654,53944100120.29286,80.52214339964199,False
TERMINAL_MARGIN_X_WACC,MGY,12.0,6.5,23.713385714220816,28.13999938964844,-15.73068149054756,4654811103.155611,60.76676819067834,False
TERMINAL_MARGIN_X_WACC,MGY,12.0,7.5,19.499390193698524,28.13999938964844,-30.705790274922485,3875441443.099647,54.141853314995636,False
TERMINAL_MARGIN_X_WACC,MGY,12.0,8.5,16.773226160372573,28.13999938964844,-40.39365129999697,3371243105.5450063,48.676778395289205,False
TERMINAL_MARGIN_X_WACC,MGY,12.0,9.5,14.83884780002376,28.13999938964844,-47.267774975566034,3013483872.583645,44.07808985960333,False
TERMINAL_MARGIN_X_WACC,MGY,12.0,10.5,13.37961215287158,28.13999938964844,-52.4534028320079,2743601290.9045873,40.15149961780766,False
TERMINAL_MARGIN_X_WACC,MGY,17.0,6.5,29.143634523669828,28.13999938964844,3.566578378784846,5659124265.812946,67.72940927592899,False
TERMINAL_MARGIN_X_WACC,MGY,17.0,7.5,23.625705992441727,28.13999938964844,-16.042265441083625,4638594921.950867,61.68655268305599,False
TERMINAL_MARGIN_X_WACC,MGY,17.0,8.5,20.05529176099286,28.13999938964844,-28.730304918306494,3978254275.5805573,56.50779336773538,False
TERMINAL_MARGIN_X_WACC,MGY,17.0,9.5,17.529135536085192,28.13999938964844,-37.70740612548327,3511046963.9765506,52.002984847205056,False
TERMINAL_MARGIN_X_WACC,MGY,17.0,10.5,15.63279662993811,28.13999938964844,-44.446350501028164,3160323048.5292997,48.04315242908487,False
TERMINAL_MARGIN_X_WACC,MGY,22.0,6.5,34.573883333118836,28.13999938964844,22.86383824811722,6663437428.47028,72.59323209693093,False
TERMINAL_MARGIN_X_WACC,MGY,22.0,7.5,27.752021791184927,28.13999938964844,-1.3787406072447772,5401748400.802087,67.09943725990283,False
TERMINAL_MARGIN_X_WACC,MGY,22.0,8.5,23.337357361613144,28.13999938964844,-17.066958536616006,4585265445.616108,62.26542191692215,False
TERMINAL_MARGIN_X_WACC,MGY,22.0,9.5,20.21942327214662,28.13999938964844,-28.1470372754005,4008610055.369456,57.96054692163729,False
TERMINAL_MARGIN_X_WACC,MGY,22.0,10.5,17.885981107004632,28.13999938964844,-36.43929817004845,3577044806.1540117,54.09606761850082,False
TERMINAL_MARGIN_X_WACC,MGY,27.0,6.5,40.004132142567855,28.13999938964844,42.161098117449654,7667750591.127615,76.18293906820305,False
TERMINAL_MARGIN_X_WACC,MGY,27.0,7.5,31.87833758992813,28.13999938964844,13.284784226594093,6164901879.653307,71.1721993900083,False
TERMINAL_MARGIN_X_WACC,MGY,27.0,8.5,26.619422962233433,28.13999938964844,-5.403612154925508,5192276615.65166,66.67684143258525,False
TERMINAL_MARGIN_X_WACC,MGY,27.0,9.5,22.909711008208056,28.13999938964844,-18.586668425317722,4506173146.762362,62.602463588591384,False
TERMINAL_MARGIN_X_WACC,MGY,27.0,10.5,20.139165584071158,28.13999938964844,-28.432245839068727,3993766563.7787247,58.88582362412102,False
TERMINAL_MARGIN_X_WACC,MGY,32.0,6.5,45.434380952016866,28.13999938964844,61.458357986782055,8672063753.784946,78.94119690264019,False
TERMINAL_MARGIN_X_WACC,MGY,32.0,7.5,36.00465338867133,28.13999938964844,27.94830906043293,6928055358.504527,74.34769888946573,False
TERMINAL_MARGIN_X_WACC,MGY,32.0,8.5,29.90148856285372,28.13999938964844,6.259734226764979,5799287785.687211,70.16477481661367,False
TERMINAL_MARGIN_X_WACC,MGY,32.0,9.5,25.599998744269488,28.13999938964844,-9.026299575234942,5003736238.155268,66.32121152847066,False
TERMINAL_MARGIN_X_WACC,MGY,32.0,10.5,22.392350061137684,28.13999938964844,-20.425193508089002,4410488321.403437,62.77046645595984,False
TERMINAL_MARGIN_X_WACC,MGY,37.0,6.5,50.86462976146587,28.13999938964844,80.75561785611443,9676376916.442282,81.12689443417696,False
TERMINAL_MARGIN_X_WACC,MGY,37.0,7.5,40.130969187414536,28.13999938964844,42.61183389427181,7691208837.355747,76.89302606065897,False
TERMINAL_MARGIN_X_WACC,MGY,37.0,8.5,33.183554163474,28.13999938964844,17.923080608455443,6406298955.722761,72.99172920510088,False
TERMINAL_MARGIN_X_WACC,MGY,37.0,9.5,28.290286480330913,28.13999938964844,0.5340692748478038,5501299329.548173,69.36727775799869,False
TERMINAL_MARGIN_X_WACC,MGY,37.0,10.5,24.645534538204203,28.13999938964844,-12.418141177109298,4827210079.028149,65.98440502503576,False
TERMINAL_MARGIN_X_WACC,MTDR,12.0,6.5,69.31969675416039,58.380001068115234,18.73877267196551,12374673039.109293,69.57905528806596,False
TERMINAL_MARGIN_X_WACC,MTDR,12.0,7.5,50.259260238974015,58.380001068115234,-13.910141624811367,10007781826.807388,63.52507504613708,False
TERMINAL_MARGIN_X_WACC,MTDR,12.0,8.5,38.06994618749432,58.380001068115234,-34.789404777372354,8494134419.548454,58.30977792470319,False
TERMINAL_MARGIN_X_WACC,MTDR,12.0,9.5,29.524469672167037,58.380001068115234,-49.427082679016785,7432972297.004973,53.76155817577014,False
TERMINAL_MARGIN_X_WACC,MTDR,12.0,10.5,23.155732004445625,58.380001068115234,-60.33619119426098,6642113745.199214,49.75890456416459,False
TERMINAL_MARGIN_X_WACC,MTDR,17.0,6.5,93.08740174712439,58.380001068115234,59.45083940391518,15326104504.99461,75.4373823936589,False
TERMINAL_MARGIN_X_WACC,MTDR,17.0,7.5,68.20445427878096,58.380001068115234,16.828456716201458,12236184205.841583,70.1677348962134,False
TERMINAL_MARGIN_X_WACC,MTDR,17.0,8.5,52.269444726747,58.380001068115234,-10.466865758085042,10257402972.441942,65.47641237847431,False
TERMINAL_MARGIN_X_WACC,MTDR,17.0,9.5,41.11408392157727,58.380001068115234,-29.57505452319682,8872150046.110672,61.26203283872083,False
TERMINAL_MARGIN_X_WACC,MTDR,17.0,10.5,32.82784764446486,58.380001068115234,-43.768675841299206,7843179916.715773,57.452579934190375,False
TERMINAL_MARGIN_X_WACC,MTDR,22.0,6.5,116.86639954247994,58.380001068115234,100.18224975043309,18278938291.05877,79.40530033217813,False
TERMINAL_MARGIN_X_WACC,MTDR,22.0,7.5,86.15908449538793,58.380001068115234,47.58321842930642,14465758352.580462,74.76571347382445,False
TERMINAL_MARGIN_X_WACC,MTDR,22.0,8.5,66.47695658830389,58.380001068115234,13.869399403986794,12021666605.491547,70.5429902600499,False
TERMINAL_MARGIN_X_WACC,MTDR,22.0,9.5,52.710591097560155,58.380001068115234,-9.711219367639712,10312183746.617004,66.67155419443272,False
TERMINAL_MARGIN_X_WACC,MTDR,22.0,10.5,42.50595478702172,58.380001068115234,-27.190897551667337,9044990102.39452,63.10586669631799,False
TERMINAL_MARGIN_X_WACC,MTDR,27.0,6.5,142.02512604178457,58.380001068115234,143.27701857366512,21403104341.320335,82.41146525533493,False
TERMINAL_MARGIN_X_WACC,MTDR,27.0,7.5,105.26660515806212,58.380001068115234,80.31278388508703,16838496390.83721,78.32151502042261,False
TERMINAL_MARGIN_X_WACC,MTDR,27.0,8.5,81.66351779596545,58.380001068115234,39.882693220036124,13907506850.485939,74.53732332506281,False
TERMINAL_MARGIN_X_WACC,MTDR,27.0,9.5,65.14926023801917,58.380001068115234,11.595167944594342,11856795626.718819,71.01332704413937,False
TERMINAL_MARGIN_X_WACC,MTDR,27.0,10.5,52.916089972248585,58.380001068115234,-9.359217190646497,10337702232.52631,67.71941548884435,False
TERMINAL_MARGIN_X_WACC,MTDR,32.0,6.5,167.1838525410892,58.380001068115234,186.37178739689708,24527270391.581905,84.65180844256493,False
TERMINAL_MARGIN_X_WACC,MTDR,32.0,7.5,124.37412582073634,58.380001068115234,113.0423493408677,19211234429.09396,80.9989778410794,False
TERMINAL_MARGIN_X_WACC,MTDR,32.0,8.5,96.850079003627,58.380001068115234,65.89598703608546,15793347095.480328,77.57775168572478,False
TERMINAL_MARGIN_X_WACC,MTDR,32.0,9.5,77.58792937847817,58.380001068115234,32.90155525682839,13401407506.82063,74.35425667331909,False
TERMINAL_MARGIN_X_WACC,MTDR,32.0,10.5,63.326225157475434,58.380001068115234,8.472463170374333,11630414362.658096,71.307379069858,False
TERMINAL_MARGIN_X_WACC,MTDR,37.0,6.5,192.34257904039387,58.380001068115234,229.46655622012915,27651436441.84347,86.38590638346211,False
TERMINAL_MARGIN_X_WACC,MTDR,37.0,7.5,143.48164648341054,58.380001068115234,145.7719147966483,21583972467.350708,83.08777072248375,False
TERMINAL_MARGIN_X_WACC,MTDR,37.0,8.5,112.03664021128857,58.380001068115234,91.90928085213481,17679187340.47472,79.96953460198536,False
TERMINAL_MARGIN_X_WACC,MTDR,37.0,9.5,90.02659851893716,58.380001068115234,54.2079425690624,14946019386.922441,77.0046426249855,False
TERMINAL_MARGIN_X_WACC,MTDR,37.0,10.5,73.7363603427023,58.380001068115234,26.304143531395162,12923126492.789883,74.17752811176068,False
TERMINAL_MARGIN_X_WACC,NOG,12.0,6.5,47.852904194977576,27.34000015258789,75.02890975824673,7576899473.598089,80.297662013012,False
TERMINAL_MARGIN_X_WACC,NOG,12.0,7.5,32.01969259269074,27.34000015258789,17.11665111186873,5901886237.495535,75.46635318569027,False
TERMINAL_MARGIN_X_WACC,NOG,12.0,8.5,22.13746766802543,27.34000015258789,-19.02901410214517,4856434564.976602,71.06823008063698,False
TERMINAL_MARGIN_X_WACC,NOG,12.0,9.5,15.351595312347948,27.34000015258789,-43.84932250669783,4138549507.9348254,67.04086128432932,False
TERMINAL_MARGIN_X_WACC,NOG,12.0,10.5,10.388714973946886,27.34000015258789,-62.00177426493711,3613520823.6207566,63.338283440069034,False
TERMINAL_MARGIN_X_WACC,NOG,17.0,6.5,62.17391298484399,27.34000015258789,127.4100681706063,9091935075.970928,83.58076327262827,False
TERMINAL_MARGIN_X_WACC,NOG,17.0,7.5,42.825421422078755,27.34000015258789,56.64016526358753,7045036425.189968,79.44726134115817,False
TERMINAL_MARGIN_X_WACC,NOG,17.0,8.5,30.68421278820096,27.34000015258789,12.231940808151464,5760604329.234741,75.60928690254099,False
TERMINAL_MARGIN_X_WACC,NOG,17.0,9.5,22.325457571839152,27.34000015258789,-18.34141387257484,4876322228.013717,72.0274787153974,False
TERMINAL_MARGIN_X_WACC,NOG,17.0,10.5,16.207539680411266,27.34000015258789,-40.71858233374177,4229100823.857769,68.67469428214137,False
TERMINAL_MARGIN_X_WACC,NOG,22.0,6.5,76.4949217747104,27.34000015258789,179.7912265829659,10606970678.343767,85.92598783863417,False
TERMINAL_MARGIN_X_WACC,NOG,22.0,7.5,53.631150251466764,27.34000015258789,96.1636794153063,8188186612.884402,82.31662279641854,False
TERMINAL_MARGIN_X_WACC,NOG,22.0,8.5,39.230957908376496,27.34000015258789,43.492895718448096,6664774093.49288,78.9182280612442,False
TERMINAL_MARGIN_X_WACC,NOG,22.0,9.5,29.29931983133035,27.34000015258789,7.1664947615481145,5614094948.0926075,75.70346982463532,False
TERMINAL_MARGIN_X_WACC,NOG,22.0,10.5,22.026364386875663,27.34000015258789,-19.43539040254636,4844680824.094783,72.65498367609271,False
TERMINAL_MARGIN_X_WACC,NOG,27.0,6.5,90.8159305645768,27.34000015258789,232.1723849953254,12122006280.716604,87.68498952522933,False
TERMINAL_MARGIN_X_WACC,NOG,27.0,7.5,64.43687908085478,27.34000015258789,135.6871935670251,9331336800.578835,84.48295291624572,False
TERMINAL_MARGIN_X_WACC,NOG,27.0,8.5,47.77770302855201,27.34000015258789,74.75385062874469,7568943857.7510195,81.43661122304935,False
TERMINAL_MARGIN_X_WACC,NOG,27.0,9.5,36.27318209082156,27.34000015258789,32.67440339567111,6351867668.1715,78.52552439069302,False
TERMINAL_MARGIN_X_WACC,NOG,27.0,10.5,27.845189093340053,27.34000015258789,1.8478015286490068,5460260824.331796,75.73781171246436,False
TERMINAL_MARGIN_X_WACC,NOG,32.0,6.5,100.29036784541256,27.34000015258789,266.8265079944394,13124317640.449286,88.62549365140553,False
TERMINAL_MARGIN_X_WACC,NOG,32.0,7.5,71.87003506092705,27.34000015258789,162.87503533215647,10117698719.144844,85.68895986050977,False
TERMINAL_MARGIN_X_WACC,NOG,32.0,8.5,53.80613973099703,27.34000015258789,96.80372871506356,8206698946.437094,82.87920047032497,False
TERMINAL_MARGIN_X_WACC,NOG,32.0,9.5,41.27956757829005,27.34000015258789,50.985981521227956,6881498811.061695,80.17829675499864,False
TERMINAL_MARGIN_X_WACC,NOG,32.0,10.5,32.077563232230084,27.34000015258789,17.32832133577642,5908008437.441131,77.57655940715425,False
TERMINAL_MARGIN_X_WACC,NOG,37.0,6.5,109.65962468214194,27.34000015258789,301.0959183252309,14115501842.882313,89.42420638076457,False
TERMINAL_MARGIN_X_WACC,NOG,37.0,7.5,79.2299993611879,27.34000015258789,189.79516795536048,10896317607.709349,86.71158480306174,False
TERMINAL_MARGIN_X_WACC,NOG,37.0,8.5,59.77992402662621,27.34000015258789,118.6537077285557,8838672295.63147,84.10335367543946,False
TERMINAL_MARGIN_X_WACC,NOG,37.0,9.5,46.24325482427698,27.34000015258789,69.14138466052565,7406612859.035429,81.58361589707035,False
TERMINAL_MARGIN_X_WACC,NOG,37.0,10.5,36.27550817205861,27.34000015258789,32.6829113738133,6352113746.917757,79.14428464331658,False
TERMINAL_MARGIN_X_WACC,OVV,12.0,6.5,53.68823068924344,66.82,-19.652453323490803,21462391478.45646,66.3973859916729,False
TERMINAL_MARGIN_X_WACC,OVV,12.0,7.5,39.9285938138694,66.82,-40.24454682150643,17595677573.470833,59.99101742241591,False
TERMINAL_MARGIN_X_WACC,OVV,12.0,8.5,31.128744209946568,66.82,-53.41403141283063,15122756148.766035,54.54167526100531,False
TERMINAL_MARGIN_X_WACC,OVV,12.0,9.5,24.95544975127241,66.82,-62.6527241076438,13387945576.428371,49.837897081266476,False
TERMINAL_MARGIN_X_WACC,OVV,12.0,10.5,20.351033779248667,66.82,-69.54349928277661,12094019041.548203,45.73438285190237,False
TERMINAL_MARGIN_X_WACC,OVV,17.0,6.5,70.75976700410877,66.82,5.89608950031244,26259810730.580605,72.5362660094757,False
TERMINAL_MARGIN_X_WACC,OVV,17.0,7.5,52.884011008795795,66.82,-20.85601465310416,21236390788.960396,66.8500563738098,False
TERMINAL_MARGIN_X_WACC,OVV,17.0,8.5,41.42385551589101,66.82,-38.00680108367103,18015873925.101826,61.84169789280153,False
TERMINAL_MARGIN_X_WACC,OVV,17.0,9.5,33.38830447359233,66.82,-50.03246861180435,15757734612.930958,57.381722666904935,False
TERMINAL_MARGIN_X_WACC,OVV,17.0,10.5,27.40981053929123,66.82,-58.97963103967191,14077666611.426676,53.38081052738135,False
TERMINAL_MARGIN_X_WACC,OVV,22.0,6.5,87.83130331897407,66.82,31.444632324115652,31057229982.70475,76.77859690166184,False
TERMINAL_MARGIN_X_WACC,OVV,22.0,7.5,65.8394282037222,66.82,-1.4674824847018653,24877104004.44996,71.70148272275364,False
TERMINAL_MARGIN_X_WACC,OVV,22.0,8.5,51.71896682183546,66.82,-22.599570754511433,20908991701.437614,67.12155374226064,False
TERMINAL_MARGIN_X_WACC,OVV,22.0,9.5,41.82115919591225,66.82,-37.412213115964896,18127523649.433548,62.953158034015935,False
TERMINAL_MARGIN_X_WACC,OVV,22.0,10.5,34.46858729933378,66.82,-48.41576279656723,16061314181.305147,59.138498899775136,False
TERMINAL_MARGIN_X_WACC,OVV,27.0,6.5,104.90283963383939,66.82,56.99317514791888,35854649234.8289,79.88566414852495,False
TERMINAL_MARGIN_X_WACC,OVV,27.0,7.5,78.79484539864862,66.82,17.92104968370043,28517817219.93952,75.31419911810228,False
TERMINAL_MARGIN_X_WACC,OVV,27.0,8.5,62.01407812777991,66.82,-7.1923404253518175,23802109477.773407,71.1178893366075,False
TERMINAL_MARGIN_X_WACC,OVV,27.0,9.5,50.25401391823219,66.82,-24.791957620125416,20497312685.936134,67.23631462499048,False
TERMINAL_MARGIN_X_WACC,OVV,27.0,10.5,41.52736405937634,66.82,-37.851894553462515,18044961751.18362,63.63032428996921,False
TERMINAL_MARGIN_X_WACC,OVV,32.0,6.5,121.9743759487047,66.82,82.54171797172212,40652068486.95304,82.25939088984754,False
TERMINAL_MARGIN_X_WACC,OVV,32.0,7.5,91.75026259357503,66.82,37.30958185210271,32158530435.429085,78.10891393525245,False
TERMINAL_MARGIN_X_WACC,OVV,32.0,8.5,72.30918943372436,66.82,8.214889903807787,26695227254.1092,74.24801244749041,False
TERMINAL_MARGIN_X_WACC,OVV,32.0,9.5,58.686868640552106,66.82,-12.171702124285977,22867101722.438725,70.63171747663078,False
TERMINAL_MARGIN_X_WACC,OVV,32.0,10.5,48.58614081941889,66.82,-27.28802631035784,20028609321.06209,67.23240258122645,False
TERMINAL_MARGIN_X_WACC,OVV,37.0,6.5,139.04591226357002,66.82,108.09026079552532,45449487739.07719,84.13200032778138,False
TERMINAL_MARGIN_X_WACC,OVV,37.0,7.5,104.70567978850141,66.82,56.698114020504974,35799243650.91865,80.33519466661367,False
TERMINAL_MARGIN_X_WACC,OVV,37.0,8.5,82.60430073966879,66.82,23.62212023296737,29588345030.444992,76.76601515725613,False
TERMINAL_MARGIN_X_WACC,OVV,37.0,9.5,67.11972336287202,66.82,0.44855337155347286,25236890758.94131,73.38945156557092,False
TERMINAL_MARGIN_X_WACC,OVV,37.0,10.5,55.64491757946144,66.82,-16.724158067253146,22012256890.940563,70.1852740342785,False
TERMINAL_MARGIN_X_WACC,PR,12.0,6.5,12.137897142453413,23.75,-48.893064663354046,13538507127.709778,85.67537768574664,False
TERMINAL_MARGIN_X_WACC,PR,12.0,7.5,8.423439928609188,23.75,-64.5328845111192,10428436215.451881,82.24831347070904,False
TERMINAL_MARGIN_X_WACC,PR,12.0,8.5,6.068650316484771,23.75,-74.44778814111676,8456798838.701539,79.09870458180794,False
TERMINAL_MARGIN_X_WACC,PR,12.0,9.5,4.43538270901201,23.75,-81.32470438310733,7089283267.650703,76.18735111350833,False
TERMINAL_MARGIN_X_WACC,PR,12.0,10.5,3.2329322093916764,23.75,-86.38765385519294,6082485744.620731,73.48661660960757,False
TERMINAL_MARGIN_X_WACC,PR,17.0,6.5,16.983390902928722,23.75,-28.490985671879066,17595581508.271854,88.97825563695638,False
TERMINAL_MARGIN_X_WACC,PR,17.0,7.5,12.094203054703739,23.75,-49.077039769668474,13501922586.947964,86.28918737348107,False
TERMINAL_MARGIN_X_WACC,PR,17.0,8.5,8.98022155033146,23.75,-62.188540840709635,10894622854.9814,83.77566133561893,False
TERMINAL_MARGIN_X_WACC,PR,17.0,9.5,6.816163536259223,23.75,-71.3003640578559,9082682780.151691,81.41357378699213,False
TERMINAL_MARGIN_X_WACC,PR,17.0,10.5,5.222697416471585,23.75,-78.0096950885407,7748492522.05714,79.1872708072368,False
TERMINAL_MARGIN_X_WACC,PR,22.0,6.5,21.98884262999364,23.75,-7.415399452658356,21786586794.598606,91.09846791828122,False
TERMINAL_MARGIN_X_WACC,PR,22.0,7.5,15.898625798754829,23.75,-33.05841768945336,16687320569.21743,88.90640771719238,False
TERMINAL_MARGIN_X_WACC,PR,22.0,8.5,12.005298245176059,23.75,-49.45137580978501,13427483645.763954,86.83610008523918,False
TERMINAL_MARGIN_X_WACC,PR,22.0,9.5,9.294579873292632,23.75,-60.864926849294186,11157831345.477345,84.87030247343962,False
TERMINAL_MARGIN_X_WACC,PR,22.0,10.5,7.297329827413326,23.75,-69.27440072668074,9485557601.404148,82.99865086583273,False
TERMINAL_MARGIN_X_WACC,PR,27.0,6.5,26.994294357058564,23.75,13.660186766562376,25977592080.92535,92.53456591745967,False
TERMINAL_MARGIN_X_WACC,PR,27.0,7.5,19.703048542805917,23.75,-17.03979560923825,19872718551.4869,90.68459958269995,False
TERMINAL_MARGIN_X_WACC,PR,27.0,8.5,15.030374940020657,23.75,-36.71421077886039,15960344436.546509,88.92517316761797,False
TERMINAL_MARGIN_X_WACC,PR,27.0,9.5,11.772996210326035,23.75,-50.429489640732484,13232979910.802996,87.24288750928795,False
TERMINAL_MARGIN_X_WACC,PR,27.0,10.5,9.371962238355064,23.75,-60.53910636482078,11222622680.751152,85.63016140689386,False
TERMINAL_MARGIN_X_WACC,PR,32.0,6.5,31.999746084123483,23.75,34.7357729857831,30168597367.252098,93.57165999657032,False
TERMINAL_MARGIN_X_WACC,PR,32.0,7.5,23.507471286857005,23.75,-1.0211735290231339,23058116533.756363,91.97148950061062,False
TERMINAL_MARGIN_X_WACC,PR,32.0,8.5,18.055451634865257,23.75,-23.977045747935765,18493205227.329063,90.44200025646647,False
TERMINAL_MARGIN_X_WACC,PR,32.0,9.5,14.25141254735944,23.75,-39.994052432170776,15308128476.128647,88.97222390230823,False
TERMINAL_MARGIN_X_WACC,PR,32.0,10.5,11.446594649296804,23.75,-51.803812002960825,12959687760.09816,87.55623750363377,False
TERMINAL_MARGIN_X_WACC,PR,37.0,6.5,37.00519781118841,23.75,55.81135920500384,34359602653.578854,94.35575541258274,False
TERMINAL_MARGIN_X_WACC,PR,37.0,7.5,27.311894030908093,23.75,14.997448551191962,26243514516.025833,92.94597792630402,False
TERMINAL_MARGIN_X_WACC,PR,37.0,8.5,21.080528329709857,23.75,-11.23988071701113,21026066018.111618,91.59338457951827,False
TERMINAL_MARGIN_X_WACC,PR,37.0,9.5,16.729828884392845,23.75,-29.558615223609074,17383277041.4543,90.288677278348,False
TERMINAL_MARGIN_X_WACC,PR,37.0,10.5,13.521227060238544,23.75,-43.06851764110087,14696752839.445166,89.02701309088532,False
TERMINAL_MARGIN_X_WACC,RRC,12.0,6.5,25.6768406659575,41.060001373291016,-37.46507596889672,6869041970.604404,76.67798797633796,False
TERMINAL_MARGIN_X_WACC,RRC,12.0,7.5,19.537113558183098,41.060001373291016,-52.418137104857166,5422385655.084608,71.35517425642851,False
TERMINAL_MARGIN_X_WACC,RRC,12.0,8.5,15.67027138840169,41.060001373291016,-61.83567738846937,4511271602.64583,66.60313590968839,False
TERMINAL_MARGIN_X_WACC,RRC,12.0,9.5,12.994987144414338,41.060001373291016,-68.35122574334007,3880915109.687982,62.32716833954816,False
TERMINAL_MARGIN_X_WACC,RRC,12.0,10.5,11.025223607988025,41.060001373291016,-73.14850648017809,3416794993.2672567,58.45803888826661,False
TERMINAL_MARGIN_X_WACC,RRC,17.0,6.5,32.40461066669918,41.060001373291016,-21.07985975914276,8454254275.661661,81.0509745500957,False
TERMINAL_MARGIN_X_WACC,RRC,17.0,7.5,24.604941715956816,41.060001373291016,-40.075643222062816,6616478728.232607,76.5247802367181,False
TERMINAL_MARGIN_X_WACC,RRC,17.0,8.5,19.67436420880668,41.060001373291016,-52.083868605020086,5454724962.1985,72.37948280946482,False
TERMINAL_MARGIN_X_WACC,RRC,17.0,9.5,16.259773502056277,41.060001373291016,-60.39996844073892,4650171417.04488,68.55921029494205,False
TERMINAL_MARGIN_X_WACC,RRC,17.0,10.5,13.747799640002517,41.060001373291016,-66.51778085680904,4058294483.7265835,65.02462664889342,False
TERMINAL_MARGIN_X_WACC,RRC,22.0,6.5,39.13238066744087,41.060001373291016,-4.694643549388767,10039466580.718918,84.04298892362036,False
TERMINAL_MARGIN_X_WACC,RRC,22.0,7.5,29.67276987373053,41.060001373291016,-27.733149339268483,7810571801.380604,80.11371047419537,False
TERMINAL_MARGIN_X_WACC,RRC,22.0,8.5,23.67845702921167,41.060001373291016,-42.3320598215708,6398178321.751169,76.4523092337306,False
TERMINAL_MARGIN_X_WACC,RRC,22.0,9.5,19.524559859698204,41.060001373291016,-52.44871113813778,5419427724.401775,73.0220478893981,False
TERMINAL_MARGIN_X_WACC,RRC,22.0,10.5,16.470375672017013,41.060001373291016,-59.88705523343998,4699793974.18591,69.79859850948887,False
TERMINAL_MARGIN_X_WACC,RRC,27.0,6.5,45.86015066818255,41.060001373291016,11.690572660365195,11624678885.776175,86.21898454111334,False
TERMINAL_MARGIN_X_WACC,RRC,27.0,7.5,34.74059803150425,41.060001373291016,-15.390655456474134,9004664874.528603,82.75079701814316,False
TERMINAL_MARGIN_X_WACC,RRC,27.0,8.5,27.682549849616663,41.060001373291016,-32.58025103812151,7341631681.30384,79.47835969874096,False
TERMINAL_MARGIN_X_WACC,RRC,27.0,9.5,22.78934621734014,41.060001373291016,-44.497453835536625,6188684031.758673,76.37541990098477,False
TERMINAL_MARGIN_X_WACC,RRC,27.0,10.5,19.192951704031508,41.060001373291016,-53.25632961007092,5341293464.645239,73.42584419362151,False
TERMINAL_MARGIN_X_WACC,RRC,32.0,6.5,52.71954056761717,41.060001373291016,28.396343897617427,13240903767.508234,87.90113709438866,False
TERMINAL_MARGIN_X_WACC,RRC,32.0,7.5,39.91840674073066,41.060001373291016,-2.780308315583613,10224671812.666122,84.80897039532078,False
TERMINAL_MARGIN_X_WACC,RRC,32.0,8.5,31.780039564194293,41.060001373291016,-22.600977834192705,8307091427.204477,81.86340840132704,False
TERMINAL_MARGIN_X_WACC,RRC,32.0,9.5,26.134471030020464,41.060001373291016,-36.350535421509775,6976869866.65324,79.04431866866496,False
TERMINAL_MARGIN_X_WACC,RRC,32.0,10.5,21.985359911415582,41.060001373291016,-46.455530501475415,5999246969.38754,76.34030313115043,False
TERMINAL_MARGIN_X_WACC,RRC,37.0,6.5,59.472770943594526,41.060001373291016,44.84356783845791,14832115103.464365,89.19912107531738,False
TERMINAL_MARGIN_X_WACC,RRC,37.0,7.5,45.05010741483384,41.060001373291016,9.717744539916984,11433814671.824833,86.41544430599461,False
TERMINAL_MARGIN_X_WACC,RRC,37.0,8.5,35.86012136862293,41.060001373291016,-12.664100902954523,9268449482.148014,83.74460314228006,False
TERMINAL_MARGIN_X_WACC,RRC,37.0,9.5,29.47712290288515,41.060001373291016,-28.209639754031702,7764473021.904331,81.16999554209016,False
TERMINAL_MARGIN_X_WACC,RRC,37.0,10.5,24.783401705676315,41.060001373291016,-39.641011016142855,6658527872.54529,78.6829209918415,False
TERMINAL_MARGIN_X_WACC,SM,12.0,6.5,48.44732786342398,37.20000076293945,30.234749650031432,12738393922.177006,73.25846842543505,False
TERMINAL_MARGIN_X_WACC,SM,12.0,7.5,37.850763997793294,37.20000076293945,1.749363498675427,10197881500.328508,67.70716910853885,False
TERMINAL_MARGIN_X_WACC,SM,12.0,8.5,31.064127758878293,37.20000076293945,-16.494281930698317,8570794277.889112,62.837405958268036,False
TERMINAL_MARGIN_X_WACC,SM,12.0,9.5,26.307668283701716,37.20000076293945,-29.280463053348203,7430439297.356384,58.52220036880629,False
TERMINAL_MARGIN_X_WACC,SM,12.0,10.5,22.767589172331625,37.20000076293945,-38.796804555407796,6581709928.968172,54.670286781627944,False
TERMINAL_MARGIN_X_WACC,SM,17.0,6.5,63.81192246733587,37.20000076293945,71.53742246937955,16422035519.85649,79.25688548978857,False
TERMINAL_MARGIN_X_WACC,SM,17.0,7.5,49.595048737643324,37.20000076293945,33.32002075401152,13013558510.881676,74.69420355194167,False
TERMINAL_MARGIN_X_WACC,SM,17.0,8.5,40.44067086019263,37.20000076293945,8.711478577392139,10818808306.299736,70.55933155050691,False
TERMINAL_MARGIN_X_WACC,SM,17.0,9.5,34.01362050169421,37.20000076293945,-8.565538161009057,9277931331.588158,66.78157432592894,False
TERMINAL_MARGIN_X_WACC,SM,17.0,10.5,29.233912322690795,37.20000076293945,-21.414215798040747,8132002504.513012,63.31198577459046,False
TERMINAL_MARGIN_X_WACC,SM,22.0,6.5,79.17651707124774,37.20000076293945,112.84009528872762,20105677117.535973,83.05731454415748,False
TERMINAL_MARGIN_X_WACC,SM,22.0,7.5,61.339333477493355,37.20000076293945,64.89067800934762,15829235521.434845,79.19555481404463,False
TERMINAL_MARGIN_X_WACC,SM,22.0,8.5,49.817213961506965,37.20000076293945,33.917239085482564,13066822334.71036,75.62429945050198,False
TERMINAL_MARGIN_X_WACC,SM,22.0,9.5,41.71957271968671,37.20000076293945,12.14938673133008,11125423365.819925,72.2978387236608,False
TERMINAL_MARGIN_X_WACC,SM,22.0,10.5,35.70023547304997,37.20000076293945,-4.03162704067368,9682295080.05785,69.18633225906015,False
TERMINAL_MARGIN_X_WACC,SM,27.0,6.5,94.54111167515963,37.20000076293945,154.14276810807576,23789318715.215454,85.68079366386942,False
TERMINAL_MARGIN_X_WACC,SM,27.0,7.5,73.08361821734337,37.20000076293945,96.4613352646837,18644912531.988007,82.3373554487705,False
TERMINAL_MARGIN_X_WACC,SM,27.0,8.5,59.19375706282129,37.20000076293945,59.12299959357299,15314836363.12098,79.20232767674946,False
TERMINAL_MARGIN_X_WACC,SM,27.0,9.5,49.4255249376792,37.20000076293945,32.86431162366921,12972915400.051693,76.24294440814222,False
TERMINAL_MARGIN_X_WACC,SM,27.0,10.5,42.16655862340913,37.20000076293945,13.350961716693345,11232587655.602688,73.43915465303962,False
TERMINAL_MARGIN_X_WACC,SM,32.0,6.5,109.9057062790715,37.20000076293945,195.44544092742382,27472960312.894936,87.60074781168541,False
TERMINAL_MARGIN_X_WACC,SM,32.0,7.5,84.8279029571934,37.20000076293945,128.03199252001977,21460589542.541176,84.65473364147508,False
TERMINAL_MARGIN_X_WACC,SM,32.0,8.5,68.57030016413563,37.20000076293945,84.32876010166343,17562850391.5316,81.86439323550967,False
TERMINAL_MARGIN_X_WACC,SM,32.0,9.5,57.131477155671696,37.20000076293945,53.57923651600836,14820407434.283463,79.20446696798949,False
TERMINAL_MARGIN_X_WACC,SM,32.0,10.5,48.632881773768304,37.20000076293945,30.73355047406039,12782880231.147528,76.66042252045287,False
TERMINAL_MARGIN_X_WACC,SM,37.0,6.5,125.27030088298338,37.20000076293945,236.7481137467719,31156601910.574413,89.06671002643812,False
TERMINAL_MARGIN_X_WACC,SM,37.0,7.5,96.57218769704342,37.20000076293945,159.60264977535584,24276266553.09434,86.43455071557149,False
TERMINAL_MARGIN_X_WACC,SM,37.0,8.5,77.94684326544997,37.20000076293945,109.53452060975391,19810864419.942223,83.92230941504162,False
TERMINAL_MARGIN_X_WACC,SM,37.0,9.5,64.83742937366418,37.20000076293945,74.29416140834746,16667899468.515232,81.5094713686229,False
TERMINAL_MARGIN_X_WACC,SM,37.0,10.5,55.09920492412747,37.20000076293945,48.11613923142743,14333172806.692364,79.18485825920297,False
GROWTH_X_OPERATING_MARGIN,AR,-5.0,12.0,28.231630074242993,37.93999862670898,-25.588742498349724,11572141335.683151,88.60013130129107,False
GROWTH_X_OPERATING_MARGIN,AR,-5.0,17.0,42.73695034533892,37.93999862670898,12.643521065530528,16066411747.19843,82.76842972124456,False
GROWTH_X_OPERATING_MARGIN,AR,-5.0,22.0,57.24227061643482,37.93999862670898,50.87578462941072,20560682158.713703,79.48618089356039,False
GROWTH_X_OPERATING_MARGIN,AR,-5.0,27.0,71.74759088753075,37.93999862670898,89.10804819329098,25054952570.228977,77.38144886604927,False
GROWTH_X_OPERATING_MARGIN,AR,-5.0,32.0,86.25291115862669,37.93999862670898,127.34031175717129,29549222981.744255,75.91695261605797,False
GROWTH_X_OPERATING_MARGIN,AR,-5.0,37.0,98.53823235953867,37.93999862670898,159.72123333228004,33355657761.35002,74.60423824547907,False
GROWTH_X_OPERATING_MARGIN,AR,0.0,12.0,32.56802038626085,37.93999862670898,-14.159141894819072,12915711164.397518,89.9348798619304,False
GROWTH_X_OPERATING_MARGIN,AR,0.0,17.0,47.53950863266029,37.93999862670898,25.30181959256439,17554417196.70893,85.850688703176,False
GROWTH_X_OPERATING_MARGIN,AR,0.0,22.0,62.510996879059725,37.93999862670898,64.76278107994784,22193123229.020348,83.4738157951898,False
GROWTH_X_OPERATING_MARGIN,AR,0.0,27.0,77.48248512545916,37.93999862670898,104.22374256733127,26831829261.331764,81.91877389909084,False
GROWTH_X_OPERATING_MARGIN,AR,0.0,32.0,92.45397337185861,37.93999862670898,143.68470405471476,31470535293.64318,80.82215332672375,False
GROWTH_X_OPERATING_MARGIN,AR,0.0,37.0,104.95981673597842,37.93999862670898,176.64686487913806,35345295778.2086,79.83674105491086,False
GROWTH_X_OPERATING_MARGIN,AR,5.0,12.0,37.26160172887738,37.93999862670898,-1.7880783405037293,14369951633.268454,91.16571335374125,False
GROWTH_X_OPERATING_MARGIN,AR,5.0,17.0,52.62532755794083,37.93999862670898,38.70671972268782,19130186989.242157,88.8768592941035,False
GROWTH_X_OPERATING_MARGIN,AR,5.0,22.0,67.9890533870043,37.93999862670898,79.20151778587945,23890422345.215866,87.50012674173021,False
GROWTH_X_OPERATING_MARGIN,AR,5.0,27.0,83.35277921606776,37.93999862670898,119.69631584907101,28650657701.18957,86.5808755526036,False
GROWTH_X_OPERATING_MARGIN,AR,5.0,32.0,98.71650504513121,37.93999862670898,160.19111391226258,33410893057.163277,85.9235660005362,False
GROWTH_X_OPERATING_MARGIN,AR,5.0,37.0,111.35053493398891,37.93999862670898,193.4911411820675,37325370341.80739,85.33828958635769,False
GROWTH_X_OPERATING_MARGIN,AR,10.0,12.0,42.330298459257705,37.93999862670898,11.571692122988232,15940416353.42257,92.30387180547841,False
GROWTH_X_OPERATING_MARGIN,AR,10.0,17.0,58.004493664287374,37.93999862670898,52.884806968478394,20796846298.96814,91.84825663028191,False
GROWTH_X_OPERATING_MARGIN,AR,10.0,22.0,73.67868886931706,37.93999862670898,94.1979218139686,25653276244.513718,91.56514676469024,False
GROWTH_X_OPERATING_MARGIN,AR,10.0,27.0,89.35288407434672,37.93999862670898,135.51103665945874,30509706190.059296,91.37216580565529,False
GROWTH_X_OPERATING_MARGIN,AR,10.0,32.0,105.02707927937641,37.93999862670898,176.82415150494896,35366136135.604866,91.2321846148045,False
GROWTH_X_OPERATING_MARGIN,AR,10.0,37.0,117.68826901381752,37.93999862670898,210.19576508621012,39289028518.16516,91.12896845910339,False
GROWTH_X_OPERATING_MARGIN,AR,15.0,12.0,47.79239554078947,37.93999862670898,25.9683639185601,17632770664.776047,93.35916507763662,False
GROWTH_X_OPERATING_MARGIN,AR,15.0,17.0,63.68703359460444,37.93999862670898,67.8625089611102,22557501740.81786,94.76643020789196,False
GROWTH_X_OPERATING_MARGIN,AR,15.0,22.0,79.58167164841939,37.93999862670898,109.75665400366022,27482232816.859665,95.669340225127,False
GROWTH_X_OPERATING_MARGIN,AR,15.0,27.0,95.47630970223435,37.93999862670898,151.6507990462103,32406963892.901478,96.29782842145703,False
GROWTH_X_OPERATING_MARGIN,AR,15.0,32.0,111.37094775604928,37.93999862670898,193.54494408876027,37331694968.94329,96.7604985185035,False
GROWTH_X_OPERATING_MARGIN,AR,15.0,37.0,123.94914597058428,37.93999862670898,226.6978135400528,41228873590.941956,97.23166259841875,False
GROWTH_X_OPERATING_MARGIN,CNX,-5.0,12.0,23.120208438684813,36.36000061035156,-36.41306916781907,5634096462.683624,95.92310200011087,False
GROWTH_X_OPERATING_MARGIN,CNX,-5.0,17.0,37.12316069564548,36.36000061035156,2.098900089337863,7615200456.895289,91.06136527849907,False
GROWTH_X_OPERATING_MARGIN,CNX,-5.0,22.0,51.12611295260615,36.36000061035156,40.6108693464948,9596304451.106953,88.20698588638086,False
GROWTH_X_OPERATING_MARGIN,CNX,-5.0,27.0,65.1290652095668,36.36000061035156,79.1228386036517,11577408445.318617,86.32947838082158,False
GROWTH_X_OPERATING_MARGIN,CNX,-5.0,32.0,79.13201746652746,36.36000061035156,117.63480786080862,13558512439.530281,85.00063543341565,False
GROWTH_X_OPERATING_MARGIN,CNX,-5.0,37.0,93.13496972348814,36.36000061035156,156.14677711796557,15539616433.741947,84.0106137280926,False
GROWTH_X_OPERATING_MARGIN,CNX,0.0,12.0,26.456374908351677,36.36000061035156,-27.23769399272331,6106089267.995564,94.83062889446533,False
GROWTH_X_OPERATING_MARGIN,CNX,0.0,17.0,40.5551584290392,36.36000061035156,11.537837591491385,8100751238.829287,92.04525037030157,False
GROWTH_X_OPERATING_MARGIN,CNX,0.0,22.0,54.65394194972675,36.36000061035156,50.31336917570614,10095413209.66301,90.36054766814549,False
GROWTH_X_OPERATING_MARGIN,CNX,0.0,27.0,68.7527254704143,36.36000061035156,89.0889007599209,12090075180.496733,89.23174099839329,False
GROWTH_X_OPERATING_MARGIN,CNX,0.0,32.0,82.85150899110184,36.36000061035156,127.86443234413562,14084737151.330454,88.42265456372772,False
GROWTH_X_OPERATING_MARGIN,CNX,0.0,37.0,96.95029251178934,36.36000061035156,166.63996392835028,16079399122.164175,87.81430373243678,False
GROWTH_X_OPERATING_MARGIN,CNX,5.0,12.0,28.571629662770807,36.36000061035156,-21.420161762493027,6405350421.347844,93.15476248819013,False
GROWTH_X_OPERATING_MARGIN,CNX,5.0,17.0,42.35685527390993,36.36000061035156,16.49299934789077,8355650973.558987,92.51538610326054,False
GROWTH_X_OPERATING_MARGIN,CNX,5.0,22.0,56.142080885049054,36.36000061035156,54.4061604582746,10305951525.77013,92.11800117607865,False
GROWTH_X_OPERATING_MARGIN,CNX,5.0,27.0,69.92730649618818,36.36000061035156,92.31932156865841,12256252077.981274,91.84708558683006,False
GROWTH_X_OPERATING_MARGIN,CNX,5.0,32.0,83.7125321073273,36.36000061035156,130.23248267904225,14206552630.192417,91.65055353552599,False
GROWTH_X_OPERATING_MARGIN,CNX,5.0,37.0,97.49775771846643,36.36000061035156,168.14564378942603,16156853182.40356,91.5014684175892,False
GROWTH_X_OPERATING_MARGIN,CNX,10.0,12.0,30.950336391938347,36.36000061035156,-14.878064157328708,6741884126.222077,91.34917479394335,False
GROWTH_X_OPERATING_MARGIN,CNX,10.0,17.0,44.30860397185777,36.36000061035156,21.860844961711212,8631779683.437283,93.00562607647113,False
GROWTH_X_OPERATING_MARGIN,CNX,10.0,22.0,57.666871551777206,36.36000061035156,58.599754080751175,10521675240.652485,94.06701624030994,False
GROWTH_X_OPERATING_MARGIN,CNX,10.0,27.0,71.02513913169663,36.36000061035156,95.33866319979111,12411570797.867687,94.80517309423512,False
GROWTH_X_OPERATING_MARGIN,CNX,10.0,32.0,84.38340671161608,36.36000061035156,132.07757231883107,14301466355.082893,95.34823955335399,False
GROWTH_X_OPERATING_MARGIN,CNX,10.0,37.0,97.7416742915355,36.36000061035156,168.81648143787103,16191361912.2981,95.76452990877993,False
GROWTH_X_OPERATING_MARGIN,CNX,15.0,12.0,33.6087322037584,36.36000061035156,-7.566744665592462,7117987569.578054,89.44290389808744,False
GROWTH_X_OPERATING_MARGIN,CNX,15.0,17.0,46.41780763624107,36.36000061035156,27.661735030406163,8930184743.130215,93.51351366985723,False
GROWTH_X_OPERATING_MARGIN,CNX,15.0,22.0,59.22688306872376,36.36000061035156,62.890214726404814,10742381916.682373,96.21073203174258,False
GROWTH_X_OPERATING_MARGIN,CNX,15.0,27.0,72.03595850120644,36.36000061035156,98.11869442240344,12554579090.234533,98.1292876512563,False
GROWTH_X_OPERATING_MARGIN,CNX,15.0,32.0,84.84503393368914,36.36000061035156,133.3471741184021,14366776263.786694,99.56383753320604,False
GROWTH_X_OPERATING_MARGIN,CNX,15.0,37.0,97.65410936617181,36.36000061035156,168.57565381440077,16178973437.338852,100.67702126031814,False
GROWTH_X_OPERATING_MARGIN,COP,-5.0,12.0,63.83203273766108,134.8699951171875,-52.6714354203113,94151182938.92029,82.9767807110721,False
GROWTH_X_OPERATING_MARGIN,COP,-5.0,17.0,91.35690007689252,134.8699951171875,-32.26299148486421,127684563861.776,81.82206876905543,False
GROWTH_X_OPERATING_MARGIN,COP,-5.0,22.0,118.88176741612398,134.8699951171875,-11.854547549417106,161217944784.6317,81.14771768835037,False
GROWTH_X_OPERATING_MARGIN,COP,-5.0,27.0,146.40663475535538,134.8699951171875,8.553896386029969,194751325707.48737,80.7055937473875,False
GROWTH_X_OPERATING_MARGIN,COP,-5.0,32.0,173.9315020945868,134.8699951171875,28.962340321477022,228284706630.34308,80.39335945822181,False
GROWTH_X_OPERATING_MARGIN,COP,-5.0,37.0,201.45636943381828,134.8699951171875,49.37078425692416,261818087553.1988,80.16110643737582,False
GROWTH_X_OPERATING_MARGIN,COP,0.0,12.0,71.46441656425411,134.8699951171875,-47.01236809406034,103449670413.98232,85.21544683550417,False
GROWTH_X_OPERATING_MARGIN,COP,0.0,17.0,101.4306515332261,134.8699951171875,-24.793760506112726,139957354889.0347,84.28205505821506,False
GROWTH_X_OPERATING_MARGIN,COP,0.0,22.0,131.39688650219807,134.8699951171875,-2.5751529181651356,176465039364.0871,83.7348697796146,False
GROWTH_X_OPERATING_MARGIN,COP,0.0,27.0,161.36312147117007,134.8699951171875,19.64345466978248,212972723839.13953,83.37528098886887,False
GROWTH_X_OPERATING_MARGIN,COP,0.0,32.0,191.32935644014208,134.8699951171875,41.8620622577301,249480408314.19196,83.12093295992898,False
GROWTH_X_OPERATING_MARGIN,COP,0.0,37.0,221.29559140911405,134.8699951171875,64.0806698456777,285988092789.2444,82.9315223030092,False
GROWTH_X_OPERATING_MARGIN,COP,5.0,12.0,79.59328184543747,134.8699951171875,-40.985182229539284,113353018269.75839,87.38992140056386,False
GROWTH_X_OPERATING_MARGIN,COP,5.0,17.0,112.1303648045857,134.8699951171875,-16.860407159385982,152992751444.15048,86.68521906996335,False
GROWTH_X_OPERATING_MARGIN,COP,5.0,22.0,144.66744776373392,134.8699951171875,7.264367910767322,192632484618.5426,86.27054271714839,False
GROWTH_X_OPERATING_MARGIN,COP,5.0,27.0,177.20453072288217,134.8699951171875,31.38914298092064,232272217792.9347,85.99740425582564,False
GROWTH_X_OPERATING_MARGIN,COP,5.0,32.0,209.74161368203033,134.8699951171875,55.51391805107389,271911950967.32678,85.80390286590028,False
GROWTH_X_OPERATING_MARGIN,COP,5.0,37.0,242.27869664117856,134.8699951171875,79.6386931212272,311551684141.7189,85.6596410972381,False
GROWTH_X_OPERATING_MARGIN,COP,10.0,12.0,86.67008238234521,134.8699951171875,-35.73805477857529,121974641952.60747,89.24332447210989,False
GROWTH_X_OPERATING_MARGIN,COP,10.0,17.0,121.56041369036181,134.8699951171875,-9.86845251626286,164481323487.40854,88.79112937535486,False
GROWTH_X_OPERATING_MARGIN,COP,10.0,22.0,156.4507449983784,134.8699951171875,16.00114974604956,206988005022.20966,88.52465820948464,False
GROWTH_X_OPERATING_MARGIN,COP,10.0,27.0,191.341076306395,134.8699951171875,41.87075200836199,249494686557.01074,88.34898500923171,False
GROWTH_X_OPERATING_MARGIN,COP,10.0,32.0,226.23140761441164,134.8699951171875,67.74035427067444,292001368091.8119,88.22445735549556,False
GROWTH_X_OPERATING_MARGIN,COP,10.0,37.0,261.1217389224281,134.8699951171875,93.60995653298679,334508049626.61285,88.13157771337258,False
GROWTH_X_OPERATING_MARGIN,COP,15.0,12.0,90.42193016762995,134.8699951171875,-32.95622937550859,126545495624.59607,90.54416018505393,False
GROWTH_X_OPERATING_MARGIN,COP,15.0,17.0,126.93864034642462,134.8699951171875,-5.88074075621593,171033584790.77753,90.39734228968304,False
GROWTH_X_OPERATING_MARGIN,COP,15.0,22.0,163.45535052521933,134.8699951171875,21.194747863076756,215521673956.959,90.31113683760411,False
GROWTH_X_OPERATING_MARGIN,COP,15.0,27.0,199.97206070401404,134.8699951171875,48.270236482369455,260009763123.14047,90.25443116886123,False
GROWTH_X_OPERATING_MARGIN,COP,15.0,32.0,236.4887708828087,134.8699951171875,75.34572510166211,304497852289.3219,90.21429525145355,False
GROWTH_X_OPERATING_MARGIN,COP,15.0,37.0,273.0054810616034,134.8699951171875,102.42121372095481,348985941455.5034,90.18439224064917,False
GROWTH_X_OPERATING_MARGIN,DVN,-5.0,12.0,40.514579802432166,49.09999847412109,-17.485578286145977,31798759889.231346,82.15497887798449,False
GROWTH_X_OPERATING_MARGIN,DVN,-5.0,17.0,59.732693155148,49.09999847412109,21.655183322726646,43740895526.60896,80.85497436312096,False
GROWTH_X_OPERATING_MARGIN,DVN,-5.0,22.0,78.95080650786383,49.09999847412109,60.79594493159928,55683031163.98659,80.11258425685463,False
GROWTH_X_OPERATING_MARGIN,DVN,-5.0,27.0,98.16891986057965,49.09999847412109,99.93670654047189,67625166801.3642,79.6323960427011,False
GROWTH_X_OPERATING_MARGIN,DVN,-5.0,32.0,117.38703321329547,49.09999847412109,139.07746814934447,79567302438.7418,79.2963492687907,False
GROWTH_X_OPERATING_MARGIN,DVN,-5.0,37.0,136.6051465660113,49.09999847412109,178.21822975821715,91509438076.11943,79.04801183369635,False
GROWTH_X_OPERATING_MARGIN,DVN,0.0,12.0,45.573587508677136,49.09999847412109,-7.182099949152954,34942427277.891975,84.57266740810022,False
GROWTH_X_OPERATING_MARGIN,DVN,0.0,17.0,66.42986813790202,49.09999847412109,35.295051328596095,47902520060.89232,83.55299086283591,False
GROWTH_X_OPERATING_MARGIN,DVN,0.0,22.0,87.28614876712689,49.09999847412109,77.7722026063451,60862612843.892654,82.96757443286342,False
GROWTH_X_OPERATING_MARGIN,DVN,0.0,27.0,108.14242939635176,49.09999847412109,120.24935388409412,73822705626.89297,82.58770590809726,False
GROWTH_X_OPERATING_MARGIN,DVN,0.0,32.0,128.99871002557666,49.09999847412109,162.72650516184316,86782798409.89334,82.32129607368255,False
GROWTH_X_OPERATING_MARGIN,DVN,0.0,37.0,149.85499065480153,49.09999847412109,205.20365643959218,99742891192.89368,82.12411816409029,False
GROWTH_X_OPERATING_MARGIN,DVN,5.0,12.0,50.959812830035695,49.09999847412109,3.787809396562114,38289427692.58418,86.92394609246608,False
GROWTH_X_OPERATING_MARGIN,DVN,5.0,17.0,73.53276804233064,49.09999847412109,49.76124302954352,52316262061.50426,86.19693812656236,False
GROWTH_X_OPERATING_MARGIN,DVN,5.0,22.0,96.10572325462559,49.09999847412109,95.73467666252493,66343096430.42433,85.77735085312848,False
GROWTH_X_OPERATING_MARGIN,DVN,5.0,27.0,118.67867846692053,49.09999847412109,141.70811029550637,80369930799.34442,85.50422335959554,False
GROWTH_X_OPERATING_MARGIN,DVN,5.0,32.0,141.25163367921544,49.09999847412109,187.6815439284877,94396765168.26448,85.31226631944746,False
GROWTH_X_OPERATING_MARGIN,DVN,5.0,37.0,163.8245888915104,49.09999847412109,233.65497756146908,108423599537.18457,85.16997650340184,False
GROWTH_X_OPERATING_MARGIN,DVN,10.0,12.0,56.68635208984932,49.09999847412109,15.450822508124396,41847899188.63237,89.21128366006566,False
GROWTH_X_OPERATING_MARGIN,DVN,10.0,17.0,81.05638492779003,49.09999847412109,65.08429215229417,56991437594.12873,88.78808772180243,False
GROWTH_X_OPERATING_MARGIN,DVN,10.0,22.0,105.42641776573078,49.09999847412109,114.717761796464,72134975999.62512,88.54257768016087,False
GROWTH_X_OPERATING_MARGIN,DVN,10.0,27.0,129.79645060367153,49.09999847412109,164.35123144063385,87278514405.12149,88.38226365199127,False
GROWTH_X_OPERATING_MARGIN,DVN,10.0,32.0,154.16648344161223,49.09999847412109,213.98470108480362,102422052810.61784,88.26935585277148,False
GROWTH_X_OPERATING_MARGIN,DVN,10.0,37.0,178.53651627955298,49.09999847412109,263.6181707289735,117565591216.11423,88.1855351967554,False
GROWTH_X_OPERATING_MARGIN,DVN,15.0,12.0,61.55334838056413,49.09999847412109,25.363238886874463,44872250683.68255,91.17955694235157,False
GROWTH_X_OPERATING_MARGIN,DVN,15.0,17.0,87.52018098070954,49.09999847412109,78.24884664067436,61008040461.4129,91.09259698540697,False
GROWTH_X_OPERATING_MARGIN,DVN,15.0,22.0,113.48701358085496,49.09999847412109,131.13445439447426,77143830239.14328,91.0420149884363,False
GROWTH_X_OPERATING_MARGIN,DVN,15.0,27.0,139.45384618100033,49.09999847412109,184.02006214827406,93279620016.87361,91.00893264400518,False
GROWTH_X_OPERATING_MARGIN,DVN,15.0,32.0,165.42067878114577,49.09999847412109,236.905669902074,109415409794.60399,90.98560778722768,False
GROWTH_X_OPERATING_MARGIN,DVN,15.0,37.0,191.38751138129118,49.09999847412109,289.7912776558739,125551199572.33435,90.96827833291293,False
GROWTH_X_OPERATING_MARGIN,EOG,-5.0,12.0,77.4867818537142,153.0500030517578,-49.37159078166757,45353670713.17447,84.59022577837771,False
GROWTH_X_OPERATING_MARGIN,EOG,-5.0,17.0,112.0001230190118,153.0500030517578,-26.821221309524535,63736460883.43541,82.45273381635582,False
GROWTH_X_OPERATING_MARGIN,EOG,-5.0,22.0,146.51346418430938,153.0500030517578,-4.270851837381495,82119251053.69637,81.2722176115233,False
GROWTH_X_OPERATING_MARGIN,EOG,-5.0,27.0,181.02680534960697,153.0500030517578,18.279517634761543,100502041223.9573,80.52355694756821,False
GROWTH_X_OPERATING_MARGIN,EOG,-5.0,32.0,215.5401465149046,153.0500030517578,40.82988710690461,118884831394.21826,80.0064224040242,False
GROWTH_X_OPERATING_MARGIN,EOG,-5.0,37.0,250.05348768020215,153.0500030517578,63.380256579047646,137267621564.47917,79.62779650068853,False
GROWTH_X_OPERATING_MARGIN,EOG,0.0,12.0,87.09572214461775,153.0500030517578,-43.09328950802824,50471666455.1762,85.77828130971984,False
GROWTH_X_OPERATING_MARGIN,EOG,0.0,17.0,124.53682631777698,153.0500030517578,-18.629974626226154,70413866732.50287,84.27868460819612,False
GROWTH_X_OPERATING_MARGIN,EOG,0.0,22.0,161.97793049093622,153.0500030517578,5.833340255575936,90356067009.82953,83.44103034721162,False
GROWTH_X_OPERATING_MARGIN,EOG,0.0,27.0,199.41903466409545,153.0500030517578,30.296655137378046,110298267287.1562,82.9062760219481,False
GROWTH_X_OPERATING_MARGIN,EOG,0.0,32.0,236.86013883725468,153.0500030517578,54.75997001918014,130240467564.48286,82.53528305370352,False
GROWTH_X_OPERATING_MARGIN,EOG,0.0,37.0,274.30124301041394,153.0500030517578,79.22328490098225,150182667841.80954,82.26281565010011,False
GROWTH_X_OPERATING_MARGIN,EOG,5.0,12.0,97.4495435221605,153.0500030517578,-36.32829691012458,55986407115.37937,86.8987141319656,False
GROWTH_X_OPERATING_MARGIN,EOG,5.0,17.0,137.95756877630072,153.0500030517578,-9.861113344998229,77562137059.69495,86.03330119967221,False
GROWTH_X_OPERATING_MARGIN,EOG,5.0,22.0,178.4655940304409,153.0500030517578,16.6060702201281,99137867004.01053,85.54457411470946,False
GROWTH_X_OPERATING_MARGIN,EOG,5.0,27.0,218.97361928458116,153.0500030517578,43.073253785254465,120713596948.32611,85.23055218091775,False
GROWTH_X_OPERATING_MARGIN,EOG,5.0,32.0,259.4816445387214,153.0500030517578,69.54043735038084,142289326892.6417,85.01176230125186,False
GROWTH_X_OPERATING_MARGIN,EOG,5.0,37.0,299.98966979286155,153.0500030517578,96.00762091550715,163865056836.95728,84.85058752817842,False
GROWTH_X_OPERATING_MARGIN,EOG,10.0,12.0,107.3266035316011,153.0500030517578,-29.874811243678423,61247211068.92949,87.79412052662319,False
GROWTH_X_OPERATING_MARGIN,EOG,10.0,17.0,150.73739855789086,153.0500030517578,-1.5110123801074904,84369039009.91351,87.57097833144397,False
GROWTH_X_OPERATING_MARGIN,EOG,10.0,22.0,194.14819358418066,153.0500030517578,26.852786483463476,107490866950.89758,87.44383416083487,False
GROWTH_X_OPERATING_MARGIN,EOG,10.0,27.0,237.55898861047046,153.0500030517578,55.21658534703442,130612694891.88159,87.36170560894426,False
GROWTH_X_OPERATING_MARGIN,EOG,10.0,32.0,280.9697836367602,153.0500030517578,83.58038421060536,153734522832.86566,87.30428149182681,False
GROWTH_X_OPERATING_MARGIN,EOG,10.0,37.0,324.38057866305,153.0500030517578,111.94418307417631,176856350773.8497,87.26187239169741,False
GROWTH_X_OPERATING_MARGIN,EOG,15.0,12.0,112.99200469642551,153.0500030517578,-26.17314443423151,64264765363.21021,88.06152181345777,False
GROWTH_X_OPERATING_MARGIN,EOG,15.0,17.0,158.2248186922178,153.0500030517578,3.381127433698916,88357052589.55249,88.55430473241388,False
GROWTH_X_OPERATING_MARGIN,EOG,15.0,22.0,203.45763268801016,153.0500030517578,32.93539930162937,112449339815.8948,88.83593002886792,False
GROWTH_X_OPERATING_MARGIN,EOG,15.0,27.0,248.69044668380246,153.0500030517578,62.48967116955977,136541627042.23709,89.01817175008044,False
GROWTH_X_OPERATING_MARGIN,EOG,15.0,32.0,293.9232606795948,153.0500030517578,92.04394303749022,160633914268.57938,89.14574730802272,False
GROWTH_X_OPERATING_MARGIN,EOG,15.0,37.0,339.1560746753871,153.0500030517578,121.59821490542062,184726201494.92166,89.24004564854661,False
GROWTH_X_OPERATING_MARGIN,EQT,-5.0,12.0,22.91887569636414,53.720001220703125,-57.336420000803265,23669383532.810448,94.82035525380775,False
GROWTH_X_OPERATING_MARGIN,EQT,-5.0,17.0,33.05841126201707,53.720001220703125,-38.46163344970904,30011439959.343914,91.18559642630268,False
GROWTH_X_OPERATING_MARGIN,EQT,-5.0,22.0,44.41545619129194,53.720001220703125,-17.320448283655875,37115021707.6169,87.5736055332845,False
GROWTH_X_OPERATING_MARGIN,EQT,-5.0,27.0,56.36070405514941,53.720001220703125,4.915679029114739,44586511451.006744,84.65176266461644,False
GROWTH_X_OPERATING_MARGIN,EQT,-5.0,32.0,63.83096339842906,53.720001220703125,18.821597073659934,49258994324.52261,82.04570601266472,False
GROWTH_X_OPERATING_MARGIN,EQT,-5.0,37.0,71.26092033159848,53.720001220703125,32.65249201843889,53906268927.16756,79.8856578218336,False
GROWTH_X_OPERATING_MARGIN,EQT,0.0,12.0,27.005957580512987,53.720001220703125,-49.72830050847956,26225763335.544098,94.09693272893614,False
GROWTH_X_OPERATING_MARGIN,EQT,0.0,17.0,37.44192691626139,53.720001220703125,-30.301701292903804,32753232563.72934,92.0582601611771,False
GROWTH_X_OPERATING_MARGIN,EQT,0.0,22.0,48.77615710477873,53.720001220703125,-9.20298585923912,39842544193.582794,90.03021230781695,False
GROWTH_X_OPERATING_MARGIN,EQT,0.0,27.0,60.544354936918644,53.720001220703125,12.703562101903842,47203293037.23399,88.3548714348272,False
GROWTH_X_OPERATING_MARGIN,EQT,0.0,32.0,67.5177087634055,53.720001220703125,25.68448851297658,51564972441.91734,86.76291096185548,False
GROWTH_X_OPERATING_MARGIN,EQT,0.0,37.0,74.44787951385945,53.720001220703125,38.58502945299267,55899641782.56978,85.41537234497707,False
GROWTH_X_OPERATING_MARGIN,EQT,5.0,12.0,29.08076925591128,53.720001220703125,-45.866030165494756,27523512392.648872,91.95678061186776,False
GROWTH_X_OPERATING_MARGIN,EQT,5.0,17.0,39.43123997121009,53.720001220703125,-26.59858697841261,33997504114.712543,91.55913664670223,False
GROWTH_X_OPERATING_MARGIN,EQT,5.0,22.0,50.295645152448714,53.720001220703125,-6.374452700002364,40792950538.663315,91.2467554711477,False
GROWTH_X_OPERATING_MARGIN,EQT,5.0,27.0,61.40834227301968,53.720001220703125,14.311878029804559,47743698108.243805,91.00713210519913,False
GROWTH_X_OPERATING_MARGIN,EQT,5.0,32.0,67.7261953879376,53.720001220703125,26.072587209541286,51695376238.85643,90.67518393906012,False
GROWTH_X_OPERATING_MARGIN,EQT,5.0,37.0,74.00086542682264,53.720001220703125,37.75291091822144,55620044305.43817,90.38888586524043,False
GROWTH_X_OPERATING_MARGIN,EQT,10.0,12.0,31.415073376148566,53.720001220703125,-41.52071358471689,28983568265.166653,89.69531545225419,False
GROWTH_X_OPERATING_MARGIN,EQT,10.0,17.0,41.61581284458941,53.720001220703125,-22.531995720522968,35363906386.4081,91.02165095953423,False
GROWTH_X_OPERATING_MARGIN,EQT,10.0,22.0,51.8764339385239,53.720001220703125,-3.4318079677718494,41781699147.00005,92.60623115628322,False
GROWTH_X_OPERATING_MARGIN,EQT,10.0,27.0,62.165985034062814,53.720001220703125,15.722233100219473,48217586987.13554,94.04599341471793,False
GROWTH_X_OPERATING_MARGIN,EQT,10.0,32.0,67.66069212394866,53.720001220703125,25.95065261814056,51654405388.30316,95.24403698752167,False
GROWTH_X_OPERATING_MARGIN,EQT,10.0,37.0,73.11221613780165,53.720001220703125,36.09868666500509,55064213725.4399,96.29398745024903,False
GROWTH_X_OPERATING_MARGIN,EQT,15.0,12.0,34.02488504857653,53.720001220703125,-36.66253857890142,30615948050.41355,87.34662346018426,False
GROWTH_X_OPERATING_MARGIN,EQT,15.0,17.0,44.006388959723225,53.720001220703125,-18.0819285931743,36859159153.749756,90.45094556416106,False
GROWTH_X_OPERATING_MARGIN,EQT,15.0,22.0,53.519162964851304,53.720001220703125,-0.37386122726746907,42809190012.92926,94.10859627527535,False
GROWTH_X_OPERATING_MARGIN,EQT,15.0,27.0,62.80548425061258,53.720001220703125,16.91266348372309,48617579678.10466,97.50380561855233,False
GROWTH_X_OPERATING_MARGIN,EQT,15.0,32.0,67.2969615307208,53.720001220703125,25.27356664464342,51426899904.31218,100.56533365089557,False
GROWTH_X_OPERATING_MARGIN,EQT,15.0,37.0,71.74525573479613,53.720001220703125,33.55408433450717,54209210066.488815,103.314603340026,False
GROWTH_X_OPERATING_MARGIN,FANG,-5.0,12.0,29.399562268033584,210.72000122070312,-86.0480438032832,28161487791.977325,85.42109304162618,False
GROWTH_X_OPERATING_MARGIN,FANG,-5.0,17.0,77.24433455646442,210.72000122070312,-63.34266604546925,41620858428.65004,83.09062907969177,False
GROWTH_X_OPERATING_MARGIN,FANG,-5.0,22.0,125.08910684489524,210.72000122070312,-40.637288287655295,55080229065.32275,81.89910657647513,False
GROWTH_X_OPERATING_MARGIN,FANG,-5.0,27.0,172.93387913332612,210.72000122070312,-17.93191052984131,68539599701.99547,81.1755512940318,False
GROWTH_X_OPERATING_MARGIN,FANG,-5.0,32.0,220.77865142175693,210.72000122070312,4.77346722797265,81998970338.66818,80.68952579232364,False
GROWTH_X_OPERATING_MARGIN,FANG,-5.0,37.0,268.62342371018775,210.72000122070312,27.478844985786587,95458340975.34088,80.34055688094645,False
GROWTH_X_OPERATING_MARGIN,FANG,0.0,12.0,40.420474860654366,210.72000122070312,-80.8179220641144,31261817049.356293,87.16857520415284,False
GROWTH_X_OPERATING_MARGIN,FANG,0.0,17.0,92.41319582181254,210.72000122070312,-56.14407968561981,45888060802.940704,85.40893120524937,False
GROWTH_X_OPERATING_MARGIN,FANG,0.0,22.0,144.40591678297068,210.72000122070312,-31.470237307125227,60514304556.525116,84.49989541331799,False
GROWTH_X_OPERATING_MARGIN,FANG,0.0,27.0,196.3986377441288,210.72000122070312,-6.796394928630656,75140548310.10951,83.94475054639422,False
GROWTH_X_OPERATING_MARGIN,FANG,0.0,32.0,248.391358705287,210.72000122070312,17.877447449863947,89766792063.69394,83.57051186884205,False
GROWTH_X_OPERATING_MARGIN,FANG,0.0,37.0,300.3840796664451,210.72000122070312,42.5512898283585,104393035817.27832,83.30114045713847,False
GROWTH_X_OPERATING_MARGIN,FANG,5.0,12.0,52.269361861558764,210.72000122070312,-75.19487397553065,34595066517.361145,88.82991823272629,False
GROWTH_X_OPERATING_MARGIN,FANG,5.0,17.0,108.61288276083614,210.72000122070312,-48.45630119037557,50445248146.12528,87.65058258868822,False
GROWTH_X_OPERATING_MARGIN,FANG,5.0,22.0,164.9564036601135,210.72000122070312,-21.717728405220505,66295429774.8894,87.03516769221157,False
GROWTH_X_OPERATING_MARGIN,FANG,5.0,27.0,221.29992455939086,210.72000122070312,5.020844379934575,82145611403.65352,86.65724418984652,False
GROWTH_X_OPERATING_MARGIN,FANG,5.0,32.0,277.6434454586682,210.72000122070312,31.759417165089655,97995793032.41765,86.40157402038285,False
GROWTH_X_OPERATING_MARGIN,FANG,5.0,37.0,333.9869663579457,210.72000122070312,58.49798995024476,113845974661.1818,86.21709510094128,False
GROWTH_X_OPERATING_MARGIN,FANG,10.0,12.0,64.9847376752121,210.72000122070312,-69.16062201084148,38172070810.09403,90.41130286118874,False
GROWTH_X_OPERATING_MARGIN,FANG,10.0,17.0,125.88702096164147,210.72000122070312,-40.258627452364905,55304692916.22748,89.81912266453048,False
GROWTH_X_OPERATING_MARGIN,FANG,10.0,22.0,186.7893042480709,210.72000122070312,-11.35663289388832,72437315022.36093,89.50706327370136,False
GROWTH_X_OPERATING_MARGIN,FANG,10.0,27.0,247.6915875345002,210.72000122070312,17.54536166458822,89569937128.49435,89.31438312526416,False
GROWTH_X_OPERATING_MARGIN,FANG,10.0,32.0,308.5938708209296,210.72000122070312,46.447356223064816,106702559234.6278,89.1835780844946,False
GROWTH_X_OPERATING_MARGIN,FANG,10.0,37.0,369.49615410735896,210.72000122070312,75.34935078154137,123835181340.76125,89.0889668508293,False
GROWTH_X_OPERATING_MARGIN,FANG,15.0,12.0,78.60571156925809,210.72000122070312,-62.696606343064545,42003831884.57904,91.91845496191996,False
GROWTH_X_OPERATING_MARGIN,FANG,15.0,17.0,144.27961048176113,210.72000122070312,-31.530177654732405,60478772914.499985,91.91807617894455,False
GROWTH_X_OPERATING_MARGIN,FANG,15.0,22.0,209.9535093942642,210.72000122070312,-0.363748966400268,78953713944.42093,91.91787466421367,False
GROWTH_X_OPERATING_MARGIN,FANG,15.0,27.0,275.6274083067673,210.72000122070312,30.80267972193189,97428654974.34189,91.91774957407819,False
GROWTH_X_OPERATING_MARGIN,FANG,15.0,32.0,341.3013072192704,210.72000122070312,61.969108410264084,115903596004.26286,91.91766436247896,False
GROWTH_X_OPERATING_MARGIN,FANG,15.0,37.0,406.97520613177346,210.72000122070312,93.13553709859622,134378537034.18384,91.91760258139628,False
GROWTH_X_OPERATING_MARGIN,MGY,-5.0,12.0,13.668360379306067,28.13999938964844,-51.427289709415916,2797004671.611104,82.75853386247796,False
GROWTH_X_OPERATING_MARGIN,MGY,-5.0,17.0,19.37759196786536,28.13999938964844,-31.138619800419796,3852915115.911894,81.51791948579734,False
GROWTH_X_OPERATING_MARGIN,MGY,-5.0,22.0,25.08682355642465,28.13999938964844,-10.849949891423694,4908825560.212683,80.81102856765821,False
GROWTH_X_OPERATING_MARGIN,MGY,-5.0,27.0,30.796055144983946,28.13999938964844,9.438720017572422,5964736004.513472,80.35441310274274,False
GROWTH_X_OPERATING_MARGIN,MGY,-5.0,32.0,36.50528673354323,28.13999938964844,29.72738992656849,7020646448.8142605,80.03514824847218,False
GROWTH_X_OPERATING_MARGIN,MGY,-5.0,37.0,42.21451832210252,28.13999938964844,50.016059835564604,8076556893.115049,79.79936329747824,False
GROWTH_X_OPERATING_MARGIN,MGY,0.0,12.0,15.259811615744542,28.13999938964844,-45.771812556051415,3091340250.0658646,84.36357201138914,False
GROWTH_X_OPERATING_MARGIN,MGY,0.0,17.0,21.53096445923279,28.13999938964844,-23.486265365189894,4251176855.4884205,83.30556679102405,False
GROWTH_X_OPERATING_MARGIN,MGY,0.0,22.0,27.802117302721033,28.13999938964844,-1.2007181743283968,5411013460.9109745,82.70112288303498,False
GROWTH_X_OPERATING_MARGIN,MGY,0.0,27.0,34.07327014620927,28.13999938964844,21.084829016533078,6570850066.3335285,82.31006268136495,False
GROWTH_X_OPERATING_MARGIN,MGY,0.0,32.0,40.34442298969752,28.13999938964844,43.370376207394614,7730686671.756084,82.03634417418573,False
GROWTH_X_OPERATING_MARGIN,MGY,0.0,37.0,46.61557583318576,28.13999938964844,65.6559233982561,8890523277.178638,81.83404300304184,False
GROWTH_X_OPERATING_MARGIN,MGY,5.0,12.0,16.964783586265597,28.13999938964844,-39.71292127139758,3406671250.9173436,85.90175011485954,False
GROWTH_X_OPERATING_MARGIN,MGY,5.0,17.0,23.833779438649294,28.13999938964844,-15.302843085999607,4677077670.745381,85.02749164297938,False
GROWTH_X_OPERATING_MARGIN,MGY,5.0,22.0,30.702775291033003,28.13999938964844,9.107235099398414,5947484090.57342,84.52672339262868,False
GROWTH_X_OPERATING_MARGIN,MGY,5.0,27.0,37.57177114341671,28.13999938964844,33.51731328479644,7217890510.401459,84.20223357132173,False
GROWTH_X_OPERATING_MARGIN,MGY,5.0,32.0,44.44076699580041,28.13999938964844,57.92739147019441,8488296930.229497,83.97487370565736,False
GROWTH_X_OPERATING_MARGIN,MGY,5.0,37.0,51.30976284818411,28.13999938964844,82.33746965559239,9758703350.057535,83.80671011281535,False
GROWTH_X_OPERATING_MARGIN,MGY,10.0,12.0,17.833054239056352,28.13999938964844,-36.62738228197544,3567256092.5970583,86.68794007107647,False
GROWTH_X_OPERATING_MARGIN,MGY,10.0,17.0,25.106536164952544,28.13999938964844,-10.779897976159102,4912471365.940853,86.03497163216657,False
GROWTH_X_OPERATING_MARGIN,MGY,10.0,22.0,32.380018090848736,28.13999938964844,15.067586329657235,6257686639.284645,85.66274052245396,False
GROWTH_X_OPERATING_MARGIN,MGY,10.0,27.0,39.65350001674492,28.13999938964844,40.915070635473526,7602901912.628439,85.42223042657355,False
GROWTH_X_OPERATING_MARGIN,MGY,10.0,32.0,46.926981942641106,28.13999938964844,66.76255494128984,8948117185.97223,85.25403450531725,False
GROWTH_X_OPERATING_MARGIN,MGY,10.0,37.0,54.2004638685373,28.13999938964844,92.61003924710616,10293332459.316025,85.12980096904799,False
GROWTH_X_OPERATING_MARGIN,MGY,15.0,12.0,18.70850283389607,28.13999938964844,-33.51633532451971,3729168479.649652,87.49560741416744,False
GROWTH_X_OPERATING_MARGIN,MGY,15.0,17.0,26.397127955090767,28.13999938964844,-6.193573107179262,5151163618.899483,87.07547412385043,False
GROWTH_X_OPERATING_MARGIN,MGY,15.0,22.0,34.085753076285464,28.13999938964844,21.129189110161196,6573158758.149314,86.83711873321583,False
GROWTH_X_OPERATING_MARGIN,MGY,15.0,27.0,41.77437819748016,28.13999938964844,48.45195132750164,7995153897.399143,86.68354975476196,False
GROWTH_X_OPERATING_MARGIN,MGY,15.0,32.0,49.46300331867486,28.13999938964844,75.77471354484209,9417149036.648975,86.57635879157596,False
GROWTH_X_OPERATING_MARGIN,MGY,15.0,37.0,57.15162843986955,28.13999938964844,103.09747576218248,10839144175.898806,86.49729274787596,False
GROWTH_X_OPERATING_MARGIN,MTDR,-5.0,12.0,21.903040502106865,58.380001068115234,-62.48194569823431,6486556735.460819,98.04216232355081,False
GROWTH_X_OPERATING_MARGIN,MTDR,-5.0,17.0,43.067601670786615,58.380001068115234,-26.2288439828269,9114734416.62052,93.3864316958367,False
GROWTH_X_OPERATING_MARGIN,MTDR,-5.0,22.0,64.26033749935907,58.380001068115234,10.072518540009812,11746410777.092024,90.79587903191745,False
GROWTH_X_OPERATING_MARGIN,MTDR,-5.0,27.0,88.89538867447614,58.380001068115234,52.27027586168915,14805547754.072327,87.37756760433683,False
GROWTH_X_OPERATING_MARGIN,MTDR,-5.0,32.0,113.53043984959322,58.380001068115234,94.46803318336852,17864684731.052635,85.12995502136216,False
GROWTH_X_OPERATING_MARGIN,MTDR,-5.0,37.0,138.16549102471026,58.380001068115234,136.66579050504782,20923821708.032936,83.53956030789975,False
GROWTH_X_OPERATING_MARGIN,MTDR,0.0,12.0,32.23219633098677,58.380001068115234,-44.78897611978518,7769212992.697843,92.47114075850918,False
GROWTH_X_OPERATING_MARGIN,MTDR,0.0,17.0,55.642952518374244,58.380001068115234,-4.688332476300438,10676319188.776897,90.10600413274366,False
GROWTH_X_OPERATING_MARGIN,MTDR,0.0,22.0,79.07536658556396,58.380001068115234,35.44940928195987,13586114821.970375,88.74377877546942,False
GROWTH_X_OPERATING_MARGIN,MTDR,0.0,27.0,105.15389074958449,58.380001068115234,80.1197136445673,16824499715.435104,86.94666115915572,False
GROWTH_X_OPERATING_MARGIN,MTDR,0.0,32.0,131.23241491360503,58.380001068115234,124.79001800717472,20062884608.89983,85.72969526617578,False
GROWTH_X_OPERATING_MARGIN,MTDR,0.0,37.0,157.31093907762556,58.380001068115234,169.46032236978215,23301269502.36456,84.85099454482419,False
GROWTH_X_OPERATING_MARGIN,MTDR,5.0,12.0,43.75672000246842,58.380001068115234,-25.048442614081168,9200307909.241962,87.83704125791225,False
GROWTH_X_OPERATING_MARGIN,MTDR,5.0,17.0,69.57340726444791,58.380001068115234,19.173357299655926,12406178360.448063,87.2592215429614,False
GROWTH_X_OPERATING_MARGIN,MTDR,5.0,22.0,95.40385793659695,58.380001068115234,63.418732769949585,15613757927.526485,86.91720193503856,False
GROWTH_X_OPERATING_MARGIN,MTDR,5.0,27.0,122.91589050637891,58.380001068115234,110.54451568605836,19030153353.208267,86.54330840909815,False
GROWTH_X_OPERATING_MARGIN,MTDR,5.0,32.0,150.42792307616082,58.380001068115234,157.670298602167,22446548778.890038,86.28322909524869,False
GROWTH_X_OPERATING_MARGIN,MTDR,5.0,37.0,177.9399556459428,58.380001068115234,204.7960815182758,25862944204.571815,86.09186073488709,False
GROWTH_X_OPERATING_MARGIN,MTDR,10.0,12.0,56.54893097352941,58.380001068115234,-3.1364680731153394,10788821987.038265,83.92321015198381,False
GROWTH_X_OPERATING_MARGIN,MTDR,10.0,17.0,84.93836551268745,58.380001068115234,45.49223014502017,14314171633.643473,84.76644302293374,False
GROWTH_X_OPERATING_MARGIN,MTDR,10.0,22.0,113.33219178340704,58.380001068115234,94.12845102756336,17840066637.687454,85.28171320595152,False
GROWTH_X_OPERATING_MARGIN,MTDR,10.0,27.0,142.2625897469144,58.380001068115234,143.683773799402,21432592163.200207,86.16559820928454,False
GROWTH_X_OPERATING_MARGIN,MTDR,10.0,32.0,171.1929877104218,58.380001068115234,193.2390965712407,25025117688.712967,86.79570782777499,False
GROWTH_X_OPERATING_MARGIN,MTDR,10.0,37.0,200.12338567392916,58.380001068115234,242.79441934307937,28617643214.225723,87.26761539787506,False
GROWTH_X_OPERATING_MARGIN,MTDR,15.0,12.0,67.5100740899101,58.380001068115234,15.63904223150374,12149957305.123674,79.91565808240367,False
GROWTH_X_OPERATING_MARGIN,MTDR,15.0,17.0,97.90892756058474,58.380001068115234,67.70970498330222,15924833031.944847,82.00730973951764,False
GROWTH_X_OPERATING_MARGIN,MTDR,15.0,22.0,128.30122038734558,58.380001068115234,119.76912990743065,19698894069.63683,83.3088570317927,False
GROWTH_X_OPERATING_MARGIN,MTDR,15.0,27.0,157.8919487830297,58.380001068115234,170.45554281304018,23373418257.451435,85.38024237900824,False
GROWTH_X_OPERATING_MARGIN,MTDR,15.0,32.0,187.4826771787138,58.380001068115234,221.14195571864963,27047942445.26604,86.88882295273459,False
GROWTH_X_OPERATING_MARGIN,MTDR,15.0,37.0,217.0734055743979,58.380001068115234,271.8283686242591,30722466633.080647,88.03653954547732,False
GROWTH_X_OPERATING_MARGIN,NOG,-5.0,12.0,15.241262503303732,27.34000015258789,-44.25288069407323,4126877276.162293,97.15054392392,False
GROWTH_X_OPERATING_MARGIN,NOG,-5.0,17.0,27.00771715691973,27.34000015258789,-1.2153730571091814,5371663727.696905,93.09422253375804,False
GROWTH_X_OPERATING_MARGIN,NOG,-5.0,22.0,38.774171810535734,27.34000015258789,41.82213457985491,6616450179.231519,90.56417392515282,False
GROWTH_X_OPERATING_MARGIN,NOG,-5.0,27.0,50.54062646415174,27.34000015258789,84.85964221681898,7861236630.766132,88.83536572633001,False
GROWTH_X_OPERATING_MARGIN,NOG,-5.0,32.0,60.29619313242423,27.34000015258789,120.54203656146227,8893288984.104046,85.83198091904016,False
GROWTH_X_OPERATING_MARGIN,NOG,-5.0,37.0,70.00811944772707,27.34000015258789,156.06481001098453,9920724575.493187,83.41727776973698,False
GROWTH_X_OPERATING_MARGIN,NOG,0.0,12.0,21.91111432954323,27.34000015258789,-19.856934135864602,4832488391.103771,93.68152606779412,False
GROWTH_X_OPERATING_MARGIN,NOG,0.0,17.0,34.79425094099488,27.34000015258789,27.26499907389868,6195409880.991655,91.18694346401382,False
GROWTH_X_OPERATING_MARGIN,NOG,0.0,22.0,47.67738755244653,27.34000015258789,74.386932283662,7558331370.879539,89.59200922762103,False
GROWTH_X_OPERATING_MARGIN,NOG,0.0,27.0,60.560524163898194,27.34000015258789,121.50886549342532,8921252860.767426,88.4843989533809,False
GROWTH_X_OPERATING_MARGIN,NOG,0.0,32.0,70.52643231794679,27.34000015258789,157.96061420749865,9975557476.099087,86.53011457671127,False
GROWTH_X_OPERATING_MARGIN,NOG,0.0,37.0,80.42903069019654,27.34000015258789,194.18079824913045,11023164478.517359,84.92538897118826,False
GROWTH_X_OPERATING_MARGIN,NOG,5.0,12.0,29.31287669885215,27.34000015258789,7.216080962887328,5615529144.332102,90.64548522259629,False
GROWTH_X_OPERATING_MARGIN,NOG,5.0,17.0,43.3799906947388,27.34000015258789,58.66858248950167,7103704931.325968,89.4597313422248,False
GROWTH_X_OPERATING_MARGIN,NOG,5.0,22.0,57.44710469062545,27.34000015258789,110.12108401611601,8591880718.319834,88.68473973194402,False
GROWTH_X_OPERATING_MARGIN,NOG,5.0,27.0,71.5142186865121,27.34000015258789,161.57358554273037,10080056505.313698,88.13858091618881,False
GROWTH_X_OPERATING_MARGIN,NOG,5.0,32.0,81.62354294020425,27.34000015258789,198.54989935864396,11149533270.882929,87.16621949756171,False
GROWTH_X_OPERATING_MARGIN,NOG,5.0,37.0,91.64697511905794,27.34000015258789,235.21205050316368,12209923417.398197,86.3518216020287,False
GROWTH_X_OPERATING_MARGIN,NOG,10.0,12.0,37.48982436850869,27.34000015258789,37.12444827824941,6480577621.017301,87.96835673445833,False
GROWTH_X_OPERATING_MARGIN,NOG,10.0,17.0,52.810685552497375,27.34000015258789,93.16271125733164,8101388730.998572,87.89017928717291,False
GROWTH_X_OPERATING_MARGIN,NOG,10.0,22.0,68.13154673648604,27.34000015258789,149.2009742364138,9722199840.979843,87.83806813705945,False
GROWTH_X_OPERATING_MARGIN,NOG,10.0,27.0,83.45240792047473,27.34000015258789,205.23923721549605,11343010950.961115,87.80084938745993,False
GROWTH_X_OPERATING_MARGIN,NOG,10.0,32.0,93.6318129483748,27.34000015258789,242.47188158670147,12419901640.33451,87.74797919359874,False
GROWTH_X_OPERATING_MARGIN,NOG,10.0,37.0,103.69963793647909,27.34000015258789,279.29640584388704,13484988151.993526,87.70298627930883,False
GROWTH_X_OPERATING_MARGIN,NOG,15.0,12.0,44.354970057736544,27.34000015258789,62.23471035181427,7206849093.039324,85.11028709071103,False
GROWTH_X_OPERATING_MARGIN,NOG,15.0,17.0,60.69638048048407,27.34000015258789,122.00577959667203,8935625253.06569,86.04028791221357,False
GROWTH_X_OPERATING_MARGIN,NOG,15.0,22.0,77.03779090323164,27.34000015258789,181.77684884152993,10664401413.09206,86.6687690915457,False
GROWTH_X_OPERATING_MARGIN,NOG,15.0,27.0,93.37920132597915,27.34000015258789,241.54791808638768,12393177573.118423,87.1219113356541,False
GROWTH_X_OPERATING_MARGIN,NOG,15.0,32.0,103.54212995724542,27.34000015258789,278.72029765678167,13468325205.988934,87.97755829272776,False
GROWTH_X_OPERATING_MARGIN,NOG,15.0,37.0,113.57097298644837,27.34000015258789,315.40223976808653,14529287772.439037,88.71823770170364,False
GROWTH_X_OPERATING_MARGIN,OVV,-5.0,12.0,23.401806375312823,66.82,-64.9778414018066,12951342888.463291,76.85359929194502,False
GROWTH_X_OPERATING_MARGIN,OVV,-5.0,17.0,41.59350280010725,66.82,-37.75291409741506,18063547967.57572,74.3342238437711,False
GROWTH_X_OPERATING_MARGIN,OVV,-5.0,22.0,59.78519922490167,66.82,-10.527986793023537,23175753046.688152,72.92631726018159,False
GROWTH_X_OPERATING_MARGIN,OVV,-5.0,27.0,77.9768956496961,66.82,16.69694051136803,28287958125.800583,72.0272849584002,False
GROWTH_X_OPERATING_MARGIN,OVV,-5.0,32.0,96.16859207449053,66.82,43.921867815759576,33400163204.913017,71.4034631381518,False
GROWTH_X_OPERATING_MARGIN,OVV,-5.0,37.0,114.36028849928495,66.82,71.1467951201511,38512368284.02545,70.94525590978809,False
GROWTH_X_OPERATING_MARGIN,OVV,0.0,12.0,27.411273506020564,66.82,-58.97744162523112,14078077732.290264,79.76576960081564,False
GROWTH_X_OPERATING_MARGIN,OVV,0.0,17.0,46.32361387091853,66.82,-30.674028927089893,19392797163.269722,78.16496368724421,False
GROWTH_X_OPERATING_MARGIN,OVV,0.0,22.0,65.23595423581651,66.82,-2.370616228948652,24707516594.249176,77.25284166156018,False
GROWTH_X_OPERATING_MARGIN,OVV,0.0,27.0,84.14829460071448,66.82,25.9327964691926,30022236025.228634,76.66365845024386,False
GROWTH_X_OPERATING_MARGIN,OVV,0.0,32.0,103.06063496561245,66.82,54.236209167333826,35336955456.20809,76.2517029271176,False
GROWTH_X_OPERATING_MARGIN,OVV,0.0,37.0,121.97297533051041,66.82,82.53962186547503,40651674887.187546,75.94746390175114,False
GROWTH_X_OPERATING_MARGIN,OVV,5.0,12.0,31.633405010185644,66.82,-52.658777296938574,15264575220.828762,82.65034207719314,False
GROWTH_X_OPERATING_MARGIN,OVV,5.0,17.0,51.20700497693339,66.82,-23.36575130659474,20765120900.017857,82.06290310848286,False
GROWTH_X_OPERATING_MARGIN,OVV,5.0,22.0,70.78060494368114,66.82,5.927274683749095,26265666579.206963,81.72150662046748,False
GROWTH_X_OPERATING_MARGIN,OVV,5.0,27.0,90.35420491042888,66.82,35.22030067409292,31766212258.396053,81.49834059453983,False
GROWTH_X_OPERATING_MARGIN,OVV,5.0,32.0,109.92780487717665,66.82,64.51332666443679,37266757937.58516,81.34105284660534,False
GROWTH_X_OPERATING_MARGIN,OVV,5.0,37.0,129.5014048439244,66.82,93.80635265478064,42767303616.77426,81.22422443882671,False
GROWTH_X_OPERATING_MARGIN,OVV,10.0,12.0,34.96952273983255,66.82,-47.666083897287415,16202086357.985432,85.03346617535338,False
GROWTH_X_OPERATING_MARGIN,OVV,10.0,17.0,54.8880429082296,66.82,-17.856864848504028,21799561029.698654,85.60635566006478,False
GROWTH_X_OPERATING_MARGIN,OVV,10.0,22.0,74.80656307662665,66.82,11.952354200279336,27397035701.411873,85.94515161616881,False
GROWTH_X_OPERATING_MARGIN,OVV,10.0,27.0,94.72508324502371,66.82,41.761573249062735,32994510373.125103,86.16899500824171,False
GROWTH_X_OPERATING_MARGIN,OVV,10.0,32.0,114.64360341342075,66.82,71.57079229784608,38591985044.83832,86.32790482842901,False
GROWTH_X_OPERATING_MARGIN,OVV,10.0,37.0,134.5621235818178,66.82,101.38001134662944,44189459716.551544,86.44655646490956,False
GROWTH_X_OPERATING_MARGIN,OVV,15.0,12.0,36.83140918444214,66.82,-44.879662998440374,16725311081.87048,86.83963038605155,False
GROWTH_X_OPERATING_MARGIN,OVV,15.0,17.0,56.63657058080665,66.82,-15.240091917380049,22290929830.05604,88.79177348801453,False
GROWTH_X_OPERATING_MARGIN,OVV,15.0,22.0,76.44173197717114,66.82,14.399479163680272,27856548578.2416,89.96385697728645,False
GROWTH_X_OPERATING_MARGIN,OVV,15.0,27.0,96.24689337353567,66.82,44.03905024474062,33422167326.427162,90.74557859812428,False
GROWTH_X_OPERATING_MARGIN,OVV,15.0,32.0,116.05205476990017,66.82,73.67862132580092,38987786074.612724,91.30411419344783,False
GROWTH_X_OPERATING_MARGIN,OVV,15.0,37.0,135.85721616626466,66.82,103.31819240686121,44553404822.79828,91.72310506965393,False
GROWTH_X_OPERATING_MARGIN,PR,-5.0,12.0,3.3093053674788417,23.75,-86.06608266324697,6146432082.87949,106.55772013809452,False
GROWTH_X_OPERATING_MARGIN,PR,-5.0,17.0,7.161585190311277,23.75,-69.84595709342621,9371900228.861912,94.43609557593642,False
GROWTH_X_OPERATING_MARGIN,PR,-5.0,22.0,11.536079361348762,23.75,-51.427034268005215,13034612246.778822,86.14783969162312,False
GROWTH_X_OPERATING_MARGIN,PR,-5.0,27.0,15.910573532386246,23.75,-33.00811144258422,16697324264.695734,81.49579449038694,False
GROWTH_X_OPERATING_MARGIN,PR,-5.0,32.0,20.285067703423728,23.75,-14.589188617163252,20360036282.612644,78.5175284150762,False
GROWTH_X_OPERATING_MARGIN,PR,-5.0,37.0,24.65956187446121,23.75,3.82973420825774,24022748300.52955,76.44744576741718,False
GROWTH_X_OPERATING_MARGIN,PR,0.0,12.0,4.537250042965326,23.75,-80.89578929277758,7174575576.593356,103.56241006474282,False
GROWTH_X_OPERATING_MARGIN,PR,0.0,17.0,8.618315033516456,23.75,-63.712357753614924,10591602826.45399,94.75539660152957,False
GROWTH_X_OPERATING_MARGIN,PR,0.0,22.0,13.166660618087121,23.75,-44.561428976475284,14399878568.262848,88.38891050296553,False
GROWTH_X_OPERATING_MARGIN,PR,0.0,27.0,17.715006202657783,23.75,-25.41050019933565,18208154310.0717,84.68555369876536,False
GROWTH_X_OPERATING_MARGIN,PR,0.0,32.0,22.263351787228448,23.75,-6.259571422196009,22016430051.880554,82.26336771539893,False
GROWTH_X_OPERATING_MARGIN,PR,0.0,37.0,26.811697371799106,23.75,12.891357354943601,25824705793.689407,80.55556370379985,False
GROWTH_X_OPERATING_MARGIN,PR,5.0,12.0,6.049097790138083,23.75,-74.53011456783965,8440427740.59726,99.13436023062175,False
GROWTH_X_OPERATING_MARGIN,PR,5.0,17.0,10.343470668087456,23.75,-56.44854455542123,12036055151.331974,93.94961265660692,False
GROWTH_X_OPERATING_MARGIN,PR,5.0,22.0,15.012692927526441,23.75,-36.788661357783404,15945539497.47668,89.97120120316283,False
GROWTH_X_OPERATING_MARGIN,PR,5.0,27.0,19.681915186965426,23.75,-17.128778160145576,19855023843.62139,87.55950026311451,False
GROWTH_X_OPERATING_MARGIN,PR,5.0,32.0,24.351137446404415,23.75,2.531105037492276,23764508189.7661,85.9412941429389,False
GROWTH_X_OPERATING_MARGIN,PR,5.0,37.0,29.020359705843397,23.75,22.19098823513008,27673992535.910805,84.78029357324199,False
GROWTH_X_OPERATING_MARGIN,PR,10.0,12.0,7.734310387225559,23.75,-67.43448258010292,9851436234.553802,95.26166735293525,False
GROWTH_X_OPERATING_MARGIN,PR,10.0,17.0,12.237451679851347,23.75,-48.4738876637838,13621862959.563383,93.14935801152009,False
GROWTH_X_OPERATING_MARGIN,PR,10.0,22.0,17.002330645289852,23.75,-28.41123938825325,17611439529.62245,91.44205696895764,False
GROWTH_X_OPERATING_MARGIN,PR,10.0,27.0,21.767209610728347,23.75,-8.348591112722747,21601016099.68151,90.3654122071935,False
GROWTH_X_OPERATING_MARGIN,PR,10.0,32.0,26.53208857616685,23.75,11.714057162807778,25590592669.74057,89.62446554912279,False
GROWTH_X_OPERATING_MARGIN,PR,10.0,37.0,31.296967541605355,23.75,31.776705438338325,29580169239.799637,89.08338680950364,False
GROWTH_X_OPERATING_MARGIN,PR,15.0,12.0,9.60332875747334,23.75,-59.56493154748067,11416343119.500103,91.85150154121541,False
GROWTH_X_OPERATING_MARGIN,PR,15.0,17.0,14.309670878155824,23.75,-39.74875419723863,15356907484.628521,92.36401592885659,False
GROWTH_X_OPERATING_MARGIN,PR,15.0,22.0,19.14244981112538,23.75,-19.400211321577345,19403335891.121323,92.81220093754477,False
GROWTH_X_OPERATING_MARGIN,PR,15.0,27.0,23.975228744094935,23.75,0.9483315540839365,23449764297.61413,93.10571074118582,False
GROWTH_X_OPERATING_MARGIN,PR,15.0,32.0,28.808007677064488,23.75,21.296874429745216,27496192704.106926,93.3128328460049,False
GROWTH_X_OPERATING_MARGIN,PR,15.0,37.0,33.64078661003404,23.75,41.6454173054065,31542621110.599724,93.46681385226945,False
GROWTH_X_OPERATING_MARGIN,RRC,-5.0,12.0,15.936679907178222,41.060001373291016,-61.18685003857593,4574043377.259125,99.19448025964014,False
GROWTH_X_OPERATING_MARGIN,RRC,-5.0,17.0,23.664476570190697,41.060001373291016,-42.366108673381284,6394884214.540615,92.68383171803387,False
GROWTH_X_OPERATING_MARGIN,RRC,-5.0,22.0,31.392273233203163,41.060001373291016,-23.54536730818665,8215725051.822105,89.0590769148298,False
GROWTH_X_OPERATING_MARGIN,RRC,-5.0,27.0,39.12006989621563,41.060001373291016,-4.724625942992011,10036565889.103594,86.74953323936253,False
GROWTH_X_OPERATING_MARGIN,RRC,-5.0,32.0,47.4403164416819,41.060001373291016,15.539003543582908,11997001100.701082,84.40226567905856,False
GROWTH_X_OPERATING_MARGIN,RRC,-5.0,37.0,56.5249409213595,41.060001373291016,37.66424508238868,14137540761.0078,81.55139499225437,False
GROWTH_X_OPERATING_MARGIN,RRC,0.0,12.0,19.51653865472227,41.060001373291016,-52.46824646377747,5417537750.037635,94.50942555367209,False
GROWTH_X_OPERATING_MARGIN,RRC,0.0,17.0,27.839951658985058,41.060001373291016,-32.196905192763644,7378719049.781292,90.69813181123759,False
GROWTH_X_OPERATING_MARGIN,RRC,0.0,22.0,36.163364663247854,41.060001373291016,-11.925563921749793,9339900349.524952,88.4874200313018,False
GROWTH_X_OPERATING_MARGIN,RRC,0.0,27.0,44.48677766751064,41.060001373291016,8.345777349264027,11301081649.26861,87.04399880575531,False
GROWTH_X_OPERATING_MARGIN,RRC,0.0,32.0,53.284082733191184,41.060001373291016,29.77126388469089,13373922462.780657,85.55916900762239,False
GROWTH_X_OPERATING_MARGIN,RRC,0.0,37.0,62.586185820839944,41.060001373291016,52.42616592202898,15565704922.024405,83.72189051152857,False
GROWTH_X_OPERATING_MARGIN,RRC,5.0,12.0,23.508614978895878,41.060001373291016,-42.74570337889,6358159755.711149,90.49203427795963,False
GROWTH_X_OPERATING_MARGIN,RRC,5.0,17.0,32.44980355263259,41.060001373291016,-20.969794283200503,8464902725.129284,88.89088151868319,False
GROWTH_X_OPERATING_MARGIN,RRC,5.0,22.0,41.3909921263693,41.060001373291016,0.8061148124890005,10571645694.547419,87.92789190184158,False
GROWTH_X_OPERATING_MARGIN,RRC,5.0,27.0,50.33218070010601,41.060001373291016,22.582023908178495,12678388663.965553,87.28493847550891,False
GROWTH_X_OPERATING_MARGIN,RRC,5.0,32.0,59.60225578528381,41.060001373291016,45.158923019555196,14862624613.20409,86.62827052969881,False
GROWTH_X_OPERATING_MARGIN,RRC,5.0,37.0,69.06517887360411,41.060001373291016,68.20549577119617,17092299842.851067,85.80913234262071,False
GROWTH_X_OPERATING_MARGIN,RRC,10.0,12.0,27.93775320757481,41.060001373291016,-31.958713411666007,7401763270.713493,87.0124397904131,False
GROWTH_X_OPERATING_MARGIN,RRC,10.0,17.0,37.519018211098,41.060001373291016,-8.623923633125784,9659322488.689884,87.24212326371465,False
GROWTH_X_OPERATING_MARGIN,RRC,10.0,22.0,47.1002832146212,41.060001373291016,14.710866145414482,11916881706.666279,87.38478329327774,False
GROWTH_X_OPERATING_MARGIN,RRC,10.0,27.0,56.68154821814439,41.060001373291016,38.045655923954705,14174440924.642673,87.48200047730086,False
GROWTH_X_OPERATING_MARGIN,RRC,10.0,32.0,66.41832169687348,41.060001373291016,61.75918040781585,16468641399.441149,87.61893188508309,False
GROWTH_X_OPERATING_MARGIN,RRC,10.0,37.0,75.9798863187179,41.060001373291016,85.04599069044798,18721558769.16053,87.81773620402672,False
GROWTH_X_OPERATING_MARGIN,RRC,15.0,12.0,31.313065303182608,41.060001373291016,-23.738275070903093,8197061901.132818,82.84490762122715,False
GROWTH_X_OPERATING_MARGIN,RRC,15.0,17.0,41.26088930908125,41.060001373291016,0.48925457640367487,10540990576.006668,84.75831011713069,False
GROWTH_X_OPERATING_MARGIN,RRC,15.0,22.0,51.20871331497989,41.060001373291016,24.71678422371042,12884919250.88052,85.97556871187368,False
GROWTH_X_OPERATING_MARGIN,RRC,15.0,27.0,61.15653732087852,41.060001373291016,48.944313871017144,15228847925.754368,86.81812170329526,False
GROWTH_X_OPERATING_MARGIN,RRC,15.0,32.0,71.05611739263412,41.060001373291016,73.05434733583613,17561409256.316586,87.76852425519873,False
GROWTH_X_OPERATING_MARGIN,RRC,15.0,37.0,80.38943908966323,41.060001373291016,95.78528105446067,19760547514.5444,89.04423158740667,False
GROWTH_X_OPERATING_MARGIN,SM,-5.0,12.0,21.129095164102736,37.20000076293945,-43.20135825063578,6188883118.899013,83.7894494104454,False
GROWTH_X_OPERATING_MARGIN,SM,-5.0,17.0,32.390800519995786,37.20000076293945,-12.927957377180588,8888862349.019114,81.36809850542491,False
GROWTH_X_OPERATING_MARGIN,SM,-5.0,22.0,43.65250587588885,37.20000076293945,17.345443496274626,11588841579.13922,80.07500483090375,False
GROWTH_X_OPERATING_MARGIN,SM,-5.0,27.0,54.914211231781906,37.20000076293945,47.61884436972985,14288820809.259323,79.27059053873506,False
GROWTH_X_OPERATING_MARGIN,SM,-5.0,32.0,66.17591658767496,37.20000076293945,77.89224524318506,16988800039.379425,78.7218625665222,False
GROWTH_X_OPERATING_MARGIN,SM,-5.0,37.0,77.437621943568,37.20000076293945,108.16564611664022,19688779269.499527,78.32363190119479,False
GROWTH_X_OPERATING_MARGIN,SM,0.0,12.0,24.141266576394244,37.20000076293945,-35.10412343742474,6911047302.185237,84.9987401334954,False
GROWTH_X_OPERATING_MARGIN,SM,0.0,17.0,36.45180794747833,37.20000076293945,-2.0112709680546903,9862483604.509407,83.1175864180279,False
GROWTH_X_OPERATING_MARGIN,SM,0.0,22.0,48.762349318562414,37.20000076293945,31.08158150131535,12813919906.833576,82.10300677301665,False
GROWTH_X_OPERATING_MARGIN,SM,0.0,27.0,61.072890689646506,37.20000076293945,64.17443397068543,15765356209.157743,81.46830654920696,False
GROWTH_X_OPERATING_MARGIN,SM,0.0,32.0,73.3834320607306,37.20000076293945,97.26728644005549,18716792511.48191,81.03377708440911,False
GROWTH_X_OPERATING_MARGIN,SM,0.0,37.0,85.69397343181467,37.20000076293945,130.3601389094255,21668228813.806084,80.71762241137242,False
GROWTH_X_OPERATING_MARGIN,SM,5.0,12.0,27.394848210242817,37.20000076293945,-26.3579364290364,7691089272.497889,86.13269548072219,False
GROWTH_X_OPERATING_MARGIN,SM,5.0,17.0,40.814008482841544,37.20000076293945,9.715074316618155,10908315516.364243,84.78690539680753,False
GROWTH_X_OPERATING_MARGIN,SM,5.0,22.0,54.23316875544028,37.20000076293945,45.78808506227274,14125541760.230595,84.0541482499934,False
GROWTH_X_OPERATING_MARGIN,SM,5.0,27.0,67.652329028039,37.20000076293945,81.86109580792731,17342768004.096943,83.59325606989675,False
GROWTH_X_OPERATING_MARGIN,SM,5.0,32.0,81.07148930063775,37.20000076293945,117.9341065535819,20559994247.9633,83.27660463223575,False
GROWTH_X_OPERATING_MARGIN,SM,5.0,37.0,94.49064957323648,37.20000076293945,154.00711729923646,23777220491.82965,83.04564355655386,False
GROWTH_X_OPERATING_MARGIN,SM,10.0,12.0,30.901692952434516,37.20000076293945,-16.930934627236983,8531850744.04703,87.19811528498148,False
GROWTH_X_OPERATING_MARGIN,SM,10.0,17.0,45.49130919744795,37.20000076293945,22.288463076508116,12029692286.877499,86.38127161393135,False
GROWTH_X_OPERATING_MARGIN,SM,10.0,22.0,60.08092544246137,37.20000076293945,61.50786078025317,15527533829.707962,85.93244385035659,False
GROWTH_X_OPERATING_MARGIN,SM,10.0,27.0,74.6705416874748,37.20000076293945,100.72725848399826,19025375372.53843,85.64865129541937,False
GROWTH_X_OPERATING_MARGIN,SM,10.0,32.0,89.26015793248823,37.20000076293945,139.94665618774334,22523216915.368896,85.45300435413367,False
GROWTH_X_OPERATING_MARGIN,SM,10.0,37.0,103.84977417750164,37.20000076293945,179.16605389148836,26021058458.199364,85.30995650293157,False
GROWTH_X_OPERATING_MARGIN,SM,15.0,12.0,34.673881840977735,37.20000076293945,-6.7906421240678245,9436228130.0019,88.20107169932152,False
GROWTH_X_OPERATING_MARGIN,SM,15.0,17.0,50.497826932201555,37.20000076293945,35.74684380789066,13229998410.318138,87.9055890322045,False
GROWTH_X_OPERATING_MARGIN,SM,15.0,22.0,66.32177202342535,37.20000076293945,78.28432973984908,17023768690.634373,87.74180380309059,False
GROWTH_X_OPERATING_MARGIN,SM,15.0,27.0,82.14571711464919,37.20000076293945,120.82181567180763,20817538970.950607,87.63771473070629,False
GROWTH_X_OPERATING_MARGIN,SM,15.0,32.0,97.969662205873,37.20000076293945,163.35930160376608,24611309251.266846,87.56571578609906,False
GROWTH_X_OPERATING_MARGIN,SM,15.0,37.0,113.7936072970968,37.20000076293945,205.89678753572454,28405079531.58308,87.51294913802255,False
GROWTH_X_NORMALIZED_ROIC,AR,-5.0,6.0,47.918620433263236,37.93999862670898,26.301060009869136,17671879680.560547,78.85209200501788,False
GROWTH_X_NORMALIZED_ROIC,AR,-5.0,10.0,51.703184358630565,37.93999862670898,36.27618932551198,18844473828.94066,81.06795349857865,False
GROWTH_X_NORMALIZED_ROIC,AR,-5.0,14.0,53.554409707804766,37.93999862670898,41.15553939452059,19418050086.227394,81.88129585802777,False
GROWTH_X_NORMALIZED_ROIC,AR,-5.0,18.0,54.64024180907664,37.93999862670898,44.017511299041104,19754479961.157074,82.39649416442833,False
GROWTH_X_NORMALIZED_ROIC,AR,-5.0,22.0,55.31234905141565,37.93999862670898,45.789011738331745,19962722980.69442,82.72224180628417,False
GROWTH_X_NORMALIZED_ROIC,AR,-5.0,26.0,55.63837731376655,37.93999862670898,46.64833771132051,20063738273.388172,82.91059787797606,False
GROWTH_X_NORMALIZED_ROIC,AR,0.0,6.0,51.5339427372144,37.93999862670898,35.830112289291364,18792036681.927563,84.0401888830938,False
GROWTH_X_NORMALIZED_ROIC,AR,0.0,10.0,57.15366063899893,37.93999862670898,50.64223170204316,20533227597.744873,84.32981405045933,False
GROWTH_X_NORMALIZED_ROIC,AR,0.0,14.0,59.81614227070011,37.93999862670898,57.65984300429252,21358160256.58464,84.38059683417353,False
GROWTH_X_NORMALIZED_ROIC,AR,0.0,18.0,61.39417937857239,37.93999862670898,61.81913969641568,21847092961.939354,84.45064553526419,False
GROWTH_X_NORMALIZED_ROIC,AR,0.0,22.0,62.378338330188505,37.93999862670898,64.41312753837434,22152020834.872284,84.49970212927454,False
GROWTH_X_NORMALIZED_ROIC,AR,0.0,26.0,62.88062799449558,37.93999862670898,65.73703286912856,22307648255.302532,84.5276537265452,False
GROWTH_X_NORMALIZED_ROIC,AR,5.0,6.0,55.18414070254525,37.93999862670898,45.451087770194995,19922999418.71381,89.43364786269574,False
GROWTH_X_NORMALIZED_ROIC,AR,5.0,10.0,62.899798272773594,37.93999862670898,65.78756075255478,22313587897.64308,87.55901494641715,False
GROWTH_X_NORMALIZED_ROIC,AR,5.0,14.0,66.48665086143691,37.93999862670898,75.2415742435786,23424923956.30417,86.81010086824847,False
GROWTH_X_NORMALIZED_ROIC,AR,5.0,18.0,68.62611532030725,37.93999862670898,80.88064787644953,24087807066.382717,86.42653238659071,False
GROWTH_X_NORMALIZED_ROIC,AR,5.0,22.0,69.96641420271195,37.93999862670898,84.41332824260313,24503079910.91146,86.19844108176956,False
GROWTH_X_NORMALIZED_ROIC,AR,5.0,26.0,70.67043541386161,37.93999862670898,86.26894562961603,24721211026.88922,86.06733163615617,False
GROWTH_X_NORMALIZED_ROIC,AR,10.0,6.0,58.86129144783621,37.93999862670898,55.143103791255996,21062313097.031776,95.04429768980533,False
GROWTH_X_NORMALIZED_ROIC,AR,10.0,10.0,68.95080118553476,37.93999862670898,81.73643563865292,24188406436.121346,90.75568692920393,False
GROWTH_X_NORMALIZED_ROIC,AR,10.0,14.0,73.58252139376282,37.93999862670898,93.94444928092918,25623480098.5579,89.17241156654032,False
GROWTH_X_NORMALIZED_ROIC,AR,10.0,18.0,76.35716666346164,37.93999862670898,101.25769485323008,26483165090.3403,88.32831018452902,False
GROWTH_X_NORMALIZED_ROIC,AR,10.0,22.0,78.10058400863274,37.93999862670898,105.85289097414869,27023338546.898735,87.82336962682874,False
GROWTH_X_NORMALIZED_ROIC,AR,10.0,26.0,79.03348858720469,37.93999862670898,108.31178557704729,27312385969.90515,87.53486778819979,False
GROWTH_X_NORMALIZED_ROIC,AR,15.0,6.0,62.556692025618034,37.93999862670898,64.88322163928444,22207281230.449387,100.88552188917073,False
GROWTH_X_NORMALIZED_ROIC,AR,15.0,10.0,75.31570168986701,37.93999862670898,98.51266319457986,26160481748.78163,93.92028658159559,False
GROWTH_X_NORMALIZED_ROIC,AR,15.0,14.0,81.1204284414031,37.93999862670898,113.81241796960953,27958995066.57057,91.47023184273034,False
GROWTH_X_NORMALIZED_ROIC,AR,15.0,18.0,84.60869937826732,37.93999862670898,123.00659578491535,29039786980.564835,90.16002061359877,False
GROWTH_X_NORMALIZED_ROIC,AR,15.0,22.0,86.80520645534023,37.93999862670898,128.79601897041488,29720343947.296795,89.3791433267082,False
GROWTH_X_NORMALIZED_ROIC,AR,15.0,26.0,87.99588803528059,37.93999862670898,131.93434691727504,30089259965.2992,88.93516380551493,False
GROWTH_X_NORMALIZED_ROIC,CNX,-5.0,6.0,98.99033994885643,36.36000061035156,172.25065535525385,16368020125.206291,83.49881412921688,False
GROWTH_X_NORMALIZED_ROIC,CNX,-5.0,10.0,107.58523175585316,36.36000061035156,195.88897125932397,17584004738.7505,83.79029380996408,False
GROWTH_X_NORMALIZED_ROIC,CNX,-5.0,14.0,111.59498611176292,36.36000061035156,206.9168983456844,18151295137.555634,84.08635047019953,False
GROWTH_X_NORMALIZED_ROIC,CNX,-5.0,18.0,113.74276591804406,36.36000061035156,212.82388341231737,18455157856.990074,84.29020944275163,False
GROWTH_X_NORMALIZED_ROIC,CNX,-5.0,22.0,114.71865959329756,36.36000061035156,215.5078593718108,18593224946.164757,84.49039512963019,False
GROWTH_X_NORMALIZED_ROIC,CNX,-5.0,26.0,115.39109863215154,36.36000061035156,217.35725163684432,18688360003.493492,84.63177989257615,False
GROWTH_X_NORMALIZED_ROIC,CNX,0.0,6.0,103.34953720462502,36.36000061035156,184.23964650650134,16984748864.723835,87.13206666498415,False
GROWTH_X_NORMALIZED_ROIC,CNX,0.0,10.0,114.4545456410521,36.36000061035156,214.78147337672846,18555858739.65924,86.21393921499461,False
GROWTH_X_NORMALIZED_ROIC,CNX,0.0,14.0,119.82590112956927,36.36000061035156,229.55417799265732,19315785190.693344,85.8859103715275,False
GROWTH_X_NORMALIZED_ROIC,CNX,0.0,18.0,122.76034995217493,36.36000061035156,237.62471917347963,19730943949.831726,85.74255080816705,False
GROWTH_X_NORMALIZED_ROIC,CNX,0.0,22.0,124.21184551885115,36.36000061035156,241.61673111602883,19936298050.30674,85.73366391911796,False
GROWTH_X_NORMALIZED_ROIC,CNX,0.0,26.0,125.21771322741576,36.36000061035156,244.38314390942756,20078605793.596756,85.72966516121443,False
GROWTH_X_NORMALIZED_ROIC,CNX,5.0,6.0,104.38052796413467,36.36000061035156,187.07515459836907,17130610956.81549,90.62754552332423,False
GROWTH_X_NORMALIZED_ROIC,CNX,5.0,10.0,118.16120073337525,36.36000061035156,224.9757941415853,19080267383.908966,88.36047546150456,False
GROWTH_X_NORMALIZED_ROIC,CNX,5.0,14.0,124.9598299159955,36.36000061035156,243.67389388992441,20042121083.164265,87.38348703205772,False
GROWTH_X_NORMALIZED_ROIC,CNX,5.0,18.0,128.72847466529305,36.36000061035156,254.03870325745953,20575299874.93562,86.88567162119615,False
GROWTH_X_NORMALIZED_ROIC,CNX,5.0,22.0,130.72303271127822,36.36000061035156,259.52428635015434,20857485148.37494,86.65413767552482,False
GROWTH_X_NORMALIZED_ROIC,CNX,5.0,26.0,132.10976049865997,36.36000061035156,263.33816908971335,21053676059.266647,86.49692279095673,False
GROWTH_X_NORMALIZED_ROIC,CNX,10.0,6.0,105.1369940752906,36.36000061035156,189.1556444181095,17237633962.164368,94.64423388149274,False
GROWTH_X_NORMALIZED_ROIC,CNX,10.0,10.0,121.92326703259644,36.36000061035156,235.32251096245943,19612515472.391266,90.74014352862223,False
GROWTH_X_NORMALIZED_ROIC,CNX,10.0,14.0,130.3351934950863,36.36000061035156,258.4576218570808,20802614589.209263,89.01885784366377,False
GROWTH_X_NORMALIZED_ROIC,CNX,10.0,18.0,135.04794388790674,36.36000061035156,271.41898135573484,21469363175.90805,88.1256726579077,False
GROWTH_X_NORMALIZED_ROIC,CNX,10.0,22.0,137.6574490170952,36.36000061035156,278.595838026209,21838549683.11629,87.64989664904147,False
GROWTH_X_NORMALIZED_ROIC,CNX,10.0,26.0,139.47558148703212,36.36000061035156,283.59620227103056,22095774690.536247,87.3264451653306,False
GROWTH_X_NORMALIZED_ROIC,CNX,15.0,6.0,105.59210345273497,36.36000061035156,190.40732035266598,17302021741.892036,99.24037306090219,False
GROWTH_X_NORMALIZED_ROIC,CNX,15.0,10.0,125.73443254933258,36.36000061035156,245.8042641328681,20151710000.03486,93.35528555417783,False
GROWTH_X_NORMALIZED_ROIC,CNX,15.0,14.0,135.95747410172595,36.36000061035156,273.9204395475707,21598041322.229504,90.78591295716751,False
GROWTH_X_NORMALIZED_ROIC,CNX,15.0,18.0,141.7312334402262,36.36000061035156,289.7998654045012,22414898901.775543,89.45513903398225,False
GROWTH_X_NORMALIZED_ROIC,CNX,15.0,22.0,145.03215128117893,36.36000061035156,298.8782971579181,22881904815.905212,88.71360830433133,False
GROWTH_X_NORMALIZED_ROIC,CNX,15.0,26.0,147.33545684250595,36.36000061035156,305.2130208176071,23207770944.968575,88.21130991904492,False
GROWTH_X_NORMALIZED_ROIC,COP,-5.0,6.0,156.3804569645577,134.8699951171875,15.94903434872963,206902373531.8421,73.40683160503897,False
GROWTH_X_NORMALIZED_ROIC,COP,-5.0,10.0,168.14379821473187,134.8699951171875,24.67101972431527,221233581679.22516,76.75078577156624,False
GROWTH_X_NORMALIZED_ROIC,COP,-5.0,14.0,172.6888223883568,134.8699951171875,28.040949536854963,226770757391.62256,79.639535037862,False
GROWTH_X_NORMALIZED_ROIC,COP,-5.0,18.0,176.04150601464315,134.8699951171875,30.526812773798984,230855311760.89423,80.58275261160993,False
GROWTH_X_NORMALIZED_ROIC,COP,-5.0,22.0,178.4113749201734,134.8699951171875,32.28396335682604,233742508845.87738,81.08221156188118,False
GROWTH_X_NORMALIZED_ROIC,COP,-5.0,26.0,180.16537125224653,134.8699951171875,33.58447228807433,235879392065.54205,81.39570924131144,False
GROWTH_X_NORMALIZED_ROIC,COP,0.0,6.0,159.32552204129865,134.8699951171875,18.13266687142825,210490328665.06055,81.4795964808846,False
GROWTH_X_NORMALIZED_ROIC,COP,0.0,10.0,178.22339548805255,134.8699951171875,32.144585111903965,233513494630.28525,82.14078388648402,False
GROWTH_X_NORMALIZED_ROIC,COP,0.0,14.0,188.41516026714208,134.8699951171875,39.701317630678055,245930060581.40375,82.97277465792916,False
GROWTH_X_NORMALIZED_ROIC,COP,0.0,18.0,194.07679982285958,134.8699951171875,43.899167234511836,252827602121.92847,83.14104723338448,False
GROWTH_X_NORMALIZED_ROIC,COP,0.0,22.0,197.83090338569133,134.8699951171875,46.68266519458059,257401203994.18375,83.19982003492579,False
GROWTH_X_NORMALIZED_ROIC,COP,0.0,26.0,200.52859918236567,134.8699951171875,48.68288458684076,260687790615.98117,83.22359758223243,False
GROWTH_X_NORMALIZED_ROIC,COP,5.0,6.0,161.09835685932987,134.8699951171875,19.447143687780777,212650162699.26892,90.68873351046089,False
GROWTH_X_NORMALIZED_ROIC,COP,5.0,10.0,188.17624014190935,134.8699951171875,39.52416916631787,245638985624.68097,87.83295859112678,False
GROWTH_X_NORMALIZED_ROIC,COP,5.0,14.0,204.89579451887437,134.8699951171875,51.92096236145185,266008318521.84805,86.30252199178683,False
GROWTH_X_NORMALIZED_ROIC,COP,5.0,18.0,213.20959818625624,134.8699951171875,58.08527167291737,276136975705.19403,85.64685615155561,False
GROWTH_X_NORMALIZED_ROIC,COP,5.0,22.0,218.5495531981951,134.8699951171875,62.04460674021608,282642610893.8888,85.25151774333186,False
GROWTH_X_NORMALIZED_ROIC,COP,5.0,26.0,222.32680077255296,134.8699951171875,64.84526493782023,287244408976.68427,84.98219059564077,False
GROWTH_X_NORMALIZED_ROIC,COP,10.0,6.0,159.27671251370543,134.8699951171875,18.096476814810526,210430864310.10925,100.9585086120383,False
GROWTH_X_NORMALIZED_ROIC,COP,10.0,10.0,195.30842535534237,134.8699951171875,44.812361849379755,254328084127.02042,93.58709992759992,False
GROWTH_X_NORMALIZED_ROIC,COP,10.0,14.0,219.27556878400105,134.8699951171875,62.582914452895324,283527111331.06476,89.39141795742908,False
GROWTH_X_NORMALIZED_ROIC,COP,10.0,18.0,230.45314093976583,134.8699951171875,70.87057854456573,297144680501.24304,87.88936348102409,False
GROWTH_X_NORMALIZED_ROIC,COP,10.0,22.0,237.47975121721853,134.8699951171875,76.08049218869934,305705157691.7883,87.04608831820141,False
GROWTH_X_NORMALIZED_ROIC,COP,10.0,26.0,242.39355081385577,134.8699951171875,79.72385229438311,311691610291.9704,86.49476027791953,False
GROWTH_X_NORMALIZED_ROIC,COP,15.0,6.0,150.41781286372512,134.8699951171875,11.528003491827988,199638119957.92383,112.76564583487361,False
GROWTH_X_NORMALIZED_ROIC,COP,15.0,10.0,195.72401141857193,134.8699951171875,45.12050011457986,254834390137.2458,99.36279187830631,False
GROWTH_X_NORMALIZED_ROIC,COP,15.0,14.0,227.38041283483682,134.8699951171875,68.5922896618093,293401194265.8676,92.07357150197765,False
GROWTH_X_NORMALIZED_ROIC,COP,15.0,18.0,241.4192331845494,134.8699951171875,79.00143984937648,310504604963.27203,89.70193031352936,False
GROWTH_X_NORMALIZED_ROIC,COP,15.0,22.0,250.07136311138873,134.8699951171875,85.4166027766989,321045443000.9258,88.42393113805875,False
GROWTH_X_NORMALIZED_ROIC,COP,15.0,26.0,256.0527936391792,134.8699951171875,89.8515629193112,328332583966.2197,87.60884721717768,False
GROWTH_X_NORMALIZED_ROIC,DVN,-5.0,6.0,92.91698435479745,49.09999847412109,89.24029988263804,64361614078.07113,72.58651630940471,False
GROWTH_X_NORMALIZED_ROIC,DVN,-5.0,10.0,99.60436997347706,49.09999847412109,102.86023028284833,68517155501.51865,76.52024440400427,False
GROWTH_X_NORMALIZED_ROIC,DVN,-5.0,14.0,102.24461192530572,49.09999847412109,108.23750530093261,70157801850.38496,79.15324697840887,False
GROWTH_X_NORMALIZED_ROIC,DVN,-5.0,18.0,104.13782982181459,49.09999847412109,112.09334635051374,71334247451.27559,80.1412223148395,False
GROWTH_X_NORMALIZED_ROIC,DVN,-5.0,22.0,105.46802946312812,49.09999847412109,114.80251067363407,72160833508.38782,80.69310054793284,False
GROWTH_X_NORMALIZED_ROIC,DVN,-5.0,26.0,106.41522939969131,49.09999847412109,116.73163484063873,72749423548.96819,81.04870472276811,False
GROWTH_X_NORMALIZED_ROIC,DVN,0.0,6.0,95.30197527199465,49.09999847412109,94.0977153435657,65843647434.01747,80.30024896282559,False
GROWTH_X_NORMALIZED_ROIC,DVN,0.0,10.0,106.55952058023163,49.09999847412109,117.02550690789835,72839086088.55594,81.48310230585021,False
GROWTH_X_NORMALIZED_ROIC,DVN,0.0,14.0,112.12715450004941,49.09999847412109,128.36488387906525,76298813806.3307,82.40264162179615,False
GROWTH_X_NORMALIZED_ROIC,DVN,0.0,18.0,115.33491877295774,49.09999847412109,134.89800887416888,78292118525.51595,82.67368550920946,False
GROWTH_X_NORMALIZED_ROIC,DVN,0.0,22.0,117.46994481605729,49.09999847412109,139.24633088934138,79618823708.698,82.80586085358692,False
GROWTH_X_NORMALIZED_ROIC,DVN,0.0,26.0,118.96138033241658,49.09999847412109,142.28387786023458,80545601738.56366,82.88522736634746,False
GROWTH_X_NORMALIZED_ROIC,DVN,5.0,6.0,97.05832828363118,49.09999847412109,97.67480916478495,66935045195.44842,89.00324687025734,False
GROWTH_X_NORMALIZED_ROIC,DVN,5.0,10.0,113.56702451705033,49.09999847412109,131.29740946307277,77193549034.89508,86.6522456325072,False
GROWTH_X_NORMALIZED_ROIC,DVN,5.0,14.0,122.51734628059768,49.09999847412109,149.526171258788,82755278978.7634,85.63385065641206,False
GROWTH_X_NORMALIZED_ROIC,DVN,5.0,18.0,127.23590007533647,49.09999847412109,159.13626075242777,85687388306.81409,85.14643577618412,False
GROWTH_X_NORMALIZED_ROIC,DVN,5.0,22.0,130.2939187786583,49.09999847412109,165.36440494459836,87587641129.05827,84.84749899668034,False
GROWTH_X_NORMALIZED_ROIC,DVN,5.0,26.0,132.40894257249658,49.09999847412109,169.67198917996865,88901916914.54938,84.64805340578312,False
GROWTH_X_NORMALIZED_ROIC,DVN,10.0,6.0,98.12435693261955,49.09999847412109,99.8459470102377,67597475397.929794,98.89716178451037,False
GROWTH_X_NORMALIZED_ROIC,DVN,10.0,10.0,120.61051169480456,49.09999847412109,145.6425976436113,81570371967.15155,92.03988713734984,False
GROWTH_X_NORMALIZED_ROIC,DVN,10.0,14.0,133.42947233527514,49.09999847412109,171.7504612665135,89536074109.13995,88.84652231903388,False
GROWTH_X_NORMALIZED_ROIC,DVN,10.0,18.0,139.86811949458883,49.09999847412109,184.86379601072386,93537049453.9375,87.56118571048626,False
GROWTH_X_NORMALIZED_ROIC,DVN,10.0,22.0,143.97512256488068,49.09999847412109,193.22836464193577,96089141161.81686,86.82123811166373,False
GROWTH_X_NORMALIZED_ROIC,DVN,10.0,26.0,146.7983314388449,49.09999847412109,198.97828106087871,97843483156.09824,86.34126324258608,False
GROWTH_X_NORMALIZED_ROIC,DVN,15.0,6.0,96.71374089216116,49.09999847412109,96.973001828372,66720918590.38895,110.0376578396189,False
GROWTH_X_NORMALIZED_ROIC,DVN,15.0,10.0,125.72582428028704,49.09999847412109,156.06074987263548,84749027207.77039,97.43700461927601,False
GROWTH_X_NORMALIZED_ROIC,DVN,15.0,14.0,142.78344452874842,49.09999847412109,190.8013217230641,95348632430.16426,91.82329994930244,False
GROWTH_X_NORMALIZED_ROIC,DVN,15.0,18.0,151.06054934750426,49.09999847412109,207.65896953565704,100492025364.53917,89.7196672323132,False
GROWTH_X_NORMALIZED_ROIC,DVN,15.0,22.0,156.272839232937,49.09999847412109,218.27463154668533,103730942299.34705,88.54435979678414,False
GROWTH_X_NORMALIZED_ROIC,DVN,15.0,26.0,159.8385279251431,49.09999847412109,225.53672686851195,105946661252.68393,87.79291117381655,False
GROWTH_X_NORMALIZED_ROIC,EOG,-5.0,6.0,195.23695635477372,153.0500030517578,27.56416364705938,108070773064.9173,73.5739899828647,False
GROWTH_X_NORMALIZED_ROIC,EOG,-5.0,10.0,209.53849532717382,153.0500030517578,36.90852084224589,115688180744.52446,76.37225633665898,False
GROWTH_X_NORMALIZED_ROIC,EOG,-5.0,14.0,216.5195724338995,153.0500030517578,41.469825623379975,119406501581.69641,77.46752912718098,False
GROWTH_X_NORMALIZED_ROIC,EOG,-5.0,18.0,219.8180600751678,153.0500030517578,43.62499555183326,121163370205.28831,78.90203542070367,False
GROWTH_X_NORMALIZED_ROIC,EOG,-5.0,22.0,221.61764400289846,153.0500030517578,44.8008099208941,122121879947.32712,80.23237351529939,False
GROWTH_X_NORMALIZED_ROIC,EOG,-5.0,26.0,223.18873061902013,153.0500030517578,45.82732843431769,122958685502.17468,80.72970623870678,False
GROWTH_X_NORMALIZED_ROIC,EOG,0.0,6.0,200.0352789504708,153.0500030517578,30.699297590228536,110626496575.5292,81.18128260606802,False
GROWTH_X_NORMALIZED_ROIC,EOG,0.0,10.0,221.96790431751947,153.0500030517578,45.02966343780817,122308438583.82106,81.61983673367054,False
GROWTH_X_NORMALIZED_ROIC,EOG,0.0,14.0,232.4330101625377,153.0500030517578,51.867367218499474,127882452526.3475,81.73514125597951,False
GROWTH_X_NORMALIZED_ROIC,EOG,0.0,18.0,239.26909269360345,153.0500030517578,56.33393526473072,131523545115.82773,82.14318884577952,False
GROWTH_X_NORMALIZED_ROIC,EOG,0.0,22.0,244.1442768106134,153.0500030517578,59.51928908361388,134120207265.55011,82.56588550347324,False
GROWTH_X_NORMALIZED_ROIC,EOG,0.0,26.0,247.08135347000865,153.0500030517578,61.43831985841366,135684578089.1411,82.68529363423028,False
GROWTH_X_NORMALIZED_ROIC,EOG,5.0,6.0,203.6444071760499,153.0500030517578,33.05743424727818,112548821236.90091,89.74435907338228,False
GROWTH_X_NORMALIZED_ROIC,EOG,5.0,10.0,234.30601058954022,153.0500030517578,53.091150550518826,128880065990.47124,87.1431802632502,False
GROWTH_X_NORMALIZED_ROIC,EOG,5.0,14.0,248.75095907630356,153.0500030517578,62.52920883130071,136573857668.90173,86.11134129555293,False
GROWTH_X_NORMALIZED_ROIC,EOG,5.0,18.0,259.6715573803341,153.0500030517578,69.6645228373628,142390479890.298,85.37730741785474,False
GROWTH_X_NORMALIZED_ROIC,EOG,5.0,22.0,268.1100926512736,153.0500030517578,75.17810343368974,146885084527.01166,84.83968663577609,False
GROWTH_X_NORMALIZED_ROIC,EOG,5.0,26.0,272.6209198322766,153.0500030517578,78.12539326776937,149287679777.51334,84.57267021829719,False
GROWTH_X_NORMALIZED_ROIC,EOG,10.0,6.0,203.99068089653676,153.0500030517578,33.2836829983937,112733256499.62144,99.24165755686323,False
GROWTH_X_NORMALIZED_ROIC,EOG,10.0,10.0,244.3105720235095,153.0500030517578,59.627943255178884,134208780840.34102,92.78906068998485,False
GROWTH_X_NORMALIZED_ROIC,EOG,10.0,14.0,263.102829165019,153.0500030517578,71.90645143342074,144218073137.0052,90.45009035306929,False
GROWTH_X_NORMALIZED_ROIC,EOG,10.0,18.0,278.5765274188469,153.0500030517578,82.01667550744122,152459806291.6051,88.46704786867431,False
GROWTH_X_NORMALIZED_ROIC,EOG,10.0,22.0,291.0127572078657,153.0500030517578,90.14227468486378,159083697082.87244,86.92641511466447,False
GROWTH_X_NORMALIZED_ROIC,EOG,10.0,26.0,297.2685661162854,153.0500030517578,94.22970283493319,162415719385.72488,86.27116115149107,False
GROWTH_X_NORMALIZED_ROIC,EOG,15.0,6.0,195.1415325953675,153.0500030517578,27.501815553296872,108019947648.21768,109.80753230717761,False
GROWTH_X_NORMALIZED_ROIC,EOG,15.0,10.0,245.376717085358,153.0500030517578,60.324542432303986,134776640117.40013,98.34394731130708,False
GROWTH_X_NORMALIZED_ROIC,EOG,15.0,14.0,268.41838566816085,153.0500030517578,75.37953630578383,147049290183.40558,94.53065409538843,False
GROWTH_X_NORMALIZED_ROIC,EOG,15.0,18.0,288.5949117651665,153.0500030517578,88.56249984364304,157795883618.96036,91.16658669473054,False
GROWTH_X_NORMALIZED_ROIC,EOG,15.0,22.0,305.229419322632,153.0500030517578,99.43117493399252,166655896926.56708,88.56095759850014,False
GROWTH_X_NORMALIZED_ROIC,EOG,15.0,26.0,313.25943563189037,153.0500030517578,104.67783690664389,170932912709.24338,87.51637573316573,False
GROWTH_X_NORMALIZED_ROIC,EQT,-5.0,6.0,36.33446935320641,53.720001220703125,-32.363238035066374,32060542222.104836,90.30342937313632,False
GROWTH_X_NORMALIZED_ROIC,EQT,-5.0,10.0,40.982594738301245,53.720001220703125,-23.71073379181722,34967842391.72318,87.13765116311872,False
GROWTH_X_NORMALIZED_ROIC,EQT,-5.0,14.0,43.18132245624467,53.720001220703125,-19.61779323340178,36343098207.287,86.61709374559017,False
GROWTH_X_NORMALIZED_ROIC,EQT,-5.0,18.0,44.57421880935395,53.720001220703125,-17.024911026667077,37214324232.437096,86.36306654140176,False
GROWTH_X_NORMALIZED_ROIC,EQT,-5.0,22.0,45.557558146804446,53.720001220703125,-15.194420864519564,37829381354.54695,86.19374577164405,False
GROWTH_X_NORMALIZED_ROIC,EQT,-5.0,26.0,45.93753454936956,53.720001220703125,-14.487093251096738,38067048234.87057,86.1995310847924,False
GROWTH_X_NORMALIZED_ROIC,EQT,0.0,6.0,40.8016235944862,53.720001220703125,-24.04761230950664,34854648922.63204,91.56647999130668,False
GROWTH_X_NORMALIZED_ROIC,EQT,0.0,10.0,45.345097883599486,53.720001220703125,-15.589916505579005,37696492134.03804,89.15446709494388,False
GROWTH_X_NORMALIZED_ROIC,EQT,0.0,14.0,47.967109381141086,53.720001220703125,-10.709031475868503,39336502641.49736,88.29950829026471,False
GROWTH_X_NORMALIZED_ROIC,EQT,0.0,18.0,49.67235826862083,53.720001220703125,-7.534703760435457,40403098305.14042,87.78770885729813,False
GROWTH_X_NORMALIZED_ROIC,EQT,0.0,22.0,50.883692779303146,53.720001220703125,-5.279799659250372,41160761392.21297,87.43360715391563,False
GROWTH_X_NORMALIZED_ROIC,EQT,0.0,26.0,51.37752324985233,53.720001220703125,-4.3605322368236,41469641487.27113,87.34354886273084,False
GROWTH_X_NORMALIZED_ROIC,EQT,5.0,6.0,42.750029375325425,53.720001220703125,-20.420647051567798,36073333873.6198,91.48255108676484,False
GROWTH_X_NORMALIZED_ROIC,EQT,5.0,10.0,46.83626223757185,53.720001220703125,-12.814108016956549,38629182631.83197,90.14206975067685,False
GROWTH_X_NORMALIZED_ROIC,EQT,5.0,14.0,49.73033834891097,53.720001220703125,-7.4267736059815626,40439363569.80014,89.0981359519511,False
GROWTH_X_NORMALIZED_ROIC,EQT,5.0,18.0,51.63974677685928,53.720001220703125,-3.8724020785057878,41633656534.49639,88.42739837091791,False
GROWTH_X_NORMALIZED_ROIC,EQT,5.0,22.0,52.995427415085956,53.720001220703125,-1.348797075860686,42481604948.73313,87.96171434430408,False
GROWTH_X_NORMALIZED_ROIC,EQT,5.0,26.0,53.59473250155882,53.720001220703125,-0.23318822840239228,42856457095.61001,87.78883320096702,False
GROWTH_X_NORMALIZED_ROIC,EQT,10.0,6.0,44.870978463095454,53.720001220703125,-16.47249172845765,37399940867.14002,91.39400045685133,False
GROWTH_X_NORMALIZED_ROIC,EQT,10.0,10.0,48.39916524066759,53.720001220703125,-9.904757742233517,39606744076.40228,91.24699976694369,False
GROWTH_X_NORMALIZED_ROIC,EQT,10.0,14.0,51.595012878638194,53.720001220703125,-3.955674411351251,41605676465.30486,89.98911005148301,False
GROWTH_X_NORMALIZED_ROIC,EQT,10.0,18.0,53.73334297301874,53.720001220703125,0.02483572600977535,42943154896.07782,89.14014777562136,False
GROWTH_X_NORMALIZED_ROIC,EQT,10.0,22.0,55.25137480114879,53.720001220703125,2.8506581266708686,43892650407.87294,88.5502082345615,False
GROWTH_X_NORMALIZED_ROIC,EQT,10.0,26.0,55.96948298491914,53.720001220703125,4.187419421258487,44341811278.44125,88.28595011899296,False
GROWTH_X_NORMALIZED_ROIC,EQT,15.0,6.0,47.17338149742405,53.720001220703125,-12.186559148394194,38840043312.245804,91.3016438145105,False
GROWTH_X_NORMALIZED_ROIC,EQT,15.0,10.0,50.035493642723864,53.720001220703125,-6.858725789751641,40630231492.66364,92.4682443357191,False
GROWTH_X_NORMALIZED_ROIC,EQT,15.0,14.0,53.56458780594765,53.720001220703125,-0.28930270145931525,42837602251.68853,90.97004410198895,False
GROWTH_X_NORMALIZED_ROIC,EQT,15.0,18.0,55.95813490513984,53.720001220703125,4.166294924755443,44334713304.19705,89.92309931423432,False
GROWTH_X_NORMALIZED_ROIC,EQT,15.0,22.0,57.65764859539332,53.720001220703125,7.329946547306965,45397721728.14943,89.19619258483718,False
GROWTH_X_NORMALIZED_ROIC,EQT,15.0,26.0,58.50872522954066,53.720001220703125,8.914229151193709,45930051439.122635,88.83208622001519,False
GROWTH_X_NORMALIZED_ROIC,FANG,-5.0,6.0,321.9284696393271,210.72000122070312,52.77546876157564,110453759192.4035,72.00492995730467,False
GROWTH_X_NORMALIZED_ROIC,FANG,-5.0,10.0,352.63315265907477,210.72000122070312,67.3467874982286,119091394806.02863,75.31891176736258,False
GROWTH_X_NORMALIZED_ROIC,FANG,-5.0,14.0,359.95792100988365,210.72000122070312,70.82285446309973,121151949540.55592,79.26185863243217,False
GROWTH_X_NORMALIZED_ROIC,FANG,-5.0,18.0,366.3416100416914,210.72000122070312,73.85231962769112,122947766149.1165,80.75513882285661,False
GROWTH_X_NORMALIZED_ROIC,FANG,-5.0,22.0,371.220034496072,210.72000122070312,76.16744131814282,124320131816.54373,81.48843033172028,False
GROWTH_X_NORMALIZED_ROIC,FANG,-5.0,26.0,374.8763077330516,210.72000122070312,77.90257477286889,125348690095.57132,81.94180233393033,False
GROWTH_X_NORMALIZED_ROIC,FANG,0.0,6.0,331.638276468095,210.72000122070312,57.38338769310509,113185256964.63733,79.66345298013651,False
GROWTH_X_NORMALIZED_ROIC,FANG,0.0,10.0,377.07827632504757,210.72000122070312,78.94754847220446,125968133140.07617,80.73529246407463,False
GROWTH_X_NORMALIZED_ROIC,FANG,0.0,14.0,397.5272545398137,210.72000122070312,88.65188507827177,131720702621.95319,82.66975173218609,False
GROWTH_X_NORMALIZED_ROIC,FANG,0.0,18.0,409.7337233455545,210.72000122070312,94.44462840355108,135154544606.4238,83.30750889614184,False
GROWTH_X_NORMALIZED_ROIC,FANG,0.0,22.0,417.884844168226,210.72000122070312,98.31285200617634,137447563279.29486,83.5853699074419,False
GROWTH_X_NORMALIZED_ROIC,FANG,0.0,26.0,423.7213589278706,210.72000122070312,101.08264828836768,139089452489.31964,83.74589851892415,False
GROWTH_X_NORMALIZED_ROIC,FANG,5.0,6.0,339.0094048418223,210.72000122070312,60.881455428026456,115258853390.06078,88.28786646962138,False
GROWTH_X_NORMALIZED_ROIC,FANG,5.0,10.0,401.2845584841074,210.72000122070312,90.43496400885623,132777682182.35358,86.44823443829691,False
GROWTH_X_NORMALIZED_ROIC,FANG,5.0,14.0,436.9752276429117,210.72000122070312,107.37244927463445,142817941995.55304,86.06693699906693,False
GROWTH_X_NORMALIZED_ROIC,FANG,5.0,18.0,455.90582306314366,210.72000122070312,116.35621698086398,148143370207.39157,85.79612000869251,False
GROWTH_X_NORMALIZED_ROIC,FANG,5.0,22.0,467.8205995037341,210.72000122070312,122.01053378589815,151495155250.91202,85.60696367573004,False
GROWTH_X_NORMALIZED_ROIC,FANG,5.0,26.0,476.1595420306107,210.72000122070312,125.96789069486216,153841010666.64117,85.47290844271124,False
GROWTH_X_NORMALIZED_ROIC,FANG,10.0,6.0,343.80876883475105,210.72000122070312,63.15905791717129,116608978298.41464,98.07144632661779,False
GROWTH_X_NORMALIZED_ROIC,FANG,10.0,10.0,425.1571219828036,210.72000122070312,101.76400888376236,139493351728.01364,92.4816075275723,False
GROWTH_X_NORMALIZED_ROIC,FANG,10.0,14.0,478.3515198614929,210.72000122070312,127.00812314464578,154457643177.19757,89.4528834571349,False
GROWTH_X_NORMALIZED_ROIC,FANG,10.0,18.0,504.968414020281,210.72000122070312,139.63952690536908,161945329428.90625,88.22293327818069,False
GROWTH_X_NORMALIZED_ROIC,FANG,10.0,22.0,521.1706334628361,210.72000122070312,147.32850723409706,166503229199.00897,87.55688247362058,False
GROWTH_X_NORMALIZED_ROIC,FANG,10.0,26.0,532.3556352520231,210.72000122070312,152.63649970011463,169649718929.27606,87.12739730697334,False
GROWTH_X_NORMALIZED_ROIC,FANG,15.0,6.0,345.79116532741597,210.72000122070312,64.09983073474004,117166652791.72748,109.26413175344108,False
GROWTH_X_NORMALIZED_ROIC,FANG,15.0,10.0,448.59388874596226,210.72000122070312,112.88624057861298,146086425857.17786,98.86269036684234,False
GROWTH_X_NORMALIZED_ROIC,FANG,15.0,14.0,521.7039762086081,210.72000122070312,147.58161218032063,166653265605.2531,92.82744304036501,False
GROWTH_X_NORMALIZED_ROIC,FANG,15.0,18.0,557.0323949810798,210.72000122070312,164.3471866715003,176591619567.9338,90.59008258069781,False
GROWTH_X_NORMALIZED_ROIC,FANG,15.0,22.0,578.0798628731515,210.72000122070312,174.335544573049,182512552154.1541,89.43875484249645,False
GROWTH_X_NORMALIZED_ROIC,FANG,15.0,26.0,592.4767738293122,210.72000122070312,181.16779157037212,186562594641.84714,88.71373380584015,False
GROWTH_X_NORMALIZED_ROIC,MGY,-5.0,6.0,41.93324849049722,28.13999938964844,49.016522388137474,8024536625.894867,70.80397600979173,False
GROWTH_X_NORMALIZED_ROIC,MGY,-5.0,10.0,44.93407620191222,28.13999938964844,59.68044483484116,8579533436.390327,73.55396462784363,False
GROWTH_X_NORMALIZED_ROIC,MGY,-5.0,14.0,46.421801849673585,28.13999938964844,64.96731647673835,8854685184.10946,74.6119726463347,False
GROWTH_X_NORMALIZED_ROIC,MGY,-5.0,18.0,46.35848653867808,28.13999938964844,64.74231536668576,8842975149.733158,78.26995213723657,False
GROWTH_X_NORMALIZED_ROIC,MGY,-5.0,22.0,46.786356619120724,28.13999938964844,66.26282030528941,8922108826.434687,79.21378044166214,False
GROWTH_X_NORMALIZED_ROIC,MGY,-5.0,26.0,47.136214325228316,28.13999938964844,67.50609576263106,8986814277.626823,79.68705175203205,False
GROWTH_X_NORMALIZED_ROIC,MGY,0.0,6.0,42.30067822134207,28.13999938964844,50.32224285300717,8092491986.319054,79.19389792212877,False
GROWTH_X_NORMALIZED_ROIC,MGY,0.0,10.0,46.92476921612287,28.13999938964844,66.75469166280288,8947707946.829494,79.58446520639872,False
GROWTH_X_NORMALIZED_ROIC,MGY,0.0,14.0,49.1559760940232,28.13999938964844,74.68364307110001,9360364993.44358,79.65467512259022,False
GROWTH_X_NORMALIZED_ROIC,MGY,0.0,18.0,50.497120861098864,28.13999938964844,79.44961604965314,9608406913.780514,81.31771445937687,False
GROWTH_X_NORMALIZED_ROIC,MGY,0.0,22.0,51.40915861892223,28.13999938964844,82.69068846473948,9777086390.018995,81.60746620926025,False
GROWTH_X_NORMALIZED_ROIC,MGY,0.0,26.0,52.04193872064907,28.13999938964844,84.93937402071579,9894117746.69018,81.71489015641984,False
GROWTH_X_NORMALIZED_ROIC,MGY,5.0,6.0,42.30420422612297,28.13999938964844,50.33477307638095,8093144113.530407,88.95130880389652,False
GROWTH_X_NORMALIZED_ROIC,MGY,5.0,10.0,48.78496382347004,28.13999938964844,73.36519147692675,9291747049.791428,86.1190254976633,False
GROWTH_X_NORMALIZED_ROIC,MGY,5.0,14.0,51.86516661278571,28.13999938964844,84.3111859905185,9861424114.971329,84.97063802158486,False
GROWTH_X_NORMALIZED_ROIC,MGY,5.0,18.0,54.84510405229398,28.13999938964844,94.90087150630593,10412557313.3592,84.35203977544602,False
GROWTH_X_NORMALIZED_ROIC,MGY,5.0,22.0,56.31661012425724,28.13999938964844,100.1301042848417,10684709284.449604,83.94967700350489,False
GROWTH_X_NORMALIZED_ROIC,MGY,5.0,26.0,57.27509750041541,28.13999938964844,103.53624286674501,10861979520.472958,83.68051231874698,False
GROWTH_X_NORMALIZED_ROIC,MGY,10.0,6.0,40.26854223134248,28.13999938964844,43.100721765316166,7716652684.164986,99.33577378910195,False
GROWTH_X_NORMALIZED_ROIC,MGY,10.0,10.0,48.61011007565287,28.13999938964844,72.7438206467572,9259408214.75183,92.35523592781406,False
GROWTH_X_NORMALIZED_ROIC,MGY,10.0,14.0,52.49054498507407,28.13999938964844,86.53356831408887,9977086537.259884,89.8530009396509,False
GROWTH_X_NORMALIZED_ROIC,MGY,10.0,18.0,57.24543474294869,28.13999938964844,103.43083150174817,10856493455.504313,86.69461561937126,False
GROWTH_X_NORMALIZED_ROIC,MGY,10.0,22.0,59.27159834136954,28.13999938964844,110.63112873830816,11231228176.324163,85.61915269004542,False
GROWTH_X_NORMALIZED_ROIC,MGY,10.0,26.0,60.5422491211814,28.13999938964844,115.14659002960896,11466232381.119587,85.00196170254722,False
GROWTH_X_NORMALIZED_ROIC,MGY,15.0,6.0,37.62588174675403,28.13999938964844,33.70960399023697,7227898153.343426,112.76672054016296,False
GROWTH_X_NORMALIZED_ROIC,MGY,15.0,10.0,48.05426561933835,28.13999938964844,70.76853824316555,9156605944.827219,99.66784649360628,False
GROWTH_X_NORMALIZED_ROIC,MGY,15.0,14.0,52.82905025516267,28.13999938964844,87.73650106970624,10039692379.14825,95.39793859641878,False
GROWTH_X_NORMALIZED_ROIC,MGY,15.0,18.0,59.60788403450141,28.13999938964844,111.82617387130689,11293423512.09552,89.18207320851336,False
GROWTH_X_NORMALIZED_ROIC,MGY,15.0,22.0,62.26086396008582,28.13999938964844,121.25396343465829,11784086601.95133,87.35952843346686,False
GROWTH_X_NORMALIZED_ROIC,MGY,15.0,26.0,63.8829271385506,28.13999938964844,127.01822503255107,12084083795.074287,86.36607851292662,False
GROWTH_X_NORMALIZED_ROIC,MTDR,-5.0,6.0,127.91962413552059,58.380001068115234,119.11548782993266,19651508123.655357,78.07062556086713,False
GROWTH_X_NORMALIZED_ROIC,MTDR,-5.0,10.0,139.505579986838,58.380001068115234,138.9612494595007,21090231579.372223,80.82119076944355,False
GROWTH_X_NORMALIZED_ROIC,MTDR,-5.0,14.0,145.03859245227517,58.380001068115234,148.43883144683483,21777311257.299114,81.90191643808332,False
GROWTH_X_NORMALIZED_ROIC,MTDR,-5.0,18.0,148.37930758763673,58.380001068115234,154.16119368431364,22192155339.720375,82.47872769933868,False
GROWTH_X_NORMALIZED_ROIC,MTDR,-5.0,22.0,150.64722158896274,58.380001068115234,158.04593839111814,22473780879.393513,82.83723053586046,False
GROWTH_X_NORMALIZED_ROIC,MTDR,-5.0,26.0,151.99009045394638,58.380001068115234,160.34615908384615,22640535954.140686,82.81275209690874,False
GROWTH_X_NORMALIZED_ROIC,MTDR,0.0,6.0,136.2552513729445,58.380001068115234,133.39371168213555,20686611534.93157,83.85321096080524,False
GROWTH_X_NORMALIZED_ROIC,MTDR,0.0,10.0,153.88676438334562,58.380001068115234,163.5950009726743,22876061559.890606,84.27141925516275,False
GROWTH_X_NORMALIZED_ROIC,MTDR,0.0,14.0,162.15624789917013,58.380001068115234,177.75992622880102,23902951361.091423,84.40024148746996,False
GROWTH_X_NORMALIZED_ROIC,MTDR,0.0,18.0,167.08562997353175,58.380001068115234,186.20354045314858,24515073287.29123,84.454754710545,False
GROWTH_X_NORMALIZED_ROIC,MTDR,0.0,22.0,170.40091991783984,58.380001068115234,191.88235149057894,24926760114.566338,84.48154936689038,False
GROWTH_X_NORMALIZED_ROIC,MTDR,0.0,26.0,172.0109064942265,58.380001068115234,194.64012221159726,25126685393.11583,84.40725673607939,False
GROWTH_X_NORMALIZED_ROIC,MTDR,5.0,6.0,144.41688417779562,58.380001068115234,147.37389779985838,21700108626.063015,89.98840057767319,False
GROWTH_X_NORMALIZED_ROIC,MTDR,5.0,10.0,168.96356395778474,58.380001068115234,189.42028240226554,24748271799.87881,87.71535757978951,False
GROWTH_X_NORMALIZED_ROIC,MTDR,5.0,14.0,180.35976649023956,58.380001068115234,208.94101265911877,26163432024.89196,86.8356701148134,False
GROWTH_X_NORMALIZED_ROIC,MTDR,5.0,18.0,187.10287367478347,58.380001068115234,220.49138446654018,27000779119.53959,86.35672658834817,False
GROWTH_X_NORMALIZED_ROIC,MTDR,5.0,22.0,191.61315113836054,58.380001068115234,228.2171079695505,27560857378.244644,86.05170820157436,False
GROWTH_X_NORMALIZED_ROIC,MTDR,5.0,26.0,193.51908441334376,58.380001068115234,231.4818103335664,27797532793.112366,85.92863419066748,False
GROWTH_X_NORMALIZED_ROIC,MTDR,10.0,6.0,152.36402614437696,58.380001068115234,160.98667926813718,22686970625.19038,96.50876457318739,False
GROWTH_X_NORMALIZED_ROIC,MTDR,10.0,10.0,184.75278559626832,58.380001068115234,216.4658825214937,26708949348.655735,91.15266308137929,False
GROWTH_X_NORMALIZED_ROIC,MTDR,10.0,14.0,199.69159483474533,58.380001068115234,242.05479818637534,28564024193.381035,89.21029896862854,False
GROWTH_X_NORMALIZED_ROIC,MTDR,10.0,18.0,208.4882378285822,58.380001068115234,257.12270300462524,29656375723.90767,88.1885355751424,False
GROWTH_X_NORMALIZED_ROIC,MTDR,10.0,22.0,214.35077284987528,58.380001068115234,267.1647292362673,30384374928.577248,87.5524517181548,False
GROWTH_X_NORMALIZED_ROIC,MTDR,10.0,26.0,216.58319453723595,58.380001068115234,270.98867861365085,30661593095.630047,87.38162823008689,False
GROWTH_X_NORMALIZED_ROIC,MTDR,15.0,6.0,154.12703193179945,58.380001068115234,164.0065589446817,22905897558.06324,103.0911846531318,False
GROWTH_X_NORMALIZED_ROIC,MTDR,15.0,10.0,194.84899011967198,58.380001068115234,233.75982623284077,27962678125.801384,94.17717884385016,False
GROWTH_X_NORMALIZED_ROIC,MTDR,15.0,14.0,213.4281286751368,58.380001068115234,265.5843178661785,30269802610.806347,91.14515422931207,False
GROWTH_X_NORMALIZED_ROIC,MTDR,15.0,18.0,224.27959289559894,58.380001068115234,284.1719575063373,31617318198.05727,89.59820016141221,False
GROWTH_X_NORMALIZED_ROIC,MTDR,15.0,22.0,231.46699362672967,58.380001068115234,296.48336654989794,32509836877.587593,88.65366297402592,False
GROWTH_X_NORMALIZED_ROIC,MTDR,15.0,26.0,234.03007477723276,58.380001068115234,300.87370759753276,32828115750.51418,88.43873625011162,False
GROWTH_X_NORMALIZED_ROIC,NOG,-5.0,6.0,44.12788846584263,27.34000015258789,61.40412662604051,7182825876.42024,85.67845405920666,False
GROWTH_X_NORMALIZED_ROIC,NOG,-5.0,10.0,48.354510868731964,27.34000015258789,76.86360862786947,7629965006.9188595,87.81388803871634,False
GROWTH_X_NORMALIZED_ROIC,NOG,-5.0,14.0,50.3721390600497,27.34000015258789,84.24337519720781,7843412159.074821,88.64857160276483,False
GROWTH_X_NORMALIZED_ROIC,NOG,-5.0,18.0,53.429397815779375,27.34000015258789,95.42574073732027,8166842996.145047,85.14456197026277,False
GROWTH_X_NORMALIZED_ROIC,NOG,-5.0,22.0,54.6449042140994,27.34000015258789,99.87163097702813,8295432783.037008,84.22754959340399,False
GROWTH_X_NORMALIZED_ROIC,NOG,-5.0,26.0,55.27501589249197,27.34000015258789,102.17635546450379,8362093005.109573,83.986969922275,False
GROWTH_X_NORMALIZED_ROIC,NOG,0.0,6.0,50.434116025211345,27.34000015258789,84.47006490026467,7849968771.819405,88.57596301441109,False
GROWTH_X_NORMALIZED_ROIC,NOG,0.0,10.0,57.083397198255625,27.34000015258789,108.79077132284634,8553403694.258516,88.53294546240461,False
GROWTH_X_NORMALIZED_ROIC,NOG,0.0,14.0,60.19588338187073,27.34000015258789,120.17513915841307,8882677102.945143,88.4792789019447,False
GROWTH_X_NORMALIZED_ROIC,NOG,0.0,18.0,62.352205525705536,27.34000015258789,128.06219889433152,9110796844.091196,86.25761925596969,False
GROWTH_X_NORMALIZED_ROIC,NOG,0.0,22.0,63.436715866935586,27.34000015258789,132.02895213199523,9225528410.995035,85.59220369010252,False
GROWTH_X_NORMALIZED_ROIC,NOG,0.0,26.0,64.12556236790874,27.34000015258789,134.5485077176888,9298402255.907608,85.35979692131924,False
GROWTH_X_NORMALIZED_ROIC,NOG,5.0,6.0,57.133437814740205,27.34000015258789,108.97380210633317,8558697547.272032,91.39626578150408,False
GROWTH_X_NORMALIZED_ROIC,NOG,5.0,10.0,66.55788074240866,27.34000015258789,143.44506353672628,9555719948.239485,89.1792011083671,False
GROWTH_X_NORMALIZED_ROIC,NOG,5.0,14.0,70.92326988978712,27.34000015258789,159.41210495228844,10017539368.472666,88.29869207616937,False
GROWTH_X_NORMALIZED_ROIC,NOG,5.0,18.0,71.98809570955211,27.34000015258789,163.30685920913578,10130188487.744999,87.29807671583116,False
GROWTH_X_NORMALIZED_ROIC,NOG,5.0,22.0,72.903947935117,27.34000015258789,166.65672102498584,10227077523.18956,86.88252806259071,False
GROWTH_X_NORMALIZED_ROIC,NOG,5.0,26.0,73.65326044988294,27.34000015258789,169.39743979083786,10306348135.6046,86.65981199105978,False
GROWTH_X_NORMALIZED_ROIC,NOG,10.0,6.0,64.24083038275468,27.34000015258789,134.97011713320677,9310596588.644138,94.14247811329558,False
GROWTH_X_NORMALIZED_ROIC,NOG,10.0,10.0,76.81622264389635,27.34000015258789,180.96643092602633,10640961458.115824,89.76243372411852,False
GROWTH_X_NORMALIZED_ROIC,NOG,10.0,14.0,82.60297171044185,27.34000015258789,202.13230157068233,11253148140.384874,88.11162781168306,False
GROWTH_X_NORMALIZED_ROIC,NOG,10.0,18.0,82.37192549585075,27.34000015258789,201.28721666467789,11228705501.878384,88.2728034939234,False
GROWTH_X_NORMALIZED_ROIC,NOG,10.0,22.0,83.07858617454882,27.34000015258789,203.87193017877485,11303463928.657795,88.10439866757122,False
GROWTH_X_NORMALIZED_ROIC,NOG,10.0,26.0,83.89006995655814,27.34000015258789,206.84004933561587,11389311709.252848,87.89260080042958,False
GROWTH_X_NORMALIZED_ROIC,NOG,15.0,6.0,68.94827449678837,27.34000015258789,152.18827400138846,9808602387.927502,96.53041744842238,False
GROWTH_X_NORMALIZED_ROIC,NOG,15.0,10.0,84.95618718599864,27.34000015258789,210.739527109904,11502097448.205006,89.93494248220331,False
GROWTH_X_NORMALIZED_ROIC,NOG,15.0,14.0,92.25319229572133,27.34000015258789,237.42937739884772,12274055813.299309,87.56803673004752,False
GROWTH_X_NORMALIZED_ROIC,NOG,15.0,18.0,90.48485564608777,27.34000015258789,230.96143065501354,12086981493.292515,88.87297268030242,False
GROWTH_X_NORMALIZED_ROIC,NOG,15.0,22.0,90.93880118265145,27.34000015258789,232.62180203039816,12135004901.386425,88.95150890616293,False
GROWTH_X_NORMALIZED_ROIC,NOG,15.0,26.0,91.81412879714588,27.34000015258789,235.82343922721282,12227606792.716705,88.74869488609056,False
GROWTH_X_NORMALIZED_ROIC,OVV,-5.0,6.0,57.4416796152388,66.82,-14.035199618020345,22517180444.564625,67.67107714924387,False
GROWTH_X_NORMALIZED_ROIC,OVV,-5.0,10.0,61.86362773146024,66.82,-7.417498157048419,23759830117.87976,70.73677901269986,False
GROWTH_X_NORMALIZED_ROIC,OVV,-5.0,14.0,63.37706324406386,66.82,-5.1525542591082445,24185133648.33535,73.29674329537251,False
GROWTH_X_NORMALIZED_ROIC,OVV,-5.0,18.0,64.49970217379934,66.82,-3.4724600811144257,24500616069.797745,74.39886448155781,False
GROWTH_X_NORMALIZED_ROIC,OVV,-5.0,22.0,65.34780538060704,66.82,-2.203224512710189,24738948846.478466,74.95064087691605,False
GROWTH_X_NORMALIZED_ROIC,OVV,-5.0,26.0,65.65022069213379,66.82,-1.750642484085918,24823933174.24469,75.31913889678833,False
GROWTH_X_NORMALIZED_ROIC,OVV,0.0,6.0,57.66471083297057,66.82,-13.701420483432237,22579856365.350933,76.17257041439845,False
GROWTH_X_NORMALIZED_ROIC,OVV,0.0,10.0,65.43465501269881,66.82,-2.073249008232836,24763355208.586258,76.63953354797223,False
GROWTH_X_NORMALIZED_ROIC,OVV,0.0,14.0,69.52982828705316,66.82,4.055414976134641,25914175072.997906,77.26145198373462,False
GROWTH_X_NORMALIZED_ROIC,OVV,0.0,18.0,71.91763781953267,66.82,7.628910235756781,26585193967.269764,77.44749040305706,False
GROWTH_X_NORMALIZED_ROIC,OVV,0.0,22.0,73.48865431642353,66.82,9.980027411588654,27026678825.373955,77.49702009698271,False
GROWTH_X_NORMALIZED_ROIC,OVV,0.0,26.0,74.18002391178182,66.82,11.014702052950941,27220966541.835476,77.59114342708914,False
GROWTH_X_NORMALIZED_ROIC,OVV,5.0,6.0,57.158540423111475,66.82,-14.45893381755241,22437613064.90474,86.16252193701504,False
GROWTH_X_NORMALIZED_ROIC,OVV,5.0,10.0,68.77399751242658,66.82,2.9242704466126757,25701772566.1196,83.0295446183205,False
GROWTH_X_NORMALIZED_ROIC,OVV,5.0,14.0,75.85571408862825,66.82,13.522469453200014,27691866651.042297,81.31446499865976,False
GROWTH_X_NORMALIZED_ROIC,OVV,5.0,18.0,79.70263811659206,66.82,19.279614062544237,28772923859.53397,80.48537927257601,False
GROWTH_X_NORMALIZED_ROIC,OVV,5.0,22.0,82.10498532385044,66.82,22.87486579444844,29448028110.833984,80.00022161735227,False
GROWTH_X_NORMALIZED_ROIC,OVV,5.0,26.0,83.24558397477995,66.82,24.581837735378564,29768557548.020683,79.80771394313987,False
GROWTH_X_NORMALIZED_ROIC,OVV,10.0,6.0,54.471626583409716,66.82,-18.480055996094404,21682540296.664207,97.56533994875404,False
GROWTH_X_NORMALIZED_ROIC,OVV,10.0,10.0,70.29296032718064,66.82,5.197486272344576,26128629371.2928,89.54671107114544,False
GROWTH_X_NORMALIZED_ROIC,OVV,10.0,14.0,80.67327635326777,66.82,20.73223039998171,29045691258.88169,85.07876024992103,False
GROWTH_X_NORMALIZED_ROIC,OVV,10.0,18.0,86.09715133685755,66.82,28.849373446359717,30569901018.76899,83.16811291155899,False
GROWTH_X_NORMALIZED_ROIC,OVV,10.0,22.0,89.37929878706035,66.82,33.76129719703735,31492245503.500694,82.14380050817385,False
GROWTH_X_NORMALIZED_ROIC,OVV,10.0,26.0,91.03342373276868,66.82,36.23679097989927,31957085381.622852,81.65009139333284,False
GROWTH_X_NORMALIZED_ROIC,OVV,15.0,6.0,48.81199649057544,66.82,-26.950020217636272,20092078965.798416,111.46528958818894,False
GROWTH_X_NORMALIZED_ROIC,OVV,15.0,10.0,69.12846594270528,66.82,3.454752982198861,25801384788.49518,96.40809322363496,False
GROWTH_X_NORMALIZED_ROIC,OVV,15.0,14.0,83.07340078750445,66.82,24.32415562332304,29720170869.6168,88.57329153348536,False
GROWTH_X_NORMALIZED_ROIC,OVV,15.0,18.0,90.1503867253532,66.82,34.91527495563187,31708935557.167725,85.481051101746,False
GROWTH_X_NORMALIZED_ROIC,OVV,15.0,22.0,94.32672506462191,66.82,41.165407160463815,32882564314.571682,83.90419467107562,False
GROWTH_X_NORMALIZED_ROIC,OVV,15.0,26.0,96.56284281216594,66.82,44.51188687842853,33510954995.657776,83.08022992756801,False
GROWTH_X_NORMALIZED_ROIC,PR,-5.0,6.0,19.968957225331643,23.75,-15.920180103866766,20095360733.434177,73.35172352977662,False
GROWTH_X_NORMALIZED_ROIC,PR,-5.0,10.0,21.96031708891667,23.75,-7.535506994035068,21762702697.82418,76.92017240860814,False
GROWTH_X_NORMALIZED_ROIC,PR,-5.0,14.0,22.948023608915662,23.75,-3.3767426993024707,22589697637.01671,78.19557488155552,False
GROWTH_X_NORMALIZED_ROIC,PR,-5.0,18.0,23.528328707975945,23.75,-0.9333528085223364,23075580204.756523,78.91678452730083,False
GROWTH_X_NORMALIZED_ROIC,PR,-5.0,22.0,23.91314651246389,23.75,0.6869326840584833,23397783582.358032,79.38122984241514,False
GROWTH_X_NORMALIZED_ROIC,PR,-5.0,26.0,24.188661490204087,23.75,1.846995748227731,23628469001.20402,79.70280888468407,False
GROWTH_X_NORMALIZED_ROIC,PR,0.0,6.0,20.705665805476755,23.75,-12.818249240097867,20712198078.438583,80.61025621954569,False
GROWTH_X_NORMALIZED_ROIC,PR,0.0,10.0,23.82517601299977,23.75,0.316530581051655,23324126927.89438,81.30506007298874,False
GROWTH_X_NORMALIZED_ROIC,PR,0.0,14.0,25.316538000992168,23.75,6.595949477861751,24572826609.02544,81.43850735013636,False
GROWTH_X_NORMALIZED_ROIC,PR,0.0,18.0,26.191386523470406,23.75,10.279522204085922,25305326887.19542,81.52870091692157,False
GROWTH_X_NORMALIZED_ROIC,PR,0.0,22.0,26.770348139904794,23.75,12.717255325914923,25790084572.88778,81.59127970211537,False
GROWTH_X_NORMALIZED_ROIC,PR,0.0,26.0,27.183554924460616,23.75,14.457073366149963,26136057706.352592,81.634708437578,False
GROWTH_X_NORMALIZED_ROIC,PR,5.0,6.0,21.335665104581864,23.75,-10.165620612286885,21239689009.70761,88.63616787647888,False
GROWTH_X_NORMALIZED_ROIC,PR,5.0,10.0,25.746934641397267,23.75,8.408145858514814,24933192604.646133,85.7718688612366,False
GROWTH_X_NORMALIZED_ROIC,PR,5.0,14.0,27.809253658480245,23.75,17.091594351495765,26659947825.54906,84.65212310848048,False
GROWTH_X_NORMALIZED_ROIC,PR,5.0,18.0,29.01915480344617,23.75,22.185914961878606,27672983685.44303,84.07832540115838,False
GROWTH_X_NORMALIZED_ROIC,PR,5.0,22.0,29.819368610636996,23.75,25.555236255313662,28342993202.86474,83.7280657559691,False
GROWTH_X_NORMALIZED_ROIC,PR,5.0,26.0,30.389569351569584,23.75,27.956081480292983,28820415511.54359,83.49037073532058,False
GROWTH_X_NORMALIZED_ROIC,PR,10.0,6.0,21.842880271487374,23.75,-8.029977804263687,21664374245.27028,97.57918576207511,False
GROWTH_X_NORMALIZED_ROIC,PR,10.0,10.0,27.720300502076206,23.75,16.717054745584026,26585468404.099648,90.33906534132035,False
GROWTH_X_NORMALIZED_ROIC,PR,10.0,14.0,30.42930333654098,23.75,28.12338246964623,28853684305.279335,87.84246397220303,False
GROWTH_X_NORMALIZED_ROIC,PR,10.0,18.0,32.01874202079244,23.75,34.81575587702079,30184502439.42927,86.57043288120711,False
GROWTH_X_NORMALIZED_ROIC,PR,10.0,22.0,33.069586174371636,23.75,39.24036283945953,31064361769.39596,85.79666333589981,False
GROWTH_X_NORMALIZED_ROIC,PR,10.0,26.0,33.81760532266366,23.75,42.389917148057506,31690669318.785473,85.27517348486788,False
GROWTH_X_NORMALIZED_ROIC,PR,15.0,6.0,22.214859405572284,23.75,-6.463749871274594,21975827956.61537,107.60575851245817,False
GROWTH_X_NORMALIZED_ROIC,PR,15.0,10.0,29.743989933116303,23.75,25.237852349963386,28279879531.37384,95.00992026105666,False
GROWTH_X_NORMALIZED_ROIC,PR,15.0,14.0,33.1802219710177,23.75,39.70619777270612,31156995808.017,91.00965392482946,False
GROWTH_X_NORMALIZED_ROIC,PR,15.0,18.0,35.196514959339176,23.75,48.19585246037548,32845213981.643036,89.00683291039627,False
GROWTH_X_NORMALIZED_ROIC,PR,15.0,22.0,36.529237899528965,23.75,53.80731747170091,33961087072.04631,87.80017814629831,False
GROWTH_X_NORMALIZED_ROIC,PR,15.0,26.0,37.47722516463207,23.75,57.7988427984508,34754825550.82038,86.99299748539137,False
GROWTH_X_NORMALIZED_ROIC,RRC,-5.0,6.0,40.134666663503864,41.060001373291016,-2.2536158763722502,10275627462.254774,82.32513313735582,False
GROWTH_X_NORMALIZED_ROIC,RRC,-5.0,10.0,43.3772805298331,41.060001373291016,5.643641205646532,11039659437.320469,85.0930290285165,False
GROWTH_X_NORMALIZED_ROIC,RRC,-5.0,14.0,46.35145762981432,41.060001373291016,12.88713122149412,11740441737.516518,82.19976600722389,False
GROWTH_X_NORMALIZED_ROIC,RRC,-5.0,18.0,47.91285375206509,41.060001373291016,16.689849365742493,12108341404.982517,81.21075862814604,False
GROWTH_X_NORMALIZED_ROIC,RRC,-5.0,22.0,48.782993461753605,41.060001373291016,18.809040015001788,12313365681.193672,81.05476506630708,False
GROWTH_X_NORMALIZED_ROIC,RRC,-5.0,26.0,49.18055325669842,41.060001373291016,19.777281080876218,12407039614.58811,81.05160825191463,False
GROWTH_X_NORMALIZED_ROIC,RRC,0.0,6.0,43.380900982158295,41.060001373291016,5.652458673264915,11040512496.443348,86.53937661425647,False
GROWTH_X_NORMALIZED_ROIC,RRC,0.0,10.0,48.66079930653983,41.060001373291016,18.511441010796048,12284574019.405354,86.40107708103825,False
GROWTH_X_NORMALIZED_ROIC,RRC,0.0,14.0,51.538174622304936,41.060001373291016,25.519174131907917,12962547665.40039,84.11166259715202,False
GROWTH_X_NORMALIZED_ROIC,RRC,0.0,18.0,53.20390447291298,41.060001373291016,29.575992921231165,13355030680.69282,83.18290947415751,False
GROWTH_X_NORMALIZED_ROIC,RRC,0.0,22.0,54.279894518271526,41.060001373291016,32.19652387439975,13608557876.157803,82.85663533500815,False
GROWTH_X_NORMALIZED_ROIC,RRC,0.0,26.0,54.80037940229922,41.060001373291016,33.464144104842,13731195695.623398,82.73994590569252,False
GROWTH_X_NORMALIZED_ROIC,RRC,5.0,6.0,46.753079026333324,41.060001373291016,13.86526415643421,11835072674.612469,90.7910506212503,False
GROWTH_X_NORMALIZED_ROIC,RRC,5.0,10.0,54.36877245139917,41.060001373291016,32.412982545016014,13629499494.736687,87.61233442138806,False
GROWTH_X_NORMALIZED_ROIC,RRC,5.0,14.0,57.095350730850434,41.060001373291016,39.053455482810094,14271942003.742125,85.93968709953398,False
GROWTH_X_NORMALIZED_ROIC,RRC,5.0,18.0,58.8629811948486,41.060001373291016,43.35844916249367,14688435070.837915,85.07923177957267,False
GROWTH_X_NORMALIZED_ROIC,RRC,5.0,22.0,60.16812624990729,41.060001373291016,46.53707802612461,14995956285.28722,84.58402056583914,False
GROWTH_X_NORMALIZED_ROIC,RRC,5.0,26.0,60.826957931788805,41.060001373291016,48.14163637937901,15151191688.543427,84.35461508620968,False
GROWTH_X_NORMALIZED_ROIC,RRC,10.0,6.0,50.25233716894728,41.060001373291016,22.38756816417389,12659575751.50599,95.08064334632783,False
GROWTH_X_NORMALIZED_ROIC,RRC,10.0,10.0,60.522037256233794,41.060001373291016,47.39901420364436,15079345592.897633,88.73681575864163,False
GROWTH_X_NORMALIZED_ROIC,RRC,10.0,14.0,63.03945797575921,41.060001373291016,53.53009222441367,15672505927.028831,87.68919401503598,False
GROWTH_X_NORMALIZED_ROIC,RRC,10.0,18.0,64.9060371282534,41.060001373291016,58.076071498803984,16112313506.742603,86.90390070376269,False
GROWTH_X_NORMALIZED_ROIC,RRC,10.0,22.0,66.46504009034453,41.060001373291016,61.872961196682176,16479649292.42718,86.24131195843232,False
GROWTH_X_NORMALIZED_ROIC,RRC,10.0,26.0,67.27860666485805,41.060001373291016,63.85437022567147,16671343679.238852,85.90019664995758,False
GROWTH_X_NORMALIZED_ROIC,RRC,15.0,6.0,51.597730072394285,41.060001373291016,25.664219061516945,12976580254.550203,98.53128146774786,False
GROWTH_X_NORMALIZED_ROIC,RRC,15.0,10.0,64.6226631729811,41.060001373291016,57.38592550320101,16045544297.809944,88.95253844754657,False
GROWTH_X_NORMALIZED_ROIC,RRC,15.0,14.0,66.70208416690471,41.060001373291016,62.450272615659316,16535502151.095463,88.67981279140163,False
GROWTH_X_NORMALIZED_ROIC,RRC,15.0,18.0,68.54159782069571,41.060001373291016,66.93033494460892,16968932497.107422,88.0632571922126,False
GROWTH_X_NORMALIZED_ROIC,RRC,15.0,22.0,70.28644159240764,41.060001373291016,71.17983254167166,17380056512.49667,87.28897290008553,False
GROWTH_X_NORMALIZED_ROIC,RRC,15.0,26.0,71.26336796704453,41.060001373291016,73.55909786549691,17610242102.972958,86.83336985658642,False
GROWTH_X_NORMALIZED_ROIC,SM,-5.0,6.0,69.04345929655986,37.20000076293945,85.60069322725523,17676289678.8966,69.95778441550574,False
GROWTH_X_NORMALIZED_ROIC,SM,-5.0,10.0,73.96168621874122,37.20000076293945,98.82173306949402,18855428194.71281,73.39831778700318,False
GROWTH_X_NORMALIZED_ROIC,SM,-5.0,14.0,76.26808783175485,37.20000076293945,105.02173727839552,19408384985.417137,74.80709729162945,False
GROWTH_X_NORMALIZED_ROIC,SM,-5.0,18.0,76.64284712286259,37.20000076293945,106.0291547069486,19498233038.647892,77.29882872126022,False
GROWTH_X_NORMALIZED_ROIC,SM,-5.0,22.0,77.22517015087257,37.20000076293945,107.59453915874175,19637844228.17567,78.36469288935398,False
GROWTH_X_NORMALIZED_ROIC,SM,-5.0,26.0,77.66792719304155,37.20000076293945,108.78474623693641,19743994653.894287,78.8872061046266,False
GROWTH_X_NORMALIZED_ROIC,SM,0.0,6.0,70.6725755139177,37.20000076293945,89.9800378077555,18066868175.78618,77.6120247758293,False
GROWTH_X_NORMALIZED_ROIC,SM,0.0,10.0,78.53535596708228,37.20000076293945,111.11654396879267,19951959575.680576,78.66036267114531,False
GROWTH_X_NORMALIZED_ROIC,SM,0.0,14.0,82.16908035611554,37.20000076293945,120.88462008306351,20823140277.74332,79.07061017339565,False
GROWTH_X_NORMALIZED_ROIC,SM,0.0,18.0,84.12496254933536,37.20000076293945,126.14236780646779,21292060492.8768,80.28191279567437,False
GROWTH_X_NORMALIZED_ROIC,SM,0.0,22.0,85.48607490672273,37.20000076293945,129.80127191795208,21618385412.47547,80.73665004172085,False
GROWTH_X_NORMALIZED_ROIC,SM,0.0,26.0,86.35684773253601,37.20000076293945,132.14205903610926,21827152066.330307,80.93380245773359,False
GROWTH_X_NORMALIZED_ROIC,SM,5.0,6.0,71.83802618594623,37.20000076293945,93.11296965755697,18346283460.484596,86.27040364772628,False
GROWTH_X_NORMALIZED_ROIC,SM,5.0,10.0,83.07616123718836,37.20000076293945,123.32300949830382,21040611740.682465,84.20012688927883,False
GROWTH_X_NORMALIZED_ROIC,SM,5.0,14.0,88.23044161992598,37.20000076293945,137.17860164085178,22276343767.03359,83.43654849814506,False
GROWTH_X_NORMALIZED_ROIC,SM,5.0,18.0,92.02723586594027,37.20000076293945,147.3850375767264,23186620255.47979,83.22851703701559,False
GROWTH_X_NORMALIZED_ROIC,SM,5.0,22.0,94.29018952900199,37.20000076293945,153.46824622363638,23729160456.622032,83.04191843925959,False
GROWTH_X_NORMALIZED_ROIC,SM,5.0,26.0,95.65503895455987,37.20000076293945,157.13719621709342,24056381333.460125,82.90633916879968,False
GROWTH_X_NORMALIZED_ROIC,SM,10.0,6.0,72.49484886117867,37.20000076293945,94.87862197412036,18503755843.658913,96.14243066031585,False
GROWTH_X_NORMALIZED_ROIC,SM,10.0,10.0,87.56763068731854,37.20000076293945,135.3968518585567,22117435706.932358,90.03898491930156,False
GROWTH_X_NORMALIZED_ROIC,SM,10.0,14.0,94.44846065751086,37.20000076293945,153.8937062377839,23767105754.087837,87.90767910451997,False
GROWTH_X_NORMALIZED_ROIC,SM,10.0,18.0,100.36370637768647,37.20000076293945,169.7949040841793,25185278231.595745,86.13873426318295,False
GROWTH_X_NORMALIZED_ROIC,SM,10.0,22.0,103.65987358184283,37.20000076293945,178.65556842975687,25975530037.071037,85.28284815135325,False
GROWTH_X_NORMALIZED_ROIC,SM,10.0,26.0,105.58929815370638,37.20000076293945,183.84219351656532,26438107071.852806,84.8084097736109,False
GROWTH_X_NORMALIZED_ROIC,SM,15.0,6.0,72.59578058826253,37.20000076293945,95.14994381555542,18527954094.11696,107.50166925574989,False
GROWTH_X_NORMALIZED_ROIC,SM,15.0,10.0,91.99201512749642,37.20000076293945,147.2903581742492,23178176129.189613,96.20128917066123,False
GROWTH_X_NORMALIZED_ROIC,SM,15.0,14.0,100.81860582051249,37.20000076293945,171.01775202368583,25294339782.09891,92.48739461609019,False
GROWTH_X_NORMALIZED_ROIC,SM,15.0,18.0,109.1482539122924,37.20000076293945,193.40927869289587,27291362091.890274,89.0129786680879,False
GROWTH_X_NORMALIZED_ROIC,SM,15.0,22.0,113.6176334849377,37.20000076293945,205.42373966327818,28362890038.707916,87.46190590749185,False
GROWTH_X_NORMALIZED_ROIC,SM,15.0,26.0,116.18673167208036,37.20000076293945,212.32991744406502,28978827991.816822,86.64356174383131,False
