source,dataset,series_id,observation_period,vintage_value,release_date,available_at,revision_number,source_hash,vintage_status,pit_eligible
BLS_PUBLIC_API_V2,industrials_v1_4_segment_cost_drivers,WPU101,2026-07,374.1,,2026-09-02T21:59:07.345599+00:00,,0d01c1ceb7d7b42b7f04891c9249a358d9d768bf8865ba1114229f698dd2cf91,LATEST_REVISED_RELEASE_DATE_UNKNOWN,False
BLS_PUBLIC_API_V2,industrials_v1_4_segment_cost_drivers,WPU101,2026-06,365.233,,2026-09-02T21:59:07.345599+00:00,,0d01c1ceb7d7b42b7f04891c9249a358d9d768bf8865ba1114229f698dd2cf91,LATEST_REVISED_RELEASE_DATE_UNKNOWN,False
BLS_PUBLIC_API_V2,industrials_v1_4_segment_cost_drivers,WPU101,2026-05,358.001,,2026-09-02T21:59:07.345599+00:00,,0d01c1ceb7d7b42b7f04891c9249a358d9d768bf8865ba1114229f698dd2cf91,LATEST_REVISED_RELEASE_DATE_UNKNOWN,False
BLS_PUBLIC_API_V2,industrials_v1_4_segment_cost_drivers,WPU101,2026-04,352.627,,2026-09-02T21:59:07.345599+00:00,,0d01c1ceb7d7b42b7f04891c9249a358d9d768bf8865ba1114229f698dd2cf91,LATEST_REVISED_RELEASE_DATE_UNKNOWN,False
BLS_PUBLIC_API_V2,industrials_v1_4_segment_cost_drivers,WPU101,2026-03,346.719,,2026-09-02T21:59:07.345599+00:00,,0d01c1ceb7d7b42b7f04891c9249a358d9d768bf8865ba1114229f698dd2cf91,LATEST_REVISED_RELEASE_DATE_UNKNOWN,False
BLS_PUBLIC_API_V2,industrials_v1_4_segment_cost_drivers,WPU101,2026-02,340.509,,2026-09-02T21:59:07.345599+00:00,,0d01c1ceb7d7b42b7f04891c9249a358d9d768bf8865ba1114229f698dd2cf91,LATEST_REVISED_RELEASE_DATE_UNKNOWN,False
BLS_PUBLIC_API_V2,industrials_v1_4_segment_cost_drivers,WPU101,2026-01,329.774,,2026-09-02T21:59:07.345599+00:00,,0d01c1ceb7d7b42b7f04891c9249a358d9d768bf8865ba1114229f698dd2cf91,LATEST_REVISED_RELEASE_DATE_UNKNOWN,False
BLS_PUBLIC_API_V2,industrials_v1_4_segment_cost_drivers,WPU101,2025-12,323.978,,2026-09-02T21:59:07.345599+00:00,,0d01c1ceb7d7b42b7f04891c9249a358d9d768bf8865ba1114229f698dd2cf91,LATEST_REVISED_RELEASE_DATE_UNKNOWN,False
BLS_PUBLIC_API_V2,industrials_v1_4_segment_cost_drivers,WPU101,2025-11,307.944,,2026-09-02T21:59:07.345599+00:00,,0d01c1ceb7d7b42b7f04891c9249a358d9d768bf8865ba1114229f698dd2cf91,LATEST_REVISED_RELEASE_DATE_UNKNOWN,False
BLS_PUBLIC_API_V2,industrials_v1_4_segment_cost_drivers,WPU101,2025-10,313.812,,2026-09-02T21:59:07.345599+00:00,,0d01c1ceb7d7b42b7f04891c9249a358d9d768bf8865ba1114229f698dd2cf91,LATEST_REVISED_RELEASE_DATE_UNKNOWN,False
BLS_PUBLIC_API_V2,industrials_v1_4_segment_cost_drivers,WPU101,2025-09,317.52,,2026-09-02T21:59:07.345599+00:00,,0d01c1ceb7d7b42b7f04891c9249a358d9d768bf8865ba1114229f698dd2cf91,LATEST_REVISED_RELEASE_DATE_UNKNOWN,False
BLS_PUBLIC_API_V2,industrials_v1_4_segment_cost_drivers,WPU101,2025-08,320.719,,2026-09-02T21:59:07.345599+00:00,,0d01c1ceb7d7b42b7f04891c9249a358d9d768bf8865ba1114229f698dd2cf91,LATEST_REVISED_RELEASE_DATE_UNKNOWN,False
BLS_PUBLIC_API_V2,industrials_v1_4_segment_cost_drivers,WPU101,2025-07,318.105,,2026-09-02T21:59:07.345599+00:00,,0d01c1ceb7d7b42b7f04891c9249a358d9d768bf8865ba1114229f698dd2cf91,LATEST_REVISED_RELEASE_DATE_UNKNOWN,False
BLS_PUBLIC_API_V2,industrials_v1_4_segment_cost_drivers,WPU101,2025-06,320.657,,2026-09-02T21:59:07.345599+00:00,,0d01c1ceb7d7b42b7f04891c9249a358d9d768bf8865ba1114229f698dd2cf91,LATEST_REVISED_RELEASE_DATE_UNKNOWN,False
BLS_PUBLIC_API_V2,industrials_v1_4_segment_cost_drivers,WPU101,2025-05,333.703,,2026-09-02T21:59:07.345599+00:00,,0d01c1ceb7d7b42b7f04891c9249a358d9d768bf8865ba1114229f698dd2cf91,LATEST_REVISED_RELEASE_DATE_UNKNOWN,False
BLS_PUBLIC_API_V2,industrials_v1_4_segment_cost_drivers,WPU101,2025-04,320.642,,2026-09-02T21:59:07.345599+00:00,,0d01c1ceb7d7b42b7f04891c9249a358d9d768bf8865ba1114229f698dd2cf91,LATEST_REVISED_RELEASE_DATE_UNKNOWN,False
BLS_PUBLIC_API_V2,industrials_v1_4_segment_cost_drivers,WPU101,2025-03,312.996,,2026-09-02T21:59:07.345599+00:00,,0d01c1ceb7d7b42b7f04891c9249a358d9d768bf8865ba1114229f698dd2cf91,LATEST_REVISED_RELEASE_DATE_UNKNOWN,False
BLS_PUBLIC_API_V2,industrials_v1_4_segment_cost_drivers,WPU101,2025-02,296.547,,2026-09-02T21:59:07.345599+00:00,,0d01c1ceb7d7b42b7f04891c9249a358d9d768bf8865ba1114229f698dd2cf91,LATEST_REVISED_RELEASE_DATE_UNKNOWN,False
BLS_PUBLIC_API_V2,industrials_v1_4_segment_cost_drivers,WPU101,2025-01,286.655,,2026-09-02T21:59:07.345599+00:00,,0d01c1ceb7d7b42b7f04891c9249a358d9d768bf8865ba1114229f698dd2cf91,LATEST_REVISED_RELEASE_DATE_UNKNOWN,False
BLS_PUBLIC_API_V2,industrials_v1_4_segment_cost_drivers,WPU101,2024-12,288.188,,2026-09-02T21:59:07.345599+00:00,,0d01c1ceb7d7b42b7f04891c9249a358d9d768bf8865ba1114229f698dd2cf91,LATEST_REVISED_RELEASE_DATE_UNKNOWN,False
BLS_PUBLIC_API_V2,industrials_v1_4_segment_cost_drivers,WPU101,2024-11,297.911,,2026-09-02T21:59:07.345599+00:00,,0d01c1ceb7d7b42b7f04891c9249a358d9d768bf8865ba1114229f698dd2cf91,LATEST_REVISED_RELEASE_DATE_UNKNOWN,False
BLS_PUBLIC_API_V2,industrials_v1_4_segment_cost_drivers,WPU101,2024-10,294.235,,2026-09-02T21:59:07.345599+00:00,,0d01c1ceb7d7b42b7f04891c9249a358d9d768bf8865ba1114229f698dd2cf91,LATEST_REVISED_RELEASE_DATE_UNKNOWN,False
BLS_PUBLIC_API_V2,industrials_v1_4_segment_cost_drivers,WPU101,2024-09,291.516,,2026-09-02T21:59:07.345599+00:00,,0d01c1ceb7d7b42b7f04891c9249a358d9d768bf8865ba1114229f698dd2cf91,LATEST_REVISED_RELEASE_DATE_UNKNOWN,False
BLS_PUBLIC_API_V2,industrials_v1_4_segment_cost_drivers,WPU101,2024-08,295.464,,2026-09-02T21:59:07.345599+00:00,,0d01c1ceb7d7b42b7f04891c9249a358d9d768bf8865ba1114229f698dd2cf91,LATEST_REVISED_RELEASE_DATE_UNKNOWN,False
BLS_PUBLIC_API_V2,industrials_v1_4_segment_cost_drivers,WPU101,2024-07,301.282,,2026-09-02T21:59:07.345599+00:00,,0d01c1ceb7d7b42b7f04891c9249a358d9d768bf8865ba1114229f698dd2cf91,LATEST_REVISED_RELEASE_DATE_UNKNOWN,False
BLS_PUBLIC_API_V2,industrials_v1_4_segment_cost_drivers,WPU101,2024-06,308.611,,2026-09-02T21:59:07.345599+00:00,,0d01c1ceb7d7b42b7f04891c9249a358d9d768bf8865ba1114229f698dd2cf91,LATEST_REVISED_RELEASE_DATE_UNKNOWN,False
BLS_PUBLIC_API_V2,industrials_v1_4_segment_cost_drivers,WPU101,2024-05,314.168,,2026-09-02T21:59:07.345599+00:00,,0d01c1ceb7d7b42b7f04891c9249a358d9d768bf8865ba1114229f698dd2cf91,LATEST_REVISED_RELEASE_DATE_UNKNOWN,False
BLS_PUBLIC_API_V2,industrials_v1_4_segment_cost_drivers,WPU101,2024-04,314.128,,2026-09-02T21:59:07.345599+00:00,,0d01c1ceb7d7b42b7f04891c9249a358d9d768bf8865ba1114229f698dd2cf91,LATEST_REVISED_RELEASE_DATE_UNKNOWN,False
BLS_PUBLIC_API_V2,industrials_v1_4_segment_cost_drivers,WPU101,2024-03,321.137,,2026-09-02T21:59:07.345599+00:00,,0d01c1ceb7d7b42b7f04891c9249a358d9d768bf8865ba1114229f698dd2cf91,LATEST_REVISED_RELEASE_DATE_UNKNOWN,False
BLS_PUBLIC_API_V2,industrials_v1_4_segment_cost_drivers,WPU101,2024-02,344.739,,2026-09-02T21:59:07.345599+00:00,,0d01c1ceb7d7b42b7f04891c9249a358d9d768bf8865ba1114229f698dd2cf91,LATEST_REVISED_RELEASE_DATE_UNKNOWN,False
BLS_PUBLIC_API_V2,industrials_v1_4_segment_cost_drivers,WPU101,2024-01,338.362,,2026-09-02T21:59:07.345599+00:00,,0d01c1ceb7d7b42b7f04891c9249a358d9d768bf8865ba1114229f698dd2cf91,LATEST_REVISED_RELEASE_DATE_UNKNOWN,False
BLS_PUBLIC_API_V2,industrials_v1_4_segment_cost_drivers,WPU101,2023-12,325.503,,2026-09-02T21:59:07.345599+00:00,,0d01c1ceb7d7b42b7f04891c9249a358d9d768bf8865ba1114229f698dd2cf91,LATEST_REVISED_RELEASE_DATE_UNKNOWN,False
BLS_PUBLIC_API_V2,industrials_v1_4_segment_cost_drivers,WPU101,2023-11,314.569,,2026-09-02T21:59:07.345599+00:00,,0d01c1ceb7d7b42b7f04891c9249a358d9d768bf8865ba1114229f698dd2cf91,LATEST_REVISED_RELEASE_DATE_UNKNOWN,False
BLS_PUBLIC_API_V2,industrials_v1_4_segment_cost_drivers,WPU101,2023-10,316.875,,2026-09-02T21:59:07.345599+00:00,,0d01c1ceb7d7b42b7f04891c9249a358d9d768bf8865ba1114229f698dd2cf91,LATEST_REVISED_RELEASE_DATE_UNKNOWN,False
BLS_PUBLIC_API_V2,industrials_v1_4_segment_cost_drivers,WPU101,2023-09,323.71,,2026-09-02T21:59:07.345599+00:00,,0d01c1ceb7d7b42b7f04891c9249a358d9d768bf8865ba1114229f698dd2cf91,LATEST_REVISED_RELEASE_DATE_UNKNOWN,False
BLS_PUBLIC_API_V2,industrials_v1_4_segment_cost_drivers,WPU101,2023-08,331.341,,2026-09-02T21:59:07.345599+00:00,,0d01c1ceb7d7b42b7f04891c9249a358d9d768bf8865ba1114229f698dd2cf91,LATEST_REVISED_RELEASE_DATE_UNKNOWN,False
BLS_PUBLIC_API_V2,industrials_v1_4_segment_cost_drivers,WPU101,2023-07,335.16,,2026-09-02T21:59:07.345599+00:00,,0d01c1ceb7d7b42b7f04891c9249a358d9d768bf8865ba1114229f698dd2cf91,LATEST_REVISED_RELEASE_DATE_UNKNOWN,False
BLS_PUBLIC_API_V2,industrials_v1_4_segment_cost_drivers,WPU101,2023-06,348.799,,2026-09-02T21:59:07.345599+00:00,,0d01c1ceb7d7b42b7f04891c9249a358d9d768bf8865ba1114229f698dd2cf91,LATEST_REVISED_RELEASE_DATE_UNKNOWN,False
BLS_PUBLIC_API_V2,industrials_v1_4_segment_cost_drivers,WPU101,2023-05,356.02,,2026-09-02T21:59:07.345599+00:00,,0d01c1ceb7d7b42b7f04891c9249a358d9d768bf8865ba1114229f698dd2cf91,LATEST_REVISED_RELEASE_DATE_UNKNOWN,False
BLS_PUBLIC_API_V2,industrials_v1_4_segment_cost_drivers,WPU101,2023-04,347.827,,2026-09-02T21:59:07.345599+00:00,,0d01c1ceb7d7b42b7f04891c9249a358d9d768bf8865ba1114229f698dd2cf91,LATEST_REVISED_RELEASE_DATE_UNKNOWN,False
BLS_PUBLIC_API_V2,industrials_v1_4_segment_cost_drivers,WPU101,2023-03,340.753,,2026-09-02T21:59:07.345599+00:00,,0d01c1ceb7d7b42b7f04891c9249a358d9d768bf8865ba1114229f698dd2cf91,LATEST_REVISED_RELEASE_DATE_UNKNOWN,False
BLS_PUBLIC_API_V2,industrials_v1_4_segment_cost_drivers,WPU101,2023-02,332.616,,2026-09-02T21:59:07.345599+00:00,,0d01c1ceb7d7b42b7f04891c9249a358d9d768bf8865ba1114229f698dd2cf91,LATEST_REVISED_RELEASE_DATE_UNKNOWN,False
BLS_PUBLIC_API_V2,industrials_v1_4_segment_cost_drivers,WPU101,2023-01,323.534,,2026-09-02T21:59:07.345599+00:00,,0d01c1ceb7d7b42b7f04891c9249a358d9d768bf8865ba1114229f698dd2cf91,LATEST_REVISED_RELEASE_DATE_UNKNOWN,False
BLS_PUBLIC_API_V2,industrials_v1_4_segment_cost_drivers,WPU101,2022-12,322.678,,2026-09-02T21:59:07.345599+00:00,,0d01c1ceb7d7b42b7f04891c9249a358d9d768bf8865ba1114229f698dd2cf91,LATEST_REVISED_RELEASE_DATE_UNKNOWN,False
BLS_PUBLIC_API_V2,industrials_v1_4_segment_cost_drivers,WPU101,2022-11,327.874,,2026-09-02T21:59:07.345599+00:00,,0d01c1ceb7d7b42b7f04891c9249a358d9d768bf8865ba1114229f698dd2cf91,LATEST_REVISED_RELEASE_DATE_UNKNOWN,False
BLS_PUBLIC_API_V2,industrials_v1_4_segment_cost_drivers,WPU101,2022-10,336.866,,2026-09-02T21:59:07.345599+00:00,,0d01c1ceb7d7b42b7f04891c9249a358d9d768bf8865ba1114229f698dd2cf91,LATEST_REVISED_RELEASE_DATE_UNKNOWN,False
BLS_PUBLIC_API_V2,industrials_v1_4_segment_cost_drivers,WPU101,2022-09,353.075,,2026-09-02T21:59:07.345599+00:00,,0d01c1ceb7d7b42b7f04891c9249a358d9d768bf8865ba1114229f698dd2cf91,LATEST_REVISED_RELEASE_DATE_UNKNOWN,False
BLS_PUBLIC_API_V2,industrials_v1_4_segment_cost_drivers,WPU101,2022-08,374.122,,2026-09-02T21:59:07.345599+00:00,,0d01c1ceb7d7b42b7f04891c9249a358d9d768bf8865ba1114229f698dd2cf91,LATEST_REVISED_RELEASE_DATE_UNKNOWN,False
BLS_PUBLIC_API_V2,industrials_v1_4_segment_cost_drivers,WPU101,2022-07,393.04,,2026-09-02T21:59:07.345599+00:00,,0d01c1ceb7d7b42b7f04891c9249a358d9d768bf8865ba1114229f698dd2cf91,LATEST_REVISED_RELEASE_DATE_UNKNOWN,False
BLS_PUBLIC_API_V2,industrials_v1_4_segment_cost_drivers,WPU101,2022-06,412.324,,2026-09-02T21:59:07.345599+00:00,,0d01c1ceb7d7b42b7f04891c9249a358d9d768bf8865ba1114229f698dd2cf91,LATEST_REVISED_RELEASE_DATE_UNKNOWN,False
BLS_PUBLIC_API_V2,industrials_v1_4_segment_cost_drivers,WPU101,2022-05,424.725,,2026-09-02T21:59:07.345599+00:00,,0d01c1ceb7d7b42b7f04891c9249a358d9d768bf8865ba1114229f698dd2cf91,LATEST_REVISED_RELEASE_DATE_UNKNOWN,False
BLS_PUBLIC_API_V2,industrials_v1_4_segment_cost_drivers,WPU101,2022-04,405.655,,2026-09-02T21:59:07.345599+00:00,,0d01c1ceb7d7b42b7f04891c9249a358d9d768bf8865ba1114229f698dd2cf91,LATEST_REVISED_RELEASE_DATE_UNKNOWN,False
BLS_PUBLIC_API_V2,industrials_v1_4_segment_cost_drivers,WPU101,2022-03,397.639,,2026-09-02T21:59:07.345599+00:00,,0d01c1ceb7d7b42b7f04891c9249a358d9d768bf8865ba1114229f698dd2cf91,LATEST_REVISED_RELEASE_DATE_UNKNOWN,False
BLS_PUBLIC_API_V2,industrials_v1_4_segment_cost_drivers,WPU101,2022-02,394.696,,2026-09-02T21:59:07.345599+00:00,,0d01c1ceb7d7b42b7f04891c9249a358d9d768bf8865ba1114229f698dd2cf91,LATEST_REVISED_RELEASE_DATE_UNKNOWN,False
BLS_PUBLIC_API_V2,industrials_v1_4_segment_cost_drivers,WPU101,2022-01,423.397,,2026-09-02T21:59:07.345599+00:00,,0d01c1ceb7d7b42b7f04891c9249a358d9d768bf8865ba1114229f698dd2cf91,LATEST_REVISED_RELEASE_DATE_UNKNOWN,False
BLS_PUBLIC_API_V2,industrials_v1_4_segment_cost_drivers,WPU101,2021-12,433.252,,2026-09-02T21:59:07.345599+00:00,,0d01c1ceb7d7b42b7f04891c9249a358d9d768bf8865ba1114229f698dd2cf91,LATEST_REVISED_RELEASE_DATE_UNKNOWN,False
BLS_PUBLIC_API_V2,industrials_v1_4_segment_cost_drivers,WPU101,2021-11,433.525,,2026-09-02T21:59:07.345599+00:00,,0d01c1ceb7d7b42b7f04891c9249a358d9d768bf8865ba1114229f698dd2cf91,LATEST_REVISED_RELEASE_DATE_UNKNOWN,False
BLS_PUBLIC_API_V2,industrials_v1_4_segment_cost_drivers,WPU101,2021-10,417.852,,2026-09-02T21:59:07.345599+00:00,,0d01c1ceb7d7b42b7f04891c9249a358d9d768bf8865ba1114229f698dd2cf91,LATEST_REVISED_RELEASE_DATE_UNKNOWN,False
BLS_PUBLIC_API_V2,industrials_v1_4_segment_cost_drivers,WPU101,2021-09,405.663,,2026-09-02T21:59:07.345599+00:00,,0d01c1ceb7d7b42b7f04891c9249a358d9d768bf8865ba1114229f698dd2cf91,LATEST_REVISED_RELEASE_DATE_UNKNOWN,False
BLS_PUBLIC_API_V2,industrials_v1_4_segment_cost_drivers,WPU101,2021-08,395.232,,2026-09-02T21:59:07.345599+00:00,,0d01c1ceb7d7b42b7f04891c9249a358d9d768bf8865ba1114229f698dd2cf91,LATEST_REVISED_RELEASE_DATE_UNKNOWN,False
BLS_PUBLIC_API_V2,industrials_v1_4_segment_cost_drivers,WPU101,2021-07,382.821,,2026-09-02T21:59:07.345599+00:00,,0d01c1ceb7d7b42b7f04891c9249a358d9d768bf8865ba1114229f698dd2cf91,LATEST_REVISED_RELEASE_DATE_UNKNOWN,False
BLS_PUBLIC_API_V2,industrials_v1_4_segment_cost_drivers,WPU101,2021-06,354.9,,2026-09-02T21:59:07.345599+00:00,,0d01c1ceb7d7b42b7f04891c9249a358d9d768bf8865ba1114229f698dd2cf91,LATEST_REVISED_RELEASE_DATE_UNKNOWN,False
BLS_PUBLIC_API_V2,industrials_v1_4_segment_cost_drivers,WPU101,2021-05,332.6,,2026-09-02T21:59:07.345599+00:00,,0d01c1ceb7d7b42b7f04891c9249a358d9d768bf8865ba1114229f698dd2cf91,LATEST_REVISED_RELEASE_DATE_UNKNOWN,False
BLS_PUBLIC_API_V2,industrials_v1_4_segment_cost_drivers,WPU101,2021-04,321.3,,2026-09-02T21:59:07.345599+00:00,,0d01c1ceb7d7b42b7f04891c9249a358d9d768bf8865ba1114229f698dd2cf91,LATEST_REVISED_RELEASE_DATE_UNKNOWN,False
BLS_PUBLIC_API_V2,industrials_v1_4_segment_cost_drivers,WPU101,2021-03,292.2,,2026-09-02T21:59:07.345599+00:00,,0d01c1ceb7d7b42b7f04891c9249a358d9d768bf8865ba1114229f698dd2cf91,LATEST_REVISED_RELEASE_DATE_UNKNOWN,False
BLS_PUBLIC_API_V2,industrials_v1_4_segment_cost_drivers,WPU101,2021-02,260.5,,2026-09-02T21:59:07.345599+00:00,,0d01c1ceb7d7b42b7f04891c9249a358d9d768bf8865ba1114229f698dd2cf91,LATEST_REVISED_RELEASE_DATE_UNKNOWN,False
BLS_PUBLIC_API_V2,industrials_v1_4_segment_cost_drivers,WPU101,2021-01,250.8,,2026-09-02T21:59:07.345599+00:00,,0d01c1ceb7d7b42b7f04891c9249a358d9d768bf8865ba1114229f698dd2cf91,LATEST_REVISED_RELEASE_DATE_UNKNOWN,False
BLS_PUBLIC_API_V2,industrials_v1_4_segment_cost_drivers,WPU101,2020-12,230.7,,2026-09-02T21:59:07.345599+00:00,,0d01c1ceb7d7b42b7f04891c9249a358d9d768bf8865ba1114229f698dd2cf91,LATEST_REVISED_RELEASE_DATE_UNKNOWN,False
BLS_PUBLIC_API_V2,industrials_v1_4_segment_cost_drivers,WPU101,2020-11,211.1,,2026-09-02T21:59:07.345599+00:00,,0d01c1ceb7d7b42b7f04891c9249a358d9d768bf8865ba1114229f698dd2cf91,LATEST_REVISED_RELEASE_DATE_UNKNOWN,False
BLS_PUBLIC_API_V2,industrials_v1_4_segment_cost_drivers,WPU101,2020-10,207.4,,2026-09-02T21:59:07.345599+00:00,,0d01c1ceb7d7b42b7f04891c9249a358d9d768bf8865ba1114229f698dd2cf91,LATEST_REVISED_RELEASE_DATE_UNKNOWN,False
BLS_PUBLIC_API_V2,industrials_v1_4_segment_cost_drivers,WPU101,2020-09,205.2,,2026-09-02T21:59:07.345599+00:00,,0d01c1ceb7d7b42b7f04891c9249a358d9d768bf8865ba1114229f698dd2cf91,LATEST_REVISED_RELEASE_DATE_UNKNOWN,False
BLS_PUBLIC_API_V2,industrials_v1_4_segment_cost_drivers,WPU101,2020-08,200.4,,2026-09-02T21:59:07.345599+00:00,,0d01c1ceb7d7b42b7f04891c9249a358d9d768bf8865ba1114229f698dd2cf91,LATEST_REVISED_RELEASE_DATE_UNKNOWN,False
BLS_PUBLIC_API_V2,industrials_v1_4_segment_cost_drivers,WPU101,2020-07,200.9,,2026-09-02T21:59:07.345599+00:00,,0d01c1ceb7d7b42b7f04891c9249a358d9d768bf8865ba1114229f698dd2cf91,LATEST_REVISED_RELEASE_DATE_UNKNOWN,False
BLS_PUBLIC_API_V2,industrials_v1_4_segment_cost_drivers,WPU101,2020-06,203.5,,2026-09-02T21:59:07.345599+00:00,,0d01c1ceb7d7b42b7f04891c9249a358d9d768bf8865ba1114229f698dd2cf91,LATEST_REVISED_RELEASE_DATE_UNKNOWN,False
BLS_PUBLIC_API_V2,industrials_v1_4_segment_cost_drivers,WPU101,2020-05,203.5,,2026-09-02T21:59:07.345599+00:00,,0d01c1ceb7d7b42b7f04891c9249a358d9d768bf8865ba1114229f698dd2cf91,LATEST_REVISED_RELEASE_DATE_UNKNOWN,False
BLS_PUBLIC_API_V2,industrials_v1_4_segment_cost_drivers,WPU101,2020-04,204.7,,2026-09-02T21:59:07.345599+00:00,,0d01c1ceb7d7b42b7f04891c9249a358d9d768bf8865ba1114229f698dd2cf91,LATEST_REVISED_RELEASE_DATE_UNKNOWN,False
BLS_PUBLIC_API_V2,industrials_v1_4_segment_cost_drivers,WPU101,2020-03,210.6,,2026-09-02T21:59:07.345599+00:00,,0d01c1ceb7d7b42b7f04891c9249a358d9d768bf8865ba1114229f698dd2cf91,LATEST_REVISED_RELEASE_DATE_UNKNOWN,False
BLS_PUBLIC_API_V2,industrials_v1_4_segment_cost_drivers,WPU101,2020-02,209.1,,2026-09-02T21:59:07.345599+00:00,,0d01c1ceb7d7b42b7f04891c9249a358d9d768bf8865ba1114229f698dd2cf91,LATEST_REVISED_RELEASE_DATE_UNKNOWN,False
BLS_PUBLIC_API_V2,industrials_v1_4_segment_cost_drivers,WPU101,2020-01,212.1,,2026-09-02T21:59:07.345599+00:00,,0d01c1ceb7d7b42b7f04891c9249a358d9d768bf8865ba1114229f698dd2cf91,LATEST_REVISED_RELEASE_DATE_UNKNOWN,False
BLS_PUBLIC_API_V2,industrials_v1_4_segment_cost_drivers,WPU107,2026-07,408.901,,2026-09-02T21:59:07.345599+00:00,,0d01c1ceb7d7b42b7f04891c9249a358d9d768bf8865ba1114229f698dd2cf91,LATEST_REVISED_RELEASE_DATE_UNKNOWN,False
BLS_PUBLIC_API_V2,industrials_v1_4_segment_cost_drivers,WPU107,2026-06,407.644,,2026-09-02T21:59:07.345599+00:00,,0d01c1ceb7d7b42b7f04891c9249a358d9d768bf8865ba1114229f698dd2cf91,LATEST_REVISED_RELEASE_DATE_UNKNOWN,False
BLS_PUBLIC_API_V2,industrials_v1_4_segment_cost_drivers,WPU107,2026-05,405.165,,2026-09-02T21:59:07.345599+00:00,,0d01c1ceb7d7b42b7f04891c9249a358d9d768bf8865ba1114229f698dd2cf91,LATEST_REVISED_RELEASE_DATE_UNKNOWN,False
BLS_PUBLIC_API_V2,industrials_v1_4_segment_cost_drivers,WPU107,2026-04,404.898,,2026-09-02T21:59:07.345599+00:00,,0d01c1ceb7d7b42b7f04891c9249a358d9d768bf8865ba1114229f698dd2cf91,LATEST_REVISED_RELEASE_DATE_UNKNOWN,False
BLS_PUBLIC_API_V2,industrials_v1_4_segment_cost_drivers,WPU107,2026-03,403.642,,2026-09-02T21:59:07.345599+00:00,,0d01c1ceb7d7b42b7f04891c9249a358d9d768bf8865ba1114229f698dd2cf91,LATEST_REVISED_RELEASE_DATE_UNKNOWN,False
BLS_PUBLIC_API_V2,industrials_v1_4_segment_cost_drivers,WPU107,2026-02,401.48,,2026-09-02T21:59:07.345599+00:00,,0d01c1ceb7d7b42b7f04891c9249a358d9d768bf8865ba1114229f698dd2cf91,LATEST_REVISED_RELEASE_DATE_UNKNOWN,False
BLS_PUBLIC_API_V2,industrials_v1_4_segment_cost_drivers,WPU107,2026-01,397.584,,2026-09-02T21:59:07.345599+00:00,,0d01c1ceb7d7b42b7f04891c9249a358d9d768bf8865ba1114229f698dd2cf91,LATEST_REVISED_RELEASE_DATE_UNKNOWN,False
BLS_PUBLIC_API_V2,industrials_v1_4_segment_cost_drivers,WPU107,2025-12,396.139,,2026-09-02T21:59:07.345599+00:00,,0d01c1ceb7d7b42b7f04891c9249a358d9d768bf8865ba1114229f698dd2cf91,LATEST_REVISED_RELEASE_DATE_UNKNOWN,False
BLS_PUBLIC_API_V2,industrials_v1_4_segment_cost_drivers,WPU107,2025-11,395.104,,2026-09-02T21:59:07.345599+00:00,,0d01c1ceb7d7b42b7f04891c9249a358d9d768bf8865ba1114229f698dd2cf91,LATEST_REVISED_RELEASE_DATE_UNKNOWN,False
BLS_PUBLIC_API_V2,industrials_v1_4_segment_cost_drivers,WPU107,2025-10,392.529,,2026-09-02T21:59:07.345599+00:00,,0d01c1ceb7d7b42b7f04891c9249a358d9d768bf8865ba1114229f698dd2cf91,LATEST_REVISED_RELEASE_DATE_UNKNOWN,False
BLS_PUBLIC_API_V2,industrials_v1_4_segment_cost_drivers,WPU107,2025-09,389.391,,2026-09-02T21:59:07.345599+00:00,,0d01c1ceb7d7b42b7f04891c9249a358d9d768bf8865ba1114229f698dd2cf91,LATEST_REVISED_RELEASE_DATE_UNKNOWN,False
BLS_PUBLIC_API_V2,industrials_v1_4_segment_cost_drivers,WPU107,2025-08,388.407,,2026-09-02T21:59:07.345599+00:00,,0d01c1ceb7d7b42b7f04891c9249a358d9d768bf8865ba1114229f698dd2cf91,LATEST_REVISED_RELEASE_DATE_UNKNOWN,False
BLS_PUBLIC_API_V2,industrials_v1_4_segment_cost_drivers,WPU107,2025-07,385.045,,2026-09-02T21:59:07.345599+00:00,,0d01c1ceb7d7b42b7f04891c9249a358d9d768bf8865ba1114229f698dd2cf91,LATEST_REVISED_RELEASE_DATE_UNKNOWN,False
BLS_PUBLIC_API_V2,industrials_v1_4_segment_cost_drivers,WPU107,2025-06,384.927,,2026-09-02T21:59:07.345599+00:00,,0d01c1ceb7d7b42b7f04891c9249a358d9d768bf8865ba1114229f698dd2cf91,LATEST_REVISED_RELEASE_DATE_UNKNOWN,False
BLS_PUBLIC_API_V2,industrials_v1_4_segment_cost_drivers,WPU107,2025-05,381.62,,2026-09-02T21:59:07.345599+00:00,,0d01c1ceb7d7b42b7f04891c9249a358d9d768bf8865ba1114229f698dd2cf91,LATEST_REVISED_RELEASE_DATE_UNKNOWN,False
BLS_PUBLIC_API_V2,industrials_v1_4_segment_cost_drivers,WPU107,2025-04,378.878,,2026-09-02T21:59:07.345599+00:00,,0d01c1ceb7d7b42b7f04891c9249a358d9d768bf8865ba1114229f698dd2cf91,LATEST_REVISED_RELEASE_DATE_UNKNOWN,False
BLS_PUBLIC_API_V2,industrials_v1_4_segment_cost_drivers,WPU107,2025-03,376.614,,2026-09-02T21:59:07.345599+00:00,,0d01c1ceb7d7b42b7f04891c9249a358d9d768bf8865ba1114229f698dd2cf91,LATEST_REVISED_RELEASE_DATE_UNKNOWN,False
BLS_PUBLIC_API_V2,industrials_v1_4_segment_cost_drivers,WPU107,2025-02,368.206,,2026-09-02T21:59:07.345599+00:00,,0d01c1ceb7d7b42b7f04891c9249a358d9d768bf8865ba1114229f698dd2cf91,LATEST_REVISED_RELEASE_DATE_UNKNOWN,False
BLS_PUBLIC_API_V2,industrials_v1_4_segment_cost_drivers,WPU107,2025-01,365.431,,2026-09-02T21:59:07.345599+00:00,,0d01c1ceb7d7b42b7f04891c9249a358d9d768bf8865ba1114229f698dd2cf91,LATEST_REVISED_RELEASE_DATE_UNKNOWN,False
BLS_PUBLIC_API_V2,industrials_v1_4_segment_cost_drivers,WPU107,2024-12,364.756,,2026-09-02T21:59:07.345599+00:00,,0d01c1ceb7d7b42b7f04891c9249a358d9d768bf8865ba1114229f698dd2cf91,LATEST_REVISED_RELEASE_DATE_UNKNOWN,False
BLS_PUBLIC_API_V2,industrials_v1_4_segment_cost_drivers,WPU107,2024-11,364.925,,2026-09-02T21:59:07.345599+00:00,,0d01c1ceb7d7b42b7f04891c9249a358d9d768bf8865ba1114229f698dd2cf91,LATEST_REVISED_RELEASE_DATE_UNKNOWN,False
BLS_PUBLIC_API_V2,industrials_v1_4_segment_cost_drivers,WPU107,2024-10,364.748,,2026-09-02T21:59:07.345599+00:00,,0d01c1ceb7d7b42b7f04891c9249a358d9d768bf8865ba1114229f698dd2cf91,LATEST_REVISED_RELEASE_DATE_UNKNOWN,False
BLS_PUBLIC_API_V2,industrials_v1_4_segment_cost_drivers,WPU107,2024-09,364.217,,2026-09-02T21:59:07.345599+00:00,,0d01c1ceb7d7b42b7f04891c9249a358d9d768bf8865ba1114229f698dd2cf91,LATEST_REVISED_RELEASE_DATE_UNKNOWN,False
BLS_PUBLIC_API_V2,industrials_v1_4_segment_cost_drivers,WPU107,2024-08,365.209,,2026-09-02T21:59:07.345599+00:00,,0d01c1ceb7d7b42b7f04891c9249a358d9d768bf8865ba1114229f698dd2cf91,LATEST_REVISED_RELEASE_DATE_UNKNOWN,False
BLS_PUBLIC_API_V2,industrials_v1_4_segment_cost_drivers,WPU107,2024-07,361.879,,2026-09-02T21:59:07.345599+00:00,,0d01c1ceb7d7b42b7f04891c9249a358d9d768bf8865ba1114229f698dd2cf91,LATEST_REVISED_RELEASE_DATE_UNKNOWN,False
BLS_PUBLIC_API_V2,industrials_v1_4_segment_cost_drivers,WPU107,2024-06,361.635,,2026-09-02T21:59:07.345599+00:00,,0d01c1ceb7d7b42b7f04891c9249a358d9d768bf8865ba1114229f698dd2cf91,LATEST_REVISED_RELEASE_DATE_UNKNOWN,False
BLS_PUBLIC_API_V2,industrials_v1_4_segment_cost_drivers,WPU107,2024-05,362.689,,2026-09-02T21:59:07.345599+00:00,,0d01c1ceb7d7b42b7f04891c9249a358d9d768bf8865ba1114229f698dd2cf91,LATEST_REVISED_RELEASE_DATE_UNKNOWN,False
BLS_PUBLIC_API_V2,industrials_v1_4_segment_cost_drivers,WPU107,2024-04,361.488,,2026-09-02T21:59:07.345599+00:00,,0d01c1ceb7d7b42b7f04891c9249a358d9d768bf8865ba1114229f698dd2cf91,LATEST_REVISED_RELEASE_DATE_UNKNOWN,False
BLS_PUBLIC_API_V2,industrials_v1_4_segment_cost_drivers,WPU107,2024-03,361.173,,2026-09-02T21:59:07.345599+00:00,,0d01c1ceb7d7b42b7f04891c9249a358d9d768bf8865ba1114229f698dd2cf91,LATEST_REVISED_RELEASE_DATE_UNKNOWN,False
BLS_PUBLIC_API_V2,industrials_v1_4_segment_cost_drivers,WPU107,2024-02,370.473,,2026-09-02T21:59:07.345599+00:00,,0d01c1ceb7d7b42b7f04891c9249a358d9d768bf8865ba1114229f698dd2cf91,LATEST_REVISED_RELEASE_DATE_UNKNOWN,False
BLS_PUBLIC_API_V2,industrials_v1_4_segment_cost_drivers,WPU107,2024-01,371.166,,2026-09-02T21:59:07.345599+00:00,,0d01c1ceb7d7b42b7f04891c9249a358d9d768bf8865ba1114229f698dd2cf91,LATEST_REVISED_RELEASE_DATE_UNKNOWN,False
BLS_PUBLIC_API_V2,industrials_v1_4_segment_cost_drivers,WPU107,2023-12,368.814,,2026-09-02T21:59:07.345599+00:00,,0d01c1ceb7d7b42b7f04891c9249a358d9d768bf8865ba1114229f698dd2cf91,LATEST_REVISED_RELEASE_DATE_UNKNOWN,False
BLS_PUBLIC_API_V2,industrials_v1_4_segment_cost_drivers,WPU107,2023-11,364.874,,2026-09-02T21:59:07.345599+00:00,,0d01c1ceb7d7b42b7f04891c9249a358d9d768bf8865ba1114229f698dd2cf91,LATEST_REVISED_RELEASE_DATE_UNKNOWN,False
BLS_PUBLIC_API_V2,industrials_v1_4_segment_cost_drivers,WPU107,2023-10,364.505,,2026-09-02T21:59:07.345599+00:00,,0d01c1ceb7d7b42b7f04891c9249a358d9d768bf8865ba1114229f698dd2cf91,LATEST_REVISED_RELEASE_DATE_UNKNOWN,False
BLS_PUBLIC_API_V2,industrials_v1_4_segment_cost_drivers,WPU107,2023-09,365.128,,2026-09-02T21:59:07.345599+00:00,,0d01c1ceb7d7b42b7f04891c9249a358d9d768bf8865ba1114229f698dd2cf91,LATEST_REVISED_RELEASE_DATE_UNKNOWN,False
BLS_PUBLIC_API_V2,industrials_v1_4_segment_cost_drivers,WPU107,2023-08,365.374,,2026-09-02T21:59:07.345599+00:00,,0d01c1ceb7d7b42b7f04891c9249a358d9d768bf8865ba1114229f698dd2cf91,LATEST_REVISED_RELEASE_DATE_UNKNOWN,False
BLS_PUBLIC_API_V2,industrials_v1_4_segment_cost_drivers,WPU107,2023-07,365.015,,2026-09-02T21:59:07.345599+00:00,,0d01c1ceb7d7b42b7f04891c9249a358d9d768bf8865ba1114229f698dd2cf91,LATEST_REVISED_RELEASE_DATE_UNKNOWN,False
BLS_PUBLIC_API_V2,industrials_v1_4_segment_cost_drivers,WPU107,2023-06,364.888,,2026-09-02T21:59:07.345599+00:00,,0d01c1ceb7d7b42b7f04891c9249a358d9d768bf8865ba1114229f698dd2cf91,LATEST_REVISED_RELEASE_DATE_UNKNOWN,False
BLS_PUBLIC_API_V2,industrials_v1_4_segment_cost_drivers,WPU107,2023-05,364.501,,2026-09-02T21:59:07.345599+00:00,,0d01c1ceb7d7b42b7f04891c9249a358d9d768bf8865ba1114229f698dd2cf91,LATEST_REVISED_RELEASE_DATE_UNKNOWN,False
BLS_PUBLIC_API_V2,industrials_v1_4_segment_cost_drivers,WPU107,2023-04,367.371,,2026-09-02T21:59:07.345599+00:00,,0d01c1ceb7d7b42b7f04891c9249a358d9d768bf8865ba1114229f698dd2cf91,LATEST_REVISED_RELEASE_DATE_UNKNOWN,False
BLS_PUBLIC_API_V2,industrials_v1_4_segment_cost_drivers,WPU107,2023-03,365.356,,2026-09-02T21:59:07.345599+00:00,,0d01c1ceb7d7b42b7f04891c9249a358d9d768bf8865ba1114229f698dd2cf91,LATEST_REVISED_RELEASE_DATE_UNKNOWN,False
BLS_PUBLIC_API_V2,industrials_v1_4_segment_cost_drivers,WPU107,2023-02,361.88,,2026-09-02T21:59:07.345599+00:00,,0d01c1ceb7d7b42b7f04891c9249a358d9d768bf8865ba1114229f698dd2cf91,LATEST_REVISED_RELEASE_DATE_UNKNOWN,False
BLS_PUBLIC_API_V2,industrials_v1_4_segment_cost_drivers,WPU107,2023-01,362.054,,2026-09-02T21:59:07.345599+00:00,,0d01c1ceb7d7b42b7f04891c9249a358d9d768bf8865ba1114229f698dd2cf91,LATEST_REVISED_RELEASE_DATE_UNKNOWN,False
BLS_PUBLIC_API_V2,industrials_v1_4_segment_cost_drivers,WPU107,2022-12,361.24,,2026-09-02T21:59:07.345599+00:00,,0d01c1ceb7d7b42b7f04891c9249a358d9d768bf8865ba1114229f698dd2cf91,LATEST_REVISED_RELEASE_DATE_UNKNOWN,False
BLS_PUBLIC_API_V2,industrials_v1_4_segment_cost_drivers,WPU107,2022-11,363.14,,2026-09-02T21:59:07.345599+00:00,,0d01c1ceb7d7b42b7f04891c9249a358d9d768bf8865ba1114229f698dd2cf91,LATEST_REVISED_RELEASE_DATE_UNKNOWN,False
BLS_PUBLIC_API_V2,industrials_v1_4_segment_cost_drivers,WPU107,2022-10,366.801,,2026-09-02T21:59:07.345599+00:00,,0d01c1ceb7d7b42b7f04891c9249a358d9d768bf8865ba1114229f698dd2cf91,LATEST_REVISED_RELEASE_DATE_UNKNOWN,False
BLS_PUBLIC_API_V2,industrials_v1_4_segment_cost_drivers,WPU107,2022-09,369.311,,2026-09-02T21:59:07.345599+00:00,,0d01c1ceb7d7b42b7f04891c9249a358d9d768bf8865ba1114229f698dd2cf91,LATEST_REVISED_RELEASE_DATE_UNKNOWN,False
BLS_PUBLIC_API_V2,industrials_v1_4_segment_cost_drivers,WPU107,2022-08,372.271,,2026-09-02T21:59:07.345599+00:00,,0d01c1ceb7d7b42b7f04891c9249a358d9d768bf8865ba1114229f698dd2cf91,LATEST_REVISED_RELEASE_DATE_UNKNOWN,False
BLS_PUBLIC_API_V2,industrials_v1_4_segment_cost_drivers,WPU107,2022-07,372.886,,2026-09-02T21:59:07.345599+00:00,,0d01c1ceb7d7b42b7f04891c9249a358d9d768bf8865ba1114229f698dd2cf91,LATEST_REVISED_RELEASE_DATE_UNKNOWN,False
BLS_PUBLIC_API_V2,industrials_v1_4_segment_cost_drivers,WPU107,2022-06,374.512,,2026-09-02T21:59:07.345599+00:00,,0d01c1ceb7d7b42b7f04891c9249a358d9d768bf8865ba1114229f698dd2cf91,LATEST_REVISED_RELEASE_DATE_UNKNOWN,False
BLS_PUBLIC_API_V2,industrials_v1_4_segment_cost_drivers,WPU107,2022-05,372.742,,2026-09-02T21:59:07.345599+00:00,,0d01c1ceb7d7b42b7f04891c9249a358d9d768bf8865ba1114229f698dd2cf91,LATEST_REVISED_RELEASE_DATE_UNKNOWN,False
BLS_PUBLIC_API_V2,industrials_v1_4_segment_cost_drivers,WPU107,2022-04,367.465,,2026-09-02T21:59:07.345599+00:00,,0d01c1ceb7d7b42b7f04891c9249a358d9d768bf8865ba1114229f698dd2cf91,LATEST_REVISED_RELEASE_DATE_UNKNOWN,False
BLS_PUBLIC_API_V2,industrials_v1_4_segment_cost_drivers,WPU107,2022-03,361.026,,2026-09-02T21:59:07.345599+00:00,,0d01c1ceb7d7b42b7f04891c9249a358d9d768bf8865ba1114229f698dd2cf91,LATEST_REVISED_RELEASE_DATE_UNKNOWN,False
BLS_PUBLIC_API_V2,industrials_v1_4_segment_cost_drivers,WPU107,2022-02,355.049,,2026-09-02T21:59:07.345599+00:00,,0d01c1ceb7d7b42b7f04891c9249a358d9d768bf8865ba1114229f698dd2cf91,LATEST_REVISED_RELEASE_DATE_UNKNOWN,False
BLS_PUBLIC_API_V2,industrials_v1_4_segment_cost_drivers,WPU107,2022-01,350.142,,2026-09-02T21:59:07.345599+00:00,,0d01c1ceb7d7b42b7f04891c9249a358d9d768bf8865ba1114229f698dd2cf91,LATEST_REVISED_RELEASE_DATE_UNKNOWN,False
BLS_PUBLIC_API_V2,industrials_v1_4_segment_cost_drivers,WPU107,2021-12,346.224,,2026-09-02T21:59:07.345599+00:00,,0d01c1ceb7d7b42b7f04891c9249a358d9d768bf8865ba1114229f698dd2cf91,LATEST_REVISED_RELEASE_DATE_UNKNOWN,False
BLS_PUBLIC_API_V2,industrials_v1_4_segment_cost_drivers,WPU107,2021-11,341.086,,2026-09-02T21:59:07.345599+00:00,,0d01c1ceb7d7b42b7f04891c9249a358d9d768bf8865ba1114229f698dd2cf91,LATEST_REVISED_RELEASE_DATE_UNKNOWN,False
BLS_PUBLIC_API_V2,industrials_v1_4_segment_cost_drivers,WPU107,2021-10,331.374,,2026-09-02T21:59:07.345599+00:00,,0d01c1ceb7d7b42b7f04891c9249a358d9d768bf8865ba1114229f698dd2cf91,LATEST_REVISED_RELEASE_DATE_UNKNOWN,False
BLS_PUBLIC_API_V2,industrials_v1_4_segment_cost_drivers,WPU107,2021-09,325.666,,2026-09-02T21:59:07.345599+00:00,,0d01c1ceb7d7b42b7f04891c9249a358d9d768bf8865ba1114229f698dd2cf91,LATEST_REVISED_RELEASE_DATE_UNKNOWN,False
BLS_PUBLIC_API_V2,industrials_v1_4_segment_cost_drivers,WPU107,2021-08,317.968,,2026-09-02T21:59:07.345599+00:00,,0d01c1ceb7d7b42b7f04891c9249a358d9d768bf8865ba1114229f698dd2cf91,LATEST_REVISED_RELEASE_DATE_UNKNOWN,False
BLS_PUBLIC_API_V2,industrials_v1_4_segment_cost_drivers,WPU107,2021-07,307.527,,2026-09-02T21:59:07.345599+00:00,,0d01c1ceb7d7b42b7f04891c9249a358d9d768bf8865ba1114229f698dd2cf91,LATEST_REVISED_RELEASE_DATE_UNKNOWN,False
BLS_PUBLIC_API_V2,industrials_v1_4_segment_cost_drivers,WPU107,2021-06,297.6,,2026-09-02T21:59:07.345599+00:00,,0d01c1ceb7d7b42b7f04891c9249a358d9d768bf8865ba1114229f698dd2cf91,LATEST_REVISED_RELEASE_DATE_UNKNOWN,False
BLS_PUBLIC_API_V2,industrials_v1_4_segment_cost_drivers,WPU107,2021-05,282.4,,2026-09-02T21:59:07.345599+00:00,,0d01c1ceb7d7b42b7f04891c9249a358d9d768bf8865ba1114229f698dd2cf91,LATEST_REVISED_RELEASE_DATE_UNKNOWN,False
BLS_PUBLIC_API_V2,industrials_v1_4_segment_cost_drivers,WPU107,2021-04,272.6,,2026-09-02T21:59:07.345599+00:00,,0d01c1ceb7d7b42b7f04891c9249a358d9d768bf8865ba1114229f698dd2cf91,LATEST_REVISED_RELEASE_DATE_UNKNOWN,False
BLS_PUBLIC_API_V2,industrials_v1_4_segment_cost_drivers,WPU107,2021-03,263.3,,2026-09-02T21:59:07.345599+00:00,,0d01c1ceb7d7b42b7f04891c9249a358d9d768bf8865ba1114229f698dd2cf91,LATEST_REVISED_RELEASE_DATE_UNKNOWN,False
BLS_PUBLIC_API_V2,industrials_v1_4_segment_cost_drivers,WPU107,2021-02,252.9,,2026-09-02T21:59:07.345599+00:00,,0d01c1ceb7d7b42b7f04891c9249a358d9d768bf8865ba1114229f698dd2cf91,LATEST_REVISED_RELEASE_DATE_UNKNOWN,False
BLS_PUBLIC_API_V2,industrials_v1_4_segment_cost_drivers,WPU107,2021-01,245.5,,2026-09-02T21:59:07.345599+00:00,,0d01c1ceb7d7b42b7f04891c9249a358d9d768bf8865ba1114229f698dd2cf91,LATEST_REVISED_RELEASE_DATE_UNKNOWN,False
BLS_PUBLIC_API_V2,industrials_v1_4_segment_cost_drivers,WPU107,2020-12,242.0,,2026-09-02T21:59:07.345599+00:00,,0d01c1ceb7d7b42b7f04891c9249a358d9d768bf8865ba1114229f698dd2cf91,LATEST_REVISED_RELEASE_DATE_UNKNOWN,False
BLS_PUBLIC_API_V2,industrials_v1_4_segment_cost_drivers,WPU107,2020-11,239.1,,2026-09-02T21:59:07.345599+00:00,,0d01c1ceb7d7b42b7f04891c9249a358d9d768bf8865ba1114229f698dd2cf91,LATEST_REVISED_RELEASE_DATE_UNKNOWN,False
BLS_PUBLIC_API_V2,industrials_v1_4_segment_cost_drivers,WPU107,2020-10,237.9,,2026-09-02T21:59:07.345599+00:00,,0d01c1ceb7d7b42b7f04891c9249a358d9d768bf8865ba1114229f698dd2cf91,LATEST_REVISED_RELEASE_DATE_UNKNOWN,False
BLS_PUBLIC_API_V2,industrials_v1_4_segment_cost_drivers,WPU107,2020-09,238.9,,2026-09-02T21:59:07.345599+00:00,,0d01c1ceb7d7b42b7f04891c9249a358d9d768bf8865ba1114229f698dd2cf91,LATEST_REVISED_RELEASE_DATE_UNKNOWN,False
BLS_PUBLIC_API_V2,industrials_v1_4_segment_cost_drivers,WPU107,2020-08,238.7,,2026-09-02T21:59:07.345599+00:00,,0d01c1ceb7d7b42b7f04891c9249a358d9d768bf8865ba1114229f698dd2cf91,LATEST_REVISED_RELEASE_DATE_UNKNOWN,False
BLS_PUBLIC_API_V2,industrials_v1_4_segment_cost_drivers,WPU107,2020-07,237.7,,2026-09-02T21:59:07.345599+00:00,,0d01c1ceb7d7b42b7f04891c9249a358d9d768bf8865ba1114229f698dd2cf91,LATEST_REVISED_RELEASE_DATE_UNKNOWN,False
BLS_PUBLIC_API_V2,industrials_v1_4_segment_cost_drivers,WPU107,2020-06,238.3,,2026-09-02T21:59:07.345599+00:00,,0d01c1ceb7d7b42b7f04891c9249a358d9d768bf8865ba1114229f698dd2cf91,LATEST_REVISED_RELEASE_DATE_UNKNOWN,False
BLS_PUBLIC_API_V2,industrials_v1_4_segment_cost_drivers,WPU107,2020-05,238.2,,2026-09-02T21:59:07.345599+00:00,,0d01c1ceb7d7b42b7f04891c9249a358d9d768bf8865ba1114229f698dd2cf91,LATEST_REVISED_RELEASE_DATE_UNKNOWN,False
BLS_PUBLIC_API_V2,industrials_v1_4_segment_cost_drivers,WPU107,2020-04,238.5,,2026-09-02T21:59:07.345599+00:00,,0d01c1ceb7d7b42b7f04891c9249a358d9d768bf8865ba1114229f698dd2cf91,LATEST_REVISED_RELEASE_DATE_UNKNOWN,False
BLS_PUBLIC_API_V2,industrials_v1_4_segment_cost_drivers,WPU107,2020-03,238.9,,2026-09-02T21:59:07.345599+00:00,,0d01c1ceb7d7b42b7f04891c9249a358d9d768bf8865ba1114229f698dd2cf91,LATEST_REVISED_RELEASE_DATE_UNKNOWN,False
BLS_PUBLIC_API_V2,industrials_v1_4_segment_cost_drivers,WPU107,2020-02,238.2,,2026-09-02T21:59:07.345599+00:00,,0d01c1ceb7d7b42b7f04891c9249a358d9d768bf8865ba1114229f698dd2cf91,LATEST_REVISED_RELEASE_DATE_UNKNOWN,False
BLS_PUBLIC_API_V2,industrials_v1_4_segment_cost_drivers,WPU107,2020-01,237.5,,2026-09-02T21:59:07.345599+00:00,,0d01c1ceb7d7b42b7f04891c9249a358d9d768bf8865ba1114229f698dd2cf91,LATEST_REVISED_RELEASE_DATE_UNKNOWN,False
BLS_PUBLIC_API_V2,industrials_v1_4_segment_cost_drivers,PCU484121484121,2026-07,195.575,,2026-09-02T21:59:07.345599+00:00,,0d01c1ceb7d7b42b7f04891c9249a358d9d768bf8865ba1114229f698dd2cf91,LATEST_REVISED_RELEASE_DATE_UNKNOWN,False
BLS_PUBLIC_API_V2,industrials_v1_4_segment_cost_drivers,PCU484121484121,2026-06,198.057,,2026-09-02T21:59:07.345599+00:00,,0d01c1ceb7d7b42b7f04891c9249a358d9d768bf8865ba1114229f698dd2cf91,LATEST_REVISED_RELEASE_DATE_UNKNOWN,False
BLS_PUBLIC_API_V2,industrials_v1_4_segment_cost_drivers,PCU484121484121,2026-05,203.944,,2026-09-02T21:59:07.345599+00:00,,0d01c1ceb7d7b42b7f04891c9249a358d9d768bf8865ba1114229f698dd2cf91,LATEST_REVISED_RELEASE_DATE_UNKNOWN,False
BLS_PUBLIC_API_V2,industrials_v1_4_segment_cost_drivers,PCU484121484121,2026-04,200.982,,2026-09-02T21:59:07.345599+00:00,,0d01c1ceb7d7b42b7f04891c9249a358d9d768bf8865ba1114229f698dd2cf91,LATEST_REVISED_RELEASE_DATE_UNKNOWN,False
BLS_PUBLIC_API_V2,industrials_v1_4_segment_cost_drivers,PCU484121484121,2026-03,191.312,,2026-09-02T21:59:07.345599+00:00,,0d01c1ceb7d7b42b7f04891c9249a358d9d768bf8865ba1114229f698dd2cf91,LATEST_REVISED_RELEASE_DATE_UNKNOWN,False
BLS_PUBLIC_API_V2,industrials_v1_4_segment_cost_drivers,PCU484121484121,2026-02,183.307,,2026-09-02T21:59:07.345599+00:00,,0d01c1ceb7d7b42b7f04891c9249a358d9d768bf8865ba1114229f698dd2cf91,LATEST_REVISED_RELEASE_DATE_UNKNOWN,False
BLS_PUBLIC_API_V2,industrials_v1_4_segment_cost_drivers,PCU484121484121,2026-01,181.359,,2026-09-02T21:59:07.345599+00:00,,0d01c1ceb7d7b42b7f04891c9249a358d9d768bf8865ba1114229f698dd2cf91,LATEST_REVISED_RELEASE_DATE_UNKNOWN,False
BLS_PUBLIC_API_V2,industrials_v1_4_segment_cost_drivers,PCU484121484121,2025-12,181.077,,2026-09-02T21:59:07.345599+00:00,,0d01c1ceb7d7b42b7f04891c9249a358d9d768bf8865ba1114229f698dd2cf91,LATEST_REVISED_RELEASE_DATE_UNKNOWN,False
BLS_PUBLIC_API_V2,industrials_v1_4_segment_cost_drivers,PCU484121484121,2025-11,189.108,,2026-09-02T21:59:07.345599+00:00,,0d01c1ceb7d7b42b7f04891c9249a358d9d768bf8865ba1114229f698dd2cf91,LATEST_REVISED_RELEASE_DATE_UNKNOWN,False
BLS_PUBLIC_API_V2,industrials_v1_4_segment_cost_drivers,PCU484121484121,2025-10,184.899,,2026-09-02T21:59:07.345599+00:00,,0d01c1ceb7d7b42b7f04891c9249a358d9d768bf8865ba1114229f698dd2cf91,LATEST_REVISED_RELEASE_DATE_UNKNOWN,False
BLS_PUBLIC_API_V2,industrials_v1_4_segment_cost_drivers,PCU484121484121,2025-09,186.058,,2026-09-02T21:59:07.345599+00:00,,0d01c1ceb7d7b42b7f04891c9249a358d9d768bf8865ba1114229f698dd2cf91,LATEST_REVISED_RELEASE_DATE_UNKNOWN,False
BLS_PUBLIC_API_V2,industrials_v1_4_segment_cost_drivers,PCU484121484121,2025-08,182.33,,2026-09-02T21:59:07.345599+00:00,,0d01c1ceb7d7b42b7f04891c9249a358d9d768bf8865ba1114229f698dd2cf91,LATEST_REVISED_RELEASE_DATE_UNKNOWN,False
BLS_PUBLIC_API_V2,industrials_v1_4_segment_cost_drivers,PCU484121484121,2025-07,180.906,,2026-09-02T21:59:07.345599+00:00,,0d01c1ceb7d7b42b7f04891c9249a358d9d768bf8865ba1114229f698dd2cf91,LATEST_REVISED_RELEASE_DATE_UNKNOWN,False
BLS_PUBLIC_API_V2,industrials_v1_4_segment_cost_drivers,PCU484121484121,2025-06,168.388,,2026-09-02T21:59:07.345599+00:00,,0d01c1ceb7d7b42b7f04891c9249a358d9d768bf8865ba1114229f698dd2cf91,LATEST_REVISED_RELEASE_DATE_UNKNOWN,False
BLS_PUBLIC_API_V2,industrials_v1_4_segment_cost_drivers,PCU484121484121,2025-05,178.512,,2026-09-02T21:59:07.345599+00:00,,0d01c1ceb7d7b42b7f04891c9249a358d9d768bf8865ba1114229f698dd2cf91,LATEST_REVISED_RELEASE_DATE_UNKNOWN,False
BLS_PUBLIC_API_V2,industrials_v1_4_segment_cost_drivers,PCU484121484121,2025-04,175.089,,2026-09-02T21:59:07.345599+00:00,,0d01c1ceb7d7b42b7f04891c9249a358d9d768bf8865ba1114229f698dd2cf91,LATEST_REVISED_RELEASE_DATE_UNKNOWN,False
BLS_PUBLIC_API_V2,industrials_v1_4_segment_cost_drivers,PCU484121484121,2025-03,165.826,,2026-09-02T21:59:07.345599+00:00,,0d01c1ceb7d7b42b7f04891c9249a358d9d768bf8865ba1114229f698dd2cf91,LATEST_REVISED_RELEASE_DATE_UNKNOWN,False
BLS_PUBLIC_API_V2,industrials_v1_4_segment_cost_drivers,PCU484121484121,2025-02,179.387,,2026-09-02T21:59:07.345599+00:00,,0d01c1ceb7d7b42b7f04891c9249a358d9d768bf8865ba1114229f698dd2cf91,LATEST_REVISED_RELEASE_DATE_UNKNOWN,False
BLS_PUBLIC_API_V2,industrials_v1_4_segment_cost_drivers,PCU484121484121,2025-01,181.652,,2026-09-02T21:59:07.345599+00:00,,0d01c1ceb7d7b42b7f04891c9249a358d9d768bf8865ba1114229f698dd2cf91,LATEST_REVISED_RELEASE_DATE_UNKNOWN,False
BLS_PUBLIC_API_V2,industrials_v1_4_segment_cost_drivers,PCU484121484121,2024-12,171.718,,2026-09-02T21:59:07.345599+00:00,,0d01c1ceb7d7b42b7f04891c9249a358d9d768bf8865ba1114229f698dd2cf91,LATEST_REVISED_RELEASE_DATE_UNKNOWN,False
BLS_PUBLIC_API_V2,industrials_v1_4_segment_cost_drivers,PCU484121484121,2024-11,160.349,,2026-09-02T21:59:07.345599+00:00,,0d01c1ceb7d7b42b7f04891c9249a358d9d768bf8865ba1114229f698dd2cf91,LATEST_REVISED_RELEASE_DATE_UNKNOWN,False
BLS_PUBLIC_API_V2,industrials_v1_4_segment_cost_drivers,PCU484121484121,2024-10,165.925,,2026-09-02T21:59:07.345599+00:00,,0d01c1ceb7d7b42b7f04891c9249a358d9d768bf8865ba1114229f698dd2cf91,LATEST_REVISED_RELEASE_DATE_UNKNOWN,False
BLS_PUBLIC_API_V2,industrials_v1_4_segment_cost_drivers,PCU484121484121,2024-09,172.163,,2026-09-02T21:59:07.345599+00:00,,0d01c1ceb7d7b42b7f04891c9249a358d9d768bf8865ba1114229f698dd2cf91,LATEST_REVISED_RELEASE_DATE_UNKNOWN,False
BLS_PUBLIC_API_V2,industrials_v1_4_segment_cost_drivers,PCU484121484121,2024-08,176.722,,2026-09-02T21:59:07.345599+00:00,,0d01c1ceb7d7b42b7f04891c9249a358d9d768bf8865ba1114229f698dd2cf91,LATEST_REVISED_RELEASE_DATE_UNKNOWN,False
BLS_PUBLIC_API_V2,industrials_v1_4_segment_cost_drivers,PCU484121484121,2024-07,190.065,,2026-09-02T21:59:07.345599+00:00,,0d01c1ceb7d7b42b7f04891c9249a358d9d768bf8865ba1114229f698dd2cf91,LATEST_REVISED_RELEASE_DATE_UNKNOWN,False
BLS_PUBLIC_API_V2,industrials_v1_4_segment_cost_drivers,PCU484121484121,2024-06,182.698,,2026-09-02T21:59:07.345599+00:00,,0d01c1ceb7d7b42b7f04891c9249a358d9d768bf8865ba1114229f698dd2cf91,LATEST_REVISED_RELEASE_DATE_UNKNOWN,False
BLS_PUBLIC_API_V2,industrials_v1_4_segment_cost_drivers,PCU484121484121,2024-05,181.575,,2026-09-02T21:59:07.345599+00:00,,0d01c1ceb7d7b42b7f04891c9249a358d9d768bf8865ba1114229f698dd2cf91,LATEST_REVISED_RELEASE_DATE_UNKNOWN,False
BLS_PUBLIC_API_V2,industrials_v1_4_segment_cost_drivers,PCU484121484121,2024-04,172.961,,2026-09-02T21:59:07.345599+00:00,,0d01c1ceb7d7b42b7f04891c9249a358d9d768bf8865ba1114229f698dd2cf91,LATEST_REVISED_RELEASE_DATE_UNKNOWN,False
BLS_PUBLIC_API_V2,industrials_v1_4_segment_cost_drivers,PCU484121484121,2024-03,172.822,,2026-09-02T21:59:07.345599+00:00,,0d01c1ceb7d7b42b7f04891c9249a358d9d768bf8865ba1114229f698dd2cf91,LATEST_REVISED_RELEASE_DATE_UNKNOWN,False
BLS_PUBLIC_API_V2,industrials_v1_4_segment_cost_drivers,PCU484121484121,2024-02,178.32,,2026-09-02T21:59:07.345599+00:00,,0d01c1ceb7d7b42b7f04891c9249a358d9d768bf8865ba1114229f698dd2cf91,LATEST_REVISED_RELEASE_DATE_UNKNOWN,False
BLS_PUBLIC_API_V2,industrials_v1_4_segment_cost_drivers,PCU484121484121,2024-01,178.925,,2026-09-02T21:59:07.345599+00:00,,0d01c1ceb7d7b42b7f04891c9249a358d9d768bf8865ba1114229f698dd2cf91,LATEST_REVISED_RELEASE_DATE_UNKNOWN,False
BLS_PUBLIC_API_V2,industrials_v1_4_segment_cost_drivers,PCU484121484121,2023-12,177.712,,2026-09-02T21:59:07.345599+00:00,,0d01c1ceb7d7b42b7f04891c9249a358d9d768bf8865ba1114229f698dd2cf91,LATEST_REVISED_RELEASE_DATE_UNKNOWN,False
BLS_PUBLIC_API_V2,industrials_v1_4_segment_cost_drivers,PCU484121484121,2023-11,187.206,,2026-09-02T21:59:07.345599+00:00,,0d01c1ceb7d7b42b7f04891c9249a358d9d768bf8865ba1114229f698dd2cf91,LATEST_REVISED_RELEASE_DATE_UNKNOWN,False
BLS_PUBLIC_API_V2,industrials_v1_4_segment_cost_drivers,PCU484121484121,2023-10,184.002,,2026-09-02T21:59:07.345599+00:00,,0d01c1ceb7d7b42b7f04891c9249a358d9d768bf8865ba1114229f698dd2cf91,LATEST_REVISED_RELEASE_DATE_UNKNOWN,False
BLS_PUBLIC_API_V2,industrials_v1_4_segment_cost_drivers,PCU484121484121,2023-09,182.025,,2026-09-02T21:59:07.345599+00:00,,0d01c1ceb7d7b42b7f04891c9249a358d9d768bf8865ba1114229f698dd2cf91,LATEST_REVISED_RELEASE_DATE_UNKNOWN,False
BLS_PUBLIC_API_V2,industrials_v1_4_segment_cost_drivers,PCU484121484121,2023-08,173.268,,2026-09-02T21:59:07.345599+00:00,,0d01c1ceb7d7b42b7f04891c9249a358d9d768bf8865ba1114229f698dd2cf91,LATEST_REVISED_RELEASE_DATE_UNKNOWN,False
BLS_PUBLIC_API_V2,industrials_v1_4_segment_cost_drivers,PCU484121484121,2023-07,178.666,,2026-09-02T21:59:07.345599+00:00,,0d01c1ceb7d7b42b7f04891c9249a358d9d768bf8865ba1114229f698dd2cf91,LATEST_REVISED_RELEASE_DATE_UNKNOWN,False
BLS_PUBLIC_API_V2,industrials_v1_4_segment_cost_drivers,PCU484121484121,2023-06,190.471,,2026-09-02T21:59:07.345599+00:00,,0d01c1ceb7d7b42b7f04891c9249a358d9d768bf8865ba1114229f698dd2cf91,LATEST_REVISED_RELEASE_DATE_UNKNOWN,False
BLS_PUBLIC_API_V2,industrials_v1_4_segment_cost_drivers,PCU484121484121,2023-05,192.615,,2026-09-02T21:59:07.345599+00:00,,0d01c1ceb7d7b42b7f04891c9249a358d9d768bf8865ba1114229f698dd2cf91,LATEST_REVISED_RELEASE_DATE_UNKNOWN,False
BLS_PUBLIC_API_V2,industrials_v1_4_segment_cost_drivers,PCU484121484121,2023-04,184.407,,2026-09-02T21:59:07.345599+00:00,,0d01c1ceb7d7b42b7f04891c9249a358d9d768bf8865ba1114229f698dd2cf91,LATEST_REVISED_RELEASE_DATE_UNKNOWN,False
BLS_PUBLIC_API_V2,industrials_v1_4_segment_cost_drivers,PCU484121484121,2023-03,202.307,,2026-09-02T21:59:07.345599+00:00,,0d01c1ceb7d7b42b7f04891c9249a358d9d768bf8865ba1114229f698dd2cf91,LATEST_REVISED_RELEASE_DATE_UNKNOWN,False
BLS_PUBLIC_API_V2,industrials_v1_4_segment_cost_drivers,PCU484121484121,2023-02,194.459,,2026-09-02T21:59:07.345599+00:00,,0d01c1ceb7d7b42b7f04891c9249a358d9d768bf8865ba1114229f698dd2cf91,LATEST_REVISED_RELEASE_DATE_UNKNOWN,False
BLS_PUBLIC_API_V2,industrials_v1_4_segment_cost_drivers,PCU484121484121,2023-01,187.156,,2026-09-02T21:59:07.345599+00:00,,0d01c1ceb7d7b42b7f04891c9249a358d9d768bf8865ba1114229f698dd2cf91,LATEST_REVISED_RELEASE_DATE_UNKNOWN,False
BLS_PUBLIC_API_V2,industrials_v1_4_segment_cost_drivers,PCU484121484121,2022-12,200.778,,2026-09-02T21:59:07.345599+00:00,,0d01c1ceb7d7b42b7f04891c9249a358d9d768bf8865ba1114229f698dd2cf91,LATEST_REVISED_RELEASE_DATE_UNKNOWN,False
BLS_PUBLIC_API_V2,industrials_v1_4_segment_cost_drivers,PCU484121484121,2022-11,195.947,,2026-09-02T21:59:07.345599+00:00,,0d01c1ceb7d7b42b7f04891c9249a358d9d768bf8865ba1114229f698dd2cf91,LATEST_REVISED_RELEASE_DATE_UNKNOWN,False
BLS_PUBLIC_API_V2,industrials_v1_4_segment_cost_drivers,PCU484121484121,2022-10,197.549,,2026-09-02T21:59:07.345599+00:00,,0d01c1ceb7d7b42b7f04891c9249a358d9d768bf8865ba1114229f698dd2cf91,LATEST_REVISED_RELEASE_DATE_UNKNOWN,False
BLS_PUBLIC_API_V2,industrials_v1_4_segment_cost_drivers,PCU484121484121,2022-09,197.526,,2026-09-02T21:59:07.345599+00:00,,0d01c1ceb7d7b42b7f04891c9249a358d9d768bf8865ba1114229f698dd2cf91,LATEST_REVISED_RELEASE_DATE_UNKNOWN,False
BLS_PUBLIC_API_V2,industrials_v1_4_segment_cost_drivers,PCU484121484121,2022-08,200.068,,2026-09-02T21:59:07.345599+00:00,,0d01c1ceb7d7b42b7f04891c9249a358d9d768bf8865ba1114229f698dd2cf91,LATEST_REVISED_RELEASE_DATE_UNKNOWN,False
BLS_PUBLIC_API_V2,industrials_v1_4_segment_cost_drivers,PCU484121484121,2022-07,204.018,,2026-09-02T21:59:07.345599+00:00,,0d01c1ceb7d7b42b7f04891c9249a358d9d768bf8865ba1114229f698dd2cf91,LATEST_REVISED_RELEASE_DATE_UNKNOWN,False
BLS_PUBLIC_API_V2,industrials_v1_4_segment_cost_drivers,PCU484121484121,2022-06,203.35,,2026-09-02T21:59:07.345599+00:00,,0d01c1ceb7d7b42b7f04891c9249a358d9d768bf8865ba1114229f698dd2cf91,LATEST_REVISED_RELEASE_DATE_UNKNOWN,False
BLS_PUBLIC_API_V2,industrials_v1_4_segment_cost_drivers,PCU484121484121,2022-05,210.733,,2026-09-02T21:59:07.345599+00:00,,0d01c1ceb7d7b42b7f04891c9249a358d9d768bf8865ba1114229f698dd2cf91,LATEST_REVISED_RELEASE_DATE_UNKNOWN,False
BLS_PUBLIC_API_V2,industrials_v1_4_segment_cost_drivers,PCU484121484121,2022-04,209.823,,2026-09-02T21:59:07.345599+00:00,,0d01c1ceb7d7b42b7f04891c9249a358d9d768bf8865ba1114229f698dd2cf91,LATEST_REVISED_RELEASE_DATE_UNKNOWN,False
BLS_PUBLIC_API_V2,industrials_v1_4_segment_cost_drivers,PCU484121484121,2022-03,211.126,,2026-09-02T21:59:07.345599+00:00,,0d01c1ceb7d7b42b7f04891c9249a358d9d768bf8865ba1114229f698dd2cf91,LATEST_REVISED_RELEASE_DATE_UNKNOWN,False
BLS_PUBLIC_API_V2,industrials_v1_4_segment_cost_drivers,PCU484121484121,2022-02,208.028,,2026-09-02T21:59:07.345599+00:00,,0d01c1ceb7d7b42b7f04891c9249a358d9d768bf8865ba1114229f698dd2cf91,LATEST_REVISED_RELEASE_DATE_UNKNOWN,False
BLS_PUBLIC_API_V2,industrials_v1_4_segment_cost_drivers,PCU484121484121,2022-01,198.275,,2026-09-02T21:59:07.345599+00:00,,0d01c1ceb7d7b42b7f04891c9249a358d9d768bf8865ba1114229f698dd2cf91,LATEST_REVISED_RELEASE_DATE_UNKNOWN,False
BLS_PUBLIC_API_V2,industrials_v1_4_segment_cost_drivers,PCU484121484121,2021-12,187.738,,2026-09-02T21:59:07.345599+00:00,,0d01c1ceb7d7b42b7f04891c9249a358d9d768bf8865ba1114229f698dd2cf91,LATEST_REVISED_RELEASE_DATE_UNKNOWN,False
BLS_PUBLIC_API_V2,industrials_v1_4_segment_cost_drivers,PCU484121484121,2021-11,182.629,,2026-09-02T21:59:07.345599+00:00,,0d01c1ceb7d7b42b7f04891c9249a358d9d768bf8865ba1114229f698dd2cf91,LATEST_REVISED_RELEASE_DATE_UNKNOWN,False
BLS_PUBLIC_API_V2,industrials_v1_4_segment_cost_drivers,PCU484121484121,2021-10,173.847,,2026-09-02T21:59:07.345599+00:00,,0d01c1ceb7d7b42b7f04891c9249a358d9d768bf8865ba1114229f698dd2cf91,LATEST_REVISED_RELEASE_DATE_UNKNOWN,False
BLS_PUBLIC_API_V2,industrials_v1_4_segment_cost_drivers,PCU484121484121,2021-09,169.568,,2026-09-02T21:59:07.345599+00:00,,0d01c1ceb7d7b42b7f04891c9249a358d9d768bf8865ba1114229f698dd2cf91,LATEST_REVISED_RELEASE_DATE_UNKNOWN,False
BLS_PUBLIC_API_V2,industrials_v1_4_segment_cost_drivers,PCU484121484121,2021-08,164.691,,2026-09-02T21:59:07.345599+00:00,,0d01c1ceb7d7b42b7f04891c9249a358d9d768bf8865ba1114229f698dd2cf91,LATEST_REVISED_RELEASE_DATE_UNKNOWN,False
BLS_PUBLIC_API_V2,industrials_v1_4_segment_cost_drivers,PCU484121484121,2021-07,159.929,,2026-09-02T21:59:07.345599+00:00,,0d01c1ceb7d7b42b7f04891c9249a358d9d768bf8865ba1114229f698dd2cf91,LATEST_REVISED_RELEASE_DATE_UNKNOWN,False
BLS_PUBLIC_API_V2,industrials_v1_4_segment_cost_drivers,PCU484121484121,2021-06,159.3,,2026-09-02T21:59:07.345599+00:00,,0d01c1ceb7d7b42b7f04891c9249a358d9d768bf8865ba1114229f698dd2cf91,LATEST_REVISED_RELEASE_DATE_UNKNOWN,False
BLS_PUBLIC_API_V2,industrials_v1_4_segment_cost_drivers,PCU484121484121,2021-05,162.1,,2026-09-02T21:59:07.345599+00:00,,0d01c1ceb7d7b42b7f04891c9249a358d9d768bf8865ba1114229f698dd2cf91,LATEST_REVISED_RELEASE_DATE_UNKNOWN,False
BLS_PUBLIC_API_V2,industrials_v1_4_segment_cost_drivers,PCU484121484121,2021-04,159.3,,2026-09-02T21:59:07.345599+00:00,,0d01c1ceb7d7b42b7f04891c9249a358d9d768bf8865ba1114229f698dd2cf91,LATEST_REVISED_RELEASE_DATE_UNKNOWN,False
BLS_PUBLIC_API_V2,industrials_v1_4_segment_cost_drivers,PCU484121484121,2021-03,154.7,,2026-09-02T21:59:07.345599+00:00,,0d01c1ceb7d7b42b7f04891c9249a358d9d768bf8865ba1114229f698dd2cf91,LATEST_REVISED_RELEASE_DATE_UNKNOWN,False
BLS_PUBLIC_API_V2,industrials_v1_4_segment_cost_drivers,PCU484121484121,2021-02,151.3,,2026-09-02T21:59:07.345599+00:00,,0d01c1ceb7d7b42b7f04891c9249a358d9d768bf8865ba1114229f698dd2cf91,LATEST_REVISED_RELEASE_DATE_UNKNOWN,False
BLS_PUBLIC_API_V2,industrials_v1_4_segment_cost_drivers,PCU484121484121,2021-01,146.1,,2026-09-02T21:59:07.345599+00:00,,0d01c1ceb7d7b42b7f04891c9249a358d9d768bf8865ba1114229f698dd2cf91,LATEST_REVISED_RELEASE_DATE_UNKNOWN,False
BLS_PUBLIC_API_V2,industrials_v1_4_segment_cost_drivers,PCU484121484121,2020-12,147.6,,2026-09-02T21:59:07.345599+00:00,,0d01c1ceb7d7b42b7f04891c9249a358d9d768bf8865ba1114229f698dd2cf91,LATEST_REVISED_RELEASE_DATE_UNKNOWN,False
BLS_PUBLIC_API_V2,industrials_v1_4_segment_cost_drivers,PCU484121484121,2020-11,146.6,,2026-09-02T21:59:07.345599+00:00,,0d01c1ceb7d7b42b7f04891c9249a358d9d768bf8865ba1114229f698dd2cf91,LATEST_REVISED_RELEASE_DATE_UNKNOWN,False
BLS_PUBLIC_API_V2,industrials_v1_4_segment_cost_drivers,PCU484121484121,2020-10,142.2,,2026-09-02T21:59:07.345599+00:00,,0d01c1ceb7d7b42b7f04891c9249a358d9d768bf8865ba1114229f698dd2cf91,LATEST_REVISED_RELEASE_DATE_UNKNOWN,False
BLS_PUBLIC_API_V2,industrials_v1_4_segment_cost_drivers,PCU484121484121,2020-09,139.0,,2026-09-02T21:59:07.345599+00:00,,0d01c1ceb7d7b42b7f04891c9249a358d9d768bf8865ba1114229f698dd2cf91,LATEST_REVISED_RELEASE_DATE_UNKNOWN,False
BLS_PUBLIC_API_V2,industrials_v1_4_segment_cost_drivers,PCU484121484121,2020-08,135.6,,2026-09-02T21:59:07.345599+00:00,,0d01c1ceb7d7b42b7f04891c9249a358d9d768bf8865ba1114229f698dd2cf91,LATEST_REVISED_RELEASE_DATE_UNKNOWN,False
BLS_PUBLIC_API_V2,industrials_v1_4_segment_cost_drivers,PCU484121484121,2020-07,134.0,,2026-09-02T21:59:07.345599+00:00,,0d01c1ceb7d7b42b7f04891c9249a358d9d768bf8865ba1114229f698dd2cf91,LATEST_REVISED_RELEASE_DATE_UNKNOWN,False
BLS_PUBLIC_API_V2,industrials_v1_4_segment_cost_drivers,PCU484121484121,2020-06,132.0,,2026-09-02T21:59:07.345599+00:00,,0d01c1ceb7d7b42b7f04891c9249a358d9d768bf8865ba1114229f698dd2cf91,LATEST_REVISED_RELEASE_DATE_UNKNOWN,False
BLS_PUBLIC_API_V2,industrials_v1_4_segment_cost_drivers,PCU484121484121,2020-05,128.2,,2026-09-02T21:59:07.345599+00:00,,0d01c1ceb7d7b42b7f04891c9249a358d9d768bf8865ba1114229f698dd2cf91,LATEST_REVISED_RELEASE_DATE_UNKNOWN,False
BLS_PUBLIC_API_V2,industrials_v1_4_segment_cost_drivers,PCU484121484121,2020-04,131.8,,2026-09-02T21:59:07.345599+00:00,,0d01c1ceb7d7b42b7f04891c9249a358d9d768bf8865ba1114229f698dd2cf91,LATEST_REVISED_RELEASE_DATE_UNKNOWN,False
BLS_PUBLIC_API_V2,industrials_v1_4_segment_cost_drivers,PCU484121484121,2020-03,134.3,,2026-09-02T21:59:07.345599+00:00,,0d01c1ceb7d7b42b7f04891c9249a358d9d768bf8865ba1114229f698dd2cf91,LATEST_REVISED_RELEASE_DATE_UNKNOWN,False
BLS_PUBLIC_API_V2,industrials_v1_4_segment_cost_drivers,PCU484121484121,2020-02,136.1,,2026-09-02T21:59:07.345599+00:00,,0d01c1ceb7d7b42b7f04891c9249a358d9d768bf8865ba1114229f698dd2cf91,LATEST_REVISED_RELEASE_DATE_UNKNOWN,False
BLS_PUBLIC_API_V2,industrials_v1_4_segment_cost_drivers,PCU484121484121,2020-01,136.3,,2026-09-02T21:59:07.345599+00:00,,0d01c1ceb7d7b42b7f04891c9249a358d9d768bf8865ba1114229f698dd2cf91,LATEST_REVISED_RELEASE_DATE_UNKNOWN,False
BLS_PUBLIC_API_V2,industrials_v1_4_segment_cost_drivers,CES3133310003,2026-06,34.57,,2026-09-02T21:59:07.345599+00:00,,0d01c1ceb7d7b42b7f04891c9249a358d9d768bf8865ba1114229f698dd2cf91,LATEST_REVISED_RELEASE_DATE_UNKNOWN,False
BLS_PUBLIC_API_V2,industrials_v1_4_segment_cost_drivers,CES3133310003,2026-05,34.58,,2026-09-02T21:59:07.345599+00:00,,0d01c1ceb7d7b42b7f04891c9249a358d9d768bf8865ba1114229f698dd2cf91,LATEST_REVISED_RELEASE_DATE_UNKNOWN,False
BLS_PUBLIC_API_V2,industrials_v1_4_segment_cost_drivers,CES3133310003,2026-04,34.29,,2026-09-02T21:59:07.345599+00:00,,0d01c1ceb7d7b42b7f04891c9249a358d9d768bf8865ba1114229f698dd2cf91,LATEST_REVISED_RELEASE_DATE_UNKNOWN,False
BLS_PUBLIC_API_V2,industrials_v1_4_segment_cost_drivers,CES3133310003,2026-03,33.76,,2026-09-02T21:59:07.345599+00:00,,0d01c1ceb7d7b42b7f04891c9249a358d9d768bf8865ba1114229f698dd2cf91,LATEST_REVISED_RELEASE_DATE_UNKNOWN,False
BLS_PUBLIC_API_V2,industrials_v1_4_segment_cost_drivers,CES3133310003,2026-02,33.78,,2026-09-02T21:59:07.345599+00:00,,0d01c1ceb7d7b42b7f04891c9249a358d9d768bf8865ba1114229f698dd2cf91,LATEST_REVISED_RELEASE_DATE_UNKNOWN,False
BLS_PUBLIC_API_V2,industrials_v1_4_segment_cost_drivers,CES3133310003,2026-01,33.88,,2026-09-02T21:59:07.345599+00:00,,0d01c1ceb7d7b42b7f04891c9249a358d9d768bf8865ba1114229f698dd2cf91,LATEST_REVISED_RELEASE_DATE_UNKNOWN,False
BLS_PUBLIC_API_V2,industrials_v1_4_segment_cost_drivers,CES3133310003,2025-12,33.66,,2026-09-02T21:59:07.345599+00:00,,0d01c1ceb7d7b42b7f04891c9249a358d9d768bf8865ba1114229f698dd2cf91,LATEST_REVISED_RELEASE_DATE_UNKNOWN,False
BLS_PUBLIC_API_V2,industrials_v1_4_segment_cost_drivers,CES3133310003,2025-11,33.58,,2026-09-02T21:59:07.345599+00:00,,0d01c1ceb7d7b42b7f04891c9249a358d9d768bf8865ba1114229f698dd2cf91,LATEST_REVISED_RELEASE_DATE_UNKNOWN,False
BLS_PUBLIC_API_V2,industrials_v1_4_segment_cost_drivers,CES3133310003,2025-10,34.02,,2026-09-02T21:59:07.345599+00:00,,0d01c1ceb7d7b42b7f04891c9249a358d9d768bf8865ba1114229f698dd2cf91,LATEST_REVISED_RELEASE_DATE_UNKNOWN,False
BLS_PUBLIC_API_V2,industrials_v1_4_segment_cost_drivers,CES3133310003,2025-09,33.9,,2026-09-02T21:59:07.345599+00:00,,0d01c1ceb7d7b42b7f04891c9249a358d9d768bf8865ba1114229f698dd2cf91,LATEST_REVISED_RELEASE_DATE_UNKNOWN,False
BLS_PUBLIC_API_V2,industrials_v1_4_segment_cost_drivers,CES3133310003,2025-08,35.29,,2026-09-02T21:59:07.345599+00:00,,0d01c1ceb7d7b42b7f04891c9249a358d9d768bf8865ba1114229f698dd2cf91,LATEST_REVISED_RELEASE_DATE_UNKNOWN,False
BLS_PUBLIC_API_V2,industrials_v1_4_segment_cost_drivers,CES3133310003,2025-07,34.19,,2026-09-02T21:59:07.345599+00:00,,0d01c1ceb7d7b42b7f04891c9249a358d9d768bf8865ba1114229f698dd2cf91,LATEST_REVISED_RELEASE_DATE_UNKNOWN,False
BLS_PUBLIC_API_V2,industrials_v1_4_segment_cost_drivers,CES3133310003,2025-06,34.03,,2026-09-02T21:59:07.345599+00:00,,0d01c1ceb7d7b42b7f04891c9249a358d9d768bf8865ba1114229f698dd2cf91,LATEST_REVISED_RELEASE_DATE_UNKNOWN,False
BLS_PUBLIC_API_V2,industrials_v1_4_segment_cost_drivers,CES3133310003,2025-05,34.85,,2026-09-02T21:59:07.345599+00:00,,0d01c1ceb7d7b42b7f04891c9249a358d9d768bf8865ba1114229f698dd2cf91,LATEST_REVISED_RELEASE_DATE_UNKNOWN,False
BLS_PUBLIC_API_V2,industrials_v1_4_segment_cost_drivers,CES3133310003,2025-04,34.77,,2026-09-02T21:59:07.345599+00:00,,0d01c1ceb7d7b42b7f04891c9249a358d9d768bf8865ba1114229f698dd2cf91,LATEST_REVISED_RELEASE_DATE_UNKNOWN,False
BLS_PUBLIC_API_V2,industrials_v1_4_segment_cost_drivers,CES3133310003,2025-03,34.42,,2026-09-02T21:59:07.345599+00:00,,0d01c1ceb7d7b42b7f04891c9249a358d9d768bf8865ba1114229f698dd2cf91,LATEST_REVISED_RELEASE_DATE_UNKNOWN,False
BLS_PUBLIC_API_V2,industrials_v1_4_segment_cost_drivers,CES3133310003,2025-02,34.36,,2026-09-02T21:59:07.345599+00:00,,0d01c1ceb7d7b42b7f04891c9249a358d9d768bf8865ba1114229f698dd2cf91,LATEST_REVISED_RELEASE_DATE_UNKNOWN,False
BLS_PUBLIC_API_V2,industrials_v1_4_segment_cost_drivers,CES3133310003,2025-01,35.1,,2026-09-02T21:59:07.345599+00:00,,0d01c1ceb7d7b42b7f04891c9249a358d9d768bf8865ba1114229f698dd2cf91,LATEST_REVISED_RELEASE_DATE_UNKNOWN,False
BLS_PUBLIC_API_V2,industrials_v1_4_segment_cost_drivers,CES3133310003,2024-12,35.24,,2026-09-02T21:59:07.345599+00:00,,0d01c1ceb7d7b42b7f04891c9249a358d9d768bf8865ba1114229f698dd2cf91,LATEST_REVISED_RELEASE_DATE_UNKNOWN,False
BLS_PUBLIC_API_V2,industrials_v1_4_segment_cost_drivers,CES3133310003,2024-11,35.59,,2026-09-02T21:59:07.345599+00:00,,0d01c1ceb7d7b42b7f04891c9249a358d9d768bf8865ba1114229f698dd2cf91,LATEST_REVISED_RELEASE_DATE_UNKNOWN,False
BLS_PUBLIC_API_V2,industrials_v1_4_segment_cost_drivers,CES3133310003,2024-10,35.52,,2026-09-02T21:59:07.345599+00:00,,0d01c1ceb7d7b42b7f04891c9249a358d9d768bf8865ba1114229f698dd2cf91,LATEST_REVISED_RELEASE_DATE_UNKNOWN,False
BLS_PUBLIC_API_V2,industrials_v1_4_segment_cost_drivers,CES3133310003,2024-09,34.77,,2026-09-02T21:59:07.345599+00:00,,0d01c1ceb7d7b42b7f04891c9249a358d9d768bf8865ba1114229f698dd2cf91,LATEST_REVISED_RELEASE_DATE_UNKNOWN,False
BLS_PUBLIC_API_V2,industrials_v1_4_segment_cost_drivers,CES3133310003,2024-08,35.43,,2026-09-02T21:59:07.345599+00:00,,0d01c1ceb7d7b42b7f04891c9249a358d9d768bf8865ba1114229f698dd2cf91,LATEST_REVISED_RELEASE_DATE_UNKNOWN,False
BLS_PUBLIC_API_V2,industrials_v1_4_segment_cost_drivers,CES3133310003,2024-07,35.57,,2026-09-02T21:59:07.345599+00:00,,0d01c1ceb7d7b42b7f04891c9249a358d9d768bf8865ba1114229f698dd2cf91,LATEST_REVISED_RELEASE_DATE_UNKNOWN,False
BLS_PUBLIC_API_V2,industrials_v1_4_segment_cost_drivers,CES3133310003,2024-06,36.26,,2026-09-02T21:59:07.345599+00:00,,0d01c1ceb7d7b42b7f04891c9249a358d9d768bf8865ba1114229f698dd2cf91,LATEST_REVISED_RELEASE_DATE_UNKNOWN,False
BLS_PUBLIC_API_V2,industrials_v1_4_segment_cost_drivers,CES3133310003,2024-05,35.2,,2026-09-02T21:59:07.345599+00:00,,0d01c1ceb7d7b42b7f04891c9249a358d9d768bf8865ba1114229f698dd2cf91,LATEST_REVISED_RELEASE_DATE_UNKNOWN,False
BLS_PUBLIC_API_V2,industrials_v1_4_segment_cost_drivers,CES3133310003,2024-04,34.98,,2026-09-02T21:59:07.345599+00:00,,0d01c1ceb7d7b42b7f04891c9249a358d9d768bf8865ba1114229f698dd2cf91,LATEST_REVISED_RELEASE_DATE_UNKNOWN,False
BLS_PUBLIC_API_V2,industrials_v1_4_segment_cost_drivers,CES3133310003,2024-03,34.99,,2026-09-02T21:59:07.345599+00:00,,0d01c1ceb7d7b42b7f04891c9249a358d9d768bf8865ba1114229f698dd2cf91,LATEST_REVISED_RELEASE_DATE_UNKNOWN,False
BLS_PUBLIC_API_V2,industrials_v1_4_segment_cost_drivers,CES3133310003,2024-02,34.71,,2026-09-02T21:59:07.345599+00:00,,0d01c1ceb7d7b42b7f04891c9249a358d9d768bf8865ba1114229f698dd2cf91,LATEST_REVISED_RELEASE_DATE_UNKNOWN,False
BLS_PUBLIC_API_V2,industrials_v1_4_segment_cost_drivers,CES3133310003,2024-01,34.21,,2026-09-02T21:59:07.345599+00:00,,0d01c1ceb7d7b42b7f04891c9249a358d9d768bf8865ba1114229f698dd2cf91,LATEST_REVISED_RELEASE_DATE_UNKNOWN,False
BLS_PUBLIC_API_V2,industrials_v1_4_segment_cost_drivers,CES3133310003,2023-12,34.55,,2026-09-02T21:59:07.345599+00:00,,0d01c1ceb7d7b42b7f04891c9249a358d9d768bf8865ba1114229f698dd2cf91,LATEST_REVISED_RELEASE_DATE_UNKNOWN,False
BLS_PUBLIC_API_V2,industrials_v1_4_segment_cost_drivers,CES3133310003,2023-11,34.07,,2026-09-02T21:59:07.345599+00:00,,0d01c1ceb7d7b42b7f04891c9249a358d9d768bf8865ba1114229f698dd2cf91,LATEST_REVISED_RELEASE_DATE_UNKNOWN,False
BLS_PUBLIC_API_V2,industrials_v1_4_segment_cost_drivers,CES3133310003,2023-10,33.87,,2026-09-02T21:59:07.345599+00:00,,0d01c1ceb7d7b42b7f04891c9249a358d9d768bf8865ba1114229f698dd2cf91,LATEST_REVISED_RELEASE_DATE_UNKNOWN,False
BLS_PUBLIC_API_V2,industrials_v1_4_segment_cost_drivers,CES3133310003,2023-09,33.64,,2026-09-02T21:59:07.345599+00:00,,0d01c1ceb7d7b42b7f04891c9249a358d9d768bf8865ba1114229f698dd2cf91,LATEST_REVISED_RELEASE_DATE_UNKNOWN,False
BLS_PUBLIC_API_V2,industrials_v1_4_segment_cost_drivers,CES3133310003,2023-08,32.84,,2026-09-02T21:59:07.345599+00:00,,0d01c1ceb7d7b42b7f04891c9249a358d9d768bf8865ba1114229f698dd2cf91,LATEST_REVISED_RELEASE_DATE_UNKNOWN,False
BLS_PUBLIC_API_V2,industrials_v1_4_segment_cost_drivers,CES3133310003,2023-07,32.87,,2026-09-02T21:59:07.345599+00:00,,0d01c1ceb7d7b42b7f04891c9249a358d9d768bf8865ba1114229f698dd2cf91,LATEST_REVISED_RELEASE_DATE_UNKNOWN,False
BLS_PUBLIC_API_V2,industrials_v1_4_segment_cost_drivers,CES3133310003,2023-06,32.64,,2026-09-02T21:59:07.345599+00:00,,0d01c1ceb7d7b42b7f04891c9249a358d9d768bf8865ba1114229f698dd2cf91,LATEST_REVISED_RELEASE_DATE_UNKNOWN,False
BLS_PUBLIC_API_V2,industrials_v1_4_segment_cost_drivers,CES3133310003,2023-05,32.38,,2026-09-02T21:59:07.345599+00:00,,0d01c1ceb7d7b42b7f04891c9249a358d9d768bf8865ba1114229f698dd2cf91,LATEST_REVISED_RELEASE_DATE_UNKNOWN,False
BLS_PUBLIC_API_V2,industrials_v1_4_segment_cost_drivers,CES3133310003,2023-04,32.21,,2026-09-02T21:59:07.345599+00:00,,0d01c1ceb7d7b42b7f04891c9249a358d9d768bf8865ba1114229f698dd2cf91,LATEST_REVISED_RELEASE_DATE_UNKNOWN,False
BLS_PUBLIC_API_V2,industrials_v1_4_segment_cost_drivers,CES3133310003,2023-03,32.05,,2026-09-02T21:59:07.345599+00:00,,0d01c1ceb7d7b42b7f04891c9249a358d9d768bf8865ba1114229f698dd2cf91,LATEST_REVISED_RELEASE_DATE_UNKNOWN,False
BLS_PUBLIC_API_V2,industrials_v1_4_segment_cost_drivers,CES3133310003,2023-02,32.01,,2026-09-02T21:59:07.345599+00:00,,0d01c1ceb7d7b42b7f04891c9249a358d9d768bf8865ba1114229f698dd2cf91,LATEST_REVISED_RELEASE_DATE_UNKNOWN,False
BLS_PUBLIC_API_V2,industrials_v1_4_segment_cost_drivers,CES3133310003,2023-01,31.9,,2026-09-02T21:59:07.345599+00:00,,0d01c1ceb7d7b42b7f04891c9249a358d9d768bf8865ba1114229f698dd2cf91,LATEST_REVISED_RELEASE_DATE_UNKNOWN,False
BLS_PUBLIC_API_V2,industrials_v1_4_segment_cost_drivers,CES3133310003,2022-12,31.47,,2026-09-02T21:59:07.345599+00:00,,0d01c1ceb7d7b42b7f04891c9249a358d9d768bf8865ba1114229f698dd2cf91,LATEST_REVISED_RELEASE_DATE_UNKNOWN,False
BLS_PUBLIC_API_V2,industrials_v1_4_segment_cost_drivers,CES3133310003,2022-11,32.33,,2026-09-02T21:59:07.345599+00:00,,0d01c1ceb7d7b42b7f04891c9249a358d9d768bf8865ba1114229f698dd2cf91,LATEST_REVISED_RELEASE_DATE_UNKNOWN,False
BLS_PUBLIC_API_V2,industrials_v1_4_segment_cost_drivers,CES3133310003,2022-10,31.99,,2026-09-02T21:59:07.345599+00:00,,0d01c1ceb7d7b42b7f04891c9249a358d9d768bf8865ba1114229f698dd2cf91,LATEST_REVISED_RELEASE_DATE_UNKNOWN,False
BLS_PUBLIC_API_V2,industrials_v1_4_segment_cost_drivers,CES3133310003,2022-09,32.37,,2026-09-02T21:59:07.345599+00:00,,0d01c1ceb7d7b42b7f04891c9249a358d9d768bf8865ba1114229f698dd2cf91,LATEST_REVISED_RELEASE_DATE_UNKNOWN,False
BLS_PUBLIC_API_V2,industrials_v1_4_segment_cost_drivers,CES3133310003,2022-08,32.08,,2026-09-02T21:59:07.345599+00:00,,0d01c1ceb7d7b42b7f04891c9249a358d9d768bf8865ba1114229f698dd2cf91,LATEST_REVISED_RELEASE_DATE_UNKNOWN,False
BLS_PUBLIC_API_V2,industrials_v1_4_segment_cost_drivers,CES3133310003,2022-07,32.33,,2026-09-02T21:59:07.345599+00:00,,0d01c1ceb7d7b42b7f04891c9249a358d9d768bf8865ba1114229f698dd2cf91,LATEST_REVISED_RELEASE_DATE_UNKNOWN,False
BLS_PUBLIC_API_V2,industrials_v1_4_segment_cost_drivers,CES3133310003,2022-06,32.13,,2026-09-02T21:59:07.345599+00:00,,0d01c1ceb7d7b42b7f04891c9249a358d9d768bf8865ba1114229f698dd2cf91,LATEST_REVISED_RELEASE_DATE_UNKNOWN,False
BLS_PUBLIC_API_V2,industrials_v1_4_segment_cost_drivers,CES3133310003,2022-05,32.09,,2026-09-02T21:59:07.345599+00:00,,0d01c1ceb7d7b42b7f04891c9249a358d9d768bf8865ba1114229f698dd2cf91,LATEST_REVISED_RELEASE_DATE_UNKNOWN,False
BLS_PUBLIC_API_V2,industrials_v1_4_segment_cost_drivers,CES3133310003,2022-04,32.77,,2026-09-02T21:59:07.345599+00:00,,0d01c1ceb7d7b42b7f04891c9249a358d9d768bf8865ba1114229f698dd2cf91,LATEST_REVISED_RELEASE_DATE_UNKNOWN,False
BLS_PUBLIC_API_V2,industrials_v1_4_segment_cost_drivers,CES3133310003,2022-03,30.94,,2026-09-02T21:59:07.345599+00:00,,0d01c1ceb7d7b42b7f04891c9249a358d9d768bf8865ba1114229f698dd2cf91,LATEST_REVISED_RELEASE_DATE_UNKNOWN,False
BLS_PUBLIC_API_V2,industrials_v1_4_segment_cost_drivers,CES3133310003,2022-02,30.5,,2026-09-02T21:59:07.345599+00:00,,0d01c1ceb7d7b42b7f04891c9249a358d9d768bf8865ba1114229f698dd2cf91,LATEST_REVISED_RELEASE_DATE_UNKNOWN,False
BLS_PUBLIC_API_V2,industrials_v1_4_segment_cost_drivers,CES3133310003,2022-01,30.62,,2026-09-02T21:59:07.345599+00:00,,0d01c1ceb7d7b42b7f04891c9249a358d9d768bf8865ba1114229f698dd2cf91,LATEST_REVISED_RELEASE_DATE_UNKNOWN,False
BLS_PUBLIC_API_V2,industrials_v1_4_segment_cost_drivers,CES3133310003,2021-12,29.99,,2026-09-02T21:59:07.345599+00:00,,0d01c1ceb7d7b42b7f04891c9249a358d9d768bf8865ba1114229f698dd2cf91,LATEST_REVISED_RELEASE_DATE_UNKNOWN,False
BLS_PUBLIC_API_V2,industrials_v1_4_segment_cost_drivers,CES3133310003,2021-11,29.8,,2026-09-02T21:59:07.345599+00:00,,0d01c1ceb7d7b42b7f04891c9249a358d9d768bf8865ba1114229f698dd2cf91,LATEST_REVISED_RELEASE_DATE_UNKNOWN,False
BLS_PUBLIC_API_V2,industrials_v1_4_segment_cost_drivers,CES3133310003,2021-10,29.86,,2026-09-02T21:59:07.345599+00:00,,0d01c1ceb7d7b42b7f04891c9249a358d9d768bf8865ba1114229f698dd2cf91,LATEST_REVISED_RELEASE_DATE_UNKNOWN,False
BLS_PUBLIC_API_V2,industrials_v1_4_segment_cost_drivers,CES3133310003,2021-09,29.56,,2026-09-02T21:59:07.345599+00:00,,0d01c1ceb7d7b42b7f04891c9249a358d9d768bf8865ba1114229f698dd2cf91,LATEST_REVISED_RELEASE_DATE_UNKNOWN,False
BLS_PUBLIC_API_V2,industrials_v1_4_segment_cost_drivers,CES3133310003,2021-08,29.3,,2026-09-02T21:59:07.345599+00:00,,0d01c1ceb7d7b42b7f04891c9249a358d9d768bf8865ba1114229f698dd2cf91,LATEST_REVISED_RELEASE_DATE_UNKNOWN,False
BLS_PUBLIC_API_V2,industrials_v1_4_segment_cost_drivers,CES3133310003,2021-07,28.65,,2026-09-02T21:59:07.345599+00:00,,0d01c1ceb7d7b42b7f04891c9249a358d9d768bf8865ba1114229f698dd2cf91,LATEST_REVISED_RELEASE_DATE_UNKNOWN,False
BLS_PUBLIC_API_V2,industrials_v1_4_segment_cost_drivers,CES3133310003,2021-06,29.26,,2026-09-02T21:59:07.345599+00:00,,0d01c1ceb7d7b42b7f04891c9249a358d9d768bf8865ba1114229f698dd2cf91,LATEST_REVISED_RELEASE_DATE_UNKNOWN,False
BLS_PUBLIC_API_V2,industrials_v1_4_segment_cost_drivers,CES3133310003,2021-05,29.48,,2026-09-02T21:59:07.345599+00:00,,0d01c1ceb7d7b42b7f04891c9249a358d9d768bf8865ba1114229f698dd2cf91,LATEST_REVISED_RELEASE_DATE_UNKNOWN,False
BLS_PUBLIC_API_V2,industrials_v1_4_segment_cost_drivers,CES3133310003,2021-04,29.22,,2026-09-02T21:59:07.345599+00:00,,0d01c1ceb7d7b42b7f04891c9249a358d9d768bf8865ba1114229f698dd2cf91,LATEST_REVISED_RELEASE_DATE_UNKNOWN,False
BLS_PUBLIC_API_V2,industrials_v1_4_segment_cost_drivers,CES3133310003,2021-03,29.08,,2026-09-02T21:59:07.345599+00:00,,0d01c1ceb7d7b42b7f04891c9249a358d9d768bf8865ba1114229f698dd2cf91,LATEST_REVISED_RELEASE_DATE_UNKNOWN,False
BLS_PUBLIC_API_V2,industrials_v1_4_segment_cost_drivers,CES3133310003,2021-02,28.92,,2026-09-02T21:59:07.345599+00:00,,0d01c1ceb7d7b42b7f04891c9249a358d9d768bf8865ba1114229f698dd2cf91,LATEST_REVISED_RELEASE_DATE_UNKNOWN,False
BLS_PUBLIC_API_V2,industrials_v1_4_segment_cost_drivers,CES3133310003,2021-01,30.32,,2026-09-02T21:59:07.345599+00:00,,0d01c1ceb7d7b42b7f04891c9249a358d9d768bf8865ba1114229f698dd2cf91,LATEST_REVISED_RELEASE_DATE_UNKNOWN,False
BLS_PUBLIC_API_V2,industrials_v1_4_segment_cost_drivers,CES3133310003,2020-12,29.53,,2026-09-02T21:59:07.345599+00:00,,0d01c1ceb7d7b42b7f04891c9249a358d9d768bf8865ba1114229f698dd2cf91,LATEST_REVISED_RELEASE_DATE_UNKNOWN,False
BLS_PUBLIC_API_V2,industrials_v1_4_segment_cost_drivers,CES3133310003,2020-11,29.01,,2026-09-02T21:59:07.345599+00:00,,0d01c1ceb7d7b42b7f04891c9249a358d9d768bf8865ba1114229f698dd2cf91,LATEST_REVISED_RELEASE_DATE_UNKNOWN,False
BLS_PUBLIC_API_V2,industrials_v1_4_segment_cost_drivers,CES3133310003,2020-10,28.64,,2026-09-02T21:59:07.345599+00:00,,0d01c1ceb7d7b42b7f04891c9249a358d9d768bf8865ba1114229f698dd2cf91,LATEST_REVISED_RELEASE_DATE_UNKNOWN,False
BLS_PUBLIC_API_V2,industrials_v1_4_segment_cost_drivers,CES3133310003,2020-09,28.47,,2026-09-02T21:59:07.345599+00:00,,0d01c1ceb7d7b42b7f04891c9249a358d9d768bf8865ba1114229f698dd2cf91,LATEST_REVISED_RELEASE_DATE_UNKNOWN,False
BLS_PUBLIC_API_V2,industrials_v1_4_segment_cost_drivers,CES3133310003,2020-08,28.79,,2026-09-02T21:59:07.345599+00:00,,0d01c1ceb7d7b42b7f04891c9249a358d9d768bf8865ba1114229f698dd2cf91,LATEST_REVISED_RELEASE_DATE_UNKNOWN,False
BLS_PUBLIC_API_V2,industrials_v1_4_segment_cost_drivers,CES3133310003,2020-07,28.76,,2026-09-02T21:59:07.345599+00:00,,0d01c1ceb7d7b42b7f04891c9249a358d9d768bf8865ba1114229f698dd2cf91,LATEST_REVISED_RELEASE_DATE_UNKNOWN,False
BLS_PUBLIC_API_V2,industrials_v1_4_segment_cost_drivers,CES3133310003,2020-06,28.52,,2026-09-02T21:59:07.345599+00:00,,0d01c1ceb7d7b42b7f04891c9249a358d9d768bf8865ba1114229f698dd2cf91,LATEST_REVISED_RELEASE_DATE_UNKNOWN,False
BLS_PUBLIC_API_V2,industrials_v1_4_segment_cost_drivers,CES3133310003,2020-05,28.34,,2026-09-02T21:59:07.345599+00:00,,0d01c1ceb7d7b42b7f04891c9249a358d9d768bf8865ba1114229f698dd2cf91,LATEST_REVISED_RELEASE_DATE_UNKNOWN,False
BLS_PUBLIC_API_V2,industrials_v1_4_segment_cost_drivers,CES3133310003,2020-04,28.59,,2026-09-02T21:59:07.345599+00:00,,0d01c1ceb7d7b42b7f04891c9249a358d9d768bf8865ba1114229f698dd2cf91,LATEST_REVISED_RELEASE_DATE_UNKNOWN,False
BLS_PUBLIC_API_V2,industrials_v1_4_segment_cost_drivers,CES3133310003,2020-03,28.97,,2026-09-02T21:59:07.345599+00:00,,0d01c1ceb7d7b42b7f04891c9249a358d9d768bf8865ba1114229f698dd2cf91,LATEST_REVISED_RELEASE_DATE_UNKNOWN,False
BLS_PUBLIC_API_V2,industrials_v1_4_segment_cost_drivers,CES3133310003,2020-02,29.03,,2026-09-02T21:59:07.345599+00:00,,0d01c1ceb7d7b42b7f04891c9249a358d9d768bf8865ba1114229f698dd2cf91,LATEST_REVISED_RELEASE_DATE_UNKNOWN,False
BLS_PUBLIC_API_V2,industrials_v1_4_segment_cost_drivers,CES3133310003,2020-01,29.02,,2026-09-02T21:59:07.345599+00:00,,0d01c1ceb7d7b42b7f04891c9249a358d9d768bf8865ba1114229f698dd2cf91,LATEST_REVISED_RELEASE_DATE_UNKNOWN,False
BLS_PUBLIC_API_V2,industrials_v1_4_segment_cost_drivers,WPU114,2026-07,379.724,,2026-09-02T21:59:07.345599+00:00,,0d01c1ceb7d7b42b7f04891c9249a358d9d768bf8865ba1114229f698dd2cf91,LATEST_REVISED_RELEASE_DATE_UNKNOWN,False
BLS_PUBLIC_API_V2,industrials_v1_4_segment_cost_drivers,WPU114,2026-06,377.814,,2026-09-02T21:59:07.345599+00:00,,0d01c1ceb7d7b42b7f04891c9249a358d9d768bf8865ba1114229f698dd2cf91,LATEST_REVISED_RELEASE_DATE_UNKNOWN,False
BLS_PUBLIC_API_V2,industrials_v1_4_segment_cost_drivers,WPU114,2026-05,377.212,,2026-09-02T21:59:07.345599+00:00,,0d01c1ceb7d7b42b7f04891c9249a358d9d768bf8865ba1114229f698dd2cf91,LATEST_REVISED_RELEASE_DATE_UNKNOWN,False
BLS_PUBLIC_API_V2,industrials_v1_4_segment_cost_drivers,WPU114,2026-04,376.172,,2026-09-02T21:59:07.345599+00:00,,0d01c1ceb7d7b42b7f04891c9249a358d9d768bf8865ba1114229f698dd2cf91,LATEST_REVISED_RELEASE_DATE_UNKNOWN,False
BLS_PUBLIC_API_V2,industrials_v1_4_segment_cost_drivers,WPU114,2026-03,375.92,,2026-09-02T21:59:07.345599+00:00,,0d01c1ceb7d7b42b7f04891c9249a358d9d768bf8865ba1114229f698dd2cf91,LATEST_REVISED_RELEASE_DATE_UNKNOWN,False
BLS_PUBLIC_API_V2,industrials_v1_4_segment_cost_drivers,WPU114,2026-02,373.868,,2026-09-02T21:59:07.345599+00:00,,0d01c1ceb7d7b42b7f04891c9249a358d9d768bf8865ba1114229f698dd2cf91,LATEST_REVISED_RELEASE_DATE_UNKNOWN,False
BLS_PUBLIC_API_V2,industrials_v1_4_segment_cost_drivers,WPU114,2026-01,371.819,,2026-09-02T21:59:07.345599+00:00,,0d01c1ceb7d7b42b7f04891c9249a358d9d768bf8865ba1114229f698dd2cf91,LATEST_REVISED_RELEASE_DATE_UNKNOWN,False
BLS_PUBLIC_API_V2,industrials_v1_4_segment_cost_drivers,WPU114,2025-12,369.854,,2026-09-02T21:59:07.345599+00:00,,0d01c1ceb7d7b42b7f04891c9249a358d9d768bf8865ba1114229f698dd2cf91,LATEST_REVISED_RELEASE_DATE_UNKNOWN,False
BLS_PUBLIC_API_V2,industrials_v1_4_segment_cost_drivers,WPU114,2025-11,368.921,,2026-09-02T21:59:07.345599+00:00,,0d01c1ceb7d7b42b7f04891c9249a358d9d768bf8865ba1114229f698dd2cf91,LATEST_REVISED_RELEASE_DATE_UNKNOWN,False
BLS_PUBLIC_API_V2,industrials_v1_4_segment_cost_drivers,WPU114,2025-10,368.128,,2026-09-02T21:59:07.345599+00:00,,0d01c1ceb7d7b42b7f04891c9249a358d9d768bf8865ba1114229f698dd2cf91,LATEST_REVISED_RELEASE_DATE_UNKNOWN,False
BLS_PUBLIC_API_V2,industrials_v1_4_segment_cost_drivers,WPU114,2025-09,365.675,,2026-09-02T21:59:07.345599+00:00,,0d01c1ceb7d7b42b7f04891c9249a358d9d768bf8865ba1114229f698dd2cf91,LATEST_REVISED_RELEASE_DATE_UNKNOWN,False
BLS_PUBLIC_API_V2,industrials_v1_4_segment_cost_drivers,WPU114,2025-08,361.057,,2026-09-02T21:59:07.345599+00:00,,0d01c1ceb7d7b42b7f04891c9249a358d9d768bf8865ba1114229f698dd2cf91,LATEST_REVISED_RELEASE_DATE_UNKNOWN,False
BLS_PUBLIC_API_V2,industrials_v1_4_segment_cost_drivers,WPU114,2025-07,359.433,,2026-09-02T21:59:07.345599+00:00,,0d01c1ceb7d7b42b7f04891c9249a358d9d768bf8865ba1114229f698dd2cf91,LATEST_REVISED_RELEASE_DATE_UNKNOWN,False
BLS_PUBLIC_API_V2,industrials_v1_4_segment_cost_drivers,WPU114,2025-06,357.853,,2026-09-02T21:59:07.345599+00:00,,0d01c1ceb7d7b42b7f04891c9249a358d9d768bf8865ba1114229f698dd2cf91,LATEST_REVISED_RELEASE_DATE_UNKNOWN,False
BLS_PUBLIC_API_V2,industrials_v1_4_segment_cost_drivers,WPU114,2025-05,354.766,,2026-09-02T21:59:07.345599+00:00,,0d01c1ceb7d7b42b7f04891c9249a358d9d768bf8865ba1114229f698dd2cf91,LATEST_REVISED_RELEASE_DATE_UNKNOWN,False
BLS_PUBLIC_API_V2,industrials_v1_4_segment_cost_drivers,WPU114,2025-04,351.834,,2026-09-02T21:59:07.345599+00:00,,0d01c1ceb7d7b42b7f04891c9249a358d9d768bf8865ba1114229f698dd2cf91,LATEST_REVISED_RELEASE_DATE_UNKNOWN,False
BLS_PUBLIC_API_V2,industrials_v1_4_segment_cost_drivers,WPU114,2025-03,348.567,,2026-09-02T21:59:07.345599+00:00,,0d01c1ceb7d7b42b7f04891c9249a358d9d768bf8865ba1114229f698dd2cf91,LATEST_REVISED_RELEASE_DATE_UNKNOWN,False
BLS_PUBLIC_API_V2,industrials_v1_4_segment_cost_drivers,WPU114,2025-02,347.84,,2026-09-02T21:59:07.345599+00:00,,0d01c1ceb7d7b42b7f04891c9249a358d9d768bf8865ba1114229f698dd2cf91,LATEST_REVISED_RELEASE_DATE_UNKNOWN,False
BLS_PUBLIC_API_V2,industrials_v1_4_segment_cost_drivers,WPU114,2025-01,346.512,,2026-09-02T21:59:07.345599+00:00,,0d01c1ceb7d7b42b7f04891c9249a358d9d768bf8865ba1114229f698dd2cf91,LATEST_REVISED_RELEASE_DATE_UNKNOWN,False
BLS_PUBLIC_API_V2,industrials_v1_4_segment_cost_drivers,WPU114,2024-12,343.19,,2026-09-02T21:59:07.345599+00:00,,0d01c1ceb7d7b42b7f04891c9249a358d9d768bf8865ba1114229f698dd2cf91,LATEST_REVISED_RELEASE_DATE_UNKNOWN,False
BLS_PUBLIC_API_V2,industrials_v1_4_segment_cost_drivers,WPU114,2024-11,342.535,,2026-09-02T21:59:07.345599+00:00,,0d01c1ceb7d7b42b7f04891c9249a358d9d768bf8865ba1114229f698dd2cf91,LATEST_REVISED_RELEASE_DATE_UNKNOWN,False
BLS_PUBLIC_API_V2,industrials_v1_4_segment_cost_drivers,WPU114,2024-10,342.58,,2026-09-02T21:59:07.345599+00:00,,0d01c1ceb7d7b42b7f04891c9249a358d9d768bf8865ba1114229f698dd2cf91,LATEST_REVISED_RELEASE_DATE_UNKNOWN,False
BLS_PUBLIC_API_V2,industrials_v1_4_segment_cost_drivers,WPU114,2024-09,342.378,,2026-09-02T21:59:07.345599+00:00,,0d01c1ceb7d7b42b7f04891c9249a358d9d768bf8865ba1114229f698dd2cf91,LATEST_REVISED_RELEASE_DATE_UNKNOWN,False
BLS_PUBLIC_API_V2,industrials_v1_4_segment_cost_drivers,WPU114,2024-08,342.718,,2026-09-02T21:59:07.345599+00:00,,0d01c1ceb7d7b42b7f04891c9249a358d9d768bf8865ba1114229f698dd2cf91,LATEST_REVISED_RELEASE_DATE_UNKNOWN,False
BLS_PUBLIC_API_V2,industrials_v1_4_segment_cost_drivers,WPU114,2024-07,340.518,,2026-09-02T21:59:07.345599+00:00,,0d01c1ceb7d7b42b7f04891c9249a358d9d768bf8865ba1114229f698dd2cf91,LATEST_REVISED_RELEASE_DATE_UNKNOWN,False
BLS_PUBLIC_API_V2,industrials_v1_4_segment_cost_drivers,WPU114,2024-06,340.25,,2026-09-02T21:59:07.345599+00:00,,0d01c1ceb7d7b42b7f04891c9249a358d9d768bf8865ba1114229f698dd2cf91,LATEST_REVISED_RELEASE_DATE_UNKNOWN,False
BLS_PUBLIC_API_V2,industrials_v1_4_segment_cost_drivers,WPU114,2024-05,340.145,,2026-09-02T21:59:07.345599+00:00,,0d01c1ceb7d7b42b7f04891c9249a358d9d768bf8865ba1114229f698dd2cf91,LATEST_REVISED_RELEASE_DATE_UNKNOWN,False
BLS_PUBLIC_API_V2,industrials_v1_4_segment_cost_drivers,WPU114,2024-04,339.28,,2026-09-02T21:59:07.345599+00:00,,0d01c1ceb7d7b42b7f04891c9249a358d9d768bf8865ba1114229f698dd2cf91,LATEST_REVISED_RELEASE_DATE_UNKNOWN,False
BLS_PUBLIC_API_V2,industrials_v1_4_segment_cost_drivers,WPU114,2024-03,336.762,,2026-09-02T21:59:07.345599+00:00,,0d01c1ceb7d7b42b7f04891c9249a358d9d768bf8865ba1114229f698dd2cf91,LATEST_REVISED_RELEASE_DATE_UNKNOWN,False
BLS_PUBLIC_API_V2,industrials_v1_4_segment_cost_drivers,WPU114,2024-02,336.031,,2026-09-02T21:59:07.345599+00:00,,0d01c1ceb7d7b42b7f04891c9249a358d9d768bf8865ba1114229f698dd2cf91,LATEST_REVISED_RELEASE_DATE_UNKNOWN,False
BLS_PUBLIC_API_V2,industrials_v1_4_segment_cost_drivers,WPU114,2024-01,334.015,,2026-09-02T21:59:07.345599+00:00,,0d01c1ceb7d7b42b7f04891c9249a358d9d768bf8865ba1114229f698dd2cf91,LATEST_REVISED_RELEASE_DATE_UNKNOWN,False
BLS_PUBLIC_API_V2,industrials_v1_4_segment_cost_drivers,WPU114,2023-12,332.137,,2026-09-02T21:59:07.345599+00:00,,0d01c1ceb7d7b42b7f04891c9249a358d9d768bf8865ba1114229f698dd2cf91,LATEST_REVISED_RELEASE_DATE_UNKNOWN,False
BLS_PUBLIC_API_V2,industrials_v1_4_segment_cost_drivers,WPU114,2023-11,332.007,,2026-09-02T21:59:07.345599+00:00,,0d01c1ceb7d7b42b7f04891c9249a358d9d768bf8865ba1114229f698dd2cf91,LATEST_REVISED_RELEASE_DATE_UNKNOWN,False
BLS_PUBLIC_API_V2,industrials_v1_4_segment_cost_drivers,WPU114,2023-10,332.699,,2026-09-02T21:59:07.345599+00:00,,0d01c1ceb7d7b42b7f04891c9249a358d9d768bf8865ba1114229f698dd2cf91,LATEST_REVISED_RELEASE_DATE_UNKNOWN,False
BLS_PUBLIC_API_V2,industrials_v1_4_segment_cost_drivers,WPU114,2023-09,331.391,,2026-09-02T21:59:07.345599+00:00,,0d01c1ceb7d7b42b7f04891c9249a358d9d768bf8865ba1114229f698dd2cf91,LATEST_REVISED_RELEASE_DATE_UNKNOWN,False
BLS_PUBLIC_API_V2,industrials_v1_4_segment_cost_drivers,WPU114,2023-08,330.359,,2026-09-02T21:59:07.345599+00:00,,0d01c1ceb7d7b42b7f04891c9249a358d9d768bf8865ba1114229f698dd2cf91,LATEST_REVISED_RELEASE_DATE_UNKNOWN,False
BLS_PUBLIC_API_V2,industrials_v1_4_segment_cost_drivers,WPU114,2023-07,329.921,,2026-09-02T21:59:07.345599+00:00,,0d01c1ceb7d7b42b7f04891c9249a358d9d768bf8865ba1114229f698dd2cf91,LATEST_REVISED_RELEASE_DATE_UNKNOWN,False
BLS_PUBLIC_API_V2,industrials_v1_4_segment_cost_drivers,WPU114,2023-06,328.454,,2026-09-02T21:59:07.345599+00:00,,0d01c1ceb7d7b42b7f04891c9249a358d9d768bf8865ba1114229f698dd2cf91,LATEST_REVISED_RELEASE_DATE_UNKNOWN,False
BLS_PUBLIC_API_V2,industrials_v1_4_segment_cost_drivers,WPU114,2023-05,328.213,,2026-09-02T21:59:07.345599+00:00,,0d01c1ceb7d7b42b7f04891c9249a358d9d768bf8865ba1114229f698dd2cf91,LATEST_REVISED_RELEASE_DATE_UNKNOWN,False
BLS_PUBLIC_API_V2,industrials_v1_4_segment_cost_drivers,WPU114,2023-04,326.473,,2026-09-02T21:59:07.345599+00:00,,0d01c1ceb7d7b42b7f04891c9249a358d9d768bf8865ba1114229f698dd2cf91,LATEST_REVISED_RELEASE_DATE_UNKNOWN,False
BLS_PUBLIC_API_V2,industrials_v1_4_segment_cost_drivers,WPU114,2023-03,323.293,,2026-09-02T21:59:07.345599+00:00,,0d01c1ceb7d7b42b7f04891c9249a358d9d768bf8865ba1114229f698dd2cf91,LATEST_REVISED_RELEASE_DATE_UNKNOWN,False
BLS_PUBLIC_API_V2,industrials_v1_4_segment_cost_drivers,WPU114,2023-02,321.077,,2026-09-02T21:59:07.345599+00:00,,0d01c1ceb7d7b42b7f04891c9249a358d9d768bf8865ba1114229f698dd2cf91,LATEST_REVISED_RELEASE_DATE_UNKNOWN,False
BLS_PUBLIC_API_V2,industrials_v1_4_segment_cost_drivers,WPU114,2023-01,320.067,,2026-09-02T21:59:07.345599+00:00,,0d01c1ceb7d7b42b7f04891c9249a358d9d768bf8865ba1114229f698dd2cf91,LATEST_REVISED_RELEASE_DATE_UNKNOWN,False
BLS_PUBLIC_API_V2,industrials_v1_4_segment_cost_drivers,WPU114,2022-12,315.868,,2026-09-02T21:59:07.345599+00:00,,0d01c1ceb7d7b42b7f04891c9249a358d9d768bf8865ba1114229f698dd2cf91,LATEST_REVISED_RELEASE_DATE_UNKNOWN,False
BLS_PUBLIC_API_V2,industrials_v1_4_segment_cost_drivers,WPU114,2022-11,315.106,,2026-09-02T21:59:07.345599+00:00,,0d01c1ceb7d7b42b7f04891c9249a358d9d768bf8865ba1114229f698dd2cf91,LATEST_REVISED_RELEASE_DATE_UNKNOWN,False
BLS_PUBLIC_API_V2,industrials_v1_4_segment_cost_drivers,WPU114,2022-10,313.525,,2026-09-02T21:59:07.345599+00:00,,0d01c1ceb7d7b42b7f04891c9249a358d9d768bf8865ba1114229f698dd2cf91,LATEST_REVISED_RELEASE_DATE_UNKNOWN,False
BLS_PUBLIC_API_V2,industrials_v1_4_segment_cost_drivers,WPU114,2022-09,312.08,,2026-09-02T21:59:07.345599+00:00,,0d01c1ceb7d7b42b7f04891c9249a358d9d768bf8865ba1114229f698dd2cf91,LATEST_REVISED_RELEASE_DATE_UNKNOWN,False
BLS_PUBLIC_API_V2,industrials_v1_4_segment_cost_drivers,WPU114,2022-08,310.814,,2026-09-02T21:59:07.345599+00:00,,0d01c1ceb7d7b42b7f04891c9249a358d9d768bf8865ba1114229f698dd2cf91,LATEST_REVISED_RELEASE_DATE_UNKNOWN,False
BLS_PUBLIC_API_V2,industrials_v1_4_segment_cost_drivers,WPU114,2022-07,309.376,,2026-09-02T21:59:07.345599+00:00,,0d01c1ceb7d7b42b7f04891c9249a358d9d768bf8865ba1114229f698dd2cf91,LATEST_REVISED_RELEASE_DATE_UNKNOWN,False
BLS_PUBLIC_API_V2,industrials_v1_4_segment_cost_drivers,WPU114,2022-06,305.793,,2026-09-02T21:59:07.345599+00:00,,0d01c1ceb7d7b42b7f04891c9249a358d9d768bf8865ba1114229f698dd2cf91,LATEST_REVISED_RELEASE_DATE_UNKNOWN,False
BLS_PUBLIC_API_V2,industrials_v1_4_segment_cost_drivers,WPU114,2022-05,302.511,,2026-09-02T21:59:07.345599+00:00,,0d01c1ceb7d7b42b7f04891c9249a358d9d768bf8865ba1114229f698dd2cf91,LATEST_REVISED_RELEASE_DATE_UNKNOWN,False
BLS_PUBLIC_API_V2,industrials_v1_4_segment_cost_drivers,WPU114,2022-04,298.74,,2026-09-02T21:59:07.345599+00:00,,0d01c1ceb7d7b42b7f04891c9249a358d9d768bf8865ba1114229f698dd2cf91,LATEST_REVISED_RELEASE_DATE_UNKNOWN,False
BLS_PUBLIC_API_V2,industrials_v1_4_segment_cost_drivers,WPU114,2022-03,293.344,,2026-09-02T21:59:07.345599+00:00,,0d01c1ceb7d7b42b7f04891c9249a358d9d768bf8865ba1114229f698dd2cf91,LATEST_REVISED_RELEASE_DATE_UNKNOWN,False
BLS_PUBLIC_API_V2,industrials_v1_4_segment_cost_drivers,WPU114,2022-02,290.327,,2026-09-02T21:59:07.345599+00:00,,0d01c1ceb7d7b42b7f04891c9249a358d9d768bf8865ba1114229f698dd2cf91,LATEST_REVISED_RELEASE_DATE_UNKNOWN,False
BLS_PUBLIC_API_V2,industrials_v1_4_segment_cost_drivers,WPU114,2022-01,286.277,,2026-09-02T21:59:07.345599+00:00,,0d01c1ceb7d7b42b7f04891c9249a358d9d768bf8865ba1114229f698dd2cf91,LATEST_REVISED_RELEASE_DATE_UNKNOWN,False
BLS_PUBLIC_API_V2,industrials_v1_4_segment_cost_drivers,WPU114,2021-12,279.744,,2026-09-02T21:59:07.345599+00:00,,0d01c1ceb7d7b42b7f04891c9249a358d9d768bf8865ba1114229f698dd2cf91,LATEST_REVISED_RELEASE_DATE_UNKNOWN,False
BLS_PUBLIC_API_V2,industrials_v1_4_segment_cost_drivers,WPU114,2021-11,276.421,,2026-09-02T21:59:07.345599+00:00,,0d01c1ceb7d7b42b7f04891c9249a358d9d768bf8865ba1114229f698dd2cf91,LATEST_REVISED_RELEASE_DATE_UNKNOWN,False
BLS_PUBLIC_API_V2,industrials_v1_4_segment_cost_drivers,WPU114,2021-10,274.098,,2026-09-02T21:59:07.345599+00:00,,0d01c1ceb7d7b42b7f04891c9249a358d9d768bf8865ba1114229f698dd2cf91,LATEST_REVISED_RELEASE_DATE_UNKNOWN,False
BLS_PUBLIC_API_V2,industrials_v1_4_segment_cost_drivers,WPU114,2021-09,271.359,,2026-09-02T21:59:07.345599+00:00,,0d01c1ceb7d7b42b7f04891c9249a358d9d768bf8865ba1114229f698dd2cf91,LATEST_REVISED_RELEASE_DATE_UNKNOWN,False
BLS_PUBLIC_API_V2,industrials_v1_4_segment_cost_drivers,WPU114,2021-08,268.546,,2026-09-02T21:59:07.345599+00:00,,0d01c1ceb7d7b42b7f04891c9249a358d9d768bf8865ba1114229f698dd2cf91,LATEST_REVISED_RELEASE_DATE_UNKNOWN,False
BLS_PUBLIC_API_V2,industrials_v1_4_segment_cost_drivers,WPU114,2021-07,266.413,,2026-09-02T21:59:07.345599+00:00,,0d01c1ceb7d7b42b7f04891c9249a358d9d768bf8865ba1114229f698dd2cf91,LATEST_REVISED_RELEASE_DATE_UNKNOWN,False
BLS_PUBLIC_API_V2,industrials_v1_4_segment_cost_drivers,WPU114,2021-06,263.2,,2026-09-02T21:59:07.345599+00:00,,0d01c1ceb7d7b42b7f04891c9249a358d9d768bf8865ba1114229f698dd2cf91,LATEST_REVISED_RELEASE_DATE_UNKNOWN,False
BLS_PUBLIC_API_V2,industrials_v1_4_segment_cost_drivers,WPU114,2021-05,260.3,,2026-09-02T21:59:07.345599+00:00,,0d01c1ceb7d7b42b7f04891c9249a358d9d768bf8865ba1114229f698dd2cf91,LATEST_REVISED_RELEASE_DATE_UNKNOWN,False
BLS_PUBLIC_API_V2,industrials_v1_4_segment_cost_drivers,WPU114,2021-04,258.0,,2026-09-02T21:59:07.345599+00:00,,0d01c1ceb7d7b42b7f04891c9249a358d9d768bf8865ba1114229f698dd2cf91,LATEST_REVISED_RELEASE_DATE_UNKNOWN,False
BLS_PUBLIC_API_V2,industrials_v1_4_segment_cost_drivers,WPU114,2021-03,257.1,,2026-09-02T21:59:07.345599+00:00,,0d01c1ceb7d7b42b7f04891c9249a358d9d768bf8865ba1114229f698dd2cf91,LATEST_REVISED_RELEASE_DATE_UNKNOWN,False
BLS_PUBLIC_API_V2,industrials_v1_4_segment_cost_drivers,WPU114,2021-02,255.9,,2026-09-02T21:59:07.345599+00:00,,0d01c1ceb7d7b42b7f04891c9249a358d9d768bf8865ba1114229f698dd2cf91,LATEST_REVISED_RELEASE_DATE_UNKNOWN,False
BLS_PUBLIC_API_V2,industrials_v1_4_segment_cost_drivers,WPU114,2021-01,254.8,,2026-09-02T21:59:07.345599+00:00,,0d01c1ceb7d7b42b7f04891c9249a358d9d768bf8865ba1114229f698dd2cf91,LATEST_REVISED_RELEASE_DATE_UNKNOWN,False
BLS_PUBLIC_API_V2,industrials_v1_4_segment_cost_drivers,WPU114,2020-12,252.6,,2026-09-02T21:59:07.345599+00:00,,0d01c1ceb7d7b42b7f04891c9249a358d9d768bf8865ba1114229f698dd2cf91,LATEST_REVISED_RELEASE_DATE_UNKNOWN,False
BLS_PUBLIC_API_V2,industrials_v1_4_segment_cost_drivers,WPU114,2020-11,252.1,,2026-09-02T21:59:07.345599+00:00,,0d01c1ceb7d7b42b7f04891c9249a358d9d768bf8865ba1114229f698dd2cf91,LATEST_REVISED_RELEASE_DATE_UNKNOWN,False
BLS_PUBLIC_API_V2,industrials_v1_4_segment_cost_drivers,WPU114,2020-10,251.9,,2026-09-02T21:59:07.345599+00:00,,0d01c1ceb7d7b42b7f04891c9249a358d9d768bf8865ba1114229f698dd2cf91,LATEST_REVISED_RELEASE_DATE_UNKNOWN,False
BLS_PUBLIC_API_V2,industrials_v1_4_segment_cost_drivers,WPU114,2020-09,251.3,,2026-09-02T21:59:07.345599+00:00,,0d01c1ceb7d7b42b7f04891c9249a358d9d768bf8865ba1114229f698dd2cf91,LATEST_REVISED_RELEASE_DATE_UNKNOWN,False
BLS_PUBLIC_API_V2,industrials_v1_4_segment_cost_drivers,WPU114,2020-08,251.4,,2026-09-02T21:59:07.345599+00:00,,0d01c1ceb7d7b42b7f04891c9249a358d9d768bf8865ba1114229f698dd2cf91,LATEST_REVISED_RELEASE_DATE_UNKNOWN,False
BLS_PUBLIC_API_V2,industrials_v1_4_segment_cost_drivers,WPU114,2020-07,250.9,,2026-09-02T21:59:07.345599+00:00,,0d01c1ceb7d7b42b7f04891c9249a358d9d768bf8865ba1114229f698dd2cf91,LATEST_REVISED_RELEASE_DATE_UNKNOWN,False
BLS_PUBLIC_API_V2,industrials_v1_4_segment_cost_drivers,WPU114,2020-06,250.9,,2026-09-02T21:59:07.345599+00:00,,0d01c1ceb7d7b42b7f04891c9249a358d9d768bf8865ba1114229f698dd2cf91,LATEST_REVISED_RELEASE_DATE_UNKNOWN,False
BLS_PUBLIC_API_V2,industrials_v1_4_segment_cost_drivers,WPU114,2020-05,250.7,,2026-09-02T21:59:07.345599+00:00,,0d01c1ceb7d7b42b7f04891c9249a358d9d768bf8865ba1114229f698dd2cf91,LATEST_REVISED_RELEASE_DATE_UNKNOWN,False
BLS_PUBLIC_API_V2,industrials_v1_4_segment_cost_drivers,WPU114,2020-04,250.9,,2026-09-02T21:59:07.345599+00:00,,0d01c1ceb7d7b42b7f04891c9249a358d9d768bf8865ba1114229f698dd2cf91,LATEST_REVISED_RELEASE_DATE_UNKNOWN,False
BLS_PUBLIC_API_V2,industrials_v1_4_segment_cost_drivers,WPU114,2020-03,250.7,,2026-09-02T21:59:07.345599+00:00,,0d01c1ceb7d7b42b7f04891c9249a358d9d768bf8865ba1114229f698dd2cf91,LATEST_REVISED_RELEASE_DATE_UNKNOWN,False
BLS_PUBLIC_API_V2,industrials_v1_4_segment_cost_drivers,WPU114,2020-02,249.7,,2026-09-02T21:59:07.345599+00:00,,0d01c1ceb7d7b42b7f04891c9249a358d9d768bf8865ba1114229f698dd2cf91,LATEST_REVISED_RELEASE_DATE_UNKNOWN,False
BLS_PUBLIC_API_V2,industrials_v1_4_segment_cost_drivers,WPU114,2020-01,249.3,,2026-09-02T21:59:07.345599+00:00,,0d01c1ceb7d7b42b7f04891c9249a358d9d768bf8865ba1114229f698dd2cf91,LATEST_REVISED_RELEASE_DATE_UNKNOWN,False
BLS_PUBLIC_API_V2,industrials_v1_4_segment_cost_drivers,PCU482111482111,2026-07,271.789,,2026-09-02T21:59:07.345599+00:00,,0d01c1ceb7d7b42b7f04891c9249a358d9d768bf8865ba1114229f698dd2cf91,LATEST_REVISED_RELEASE_DATE_UNKNOWN,False
BLS_PUBLIC_API_V2,industrials_v1_4_segment_cost_drivers,PCU482111482111,2026-06,271.678,,2026-09-02T21:59:07.345599+00:00,,0d01c1ceb7d7b42b7f04891c9249a358d9d768bf8865ba1114229f698dd2cf91,LATEST_REVISED_RELEASE_DATE_UNKNOWN,False
BLS_PUBLIC_API_V2,industrials_v1_4_segment_cost_drivers,PCU482111482111,2026-05,271.81,,2026-09-02T21:59:07.345599+00:00,,0d01c1ceb7d7b42b7f04891c9249a358d9d768bf8865ba1114229f698dd2cf91,LATEST_REVISED_RELEASE_DATE_UNKNOWN,False
BLS_PUBLIC_API_V2,industrials_v1_4_segment_cost_drivers,PCU482111482111,2026-04,269.928,,2026-09-02T21:59:07.345599+00:00,,0d01c1ceb7d7b42b7f04891c9249a358d9d768bf8865ba1114229f698dd2cf91,LATEST_REVISED_RELEASE_DATE_UNKNOWN,False
BLS_PUBLIC_API_V2,industrials_v1_4_segment_cost_drivers,PCU482111482111,2026-03,268.531,,2026-09-02T21:59:07.345599+00:00,,0d01c1ceb7d7b42b7f04891c9249a358d9d768bf8865ba1114229f698dd2cf91,LATEST_REVISED_RELEASE_DATE_UNKNOWN,False
BLS_PUBLIC_API_V2,industrials_v1_4_segment_cost_drivers,PCU482111482111,2026-02,268.576,,2026-09-02T21:59:07.345599+00:00,,0d01c1ceb7d7b42b7f04891c9249a358d9d768bf8865ba1114229f698dd2cf91,LATEST_REVISED_RELEASE_DATE_UNKNOWN,False
BLS_PUBLIC_API_V2,industrials_v1_4_segment_cost_drivers,PCU482111482111,2026-01,268.651,,2026-09-02T21:59:07.345599+00:00,,0d01c1ceb7d7b42b7f04891c9249a358d9d768bf8865ba1114229f698dd2cf91,LATEST_REVISED_RELEASE_DATE_UNKNOWN,False
BLS_PUBLIC_API_V2,industrials_v1_4_segment_cost_drivers,PCU482111482111,2025-12,269.176,,2026-09-02T21:59:07.345599+00:00,,0d01c1ceb7d7b42b7f04891c9249a358d9d768bf8865ba1114229f698dd2cf91,LATEST_REVISED_RELEASE_DATE_UNKNOWN,False
BLS_PUBLIC_API_V2,industrials_v1_4_segment_cost_drivers,PCU482111482111,2025-11,268.859,,2026-09-02T21:59:07.345599+00:00,,0d01c1ceb7d7b42b7f04891c9249a358d9d768bf8865ba1114229f698dd2cf91,LATEST_REVISED_RELEASE_DATE_UNKNOWN,False
BLS_PUBLIC_API_V2,industrials_v1_4_segment_cost_drivers,PCU482111482111,2025-10,268.717,,2026-09-02T21:59:07.345599+00:00,,0d01c1ceb7d7b42b7f04891c9249a358d9d768bf8865ba1114229f698dd2cf91,LATEST_REVISED_RELEASE_DATE_UNKNOWN,False
BLS_PUBLIC_API_V2,industrials_v1_4_segment_cost_drivers,PCU482111482111,2025-09,268.978,,2026-09-02T21:59:07.345599+00:00,,0d01c1ceb7d7b42b7f04891c9249a358d9d768bf8865ba1114229f698dd2cf91,LATEST_REVISED_RELEASE_DATE_UNKNOWN,False
BLS_PUBLIC_API_V2,industrials_v1_4_segment_cost_drivers,PCU482111482111,2025-08,268.573,,2026-09-02T21:59:07.345599+00:00,,0d01c1ceb7d7b42b7f04891c9249a358d9d768bf8865ba1114229f698dd2cf91,LATEST_REVISED_RELEASE_DATE_UNKNOWN,False
BLS_PUBLIC_API_V2,industrials_v1_4_segment_cost_drivers,PCU482111482111,2025-07,268.34,,2026-09-02T21:59:07.345599+00:00,,0d01c1ceb7d7b42b7f04891c9249a358d9d768bf8865ba1114229f698dd2cf91,LATEST_REVISED_RELEASE_DATE_UNKNOWN,False
BLS_PUBLIC_API_V2,industrials_v1_4_segment_cost_drivers,PCU482111482111,2025-06,268.262,,2026-09-02T21:59:07.345599+00:00,,0d01c1ceb7d7b42b7f04891c9249a358d9d768bf8865ba1114229f698dd2cf91,LATEST_REVISED_RELEASE_DATE_UNKNOWN,False
BLS_PUBLIC_API_V2,industrials_v1_4_segment_cost_drivers,PCU482111482111,2025-05,268.028,,2026-09-02T21:59:07.345599+00:00,,0d01c1ceb7d7b42b7f04891c9249a358d9d768bf8865ba1114229f698dd2cf91,LATEST_REVISED_RELEASE_DATE_UNKNOWN,False
BLS_PUBLIC_API_V2,industrials_v1_4_segment_cost_drivers,PCU482111482111,2025-04,268.077,,2026-09-02T21:59:07.345599+00:00,,0d01c1ceb7d7b42b7f04891c9249a358d9d768bf8865ba1114229f698dd2cf91,LATEST_REVISED_RELEASE_DATE_UNKNOWN,False
BLS_PUBLIC_API_V2,industrials_v1_4_segment_cost_drivers,PCU482111482111,2025-03,268.191,,2026-09-02T21:59:07.345599+00:00,,0d01c1ceb7d7b42b7f04891c9249a358d9d768bf8865ba1114229f698dd2cf91,LATEST_REVISED_RELEASE_DATE_UNKNOWN,False
BLS_PUBLIC_API_V2,industrials_v1_4_segment_cost_drivers,PCU482111482111,2025-02,268.054,,2026-09-02T21:59:07.345599+00:00,,0d01c1ceb7d7b42b7f04891c9249a358d9d768bf8865ba1114229f698dd2cf91,LATEST_REVISED_RELEASE_DATE_UNKNOWN,False
BLS_PUBLIC_API_V2,industrials_v1_4_segment_cost_drivers,PCU482111482111,2025-01,268.295,,2026-09-02T21:59:07.345599+00:00,,0d01c1ceb7d7b42b7f04891c9249a358d9d768bf8865ba1114229f698dd2cf91,LATEST_REVISED_RELEASE_DATE_UNKNOWN,False
BLS_PUBLIC_API_V2,industrials_v1_4_segment_cost_drivers,PCU482111482111,2024-12,264.678,,2026-09-02T21:59:07.345599+00:00,,0d01c1ceb7d7b42b7f04891c9249a358d9d768bf8865ba1114229f698dd2cf91,LATEST_REVISED_RELEASE_DATE_UNKNOWN,False
BLS_PUBLIC_API_V2,industrials_v1_4_segment_cost_drivers,PCU482111482111,2024-11,264.454,,2026-09-02T21:59:07.345599+00:00,,0d01c1ceb7d7b42b7f04891c9249a358d9d768bf8865ba1114229f698dd2cf91,LATEST_REVISED_RELEASE_DATE_UNKNOWN,False
BLS_PUBLIC_API_V2,industrials_v1_4_segment_cost_drivers,PCU482111482111,2024-10,264.717,,2026-09-02T21:59:07.345599+00:00,,0d01c1ceb7d7b42b7f04891c9249a358d9d768bf8865ba1114229f698dd2cf91,LATEST_REVISED_RELEASE_DATE_UNKNOWN,False
BLS_PUBLIC_API_V2,industrials_v1_4_segment_cost_drivers,PCU482111482111,2024-09,265.106,,2026-09-02T21:59:07.345599+00:00,,0d01c1ceb7d7b42b7f04891c9249a358d9d768bf8865ba1114229f698dd2cf91,LATEST_REVISED_RELEASE_DATE_UNKNOWN,False
BLS_PUBLIC_API_V2,industrials_v1_4_segment_cost_drivers,PCU482111482111,2024-08,264.358,,2026-09-02T21:59:07.345599+00:00,,0d01c1ceb7d7b42b7f04891c9249a358d9d768bf8865ba1114229f698dd2cf91,LATEST_REVISED_RELEASE_DATE_UNKNOWN,False
BLS_PUBLIC_API_V2,industrials_v1_4_segment_cost_drivers,PCU482111482111,2024-07,264.537,,2026-09-02T21:59:07.345599+00:00,,0d01c1ceb7d7b42b7f04891c9249a358d9d768bf8865ba1114229f698dd2cf91,LATEST_REVISED_RELEASE_DATE_UNKNOWN,False
BLS_PUBLIC_API_V2,industrials_v1_4_segment_cost_drivers,PCU482111482111,2024-06,263.046,,2026-09-02T21:59:07.345599+00:00,,0d01c1ceb7d7b42b7f04891c9249a358d9d768bf8865ba1114229f698dd2cf91,LATEST_REVISED_RELEASE_DATE_UNKNOWN,False
BLS_PUBLIC_API_V2,industrials_v1_4_segment_cost_drivers,PCU482111482111,2024-05,263.162,,2026-09-02T21:59:07.345599+00:00,,0d01c1ceb7d7b42b7f04891c9249a358d9d768bf8865ba1114229f698dd2cf91,LATEST_REVISED_RELEASE_DATE_UNKNOWN,False
BLS_PUBLIC_API_V2,industrials_v1_4_segment_cost_drivers,PCU482111482111,2024-04,262.727,,2026-09-02T21:59:07.345599+00:00,,0d01c1ceb7d7b42b7f04891c9249a358d9d768bf8865ba1114229f698dd2cf91,LATEST_REVISED_RELEASE_DATE_UNKNOWN,False
BLS_PUBLIC_API_V2,industrials_v1_4_segment_cost_drivers,PCU482111482111,2024-03,260.378,,2026-09-02T21:59:07.345599+00:00,,0d01c1ceb7d7b42b7f04891c9249a358d9d768bf8865ba1114229f698dd2cf91,LATEST_REVISED_RELEASE_DATE_UNKNOWN,False
BLS_PUBLIC_API_V2,industrials_v1_4_segment_cost_drivers,PCU482111482111,2024-02,260.755,,2026-09-02T21:59:07.345599+00:00,,0d01c1ceb7d7b42b7f04891c9249a358d9d768bf8865ba1114229f698dd2cf91,LATEST_REVISED_RELEASE_DATE_UNKNOWN,False
BLS_PUBLIC_API_V2,industrials_v1_4_segment_cost_drivers,PCU482111482111,2024-01,264.276,,2026-09-02T21:59:07.345599+00:00,,0d01c1ceb7d7b42b7f04891c9249a358d9d768bf8865ba1114229f698dd2cf91,LATEST_REVISED_RELEASE_DATE_UNKNOWN,False
BLS_PUBLIC_API_V2,industrials_v1_4_segment_cost_drivers,PCU482111482111,2023-12,261.52,,2026-09-02T21:59:07.345599+00:00,,0d01c1ceb7d7b42b7f04891c9249a358d9d768bf8865ba1114229f698dd2cf91,LATEST_REVISED_RELEASE_DATE_UNKNOWN,False
BLS_PUBLIC_API_V2,industrials_v1_4_segment_cost_drivers,PCU482111482111,2023-11,261.657,,2026-09-02T21:59:07.345599+00:00,,0d01c1ceb7d7b42b7f04891c9249a358d9d768bf8865ba1114229f698dd2cf91,LATEST_REVISED_RELEASE_DATE_UNKNOWN,False
BLS_PUBLIC_API_V2,industrials_v1_4_segment_cost_drivers,PCU482111482111,2023-10,260.697,,2026-09-02T21:59:07.345599+00:00,,0d01c1ceb7d7b42b7f04891c9249a358d9d768bf8865ba1114229f698dd2cf91,LATEST_REVISED_RELEASE_DATE_UNKNOWN,False
BLS_PUBLIC_API_V2,industrials_v1_4_segment_cost_drivers,PCU482111482111,2023-09,257.632,,2026-09-02T21:59:07.345599+00:00,,0d01c1ceb7d7b42b7f04891c9249a358d9d768bf8865ba1114229f698dd2cf91,LATEST_REVISED_RELEASE_DATE_UNKNOWN,False
BLS_PUBLIC_API_V2,industrials_v1_4_segment_cost_drivers,PCU482111482111,2023-08,255.906,,2026-09-02T21:59:07.345599+00:00,,0d01c1ceb7d7b42b7f04891c9249a358d9d768bf8865ba1114229f698dd2cf91,LATEST_REVISED_RELEASE_DATE_UNKNOWN,False
BLS_PUBLIC_API_V2,industrials_v1_4_segment_cost_drivers,PCU482111482111,2023-07,254.812,,2026-09-02T21:59:07.345599+00:00,,0d01c1ceb7d7b42b7f04891c9249a358d9d768bf8865ba1114229f698dd2cf91,LATEST_REVISED_RELEASE_DATE_UNKNOWN,False
BLS_PUBLIC_API_V2,industrials_v1_4_segment_cost_drivers,PCU482111482111,2023-06,254.981,,2026-09-02T21:59:07.345599+00:00,,0d01c1ceb7d7b42b7f04891c9249a358d9d768bf8865ba1114229f698dd2cf91,LATEST_REVISED_RELEASE_DATE_UNKNOWN,False
BLS_PUBLIC_API_V2,industrials_v1_4_segment_cost_drivers,PCU482111482111,2023-05,255.864,,2026-09-02T21:59:07.345599+00:00,,0d01c1ceb7d7b42b7f04891c9249a358d9d768bf8865ba1114229f698dd2cf91,LATEST_REVISED_RELEASE_DATE_UNKNOWN,False
BLS_PUBLIC_API_V2,industrials_v1_4_segment_cost_drivers,PCU482111482111,2023-04,258.207,,2026-09-02T21:59:07.345599+00:00,,0d01c1ceb7d7b42b7f04891c9249a358d9d768bf8865ba1114229f698dd2cf91,LATEST_REVISED_RELEASE_DATE_UNKNOWN,False
BLS_PUBLIC_API_V2,industrials_v1_4_segment_cost_drivers,PCU482111482111,2023-03,258.719,,2026-09-02T21:59:07.345599+00:00,,0d01c1ceb7d7b42b7f04891c9249a358d9d768bf8865ba1114229f698dd2cf91,LATEST_REVISED_RELEASE_DATE_UNKNOWN,False
BLS_PUBLIC_API_V2,industrials_v1_4_segment_cost_drivers,PCU482111482111,2023-02,259.191,,2026-09-02T21:59:07.345599+00:00,,0d01c1ceb7d7b42b7f04891c9249a358d9d768bf8865ba1114229f698dd2cf91,LATEST_REVISED_RELEASE_DATE_UNKNOWN,False
BLS_PUBLIC_API_V2,industrials_v1_4_segment_cost_drivers,PCU482111482111,2023-01,261.529,,2026-09-02T21:59:07.345599+00:00,,0d01c1ceb7d7b42b7f04891c9249a358d9d768bf8865ba1114229f698dd2cf91,LATEST_REVISED_RELEASE_DATE_UNKNOWN,False
BLS_PUBLIC_API_V2,industrials_v1_4_segment_cost_drivers,PCU482111482111,2022-12,258.83,,2026-09-02T21:59:07.345599+00:00,,0d01c1ceb7d7b42b7f04891c9249a358d9d768bf8865ba1114229f698dd2cf91,LATEST_REVISED_RELEASE_DATE_UNKNOWN,False
BLS_PUBLIC_API_V2,industrials_v1_4_segment_cost_drivers,PCU482111482111,2022-11,258.981,,2026-09-02T21:59:07.345599+00:00,,0d01c1ceb7d7b42b7f04891c9249a358d9d768bf8865ba1114229f698dd2cf91,LATEST_REVISED_RELEASE_DATE_UNKNOWN,False
BLS_PUBLIC_API_V2,industrials_v1_4_segment_cost_drivers,PCU482111482111,2022-10,256.928,,2026-09-02T21:59:07.345599+00:00,,0d01c1ceb7d7b42b7f04891c9249a358d9d768bf8865ba1114229f698dd2cf91,LATEST_REVISED_RELEASE_DATE_UNKNOWN,False
BLS_PUBLIC_API_V2,industrials_v1_4_segment_cost_drivers,PCU482111482111,2022-09,258.332,,2026-09-02T21:59:07.345599+00:00,,0d01c1ceb7d7b42b7f04891c9249a358d9d768bf8865ba1114229f698dd2cf91,LATEST_REVISED_RELEASE_DATE_UNKNOWN,False
BLS_PUBLIC_API_V2,industrials_v1_4_segment_cost_drivers,PCU482111482111,2022-08,258.055,,2026-09-02T21:59:07.345599+00:00,,0d01c1ceb7d7b42b7f04891c9249a358d9d768bf8865ba1114229f698dd2cf91,LATEST_REVISED_RELEASE_DATE_UNKNOWN,False
BLS_PUBLIC_API_V2,industrials_v1_4_segment_cost_drivers,PCU482111482111,2022-07,259.024,,2026-09-02T21:59:07.345599+00:00,,0d01c1ceb7d7b42b7f04891c9249a358d9d768bf8865ba1114229f698dd2cf91,LATEST_REVISED_RELEASE_DATE_UNKNOWN,False
BLS_PUBLIC_API_V2,industrials_v1_4_segment_cost_drivers,PCU482111482111,2022-06,255.971,,2026-09-02T21:59:07.345599+00:00,,0d01c1ceb7d7b42b7f04891c9249a358d9d768bf8865ba1114229f698dd2cf91,LATEST_REVISED_RELEASE_DATE_UNKNOWN,False
BLS_PUBLIC_API_V2,industrials_v1_4_segment_cost_drivers,PCU482111482111,2022-05,254.679,,2026-09-02T21:59:07.345599+00:00,,0d01c1ceb7d7b42b7f04891c9249a358d9d768bf8865ba1114229f698dd2cf91,LATEST_REVISED_RELEASE_DATE_UNKNOWN,False
BLS_PUBLIC_API_V2,industrials_v1_4_segment_cost_drivers,PCU482111482111,2022-04,249.784,,2026-09-02T21:59:07.345599+00:00,,0d01c1ceb7d7b42b7f04891c9249a358d9d768bf8865ba1114229f698dd2cf91,LATEST_REVISED_RELEASE_DATE_UNKNOWN,False
BLS_PUBLIC_API_V2,industrials_v1_4_segment_cost_drivers,PCU482111482111,2022-03,243.482,,2026-09-02T21:59:07.345599+00:00,,0d01c1ceb7d7b42b7f04891c9249a358d9d768bf8865ba1114229f698dd2cf91,LATEST_REVISED_RELEASE_DATE_UNKNOWN,False
BLS_PUBLIC_API_V2,industrials_v1_4_segment_cost_drivers,PCU482111482111,2022-02,241.782,,2026-09-02T21:59:07.345599+00:00,,0d01c1ceb7d7b42b7f04891c9249a358d9d768bf8865ba1114229f698dd2cf91,LATEST_REVISED_RELEASE_DATE_UNKNOWN,False
BLS_PUBLIC_API_V2,industrials_v1_4_segment_cost_drivers,PCU482111482111,2022-01,240.995,,2026-09-02T21:59:07.345599+00:00,,0d01c1ceb7d7b42b7f04891c9249a358d9d768bf8865ba1114229f698dd2cf91,LATEST_REVISED_RELEASE_DATE_UNKNOWN,False
BLS_PUBLIC_API_V2,industrials_v1_4_segment_cost_drivers,PCU482111482111,2021-12,238.886,,2026-09-02T21:59:07.345599+00:00,,0d01c1ceb7d7b42b7f04891c9249a358d9d768bf8865ba1114229f698dd2cf91,LATEST_REVISED_RELEASE_DATE_UNKNOWN,False
BLS_PUBLIC_API_V2,industrials_v1_4_segment_cost_drivers,PCU482111482111,2021-11,237.879,,2026-09-02T21:59:07.345599+00:00,,0d01c1ceb7d7b42b7f04891c9249a358d9d768bf8865ba1114229f698dd2cf91,LATEST_REVISED_RELEASE_DATE_UNKNOWN,False
BLS_PUBLIC_API_V2,industrials_v1_4_segment_cost_drivers,PCU482111482111,2021-10,236.297,,2026-09-02T21:59:07.345599+00:00,,0d01c1ceb7d7b42b7f04891c9249a358d9d768bf8865ba1114229f698dd2cf91,LATEST_REVISED_RELEASE_DATE_UNKNOWN,False
BLS_PUBLIC_API_V2,industrials_v1_4_segment_cost_drivers,PCU482111482111,2021-09,234.583,,2026-09-02T21:59:07.345599+00:00,,0d01c1ceb7d7b42b7f04891c9249a358d9d768bf8865ba1114229f698dd2cf91,LATEST_REVISED_RELEASE_DATE_UNKNOWN,False
BLS_PUBLIC_API_V2,industrials_v1_4_segment_cost_drivers,PCU482111482111,2021-08,233.491,,2026-09-02T21:59:07.345599+00:00,,0d01c1ceb7d7b42b7f04891c9249a358d9d768bf8865ba1114229f698dd2cf91,LATEST_REVISED_RELEASE_DATE_UNKNOWN,False
BLS_PUBLIC_API_V2,industrials_v1_4_segment_cost_drivers,PCU482111482111,2021-07,232.41,,2026-09-02T21:59:07.345599+00:00,,0d01c1ceb7d7b42b7f04891c9249a358d9d768bf8865ba1114229f698dd2cf91,LATEST_REVISED_RELEASE_DATE_UNKNOWN,False
BLS_PUBLIC_API_V2,industrials_v1_4_segment_cost_drivers,PCU482111482111,2021-06,231.0,,2026-09-02T21:59:07.345599+00:00,,0d01c1ceb7d7b42b7f04891c9249a358d9d768bf8865ba1114229f698dd2cf91,LATEST_REVISED_RELEASE_DATE_UNKNOWN,False
BLS_PUBLIC_API_V2,industrials_v1_4_segment_cost_drivers,PCU482111482111,2021-05,230.3,,2026-09-02T21:59:07.345599+00:00,,0d01c1ceb7d7b42b7f04891c9249a358d9d768bf8865ba1114229f698dd2cf91,LATEST_REVISED_RELEASE_DATE_UNKNOWN,False
BLS_PUBLIC_API_V2,industrials_v1_4_segment_cost_drivers,PCU482111482111,2021-04,228.4,,2026-09-02T21:59:07.345599+00:00,,0d01c1ceb7d7b42b7f04891c9249a358d9d768bf8865ba1114229f698dd2cf91,LATEST_REVISED_RELEASE_DATE_UNKNOWN,False
BLS_PUBLIC_API_V2,industrials_v1_4_segment_cost_drivers,PCU482111482111,2021-03,226.8,,2026-09-02T21:59:07.345599+00:00,,0d01c1ceb7d7b42b7f04891c9249a358d9d768bf8865ba1114229f698dd2cf91,LATEST_REVISED_RELEASE_DATE_UNKNOWN,False
BLS_PUBLIC_API_V2,industrials_v1_4_segment_cost_drivers,PCU482111482111,2021-02,224.4,,2026-09-02T21:59:07.345599+00:00,,0d01c1ceb7d7b42b7f04891c9249a358d9d768bf8865ba1114229f698dd2cf91,LATEST_REVISED_RELEASE_DATE_UNKNOWN,False
BLS_PUBLIC_API_V2,industrials_v1_4_segment_cost_drivers,PCU482111482111,2021-01,223.2,,2026-09-02T21:59:07.345599+00:00,,0d01c1ceb7d7b42b7f04891c9249a358d9d768bf8865ba1114229f698dd2cf91,LATEST_REVISED_RELEASE_DATE_UNKNOWN,False
BLS_PUBLIC_API_V2,industrials_v1_4_segment_cost_drivers,PCU482111482111,2020-12,221.4,,2026-09-02T21:59:07.345599+00:00,,0d01c1ceb7d7b42b7f04891c9249a358d9d768bf8865ba1114229f698dd2cf91,LATEST_REVISED_RELEASE_DATE_UNKNOWN,False
BLS_PUBLIC_API_V2,industrials_v1_4_segment_cost_drivers,PCU482111482111,2020-11,220.4,,2026-09-02T21:59:07.345599+00:00,,0d01c1ceb7d7b42b7f04891c9249a358d9d768bf8865ba1114229f698dd2cf91,LATEST_REVISED_RELEASE_DATE_UNKNOWN,False
BLS_PUBLIC_API_V2,industrials_v1_4_segment_cost_drivers,PCU482111482111,2020-10,220.1,,2026-09-02T21:59:07.345599+00:00,,0d01c1ceb7d7b42b7f04891c9249a358d9d768bf8865ba1114229f698dd2cf91,LATEST_REVISED_RELEASE_DATE_UNKNOWN,False
BLS_PUBLIC_API_V2,industrials_v1_4_segment_cost_drivers,PCU482111482111,2020-09,219.9,,2026-09-02T21:59:07.345599+00:00,,0d01c1ceb7d7b42b7f04891c9249a358d9d768bf8865ba1114229f698dd2cf91,LATEST_REVISED_RELEASE_DATE_UNKNOWN,False
BLS_PUBLIC_API_V2,industrials_v1_4_segment_cost_drivers,PCU482111482111,2020-08,219.4,,2026-09-02T21:59:07.345599+00:00,,0d01c1ceb7d7b42b7f04891c9249a358d9d768bf8865ba1114229f698dd2cf91,LATEST_REVISED_RELEASE_DATE_UNKNOWN,False
BLS_PUBLIC_API_V2,industrials_v1_4_segment_cost_drivers,PCU482111482111,2020-07,218.4,,2026-09-02T21:59:07.345599+00:00,,0d01c1ceb7d7b42b7f04891c9249a358d9d768bf8865ba1114229f698dd2cf91,LATEST_REVISED_RELEASE_DATE_UNKNOWN,False
BLS_PUBLIC_API_V2,industrials_v1_4_segment_cost_drivers,PCU482111482111,2020-06,218.6,,2026-09-02T21:59:07.345599+00:00,,0d01c1ceb7d7b42b7f04891c9249a358d9d768bf8865ba1114229f698dd2cf91,LATEST_REVISED_RELEASE_DATE_UNKNOWN,False
BLS_PUBLIC_API_V2,industrials_v1_4_segment_cost_drivers,PCU482111482111,2020-05,219.9,,2026-09-02T21:59:07.345599+00:00,,0d01c1ceb7d7b42b7f04891c9249a358d9d768bf8865ba1114229f698dd2cf91,LATEST_REVISED_RELEASE_DATE_UNKNOWN,False
BLS_PUBLIC_API_V2,industrials_v1_4_segment_cost_drivers,PCU482111482111,2020-04,221.7,,2026-09-02T21:59:07.345599+00:00,,0d01c1ceb7d7b42b7f04891c9249a358d9d768bf8865ba1114229f698dd2cf91,LATEST_REVISED_RELEASE_DATE_UNKNOWN,False
BLS_PUBLIC_API_V2,industrials_v1_4_segment_cost_drivers,PCU482111482111,2020-03,222.7,,2026-09-02T21:59:07.345599+00:00,,0d01c1ceb7d7b42b7f04891c9249a358d9d768bf8865ba1114229f698dd2cf91,LATEST_REVISED_RELEASE_DATE_UNKNOWN,False
BLS_PUBLIC_API_V2,industrials_v1_4_segment_cost_drivers,PCU482111482111,2020-02,223.2,,2026-09-02T21:59:07.345599+00:00,,0d01c1ceb7d7b42b7f04891c9249a358d9d768bf8865ba1114229f698dd2cf91,LATEST_REVISED_RELEASE_DATE_UNKNOWN,False
BLS_PUBLIC_API_V2,industrials_v1_4_segment_cost_drivers,PCU482111482111,2020-01,223.1,,2026-09-02T21:59:07.345599+00:00,,0d01c1ceb7d7b42b7f04891c9249a358d9d768bf8865ba1114229f698dd2cf91,LATEST_REVISED_RELEASE_DATE_UNKNOWN,False
BLS_PUBLIC_API_V2,industrials_v1_4_segment_cost_drivers,CES3133360003,2026-06,41.57,,2026-09-02T21:59:07.345599+00:00,,0d01c1ceb7d7b42b7f04891c9249a358d9d768bf8865ba1114229f698dd2cf91,LATEST_REVISED_RELEASE_DATE_UNKNOWN,False
BLS_PUBLIC_API_V2,industrials_v1_4_segment_cost_drivers,CES3133360003,2026-05,41.53,,2026-09-02T21:59:07.345599+00:00,,0d01c1ceb7d7b42b7f04891c9249a358d9d768bf8865ba1114229f698dd2cf91,LATEST_REVISED_RELEASE_DATE_UNKNOWN,False
BLS_PUBLIC_API_V2,industrials_v1_4_segment_cost_drivers,CES3133360003,2026-04,41.94,,2026-09-02T21:59:07.345599+00:00,,0d01c1ceb7d7b42b7f04891c9249a358d9d768bf8865ba1114229f698dd2cf91,LATEST_REVISED_RELEASE_DATE_UNKNOWN,False
BLS_PUBLIC_API_V2,industrials_v1_4_segment_cost_drivers,CES3133360003,2026-03,42.97,,2026-09-02T21:59:07.345599+00:00,,0d01c1ceb7d7b42b7f04891c9249a358d9d768bf8865ba1114229f698dd2cf91,LATEST_REVISED_RELEASE_DATE_UNKNOWN,False
BLS_PUBLIC_API_V2,industrials_v1_4_segment_cost_drivers,CES3133360003,2026-02,42.09,,2026-09-02T21:59:07.345599+00:00,,0d01c1ceb7d7b42b7f04891c9249a358d9d768bf8865ba1114229f698dd2cf91,LATEST_REVISED_RELEASE_DATE_UNKNOWN,False
BLS_PUBLIC_API_V2,industrials_v1_4_segment_cost_drivers,CES3133360003,2026-01,41.98,,2026-09-02T21:59:07.345599+00:00,,0d01c1ceb7d7b42b7f04891c9249a358d9d768bf8865ba1114229f698dd2cf91,LATEST_REVISED_RELEASE_DATE_UNKNOWN,False
BLS_PUBLIC_API_V2,industrials_v1_4_segment_cost_drivers,CES3133360003,2025-12,41.05,,2026-09-02T21:59:07.345599+00:00,,0d01c1ceb7d7b42b7f04891c9249a358d9d768bf8865ba1114229f698dd2cf91,LATEST_REVISED_RELEASE_DATE_UNKNOWN,False
BLS_PUBLIC_API_V2,industrials_v1_4_segment_cost_drivers,CES3133360003,2025-11,41.25,,2026-09-02T21:59:07.345599+00:00,,0d01c1ceb7d7b42b7f04891c9249a358d9d768bf8865ba1114229f698dd2cf91,LATEST_REVISED_RELEASE_DATE_UNKNOWN,False
BLS_PUBLIC_API_V2,industrials_v1_4_segment_cost_drivers,CES3133360003,2025-10,41.15,,2026-09-02T21:59:07.345599+00:00,,0d01c1ceb7d7b42b7f04891c9249a358d9d768bf8865ba1114229f698dd2cf91,LATEST_REVISED_RELEASE_DATE_UNKNOWN,False
BLS_PUBLIC_API_V2,industrials_v1_4_segment_cost_drivers,CES3133360003,2025-09,41.44,,2026-09-02T21:59:07.345599+00:00,,0d01c1ceb7d7b42b7f04891c9249a358d9d768bf8865ba1114229f698dd2cf91,LATEST_REVISED_RELEASE_DATE_UNKNOWN,False
BLS_PUBLIC_API_V2,industrials_v1_4_segment_cost_drivers,CES3133360003,2025-08,42.01,,2026-09-02T21:59:07.345599+00:00,,0d01c1ceb7d7b42b7f04891c9249a358d9d768bf8865ba1114229f698dd2cf91,LATEST_REVISED_RELEASE_DATE_UNKNOWN,False
BLS_PUBLIC_API_V2,industrials_v1_4_segment_cost_drivers,CES3133360003,2025-07,45.51,,2026-09-02T21:59:07.345599+00:00,,0d01c1ceb7d7b42b7f04891c9249a358d9d768bf8865ba1114229f698dd2cf91,LATEST_REVISED_RELEASE_DATE_UNKNOWN,False
BLS_PUBLIC_API_V2,industrials_v1_4_segment_cost_drivers,CES3133360003,2025-06,43.9,,2026-09-02T21:59:07.345599+00:00,,0d01c1ceb7d7b42b7f04891c9249a358d9d768bf8865ba1114229f698dd2cf91,LATEST_REVISED_RELEASE_DATE_UNKNOWN,False
BLS_PUBLIC_API_V2,industrials_v1_4_segment_cost_drivers,CES3133360003,2025-05,44.01,,2026-09-02T21:59:07.345599+00:00,,0d01c1ceb7d7b42b7f04891c9249a358d9d768bf8865ba1114229f698dd2cf91,LATEST_REVISED_RELEASE_DATE_UNKNOWN,False
BLS_PUBLIC_API_V2,industrials_v1_4_segment_cost_drivers,CES3133360003,2025-04,44.97,,2026-09-02T21:59:07.345599+00:00,,0d01c1ceb7d7b42b7f04891c9249a358d9d768bf8865ba1114229f698dd2cf91,LATEST_REVISED_RELEASE_DATE_UNKNOWN,False
BLS_PUBLIC_API_V2,industrials_v1_4_segment_cost_drivers,CES3133360003,2025-03,46.64,,2026-09-02T21:59:07.345599+00:00,,0d01c1ceb7d7b42b7f04891c9249a358d9d768bf8865ba1114229f698dd2cf91,LATEST_REVISED_RELEASE_DATE_UNKNOWN,False
BLS_PUBLIC_API_V2,industrials_v1_4_segment_cost_drivers,CES3133360003,2025-02,43.7,,2026-09-02T21:59:07.345599+00:00,,0d01c1ceb7d7b42b7f04891c9249a358d9d768bf8865ba1114229f698dd2cf91,LATEST_REVISED_RELEASE_DATE_UNKNOWN,False
BLS_PUBLIC_API_V2,industrials_v1_4_segment_cost_drivers,CES3133360003,2025-01,42.17,,2026-09-02T21:59:07.345599+00:00,,0d01c1ceb7d7b42b7f04891c9249a358d9d768bf8865ba1114229f698dd2cf91,LATEST_REVISED_RELEASE_DATE_UNKNOWN,False
BLS_PUBLIC_API_V2,industrials_v1_4_segment_cost_drivers,CES3133360003,2024-12,44.21,,2026-09-02T21:59:07.345599+00:00,,0d01c1ceb7d7b42b7f04891c9249a358d9d768bf8865ba1114229f698dd2cf91,LATEST_REVISED_RELEASE_DATE_UNKNOWN,False
BLS_PUBLIC_API_V2,industrials_v1_4_segment_cost_drivers,CES3133360003,2024-11,44.24,,2026-09-02T21:59:07.345599+00:00,,0d01c1ceb7d7b42b7f04891c9249a358d9d768bf8865ba1114229f698dd2cf91,LATEST_REVISED_RELEASE_DATE_UNKNOWN,False
BLS_PUBLIC_API_V2,industrials_v1_4_segment_cost_drivers,CES3133360003,2024-10,45.0,,2026-09-02T21:59:07.345599+00:00,,0d01c1ceb7d7b42b7f04891c9249a358d9d768bf8865ba1114229f698dd2cf91,LATEST_REVISED_RELEASE_DATE_UNKNOWN,False
BLS_PUBLIC_API_V2,industrials_v1_4_segment_cost_drivers,CES3133360003,2024-09,43.29,,2026-09-02T21:59:07.345599+00:00,,0d01c1ceb7d7b42b7f04891c9249a358d9d768bf8865ba1114229f698dd2cf91,LATEST_REVISED_RELEASE_DATE_UNKNOWN,False
BLS_PUBLIC_API_V2,industrials_v1_4_segment_cost_drivers,CES3133360003,2024-08,43.6,,2026-09-02T21:59:07.345599+00:00,,0d01c1ceb7d7b42b7f04891c9249a358d9d768bf8865ba1114229f698dd2cf91,LATEST_REVISED_RELEASE_DATE_UNKNOWN,False
BLS_PUBLIC_API_V2,industrials_v1_4_segment_cost_drivers,CES3133360003,2024-07,42.98,,2026-09-02T21:59:07.345599+00:00,,0d01c1ceb7d7b42b7f04891c9249a358d9d768bf8865ba1114229f698dd2cf91,LATEST_REVISED_RELEASE_DATE_UNKNOWN,False
BLS_PUBLIC_API_V2,industrials_v1_4_segment_cost_drivers,CES3133360003,2024-06,42.63,,2026-09-02T21:59:07.345599+00:00,,0d01c1ceb7d7b42b7f04891c9249a358d9d768bf8865ba1114229f698dd2cf91,LATEST_REVISED_RELEASE_DATE_UNKNOWN,False
BLS_PUBLIC_API_V2,industrials_v1_4_segment_cost_drivers,CES3133360003,2024-05,42.34,,2026-09-02T21:59:07.345599+00:00,,0d01c1ceb7d7b42b7f04891c9249a358d9d768bf8865ba1114229f698dd2cf91,LATEST_REVISED_RELEASE_DATE_UNKNOWN,False
BLS_PUBLIC_API_V2,industrials_v1_4_segment_cost_drivers,CES3133360003,2024-04,41.57,,2026-09-02T21:59:07.345599+00:00,,0d01c1ceb7d7b42b7f04891c9249a358d9d768bf8865ba1114229f698dd2cf91,LATEST_REVISED_RELEASE_DATE_UNKNOWN,False
BLS_PUBLIC_API_V2,industrials_v1_4_segment_cost_drivers,CES3133360003,2024-03,42.02,,2026-09-02T21:59:07.345599+00:00,,0d01c1ceb7d7b42b7f04891c9249a358d9d768bf8865ba1114229f698dd2cf91,LATEST_REVISED_RELEASE_DATE_UNKNOWN,False
BLS_PUBLIC_API_V2,industrials_v1_4_segment_cost_drivers,CES3133360003,2024-02,42.11,,2026-09-02T21:59:07.345599+00:00,,0d01c1ceb7d7b42b7f04891c9249a358d9d768bf8865ba1114229f698dd2cf91,LATEST_REVISED_RELEASE_DATE_UNKNOWN,False
BLS_PUBLIC_API_V2,industrials_v1_4_segment_cost_drivers,CES3133360003,2024-01,41.95,,2026-09-02T21:59:07.345599+00:00,,0d01c1ceb7d7b42b7f04891c9249a358d9d768bf8865ba1114229f698dd2cf91,LATEST_REVISED_RELEASE_DATE_UNKNOWN,False
BLS_PUBLIC_API_V2,industrials_v1_4_segment_cost_drivers,CES3133360003,2023-12,38.8,,2026-09-02T21:59:07.345599+00:00,,0d01c1ceb7d7b42b7f04891c9249a358d9d768bf8865ba1114229f698dd2cf91,LATEST_REVISED_RELEASE_DATE_UNKNOWN,False
BLS_PUBLIC_API_V2,industrials_v1_4_segment_cost_drivers,CES3133360003,2023-11,38.79,,2026-09-02T21:59:07.345599+00:00,,0d01c1ceb7d7b42b7f04891c9249a358d9d768bf8865ba1114229f698dd2cf91,LATEST_REVISED_RELEASE_DATE_UNKNOWN,False
BLS_PUBLIC_API_V2,industrials_v1_4_segment_cost_drivers,CES3133360003,2023-10,38.41,,2026-09-02T21:59:07.345599+00:00,,0d01c1ceb7d7b42b7f04891c9249a358d9d768bf8865ba1114229f698dd2cf91,LATEST_REVISED_RELEASE_DATE_UNKNOWN,False
BLS_PUBLIC_API_V2,industrials_v1_4_segment_cost_drivers,CES3133360003,2023-09,37.92,,2026-09-02T21:59:07.345599+00:00,,0d01c1ceb7d7b42b7f04891c9249a358d9d768bf8865ba1114229f698dd2cf91,LATEST_REVISED_RELEASE_DATE_UNKNOWN,False
BLS_PUBLIC_API_V2,industrials_v1_4_segment_cost_drivers,CES3133360003,2023-08,37.24,,2026-09-02T21:59:07.345599+00:00,,0d01c1ceb7d7b42b7f04891c9249a358d9d768bf8865ba1114229f698dd2cf91,LATEST_REVISED_RELEASE_DATE_UNKNOWN,False
BLS_PUBLIC_API_V2,industrials_v1_4_segment_cost_drivers,CES3133360003,2023-07,36.68,,2026-09-02T21:59:07.345599+00:00,,0d01c1ceb7d7b42b7f04891c9249a358d9d768bf8865ba1114229f698dd2cf91,LATEST_REVISED_RELEASE_DATE_UNKNOWN,False
BLS_PUBLIC_API_V2,industrials_v1_4_segment_cost_drivers,CES3133360003,2023-06,35.89,,2026-09-02T21:59:07.345599+00:00,,0d01c1ceb7d7b42b7f04891c9249a358d9d768bf8865ba1114229f698dd2cf91,LATEST_REVISED_RELEASE_DATE_UNKNOWN,False
BLS_PUBLIC_API_V2,industrials_v1_4_segment_cost_drivers,CES3133360003,2023-05,34.97,,2026-09-02T21:59:07.345599+00:00,,0d01c1ceb7d7b42b7f04891c9249a358d9d768bf8865ba1114229f698dd2cf91,LATEST_REVISED_RELEASE_DATE_UNKNOWN,False
BLS_PUBLIC_API_V2,industrials_v1_4_segment_cost_drivers,CES3133360003,2023-04,33.93,,2026-09-02T21:59:07.345599+00:00,,0d01c1ceb7d7b42b7f04891c9249a358d9d768bf8865ba1114229f698dd2cf91,LATEST_REVISED_RELEASE_DATE_UNKNOWN,False
BLS_PUBLIC_API_V2,industrials_v1_4_segment_cost_drivers,CES3133360003,2023-03,37.3,,2026-09-02T21:59:07.345599+00:00,,0d01c1ceb7d7b42b7f04891c9249a358d9d768bf8865ba1114229f698dd2cf91,LATEST_REVISED_RELEASE_DATE_UNKNOWN,False
BLS_PUBLIC_API_V2,industrials_v1_4_segment_cost_drivers,CES3133360003,2023-02,36.31,,2026-09-02T21:59:07.345599+00:00,,0d01c1ceb7d7b42b7f04891c9249a358d9d768bf8865ba1114229f698dd2cf91,LATEST_REVISED_RELEASE_DATE_UNKNOWN,False
BLS_PUBLIC_API_V2,industrials_v1_4_segment_cost_drivers,CES3133360003,2023-01,36.68,,2026-09-02T21:59:07.345599+00:00,,0d01c1ceb7d7b42b7f04891c9249a358d9d768bf8865ba1114229f698dd2cf91,LATEST_REVISED_RELEASE_DATE_UNKNOWN,False
BLS_PUBLIC_API_V2,industrials_v1_4_segment_cost_drivers,CES3133360003,2022-12,36.87,,2026-09-02T21:59:07.345599+00:00,,0d01c1ceb7d7b42b7f04891c9249a358d9d768bf8865ba1114229f698dd2cf91,LATEST_REVISED_RELEASE_DATE_UNKNOWN,False
BLS_PUBLIC_API_V2,industrials_v1_4_segment_cost_drivers,CES3133360003,2022-11,35.08,,2026-09-02T21:59:07.345599+00:00,,0d01c1ceb7d7b42b7f04891c9249a358d9d768bf8865ba1114229f698dd2cf91,LATEST_REVISED_RELEASE_DATE_UNKNOWN,False
BLS_PUBLIC_API_V2,industrials_v1_4_segment_cost_drivers,CES3133360003,2022-10,34.51,,2026-09-02T21:59:07.345599+00:00,,0d01c1ceb7d7b42b7f04891c9249a358d9d768bf8865ba1114229f698dd2cf91,LATEST_REVISED_RELEASE_DATE_UNKNOWN,False
BLS_PUBLIC_API_V2,industrials_v1_4_segment_cost_drivers,CES3133360003,2022-09,34.34,,2026-09-02T21:59:07.345599+00:00,,0d01c1ceb7d7b42b7f04891c9249a358d9d768bf8865ba1114229f698dd2cf91,LATEST_REVISED_RELEASE_DATE_UNKNOWN,False
BLS_PUBLIC_API_V2,industrials_v1_4_segment_cost_drivers,CES3133360003,2022-08,34.34,,2026-09-02T21:59:07.345599+00:00,,0d01c1ceb7d7b42b7f04891c9249a358d9d768bf8865ba1114229f698dd2cf91,LATEST_REVISED_RELEASE_DATE_UNKNOWN,False
BLS_PUBLIC_API_V2,industrials_v1_4_segment_cost_drivers,CES3133360003,2022-07,33.86,,2026-09-02T21:59:07.345599+00:00,,0d01c1ceb7d7b42b7f04891c9249a358d9d768bf8865ba1114229f698dd2cf91,LATEST_REVISED_RELEASE_DATE_UNKNOWN,False
BLS_PUBLIC_API_V2,industrials_v1_4_segment_cost_drivers,CES3133360003,2022-06,34.31,,2026-09-02T21:59:07.345599+00:00,,0d01c1ceb7d7b42b7f04891c9249a358d9d768bf8865ba1114229f698dd2cf91,LATEST_REVISED_RELEASE_DATE_UNKNOWN,False
BLS_PUBLIC_API_V2,industrials_v1_4_segment_cost_drivers,CES3133360003,2022-05,34.75,,2026-09-02T21:59:07.345599+00:00,,0d01c1ceb7d7b42b7f04891c9249a358d9d768bf8865ba1114229f698dd2cf91,LATEST_REVISED_RELEASE_DATE_UNKNOWN,False
BLS_PUBLIC_API_V2,industrials_v1_4_segment_cost_drivers,CES3133360003,2022-04,36.87,,2026-09-02T21:59:07.345599+00:00,,0d01c1ceb7d7b42b7f04891c9249a358d9d768bf8865ba1114229f698dd2cf91,LATEST_REVISED_RELEASE_DATE_UNKNOWN,False
BLS_PUBLIC_API_V2,industrials_v1_4_segment_cost_drivers,CES3133360003,2022-03,34.0,,2026-09-02T21:59:07.345599+00:00,,0d01c1ceb7d7b42b7f04891c9249a358d9d768bf8865ba1114229f698dd2cf91,LATEST_REVISED_RELEASE_DATE_UNKNOWN,False
BLS_PUBLIC_API_V2,industrials_v1_4_segment_cost_drivers,CES3133360003,2022-02,33.44,,2026-09-02T21:59:07.345599+00:00,,0d01c1ceb7d7b42b7f04891c9249a358d9d768bf8865ba1114229f698dd2cf91,LATEST_REVISED_RELEASE_DATE_UNKNOWN,False
BLS_PUBLIC_API_V2,industrials_v1_4_segment_cost_drivers,CES3133360003,2022-01,34.38,,2026-09-02T21:59:07.345599+00:00,,0d01c1ceb7d7b42b7f04891c9249a358d9d768bf8865ba1114229f698dd2cf91,LATEST_REVISED_RELEASE_DATE_UNKNOWN,False
BLS_PUBLIC_API_V2,industrials_v1_4_segment_cost_drivers,CES3133360003,2021-12,34.22,,2026-09-02T21:59:07.345599+00:00,,0d01c1ceb7d7b42b7f04891c9249a358d9d768bf8865ba1114229f698dd2cf91,LATEST_REVISED_RELEASE_DATE_UNKNOWN,False
BLS_PUBLIC_API_V2,industrials_v1_4_segment_cost_drivers,CES3133360003,2021-11,34.88,,2026-09-02T21:59:07.345599+00:00,,0d01c1ceb7d7b42b7f04891c9249a358d9d768bf8865ba1114229f698dd2cf91,LATEST_REVISED_RELEASE_DATE_UNKNOWN,False
BLS_PUBLIC_API_V2,industrials_v1_4_segment_cost_drivers,CES3133360003,2021-10,34.92,,2026-09-02T21:59:07.345599+00:00,,0d01c1ceb7d7b42b7f04891c9249a358d9d768bf8865ba1114229f698dd2cf91,LATEST_REVISED_RELEASE_DATE_UNKNOWN,False
BLS_PUBLIC_API_V2,industrials_v1_4_segment_cost_drivers,CES3133360003,2021-09,35.48,,2026-09-02T21:59:07.345599+00:00,,0d01c1ceb7d7b42b7f04891c9249a358d9d768bf8865ba1114229f698dd2cf91,LATEST_REVISED_RELEASE_DATE_UNKNOWN,False
BLS_PUBLIC_API_V2,industrials_v1_4_segment_cost_drivers,CES3133360003,2021-08,35.74,,2026-09-02T21:59:07.345599+00:00,,0d01c1ceb7d7b42b7f04891c9249a358d9d768bf8865ba1114229f698dd2cf91,LATEST_REVISED_RELEASE_DATE_UNKNOWN,False
BLS_PUBLIC_API_V2,industrials_v1_4_segment_cost_drivers,CES3133360003,2021-07,35.92,,2026-09-02T21:59:07.345599+00:00,,0d01c1ceb7d7b42b7f04891c9249a358d9d768bf8865ba1114229f698dd2cf91,LATEST_REVISED_RELEASE_DATE_UNKNOWN,False
BLS_PUBLIC_API_V2,industrials_v1_4_segment_cost_drivers,CES3133360003,2021-06,35.97,,2026-09-02T21:59:07.345599+00:00,,0d01c1ceb7d7b42b7f04891c9249a358d9d768bf8865ba1114229f698dd2cf91,LATEST_REVISED_RELEASE_DATE_UNKNOWN,False
BLS_PUBLIC_API_V2,industrials_v1_4_segment_cost_drivers,CES3133360003,2021-05,36.03,,2026-09-02T21:59:07.345599+00:00,,0d01c1ceb7d7b42b7f04891c9249a358d9d768bf8865ba1114229f698dd2cf91,LATEST_REVISED_RELEASE_DATE_UNKNOWN,False
BLS_PUBLIC_API_V2,industrials_v1_4_segment_cost_drivers,CES3133360003,2021-04,36.28,,2026-09-02T21:59:07.345599+00:00,,0d01c1ceb7d7b42b7f04891c9249a358d9d768bf8865ba1114229f698dd2cf91,LATEST_REVISED_RELEASE_DATE_UNKNOWN,False
BLS_PUBLIC_API_V2,industrials_v1_4_segment_cost_drivers,CES3133360003,2021-03,36.48,,2026-09-02T21:59:07.345599+00:00,,0d01c1ceb7d7b42b7f04891c9249a358d9d768bf8865ba1114229f698dd2cf91,LATEST_REVISED_RELEASE_DATE_UNKNOWN,False
BLS_PUBLIC_API_V2,industrials_v1_4_segment_cost_drivers,CES3133360003,2021-02,37.12,,2026-09-02T21:59:07.345599+00:00,,0d01c1ceb7d7b42b7f04891c9249a358d9d768bf8865ba1114229f698dd2cf91,LATEST_REVISED_RELEASE_DATE_UNKNOWN,False
BLS_PUBLIC_API_V2,industrials_v1_4_segment_cost_drivers,CES3133360003,2021-01,37.72,,2026-09-02T21:59:07.345599+00:00,,0d01c1ceb7d7b42b7f04891c9249a358d9d768bf8865ba1114229f698dd2cf91,LATEST_REVISED_RELEASE_DATE_UNKNOWN,False
BLS_PUBLIC_API_V2,industrials_v1_4_segment_cost_drivers,CES3133360003,2020-12,38.5,,2026-09-02T21:59:07.345599+00:00,,0d01c1ceb7d7b42b7f04891c9249a358d9d768bf8865ba1114229f698dd2cf91,LATEST_REVISED_RELEASE_DATE_UNKNOWN,False
BLS_PUBLIC_API_V2,industrials_v1_4_segment_cost_drivers,CES3133360003,2020-11,38.5,,2026-09-02T21:59:07.345599+00:00,,0d01c1ceb7d7b42b7f04891c9249a358d9d768bf8865ba1114229f698dd2cf91,LATEST_REVISED_RELEASE_DATE_UNKNOWN,False
BLS_PUBLIC_API_V2,industrials_v1_4_segment_cost_drivers,CES3133360003,2020-10,39.06,,2026-09-02T21:59:07.345599+00:00,,0d01c1ceb7d7b42b7f04891c9249a358d9d768bf8865ba1114229f698dd2cf91,LATEST_REVISED_RELEASE_DATE_UNKNOWN,False
BLS_PUBLIC_API_V2,industrials_v1_4_segment_cost_drivers,CES3133360003,2020-09,37.09,,2026-09-02T21:59:07.345599+00:00,,0d01c1ceb7d7b42b7f04891c9249a358d9d768bf8865ba1114229f698dd2cf91,LATEST_REVISED_RELEASE_DATE_UNKNOWN,False
BLS_PUBLIC_API_V2,industrials_v1_4_segment_cost_drivers,CES3133360003,2020-08,37.51,,2026-09-02T21:59:07.345599+00:00,,0d01c1ceb7d7b42b7f04891c9249a358d9d768bf8865ba1114229f698dd2cf91,LATEST_REVISED_RELEASE_DATE_UNKNOWN,False
BLS_PUBLIC_API_V2,industrials_v1_4_segment_cost_drivers,CES3133360003,2020-07,37.68,,2026-09-02T21:59:07.345599+00:00,,0d01c1ceb7d7b42b7f04891c9249a358d9d768bf8865ba1114229f698dd2cf91,LATEST_REVISED_RELEASE_DATE_UNKNOWN,False
BLS_PUBLIC_API_V2,industrials_v1_4_segment_cost_drivers,CES3133360003,2020-06,37.45,,2026-09-02T21:59:07.345599+00:00,,0d01c1ceb7d7b42b7f04891c9249a358d9d768bf8865ba1114229f698dd2cf91,LATEST_REVISED_RELEASE_DATE_UNKNOWN,False
BLS_PUBLIC_API_V2,industrials_v1_4_segment_cost_drivers,CES3133360003,2020-05,37.63,,2026-09-02T21:59:07.345599+00:00,,0d01c1ceb7d7b42b7f04891c9249a358d9d768bf8865ba1114229f698dd2cf91,LATEST_REVISED_RELEASE_DATE_UNKNOWN,False
BLS_PUBLIC_API_V2,industrials_v1_4_segment_cost_drivers,CES3133360003,2020-04,37.52,,2026-09-02T21:59:07.345599+00:00,,0d01c1ceb7d7b42b7f04891c9249a358d9d768bf8865ba1114229f698dd2cf91,LATEST_REVISED_RELEASE_DATE_UNKNOWN,False
BLS_PUBLIC_API_V2,industrials_v1_4_segment_cost_drivers,CES3133360003,2020-03,35.22,,2026-09-02T21:59:07.345599+00:00,,0d01c1ceb7d7b42b7f04891c9249a358d9d768bf8865ba1114229f698dd2cf91,LATEST_REVISED_RELEASE_DATE_UNKNOWN,False
BLS_PUBLIC_API_V2,industrials_v1_4_segment_cost_drivers,CES3133360003,2020-02,35.51,,2026-09-02T21:59:07.345599+00:00,,0d01c1ceb7d7b42b7f04891c9249a358d9d768bf8865ba1114229f698dd2cf91,LATEST_REVISED_RELEASE_DATE_UNKNOWN,False
BLS_PUBLIC_API_V2,industrials_v1_4_segment_cost_drivers,CES3133360003,2020-01,36.23,,2026-09-02T21:59:07.345599+00:00,,0d01c1ceb7d7b42b7f04891c9249a358d9d768bf8865ba1114229f698dd2cf91,LATEST_REVISED_RELEASE_DATE_UNKNOWN,False
BLS_PUBLIC_API_V2,industrials_v1_4_segment_cost_drivers,WPU112,2026-07,326.717,,2026-09-02T21:59:07.345599+00:00,,0d01c1ceb7d7b42b7f04891c9249a358d9d768bf8865ba1114229f698dd2cf91,LATEST_REVISED_RELEASE_DATE_UNKNOWN,False
BLS_PUBLIC_API_V2,industrials_v1_4_segment_cost_drivers,WPU112,2026-06,324.573,,2026-09-02T21:59:07.345599+00:00,,0d01c1ceb7d7b42b7f04891c9249a358d9d768bf8865ba1114229f698dd2cf91,LATEST_REVISED_RELEASE_DATE_UNKNOWN,False
BLS_PUBLIC_API_V2,industrials_v1_4_segment_cost_drivers,WPU112,2026-05,324.443,,2026-09-02T21:59:07.345599+00:00,,0d01c1ceb7d7b42b7f04891c9249a358d9d768bf8865ba1114229f698dd2cf91,LATEST_REVISED_RELEASE_DATE_UNKNOWN,False
BLS_PUBLIC_API_V2,industrials_v1_4_segment_cost_drivers,WPU112,2026-04,323.759,,2026-09-02T21:59:07.345599+00:00,,0d01c1ceb7d7b42b7f04891c9249a358d9d768bf8865ba1114229f698dd2cf91,LATEST_REVISED_RELEASE_DATE_UNKNOWN,False
BLS_PUBLIC_API_V2,industrials_v1_4_segment_cost_drivers,WPU112,2026-03,323.487,,2026-09-02T21:59:07.345599+00:00,,0d01c1ceb7d7b42b7f04891c9249a358d9d768bf8865ba1114229f698dd2cf91,LATEST_REVISED_RELEASE_DATE_UNKNOWN,False
BLS_PUBLIC_API_V2,industrials_v1_4_segment_cost_drivers,WPU112,2026-02,323.487,,2026-09-02T21:59:07.345599+00:00,,0d01c1ceb7d7b42b7f04891c9249a358d9d768bf8865ba1114229f698dd2cf91,LATEST_REVISED_RELEASE_DATE_UNKNOWN,False
BLS_PUBLIC_API_V2,industrials_v1_4_segment_cost_drivers,WPU112,2026-01,322.601,,2026-09-02T21:59:07.345599+00:00,,0d01c1ceb7d7b42b7f04891c9249a358d9d768bf8865ba1114229f698dd2cf91,LATEST_REVISED_RELEASE_DATE_UNKNOWN,False
BLS_PUBLIC_API_V2,industrials_v1_4_segment_cost_drivers,WPU112,2025-12,323.988,,2026-09-02T21:59:07.345599+00:00,,0d01c1ceb7d7b42b7f04891c9249a358d9d768bf8865ba1114229f698dd2cf91,LATEST_REVISED_RELEASE_DATE_UNKNOWN,False
BLS_PUBLIC_API_V2,industrials_v1_4_segment_cost_drivers,WPU112,2025-11,322.398,,2026-09-02T21:59:07.345599+00:00,,0d01c1ceb7d7b42b7f04891c9249a358d9d768bf8865ba1114229f698dd2cf91,LATEST_REVISED_RELEASE_DATE_UNKNOWN,False
BLS_PUBLIC_API_V2,industrials_v1_4_segment_cost_drivers,WPU112,2025-10,322.397,,2026-09-02T21:59:07.345599+00:00,,0d01c1ceb7d7b42b7f04891c9249a358d9d768bf8865ba1114229f698dd2cf91,LATEST_REVISED_RELEASE_DATE_UNKNOWN,False
BLS_PUBLIC_API_V2,industrials_v1_4_segment_cost_drivers,WPU112,2025-09,320.87,,2026-09-02T21:59:07.345599+00:00,,0d01c1ceb7d7b42b7f04891c9249a358d9d768bf8865ba1114229f698dd2cf91,LATEST_REVISED_RELEASE_DATE_UNKNOWN,False
BLS_PUBLIC_API_V2,industrials_v1_4_segment_cost_drivers,WPU112,2025-08,319.667,,2026-09-02T21:59:07.345599+00:00,,0d01c1ceb7d7b42b7f04891c9249a358d9d768bf8865ba1114229f698dd2cf91,LATEST_REVISED_RELEASE_DATE_UNKNOWN,False
BLS_PUBLIC_API_V2,industrials_v1_4_segment_cost_drivers,WPU112,2025-07,318.274,,2026-09-02T21:59:07.345599+00:00,,0d01c1ceb7d7b42b7f04891c9249a358d9d768bf8865ba1114229f698dd2cf91,LATEST_REVISED_RELEASE_DATE_UNKNOWN,False
BLS_PUBLIC_API_V2,industrials_v1_4_segment_cost_drivers,WPU112,2025-06,316.401,,2026-09-02T21:59:07.345599+00:00,,0d01c1ceb7d7b42b7f04891c9249a358d9d768bf8865ba1114229f698dd2cf91,LATEST_REVISED_RELEASE_DATE_UNKNOWN,False
BLS_PUBLIC_API_V2,industrials_v1_4_segment_cost_drivers,WPU112,2025-05,313.391,,2026-09-02T21:59:07.345599+00:00,,0d01c1ceb7d7b42b7f04891c9249a358d9d768bf8865ba1114229f698dd2cf91,LATEST_REVISED_RELEASE_DATE_UNKNOWN,False
BLS_PUBLIC_API_V2,industrials_v1_4_segment_cost_drivers,WPU112,2025-04,311.284,,2026-09-02T21:59:07.345599+00:00,,0d01c1ceb7d7b42b7f04891c9249a358d9d768bf8865ba1114229f698dd2cf91,LATEST_REVISED_RELEASE_DATE_UNKNOWN,False
BLS_PUBLIC_API_V2,industrials_v1_4_segment_cost_drivers,WPU112,2025-03,308.74,,2026-09-02T21:59:07.345599+00:00,,0d01c1ceb7d7b42b7f04891c9249a358d9d768bf8865ba1114229f698dd2cf91,LATEST_REVISED_RELEASE_DATE_UNKNOWN,False
BLS_PUBLIC_API_V2,industrials_v1_4_segment_cost_drivers,WPU112,2025-02,308.355,,2026-09-02T21:59:07.345599+00:00,,0d01c1ceb7d7b42b7f04891c9249a358d9d768bf8865ba1114229f698dd2cf91,LATEST_REVISED_RELEASE_DATE_UNKNOWN,False
BLS_PUBLIC_API_V2,industrials_v1_4_segment_cost_drivers,WPU112,2025-01,307.768,,2026-09-02T21:59:07.345599+00:00,,0d01c1ceb7d7b42b7f04891c9249a358d9d768bf8865ba1114229f698dd2cf91,LATEST_REVISED_RELEASE_DATE_UNKNOWN,False
BLS_PUBLIC_API_V2,industrials_v1_4_segment_cost_drivers,WPU112,2024-12,307.7,,2026-09-02T21:59:07.345599+00:00,,0d01c1ceb7d7b42b7f04891c9249a358d9d768bf8865ba1114229f698dd2cf91,LATEST_REVISED_RELEASE_DATE_UNKNOWN,False
BLS_PUBLIC_API_V2,industrials_v1_4_segment_cost_drivers,WPU112,2024-11,307.945,,2026-09-02T21:59:07.345599+00:00,,0d01c1ceb7d7b42b7f04891c9249a358d9d768bf8865ba1114229f698dd2cf91,LATEST_REVISED_RELEASE_DATE_UNKNOWN,False
BLS_PUBLIC_API_V2,industrials_v1_4_segment_cost_drivers,WPU112,2024-10,307.294,,2026-09-02T21:59:07.345599+00:00,,0d01c1ceb7d7b42b7f04891c9249a358d9d768bf8865ba1114229f698dd2cf91,LATEST_REVISED_RELEASE_DATE_UNKNOWN,False
BLS_PUBLIC_API_V2,industrials_v1_4_segment_cost_drivers,WPU112,2024-09,307.144,,2026-09-02T21:59:07.345599+00:00,,0d01c1ceb7d7b42b7f04891c9249a358d9d768bf8865ba1114229f698dd2cf91,LATEST_REVISED_RELEASE_DATE_UNKNOWN,False
BLS_PUBLIC_API_V2,industrials_v1_4_segment_cost_drivers,WPU112,2024-08,307.627,,2026-09-02T21:59:07.345599+00:00,,0d01c1ceb7d7b42b7f04891c9249a358d9d768bf8865ba1114229f698dd2cf91,LATEST_REVISED_RELEASE_DATE_UNKNOWN,False
BLS_PUBLIC_API_V2,industrials_v1_4_segment_cost_drivers,WPU112,2024-07,307.808,,2026-09-02T21:59:07.345599+00:00,,0d01c1ceb7d7b42b7f04891c9249a358d9d768bf8865ba1114229f698dd2cf91,LATEST_REVISED_RELEASE_DATE_UNKNOWN,False
BLS_PUBLIC_API_V2,industrials_v1_4_segment_cost_drivers,WPU112,2024-06,307.27,,2026-09-02T21:59:07.345599+00:00,,0d01c1ceb7d7b42b7f04891c9249a358d9d768bf8865ba1114229f698dd2cf91,LATEST_REVISED_RELEASE_DATE_UNKNOWN,False
BLS_PUBLIC_API_V2,industrials_v1_4_segment_cost_drivers,WPU112,2024-05,307.083,,2026-09-02T21:59:07.345599+00:00,,0d01c1ceb7d7b42b7f04891c9249a358d9d768bf8865ba1114229f698dd2cf91,LATEST_REVISED_RELEASE_DATE_UNKNOWN,False
BLS_PUBLIC_API_V2,industrials_v1_4_segment_cost_drivers,WPU112,2024-04,306.901,,2026-09-02T21:59:07.345599+00:00,,0d01c1ceb7d7b42b7f04891c9249a358d9d768bf8865ba1114229f698dd2cf91,LATEST_REVISED_RELEASE_DATE_UNKNOWN,False
BLS_PUBLIC_API_V2,industrials_v1_4_segment_cost_drivers,WPU112,2024-03,306.279,,2026-09-02T21:59:07.345599+00:00,,0d01c1ceb7d7b42b7f04891c9249a358d9d768bf8865ba1114229f698dd2cf91,LATEST_REVISED_RELEASE_DATE_UNKNOWN,False
BLS_PUBLIC_API_V2,industrials_v1_4_segment_cost_drivers,WPU112,2024-02,306.62,,2026-09-02T21:59:07.345599+00:00,,0d01c1ceb7d7b42b7f04891c9249a358d9d768bf8865ba1114229f698dd2cf91,LATEST_REVISED_RELEASE_DATE_UNKNOWN,False
BLS_PUBLIC_API_V2,industrials_v1_4_segment_cost_drivers,WPU112,2024-01,306.102,,2026-09-02T21:59:07.345599+00:00,,0d01c1ceb7d7b42b7f04891c9249a358d9d768bf8865ba1114229f698dd2cf91,LATEST_REVISED_RELEASE_DATE_UNKNOWN,False
BLS_PUBLIC_API_V2,industrials_v1_4_segment_cost_drivers,WPU112,2023-12,304.493,,2026-09-02T21:59:07.345599+00:00,,0d01c1ceb7d7b42b7f04891c9249a358d9d768bf8865ba1114229f698dd2cf91,LATEST_REVISED_RELEASE_DATE_UNKNOWN,False
BLS_PUBLIC_API_V2,industrials_v1_4_segment_cost_drivers,WPU112,2023-11,304.092,,2026-09-02T21:59:07.345599+00:00,,0d01c1ceb7d7b42b7f04891c9249a358d9d768bf8865ba1114229f698dd2cf91,LATEST_REVISED_RELEASE_DATE_UNKNOWN,False
BLS_PUBLIC_API_V2,industrials_v1_4_segment_cost_drivers,WPU112,2023-10,301.308,,2026-09-02T21:59:07.345599+00:00,,0d01c1ceb7d7b42b7f04891c9249a358d9d768bf8865ba1114229f698dd2cf91,LATEST_REVISED_RELEASE_DATE_UNKNOWN,False
BLS_PUBLIC_API_V2,industrials_v1_4_segment_cost_drivers,WPU112,2023-09,301.307,,2026-09-02T21:59:07.345599+00:00,,0d01c1ceb7d7b42b7f04891c9249a358d9d768bf8865ba1114229f698dd2cf91,LATEST_REVISED_RELEASE_DATE_UNKNOWN,False
BLS_PUBLIC_API_V2,industrials_v1_4_segment_cost_drivers,WPU112,2023-08,300.774,,2026-09-02T21:59:07.345599+00:00,,0d01c1ceb7d7b42b7f04891c9249a358d9d768bf8865ba1114229f698dd2cf91,LATEST_REVISED_RELEASE_DATE_UNKNOWN,False
BLS_PUBLIC_API_V2,industrials_v1_4_segment_cost_drivers,WPU112,2023-07,300.789,,2026-09-02T21:59:07.345599+00:00,,0d01c1ceb7d7b42b7f04891c9249a358d9d768bf8865ba1114229f698dd2cf91,LATEST_REVISED_RELEASE_DATE_UNKNOWN,False
BLS_PUBLIC_API_V2,industrials_v1_4_segment_cost_drivers,WPU112,2023-06,296.072,,2026-09-02T21:59:07.345599+00:00,,0d01c1ceb7d7b42b7f04891c9249a358d9d768bf8865ba1114229f698dd2cf91,LATEST_REVISED_RELEASE_DATE_UNKNOWN,False
BLS_PUBLIC_API_V2,industrials_v1_4_segment_cost_drivers,WPU112,2023-05,295.959,,2026-09-02T21:59:07.345599+00:00,,0d01c1ceb7d7b42b7f04891c9249a358d9d768bf8865ba1114229f698dd2cf91,LATEST_REVISED_RELEASE_DATE_UNKNOWN,False
BLS_PUBLIC_API_V2,industrials_v1_4_segment_cost_drivers,WPU112,2023-04,295.79,,2026-09-02T21:59:07.345599+00:00,,0d01c1ceb7d7b42b7f04891c9249a358d9d768bf8865ba1114229f698dd2cf91,LATEST_REVISED_RELEASE_DATE_UNKNOWN,False
BLS_PUBLIC_API_V2,industrials_v1_4_segment_cost_drivers,WPU112,2023-03,294.9,,2026-09-02T21:59:07.345599+00:00,,0d01c1ceb7d7b42b7f04891c9249a358d9d768bf8865ba1114229f698dd2cf91,LATEST_REVISED_RELEASE_DATE_UNKNOWN,False
BLS_PUBLIC_API_V2,industrials_v1_4_segment_cost_drivers,WPU112,2023-02,294.047,,2026-09-02T21:59:07.345599+00:00,,0d01c1ceb7d7b42b7f04891c9249a358d9d768bf8865ba1114229f698dd2cf91,LATEST_REVISED_RELEASE_DATE_UNKNOWN,False
BLS_PUBLIC_API_V2,industrials_v1_4_segment_cost_drivers,WPU112,2023-01,293.057,,2026-09-02T21:59:07.345599+00:00,,0d01c1ceb7d7b42b7f04891c9249a358d9d768bf8865ba1114229f698dd2cf91,LATEST_REVISED_RELEASE_DATE_UNKNOWN,False
BLS_PUBLIC_API_V2,industrials_v1_4_segment_cost_drivers,WPU112,2022-12,283.37,,2026-09-02T21:59:07.345599+00:00,,0d01c1ceb7d7b42b7f04891c9249a358d9d768bf8865ba1114229f698dd2cf91,LATEST_REVISED_RELEASE_DATE_UNKNOWN,False
BLS_PUBLIC_API_V2,industrials_v1_4_segment_cost_drivers,WPU112,2022-11,283.298,,2026-09-02T21:59:07.345599+00:00,,0d01c1ceb7d7b42b7f04891c9249a358d9d768bf8865ba1114229f698dd2cf91,LATEST_REVISED_RELEASE_DATE_UNKNOWN,False
BLS_PUBLIC_API_V2,industrials_v1_4_segment_cost_drivers,WPU112,2022-10,282.777,,2026-09-02T21:59:07.345599+00:00,,0d01c1ceb7d7b42b7f04891c9249a358d9d768bf8865ba1114229f698dd2cf91,LATEST_REVISED_RELEASE_DATE_UNKNOWN,False
BLS_PUBLIC_API_V2,industrials_v1_4_segment_cost_drivers,WPU112,2022-09,282.714,,2026-09-02T21:59:07.345599+00:00,,0d01c1ceb7d7b42b7f04891c9249a358d9d768bf8865ba1114229f698dd2cf91,LATEST_REVISED_RELEASE_DATE_UNKNOWN,False
BLS_PUBLIC_API_V2,industrials_v1_4_segment_cost_drivers,WPU112,2022-08,282.317,,2026-09-02T21:59:07.345599+00:00,,0d01c1ceb7d7b42b7f04891c9249a358d9d768bf8865ba1114229f698dd2cf91,LATEST_REVISED_RELEASE_DATE_UNKNOWN,False
BLS_PUBLIC_API_V2,industrials_v1_4_segment_cost_drivers,WPU112,2022-07,275.184,,2026-09-02T21:59:07.345599+00:00,,0d01c1ceb7d7b42b7f04891c9249a358d9d768bf8865ba1114229f698dd2cf91,LATEST_REVISED_RELEASE_DATE_UNKNOWN,False
BLS_PUBLIC_API_V2,industrials_v1_4_segment_cost_drivers,WPU112,2022-06,274.14,,2026-09-02T21:59:07.345599+00:00,,0d01c1ceb7d7b42b7f04891c9249a358d9d768bf8865ba1114229f698dd2cf91,LATEST_REVISED_RELEASE_DATE_UNKNOWN,False
BLS_PUBLIC_API_V2,industrials_v1_4_segment_cost_drivers,WPU112,2022-05,271.423,,2026-09-02T21:59:07.345599+00:00,,0d01c1ceb7d7b42b7f04891c9249a358d9d768bf8865ba1114229f698dd2cf91,LATEST_REVISED_RELEASE_DATE_UNKNOWN,False
BLS_PUBLIC_API_V2,industrials_v1_4_segment_cost_drivers,WPU112,2022-04,270.673,,2026-09-02T21:59:07.345599+00:00,,0d01c1ceb7d7b42b7f04891c9249a358d9d768bf8865ba1114229f698dd2cf91,LATEST_REVISED_RELEASE_DATE_UNKNOWN,False
BLS_PUBLIC_API_V2,industrials_v1_4_segment_cost_drivers,WPU112,2022-03,263.433,,2026-09-02T21:59:07.345599+00:00,,0d01c1ceb7d7b42b7f04891c9249a358d9d768bf8865ba1114229f698dd2cf91,LATEST_REVISED_RELEASE_DATE_UNKNOWN,False
BLS_PUBLIC_API_V2,industrials_v1_4_segment_cost_drivers,WPU112,2022-02,262.762,,2026-09-02T21:59:07.345599+00:00,,0d01c1ceb7d7b42b7f04891c9249a358d9d768bf8865ba1114229f698dd2cf91,LATEST_REVISED_RELEASE_DATE_UNKNOWN,False
BLS_PUBLIC_API_V2,industrials_v1_4_segment_cost_drivers,WPU112,2022-01,261.208,,2026-09-02T21:59:07.345599+00:00,,0d01c1ceb7d7b42b7f04891c9249a358d9d768bf8865ba1114229f698dd2cf91,LATEST_REVISED_RELEASE_DATE_UNKNOWN,False
BLS_PUBLIC_API_V2,industrials_v1_4_segment_cost_drivers,WPU112,2021-12,260.38,,2026-09-02T21:59:07.345599+00:00,,0d01c1ceb7d7b42b7f04891c9249a358d9d768bf8865ba1114229f698dd2cf91,LATEST_REVISED_RELEASE_DATE_UNKNOWN,False
BLS_PUBLIC_API_V2,industrials_v1_4_segment_cost_drivers,WPU112,2021-11,258.281,,2026-09-02T21:59:07.345599+00:00,,0d01c1ceb7d7b42b7f04891c9249a358d9d768bf8865ba1114229f698dd2cf91,LATEST_REVISED_RELEASE_DATE_UNKNOWN,False
BLS_PUBLIC_API_V2,industrials_v1_4_segment_cost_drivers,WPU112,2021-10,257.313,,2026-09-02T21:59:07.345599+00:00,,0d01c1ceb7d7b42b7f04891c9249a358d9d768bf8865ba1114229f698dd2cf91,LATEST_REVISED_RELEASE_DATE_UNKNOWN,False
BLS_PUBLIC_API_V2,industrials_v1_4_segment_cost_drivers,WPU112,2021-09,249.86,,2026-09-02T21:59:07.345599+00:00,,0d01c1ceb7d7b42b7f04891c9249a358d9d768bf8865ba1114229f698dd2cf91,LATEST_REVISED_RELEASE_DATE_UNKNOWN,False
BLS_PUBLIC_API_V2,industrials_v1_4_segment_cost_drivers,WPU112,2021-08,248.835,,2026-09-02T21:59:07.345599+00:00,,0d01c1ceb7d7b42b7f04891c9249a358d9d768bf8865ba1114229f698dd2cf91,LATEST_REVISED_RELEASE_DATE_UNKNOWN,False
BLS_PUBLIC_API_V2,industrials_v1_4_segment_cost_drivers,WPU112,2021-07,247.682,,2026-09-02T21:59:07.345599+00:00,,0d01c1ceb7d7b42b7f04891c9249a358d9d768bf8865ba1114229f698dd2cf91,LATEST_REVISED_RELEASE_DATE_UNKNOWN,False
BLS_PUBLIC_API_V2,industrials_v1_4_segment_cost_drivers,WPU112,2021-06,246.9,,2026-09-02T21:59:07.345599+00:00,,0d01c1ceb7d7b42b7f04891c9249a358d9d768bf8865ba1114229f698dd2cf91,LATEST_REVISED_RELEASE_DATE_UNKNOWN,False
BLS_PUBLIC_API_V2,industrials_v1_4_segment_cost_drivers,WPU112,2021-05,243.4,,2026-09-02T21:59:07.345599+00:00,,0d01c1ceb7d7b42b7f04891c9249a358d9d768bf8865ba1114229f698dd2cf91,LATEST_REVISED_RELEASE_DATE_UNKNOWN,False
BLS_PUBLIC_API_V2,industrials_v1_4_segment_cost_drivers,WPU112,2021-04,241.5,,2026-09-02T21:59:07.345599+00:00,,0d01c1ceb7d7b42b7f04891c9249a358d9d768bf8865ba1114229f698dd2cf91,LATEST_REVISED_RELEASE_DATE_UNKNOWN,False
BLS_PUBLIC_API_V2,industrials_v1_4_segment_cost_drivers,WPU112,2021-03,241.3,,2026-09-02T21:59:07.345599+00:00,,0d01c1ceb7d7b42b7f04891c9249a358d9d768bf8865ba1114229f698dd2cf91,LATEST_REVISED_RELEASE_DATE_UNKNOWN,False
BLS_PUBLIC_API_V2,industrials_v1_4_segment_cost_drivers,WPU112,2021-02,241.1,,2026-09-02T21:59:07.345599+00:00,,0d01c1ceb7d7b42b7f04891c9249a358d9d768bf8865ba1114229f698dd2cf91,LATEST_REVISED_RELEASE_DATE_UNKNOWN,False
BLS_PUBLIC_API_V2,industrials_v1_4_segment_cost_drivers,WPU112,2021-01,240.8,,2026-09-02T21:59:07.345599+00:00,,0d01c1ceb7d7b42b7f04891c9249a358d9d768bf8865ba1114229f698dd2cf91,LATEST_REVISED_RELEASE_DATE_UNKNOWN,False
BLS_PUBLIC_API_V2,industrials_v1_4_segment_cost_drivers,WPU112,2020-12,236.8,,2026-09-02T21:59:07.345599+00:00,,0d01c1ceb7d7b42b7f04891c9249a358d9d768bf8865ba1114229f698dd2cf91,LATEST_REVISED_RELEASE_DATE_UNKNOWN,False
BLS_PUBLIC_API_V2,industrials_v1_4_segment_cost_drivers,WPU112,2020-11,236.7,,2026-09-02T21:59:07.345599+00:00,,0d01c1ceb7d7b42b7f04891c9249a358d9d768bf8865ba1114229f698dd2cf91,LATEST_REVISED_RELEASE_DATE_UNKNOWN,False
BLS_PUBLIC_API_V2,industrials_v1_4_segment_cost_drivers,WPU112,2020-10,236.7,,2026-09-02T21:59:07.345599+00:00,,0d01c1ceb7d7b42b7f04891c9249a358d9d768bf8865ba1114229f698dd2cf91,LATEST_REVISED_RELEASE_DATE_UNKNOWN,False
BLS_PUBLIC_API_V2,industrials_v1_4_segment_cost_drivers,WPU112,2020-09,236.5,,2026-09-02T21:59:07.345599+00:00,,0d01c1ceb7d7b42b7f04891c9249a358d9d768bf8865ba1114229f698dd2cf91,LATEST_REVISED_RELEASE_DATE_UNKNOWN,False
BLS_PUBLIC_API_V2,industrials_v1_4_segment_cost_drivers,WPU112,2020-08,236.5,,2026-09-02T21:59:07.345599+00:00,,0d01c1ceb7d7b42b7f04891c9249a358d9d768bf8865ba1114229f698dd2cf91,LATEST_REVISED_RELEASE_DATE_UNKNOWN,False
BLS_PUBLIC_API_V2,industrials_v1_4_segment_cost_drivers,WPU112,2020-07,236.5,,2026-09-02T21:59:07.345599+00:00,,0d01c1ceb7d7b42b7f04891c9249a358d9d768bf8865ba1114229f698dd2cf91,LATEST_REVISED_RELEASE_DATE_UNKNOWN,False
BLS_PUBLIC_API_V2,industrials_v1_4_segment_cost_drivers,WPU112,2020-06,236.6,,2026-09-02T21:59:07.345599+00:00,,0d01c1ceb7d7b42b7f04891c9249a358d9d768bf8865ba1114229f698dd2cf91,LATEST_REVISED_RELEASE_DATE_UNKNOWN,False
BLS_PUBLIC_API_V2,industrials_v1_4_segment_cost_drivers,WPU112,2020-05,236.6,,2026-09-02T21:59:07.345599+00:00,,0d01c1ceb7d7b42b7f04891c9249a358d9d768bf8865ba1114229f698dd2cf91,LATEST_REVISED_RELEASE_DATE_UNKNOWN,False
BLS_PUBLIC_API_V2,industrials_v1_4_segment_cost_drivers,WPU112,2020-04,236.6,,2026-09-02T21:59:07.345599+00:00,,0d01c1ceb7d7b42b7f04891c9249a358d9d768bf8865ba1114229f698dd2cf91,LATEST_REVISED_RELEASE_DATE_UNKNOWN,False
BLS_PUBLIC_API_V2,industrials_v1_4_segment_cost_drivers,WPU112,2020-03,236.5,,2026-09-02T21:59:07.345599+00:00,,0d01c1ceb7d7b42b7f04891c9249a358d9d768bf8865ba1114229f698dd2cf91,LATEST_REVISED_RELEASE_DATE_UNKNOWN,False
BLS_PUBLIC_API_V2,industrials_v1_4_segment_cost_drivers,WPU112,2020-02,236.5,,2026-09-02T21:59:07.345599+00:00,,0d01c1ceb7d7b42b7f04891c9249a358d9d768bf8865ba1114229f698dd2cf91,LATEST_REVISED_RELEASE_DATE_UNKNOWN,False
BLS_PUBLIC_API_V2,industrials_v1_4_segment_cost_drivers,WPU112,2020-01,236.3,,2026-09-02T21:59:07.345599+00:00,,0d01c1ceb7d7b42b7f04891c9249a358d9d768bf8865ba1114229f698dd2cf91,LATEST_REVISED_RELEASE_DATE_UNKNOWN,False
BLS_PUBLIC_API_V2,industrials_v1_4_segment_cost_drivers,WPU1192,2026-07,473.609,,2026-09-02T21:59:07.345599+00:00,,0d01c1ceb7d7b42b7f04891c9249a358d9d768bf8865ba1114229f698dd2cf91,LATEST_REVISED_RELEASE_DATE_UNKNOWN,False
BLS_PUBLIC_API_V2,industrials_v1_4_segment_cost_drivers,WPU1192,2026-06,472.621,,2026-09-02T21:59:07.345599+00:00,,0d01c1ceb7d7b42b7f04891c9249a358d9d768bf8865ba1114229f698dd2cf91,LATEST_REVISED_RELEASE_DATE_UNKNOWN,False
BLS_PUBLIC_API_V2,industrials_v1_4_segment_cost_drivers,WPU1192,2026-05,465.711,,2026-09-02T21:59:07.345599+00:00,,0d01c1ceb7d7b42b7f04891c9249a358d9d768bf8865ba1114229f698dd2cf91,LATEST_REVISED_RELEASE_DATE_UNKNOWN,False
BLS_PUBLIC_API_V2,industrials_v1_4_segment_cost_drivers,WPU1192,2026-04,459.076,,2026-09-02T21:59:07.345599+00:00,,0d01c1ceb7d7b42b7f04891c9249a358d9d768bf8865ba1114229f698dd2cf91,LATEST_REVISED_RELEASE_DATE_UNKNOWN,False
BLS_PUBLIC_API_V2,industrials_v1_4_segment_cost_drivers,WPU1192,2026-03,458.158,,2026-09-02T21:59:07.345599+00:00,,0d01c1ceb7d7b42b7f04891c9249a358d9d768bf8865ba1114229f698dd2cf91,LATEST_REVISED_RELEASE_DATE_UNKNOWN,False
BLS_PUBLIC_API_V2,industrials_v1_4_segment_cost_drivers,WPU1192,2026-02,458.316,,2026-09-02T21:59:07.345599+00:00,,0d01c1ceb7d7b42b7f04891c9249a358d9d768bf8865ba1114229f698dd2cf91,LATEST_REVISED_RELEASE_DATE_UNKNOWN,False
BLS_PUBLIC_API_V2,industrials_v1_4_segment_cost_drivers,WPU1192,2026-01,458.218,,2026-09-02T21:59:07.345599+00:00,,0d01c1ceb7d7b42b7f04891c9249a358d9d768bf8865ba1114229f698dd2cf91,LATEST_REVISED_RELEASE_DATE_UNKNOWN,False
BLS_PUBLIC_API_V2,industrials_v1_4_segment_cost_drivers,WPU1192,2025-12,459.353,,2026-09-02T21:59:07.345599+00:00,,0d01c1ceb7d7b42b7f04891c9249a358d9d768bf8865ba1114229f698dd2cf91,LATEST_REVISED_RELEASE_DATE_UNKNOWN,False
BLS_PUBLIC_API_V2,industrials_v1_4_segment_cost_drivers,WPU1192,2025-11,459.169,,2026-09-02T21:59:07.345599+00:00,,0d01c1ceb7d7b42b7f04891c9249a358d9d768bf8865ba1114229f698dd2cf91,LATEST_REVISED_RELEASE_DATE_UNKNOWN,False
BLS_PUBLIC_API_V2,industrials_v1_4_segment_cost_drivers,WPU1192,2025-10,456.505,,2026-09-02T21:59:07.345599+00:00,,0d01c1ceb7d7b42b7f04891c9249a358d9d768bf8865ba1114229f698dd2cf91,LATEST_REVISED_RELEASE_DATE_UNKNOWN,False
BLS_PUBLIC_API_V2,industrials_v1_4_segment_cost_drivers,WPU1192,2025-09,456.505,,2026-09-02T21:59:07.345599+00:00,,0d01c1ceb7d7b42b7f04891c9249a358d9d768bf8865ba1114229f698dd2cf91,LATEST_REVISED_RELEASE_DATE_UNKNOWN,False
BLS_PUBLIC_API_V2,industrials_v1_4_segment_cost_drivers,WPU1192,2025-08,456.381,,2026-09-02T21:59:07.345599+00:00,,0d01c1ceb7d7b42b7f04891c9249a358d9d768bf8865ba1114229f698dd2cf91,LATEST_REVISED_RELEASE_DATE_UNKNOWN,False
BLS_PUBLIC_API_V2,industrials_v1_4_segment_cost_drivers,WPU1192,2025-07,456.295,,2026-09-02T21:59:07.345599+00:00,,0d01c1ceb7d7b42b7f04891c9249a358d9d768bf8865ba1114229f698dd2cf91,LATEST_REVISED_RELEASE_DATE_UNKNOWN,False
BLS_PUBLIC_API_V2,industrials_v1_4_segment_cost_drivers,WPU1192,2025-06,454.576,,2026-09-02T21:59:07.345599+00:00,,0d01c1ceb7d7b42b7f04891c9249a358d9d768bf8865ba1114229f698dd2cf91,LATEST_REVISED_RELEASE_DATE_UNKNOWN,False
BLS_PUBLIC_API_V2,industrials_v1_4_segment_cost_drivers,WPU1192,2025-05,454.342,,2026-09-02T21:59:07.345599+00:00,,0d01c1ceb7d7b42b7f04891c9249a358d9d768bf8865ba1114229f698dd2cf91,LATEST_REVISED_RELEASE_DATE_UNKNOWN,False
BLS_PUBLIC_API_V2,industrials_v1_4_segment_cost_drivers,WPU1192,2025-04,454.342,,2026-09-02T21:59:07.345599+00:00,,0d01c1ceb7d7b42b7f04891c9249a358d9d768bf8865ba1114229f698dd2cf91,LATEST_REVISED_RELEASE_DATE_UNKNOWN,False
BLS_PUBLIC_API_V2,industrials_v1_4_segment_cost_drivers,WPU1192,2025-03,453.25,,2026-09-02T21:59:07.345599+00:00,,0d01c1ceb7d7b42b7f04891c9249a358d9d768bf8865ba1114229f698dd2cf91,LATEST_REVISED_RELEASE_DATE_UNKNOWN,False
BLS_PUBLIC_API_V2,industrials_v1_4_segment_cost_drivers,WPU1192,2025-02,452.963,,2026-09-02T21:59:07.345599+00:00,,0d01c1ceb7d7b42b7f04891c9249a358d9d768bf8865ba1114229f698dd2cf91,LATEST_REVISED_RELEASE_DATE_UNKNOWN,False
BLS_PUBLIC_API_V2,industrials_v1_4_segment_cost_drivers,WPU1192,2025-01,452.928,,2026-09-02T21:59:07.345599+00:00,,0d01c1ceb7d7b42b7f04891c9249a358d9d768bf8865ba1114229f698dd2cf91,LATEST_REVISED_RELEASE_DATE_UNKNOWN,False
BLS_PUBLIC_API_V2,industrials_v1_4_segment_cost_drivers,WPU1192,2024-12,452.098,,2026-09-02T21:59:07.345599+00:00,,0d01c1ceb7d7b42b7f04891c9249a358d9d768bf8865ba1114229f698dd2cf91,LATEST_REVISED_RELEASE_DATE_UNKNOWN,False
BLS_PUBLIC_API_V2,industrials_v1_4_segment_cost_drivers,WPU1192,2024-11,455.05,,2026-09-02T21:59:07.345599+00:00,,0d01c1ceb7d7b42b7f04891c9249a358d9d768bf8865ba1114229f698dd2cf91,LATEST_REVISED_RELEASE_DATE_UNKNOWN,False
BLS_PUBLIC_API_V2,industrials_v1_4_segment_cost_drivers,WPU1192,2024-10,453.256,,2026-09-02T21:59:07.345599+00:00,,0d01c1ceb7d7b42b7f04891c9249a358d9d768bf8865ba1114229f698dd2cf91,LATEST_REVISED_RELEASE_DATE_UNKNOWN,False
BLS_PUBLIC_API_V2,industrials_v1_4_segment_cost_drivers,WPU1192,2024-09,453.256,,2026-09-02T21:59:07.345599+00:00,,0d01c1ceb7d7b42b7f04891c9249a358d9d768bf8865ba1114229f698dd2cf91,LATEST_REVISED_RELEASE_DATE_UNKNOWN,False
BLS_PUBLIC_API_V2,industrials_v1_4_segment_cost_drivers,WPU1192,2024-08,453.256,,2026-09-02T21:59:07.345599+00:00,,0d01c1ceb7d7b42b7f04891c9249a358d9d768bf8865ba1114229f698dd2cf91,LATEST_REVISED_RELEASE_DATE_UNKNOWN,False
BLS_PUBLIC_API_V2,industrials_v1_4_segment_cost_drivers,WPU1192,2024-07,453.256,,2026-09-02T21:59:07.345599+00:00,,0d01c1ceb7d7b42b7f04891c9249a358d9d768bf8865ba1114229f698dd2cf91,LATEST_REVISED_RELEASE_DATE_UNKNOWN,False
BLS_PUBLIC_API_V2,industrials_v1_4_segment_cost_drivers,WPU1192,2024-06,449.932,,2026-09-02T21:59:07.345599+00:00,,0d01c1ceb7d7b42b7f04891c9249a358d9d768bf8865ba1114229f698dd2cf91,LATEST_REVISED_RELEASE_DATE_UNKNOWN,False
BLS_PUBLIC_API_V2,industrials_v1_4_segment_cost_drivers,WPU1192,2024-05,447.513,,2026-09-02T21:59:07.345599+00:00,,0d01c1ceb7d7b42b7f04891c9249a358d9d768bf8865ba1114229f698dd2cf91,LATEST_REVISED_RELEASE_DATE_UNKNOWN,False
BLS_PUBLIC_API_V2,industrials_v1_4_segment_cost_drivers,WPU1192,2024-04,446.501,,2026-09-02T21:59:07.345599+00:00,,0d01c1ceb7d7b42b7f04891c9249a358d9d768bf8865ba1114229f698dd2cf91,LATEST_REVISED_RELEASE_DATE_UNKNOWN,False
BLS_PUBLIC_API_V2,industrials_v1_4_segment_cost_drivers,WPU1192,2024-03,443.756,,2026-09-02T21:59:07.345599+00:00,,0d01c1ceb7d7b42b7f04891c9249a358d9d768bf8865ba1114229f698dd2cf91,LATEST_REVISED_RELEASE_DATE_UNKNOWN,False
BLS_PUBLIC_API_V2,industrials_v1_4_segment_cost_drivers,WPU1192,2024-02,443.756,,2026-09-02T21:59:07.345599+00:00,,0d01c1ceb7d7b42b7f04891c9249a358d9d768bf8865ba1114229f698dd2cf91,LATEST_REVISED_RELEASE_DATE_UNKNOWN,False
BLS_PUBLIC_API_V2,industrials_v1_4_segment_cost_drivers,WPU1192,2024-01,437.694,,2026-09-02T21:59:07.345599+00:00,,0d01c1ceb7d7b42b7f04891c9249a358d9d768bf8865ba1114229f698dd2cf91,LATEST_REVISED_RELEASE_DATE_UNKNOWN,False
BLS_PUBLIC_API_V2,industrials_v1_4_segment_cost_drivers,WPU1192,2023-12,436.995,,2026-09-02T21:59:07.345599+00:00,,0d01c1ceb7d7b42b7f04891c9249a358d9d768bf8865ba1114229f698dd2cf91,LATEST_REVISED_RELEASE_DATE_UNKNOWN,False
BLS_PUBLIC_API_V2,industrials_v1_4_segment_cost_drivers,WPU1192,2023-11,436.819,,2026-09-02T21:59:07.345599+00:00,,0d01c1ceb7d7b42b7f04891c9249a358d9d768bf8865ba1114229f698dd2cf91,LATEST_REVISED_RELEASE_DATE_UNKNOWN,False
BLS_PUBLIC_API_V2,industrials_v1_4_segment_cost_drivers,WPU1192,2023-10,426.535,,2026-09-02T21:59:07.345599+00:00,,0d01c1ceb7d7b42b7f04891c9249a358d9d768bf8865ba1114229f698dd2cf91,LATEST_REVISED_RELEASE_DATE_UNKNOWN,False
BLS_PUBLIC_API_V2,industrials_v1_4_segment_cost_drivers,WPU1192,2023-09,425.844,,2026-09-02T21:59:07.345599+00:00,,0d01c1ceb7d7b42b7f04891c9249a358d9d768bf8865ba1114229f698dd2cf91,LATEST_REVISED_RELEASE_DATE_UNKNOWN,False
BLS_PUBLIC_API_V2,industrials_v1_4_segment_cost_drivers,WPU1192,2023-08,424.365,,2026-09-02T21:59:07.345599+00:00,,0d01c1ceb7d7b42b7f04891c9249a358d9d768bf8865ba1114229f698dd2cf91,LATEST_REVISED_RELEASE_DATE_UNKNOWN,False
BLS_PUBLIC_API_V2,industrials_v1_4_segment_cost_drivers,WPU1192,2023-07,421.885,,2026-09-02T21:59:07.345599+00:00,,0d01c1ceb7d7b42b7f04891c9249a358d9d768bf8865ba1114229f698dd2cf91,LATEST_REVISED_RELEASE_DATE_UNKNOWN,False
BLS_PUBLIC_API_V2,industrials_v1_4_segment_cost_drivers,WPU1192,2023-06,417.007,,2026-09-02T21:59:07.345599+00:00,,0d01c1ceb7d7b42b7f04891c9249a358d9d768bf8865ba1114229f698dd2cf91,LATEST_REVISED_RELEASE_DATE_UNKNOWN,False
BLS_PUBLIC_API_V2,industrials_v1_4_segment_cost_drivers,WPU1192,2023-05,416.819,,2026-09-02T21:59:07.345599+00:00,,0d01c1ceb7d7b42b7f04891c9249a358d9d768bf8865ba1114229f698dd2cf91,LATEST_REVISED_RELEASE_DATE_UNKNOWN,False
BLS_PUBLIC_API_V2,industrials_v1_4_segment_cost_drivers,WPU1192,2023-04,415.642,,2026-09-02T21:59:07.345599+00:00,,0d01c1ceb7d7b42b7f04891c9249a358d9d768bf8865ba1114229f698dd2cf91,LATEST_REVISED_RELEASE_DATE_UNKNOWN,False
BLS_PUBLIC_API_V2,industrials_v1_4_segment_cost_drivers,WPU1192,2023-03,399.395,,2026-09-02T21:59:07.345599+00:00,,0d01c1ceb7d7b42b7f04891c9249a358d9d768bf8865ba1114229f698dd2cf91,LATEST_REVISED_RELEASE_DATE_UNKNOWN,False
BLS_PUBLIC_API_V2,industrials_v1_4_segment_cost_drivers,WPU1192,2023-02,399.395,,2026-09-02T21:59:07.345599+00:00,,0d01c1ceb7d7b42b7f04891c9249a358d9d768bf8865ba1114229f698dd2cf91,LATEST_REVISED_RELEASE_DATE_UNKNOWN,False
BLS_PUBLIC_API_V2,industrials_v1_4_segment_cost_drivers,WPU1192,2023-01,399.261,,2026-09-02T21:59:07.345599+00:00,,0d01c1ceb7d7b42b7f04891c9249a358d9d768bf8865ba1114229f698dd2cf91,LATEST_REVISED_RELEASE_DATE_UNKNOWN,False
BLS_PUBLIC_API_V2,industrials_v1_4_segment_cost_drivers,WPU1192,2022-12,397.49,,2026-09-02T21:59:07.345599+00:00,,0d01c1ceb7d7b42b7f04891c9249a358d9d768bf8865ba1114229f698dd2cf91,LATEST_REVISED_RELEASE_DATE_UNKNOWN,False
BLS_PUBLIC_API_V2,industrials_v1_4_segment_cost_drivers,WPU1192,2022-11,395.924,,2026-09-02T21:59:07.345599+00:00,,0d01c1ceb7d7b42b7f04891c9249a358d9d768bf8865ba1114229f698dd2cf91,LATEST_REVISED_RELEASE_DATE_UNKNOWN,False
BLS_PUBLIC_API_V2,industrials_v1_4_segment_cost_drivers,WPU1192,2022-10,391.928,,2026-09-02T21:59:07.345599+00:00,,0d01c1ceb7d7b42b7f04891c9249a358d9d768bf8865ba1114229f698dd2cf91,LATEST_REVISED_RELEASE_DATE_UNKNOWN,False
BLS_PUBLIC_API_V2,industrials_v1_4_segment_cost_drivers,WPU1192,2022-09,391.928,,2026-09-02T21:59:07.345599+00:00,,0d01c1ceb7d7b42b7f04891c9249a358d9d768bf8865ba1114229f698dd2cf91,LATEST_REVISED_RELEASE_DATE_UNKNOWN,False
BLS_PUBLIC_API_V2,industrials_v1_4_segment_cost_drivers,WPU1192,2022-08,380.597,,2026-09-02T21:59:07.345599+00:00,,0d01c1ceb7d7b42b7f04891c9249a358d9d768bf8865ba1114229f698dd2cf91,LATEST_REVISED_RELEASE_DATE_UNKNOWN,False
BLS_PUBLIC_API_V2,industrials_v1_4_segment_cost_drivers,WPU1192,2022-07,379.356,,2026-09-02T21:59:07.345599+00:00,,0d01c1ceb7d7b42b7f04891c9249a358d9d768bf8865ba1114229f698dd2cf91,LATEST_REVISED_RELEASE_DATE_UNKNOWN,False
BLS_PUBLIC_API_V2,industrials_v1_4_segment_cost_drivers,WPU1192,2022-06,379.356,,2026-09-02T21:59:07.345599+00:00,,0d01c1ceb7d7b42b7f04891c9249a358d9d768bf8865ba1114229f698dd2cf91,LATEST_REVISED_RELEASE_DATE_UNKNOWN,False
BLS_PUBLIC_API_V2,industrials_v1_4_segment_cost_drivers,WPU1192,2022-05,378.809,,2026-09-02T21:59:07.345599+00:00,,0d01c1ceb7d7b42b7f04891c9249a358d9d768bf8865ba1114229f698dd2cf91,LATEST_REVISED_RELEASE_DATE_UNKNOWN,False
BLS_PUBLIC_API_V2,industrials_v1_4_segment_cost_drivers,WPU1192,2022-04,375.719,,2026-09-02T21:59:07.345599+00:00,,0d01c1ceb7d7b42b7f04891c9249a358d9d768bf8865ba1114229f698dd2cf91,LATEST_REVISED_RELEASE_DATE_UNKNOWN,False
BLS_PUBLIC_API_V2,industrials_v1_4_segment_cost_drivers,WPU1192,2022-03,359.061,,2026-09-02T21:59:07.345599+00:00,,0d01c1ceb7d7b42b7f04891c9249a358d9d768bf8865ba1114229f698dd2cf91,LATEST_REVISED_RELEASE_DATE_UNKNOWN,False
BLS_PUBLIC_API_V2,industrials_v1_4_segment_cost_drivers,WPU1192,2022-02,350.735,,2026-09-02T21:59:07.345599+00:00,,0d01c1ceb7d7b42b7f04891c9249a358d9d768bf8865ba1114229f698dd2cf91,LATEST_REVISED_RELEASE_DATE_UNKNOWN,False
BLS_PUBLIC_API_V2,industrials_v1_4_segment_cost_drivers,WPU1192,2022-01,349.65,,2026-09-02T21:59:07.345599+00:00,,0d01c1ceb7d7b42b7f04891c9249a358d9d768bf8865ba1114229f698dd2cf91,LATEST_REVISED_RELEASE_DATE_UNKNOWN,False
BLS_PUBLIC_API_V2,industrials_v1_4_segment_cost_drivers,WPU1192,2021-12,348.911,,2026-09-02T21:59:07.345599+00:00,,0d01c1ceb7d7b42b7f04891c9249a358d9d768bf8865ba1114229f698dd2cf91,LATEST_REVISED_RELEASE_DATE_UNKNOWN,False
BLS_PUBLIC_API_V2,industrials_v1_4_segment_cost_drivers,WPU1192,2021-11,348.795,,2026-09-02T21:59:07.345599+00:00,,0d01c1ceb7d7b42b7f04891c9249a358d9d768bf8865ba1114229f698dd2cf91,LATEST_REVISED_RELEASE_DATE_UNKNOWN,False
BLS_PUBLIC_API_V2,industrials_v1_4_segment_cost_drivers,WPU1192,2021-10,335.089,,2026-09-02T21:59:07.345599+00:00,,0d01c1ceb7d7b42b7f04891c9249a358d9d768bf8865ba1114229f698dd2cf91,LATEST_REVISED_RELEASE_DATE_UNKNOWN,False
BLS_PUBLIC_API_V2,industrials_v1_4_segment_cost_drivers,WPU1192,2021-09,334.437,,2026-09-02T21:59:07.345599+00:00,,0d01c1ceb7d7b42b7f04891c9249a358d9d768bf8865ba1114229f698dd2cf91,LATEST_REVISED_RELEASE_DATE_UNKNOWN,False
BLS_PUBLIC_API_V2,industrials_v1_4_segment_cost_drivers,WPU1192,2021-08,333.603,,2026-09-02T21:59:07.345599+00:00,,0d01c1ceb7d7b42b7f04891c9249a358d9d768bf8865ba1114229f698dd2cf91,LATEST_REVISED_RELEASE_DATE_UNKNOWN,False
BLS_PUBLIC_API_V2,industrials_v1_4_segment_cost_drivers,WPU1192,2021-07,330.945,,2026-09-02T21:59:07.345599+00:00,,0d01c1ceb7d7b42b7f04891c9249a358d9d768bf8865ba1114229f698dd2cf91,LATEST_REVISED_RELEASE_DATE_UNKNOWN,False
BLS_PUBLIC_API_V2,industrials_v1_4_segment_cost_drivers,WPU1192,2021-06,316.5,,2026-09-02T21:59:07.345599+00:00,,0d01c1ceb7d7b42b7f04891c9249a358d9d768bf8865ba1114229f698dd2cf91,LATEST_REVISED_RELEASE_DATE_UNKNOWN,False
BLS_PUBLIC_API_V2,industrials_v1_4_segment_cost_drivers,WPU1192,2021-05,314.1,,2026-09-02T21:59:07.345599+00:00,,0d01c1ceb7d7b42b7f04891c9249a358d9d768bf8865ba1114229f698dd2cf91,LATEST_REVISED_RELEASE_DATE_UNKNOWN,False
BLS_PUBLIC_API_V2,industrials_v1_4_segment_cost_drivers,WPU1192,2021-04,313.1,,2026-09-02T21:59:07.345599+00:00,,0d01c1ceb7d7b42b7f04891c9249a358d9d768bf8865ba1114229f698dd2cf91,LATEST_REVISED_RELEASE_DATE_UNKNOWN,False
BLS_PUBLIC_API_V2,industrials_v1_4_segment_cost_drivers,WPU1192,2021-03,313.0,,2026-09-02T21:59:07.345599+00:00,,0d01c1ceb7d7b42b7f04891c9249a358d9d768bf8865ba1114229f698dd2cf91,LATEST_REVISED_RELEASE_DATE_UNKNOWN,False
BLS_PUBLIC_API_V2,industrials_v1_4_segment_cost_drivers,WPU1192,2021-02,312.7,,2026-09-02T21:59:07.345599+00:00,,0d01c1ceb7d7b42b7f04891c9249a358d9d768bf8865ba1114229f698dd2cf91,LATEST_REVISED_RELEASE_DATE_UNKNOWN,False
BLS_PUBLIC_API_V2,industrials_v1_4_segment_cost_drivers,WPU1192,2021-01,311.0,,2026-09-02T21:59:07.345599+00:00,,0d01c1ceb7d7b42b7f04891c9249a358d9d768bf8865ba1114229f698dd2cf91,LATEST_REVISED_RELEASE_DATE_UNKNOWN,False
BLS_PUBLIC_API_V2,industrials_v1_4_segment_cost_drivers,WPU1192,2020-12,310.4,,2026-09-02T21:59:07.345599+00:00,,0d01c1ceb7d7b42b7f04891c9249a358d9d768bf8865ba1114229f698dd2cf91,LATEST_REVISED_RELEASE_DATE_UNKNOWN,False
BLS_PUBLIC_API_V2,industrials_v1_4_segment_cost_drivers,WPU1192,2020-11,310.4,,2026-09-02T21:59:07.345599+00:00,,0d01c1ceb7d7b42b7f04891c9249a358d9d768bf8865ba1114229f698dd2cf91,LATEST_REVISED_RELEASE_DATE_UNKNOWN,False
BLS_PUBLIC_API_V2,industrials_v1_4_segment_cost_drivers,WPU1192,2020-10,309.7,,2026-09-02T21:59:07.345599+00:00,,0d01c1ceb7d7b42b7f04891c9249a358d9d768bf8865ba1114229f698dd2cf91,LATEST_REVISED_RELEASE_DATE_UNKNOWN,False
BLS_PUBLIC_API_V2,industrials_v1_4_segment_cost_drivers,WPU1192,2020-09,309.7,,2026-09-02T21:59:07.345599+00:00,,0d01c1ceb7d7b42b7f04891c9249a358d9d768bf8865ba1114229f698dd2cf91,LATEST_REVISED_RELEASE_DATE_UNKNOWN,False
BLS_PUBLIC_API_V2,industrials_v1_4_segment_cost_drivers,WPU1192,2020-08,309.7,,2026-09-02T21:59:07.345599+00:00,,0d01c1ceb7d7b42b7f04891c9249a358d9d768bf8865ba1114229f698dd2cf91,LATEST_REVISED_RELEASE_DATE_UNKNOWN,False
BLS_PUBLIC_API_V2,industrials_v1_4_segment_cost_drivers,WPU1192,2020-07,305.7,,2026-09-02T21:59:07.345599+00:00,,0d01c1ceb7d7b42b7f04891c9249a358d9d768bf8865ba1114229f698dd2cf91,LATEST_REVISED_RELEASE_DATE_UNKNOWN,False
BLS_PUBLIC_API_V2,industrials_v1_4_segment_cost_drivers,WPU1192,2020-06,305.7,,2026-09-02T21:59:07.345599+00:00,,0d01c1ceb7d7b42b7f04891c9249a358d9d768bf8865ba1114229f698dd2cf91,LATEST_REVISED_RELEASE_DATE_UNKNOWN,False
BLS_PUBLIC_API_V2,industrials_v1_4_segment_cost_drivers,WPU1192,2020-05,305.7,,2026-09-02T21:59:07.345599+00:00,,0d01c1ceb7d7b42b7f04891c9249a358d9d768bf8865ba1114229f698dd2cf91,LATEST_REVISED_RELEASE_DATE_UNKNOWN,False
BLS_PUBLIC_API_V2,industrials_v1_4_segment_cost_drivers,WPU1192,2020-04,305.6,,2026-09-02T21:59:07.345599+00:00,,0d01c1ceb7d7b42b7f04891c9249a358d9d768bf8865ba1114229f698dd2cf91,LATEST_REVISED_RELEASE_DATE_UNKNOWN,False
BLS_PUBLIC_API_V2,industrials_v1_4_segment_cost_drivers,WPU1192,2020-03,305.5,,2026-09-02T21:59:07.345599+00:00,,0d01c1ceb7d7b42b7f04891c9249a358d9d768bf8865ba1114229f698dd2cf91,LATEST_REVISED_RELEASE_DATE_UNKNOWN,False
BLS_PUBLIC_API_V2,industrials_v1_4_segment_cost_drivers,WPU1192,2020-02,305.2,,2026-09-02T21:59:07.345599+00:00,,0d01c1ceb7d7b42b7f04891c9249a358d9d768bf8865ba1114229f698dd2cf91,LATEST_REVISED_RELEASE_DATE_UNKNOWN,False
BLS_PUBLIC_API_V2,industrials_v1_4_segment_cost_drivers,WPU1192,2020-01,305.1,,2026-09-02T21:59:07.345599+00:00,,0d01c1ceb7d7b42b7f04891c9249a358d9d768bf8865ba1114229f698dd2cf91,LATEST_REVISED_RELEASE_DATE_UNKNOWN,False
BLS_PUBLIC_API_V2,industrials_v1_4_segment_cost_drivers,WPU1191,2026-07,269.774,,2026-09-02T21:59:07.345599+00:00,,0d01c1ceb7d7b42b7f04891c9249a358d9d768bf8865ba1114229f698dd2cf91,LATEST_REVISED_RELEASE_DATE_UNKNOWN,False
BLS_PUBLIC_API_V2,industrials_v1_4_segment_cost_drivers,WPU1191,2026-06,269.774,,2026-09-02T21:59:07.345599+00:00,,0d01c1ceb7d7b42b7f04891c9249a358d9d768bf8865ba1114229f698dd2cf91,LATEST_REVISED_RELEASE_DATE_UNKNOWN,False
BLS_PUBLIC_API_V2,industrials_v1_4_segment_cost_drivers,WPU1191,2026-05,269.774,,2026-09-02T21:59:07.345599+00:00,,0d01c1ceb7d7b42b7f04891c9249a358d9d768bf8865ba1114229f698dd2cf91,LATEST_REVISED_RELEASE_DATE_UNKNOWN,False
BLS_PUBLIC_API_V2,industrials_v1_4_segment_cost_drivers,WPU1191,2026-04,269.774,,2026-09-02T21:59:07.345599+00:00,,0d01c1ceb7d7b42b7f04891c9249a358d9d768bf8865ba1114229f698dd2cf91,LATEST_REVISED_RELEASE_DATE_UNKNOWN,False
BLS_PUBLIC_API_V2,industrials_v1_4_segment_cost_drivers,WPU1191,2026-03,268.372,,2026-09-02T21:59:07.345599+00:00,,0d01c1ceb7d7b42b7f04891c9249a358d9d768bf8865ba1114229f698dd2cf91,LATEST_REVISED_RELEASE_DATE_UNKNOWN,False
BLS_PUBLIC_API_V2,industrials_v1_4_segment_cost_drivers,WPU1191,2026-02,268.372,,2026-09-02T21:59:07.345599+00:00,,0d01c1ceb7d7b42b7f04891c9249a358d9d768bf8865ba1114229f698dd2cf91,LATEST_REVISED_RELEASE_DATE_UNKNOWN,False
BLS_PUBLIC_API_V2,industrials_v1_4_segment_cost_drivers,WPU1191,2026-01,268.372,,2026-09-02T21:59:07.345599+00:00,,0d01c1ceb7d7b42b7f04891c9249a358d9d768bf8865ba1114229f698dd2cf91,LATEST_REVISED_RELEASE_DATE_UNKNOWN,False
BLS_PUBLIC_API_V2,industrials_v1_4_segment_cost_drivers,WPU1191,2025-12,266.652,,2026-09-02T21:59:07.345599+00:00,,0d01c1ceb7d7b42b7f04891c9249a358d9d768bf8865ba1114229f698dd2cf91,LATEST_REVISED_RELEASE_DATE_UNKNOWN,False
BLS_PUBLIC_API_V2,industrials_v1_4_segment_cost_drivers,WPU1191,2025-11,266.652,,2026-09-02T21:59:07.345599+00:00,,0d01c1ceb7d7b42b7f04891c9249a358d9d768bf8865ba1114229f698dd2cf91,LATEST_REVISED_RELEASE_DATE_UNKNOWN,False
BLS_PUBLIC_API_V2,industrials_v1_4_segment_cost_drivers,WPU1191,2025-10,266.652,,2026-09-02T21:59:07.345599+00:00,,0d01c1ceb7d7b42b7f04891c9249a358d9d768bf8865ba1114229f698dd2cf91,LATEST_REVISED_RELEASE_DATE_UNKNOWN,False
BLS_PUBLIC_API_V2,industrials_v1_4_segment_cost_drivers,WPU1191,2025-09,266.652,,2026-09-02T21:59:07.345599+00:00,,0d01c1ceb7d7b42b7f04891c9249a358d9d768bf8865ba1114229f698dd2cf91,LATEST_REVISED_RELEASE_DATE_UNKNOWN,False
BLS_PUBLIC_API_V2,industrials_v1_4_segment_cost_drivers,WPU1191,2025-08,266.652,,2026-09-02T21:59:07.345599+00:00,,0d01c1ceb7d7b42b7f04891c9249a358d9d768bf8865ba1114229f698dd2cf91,LATEST_REVISED_RELEASE_DATE_UNKNOWN,False
BLS_PUBLIC_API_V2,industrials_v1_4_segment_cost_drivers,WPU1191,2025-07,266.038,,2026-09-02T21:59:07.345599+00:00,,0d01c1ceb7d7b42b7f04891c9249a358d9d768bf8865ba1114229f698dd2cf91,LATEST_REVISED_RELEASE_DATE_UNKNOWN,False
BLS_PUBLIC_API_V2,industrials_v1_4_segment_cost_drivers,WPU1191,2025-06,266.038,,2026-09-02T21:59:07.345599+00:00,,0d01c1ceb7d7b42b7f04891c9249a358d9d768bf8865ba1114229f698dd2cf91,LATEST_REVISED_RELEASE_DATE_UNKNOWN,False
BLS_PUBLIC_API_V2,industrials_v1_4_segment_cost_drivers,WPU1191,2025-05,265.946,,2026-09-02T21:59:07.345599+00:00,,0d01c1ceb7d7b42b7f04891c9249a358d9d768bf8865ba1114229f698dd2cf91,LATEST_REVISED_RELEASE_DATE_UNKNOWN,False
BLS_PUBLIC_API_V2,industrials_v1_4_segment_cost_drivers,WPU1191,2025-04,265.946,,2026-09-02T21:59:07.345599+00:00,,0d01c1ceb7d7b42b7f04891c9249a358d9d768bf8865ba1114229f698dd2cf91,LATEST_REVISED_RELEASE_DATE_UNKNOWN,False
BLS_PUBLIC_API_V2,industrials_v1_4_segment_cost_drivers,WPU1191,2025-03,265.946,,2026-09-02T21:59:07.345599+00:00,,0d01c1ceb7d7b42b7f04891c9249a358d9d768bf8865ba1114229f698dd2cf91,LATEST_REVISED_RELEASE_DATE_UNKNOWN,False
BLS_PUBLIC_API_V2,industrials_v1_4_segment_cost_drivers,WPU1191,2025-02,263.344,,2026-09-02T21:59:07.345599+00:00,,0d01c1ceb7d7b42b7f04891c9249a358d9d768bf8865ba1114229f698dd2cf91,LATEST_REVISED_RELEASE_DATE_UNKNOWN,False
BLS_PUBLIC_API_V2,industrials_v1_4_segment_cost_drivers,WPU1191,2025-01,263.344,,2026-09-02T21:59:07.345599+00:00,,0d01c1ceb7d7b42b7f04891c9249a358d9d768bf8865ba1114229f698dd2cf91,LATEST_REVISED_RELEASE_DATE_UNKNOWN,False
BLS_PUBLIC_API_V2,industrials_v1_4_segment_cost_drivers,WPU1191,2024-12,263.344,,2026-09-02T21:59:07.345599+00:00,,0d01c1ceb7d7b42b7f04891c9249a358d9d768bf8865ba1114229f698dd2cf91,LATEST_REVISED_RELEASE_DATE_UNKNOWN,False
BLS_PUBLIC_API_V2,industrials_v1_4_segment_cost_drivers,WPU1191,2024-11,263.344,,2026-09-02T21:59:07.345599+00:00,,0d01c1ceb7d7b42b7f04891c9249a358d9d768bf8865ba1114229f698dd2cf91,LATEST_REVISED_RELEASE_DATE_UNKNOWN,False
BLS_PUBLIC_API_V2,industrials_v1_4_segment_cost_drivers,WPU1191,2024-10,262.071,,2026-09-02T21:59:07.345599+00:00,,0d01c1ceb7d7b42b7f04891c9249a358d9d768bf8865ba1114229f698dd2cf91,LATEST_REVISED_RELEASE_DATE_UNKNOWN,False
BLS_PUBLIC_API_V2,industrials_v1_4_segment_cost_drivers,WPU1191,2024-09,261.662,,2026-09-02T21:59:07.345599+00:00,,0d01c1ceb7d7b42b7f04891c9249a358d9d768bf8865ba1114229f698dd2cf91,LATEST_REVISED_RELEASE_DATE_UNKNOWN,False
BLS_PUBLIC_API_V2,industrials_v1_4_segment_cost_drivers,WPU1191,2024-08,261.662,,2026-09-02T21:59:07.345599+00:00,,0d01c1ceb7d7b42b7f04891c9249a358d9d768bf8865ba1114229f698dd2cf91,LATEST_REVISED_RELEASE_DATE_UNKNOWN,False
BLS_PUBLIC_API_V2,industrials_v1_4_segment_cost_drivers,WPU1191,2024-07,261.662,,2026-09-02T21:59:07.345599+00:00,,0d01c1ceb7d7b42b7f04891c9249a358d9d768bf8865ba1114229f698dd2cf91,LATEST_REVISED_RELEASE_DATE_UNKNOWN,False
BLS_PUBLIC_API_V2,industrials_v1_4_segment_cost_drivers,WPU1191,2024-06,261.662,,2026-09-02T21:59:07.345599+00:00,,0d01c1ceb7d7b42b7f04891c9249a358d9d768bf8865ba1114229f698dd2cf91,LATEST_REVISED_RELEASE_DATE_UNKNOWN,False
BLS_PUBLIC_API_V2,industrials_v1_4_segment_cost_drivers,WPU1191,2024-05,260.69,,2026-09-02T21:59:07.345599+00:00,,0d01c1ceb7d7b42b7f04891c9249a358d9d768bf8865ba1114229f698dd2cf91,LATEST_REVISED_RELEASE_DATE_UNKNOWN,False
BLS_PUBLIC_API_V2,industrials_v1_4_segment_cost_drivers,WPU1191,2024-04,260.32,,2026-09-02T21:59:07.345599+00:00,,0d01c1ceb7d7b42b7f04891c9249a358d9d768bf8865ba1114229f698dd2cf91,LATEST_REVISED_RELEASE_DATE_UNKNOWN,False
BLS_PUBLIC_API_V2,industrials_v1_4_segment_cost_drivers,WPU1191,2024-03,260.32,,2026-09-02T21:59:07.345599+00:00,,0d01c1ceb7d7b42b7f04891c9249a358d9d768bf8865ba1114229f698dd2cf91,LATEST_REVISED_RELEASE_DATE_UNKNOWN,False
BLS_PUBLIC_API_V2,industrials_v1_4_segment_cost_drivers,WPU1191,2024-02,260.32,,2026-09-02T21:59:07.345599+00:00,,0d01c1ceb7d7b42b7f04891c9249a358d9d768bf8865ba1114229f698dd2cf91,LATEST_REVISED_RELEASE_DATE_UNKNOWN,False
BLS_PUBLIC_API_V2,industrials_v1_4_segment_cost_drivers,WPU1191,2024-01,260.32,,2026-09-02T21:59:07.345599+00:00,,0d01c1ceb7d7b42b7f04891c9249a358d9d768bf8865ba1114229f698dd2cf91,LATEST_REVISED_RELEASE_DATE_UNKNOWN,False
BLS_PUBLIC_API_V2,industrials_v1_4_segment_cost_drivers,WPU1191,2023-12,256.033,,2026-09-02T21:59:07.345599+00:00,,0d01c1ceb7d7b42b7f04891c9249a358d9d768bf8865ba1114229f698dd2cf91,LATEST_REVISED_RELEASE_DATE_UNKNOWN,False
BLS_PUBLIC_API_V2,industrials_v1_4_segment_cost_drivers,WPU1191,2023-11,252.507,,2026-09-02T21:59:07.345599+00:00,,0d01c1ceb7d7b42b7f04891c9249a358d9d768bf8865ba1114229f698dd2cf91,LATEST_REVISED_RELEASE_DATE_UNKNOWN,False
BLS_PUBLIC_API_V2,industrials_v1_4_segment_cost_drivers,WPU1191,2023-10,252.486,,2026-09-02T21:59:07.345599+00:00,,0d01c1ceb7d7b42b7f04891c9249a358d9d768bf8865ba1114229f698dd2cf91,LATEST_REVISED_RELEASE_DATE_UNKNOWN,False
BLS_PUBLIC_API_V2,industrials_v1_4_segment_cost_drivers,WPU1191,2023-09,252.486,,2026-09-02T21:59:07.345599+00:00,,0d01c1ceb7d7b42b7f04891c9249a358d9d768bf8865ba1114229f698dd2cf91,LATEST_REVISED_RELEASE_DATE_UNKNOWN,False
BLS_PUBLIC_API_V2,industrials_v1_4_segment_cost_drivers,WPU1191,2023-08,250.632,,2026-09-02T21:59:07.345599+00:00,,0d01c1ceb7d7b42b7f04891c9249a358d9d768bf8865ba1114229f698dd2cf91,LATEST_REVISED_RELEASE_DATE_UNKNOWN,False
BLS_PUBLIC_API_V2,industrials_v1_4_segment_cost_drivers,WPU1191,2023-07,250.632,,2026-09-02T21:59:07.345599+00:00,,0d01c1ceb7d7b42b7f04891c9249a358d9d768bf8865ba1114229f698dd2cf91,LATEST_REVISED_RELEASE_DATE_UNKNOWN,False
BLS_PUBLIC_API_V2,industrials_v1_4_segment_cost_drivers,WPU1191,2023-06,250.632,,2026-09-02T21:59:07.345599+00:00,,0d01c1ceb7d7b42b7f04891c9249a358d9d768bf8865ba1114229f698dd2cf91,LATEST_REVISED_RELEASE_DATE_UNKNOWN,False
BLS_PUBLIC_API_V2,industrials_v1_4_segment_cost_drivers,WPU1191,2023-05,250.632,,2026-09-02T21:59:07.345599+00:00,,0d01c1ceb7d7b42b7f04891c9249a358d9d768bf8865ba1114229f698dd2cf91,LATEST_REVISED_RELEASE_DATE_UNKNOWN,False
BLS_PUBLIC_API_V2,industrials_v1_4_segment_cost_drivers,WPU1191,2023-04,250.632,,2026-09-02T21:59:07.345599+00:00,,0d01c1ceb7d7b42b7f04891c9249a358d9d768bf8865ba1114229f698dd2cf91,LATEST_REVISED_RELEASE_DATE_UNKNOWN,False
BLS_PUBLIC_API_V2,industrials_v1_4_segment_cost_drivers,WPU1191,2023-03,249.712,,2026-09-02T21:59:07.345599+00:00,,0d01c1ceb7d7b42b7f04891c9249a358d9d768bf8865ba1114229f698dd2cf91,LATEST_REVISED_RELEASE_DATE_UNKNOWN,False
BLS_PUBLIC_API_V2,industrials_v1_4_segment_cost_drivers,WPU1191,2023-02,248.99,,2026-09-02T21:59:07.345599+00:00,,0d01c1ceb7d7b42b7f04891c9249a358d9d768bf8865ba1114229f698dd2cf91,LATEST_REVISED_RELEASE_DATE_UNKNOWN,False
BLS_PUBLIC_API_V2,industrials_v1_4_segment_cost_drivers,WPU1191,2023-01,248.99,,2026-09-02T21:59:07.345599+00:00,,0d01c1ceb7d7b42b7f04891c9249a358d9d768bf8865ba1114229f698dd2cf91,LATEST_REVISED_RELEASE_DATE_UNKNOWN,False
BLS_PUBLIC_API_V2,industrials_v1_4_segment_cost_drivers,WPU1191,2022-12,246.984,,2026-09-02T21:59:07.345599+00:00,,0d01c1ceb7d7b42b7f04891c9249a358d9d768bf8865ba1114229f698dd2cf91,LATEST_REVISED_RELEASE_DATE_UNKNOWN,False
BLS_PUBLIC_API_V2,industrials_v1_4_segment_cost_drivers,WPU1191,2022-11,246.984,,2026-09-02T21:59:07.345599+00:00,,0d01c1ceb7d7b42b7f04891c9249a358d9d768bf8865ba1114229f698dd2cf91,LATEST_REVISED_RELEASE_DATE_UNKNOWN,False
BLS_PUBLIC_API_V2,industrials_v1_4_segment_cost_drivers,WPU1191,2022-10,246.684,,2026-09-02T21:59:07.345599+00:00,,0d01c1ceb7d7b42b7f04891c9249a358d9d768bf8865ba1114229f698dd2cf91,LATEST_REVISED_RELEASE_DATE_UNKNOWN,False
BLS_PUBLIC_API_V2,industrials_v1_4_segment_cost_drivers,WPU1191,2022-09,234.894,,2026-09-02T21:59:07.345599+00:00,,0d01c1ceb7d7b42b7f04891c9249a358d9d768bf8865ba1114229f698dd2cf91,LATEST_REVISED_RELEASE_DATE_UNKNOWN,False
BLS_PUBLIC_API_V2,industrials_v1_4_segment_cost_drivers,WPU1191,2022-08,234.194,,2026-09-02T21:59:07.345599+00:00,,0d01c1ceb7d7b42b7f04891c9249a358d9d768bf8865ba1114229f698dd2cf91,LATEST_REVISED_RELEASE_DATE_UNKNOWN,False
BLS_PUBLIC_API_V2,industrials_v1_4_segment_cost_drivers,WPU1191,2022-07,234.194,,2026-09-02T21:59:07.345599+00:00,,0d01c1ceb7d7b42b7f04891c9249a358d9d768bf8865ba1114229f698dd2cf91,LATEST_REVISED_RELEASE_DATE_UNKNOWN,False
BLS_PUBLIC_API_V2,industrials_v1_4_segment_cost_drivers,WPU1191,2022-06,234.036,,2026-09-02T21:59:07.345599+00:00,,0d01c1ceb7d7b42b7f04891c9249a358d9d768bf8865ba1114229f698dd2cf91,LATEST_REVISED_RELEASE_DATE_UNKNOWN,False
BLS_PUBLIC_API_V2,industrials_v1_4_segment_cost_drivers,WPU1191,2022-05,233.163,,2026-09-02T21:59:07.345599+00:00,,0d01c1ceb7d7b42b7f04891c9249a358d9d768bf8865ba1114229f698dd2cf91,LATEST_REVISED_RELEASE_DATE_UNKNOWN,False
BLS_PUBLIC_API_V2,industrials_v1_4_segment_cost_drivers,WPU1191,2022-04,230.71,,2026-09-02T21:59:07.345599+00:00,,0d01c1ceb7d7b42b7f04891c9249a358d9d768bf8865ba1114229f698dd2cf91,LATEST_REVISED_RELEASE_DATE_UNKNOWN,False
BLS_PUBLIC_API_V2,industrials_v1_4_segment_cost_drivers,WPU1191,2022-03,230.71,,2026-09-02T21:59:07.345599+00:00,,0d01c1ceb7d7b42b7f04891c9249a358d9d768bf8865ba1114229f698dd2cf91,LATEST_REVISED_RELEASE_DATE_UNKNOWN,False
BLS_PUBLIC_API_V2,industrials_v1_4_segment_cost_drivers,WPU1191,2022-02,230.509,,2026-09-02T21:59:07.345599+00:00,,0d01c1ceb7d7b42b7f04891c9249a358d9d768bf8865ba1114229f698dd2cf91,LATEST_REVISED_RELEASE_DATE_UNKNOWN,False
BLS_PUBLIC_API_V2,industrials_v1_4_segment_cost_drivers,WPU1191,2022-01,230.419,,2026-09-02T21:59:07.345599+00:00,,0d01c1ceb7d7b42b7f04891c9249a358d9d768bf8865ba1114229f698dd2cf91,LATEST_REVISED_RELEASE_DATE_UNKNOWN,False
BLS_PUBLIC_API_V2,industrials_v1_4_segment_cost_drivers,WPU1191,2021-12,225.545,,2026-09-02T21:59:07.345599+00:00,,0d01c1ceb7d7b42b7f04891c9249a358d9d768bf8865ba1114229f698dd2cf91,LATEST_REVISED_RELEASE_DATE_UNKNOWN,False
BLS_PUBLIC_API_V2,industrials_v1_4_segment_cost_drivers,WPU1191,2021-11,225.194,,2026-09-02T21:59:07.345599+00:00,,0d01c1ceb7d7b42b7f04891c9249a358d9d768bf8865ba1114229f698dd2cf91,LATEST_REVISED_RELEASE_DATE_UNKNOWN,False
BLS_PUBLIC_API_V2,industrials_v1_4_segment_cost_drivers,WPU1191,2021-10,224.337,,2026-09-02T21:59:07.345599+00:00,,0d01c1ceb7d7b42b7f04891c9249a358d9d768bf8865ba1114229f698dd2cf91,LATEST_REVISED_RELEASE_DATE_UNKNOWN,False
BLS_PUBLIC_API_V2,industrials_v1_4_segment_cost_drivers,WPU1191,2021-09,222.959,,2026-09-02T21:59:07.345599+00:00,,0d01c1ceb7d7b42b7f04891c9249a358d9d768bf8865ba1114229f698dd2cf91,LATEST_REVISED_RELEASE_DATE_UNKNOWN,False
BLS_PUBLIC_API_V2,industrials_v1_4_segment_cost_drivers,WPU1191,2021-08,222.959,,2026-09-02T21:59:07.345599+00:00,,0d01c1ceb7d7b42b7f04891c9249a358d9d768bf8865ba1114229f698dd2cf91,LATEST_REVISED_RELEASE_DATE_UNKNOWN,False
BLS_PUBLIC_API_V2,industrials_v1_4_segment_cost_drivers,WPU1191,2021-07,222.591,,2026-09-02T21:59:07.345599+00:00,,0d01c1ceb7d7b42b7f04891c9249a358d9d768bf8865ba1114229f698dd2cf91,LATEST_REVISED_RELEASE_DATE_UNKNOWN,False
BLS_PUBLIC_API_V2,industrials_v1_4_segment_cost_drivers,WPU1191,2021-06,221.5,,2026-09-02T21:59:07.345599+00:00,,0d01c1ceb7d7b42b7f04891c9249a358d9d768bf8865ba1114229f698dd2cf91,LATEST_REVISED_RELEASE_DATE_UNKNOWN,False
BLS_PUBLIC_API_V2,industrials_v1_4_segment_cost_drivers,WPU1191,2021-05,218.3,,2026-09-02T21:59:07.345599+00:00,,0d01c1ceb7d7b42b7f04891c9249a358d9d768bf8865ba1114229f698dd2cf91,LATEST_REVISED_RELEASE_DATE_UNKNOWN,False
BLS_PUBLIC_API_V2,industrials_v1_4_segment_cost_drivers,WPU1191,2021-04,218.3,,2026-09-02T21:59:07.345599+00:00,,0d01c1ceb7d7b42b7f04891c9249a358d9d768bf8865ba1114229f698dd2cf91,LATEST_REVISED_RELEASE_DATE_UNKNOWN,False
BLS_PUBLIC_API_V2,industrials_v1_4_segment_cost_drivers,WPU1191,2021-03,218.3,,2026-09-02T21:59:07.345599+00:00,,0d01c1ceb7d7b42b7f04891c9249a358d9d768bf8865ba1114229f698dd2cf91,LATEST_REVISED_RELEASE_DATE_UNKNOWN,False
BLS_PUBLIC_API_V2,industrials_v1_4_segment_cost_drivers,WPU1191,2021-02,218.3,,2026-09-02T21:59:07.345599+00:00,,0d01c1ceb7d7b42b7f04891c9249a358d9d768bf8865ba1114229f698dd2cf91,LATEST_REVISED_RELEASE_DATE_UNKNOWN,False
BLS_PUBLIC_API_V2,industrials_v1_4_segment_cost_drivers,WPU1191,2021-01,218.5,,2026-09-02T21:59:07.345599+00:00,,0d01c1ceb7d7b42b7f04891c9249a358d9d768bf8865ba1114229f698dd2cf91,LATEST_REVISED_RELEASE_DATE_UNKNOWN,False
BLS_PUBLIC_API_V2,industrials_v1_4_segment_cost_drivers,WPU1191,2020-12,218.5,,2026-09-02T21:59:07.345599+00:00,,0d01c1ceb7d7b42b7f04891c9249a358d9d768bf8865ba1114229f698dd2cf91,LATEST_REVISED_RELEASE_DATE_UNKNOWN,False
BLS_PUBLIC_API_V2,industrials_v1_4_segment_cost_drivers,WPU1191,2020-11,218.5,,2026-09-02T21:59:07.345599+00:00,,0d01c1ceb7d7b42b7f04891c9249a358d9d768bf8865ba1114229f698dd2cf91,LATEST_REVISED_RELEASE_DATE_UNKNOWN,False
BLS_PUBLIC_API_V2,industrials_v1_4_segment_cost_drivers,WPU1191,2020-10,218.5,,2026-09-02T21:59:07.345599+00:00,,0d01c1ceb7d7b42b7f04891c9249a358d9d768bf8865ba1114229f698dd2cf91,LATEST_REVISED_RELEASE_DATE_UNKNOWN,False
BLS_PUBLIC_API_V2,industrials_v1_4_segment_cost_drivers,WPU1191,2020-09,217.8,,2026-09-02T21:59:07.345599+00:00,,0d01c1ceb7d7b42b7f04891c9249a358d9d768bf8865ba1114229f698dd2cf91,LATEST_REVISED_RELEASE_DATE_UNKNOWN,False
BLS_PUBLIC_API_V2,industrials_v1_4_segment_cost_drivers,WPU1191,2020-08,217.8,,2026-09-02T21:59:07.345599+00:00,,0d01c1ceb7d7b42b7f04891c9249a358d9d768bf8865ba1114229f698dd2cf91,LATEST_REVISED_RELEASE_DATE_UNKNOWN,False
BLS_PUBLIC_API_V2,industrials_v1_4_segment_cost_drivers,WPU1191,2020-07,217.8,,2026-09-02T21:59:07.345599+00:00,,0d01c1ceb7d7b42b7f04891c9249a358d9d768bf8865ba1114229f698dd2cf91,LATEST_REVISED_RELEASE_DATE_UNKNOWN,False
BLS_PUBLIC_API_V2,industrials_v1_4_segment_cost_drivers,WPU1191,2020-06,217.8,,2026-09-02T21:59:07.345599+00:00,,0d01c1ceb7d7b42b7f04891c9249a358d9d768bf8865ba1114229f698dd2cf91,LATEST_REVISED_RELEASE_DATE_UNKNOWN,False
BLS_PUBLIC_API_V2,industrials_v1_4_segment_cost_drivers,WPU1191,2020-05,217.8,,2026-09-02T21:59:07.345599+00:00,,0d01c1ceb7d7b42b7f04891c9249a358d9d768bf8865ba1114229f698dd2cf91,LATEST_REVISED_RELEASE_DATE_UNKNOWN,False
BLS_PUBLIC_API_V2,industrials_v1_4_segment_cost_drivers,WPU1191,2020-04,217.8,,2026-09-02T21:59:07.345599+00:00,,0d01c1ceb7d7b42b7f04891c9249a358d9d768bf8865ba1114229f698dd2cf91,LATEST_REVISED_RELEASE_DATE_UNKNOWN,False
BLS_PUBLIC_API_V2,industrials_v1_4_segment_cost_drivers,WPU1191,2020-03,217.4,,2026-09-02T21:59:07.345599+00:00,,0d01c1ceb7d7b42b7f04891c9249a358d9d768bf8865ba1114229f698dd2cf91,LATEST_REVISED_RELEASE_DATE_UNKNOWN,False
BLS_PUBLIC_API_V2,industrials_v1_4_segment_cost_drivers,WPU1191,2020-02,217.4,,2026-09-02T21:59:07.345599+00:00,,0d01c1ceb7d7b42b7f04891c9249a358d9d768bf8865ba1114229f698dd2cf91,LATEST_REVISED_RELEASE_DATE_UNKNOWN,False
BLS_PUBLIC_API_V2,industrials_v1_4_segment_cost_drivers,WPU1191,2020-01,217.3,,2026-09-02T21:59:07.345599+00:00,,0d01c1ceb7d7b42b7f04891c9249a358d9d768bf8865ba1114229f698dd2cf91,LATEST_REVISED_RELEASE_DATE_UNKNOWN,False
BLS_PUBLIC_API_V2,industrials_v1_4_segment_cost_drivers,WPU1194,2026-07,222.246,,2026-09-02T21:59:07.345599+00:00,,0d01c1ceb7d7b42b7f04891c9249a358d9d768bf8865ba1114229f698dd2cf91,LATEST_REVISED_RELEASE_DATE_UNKNOWN,False
BLS_PUBLIC_API_V2,industrials_v1_4_segment_cost_drivers,WPU1194,2026-06,221.484,,2026-09-02T21:59:07.345599+00:00,,0d01c1ceb7d7b42b7f04891c9249a358d9d768bf8865ba1114229f698dd2cf91,LATEST_REVISED_RELEASE_DATE_UNKNOWN,False
BLS_PUBLIC_API_V2,industrials_v1_4_segment_cost_drivers,WPU1194,2026-05,221.484,,2026-09-02T21:59:07.345599+00:00,,0d01c1ceb7d7b42b7f04891c9249a358d9d768bf8865ba1114229f698dd2cf91,LATEST_REVISED_RELEASE_DATE_UNKNOWN,False
BLS_PUBLIC_API_V2,industrials_v1_4_segment_cost_drivers,WPU1194,2026-04,221.484,,2026-09-02T21:59:07.345599+00:00,,0d01c1ceb7d7b42b7f04891c9249a358d9d768bf8865ba1114229f698dd2cf91,LATEST_REVISED_RELEASE_DATE_UNKNOWN,False
BLS_PUBLIC_API_V2,industrials_v1_4_segment_cost_drivers,WPU1194,2026-03,219.304,,2026-09-02T21:59:07.345599+00:00,,0d01c1ceb7d7b42b7f04891c9249a358d9d768bf8865ba1114229f698dd2cf91,LATEST_REVISED_RELEASE_DATE_UNKNOWN,False
BLS_PUBLIC_API_V2,industrials_v1_4_segment_cost_drivers,WPU1194,2026-02,219.303,,2026-09-02T21:59:07.345599+00:00,,0d01c1ceb7d7b42b7f04891c9249a358d9d768bf8865ba1114229f698dd2cf91,LATEST_REVISED_RELEASE_DATE_UNKNOWN,False
BLS_PUBLIC_API_V2,industrials_v1_4_segment_cost_drivers,WPU1194,2026-01,219.303,,2026-09-02T21:59:07.345599+00:00,,0d01c1ceb7d7b42b7f04891c9249a358d9d768bf8865ba1114229f698dd2cf91,LATEST_REVISED_RELEASE_DATE_UNKNOWN,False
BLS_PUBLIC_API_V2,industrials_v1_4_segment_cost_drivers,WPU1194,2025-12,212.063,,2026-09-02T21:59:07.345599+00:00,,0d01c1ceb7d7b42b7f04891c9249a358d9d768bf8865ba1114229f698dd2cf91,LATEST_REVISED_RELEASE_DATE_UNKNOWN,False
BLS_PUBLIC_API_V2,industrials_v1_4_segment_cost_drivers,WPU1194,2025-11,212.246,,2026-09-02T21:59:07.345599+00:00,,0d01c1ceb7d7b42b7f04891c9249a358d9d768bf8865ba1114229f698dd2cf91,LATEST_REVISED_RELEASE_DATE_UNKNOWN,False
BLS_PUBLIC_API_V2,industrials_v1_4_segment_cost_drivers,WPU1194,2025-10,212.246,,2026-09-02T21:59:07.345599+00:00,,0d01c1ceb7d7b42b7f04891c9249a358d9d768bf8865ba1114229f698dd2cf91,LATEST_REVISED_RELEASE_DATE_UNKNOWN,False
BLS_PUBLIC_API_V2,industrials_v1_4_segment_cost_drivers,WPU1194,2025-09,212.081,,2026-09-02T21:59:07.345599+00:00,,0d01c1ceb7d7b42b7f04891c9249a358d9d768bf8865ba1114229f698dd2cf91,LATEST_REVISED_RELEASE_DATE_UNKNOWN,False
BLS_PUBLIC_API_V2,industrials_v1_4_segment_cost_drivers,WPU1194,2025-08,212.081,,2026-09-02T21:59:07.345599+00:00,,0d01c1ceb7d7b42b7f04891c9249a358d9d768bf8865ba1114229f698dd2cf91,LATEST_REVISED_RELEASE_DATE_UNKNOWN,False
BLS_PUBLIC_API_V2,industrials_v1_4_segment_cost_drivers,WPU1194,2025-07,212.079,,2026-09-02T21:59:07.345599+00:00,,0d01c1ceb7d7b42b7f04891c9249a358d9d768bf8865ba1114229f698dd2cf91,LATEST_REVISED_RELEASE_DATE_UNKNOWN,False
BLS_PUBLIC_API_V2,industrials_v1_4_segment_cost_drivers,WPU1194,2025-06,210.781,,2026-09-02T21:59:07.345599+00:00,,0d01c1ceb7d7b42b7f04891c9249a358d9d768bf8865ba1114229f698dd2cf91,LATEST_REVISED_RELEASE_DATE_UNKNOWN,False
BLS_PUBLIC_API_V2,industrials_v1_4_segment_cost_drivers,WPU1194,2025-05,210.494,,2026-09-02T21:59:07.345599+00:00,,0d01c1ceb7d7b42b7f04891c9249a358d9d768bf8865ba1114229f698dd2cf91,LATEST_REVISED_RELEASE_DATE_UNKNOWN,False
BLS_PUBLIC_API_V2,industrials_v1_4_segment_cost_drivers,WPU1194,2025-04,210.493,,2026-09-02T21:59:07.345599+00:00,,0d01c1ceb7d7b42b7f04891c9249a358d9d768bf8865ba1114229f698dd2cf91,LATEST_REVISED_RELEASE_DATE_UNKNOWN,False
BLS_PUBLIC_API_V2,industrials_v1_4_segment_cost_drivers,WPU1194,2025-03,209.611,,2026-09-02T21:59:07.345599+00:00,,0d01c1ceb7d7b42b7f04891c9249a358d9d768bf8865ba1114229f698dd2cf91,LATEST_REVISED_RELEASE_DATE_UNKNOWN,False
BLS_PUBLIC_API_V2,industrials_v1_4_segment_cost_drivers,WPU1194,2025-02,209.607,,2026-09-02T21:59:07.345599+00:00,,0d01c1ceb7d7b42b7f04891c9249a358d9d768bf8865ba1114229f698dd2cf91,LATEST_REVISED_RELEASE_DATE_UNKNOWN,False
BLS_PUBLIC_API_V2,industrials_v1_4_segment_cost_drivers,WPU1194,2025-01,209.43,,2026-09-02T21:59:07.345599+00:00,,0d01c1ceb7d7b42b7f04891c9249a358d9d768bf8865ba1114229f698dd2cf91,LATEST_REVISED_RELEASE_DATE_UNKNOWN,False
BLS_PUBLIC_API_V2,industrials_v1_4_segment_cost_drivers,WPU1194,2024-12,205.016,,2026-09-02T21:59:07.345599+00:00,,0d01c1ceb7d7b42b7f04891c9249a358d9d768bf8865ba1114229f698dd2cf91,LATEST_REVISED_RELEASE_DATE_UNKNOWN,False
BLS_PUBLIC_API_V2,industrials_v1_4_segment_cost_drivers,WPU1194,2024-11,205.016,,2026-09-02T21:59:07.345599+00:00,,0d01c1ceb7d7b42b7f04891c9249a358d9d768bf8865ba1114229f698dd2cf91,LATEST_REVISED_RELEASE_DATE_UNKNOWN,False
BLS_PUBLIC_API_V2,industrials_v1_4_segment_cost_drivers,WPU1194,2024-10,205.016,,2026-09-02T21:59:07.345599+00:00,,0d01c1ceb7d7b42b7f04891c9249a358d9d768bf8865ba1114229f698dd2cf91,LATEST_REVISED_RELEASE_DATE_UNKNOWN,False
BLS_PUBLIC_API_V2,industrials_v1_4_segment_cost_drivers,WPU1194,2024-09,204.506,,2026-09-02T21:59:07.345599+00:00,,0d01c1ceb7d7b42b7f04891c9249a358d9d768bf8865ba1114229f698dd2cf91,LATEST_REVISED_RELEASE_DATE_UNKNOWN,False
BLS_PUBLIC_API_V2,industrials_v1_4_segment_cost_drivers,WPU1194,2024-08,204.506,,2026-09-02T21:59:07.345599+00:00,,0d01c1ceb7d7b42b7f04891c9249a358d9d768bf8865ba1114229f698dd2cf91,LATEST_REVISED_RELEASE_DATE_UNKNOWN,False
BLS_PUBLIC_API_V2,industrials_v1_4_segment_cost_drivers,WPU1194,2024-07,204.539,,2026-09-02T21:59:07.345599+00:00,,0d01c1ceb7d7b42b7f04891c9249a358d9d768bf8865ba1114229f698dd2cf91,LATEST_REVISED_RELEASE_DATE_UNKNOWN,False
BLS_PUBLIC_API_V2,industrials_v1_4_segment_cost_drivers,WPU1194,2024-06,203.899,,2026-09-02T21:59:07.345599+00:00,,0d01c1ceb7d7b42b7f04891c9249a358d9d768bf8865ba1114229f698dd2cf91,LATEST_REVISED_RELEASE_DATE_UNKNOWN,False
BLS_PUBLIC_API_V2,industrials_v1_4_segment_cost_drivers,WPU1194,2024-05,203.899,,2026-09-02T21:59:07.345599+00:00,,0d01c1ceb7d7b42b7f04891c9249a358d9d768bf8865ba1114229f698dd2cf91,LATEST_REVISED_RELEASE_DATE_UNKNOWN,False
BLS_PUBLIC_API_V2,industrials_v1_4_segment_cost_drivers,WPU1194,2024-04,203.653,,2026-09-02T21:59:07.345599+00:00,,0d01c1ceb7d7b42b7f04891c9249a358d9d768bf8865ba1114229f698dd2cf91,LATEST_REVISED_RELEASE_DATE_UNKNOWN,False
BLS_PUBLIC_API_V2,industrials_v1_4_segment_cost_drivers,WPU1194,2024-03,202.813,,2026-09-02T21:59:07.345599+00:00,,0d01c1ceb7d7b42b7f04891c9249a358d9d768bf8865ba1114229f698dd2cf91,LATEST_REVISED_RELEASE_DATE_UNKNOWN,False
BLS_PUBLIC_API_V2,industrials_v1_4_segment_cost_drivers,WPU1194,2024-02,202.815,,2026-09-02T21:59:07.345599+00:00,,0d01c1ceb7d7b42b7f04891c9249a358d9d768bf8865ba1114229f698dd2cf91,LATEST_REVISED_RELEASE_DATE_UNKNOWN,False
BLS_PUBLIC_API_V2,industrials_v1_4_segment_cost_drivers,WPU1194,2024-01,202.8,,2026-09-02T21:59:07.345599+00:00,,0d01c1ceb7d7b42b7f04891c9249a358d9d768bf8865ba1114229f698dd2cf91,LATEST_REVISED_RELEASE_DATE_UNKNOWN,False
BLS_PUBLIC_API_V2,industrials_v1_4_segment_cost_drivers,WPU1194,2023-12,198.824,,2026-09-02T21:59:07.345599+00:00,,0d01c1ceb7d7b42b7f04891c9249a358d9d768bf8865ba1114229f698dd2cf91,LATEST_REVISED_RELEASE_DATE_UNKNOWN,False
BLS_PUBLIC_API_V2,industrials_v1_4_segment_cost_drivers,WPU1194,2023-11,198.823,,2026-09-02T21:59:07.345599+00:00,,0d01c1ceb7d7b42b7f04891c9249a358d9d768bf8865ba1114229f698dd2cf91,LATEST_REVISED_RELEASE_DATE_UNKNOWN,False
BLS_PUBLIC_API_V2,industrials_v1_4_segment_cost_drivers,WPU1194,2023-10,198.718,,2026-09-02T21:59:07.345599+00:00,,0d01c1ceb7d7b42b7f04891c9249a358d9d768bf8865ba1114229f698dd2cf91,LATEST_REVISED_RELEASE_DATE_UNKNOWN,False
BLS_PUBLIC_API_V2,industrials_v1_4_segment_cost_drivers,WPU1194,2023-09,198.83,,2026-09-02T21:59:07.345599+00:00,,0d01c1ceb7d7b42b7f04891c9249a358d9d768bf8865ba1114229f698dd2cf91,LATEST_REVISED_RELEASE_DATE_UNKNOWN,False
BLS_PUBLIC_API_V2,industrials_v1_4_segment_cost_drivers,WPU1194,2023-08,198.689,,2026-09-02T21:59:07.345599+00:00,,0d01c1ceb7d7b42b7f04891c9249a358d9d768bf8865ba1114229f698dd2cf91,LATEST_REVISED_RELEASE_DATE_UNKNOWN,False
BLS_PUBLIC_API_V2,industrials_v1_4_segment_cost_drivers,WPU1194,2023-07,198.669,,2026-09-02T21:59:07.345599+00:00,,0d01c1ceb7d7b42b7f04891c9249a358d9d768bf8865ba1114229f698dd2cf91,LATEST_REVISED_RELEASE_DATE_UNKNOWN,False
BLS_PUBLIC_API_V2,industrials_v1_4_segment_cost_drivers,WPU1194,2023-06,195.127,,2026-09-02T21:59:07.345599+00:00,,0d01c1ceb7d7b42b7f04891c9249a358d9d768bf8865ba1114229f698dd2cf91,LATEST_REVISED_RELEASE_DATE_UNKNOWN,False
BLS_PUBLIC_API_V2,industrials_v1_4_segment_cost_drivers,WPU1194,2023-05,194.932,,2026-09-02T21:59:07.345599+00:00,,0d01c1ceb7d7b42b7f04891c9249a358d9d768bf8865ba1114229f698dd2cf91,LATEST_REVISED_RELEASE_DATE_UNKNOWN,False
BLS_PUBLIC_API_V2,industrials_v1_4_segment_cost_drivers,WPU1194,2023-04,194.927,,2026-09-02T21:59:07.345599+00:00,,0d01c1ceb7d7b42b7f04891c9249a358d9d768bf8865ba1114229f698dd2cf91,LATEST_REVISED_RELEASE_DATE_UNKNOWN,False
BLS_PUBLIC_API_V2,industrials_v1_4_segment_cost_drivers,WPU1194,2023-03,194.433,,2026-09-02T21:59:07.345599+00:00,,0d01c1ceb7d7b42b7f04891c9249a358d9d768bf8865ba1114229f698dd2cf91,LATEST_REVISED_RELEASE_DATE_UNKNOWN,False
BLS_PUBLIC_API_V2,industrials_v1_4_segment_cost_drivers,WPU1194,2023-02,194.48,,2026-09-02T21:59:07.345599+00:00,,0d01c1ceb7d7b42b7f04891c9249a358d9d768bf8865ba1114229f698dd2cf91,LATEST_REVISED_RELEASE_DATE_UNKNOWN,False
BLS_PUBLIC_API_V2,industrials_v1_4_segment_cost_drivers,WPU1194,2023-01,194.477,,2026-09-02T21:59:07.345599+00:00,,0d01c1ceb7d7b42b7f04891c9249a358d9d768bf8865ba1114229f698dd2cf91,LATEST_REVISED_RELEASE_DATE_UNKNOWN,False
BLS_PUBLIC_API_V2,industrials_v1_4_segment_cost_drivers,WPU1194,2022-12,187.055,,2026-09-02T21:59:07.345599+00:00,,0d01c1ceb7d7b42b7f04891c9249a358d9d768bf8865ba1114229f698dd2cf91,LATEST_REVISED_RELEASE_DATE_UNKNOWN,False
BLS_PUBLIC_API_V2,industrials_v1_4_segment_cost_drivers,WPU1194,2022-11,186.884,,2026-09-02T21:59:07.345599+00:00,,0d01c1ceb7d7b42b7f04891c9249a358d9d768bf8865ba1114229f698dd2cf91,LATEST_REVISED_RELEASE_DATE_UNKNOWN,False
BLS_PUBLIC_API_V2,industrials_v1_4_segment_cost_drivers,WPU1194,2022-10,186.942,,2026-09-02T21:59:07.345599+00:00,,0d01c1ceb7d7b42b7f04891c9249a358d9d768bf8865ba1114229f698dd2cf91,LATEST_REVISED_RELEASE_DATE_UNKNOWN,False
BLS_PUBLIC_API_V2,industrials_v1_4_segment_cost_drivers,WPU1194,2022-09,186.232,,2026-09-02T21:59:07.345599+00:00,,0d01c1ceb7d7b42b7f04891c9249a358d9d768bf8865ba1114229f698dd2cf91,LATEST_REVISED_RELEASE_DATE_UNKNOWN,False
BLS_PUBLIC_API_V2,industrials_v1_4_segment_cost_drivers,WPU1194,2022-08,186.002,,2026-09-02T21:59:07.345599+00:00,,0d01c1ceb7d7b42b7f04891c9249a358d9d768bf8865ba1114229f698dd2cf91,LATEST_REVISED_RELEASE_DATE_UNKNOWN,False
BLS_PUBLIC_API_V2,industrials_v1_4_segment_cost_drivers,WPU1194,2022-07,184.36,,2026-09-02T21:59:07.345599+00:00,,0d01c1ceb7d7b42b7f04891c9249a358d9d768bf8865ba1114229f698dd2cf91,LATEST_REVISED_RELEASE_DATE_UNKNOWN,False
BLS_PUBLIC_API_V2,industrials_v1_4_segment_cost_drivers,WPU1194,2022-06,184.217,,2026-09-02T21:59:07.345599+00:00,,0d01c1ceb7d7b42b7f04891c9249a358d9d768bf8865ba1114229f698dd2cf91,LATEST_REVISED_RELEASE_DATE_UNKNOWN,False
BLS_PUBLIC_API_V2,industrials_v1_4_segment_cost_drivers,WPU1194,2022-05,184.257,,2026-09-02T21:59:07.345599+00:00,,0d01c1ceb7d7b42b7f04891c9249a358d9d768bf8865ba1114229f698dd2cf91,LATEST_REVISED_RELEASE_DATE_UNKNOWN,False
BLS_PUBLIC_API_V2,industrials_v1_4_segment_cost_drivers,WPU1194,2022-04,182.518,,2026-09-02T21:59:07.345599+00:00,,0d01c1ceb7d7b42b7f04891c9249a358d9d768bf8865ba1114229f698dd2cf91,LATEST_REVISED_RELEASE_DATE_UNKNOWN,False
BLS_PUBLIC_API_V2,industrials_v1_4_segment_cost_drivers,WPU1194,2022-03,179.41,,2026-09-02T21:59:07.345599+00:00,,0d01c1ceb7d7b42b7f04891c9249a358d9d768bf8865ba1114229f698dd2cf91,LATEST_REVISED_RELEASE_DATE_UNKNOWN,False
BLS_PUBLIC_API_V2,industrials_v1_4_segment_cost_drivers,WPU1194,2022-02,179.451,,2026-09-02T21:59:07.345599+00:00,,0d01c1ceb7d7b42b7f04891c9249a358d9d768bf8865ba1114229f698dd2cf91,LATEST_REVISED_RELEASE_DATE_UNKNOWN,False
BLS_PUBLIC_API_V2,industrials_v1_4_segment_cost_drivers,WPU1194,2022-01,179.365,,2026-09-02T21:59:07.345599+00:00,,0d01c1ceb7d7b42b7f04891c9249a358d9d768bf8865ba1114229f698dd2cf91,LATEST_REVISED_RELEASE_DATE_UNKNOWN,False
BLS_PUBLIC_API_V2,industrials_v1_4_segment_cost_drivers,WPU1194,2021-12,174.761,,2026-09-02T21:59:07.345599+00:00,,0d01c1ceb7d7b42b7f04891c9249a358d9d768bf8865ba1114229f698dd2cf91,LATEST_REVISED_RELEASE_DATE_UNKNOWN,False
BLS_PUBLIC_API_V2,industrials_v1_4_segment_cost_drivers,WPU1194,2021-11,174.783,,2026-09-02T21:59:07.345599+00:00,,0d01c1ceb7d7b42b7f04891c9249a358d9d768bf8865ba1114229f698dd2cf91,LATEST_REVISED_RELEASE_DATE_UNKNOWN,False
BLS_PUBLIC_API_V2,industrials_v1_4_segment_cost_drivers,WPU1194,2021-10,174.823,,2026-09-02T21:59:07.345599+00:00,,0d01c1ceb7d7b42b7f04891c9249a358d9d768bf8865ba1114229f698dd2cf91,LATEST_REVISED_RELEASE_DATE_UNKNOWN,False
BLS_PUBLIC_API_V2,industrials_v1_4_segment_cost_drivers,WPU1194,2021-09,173.255,,2026-09-02T21:59:07.345599+00:00,,0d01c1ceb7d7b42b7f04891c9249a358d9d768bf8865ba1114229f698dd2cf91,LATEST_REVISED_RELEASE_DATE_UNKNOWN,False
BLS_PUBLIC_API_V2,industrials_v1_4_segment_cost_drivers,WPU1194,2021-08,173.129,,2026-09-02T21:59:07.345599+00:00,,0d01c1ceb7d7b42b7f04891c9249a358d9d768bf8865ba1114229f698dd2cf91,LATEST_REVISED_RELEASE_DATE_UNKNOWN,False
BLS_PUBLIC_API_V2,industrials_v1_4_segment_cost_drivers,WPU1194,2021-07,172.528,,2026-09-02T21:59:07.345599+00:00,,0d01c1ceb7d7b42b7f04891c9249a358d9d768bf8865ba1114229f698dd2cf91,LATEST_REVISED_RELEASE_DATE_UNKNOWN,False
BLS_PUBLIC_API_V2,industrials_v1_4_segment_cost_drivers,WPU1194,2021-06,172.2,,2026-09-02T21:59:07.345599+00:00,,0d01c1ceb7d7b42b7f04891c9249a358d9d768bf8865ba1114229f698dd2cf91,LATEST_REVISED_RELEASE_DATE_UNKNOWN,False
BLS_PUBLIC_API_V2,industrials_v1_4_segment_cost_drivers,WPU1194,2021-05,172.2,,2026-09-02T21:59:07.345599+00:00,,0d01c1ceb7d7b42b7f04891c9249a358d9d768bf8865ba1114229f698dd2cf91,LATEST_REVISED_RELEASE_DATE_UNKNOWN,False
BLS_PUBLIC_API_V2,industrials_v1_4_segment_cost_drivers,WPU1194,2021-04,172.2,,2026-09-02T21:59:07.345599+00:00,,0d01c1ceb7d7b42b7f04891c9249a358d9d768bf8865ba1114229f698dd2cf91,LATEST_REVISED_RELEASE_DATE_UNKNOWN,False
BLS_PUBLIC_API_V2,industrials_v1_4_segment_cost_drivers,WPU1194,2021-03,171.6,,2026-09-02T21:59:07.345599+00:00,,0d01c1ceb7d7b42b7f04891c9249a358d9d768bf8865ba1114229f698dd2cf91,LATEST_REVISED_RELEASE_DATE_UNKNOWN,False
BLS_PUBLIC_API_V2,industrials_v1_4_segment_cost_drivers,WPU1194,2021-02,171.6,,2026-09-02T21:59:07.345599+00:00,,0d01c1ceb7d7b42b7f04891c9249a358d9d768bf8865ba1114229f698dd2cf91,LATEST_REVISED_RELEASE_DATE_UNKNOWN,False
BLS_PUBLIC_API_V2,industrials_v1_4_segment_cost_drivers,WPU1194,2021-01,171.6,,2026-09-02T21:59:07.345599+00:00,,0d01c1ceb7d7b42b7f04891c9249a358d9d768bf8865ba1114229f698dd2cf91,LATEST_REVISED_RELEASE_DATE_UNKNOWN,False
BLS_PUBLIC_API_V2,industrials_v1_4_segment_cost_drivers,WPU1194,2020-12,171.4,,2026-09-02T21:59:07.345599+00:00,,0d01c1ceb7d7b42b7f04891c9249a358d9d768bf8865ba1114229f698dd2cf91,LATEST_REVISED_RELEASE_DATE_UNKNOWN,False
BLS_PUBLIC_API_V2,industrials_v1_4_segment_cost_drivers,WPU1194,2020-11,171.4,,2026-09-02T21:59:07.345599+00:00,,0d01c1ceb7d7b42b7f04891c9249a358d9d768bf8865ba1114229f698dd2cf91,LATEST_REVISED_RELEASE_DATE_UNKNOWN,False
BLS_PUBLIC_API_V2,industrials_v1_4_segment_cost_drivers,WPU1194,2020-10,171.4,,2026-09-02T21:59:07.345599+00:00,,0d01c1ceb7d7b42b7f04891c9249a358d9d768bf8865ba1114229f698dd2cf91,LATEST_REVISED_RELEASE_DATE_UNKNOWN,False
BLS_PUBLIC_API_V2,industrials_v1_4_segment_cost_drivers,WPU1194,2020-09,171.3,,2026-09-02T21:59:07.345599+00:00,,0d01c1ceb7d7b42b7f04891c9249a358d9d768bf8865ba1114229f698dd2cf91,LATEST_REVISED_RELEASE_DATE_UNKNOWN,False
BLS_PUBLIC_API_V2,industrials_v1_4_segment_cost_drivers,WPU1194,2020-08,171.3,,2026-09-02T21:59:07.345599+00:00,,0d01c1ceb7d7b42b7f04891c9249a358d9d768bf8865ba1114229f698dd2cf91,LATEST_REVISED_RELEASE_DATE_UNKNOWN,False
BLS_PUBLIC_API_V2,industrials_v1_4_segment_cost_drivers,WPU1194,2020-07,171.1,,2026-09-02T21:59:07.345599+00:00,,0d01c1ceb7d7b42b7f04891c9249a358d9d768bf8865ba1114229f698dd2cf91,LATEST_REVISED_RELEASE_DATE_UNKNOWN,False
BLS_PUBLIC_API_V2,industrials_v1_4_segment_cost_drivers,WPU1194,2020-06,171.1,,2026-09-02T21:59:07.345599+00:00,,0d01c1ceb7d7b42b7f04891c9249a358d9d768bf8865ba1114229f698dd2cf91,LATEST_REVISED_RELEASE_DATE_UNKNOWN,False
BLS_PUBLIC_API_V2,industrials_v1_4_segment_cost_drivers,WPU1194,2020-05,171.1,,2026-09-02T21:59:07.345599+00:00,,0d01c1ceb7d7b42b7f04891c9249a358d9d768bf8865ba1114229f698dd2cf91,LATEST_REVISED_RELEASE_DATE_UNKNOWN,False
BLS_PUBLIC_API_V2,industrials_v1_4_segment_cost_drivers,WPU1194,2020-04,171.1,,2026-09-02T21:59:07.345599+00:00,,0d01c1ceb7d7b42b7f04891c9249a358d9d768bf8865ba1114229f698dd2cf91,LATEST_REVISED_RELEASE_DATE_UNKNOWN,False
BLS_PUBLIC_API_V2,industrials_v1_4_segment_cost_drivers,WPU1194,2020-03,170.9,,2026-09-02T21:59:07.345599+00:00,,0d01c1ceb7d7b42b7f04891c9249a358d9d768bf8865ba1114229f698dd2cf91,LATEST_REVISED_RELEASE_DATE_UNKNOWN,False
BLS_PUBLIC_API_V2,industrials_v1_4_segment_cost_drivers,WPU1194,2020-02,170.9,,2026-09-02T21:59:07.345599+00:00,,0d01c1ceb7d7b42b7f04891c9249a358d9d768bf8865ba1114229f698dd2cf91,LATEST_REVISED_RELEASE_DATE_UNKNOWN,False
BLS_PUBLIC_API_V2,industrials_v1_4_segment_cost_drivers,WPU1194,2020-01,170.6,,2026-09-02T21:59:07.345599+00:00,,0d01c1ceb7d7b42b7f04891c9249a358d9d768bf8865ba1114229f698dd2cf91,LATEST_REVISED_RELEASE_DATE_UNKNOWN,False
BLS_PUBLIC_API_V2,industrials_v1_4_segment_cost_drivers,WPU1197,2026-07,304.397,,2026-09-02T21:59:07.345599+00:00,,0d01c1ceb7d7b42b7f04891c9249a358d9d768bf8865ba1114229f698dd2cf91,LATEST_REVISED_RELEASE_DATE_UNKNOWN,False
BLS_PUBLIC_API_V2,industrials_v1_4_segment_cost_drivers,WPU1197,2026-06,303.454,,2026-09-02T21:59:07.345599+00:00,,0d01c1ceb7d7b42b7f04891c9249a358d9d768bf8865ba1114229f698dd2cf91,LATEST_REVISED_RELEASE_DATE_UNKNOWN,False
BLS_PUBLIC_API_V2,industrials_v1_4_segment_cost_drivers,WPU1197,2026-05,301.212,,2026-09-02T21:59:07.345599+00:00,,0d01c1ceb7d7b42b7f04891c9249a358d9d768bf8865ba1114229f698dd2cf91,LATEST_REVISED_RELEASE_DATE_UNKNOWN,False
BLS_PUBLIC_API_V2,industrials_v1_4_segment_cost_drivers,WPU1197,2026-04,298.693,,2026-09-02T21:59:07.345599+00:00,,0d01c1ceb7d7b42b7f04891c9249a358d9d768bf8865ba1114229f698dd2cf91,LATEST_REVISED_RELEASE_DATE_UNKNOWN,False
BLS_PUBLIC_API_V2,industrials_v1_4_segment_cost_drivers,WPU1197,2026-03,297.712,,2026-09-02T21:59:07.345599+00:00,,0d01c1ceb7d7b42b7f04891c9249a358d9d768bf8865ba1114229f698dd2cf91,LATEST_REVISED_RELEASE_DATE_UNKNOWN,False
BLS_PUBLIC_API_V2,industrials_v1_4_segment_cost_drivers,WPU1197,2026-02,296.096,,2026-09-02T21:59:07.345599+00:00,,0d01c1ceb7d7b42b7f04891c9249a358d9d768bf8865ba1114229f698dd2cf91,LATEST_REVISED_RELEASE_DATE_UNKNOWN,False
BLS_PUBLIC_API_V2,industrials_v1_4_segment_cost_drivers,WPU1197,2026-01,294.089,,2026-09-02T21:59:07.345599+00:00,,0d01c1ceb7d7b42b7f04891c9249a358d9d768bf8865ba1114229f698dd2cf91,LATEST_REVISED_RELEASE_DATE_UNKNOWN,False
BLS_PUBLIC_API_V2,industrials_v1_4_segment_cost_drivers,WPU1197,2025-12,294.089,,2026-09-02T21:59:07.345599+00:00,,0d01c1ceb7d7b42b7f04891c9249a358d9d768bf8865ba1114229f698dd2cf91,LATEST_REVISED_RELEASE_DATE_UNKNOWN,False
BLS_PUBLIC_API_V2,industrials_v1_4_segment_cost_drivers,WPU1197,2025-11,295.248,,2026-09-02T21:59:07.345599+00:00,,0d01c1ceb7d7b42b7f04891c9249a358d9d768bf8865ba1114229f698dd2cf91,LATEST_REVISED_RELEASE_DATE_UNKNOWN,False
BLS_PUBLIC_API_V2,industrials_v1_4_segment_cost_drivers,WPU1197,2025-10,293.938,,2026-09-02T21:59:07.345599+00:00,,0d01c1ceb7d7b42b7f04891c9249a358d9d768bf8865ba1114229f698dd2cf91,LATEST_REVISED_RELEASE_DATE_UNKNOWN,False
BLS_PUBLIC_API_V2,industrials_v1_4_segment_cost_drivers,WPU1197,2025-09,292.937,,2026-09-02T21:59:07.345599+00:00,,0d01c1ceb7d7b42b7f04891c9249a358d9d768bf8865ba1114229f698dd2cf91,LATEST_REVISED_RELEASE_DATE_UNKNOWN,False
BLS_PUBLIC_API_V2,industrials_v1_4_segment_cost_drivers,WPU1197,2025-08,287.836,,2026-09-02T21:59:07.345599+00:00,,0d01c1ceb7d7b42b7f04891c9249a358d9d768bf8865ba1114229f698dd2cf91,LATEST_REVISED_RELEASE_DATE_UNKNOWN,False
BLS_PUBLIC_API_V2,industrials_v1_4_segment_cost_drivers,WPU1197,2025-07,288.747,,2026-09-02T21:59:07.345599+00:00,,0d01c1ceb7d7b42b7f04891c9249a358d9d768bf8865ba1114229f698dd2cf91,LATEST_REVISED_RELEASE_DATE_UNKNOWN,False
BLS_PUBLIC_API_V2,industrials_v1_4_segment_cost_drivers,WPU1197,2025-06,288.479,,2026-09-02T21:59:07.345599+00:00,,0d01c1ceb7d7b42b7f04891c9249a358d9d768bf8865ba1114229f698dd2cf91,LATEST_REVISED_RELEASE_DATE_UNKNOWN,False
BLS_PUBLIC_API_V2,industrials_v1_4_segment_cost_drivers,WPU1197,2025-05,291.084,,2026-09-02T21:59:07.345599+00:00,,0d01c1ceb7d7b42b7f04891c9249a358d9d768bf8865ba1114229f698dd2cf91,LATEST_REVISED_RELEASE_DATE_UNKNOWN,False
BLS_PUBLIC_API_V2,industrials_v1_4_segment_cost_drivers,WPU1197,2025-04,290.053,,2026-09-02T21:59:07.345599+00:00,,0d01c1ceb7d7b42b7f04891c9249a358d9d768bf8865ba1114229f698dd2cf91,LATEST_REVISED_RELEASE_DATE_UNKNOWN,False
BLS_PUBLIC_API_V2,industrials_v1_4_segment_cost_drivers,WPU1197,2025-03,290.117,,2026-09-02T21:59:07.345599+00:00,,0d01c1ceb7d7b42b7f04891c9249a358d9d768bf8865ba1114229f698dd2cf91,LATEST_REVISED_RELEASE_DATE_UNKNOWN,False
BLS_PUBLIC_API_V2,industrials_v1_4_segment_cost_drivers,WPU1197,2025-02,288.289,,2026-09-02T21:59:07.345599+00:00,,0d01c1ceb7d7b42b7f04891c9249a358d9d768bf8865ba1114229f698dd2cf91,LATEST_REVISED_RELEASE_DATE_UNKNOWN,False
BLS_PUBLIC_API_V2,industrials_v1_4_segment_cost_drivers,WPU1197,2025-01,287.251,,2026-09-02T21:59:07.345599+00:00,,0d01c1ceb7d7b42b7f04891c9249a358d9d768bf8865ba1114229f698dd2cf91,LATEST_REVISED_RELEASE_DATE_UNKNOWN,False
BLS_PUBLIC_API_V2,industrials_v1_4_segment_cost_drivers,WPU1197,2024-12,284.735,,2026-09-02T21:59:07.345599+00:00,,0d01c1ceb7d7b42b7f04891c9249a358d9d768bf8865ba1114229f698dd2cf91,LATEST_REVISED_RELEASE_DATE_UNKNOWN,False
BLS_PUBLIC_API_V2,industrials_v1_4_segment_cost_drivers,WPU1197,2024-11,282.997,,2026-09-02T21:59:07.345599+00:00,,0d01c1ceb7d7b42b7f04891c9249a358d9d768bf8865ba1114229f698dd2cf91,LATEST_REVISED_RELEASE_DATE_UNKNOWN,False
BLS_PUBLIC_API_V2,industrials_v1_4_segment_cost_drivers,WPU1197,2024-10,281.163,,2026-09-02T21:59:07.345599+00:00,,0d01c1ceb7d7b42b7f04891c9249a358d9d768bf8865ba1114229f698dd2cf91,LATEST_REVISED_RELEASE_DATE_UNKNOWN,False
BLS_PUBLIC_API_V2,industrials_v1_4_segment_cost_drivers,WPU1197,2024-09,280.162,,2026-09-02T21:59:07.345599+00:00,,0d01c1ceb7d7b42b7f04891c9249a358d9d768bf8865ba1114229f698dd2cf91,LATEST_REVISED_RELEASE_DATE_UNKNOWN,False
BLS_PUBLIC_API_V2,industrials_v1_4_segment_cost_drivers,WPU1197,2024-08,282.678,,2026-09-02T21:59:07.345599+00:00,,0d01c1ceb7d7b42b7f04891c9249a358d9d768bf8865ba1114229f698dd2cf91,LATEST_REVISED_RELEASE_DATE_UNKNOWN,False
BLS_PUBLIC_API_V2,industrials_v1_4_segment_cost_drivers,WPU1197,2024-07,280.804,,2026-09-02T21:59:07.345599+00:00,,0d01c1ceb7d7b42b7f04891c9249a358d9d768bf8865ba1114229f698dd2cf91,LATEST_REVISED_RELEASE_DATE_UNKNOWN,False
BLS_PUBLIC_API_V2,industrials_v1_4_segment_cost_drivers,WPU1197,2024-06,279.21,,2026-09-02T21:59:07.345599+00:00,,0d01c1ceb7d7b42b7f04891c9249a358d9d768bf8865ba1114229f698dd2cf91,LATEST_REVISED_RELEASE_DATE_UNKNOWN,False
BLS_PUBLIC_API_V2,industrials_v1_4_segment_cost_drivers,WPU1197,2024-05,278.04,,2026-09-02T21:59:07.345599+00:00,,0d01c1ceb7d7b42b7f04891c9249a358d9d768bf8865ba1114229f698dd2cf91,LATEST_REVISED_RELEASE_DATE_UNKNOWN,False
BLS_PUBLIC_API_V2,industrials_v1_4_segment_cost_drivers,WPU1197,2024-04,277.108,,2026-09-02T21:59:07.345599+00:00,,0d01c1ceb7d7b42b7f04891c9249a358d9d768bf8865ba1114229f698dd2cf91,LATEST_REVISED_RELEASE_DATE_UNKNOWN,False
BLS_PUBLIC_API_V2,industrials_v1_4_segment_cost_drivers,WPU1197,2024-03,275.234,,2026-09-02T21:59:07.345599+00:00,,0d01c1ceb7d7b42b7f04891c9249a358d9d768bf8865ba1114229f698dd2cf91,LATEST_REVISED_RELEASE_DATE_UNKNOWN,False
BLS_PUBLIC_API_V2,industrials_v1_4_segment_cost_drivers,WPU1197,2024-02,274.614,,2026-09-02T21:59:07.345599+00:00,,0d01c1ceb7d7b42b7f04891c9249a358d9d768bf8865ba1114229f698dd2cf91,LATEST_REVISED_RELEASE_DATE_UNKNOWN,False
BLS_PUBLIC_API_V2,industrials_v1_4_segment_cost_drivers,WPU1197,2024-01,274.59,,2026-09-02T21:59:07.345599+00:00,,0d01c1ceb7d7b42b7f04891c9249a358d9d768bf8865ba1114229f698dd2cf91,LATEST_REVISED_RELEASE_DATE_UNKNOWN,False
BLS_PUBLIC_API_V2,industrials_v1_4_segment_cost_drivers,WPU1197,2023-12,273.467,,2026-09-02T21:59:07.345599+00:00,,0d01c1ceb7d7b42b7f04891c9249a358d9d768bf8865ba1114229f698dd2cf91,LATEST_REVISED_RELEASE_DATE_UNKNOWN,False
BLS_PUBLIC_API_V2,industrials_v1_4_segment_cost_drivers,WPU1197,2023-11,273.181,,2026-09-02T21:59:07.345599+00:00,,0d01c1ceb7d7b42b7f04891c9249a358d9d768bf8865ba1114229f698dd2cf91,LATEST_REVISED_RELEASE_DATE_UNKNOWN,False
BLS_PUBLIC_API_V2,industrials_v1_4_segment_cost_drivers,WPU1197,2023-10,271.943,,2026-09-02T21:59:07.345599+00:00,,0d01c1ceb7d7b42b7f04891c9249a358d9d768bf8865ba1114229f698dd2cf91,LATEST_REVISED_RELEASE_DATE_UNKNOWN,False
BLS_PUBLIC_API_V2,industrials_v1_4_segment_cost_drivers,WPU1197,2023-09,270.672,,2026-09-02T21:59:07.345599+00:00,,0d01c1ceb7d7b42b7f04891c9249a358d9d768bf8865ba1114229f698dd2cf91,LATEST_REVISED_RELEASE_DATE_UNKNOWN,False
BLS_PUBLIC_API_V2,industrials_v1_4_segment_cost_drivers,WPU1197,2023-08,269.529,,2026-09-02T21:59:07.345599+00:00,,0d01c1ceb7d7b42b7f04891c9249a358d9d768bf8865ba1114229f698dd2cf91,LATEST_REVISED_RELEASE_DATE_UNKNOWN,False
BLS_PUBLIC_API_V2,industrials_v1_4_segment_cost_drivers,WPU1197,2023-07,263.617,,2026-09-02T21:59:07.345599+00:00,,0d01c1ceb7d7b42b7f04891c9249a358d9d768bf8865ba1114229f698dd2cf91,LATEST_REVISED_RELEASE_DATE_UNKNOWN,False
BLS_PUBLIC_API_V2,industrials_v1_4_segment_cost_drivers,WPU1197,2023-06,267.025,,2026-09-02T21:59:07.345599+00:00,,0d01c1ceb7d7b42b7f04891c9249a358d9d768bf8865ba1114229f698dd2cf91,LATEST_REVISED_RELEASE_DATE_UNKNOWN,False
BLS_PUBLIC_API_V2,industrials_v1_4_segment_cost_drivers,WPU1197,2023-05,267.598,,2026-09-02T21:59:07.345599+00:00,,0d01c1ceb7d7b42b7f04891c9249a358d9d768bf8865ba1114229f698dd2cf91,LATEST_REVISED_RELEASE_DATE_UNKNOWN,False
BLS_PUBLIC_API_V2,industrials_v1_4_segment_cost_drivers,WPU1197,2023-04,267.066,,2026-09-02T21:59:07.345599+00:00,,0d01c1ceb7d7b42b7f04891c9249a358d9d768bf8865ba1114229f698dd2cf91,LATEST_REVISED_RELEASE_DATE_UNKNOWN,False
BLS_PUBLIC_API_V2,industrials_v1_4_segment_cost_drivers,WPU1197,2023-03,266.493,,2026-09-02T21:59:07.345599+00:00,,0d01c1ceb7d7b42b7f04891c9249a358d9d768bf8865ba1114229f698dd2cf91,LATEST_REVISED_RELEASE_DATE_UNKNOWN,False
BLS_PUBLIC_API_V2,industrials_v1_4_segment_cost_drivers,WPU1197,2023-02,256.383,,2026-09-02T21:59:07.345599+00:00,,0d01c1ceb7d7b42b7f04891c9249a358d9d768bf8865ba1114229f698dd2cf91,LATEST_REVISED_RELEASE_DATE_UNKNOWN,False
BLS_PUBLIC_API_V2,industrials_v1_4_segment_cost_drivers,WPU1197,2023-01,255.701,,2026-09-02T21:59:07.345599+00:00,,0d01c1ceb7d7b42b7f04891c9249a358d9d768bf8865ba1114229f698dd2cf91,LATEST_REVISED_RELEASE_DATE_UNKNOWN,False
BLS_PUBLIC_API_V2,industrials_v1_4_segment_cost_drivers,WPU1197,2022-12,255.002,,2026-09-02T21:59:07.345599+00:00,,0d01c1ceb7d7b42b7f04891c9249a358d9d768bf8865ba1114229f698dd2cf91,LATEST_REVISED_RELEASE_DATE_UNKNOWN,False
BLS_PUBLIC_API_V2,industrials_v1_4_segment_cost_drivers,WPU1197,2022-11,254.347,,2026-09-02T21:59:07.345599+00:00,,0d01c1ceb7d7b42b7f04891c9249a358d9d768bf8865ba1114229f698dd2cf91,LATEST_REVISED_RELEASE_DATE_UNKNOWN,False
BLS_PUBLIC_API_V2,industrials_v1_4_segment_cost_drivers,WPU1197,2022-10,253.822,,2026-09-02T21:59:07.345599+00:00,,0d01c1ceb7d7b42b7f04891c9249a358d9d768bf8865ba1114229f698dd2cf91,LATEST_REVISED_RELEASE_DATE_UNKNOWN,False
BLS_PUBLIC_API_V2,industrials_v1_4_segment_cost_drivers,WPU1197,2022-09,253.476,,2026-09-02T21:59:07.345599+00:00,,0d01c1ceb7d7b42b7f04891c9249a358d9d768bf8865ba1114229f698dd2cf91,LATEST_REVISED_RELEASE_DATE_UNKNOWN,False
BLS_PUBLIC_API_V2,industrials_v1_4_segment_cost_drivers,WPU1197,2022-08,255.179,,2026-09-02T21:59:07.345599+00:00,,0d01c1ceb7d7b42b7f04891c9249a358d9d768bf8865ba1114229f698dd2cf91,LATEST_REVISED_RELEASE_DATE_UNKNOWN,False
BLS_PUBLIC_API_V2,industrials_v1_4_segment_cost_drivers,WPU1197,2022-07,257.389,,2026-09-02T21:59:07.345599+00:00,,0d01c1ceb7d7b42b7f04891c9249a358d9d768bf8865ba1114229f698dd2cf91,LATEST_REVISED_RELEASE_DATE_UNKNOWN,False
BLS_PUBLIC_API_V2,industrials_v1_4_segment_cost_drivers,WPU1197,2022-06,258.169,,2026-09-02T21:59:07.345599+00:00,,0d01c1ceb7d7b42b7f04891c9249a358d9d768bf8865ba1114229f698dd2cf91,LATEST_REVISED_RELEASE_DATE_UNKNOWN,False
BLS_PUBLIC_API_V2,industrials_v1_4_segment_cost_drivers,WPU1197,2022-05,257.169,,2026-09-02T21:59:07.345599+00:00,,0d01c1ceb7d7b42b7f04891c9249a358d9d768bf8865ba1114229f698dd2cf91,LATEST_REVISED_RELEASE_DATE_UNKNOWN,False
BLS_PUBLIC_API_V2,industrials_v1_4_segment_cost_drivers,WPU1197,2022-04,256.792,,2026-09-02T21:59:07.345599+00:00,,0d01c1ceb7d7b42b7f04891c9249a358d9d768bf8865ba1114229f698dd2cf91,LATEST_REVISED_RELEASE_DATE_UNKNOWN,False
BLS_PUBLIC_API_V2,industrials_v1_4_segment_cost_drivers,WPU1197,2022-03,255.324,,2026-09-02T21:59:07.345599+00:00,,0d01c1ceb7d7b42b7f04891c9249a358d9d768bf8865ba1114229f698dd2cf91,LATEST_REVISED_RELEASE_DATE_UNKNOWN,False
BLS_PUBLIC_API_V2,industrials_v1_4_segment_cost_drivers,WPU1197,2022-02,252.358,,2026-09-02T21:59:07.345599+00:00,,0d01c1ceb7d7b42b7f04891c9249a358d9d768bf8865ba1114229f698dd2cf91,LATEST_REVISED_RELEASE_DATE_UNKNOWN,False
BLS_PUBLIC_API_V2,industrials_v1_4_segment_cost_drivers,WPU1197,2022-01,253.184,,2026-09-02T21:59:07.345599+00:00,,0d01c1ceb7d7b42b7f04891c9249a358d9d768bf8865ba1114229f698dd2cf91,LATEST_REVISED_RELEASE_DATE_UNKNOWN,False
BLS_PUBLIC_API_V2,industrials_v1_4_segment_cost_drivers,WPU1197,2021-12,250.701,,2026-09-02T21:59:07.345599+00:00,,0d01c1ceb7d7b42b7f04891c9249a358d9d768bf8865ba1114229f698dd2cf91,LATEST_REVISED_RELEASE_DATE_UNKNOWN,False
BLS_PUBLIC_API_V2,industrials_v1_4_segment_cost_drivers,WPU1197,2021-11,250.015,,2026-09-02T21:59:07.345599+00:00,,0d01c1ceb7d7b42b7f04891c9249a358d9d768bf8865ba1114229f698dd2cf91,LATEST_REVISED_RELEASE_DATE_UNKNOWN,False
BLS_PUBLIC_API_V2,industrials_v1_4_segment_cost_drivers,WPU1197,2021-10,249.63,,2026-09-02T21:59:07.345599+00:00,,0d01c1ceb7d7b42b7f04891c9249a358d9d768bf8865ba1114229f698dd2cf91,LATEST_REVISED_RELEASE_DATE_UNKNOWN,False
BLS_PUBLIC_API_V2,industrials_v1_4_segment_cost_drivers,WPU1197,2021-09,248.932,,2026-09-02T21:59:07.345599+00:00,,0d01c1ceb7d7b42b7f04891c9249a358d9d768bf8865ba1114229f698dd2cf91,LATEST_REVISED_RELEASE_DATE_UNKNOWN,False
BLS_PUBLIC_API_V2,industrials_v1_4_segment_cost_drivers,WPU1197,2021-08,246.826,,2026-09-02T21:59:07.345599+00:00,,0d01c1ceb7d7b42b7f04891c9249a358d9d768bf8865ba1114229f698dd2cf91,LATEST_REVISED_RELEASE_DATE_UNKNOWN,False
BLS_PUBLIC_API_V2,industrials_v1_4_segment_cost_drivers,WPU1197,2021-07,247.138,,2026-09-02T21:59:07.345599+00:00,,0d01c1ceb7d7b42b7f04891c9249a358d9d768bf8865ba1114229f698dd2cf91,LATEST_REVISED_RELEASE_DATE_UNKNOWN,False
BLS_PUBLIC_API_V2,industrials_v1_4_segment_cost_drivers,WPU1197,2021-06,246.7,,2026-09-02T21:59:07.345599+00:00,,0d01c1ceb7d7b42b7f04891c9249a358d9d768bf8865ba1114229f698dd2cf91,LATEST_REVISED_RELEASE_DATE_UNKNOWN,False
BLS_PUBLIC_API_V2,industrials_v1_4_segment_cost_drivers,WPU1197,2021-05,247.1,,2026-09-02T21:59:07.345599+00:00,,0d01c1ceb7d7b42b7f04891c9249a358d9d768bf8865ba1114229f698dd2cf91,LATEST_REVISED_RELEASE_DATE_UNKNOWN,False
BLS_PUBLIC_API_V2,industrials_v1_4_segment_cost_drivers,WPU1197,2021-04,244.5,,2026-09-02T21:59:07.345599+00:00,,0d01c1ceb7d7b42b7f04891c9249a358d9d768bf8865ba1114229f698dd2cf91,LATEST_REVISED_RELEASE_DATE_UNKNOWN,False
BLS_PUBLIC_API_V2,industrials_v1_4_segment_cost_drivers,WPU1197,2021-03,244.2,,2026-09-02T21:59:07.345599+00:00,,0d01c1ceb7d7b42b7f04891c9249a358d9d768bf8865ba1114229f698dd2cf91,LATEST_REVISED_RELEASE_DATE_UNKNOWN,False
BLS_PUBLIC_API_V2,industrials_v1_4_segment_cost_drivers,WPU1197,2021-02,243.8,,2026-09-02T21:59:07.345599+00:00,,0d01c1ceb7d7b42b7f04891c9249a358d9d768bf8865ba1114229f698dd2cf91,LATEST_REVISED_RELEASE_DATE_UNKNOWN,False
BLS_PUBLIC_API_V2,industrials_v1_4_segment_cost_drivers,WPU1197,2021-01,243.1,,2026-09-02T21:59:07.345599+00:00,,0d01c1ceb7d7b42b7f04891c9249a358d9d768bf8865ba1114229f698dd2cf91,LATEST_REVISED_RELEASE_DATE_UNKNOWN,False
BLS_PUBLIC_API_V2,industrials_v1_4_segment_cost_drivers,WPU1197,2020-12,242.7,,2026-09-02T21:59:07.345599+00:00,,0d01c1ceb7d7b42b7f04891c9249a358d9d768bf8865ba1114229f698dd2cf91,LATEST_REVISED_RELEASE_DATE_UNKNOWN,False
BLS_PUBLIC_API_V2,industrials_v1_4_segment_cost_drivers,WPU1197,2020-11,242.3,,2026-09-02T21:59:07.345599+00:00,,0d01c1ceb7d7b42b7f04891c9249a358d9d768bf8865ba1114229f698dd2cf91,LATEST_REVISED_RELEASE_DATE_UNKNOWN,False
BLS_PUBLIC_API_V2,industrials_v1_4_segment_cost_drivers,WPU1197,2020-10,241.6,,2026-09-02T21:59:07.345599+00:00,,0d01c1ceb7d7b42b7f04891c9249a358d9d768bf8865ba1114229f698dd2cf91,LATEST_REVISED_RELEASE_DATE_UNKNOWN,False
BLS_PUBLIC_API_V2,industrials_v1_4_segment_cost_drivers,WPU1197,2020-09,241.2,,2026-09-02T21:59:07.345599+00:00,,0d01c1ceb7d7b42b7f04891c9249a358d9d768bf8865ba1114229f698dd2cf91,LATEST_REVISED_RELEASE_DATE_UNKNOWN,False
BLS_PUBLIC_API_V2,industrials_v1_4_segment_cost_drivers,WPU1197,2020-08,241.4,,2026-09-02T21:59:07.345599+00:00,,0d01c1ceb7d7b42b7f04891c9249a358d9d768bf8865ba1114229f698dd2cf91,LATEST_REVISED_RELEASE_DATE_UNKNOWN,False
BLS_PUBLIC_API_V2,industrials_v1_4_segment_cost_drivers,WPU1197,2020-07,242.0,,2026-09-02T21:59:07.345599+00:00,,0d01c1ceb7d7b42b7f04891c9249a358d9d768bf8865ba1114229f698dd2cf91,LATEST_REVISED_RELEASE_DATE_UNKNOWN,False
BLS_PUBLIC_API_V2,industrials_v1_4_segment_cost_drivers,WPU1197,2020-06,241.3,,2026-09-02T21:59:07.345599+00:00,,0d01c1ceb7d7b42b7f04891c9249a358d9d768bf8865ba1114229f698dd2cf91,LATEST_REVISED_RELEASE_DATE_UNKNOWN,False
BLS_PUBLIC_API_V2,industrials_v1_4_segment_cost_drivers,WPU1197,2020-05,239.5,,2026-09-02T21:59:07.345599+00:00,,0d01c1ceb7d7b42b7f04891c9249a358d9d768bf8865ba1114229f698dd2cf91,LATEST_REVISED_RELEASE_DATE_UNKNOWN,False
BLS_PUBLIC_API_V2,industrials_v1_4_segment_cost_drivers,WPU1197,2020-04,238.9,,2026-09-02T21:59:07.345599+00:00,,0d01c1ceb7d7b42b7f04891c9249a358d9d768bf8865ba1114229f698dd2cf91,LATEST_REVISED_RELEASE_DATE_UNKNOWN,False
BLS_PUBLIC_API_V2,industrials_v1_4_segment_cost_drivers,WPU1197,2020-03,238.9,,2026-09-02T21:59:07.345599+00:00,,0d01c1ceb7d7b42b7f04891c9249a358d9d768bf8865ba1114229f698dd2cf91,LATEST_REVISED_RELEASE_DATE_UNKNOWN,False
BLS_PUBLIC_API_V2,industrials_v1_4_segment_cost_drivers,WPU1197,2020-02,238.4,,2026-09-02T21:59:07.345599+00:00,,0d01c1ceb7d7b42b7f04891c9249a358d9d768bf8865ba1114229f698dd2cf91,LATEST_REVISED_RELEASE_DATE_UNKNOWN,False
BLS_PUBLIC_API_V2,industrials_v1_4_segment_cost_drivers,WPU1197,2020-01,237.8,,2026-09-02T21:59:07.345599+00:00,,0d01c1ceb7d7b42b7f04891c9249a358d9d768bf8865ba1114229f698dd2cf91,LATEST_REVISED_RELEASE_DATE_UNKNOWN,False
