sensor_id,series_id,series_title,role,segment,weight,sign_prior,source_grade,quarter,quarterly_value,months_in_quarter,yoy_pct,full_quarter,weighted_yoy_pct,period,vintage_status,historical_pit_eligible
steel_input,WPU101,Iron and steel PPI,material,construction,0.3,negative,A,2020Q1,210.6,3,,True,,2020Q1,LATEST_REVISED_NOT_HISTORICAL_PIT,False
steel_input,WPU101,Iron and steel PPI,material,construction,0.3,negative,A,2020Q2,203.9,3,,True,,2020Q2,LATEST_REVISED_NOT_HISTORICAL_PIT,False
steel_input,WPU101,Iron and steel PPI,material,construction,0.3,negative,A,2020Q3,202.16666666666666,3,,True,,2020Q3,LATEST_REVISED_NOT_HISTORICAL_PIT,False
steel_input,WPU101,Iron and steel PPI,material,construction,0.3,negative,A,2020Q4,216.4,3,,True,,2020Q4,LATEST_REVISED_NOT_HISTORICAL_PIT,False
steel_input,WPU101,Iron and steel PPI,material,construction,0.3,negative,A,2021Q1,267.8333333333333,3,27.176321620766064,True,8.15289648622982,2021Q1,LATEST_REVISED_NOT_HISTORICAL_PIT,False
steel_input,WPU101,Iron and steel PPI,material,construction,0.3,negative,A,2021Q2,336.26666666666665,3,64.91744319110676,True,19.475232957332025,2021Q2,LATEST_REVISED_NOT_HISTORICAL_PIT,False
steel_input,WPU101,Iron and steel PPI,material,construction,0.3,negative,A,2021Q3,394.57200000000006,3,95.17164056059362,True,28.551492168178083,2021Q3,LATEST_REVISED_NOT_HISTORICAL_PIT,False
steel_input,WPU101,Iron and steel PPI,material,construction,0.3,negative,A,2021Q4,428.20966666666664,3,97.87877387553911,True,29.36363216266173,2021Q4,LATEST_REVISED_NOT_HISTORICAL_PIT,False
steel_input,WPU101,Iron and steel PPI,material,construction,0.3,negative,A,2022Q1,405.24399999999997,3,51.304542626011205,True,15.391362787803361,2022Q1,LATEST_REVISED_NOT_HISTORICAL_PIT,False
steel_input,WPU101,Iron and steel PPI,material,construction,0.3,negative,A,2022Q2,414.23466666666667,3,23.186360031720852,True,6.955908009516255,2022Q2,LATEST_REVISED_NOT_HISTORICAL_PIT,False
steel_input,WPU101,Iron and steel PPI,material,construction,0.3,negative,A,2022Q3,373.4123333333334,3,-5.3626883475428215,True,-1.6088065042628463,2022Q3,LATEST_REVISED_NOT_HISTORICAL_PIT,False
steel_input,WPU101,Iron and steel PPI,material,construction,0.3,negative,A,2022Q4,329.13933333333335,3,-23.135940415481816,True,-6.940782124644545,2022Q4,LATEST_REVISED_NOT_HISTORICAL_PIT,False
steel_input,WPU101,Iron and steel PPI,material,construction,0.3,negative,A,2023Q1,332.301,3,-17.99977297628096,True,-5.399931892884287,2023Q1,LATEST_REVISED_NOT_HISTORICAL_PIT,False
steel_input,WPU101,Iron and steel PPI,material,construction,0.3,negative,A,2023Q2,350.882,3,-15.29390747917444,True,-4.588172243752331,2023Q2,LATEST_REVISED_NOT_HISTORICAL_PIT,False
steel_input,WPU101,Iron and steel PPI,material,construction,0.3,negative,A,2023Q3,330.07033333333334,3,-11.607008159880461,True,-3.4821024479641385,2023Q3,LATEST_REVISED_NOT_HISTORICAL_PIT,False
steel_input,WPU101,Iron and steel PPI,material,construction,0.3,negative,A,2023Q4,318.9823333333333,3,-3.085927135215294,True,-0.9257781405645882,2023Q4,LATEST_REVISED_NOT_HISTORICAL_PIT,False
steel_input,WPU101,Iron and steel PPI,material,construction,0.3,negative,A,2024Q1,334.74600000000004,3,0.7357787066545329,True,0.22073361199635988,2024Q1,LATEST_REVISED_NOT_HISTORICAL_PIT,False
steel_input,WPU101,Iron and steel PPI,material,construction,0.3,negative,A,2024Q2,312.3023333333333,3,-10.995054367755175,True,-3.2985163103265527,2024Q2,LATEST_REVISED_NOT_HISTORICAL_PIT,False
steel_input,WPU101,Iron and steel PPI,material,construction,0.3,negative,A,2024Q3,296.08733333333333,3,-10.295684455131282,True,-3.0887053365393844,2024Q3,LATEST_REVISED_NOT_HISTORICAL_PIT,False
steel_input,WPU101,Iron and steel PPI,material,construction,0.3,negative,A,2024Q4,293.4446666666667,3,-8.005981522487648,True,-2.4017944567462943,2024Q4,LATEST_REVISED_NOT_HISTORICAL_PIT,False
steel_input,WPU101,Iron and steel PPI,material,construction,0.3,negative,A,2025Q1,298.73266666666666,3,-10.758405875897958,True,-3.2275217627693875,2025Q1,LATEST_REVISED_NOT_HISTORICAL_PIT,False
steel_input,WPU101,Iron and steel PPI,material,construction,0.3,negative,A,2025Q2,325.00066666666663,3,4.066038571597819,True,1.2198115714793456,2025Q2,LATEST_REVISED_NOT_HISTORICAL_PIT,False
steel_input,WPU101,Iron and steel PPI,material,construction,0.3,negative,A,2025Q3,318.78133333333335,3,7.664630480646473,True,2.299389144193942,2025Q3,LATEST_REVISED_NOT_HISTORICAL_PIT,False
steel_input,WPU101,Iron and steel PPI,material,construction,0.3,negative,A,2025Q4,315.24466666666666,3,7.42899853919079,True,2.228699561757237,2025Q4,LATEST_REVISED_NOT_HISTORICAL_PIT,False
steel_input,WPU101,Iron and steel PPI,material,construction,0.3,negative,A,2026Q1,339.00066666666663,3,13.479610532493936,True,4.043883159748181,2026Q1,LATEST_REVISED_NOT_HISTORICAL_PIT,False
steel_input,WPU101,Iron and steel PPI,material,construction,0.3,negative,A,2026Q2,358.6203333333333,3,10.344491601042872,True,3.1033474803128613,2026Q2,LATEST_REVISED_NOT_HISTORICAL_PIT,False
steel_input,WPU101,Iron and steel PPI,material,construction,0.3,negative,A,2026Q3,374.1,1,17.353169989041596,False,5.205950996712478,2026Q3,LATEST_REVISED_NOT_HISTORICAL_PIT,False
fabricated_metal_input,WPU107,Fabricated structural metal products PPI,material,construction,0.2,negative,B,2020Q1,238.20000000000002,3,,True,,2020Q1,LATEST_REVISED_NOT_HISTORICAL_PIT,False
fabricated_metal_input,WPU107,Fabricated structural metal products PPI,material,construction,0.2,negative,B,2020Q2,238.33333333333334,3,,True,,2020Q2,LATEST_REVISED_NOT_HISTORICAL_PIT,False
fabricated_metal_input,WPU107,Fabricated structural metal products PPI,material,construction,0.2,negative,B,2020Q3,238.4333333333333,3,,True,,2020Q3,LATEST_REVISED_NOT_HISTORICAL_PIT,False
fabricated_metal_input,WPU107,Fabricated structural metal products PPI,material,construction,0.2,negative,B,2020Q4,239.66666666666666,3,,True,,2020Q4,LATEST_REVISED_NOT_HISTORICAL_PIT,False
fabricated_metal_input,WPU107,Fabricated structural metal products PPI,material,construction,0.2,negative,B,2021Q1,253.9,3,6.591099916036947,True,1.3182199832073893,2021Q1,LATEST_REVISED_NOT_HISTORICAL_PIT,False
fabricated_metal_input,WPU107,Fabricated structural metal products PPI,material,construction,0.2,negative,B,2021Q2,284.2,3,19.24475524475524,True,3.848951048951048,2021Q2,LATEST_REVISED_NOT_HISTORICAL_PIT,False
fabricated_metal_input,WPU107,Fabricated structural metal products PPI,material,construction,0.2,negative,B,2021Q3,317.0536666666667,3,32.97371732140364,True,6.594743464280729,2021Q3,LATEST_REVISED_NOT_HISTORICAL_PIT,False
fabricated_metal_input,WPU107,Fabricated structural metal products PPI,material,construction,0.2,negative,B,2021Q4,339.5613333333333,3,41.680667593880386,True,8.336133518776078,2021Q4,LATEST_REVISED_NOT_HISTORICAL_PIT,False
fabricated_metal_input,WPU107,Fabricated structural metal products PPI,material,construction,0.2,negative,B,2022Q1,355.4056666666667,3,39.978600498884084,True,7.995720099776817,2022Q1,LATEST_REVISED_NOT_HISTORICAL_PIT,False
fabricated_metal_input,WPU107,Fabricated structural metal products PPI,material,construction,0.2,negative,B,2022Q2,371.57300000000004,3,30.743490499648154,True,6.148698099929631,2022Q2,LATEST_REVISED_NOT_HISTORICAL_PIT,False
fabricated_metal_input,WPU107,Fabricated structural metal products PPI,material,construction,0.2,negative,B,2022Q3,371.4893333333334,3,17.169227922507346,True,3.4338455845014693,2022Q3,LATEST_REVISED_NOT_HISTORICAL_PIT,False
fabricated_metal_input,WPU107,Fabricated structural metal products PPI,material,construction,0.2,negative,B,2022Q4,363.72700000000003,3,7.116730998032761,True,1.4233461996065522,2022Q4,LATEST_REVISED_NOT_HISTORICAL_PIT,False
fabricated_metal_input,WPU107,Fabricated structural metal products PPI,material,construction,0.2,negative,B,2023Q1,363.09666666666664,3,2.164006013785169,True,0.4328012027570338,2023Q1,LATEST_REVISED_NOT_HISTORICAL_PIT,False
fabricated_metal_input,WPU107,Fabricated structural metal products PPI,material,construction,0.2,negative,B,2023Q2,365.58666666666664,3,-1.6110786664621513,True,-0.32221573329243025,2023Q2,LATEST_REVISED_NOT_HISTORICAL_PIT,False
fabricated_metal_input,WPU107,Fabricated structural metal products PPI,material,construction,0.2,negative,B,2023Q3,365.17233333333337,3,-1.7004525926271552,True,-0.34009051852543104,2023Q3,LATEST_REVISED_NOT_HISTORICAL_PIT,False
fabricated_metal_input,WPU107,Fabricated structural metal products PPI,material,construction,0.2,negative,B,2023Q4,366.0643333333333,3,0.6426064969972778,True,0.12852129939945556,2023Q4,LATEST_REVISED_NOT_HISTORICAL_PIT,False
fabricated_metal_input,WPU107,Fabricated structural metal products PPI,material,construction,0.2,negative,B,2024Q1,367.604,3,1.2413590503906224,True,0.2482718100781245,2024Q1,LATEST_REVISED_NOT_HISTORICAL_PIT,False
fabricated_metal_input,WPU107,Fabricated structural metal products PPI,material,construction,0.2,negative,B,2024Q2,361.9373333333333,3,-0.9982129180495347,True,-0.19964258360990694,2024Q2,LATEST_REVISED_NOT_HISTORICAL_PIT,False
fabricated_metal_input,WPU107,Fabricated structural metal products PPI,material,construction,0.2,negative,B,2024Q3,363.7683333333334,3,-0.3844760053928864,True,-0.07689520107857728,2024Q3,LATEST_REVISED_NOT_HISTORICAL_PIT,False
fabricated_metal_input,WPU107,Fabricated structural metal products PPI,material,construction,0.2,negative,B,2024Q4,364.8096666666667,3,-0.3427448545018752,True,-0.06854897090037504,2024Q4,LATEST_REVISED_NOT_HISTORICAL_PIT,False
fabricated_metal_input,WPU107,Fabricated structural metal products PPI,material,construction,0.2,negative,B,2025Q1,370.08366666666666,3,0.6745483364344995,True,0.1349096672868999,2025Q1,LATEST_REVISED_NOT_HISTORICAL_PIT,False
fabricated_metal_input,WPU107,Fabricated structural metal products PPI,material,construction,0.2,negative,B,2025Q2,381.80833333333334,3,5.490176936707281,True,1.0980353873414561,2025Q2,LATEST_REVISED_NOT_HISTORICAL_PIT,False
fabricated_metal_input,WPU107,Fabricated structural metal products PPI,material,construction,0.2,negative,B,2025Q3,387.6143333333334,3,6.555270982905781,True,1.3110541965811562,2025Q3,LATEST_REVISED_NOT_HISTORICAL_PIT,False
fabricated_metal_input,WPU107,Fabricated structural metal products PPI,material,construction,0.2,negative,B,2025Q4,394.59066666666666,3,8.163434996696894,True,1.6326869993393789,2025Q4,LATEST_REVISED_NOT_HISTORICAL_PIT,False
fabricated_metal_input,WPU107,Fabricated structural metal products PPI,material,construction,0.2,negative,B,2026Q1,400.90200000000004,3,8.327396237427397,True,1.6654792474854796,2026Q1,LATEST_REVISED_NOT_HISTORICAL_PIT,False
fabricated_metal_input,WPU107,Fabricated structural metal products PPI,material,construction,0.2,negative,B,2026Q2,405.9023333333334,3,6.310496104066199,True,1.2620992208132398,2026Q2,LATEST_REVISED_NOT_HISTORICAL_PIT,False
fabricated_metal_input,WPU107,Fabricated structural metal products PPI,material,construction,0.2,negative,B,2026Q3,408.901,1,5.491712982750019,False,1.0983425965500038,2026Q3,LATEST_REVISED_NOT_HISTORICAL_PIT,False
truck_freight,PCU484121484121,General freight trucking long-distance truckload PPI,freight,construction,0.15,negative,B,2020Q1,135.5666666666667,3,,True,,2020Q1,LATEST_REVISED_NOT_HISTORICAL_PIT,False
truck_freight,PCU484121484121,General freight trucking long-distance truckload PPI,freight,construction,0.15,negative,B,2020Q2,130.66666666666666,3,,True,,2020Q2,LATEST_REVISED_NOT_HISTORICAL_PIT,False
truck_freight,PCU484121484121,General freight trucking long-distance truckload PPI,freight,construction,0.15,negative,B,2020Q3,136.20000000000002,3,,True,,2020Q3,LATEST_REVISED_NOT_HISTORICAL_PIT,False
truck_freight,PCU484121484121,General freight trucking long-distance truckload PPI,freight,construction,0.15,negative,B,2020Q4,145.46666666666667,3,,True,,2020Q4,LATEST_REVISED_NOT_HISTORICAL_PIT,False
truck_freight,PCU484121484121,General freight trucking long-distance truckload PPI,freight,construction,0.15,negative,B,2021Q1,150.70000000000002,3,11.16301942463731,True,1.6744529136955966,2021Q1,LATEST_REVISED_NOT_HISTORICAL_PIT,False
truck_freight,PCU484121484121,General freight trucking long-distance truckload PPI,freight,construction,0.15,negative,B,2021Q2,160.23333333333335,3,22.627551020408188,True,3.394132653061228,2021Q2,LATEST_REVISED_NOT_HISTORICAL_PIT,False
truck_freight,PCU484121484121,General freight trucking long-distance truckload PPI,freight,construction,0.15,negative,B,2021Q3,164.72933333333333,3,20.946647087616242,True,3.141997063142436,2021Q3,LATEST_REVISED_NOT_HISTORICAL_PIT,False
truck_freight,PCU484121484121,General freight trucking long-distance truckload PPI,freight,construction,0.15,negative,B,2021Q4,181.40466666666666,3,24.705316223648023,True,3.705797433547203,2021Q4,LATEST_REVISED_NOT_HISTORICAL_PIT,False
truck_freight,PCU484121484121,General freight trucking long-distance truckload PPI,freight,construction,0.15,negative,B,2022Q1,205.80966666666666,3,36.56912187569119,True,5.485368281353678,2022Q1,LATEST_REVISED_NOT_HISTORICAL_PIT,False
truck_freight,PCU484121484121,General freight trucking long-distance truckload PPI,freight,construction,0.15,negative,B,2022Q2,207.96866666666665,3,29.79113792386101,True,4.468670688579151,2022Q2,LATEST_REVISED_NOT_HISTORICAL_PIT,False
truck_freight,PCU484121484121,General freight trucking long-distance truckload PPI,freight,construction,0.15,negative,B,2022Q3,200.53733333333335,3,21.737476425975544,True,3.2606214638963316,2022Q3,LATEST_REVISED_NOT_HISTORICAL_PIT,False
truck_freight,PCU484121484121,General freight trucking long-distance truckload PPI,freight,construction,0.15,negative,B,2022Q4,198.09133333333332,3,9.198587320429086,True,1.3797880980643629,2022Q4,LATEST_REVISED_NOT_HISTORICAL_PIT,False
truck_freight,PCU484121484121,General freight trucking long-distance truckload PPI,freight,construction,0.15,negative,B,2023Q1,194.64066666666668,3,-5.4268587967199355,True,-0.8140288195079903,2023Q1,LATEST_REVISED_NOT_HISTORICAL_PIT,False
truck_freight,PCU484121484121,General freight trucking long-distance truckload PPI,freight,construction,0.15,negative,B,2023Q2,189.16433333333336,3,-9.041906953932145,True,-1.3562860430898216,2023Q2,LATEST_REVISED_NOT_HISTORICAL_PIT,False
truck_freight,PCU484121484121,General freight trucking long-distance truckload PPI,freight,construction,0.15,negative,B,2023Q3,177.98633333333336,3,-11.245287660485491,True,-1.6867931490728236,2023Q3,LATEST_REVISED_NOT_HISTORICAL_PIT,False
truck_freight,PCU484121484121,General freight trucking long-distance truckload PPI,freight,construction,0.15,negative,B,2023Q4,182.97333333333333,3,-7.631833127479915,True,-1.1447749691219873,2023Q4,LATEST_REVISED_NOT_HISTORICAL_PIT,False
truck_freight,PCU484121484121,General freight trucking long-distance truckload PPI,freight,construction,0.15,negative,B,2024Q1,176.689,3,-9.222978411500172,True,-1.3834467617250257,2024Q1,LATEST_REVISED_NOT_HISTORICAL_PIT,False
truck_freight,PCU484121484121,General freight trucking long-distance truckload PPI,freight,construction,0.15,negative,B,2024Q2,179.078,3,-5.332048148611534,True,-0.7998072222917301,2024Q2,LATEST_REVISED_NOT_HISTORICAL_PIT,False
truck_freight,PCU484121484121,General freight trucking long-distance truckload PPI,freight,construction,0.15,negative,B,2024Q3,179.65,3,0.9347159613378508,True,0.14020739420067763,2024Q3,LATEST_REVISED_NOT_HISTORICAL_PIT,False
truck_freight,PCU484121484121,General freight trucking long-distance truckload PPI,freight,construction,0.15,negative,B,2024Q4,165.99733333333333,3,-9.277854696494936,True,-1.3916782044742404,2024Q4,LATEST_REVISED_NOT_HISTORICAL_PIT,False
truck_freight,PCU484121484121,General freight trucking long-distance truckload PPI,freight,construction,0.15,negative,B,2025Q1,175.62166666666667,3,-0.6040745792513014,True,-0.0906111868876952,2025Q1,LATEST_REVISED_NOT_HISTORICAL_PIT,False
truck_freight,PCU484121484121,General freight trucking long-distance truckload PPI,freight,construction,0.15,negative,B,2025Q2,173.99633333333335,3,-2.837683393083823,True,-0.42565250896257345,2025Q2,LATEST_REVISED_NOT_HISTORICAL_PIT,False
truck_freight,PCU484121484121,General freight trucking long-distance truckload PPI,freight,construction,0.15,negative,B,2025Q3,183.09799999999998,3,1.9192875034789836,True,0.28789312552184754,2025Q3,LATEST_REVISED_NOT_HISTORICAL_PIT,False
truck_freight,PCU484121484121,General freight trucking long-distance truckload PPI,freight,construction,0.15,negative,B,2025Q4,185.02800000000002,3,11.464441195842511,True,1.7196661793763766,2025Q4,LATEST_REVISED_NOT_HISTORICAL_PIT,False
truck_freight,PCU484121484121,General freight trucking long-distance truckload PPI,freight,construction,0.15,negative,B,2026Q1,185.32600000000002,3,5.525703927951198,True,0.8288555891926797,2026Q1,LATEST_REVISED_NOT_HISTORICAL_PIT,False
truck_freight,PCU484121484121,General freight trucking long-distance truckload PPI,freight,construction,0.15,negative,B,2026Q2,200.99433333333332,3,15.516418928368193,True,2.327462839255229,2026Q2,LATEST_REVISED_NOT_HISTORICAL_PIT,False
truck_freight,PCU484121484121,General freight trucking long-distance truckload PPI,freight,construction,0.15,negative,B,2026Q3,195.575,1,6.814383554162262,False,1.0221575331243393,2026Q3,LATEST_REVISED_NOT_HISTORICAL_PIT,False
machinery_labor,CES3133310003,Agriculture construction and mining machinery average hourly earnings,labor,construction,0.2,negative,B,2020Q1,29.006666666666664,3,,True,,2020Q1,LATEST_REVISED_NOT_HISTORICAL_PIT,False
machinery_labor,CES3133310003,Agriculture construction and mining machinery average hourly earnings,labor,construction,0.2,negative,B,2020Q2,28.483333333333334,3,,True,,2020Q2,LATEST_REVISED_NOT_HISTORICAL_PIT,False
machinery_labor,CES3133310003,Agriculture construction and mining machinery average hourly earnings,labor,construction,0.2,negative,B,2020Q3,28.673333333333332,3,,True,,2020Q3,LATEST_REVISED_NOT_HISTORICAL_PIT,False
machinery_labor,CES3133310003,Agriculture construction and mining machinery average hourly earnings,labor,construction,0.2,negative,B,2020Q4,29.060000000000002,3,,True,,2020Q4,LATEST_REVISED_NOT_HISTORICAL_PIT,False
machinery_labor,CES3133310003,Agriculture construction and mining machinery average hourly earnings,labor,construction,0.2,negative,B,2021Q1,29.439999999999998,3,1.4939094461043467,True,0.29878188922086935,2021Q1,LATEST_REVISED_NOT_HISTORICAL_PIT,False
machinery_labor,CES3133310003,Agriculture construction and mining machinery average hourly earnings,labor,construction,0.2,negative,B,2021Q2,29.320000000000004,3,2.9373902867173785,True,0.5874780573434757,2021Q2,LATEST_REVISED_NOT_HISTORICAL_PIT,False
machinery_labor,CES3133310003,Agriculture construction and mining machinery average hourly earnings,labor,construction,0.2,negative,B,2021Q3,29.169999999999998,3,1.7321553127179756,True,0.3464310625435951,2021Q3,LATEST_REVISED_NOT_HISTORICAL_PIT,False
machinery_labor,CES3133310003,Agriculture construction and mining machinery average hourly earnings,labor,construction,0.2,negative,B,2021Q4,29.883333333333336,3,2.833218628125711,True,0.5666437256251422,2021Q4,LATEST_REVISED_NOT_HISTORICAL_PIT,False
machinery_labor,CES3133310003,Agriculture construction and mining machinery average hourly earnings,labor,construction,0.2,negative,B,2022Q1,30.686666666666667,3,4.234601449275366,True,0.8469202898550732,2022Q1,LATEST_REVISED_NOT_HISTORICAL_PIT,False
machinery_labor,CES3133310003,Agriculture construction and mining machinery average hourly earnings,labor,construction,0.2,negative,B,2022Q2,32.330000000000005,3,10.266030013642569,True,2.0532060027285137,2022Q2,LATEST_REVISED_NOT_HISTORICAL_PIT,False
machinery_labor,CES3133310003,Agriculture construction and mining machinery average hourly earnings,labor,construction,0.2,negative,B,2022Q3,32.26,3,10.593075077134051,True,2.11861501542681,2022Q3,LATEST_REVISED_NOT_HISTORICAL_PIT,False
machinery_labor,CES3133310003,Agriculture construction and mining machinery average hourly earnings,labor,construction,0.2,negative,B,2022Q4,31.929999999999996,3,6.848856664807568,True,1.3697713329615135,2022Q4,LATEST_REVISED_NOT_HISTORICAL_PIT,False
machinery_labor,CES3133310003,Agriculture construction and mining machinery average hourly earnings,labor,construction,0.2,negative,B,2023Q1,31.986666666666665,3,4.236367586356704,True,0.8472735172713408,2023Q1,LATEST_REVISED_NOT_HISTORICAL_PIT,False
machinery_labor,CES3133310003,Agriculture construction and mining machinery average hourly earnings,labor,construction,0.2,negative,B,2023Q2,32.410000000000004,3,0.24744819053510447,True,0.049489638107020895,2023Q2,LATEST_REVISED_NOT_HISTORICAL_PIT,False
machinery_labor,CES3133310003,Agriculture construction and mining machinery average hourly earnings,labor,construction,0.2,negative,B,2023Q3,33.11666666666667,3,2.6555073362265036,True,0.5311014672453007,2023Q3,LATEST_REVISED_NOT_HISTORICAL_PIT,False
machinery_labor,CES3133310003,Agriculture construction and mining machinery average hourly earnings,labor,construction,0.2,negative,B,2023Q4,34.163333333333334,3,6.994467063367793,True,1.3988934126735586,2023Q4,LATEST_REVISED_NOT_HISTORICAL_PIT,False
machinery_labor,CES3133310003,Agriculture construction and mining machinery average hourly earnings,labor,construction,0.2,negative,B,2024Q1,34.63666666666666,3,8.284701959149633,True,1.6569403918299266,2024Q1,LATEST_REVISED_NOT_HISTORICAL_PIT,False
machinery_labor,CES3133310003,Agriculture construction and mining machinery average hourly earnings,labor,construction,0.2,negative,B,2024Q2,35.48,3,9.47238506633752,True,1.894477013267504,2024Q2,LATEST_REVISED_NOT_HISTORICAL_PIT,False
machinery_labor,CES3133310003,Agriculture construction and mining machinery average hourly earnings,labor,construction,0.2,negative,B,2024Q3,35.25666666666667,3,6.462003019627582,True,1.2924006039255165,2024Q3,LATEST_REVISED_NOT_HISTORICAL_PIT,False
machinery_labor,CES3133310003,Agriculture construction and mining machinery average hourly earnings,labor,construction,0.2,negative,B,2024Q4,35.45,3,3.7662210947409624,True,0.7532442189481925,2024Q4,LATEST_REVISED_NOT_HISTORICAL_PIT,False
machinery_labor,CES3133310003,Agriculture construction and mining machinery average hourly earnings,labor,construction,0.2,negative,B,2025Q1,34.626666666666665,3,-0.02887113848522027,True,-0.005774227697044054,2025Q1,LATEST_REVISED_NOT_HISTORICAL_PIT,False
machinery_labor,CES3133310003,Agriculture construction and mining machinery average hourly earnings,labor,construction,0.2,negative,B,2025Q2,34.550000000000004,3,-2.6211950394588346,True,-0.5242390078917669,2025Q2,LATEST_REVISED_NOT_HISTORICAL_PIT,False
machinery_labor,CES3133310003,Agriculture construction and mining machinery average hourly earnings,labor,construction,0.2,negative,B,2025Q3,34.46,3,-2.2596199300368713,True,-0.45192398600737427,2025Q3,LATEST_REVISED_NOT_HISTORICAL_PIT,False
machinery_labor,CES3133310003,Agriculture construction and mining machinery average hourly earnings,labor,construction,0.2,negative,B,2025Q4,33.75333333333333,3,-4.786083685942655,True,-0.9572167371885311,2025Q4,LATEST_REVISED_NOT_HISTORICAL_PIT,False
machinery_labor,CES3133310003,Agriculture construction and mining machinery average hourly earnings,labor,construction,0.2,negative,B,2026Q1,33.806666666666665,3,-2.3681170581440147,True,-0.47362341162880295,2026Q1,LATEST_REVISED_NOT_HISTORICAL_PIT,False
machinery_labor,CES3133310003,Agriculture construction and mining machinery average hourly earnings,labor,construction,0.2,negative,B,2026Q2,34.48,3,-0.20260492040523603,True,-0.04052098408104721,2026Q2,LATEST_REVISED_NOT_HISTORICAL_PIT,False
general_components,WPU114,General purpose machinery and equipment PPI,component,construction,0.15,negative,B,2020Q1,249.9,3,,True,,2020Q1,LATEST_REVISED_NOT_HISTORICAL_PIT,False
general_components,WPU114,General purpose machinery and equipment PPI,component,construction,0.15,negative,B,2020Q2,250.83333333333334,3,,True,,2020Q2,LATEST_REVISED_NOT_HISTORICAL_PIT,False
general_components,WPU114,General purpose machinery and equipment PPI,component,construction,0.15,negative,B,2020Q3,251.20000000000002,3,,True,,2020Q3,LATEST_REVISED_NOT_HISTORICAL_PIT,False
general_components,WPU114,General purpose machinery and equipment PPI,component,construction,0.15,negative,B,2020Q4,252.20000000000002,3,,True,,2020Q4,LATEST_REVISED_NOT_HISTORICAL_PIT,False
general_components,WPU114,General purpose machinery and equipment PPI,component,construction,0.15,negative,B,2021Q1,255.93333333333337,3,2.414299052954516,True,0.3621448579431774,2021Q1,LATEST_REVISED_NOT_HISTORICAL_PIT,False
general_components,WPU114,General purpose machinery and equipment PPI,component,construction,0.15,negative,B,2021Q2,260.5,3,3.85382059800663,True,0.5780730897009945,2021Q2,LATEST_REVISED_NOT_HISTORICAL_PIT,False
general_components,WPU114,General purpose machinery and equipment PPI,component,construction,0.15,negative,B,2021Q3,268.7726666666667,3,6.9954883227176134,True,1.049323248407642,2021Q3,LATEST_REVISED_NOT_HISTORICAL_PIT,False
general_components,WPU114,General purpose machinery and equipment PPI,component,construction,0.15,negative,B,2021Q4,276.75433333333336,3,9.736056040179752,True,1.4604084060269629,2021Q4,LATEST_REVISED_NOT_HISTORICAL_PIT,False
general_components,WPU114,General purpose machinery and equipment PPI,component,construction,0.15,negative,B,2022Q1,289.98266666666666,3,13.303985412867924,True,1.9955978119301885,2022Q1,LATEST_REVISED_NOT_HISTORICAL_PIT,False
general_components,WPU114,General purpose machinery and equipment PPI,component,construction,0.15,negative,B,2022Q2,302.348,3,16.06449136276391,True,2.4096737044145864,2022Q2,LATEST_REVISED_NOT_HISTORICAL_PIT,False
general_components,WPU114,General purpose machinery and equipment PPI,component,construction,0.15,negative,B,2022Q3,310.75666666666666,3,15.620636026976943,True,2.3430954040465415,2022Q3,LATEST_REVISED_NOT_HISTORICAL_PIT,False
general_components,WPU114,General purpose machinery and equipment PPI,component,construction,0.15,negative,B,2022Q4,314.833,3,13.759013710113543,True,2.0638520565170313,2022Q4,LATEST_REVISED_NOT_HISTORICAL_PIT,False
general_components,WPU114,General purpose machinery and equipment PPI,component,construction,0.15,negative,B,2023Q1,321.479,3,10.861453788042507,True,1.629218068206376,2023Q1,LATEST_REVISED_NOT_HISTORICAL_PIT,False
general_components,WPU114,General purpose machinery and equipment PPI,component,construction,0.15,negative,B,2023Q2,327.71333333333337,3,8.389449684910556,True,1.2584174527365832,2023Q2,LATEST_REVISED_NOT_HISTORICAL_PIT,False
general_components,WPU114,General purpose machinery and equipment PPI,component,construction,0.15,negative,B,2023Q3,330.557,3,6.371651989230598,True,0.9557477983845897,2023Q3,LATEST_REVISED_NOT_HISTORICAL_PIT,False
general_components,WPU114,General purpose machinery and equipment PPI,component,construction,0.15,negative,B,2023Q4,332.281,3,5.541985751176015,True,0.8312978626764023,2023Q4,LATEST_REVISED_NOT_HISTORICAL_PIT,False
general_components,WPU114,General purpose machinery and equipment PPI,component,construction,0.15,negative,B,2024Q1,335.60266666666666,3,4.393340363341514,True,0.659001054501227,2024Q1,LATEST_REVISED_NOT_HISTORICAL_PIT,False
general_components,WPU114,General purpose machinery and equipment PPI,component,construction,0.15,negative,B,2024Q2,339.89166666666665,3,3.716154362552615,True,0.5574231543828922,2024Q2,LATEST_REVISED_NOT_HISTORICAL_PIT,False
general_components,WPU114,General purpose machinery and equipment PPI,component,construction,0.15,negative,B,2024Q3,341.8713333333333,3,3.422808572601177,True,0.5134212858901765,2024Q3,LATEST_REVISED_NOT_HISTORICAL_PIT,False
general_components,WPU114,General purpose machinery and equipment PPI,component,construction,0.15,negative,B,2024Q4,342.7683333333334,3,3.1561640097788723,True,0.47342460146683085,2024Q4,LATEST_REVISED_NOT_HISTORICAL_PIT,False
general_components,WPU114,General purpose machinery and equipment PPI,component,construction,0.15,negative,B,2025Q1,347.63966666666664,3,3.5866818698301994,True,0.5380022804745299,2025Q1,LATEST_REVISED_NOT_HISTORICAL_PIT,False
general_components,WPU114,General purpose machinery and equipment PPI,component,construction,0.15,negative,B,2025Q2,354.81766666666664,3,4.39139922033982,True,0.658709883050973,2025Q2,LATEST_REVISED_NOT_HISTORICAL_PIT,False
general_components,WPU114,General purpose machinery and equipment PPI,component,construction,0.15,negative,B,2025Q3,362.055,3,5.903878067187085,True,0.8855817100780627,2025Q3,LATEST_REVISED_NOT_HISTORICAL_PIT,False
general_components,WPU114,General purpose machinery and equipment PPI,component,construction,0.15,negative,B,2025Q4,368.9676666666667,3,7.643452088631286,True,1.146517813294693,2025Q4,LATEST_REVISED_NOT_HISTORICAL_PIT,False
general_components,WPU114,General purpose machinery and equipment PPI,component,construction,0.15,negative,B,2026Q1,373.86899999999997,3,7.544977126699193,True,1.131746569004879,2026Q1,LATEST_REVISED_NOT_HISTORICAL_PIT,False
general_components,WPU114,General purpose machinery and equipment PPI,component,construction,0.15,negative,B,2026Q2,377.06600000000003,3,6.270356699638224,True,0.9405535049457336,2026Q2,LATEST_REVISED_NOT_HISTORICAL_PIT,False
general_components,WPU114,General purpose machinery and equipment PPI,component,construction,0.15,negative,B,2026Q3,379.724,1,4.880197760008831,False,0.7320296640013246,2026Q3,LATEST_REVISED_NOT_HISTORICAL_PIT,False
steel_input,WPU101,Iron and steel PPI,material,resource,0.25,negative,A,2020Q1,210.6,3,,True,,2020Q1,LATEST_REVISED_NOT_HISTORICAL_PIT,False
steel_input,WPU101,Iron and steel PPI,material,resource,0.25,negative,A,2020Q2,203.9,3,,True,,2020Q2,LATEST_REVISED_NOT_HISTORICAL_PIT,False
steel_input,WPU101,Iron and steel PPI,material,resource,0.25,negative,A,2020Q3,202.16666666666666,3,,True,,2020Q3,LATEST_REVISED_NOT_HISTORICAL_PIT,False
steel_input,WPU101,Iron and steel PPI,material,resource,0.25,negative,A,2020Q4,216.4,3,,True,,2020Q4,LATEST_REVISED_NOT_HISTORICAL_PIT,False
steel_input,WPU101,Iron and steel PPI,material,resource,0.25,negative,A,2021Q1,267.8333333333333,3,27.176321620766064,True,6.794080405191516,2021Q1,LATEST_REVISED_NOT_HISTORICAL_PIT,False
steel_input,WPU101,Iron and steel PPI,material,resource,0.25,negative,A,2021Q2,336.26666666666665,3,64.91744319110676,True,16.22936079777669,2021Q2,LATEST_REVISED_NOT_HISTORICAL_PIT,False
steel_input,WPU101,Iron and steel PPI,material,resource,0.25,negative,A,2021Q3,394.57200000000006,3,95.17164056059362,True,23.792910140148404,2021Q3,LATEST_REVISED_NOT_HISTORICAL_PIT,False
steel_input,WPU101,Iron and steel PPI,material,resource,0.25,negative,A,2021Q4,428.20966666666664,3,97.87877387553911,True,24.469693468884778,2021Q4,LATEST_REVISED_NOT_HISTORICAL_PIT,False
steel_input,WPU101,Iron and steel PPI,material,resource,0.25,negative,A,2022Q1,405.24399999999997,3,51.304542626011205,True,12.826135656502801,2022Q1,LATEST_REVISED_NOT_HISTORICAL_PIT,False
steel_input,WPU101,Iron and steel PPI,material,resource,0.25,negative,A,2022Q2,414.23466666666667,3,23.186360031720852,True,5.796590007930213,2022Q2,LATEST_REVISED_NOT_HISTORICAL_PIT,False
steel_input,WPU101,Iron and steel PPI,material,resource,0.25,negative,A,2022Q3,373.4123333333334,3,-5.3626883475428215,True,-1.3406720868857054,2022Q3,LATEST_REVISED_NOT_HISTORICAL_PIT,False
steel_input,WPU101,Iron and steel PPI,material,resource,0.25,negative,A,2022Q4,329.13933333333335,3,-23.135940415481816,True,-5.783985103870454,2022Q4,LATEST_REVISED_NOT_HISTORICAL_PIT,False
steel_input,WPU101,Iron and steel PPI,material,resource,0.25,negative,A,2023Q1,332.301,3,-17.99977297628096,True,-4.49994324407024,2023Q1,LATEST_REVISED_NOT_HISTORICAL_PIT,False
steel_input,WPU101,Iron and steel PPI,material,resource,0.25,negative,A,2023Q2,350.882,3,-15.29390747917444,True,-3.82347686979361,2023Q2,LATEST_REVISED_NOT_HISTORICAL_PIT,False
steel_input,WPU101,Iron and steel PPI,material,resource,0.25,negative,A,2023Q3,330.07033333333334,3,-11.607008159880461,True,-2.9017520399701153,2023Q3,LATEST_REVISED_NOT_HISTORICAL_PIT,False
steel_input,WPU101,Iron and steel PPI,material,resource,0.25,negative,A,2023Q4,318.9823333333333,3,-3.085927135215294,True,-0.7714817838038235,2023Q4,LATEST_REVISED_NOT_HISTORICAL_PIT,False
steel_input,WPU101,Iron and steel PPI,material,resource,0.25,negative,A,2024Q1,334.74600000000004,3,0.7357787066545329,True,0.18394467666363323,2024Q1,LATEST_REVISED_NOT_HISTORICAL_PIT,False
steel_input,WPU101,Iron and steel PPI,material,resource,0.25,negative,A,2024Q2,312.3023333333333,3,-10.995054367755175,True,-2.748763591938794,2024Q2,LATEST_REVISED_NOT_HISTORICAL_PIT,False
steel_input,WPU101,Iron and steel PPI,material,resource,0.25,negative,A,2024Q3,296.08733333333333,3,-10.295684455131282,True,-2.5739211137828204,2024Q3,LATEST_REVISED_NOT_HISTORICAL_PIT,False
steel_input,WPU101,Iron and steel PPI,material,resource,0.25,negative,A,2024Q4,293.4446666666667,3,-8.005981522487648,True,-2.001495380621912,2024Q4,LATEST_REVISED_NOT_HISTORICAL_PIT,False
steel_input,WPU101,Iron and steel PPI,material,resource,0.25,negative,A,2025Q1,298.73266666666666,3,-10.758405875897958,True,-2.6896014689744896,2025Q1,LATEST_REVISED_NOT_HISTORICAL_PIT,False
steel_input,WPU101,Iron and steel PPI,material,resource,0.25,negative,A,2025Q2,325.00066666666663,3,4.066038571597819,True,1.0165096428994547,2025Q2,LATEST_REVISED_NOT_HISTORICAL_PIT,False
steel_input,WPU101,Iron and steel PPI,material,resource,0.25,negative,A,2025Q3,318.78133333333335,3,7.664630480646473,True,1.9161576201616182,2025Q3,LATEST_REVISED_NOT_HISTORICAL_PIT,False
steel_input,WPU101,Iron and steel PPI,material,resource,0.25,negative,A,2025Q4,315.24466666666666,3,7.42899853919079,True,1.8572496347976974,2025Q4,LATEST_REVISED_NOT_HISTORICAL_PIT,False
steel_input,WPU101,Iron and steel PPI,material,resource,0.25,negative,A,2026Q1,339.00066666666663,3,13.479610532493936,True,3.369902633123484,2026Q1,LATEST_REVISED_NOT_HISTORICAL_PIT,False
steel_input,WPU101,Iron and steel PPI,material,resource,0.25,negative,A,2026Q2,358.6203333333333,3,10.344491601042872,True,2.586122900260718,2026Q2,LATEST_REVISED_NOT_HISTORICAL_PIT,False
steel_input,WPU101,Iron and steel PPI,material,resource,0.25,negative,A,2026Q3,374.1,1,17.353169989041596,False,4.338292497260399,2026Q3,LATEST_REVISED_NOT_HISTORICAL_PIT,False
fabricated_metal_input,WPU107,Fabricated structural metal products PPI,material,resource,0.15,negative,B,2020Q1,238.20000000000002,3,,True,,2020Q1,LATEST_REVISED_NOT_HISTORICAL_PIT,False
fabricated_metal_input,WPU107,Fabricated structural metal products PPI,material,resource,0.15,negative,B,2020Q2,238.33333333333334,3,,True,,2020Q2,LATEST_REVISED_NOT_HISTORICAL_PIT,False
fabricated_metal_input,WPU107,Fabricated structural metal products PPI,material,resource,0.15,negative,B,2020Q3,238.4333333333333,3,,True,,2020Q3,LATEST_REVISED_NOT_HISTORICAL_PIT,False
fabricated_metal_input,WPU107,Fabricated structural metal products PPI,material,resource,0.15,negative,B,2020Q4,239.66666666666666,3,,True,,2020Q4,LATEST_REVISED_NOT_HISTORICAL_PIT,False
fabricated_metal_input,WPU107,Fabricated structural metal products PPI,material,resource,0.15,negative,B,2021Q1,253.9,3,6.591099916036947,True,0.988664987405542,2021Q1,LATEST_REVISED_NOT_HISTORICAL_PIT,False
fabricated_metal_input,WPU107,Fabricated structural metal products PPI,material,resource,0.15,negative,B,2021Q2,284.2,3,19.24475524475524,True,2.886713286713286,2021Q2,LATEST_REVISED_NOT_HISTORICAL_PIT,False
fabricated_metal_input,WPU107,Fabricated structural metal products PPI,material,resource,0.15,negative,B,2021Q3,317.0536666666667,3,32.97371732140364,True,4.946057598210546,2021Q3,LATEST_REVISED_NOT_HISTORICAL_PIT,False
fabricated_metal_input,WPU107,Fabricated structural metal products PPI,material,resource,0.15,negative,B,2021Q4,339.5613333333333,3,41.680667593880386,True,6.252100139082057,2021Q4,LATEST_REVISED_NOT_HISTORICAL_PIT,False
fabricated_metal_input,WPU107,Fabricated structural metal products PPI,material,resource,0.15,negative,B,2022Q1,355.4056666666667,3,39.978600498884084,True,5.996790074832613,2022Q1,LATEST_REVISED_NOT_HISTORICAL_PIT,False
fabricated_metal_input,WPU107,Fabricated structural metal products PPI,material,resource,0.15,negative,B,2022Q2,371.57300000000004,3,30.743490499648154,True,4.611523574947223,2022Q2,LATEST_REVISED_NOT_HISTORICAL_PIT,False
fabricated_metal_input,WPU107,Fabricated structural metal products PPI,material,resource,0.15,negative,B,2022Q3,371.4893333333334,3,17.169227922507346,True,2.575384188376102,2022Q3,LATEST_REVISED_NOT_HISTORICAL_PIT,False
fabricated_metal_input,WPU107,Fabricated structural metal products PPI,material,resource,0.15,negative,B,2022Q4,363.72700000000003,3,7.116730998032761,True,1.0675096497049141,2022Q4,LATEST_REVISED_NOT_HISTORICAL_PIT,False
fabricated_metal_input,WPU107,Fabricated structural metal products PPI,material,resource,0.15,negative,B,2023Q1,363.09666666666664,3,2.164006013785169,True,0.32460090206777537,2023Q1,LATEST_REVISED_NOT_HISTORICAL_PIT,False
fabricated_metal_input,WPU107,Fabricated structural metal products PPI,material,resource,0.15,negative,B,2023Q2,365.58666666666664,3,-1.6110786664621513,True,-0.2416617999693227,2023Q2,LATEST_REVISED_NOT_HISTORICAL_PIT,False
fabricated_metal_input,WPU107,Fabricated structural metal products PPI,material,resource,0.15,negative,B,2023Q3,365.17233333333337,3,-1.7004525926271552,True,-0.2550678888940733,2023Q3,LATEST_REVISED_NOT_HISTORICAL_PIT,False
fabricated_metal_input,WPU107,Fabricated structural metal products PPI,material,resource,0.15,negative,B,2023Q4,366.0643333333333,3,0.6426064969972778,True,0.09639097454959167,2023Q4,LATEST_REVISED_NOT_HISTORICAL_PIT,False
fabricated_metal_input,WPU107,Fabricated structural metal products PPI,material,resource,0.15,negative,B,2024Q1,367.604,3,1.2413590503906224,True,0.18620385755859337,2024Q1,LATEST_REVISED_NOT_HISTORICAL_PIT,False
fabricated_metal_input,WPU107,Fabricated structural metal products PPI,material,resource,0.15,negative,B,2024Q2,361.9373333333333,3,-0.9982129180495347,True,-0.1497319377074302,2024Q2,LATEST_REVISED_NOT_HISTORICAL_PIT,False
fabricated_metal_input,WPU107,Fabricated structural metal products PPI,material,resource,0.15,negative,B,2024Q3,363.7683333333334,3,-0.3844760053928864,True,-0.05767140080893296,2024Q3,LATEST_REVISED_NOT_HISTORICAL_PIT,False
fabricated_metal_input,WPU107,Fabricated structural metal products PPI,material,resource,0.15,negative,B,2024Q4,364.8096666666667,3,-0.3427448545018752,True,-0.05141172817528128,2024Q4,LATEST_REVISED_NOT_HISTORICAL_PIT,False
fabricated_metal_input,WPU107,Fabricated structural metal products PPI,material,resource,0.15,negative,B,2025Q1,370.08366666666666,3,0.6745483364344995,True,0.10118225046517493,2025Q1,LATEST_REVISED_NOT_HISTORICAL_PIT,False
fabricated_metal_input,WPU107,Fabricated structural metal products PPI,material,resource,0.15,negative,B,2025Q2,381.80833333333334,3,5.490176936707281,True,0.8235265405060921,2025Q2,LATEST_REVISED_NOT_HISTORICAL_PIT,False
fabricated_metal_input,WPU107,Fabricated structural metal products PPI,material,resource,0.15,negative,B,2025Q3,387.6143333333334,3,6.555270982905781,True,0.9832906474358671,2025Q3,LATEST_REVISED_NOT_HISTORICAL_PIT,False
fabricated_metal_input,WPU107,Fabricated structural metal products PPI,material,resource,0.15,negative,B,2025Q4,394.59066666666666,3,8.163434996696894,True,1.2245152495045342,2025Q4,LATEST_REVISED_NOT_HISTORICAL_PIT,False
fabricated_metal_input,WPU107,Fabricated structural metal products PPI,material,resource,0.15,negative,B,2026Q1,400.90200000000004,3,8.327396237427397,True,1.2491094356141095,2026Q1,LATEST_REVISED_NOT_HISTORICAL_PIT,False
fabricated_metal_input,WPU107,Fabricated structural metal products PPI,material,resource,0.15,negative,B,2026Q2,405.9023333333334,3,6.310496104066199,True,0.9465744156099298,2026Q2,LATEST_REVISED_NOT_HISTORICAL_PIT,False
fabricated_metal_input,WPU107,Fabricated structural metal products PPI,material,resource,0.15,negative,B,2026Q3,408.901,1,5.491712982750019,False,0.8237569474125028,2026Q3,LATEST_REVISED_NOT_HISTORICAL_PIT,False
rail_freight,PCU482111482111,Line-haul railroads PPI,freight,resource,0.15,negative,B,2020Q1,223.0,3,,True,,2020Q1,LATEST_REVISED_NOT_HISTORICAL_PIT,False
rail_freight,PCU482111482111,Line-haul railroads PPI,freight,resource,0.15,negative,B,2020Q2,220.0666666666667,3,,True,,2020Q2,LATEST_REVISED_NOT_HISTORICAL_PIT,False
rail_freight,PCU482111482111,Line-haul railroads PPI,freight,resource,0.15,negative,B,2020Q3,219.23333333333335,3,,True,,2020Q3,LATEST_REVISED_NOT_HISTORICAL_PIT,False
rail_freight,PCU482111482111,Line-haul railroads PPI,freight,resource,0.15,negative,B,2020Q4,220.63333333333333,3,,True,,2020Q4,LATEST_REVISED_NOT_HISTORICAL_PIT,False
rail_freight,PCU482111482111,Line-haul railroads PPI,freight,resource,0.15,negative,B,2021Q1,224.79999999999998,3,0.8071748878923701,True,0.12107623318385552,2021Q1,LATEST_REVISED_NOT_HISTORICAL_PIT,False
rail_freight,PCU482111482111,Line-haul railroads PPI,freight,resource,0.15,negative,B,2021Q2,229.9,3,4.4683429263859376,True,0.6702514389578906,2021Q2,LATEST_REVISED_NOT_HISTORICAL_PIT,False
rail_freight,PCU482111482111,Line-haul railroads PPI,freight,resource,0.15,negative,B,2021Q3,233.4946666666667,3,6.505093507678272,True,0.9757640261517408,2021Q3,LATEST_REVISED_NOT_HISTORICAL_PIT,False
rail_freight,PCU482111482111,Line-haul railroads PPI,freight,resource,0.15,negative,B,2021Q4,237.68733333333333,3,7.729566399758281,True,1.1594349599637421,2021Q4,LATEST_REVISED_NOT_HISTORICAL_PIT,False
rail_freight,PCU482111482111,Line-haul railroads PPI,freight,resource,0.15,negative,B,2022Q1,242.08633333333333,3,7.689650059311992,True,1.1534475088967988,2022Q1,LATEST_REVISED_NOT_HISTORICAL_PIT,False
rail_freight,PCU482111482111,Line-haul railroads PPI,freight,resource,0.15,negative,B,2022Q2,253.47799999999998,3,10.255763375380589,True,1.5383645063070883,2022Q2,LATEST_REVISED_NOT_HISTORICAL_PIT,False
rail_freight,PCU482111482111,Line-haul railroads PPI,freight,resource,0.15,negative,B,2022Q3,258.4703333333334,3,10.696461303898452,True,1.6044691955847679,2022Q3,LATEST_REVISED_NOT_HISTORICAL_PIT,False
rail_freight,PCU482111482111,Line-haul railroads PPI,freight,resource,0.15,negative,B,2022Q4,258.2463333333333,3,8.649598492136734,True,1.2974397738205101,2022Q4,LATEST_REVISED_NOT_HISTORICAL_PIT,False
rail_freight,PCU482111482111,Line-haul railroads PPI,freight,resource,0.15,negative,B,2023Q1,259.813,3,7.322456589178228,True,1.0983684883767342,2023Q1,LATEST_REVISED_NOT_HISTORICAL_PIT,False
rail_freight,PCU482111482111,Line-haul railroads PPI,freight,resource,0.15,negative,B,2023Q2,256.35066666666665,3,1.1333001943626853,True,0.1699950291544028,2023Q2,LATEST_REVISED_NOT_HISTORICAL_PIT,False
rail_freight,PCU482111482111,Line-haul railroads PPI,freight,resource,0.15,negative,B,2023Q3,256.1166666666667,3,-0.9106138551039478,True,-0.13659207826559217,2023Q3,LATEST_REVISED_NOT_HISTORICAL_PIT,False
rail_freight,PCU482111482111,Line-haul railroads PPI,freight,resource,0.15,negative,B,2023Q4,261.29133333333334,3,1.1791067701509839,True,0.17686601552264758,2023Q4,LATEST_REVISED_NOT_HISTORICAL_PIT,False
rail_freight,PCU482111482111,Line-haul railroads PPI,freight,resource,0.15,negative,B,2024Q1,261.803,3,0.7659354997632928,True,0.11489032496449392,2024Q1,LATEST_REVISED_NOT_HISTORICAL_PIT,False
rail_freight,PCU482111482111,Line-haul railroads PPI,freight,resource,0.15,negative,B,2024Q2,262.9783333333333,3,2.585390844832336,True,0.3878086267248504,2024Q2,LATEST_REVISED_NOT_HISTORICAL_PIT,False
rail_freight,PCU482111482111,Line-haul railroads PPI,freight,resource,0.15,negative,B,2024Q3,264.667,3,3.3384525281447086,True,0.5007678792217063,2024Q3,LATEST_REVISED_NOT_HISTORICAL_PIT,False
rail_freight,PCU482111482111,Line-haul railroads PPI,freight,resource,0.15,negative,B,2024Q4,264.61633333333333,3,1.2725259416692003,True,0.19087889125038005,2024Q4,LATEST_REVISED_NOT_HISTORICAL_PIT,False
rail_freight,PCU482111482111,Line-haul railroads PPI,freight,resource,0.15,negative,B,2025Q1,268.18,3,2.435800964847612,True,0.3653701447271418,2025Q1,LATEST_REVISED_NOT_HISTORICAL_PIT,False
rail_freight,PCU482111482111,Line-haul railroads PPI,freight,resource,0.15,negative,B,2025Q2,268.1223333333333,3,1.9560546813108814,True,0.2934082021966322,2025Q2,LATEST_REVISED_NOT_HISTORICAL_PIT,False
rail_freight,PCU482111482111,Line-haul railroads PPI,freight,resource,0.15,negative,B,2025Q3,268.63033333333334,3,1.4974792223183764,True,0.22462188334775646,2025Q3,LATEST_REVISED_NOT_HISTORICAL_PIT,False
rail_freight,PCU482111482111,Line-haul railroads PPI,freight,resource,0.15,negative,B,2025Q4,268.9173333333333,3,1.6253720795768478,True,0.24380581193652717,2025Q4,LATEST_REVISED_NOT_HISTORICAL_PIT,False
rail_freight,PCU482111482111,Line-haul railroads PPI,freight,resource,0.15,negative,B,2026Q1,268.586,3,0.15139085688715692,True,0.022708628533073538,2026Q1,LATEST_REVISED_NOT_HISTORICAL_PIT,False
rail_freight,PCU482111482111,Line-haul railroads PPI,freight,resource,0.15,negative,B,2026Q2,271.13866666666667,3,1.1249839936248174,True,0.1687475990437226,2026Q2,LATEST_REVISED_NOT_HISTORICAL_PIT,False
rail_freight,PCU482111482111,Line-haul railroads PPI,freight,resource,0.15,negative,B,2026Q3,271.789,1,1.1758413979061633,False,0.1763762096859245,2026Q3,LATEST_REVISED_NOT_HISTORICAL_PIT,False
truck_freight,PCU484121484121,General freight trucking long-distance truckload PPI,freight,resource,0.1,negative,B,2020Q1,135.5666666666667,3,,True,,2020Q1,LATEST_REVISED_NOT_HISTORICAL_PIT,False
truck_freight,PCU484121484121,General freight trucking long-distance truckload PPI,freight,resource,0.1,negative,B,2020Q2,130.66666666666666,3,,True,,2020Q2,LATEST_REVISED_NOT_HISTORICAL_PIT,False
truck_freight,PCU484121484121,General freight trucking long-distance truckload PPI,freight,resource,0.1,negative,B,2020Q3,136.20000000000002,3,,True,,2020Q3,LATEST_REVISED_NOT_HISTORICAL_PIT,False
truck_freight,PCU484121484121,General freight trucking long-distance truckload PPI,freight,resource,0.1,negative,B,2020Q4,145.46666666666667,3,,True,,2020Q4,LATEST_REVISED_NOT_HISTORICAL_PIT,False
truck_freight,PCU484121484121,General freight trucking long-distance truckload PPI,freight,resource,0.1,negative,B,2021Q1,150.70000000000002,3,11.16301942463731,True,1.116301942463731,2021Q1,LATEST_REVISED_NOT_HISTORICAL_PIT,False
truck_freight,PCU484121484121,General freight trucking long-distance truckload PPI,freight,resource,0.1,negative,B,2021Q2,160.23333333333335,3,22.627551020408188,True,2.2627551020408188,2021Q2,LATEST_REVISED_NOT_HISTORICAL_PIT,False
truck_freight,PCU484121484121,General freight trucking long-distance truckload PPI,freight,resource,0.1,negative,B,2021Q3,164.72933333333333,3,20.946647087616242,True,2.0946647087616244,2021Q3,LATEST_REVISED_NOT_HISTORICAL_PIT,False
truck_freight,PCU484121484121,General freight trucking long-distance truckload PPI,freight,resource,0.1,negative,B,2021Q4,181.40466666666666,3,24.705316223648023,True,2.4705316223648026,2021Q4,LATEST_REVISED_NOT_HISTORICAL_PIT,False
truck_freight,PCU484121484121,General freight trucking long-distance truckload PPI,freight,resource,0.1,negative,B,2022Q1,205.80966666666666,3,36.56912187569119,True,3.656912187569119,2022Q1,LATEST_REVISED_NOT_HISTORICAL_PIT,False
truck_freight,PCU484121484121,General freight trucking long-distance truckload PPI,freight,resource,0.1,negative,B,2022Q2,207.96866666666665,3,29.79113792386101,True,2.9791137923861015,2022Q2,LATEST_REVISED_NOT_HISTORICAL_PIT,False
truck_freight,PCU484121484121,General freight trucking long-distance truckload PPI,freight,resource,0.1,negative,B,2022Q3,200.53733333333335,3,21.737476425975544,True,2.1737476425975544,2022Q3,LATEST_REVISED_NOT_HISTORICAL_PIT,False
truck_freight,PCU484121484121,General freight trucking long-distance truckload PPI,freight,resource,0.1,negative,B,2022Q4,198.09133333333332,3,9.198587320429086,True,0.9198587320429086,2022Q4,LATEST_REVISED_NOT_HISTORICAL_PIT,False
truck_freight,PCU484121484121,General freight trucking long-distance truckload PPI,freight,resource,0.1,negative,B,2023Q1,194.64066666666668,3,-5.4268587967199355,True,-0.5426858796719936,2023Q1,LATEST_REVISED_NOT_HISTORICAL_PIT,False
truck_freight,PCU484121484121,General freight trucking long-distance truckload PPI,freight,resource,0.1,negative,B,2023Q2,189.16433333333336,3,-9.041906953932145,True,-0.9041906953932145,2023Q2,LATEST_REVISED_NOT_HISTORICAL_PIT,False
truck_freight,PCU484121484121,General freight trucking long-distance truckload PPI,freight,resource,0.1,negative,B,2023Q3,177.98633333333336,3,-11.245287660485491,True,-1.1245287660485492,2023Q3,LATEST_REVISED_NOT_HISTORICAL_PIT,False
truck_freight,PCU484121484121,General freight trucking long-distance truckload PPI,freight,resource,0.1,negative,B,2023Q4,182.97333333333333,3,-7.631833127479915,True,-0.7631833127479916,2023Q4,LATEST_REVISED_NOT_HISTORICAL_PIT,False
truck_freight,PCU484121484121,General freight trucking long-distance truckload PPI,freight,resource,0.1,negative,B,2024Q1,176.689,3,-9.222978411500172,True,-0.9222978411500172,2024Q1,LATEST_REVISED_NOT_HISTORICAL_PIT,False
truck_freight,PCU484121484121,General freight trucking long-distance truckload PPI,freight,resource,0.1,negative,B,2024Q2,179.078,3,-5.332048148611534,True,-0.5332048148611535,2024Q2,LATEST_REVISED_NOT_HISTORICAL_PIT,False
truck_freight,PCU484121484121,General freight trucking long-distance truckload PPI,freight,resource,0.1,negative,B,2024Q3,179.65,3,0.9347159613378508,True,0.09347159613378508,2024Q3,LATEST_REVISED_NOT_HISTORICAL_PIT,False
truck_freight,PCU484121484121,General freight trucking long-distance truckload PPI,freight,resource,0.1,negative,B,2024Q4,165.99733333333333,3,-9.277854696494936,True,-0.9277854696494936,2024Q4,LATEST_REVISED_NOT_HISTORICAL_PIT,False
truck_freight,PCU484121484121,General freight trucking long-distance truckload PPI,freight,resource,0.1,negative,B,2025Q1,175.62166666666667,3,-0.6040745792513014,True,-0.06040745792513014,2025Q1,LATEST_REVISED_NOT_HISTORICAL_PIT,False
truck_freight,PCU484121484121,General freight trucking long-distance truckload PPI,freight,resource,0.1,negative,B,2025Q2,173.99633333333335,3,-2.837683393083823,True,-0.2837683393083823,2025Q2,LATEST_REVISED_NOT_HISTORICAL_PIT,False
truck_freight,PCU484121484121,General freight trucking long-distance truckload PPI,freight,resource,0.1,negative,B,2025Q3,183.09799999999998,3,1.9192875034789836,True,0.19192875034789836,2025Q3,LATEST_REVISED_NOT_HISTORICAL_PIT,False
truck_freight,PCU484121484121,General freight trucking long-distance truckload PPI,freight,resource,0.1,negative,B,2025Q4,185.02800000000002,3,11.464441195842511,True,1.1464441195842512,2025Q4,LATEST_REVISED_NOT_HISTORICAL_PIT,False
truck_freight,PCU484121484121,General freight trucking long-distance truckload PPI,freight,resource,0.1,negative,B,2026Q1,185.32600000000002,3,5.525703927951198,True,0.5525703927951198,2026Q1,LATEST_REVISED_NOT_HISTORICAL_PIT,False
truck_freight,PCU484121484121,General freight trucking long-distance truckload PPI,freight,resource,0.1,negative,B,2026Q2,200.99433333333332,3,15.516418928368193,True,1.5516418928368194,2026Q2,LATEST_REVISED_NOT_HISTORICAL_PIT,False
truck_freight,PCU484121484121,General freight trucking long-distance truckload PPI,freight,resource,0.1,negative,B,2026Q3,195.575,1,6.814383554162262,False,0.6814383554162262,2026Q3,LATEST_REVISED_NOT_HISTORICAL_PIT,False
machinery_labor,CES3133310003,Agriculture construction and mining machinery average hourly earnings,labor,resource,0.2,negative,B,2020Q1,29.006666666666664,3,,True,,2020Q1,LATEST_REVISED_NOT_HISTORICAL_PIT,False
machinery_labor,CES3133310003,Agriculture construction and mining machinery average hourly earnings,labor,resource,0.2,negative,B,2020Q2,28.483333333333334,3,,True,,2020Q2,LATEST_REVISED_NOT_HISTORICAL_PIT,False
machinery_labor,CES3133310003,Agriculture construction and mining machinery average hourly earnings,labor,resource,0.2,negative,B,2020Q3,28.673333333333332,3,,True,,2020Q3,LATEST_REVISED_NOT_HISTORICAL_PIT,False
machinery_labor,CES3133310003,Agriculture construction and mining machinery average hourly earnings,labor,resource,0.2,negative,B,2020Q4,29.060000000000002,3,,True,,2020Q4,LATEST_REVISED_NOT_HISTORICAL_PIT,False
machinery_labor,CES3133310003,Agriculture construction and mining machinery average hourly earnings,labor,resource,0.2,negative,B,2021Q1,29.439999999999998,3,1.4939094461043467,True,0.29878188922086935,2021Q1,LATEST_REVISED_NOT_HISTORICAL_PIT,False
machinery_labor,CES3133310003,Agriculture construction and mining machinery average hourly earnings,labor,resource,0.2,negative,B,2021Q2,29.320000000000004,3,2.9373902867173785,True,0.5874780573434757,2021Q2,LATEST_REVISED_NOT_HISTORICAL_PIT,False
machinery_labor,CES3133310003,Agriculture construction and mining machinery average hourly earnings,labor,resource,0.2,negative,B,2021Q3,29.169999999999998,3,1.7321553127179756,True,0.3464310625435951,2021Q3,LATEST_REVISED_NOT_HISTORICAL_PIT,False
machinery_labor,CES3133310003,Agriculture construction and mining machinery average hourly earnings,labor,resource,0.2,negative,B,2021Q4,29.883333333333336,3,2.833218628125711,True,0.5666437256251422,2021Q4,LATEST_REVISED_NOT_HISTORICAL_PIT,False
machinery_labor,CES3133310003,Agriculture construction and mining machinery average hourly earnings,labor,resource,0.2,negative,B,2022Q1,30.686666666666667,3,4.234601449275366,True,0.8469202898550732,2022Q1,LATEST_REVISED_NOT_HISTORICAL_PIT,False
machinery_labor,CES3133310003,Agriculture construction and mining machinery average hourly earnings,labor,resource,0.2,negative,B,2022Q2,32.330000000000005,3,10.266030013642569,True,2.0532060027285137,2022Q2,LATEST_REVISED_NOT_HISTORICAL_PIT,False
machinery_labor,CES3133310003,Agriculture construction and mining machinery average hourly earnings,labor,resource,0.2,negative,B,2022Q3,32.26,3,10.593075077134051,True,2.11861501542681,2022Q3,LATEST_REVISED_NOT_HISTORICAL_PIT,False
machinery_labor,CES3133310003,Agriculture construction and mining machinery average hourly earnings,labor,resource,0.2,negative,B,2022Q4,31.929999999999996,3,6.848856664807568,True,1.3697713329615135,2022Q4,LATEST_REVISED_NOT_HISTORICAL_PIT,False
machinery_labor,CES3133310003,Agriculture construction and mining machinery average hourly earnings,labor,resource,0.2,negative,B,2023Q1,31.986666666666665,3,4.236367586356704,True,0.8472735172713408,2023Q1,LATEST_REVISED_NOT_HISTORICAL_PIT,False
machinery_labor,CES3133310003,Agriculture construction and mining machinery average hourly earnings,labor,resource,0.2,negative,B,2023Q2,32.410000000000004,3,0.24744819053510447,True,0.049489638107020895,2023Q2,LATEST_REVISED_NOT_HISTORICAL_PIT,False
machinery_labor,CES3133310003,Agriculture construction and mining machinery average hourly earnings,labor,resource,0.2,negative,B,2023Q3,33.11666666666667,3,2.6555073362265036,True,0.5311014672453007,2023Q3,LATEST_REVISED_NOT_HISTORICAL_PIT,False
machinery_labor,CES3133310003,Agriculture construction and mining machinery average hourly earnings,labor,resource,0.2,negative,B,2023Q4,34.163333333333334,3,6.994467063367793,True,1.3988934126735586,2023Q4,LATEST_REVISED_NOT_HISTORICAL_PIT,False
machinery_labor,CES3133310003,Agriculture construction and mining machinery average hourly earnings,labor,resource,0.2,negative,B,2024Q1,34.63666666666666,3,8.284701959149633,True,1.6569403918299266,2024Q1,LATEST_REVISED_NOT_HISTORICAL_PIT,False
machinery_labor,CES3133310003,Agriculture construction and mining machinery average hourly earnings,labor,resource,0.2,negative,B,2024Q2,35.48,3,9.47238506633752,True,1.894477013267504,2024Q2,LATEST_REVISED_NOT_HISTORICAL_PIT,False
machinery_labor,CES3133310003,Agriculture construction and mining machinery average hourly earnings,labor,resource,0.2,negative,B,2024Q3,35.25666666666667,3,6.462003019627582,True,1.2924006039255165,2024Q3,LATEST_REVISED_NOT_HISTORICAL_PIT,False
machinery_labor,CES3133310003,Agriculture construction and mining machinery average hourly earnings,labor,resource,0.2,negative,B,2024Q4,35.45,3,3.7662210947409624,True,0.7532442189481925,2024Q4,LATEST_REVISED_NOT_HISTORICAL_PIT,False
machinery_labor,CES3133310003,Agriculture construction and mining machinery average hourly earnings,labor,resource,0.2,negative,B,2025Q1,34.626666666666665,3,-0.02887113848522027,True,-0.005774227697044054,2025Q1,LATEST_REVISED_NOT_HISTORICAL_PIT,False
machinery_labor,CES3133310003,Agriculture construction and mining machinery average hourly earnings,labor,resource,0.2,negative,B,2025Q2,34.550000000000004,3,-2.6211950394588346,True,-0.5242390078917669,2025Q2,LATEST_REVISED_NOT_HISTORICAL_PIT,False
machinery_labor,CES3133310003,Agriculture construction and mining machinery average hourly earnings,labor,resource,0.2,negative,B,2025Q3,34.46,3,-2.2596199300368713,True,-0.45192398600737427,2025Q3,LATEST_REVISED_NOT_HISTORICAL_PIT,False
machinery_labor,CES3133310003,Agriculture construction and mining machinery average hourly earnings,labor,resource,0.2,negative,B,2025Q4,33.75333333333333,3,-4.786083685942655,True,-0.9572167371885311,2025Q4,LATEST_REVISED_NOT_HISTORICAL_PIT,False
machinery_labor,CES3133310003,Agriculture construction and mining machinery average hourly earnings,labor,resource,0.2,negative,B,2026Q1,33.806666666666665,3,-2.3681170581440147,True,-0.47362341162880295,2026Q1,LATEST_REVISED_NOT_HISTORICAL_PIT,False
machinery_labor,CES3133310003,Agriculture construction and mining machinery average hourly earnings,labor,resource,0.2,negative,B,2026Q2,34.48,3,-0.20260492040523603,True,-0.04052098408104721,2026Q2,LATEST_REVISED_NOT_HISTORICAL_PIT,False
general_components,WPU114,General purpose machinery and equipment PPI,component,resource,0.15,negative,B,2020Q1,249.9,3,,True,,2020Q1,LATEST_REVISED_NOT_HISTORICAL_PIT,False
general_components,WPU114,General purpose machinery and equipment PPI,component,resource,0.15,negative,B,2020Q2,250.83333333333334,3,,True,,2020Q2,LATEST_REVISED_NOT_HISTORICAL_PIT,False
general_components,WPU114,General purpose machinery and equipment PPI,component,resource,0.15,negative,B,2020Q3,251.20000000000002,3,,True,,2020Q3,LATEST_REVISED_NOT_HISTORICAL_PIT,False
general_components,WPU114,General purpose machinery and equipment PPI,component,resource,0.15,negative,B,2020Q4,252.20000000000002,3,,True,,2020Q4,LATEST_REVISED_NOT_HISTORICAL_PIT,False
general_components,WPU114,General purpose machinery and equipment PPI,component,resource,0.15,negative,B,2021Q1,255.93333333333337,3,2.414299052954516,True,0.3621448579431774,2021Q1,LATEST_REVISED_NOT_HISTORICAL_PIT,False
general_components,WPU114,General purpose machinery and equipment PPI,component,resource,0.15,negative,B,2021Q2,260.5,3,3.85382059800663,True,0.5780730897009945,2021Q2,LATEST_REVISED_NOT_HISTORICAL_PIT,False
general_components,WPU114,General purpose machinery and equipment PPI,component,resource,0.15,negative,B,2021Q3,268.7726666666667,3,6.9954883227176134,True,1.049323248407642,2021Q3,LATEST_REVISED_NOT_HISTORICAL_PIT,False
general_components,WPU114,General purpose machinery and equipment PPI,component,resource,0.15,negative,B,2021Q4,276.75433333333336,3,9.736056040179752,True,1.4604084060269629,2021Q4,LATEST_REVISED_NOT_HISTORICAL_PIT,False
general_components,WPU114,General purpose machinery and equipment PPI,component,resource,0.15,negative,B,2022Q1,289.98266666666666,3,13.303985412867924,True,1.9955978119301885,2022Q1,LATEST_REVISED_NOT_HISTORICAL_PIT,False
general_components,WPU114,General purpose machinery and equipment PPI,component,resource,0.15,negative,B,2022Q2,302.348,3,16.06449136276391,True,2.4096737044145864,2022Q2,LATEST_REVISED_NOT_HISTORICAL_PIT,False
general_components,WPU114,General purpose machinery and equipment PPI,component,resource,0.15,negative,B,2022Q3,310.75666666666666,3,15.620636026976943,True,2.3430954040465415,2022Q3,LATEST_REVISED_NOT_HISTORICAL_PIT,False
general_components,WPU114,General purpose machinery and equipment PPI,component,resource,0.15,negative,B,2022Q4,314.833,3,13.759013710113543,True,2.0638520565170313,2022Q4,LATEST_REVISED_NOT_HISTORICAL_PIT,False
general_components,WPU114,General purpose machinery and equipment PPI,component,resource,0.15,negative,B,2023Q1,321.479,3,10.861453788042507,True,1.629218068206376,2023Q1,LATEST_REVISED_NOT_HISTORICAL_PIT,False
general_components,WPU114,General purpose machinery and equipment PPI,component,resource,0.15,negative,B,2023Q2,327.71333333333337,3,8.389449684910556,True,1.2584174527365832,2023Q2,LATEST_REVISED_NOT_HISTORICAL_PIT,False
general_components,WPU114,General purpose machinery and equipment PPI,component,resource,0.15,negative,B,2023Q3,330.557,3,6.371651989230598,True,0.9557477983845897,2023Q3,LATEST_REVISED_NOT_HISTORICAL_PIT,False
general_components,WPU114,General purpose machinery and equipment PPI,component,resource,0.15,negative,B,2023Q4,332.281,3,5.541985751176015,True,0.8312978626764023,2023Q4,LATEST_REVISED_NOT_HISTORICAL_PIT,False
general_components,WPU114,General purpose machinery and equipment PPI,component,resource,0.15,negative,B,2024Q1,335.60266666666666,3,4.393340363341514,True,0.659001054501227,2024Q1,LATEST_REVISED_NOT_HISTORICAL_PIT,False
general_components,WPU114,General purpose machinery and equipment PPI,component,resource,0.15,negative,B,2024Q2,339.89166666666665,3,3.716154362552615,True,0.5574231543828922,2024Q2,LATEST_REVISED_NOT_HISTORICAL_PIT,False
general_components,WPU114,General purpose machinery and equipment PPI,component,resource,0.15,negative,B,2024Q3,341.8713333333333,3,3.422808572601177,True,0.5134212858901765,2024Q3,LATEST_REVISED_NOT_HISTORICAL_PIT,False
general_components,WPU114,General purpose machinery and equipment PPI,component,resource,0.15,negative,B,2024Q4,342.7683333333334,3,3.1561640097788723,True,0.47342460146683085,2024Q4,LATEST_REVISED_NOT_HISTORICAL_PIT,False
general_components,WPU114,General purpose machinery and equipment PPI,component,resource,0.15,negative,B,2025Q1,347.63966666666664,3,3.5866818698301994,True,0.5380022804745299,2025Q1,LATEST_REVISED_NOT_HISTORICAL_PIT,False
general_components,WPU114,General purpose machinery and equipment PPI,component,resource,0.15,negative,B,2025Q2,354.81766666666664,3,4.39139922033982,True,0.658709883050973,2025Q2,LATEST_REVISED_NOT_HISTORICAL_PIT,False
general_components,WPU114,General purpose machinery and equipment PPI,component,resource,0.15,negative,B,2025Q3,362.055,3,5.903878067187085,True,0.8855817100780627,2025Q3,LATEST_REVISED_NOT_HISTORICAL_PIT,False
general_components,WPU114,General purpose machinery and equipment PPI,component,resource,0.15,negative,B,2025Q4,368.9676666666667,3,7.643452088631286,True,1.146517813294693,2025Q4,LATEST_REVISED_NOT_HISTORICAL_PIT,False
general_components,WPU114,General purpose machinery and equipment PPI,component,resource,0.15,negative,B,2026Q1,373.86899999999997,3,7.544977126699193,True,1.131746569004879,2026Q1,LATEST_REVISED_NOT_HISTORICAL_PIT,False
general_components,WPU114,General purpose machinery and equipment PPI,component,resource,0.15,negative,B,2026Q2,377.06600000000003,3,6.270356699638224,True,0.9405535049457336,2026Q2,LATEST_REVISED_NOT_HISTORICAL_PIT,False
general_components,WPU114,General purpose machinery and equipment PPI,component,resource,0.15,negative,B,2026Q3,379.724,1,4.880197760008831,False,0.7320296640013246,2026Q3,LATEST_REVISED_NOT_HISTORICAL_PIT,False
steel_input,WPU101,Iron and steel PPI,material,power_energy,0.15,negative,A,2020Q1,210.6,3,,True,,2020Q1,LATEST_REVISED_NOT_HISTORICAL_PIT,False
steel_input,WPU101,Iron and steel PPI,material,power_energy,0.15,negative,A,2020Q2,203.9,3,,True,,2020Q2,LATEST_REVISED_NOT_HISTORICAL_PIT,False
steel_input,WPU101,Iron and steel PPI,material,power_energy,0.15,negative,A,2020Q3,202.16666666666666,3,,True,,2020Q3,LATEST_REVISED_NOT_HISTORICAL_PIT,False
steel_input,WPU101,Iron and steel PPI,material,power_energy,0.15,negative,A,2020Q4,216.4,3,,True,,2020Q4,LATEST_REVISED_NOT_HISTORICAL_PIT,False
steel_input,WPU101,Iron and steel PPI,material,power_energy,0.15,negative,A,2021Q1,267.8333333333333,3,27.176321620766064,True,4.07644824311491,2021Q1,LATEST_REVISED_NOT_HISTORICAL_PIT,False
steel_input,WPU101,Iron and steel PPI,material,power_energy,0.15,negative,A,2021Q2,336.26666666666665,3,64.91744319110676,True,9.737616478666013,2021Q2,LATEST_REVISED_NOT_HISTORICAL_PIT,False
steel_input,WPU101,Iron and steel PPI,material,power_energy,0.15,negative,A,2021Q3,394.57200000000006,3,95.17164056059362,True,14.275746084089041,2021Q3,LATEST_REVISED_NOT_HISTORICAL_PIT,False
steel_input,WPU101,Iron and steel PPI,material,power_energy,0.15,negative,A,2021Q4,428.20966666666664,3,97.87877387553911,True,14.681816081330865,2021Q4,LATEST_REVISED_NOT_HISTORICAL_PIT,False
steel_input,WPU101,Iron and steel PPI,material,power_energy,0.15,negative,A,2022Q1,405.24399999999997,3,51.304542626011205,True,7.695681393901681,2022Q1,LATEST_REVISED_NOT_HISTORICAL_PIT,False
steel_input,WPU101,Iron and steel PPI,material,power_energy,0.15,negative,A,2022Q2,414.23466666666667,3,23.186360031720852,True,3.4779540047581277,2022Q2,LATEST_REVISED_NOT_HISTORICAL_PIT,False
steel_input,WPU101,Iron and steel PPI,material,power_energy,0.15,negative,A,2022Q3,373.4123333333334,3,-5.3626883475428215,True,-0.8044032521314232,2022Q3,LATEST_REVISED_NOT_HISTORICAL_PIT,False
steel_input,WPU101,Iron and steel PPI,material,power_energy,0.15,negative,A,2022Q4,329.13933333333335,3,-23.135940415481816,True,-3.4703910623222725,2022Q4,LATEST_REVISED_NOT_HISTORICAL_PIT,False
steel_input,WPU101,Iron and steel PPI,material,power_energy,0.15,negative,A,2023Q1,332.301,3,-17.99977297628096,True,-2.6999659464421435,2023Q1,LATEST_REVISED_NOT_HISTORICAL_PIT,False
steel_input,WPU101,Iron and steel PPI,material,power_energy,0.15,negative,A,2023Q2,350.882,3,-15.29390747917444,True,-2.2940861218761657,2023Q2,LATEST_REVISED_NOT_HISTORICAL_PIT,False
steel_input,WPU101,Iron and steel PPI,material,power_energy,0.15,negative,A,2023Q3,330.07033333333334,3,-11.607008159880461,True,-1.7410512239820692,2023Q3,LATEST_REVISED_NOT_HISTORICAL_PIT,False
steel_input,WPU101,Iron and steel PPI,material,power_energy,0.15,negative,A,2023Q4,318.9823333333333,3,-3.085927135215294,True,-0.4628890702822941,2023Q4,LATEST_REVISED_NOT_HISTORICAL_PIT,False
steel_input,WPU101,Iron and steel PPI,material,power_energy,0.15,negative,A,2024Q1,334.74600000000004,3,0.7357787066545329,True,0.11036680599817994,2024Q1,LATEST_REVISED_NOT_HISTORICAL_PIT,False
steel_input,WPU101,Iron and steel PPI,material,power_energy,0.15,negative,A,2024Q2,312.3023333333333,3,-10.995054367755175,True,-1.6492581551632763,2024Q2,LATEST_REVISED_NOT_HISTORICAL_PIT,False
steel_input,WPU101,Iron and steel PPI,material,power_energy,0.15,negative,A,2024Q3,296.08733333333333,3,-10.295684455131282,True,-1.5443526682696922,2024Q3,LATEST_REVISED_NOT_HISTORICAL_PIT,False
steel_input,WPU101,Iron and steel PPI,material,power_energy,0.15,negative,A,2024Q4,293.4446666666667,3,-8.005981522487648,True,-1.2008972283731472,2024Q4,LATEST_REVISED_NOT_HISTORICAL_PIT,False
steel_input,WPU101,Iron and steel PPI,material,power_energy,0.15,negative,A,2025Q1,298.73266666666666,3,-10.758405875897958,True,-1.6137608813846938,2025Q1,LATEST_REVISED_NOT_HISTORICAL_PIT,False
steel_input,WPU101,Iron and steel PPI,material,power_energy,0.15,negative,A,2025Q2,325.00066666666663,3,4.066038571597819,True,0.6099057857396728,2025Q2,LATEST_REVISED_NOT_HISTORICAL_PIT,False
steel_input,WPU101,Iron and steel PPI,material,power_energy,0.15,negative,A,2025Q3,318.78133333333335,3,7.664630480646473,True,1.149694572096971,2025Q3,LATEST_REVISED_NOT_HISTORICAL_PIT,False
steel_input,WPU101,Iron and steel PPI,material,power_energy,0.15,negative,A,2025Q4,315.24466666666666,3,7.42899853919079,True,1.1143497808786185,2025Q4,LATEST_REVISED_NOT_HISTORICAL_PIT,False
steel_input,WPU101,Iron and steel PPI,material,power_energy,0.15,negative,A,2026Q1,339.00066666666663,3,13.479610532493936,True,2.0219415798740905,2026Q1,LATEST_REVISED_NOT_HISTORICAL_PIT,False
steel_input,WPU101,Iron and steel PPI,material,power_energy,0.15,negative,A,2026Q2,358.6203333333333,3,10.344491601042872,True,1.5516737401564307,2026Q2,LATEST_REVISED_NOT_HISTORICAL_PIT,False
steel_input,WPU101,Iron and steel PPI,material,power_energy,0.15,negative,A,2026Q3,374.1,1,17.353169989041596,False,2.602975498356239,2026Q3,LATEST_REVISED_NOT_HISTORICAL_PIT,False
fabricated_metal_input,WPU107,Fabricated structural metal products PPI,material,power_energy,0.15,negative,B,2020Q1,238.20000000000002,3,,True,,2020Q1,LATEST_REVISED_NOT_HISTORICAL_PIT,False
fabricated_metal_input,WPU107,Fabricated structural metal products PPI,material,power_energy,0.15,negative,B,2020Q2,238.33333333333334,3,,True,,2020Q2,LATEST_REVISED_NOT_HISTORICAL_PIT,False
fabricated_metal_input,WPU107,Fabricated structural metal products PPI,material,power_energy,0.15,negative,B,2020Q3,238.4333333333333,3,,True,,2020Q3,LATEST_REVISED_NOT_HISTORICAL_PIT,False
fabricated_metal_input,WPU107,Fabricated structural metal products PPI,material,power_energy,0.15,negative,B,2020Q4,239.66666666666666,3,,True,,2020Q4,LATEST_REVISED_NOT_HISTORICAL_PIT,False
fabricated_metal_input,WPU107,Fabricated structural metal products PPI,material,power_energy,0.15,negative,B,2021Q1,253.9,3,6.591099916036947,True,0.988664987405542,2021Q1,LATEST_REVISED_NOT_HISTORICAL_PIT,False
fabricated_metal_input,WPU107,Fabricated structural metal products PPI,material,power_energy,0.15,negative,B,2021Q2,284.2,3,19.24475524475524,True,2.886713286713286,2021Q2,LATEST_REVISED_NOT_HISTORICAL_PIT,False
fabricated_metal_input,WPU107,Fabricated structural metal products PPI,material,power_energy,0.15,negative,B,2021Q3,317.0536666666667,3,32.97371732140364,True,4.946057598210546,2021Q3,LATEST_REVISED_NOT_HISTORICAL_PIT,False
fabricated_metal_input,WPU107,Fabricated structural metal products PPI,material,power_energy,0.15,negative,B,2021Q4,339.5613333333333,3,41.680667593880386,True,6.252100139082057,2021Q4,LATEST_REVISED_NOT_HISTORICAL_PIT,False
fabricated_metal_input,WPU107,Fabricated structural metal products PPI,material,power_energy,0.15,negative,B,2022Q1,355.4056666666667,3,39.978600498884084,True,5.996790074832613,2022Q1,LATEST_REVISED_NOT_HISTORICAL_PIT,False
fabricated_metal_input,WPU107,Fabricated structural metal products PPI,material,power_energy,0.15,negative,B,2022Q2,371.57300000000004,3,30.743490499648154,True,4.611523574947223,2022Q2,LATEST_REVISED_NOT_HISTORICAL_PIT,False
fabricated_metal_input,WPU107,Fabricated structural metal products PPI,material,power_energy,0.15,negative,B,2022Q3,371.4893333333334,3,17.169227922507346,True,2.575384188376102,2022Q3,LATEST_REVISED_NOT_HISTORICAL_PIT,False
fabricated_metal_input,WPU107,Fabricated structural metal products PPI,material,power_energy,0.15,negative,B,2022Q4,363.72700000000003,3,7.116730998032761,True,1.0675096497049141,2022Q4,LATEST_REVISED_NOT_HISTORICAL_PIT,False
fabricated_metal_input,WPU107,Fabricated structural metal products PPI,material,power_energy,0.15,negative,B,2023Q1,363.09666666666664,3,2.164006013785169,True,0.32460090206777537,2023Q1,LATEST_REVISED_NOT_HISTORICAL_PIT,False
fabricated_metal_input,WPU107,Fabricated structural metal products PPI,material,power_energy,0.15,negative,B,2023Q2,365.58666666666664,3,-1.6110786664621513,True,-0.2416617999693227,2023Q2,LATEST_REVISED_NOT_HISTORICAL_PIT,False
fabricated_metal_input,WPU107,Fabricated structural metal products PPI,material,power_energy,0.15,negative,B,2023Q3,365.17233333333337,3,-1.7004525926271552,True,-0.2550678888940733,2023Q3,LATEST_REVISED_NOT_HISTORICAL_PIT,False
fabricated_metal_input,WPU107,Fabricated structural metal products PPI,material,power_energy,0.15,negative,B,2023Q4,366.0643333333333,3,0.6426064969972778,True,0.09639097454959167,2023Q4,LATEST_REVISED_NOT_HISTORICAL_PIT,False
fabricated_metal_input,WPU107,Fabricated structural metal products PPI,material,power_energy,0.15,negative,B,2024Q1,367.604,3,1.2413590503906224,True,0.18620385755859337,2024Q1,LATEST_REVISED_NOT_HISTORICAL_PIT,False
fabricated_metal_input,WPU107,Fabricated structural metal products PPI,material,power_energy,0.15,negative,B,2024Q2,361.9373333333333,3,-0.9982129180495347,True,-0.1497319377074302,2024Q2,LATEST_REVISED_NOT_HISTORICAL_PIT,False
fabricated_metal_input,WPU107,Fabricated structural metal products PPI,material,power_energy,0.15,negative,B,2024Q3,363.7683333333334,3,-0.3844760053928864,True,-0.05767140080893296,2024Q3,LATEST_REVISED_NOT_HISTORICAL_PIT,False
fabricated_metal_input,WPU107,Fabricated structural metal products PPI,material,power_energy,0.15,negative,B,2024Q4,364.8096666666667,3,-0.3427448545018752,True,-0.05141172817528128,2024Q4,LATEST_REVISED_NOT_HISTORICAL_PIT,False
fabricated_metal_input,WPU107,Fabricated structural metal products PPI,material,power_energy,0.15,negative,B,2025Q1,370.08366666666666,3,0.6745483364344995,True,0.10118225046517493,2025Q1,LATEST_REVISED_NOT_HISTORICAL_PIT,False
fabricated_metal_input,WPU107,Fabricated structural metal products PPI,material,power_energy,0.15,negative,B,2025Q2,381.80833333333334,3,5.490176936707281,True,0.8235265405060921,2025Q2,LATEST_REVISED_NOT_HISTORICAL_PIT,False
fabricated_metal_input,WPU107,Fabricated structural metal products PPI,material,power_energy,0.15,negative,B,2025Q3,387.6143333333334,3,6.555270982905781,True,0.9832906474358671,2025Q3,LATEST_REVISED_NOT_HISTORICAL_PIT,False
fabricated_metal_input,WPU107,Fabricated structural metal products PPI,material,power_energy,0.15,negative,B,2025Q4,394.59066666666666,3,8.163434996696894,True,1.2245152495045342,2025Q4,LATEST_REVISED_NOT_HISTORICAL_PIT,False
fabricated_metal_input,WPU107,Fabricated structural metal products PPI,material,power_energy,0.15,negative,B,2026Q1,400.90200000000004,3,8.327396237427397,True,1.2491094356141095,2026Q1,LATEST_REVISED_NOT_HISTORICAL_PIT,False
fabricated_metal_input,WPU107,Fabricated structural metal products PPI,material,power_energy,0.15,negative,B,2026Q2,405.9023333333334,3,6.310496104066199,True,0.9465744156099298,2026Q2,LATEST_REVISED_NOT_HISTORICAL_PIT,False
fabricated_metal_input,WPU107,Fabricated structural metal products PPI,material,power_energy,0.15,negative,B,2026Q3,408.901,1,5.491712982750019,False,0.8237569474125028,2026Q3,LATEST_REVISED_NOT_HISTORICAL_PIT,False
general_components,WPU114,General purpose machinery and equipment PPI,component,power_energy,0.3,negative,B,2020Q1,249.9,3,,True,,2020Q1,LATEST_REVISED_NOT_HISTORICAL_PIT,False
general_components,WPU114,General purpose machinery and equipment PPI,component,power_energy,0.3,negative,B,2020Q2,250.83333333333334,3,,True,,2020Q2,LATEST_REVISED_NOT_HISTORICAL_PIT,False
general_components,WPU114,General purpose machinery and equipment PPI,component,power_energy,0.3,negative,B,2020Q3,251.20000000000002,3,,True,,2020Q3,LATEST_REVISED_NOT_HISTORICAL_PIT,False
general_components,WPU114,General purpose machinery and equipment PPI,component,power_energy,0.3,negative,B,2020Q4,252.20000000000002,3,,True,,2020Q4,LATEST_REVISED_NOT_HISTORICAL_PIT,False
general_components,WPU114,General purpose machinery and equipment PPI,component,power_energy,0.3,negative,B,2021Q1,255.93333333333337,3,2.414299052954516,True,0.7242897158863548,2021Q1,LATEST_REVISED_NOT_HISTORICAL_PIT,False
general_components,WPU114,General purpose machinery and equipment PPI,component,power_energy,0.3,negative,B,2021Q2,260.5,3,3.85382059800663,True,1.156146179401989,2021Q2,LATEST_REVISED_NOT_HISTORICAL_PIT,False
general_components,WPU114,General purpose machinery and equipment PPI,component,power_energy,0.3,negative,B,2021Q3,268.7726666666667,3,6.9954883227176134,True,2.098646496815284,2021Q3,LATEST_REVISED_NOT_HISTORICAL_PIT,False
general_components,WPU114,General purpose machinery and equipment PPI,component,power_energy,0.3,negative,B,2021Q4,276.75433333333336,3,9.736056040179752,True,2.9208168120539257,2021Q4,LATEST_REVISED_NOT_HISTORICAL_PIT,False
general_components,WPU114,General purpose machinery and equipment PPI,component,power_energy,0.3,negative,B,2022Q1,289.98266666666666,3,13.303985412867924,True,3.991195623860377,2022Q1,LATEST_REVISED_NOT_HISTORICAL_PIT,False
general_components,WPU114,General purpose machinery and equipment PPI,component,power_energy,0.3,negative,B,2022Q2,302.348,3,16.06449136276391,True,4.819347408829173,2022Q2,LATEST_REVISED_NOT_HISTORICAL_PIT,False
general_components,WPU114,General purpose machinery and equipment PPI,component,power_energy,0.3,negative,B,2022Q3,310.75666666666666,3,15.620636026976943,True,4.686190808093083,2022Q3,LATEST_REVISED_NOT_HISTORICAL_PIT,False
general_components,WPU114,General purpose machinery and equipment PPI,component,power_energy,0.3,negative,B,2022Q4,314.833,3,13.759013710113543,True,4.127704113034063,2022Q4,LATEST_REVISED_NOT_HISTORICAL_PIT,False
general_components,WPU114,General purpose machinery and equipment PPI,component,power_energy,0.3,negative,B,2023Q1,321.479,3,10.861453788042507,True,3.258436136412752,2023Q1,LATEST_REVISED_NOT_HISTORICAL_PIT,False
general_components,WPU114,General purpose machinery and equipment PPI,component,power_energy,0.3,negative,B,2023Q2,327.71333333333337,3,8.389449684910556,True,2.5168349054731665,2023Q2,LATEST_REVISED_NOT_HISTORICAL_PIT,False
general_components,WPU114,General purpose machinery and equipment PPI,component,power_energy,0.3,negative,B,2023Q3,330.557,3,6.371651989230598,True,1.9114955967691794,2023Q3,LATEST_REVISED_NOT_HISTORICAL_PIT,False
general_components,WPU114,General purpose machinery and equipment PPI,component,power_energy,0.3,negative,B,2023Q4,332.281,3,5.541985751176015,True,1.6625957253528045,2023Q4,LATEST_REVISED_NOT_HISTORICAL_PIT,False
general_components,WPU114,General purpose machinery and equipment PPI,component,power_energy,0.3,negative,B,2024Q1,335.60266666666666,3,4.393340363341514,True,1.318002109002454,2024Q1,LATEST_REVISED_NOT_HISTORICAL_PIT,False
general_components,WPU114,General purpose machinery and equipment PPI,component,power_energy,0.3,negative,B,2024Q2,339.89166666666665,3,3.716154362552615,True,1.1148463087657845,2024Q2,LATEST_REVISED_NOT_HISTORICAL_PIT,False
general_components,WPU114,General purpose machinery and equipment PPI,component,power_energy,0.3,negative,B,2024Q3,341.8713333333333,3,3.422808572601177,True,1.026842571780353,2024Q3,LATEST_REVISED_NOT_HISTORICAL_PIT,False
general_components,WPU114,General purpose machinery and equipment PPI,component,power_energy,0.3,negative,B,2024Q4,342.7683333333334,3,3.1561640097788723,True,0.9468492029336617,2024Q4,LATEST_REVISED_NOT_HISTORICAL_PIT,False
general_components,WPU114,General purpose machinery and equipment PPI,component,power_energy,0.3,negative,B,2025Q1,347.63966666666664,3,3.5866818698301994,True,1.0760045609490598,2025Q1,LATEST_REVISED_NOT_HISTORICAL_PIT,False
general_components,WPU114,General purpose machinery and equipment PPI,component,power_energy,0.3,negative,B,2025Q2,354.81766666666664,3,4.39139922033982,True,1.317419766101946,2025Q2,LATEST_REVISED_NOT_HISTORICAL_PIT,False
general_components,WPU114,General purpose machinery and equipment PPI,component,power_energy,0.3,negative,B,2025Q3,362.055,3,5.903878067187085,True,1.7711634201561255,2025Q3,LATEST_REVISED_NOT_HISTORICAL_PIT,False
general_components,WPU114,General purpose machinery and equipment PPI,component,power_energy,0.3,negative,B,2025Q4,368.9676666666667,3,7.643452088631286,True,2.293035626589386,2025Q4,LATEST_REVISED_NOT_HISTORICAL_PIT,False
general_components,WPU114,General purpose machinery and equipment PPI,component,power_energy,0.3,negative,B,2026Q1,373.86899999999997,3,7.544977126699193,True,2.263493138009758,2026Q1,LATEST_REVISED_NOT_HISTORICAL_PIT,False
general_components,WPU114,General purpose machinery and equipment PPI,component,power_energy,0.3,negative,B,2026Q2,377.06600000000003,3,6.270356699638224,True,1.8811070098914673,2026Q2,LATEST_REVISED_NOT_HISTORICAL_PIT,False
general_components,WPU114,General purpose machinery and equipment PPI,component,power_energy,0.3,negative,B,2026Q3,379.724,1,4.880197760008831,False,1.4640593280026493,2026Q3,LATEST_REVISED_NOT_HISTORICAL_PIT,False
truck_freight,PCU484121484121,General freight trucking long-distance truckload PPI,freight,power_energy,0.1,negative,B,2020Q1,135.5666666666667,3,,True,,2020Q1,LATEST_REVISED_NOT_HISTORICAL_PIT,False
truck_freight,PCU484121484121,General freight trucking long-distance truckload PPI,freight,power_energy,0.1,negative,B,2020Q2,130.66666666666666,3,,True,,2020Q2,LATEST_REVISED_NOT_HISTORICAL_PIT,False
truck_freight,PCU484121484121,General freight trucking long-distance truckload PPI,freight,power_energy,0.1,negative,B,2020Q3,136.20000000000002,3,,True,,2020Q3,LATEST_REVISED_NOT_HISTORICAL_PIT,False
truck_freight,PCU484121484121,General freight trucking long-distance truckload PPI,freight,power_energy,0.1,negative,B,2020Q4,145.46666666666667,3,,True,,2020Q4,LATEST_REVISED_NOT_HISTORICAL_PIT,False
truck_freight,PCU484121484121,General freight trucking long-distance truckload PPI,freight,power_energy,0.1,negative,B,2021Q1,150.70000000000002,3,11.16301942463731,True,1.116301942463731,2021Q1,LATEST_REVISED_NOT_HISTORICAL_PIT,False
truck_freight,PCU484121484121,General freight trucking long-distance truckload PPI,freight,power_energy,0.1,negative,B,2021Q2,160.23333333333335,3,22.627551020408188,True,2.2627551020408188,2021Q2,LATEST_REVISED_NOT_HISTORICAL_PIT,False
truck_freight,PCU484121484121,General freight trucking long-distance truckload PPI,freight,power_energy,0.1,negative,B,2021Q3,164.72933333333333,3,20.946647087616242,True,2.0946647087616244,2021Q3,LATEST_REVISED_NOT_HISTORICAL_PIT,False
truck_freight,PCU484121484121,General freight trucking long-distance truckload PPI,freight,power_energy,0.1,negative,B,2021Q4,181.40466666666666,3,24.705316223648023,True,2.4705316223648026,2021Q4,LATEST_REVISED_NOT_HISTORICAL_PIT,False
truck_freight,PCU484121484121,General freight trucking long-distance truckload PPI,freight,power_energy,0.1,negative,B,2022Q1,205.80966666666666,3,36.56912187569119,True,3.656912187569119,2022Q1,LATEST_REVISED_NOT_HISTORICAL_PIT,False
truck_freight,PCU484121484121,General freight trucking long-distance truckload PPI,freight,power_energy,0.1,negative,B,2022Q2,207.96866666666665,3,29.79113792386101,True,2.9791137923861015,2022Q2,LATEST_REVISED_NOT_HISTORICAL_PIT,False
truck_freight,PCU484121484121,General freight trucking long-distance truckload PPI,freight,power_energy,0.1,negative,B,2022Q3,200.53733333333335,3,21.737476425975544,True,2.1737476425975544,2022Q3,LATEST_REVISED_NOT_HISTORICAL_PIT,False
truck_freight,PCU484121484121,General freight trucking long-distance truckload PPI,freight,power_energy,0.1,negative,B,2022Q4,198.09133333333332,3,9.198587320429086,True,0.9198587320429086,2022Q4,LATEST_REVISED_NOT_HISTORICAL_PIT,False
truck_freight,PCU484121484121,General freight trucking long-distance truckload PPI,freight,power_energy,0.1,negative,B,2023Q1,194.64066666666668,3,-5.4268587967199355,True,-0.5426858796719936,2023Q1,LATEST_REVISED_NOT_HISTORICAL_PIT,False
truck_freight,PCU484121484121,General freight trucking long-distance truckload PPI,freight,power_energy,0.1,negative,B,2023Q2,189.16433333333336,3,-9.041906953932145,True,-0.9041906953932145,2023Q2,LATEST_REVISED_NOT_HISTORICAL_PIT,False
truck_freight,PCU484121484121,General freight trucking long-distance truckload PPI,freight,power_energy,0.1,negative,B,2023Q3,177.98633333333336,3,-11.245287660485491,True,-1.1245287660485492,2023Q3,LATEST_REVISED_NOT_HISTORICAL_PIT,False
truck_freight,PCU484121484121,General freight trucking long-distance truckload PPI,freight,power_energy,0.1,negative,B,2023Q4,182.97333333333333,3,-7.631833127479915,True,-0.7631833127479916,2023Q4,LATEST_REVISED_NOT_HISTORICAL_PIT,False
truck_freight,PCU484121484121,General freight trucking long-distance truckload PPI,freight,power_energy,0.1,negative,B,2024Q1,176.689,3,-9.222978411500172,True,-0.9222978411500172,2024Q1,LATEST_REVISED_NOT_HISTORICAL_PIT,False
truck_freight,PCU484121484121,General freight trucking long-distance truckload PPI,freight,power_energy,0.1,negative,B,2024Q2,179.078,3,-5.332048148611534,True,-0.5332048148611535,2024Q2,LATEST_REVISED_NOT_HISTORICAL_PIT,False
truck_freight,PCU484121484121,General freight trucking long-distance truckload PPI,freight,power_energy,0.1,negative,B,2024Q3,179.65,3,0.9347159613378508,True,0.09347159613378508,2024Q3,LATEST_REVISED_NOT_HISTORICAL_PIT,False
truck_freight,PCU484121484121,General freight trucking long-distance truckload PPI,freight,power_energy,0.1,negative,B,2024Q4,165.99733333333333,3,-9.277854696494936,True,-0.9277854696494936,2024Q4,LATEST_REVISED_NOT_HISTORICAL_PIT,False
truck_freight,PCU484121484121,General freight trucking long-distance truckload PPI,freight,power_energy,0.1,negative,B,2025Q1,175.62166666666667,3,-0.6040745792513014,True,-0.06040745792513014,2025Q1,LATEST_REVISED_NOT_HISTORICAL_PIT,False
truck_freight,PCU484121484121,General freight trucking long-distance truckload PPI,freight,power_energy,0.1,negative,B,2025Q2,173.99633333333335,3,-2.837683393083823,True,-0.2837683393083823,2025Q2,LATEST_REVISED_NOT_HISTORICAL_PIT,False
truck_freight,PCU484121484121,General freight trucking long-distance truckload PPI,freight,power_energy,0.1,negative,B,2025Q3,183.09799999999998,3,1.9192875034789836,True,0.19192875034789836,2025Q3,LATEST_REVISED_NOT_HISTORICAL_PIT,False
truck_freight,PCU484121484121,General freight trucking long-distance truckload PPI,freight,power_energy,0.1,negative,B,2025Q4,185.02800000000002,3,11.464441195842511,True,1.1464441195842512,2025Q4,LATEST_REVISED_NOT_HISTORICAL_PIT,False
truck_freight,PCU484121484121,General freight trucking long-distance truckload PPI,freight,power_energy,0.1,negative,B,2026Q1,185.32600000000002,3,5.525703927951198,True,0.5525703927951198,2026Q1,LATEST_REVISED_NOT_HISTORICAL_PIT,False
truck_freight,PCU484121484121,General freight trucking long-distance truckload PPI,freight,power_energy,0.1,negative,B,2026Q2,200.99433333333332,3,15.516418928368193,True,1.5516418928368194,2026Q2,LATEST_REVISED_NOT_HISTORICAL_PIT,False
truck_freight,PCU484121484121,General freight trucking long-distance truckload PPI,freight,power_energy,0.1,negative,B,2026Q3,195.575,1,6.814383554162262,False,0.6814383554162262,2026Q3,LATEST_REVISED_NOT_HISTORICAL_PIT,False
power_equipment_labor,CES3133360003,Engine turbine and power transmission equipment average hourly earnings,labor,power_energy,0.25,negative,B,2020Q1,35.65333333333333,3,,True,,2020Q1,LATEST_REVISED_NOT_HISTORICAL_PIT,False
power_equipment_labor,CES3133360003,Engine turbine and power transmission equipment average hourly earnings,labor,power_energy,0.25,negative,B,2020Q2,37.53333333333334,3,,True,,2020Q2,LATEST_REVISED_NOT_HISTORICAL_PIT,False
power_equipment_labor,CES3133360003,Engine turbine and power transmission equipment average hourly earnings,labor,power_energy,0.25,negative,B,2020Q3,37.42666666666667,3,,True,,2020Q3,LATEST_REVISED_NOT_HISTORICAL_PIT,False
power_equipment_labor,CES3133360003,Engine turbine and power transmission equipment average hourly earnings,labor,power_energy,0.25,negative,B,2020Q4,38.68666666666667,3,,True,,2020Q4,LATEST_REVISED_NOT_HISTORICAL_PIT,False
power_equipment_labor,CES3133360003,Engine turbine and power transmission equipment average hourly earnings,labor,power_energy,0.25,negative,B,2021Q1,37.10666666666666,3,4.076290201944643,True,1.0190725504861609,2021Q1,LATEST_REVISED_NOT_HISTORICAL_PIT,False
power_equipment_labor,CES3133360003,Engine turbine and power transmission equipment average hourly earnings,labor,power_energy,0.25,negative,B,2021Q2,36.093333333333334,3,-3.836589698046189,True,-0.9591474245115472,2021Q2,LATEST_REVISED_NOT_HISTORICAL_PIT,False
power_equipment_labor,CES3133360003,Engine turbine and power transmission equipment average hourly earnings,labor,power_energy,0.25,negative,B,2021Q3,35.71333333333333,3,-4.577841111506964,True,-1.144460277876741,2021Q3,LATEST_REVISED_NOT_HISTORICAL_PIT,False
power_equipment_labor,CES3133360003,Engine turbine and power transmission equipment average hourly earnings,labor,power_energy,0.25,negative,B,2021Q4,34.67333333333334,3,-10.373944511459577,True,-2.593486127864894,2021Q4,LATEST_REVISED_NOT_HISTORICAL_PIT,False
power_equipment_labor,CES3133360003,Engine turbine and power transmission equipment average hourly earnings,labor,power_energy,0.25,negative,B,2022Q1,33.94,3,-8.533956162414658,True,-2.1334890406036644,2022Q1,LATEST_REVISED_NOT_HISTORICAL_PIT,False
power_equipment_labor,CES3133360003,Engine turbine and power transmission equipment average hourly earnings,labor,power_energy,0.25,negative,B,2022Q2,35.31,3,-2.170299224233463,True,-0.5425748060583657,2022Q2,LATEST_REVISED_NOT_HISTORICAL_PIT,False
power_equipment_labor,CES3133360003,Engine turbine and power transmission equipment average hourly earnings,labor,power_energy,0.25,negative,B,2022Q3,34.18,3,-4.293447825275331,True,-1.0733619563188328,2022Q3,LATEST_REVISED_NOT_HISTORICAL_PIT,False
power_equipment_labor,CES3133360003,Engine turbine and power transmission equipment average hourly earnings,labor,power_energy,0.25,negative,B,2022Q4,35.486666666666665,3,2.3457027494712346,True,0.5864256873678086,2022Q4,LATEST_REVISED_NOT_HISTORICAL_PIT,False
power_equipment_labor,CES3133360003,Engine turbine and power transmission equipment average hourly earnings,labor,power_energy,0.25,negative,B,2023Q1,36.76333333333333,3,8.31860145354546,True,2.079650363386365,2023Q1,LATEST_REVISED_NOT_HISTORICAL_PIT,False
power_equipment_labor,CES3133360003,Engine turbine and power transmission equipment average hourly earnings,labor,power_energy,0.25,negative,B,2023Q2,34.93,3,-1.0761823845936047,True,-0.2690455961484012,2023Q2,LATEST_REVISED_NOT_HISTORICAL_PIT,False
power_equipment_labor,CES3133360003,Engine turbine and power transmission equipment average hourly earnings,labor,power_energy,0.25,negative,B,2023Q3,37.28,3,9.069631363370402,True,2.2674078408426004,2023Q3,LATEST_REVISED_NOT_HISTORICAL_PIT,False
power_equipment_labor,CES3133360003,Engine turbine and power transmission equipment average hourly earnings,labor,power_energy,0.25,negative,B,2023Q4,38.666666666666664,3,8.961112154799933,True,2.240278038699983,2023Q4,LATEST_REVISED_NOT_HISTORICAL_PIT,False
power_equipment_labor,CES3133360003,Engine turbine and power transmission equipment average hourly earnings,labor,power_energy,0.25,negative,B,2024Q1,42.02666666666667,3,14.316801160576698,True,3.5792002901441746,2024Q1,LATEST_REVISED_NOT_HISTORICAL_PIT,False
power_equipment_labor,CES3133360003,Engine turbine and power transmission equipment average hourly earnings,labor,power_energy,0.25,negative,B,2024Q2,42.18,3,20.75579730890351,True,5.1889493272258775,2024Q2,LATEST_REVISED_NOT_HISTORICAL_PIT,False
power_equipment_labor,CES3133360003,Engine turbine and power transmission equipment average hourly earnings,labor,power_energy,0.25,negative,B,2024Q3,43.29,3,16.121244635193133,True,4.030311158798283,2024Q3,LATEST_REVISED_NOT_HISTORICAL_PIT,False
power_equipment_labor,CES3133360003,Engine turbine and power transmission equipment average hourly earnings,labor,power_energy,0.25,negative,B,2024Q4,44.48333333333333,3,15.043103448275863,True,3.7607758620689657,2024Q4,LATEST_REVISED_NOT_HISTORICAL_PIT,False
power_equipment_labor,CES3133360003,Engine turbine and power transmission equipment average hourly earnings,labor,power_energy,0.25,negative,B,2025Q1,44.169999999999995,3,5.099936548223316,True,1.274984137055829,2025Q1,LATEST_REVISED_NOT_HISTORICAL_PIT,False
power_equipment_labor,CES3133360003,Engine turbine and power transmission equipment average hourly earnings,labor,power_energy,0.25,negative,B,2025Q2,44.29333333333333,3,5.010273431326051,True,1.2525683578315128,2025Q2,LATEST_REVISED_NOT_HISTORICAL_PIT,False
power_equipment_labor,CES3133360003,Engine turbine and power transmission equipment average hourly earnings,labor,power_energy,0.25,negative,B,2025Q3,42.98666666666666,3,-0.7007007007007182,True,-0.17517517517517955,2025Q3,LATEST_REVISED_NOT_HISTORICAL_PIT,False
power_equipment_labor,CES3133360003,Engine turbine and power transmission equipment average hourly earnings,labor,power_energy,0.25,negative,B,2025Q4,41.15,3,-7.493443237167474,True,-1.8733608092918685,2025Q4,LATEST_REVISED_NOT_HISTORICAL_PIT,False
power_equipment_labor,CES3133360003,Engine turbine and power transmission equipment average hourly earnings,labor,power_energy,0.25,negative,B,2026Q1,42.346666666666664,3,-4.127990340351662,True,-1.0319975850879155,2026Q1,LATEST_REVISED_NOT_HISTORICAL_PIT,False
power_equipment_labor,CES3133360003,Engine turbine and power transmission equipment average hourly earnings,labor,power_energy,0.25,negative,B,2026Q2,41.68,3,-5.900060204695956,True,-1.475015051173989,2026Q2,LATEST_REVISED_NOT_HISTORICAL_PIT,False
rail_freight,PCU482111482111,Line-haul railroads PPI,freight,power_energy,0.05,negative,B,2020Q1,223.0,3,,True,,2020Q1,LATEST_REVISED_NOT_HISTORICAL_PIT,False
rail_freight,PCU482111482111,Line-haul railroads PPI,freight,power_energy,0.05,negative,B,2020Q2,220.0666666666667,3,,True,,2020Q2,LATEST_REVISED_NOT_HISTORICAL_PIT,False
rail_freight,PCU482111482111,Line-haul railroads PPI,freight,power_energy,0.05,negative,B,2020Q3,219.23333333333335,3,,True,,2020Q3,LATEST_REVISED_NOT_HISTORICAL_PIT,False
rail_freight,PCU482111482111,Line-haul railroads PPI,freight,power_energy,0.05,negative,B,2020Q4,220.63333333333333,3,,True,,2020Q4,LATEST_REVISED_NOT_HISTORICAL_PIT,False
rail_freight,PCU482111482111,Line-haul railroads PPI,freight,power_energy,0.05,negative,B,2021Q1,224.79999999999998,3,0.8071748878923701,True,0.040358744394618506,2021Q1,LATEST_REVISED_NOT_HISTORICAL_PIT,False
rail_freight,PCU482111482111,Line-haul railroads PPI,freight,power_energy,0.05,negative,B,2021Q2,229.9,3,4.4683429263859376,True,0.22341714631929688,2021Q2,LATEST_REVISED_NOT_HISTORICAL_PIT,False
rail_freight,PCU482111482111,Line-haul railroads PPI,freight,power_energy,0.05,negative,B,2021Q3,233.4946666666667,3,6.505093507678272,True,0.3252546753839136,2021Q3,LATEST_REVISED_NOT_HISTORICAL_PIT,False
rail_freight,PCU482111482111,Line-haul railroads PPI,freight,power_energy,0.05,negative,B,2021Q4,237.68733333333333,3,7.729566399758281,True,0.38647831998791404,2021Q4,LATEST_REVISED_NOT_HISTORICAL_PIT,False
rail_freight,PCU482111482111,Line-haul railroads PPI,freight,power_energy,0.05,negative,B,2022Q1,242.08633333333333,3,7.689650059311992,True,0.3844825029655996,2022Q1,LATEST_REVISED_NOT_HISTORICAL_PIT,False
rail_freight,PCU482111482111,Line-haul railroads PPI,freight,power_energy,0.05,negative,B,2022Q2,253.47799999999998,3,10.255763375380589,True,0.5127881687690294,2022Q2,LATEST_REVISED_NOT_HISTORICAL_PIT,False
rail_freight,PCU482111482111,Line-haul railroads PPI,freight,power_energy,0.05,negative,B,2022Q3,258.4703333333334,3,10.696461303898452,True,0.5348230651949226,2022Q3,LATEST_REVISED_NOT_HISTORICAL_PIT,False
rail_freight,PCU482111482111,Line-haul railroads PPI,freight,power_energy,0.05,negative,B,2022Q4,258.2463333333333,3,8.649598492136734,True,0.4324799246068367,2022Q4,LATEST_REVISED_NOT_HISTORICAL_PIT,False
rail_freight,PCU482111482111,Line-haul railroads PPI,freight,power_energy,0.05,negative,B,2023Q1,259.813,3,7.322456589178228,True,0.3661228294589114,2023Q1,LATEST_REVISED_NOT_HISTORICAL_PIT,False
rail_freight,PCU482111482111,Line-haul railroads PPI,freight,power_energy,0.05,negative,B,2023Q2,256.35066666666665,3,1.1333001943626853,True,0.05666500971813426,2023Q2,LATEST_REVISED_NOT_HISTORICAL_PIT,False
rail_freight,PCU482111482111,Line-haul railroads PPI,freight,power_energy,0.05,negative,B,2023Q3,256.1166666666667,3,-0.9106138551039478,True,-0.04553069275519739,2023Q3,LATEST_REVISED_NOT_HISTORICAL_PIT,False
rail_freight,PCU482111482111,Line-haul railroads PPI,freight,power_energy,0.05,negative,B,2023Q4,261.29133333333334,3,1.1791067701509839,True,0.05895533850754919,2023Q4,LATEST_REVISED_NOT_HISTORICAL_PIT,False
rail_freight,PCU482111482111,Line-haul railroads PPI,freight,power_energy,0.05,negative,B,2024Q1,261.803,3,0.7659354997632928,True,0.03829677498816464,2024Q1,LATEST_REVISED_NOT_HISTORICAL_PIT,False
rail_freight,PCU482111482111,Line-haul railroads PPI,freight,power_energy,0.05,negative,B,2024Q2,262.9783333333333,3,2.585390844832336,True,0.1292695422416168,2024Q2,LATEST_REVISED_NOT_HISTORICAL_PIT,False
rail_freight,PCU482111482111,Line-haul railroads PPI,freight,power_energy,0.05,negative,B,2024Q3,264.667,3,3.3384525281447086,True,0.16692262640723543,2024Q3,LATEST_REVISED_NOT_HISTORICAL_PIT,False
rail_freight,PCU482111482111,Line-haul railroads PPI,freight,power_energy,0.05,negative,B,2024Q4,264.61633333333333,3,1.2725259416692003,True,0.06362629708346002,2024Q4,LATEST_REVISED_NOT_HISTORICAL_PIT,False
rail_freight,PCU482111482111,Line-haul railroads PPI,freight,power_energy,0.05,negative,B,2025Q1,268.18,3,2.435800964847612,True,0.1217900482423806,2025Q1,LATEST_REVISED_NOT_HISTORICAL_PIT,False
rail_freight,PCU482111482111,Line-haul railroads PPI,freight,power_energy,0.05,negative,B,2025Q2,268.1223333333333,3,1.9560546813108814,True,0.09780273406554407,2025Q2,LATEST_REVISED_NOT_HISTORICAL_PIT,False
rail_freight,PCU482111482111,Line-haul railroads PPI,freight,power_energy,0.05,negative,B,2025Q3,268.63033333333334,3,1.4974792223183764,True,0.07487396111591882,2025Q3,LATEST_REVISED_NOT_HISTORICAL_PIT,False
rail_freight,PCU482111482111,Line-haul railroads PPI,freight,power_energy,0.05,negative,B,2025Q4,268.9173333333333,3,1.6253720795768478,True,0.08126860397884239,2025Q4,LATEST_REVISED_NOT_HISTORICAL_PIT,False
rail_freight,PCU482111482111,Line-haul railroads PPI,freight,power_energy,0.05,negative,B,2026Q1,268.586,3,0.15139085688715692,True,0.007569542844357846,2026Q1,LATEST_REVISED_NOT_HISTORICAL_PIT,False
rail_freight,PCU482111482111,Line-haul railroads PPI,freight,power_energy,0.05,negative,B,2026Q2,271.13866666666667,3,1.1249839936248174,True,0.05624919968124087,2026Q2,LATEST_REVISED_NOT_HISTORICAL_PIT,False
rail_freight,PCU482111482111,Line-haul railroads PPI,freight,power_energy,0.05,negative,B,2026Q3,271.789,1,1.1758413979061633,False,0.05879206989530816,2026Q3,LATEST_REVISED_NOT_HISTORICAL_PIT,False
construction_output_price,WPU112,Construction machinery and equipment PPI,output_price,construction,1.0,positive,A,2020Q1,236.4333333333333,3,,True,,2020Q1,LATEST_REVISED_NOT_HISTORICAL_PIT,False
construction_output_price,WPU112,Construction machinery and equipment PPI,output_price,construction,1.0,positive,A,2020Q2,236.6,3,,True,,2020Q2,LATEST_REVISED_NOT_HISTORICAL_PIT,False
construction_output_price,WPU112,Construction machinery and equipment PPI,output_price,construction,1.0,positive,A,2020Q3,236.5,3,,True,,2020Q3,LATEST_REVISED_NOT_HISTORICAL_PIT,False
construction_output_price,WPU112,Construction machinery and equipment PPI,output_price,construction,1.0,positive,A,2020Q4,236.73333333333335,3,,True,,2020Q4,LATEST_REVISED_NOT_HISTORICAL_PIT,False
construction_output_price,WPU112,Construction machinery and equipment PPI,output_price,construction,1.0,positive,A,2021Q1,241.0666666666667,3,1.9596785563231522,True,1.9596785563231522,2021Q1,LATEST_REVISED_NOT_HISTORICAL_PIT,False
construction_output_price,WPU112,Construction machinery and equipment PPI,output_price,construction,1.0,positive,A,2021Q2,243.9333333333333,3,3.0994646379261637,True,3.0994646379261637,2021Q2,LATEST_REVISED_NOT_HISTORICAL_PIT,False
construction_output_price,WPU112,Construction machinery and equipment PPI,output_price,construction,1.0,positive,A,2021Q3,248.79233333333332,3,5.197603946441154,True,5.197603946441154,2021Q3,LATEST_REVISED_NOT_HISTORICAL_PIT,False
construction_output_price,WPU112,Construction machinery and equipment PPI,output_price,construction,1.0,positive,A,2021Q4,258.65799999999996,3,9.261334835257639,True,9.261334835257639,2021Q4,LATEST_REVISED_NOT_HISTORICAL_PIT,False
construction_output_price,WPU112,Construction machinery and equipment PPI,output_price,construction,1.0,positive,A,2022Q1,262.4676666666667,3,8.877627212389383,True,8.877627212389383,2022Q1,LATEST_REVISED_NOT_HISTORICAL_PIT,False
construction_output_price,WPU112,Construction machinery and equipment PPI,output_price,construction,1.0,positive,A,2022Q2,272.07866666666666,3,11.538125170811696,True,11.538125170811696,2022Q2,LATEST_REVISED_NOT_HISTORICAL_PIT,False
construction_output_price,WPU112,Construction machinery and equipment PPI,output_price,construction,1.0,positive,A,2022Q3,280.07166666666666,3,12.57246672928025,True,12.57246672928025,2022Q3,LATEST_REVISED_NOT_HISTORICAL_PIT,False
construction_output_price,WPU112,Construction machinery and equipment PPI,output_price,construction,1.0,positive,A,2022Q4,283.1483333333333,3,9.468229605631118,True,9.468229605631118,2022Q4,LATEST_REVISED_NOT_HISTORICAL_PIT,False
construction_output_price,WPU112,Construction machinery and equipment PPI,output_price,construction,1.0,positive,A,2023Q1,294.0013333333333,3,12.014305254107494,True,12.014305254107494,2023Q1,LATEST_REVISED_NOT_HISTORICAL_PIT,False
construction_output_price,WPU112,Construction machinery and equipment PPI,output_price,construction,1.0,positive,A,2023Q2,295.94033333333334,3,8.770135107983478,True,8.770135107983478,2023Q2,LATEST_REVISED_NOT_HISTORICAL_PIT,False
construction_output_price,WPU112,Construction machinery and equipment PPI,output_price,construction,1.0,positive,A,2023Q3,300.95666666666665,3,7.457019929422826,True,7.457019929422826,2023Q3,LATEST_REVISED_NOT_HISTORICAL_PIT,False
construction_output_price,WPU112,Construction machinery and equipment PPI,output_price,construction,1.0,positive,A,2023Q4,303.29766666666666,3,7.1161758560001065,True,7.1161758560001065,2023Q4,LATEST_REVISED_NOT_HISTORICAL_PIT,False
construction_output_price,WPU112,Construction machinery and equipment PPI,output_price,construction,1.0,positive,A,2024Q1,306.33366666666666,3,4.194652178448166,True,4.194652178448166,2024Q1,LATEST_REVISED_NOT_HISTORICAL_PIT,False
construction_output_price,WPU112,Construction machinery and equipment PPI,output_price,construction,1.0,positive,A,2024Q2,307.0846666666667,3,3.76573656176189,True,3.76573656176189,2024Q2,LATEST_REVISED_NOT_HISTORICAL_PIT,False
construction_output_price,WPU112,Construction machinery and equipment PPI,output_price,construction,1.0,positive,A,2024Q3,307.5263333333333,3,2.1829277747626996,True,2.1829277747626996,2024Q3,LATEST_REVISED_NOT_HISTORICAL_PIT,False
construction_output_price,WPU112,Construction machinery and equipment PPI,output_price,construction,1.0,positive,A,2024Q4,307.6463333333333,3,1.4337949627043933,True,1.4337949627043933,2024Q4,LATEST_REVISED_NOT_HISTORICAL_PIT,False
construction_output_price,WPU112,Construction machinery and equipment PPI,output_price,construction,1.0,positive,A,2025Q1,308.28766666666667,3,0.6378665529199745,True,0.6378665529199745,2025Q1,LATEST_REVISED_NOT_HISTORICAL_PIT,False
construction_output_price,WPU112,Construction machinery and equipment PPI,output_price,construction,1.0,positive,A,2025Q2,313.692,3,2.1516324488143335,True,2.1516324488143335,2025Q2,LATEST_REVISED_NOT_HISTORICAL_PIT,False
construction_output_price,WPU112,Construction machinery and equipment PPI,output_price,construction,1.0,positive,A,2025Q3,319.60366666666664,3,3.9272517583859967,True,3.9272517583859967,2025Q3,LATEST_REVISED_NOT_HISTORICAL_PIT,False
construction_output_price,WPU112,Construction machinery and equipment PPI,output_price,construction,1.0,positive,A,2025Q4,322.92766666666665,3,4.96717551214112,True,4.96717551214112,2025Q4,LATEST_REVISED_NOT_HISTORICAL_PIT,False
construction_output_price,WPU112,Construction machinery and equipment PPI,output_price,construction,1.0,positive,A,2026Q1,323.19166666666666,3,4.834445750343552,True,4.834445750343552,2026Q1,LATEST_REVISED_NOT_HISTORICAL_PIT,False
construction_output_price,WPU112,Construction machinery and equipment PPI,output_price,construction,1.0,positive,A,2026Q2,324.2583333333333,3,3.368378324386123,True,3.368378324386123,2026Q2,LATEST_REVISED_NOT_HISTORICAL_PIT,False
construction_output_price,WPU112,Construction machinery and equipment PPI,output_price,construction,1.0,positive,A,2026Q3,326.717,1,2.225673255730287,False,2.225673255730287,2026Q3,LATEST_REVISED_NOT_HISTORICAL_PIT,False
mining_output_price,WPU1192,Mining machinery and equipment PPI,output_price,resource,1.0,positive,A,2020Q1,305.26666666666665,3,,True,,2020Q1,LATEST_REVISED_NOT_HISTORICAL_PIT,False
mining_output_price,WPU1192,Mining machinery and equipment PPI,output_price,resource,1.0,positive,A,2020Q2,305.6666666666667,3,,True,,2020Q2,LATEST_REVISED_NOT_HISTORICAL_PIT,False
mining_output_price,WPU1192,Mining machinery and equipment PPI,output_price,resource,1.0,positive,A,2020Q3,308.3666666666666,3,,True,,2020Q3,LATEST_REVISED_NOT_HISTORICAL_PIT,False
mining_output_price,WPU1192,Mining machinery and equipment PPI,output_price,resource,1.0,positive,A,2020Q4,310.1666666666667,3,,True,,2020Q4,LATEST_REVISED_NOT_HISTORICAL_PIT,False
mining_output_price,WPU1192,Mining machinery and equipment PPI,output_price,resource,1.0,positive,A,2021Q1,312.23333333333335,3,2.282157676348562,True,2.282157676348562,2021Q1,LATEST_REVISED_NOT_HISTORICAL_PIT,False
mining_output_price,WPU1192,Mining machinery and equipment PPI,output_price,resource,1.0,positive,A,2021Q2,314.56666666666666,3,2.9116684841875573,True,2.9116684841875573,2021Q2,LATEST_REVISED_NOT_HISTORICAL_PIT,False
mining_output_price,WPU1192,Mining machinery and equipment PPI,output_price,resource,1.0,positive,A,2021Q3,332.995,3,7.986704140092971,True,7.986704140092971,2021Q3,LATEST_REVISED_NOT_HISTORICAL_PIT,False
mining_output_price,WPU1192,Mining machinery and equipment PPI,output_price,resource,1.0,positive,A,2021Q4,344.26500000000004,3,10.993551853842032,True,10.993551853842032,2021Q4,LATEST_REVISED_NOT_HISTORICAL_PIT,False
mining_output_price,WPU1192,Mining machinery and equipment PPI,output_price,resource,1.0,positive,A,2022Q1,353.14866666666666,3,13.104088822461835,True,13.104088822461835,2022Q1,LATEST_REVISED_NOT_HISTORICAL_PIT,False
mining_output_price,WPU1192,Mining machinery and equipment PPI,output_price,resource,1.0,positive,A,2022Q2,377.96133333333336,3,20.15301472925719,True,20.15301472925719,2022Q2,LATEST_REVISED_NOT_HISTORICAL_PIT,False
mining_output_price,WPU1192,Mining machinery and equipment PPI,output_price,resource,1.0,positive,A,2022Q3,383.96033333333327,3,15.305134711732382,True,15.305134711732382,2022Q3,LATEST_REVISED_NOT_HISTORICAL_PIT,False
mining_output_price,WPU1192,Mining machinery and equipment PPI,output_price,resource,1.0,positive,A,2022Q4,395.11400000000003,3,14.770307757105705,True,14.770307757105705,2022Q4,LATEST_REVISED_NOT_HISTORICAL_PIT,False
mining_output_price,WPU1192,Mining machinery and equipment PPI,output_price,resource,1.0,positive,A,2023Q1,399.3503333333333,3,13.082781000636178,True,13.082781000636178,2023Q1,LATEST_REVISED_NOT_HISTORICAL_PIT,False
mining_output_price,WPU1192,Mining machinery and equipment PPI,output_price,resource,1.0,positive,A,2023Q2,416.4893333333334,3,10.19363532777604,True,10.19363532777604,2023Q2,LATEST_REVISED_NOT_HISTORICAL_PIT,False
mining_output_price,WPU1192,Mining machinery and equipment PPI,output_price,resource,1.0,positive,A,2023Q3,424.03133333333335,3,10.436234298508285,True,10.436234298508285,2023Q3,LATEST_REVISED_NOT_HISTORICAL_PIT,False
mining_output_price,WPU1192,Mining machinery and equipment PPI,output_price,resource,1.0,positive,A,2023Q4,433.4496666666667,3,9.702431871982942,True,9.702431871982942,2023Q4,LATEST_REVISED_NOT_HISTORICAL_PIT,False
mining_output_price,WPU1192,Mining machinery and equipment PPI,output_price,resource,1.0,positive,A,2024Q1,441.7353333333333,3,10.613488073546119,True,10.613488073546119,2024Q1,LATEST_REVISED_NOT_HISTORICAL_PIT,False
mining_output_price,WPU1192,Mining machinery and equipment PPI,output_price,resource,1.0,positive,A,2024Q2,447.98199999999997,3,7.561458156591416,True,7.561458156591416,2024Q2,LATEST_REVISED_NOT_HISTORICAL_PIT,False
mining_output_price,WPU1192,Mining machinery and equipment PPI,output_price,resource,1.0,positive,A,2024Q3,453.25600000000003,3,6.892100740982987,True,6.892100740982987,2024Q3,LATEST_REVISED_NOT_HISTORICAL_PIT,False
mining_output_price,WPU1192,Mining machinery and equipment PPI,output_price,resource,1.0,positive,A,2024Q4,453.468,3,4.618375528415819,True,4.618375528415819,2024Q4,LATEST_REVISED_NOT_HISTORICAL_PIT,False
mining_output_price,WPU1192,Mining machinery and equipment PPI,output_price,resource,1.0,positive,A,2025Q1,453.047,3,2.560733953815486,True,2.560733953815486,2025Q1,LATEST_REVISED_NOT_HISTORICAL_PIT,False
mining_output_price,WPU1192,Mining machinery and equipment PPI,output_price,resource,1.0,positive,A,2025Q2,454.42,3,1.4371113125080992,True,1.4371113125080992,2025Q2,LATEST_REVISED_NOT_HISTORICAL_PIT,False
mining_output_price,WPU1192,Mining machinery and equipment PPI,output_price,resource,1.0,positive,A,2025Q3,456.39366666666666,3,0.692250442722564,True,0.692250442722564,2025Q3,LATEST_REVISED_NOT_HISTORICAL_PIT,False
mining_output_price,WPU1192,Mining machinery and equipment PPI,output_price,resource,1.0,positive,A,2025Q4,458.34233333333333,3,1.074901279325835,True,1.074901279325835,2025Q4,LATEST_REVISED_NOT_HISTORICAL_PIT,False
mining_output_price,WPU1192,Mining machinery and equipment PPI,output_price,resource,1.0,positive,A,2026Q1,458.23066666666665,3,1.1441785657264392,True,1.1441785657264392,2026Q1,LATEST_REVISED_NOT_HISTORICAL_PIT,False
mining_output_price,WPU1192,Mining machinery and equipment PPI,output_price,resource,1.0,positive,A,2026Q2,465.80266666666665,3,2.5048780129982573,True,2.5048780129982573,2026Q2,LATEST_REVISED_NOT_HISTORICAL_PIT,False
mining_output_price,WPU1192,Mining machinery and equipment PPI,output_price,resource,1.0,positive,A,2026Q3,473.609,1,3.772035983555133,False,3.772035983555133,2026Q3,LATEST_REVISED_NOT_HISTORICAL_PIT,False
oilfield_output_price,WPU1191,Oil field and gas field machinery PPI,output_price,power_energy,0.3,positive,B,2020Q1,217.36666666666667,3,,True,,2020Q1,LATEST_REVISED_NOT_HISTORICAL_PIT,False
oilfield_output_price,WPU1191,Oil field and gas field machinery PPI,output_price,power_energy,0.3,positive,B,2020Q2,217.80000000000004,3,,True,,2020Q2,LATEST_REVISED_NOT_HISTORICAL_PIT,False
oilfield_output_price,WPU1191,Oil field and gas field machinery PPI,output_price,power_energy,0.3,positive,B,2020Q3,217.80000000000004,3,,True,,2020Q3,LATEST_REVISED_NOT_HISTORICAL_PIT,False
oilfield_output_price,WPU1191,Oil field and gas field machinery PPI,output_price,power_energy,0.3,positive,B,2020Q4,218.5,3,,True,,2020Q4,LATEST_REVISED_NOT_HISTORICAL_PIT,False
oilfield_output_price,WPU1191,Oil field and gas field machinery PPI,output_price,power_energy,0.3,positive,B,2021Q1,218.36666666666667,3,0.4600521392424506,True,0.13801564177273518,2021Q1,LATEST_REVISED_NOT_HISTORICAL_PIT,False
oilfield_output_price,WPU1191,Oil field and gas field machinery PPI,output_price,power_energy,0.3,positive,B,2021Q2,219.36666666666667,3,0.7193143556779802,True,0.21579430670339406,2021Q2,LATEST_REVISED_NOT_HISTORICAL_PIT,False
oilfield_output_price,WPU1191,Oil field and gas field machinery PPI,output_price,power_energy,0.3,positive,B,2021Q3,222.83633333333333,3,2.3123660850933314,True,0.6937098255279994,2021Q3,LATEST_REVISED_NOT_HISTORICAL_PIT,False
oilfield_output_price,WPU1191,Oil field and gas field machinery PPI,output_price,power_energy,0.3,positive,B,2021Q4,225.02533333333335,3,2.9864225781846,True,0.89592677345538,2021Q4,LATEST_REVISED_NOT_HISTORICAL_PIT,False
oilfield_output_price,WPU1191,Oil field and gas field machinery PPI,output_price,power_energy,0.3,positive,B,2022Q1,230.54600000000002,3,5.577469088688747,True,1.673240726606624,2022Q1,LATEST_REVISED_NOT_HISTORICAL_PIT,False
oilfield_output_price,WPU1191,Oil field and gas field machinery PPI,output_price,power_energy,0.3,positive,B,2022Q2,232.63633333333334,3,6.049080686825703,True,1.814724206047711,2022Q2,LATEST_REVISED_NOT_HISTORICAL_PIT,False
oilfield_output_price,WPU1191,Oil field and gas field machinery PPI,output_price,power_energy,0.3,positive,B,2022Q3,234.4273333333333,3,5.2015754462542585,True,1.5604726338762775,2022Q3,LATEST_REVISED_NOT_HISTORICAL_PIT,False
oilfield_output_price,WPU1191,Oil field and gas field machinery PPI,output_price,power_energy,0.3,positive,B,2022Q4,246.88400000000001,3,9.713869253239626,True,2.9141607759718875,2022Q4,LATEST_REVISED_NOT_HISTORICAL_PIT,False
oilfield_output_price,WPU1191,Oil field and gas field machinery PPI,output_price,power_energy,0.3,positive,B,2023Q1,249.23066666666668,3,8.104528669621969,True,2.4313586008865906,2023Q1,LATEST_REVISED_NOT_HISTORICAL_PIT,False
oilfield_output_price,WPU1191,Oil field and gas field machinery PPI,output_price,power_energy,0.3,positive,B,2023Q2,250.63199999999998,3,7.735535721705822,True,2.3206607165117465,2023Q2,LATEST_REVISED_NOT_HISTORICAL_PIT,False
oilfield_output_price,WPU1191,Oil field and gas field machinery PPI,output_price,power_energy,0.3,positive,B,2023Q3,251.25,3,7.176068774687838,True,2.1528206324063515,2023Q3,LATEST_REVISED_NOT_HISTORICAL_PIT,False
oilfield_output_price,WPU1191,Oil field and gas field machinery PPI,output_price,power_energy,0.3,positive,B,2023Q4,253.67533333333336,3,2.750819548181882,True,0.8252458644545646,2023Q4,LATEST_REVISED_NOT_HISTORICAL_PIT,False
oilfield_output_price,WPU1191,Oil field and gas field machinery PPI,output_price,power_energy,0.3,positive,B,2024Q1,260.32,3,4.449425699352139,True,1.3348277098056416,2024Q1,LATEST_REVISED_NOT_HISTORICAL_PIT,False
oilfield_output_price,WPU1191,Oil field and gas field machinery PPI,output_price,power_energy,0.3,positive,B,2024Q2,260.8906666666667,3,4.093119261174438,True,1.2279357783523315,2024Q2,LATEST_REVISED_NOT_HISTORICAL_PIT,False
oilfield_output_price,WPU1191,Oil field and gas field machinery PPI,output_price,power_energy,0.3,positive,B,2024Q3,261.662,3,4.144079601990036,True,1.2432238805970108,2024Q3,LATEST_REVISED_NOT_HISTORICAL_PIT,False
oilfield_output_price,WPU1191,Oil field and gas field machinery PPI,output_price,power_energy,0.3,positive,B,2024Q4,262.91966666666667,3,3.6441593322698473,True,1.0932477996809542,2024Q4,LATEST_REVISED_NOT_HISTORICAL_PIT,False
oilfield_output_price,WPU1191,Oil field and gas field machinery PPI,output_price,power_energy,0.3,positive,B,2025Q1,264.21133333333336,3,1.494826879737765,True,0.4484480639213295,2025Q1,LATEST_REVISED_NOT_HISTORICAL_PIT,False
oilfield_output_price,WPU1191,Oil field and gas field machinery PPI,output_price,power_energy,0.3,positive,B,2025Q2,265.9766666666667,3,1.9494756424146997,True,0.5848426927244099,2025Q2,LATEST_REVISED_NOT_HISTORICAL_PIT,False
oilfield_output_price,WPU1191,Oil field and gas field machinery PPI,output_price,power_energy,0.3,positive,B,2025Q3,266.44733333333335,3,1.828822424858556,True,0.5486467274575668,2025Q3,LATEST_REVISED_NOT_HISTORICAL_PIT,False
oilfield_output_price,WPU1191,Oil field and gas field machinery PPI,output_price,power_energy,0.3,positive,B,2025Q4,266.652,3,1.41957175765981,True,0.425871527297943,2025Q4,LATEST_REVISED_NOT_HISTORICAL_PIT,False
oilfield_output_price,WPU1191,Oil field and gas field machinery PPI,output_price,power_energy,0.3,positive,B,2026Q1,268.372,3,1.574749506077211,True,0.4724248518231633,2026Q1,LATEST_REVISED_NOT_HISTORICAL_PIT,False
oilfield_output_price,WPU1191,Oil field and gas field machinery PPI,output_price,power_energy,0.3,positive,B,2026Q2,269.774,3,1.427694158635462,True,0.42830824759063857,2026Q2,LATEST_REVISED_NOT_HISTORICAL_PIT,False
oilfield_output_price,WPU1191,Oil field and gas field machinery PPI,output_price,power_energy,0.3,positive,B,2026Q3,269.774,1,1.2485269133862609,False,0.37455807401587826,2026Q3,LATEST_REVISED_NOT_HISTORICAL_PIT,False
engine_output_price,WPU1194,Internal combustion engines PPI,output_price,power_energy,0.35,positive,A,2020Q1,170.79999999999998,3,,True,,2020Q1,LATEST_REVISED_NOT_HISTORICAL_PIT,False
engine_output_price,WPU1194,Internal combustion engines PPI,output_price,power_energy,0.35,positive,A,2020Q2,171.1,3,,True,,2020Q2,LATEST_REVISED_NOT_HISTORICAL_PIT,False
engine_output_price,WPU1194,Internal combustion engines PPI,output_price,power_energy,0.35,positive,A,2020Q3,171.23333333333335,3,,True,,2020Q3,LATEST_REVISED_NOT_HISTORICAL_PIT,False
engine_output_price,WPU1194,Internal combustion engines PPI,output_price,power_energy,0.35,positive,A,2020Q4,171.4,3,,True,,2020Q4,LATEST_REVISED_NOT_HISTORICAL_PIT,False
engine_output_price,WPU1194,Internal combustion engines PPI,output_price,power_energy,0.35,positive,A,2021Q1,171.6,3,0.4683840749414525,True,0.16393442622950838,2021Q1,LATEST_REVISED_NOT_HISTORICAL_PIT,False
engine_output_price,WPU1194,Internal combustion engines PPI,output_price,power_energy,0.35,positive,A,2021Q2,172.19999999999996,3,0.642898889538257,True,0.22501461133838993,2021Q2,LATEST_REVISED_NOT_HISTORICAL_PIT,False
engine_output_price,WPU1194,Internal combustion engines PPI,output_price,power_energy,0.35,positive,A,2021Q3,172.9706666666667,3,1.0145999610667644,True,0.35510998637336755,2021Q3,LATEST_REVISED_NOT_HISTORICAL_PIT,False
engine_output_price,WPU1194,Internal combustion engines PPI,output_price,power_energy,0.35,positive,A,2021Q4,174.789,3,1.9772462077012776,True,0.6920361726954471,2021Q4,LATEST_REVISED_NOT_HISTORICAL_PIT,False
engine_output_price,WPU1194,Internal combustion engines PPI,output_price,power_energy,0.35,positive,A,2022Q1,179.40866666666668,3,4.550505050505049,True,1.5926767676767672,2022Q1,LATEST_REVISED_NOT_HISTORICAL_PIT,False
engine_output_price,WPU1194,Internal combustion engines PPI,output_price,power_energy,0.35,positive,A,2022Q2,183.664,3,6.657375145180033,True,2.3300813008130117,2022Q2,LATEST_REVISED_NOT_HISTORICAL_PIT,False
engine_output_price,WPU1194,Internal combustion engines PPI,output_price,power_energy,0.35,positive,A,2022Q3,185.53133333333335,3,7.261732239763186,True,2.541606283917115,2022Q3,LATEST_REVISED_NOT_HISTORICAL_PIT,False
engine_output_price,WPU1194,Internal combustion engines PPI,output_price,power_energy,0.35,positive,A,2022Q4,186.96033333333332,3,6.963443542404457,True,2.43720523984156,2022Q4,LATEST_REVISED_NOT_HISTORICAL_PIT,False
engine_output_price,WPU1194,Internal combustion engines PPI,output_price,power_energy,0.35,positive,A,2023Q1,194.46333333333334,3,8.39127058150293,True,2.9369447035260254,2023Q1,LATEST_REVISED_NOT_HISTORICAL_PIT,False
engine_output_price,WPU1194,Internal combustion engines PPI,output_price,power_energy,0.35,positive,A,2023Q2,194.99533333333332,3,6.1695995586142915,True,2.159359845515002,2023Q2,LATEST_REVISED_NOT_HISTORICAL_PIT,False
engine_output_price,WPU1194,Internal combustion engines PPI,output_price,power_energy,0.35,positive,A,2023Q3,198.72933333333333,3,7.113623215485609,True,2.489768125419963,2023Q3,LATEST_REVISED_NOT_HISTORICAL_PIT,False
engine_output_price,WPU1194,Internal combustion engines PPI,output_price,power_energy,0.35,positive,A,2023Q4,198.78833333333333,3,6.326475669527043,True,2.214266484334465,2023Q4,LATEST_REVISED_NOT_HISTORICAL_PIT,False
engine_output_price,WPU1194,Internal combustion engines PPI,output_price,power_energy,0.35,positive,A,2024Q1,202.80933333333334,3,4.2918116525823224,True,1.5021340784038129,2024Q1,LATEST_REVISED_NOT_HISTORICAL_PIT,False
engine_output_price,WPU1194,Internal combustion engines PPI,output_price,power_energy,0.35,positive,A,2024Q2,203.817,3,4.524039891552967,True,1.5834139620435383,2024Q2,LATEST_REVISED_NOT_HISTORICAL_PIT,False
engine_output_price,WPU1194,Internal combustion engines PPI,output_price,power_energy,0.35,positive,A,2024Q3,204.51699999999997,3,2.9123363771159205,True,1.0193177319905722,2024Q3,LATEST_REVISED_NOT_HISTORICAL_PIT,False
engine_output_price,WPU1194,Internal combustion engines PPI,output_price,power_energy,0.35,positive,A,2024Q4,205.016,3,3.1328129585069586,True,1.0964845354774355,2024Q4,LATEST_REVISED_NOT_HISTORICAL_PIT,False
engine_output_price,WPU1194,Internal combustion engines PPI,output_price,power_energy,0.35,positive,A,2025Q1,209.54933333333335,3,3.3233184534571025,True,1.1631614587099859,2025Q1,LATEST_REVISED_NOT_HISTORICAL_PIT,False
engine_output_price,WPU1194,Internal combustion engines PPI,output_price,power_energy,0.35,positive,A,2025Q2,210.58933333333334,3,3.3227519457814214,True,1.1629631810234975,2025Q2,LATEST_REVISED_NOT_HISTORICAL_PIT,False
engine_output_price,WPU1194,Internal combustion engines PPI,output_price,power_energy,0.35,positive,A,2025Q3,212.08033333333333,3,3.698144082562016,True,1.2943504288967056,2025Q3,LATEST_REVISED_NOT_HISTORICAL_PIT,False
engine_output_price,WPU1194,Internal combustion engines PPI,output_price,power_energy,0.35,positive,A,2025Q4,212.18500000000003,3,3.49680024973662,True,1.223880087407817,2025Q4,LATEST_REVISED_NOT_HISTORICAL_PIT,False
engine_output_price,WPU1194,Internal combustion engines PPI,output_price,power_energy,0.35,positive,A,2026Q1,219.3033333333333,3,4.654751148496428,True,1.6291629019737497,2026Q1,LATEST_REVISED_NOT_HISTORICAL_PIT,False
engine_output_price,WPU1194,Internal combustion engines PPI,output_price,power_energy,0.35,positive,A,2026Q2,221.484,3,5.173418090185011,True,1.8106963315647537,2026Q2,LATEST_REVISED_NOT_HISTORICAL_PIT,False
engine_output_price,WPU1194,Internal combustion engines PPI,output_price,power_energy,0.35,positive,A,2026Q3,222.246,1,4.793309453493255,False,1.6776583087226393,2026Q3,LATEST_REVISED_NOT_HISTORICAL_PIT,False
turbine_output_price,WPU1197,Turbines and turbine generator sets PPI,output_price,power_energy,0.35,positive,A,2020Q1,238.36666666666667,3,,True,,2020Q1,LATEST_REVISED_NOT_HISTORICAL_PIT,False
turbine_output_price,WPU1197,Turbines and turbine generator sets PPI,output_price,power_energy,0.35,positive,A,2020Q2,239.9,3,,True,,2020Q2,LATEST_REVISED_NOT_HISTORICAL_PIT,False
turbine_output_price,WPU1197,Turbines and turbine generator sets PPI,output_price,power_energy,0.35,positive,A,2020Q3,241.53333333333333,3,,True,,2020Q3,LATEST_REVISED_NOT_HISTORICAL_PIT,False
turbine_output_price,WPU1197,Turbines and turbine generator sets PPI,output_price,power_energy,0.35,positive,A,2020Q4,242.20000000000002,3,,True,,2020Q4,LATEST_REVISED_NOT_HISTORICAL_PIT,False
turbine_output_price,WPU1197,Turbines and turbine generator sets PPI,output_price,power_energy,0.35,positive,A,2021Q1,243.70000000000002,3,2.23744930778913,True,0.7831072577261955,2021Q1,LATEST_REVISED_NOT_HISTORICAL_PIT,False
turbine_output_price,WPU1197,Turbines and turbine generator sets PPI,output_price,power_energy,0.35,positive,A,2021Q2,246.1,3,2.5844101709045386,True,0.9045435598165884,2021Q2,LATEST_REVISED_NOT_HISTORICAL_PIT,False
turbine_output_price,WPU1197,Turbines and turbine generator sets PPI,output_price,power_energy,0.35,positive,A,2021Q3,247.63199999999998,3,2.5249792989235242,True,0.8837427546232334,2021Q3,LATEST_REVISED_NOT_HISTORICAL_PIT,False
turbine_output_price,WPU1197,Turbines and turbine generator sets PPI,output_price,power_energy,0.35,positive,A,2021Q4,250.11533333333333,3,3.2680979906413388,True,1.1438342967244686,2021Q4,LATEST_REVISED_NOT_HISTORICAL_PIT,False
turbine_output_price,WPU1197,Turbines and turbine generator sets PPI,output_price,power_energy,0.35,positive,A,2022Q1,253.62199999999999,3,4.071399261386932,True,1.4249897414854262,2022Q1,LATEST_REVISED_NOT_HISTORICAL_PIT,False
turbine_output_price,WPU1197,Turbines and turbine generator sets PPI,output_price,power_energy,0.35,positive,A,2022Q2,257.3766666666666,3,4.582148178247314,True,1.6037518623865599,2022Q2,LATEST_REVISED_NOT_HISTORICAL_PIT,False
turbine_output_price,WPU1197,Turbines and turbine generator sets PPI,output_price,power_energy,0.35,positive,A,2022Q3,255.34799999999998,3,3.1159139368094557,True,1.0905698778833095,2022Q3,LATEST_REVISED_NOT_HISTORICAL_PIT,False
turbine_output_price,WPU1197,Turbines and turbine generator sets PPI,output_price,power_energy,0.35,positive,A,2022Q4,254.39033333333336,3,1.7092114837688355,True,0.5982240193190924,2022Q4,LATEST_REVISED_NOT_HISTORICAL_PIT,False
turbine_output_price,WPU1197,Turbines and turbine generator sets PPI,output_price,power_energy,0.35,positive,A,2023Q1,259.52566666666667,3,2.3277423357069393,True,0.8147098174974288,2023Q1,LATEST_REVISED_NOT_HISTORICAL_PIT,False
turbine_output_price,WPU1197,Turbines and turbine generator sets PPI,output_price,power_energy,0.35,positive,A,2023Q2,267.2296666666667,3,3.8282413583205166,True,1.3398844754121808,2023Q2,LATEST_REVISED_NOT_HISTORICAL_PIT,False
turbine_output_price,WPU1197,Turbines and turbine generator sets PPI,output_price,power_energy,0.35,positive,A,2023Q3,267.9393333333333,3,4.931048347092326,True,1.7258669214823141,2023Q3,LATEST_REVISED_NOT_HISTORICAL_PIT,False
turbine_output_price,WPU1197,Turbines and turbine generator sets PPI,output_price,power_energy,0.35,positive,A,2023Q4,272.86366666666663,3,7.261806331739518,True,2.541632216108831,2023Q4,LATEST_REVISED_NOT_HISTORICAL_PIT,False
turbine_output_price,WPU1197,Turbines and turbine generator sets PPI,output_price,power_energy,0.35,positive,A,2024Q1,274.81266666666664,3,5.890361518513898,True,2.061626531479864,2024Q1,LATEST_REVISED_NOT_HISTORICAL_PIT,False
turbine_output_price,WPU1197,Turbines and turbine generator sets PPI,output_price,power_energy,0.35,positive,A,2024Q2,278.1193333333333,3,4.075021610624563,True,1.426257563718597,2024Q2,LATEST_REVISED_NOT_HISTORICAL_PIT,False
turbine_output_price,WPU1197,Turbines and turbine generator sets PPI,output_price,power_energy,0.35,positive,A,2024Q3,281.2146666666667,3,4.954604151686093,True,1.7341114530901325,2024Q3,LATEST_REVISED_NOT_HISTORICAL_PIT,False
turbine_output_price,WPU1197,Turbines and turbine generator sets PPI,output_price,power_energy,0.35,positive,A,2024Q4,282.965,3,3.701970825479406,True,1.295689788917792,2024Q4,LATEST_REVISED_NOT_HISTORICAL_PIT,False
turbine_output_price,WPU1197,Turbines and turbine generator sets PPI,output_price,power_energy,0.35,positive,A,2025Q1,288.5523333333333,3,4.9996482452288715,True,1.749876885830105,2025Q1,LATEST_REVISED_NOT_HISTORICAL_PIT,False
turbine_output_price,WPU1197,Turbines and turbine generator sets PPI,output_price,power_energy,0.35,positive,A,2025Q2,289.872,3,4.225764000584897,True,1.479017400204714,2025Q2,LATEST_REVISED_NOT_HISTORICAL_PIT,False
turbine_output_price,WPU1197,Turbines and turbine generator sets PPI,output_price,power_energy,0.35,positive,A,2025Q3,289.84,3,3.0671705126806836,True,1.0735096794382393,2025Q3,LATEST_REVISED_NOT_HISTORICAL_PIT,False
turbine_output_price,WPU1197,Turbines and turbine generator sets PPI,output_price,power_energy,0.35,positive,A,2025Q4,294.425,3,4.049970844450734,True,1.417489795557757,2025Q4,LATEST_REVISED_NOT_HISTORICAL_PIT,False
turbine_output_price,WPU1197,Turbines and turbine generator sets PPI,output_price,power_energy,0.35,positive,A,2026Q1,295.96566666666666,3,2.5691469022950386,True,0.8992014158032634,2026Q1,LATEST_REVISED_NOT_HISTORICAL_PIT,False
turbine_output_price,WPU1197,Turbines and turbine generator sets PPI,output_price,power_energy,0.35,positive,A,2026Q2,301.11966666666666,3,3.8802183952457048,True,1.3580764383359967,2026Q2,LATEST_REVISED_NOT_HISTORICAL_PIT,False
turbine_output_price,WPU1197,Turbines and turbine generator sets PPI,output_price,power_energy,0.35,positive,A,2026Q3,304.397,1,5.022426166160643,False,1.7578491581562248,2026Q3,LATEST_REVISED_NOT_HISTORICAL_PIT,False
