frame_id,ticker,sector,subindustry,concept,semantic_frame,value,unit,period,rule_id,method,authority,source_sha256,source_literal,exact_source_span,holdout_issuer,development_probe_issuer
5b1108593e9e2d351d74,AR,ENERGY,ep,CAPEX,ABSOLUTE_VALUE,297000000.0,USD,2026,semantic.absolute,SPAN_RULE,RESEARCH_EVIDENCE,7276f0c6c32e2d115458eaf4732fa972343b230d938baca9e80031f5bd49b517,"Second Quarter 2026 Capital Investment Antero’s drilling and completion capital expenditures for the three months ended June 30, 2026 were $297 million.",True,False,False
4891020cd45ca115e271,AR,ENERGY,ep,DEBT,COMPARATIVE,1397976.0,USD,2025,semantic.comparative,SPAN_RULE,RESEARCH_EVIDENCE,7276f0c6c32e2d115458eaf4732fa972343b230d938baca9e80031f5bd49b517,"The following table reconciles consolidated total debt to Net Debt as used in this release (in thousands): December 31, 2025 June 30, 2026 Commercial paper $ — 182,000 Credit Facility 438,600 2,700 Term Loan — 1,100,000 7.625% senior notes due 2029 365,353 — 5.375% senior notes due 2030 600,000 600,000 5.400% senior notes due 2036 — 750,000 Unamortized debt issuance costs (5,977 ) (20,442 ) Total debt $ 1,397,976 2,614,258 Less: Cash, cash equivalents and restricted cash (210,000 ) — Net Debt $ 1,187,976 2,614,258 Adjusted Free Cash Flow Adjusted Free Cash Flow is a measure of financial performance not calculated under GAAP and should not be considered in isolation or as a substitute for cash flow from operating, investing, or financing activities, as an indicator of cash flow or as a measure of liquidity.",True,False,False
b150774890c7c47cc44d,AR,ENERGY,ep,PRIOR_YEAR_DEBT,COMPARATIVE,1187976.0,USD,2026,semantic.comparative,SPAN_RULE,RESEARCH_EVIDENCE,7276f0c6c32e2d115458eaf4732fa972343b230d938baca9e80031f5bd49b517,"The following table reconciles consolidated total debt to Net Debt as used in this release (in thousands): December 31, 2025 June 30, 2026 Commercial paper $ — 182,000 Credit Facility 438,600 2,700 Term Loan — 1,100,000 7.625% senior notes due 2029 365,353 — 5.375% senior notes due 2030 600,000 600,000 5.400% senior notes due 2036 — 750,000 Unamortized debt issuance costs (5,977 ) (20,442 ) Total debt $ 1,397,976 2,614,258 Less: Cash, cash equivalents and restricted cash (210,000 ) — Net Debt $ 1,187,976 2,614,258 Adjusted Free Cash Flow Adjusted Free Cash Flow is a measure of financial performance not calculated under GAAP and should not be considered in isolation or as a substitute for cash flow from operating, investing, or financing activities, as an indicator of cash flow or as a measure of liquidity.",True,False,False
2ebda7a0cfd185ed3854,AR,ENERGY,ep,REALIZED_PRICE,ABSOLUTE_VALUE,11.27,USD_PER_BBL,2025,semantic.absolute,SPAN_RULE,RESEARCH_EVIDENCE,7276f0c6c32e2d115458eaf4732fa972343b230d938baca9e80031f5bd49b517,"Excluding the effect of these proceeds, the average realized price for ethane before and after the effects of derivatives for the three months ended June 30, 2025 would have been $11.27 per Bbl. 13",True,False,False
08a7b744a9a019c1be0a,COP,ENERGY,ep,PRODUCTION,COMPARATIVE,2248.0,MBOE,2026,semantic.comparative,SPAN_RULE,RESEARCH_EVIDENCE,27d5e7501b631ee3cd0aff938af5c383bc8c8f27dc7207f169f0fd842e70e2d4,"Second-quarter review ConocoPhillips announces second-quarter 2026 results and quarterly dividend Production for the second quarter of 2026 was 2,248 MBOED, a decrease of 143 MBOED from the same period a year ago.",True,True,False
d49ebe0f7e12e8c5d612,COP,ENERGY,ep,PRIOR_YEAR_PRODUCTION,COMPARATIVE,143.0,MBOE,2026,semantic.comparative,SPAN_RULE,RESEARCH_EVIDENCE,27d5e7501b631ee3cd0aff938af5c383bc8c8f27dc7207f169f0fd842e70e2d4,"Second-quarter review ConocoPhillips announces second-quarter 2026 results and quarterly dividend Production for the second quarter of 2026 was 2,248 MBOED, a decrease of 143 MBOED from the same period a year ago.",True,True,False
7975447dd4481feea6a3,COP,ENERGY,ep,PRODUCTION_CHANGE,CHANGE_BY,4.0,PERCENT,2026,semantic.change_by,SPAN_RULE,RESEARCH_EVIDENCE,27d5e7501b631ee3cd0aff938af5c383bc8c8f27dc7207f169f0fd842e70e2d4,"After adjusting for closed acquisitions and dispositions, second-quarter 2026 production decreased 98 MBOED or 4% from the same period a year ago.",True,True,False
a65a12182291ffe0abde,COP,ENERGY,ep,REALIZED_PRICE,ABSOLUTE_VALUE,62.33,USD_PER_BOE,2025,semantic.absolute,SPAN_RULE,RESEARCH_EVIDENCE,27d5e7501b631ee3cd0aff938af5c383bc8c8f27dc7207f169f0fd842e70e2d4,"The company’s total average realized price was $62.33 per BOE, 36% higher than the $45.77 per BOE realized in the second quarter of 2025.",True,True,False
7b986954f3899b7fb756,COP,ENERGY,ep,PRODUCTION,ABSOLUTE_VALUE,2278.0,MBOE,2026,semantic.absolute,SPAN_RULE,RESEARCH_EVIDENCE,27d5e7501b631ee3cd0aff938af5c383bc8c8f27dc7207f169f0fd842e70e2d4,"Production for the first six months of 2026 was 2,278 MBOED, a decrease of 113 MBOED from the same period a year ago.",True,True,False
2e83bf5ba16e26120275,COP,ENERGY,ep,PRODUCTION_CHANGE,CHANGE_BY,2.0,PERCENT,2026Q3,semantic.change_by,SPAN_RULE,RESEARCH_EVIDENCE,27d5e7501b631ee3cd0aff938af5c383bc8c8f27dc7207f169f0fd842e70e2d4,"After adjusting for closed acquisitions and dispositions, production decreased 57 MBOED or 2% from the same period a year ago.",True,True,False
b05608a75c3d53d8afe7,COP,ENERGY,ep,REALIZED_PRICE,ABSOLUTE_VALUE,56.37,USD_PER_BOE,2025,semantic.absolute,SPAN_RULE,RESEARCH_EVIDENCE,27d5e7501b631ee3cd0aff938af5c383bc8c8f27dc7207f169f0fd842e70e2d4,"The company’s total realized price during this period was $56.37 per BOE, 14% higher than the $49.54 per BOE realized in the first six months of 2025.",True,True,False
799faea1d5d294040594,COP,ENERGY,ep,PRODUCTION_GUIDANCE,RANGE_GUIDANCE,2305000.0,BARRELS,2026,semantic.range_guidance,SPAN_RULE,RESEARCH_EVIDENCE,27d5e7501b631ee3cd0aff938af5c383bc8c8f27dc7207f169f0fd842e70e2d4,Outlook Third-quarter 2026 production is expected to be 2.29 to 2.32 million barrels of oil equivalent per day.,True,True,False
e86a9b2bbc9714991357,DVN,ENERGY,ep,CASH,ABSOLUTE_VALUE,1000000000.0,USD,2026Q3,semantic.absolute,SPAN_RULE,RESEARCH_EVIDENCE,f4b6e7e47aa2adeed74f41328f0008e1f9f4aa5c27d3777f8f54480832109ac8,"At the end of the second quarter, Devon had a cash balance of $1.0 billion and an undrawn credit facility of $3.0 billion.",True,True,False
648159aad30b933f6854,DVN,ENERGY,ep,CAPEX,ABSOLUTE_VALUE,1269000000.0,USD,2026Q3,semantic.absolute,SPAN_RULE,RESEARCH_EVIDENCE,f4b6e7e47aa2adeed74f41328f0008e1f9f4aa5c27d3777f8f54480832109ac8,"Capital expenditures totaled $1,269 million, or 2 percent below the guidance midpoint.",True,True,False
cb19b7b384da16f49b7d,DVN,ENERGY,ep,PRODUCTION,ABSOLUTE_VALUE,1359000.0,BOE_PER_D,2026Q3,semantic.absolute,SPAN_RULE,RESEARCH_EVIDENCE,f4b6e7e47aa2adeed74f41328f0008e1f9f4aa5c27d3777f8f54480832109ac8,"Production averaged 1,359,000 Boe per day in the second quarter, reaching the top-end of guidance.",True,True,False
d8a90de21dbe31c51b2f,DVN,ENERGY,ep,REVENUE,ABSOLUTE_VALUE,5100000000.0,USD,2026Q3,semantic.absolute,SPAN_RULE,RESEARCH_EVIDENCE,f4b6e7e47aa2adeed74f41328f0008e1f9f4aa5c27d3777f8f54480832109ac8,"For the second quarter, Devon’s oil, gas and NGL sales totaled $5.1 billion.",True,True,False
309fdfb9f38f58b6a811,DVN,ENERGY,ep,REALIZED_PRICE,ABSOLUTE_VALUE,88.09,USD_PER_BARREL,2026Q3,semantic.absolute,SPAN_RULE,RESEARCH_EVIDENCE,f4b6e7e47aa2adeed74f41328f0008e1f9f4aa5c27d3777f8f54480832109ac8,"The company’s realized price during the period, including commodity hedges, was $88.09 per barrel of oil, $22.70, per barrel of NGL, and $1.05 per Mcf of natural gas.",True,True,False
d75692a7dffeed66a56f,EQT,ENERGY,ep,DEBT,ABSOLUTE_VALUE,101000000.0,USD,2026,semantic.absolute,SPAN_RULE,RESEARCH_EVIDENCE,6eeb4516324955936c207037911c3a6543089102bac94868f3a8e37d7a07b2de,"Balance Sheet : Exited the quarter with $5.7 billion total debt and $5.5 billion net debt, (1) inclusive of $101 million of working capital usage (2) during the quarter; subsequent to the quarter end, repaid $115 million of 2026 debentures Second Quarter 2026 and Recent Highlights: •",True,False,True
7ca18044e8d20d35a158,EQT,ENERGY,ep,DEBT,ABSOLUTE_VALUE,5700000000.0,USD,2026,semantic.absolute,SPAN_RULE,RESEARCH_EVIDENCE,6eeb4516324955936c207037911c3a6543089102bac94868f3a8e37d7a07b2de,"As of June 30, 2026, total debt and net debt (1) were $5.7 billion and $5.5 billion, respectively, compared to $7.8 billion and $7.7 billion, respectively, as of December 31, 2025. (1) A non-GAAP financial measure.",True,False,True
7061ee3c0dbb16ff9775,EQT,ENERGY,ep,CAPEX_GUIDANCE,ABSOLUTE_VALUE,200000000.0,USD,2026,semantic.point_guidance,SPAN_RULE,RESEARCH_EVIDENCE,6eeb4516324955936c207037911c3a6543089102bac94868f3a8e37d7a07b2de,The Company expects growth capital expenditures of $200 – $240 million in the third quarter of 2026.,True,False,True
434b6e73f8a4ffcb2dda,FANG,ENERGY,ep,PRODUCTION,ABSOLUTE_VALUE,1018.0,MBOE_PER_D,2026Q3,semantic.absolute,SPAN_RULE,RESEARCH_EVIDENCE,2b19a1f4d8e513a588e04b828f015de4e60f35cef9d4e4ad1fdd6280d5865db5,"Production of 1,018 MBOE/d, surpassing the 1.0 million barrels of oil equivalent per day milestone •",True,True,False
604a08dccb0d48449e18,FANG,ENERGY,ep,CAPEX,ABSOLUTE_VALUE,996000000.0,USD,2026Q3,semantic.absolute,SPAN_RULE,RESEARCH_EVIDENCE,2b19a1f4d8e513a588e04b828f015de4e60f35cef9d4e4ad1fdd6280d5865db5,Cash capital expenditures of $996 million •,True,True,False
e6394b04f36ac66897cc,FANG,ENERGY,ep,PRODUCTION_GUIDANCE,ABSOLUTE_VALUE,995.0,MBOE_PER_D,2026,semantic.point_guidance,SPAN_RULE,RESEARCH_EVIDENCE,2b19a1f4d8e513a588e04b828f015de4e60f35cef9d4e4ad1fdd6280d5865db5,"Q3 2026 oil production guidance of 517 - 527 MBO/d (995 - 1,015 MBOE/d) •",True,True,False
71d1bbf7ab7a5895a75d,FANG,ENERGY,ep,CAPEX_GUIDANCE,ABSOLUTE_VALUE,950000000.0,USD,2026,semantic.point_guidance,SPAN_RULE,RESEARCH_EVIDENCE,2b19a1f4d8e513a588e04b828f015de4e60f35cef9d4e4ad1fdd6280d5865db5,"Q3 2026 cash capital expenditures guidance of $950 - $1,050 million RECENT HIGHLIGHTS •",True,True,False
63f3d0620432393ab9ca,MGY,ENERGY,ep,PRODUCTION,ABSOLUTE_VALUE,106.1,MBOE_PER_D,2026,semantic.absolute,SPAN_RULE,RESEARCH_EVIDENCE,1b9a063e3ecb45a0fcdf7c5953349c8954c9aeb732b3b67309e7621e9129a891,Q2 2026 total production of 106.1 Mboe/d (8% YoY growth) & oil production of 41.9 Mbbls/d (5% YoY growth) •,True,False,True
23194464a104cdb2f3cb,MTDR,ENERGY,ep,PRODUCTION_GUIDANCE,RANGE_GUIDANCE,124000.0,BARRELS,2026,semantic.range_guidance,SPAN_RULE,RESEARCH_EVIDENCE,270a1a120133c1a4acae1536278ca9630dfc39f257111ed65829f88d52e27db5,"Foran, Matador’s Founder, Chairman and CEO, commented, “The second quarter of 2026 was, in our view, one of the most consequential quarters in Matador’s history—not only for what we produced, but also for what we acquired and put in place for the years ahead. “During the quarter, despite external headwinds and associated oil volume shut-ins, Matador exceeded its expected range for oil production (123,000 to 125,000 barrels of oil per day) and delivered record average oil production of 126,106 barrels of oil per day.",True,False,True
5a64ada0410198278496,MTDR,ENERGY,ep,PRODUCTION,ABSOLUTE_VALUE,11100.0,BOE_PER_D,2026,semantic.absolute,SPAN_RULE,RESEARCH_EVIDENCE,270a1a120133c1a4acae1536278ca9630dfc39f257111ed65829f88d52e27db5,"The acquisition also includes third quarter 2026 estimated production of approximately 11,100 BOE per day (57% oil) and immediate reserve additions of 55 million BOE. 4.",True,False,True
7c2d4a06b1d239c8beb2,MTDR,ENERGY,ep,CAPEX,ABSOLUTE_VALUE,1675000000.0,USD,2025,semantic.absolute,SPAN_RULE,RESEARCH_EVIDENCE,270a1a120133c1a4acae1536278ca9630dfc39f257111ed65829f88d52e27db5,The midpoint of total capital expenditure expectations of $1.675 billion represents a 1% improvement as compared to total capital expenditures of $1.694 billion in 2025.,True,False,True
7c2d4a06b1d239c8beb2,MTDR,ENERGY,ep,CAPEX,ABSOLUTE_VALUE,1694000000.0,USD,2025,semantic.absolute,SPAN_RULE,RESEARCH_EVIDENCE,270a1a120133c1a4acae1536278ca9630dfc39f257111ed65829f88d52e27db5,The midpoint of total capital expenditure expectations of $1.675 billion represents a 1% improvement as compared to total capital expenditures of $1.694 billion in 2025.,True,False,True
7d7f15b69ee651f8feb1,MTDR,ENERGY,ep,ADJUSTED_EBITDA,ABSOLUTE_VALUE,89900000.0,USD,2026,semantic.absolute,SPAN_RULE,RESEARCH_EVIDENCE,270a1a120133c1a4acae1536278ca9630dfc39f257111ed65829f88d52e27db5,"On a combined basis, San Mateo and Matador’s wholly-owned midstream assets had quarterly net income of $57.9 million and quarterly Adjusted EBITDA of $89.9 million in the second quarter of 2026.",True,False,True
e65e52515ed0b6801e91,MTDR,ENERGY,ep,CAPEX_GUIDANCE,RANGE_GUIDANCE,425000000.0,USD,2026,semantic.range_guidance,SPAN_RULE,RESEARCH_EVIDENCE,270a1a120133c1a4acae1536278ca9630dfc39f257111ed65829f88d52e27db5,Third Quarter 2026 Estimated Capital Expenditures Matador expects D/C/E and midstream capital expenditures for the third quarter of 2026 will be approximately $410 to $440 million.,True,False,True
bdf1e12d676d077c5680,MTDR,ENERGY,ep,REVENUE,ABSOLUTE_VALUE,41200000.0,USD,2026,semantic.absolute,SPAN_RULE,RESEARCH_EVIDENCE,270a1a120133c1a4acae1536278ca9630dfc39f257111ed65829f88d52e27db5,"Such amounts reflect revenues from sales of purchased natural gas of $41.2 million, $80.8 million and $67.9 million less expenses of $(38.9) million, $42.3 million and $35.9 million in the second quarter of 2026, the first quarter of 2026 and the second quarter of 2025, respectively. (5) Attributable to Matador Resources Company shareholders. (6) Adjusted net income is a non-GAAP financial measure.",True,False,True
cef0018d2a89ca7dd2bc,NOG,ENERGY,ep,PRODUCTION,ABSOLUTE_VALUE,145659.0,BOE_PER_D,2025,semantic.absolute,SPAN_RULE,RESEARCH_EVIDENCE,6ca78d7b2f69d12f4349be0e7d5cbad761be09771a6c66ee9625f6c712469636,"Total quarterly production of 145,659 Boe per day (47% oil), a 9% increase from the second quarter of 2025 •",True,False,True
614818707ddcf5328b53,NOG,ENERGY,ep,PRODUCTION,ABSOLUTE_VALUE,464330.0,MCF_PER_D,2025,semantic.absolute,SPAN_RULE,RESEARCH_EVIDENCE,6ca78d7b2f69d12f4349be0e7d5cbad761be09771a6c66ee9625f6c712469636,"Record natural gas production of 464,330 Mcf per day, a 35% increase from the second quarter of 2025 and a 3.5% increase from the first quarter of 2026 •",True,False,True
e135d23670c49f1f1698,NOG,ENERGY,ep,ADJUSTED_EBITDA,ABSOLUTE_VALUE,401000000.0,USD,2026,semantic.absolute,SPAN_RULE,RESEARCH_EVIDENCE,6ca78d7b2f69d12f4349be0e7d5cbad761be09771a6c66ee9625f6c712469636,"GAAP net income of $236.6 million, Adjusted EBITDA of $401.0 million, and Adjusted Net Income of $122.5 million, meaningfully improved over the first quarter of 2026.",True,False,True
94a148eb5c7f6baa47a6,NOG,ENERGY,ep,CAPEX,ABSOLUTE_VALUE,195800000.0,USD,2026Q3,semantic.absolute,SPAN_RULE,RESEARCH_EVIDENCE,6ca78d7b2f69d12f4349be0e7d5cbad761be09771a6c66ee9625f6c712469636,"Capital expenditures of $195.8 million, excluding non-budgeted acquisitions and other •",True,False,True
133c45aeff1d3fd1c667,NOG,ENERGY,ep,REVENUE,ABSOLUTE_VALUE,670800000.0,USD,2026Q3,semantic.absolute,SPAN_RULE,RESEARCH_EVIDENCE,6ca78d7b2f69d12f4349be0e7d5cbad761be09771a6c66ee9625f6c712469636,"We believe our value proposition will be well illuminated over time, and we remain steadfast in executing a business plan built to ensure the market recognizes both the value inherent in what we own today and our ability to generate attractive risk-adjusted returns across the cycle.” FINANCIAL RESULTS Oil and natural gas sales for the second quarter were $670.8 million.",True,False,True
c2ff775d749c732577e4,NOG,ENERGY,ep,ADJUSTED_EBITDA,ABSOLUTE_VALUE,401000000.0,USD,2026,semantic.absolute,SPAN_RULE,RESEARCH_EVIDENCE,6ca78d7b2f69d12f4349be0e7d5cbad761be09771a6c66ee9625f6c712469636,"Adjusted EBITDA in the second quarter was $401.0 million, a 17% increase from the first quarter of 2026, driven primarily by a 13% improvement in realized commodity price per boe.",True,False,True
9def9bd5371121820a18,NOG,ENERGY,ep,PRODUCTION,ABSOLUTE_VALUE,145659.0,BOE_PER_D,2026,semantic.absolute,SPAN_RULE,RESEARCH_EVIDENCE,6ca78d7b2f69d12f4349be0e7d5cbad761be09771a6c66ee9625f6c712469636,"PRODUCTION Second quarter 2026 production averaged 145,659 Boe per day , a 9% increase from the second quarter of 2025.",True,False,True
cb17764ba59d17816da6,NOG,ENERGY,ep,PRODUCTION,COMPOSITION,47.0,PERCENT,2026Q3,semantic.composition,SPAN_RULE,RESEARCH_EVIDENCE,6ca78d7b2f69d12f4349be0e7d5cbad761be09771a6c66ee9625f6c712469636,"Oil represented approximately 47% of total production in the second quarter at an average of 68,275 Bbls per day.",True,False,True
f1e8c1a56281fe9796dd,NOG,ENERGY,ep,CAPEX,ABSOLUTE_VALUE,195800000.0,USD,2026Q3,semantic.absolute,SPAN_RULE,RESEARCH_EVIDENCE,6ca78d7b2f69d12f4349be0e7d5cbad761be09771a6c66ee9625f6c712469636,CAPITAL EXPENDITURES AND ACQUISITIONS Capital expenditures for the second quarter were $195.8 million (excluding non-budgeted acquisitions and other).,True,False,True
622888c5bdd492de8860,PR,ENERGY,ep,PRODUCTION,ABSOLUTE_VALUE,376.4,MBOE_PER_D,2026Q3,semantic.absolute,SPAN_RULE,RESEARCH_EVIDENCE,eed9ca00e5cda46bf123cf19926dacf68cada64c9407dd83239bf09f480c0885,"Reported total average production of 376.4 MBoe/d, including 198.1 MBbls/d of oil, 86.2 MBbls/d of NGLs and 552.9 MMcf/d of natural gas •",True,False,True
0dc266d161aae66fd032,PR,ENERGY,ep,CAPEX,ABSOLUTE_VALUE,521000000.0,USD,2026Q3,semantic.absolute,SPAN_RULE,RESEARCH_EVIDENCE,eed9ca00e5cda46bf123cf19926dacf68cada64c9407dd83239bf09f480c0885,"Announced cash capital expenditures of $521 million, cash provided by operating activities of $1,506 million and adjusted free cash flow 1 of $751 million •",True,False,True
e635cc96fb8792ffe41f,PR,ENERGY,ep,PRODUCTION,CHANGE_TO,198071.0,BARRELS,2026Q3,semantic.change_to_nominal,SPAN_RULE,RESEARCH_EVIDENCE,eed9ca00e5cda46bf123cf19926dacf68cada64c9407dd83239bf09f480c0885,"We are excited to have deployed over $1 billion on high-quality, inventory-rich acquisitions year-to-date,” said James Walter, Co-CEO of Permian Resources. “While higher oil prices and continued volatility can make for a challenging A&D environment, we are proud of our team for remaining disciplined, as evidenced by executing our transactions this year at a weighted average front month WTI price of $72.50 per barrel.” Second Quarter Financial and Operational Results Second quarter average daily crude oil production was 198,071 barrels of oil per day (“Bbls/d”), a 3% increase compared to the prior quarter.",True,False,True
7579828af8565e3d2aca,PR,ENERGY,ep,CAPEX,ABSOLUTE_VALUE,521000000.0,USD,2026Q3,semantic.absolute,SPAN_RULE,RESEARCH_EVIDENCE,eed9ca00e5cda46bf123cf19926dacf68cada64c9407dd83239bf09f480c0885,Total cash capital expenditures for the second quarter were $521 million.,True,False,True
246a0bbdc3b04953fbbd,PR,ENERGY,ep,CAPEX_GUIDANCE,RANGE_GUIDANCE,1950000000.0,USD,2026Q3,semantic.range_guidance,SPAN_RULE,RESEARCH_EVIDENCE,eed9ca00e5cda46bf123cf19926dacf68cada64c9407dd83239bf09f480c0885,"The Company is also adjusting its cash capital expenditures range to $1.9 – $2.0 billion due to higher working interest associated with its successful ground game efforts, as well as approximately $25 million of capital associated with the Ward County bolt-on.",True,False,True
5378ba0cb6522193b494,RRC,ENERGY,ep,REALIZED_PRICE,ABSOLUTE_VALUE,3.53,USD_PER_MCF,2026Q3,semantic.absolute,SPAN_RULE,RESEARCH_EVIDENCE,b91e3f9c80f9dd1c8b52bb3db4db81ce610f18aeb13c68e1b514c638ab0c4840,"Realized price, including hedges, was $3.53 per mcfe – a $0.64 premium versus NYMEX natural gas •",True,False,True
4ad0716e327a1fae7519,RRC,ENERGY,ep,REVENUE,ABSOLUTE_VALUE,834000000.0,USD,2026,semantic.absolute,SPAN_RULE,RESEARCH_EVIDENCE,b91e3f9c80f9dd1c8b52bb3db4db81ce610f18aeb13c68e1b514c638ab0c4840,"Second Quarter 2026 Results GAAP revenues and other income for second quarter 2026 totaled $834 million, GAAP net cash provided from operating activities (including changes in working capital) was $235 million, and GAAP net income was $195 million ($0.83 per diluted share).",True,False,True
4ab1b3121534af8eefa9,RRC,ENERGY,ep,DEBT,ABSOLUTE_VALUE,881000000.0,USD,2026,semantic.absolute,SPAN_RULE,RESEARCH_EVIDENCE,b91e3f9c80f9dd1c8b52bb3db4db81ce610f18aeb13c68e1b514c638ab0c4840,"Financial Position and Repurchase Activity As of June 30, 2026, Range had net debt outstanding of approximately $881 million, consisting of $500 million of senior notes and $381 million on the credit facility.",True,False,True
fe59241496d60809ecca,RRC,ENERGY,ep,CAPEX,ABSOLUTE_VALUE,204000000.0,USD,2026,semantic.absolute,SPAN_RULE,RESEARCH_EVIDENCE,b91e3f9c80f9dd1c8b52bb3db4db81ce610f18aeb13c68e1b514c638ab0c4840,Capital Expenditures and Operational Activity Second quarter 2026 drilling and completion expenditures were $204 million.,True,False,True
45713050f29af727a847,RRC,ENERGY,ep,PRODUCTION_GUIDANCE,RANGE_GUIDANCE,2.375,BCFE_PER_D,2026,semantic.range_guidance,SPAN_RULE,RESEARCH_EVIDENCE,b91e3f9c80f9dd1c8b52bb3db4db81ce610f18aeb13c68e1b514c638ab0c4840,Annual production is expected to be approximately 2.35 - 2.40 Bcfe per day in 2026.,True,False,True
68f5b582d54b9f385ca3,SM,ENERGY,ep,CAPEX,ABSOLUTE_VALUE,754000000.0,USD,2026Q3,semantic.absolute,SPAN_RULE,RESEARCH_EVIDENCE,157694c553d3096eb48e2f15be93f0316bb051bb9559843cdec649831533db20,"Generated operating cash flow of $1.1 billion, or $1.2 billion before net change in working capital, including certain long-term items. 1 Capital expenditures totaled $754 million, or $717 million before changes in accruals. 1 •",True,False,True
1af4a5a06a4125d39464,SM,ENERGY,ep,PRODUCTION,ABSOLUTE_VALUE,440.0,MBOE_PER_D,2026Q3,semantic.absolute,SPAN_RULE,RESEARCH_EVIDENCE,157694c553d3096eb48e2f15be93f0316bb051bb9559843cdec649831533db20,"Average net daily production totaled approximately 440 MBoe/d, including approximately 230 MBbl/d of oil. •",True,False,True
301ed569d8a04913f340,SM,ENERGY,ep,PRODUCTION_GUIDANCE,RANGE_GUIDANCE,437.5,MBOE_PER_D,2026,semantic.range_guidance,SPAN_RULE,RESEARCH_EVIDENCE,157694c553d3096eb48e2f15be93f0316bb051bb9559843cdec649831533db20,"Increased second-half 2026 production guidance to 435–440 MBoe/d, including approximately 238 MBbl/d of oil. •",True,False,True
b5e8e08bca2a15d41125,SM,ENERGY,ep,PRODUCTION,ABSOLUTE_VALUE,440.0,MBOE_PER_D,2026Q3,semantic.absolute,SPAN_RULE,RESEARCH_EVIDENCE,157694c553d3096eb48e2f15be93f0316bb051bb9559843cdec649831533db20,"Production of approximately 440 MBoe/d, including approximately 230 MBbl/d of oil, with an average realized price of $53.86 per Boe, before hedges.",True,False,True
8ca73d2c145448b56cc0,SM,ENERGY,ep,REALIZED_PRICE,ABSOLUTE_VALUE,53.86,USD_PER_BOE,2026Q3,semantic.absolute,SPAN_RULE,RESEARCH_EVIDENCE,157694c553d3096eb48e2f15be93f0316bb051bb9559843cdec649831533db20,"Production of approximately 440 MBoe/d, including approximately 230 MBbl/d of oil, with an average realized price of $53.86 per Boe, before hedges.",True,False,True
feba8fcea21d1b304393,XOM,ENERGY,integrated,PRODUCTION,COMPARATIVE,,,2026Q3,semantic.comparative,SPAN_RULE,RESEARCH_EVIDENCE,e1c214954f9be07f62f4e45ac9483ce69292c8d4a5b9b1ea7aa179dd71bd2516,"Upstream earnings improved as strong reliability contributed to the highest production in more than two decades, excluding the Middle East disruptions, partly offset by higher depreciation . 2 •",True,False,False
e8822a3efad5abe5f54f,XOM,ENERGY,integrated,PRODUCTION,COMPARATIVE,,,2026Q3,semantic.comparative,SPAN_RULE,RESEARCH_EVIDENCE,e1c214954f9be07f62f4e45ac9483ce69292c8d4a5b9b1ea7aa179dd71bd2516,"Upstream earnings improved, with r ecord Permian production of more than 1.8 Moebd and the absence of operational disruptions in Kazakhstan , partly offset by the Middle East disruptions. •",True,False,False
0fbec26586e99a87e6f1,CVX,ENERGY,integrated,PRODUCTION_CHANGE,CHANGE_BY,20.0,PERCENT,2026Q3,semantic.change_by,SPAN_RULE,RESEARCH_EVIDENCE,819b11a4b37d18f1e54768f9b972921e1467186913143508f651b5982aaec93d,S. production; worldwide production increased 20 percent from last year •,True,False,False
3d04ad967d97f29b4725,CVX,ENERGY,integrated,THROUGHPUT,ABSOLUTE_VALUE,1070000.0,BARRELS_PER_D,2026Q3,semantic.absolute,SPAN_RULE,RESEARCH_EVIDENCE,819b11a4b37d18f1e54768f9b972921e1467186913143508f651b5982aaec93d,"S. refinery crude unit throughput was a record 1.07 million barrels per day, reflecting reliable crude unit capacity utilization of more than 97 percent. •",True,False,False
a9ccf1b47ad7ee3fde54,CVX,ENERGY,integrated,DEBT,ABSOLUTE_VALUE,8400000000.0,USD,2026Q3,semantic.absolute,SPAN_RULE,RESEARCH_EVIDENCE,819b11a4b37d18f1e54768f9b972921e1467186913143508f651b5982aaec93d,"Total debt was reduced by a record $8.4 billion in the quarter, further strengthening Chevron’s balance sheet and reinforcing the company’s ability to fund the long-term investment needed to deliver reliable energy for decades to come. •",True,False,False
6ec8a7bb285464955f6b,CVX,ENERGY,integrated,PRODUCTION,ABSOLUTE_VALUE,382000.0,BARRELS_PER_D,2026Q3,semantic.absolute,SPAN_RULE,RESEARCH_EVIDENCE,819b11a4b37d18f1e54768f9b972921e1467186913143508f651b5982aaec93d,"Net oil-equivalent production during the quarter was up 382,000 barrels per day from the year-ago period, achieving a new quarterly production record.",True,False,False
c9905da44bb81584f8db,CVX,ENERGY,integrated,PRODUCTION,ABSOLUTE_VALUE,292000.0,BARRELS_PER_D,2026Q3,semantic.absolute,SPAN_RULE,RESEARCH_EVIDENCE,819b11a4b37d18f1e54768f9b972921e1467186913143508f651b5982aaec93d,"Net oil-equivalent production during the quarter was up 292,000 barrels per day from the year-ago period primarily due to the acquisition of Hess, partly offset by curtailments in the Partitioned Zone between Saudi Arabia and Kuwait due to the Middle East conflict. -MORE- -4- Downstream U.",True,False,False
a9fc2ae698088d132e1f,CVX,ENERGY,integrated,REVENUE_CHANGE,CHANGE_BY,4.0,PERCENT,2026Q3,semantic.change_by,SPAN_RULE,RESEARCH_EVIDENCE,819b11a4b37d18f1e54768f9b972921e1467186913143508f651b5982aaec93d,Refined product sales decreased 4 percent compared to the year-ago period due to lower demand for gasoline.,True,False,False
45b251520320ab5e7388,CVX,ENERGY,integrated,REVENUE_CHANGE,CHANGE_BY,13.0,PERCENT,2026Q3,semantic.change_by,SPAN_RULE,RESEARCH_EVIDENCE,819b11a4b37d18f1e54768f9b972921e1467186913143508f651b5982aaec93d,Refined product sales decreased 13 percent from the year-ago period due to supply disruptions from the Middle East conflict and lower demand for gasoline and diesel fuel.,True,False,False
fbc41f22195709745a01,VLO,ENERGY,refining,OPERATING_INCOME,ABSOLUTE_VALUE,4500000000.0,USD,2026,semantic.absolute,SPAN_RULE,RESEARCH_EVIDENCE,180d8c9fe47a238e3fce12846dd6c2f54f632ddf228b907b4a80e36817e7b0b7,"Excluding the adjustments shown in the accompanying earnings release tables, adjusted net income attributable to Valero stockholders for the second quarter of 2026 was $3.7 billion, or $12.54 per share. “We are pleased to report a strong second quarter, driven by excellent operations and commercial execution across all three of our business segments,” said Lane Riggs, Valero’s Chairman, Chief Executive Officer and President. “Our refineries, renewable diesel plants, and ethanol plants operated safely and reliably, helping to meet resilient demand for transportation fuels.” Refining The Refining segment reported operating income of $4.5 billion for the second quarter of 2026, compared to $1.3 billion for the second quarter of 2025.",True,False,False
3d72d0189507070f2e7b,VLO,ENERGY,refining,OPERATING_INCOME,ABSOLUTE_VALUE,4400000000.0,USD,2026,semantic.absolute,SPAN_RULE,RESEARCH_EVIDENCE,180d8c9fe47a238e3fce12846dd6c2f54f632ddf228b907b4a80e36817e7b0b7,Adjusted operating income for the second quarter of 2026 was $4.4 billion.,True,False,False
ad66fe67024eda2d41d8,VLO,ENERGY,refining,OPERATING_INCOME,COMPARATIVE,717000000.0,USD,2026,semantic.comparative,SPAN_RULE,RESEARCH_EVIDENCE,180d8c9fe47a238e3fce12846dd6c2f54f632ddf228b907b4a80e36817e7b0b7,"Renewable Diesel The Renewable Diesel segment, which consists of the Diamond Green Diesel joint venture (DGD), reported $717 million of operating income for the second quarter of 2026, compared to 1 an operating loss of $79 million for the second quarter of 2025.",True,False,False
3e384593fee79e995240,VLO,ENERGY,refining,PRIOR_YEAR_OPERATING_INCOME,COMPARATIVE,79000000.0,USD,2025,semantic.comparative,SPAN_RULE,RESEARCH_EVIDENCE,180d8c9fe47a238e3fce12846dd6c2f54f632ddf228b907b4a80e36817e7b0b7,"Renewable Diesel The Renewable Diesel segment, which consists of the Diamond Green Diesel joint venture (DGD), reported $717 million of operating income for the second quarter of 2026, compared to 1 an operating loss of $79 million for the second quarter of 2025.",True,False,False
e6ddd1f9f0fc80d04af0,VLO,ENERGY,refining,OPERATING_INCOME,COMPARATIVE,318000000.0,USD,2026,semantic.comparative,SPAN_RULE,RESEARCH_EVIDENCE,180d8c9fe47a238e3fce12846dd6c2f54f632ddf228b907b4a80e36817e7b0b7,"Ethanol The Ethanol segment reported $318 million of operating income for the second quarter of 2026, compared to $54 million for the second quarter of 2025.",True,False,False
1e4efb81debe10760d79,VLO,ENERGY,refining,PRIOR_YEAR_OPERATING_INCOME,COMPARATIVE,54000000.0,USD,2025,semantic.comparative,SPAN_RULE,RESEARCH_EVIDENCE,180d8c9fe47a238e3fce12846dd6c2f54f632ddf228b907b4a80e36817e7b0b7,"Ethanol The Ethanol segment reported $318 million of operating income for the second quarter of 2026, compared to $54 million for the second quarter of 2025.",True,False,False
b3dc2d100ca19ec67316,VLO,ENERGY,refining,THROUGHPUT,ABSOLUTE_VALUE,3000000.0,BARRELS_PER_D,2026Q3,semantic.absolute,SPAN_RULE,RESEARCH_EVIDENCE,180d8c9fe47a238e3fce12846dd6c2f54f632ddf228b907b4a80e36817e7b0b7,K. with a combined throughput capacity of approximately 3.0 million barrels per day.,True,False,False
4e472f7299e7d18a9b01,MPC,ENERGY,refining,ADJUSTED_EBITDA,COMPARATIVE,8500000000.0,USD,2026,semantic.comparative,SPAN_RULE,RESEARCH_EVIDENCE,b6de481d4e041c891b7d666e444fdec9f044f74ff12a0ad8a0c0220a002f2e52,"The second quarter of 2026 adjusted earnings before interest, taxes, depreciation, and amortization (adjusted EBITDA) was $8.5 billion, compared with $3.3 billion for the second quarter of 2025. “Strong planning, commercial, and operational execution enabled safe and reliable operations to meet resilient consumer demand.",True,True,False
124b59bc47574482cca3,MPC,ENERGY,refining,PRIOR_YEAR_ADJUSTED_EBITDA,COMPARATIVE,3300000000.0,USD,2025,semantic.comparative,SPAN_RULE,RESEARCH_EVIDENCE,b6de481d4e041c891b7d666e444fdec9f044f74ff12a0ad8a0c0220a002f2e52,"The second quarter of 2026 adjusted earnings before interest, taxes, depreciation, and amortization (adjusted EBITDA) was $8.5 billion, compared with $3.3 billion for the second quarter of 2025. “Strong planning, commercial, and operational execution enabled safe and reliable operations to meet resilient consumer demand.",True,True,False
f7608f1cb461985f5a2b,MPC,ENERGY,refining,THROUGHPUT,ABSOLUTE_VALUE,2900000.0,BARRELS_PER_D,2026,semantic.absolute,SPAN_RULE,RESEARCH_EVIDENCE,b6de481d4e041c891b7d666e444fdec9f044f74ff12a0ad8a0c0220a002f2e52,"Crude capacity utilization was 94%, resulting in total throughput of 2.9 million barrels per day (bpd) for the second quarter of 2026 .",True,True,False
20465fd63d49468f63f4,MPC,ENERGY,refining,ADJUSTED_EBITDA,ABSOLUTE_VALUE,258000000.0,USD,2026,semantic.absolute,SPAN_RULE,RESEARCH_EVIDENCE,b6de481d4e041c891b7d666e444fdec9f044f74ff12a0ad8a0c0220a002f2e52,"Renewable Diesel Segment adjusted EBITDA was $258 million in the second quarter of 2026, versus $(19) million for the second quarter of 2025 .",True,True,False
49cd100c4fd8c2b7b857,MPC,ENERGY,refining,CASH,ABSOLUTE_VALUE,7800000000.0,USD,2026,semantic.absolute,SPAN_RULE,RESEARCH_EVIDENCE,b6de481d4e041c891b7d666e444fdec9f044f74ff12a0ad8a0c0220a002f2e52,"Financial Position, Liquidity, and Return of Capital As of June 30, 2026, MPC had $7.8 billion of cash and cash equivalents, including $1.0 billion of cash at MPLX, and no borrowings outstanding under its $5 billion five-year bank revolving credit facility.",True,True,False
fc15377f5cf8ada1bb55,MPC,ENERGY,refining,CUSTOMER_DEMAND,CAUSE_EFFECT,,,2026Q3,semantic.cause_effect,DEPENDENCY_RULE,RESEARCH_DIAGNOSTIC,b6de481d4e041c891b7d666e444fdec9f044f74ff12a0ad8a0c0220a002f2e52,"Factors that could cause MPC’s actual results to differ materially from those implied in the forward-looking statements include but are not limited to: political or regulatory developments, changes in governmental policies relating to refined petroleum products, crude oil, natural gas, natural gas liquids (“NGLs”), or renewable diesel and other renewable fuels or taxation, including changes in tax regulations or guidance promulgated pursuant to the new legislation implemented in the One Big Beautiful Bill Act; volatility in and degradation of general economic, market, industry or business conditions, including as a result of pandemics, other infectious disease outbreaks, natural hazards, extreme weather events, regional conflicts such as hostilities in the Middle East and in Ukraine, tariffs, inflation rising interest rates or government shutdowns; the regional, national and worldwide demand for refined products and renewable diesel and other renewable fuels and related margins; the regional, national or worldwide availability and pricing of crude oil, natural gas, NGLs and other feedstocks and related pricing differentials, including increased pricing volatility or supply disruptions due to the U.",True,True,False
75846a620f10ac8b4fc5,MPC,ENERGY,refining,PRICE_REALIZATION,CAUSE_EFFECT,,,2026Q3,semantic.cause_effect,DEPENDENCY_RULE,RESEARCH_DIAGNOSTIC,b6de481d4e041c891b7d666e444fdec9f044f74ff12a0ad8a0c0220a002f2e52,"Factors that could cause MPC’s actual results to differ materially from those implied in the forward-looking statements include but are not limited to: political or regulatory developments, changes in governmental policies relating to refined petroleum products, crude oil, natural gas, natural gas liquids (“NGLs”), or renewable diesel and other renewable fuels or taxation, including changes in tax regulations or guidance promulgated pursuant to the new legislation implemented in the One Big Beautiful Bill Act; volatility in and degradation of general economic, market, industry or business conditions, including as a result of pandemics, other infectious disease outbreaks, natural hazards, extreme weather events, regional conflicts such as hostilities in the Middle East and in Ukraine, tariffs, inflation rising interest rates or government shutdowns; the regional, national and worldwide demand for refined products and renewable diesel and other renewable fuels and related margins; the regional, national or worldwide availability and pricing of crude oil, natural gas, NGLs and other feedstocks and related pricing differentials, including increased pricing volatility or supply disruptions due to the U.",True,True,False
b6cf2318cd68547ed824,PSX,ENERGY,refining,DEBT,ABSOLUTE_VALUE,27000000000.0,USD,2026,semantic.absolute,SPAN_RULE,RESEARCH_EVIDENCE,594457f8fbf0ceab5cee5c4439119f47ed4fcd2e6baadcf246fc15474cf3c7e4,"Total debt was approximately $27 billion and net debt was $22 billion at March 31, 2026.",True,False,False
b6cf2318cd68547ed824,PSX,ENERGY,refining,DEBT,ABSOLUTE_VALUE,22000000000.0,USD,2026,semantic.absolute,SPAN_RULE,RESEARCH_EVIDENCE,594457f8fbf0ceab5cee5c4439119f47ed4fcd2e6baadcf246fc15474cf3c7e4,"Total debt was approximately $27 billion and net debt was $22 billion at March 31, 2026.",True,False,False
bb164dc850a4a8031aac,PSX,ENERGY,refining,DEBT,ABSOLUTE_VALUE,17000000000.0,USD,2027,semantic.absolute,SPAN_RULE,RESEARCH_EVIDENCE,594457f8fbf0ceab5cee5c4439119f47ed4fcd2e6baadcf246fc15474cf3c7e4,The company remains committed to a total debt target of $17 billion by end of 2027.,True,False,False
7d0a3b6622c62a0d755d,KMI,ENERGY,midstream,ADJUSTED_EBITDA,ABSOLUTE_VALUE,2199000000.0,USD,2025,semantic.absolute,SPAN_RULE,RESEARCH_EVIDENCE,48f165a9f322dc33c5afd30166da31d85b032b97e65dbbce6db6ce10ffdcb3a6,"Adjusted EBITDA of $2,199 million was also a record for the second quarter and was up 12% versus the second quarter of 2025. •",True,True,False
dff6d40254de96c5d05e,KMI,ENERGY,midstream,CAPEX_GUIDANCE,ABSOLUTE_VALUE,1000000000.0,USD,2026Q3,semantic.point_guidance,SPAN_RULE,RESEARCH_EVIDENCE,48f165a9f322dc33c5afd30166da31d85b032b97e65dbbce6db6ce10ffdcb3a6,"Dang continued, “In the second quarter, we continued to internally fund high-quality capital projects while generating cash flow from operations of $2 billion and free cash flow (FCF), which is after capital expenditures, of $1 billion.",True,True,False
3a3e588cbcc0eb20a7e3,KMI,ENERGY,midstream,NET_DEBT_TO_ADJUSTED_EBITDA,ABSOLUTE_VALUE,3.6,X,2026Q3,semantic.absolute,SPAN_RULE,RESEARCH_EVIDENCE,48f165a9f322dc33c5afd30166da31d85b032b97e65dbbce6db6ce10ffdcb3a6,"Our balance sheet remains healthy, as we ended the quarter with a Net Debt-to-Adjusted EBITDA ratio of 3.6 times, at the low end of our targeted range. “We also achieved very strong results from capital expansion project execution this quarter, placing approximately $660 million (KM-share) in expansion projects into service.",True,True,False
683fa7dc75648d1df94f,KMI,ENERGY,midstream,BACKLOG_GUIDANCE,ABSOLUTE_VALUE,9600000000.0,USD,2026,semantic.point_guidance,SPAN_RULE,RESEARCH_EVIDENCE,48f165a9f322dc33c5afd30166da31d85b032b97e65dbbce6db6ce10ffdcb3a6,"These revenue-generating expansion projects now join our strong base business, adding to our unparalleled network of pipeline and storage assets. “As a result of placing those large projects into service, our project backlog at the end of the second quarter of 2026 was $9.6 billion, down $500 million from the first quarter of 2026, although the board today provided contingent approval on almost $400 million in projects that are not yet in the backlog.",True,True,False
75d614caf18ba0f76346,KMI,ENERGY,midstream,ADJUSTED_EBITDA_GUIDANCE,ABSOLUTE_VALUE,8600000000.0,USD,2026,semantic.point_guidance,SPAN_RULE,RESEARCH_EVIDENCE,48f165a9f322dc33c5afd30166da31d85b032b97e65dbbce6db6ce10ffdcb3a6,"We expect the remaining $8.5 billion of projects in the backlog, when realized, to generate an aggregate first-full-year Project EBITDA multiple of approximately 5.6 times.” 2026 Outlook For 2026, KMI budgeted net income attributable to KMI of $3.1 billion, Adjusted EPS of $1.36, declared dividends of $1.19 per share, Adjusted EBITDA of $8.6 billion, and year-end Net Debt-to-Adjusted EBITDA of 3.8 times.",True,True,False
10230cce7f4f3a2a949e,KMI,ENERGY,midstream,NET_DEBT_TO_ADJUSTED_EBITDA,ABSOLUTE_VALUE,3.6,X,2026Q3,semantic.absolute,SPAN_RULE,RESEARCH_EVIDENCE,48f165a9f322dc33c5afd30166da31d85b032b97e65dbbce6db6ce10ffdcb3a6,We also expect to end the year with an improved Net Debt-to-Adjusted EBITDA of 3.6 times.,True,True,False
2a208bb499bb2c74927f,WMB,ENERGY,midstream,ADJUSTED_EBITDA_GUIDANCE,RANGE_GUIDANCE,4300000000.0,USD,2026,semantic.range_guidance,SPAN_RULE,RESEARCH_EVIDENCE,5064730630ab8de72500a60461a0449c20d6acd204313f8eb32a155f44d26e03,"Raising 2026 Adjusted EBITDA guidance midpoint by $200 million to $8.4 billion, reflecting Momentum Midstream acquisition Extending track record of unmatched growth •",True,False,False
a539a3decc2226964f04,WMB,ENERGY,midstream,REVENUE,ABSOLUTE_VALUE,111000000.0,USD,2026Q3,semantic.absolute,SPAN_RULE,RESEARCH_EVIDENCE,5064730630ab8de72500a60461a0449c20d6acd204313f8eb32a155f44d26e03,"Higher service revenues of $111 million and $314 million, respectively, driven by projects placed in service, new Gulf volumes, higher storage revenues, and higher gathering volumes including acquisitions in the West, while Transco’s higher net rates also benefited the year-to-date period. •",True,False,False
c29e1a7baba4d89f780c,WMB,ENERGY,midstream,ADJUSTED_EBITDA,COMPARATIVE,,,2026,semantic.comparative,SPAN_RULE,RESEARCH_EVIDENCE,5064730630ab8de72500a60461a0449c20d6acd204313f8eb32a155f44d26e03,"Transmission, Power & Gulf Second-quarter and year-to-date 2026 Modified and Adjusted EBITDA improved compared to the prior year driven by contributions from projects placed in service, new Gulf volumes, and higher storage revenues, partially offset by higher operating and administrative expenses.",True,False,False
0725aedca2ee1cc10a94,WMB,ENERGY,midstream,REVENUE,COMPARATIVE,,,2026,semantic.comparative,SPAN_RULE,RESEARCH_EVIDENCE,5064730630ab8de72500a60461a0449c20d6acd204313f8eb32a155f44d26e03,"Transmission, Power & Gulf Second-quarter and year-to-date 2026 Modified and Adjusted EBITDA improved compared to the prior year driven by contributions from projects placed in service, new Gulf volumes, and higher storage revenues, partially offset by higher operating and administrative expenses.",True,False,False
513b400b68d2399c9e73,WMB,ENERGY,midstream,ADJUSTED_EBITDA,CAUSE_EFFECT,,,2026,semantic.cause_effect,DEPENDENCY_RULE,RESEARCH_DIAGNOSTIC,5064730630ab8de72500a60461a0449c20d6acd204313f8eb32a155f44d26e03,Northeast G&P Second-quarter and year-to-date 2026 Modified and Adjusted EBITDA increased compared to the prior year driven primarily by higher volumes at Ohio Valley Midstream and higher proportional EBITDA from Blue Racer Midstream and Bradford within Appalachia Midstream.,True,False,False
6b93f000f637e42e42ae,WMB,ENERGY,midstream,ACTIVITY_VOLUME,CAUSE_EFFECT,,,2026,semantic.cause_effect,DEPENDENCY_RULE,RESEARCH_DIAGNOSTIC,5064730630ab8de72500a60461a0449c20d6acd204313f8eb32a155f44d26e03,Northeast G&P Second-quarter and year-to-date 2026 Modified and Adjusted EBITDA increased compared to the prior year driven primarily by higher volumes at Ohio Valley Midstream and higher proportional EBITDA from Blue Racer Midstream and Bradford within Appalachia Midstream.,True,False,False
aadd6445132d7932e403,WMB,ENERGY,midstream,ADJUSTED_EBITDA,COMPARATIVE,,,2026,semantic.comparative,SPAN_RULE,RESEARCH_EVIDENCE,5064730630ab8de72500a60461a0449c20d6acd204313f8eb32a155f44d26e03,"West Second-quarter and year-to-date 2026 Modified EBITDA and Adjusted EBITDA improved compared to the prior year driven by Louisiana Energy Gateway, placed into service in third-quarter 2025, as well as higher gathering volumes including contributions from the 2025 Rimrock and Saber acquisitions, partially offset by lower minimum volume commitment revenues.",True,False,False
92f4612e7d8b1818d7c6,WMB,ENERGY,midstream,REVENUE,COMPARATIVE,,,2026,semantic.comparative,SPAN_RULE,RESEARCH_EVIDENCE,5064730630ab8de72500a60461a0449c20d6acd204313f8eb32a155f44d26e03,"West Second-quarter and year-to-date 2026 Modified EBITDA and Adjusted EBITDA improved compared to the prior year driven by Louisiana Energy Gateway, placed into service in third-quarter 2025, as well as higher gathering volumes including contributions from the 2025 Rimrock and Saber acquisitions, partially offset by lower minimum volume commitment revenues.",True,False,False
834fedc252986dad1d73,EPD,ENERGY,midstream,PRODUCTION,CHANGE_TO,134.0,MBPD,2026,semantic.change_to_nominal,SPAN_RULE,RESEARCH_EVIDENCE,fe844e8d0e6b44aeee72e0b6c17d3b27f99a0cf9f867689eb77892d37b0b9b50,We also reported a 14 percent increase in propylene production volumes to a record 134 MBPD during the second quarter of 2026 as we achieved higher utilization rates at our propylene production facilities.,True,False,False
1ac5a7454964c7223c81,EPD,ENERGY,midstream,PRODUCTION,CHANGE_TO,230.0,MBPD,2026,semantic.change_to,SPAN_RULE,RESEARCH_EVIDENCE,fe844e8d0e6b44aeee72e0b6c17d3b27f99a0cf9f867689eb77892d37b0b9b50,Total equity NGL-equivalent production volumes increased 7 percent to 230 MBPD in the second quarter of 2026 compared to the second quarter of 2025.,True,False,False
a31a874ca45a81fed96a,EPD,ENERGY,midstream,ACTIVITY_VOLUME,CAUSE_EFFECT,,,2026Q3,semantic.cause_effect,DEPENDENCY_RULE,RESEARCH_DIAGNOSTIC,fe844e8d0e6b44aeee72e0b6c17d3b27f99a0cf9f867689eb77892d37b0b9b50,Fee-based natural gas processing volumes increased 218 MMcf/d and equity NGL-equivalent production volumes increased 10 MBPD. 2 •,True,False,False
80f9aae8dc2481b85275,EPD,ENERGY,midstream,PRODUCTION,CAUSE_EFFECT,,,2026Q3,semantic.cause_effect,DEPENDENCY_RULE,RESEARCH_DIAGNOSTIC,fe844e8d0e6b44aeee72e0b6c17d3b27f99a0cf9f867689eb77892d37b0b9b50,Fee-based natural gas processing volumes increased 218 MMcf/d and equity NGL-equivalent production volumes increased 10 MBPD. 2 •,True,False,False
04ec83fa8f961729b013,EPD,ENERGY,midstream,OPERATING_MARGIN,CAUSE_EFFECT,,,2026Q3,semantic.cause_effect,DEPENDENCY_RULE,RESEARCH_DIAGNOSTIC,fe844e8d0e6b44aeee72e0b6c17d3b27f99a0cf9f867689eb77892d37b0b9b50,"Delaware Basin natural gas processing facilities reported a net $36 million increase in gross operating margin primarily due to higher average processing margins and increased volumes, partially offset by higher operating costs.",True,False,False
214e764ab1e82b0e2253,EPD,ENERGY,midstream,ACTIVITY_VOLUME,CAUSE_EFFECT,,,2026Q3,semantic.cause_effect,DEPENDENCY_RULE,RESEARCH_DIAGNOSTIC,fe844e8d0e6b44aeee72e0b6c17d3b27f99a0cf9f867689eb77892d37b0b9b50,"Delaware Basin natural gas processing facilities reported a net $36 million increase in gross operating margin primarily due to higher average processing margins and increased volumes, partially offset by higher operating costs.",True,False,False
81c024e42051690b27d7,EPD,ENERGY,midstream,ACTIVITY_VOLUME,CAUSE_EFFECT,,,2026Q3,semantic.cause_effect,DEPENDENCY_RULE,RESEARCH_DIAGNOSTIC,fe844e8d0e6b44aeee72e0b6c17d3b27f99a0cf9f867689eb77892d37b0b9b50,Fee-based natural gas processing volumes increased 288 MMcf/d and equity NGL-equivalent production volumes increased 8 MBPD.,True,False,False
4ad2c6a640e08d136320,EPD,ENERGY,midstream,PRODUCTION,CAUSE_EFFECT,,,2026Q3,semantic.cause_effect,DEPENDENCY_RULE,RESEARCH_DIAGNOSTIC,fe844e8d0e6b44aeee72e0b6c17d3b27f99a0cf9f867689eb77892d37b0b9b50,Fee-based natural gas processing volumes increased 288 MMcf/d and equity NGL-equivalent production volumes increased 8 MBPD.,True,False,False
2e475070eb042e049c2d,EPD,ENERGY,midstream,OPERATING_MARGIN,CAUSE_EFFECT,,,2026Q3,semantic.cause_effect,DEPENDENCY_RULE,RESEARCH_DIAGNOSTIC,fe844e8d0e6b44aeee72e0b6c17d3b27f99a0cf9f867689eb77892d37b0b9b50,Texas Intrastate System gross operating margin increased $32 million primarily due to higher average transportation and related fees and increased pipeline volumes. •,True,False,False
007a98cf6a9ae0ebd7cb,EPD,ENERGY,midstream,ACTIVITY_VOLUME,CAUSE_EFFECT,,,2026Q3,semantic.cause_effect,DEPENDENCY_RULE,RESEARCH_DIAGNOSTIC,fe844e8d0e6b44aeee72e0b6c17d3b27f99a0cf9f867689eb77892d37b0b9b50,Texas Intrastate System gross operating margin increased $32 million primarily due to higher average transportation and related fees and increased pipeline volumes. •,True,False,False
7fe6c8e6bbe19021decd,EPD,ENERGY,midstream,REVENUE,CAUSE_EFFECT,,,2026Q3,semantic.cause_effect,DEPENDENCY_RULE,RESEARCH_DIAGNOSTIC,fe844e8d0e6b44aeee72e0b6c17d3b27f99a0cf9f867689eb77892d37b0b9b50,"An increase in our consolidated marketing revenues due to higher energy commodity sales prices may not result in an increase in gross operating margin or cash available for distribution, since our consolidated cost of sales amounts would also be expected to increase due to comparable increases in the purchase prices of the underlying energy commodities.",True,False,False
7e1b32617baf575588e6,EPD,ENERGY,midstream,OPERATING_MARGIN,CAUSE_EFFECT,,,2026Q3,semantic.cause_effect,DEPENDENCY_RULE,RESEARCH_DIAGNOSTIC,fe844e8d0e6b44aeee72e0b6c17d3b27f99a0cf9f867689eb77892d37b0b9b50,"An increase in our consolidated marketing revenues due to higher energy commodity sales prices may not result in an increase in gross operating margin or cash available for distribution, since our consolidated cost of sales amounts would also be expected to increase due to comparable increases in the purchase prices of the underlying energy commodities.",True,False,False
485fa8ba715ff6e973ac,EPD,ENERGY,midstream,OPERATING_MARGIN,ABSOLUTE_VALUE,100.0,PERCENT,2026Q3,semantic.absolute,SPAN_RULE,RESEARCH_EVIDENCE,fe844e8d0e6b44aeee72e0b6c17d3b27f99a0cf9f867689eb77892d37b0b9b50,Total gross operating margin is presented on a 100 percent basis before any allocation of earnings to noncontrolling interests.,True,False,False
aa4082aa4a944f50a425,SLB,ENERGY,services,REVENUE_CHANGE,CHANGE_BY,63.0,PERCENT,2026,semantic.change_by,SPAN_RULE,RESEARCH_EVIDENCE,f10798914225d182d6a7a39ed6317e2748f8bb6d256b3239d2f0034df93b1b85,"Data Center Solutions revenue in the first six months of 2026 grew 63% year on year. “During the quarter, Meta announced plans for a new 1GW data center in Canada, and we are proud to have been selected as a delivery partner for this project. “Beyond adding new hyperscaler customers and expanding our footprint internationally, we have widened our scope to include engineering and design.",True,False,False
c9665f1f03803c3e9c4f,SLB,ENERGY,services,REVENUE,ABSOLUTE_VALUE,606000000.0,USD,2025,semantic.absolute,SPAN_RULE,RESEARCH_EVIDENCE,f10798914225d182d6a7a39ed6317e2748f8bb6d256b3239d2f0034df93b1b85,"The ChampionX businesses, acquired in July 2025, contributed $870 million of revenue in the second quarter of 2026, consisting of $606 million in North America and $234 million in the international markets.",True,False,False
80e91e028c70215a671f,SLB,ENERGY,services,REVENUE_CHANGE,CHANGE_BY,5.0,PERCENT,2026,semantic.change_by,SPAN_RULE,RESEARCH_EVIDENCE,f10798914225d182d6a7a39ed6317e2748f8bb6d256b3239d2f0034df93b1b85,"Excluding the impact of this acquisition, second-quarter 2026 revenue decreased 5% year on year.",True,False,False
46d6d88ec6f03cf45e6a,SLB,ENERGY,services,REVENUE_CHANGE,CHANGE_BY,9.0,PERCENT,2026Q3,semantic.change_by,SPAN_RULE,RESEARCH_EVIDENCE,f10798914225d182d6a7a39ed6317e2748f8bb6d256b3239d2f0034df93b1b85,"Year on year, revenue increased 9% reflecting higher SLB OneSubsea revenue, increased digital exploration sales in Brazil, and strong offshore and land drilling activity across the region.",True,False,False
2a49787d304afd36bfc4,SLB,ENERGY,services,REVENUE_CHANGE,CHANGE_BY,6.0,PERCENT,2026Q3,semantic.change_by,SPAN_RULE,RESEARCH_EVIDENCE,f10798914225d182d6a7a39ed6317e2748f8bb6d256b3239d2f0034df93b1b85,Europe & Africa Revenue in Europe & Africa of $2.39 billion increased 6% sequentially.,True,False,False
1562522dca01fce9220d,SLB,ENERGY,services,REVENUE_CHANGE,CHANGE_BY,17.0,PERCENT,2026Q3,semantic.change_by,SPAN_RULE,RESEARCH_EVIDENCE,f10798914225d182d6a7a39ed6317e2748f8bb6d256b3239d2f0034df93b1b85,"Middle East & Asia Revenue in the Middle East & Asia of $2.57 billion decreased 4% sequentially, reflecting a 13% decline in the Middle East, partially offset by a 17% increase in Asia.",True,False,False
28aea2022531a4450a76,SLB,ENERGY,services,PRODUCTION,COMPARATIVE,,,2026Q3,semantic.comparative,SPAN_RULE,RESEARCH_EVIDENCE,f10798914225d182d6a7a39ed6317e2748f8bb6d256b3239d2f0034df93b1b85,"While activity began to recover in certain countries as conditions improved, operations in other markets remained constrained by production shut-ins and security challenges.",True,False,False
298d99410a27f8f3395c,SLB,ENERGY,services,REVENUE_CHANGE,CHANGE_BY,4.0,PERCENT,2026Q3,semantic.change_by,SPAN_RULE,RESEARCH_EVIDENCE,f10798914225d182d6a7a39ed6317e2748f8bb6d256b3239d2f0034df93b1b85,North America Revenue in North America of $2.24 billion increased 4% sequentially.,True,False,False
2483c7c7c888669a2d5e,SLB,ENERGY,services,REVENUE_CHANGE,CHANGE_BY,80.0,PERCENT,2026Q3,semantic.change_by,SPAN_RULE,RESEARCH_EVIDENCE,f10798914225d182d6a7a39ed6317e2748f8bb6d256b3239d2f0034df93b1b85,"Year on year, revenue increased 1%, driven by higher offshore drilling in the Gulf of America and strong growth in Data Center Solutions revenue, which increased 80%.",True,False,False
f0994df6b9b3fc0766e9,SLB,ENERGY,services,REVENUE,COMPARATIVE,1040000000.0,USD,2026,semantic.comparative,SPAN_RULE,RESEARCH_EVIDENCE,f10798914225d182d6a7a39ed6317e2748f8bb6d256b3239d2f0034df93b1b85,"Annualized Recurring Revenue (ARR) for the Digital Division was $1.04 billion as of June 30, 2026, representing a 15% increase year on year compared with $904 million as of June 30, 2025.",True,False,False
89911e3676d0635ce279,SLB,ENERGY,services,PRIOR_YEAR_REVENUE,COMPARATIVE,904000000.0,USD,2025,semantic.comparative,SPAN_RULE,RESEARCH_EVIDENCE,f10798914225d182d6a7a39ed6317e2748f8bb6d256b3239d2f0034df93b1b85,"Annualized Recurring Revenue (ARR) for the Digital Division was $1.04 billion as of June 30, 2026, representing a 15% increase year on year compared with $904 million as of June 30, 2025.",True,False,False
bd5160d5e99e662a1ff3,SLB,ENERGY,services,REVENUE_CHANGE,CHANGE_BY,2.0,PERCENT,2026Q3,semantic.change_by,SPAN_RULE,RESEARCH_EVIDENCE,f10798914225d182d6a7a39ed6317e2748f8bb6d256b3239d2f0034df93b1b85,"See reconciliation in the section “Supplementary Information” for details. n/m = not meaningful Reservoir Performance revenue of $1.56 billion decreased 2% sequentially, primarily due to lower evaluation, stimulation and intervention activity resulting from operational disruptions related to the Middle East conflict.",True,False,False
0b1e055ce62c2e8cc637,SLB,ENERGY,services,PRODUCTION,COMPARATIVE,,,2026Q3,semantic.comparative,SPAN_RULE,RESEARCH_EVIDENCE,f10798914225d182d6a7a39ed6317e2748f8bb6d256b3239d2f0034df93b1b85,"While activity in the Middle East began to recover in certain countries as conditions improved, operations in some Middle East countries remained constrained by production shut-ins and ongoing security challenges.",True,False,False
a183438ae1d6586188de,SLB,ENERGY,services,REVENUE_CHANGE,CHANGE_BY,8.0,PERCENT,2026Q3,semantic.change_by,SPAN_RULE,RESEARCH_EVIDENCE,f10798914225d182d6a7a39ed6317e2748f8bb6d256b3239d2f0034df93b1b85,"Year on year, revenue declined 8%, largely reflecting the impact of disruptions associated with the Middle East conflict.",True,False,False
fe7ade951526e64744a7,SLB,ENERGY,services,OPERATING_MARGIN,ABSOLUTE_VALUE,15.0,PERCENT,2026Q3,semantic.absolute,SPAN_RULE,RESEARCH_EVIDENCE,f10798914225d182d6a7a39ed6317e2748f8bb6d256b3239d2f0034df93b1b85,"Reservoir Performance pretax operating margin of 15% contracted 121 bps sequentially primarily due to lower profitability in evaluation and intervention activities, partially offset by improved margins in stimulation.",True,False,False
a79c1166a35e77e096ce,SLB,ENERGY,services,REVENUE_CHANGE,CHANGE_BY,2.0,PERCENT,2026Q3,semantic.change_by,SPAN_RULE,RESEARCH_EVIDENCE,f10798914225d182d6a7a39ed6317e2748f8bb6d256b3239d2f0034df93b1b85,"See reconciliation in the section “Supplementary Information” for details. n/m = not meaningful Well Construction revenue of $2.74 billion decreased 2% sequentially, reflecting the impact of disruptions associated with the Middle East conflict.",True,False,False
a7400a6e1a10961d2a0e,SLB,ENERGY,services,REVENUE_CHANGE,CHANGE_BY,7.0,PERCENT,2026Q3,semantic.change_by,SPAN_RULE,RESEARCH_EVIDENCE,f10798914225d182d6a7a39ed6317e2748f8bb6d256b3239d2f0034df93b1b85,"Year on year, revenue declined 7%, primarily due to lower activity resulting from the Middle East conflict.",True,False,False
5ef078eb524415d474f9,SLB,ENERGY,services,OPERATING_MARGIN,ABSOLUTE_VALUE,15.0,PERCENT,2026Q3,semantic.absolute,SPAN_RULE,RESEARCH_EVIDENCE,f10798914225d182d6a7a39ed6317e2748f8bb6d256b3239d2f0034df93b1b85,"Well Construction pretax operating margin of 15% was essentially flat sequentially, as lower profitability in the Middle East was offset by improved profitability in other areas.",True,False,False
797115608c457b0c6bc1,SLB,ENERGY,services,OPERATING_MARGIN,COMPARATIVE,,,2026Q3,semantic.comparative,SPAN_RULE,RESEARCH_EVIDENCE,f10798914225d182d6a7a39ed6317e2748f8bb6d256b3239d2f0034df93b1b85,"Year on year, pretax operating margin contracted 338 bps, primarily due to lower profitability in the Middle East, partially offset by improved profitability in North America and Latin America.",True,False,False
717d59aa81fe366a0865,SLB,ENERGY,services,PRODUCTION_CHANGE,CHANGE_BY,3.0,PERCENT,2026Q3,semantic.change_by,SPAN_RULE,RESEARCH_EVIDENCE,f10798914225d182d6a7a39ed6317e2748f8bb6d256b3239d2f0034df93b1b85,"Outside the Middle East, Production Systems grew 3% year on year.",True,False,False
a45a43bd423660a8c5f0,SLB,ENERGY,services,OPERATING_MARGIN,CAUSE_EFFECT,,,2026Q3,semantic.cause_effect,DEPENDENCY_RULE,RESEARCH_DIAGNOSTIC,f10798914225d182d6a7a39ed6317e2748f8bb6d256b3239d2f0034df93b1b85,"Year on year, pretax operating margin contracted by 120 bps, primarily due to lower profitability in surface production systems and completions.",True,False,False
108b2ccb3427728aadad,SLB,ENERGY,services,PRODUCTION,CAUSE_EFFECT,,,2026Q3,semantic.cause_effect,DEPENDENCY_RULE,RESEARCH_DIAGNOSTIC,f10798914225d182d6a7a39ed6317e2748f8bb6d256b3239d2f0034df93b1b85,"Year on year, pretax operating margin contracted by 120 bps, primarily due to lower profitability in surface production systems and completions.",True,False,False
45174c6b73a19da81638,SLB,ENERGY,services,REVENUE_CHANGE,CHANGE_BY,13.0,PERCENT,2025,semantic.change_by,SPAN_RULE,RESEARCH_EVIDENCE,f10798914225d182d6a7a39ed6317e2748f8bb6d256b3239d2f0034df93b1b85,"Year on year, revenue declined 13%, primarily due to lower APS revenue following the divestiture of the Palliser asset in Canada at the end of the second quarter of 2025, coupled with reduced revenue in SLB Capturi.",True,False,False
9ab4f0b224c797d5732e,SLB,ENERGY,services,OPERATING_INCOME,COMPARATIVE,,,2026Q3,semantic.comparative,SPAN_RULE,RESEARCH_EVIDENCE,f10798914225d182d6a7a39ed6317e2748f8bb6d256b3239d2f0034df93b1b85,Pretax operating income increased sequentially due to improved profitability in Data Center Solutions and APS.,True,False,False
4ba527b99e77b320997e,SLB,ENERGY,services,PRODUCTION,ABSOLUTE_VALUE,13.0,WELLS,2026Q3,semantic.absolute,SPAN_RULE,RESEARCH_EVIDENCE,f10798914225d182d6a7a39ed6317e2748f8bb6d256b3239d2f0034df93b1b85,"Under the contract, OneSubsea will deliver complete subsea production systems for 13 wells, reinforcing its role as a core technology and execution partner on one of the most strategically significant offshore developments currently underway in the region.",True,False,False
27f4baab59d364687da9,SLB,ENERGY,services,PRODUCTION,ABSOLUTE_VALUE,7000.0,BARRELS_PER_D,2026Q3,semantic.absolute,SPAN_RULE,RESEARCH_EVIDENCE,f10798914225d182d6a7a39ed6317e2748f8bb6d256b3239d2f0034df93b1b85,"The mobile surface multiphase boosting deployment increased wellhead pressure by 300 psi, restoring stable production of more than 3 million standard cubic feet per day of gas and more than 7,000 barrels per day of liquids.",True,False,False
1d63ee6f7e5580deb3cf,SLB,ENERGY,services,PRODUCTION,ABSOLUTE_VALUE,900.0,BARRELS_PER_D,2026Q3,semantic.absolute,SPAN_RULE,RESEARCH_EVIDENCE,f10798914225d182d6a7a39ed6317e2748f8bb6d256b3239d2f0034df93b1b85,"The well returned to stable production of more than 900 barrels per day, protecting critical subsea equipment and recovering value for the customer.  Across Kuwait, SLB and KOC advanced integrated water-control and injector-conformance workflows, combining powered, fiber-optic ACTive  real-time downhole coiled tubing services, high-resolution diagnostics and engineered chemical water shutoff systems to restore reservoir performance without conventional rig workover.",True,False,False
4ad2b81552c04c29de1a,SLB,ENERGY,services,PRODUCTION,COMPARATIVE,,,2026Q3,semantic.comparative,SPAN_RULE,RESEARCH_EVIDENCE,f10798914225d182d6a7a39ed6317e2748f8bb6d256b3239d2f0034df93b1b85,"Across three producer and injector interventions, the workflows reduced water cut, improved injection conformance and delivered measurable oil production gains.",True,False,False
6fdb5b0c99169a931b1e,SLB,ENERGY,services,CAPEX_GUIDANCE,ABSOLUTE_VALUE,2500000000.0,USD,2026,semantic.point_guidance,SPAN_RULE,RESEARCH_EVIDENCE,f10798914225d182d6a7a39ed6317e2748f8bb6d256b3239d2f0034df93b1b85,"Capital investment (consisting of capex, exploration data costs and APS investments) for the full-year 2026 is still expected to be approximately $2.5 billion.",True,False,False
23efe5fabed2850ce8fd,SLB,ENERGY,services,ADJUSTED_EBITDA,ABSOLUTE_VALUE,1899000000.0,USD,2026,semantic.absolute,SPAN_RULE,RESEARCH_EVIDENCE,f10798914225d182d6a7a39ed6317e2748f8bb6d256b3239d2f0034df93b1b85,"SLB’s adjusted EBITDA was $1.899 billion in the second quarter of 2026, $1.773 billion in the first quarter of 2026, and $2.051 billion in the second quarter of 2025.",True,False,False
659585f2be1d0f227aee,SLB,ENERGY,services,REVENUE,ABSOLUTE_VALUE,186000000.0,USD,2026,semantic.absolute,SPAN_RULE,RESEARCH_EVIDENCE,f10798914225d182d6a7a39ed6317e2748f8bb6d256b3239d2f0034df93b1b85,"Data Center Solutions revenue was $186 million in the second quarter of 2026, $141 million in the first quarter of 2026, and $104 million in the second quarter of 2025, resulting in a 33% increase sequentially and 80% increase year on year.",True,False,False
633924fd4fc41857d52d,SLB,ENERGY,services,REVENUE_CHANGE,CHANGE_BY,5.0,PERCENT,2026Q3,semantic.change_by,SPAN_RULE,RESEARCH_EVIDENCE,f10798914225d182d6a7a39ed6317e2748f8bb6d256b3239d2f0034df93b1b85,"Excluding the impact of this acquisition, Core revenue decreased 5% year on year.",True,False,False
5af0aee881a82896e16e,HAL,ENERGY,services,OPERATING_MARGIN,ABSOLUTE_VALUE,12.0,PERCENT,2026Q3,semantic.absolute,SPAN_RULE,RESEARCH_EVIDENCE,dcf8f2ab1e3ad65c8614af1110af263e7be40c6c9c34abc2a2ac9647bd5545e6,Adjusted operating margin 2 of 12% . •,True,False,False
408e78a4cf1fca84180a,HAL,ENERGY,services,REVENUE,COMPARATIVE,5700000000.0,USD,2026,semantic.comparative,SPAN_RULE,RESEARCH_EVIDENCE,dcf8f2ab1e3ad65c8614af1110af263e7be40c6c9c34abc2a2ac9647bd5545e6,"Halliburton’s total revenue for the second quarter of 2026 was $5.7 billion , compared to total revenue of $5.4 billion in the first quarter of 2026 .",True,False,False
1787a9831337177f877f,HAL,ENERGY,services,PRIOR_YEAR_REVENUE,COMPARATIVE,5400000000.0,USD,2026,semantic.comparative,SPAN_RULE,RESEARCH_EVIDENCE,dcf8f2ab1e3ad65c8614af1110af263e7be40c6c9c34abc2a2ac9647bd5545e6,"Halliburton’s total revenue for the second quarter of 2026 was $5.7 billion , compared to total revenue of $5.4 billion in the first quarter of 2026 .",True,False,False
b86d417ef3d56db66a2f,HAL,ENERGY,services,OPERATING_INCOME,COMPARATIVE,778000000.0,USD,2026,semantic.comparative,SPAN_RULE,RESEARCH_EVIDENCE,dcf8f2ab1e3ad65c8614af1110af263e7be40c6c9c34abc2a2ac9647bd5545e6,"Operating income was $778 million in the second quarter of 2026 , compared to operating income of $679 million in the first quarter of 2026 .",True,False,False
0595f31d09a40950f84b,HAL,ENERGY,services,PRIOR_YEAR_OPERATING_INCOME,COMPARATIVE,679000000.0,USD,2026,semantic.comparative,SPAN_RULE,RESEARCH_EVIDENCE,dcf8f2ab1e3ad65c8614af1110af263e7be40c6c9c34abc2a2ac9647bd5545e6,"Operating income was $778 million in the second quarter of 2026 , compared to operating income of $679 million in the first quarter of 2026 .",True,False,False
a30d7d4738bd12b35512,HAL,ENERGY,services,OPERATING_INCOME,ABSOLUTE_VALUE,683000000.0,USD,2026,semantic.absolute,SPAN_RULE,RESEARCH_EVIDENCE,dcf8f2ab1e3ad65c8614af1110af263e7be40c6c9c34abc2a2ac9647bd5545e6,"A djusted operating income 5 in the second quarter of 2026 , excluding “Impairments and other credits, ” was $683 million . “I am pleased with Halliburton’s performance this quarter, and believe the global outlook for Halliburton is strong.",True,False,False
a4a74a48b94697a00a19,HAL,ENERGY,services,REVENUE,ABSOLUTE_VALUE,2300000000.0,USD,2026,semantic.absolute,SPAN_RULE,RESEARCH_EVIDENCE,dcf8f2ab1e3ad65c8614af1110af263e7be40c6c9c34abc2a2ac9647bd5545e6,"Geographic Regions North America North America revenue in the second quarter of 2026 was $2.3 billion , an increase of 7% sequentially .",True,False,False
901871bab158177bdebe,HAL,ENERGY,services,REVENUE,ABSOLUTE_VALUE,3400000000.0,USD,2026,semantic.absolute,SPAN_RULE,RESEARCH_EVIDENCE,dcf8f2ab1e3ad65c8614af1110af263e7be40c6c9c34abc2a2ac9647bd5545e6,"International International revenue in the second quarter of 2026 was $3.4 billion , an increase of 5% when compared to the first quarter of 2026 .",True,False,False
71a2c772638e7dcb789e,HAL,ENERGY,services,REVENUE,ABSOLUTE_VALUE,1100000000.0,USD,2026,semantic.absolute,SPAN_RULE,RESEARCH_EVIDENCE,dcf8f2ab1e3ad65c8614af1110af263e7be40c6c9c34abc2a2ac9647bd5545e6,"Latin America revenue in the second quarter of 2026 was $1.1 billion , an increase of 3% sequentially .",True,False,False
4decda12fef8129ec5ce,HAL,ENERGY,services,REVENUE,COMPARATIVE,,,2026Q3,semantic.comparative,SPAN_RULE,RESEARCH_EVIDENCE,dcf8f2ab1e3ad65c8614af1110af263e7be40c6c9c34abc2a2ac9647bd5545e6,"These results were primarily driven by increased stimulation activity in Argentina and Mexico, and improved completion tool sales in Mexico .",True,False,False
861e5e9d165eecec5dad,HAL,ENERGY,services,REVENUE,ABSOLUTE_VALUE,1000000000.0,USD,2026,semantic.absolute,SPAN_RULE,RESEARCH_EVIDENCE,dcf8f2ab1e3ad65c8614af1110af263e7be40c6c9c34abc2a2ac9647bd5545e6,"Europe/Africa revenue in the second quarter of 2026 was $1.0 billion , an increase of 19% sequentially .",True,False,False
b99fb0648f22847bf1df,HAL,ENERGY,services,REVENUE,COMPARATIVE,,,2026Q3,semantic.comparative,SPAN_RULE,RESEARCH_EVIDENCE,dcf8f2ab1e3ad65c8614af1110af263e7be40c6c9c34abc2a2ac9647bd5545e6,"These results were primarily driven by improved activity across multiple product service lines in the North Sea , increased well construction activity in Namibia and Egypt, higher completion tool sales in the Mediterranean and Ivory Coast, and increased project management activity in Angola.",True,False,False
2d10e45b1fd5ee9b19fa,HAL,ENERGY,services,REVENUE,ABSOLUTE_VALUE,1300000000.0,USD,2026,semantic.absolute,SPAN_RULE,RESEARCH_EVIDENCE,dcf8f2ab1e3ad65c8614af1110af263e7be40c6c9c34abc2a2ac9647bd5545e6,"Middle East/Asia revenue in the second quarter of 2026 was $1.3 billion , a decrease of 2% sequentially .",True,False,False
64d422dce5b93f11571e,BKR,ENERGY,services,ORDERS,ABSOLUTE_VALUE,10500000000.0,USD,2026Q3,semantic.absolute,SPAN_RULE,RESEARCH_EVIDENCE,97c5692979509c020b1fa80d65b02f2429fbb3c354ac0b35dee91d8b1ea45982,"Orders of $10.5 billion, including $7.1 billion of IET orders. •",True,True,False
378b8bc56ea5d6df7113,BKR,ENERGY,services,REVENUE,ABSOLUTE_VALUE,6700000000.0,USD,2026Q3,semantic.absolute,SPAN_RULE,RESEARCH_EVIDENCE,97c5692979509c020b1fa80d65b02f2429fbb3c354ac0b35dee91d8b1ea45982,Revenue of $6.7 billion. •,True,True,False
9c67e65e439d4de8d1ee,BKR,ENERGY,services,ADJUSTED_EBITDA,ABSOLUTE_VALUE,1231000000.0,USD,2026Q3,semantic.absolute,SPAN_RULE,RESEARCH_EVIDENCE,97c5692979509c020b1fa80d65b02f2429fbb3c354ac0b35dee91d8b1ea45982,"Adjusted EBITDA* of $1,231 million. •",True,True,False
c2fa2324dbe7611472d9,BKR,ENERGY,services,ORDERS,ABSOLUTE_VALUE,45000000000.0,USD,2026Q3,semantic.absolute,SPAN_RULE,RESEARCH_EVIDENCE,97c5692979509c020b1fa80d65b02f2429fbb3c354ac0b35dee91d8b1ea45982,"Given broadening customer demand, a growing pipeline across industrial and energy infrastructure markets, and our decision to further expand capacity, we are raising our full-year IET order guidance and increasing our Horizon 2 (1) IET orders outlook to more than $45 billion."" ""OFSE delivered an impressive quarter, with EBITDA exceeding the high end of our guidance range despite a complex operating environment.",True,True,False
36a2ca58b8c8de27349f,BKR,ENERGY,services,PRODUCTION,COMPARATIVE,,,2026Q3,semantic.comparative,SPAN_RULE,RESEARCH_EVIDENCE,97c5692979509c020b1fa80d65b02f2429fbb3c354ac0b35dee91d8b1ea45982,"Awarded significant order to enable improved recovery, sustained production levels, and extension of field life in a mature offshore field in the Middle East.",True,True,False
35b0fb38cdcb9f9841b5,BKR,ENERGY,services,REVENUE,ABSOLUTE_VALUE,6742000000.0,USD,2026Q3,semantic.absolute,SPAN_RULE,RESEARCH_EVIDENCE,97c5692979509c020b1fa80d65b02f2429fbb3c354ac0b35dee91d8b1ea45982,"Consolidated Financial Results Revenue for the quarter was $6,742 million , an increase of $155 million, or 2% sequentially, and down $168 million, or 2% year-over-year.",True,True,False
d98da8f8ffa0c4e7f86b,BKR,ENERGY,services,ADJUSTED_EBITDA,ABSOLUTE_VALUE,1231000000.0,USD,2026,semantic.absolute,SPAN_RULE,RESEARCH_EVIDENCE,97c5692979509c020b1fa80d65b02f2429fbb3c354ac0b35dee91d8b1ea45982,"Adjusted EBITDA (a non-GAAP financial measure) for the second quarter of 2026 was $1,231 million , which excludes adjustments totaling $60 million.",True,True,False
784fa20af3fe3654eea9,BKR,ENERGY,services,ADJUSTED_EBITDA,ABSOLUTE_VALUE,73000000.0,USD,2026Q3,semantic.absolute,SPAN_RULE,RESEARCH_EVIDENCE,97c5692979509c020b1fa80d65b02f2429fbb3c354ac0b35dee91d8b1ea45982,"See Table 1a in the section titled ""Reconciliation of GAAP to non-GAAP Financial Measures."" Adjusted EBITDA for the second quarter was up $73 million, or 6% sequentially, and up $19 million, or 2% year-over-year.",True,True,False
1052295357eb0ebdfa99,BKR,ENERGY,services,ADJUSTED_EBITDA,CAUSE_EFFECT,,,2026Q3,semantic.cause_effect,DEPENDENCY_RULE,RESEARCH_DIAGNOSTIC,97c5692979509c020b1fa80d65b02f2429fbb3c354ac0b35dee91d8b1ea45982,"The sequential increase in adjusted net income and Adjusted EBITDA was primarily driven by higher volume, price, productivity, FX, and cost-out initiatives, partially offset by inflation.",True,True,False
d3c4a7402d42fe8303f3,BKR,ENERGY,services,ACTIVITY_VOLUME,CAUSE_EFFECT,,,2026Q3,semantic.cause_effect,DEPENDENCY_RULE,RESEARCH_DIAGNOSTIC,97c5692979509c020b1fa80d65b02f2429fbb3c354ac0b35dee91d8b1ea45982,"The sequential increase in adjusted net income and Adjusted EBITDA was primarily driven by higher volume, price, productivity, FX, and cost-out initiatives, partially offset by inflation.",True,True,False
952a95da204649c08038,BKR,ENERGY,services,ADJUSTED_EBITDA,CAUSE_EFFECT,,,2026Q3,semantic.cause_effect,DEPENDENCY_RULE,RESEARCH_DIAGNOSTIC,97c5692979509c020b1fa80d65b02f2429fbb3c354ac0b35dee91d8b1ea45982,"The year-over-year increase in adjusted net income and Adjusted EBITDA was primarily driven by productivity, price, cost-out initiatives, and FX, partially offset by inflation, lower volume, change in business mix, and the PSI and SPC dispositions.",True,True,False
81ef30acb19d11eb6138,BKR,ENERGY,services,ACTIVITY_VOLUME,CAUSE_EFFECT,,,2026Q3,semantic.cause_effect,DEPENDENCY_RULE,RESEARCH_DIAGNOSTIC,97c5692979509c020b1fa80d65b02f2429fbb3c354ac0b35dee91d8b1ea45982,"The year-over-year increase in adjusted net income and Adjusted EBITDA was primarily driven by productivity, price, cost-out initiatives, and FX, partially offset by inflation, lower volume, change in business mix, and the PSI and SPC dispositions.",True,True,False
49807dd3386301695930,BKR,ENERGY,services,ORDERS_CHANGE,CHANGE_BY,4.0,PERCENT,2026,semantic.change_by,SPAN_RULE,RESEARCH_EVIDENCE,97c5692979509c020b1fa80d65b02f2429fbb3c354ac0b35dee91d8b1ea45982,"OFSE orders of $3,413 million for the second quarter of 2026 increased by $141 million, or 4% sequentially.",True,True,False
31b59117c6e4c70b1b18,BKR,ENERGY,services,ORDERS,ABSOLUTE_VALUE,667000000.0,USD,2026Q3,semantic.absolute,SPAN_RULE,RESEARCH_EVIDENCE,97c5692979509c020b1fa80d65b02f2429fbb3c354ac0b35dee91d8b1ea45982,"Subsea and Surface Pressure Systems orders were $667 million, up $17 million, or 3% sequentially, and down $31 million, or 4% year-over-year.",True,True,False
788b7f4bf722dcf51c57,BKR,ENERGY,services,REVENUE,ABSOLUTE_VALUE,3451000000.0,USD,2026,semantic.absolute,SPAN_RULE,RESEARCH_EVIDENCE,97c5692979509c020b1fa80d65b02f2429fbb3c354ac0b35dee91d8b1ea45982,"OFSE revenue of $3,451 million for the second quarter of 2026 was up $214 million, or 7% sequentially, and down $166 million , or 5% year-over-year.",True,True,False
dba427bbe486e5155e21,BKR,ENERGY,services,REVENUE,ABSOLUTE_VALUE,933000000.0,USD,2026,semantic.absolute,SPAN_RULE,RESEARCH_EVIDENCE,97c5692979509c020b1fa80d65b02f2429fbb3c354ac0b35dee91d8b1ea45982,"The year-over-year decrease was driven mainly by the impact of the SPC disposition and disruptions in the Middle East, offset by the benefit of FX in Latin America. 6 Baker Hughes Company News Release Baker Hughes Company Announces Second-Quarter 2026 Results North America revenue was $933 million, up $5 million , or 1% sequentially.",True,True,False
15bea322a1c9f656cced,BKR,ENERGY,services,REVENUE,ABSOLUTE_VALUE,2518000000.0,USD,2026Q3,semantic.absolute,SPAN_RULE,RESEARCH_EVIDENCE,97c5692979509c020b1fa80d65b02f2429fbb3c354ac0b35dee91d8b1ea45982,"International revenue was $2,518 million, up $208 million, or 9% sequentially, with an increase in Latin America, Middle East/Asia, and Europe/CIS/Sub-Saharan Africa.",True,True,False
6921cc32ee61580e97f0,BKR,ENERGY,services,ORDERS_CHANGE,CHANGE_BY,101.0,PERCENT,2026,semantic.change_by,SPAN_RULE,RESEARCH_EVIDENCE,97c5692979509c020b1fa80d65b02f2429fbb3c354ac0b35dee91d8b1ea45982,"IET orders of $7,088 million for the second quarter of 2026 increased by $3,558 million , or 101% year-over-year.",True,True,False
f381ef1ed9744615045d,BKR,ENERGY,services,REVENUE,ABSOLUTE_VALUE,3291000000.0,USD,2026,semantic.absolute,SPAN_RULE,RESEARCH_EVIDENCE,97c5692979509c020b1fa80d65b02f2429fbb3c354ac0b35dee91d8b1ea45982,"The increase was driven by continued strength in Gas Technology Equipment and Gas Technology Services. 7 Baker Hughes Company News Release Baker Hughes Company Announces Second-Quarter 2026 Results IET revenue of $3,291 million for the second quarter of 2026 remained flat year-over-year, with decreases in Gas Technology Equipment and Industrial Solutions driven by the PSI disposition, offset by increases in all other product lines.",True,True,False
4791b2b43af5cf4deb66,GD,INDUSTRIALS,aerospace_defense,BACKLOG,ABSOLUTE_VALUE,136500000000.0,USD,2026Q3,semantic.absolute,SPAN_RULE,RESEARCH_EVIDENCE,f9a540c5233d79ee1e1f97538e5a589455250e6fba2908c9d12f7b67cef9488a,Backlog at the end of the quarter was $136.5 billion.,True,False,False
26ea8889559298c7fcb4,GD,INDUSTRIALS,aerospace_defense,BACKLOG,ABSOLUTE_VALUE,186900000000.0,USD,2026Q3,semantic.absolute,SPAN_RULE,RESEARCH_EVIDENCE,f9a540c5233d79ee1e1f97538e5a589455250e6fba2908c9d12f7b67cef9488a,"Total estimated contract value, the sum of backlog plus estimated potential contract value, was $186.9 billion. – more – About General Dynamics Headquartered in Reston, Virginia, General Dynamics is a global aerospace and defense company that offers a broad portfolio of products and services in business aviation; ship construction and repair; land combat vehicles, weapons systems and munitions; and technology products and services.",True,False,False
cdfeaf4d33cd3c96fbbb,GD,INDUSTRIALS,aerospace_defense,REVENUE,ABSOLUTE_VALUE,52600000000.0,USD,2025,semantic.absolute,SPAN_RULE,RESEARCH_EVIDENCE,f9a540c5233d79ee1e1f97538e5a589455250e6fba2908c9d12f7b67cef9488a,"General Dynamics employs more than 120,000 people worldwide and generated $52.6 billion in revenue in 2025.",True,False,False
cff33580ae185e96400b,CARR,INDUSTRIALS,building_products,OPERATING_INCOME,ABSOLUTE_VALUE,825000000.0,USD,2026Q3,semantic.absolute,SPAN_RULE,RESEARCH_EVIDENCE,601862a14b4a3e8ed16c0ab5819d50edded4757a5f407a78480030848c1986fa,"GAAP operating profit of $825 million in the quarter declined 9 % from last year, driven primarily by the Climate Solutions Americas (CSA) and Climate Solutions Asia Pacific, Middle East and Africa segments (CSAME) .",True,False,True
9263e27d24090747cab5,CARR,INDUSTRIALS,building_products,OPERATING_MARGIN,ABSOLUTE_VALUE,17.2,PERCENT,2026Q3,semantic.absolute,SPAN_RULE,RESEARCH_EVIDENCE,601862a14b4a3e8ed16c0ab5819d50edded4757a5f407a78480030848c1986fa,"A djusted operating margin of 17.2% was down 190 basis points from last year, predominantly due to favorable volume and productivity more than offset by the impact of increased input costs and unfavorable business mix.",True,False,True
3605204093997b29ed5e,CARR,INDUSTRIALS,building_products,OPERATING_MARGIN,CAUSE_EFFECT,,,2026Q3,semantic.cause_effect,DEPENDENCY_RULE,RESEARCH_DIAGNOSTIC,601862a14b4a3e8ed16c0ab5819d50edded4757a5f407a78480030848c1986fa,Segment operating margin decreased 350 basis points driven by volume growth and productivity more than offset by unfavorable mix and lower JV income due to the impacts from the Middle East conflict.,True,False,True
cfe69d1b8aef3d8517e9,CARR,INDUSTRIALS,building_products,ACTIVITY_VOLUME,CAUSE_EFFECT,,,2026Q3,semantic.cause_effect,DEPENDENCY_RULE,RESEARCH_DIAGNOSTIC,601862a14b4a3e8ed16c0ab5819d50edded4757a5f407a78480030848c1986fa,Segment operating margin decreased 350 basis points driven by volume growth and productivity more than offset by unfavorable mix and lower JV income due to the impacts from the Middle East conflict.,True,False,True
987689acb5cf1ec52dab,PWR,INDUSTRIALS,construction_engineering,REVENUE,ABSOLUTE_VALUE,7870000000.0,USD,2026,semantic.absolute,SPAN_RULE,RESEARCH_EVIDENCE,8b2f6f6d5dbbdfb6c5c5aec6850a6ab73ebb69b35d4ffe6db2c0546b91d5c482,"Revenues in the first quarter of 2026 were $7.87 billion compared to revenues of $6.23 billion in the first quarter of 2025, and net income attributable to common stock was $220.6 million, or $1.45 per diluted share, in the first quarter of 2026 compared to net income attributable to common stock of $144.3 million, or $0.96 per diluted share, in the first quarter of 2025.",True,False,True
987689acb5cf1ec52dab,PWR,INDUSTRIALS,construction_engineering,REVENUE,ABSOLUTE_VALUE,6230000000.0,USD,2026,semantic.absolute,SPAN_RULE,RESEARCH_EVIDENCE,8b2f6f6d5dbbdfb6c5c5aec6850a6ab73ebb69b35d4ffe6db2c0546b91d5c482,"Revenues in the first quarter of 2026 were $7.87 billion compared to revenues of $6.23 billion in the first quarter of 2025, and net income attributable to common stock was $220.6 million, or $1.45 per diluted share, in the first quarter of 2026 compared to net income attributable to common stock of $144.3 million, or $0.96 per diluted share, in the first quarter of 2025.",True,False,True
ba2adc376d72dcf443d4,ETN,INDUSTRIALS,electrical_components,REVENUE,ABSOLUTE_VALUE,8500000000.0,USD,2025,semantic.absolute,SPAN_RULE,RESEARCH_EVIDENCE,8ad75d54782a018e5d1b38628eca27abd672d99cf62bf47a9807162b81769d3a,"Sales in the quarter were $8.5 billion, a record and up 21% from the second quarter of 2025.",True,False,True
dbc1412774db0a438b4a,ETN,INDUSTRIALS,electrical_components,REVENUE,ABSOLUTE_VALUE,2500000000.0,USD,2025,semantic.absolute,SPAN_RULE,RESEARCH_EVIDENCE,8ad75d54782a018e5d1b38628eca27abd672d99cf62bf47a9807162b81769d3a,"Sales for the Electrical Global segment were a record $2.5 billion, up 44% from the second quarter of 2025.",True,False,True
ba0f49410488a64b3435,ETN,INDUSTRIALS,electrical_components,REVENUE,ABSOLUTE_VALUE,1200000000.0,USD,2025,semantic.absolute,SPAN_RULE,RESEARCH_EVIDENCE,8ad75d54782a018e5d1b38628eca27abd672d99cf62bf47a9807162b81769d3a,"Aerospace segment sales were a record $1.2 billion, up 13% from the second quarter of 2025.",True,False,True
6ec916e27417b59bc22c,ETN,INDUSTRIALS,electrical_components,REVENUE,ABSOLUTE_VALUE,841000000.0,USD,2026Q3,semantic.absolute,SPAN_RULE,RESEARCH_EVIDENCE,8ad75d54782a018e5d1b38628eca27abd672d99cf62bf47a9807162b81769d3a,The Mobility segment posted sales of $841 million.,True,False,True
7c5a4006a5c56087e2c4,ETN,INDUSTRIALS,electrical_components,REVENUE_CHANGE,CHANGE_BY,2.0,PERCENT,2026Q3,semantic.change_by,SPAN_RULE,RESEARCH_EVIDENCE,8ad75d54782a018e5d1b38628eca27abd672d99cf62bf47a9807162b81769d3a,"Organic sales declined 2%, which was offset by 2% from positive currency translation.",True,False,True
1ac5528e64687a6005d1,ETN,INDUSTRIALS,electrical_components,REVENUE,ABSOLUTE_VALUE,27400000000.0,USD,2025,semantic.absolute,SPAN_RULE,RESEARCH_EVIDENCE,8ad75d54782a018e5d1b38628eca27abd672d99cf62bf47a9807162b81769d3a,"With revenues of $27.4 billion in 2025, the company serves customers in 180 countries.",True,False,True
da9cc6e14aa641fd729d,GEV,INDUSTRIALS,heavy_electrical,ORDERS,ABSOLUTE_VALUE,24200000000.0,USD,2026Q3,semantic.absolute,SPAN_RULE,RESEARCH_EVIDENCE,0a64d6964e7417f081f1803045ab3008dc9daebbbd935c87cd30ecf0f3849842,"Orders of $24.2 B, + 88% organically led by robust growth in Power and Electrification •",True,False,True
1fa46fd236b6d7e2797d,GEV,INDUSTRIALS,heavy_electrical,BACKLOG,ABSOLUTE_VALUE,13000000000.0,USD,2026Q3,semantic.absolute,SPAN_RULE,RESEARCH_EVIDENCE,0a64d6964e7417f081f1803045ab3008dc9daebbbd935c87cd30ecf0f3849842,Backlog 1 growth of $ 13.0 B sequentially from equipment and services •,True,False,True
b2db652e0e0bb9c218ff,GEV,INDUSTRIALS,heavy_electrical,REVENUE,ABSOLUTE_VALUE,11100000000.0,USD,2026Q3,semantic.absolute,SPAN_RULE,RESEARCH_EVIDENCE,0a64d6964e7417f081f1803045ab3008dc9daebbbd935c87cd30ecf0f3849842,"Revenue of $11.1 B, + 22% , + 12% organically* led by Power and Electrification •",True,False,True
4747d4df2ab0b96081fc,GEV,INDUSTRIALS,heavy_electrical,ADJUSTED_EBITDA,ABSOLUTE_VALUE,1200000000.0,USD,2026Q3,semantic.absolute,SPAN_RULE,RESEARCH_EVIDENCE,0a64d6964e7417f081f1803045ab3008dc9daebbbd935c87cd30ecf0f3849842,"Adjusted EBITDA* of $1.2 B ; adjusted EBITDA margin* of 11.3% , up + 340 basis points organically* •",True,False,True
4ed120c32412d499d5ca,GEV,INDUSTRIALS,heavy_electrical,ADJUSTED_EBITDA_MARGIN,ABSOLUTE_VALUE,11.3,PERCENT,2026Q3,semantic.absolute,SPAN_RULE,RESEARCH_EVIDENCE,0a64d6964e7417f081f1803045ab3008dc9daebbbd935c87cd30ecf0f3849842,"Adjusted EBITDA* of $1.2 B ; adjusted EBITDA margin* of 11.3% , up + 340 basis points organically* •",True,False,True
a415d6df3e061b473f05,GEV,INDUSTRIALS,heavy_electrical,ORDERS_CHANGE,CHANGE_BY,88.0,PERCENT,2026Q3,semantic.change_by,SPAN_RULE,RESEARCH_EVIDENCE,0a64d6964e7417f081f1803045ab3008dc9daebbbd935c87cd30ecf0f3849842,"I am proud of how our team is executing with discipline, and I am confident there is substantial value creation ahead. ” In the quarter, orders of $24.2 billion increased + 88% organically, with robust equipment growth in Power and Electrification, and services growth in all segments .",True,False,True
450b68d2c16e446598c5,GEV,INDUSTRIALS,heavy_electrical,REVENUE,ABSOLUTE_VALUE,11100000000.0,USD,2026Q3,semantic.absolute,SPAN_RULE,RESEARCH_EVIDENCE,0a64d6964e7417f081f1803045ab3008dc9daebbbd935c87cd30ecf0f3849842,"Revenue of $11.1 billion was up + 22% , + 12% organically*, led by equipment growth at Electrification and Power, along with higher services , partially offset by equipment at Wind .",True,False,True
a6f10af4d0543710da01,GEV,INDUSTRIALS,heavy_electrical,REVENUE,ABSOLUTE_VALUE,3600000000.0,USD,2026Q3,semantic.absolute,SPAN_RULE,RESEARCH_EVIDENCE,0a64d6964e7417f081f1803045ab3008dc9daebbbd935c87cd30ecf0f3849842,"Revenues of $3.6 billion increased + 68% , + 29% organically*, driven by Power Transmission and Grid Systems Integration.",True,False,True
8f8dc72a257840540410,GEV,INDUSTRIALS,heavy_electrical,BACKLOG_CHANGE,CHANGE_BY,69.0,PERCENT,2026Q3,semantic.change_by,SPAN_RULE,RESEARCH_EVIDENCE,0a64d6964e7417f081f1803045ab3008dc9daebbbd935c87cd30ecf0f3849842,"Increased equipment backlog to $ 40.6 billion, up $ 16.6 billion, or 69% year-over-year, including $5 billion from Prolec GE.",True,False,True
83c574161f5901411556,GEV,INDUSTRIALS,heavy_electrical,ORDERS,ABSOLUTE_VALUE,1200000000.0,USD,2026Q3,semantic.absolute,SPAN_RULE,RESEARCH_EVIDENCE,0a64d6964e7417f081f1803045ab3008dc9daebbbd935c87cd30ecf0f3849842,Orders of $1.2 billion decreased (40)% organically due to lower equipment at Onshore Wind.,True,False,True
8780859517e295bbebdb,GEV,INDUSTRIALS,heavy_electrical,REVENUE,ABSOLUTE_VALUE,2000000000.0,USD,2025,semantic.absolute,SPAN_RULE,RESEARCH_EVIDENCE,0a64d6964e7417f081f1803045ab3008dc9daebbbd935c87cd30ecf0f3849842,"Revenues of $2.0 billion decreased (10)% , (11)% organically*, primarily driven by equipment at Onshore Wind as a result of soft orders in the first half of 2025 .",True,False,True
6ce5288a87d6b4a799ed,GEV,INDUSTRIALS,heavy_electrical,REVENUE,ABSOLUTE_VALUE,400000000.0,USD,2026Q3,semantic.absolute,SPAN_RULE,RESEARCH_EVIDENCE,0a64d6964e7417f081f1803045ab3008dc9daebbbd935c87cd30ecf0f3849842,Wind : Organic revenue* down low-double digits and approximately $400 million of segment EBITDA losses.,True,False,True
afe530ea348bd2bd78ef,GEV,INDUSTRIALS,heavy_electrical,ORDERS,ABSOLUTE_VALUE,16700000000.0,USD,2026,semantic.absolute,SPAN_RULE,RESEARCH_EVIDENCE,0a64d6964e7417f081f1803045ab3008dc9daebbbd935c87cd30ecf0f3849842,"Second Quarter 2026 Performance: Orders of $16.7 billion increased + 134% organically, primarily from strength in Gas Power equipment, driven by higher volume and price, with 52 heavy-duty units, including 15 HA turbines, and 61 aeroderivative turbines.",True,False,True
701885b80a8793d7819a,GEV,INDUSTRIALS,heavy_electrical,REVENUE_CHANGE,CHANGE_BY,14.0,PERCENT,2026Q3,semantic.change_by,SPAN_RULE,RESEARCH_EVIDENCE,0a64d6964e7417f081f1803045ab3008dc9daebbbd935c87cd30ecf0f3849842,Revenues of $5.5 billion increased + 14% on a U.,True,False,True
c1c3f19d278b31498f50,GEV,INDUSTRIALS,heavy_electrical,ADJUSTED_EBITDA_MARGIN,ABSOLUTE_VALUE,18.8,PERCENT,2026Q3,semantic.absolute,SPAN_RULE,RESEARCH_EVIDENCE,0a64d6964e7417f081f1803045ab3008dc9daebbbd935c87cd30ecf0f3849842,"Segment EBITDA was $1.0 billion and segment EBITDA margin was 18.8% , up +240 basis points , +320 basis points organically*, primarily driven by higher volume and favorable price at Gas Power , partially offset by the impact of inflation .",True,False,True
bdcadb217691bb4e35bf,GEV,INDUSTRIALS,heavy_electrical,ORDERS_CHANGE,CHANGE_BY,66.0,PERCENT,2026,semantic.change_by,SPAN_RULE,RESEARCH_EVIDENCE,0a64d6964e7417f081f1803045ab3008dc9daebbbd935c87cd30ecf0f3849842,"Second Quarter 2026 Performance: Orders of $6.3 billion increased +66% organically , due to continued strong demand for grid equipment with strength in North America.",True,False,True
8d4121e07209482d9939,GEV,INDUSTRIALS,heavy_electrical,REVENUE_CHANGE,CHANGE_BY,68.0,PERCENT,2026Q3,semantic.change_by,SPAN_RULE,RESEARCH_EVIDENCE,0a64d6964e7417f081f1803045ab3008dc9daebbbd935c87cd30ecf0f3849842,Revenues of $3.6 billion grew +68% on a U.,True,False,True
473ee273d5aedec763cb,GEV,INDUSTRIALS,heavy_electrical,ORDERS,ABSOLUTE_VALUE,1200000000.0,USD,2026,semantic.absolute,SPAN_RULE,RESEARCH_EVIDENCE,0a64d6964e7417f081f1803045ab3008dc9daebbbd935c87cd30ecf0f3849842,"Second Quarter 2026 Performance: Orders of $1.2 billion de creased (40)% organically, driven by lower Onshore Wind equipment orders, primarily in North America.",True,False,True
2e3c70dac00c70bc3bda,HON,INDUSTRIALS,industrial_conglomerates,REVENUE,ABSOLUTE_VALUE,9700000000.0,USD,2026Q3,semantic.absolute,SPAN_RULE,RESEARCH_EVIDENCE,a1da4f327bbe6447d59f43ccb87a34a9bfeda3e4b3ddc9cd06f6243451575058,"Sales of $9.7 billion, reported sales up 4% and organic 1 sales up 4% •",True,False,True
995c77cd8bd867b8f261,HON,INDUSTRIALS,industrial_conglomerates,OPERATING_MARGIN,ABSOLUTE_VALUE,17.9,PERCENT,2026Q3,semantic.absolute,SPAN_RULE,RESEARCH_EVIDENCE,a1da4f327bbe6447d59f43ccb87a34a9bfeda3e4b3ddc9cd06f6243451575058,Operating margin of 17.9% and segment margin 1 of 23.1% •,True,False,True
995c77cd8bd867b8f261,HON,INDUSTRIALS,industrial_conglomerates,OPERATING_MARGIN,ABSOLUTE_VALUE,23.1,PERCENT,2026Q3,semantic.absolute,SPAN_RULE,RESEARCH_EVIDENCE,a1da4f327bbe6447d59f43ccb87a34a9bfeda3e4b3ddc9cd06f6243451575058,Operating margin of 17.9% and segment margin 1 of 23.1% •,True,False,True
6cf5a695254cfce3517a,HON,INDUSTRIALS,industrial_conglomerates,REVENUE,ABSOLUTE_VALUE,5200000000.0,USD,2026Q3,semantic.absolute,SPAN_RULE,RESEARCH_EVIDENCE,a1da4f327bbe6447d59f43ccb87a34a9bfeda3e4b3ddc9cd06f6243451575058,"Sales of $5.2 billion, up 3% reported and up 4% organic 1 •",True,False,True
d8b6dc6f9b062752327e,HON,INDUSTRIALS,industrial_conglomerates,OPERATING_MARGIN,ABSOLUTE_VALUE,12.8,PERCENT,2026Q3,semantic.absolute,SPAN_RULE,RESEARCH_EVIDENCE,a1da4f327bbe6447d59f43ccb87a34a9bfeda3e4b3ddc9cd06f6243451575058,Operating margin of 12.8% and segment margin 1 of 19.0% •,True,False,True
d8b6dc6f9b062752327e,HON,INDUSTRIALS,industrial_conglomerates,OPERATING_MARGIN,ABSOLUTE_VALUE,19.0,PERCENT,2026Q3,semantic.absolute,SPAN_RULE,RESEARCH_EVIDENCE,a1da4f327bbe6447d59f43ccb87a34a9bfeda3e4b3ddc9cd06f6243451575058,Operating margin of 12.8% and segment margin 1 of 19.0% •,True,False,True
626e88b81e5a73cdcee1,HON,INDUSTRIALS,industrial_conglomerates,REVENUE_CHANGE,CHANGE_BY,1.0,PERCENT,2026Q3,semantic.change_by,SPAN_RULE,RESEARCH_EVIDENCE,a1da4f327bbe6447d59f43ccb87a34a9bfeda3e4b3ddc9cd06f6243451575058,Process Automation and Technology sales for the second quarter decreased 1% organically 1 year over year.,True,False,True
97743f02e585519fdc08,HON,INDUSTRIALS,industrial_conglomerates,OPERATING_MARGIN,CAUSE_EFFECT,,,2026Q3,semantic.cause_effect,DEPENDENCY_RULE,RESEARCH_DIAGNOSTIC,a1da4f327bbe6447d59f43ccb87a34a9bfeda3e4b3ddc9cd06f6243451575058,Segment margin contracted 180 basis points to 22.1% driven by lower catalyst volumes and unfavorable product mix.,True,False,True
14f692d3e364f526f09e,HON,INDUSTRIALS,industrial_conglomerates,ACTIVITY_VOLUME,CAUSE_EFFECT,,,2026Q3,semantic.cause_effect,DEPENDENCY_RULE,RESEARCH_DIAGNOSTIC,a1da4f327bbe6447d59f43ccb87a34a9bfeda3e4b3ddc9cd06f6243451575058,Segment margin contracted 180 basis points to 22.1% driven by lower catalyst volumes and unfavorable product mix.,True,False,True
eb6a6bcc6d415ac848a2,HON,INDUSTRIALS,industrial_conglomerates,CAPEX,COMPARATIVE,,,2026,semantic.comparative,SPAN_RULE,RESEARCH_EVIDENCE,a1da4f327bbe6447d59f43ccb87a34a9bfeda3e4b3ddc9cd06f6243451575058,"With respect to the company’s outlook for 2026, free cash flow adjusts for capital expenditures, spin-off and separation-related cost payments, and cash flows attributable to Quantinuum. 2026 Outlook Honeywell Technologies is updating its full-year outlook after a strong second quarter and improved organic growth fundamentals for process and industrial in the second half.",True,False,True
903f02b4d4e9cfdc6868,HON,INDUSTRIALS,industrial_conglomerates,REVENUE_GUIDANCE,RANGE_GUIDANCE,19900000000.0,USD,2026Q3,semantic.range_guidance,SPAN_RULE,RESEARCH_EVIDENCE,a1da4f327bbe6447d59f43ccb87a34a9bfeda3e4b3ddc9cd06f6243451575058,"The company now expects full-year sales of $19.8 billion to $20.0 billion with organic 1 sales growth of 3% to 4%, and 4% to 6% organic 1 growth in the second half.",True,False,True
e4a6a2fc1871be57ed68,HON,INDUSTRIALS,industrial_conglomerates,REVENUE_CHANGE,CHANGE_BY,5.0,PERCENT,2026Q3,semantic.change_by,SPAN_RULE,RESEARCH_EVIDENCE,a1da4f327bbe6447d59f43ccb87a34a9bfeda3e4b3ddc9cd06f6243451575058,"In the second quarter, Aerospace Technologies segment sales of $4.5 billion grew 5% organically year over year.",True,False,True
52d2131f7447a0730e9e,CAT,INDUSTRIALS,construction_machinery,REVENUE,ABSOLUTE_VALUE,20543000000.0,USD,2026,semantic.absolute,SPAN_RULE,RESEARCH_EVIDENCE,2539b5761894163928553d200c8c219f97702cb454b97abccb3e2ff74a3dd1fd,"Total sales and revenues for the second quarter of 2026 were $20.543 billion, an increase of $3.974 billion, or 24%, compared with $16.569 billion in the second quarter of 2025.",True,False,False
987c96193462f9cf87b5,CAT,INDUSTRIALS,construction_machinery,REVENUE,CAUSE_EFFECT,,,2026Q3,semantic.cause_effect,DEPENDENCY_RULE,RESEARCH_DIAGNOSTIC,2539b5761894163928553d200c8c219f97702cb454b97abccb3e2ff74a3dd1fd,Higher sales volume was mainly driven by higher sales of equipment to end users.,True,False,False
ed3e1029d4872e30f7d4,CAT,INDUSTRIALS,construction_machinery,ACTIVITY_VOLUME,CAUSE_EFFECT,,,2026Q3,semantic.cause_effect,DEPENDENCY_RULE,RESEARCH_DIAGNOSTIC,2539b5761894163928553d200c8c219f97702cb454b97abccb3e2ff74a3dd1fd,Higher sales volume was mainly driven by higher sales of equipment to end users.,True,False,False
98f4a0bf66ad336914fa,CAT,INDUSTRIALS,construction_machinery,OPERATING_INCOME,ABSOLUTE_VALUE,4295000000.0,USD,2026,semantic.absolute,SPAN_RULE,RESEARCH_EVIDENCE,2539b5761894163928553d200c8c219f97702cb454b97abccb3e2ff74a3dd1fd,"Operating profit for the second quarter of 2026 was $4.295 billion, an increase of $1.435 billion, or 50%, compared with $2.860 billion in the second quarter of 2025.",True,False,False
59bdb55b21726717684c,CAT,INDUSTRIALS,construction_machinery,OPERATING_INCOME,ABSOLUTE_VALUE,392000000.0,USD,2026,semantic.absolute,SPAN_RULE,RESEARCH_EVIDENCE,2539b5761894163928553d200c8c219f97702cb454b97abccb3e2ff74a3dd1fd,Operating profit in the second quarter of 2026 included $392 million of expected International Emergency Economic Power Act (IEEPA) tariff recoveries.,True,False,False
b2420aba64e213b5e010,CAT,INDUSTRIALS,construction_machinery,REVENUE,CAUSE_EFFECT,,,2026Q3,semantic.cause_effect,DEPENDENCY_RULE,RESEARCH_DIAGNOSTIC,2539b5761894163928553d200c8c219f97702cb454b97abccb3e2ff74a3dd1fd,Higher sales volume was primarily driven by higher sales of equipment to end users. •,True,False,False
2c00f484ec35cd90ab5f,CAT,INDUSTRIALS,construction_machinery,ACTIVITY_VOLUME,CAUSE_EFFECT,,,2026Q3,semantic.cause_effect,DEPENDENCY_RULE,RESEARCH_DIAGNOSTIC,2539b5761894163928553d200c8c219f97702cb454b97abccb3e2ff74a3dd1fd,Higher sales volume was primarily driven by higher sales of equipment to end users. •,True,False,False
54577484393a3536cbf7,CAT,INDUSTRIALS,construction_machinery,REVENUE,CAUSE_EFFECT,,,2026Q3,semantic.cause_effect,DEPENDENCY_RULE,RESEARCH_DIAGNOSTIC,2539b5761894163928553d200c8c219f97702cb454b97abccb3e2ff74a3dd1fd,Higher sales volume was mainly driven by higher sales of equipment to end users and by the impact from changes in dealer inventories. •,True,False,False
da9e2189feadc7c3bb66,CAT,INDUSTRIALS,construction_machinery,ACTIVITY_VOLUME,CAUSE_EFFECT,,,2026Q3,semantic.cause_effect,DEPENDENCY_RULE,RESEARCH_DIAGNOSTIC,2539b5761894163928553d200c8c219f97702cb454b97abccb3e2ff74a3dd1fd,Higher sales volume was mainly driven by higher sales of equipment to end users and by the impact from changes in dealer inventories. •,True,False,False
8650a1051cd0d5d84c33,CAT,INDUSTRIALS,construction_machinery,REVENUE,CAUSE_EFFECT,,,2026Q3,semantic.cause_effect,DEPENDENCY_RULE,RESEARCH_DIAGNOSTIC,2539b5761894163928553d200c8c219f97702cb454b97abccb3e2ff74a3dd1fd,Sales increased in Latin America mainly due to higher sales volume and favorable currency impacts primarily related to the Brazilian real.,True,False,False
113680cdfe1f2935d4e3,CAT,INDUSTRIALS,construction_machinery,ACTIVITY_VOLUME,CAUSE_EFFECT,,,2026Q3,semantic.cause_effect,DEPENDENCY_RULE,RESEARCH_DIAGNOSTIC,2539b5761894163928553d200c8c219f97702cb454b97abccb3e2ff74a3dd1fd,Sales increased in Latin America mainly due to higher sales volume and favorable currency impacts primarily related to the Brazilian real.,True,False,False
38dec89de99be9fd118a,CAT,INDUSTRIALS,construction_machinery,REVENUE,CAUSE_EFFECT,,,2026Q3,semantic.cause_effect,DEPENDENCY_RULE,RESEARCH_DIAGNOSTIC,2539b5761894163928553d200c8c219f97702cb454b97abccb3e2ff74a3dd1fd,Higher sales volume was mainly driven by higher sales of equipment to end users. •,True,False,False
6c3cec66de6cb1acf7d0,CAT,INDUSTRIALS,construction_machinery,ACTIVITY_VOLUME,CAUSE_EFFECT,,,2026Q3,semantic.cause_effect,DEPENDENCY_RULE,RESEARCH_DIAGNOSTIC,2539b5761894163928553d200c8c219f97702cb454b97abccb3e2ff74a3dd1fd,Higher sales volume was mainly driven by higher sales of equipment to end users. •,True,False,False
35e8ff92533b130301c4,CAT,INDUSTRIALS,construction_machinery,REVENUE,CAUSE_EFFECT,,,2026Q3,semantic.cause_effect,DEPENDENCY_RULE,RESEARCH_DIAGNOSTIC,2539b5761894163928553d200c8c219f97702cb454b97abccb3e2ff74a3dd1fd,"In EAME, sales increased primarily due to higher sales volume and favorable currency impacts mainly related to the euro.",True,False,False
3b8e6f2b95bd4656f464,CAT,INDUSTRIALS,construction_machinery,ACTIVITY_VOLUME,CAUSE_EFFECT,,,2026Q3,semantic.cause_effect,DEPENDENCY_RULE,RESEARCH_DIAGNOSTIC,2539b5761894163928553d200c8c219f97702cb454b97abccb3e2ff74a3dd1fd,"In EAME, sales increased primarily due to higher sales volume and favorable currency impacts mainly related to the euro.",True,False,False
56e38a4b4f99765088a6,CAT,INDUSTRIALS,construction_machinery,REVENUE,CAUSE_EFFECT,,,2026Q3,semantic.cause_effect,DEPENDENCY_RULE,RESEARCH_DIAGNOSTIC,2539b5761894163928553d200c8c219f97702cb454b97abccb3e2ff74a3dd1fd,Higher sales volume was primarily driven by higher sales of equipment to end users. •,True,False,False
c2f0d5c79595a597a6c5,CAT,INDUSTRIALS,construction_machinery,ACTIVITY_VOLUME,CAUSE_EFFECT,,,2026Q3,semantic.cause_effect,DEPENDENCY_RULE,RESEARCH_DIAGNOSTIC,2539b5761894163928553d200c8c219f97702cb454b97abccb3e2ff74a3dd1fd,Higher sales volume was primarily driven by higher sales of equipment to end users. •,True,False,False
2382c5fb466caf68fd47,CAT,INDUSTRIALS,construction_machinery,REVENUE,CAUSE_EFFECT,,,2026Q3,semantic.cause_effect,DEPENDENCY_RULE,RESEARCH_DIAGNOSTIC,2539b5761894163928553d200c8c219f97702cb454b97abccb3e2ff74a3dd1fd,Sales increased in Asia/Pacific mainly due to higher sales volume.,True,False,False
9445be1aa221c33fdfe9,CAT,INDUSTRIALS,construction_machinery,ACTIVITY_VOLUME,CAUSE_EFFECT,,,2026Q3,semantic.cause_effect,DEPENDENCY_RULE,RESEARCH_DIAGNOSTIC,2539b5761894163928553d200c8c219f97702cb454b97abccb3e2ff74a3dd1fd,Sales increased in Asia/Pacific mainly due to higher sales volume.,True,False,False
aa155a379468b8d17e35,CAT,INDUSTRIALS,construction_machinery,REVENUE,CAUSE_EFFECT,,,2026Q3,semantic.cause_effect,DEPENDENCY_RULE,RESEARCH_DIAGNOSTIC,2539b5761894163928553d200c8c219f97702cb454b97abccb3e2ff74a3dd1fd,Higher sales volume was primarily driven by higher sales of equipment to end users.,True,False,False
02a415761978c1679ed0,CAT,INDUSTRIALS,construction_machinery,ACTIVITY_VOLUME,CAUSE_EFFECT,,,2026Q3,semantic.cause_effect,DEPENDENCY_RULE,RESEARCH_DIAGNOSTIC,2539b5761894163928553d200c8c219f97702cb454b97abccb3e2ff74a3dd1fd,Higher sales volume was primarily driven by higher sales of equipment to end users.,True,False,False
832b18d68bd4ef924338,CAT,INDUSTRIALS,construction_machinery,REVENUE,CAUSE_EFFECT,,,2026Q3,semantic.cause_effect,DEPENDENCY_RULE,RESEARCH_DIAGNOSTIC,2539b5761894163928553d200c8c219f97702cb454b97abccb3e2ff74a3dd1fd,Higher sales volume was primarily driven by higher sales of equipment to end users. •,True,False,False
54386ecff28c317d2b2d,CAT,INDUSTRIALS,construction_machinery,ACTIVITY_VOLUME,CAUSE_EFFECT,,,2026Q3,semantic.cause_effect,DEPENDENCY_RULE,RESEARCH_DIAGNOSTIC,2539b5761894163928553d200c8c219f97702cb454b97abccb3e2ff74a3dd1fd,Higher sales volume was primarily driven by higher sales of equipment to end users. •,True,False,False
6c3cdaaddf3ccc81cf80,CAT,INDUSTRIALS,construction_machinery,REVENUE,CAUSE_EFFECT,,,2026Q3,semantic.cause_effect,DEPENDENCY_RULE,RESEARCH_DIAGNOSTIC,2539b5761894163928553d200c8c219f97702cb454b97abccb3e2ff74a3dd1fd,Rail – Sales increased due to higher international locomotive deliveries.,True,False,False
7a263847e8669bdd41ec,CAT,INDUSTRIALS,construction_machinery,DELIVERIES,CAUSE_EFFECT,,,2026Q3,semantic.cause_effect,DEPENDENCY_RULE,RESEARCH_DIAGNOSTIC,2539b5761894163928553d200c8c219f97702cb454b97abccb3e2ff74a3dd1fd,Rail – Sales increased due to higher international locomotive deliveries.,True,False,False
bdc373529dfd5357034d,CAT,INDUSTRIALS,construction_machinery,REVENUE,ABSOLUTE_VALUE,67599999999.99999,USD,2025,semantic.absolute,SPAN_RULE,RESEARCH_EVIDENCE,2539b5761894163928553d200c8c219f97702cb454b97abccb3e2ff74a3dd1fd,"With 2025 sales and revenues of $67.6 billion, Caterpillar Inc. is shaping the future as the world’s leading manufacturer of construction and mining equipment, off-highway diesel and natural gas engines, industrial gas turbines and diesel-electric locomotives.",True,False,False
9bb22c83eb14ae30089a,DE,INDUSTRIALS,agricultural_machinery,REVENUE,ABSOLUTE_VALUE,10999000000.0,USD,2026Q3,semantic.absolute,SPAN_RULE,RESEARCH_EVIDENCE,54cb2eea9e7afd5e309227f8d1764c9fbaafd5a652e10b73c87a3baf05385ce2,"Net sales were $10.999 billion for the quarter and $30.779 billion for nine months, compared with $10.357 billion and $28.338 billion last year, respectively. “Deere delivered a strong quarter, reflecting disciplined execution by our teams and continued resilience across our portfolio,” said John C.",True,False,True
8ffdccfe2501bde12df3,DE,INDUSTRIALS,agricultural_machinery,OPERATING_INCOME,CAUSE_EFFECT,,,2026Q3,semantic.cause_effect,DEPENDENCY_RULE,RESEARCH_DIAGNOSTIC,54cb2eea9e7afd5e309227f8d1764c9fbaafd5a652e10b73c87a3baf05385ce2,"Operating profit increased primarily due to favorable price realization, partially offset by higher SA&G and R&D costs.",True,False,True
38f7f7ea75c7edf0e1f5,DE,INDUSTRIALS,agricultural_machinery,PRICE_REALIZATION,CAUSE_EFFECT,,,2026Q3,semantic.cause_effect,DEPENDENCY_RULE,RESEARCH_DIAGNOSTIC,54cb2eea9e7afd5e309227f8d1764c9fbaafd5a652e10b73c87a3baf05385ce2,"Operating profit increased primarily due to favorable price realization, partially offset by higher SA&G and R&D costs.",True,False,True
34e85c8a6c65ffa042be,DE,INDUSTRIALS,agricultural_machinery,CUSTOMER_DEMAND,CAUSE_EFFECT,,,2026Q3,semantic.cause_effect,DEPENDENCY_RULE,RESEARCH_DIAGNOSTIC,54cb2eea9e7afd5e309227f8d1764c9fbaafd5a652e10b73c87a3baf05385ce2,"S. government and retaliatory trade regulations ● political, economic, and social instability in the geographies in which the company operates 8 ● worldwide demand for food and different forms of renewable energy impacting the price of farm commodities and the resulting impacts on the demand for the company’s equipment ● rationalization, restructuring, relocation, expansion, and/or reconfiguration of manufacturing and warehouse facilities ● accurately forecasting customer demand for products and services, and adequately managing inventory ● selling products domestically or internationally, managing increased costs of production, absorbing or passing on increased expenses, as well as accurately predicting financial results and industry trends ● availability and price of raw materials, components, and whole goods ● delays or disruptions in the company’s supply chain, including those arising from geopolitical conflicts ● changes in climate patterns, unfavorable weather events, and natural disasters ● suppliers’ and manufacturers’ business practices and compliance with applicable laws such as human rights, safety, environmental, and fair wages ● higher interest rates and currency fluctuations which could adversely affect the U.",True,False,True
7631696b494de5ae2385,DE,INDUSTRIALS,agricultural_machinery,PRODUCTION,CAUSE_EFFECT,,,2026Q3,semantic.cause_effect,DEPENDENCY_RULE,RESEARCH_DIAGNOSTIC,54cb2eea9e7afd5e309227f8d1764c9fbaafd5a652e10b73c87a3baf05385ce2,"S. government and retaliatory trade regulations ● political, economic, and social instability in the geographies in which the company operates 8 ● worldwide demand for food and different forms of renewable energy impacting the price of farm commodities and the resulting impacts on the demand for the company’s equipment ● rationalization, restructuring, relocation, expansion, and/or reconfiguration of manufacturing and warehouse facilities ● accurately forecasting customer demand for products and services, and adequately managing inventory ● selling products domestically or internationally, managing increased costs of production, absorbing or passing on increased expenses, as well as accurately predicting financial results and industry trends ● availability and price of raw materials, components, and whole goods ● delays or disruptions in the company’s supply chain, including those arising from geopolitical conflicts ● changes in climate patterns, unfavorable weather events, and natural disasters ● suppliers’ and manufacturers’ business practices and compliance with applicable laws such as human rights, safety, environmental, and fair wages ● higher interest rates and currency fluctuations which could adversely affect the U.",True,False,True
705aafad51e443262ade,ITW,INDUSTRIALS,industrial_machinery,OPERATING_INCOME_CHANGE,CHANGE_BY,7.4,PERCENT,2026Q3,semantic.change_by,SPAN_RULE,RESEARCH_EVIDENCE,8668a266143199dbe971b08f67a232c9f75d7ebc25b67aad2cb78e51c7dc2796,Operating income of $1.15 billion grew +7.4% marking the most profitable quarter in company history •,True,False,True
4b9cd56dc1f2e34b028b,ITW,INDUSTRIALS,industrial_machinery,OPERATING_MARGIN,ABSOLUTE_VALUE,26.7,PERCENT,2026Q3,semantic.absolute,SPAN_RULE,RESEARCH_EVIDENCE,8668a266143199dbe971b08f67a232c9f75d7ebc25b67aad2cb78e51c7dc2796,"Operating margin of 26.7% expanded 40 bps, as enterprise initiatives contributed 120 bps •",True,False,True
2c4a8104c0f1d6a1270e,ITW,INDUSTRIALS,industrial_machinery,REVENUE_CHANGE,CHANGE_BY,6.1,PERCENT,2026,semantic.change_by,SPAN_RULE,RESEARCH_EVIDENCE,8668a266143199dbe971b08f67a232c9f75d7ebc25b67aad2cb78e51c7dc2796,Second Quarter 2026 Results Second quarter revenue of $4.30 billion increased by 6.1 percent.,True,False,True
6c2430f8c0d98fda73e2,ITW,INDUSTRIALS,industrial_machinery,OPERATING_MARGIN,ABSOLUTE_VALUE,27.5,PERCENT,2026Q3,semantic.absolute,SPAN_RULE,RESEARCH_EVIDENCE,8668a266143199dbe971b08f67a232c9f75d7ebc25b67aad2cb78e51c7dc2796,"Operating margin is projected to be in the range of 26.5 to 27.5 percent, with enterprise initiatives contributing more than 100 basis points.",True,False,True
12d58d87c5c8d6d2c53a,ITW,INDUSTRIALS,industrial_machinery,REVENUE,ABSOLUTE_VALUE,16000000000.0,USD,2025,semantic.absolute,SPAN_RULE,RESEARCH_EVIDENCE,8668a266143199dbe971b08f67a232c9f75d7ebc25b67aad2cb78e51c7dc2796,About Illinois Tool Works ITW (NYSE: ITW) is a Fortune 300 global multi-industrial manufacturing leader with revenue of $16 billion in 2025.,True,False,True
c108eaca2e946c28212b,GWW,INDUSTRIALS,trading_distributors,REVENUE,ABSOLUTE_VALUE,5000000000.0,USD,2026Q3,semantic.absolute,SPAN_RULE,RESEARCH_EVIDENCE,85c4a9128eaa60b7da82a676f1f44c7b352f9445d483558737c143dc977fbaa1,"Delivered sales of $5.0 billion, up 10.3%, or 13.7% on a daily, organic constant currency basis •",True,False,True
4a018778556ed0424b74,GWW,INDUSTRIALS,trading_distributors,OPERATING_MARGIN,ABSOLUTE_VALUE,16.1,PERCENT,2026Q3,semantic.absolute,SPAN_RULE,RESEARCH_EVIDENCE,85c4a9128eaa60b7da82a676f1f44c7b352f9445d483558737c143dc977fbaa1,"Achieved operating margin of 16.1%, up 120 basis points, inclusive of IEEPA tariff refunds •",True,False,True
d1214c635f1e5854cf1b,GWW,INDUSTRIALS,trading_distributors,REVENUE_CHANGE,CHANGE_BY,10.3,PERCENT,2025,semantic.change_by,SPAN_RULE,RESEARCH_EVIDENCE,85c4a9128eaa60b7da82a676f1f44c7b352f9445d483558737c143dc977fbaa1,Revenue Sales in the quarter increased 10.3% compared to the second quarter of 2025.,True,False,True
6a464a067a6840493ba6,GWW,INDUSTRIALS,trading_distributors,REVENUE_CHANGE,CHANGE_BY,13.7,PERCENT,2025,semantic.change_by,SPAN_RULE,RESEARCH_EVIDENCE,85c4a9128eaa60b7da82a676f1f44c7b352f9445d483558737c143dc977fbaa1,"K. market and the impact of foreign currency exchange, sales on a daily, organic constant currency basis increased 13.7% compared to the second quarter of 2025.",True,False,True
3783bc16876c75f6f65b,GWW,INDUSTRIALS,trading_distributors,GROSS_MARGIN,ABSOLUTE_VALUE,39.5,PERCENT,2026,semantic.absolute,SPAN_RULE,RESEARCH_EVIDENCE,85c4a9128eaa60b7da82a676f1f44c7b352f9445d483558737c143dc977fbaa1,"Gross Profit Margin Gross profit margin was 39.5% in the second quarter of 2026, up 100 basis points compared to the second quarter of 2025, driven by strength from both segments and a benefit related to the Company's exit from the U.",True,False,True
f9ffd569a7a806531201,GWW,INDUSTRIALS,trading_distributors,GROSS_MARGIN,ABSOLUTE_VALUE,41.8,PERCENT,2026Q3,semantic.absolute,SPAN_RULE,RESEARCH_EVIDENCE,85c4a9128eaa60b7da82a676f1f44c7b352f9445d483558737c143dc977fbaa1,"A. segment, gross profit margin was 41.8%, up 80 basis points compared to the prior year quarter as the benefit from the IEEPA tariff refunds and positive mix were partly offset by unfavorable freight and headwinds from certain private label products.",True,False,True
12ddf79a14d4cf26a2b9,GWW,INDUSTRIALS,trading_distributors,GROSS_MARGIN_CHANGE,CHANGE_BY,90.0,BASIS_POINTS,2025,semantic.change_by,SPAN_RULE,RESEARCH_EVIDENCE,85c4a9128eaa60b7da82a676f1f44c7b352f9445d483558737c143dc977fbaa1,"In 2 the Endless Assortment segment, gross profit margin increased by 90 basis points from the second quarter of 2025 due to improvement across the segment.",True,False,True
67d47a1513ac4edaf3d2,GWW,INDUSTRIALS,trading_distributors,OPERATING_MARGIN,ABSOLUTE_VALUE,16.1,PERCENT,2025,semantic.absolute,SPAN_RULE,RESEARCH_EVIDENCE,85c4a9128eaa60b7da82a676f1f44c7b352f9445d483558737c143dc977fbaa1,"Operating margin was 16.1%, a 120 basis point increase compared to the second quarter of 2025.",True,False,True
8351ed36afcd2b86a6b6,GWW,INDUSTRIALS,trading_distributors,REVENUE,ABSOLUTE_VALUE,17900000000.0,USD,2025,semantic.absolute,SPAN_RULE,RESEARCH_EVIDENCE,85c4a9128eaa60b7da82a676f1f44c7b352f9445d483558737c143dc977fbaa1,"Known for its commitment to service and purpose-driven culture, the Company reported 2025 revenue of $17.9 billion.",True,False,True
be82f87c10d55e245634,QUAD,INDUSTRIALS,commercial_printing,REVENUE,CHANGE_TO,572000000.0,USD,2026,semantic.change_to_nominal,SPAN_RULE,RESEARCH_EVIDENCE,ce2bba5c5fe0fe7c2827c1f0f730112b632b60cc18e2fbe4d1a53e40c2ada4bc,"Realized Net Sales of $578 million in the second quarter of 2026 compared to $572 million in the second quarter of 2025, representing a 1% increase in Net Sales. •",True,False,True
f032a319c1ea2f79bad1,QUAD,INDUSTRIALS,commercial_printing,ADJUSTED_EBITDA,COMPARATIVE,42000000.0,USD,2026,semantic.comparative,SPAN_RULE,RESEARCH_EVIDENCE,ce2bba5c5fe0fe7c2827c1f0f730112b632b60cc18e2fbe4d1a53e40c2ada4bc,"Reported Non-GAAP Adjusted EBITDA of $42 million in the second quarter of 2026, compared to $43 million in 2025. •",True,False,True
2b554bd3875f4b43eda6,QUAD,INDUSTRIALS,commercial_printing,PRIOR_YEAR_ADJUSTED_EBITDA,COMPARATIVE,43000000.0,USD,2025,semantic.comparative,SPAN_RULE,RESEARCH_EVIDENCE,ce2bba5c5fe0fe7c2827c1f0f730112b632b60cc18e2fbe4d1a53e40c2ada4bc,"Reported Non-GAAP Adjusted EBITDA of $42 million in the second quarter of 2026, compared to $43 million in 2025. •",True,False,True
9457515534f9bc0317d0,QUAD,INDUSTRIALS,commercial_printing,REVENUE,ABSOLUTE_VALUE,578000000.0,USD,2026,semantic.absolute,SPAN_RULE,RESEARCH_EVIDENCE,ce2bba5c5fe0fe7c2827c1f0f730112b632b60cc18e2fbe4d1a53e40c2ada4bc,"Net Sales were $578 million in the second quarter of 2026, an increase of 1% compared to the same period in 2025.",True,False,True
6000888cfd47be10fc73,QUAD,INDUSTRIALS,commercial_printing,ADJUSTED_EBITDA,COMPARATIVE,42000000.0,USD,2026,semantic.comparative,SPAN_RULE,RESEARCH_EVIDENCE,ce2bba5c5fe0fe7c2827c1f0f730112b632b60cc18e2fbe4d1a53e40c2ada4bc,"Adjusted EBITDA was $42 million in the second quarter of 2026, compared to $43 million in the same period in 2025.",True,False,True
8f92c28d74a7dce95415,QUAD,INDUSTRIALS,commercial_printing,PRIOR_YEAR_ADJUSTED_EBITDA,COMPARATIVE,43000000.0,USD,2025,semantic.comparative,SPAN_RULE,RESEARCH_EVIDENCE,ce2bba5c5fe0fe7c2827c1f0f730112b632b60cc18e2fbe4d1a53e40c2ada4bc,"Adjusted EBITDA was $42 million in the second quarter of 2026, compared to $43 million in the same period in 2025.",True,False,True
ccfee8519db5cbeb9a79,QUAD,INDUSTRIALS,commercial_printing,REVENUE,ABSOLUTE_VALUE,1200000000.0,USD,2026,semantic.absolute,SPAN_RULE,RESEARCH_EVIDENCE,ce2bba5c5fe0fe7c2827c1f0f730112b632b60cc18e2fbe4d1a53e40c2ada4bc,"Net Sales were $1.2 billion in the six months ended June 30, 2026, a decrease of 4% compared to the same period in 2025.",True,False,True
54ca4ffffb9cdbd80dd4,QUAD,INDUSTRIALS,commercial_printing,REVENUE_CHANGE,CHANGE_BY,2.0,PERCENT,2026Q3,semantic.change_by,SPAN_RULE,RESEARCH_EVIDENCE,ce2bba5c5fe0fe7c2827c1f0f730112b632b60cc18e2fbe4d1a53e40c2ada4bc,"Excluding the 2% impact of the divestiture of the Company’s European operations, Net Sales declined 2%.",True,False,True
4edcd35539699d6ddf59,QUAD,INDUSTRIALS,commercial_printing,REVENUE,CAUSE_EFFECT,,,2026Q3,semantic.cause_effect,DEPENDENCY_RULE,RESEARCH_DIAGNOSTIC,ce2bba5c5fe0fe7c2827c1f0f730112b632b60cc18e2fbe4d1a53e40c2ada4bc,"The decline in Net Sales was primarily due to lower print volumes and lower agency solutions sales, partially offset by higher paper sales. •",True,False,True
a4be410fff49b8f841de,QUAD,INDUSTRIALS,commercial_printing,ACTIVITY_VOLUME,CAUSE_EFFECT,,,2026Q3,semantic.cause_effect,DEPENDENCY_RULE,RESEARCH_DIAGNOSTIC,ce2bba5c5fe0fe7c2827c1f0f730112b632b60cc18e2fbe4d1a53e40c2ada4bc,"The decline in Net Sales was primarily due to lower print volumes and lower agency solutions sales, partially offset by higher paper sales. •",True,False,True
a5bc4dad108c3bac7f2c,QUAD,INDUSTRIALS,commercial_printing,ADJUSTED_EBITDA,COMPARATIVE,87000000.0,USD,2026,semantic.comparative,SPAN_RULE,RESEARCH_EVIDENCE,ce2bba5c5fe0fe7c2827c1f0f730112b632b60cc18e2fbe4d1a53e40c2ada4bc,"Adjusted EBITDA was $87 million in the six months ended June 30, 2026, as compared to $89 million in the same period in 2025.",True,False,True
922a4c3dec5b19d9a772,QUAD,INDUSTRIALS,commercial_printing,PRIOR_YEAR_ADJUSTED_EBITDA,COMPARATIVE,89000000.0,USD,2025,semantic.comparative,SPAN_RULE,RESEARCH_EVIDENCE,ce2bba5c5fe0fe7c2827c1f0f730112b632b60cc18e2fbe4d1a53e40c2ada4bc,"Adjusted EBITDA was $87 million in the six months ended June 30, 2026, as compared to $89 million in the same period in 2025.",True,False,True
671b84dda7200dfd29ce,QUAD,INDUSTRIALS,commercial_printing,DEBT,ABSOLUTE_VALUE,394000000.0,USD,2026,semantic.absolute,SPAN_RULE,RESEARCH_EVIDENCE,ce2bba5c5fe0fe7c2827c1f0f730112b632b60cc18e2fbe4d1a53e40c2ada4bc,"Net Debt was $394 million at June 30, 2026, as compared to $308 million at December 31, 2025, and $448 million at June 30, 2025.",True,False,True
118eb91a723e4bbc7314,QUAD,INDUSTRIALS,commercial_printing,DEBT,CHANGE_TO,66000000.0,USD,2025,semantic.change_to,SPAN_RULE,RESEARCH_EVIDENCE,ce2bba5c5fe0fe7c2827c1f0f730112b632b60cc18e2fbe4d1a53e40c2ada4bc,"Compared to December 31, 2025, Net Debt increased primarily due to negative $66 million in Free Cash Flow and the payment of cash dividends and share repurchases.",True,False,True
d9239a01e128f4e6358d,QUAD,INDUSTRIALS,commercial_printing,DEBT_CHANGE,CHANGE_BY,12.0,PERCENT,2026Q3,semantic.change_by,SPAN_RULE,RESEARCH_EVIDENCE,ce2bba5c5fe0fe7c2827c1f0f730112b632b60cc18e2fbe4d1a53e40c2ada4bc,"When removing seasonality, Net Debt decreased $54 million or 12%.",True,False,True
6acaa1925487eddf3c65,WM,INDUSTRIALS,environmental_services,REVENUE_GUIDANCE,RANGE_GUIDANCE,26375000000.0,USD,2026Q3,semantic.range_guidance,SPAN_RULE,RESEARCH_EVIDENCE,be924592355280c2b0e4e7b8071dd1fab584bd6f4209a74a9c7b8d49f07408ab,"Revenue is now expected to be between $26.275 and $26.475 billion dollars, reflecting a reduction of approximately 0.6% compared to the prior outlook, primarily driven by lower volume expectations, partially offset by higher energy surcharges.",True,False,True
aec2278cf8caf53dd367,ACCO,INDUSTRIALS,office_services,REVENUE,CHANGE_TO,415000000.0,USD,2026Q3,semantic.change_to,SPAN_RULE,RESEARCH_EVIDENCE,92897b9298db71ed3610cd841c9381ee81cc907b2d6605b917d05d6fb697b1de,Reported net sales increased 5.1% to $415 million •,True,False,False
fe9ddd7e9648603f9887,ACCO,INDUSTRIALS,office_services,OPERATING_INCOME,ABSOLUTE_VALUE,30300000.0,USD,2025,semantic.absolute,SPAN_RULE,RESEARCH_EVIDENCE,92897b9298db71ed3610cd841c9381ee81cc907b2d6605b917d05d6fb697b1de,"Operating income was $30.3 million, compared with $33.0 million in 2025.",True,False,False
01b0dac7227efcddcafe,ACCO,INDUSTRIALS,office_services,OPERATING_INCOME,ABSOLUTE_VALUE,5200000.0,USD,2026Q3,semantic.absolute,SPAN_RULE,RESEARCH_EVIDENCE,92897b9298db71ed3610cd841c9381ee81cc907b2d6605b917d05d6fb697b1de,"Current-year operating income included one-time charges of $5.2 million, while prior-year operating income included a $6.9 million gain on the sale of assets.",True,False,False
78eafde76ed9d5be2234,ACCO,INDUSTRIALS,office_services,REVENUE_CHANGE,CHANGE_BY,5.8,PERCENT,2026Q3,semantic.change_by,SPAN_RULE,RESEARCH_EVIDENCE,92897b9298db71ed3610cd841c9381ee81cc907b2d6605b917d05d6fb697b1de,Business Segment Results ACCO Brands Americas – Second quarter segment net sales of $262.9 million increased 5.8 percent from $248.5 million in the prior year.,True,False,False
648e4ed550e4748470ba,ACCO,INDUSTRIALS,office_services,REVENUE,ABSOLUTE_VALUE,253000000.0,USD,2026Q3,semantic.absolute,SPAN_RULE,RESEARCH_EVIDENCE,92897b9298db71ed3610cd841c9381ee81cc907b2d6605b917d05d6fb697b1de,"Comparable sales of $253.0 million, were up 1.8 percent versus prior year.",True,False,False
5eb551a0d55b14944d36,ACCO,INDUSTRIALS,office_services,OPERATING_INCOME,ABSOLUTE_VALUE,46400000.0,USD,2026Q3,semantic.absolute,SPAN_RULE,RESEARCH_EVIDENCE,92897b9298db71ed3610cd841c9381ee81cc907b2d6605b917d05d6fb697b1de,"Second quarter operating income was $46.4 million, compared with $40.7 million a year earlier.",True,False,False
313602180cf38713b9f5,ACCO,INDUSTRIALS,office_services,REVENUE,ABSOLUTE_VALUE,152200000.0,USD,2026Q3,semantic.absolute,SPAN_RULE,RESEARCH_EVIDENCE,92897b9298db71ed3610cd841c9381ee81cc907b2d6605b917d05d6fb697b1de,ACCO Brands International – Second quarter segment net sales were $152.2 million an increase of 4.0 percent from $146.3 million in the prior year.,True,False,False
24aff3d9ef1997ba7472,ACCO,INDUSTRIALS,office_services,REVENUE,ABSOLUTE_VALUE,132800000.00000001,USD,2026Q3,semantic.absolute,SPAN_RULE,RESEARCH_EVIDENCE,92897b9298db71ed3610cd841c9381ee81cc907b2d6605b917d05d6fb697b1de,"Comparable sales were $132.8 million, down 9.3 percent year-over-year, reflecting reduced demand for office product categories, particularly in EMEA and Australia.",True,False,False
057f36c8c6eccd9fe560,ACCO,INDUSTRIALS,office_services,OPERATING_INCOME,ABSOLUTE_VALUE,800000.0,USD,2026Q3,semantic.absolute,SPAN_RULE,RESEARCH_EVIDENCE,92897b9298db71ed3610cd841c9381ee81cc907b2d6605b917d05d6fb697b1de,"Second quarter operating loss was $4.8 million, compared with operating income of $0.8 million in the prior year.",True,False,False
343478a6d359aea45e0a,ACCO,INDUSTRIALS,office_services,OPERATING_INCOME,ABSOLUTE_VALUE,3600000.0,USD,2026Q3,semantic.absolute,SPAN_RULE,RESEARCH_EVIDENCE,92897b9298db71ed3610cd841c9381ee81cc907b2d6605b917d05d6fb697b1de,"Adjusted operating income was $3.6 million, compared with $12.4 million in the prior year, as lower volumes more than offset cost savings and price increases.",True,False,False
ac07cf6ef9b5ead16013,ACCO,INDUSTRIALS,office_services,REVENUE_CHANGE,CHANGE_BY,6.5,PERCENT,2025,semantic.change_by,SPAN_RULE,RESEARCH_EVIDENCE,92897b9298db71ed3610cd841c9381ee81cc907b2d6605b917d05d6fb697b1de,"Six Month Results Net sales of $758.8 million, increased 6.5 percent from $712.2 million in 2025.",True,False,False
8e487bc2a89deaa0ee9c,ACCO,INDUSTRIALS,office_services,OPERATING_INCOME,ABSOLUTE_VALUE,19900000.0,USD,2025,semantic.absolute,SPAN_RULE,RESEARCH_EVIDENCE,92897b9298db71ed3610cd841c9381ee81cc907b2d6605b917d05d6fb697b1de,Operating income was $19.9 million compared with $26.3 million in 2025.,True,False,False
fc1dbeace395cda4478a,CTAS,INDUSTRIALS,diversified_support,REVENUE,CHANGE_TO,2670000000.0,USD,2026,semantic.change_to_nominal,SPAN_RULE,RESEARCH_EVIDENCE,e25984016ccf7f552f9a8b71709dcd663c7bfbb47c6c53ee523527a207b239d3,"Revenue for the fourth quarter of fiscal 2026 was $2.91 billion compared to $2.67 billion in last year’s fourth quarter, an increase of 8.9%.",True,True,False
b50fadc5278bbb5a464b,CTAS,INDUSTRIALS,diversified_support,GROSS_MARGIN,CHANGE_TO,11.6,PERCENT,2026,semantic.change_to_nominal,SPAN_RULE,RESEARCH_EVIDENCE,e25984016ccf7f552f9a8b71709dcd663c7bfbb47c6c53ee523527a207b239d3,"Gross margin for the fourth quarter of fiscal 2026 was $1.48 billion compared to $1.33 billion in last year’s fourth quarter, an increase of 11.6%.",True,True,False
975ae2ac69c0f021595c,CTAS,INDUSTRIALS,diversified_support,OPERATING_INCOME,ABSOLUTE_VALUE,14000000.0,USD,2026,semantic.absolute,SPAN_RULE,RESEARCH_EVIDENCE,e25984016ccf7f552f9a8b71709dcd663c7bfbb47c6c53ee523527a207b239d3,Operating income in the fourth quarter of fiscal 2026 included $14.0 million of transaction expenses related to the UniFirst acquisition.,True,True,False
003d9fb3087bc056db45,CTAS,INDUSTRIALS,diversified_support,OPERATING_INCOME,ABSOLUTE_VALUE,15100000.0,USD,2026,semantic.absolute,SPAN_RULE,RESEARCH_EVIDENCE,e25984016ccf7f552f9a8b71709dcd663c7bfbb47c6c53ee523527a207b239d3,"Operating income for the fiscal year ended May 31, 2026 included $15.1 million of transaction expenses related to the UniFirst acquisition.",True,True,False
32d962c24a5af9584021,ADT,INDUSTRIALS,security_alarm,REVENUE,CHANGE_TO,5100000000.0,USD,2026Q1,semantic.change_to,SPAN_RULE,RESEARCH_EVIDENCE,acb14936d0c92e704b6ed572c752cd026658a093a66b8fd6b98714a87091ae1d,Total revenue increased 5% to $5.1 billion •,True,True,False
6ddba5a736517dbc3f52,ADT,INDUSTRIALS,security_alarm,REVENUE,ABSOLUTE_VALUE,359000000.0,USD,2026Q1,semantic.absolute,SPAN_RULE,RESEARCH_EVIDENCE,acb14936d0c92e704b6ed572c752cd026658a093a66b8fd6b98714a87091ae1d,"Solid core operating metrics with end-of-period recurring monthly revenue (RMR) of $359 million, gross revenue attrition of 13.1%, and revenue payback at 2.3 years •",True,True,False
ecf0b4b4641f5346f33d,ADT,INDUSTRIALS,security_alarm,REVENUE,CAUSE_EFFECT,,,2026Q1,semantic.cause_effect,DEPENDENCY_RULE,RESEARCH_DIAGNOSTIC,acb14936d0c92e704b6ed572c752cd026658a093a66b8fd6b98714a87091ae1d,"Monitoring and related services (M&S) revenue growth was primarily driven by higher average prices, partially offset by a decrease in volume.",True,True,False
9754b10f51a08ab5bde3,ADT,INDUSTRIALS,security_alarm,ACTIVITY_VOLUME,CAUSE_EFFECT,,,2026Q1,semantic.cause_effect,DEPENDENCY_RULE,RESEARCH_DIAGNOSTIC,acb14936d0c92e704b6ed572c752cd026658a093a66b8fd6b98714a87091ae1d,"Monitoring and related services (M&S) revenue growth was primarily driven by higher average prices, partially offset by a decrease in volume.",True,True,False
72320caf7cb97f7041b8,ADT,INDUSTRIALS,security_alarm,CASH,ABSOLUTE_VALUE,81000000.0,USD,2025,semantic.absolute,SPAN_RULE,RESEARCH_EVIDENCE,acb14936d0c92e704b6ed572c752cd026658a093a66b8fd6b98714a87091ae1d,"Total cash and cash equivalents as of Dec. 31, 2025 were $81 million and no amounts were outstanding under the Company’s First Lien Revolving Credit Facility.",True,True,False
f4ba0a618efcf0ecc305,MAN,INDUSTRIALS,human_resources,REVENUE,ABSOLUTE_VALUE,4900000000.0,USD,2026Q3,semantic.absolute,SPAN_RULE,RESEARCH_EVIDENCE,746f469c99ade74217dc8ea38cbaaff99b76be4384c809bcc8f4a58a7f134ed9,"Revenues of $4.9 billion (+8% as reported, +6% constant currency) •",True,True,False
a11f3f6614301efb8d31,MAN,INDUSTRIALS,human_resources,REVENUE,COMPARATIVE,,,2026Q3,semantic.comparative,SPAN_RULE,RESEARCH_EVIDENCE,746f469c99ade74217dc8ea38cbaaff99b76be4384c809bcc8f4a58a7f134ed9,Experis revenue trends improved from previous quarters driven by the United States.,True,True,False
3d208cab7c58ac06d4ea,MAN,INDUSTRIALS,human_resources,REVENUE,COMPARATIVE,,,2026Q3,semantic.comparative,SPAN_RULE,RESEARCH_EVIDENCE,746f469c99ade74217dc8ea38cbaaff99b76be4384c809bcc8f4a58a7f134ed9,Talent Solutions revenue trends also improved sequentially driven by RPO with ongoing solid MSP growth. •,True,True,False
9c76805d9d6945e28032,MAN,INDUSTRIALS,human_resources,REVENUE,ABSOLUTE_VALUE,4900000000.0,USD,2026Q3,semantic.absolute,SPAN_RULE,RESEARCH_EVIDENCE,746f469c99ade74217dc8ea38cbaaff99b76be4384c809bcc8f4a58a7f134ed9,"Revenues for the second quarter were $4.9 billion, an 8% increase from the prior year period.",True,True,False
8fbb323a8dd8c47dd4a3,MAN,INDUSTRIALS,human_resources,REVENUE_CHANGE,CHANGE_BY,6.0,PERCENT,2026Q3,semantic.change_by,SPAN_RULE,RESEARCH_EVIDENCE,746f469c99ade74217dc8ea38cbaaff99b76be4384c809bcc8f4a58a7f134ed9,"On a constant currency basis, revenues increased 6% compared to the prior year period.",True,True,False
d9a245ab232fde2f2f87,MAN,INDUSTRIALS,human_resources,REVENUE,COMPARATIVE,471400000.0,USD,2026,semantic.comparative,SPAN_RULE,RESEARCH_EVIDENCE,746f469c99ade74217dc8ea38cbaaff99b76be4384c809bcc8f4a58a7f134ed9,"These fees are primarily based on revenues generated by the franchise offices, which were $471.4 million and $428.7 million for the three months ended June 30, 2026 and 2025, respectively. (b) Impairment charges for the three months ended June 30, 2025 consist of a goodwill impairment related to our investments in Switzerland and the United Kingdom and an impairment of an indefinite lived intangible asset in our Switzerland business.",True,True,False
856c2dad1a32e79eaff8,MAN,INDUSTRIALS,human_resources,PRIOR_YEAR_REVENUE,COMPARATIVE,428700000.0,USD,2025,semantic.comparative,SPAN_RULE,RESEARCH_EVIDENCE,746f469c99ade74217dc8ea38cbaaff99b76be4384c809bcc8f4a58a7f134ed9,"These fees are primarily based on revenues generated by the franchise offices, which were $471.4 million and $428.7 million for the three months ended June 30, 2026 and 2025, respectively. (b) Impairment charges for the three months ended June 30, 2025 consist of a goodwill impairment related to our investments in Switzerland and the United Kingdom and an impairment of an indefinite lived intangible asset in our Switzerland business.",True,True,False
68d0d53b351448976f1b,MAN,INDUSTRIALS,human_resources,REVENUE,COMPARATIVE,925700000.0,USD,2026,semantic.comparative,SPAN_RULE,RESEARCH_EVIDENCE,746f469c99ade74217dc8ea38cbaaff99b76be4384c809bcc8f4a58a7f134ed9,"These fees are primarily based on revenues generated by the franchise offices, which were $925.7 million and $847.1 million for the six months ended June 30, 2026 and 2025, respectively. (b) Impairment charges for the six months ended June 30, 2025 consist of a goodwill impairment related to our investments in Switzerland and the United Kingdom and an impairment of an indefinite lived intangible asset in our Switzerland business.",True,True,False
2746b4e6c22326309be7,MAN,INDUSTRIALS,human_resources,PRIOR_YEAR_REVENUE,COMPARATIVE,847100000.0,USD,2025,semantic.comparative,SPAN_RULE,RESEARCH_EVIDENCE,746f469c99ade74217dc8ea38cbaaff99b76be4384c809bcc8f4a58a7f134ed9,"These fees are primarily based on revenues generated by the franchise offices, which were $925.7 million and $847.1 million for the six months ended June 30, 2026 and 2025, respectively. (b) Impairment charges for the six months ended June 30, 2025 consist of a goodwill impairment related to our investments in Switzerland and the United Kingdom and an impairment of an indefinite lived intangible asset in our Switzerland business.",True,True,False
74f38554f232f991c41e,UPS,INDUSTRIALS,air_freight_logistics,REVENUE,ABSOLUTE_VALUE,22800000000.0,USD,2026Q3,semantic.absolute,SPAN_RULE,RESEARCH_EVIDENCE,1cc4c7098f4c324c6d117a3b142f020a7c800602933ee885bb2247434522fb64,Consolidated Revenues of $22.8B •,True,True,False
d1cbe7868190485b13ca,UPS,INDUSTRIALS,air_freight_logistics,OPERATING_MARGIN,ABSOLUTE_VALUE,4.1,PERCENT,2026Q3,semantic.absolute,SPAN_RULE,RESEARCH_EVIDENCE,1cc4c7098f4c324c6d117a3b142f020a7c800602933ee885bb2247434522fb64,Consolidated Operating Margin of 4.1%; Non-GAAP Adj.,True,True,False
1a8857ea80d0daa918dd,UPS,INDUSTRIALS,air_freight_logistics,OPERATING_MARGIN,ABSOLUTE_VALUE,9.2,PERCENT,2026Q3,semantic.absolute,SPAN_RULE,RESEARCH_EVIDENCE,1cc4c7098f4c324c6d117a3b142f020a7c800602933ee885bb2247434522fb64,Consolidated Operating Margin of 9.2% •,True,True,False
cb1ca9867b120e900962,UPS,INDUSTRIALS,air_freight_logistics,OPERATING_INCOME,ABSOLUTE_VALUE,930000000.0,USD,2026Q3,semantic.absolute,SPAN_RULE,RESEARCH_EVIDENCE,1cc4c7098f4c324c6d117a3b142f020a7c800602933ee885bb2247434522fb64,Consolidated operating profit was $930 million; and non-GAAP adjusted consolidated operating profit was $2.1 billion.,True,True,False
cb1ca9867b120e900962,UPS,INDUSTRIALS,air_freight_logistics,OPERATING_INCOME,ABSOLUTE_VALUE,2100000000.0,USD,2026Q3,semantic.absolute,SPAN_RULE,RESEARCH_EVIDENCE,1cc4c7098f4c324c6d117a3b142f020a7c800602933ee885bb2247434522fb64,Consolidated operating profit was $930 million; and non-GAAP adjusted consolidated operating profit was $2.1 billion.,True,True,False
ea90371155474a76ec24,UPS,INDUSTRIALS,air_freight_logistics,REVENUE_CHANGE,CHANGE_BY,9.3,PERCENT,2026Q3,semantic.change_by,SPAN_RULE,RESEARCH_EVIDENCE,1cc4c7098f4c324c6d117a3b142f020a7c800602933ee885bb2247434522fb64,"Revenue increased 6.0%, driven by a 9.3% increase in revenue per piece. •",True,True,False
9f93b8db57c4c045b4d4,UPS,INDUSTRIALS,air_freight_logistics,OPERATING_MARGIN,ABSOLUTE_VALUE,0.1,PERCENT,2026Q3,semantic.absolute,SPAN_RULE,RESEARCH_EVIDENCE,1cc4c7098f4c324c6d117a3b142f020a7c800602933ee885bb2247434522fb64,Operating margin was 0.1%; non-GAAP adjusted operating margin was 8.0%.,True,True,False
9f93b8db57c4c045b4d4,UPS,INDUSTRIALS,air_freight_logistics,OPERATING_MARGIN,ABSOLUTE_VALUE,8.0,PERCENT,2026Q3,semantic.absolute,SPAN_RULE,RESEARCH_EVIDENCE,1cc4c7098f4c324c6d117a3b142f020a7c800602933ee885bb2247434522fb64,Operating margin was 0.1%; non-GAAP adjusted operating margin was 8.0%.,True,True,False
e174f15e6b53cb91b3a6,UPS,INDUSTRIALS,air_freight_logistics,REVENUE_CHANGE,CHANGE_BY,18.9,PERCENT,2026Q3,semantic.change_by,SPAN_RULE,RESEARCH_EVIDENCE,1cc4c7098f4c324c6d117a3b142f020a7c800602933ee885bb2247434522fb64,"Revenue increased 12.5%, driven by an 18.9% increase in revenue per piece. •",True,True,False
e3e648e1cd131e0f9400,UPS,INDUSTRIALS,air_freight_logistics,OPERATING_MARGIN,ABSOLUTE_VALUE,12.4,PERCENT,2026Q3,semantic.absolute,SPAN_RULE,RESEARCH_EVIDENCE,1cc4c7098f4c324c6d117a3b142f020a7c800602933ee885bb2247434522fb64,Operating margin on both a GAAP and non-GAAP adjusted basis was 12.4%.,True,True,False
0fa56d893b67b112d2b8,UPS,INDUSTRIALS,air_freight_logistics,REVENUE_CHANGE,CHANGE_BY,7.8,PERCENT,2026Q3,semantic.change_by,SPAN_RULE,RESEARCH_EVIDENCE,1cc4c7098f4c324c6d117a3b142f020a7c800602933ee885bb2247434522fb64,"Revenue increased 7.8%, primarily due to growth in forwarding and logistics, including healthcare. •",True,True,False
cbebb9bfbcf1bd2b56d0,UPS,INDUSTRIALS,air_freight_logistics,OPERATING_MARGIN,COMPOSITION,10.2,PERCENT,2026,semantic.composition,SPAN_RULE,RESEARCH_EVIDENCE,1cc4c7098f4c324c6d117a3b142f020a7c800602933ee885bb2247434522fb64,"Operating margin on both a GAAP and non-GAAP adjusted basis was 10.2%. 2026 Outlook The company provides certain guidance on a non-GAAP adjusted basis because it is not possible to predict or provide a reconciliation reflecting the impact of various potential future events, including the impact of pension adjustments, certain strategic initiatives or other unanticipated events, which would be included in reported (GAAP) results and could be material.",True,True,False
62bf00f8fb9c2e639873,UPS,INDUSTRIALS,air_freight_logistics,REVENUE,ABSOLUTE_VALUE,88700000000.0,USD,2025,semantic.absolute,SPAN_RULE,RESEARCH_EVIDENCE,1cc4c7098f4c324c6d117a3b142f020a7c800602933ee885bb2247434522fb64,"About UPS UPS (NYSE: UPS) is one of the world’s largest companies, with 2025 revenue of $88.7 billion , and provides a broad range of integrated logistics solutions for customers in more than 200 countries and territories.",True,True,False
ca6644f6b9c70a52c010,DAL,INDUSTRIALS,passenger_airlines,REVENUE,ABSOLUTE_VALUE,19800000000.0,USD,2026Q3,semantic.absolute,SPAN_RULE,RESEARCH_EVIDENCE,1b3f7e74c170febbe156916a649588b17c69ee1b4a35dc23b400653e69d86dc4,Operating revenue of $19.8 billion •,True,True,False
0c51278d98dbcba7c70a,DAL,INDUSTRIALS,passenger_airlines,OPERATING_INCOME,ABSOLUTE_VALUE,1900000000.0,USD,2026Q3,semantic.absolute,SPAN_RULE,RESEARCH_EVIDENCE,1b3f7e74c170febbe156916a649588b17c69ee1b4a35dc23b400653e69d86dc4,Operating income of $1.9 billion with an operating margin of 9.4 percent •,True,True,False
d211013d84a81492af09,DAL,INDUSTRIALS,passenger_airlines,OPERATING_MARGIN,ABSOLUTE_VALUE,9.4,PERCENT,2026Q3,semantic.absolute,SPAN_RULE,RESEARCH_EVIDENCE,1b3f7e74c170febbe156916a649588b17c69ee1b4a35dc23b400653e69d86dc4,Operating income of $1.9 billion with an operating margin of 9.4 percent •,True,True,False
cfdf23431818e2ab2449,DAL,INDUSTRIALS,passenger_airlines,REVENUE,ABSOLUTE_VALUE,17700000000.0,USD,2026Q3,semantic.absolute,SPAN_RULE,RESEARCH_EVIDENCE,1b3f7e74c170febbe156916a649588b17c69ee1b4a35dc23b400653e69d86dc4,Operating revenue of $17.7 billion •,True,True,False
8ce5210ca68ff0c1c983,DAL,INDUSTRIALS,passenger_airlines,OPERATING_INCOME,ABSOLUTE_VALUE,1600000000.0,USD,2026Q3,semantic.absolute,SPAN_RULE,RESEARCH_EVIDENCE,1b3f7e74c170febbe156916a649588b17c69ee1b4a35dc23b400653e69d86dc4,Operating income of $1.6 billion with an operating margin of 8.8 percent •,True,True,False
aad18935c5f538b5993f,DAL,INDUSTRIALS,passenger_airlines,OPERATING_MARGIN,ABSOLUTE_VALUE,8.8,PERCENT,2026Q3,semantic.absolute,SPAN_RULE,RESEARCH_EVIDENCE,1b3f7e74c170febbe156916a649588b17c69ee1b4a35dc23b400653e69d86dc4,Operating income of $1.6 billion with an operating margin of 8.8 percent •,True,True,False
8a3116bd758ed573d959,DAL,INDUSTRIALS,passenger_airlines,REVENUE_CHANGE,CHANGE_BY,14.0,PERCENT,2026Q3,semantic.change_by,SPAN_RULE,RESEARCH_EVIDENCE,1b3f7e74c170febbe156916a649588b17c69ee1b4a35dc23b400653e69d86dc4,"Revenue Environment and Outlook ""Revenue grew 14 percent in the June quarter, at the high end of our expectations, increasing more than $2 billion over last year on broad demand strength,” said Joe Esposito, Delta’s chief commercial officer. “With continued momentum across customer segments and diverse revenue streams, we are confident in the sustainability of yield and revenue strength.",True,True,False
f04b8a21e580d43b0923,DAL,INDUSTRIALS,passenger_airlines,REVENUE,CHANGE_TO,17700000000.0,USD,2026Q3,semantic.change_to,SPAN_RULE,RESEARCH_EVIDENCE,1b3f7e74c170febbe156916a649588b17c69ee1b4a35dc23b400653e69d86dc4,Record June quarter revenue reflects broad demand strength and growing brand preference: June quarter total revenue increased 14 percent over the same period last year to a record $17.7 billion on approximately 1 percent capacity growth.,True,True,False
249fbc56b333298e3d7b,DAL,INDUSTRIALS,passenger_airlines,REVENUE_CHANGE,CHANGE_BY,12.4,PERCENT,2026Q3,semantic.change_by,SPAN_RULE,RESEARCH_EVIDENCE,1b3f7e74c170febbe156916a649588b17c69ee1b4a35dc23b400653e69d86dc4,Adjusted total unit revenue (TRASM) grew 12.4 percent over prior year.,True,True,False
2bd7c7f15416ce726119,DAL,INDUSTRIALS,passenger_airlines,REVENUE_CHANGE,CHANGE_BY,17.0,PERCENT,2026Q3,semantic.change_by,SPAN_RULE,RESEARCH_EVIDENCE,1b3f7e74c170febbe156916a649588b17c69ee1b4a35dc23b400653e69d86dc4,Premium revenue grew 17 percent year-over-year on yield strength and continued investment in premium seats.,True,True,False
f1198f23fd2b9b259e67,DAL,INDUSTRIALS,passenger_airlines,REVENUE,CAUSE_EFFECT,,,2026Q3,semantic.cause_effect,DEPENDENCY_RULE,RESEARCH_DIAGNOSTIC,1b3f7e74c170febbe156916a649588b17c69ee1b4a35dc23b400653e69d86dc4,"Cargo revenue increased 39 percent, driven largely by volume. •",True,True,False
d37f51de70ff3571d0c0,DAL,INDUSTRIALS,passenger_airlines,ACTIVITY_VOLUME,CAUSE_EFFECT,,,2026Q3,semantic.cause_effect,DEPENDENCY_RULE,RESEARCH_DIAGNOSTIC,1b3f7e74c170febbe156916a649588b17c69ee1b4a35dc23b400653e69d86dc4,"Cargo revenue increased 39 percent, driven largely by volume. •",True,True,False
9c0cd295769bb11d1ad7,DAL,INDUSTRIALS,passenger_airlines,REVENUE_CHANGE,CHANGE_BY,19.0,PERCENT,2026Q3,semantic.change_by,SPAN_RULE,RESEARCH_EVIDENCE,1b3f7e74c170febbe156916a649588b17c69ee1b4a35dc23b400653e69d86dc4,"Loyalty momentum powered by growing member engagement across ecosystem: Loyalty and related revenue grew 19 percent, with SkyMiles member engagement continuing to expand beyond air travel within the partner ecosystem.",True,True,False
eb5cb8f35e40777651d7,DAL,INDUSTRIALS,passenger_airlines,REVENUE_CHANGE,CHANGE_BY,20.0,PERCENT,2026Q3,semantic.change_by,SPAN_RULE,RESEARCH_EVIDENCE,1b3f7e74c170febbe156916a649588b17c69ee1b4a35dc23b400653e69d86dc4,Travel products and non-air partnership revenue increased nearly 20 percent over prior year. •,True,True,False
80aac27018be29c2d642,DAL,INDUSTRIALS,passenger_airlines,DEBT,ABSOLUTE_VALUE,13600000000.0,USD,2025,semantic.absolute,SPAN_RULE,RESEARCH_EVIDENCE,1b3f7e74c170febbe156916a649588b17c69ee1b4a35dc23b400653e69d86dc4,"Adjusted net debt of $13.6 billion at June quarter end, a reduction of $709 million from the end of 2025 •",True,True,False
14a00eb5b36cfd40a1ae,DAL,INDUSTRIALS,passenger_airlines,CAPEX,ABSOLUTE_VALUE,1400000000.0,USD,2026Q3,semantic.absolute,SPAN_RULE,RESEARCH_EVIDENCE,1b3f7e74c170febbe156916a649588b17c69ee1b4a35dc23b400653e69d86dc4,"Adjusted operating cash flow in the June quarter of $1.7 billion, and with gross capital expenditures of $1.4 billion, free cash flow was $209 million •",True,True,False
be0995a4197e5f1e77f7,DAL,INDUSTRIALS,passenger_airlines,OPERATING_INCOME,COMPOSITION,10.9,PERCENT,2026,semantic.composition,SPAN_RULE,RESEARCH_EVIDENCE,1b3f7e74c170febbe156916a649588b17c69ee1b4a35dc23b400653e69d86dc4,"Twelve Months Ended (in millions) June 30, 2026 Operating income $ 5,516 Adjusted for: MTM adjustments and settlements on hedges (148) Interest expense included in aircraft rent 132 Adjusted operating income $ 5,500 Tax effect (1,294) Tax-effected adjusted operating income $ 4,206 Average stockholders' equity $ 19,628 Average adjusted gross debt 19,014 Average adjusted invested capital $ 38,642 After-tax Return on Invested Capital 10.9 % 18",True,True,False
4d8f56d01342fd477281,MATX,INDUSTRIALS,marine_transportation,REVENUE,COMPARATIVE,969400000.0,USD,2026,semantic.comparative,SPAN_RULE,RESEARCH_EVIDENCE,5f075b746ef8fd9984fab137593f8f964e010d8d45e7ccf521f0fd4e62449d97,"Consolidated revenue for the second quarter 2026 was $969.4 million, compared with $830.5 million for the second quarter 2025. ​ Matt Cox, Matson’s Chairman and Chief Executive Officer, commented, “Matson had a strong second quarter with momentum in our China service carrying over from the post-Lunar New Year period.",True,True,False
5a500cc2b80e1e6d4a73,MATX,INDUSTRIALS,marine_transportation,PRIOR_YEAR_REVENUE,COMPARATIVE,830500000.0,USD,2025,semantic.comparative,SPAN_RULE,RESEARCH_EVIDENCE,5f075b746ef8fd9984fab137593f8f964e010d8d45e7ccf521f0fd4e62449d97,"Consolidated revenue for the second quarter 2026 was $969.4 million, compared with $830.5 million for the second quarter 2025. ​ Matt Cox, Matson’s Chairman and Chief Executive Officer, commented, “Matson had a strong second quarter with momentum in our China service carrying over from the post-Lunar New Year period.",True,True,False
01d7af1130abdf0d9f2a,MATX,INDUSTRIALS,marine_transportation,OPERATING_INCOME_GUIDANCE,ABSOLUTE_VALUE,136000000.0,USD,2026,semantic.point_guidance,SPAN_RULE,RESEARCH_EVIDENCE,5f075b746ef8fd9984fab137593f8f964e010d8d45e7ccf521f0fd4e62449d97,The Company also expects Ocean Transportation operating income in the fourth quarter 2026 to be modestly lower than the $136.0 million achieved in the fourth quarter 2025.,True,True,False
ade9397d76b2eb8278f1,MATX,INDUSTRIALS,marine_transportation,OPERATING_INCOME_GUIDANCE,ABSOLUTE_VALUE,44200000.0,USD,2026,semantic.point_guidance,SPAN_RULE,RESEARCH_EVIDENCE,5f075b746ef8fd9984fab137593f8f964e010d8d45e7ccf521f0fd4e62449d97,"For full year 2026, the Company expects Logistics operating income to be higher than the $44.2 million achieved in full year 2025. ​ Consolidated Operating Income: To date, the Iran conflict has not impacted the Company’s operating performance or service levels; however, it has impacted fuel prices in all of the Company’s markets.",True,True,False
468a505f562a2ffe02df,MATX,INDUSTRIALS,marine_transportation,OPERATING_INCOME,CHANGE_TO,45400000.0,USD,2025,semantic.change_to,SPAN_RULE,RESEARCH_EVIDENCE,5f075b746ef8fd9984fab137593f8f964e010d8d45e7ccf521f0fd4e62449d97,"The increase was primarily due to higher volume and freight rates in the China service. ​ On a year-over-year FEU basis, Hawaii service container volume decreased 1.1 percent primarily due to lower general demand; Alaska service volume decreased 2.3 percent primarily due to lower export seafood volume on AAX, partially offset by one additional northbound sailing; China service volume increased 15.2 percent primarily due to significantly 3 higher demand compared to the prior year period, which included a market decline in Transpacific demand due to the tariffs imposed in April 2025; Guam service volume increased 4.4 percent; and Other containers volume decreased 11.4 percent. ​ Ocean Transportation operating income increased $45.4 million, or 46.0 percent, during the three months ended June 30, 2026, compared with the three months ended June 30, 2025.",True,True,False
24a9b1f37ed28dee494e,MATX,INDUSTRIALS,marine_transportation,OPERATING_INCOME,CHANGE_TO,26400000.0,USD,2026,semantic.change_to,SPAN_RULE,RESEARCH_EVIDENCE,5f075b746ef8fd9984fab137593f8f964e010d8d45e7ccf521f0fd4e62449d97,"The increase was primarily due to higher freight rates and volume in the China service. ​ On a year-over-year FEU basis, Hawaii service container volume decreased 3.3 percent primarily due to lower general demand; Alaska service volume decreased 2.2 percent primarily due to lower general demand; China service volume increased 3.6 percent primarily due to significantly higher demand in the second quarter 2026 compared to the second quarter 2025, which included a market decline in Transpacific demand due to the tariffs imposed in April 2025; Guam service volume increased 2.3 percent; and Other containers volume decreased 7.7 percent. ​ Ocean Transportation operating income increased $26.4 million, or 15.3 percent, during the six months ended June 30, 2026, compared with the six months ended June 30, 2025.",True,True,False
fb536a2526be88d00cf6,MATX,INDUSTRIALS,marine_transportation,CAPEX,COMPARATIVE,255500000.0,USD,2026,semantic.comparative,SPAN_RULE,RESEARCH_EVIDENCE,5f075b746ef8fd9984fab137593f8f964e010d8d45e7ccf521f0fd4e62449d97,"Capital expenditures (including capitalized vessel construction expenditures) totaled $255.5 million for the six months ended June 30, 2026, compared with $175.5 million for the six months ended June 30, 2025.",True,True,False
79f4ebbc32133c322d47,MATX,INDUSTRIALS,marine_transportation,PRIOR_YEAR_CAPEX,COMPARATIVE,175500000.0,USD,2025,semantic.comparative,SPAN_RULE,RESEARCH_EVIDENCE,5f075b746ef8fd9984fab137593f8f964e010d8d45e7ccf521f0fd4e62449d97,"Capital expenditures (including capitalized vessel construction expenditures) totaled $255.5 million for the six months ended June 30, 2026, compared with $175.5 million for the six months ended June 30, 2025.",True,True,False
6c5c925f949b5b1bfb1d,UNP,INDUSTRIALS,rail_transportation,REVENUE,ABSOLUTE_VALUE,6900000000.0,USD,2026Q3,semantic.absolute,SPAN_RULE,RESEARCH_EVIDENCE,a1d565109c229ac0b84cc128a17de2f3a6554bde4acfc48690a4098b372cdbcd,"Operating revenue of $6.9 billion increased 12% driven by higher fuel surcharge, volume growth, core pricing gains and greater other revenue partially offset by business mix. •",True,True,False
07d681cbe4f2d7d75081,ODFL,INDUSTRIALS,cargo_ground_transport,REVENUE_CHANGE,CHANGE_BY,5.5,PERCENT,2025,semantic.change_by,SPAN_RULE,RESEARCH_EVIDENCE,daf1fb24cdde9d5f9c42b170321d87d5f27605d57a7d009421781803cc86d225,"LTL revenue per hundredweight, excluding fuel surcharges, increased 5.5% compared to the second quarter of 2025.",True,False,False
81dd0fbaa15616a159fd,ODFL,INDUSTRIALS,cargo_ground_transport,REVENUE,ABSOLUTE_VALUE,17200000.0,USD,2026Q3,semantic.absolute,SPAN_RULE,RESEARCH_EVIDENCE,daf1fb24cdde9d5f9c42b170321d87d5f27605d57a7d009421781803cc86d225,"Our overhead costs as a percent of revenue also improved compared to the year-ago period, due in part to the $17.2 million of net gains from the disposal of property and equipment.",True,False,False
f3c635283d7dc6b81419,ODFL,INDUSTRIALS,cargo_ground_transport,CASH,ABSOLUTE_VALUE,283900000.0,USD,2026,semantic.absolute,SPAN_RULE,RESEARCH_EVIDENCE,daf1fb24cdde9d5f9c42b170321d87d5f27605d57a7d009421781803cc86d225,"The Company had $283.9 million in cash and cash equivalents at June 30, 2026.",True,False,False
f9fc73d2737623881a73,ODFL,INDUSTRIALS,cargo_ground_transport,CAPEX,ABSOLUTE_VALUE,77000000.0,USD,2026,semantic.absolute,SPAN_RULE,RESEARCH_EVIDENCE,daf1fb24cdde9d5f9c42b170321d87d5f27605d57a7d009421781803cc86d225,Capital expenditures were $77.0 million for the second quarter of 2026 and $139.6 million for the first half of the year.,True,False,False
6baf7546067f022d8416,ODFL,INDUSTRIALS,cargo_ground_transport,CAPEX_GUIDANCE,ABSOLUTE_VALUE,380000000.0,USD,2026,semantic.point_guidance,SPAN_RULE,RESEARCH_EVIDENCE,daf1fb24cdde9d5f9c42b170321d87d5f27605d57a7d009421781803cc86d225,The Company expects its aggregate capital expenditures for 2026 to total approximately $380 million.,True,False,False
dc82b740443f19fe67f2,UBER,INDUSTRIALS,passenger_ground_transport,REVENUE,CHANGE_TO,14200000000.0,USD,2026Q3,semantic.change_to,SPAN_RULE,RESEARCH_EVIDENCE,75095008d178bfa60bb42a2bde20a7f3e0dbc99546454527fb8189248bff1b2d,"Revenue grew 12% YoY to $14.2 billion, or 11% on a constant currency basis.",True,False,False
6bb526576189137c495d,UBER,INDUSTRIALS,passenger_ground_transport,ADJUSTED_EBITDA,CHANGE_TO,2800000000.0,USD,2026Q3,semantic.change_to,SPAN_RULE,RESEARCH_EVIDENCE,75095008d178bfa60bb42a2bde20a7f3e0dbc99546454527fb8189248bff1b2d,Adjusted EBITDA grew 33% YoY to $2.8 billion.,True,False,False
669a08ca5eb46aaeab76,UBER,INDUSTRIALS,passenger_ground_transport,ADJUSTED_EBITDA_MARGIN,ABSOLUTE_VALUE,4.9,PERCENT,2025,semantic.absolute,SPAN_RULE,RESEARCH_EVIDENCE,75095008d178bfa60bb42a2bde20a7f3e0dbc99546454527fb8189248bff1b2d,"Adjusted EBITDA margin as a percentage of Gross Bookings was 4.9%, up from 4.5% in Q2 2025. •",True,False,False
b5e7f09bb463217451ae,UBER,INDUSTRIALS,passenger_ground_transport,OPERATING_INCOME,CHANGE_TO,2100000000.0,USD,2026Q3,semantic.change_to,SPAN_RULE,RESEARCH_EVIDENCE,75095008d178bfa60bb42a2bde20a7f3e0dbc99546454527fb8189248bff1b2d,Non-GAAP Operating Income grew 40% YoY to $2.1 billion.,True,False,False
c073a31a130556b0f4e2,UBER,INDUSTRIALS,passenger_ground_transport,CAPEX,ABSOLUTE_VALUE,2800000000.0,USD,2026Q3,semantic.absolute,SPAN_RULE,RESEARCH_EVIDENCE,75095008d178bfa60bb42a2bde20a7f3e0dbc99546454527fb8189248bff1b2d,"Net cash provided by operating activities was $2.9 billion and free cash flow, defined as net cash flows from operating activities less capital expenditures, was $2.8 billion. •",True,False,False
31000534d87a23280451,KEX,INDUSTRIALS,marine_ports_services,REVENUE,CAUSE_EFFECT,,,2026Q3,semantic.cause_effect,DEPENDENCY_RULE,RESEARCH_DIAGNOSTIC,2a107d408fc2815383495eb70efaf5d83a45842830fea1120b19db9b20ee9a5b,"Marine transportation revenues increased 9% year-over-year as market fundamentals strengthened, supported by strong customer demand and healthy utilization across the portfolio •",True,False,False
e432534ca4fe7a26e165,KEX,INDUSTRIALS,marine_ports_services,CUSTOMER_DEMAND,CAUSE_EFFECT,,,2026Q3,semantic.cause_effect,DEPENDENCY_RULE,RESEARCH_DIAGNOSTIC,2a107d408fc2815383495eb70efaf5d83a45842830fea1120b19db9b20ee9a5b,"Marine transportation revenues increased 9% year-over-year as market fundamentals strengthened, supported by strong customer demand and healthy utilization across the portfolio •",True,False,False
63c628f5260155f2b8bc,KEX,INDUSTRIALS,marine_ports_services,REVENUE,COMPARATIVE,922400000.0,USD,2026,semantic.comparative,SPAN_RULE,RESEARCH_EVIDENCE,2a107d408fc2815383495eb70efaf5d83a45842830fea1120b19db9b20ee9a5b,Total revenues for the 2026 second quarter were $922.4 million compared with $855.5 million for the 2025 second quarter.,True,False,False
4997935a3030225180ce,KEX,INDUSTRIALS,marine_ports_services,PRIOR_YEAR_REVENUE,COMPARATIVE,855500000.0,USD,2025,semantic.comparative,SPAN_RULE,RESEARCH_EVIDENCE,2a107d408fc2815383495eb70efaf5d83a45842830fea1120b19db9b20ee9a5b,Total revenues for the 2026 second quarter were $922.4 million compared with $855.5 million for the 2025 second quarter.,True,False,False
d8cbafec265526a95edb,KEX,INDUSTRIALS,marine_ports_services,REVENUE_CHANGE,CHANGE_BY,10.0,PERCENT,2026Q3,semantic.change_by,SPAN_RULE,RESEARCH_EVIDENCE,2a107d408fc2815383495eb70efaf5d83a45842830fea1120b19db9b20ee9a5b,"Despite these pressures, second quarter coastal 1 revenues increased 10% year-over-year.",True,False,False
9e610482f1e40cce5f03,KEX,INDUSTRIALS,marine_ports_services,REVENUE,CAUSE_EFFECT,,,2026Q3,semantic.cause_effect,DEPENDENCY_RULE,RESEARCH_DIAGNOSTIC,2a107d408fc2815383495eb70efaf5d83a45842830fea1120b19db9b20ee9a5b,"Second quarter revenues increased 6% year-over-year, driven by strong demand for behind-the-meter and backup power generation solutions and continued growth in commercial and industrial activity.",True,False,False
fe7f33f4118ca22af729,KEX,INDUSTRIALS,marine_ports_services,CUSTOMER_DEMAND,CAUSE_EFFECT,,,2026Q3,semantic.cause_effect,DEPENDENCY_RULE,RESEARCH_DIAGNOSTIC,2a107d408fc2815383495eb70efaf5d83a45842830fea1120b19db9b20ee9a5b,"Second quarter revenues increased 6% year-over-year, driven by strong demand for behind-the-meter and backup power generation solutions and continued growth in commercial and industrial activity.",True,False,False
b8d31e9c9842ecef462d,KEX,INDUSTRIALS,marine_ports_services,REVENUE,COMPARATIVE,537000000.0,USD,2026,semantic.comparative,SPAN_RULE,RESEARCH_EVIDENCE,2a107d408fc2815383495eb70efaf5d83a45842830fea1120b19db9b20ee9a5b,Segment Results – Marine Transportation Marine transportation revenues for the 2026 second quarter were $537.0 million compared with $492.6 million for the 2025 second quarter.,True,False,False
e98f0dc82d92bf42ba47,KEX,INDUSTRIALS,marine_ports_services,PRIOR_YEAR_REVENUE,COMPARATIVE,492600000.0,USD,2025,semantic.comparative,SPAN_RULE,RESEARCH_EVIDENCE,2a107d408fc2815383495eb70efaf5d83a45842830fea1120b19db9b20ee9a5b,Segment Results – Marine Transportation Marine transportation revenues for the 2026 second quarter were $537.0 million compared with $492.6 million for the 2025 second quarter.,True,False,False
457c87340621800c44d9,KEX,INDUSTRIALS,marine_ports_services,OPERATING_INCOME,COMPARATIVE,87800000.0,USD,2026,semantic.comparative,SPAN_RULE,RESEARCH_EVIDENCE,2a107d408fc2815383495eb70efaf5d83a45842830fea1120b19db9b20ee9a5b,Operating income for the 2026 second quarter was $87.8 million compared with $99.1 million for the 2025 second quarter.,True,False,False
194fc06ef2bafca57889,KEX,INDUSTRIALS,marine_ports_services,PRIOR_YEAR_OPERATING_INCOME,COMPARATIVE,99100000.0,USD,2025,semantic.comparative,SPAN_RULE,RESEARCH_EVIDENCE,2a107d408fc2815383495eb70efaf5d83a45842830fea1120b19db9b20ee9a5b,Operating income for the 2026 second quarter was $87.8 million compared with $99.1 million for the 2025 second quarter.,True,False,False
ebc181543b08f41aa68d,KEX,INDUSTRIALS,marine_ports_services,OPERATING_MARGIN,COMPARATIVE,16.4,PERCENT,2026,semantic.comparative,SPAN_RULE,RESEARCH_EVIDENCE,2a107d408fc2815383495eb70efaf5d83a45842830fea1120b19db9b20ee9a5b,Operating margin for the 2026 second quarter was 16.4% compared with 20.1% for the 2025 second quarter.,True,False,False
1e58ecefef40ebdafbf7,KEX,INDUSTRIALS,marine_ports_services,PRIOR_YEAR_OPERATING_MARGIN,COMPARATIVE,20.1,PERCENT,2025,semantic.comparative,SPAN_RULE,RESEARCH_EVIDENCE,2a107d408fc2815383495eb70efaf5d83a45842830fea1120b19db9b20ee9a5b,Operating margin for the 2026 second quarter was 16.4% compared with 20.1% for the 2025 second quarter.,True,False,False
14fbd7b1c55bac519d04,KEX,INDUSTRIALS,marine_ports_services,REVENUE,COMPOSITION,80.0,PERCENT,2026,semantic.composition,SPAN_RULE,RESEARCH_EVIDENCE,2a107d408fc2815383495eb70efaf5d83a45842830fea1120b19db9b20ee9a5b,The inland market represented 80% of segment revenues in the second quarter of 2026.,True,False,False
b54d9350c058072463f4,KEX,INDUSTRIALS,marine_ports_services,REVENUE_CHANGE,CHANGE_BY,10.0,PERCENT,2026Q3,semantic.change_by,SPAN_RULE,RESEARCH_EVIDENCE,2a107d408fc2815383495eb70efaf5d83a45842830fea1120b19db9b20ee9a5b,"Coastal marine revenues increased 10% year-over-year and operating margins were in the low-to-mid-teens range, primarily reflecting a higher number of planned shipyard days during the quarter.",True,False,False
485b6238c38cbd7bac55,KEX,INDUSTRIALS,marine_ports_services,REVENUE,COMPOSITION,20.0,PERCENT,2026,semantic.composition,SPAN_RULE,RESEARCH_EVIDENCE,2a107d408fc2815383495eb70efaf5d83a45842830fea1120b19db9b20ee9a5b,Coastal marine represented approximately 20% of segment revenues in the second quarter of 2026.,True,False,False
e178b041fbb2f25f2ef6,KEX,INDUSTRIALS,marine_ports_services,REVENUE,COMPARATIVE,385400000.0,USD,2026,semantic.comparative,SPAN_RULE,RESEARCH_EVIDENCE,2a107d408fc2815383495eb70efaf5d83a45842830fea1120b19db9b20ee9a5b,Segment Results – Distribution and Services Distribution and services revenues for the 2026 second quarter were $385.4 million compared with $362.9 million for the 2025 second quarter.,True,False,False
ea6852f67d21e392b5f1,KEX,INDUSTRIALS,marine_ports_services,PRIOR_YEAR_REVENUE,COMPARATIVE,362900000.0,USD,2025,semantic.comparative,SPAN_RULE,RESEARCH_EVIDENCE,2a107d408fc2815383495eb70efaf5d83a45842830fea1120b19db9b20ee9a5b,Segment Results – Distribution and Services Distribution and services revenues for the 2026 second quarter were $385.4 million compared with $362.9 million for the 2025 second quarter.,True,False,False
021f001731a9641a077e,KEX,INDUSTRIALS,marine_ports_services,OPERATING_INCOME,COMPARATIVE,38200000.0,USD,2026,semantic.comparative,SPAN_RULE,RESEARCH_EVIDENCE,2a107d408fc2815383495eb70efaf5d83a45842830fea1120b19db9b20ee9a5b,Operating income for the 2026 second quarter was $38.2 million compared with $35.4 million for the 2025 second quarter.,True,False,False
e667d82889a8c91ffe33,KEX,INDUSTRIALS,marine_ports_services,PRIOR_YEAR_OPERATING_INCOME,COMPARATIVE,35400000.0,USD,2025,semantic.comparative,SPAN_RULE,RESEARCH_EVIDENCE,2a107d408fc2815383495eb70efaf5d83a45842830fea1120b19db9b20ee9a5b,Operating income for the 2026 second quarter was $38.2 million compared with $35.4 million for the 2025 second quarter.,True,False,False
9762f7113b3d74f370d7,KEX,INDUSTRIALS,marine_ports_services,OPERATING_MARGIN,COMPARATIVE,9.9,PERCENT,2026,semantic.comparative,SPAN_RULE,RESEARCH_EVIDENCE,2a107d408fc2815383495eb70efaf5d83a45842830fea1120b19db9b20ee9a5b,Operating margin was 9.9% for the 2026 second quarter compared with 9.8% for the 2025 second quarter.,True,False,False
5c36d9bd9e4751678c44,KEX,INDUSTRIALS,marine_ports_services,PRIOR_YEAR_OPERATING_MARGIN,COMPARATIVE,9.8,PERCENT,2025,semantic.comparative,SPAN_RULE,RESEARCH_EVIDENCE,2a107d408fc2815383495eb70efaf5d83a45842830fea1120b19db9b20ee9a5b,Operating margin was 9.9% for the 2026 second quarter compared with 9.8% for the 2025 second quarter.,True,False,False
acc49cbb4dddc39755b2,KEX,INDUSTRIALS,marine_ports_services,REVENUE,COMPOSITION,40.0,PERCENT,2026Q3,semantic.composition,SPAN_RULE,RESEARCH_EVIDENCE,2a107d408fc2815383495eb70efaf5d83a45842830fea1120b19db9b20ee9a5b,"Power generation represented approximately 40% of segment revenues for the quarter, with operating margins in the high-single-digit range.",True,False,False
5a06e59b5ad637146f16,KEX,INDUSTRIALS,marine_ports_services,REVENUE,COMPOSITION,50.0,PERCENT,2026Q3,semantic.composition,SPAN_RULE,RESEARCH_EVIDENCE,2a107d408fc2815383495eb70efaf5d83a45842830fea1120b19db9b20ee9a5b,"Commercial and industrial represented approximately 50% of segment revenues for the quarter, with operating margins in the low-double-digit range.",True,False,False
f4062eef3d6ca59cdee8,KEX,INDUSTRIALS,marine_ports_services,REVENUE,COMPOSITION,10.0,PERCENT,2026Q3,semantic.composition,SPAN_RULE,RESEARCH_EVIDENCE,2a107d408fc2815383495eb70efaf5d83a45842830fea1120b19db9b20ee9a5b,"Oil and gas revenues represented approximately 10% of segment revenues for the quarter, with operating margins in the mid-to-high-single-digit range.",True,False,False
a8d5f536a0098e0a01c4,KEX,INDUSTRIALS,marine_ports_services,CAPEX,ABSOLUTE_VALUE,71500000.0,USD,2026Q3,semantic.absolute,SPAN_RULE,RESEARCH_EVIDENCE,2a107d408fc2815383495eb70efaf5d83a45842830fea1120b19db9b20ee9a5b,"During the quarter, net cash provided by operating activities was $72.2 million, and capital expenditures were $71.5 million, resulting in free cash flow (non-GAAP) of $0.7 million.",True,False,False
740c283e260ad310f1b4,KEX,INDUSTRIALS,marine_ports_services,CASH,ABSOLUTE_VALUE,39000000.0,USD,2026,semantic.absolute,SPAN_RULE,RESEARCH_EVIDENCE,2a107d408fc2815383495eb70efaf5d83a45842830fea1120b19db9b20ee9a5b,"As of June 30, 2026, the Company had $39.0 million of cash and cash equivalents and $565.9 million of liquidity available.",True,False,False
b12b5b66750cfd8bba99,KEX,INDUSTRIALS,marine_ports_services,DEBT,ABSOLUTE_VALUE,1037300000.0,USD,2026,semantic.absolute,SPAN_RULE,RESEARCH_EVIDENCE,2a107d408fc2815383495eb70efaf5d83a45842830fea1120b19db9b20ee9a5b,"Total debt was $1,037.3 million and the debt-to-capitalization ratio was 23.1%. 2026 Outlook Commenting on the outlook for the remainder of 2026, Mr.",True,False,False
67277cf2197d5495bf89,KEX,INDUSTRIALS,marine_ports_services,REVENUE,ABSOLUTE_VALUE,431900000.0,USD,2026,semantic.absolute,SPAN_RULE,RESEARCH_EVIDENCE,2a107d408fc2815383495eb70efaf5d83a45842830fea1120b19db9b20ee9a5b,"Example: Second quarter 2026 inland marine transportation revenues of $431.9 million divided by 3,857 million inland marine transportation ton miles = 11.2 cents. (6) Towboats operated are the average number of owned and chartered towboats operated during the period. (7) Delay days measures the lost time incurred by a tow (towboat and one or more tank barges) during transit.",True,False,False
