ticker,quarter,revenue,revenue_available_at,revenue_source_tag,revenue_source_path,revenue_method,operating_income_usd,operating_income_usd_available_at,operating_income_usd_source_tag,operating_income_usd_source_path,operating_income_usd_method,net_income_usd,net_income_usd_available_at,net_income_usd_source_tag,net_income_usd_source_path,net_income_usd_method,income_tax_usd,income_tax_usd_available_at,income_tax_usd_source_tag,income_tax_usd_source_path,income_tax_usd_method,interest_expense_usd,interest_expense_usd_available_at,interest_expense_usd_source_tag,interest_expense_usd_source_path,interest_expense_usd_method,cfo_usd,cfo_usd_available_at,cfo_usd_source_tag,cfo_usd_source_path,cfo_usd_method,cash_capex_usd,cash_capex_usd_available_at,cash_capex_usd_source_tag,cash_capex_usd_source_path,cash_capex_usd_method,cash_capex_imputed,effective_tax_rate,tax_rate_method,ebit_usd,ebit_method,nopat_usd,fcff_usd,reinvestment_usd,subindustry,primary_anchor,anchor_route,financial_available_at,quarter_ordinal,core_financial_complete,cash_usd,cash_usd_available_at,cash_usd_source_tag,cash_usd_source_path,cash_usd_method,noncurrent_debt_usd,noncurrent_debt_usd_available_at,noncurrent_debt_usd_source_tag,noncurrent_debt_usd_source_path,noncurrent_debt_usd_method,equity_including_nci_usd,equity_including_nci_usd_available_at,equity_including_nci_usd_source_tag,equity_including_nci_usd_source_path,equity_including_nci_usd_method,current_debt_usd,total_debt_usd,invested_capital_usd,balance_available_at,current_debt_usd_available_at,current_debt_usd_source_tag,current_debt_usd_source_path,current_debt_usd_method,valuation_source_complete,ttm_revenue,ttm_ebit_usd,ttm_nopat_usd,ttm_cfo_usd,ttm_cash_capex_usd,ttm_fcff_usd,ttm_reinvestment_usd,ttm_interest_expense_usd,ttm_income_tax_usd,prior_year_ttm_revenue,prior_year_ttm_nopat,prior_year_invested_capital_usd,average_invested_capital_usd,revenue_growth_pct,operating_margin_pct,fcff_margin_pct,roic_pct,incremental_roic_pct,reinvestment_rate_pct,ttm_complete,year,opening_invested_capital_usd,closing_invested_capital_usd,raw_delta_invested_capital_usd,raw_delta_nopat_usd,acquisition_cash_proxy_usd,acquisition_source_tag,acquisition_fact_observed,divestiture_cash_proxy_usd,divestiture_source_tag,divestiture_fact_observed,missing_fact_zero_semantics,mna_cash_normalized_delta_invested_capital_usd,capital_bridge_residual_usd,normalized_delta_to_opening_ratio,denominator_only_mna_normalized_incremental_roic_pct,mna_normalization_status,mna_normalization_validated,limitations
AR,2018Q4,1268036000.0,2019-02-13,us-gaap:RevenueFromContractWithCustomerIncludingAssessedTax,D:\Programming\python_example\Arcana\data-lake\bronze\sec\companyfacts\CIK0001433270.json,DERIVED_Q4_FY_MINUS_Q1_Q2_Q3,-46630000.0,2019-02-13,us-gaap:OperatingIncomeLoss,D:\Programming\python_example\Arcana\data-lake\bronze\sec\companyfacts\CIK0001433270.json,Q4_FY_MINUS_Q1_Q2_Q3,18736000.0,2019-02-13,us-gaap:ProfitLoss,D:\Programming\python_example\Arcana\data-lake\bronze\sec\companyfacts\CIK0001433270.json,Q4_FY_MINUS_Q1_Q2_Q3,-131357000.0,2019-02-13,us-gaap:IncomeTaxExpenseBenefit,D:\Programming\python_example\Arcana\data-lake\bronze\sec\companyfacts\CIK0001433270.json,Q4_FY_MINUS_Q1_Q2_Q3,78440000.0,2019-02-13,us-gaap:InterestExpense,D:\Programming\python_example\Arcana\data-lake\bronze\sec\companyfacts\CIK0001433270.json,Q4_FY_MINUS_Q1_Q2_Q3,821589000.0,2019-02-13,us-gaap:NetCashProvidedByUsedInOperatingActivities,D:\Programming\python_example\Arcana\data-lake\bronze\sec\companyfacts\CIK0001433270.json,YTD_MINUS_PRIOR_YTD_CASH_FLOW,44149000.0,2019-02-13,us-gaap:PaymentsToAcquireOilAndGasProperty;us-gaap:PaymentsToAcquireOtherPropertyPlantAndEquipment,D:\Programming\python_example\Arcana\data-lake\bronze\sec\companyfacts\CIK0001433270.json,YTD_MINUS_PRIOR_YTD_CASH_FLOW,False,0.21,US_STATUTORY_21PCT_FALLBACK,-46630000.0,DIRECT_GAAP_OPERATING_INCOME,-36837700.0,839407600.0,-876245300.0,ep,PRODUCTION_PLUS_REALIZED_PRICE,V3.5.3_GROUPED_REVENUE_PLUS_CONDITIONAL_COST_REINVESTMENT,2019-02-13,195,True,,,,,,5461688000.0,2019-02-13,us-gaap:LongTermDebtNoncurrent,D:\Programming\python_example\Arcana\data-lake\bronze\sec\companyfacts\CIK0001433270.json,ORIGINAL_QUARTER_END_INSTANT_FACT,8487477000.0,2019-02-13,us-gaap:StockholdersEquityIncludingPortionAttributableToNoncontrollingInterest,D:\Programming\python_example\Arcana\data-lake\bronze\sec\companyfacts\CIK0001433270.json,ORIGINAL_QUARTER_END_INSTANT_FACT,0.0,5461688000.0,,2019-02-13,,,,,False,4133139000.0,71905000.0,72712409.78205274,2081987000.0,179901000.0,2135608846.990993,-2062896437.2089403,286743000.0,-128857000.0,,525608446.75953877,13647785000.0,,,1.7397188916220818,51.67038531709176,,,-2837.0623988288107,False,2018,13647785000.0,,,-452896036.977486,0.0,,False,0.0,,False,ZERO_FOR_DIAGNOSTIC_ONLY_NOT_AUTHORITATIVE_NO_EVENT_PROOF,,,,,LOCKED_NONPOSITIVE_SMALL_OR_INCOMPLETE_NORMALIZED_DENOMINATOR,False,ACQUIRED_NOPAT_NOT_REMOVED_NONCASH_CONSIDERATION_AND_BOOK_VALUE_DIFFERENCES_REMAIN_IN_CAPITAL_BRIDGE_RESIDUAL
AR,2019Q4,959801000.0,2020-02-12,us-gaap:RevenueFromContractWithCustomerIncludingAssessedTax,D:\Programming\python_example\Arcana\data-lake\bronze\sec\companyfacts\CIK0001433270.json,DERIVED_Q4_FY_MINUS_Q1_Q2_Q3,-67456000.0,2020-02-12,us-gaap:OperatingIncomeLoss,D:\Programming\python_example\Arcana\data-lake\bronze\sec\companyfacts\CIK0001433270.json,Q4_FY_MINUS_Q1_Q2_Q3,-482196000.0,2020-02-12,us-gaap:ProfitLoss,D:\Programming\python_example\Arcana\data-lake\bronze\sec\companyfacts\CIK0001433270.json,Q4_FY_MINUS_Q1_Q2_Q3,-107442000.0,2020-02-12,us-gaap:IncomeTaxExpenseBenefit,D:\Programming\python_example\Arcana\data-lake\bronze\sec\companyfacts\CIK0001433270.json,Q4_FY_MINUS_Q1_Q2_Q3,,,,,,147940000.0,2020-02-12,us-gaap:NetCashProvidedByUsedInOperatingActivities,D:\Programming\python_example\Arcana\data-lake\bronze\sec\companyfacts\CIK0001433270.json,YTD_MINUS_PRIOR_YTD_CASH_FLOW,19606000.0,2020-02-12,us-gaap:PaymentsToAcquireOilAndGasProperty;us-gaap:PaymentsToAcquireOtherPropertyPlantAndEquipment,D:\Programming\python_example\Arcana\data-lake\bronze\sec\companyfacts\CIK0001433270.json,YTD_MINUS_PRIOR_YTD_CASH_FLOW,False,0.21,US_STATUTORY_21PCT_FALLBACK,-67456000.0,DIRECT_GAAP_OPERATING_INCOME,-53290240.0,,,ep,PRODUCTION_PLUS_REALIZED_PRICE,V3.5.3_GROUPED_REVENUE_PLUS_CONDITIONAL_COST_REINVESTMENT,2020-04-29,199,False,0.0,2020-04-29,us-gaap:CashCashEquivalentsRestrictedCashAndRestrictedCashEquivalents,D:\Programming\python_example\Arcana\data-lake\bronze\sec\companyfacts\CIK0001433270.json,ORIGINAL_QUARTER_END_INSTANT_FACT,3758868000.0,2020-02-12,us-gaap:LongTermDebtNoncurrent,D:\Programming\python_example\Arcana\data-lake\bronze\sec\companyfacts\CIK0001433270.json,ORIGINAL_QUARTER_END_INSTANT_FACT,6970743000.0,2020-02-12,us-gaap:StockholdersEquityIncludingPortionAttributableToNoncontrollingInterest,D:\Programming\python_example\Arcana\data-lake\bronze\sec\companyfacts\CIK0001433270.json,ORIGINAL_QUARTER_END_INSTANT_FACT,0.0,3758868000.0,10729611000.0,2020-04-29,,,,,False,3940558000.0,-987045000.0,-787470687.8388065,1103458000.0,95382000.0,,,,-74110000.0,4133139000.0,72712409.78205274,,,-4.659436810617789,-25.048356095761058,,,,,False,2019,,10729611000.0,,-860183097.6208593,0.0,,False,296611000.0,us-gaap:ProceedsFromDivestitureOfBusinesses,True,ZERO_FOR_DIAGNOSTIC_ONLY_NOT_AUTHORITATIVE_NO_EVENT_PROOF,,,,,LOCKED_NONPOSITIVE_SMALL_OR_INCOMPLETE_NORMALIZED_DENOMINATOR,False,ACQUIRED_NOPAT_NOT_REMOVED_NONCASH_CONSIDERATION_AND_BOOK_VALUE_DIFFERENCES_REMAIN_IN_CAPITAL_BRIDGE_RESIDUAL
AR,2020Q4,1102292000.0,2021-02-17,us-gaap:RevenueFromContractWithCustomerIncludingAssessedTax,D:\Programming\python_example\Arcana\data-lake\bronze\sec\companyfacts\CIK0001433270.json,DERIVED_Q4_FY_MINUS_Q1_Q2_Q3,145151000.0,2021-02-17,us-gaap:OperatingIncomeLoss,D:\Programming\python_example\Arcana\data-lake\bronze\sec\companyfacts\CIK0001433270.json,Q4_FY_MINUS_Q1_Q2_Q3,95313000.0,2021-02-17,us-gaap:ProfitLoss,D:\Programming\python_example\Arcana\data-lake\bronze\sec\companyfacts\CIK0001433270.json,Q4_FY_MINUS_Q1_Q2_Q3,23685000.0,2021-02-17,us-gaap:IncomeTaxExpenseBenefit,D:\Programming\python_example\Arcana\data-lake\bronze\sec\companyfacts\CIK0001433270.json,Q4_FY_MINUS_Q1_Q2_Q3,46916000.0,2021-02-17,us-gaap:InterestIncomeExpenseNet,D:\Programming\python_example\Arcana\data-lake\bronze\sec\companyfacts\CIK0001433270.json,Q4_FY_MINUS_Q1_Q2_Q3,243130000.0,2021-02-17,us-gaap:NetCashProvidedByUsedInOperatingActivities,D:\Programming\python_example\Arcana\data-lake\bronze\sec\companyfacts\CIK0001433270.json,YTD_MINUS_PRIOR_YTD_CASH_FLOW,15610000.0,2021-02-17,us-gaap:PaymentsToAcquireOilAndGasProperty;us-gaap:PaymentsToAcquireOtherPropertyPlantAndEquipment,D:\Programming\python_example\Arcana\data-lake\bronze\sec\companyfacts\CIK0001433270.json,YTD_MINUS_PRIOR_YTD_CASH_FLOW,False,0.19903695860434628,INFERRED_FROM_NET_INCOME_PLUS_TAX,145151000.0,DIRECT_GAAP_OPERATING_INCOME,116260586.42162052,265097982.0501185,-148837395.628498,ep,PRODUCTION_PLUS_REALIZED_PRICE,V3.5.3_GROUPED_REVENUE_PLUS_CONDITIONAL_COST_REINVESTMENT,2021-02-17,203,True,,,,,,3001593000.0,2021-02-17,us-gaap:LongTermDebtNoncurrent,D:\Programming\python_example\Arcana\data-lake\bronze\sec\companyfacts\CIK0001433270.json,ORIGINAL_QUARTER_END_INSTANT_FACT,6090271000.0,2021-02-17,us-gaap:StockholdersEquityIncludingPortionAttributableToNoncontrollingInterest,D:\Programming\python_example\Arcana\data-lake\bronze\sec\companyfacts\CIK0001433270.json,ORIGINAL_QUARTER_END_INSTANT_FACT,0.0,3001593000.0,,2021-02-17,,,,,False,3394477000.0,-953447000.0,-751631833.5783795,735640000.0,48092000.0,845961222.0501184,-1597593055.628498,199872000.0,-397482000.0,3940558000.0,-787470687.8388065,10729611000.0,,-13.857961232901527,-28.088185602671633,24.921695508619397,,,212.5499458987327,False,2020,10729611000.0,,,35838854.260427,0.0,,False,701000.0,us-gaap:ProceedsFromSaleOfProductiveAssets,True,ZERO_FOR_DIAGNOSTIC_ONLY_NOT_AUTHORITATIVE_NO_EVENT_PROOF,,,,,LOCKED_NONPOSITIVE_SMALL_OR_INCOMPLETE_NORMALIZED_DENOMINATOR,False,ACQUIRED_NOPAT_NOT_REMOVED_NONCASH_CONSIDERATION_AND_BOOK_VALUE_DIFFERENCES_REMAIN_IN_CAPITAL_BRIDGE_RESIDUAL
AR,2021Q4,2058841000.0,2022-02-16,us-gaap:RevenueFromContractWithCustomerIncludingAssessedTax,D:\Programming\python_example\Arcana\data-lake\bronze\sec\companyfacts\CIK0001433270.json,DERIVED_Q4_FY_MINUS_Q1_Q2_Q3,1256344000.0,2022-02-16,us-gaap:OperatingIncomeLoss,D:\Programming\python_example\Arcana\data-lake\bronze\sec\companyfacts\CIK0001433270.json,Q4_FY_MINUS_Q1_Q2_Q3,958021000.0,2022-02-16,us-gaap:ProfitLoss,D:\Programming\python_example\Arcana\data-lake\bronze\sec\companyfacts\CIK0001433270.json,Q4_FY_MINUS_Q1_Q2_Q3,263491000.0,2022-02-16,us-gaap:IncomeTaxExpenseBenefit,D:\Programming\python_example\Arcana\data-lake\bronze\sec\companyfacts\CIK0001433270.json,Q4_FY_MINUS_Q1_Q2_Q3,43748000.0,2022-02-16,us-gaap:InterestIncomeExpenseNet,D:\Programming\python_example\Arcana\data-lake\bronze\sec\companyfacts\CIK0001433270.json,Q4_FY_MINUS_Q1_Q2_Q3,475164000.0,2022-02-16,us-gaap:NetCashProvidedByUsedInOperatingActivities,D:\Programming\python_example\Arcana\data-lake\bronze\sec\companyfacts\CIK0001433270.json,YTD_MINUS_PRIOR_YTD_CASH_FLOW,51719000.0,2022-02-16,us-gaap:PaymentsToAcquireOilAndGasProperty;us-gaap:PaymentsToAcquireOtherPropertyPlantAndEquipment,D:\Programming\python_example\Arcana\data-lake\bronze\sec\companyfacts\CIK0001433270.json,YTD_MINUS_PRIOR_YTD_CASH_FLOW,False,0.21570889193065643,INFERRED_FROM_NET_INCOME_PLUS_TAX,1256344000.0,DIRECT_GAAP_OPERATING_INCOME,985339427.8762714,457756167.39581764,527583260.4804537,ep,PRODUCTION_PLUS_REALIZED_PRICE,V3.5.3_GROUPED_REVENUE_PLUS_CONDITIONAL_COST_REINVESTMENT,2022-02-16,207,True,0.0,2022-02-16,us-gaap:CashCashEquivalentsRestrictedCashAndRestrictedCashEquivalents,D:\Programming\python_example\Arcana\data-lake\bronze\sec\companyfacts\CIK0001433270.json,ORIGINAL_QUARTER_END_INSTANT_FACT,2125444000.0,2022-02-16,us-gaap:LongTermDebtNoncurrent,D:\Programming\python_example\Arcana\data-lake\bronze\sec\companyfacts\CIK0001433270.json,ORIGINAL_QUARTER_END_INSTANT_FACT,6066092000.0,2022-02-16,us-gaap:StockholdersEquityIncludingPortionAttributableToNoncontrollingInterest,D:\Programming\python_example\Arcana\data-lake\bronze\sec\companyfacts\CIK0001433270.json,ORIGINAL_QUARTER_END_INSTANT_FACT,0.0,2125444000.0,8191536000.0,2022-02-16,,,,,True,6509680000.0,23860000.0,11677067.876271367,1660116000.0,116793000.0,1686748967.3958178,-1675071899.519546,181868000.0,-74077000.0,3394477000.0,-751631833.5783795,,,91.77269429134445,0.366531073724054,25.911396065487363,,,-14344.970135211866,False,2021,,8191536000.0,,763308901.4546509,0.0,,False,3192000.0,us-gaap:ProceedsFromSaleOfProductiveAssets,True,ZERO_FOR_DIAGNOSTIC_ONLY_NOT_AUTHORITATIVE_NO_EVENT_PROOF,,,,,LOCKED_NONPOSITIVE_SMALL_OR_INCOMPLETE_NORMALIZED_DENOMINATOR,False,ACQUIRED_NOPAT_NOT_REMOVED_NONCASH_CONSIDERATION_AND_BOOK_VALUE_DIFFERENCES_REMAIN_IN_CAPITAL_BRIDGE_RESIDUAL
AR,2022Q4,1882496000.0,2023-02-15,us-gaap:RevenueFromContractWithCustomerIncludingAssessedTax,D:\Programming\python_example\Arcana\data-lake\bronze\sec\companyfacts\CIK0001433270.json,DERIVED_Q4_FY_MINUS_Q1_Q2_Q3,942826000.0,2023-02-15,us-gaap:OperatingIncomeLoss,D:\Programming\python_example\Arcana\data-lake\bronze\sec\companyfacts\CIK0001433270.json,Q4_FY_MINUS_Q1_Q2_Q3,794128000.0,2023-02-15,us-gaap:ProfitLoss,D:\Programming\python_example\Arcana\data-lake\bronze\sec\companyfacts\CIK0001433270.json,Q4_FY_MINUS_Q1_Q2_Q3,140390000.0,2023-02-15,us-gaap:IncomeTaxExpenseBenefit,D:\Programming\python_example\Arcana\data-lake\bronze\sec\companyfacts\CIK0001433270.json,Q4_FY_MINUS_Q1_Q2_Q3,25120000.0,2023-02-15,us-gaap:InterestIncomeExpenseNet,D:\Programming\python_example\Arcana\data-lake\bronze\sec\companyfacts\CIK0001433270.json,Q4_FY_MINUS_Q1_Q2_Q3,475285000.0,2023-02-15,us-gaap:NetCashProvidedByUsedInOperatingActivities,D:\Programming\python_example\Arcana\data-lake\bronze\sec\companyfacts\CIK0001433270.json,YTD_MINUS_PRIOR_YTD_CASH_FLOW,30995000.0,2023-02-15,us-gaap:PaymentsToAcquireOilAndGasProperty;us-gaap:PaymentsToAcquireOtherPropertyPlantAndEquipment,D:\Programming\python_example\Arcana\data-lake\bronze\sec\companyfacts\CIK0001433270.json,YTD_MINUS_PRIOR_YTD_CASH_FLOW,False,0.15022717593454593,INFERRED_FROM_NET_INCOME_PLUS_TAX,942826000.0,DIRECT_GAAP_OPERATING_INCOME,801187912.6223358,465636293.3405242,335551619.2818116,ep,PRODUCTION_PLUS_REALIZED_PRICE,V3.5.3_GROUPED_REVENUE_PLUS_CONDITIONAL_COST_REINVESTMENT,2023-02-15,211,True,0.0,2023-02-15,us-gaap:CashCashEquivalentsRestrictedCashAndRestrictedCashEquivalents,D:\Programming\python_example\Arcana\data-lake\bronze\sec\companyfacts\CIK0001433270.json,ORIGINAL_QUARTER_END_INSTANT_FACT,1183476000.0,2023-02-15,us-gaap:LongTermDebtNoncurrent,D:\Programming\python_example\Arcana\data-lake\bronze\sec\companyfacts\CIK0001433270.json,ORIGINAL_QUARTER_END_INSTANT_FACT,7017154000.0,2023-02-15,us-gaap:StockholdersEquityIncludingPortionAttributableToNoncontrollingInterest,D:\Programming\python_example\Arcana\data-lake\bronze\sec\companyfacts\CIK0001433270.json,ORIGINAL_QUARTER_END_INSTANT_FACT,0.0,1183476000.0,8200630000.0,2023-02-15,,,,,True,8711507000.0,2573905000.0,2100488616.7943363,3051342000.0,163322000.0,2988992869.5187936,-888504252.7244574,125372000.0,448692000.0,6509680000.0,11677067.876271367,8191536000.0,8196083000.0,33.82388996079684,29.54603606471303,34.3108588389907,25.627956876404696,22969.11753813575,-42.299884208868,True,2022,8191536000.0,8200630000.0,9094000.0,2088811548.918065,0.0,,False,2747000.0,us-gaap:ProceedsFromSaleOfProductiveAssets,True,ZERO_FOR_DIAGNOSTIC_ONLY_NOT_AUTHORITATIVE_NO_EVENT_PROOF,11841000.0,-151481000.0,0.0014455164452674078,,LOCKED_NONPOSITIVE_SMALL_OR_INCOMPLETE_NORMALIZED_DENOMINATOR,False,ACQUIRED_NOPAT_NOT_REMOVED_NONCASH_CONSIDERATION_AND_BOOK_VALUE_DIFFERENCES_REMAIN_IN_CAPITAL_BRIDGE_RESIDUAL
AR,2023Q4,1157471000.0,2024-02-14,us-gaap:RevenueFromContractWithCustomerIncludingAssessedTax,D:\Programming\python_example\Arcana\data-lake\bronze\sec\companyfacts\CIK0001433270.json,DERIVED_Q4_FY_MINUS_Q1_Q2_Q3,154844000.0,2024-02-14,us-gaap:OperatingIncomeLoss,D:\Programming\python_example\Arcana\data-lake\bronze\sec\companyfacts\CIK0001433270.json,Q4_FY_MINUS_Q1_Q2_Q3,115933000.0,2024-02-14,us-gaap:ProfitLoss,D:\Programming\python_example\Arcana\data-lake\bronze\sec\companyfacts\CIK0001433270.json,Q4_FY_MINUS_Q1_Q2_Q3,29981000.0,2024-02-14,us-gaap:IncomeTaxExpenseBenefit,D:\Programming\python_example\Arcana\data-lake\bronze\sec\companyfacts\CIK0001433270.json,Q4_FY_MINUS_Q1_Q2_Q3,32608000.0,2024-02-14,us-gaap:InterestIncomeExpenseNet,D:\Programming\python_example\Arcana\data-lake\bronze\sec\companyfacts\CIK0001433270.json,Q4_FY_MINUS_Q1_Q2_Q3,312175000.0,2024-02-14,us-gaap:NetCashProvidedByUsedInOperatingActivities,D:\Programming\python_example\Arcana\data-lake\bronze\sec\companyfacts\CIK0001433270.json,YTD_MINUS_PRIOR_YTD_CASH_FLOW,15323000.0,2024-02-14,us-gaap:PaymentsToAcquireOilAndGasProperty;us-gaap:PaymentsToAcquireOtherPropertyPlantAndEquipment,D:\Programming\python_example\Arcana\data-lake\bronze\sec\companyfacts\CIK0001433270.json,YTD_MINUS_PRIOR_YTD_CASH_FLOW,False,0.20547034554600654,INFERRED_FROM_NET_INCOME_PLUS_TAX,154844000.0,DIRECT_GAAP_OPERATING_INCOME,123028149.81427416,322760022.97243583,-199731873.15816167,ep,PRODUCTION_PLUS_REALIZED_PRICE,V3.5.3_GROUPED_REVENUE_PLUS_CONDITIONAL_COST_REINVESTMENT,2024-02-14,215,True,0.0,2024-02-14,us-gaap:CashCashEquivalentsRestrictedCashAndRestrictedCashEquivalents,D:\Programming\python_example\Arcana\data-lake\bronze\sec\companyfacts\CIK0001433270.json,ORIGINAL_QUARTER_END_INSTANT_FACT,1537596000.0,2024-02-14,us-gaap:LongTermDebtNoncurrent,D:\Programming\python_example\Arcana\data-lake\bronze\sec\companyfacts\CIK0001433270.json,ORIGINAL_QUARTER_END_INSTANT_FACT,7214102000.0,2024-02-14,us-gaap:StockholdersEquityIncludingPortionAttributableToNoncontrollingInterest,D:\Programming\python_example\Arcana\data-lake\bronze\sec\companyfacts\CIK0001433270.json,ORIGINAL_QUARTER_END_INSTANT_FACT,0.0,1537596000.0,8751698000.0,2024-02-14,,,,,True,4483200000.0,453130000.0,359804636.10533065,994721000.0,167517000.0,918233249.1568067,-558428613.0514761,117870000.0,75994000.0,8711507000.0,2100488616.7943363,8200630000.0,8476164000.0,-48.53703268561915,10.107289436117059,20.48164813429708,4.244899415647581,-315.874625398137,-155.20328450909662,True,2023,8200630000.0,8751698000.0,551068000.0,-1740683980.6890056,0.0,,False,447000.0,us-gaap:ProceedsFromSaleOfProductiveAssets,True,ZERO_FOR_DIAGNOSTIC_ONLY_NOT_AUTHORITATIVE_NO_EVENT_PROOF,551515000.0,383998000.0,0.06725275984893843,-315.618610679493,DIAGNOSTIC_DENOMINATOR_ONLY_CASH_MNA_NORMALIZED,False,ACQUIRED_NOPAT_NOT_REMOVED_NONCASH_CONSIDERATION_AND_BOOK_VALUE_DIFFERENCES_REMAIN_IN_CAPITAL_BRIDGE_RESIDUAL
AR,2024Q4,1182891000.0,2025-02-12,us-gaap:RevenueFromContractWithCustomerIncludingAssessedTax,D:\Programming\python_example\Arcana\data-lake\bronze\sec\companyfacts\CIK0001433270.json,DERIVED_Q4_FY_MINUS_Q1_Q2_Q3,3192000.0,2025-02-12,us-gaap:OperatingIncomeLoss,D:\Programming\python_example\Arcana\data-lake\bronze\sec\companyfacts\CIK0001433270.json,Q4_FY_MINUS_Q1_Q2_Q3,116152000.0,2025-02-12,us-gaap:ProfitLoss,D:\Programming\python_example\Arcana\data-lake\bronze\sec\companyfacts\CIK0001433270.json,Q4_FY_MINUS_Q1_Q2_Q3,-116096000.0,2025-02-12,us-gaap:IncomeTaxExpenseBenefit,D:\Programming\python_example\Arcana\data-lake\bronze\sec\companyfacts\CIK0001433270.json,Q4_FY_MINUS_Q1_Q2_Q3,,,,,,278002000.0,2025-02-12,us-gaap:NetCashProvidedByUsedInOperatingActivities,D:\Programming\python_example\Arcana\data-lake\bronze\sec\companyfacts\CIK0001433270.json,YTD_MINUS_PRIOR_YTD_CASH_FLOW,22763000.0,2025-02-12,us-gaap:PaymentsToAcquireOilAndGasProperty;us-gaap:PaymentsToAcquireOtherPropertyPlantAndEquipment,D:\Programming\python_example\Arcana\data-lake\bronze\sec\companyfacts\CIK0001433270.json,YTD_MINUS_PRIOR_YTD_CASH_FLOW,False,0.21,US_STATUTORY_21PCT_FALLBACK,3192000.0,DIRECT_GAAP_OPERATING_INCOME,2521680.0,,,ep,PRODUCTION_PLUS_REALIZED_PRICE,V3.5.3_GROUPED_REVENUE_PLUS_CONDITIONAL_COST_REINVESTMENT,2025-02-12,219,False,0.0,2025-02-12,us-gaap:CashCashEquivalentsRestrictedCashAndRestrictedCashEquivalents,D:\Programming\python_example\Arcana\data-lake\bronze\sec\companyfacts\CIK0001433270.json,ORIGINAL_QUARTER_END_INSTANT_FACT,1489230000.0,2025-02-12,us-gaap:LongTermDebtNoncurrent,D:\Programming\python_example\Arcana\data-lake\bronze\sec\companyfacts\CIK0001433270.json,ORIGINAL_QUARTER_END_INSTANT_FACT,7216533000.0,2025-02-12,us-gaap:StockholdersEquityIncludingPortionAttributableToNoncontrollingInterest,D:\Programming\python_example\Arcana\data-lake\bronze\sec\companyfacts\CIK0001433270.json,ORIGINAL_QUARTER_END_INSTANT_FACT,0.0,1489230000.0,8705763000.0,2025-02-12,,,,,False,4295466000.0,460000.0,2837290.123456791,849288000.0,101924000.0,,,,-118185000.0,4483200000.0,359804636.10533065,8751698000.0,8728730500.0,-4.1875,0.010708966151751638,,0.032505186446720874,777.1140654879152,,False,2024,8751698000.0,8705763000.0,-45935000.0,-356967345.98187387,0.0,,False,9499000.0,us-gaap:ProceedsFromSaleOfProductiveAssets,True,ZERO_FOR_DIAGNOSTIC_ONLY_NOT_AUTHORITATIVE_NO_EVENT_PROOF,-36436000.0,-138360000.0,-0.004163306366375988,,LOCKED_NONPOSITIVE_SMALL_OR_INCOMPLETE_NORMALIZED_DENOMINATOR,False,ACQUIRED_NOPAT_NOT_REMOVED_NONCASH_CONSIDERATION_AND_BOOK_VALUE_DIFFERENCES_REMAIN_IN_CAPITAL_BRIDGE_RESIDUAL
AR,2025Q4,1314600000.0,2026-02-11,us-gaap:RevenueFromContractWithCustomerIncludingAssessedTax,D:\Programming\python_example\Arcana\data-lake\bronze\sec\companyfacts\CIK0001433270.json,DERIVED_Q4_FY_MINUS_Q1_Q2_Q3,289174000.0,2026-02-11,us-gaap:OperatingIncomeLoss,D:\Programming\python_example\Arcana\data-lake\bronze\sec\companyfacts\CIK0001433270.json,Q4_FY_MINUS_Q1_Q2_Q3,202918000.0,2026-02-11,us-gaap:ProfitLoss,D:\Programming\python_example\Arcana\data-lake\bronze\sec\companyfacts\CIK0001433270.json,Q4_FY_MINUS_Q1_Q2_Q3,69947000.0,2026-02-11,us-gaap:IncomeTaxExpenseBenefit,D:\Programming\python_example\Arcana\data-lake\bronze\sec\companyfacts\CIK0001433270.json,Q4_FY_MINUS_Q1_Q2_Q3,22128000.0,2026-02-11,us-gaap:InterestIncomeExpenseNonoperatingNet,D:\Programming\python_example\Arcana\data-lake\bronze\sec\companyfacts\CIK0001433270.json,Q4_FY_MINUS_Q1_Q2_Q3,370743000.0,2026-02-11,us-gaap:NetCashProvidedByUsedInOperatingActivities,D:\Programming\python_example\Arcana\data-lake\bronze\sec\companyfacts\CIK0001433270.json,YTD_MINUS_PRIOR_YTD_CASH_FLOW,13416000.0,2026-02-11,us-gaap:PaymentsToAcquireOilAndGasProperty;us-gaap:PaymentsToAcquireOtherPropertyPlantAndEquipment,D:\Programming\python_example\Arcana\data-lake\bronze\sec\companyfacts\CIK0001433270.json,YTD_MINUS_PRIOR_YTD_CASH_FLOW,False,0.256342880178843,INFERRED_FROM_NET_INCOME_PLUS_TAX,289174000.0,DIRECT_GAAP_OPERATING_INCOME,215046303.96716326,373782644.74740255,-158736340.78023928,ep,PRODUCTION_PLUS_REALIZED_PRICE,V3.5.3_GROUPED_REVENUE_PLUS_CONDITIONAL_COST_REINVESTMENT,2026-02-11,223,True,210000000.0,2026-02-11,us-gaap:CashCashEquivalentsRestrictedCashAndRestrictedCashEquivalents,D:\Programming\python_example\Arcana\data-lake\bronze\sec\companyfacts\CIK0001433270.json,ORIGINAL_QUARTER_END_INSTANT_FACT,1397976000.0,2026-02-11,us-gaap:LongTermDebtNoncurrent,D:\Programming\python_example\Arcana\data-lake\bronze\sec\companyfacts\CIK0001433270.json,ORIGINAL_QUARTER_END_INSTANT_FACT,7715649000.0,2026-02-11,us-gaap:StockholdersEquityIncludingPortionAttributableToNoncontrollingInterest,D:\Programming\python_example\Arcana\data-lake\bronze\sec\companyfacts\CIK0001433270.json,ORIGINAL_QUARTER_END_INSTANT_FACT,0.0,1397976000.0,8903625000.0,2026-02-11,,,,,True,5137234000.0,883646000.0,669927829.0955569,1630930000.0,258535000.0,1435158649.692513,-765230820.5969563,83682000.0,215867000.0,4295466000.0,2837290.123456791,8705763000.0,8804694000.0,19.596663086147114,17.20081273307776,27.936407991002802,7.608757659216287,337.14939653500926,-114.22585946758836,True,2025,8705763000.0,8903625000.0,197862000.0,667090538.9721,0.0,,False,16277000.0,us-gaap:ProceedsFromSaleOfProductiveAssets,True,ZERO_FOR_DIAGNOSTIC_ONLY_NOT_AUTHORITATIVE_NO_EVENT_PROOF,214139000.0,-44396000.0,0.024597384514143103,311.5222070580791,DIAGNOSTIC_DENOMINATOR_ONLY_CASH_MNA_NORMALIZED,False,ACQUIRED_NOPAT_NOT_REMOVED_NONCASH_CONSIDERATION_AND_BOOK_VALUE_DIFFERENCES_REMAIN_IN_CAPITAL_BRIDGE_RESIDUAL
CNX,2018Q4,435455000.0,2019-02-07,us-gaap:Revenues,D:\Programming\python_example\Arcana\data-lake\bronze\sec\companyfacts\CIK0001070412.json,DERIVED_Q4_FY_MINUS_Q1_Q2_Q3,,,,,,129415000.0,2019-02-07,us-gaap:ProfitLoss,D:\Programming\python_example\Arcana\data-lake\bronze\sec\companyfacts\CIK0001070412.json,Q4_FY_MINUS_Q1_Q2_Q3,-23713000.0,2019-02-07,us-gaap:IncomeTaxExpenseBenefit,D:\Programming\python_example\Arcana\data-lake\bronze\sec\companyfacts\CIK0001070412.json,Q4_FY_MINUS_Q1_Q2_Q3,33222000.0,2019-02-07,us-gaap:InterestExpense,D:\Programming\python_example\Arcana\data-lake\bronze\sec\companyfacts\CIK0001070412.json,Q4_FY_MINUS_Q1_Q2_Q3,195604000.0,2019-02-07,us-gaap:NetCashProvidedByUsedInOperatingActivities,D:\Programming\python_example\Arcana\data-lake\bronze\sec\companyfacts\CIK0001070412.json,YTD_MINUS_PRIOR_YTD_CASH_FLOW,322273000.0,2019-02-07,us-gaap:PaymentsToAcquirePropertyPlantAndEquipment,D:\Programming\python_example\Arcana\data-lake\bronze\sec\companyfacts\CIK0001070412.json,YTD_MINUS_PRIOR_YTD_CASH_FLOW,False,0.21,US_STATUTORY_21PCT_FALLBACK,138924000.0,DERIVED_NET_INCOME_PLUS_TAX_PLUS_INTEREST,109749960.0,-100423620.0,210173580.0,ep,PRODUCTION_PLUS_REALIZED_PRICE,V3.5.3_GROUPED_REVENUE_PLUS_CONDITIONAL_COST_REINVESTMENT,2019-02-07,195,True,17198000.0,2019-02-07,us-gaap:CashAndCashEquivalentsAtCarryingValue,D:\Programming\python_example\Arcana\data-lake\bronze\sec\companyfacts\CIK0001070412.json,ORIGINAL_QUARTER_END_INSTANT_FACT,2391504000.0,2019-02-07,us-gaap:LongTermDebtAndCapitalLeaseObligations,D:\Programming\python_example\Arcana\data-lake\bronze\sec\companyfacts\CIK0001070412.json,ORIGINAL_QUARTER_END_INSTANT_FACT,5081743000.0,2019-02-07,us-gaap:StockholdersEquityIncludingPortionAttributableToNoncontrollingInterest,D:\Programming\python_example\Arcana\data-lake\bronze\sec\companyfacts\CIK0001070412.json,ORIGINAL_QUARTER_END_INSTANT_FACT,0.0,2391504000.0,7456049000.0,2019-02-07,2019-02-07,us-gaap:LongTermDebtCurrent,D:\Programming\python_example\Arcana\data-lake\bronze\sec\companyfacts\CIK0001070412.json,ORIGINAL_QUARTER_END_INSTANT_FACT,True,1730434000.0,1244602000.0,909819527.4688772,885823000.0,1116397000.0,-120491732.53112277,1030311260.0,145934000.0,215557000.0,1455131000.0,263579680.3268886,5597842000.0,6526945500.0,18.91946498287782,71.92426870946827,-6.963093220031667,13.939438095030473,34.777602664395765,113.24347619426585,True,2018,5597842000.0,7456049000.0,1858207000.0,646239847.1419886,299272000.0,us-gaap:PaymentsToAcquireBusinessesNetOfCashAcquired,True,511767000.0,us-gaap:ProceedsFromSaleOfProductiveAssets,True,ZERO_FOR_DIAGNOSTIC_ONLY_NOT_AUTHORITATIVE_NO_EVENT_PROOF,2070702000.0,954305000.0,0.36991076204008616,31.208732456045755,DIAGNOSTIC_DENOMINATOR_ONLY_CASH_MNA_NORMALIZED,False,ACQUIRED_NOPAT_NOT_REMOVED_NONCASH_CONSIDERATION_AND_BOOK_VALUE_DIFFERENCES_REMAIN_IN_CAPITAL_BRIDGE_RESIDUAL
CNX,2019Q4,508989000.0,2020-02-10,us-gaap:Revenues,D:\Programming\python_example\Arcana\data-lake\bronze\sec\companyfacts\CIK0001070412.json,DERIVED_Q4_FY_MINUS_Q1_Q2_Q3,,,,,,-240055000.0,2020-02-10,us-gaap:ProfitLoss,D:\Programming\python_example\Arcana\data-lake\bronze\sec\companyfacts\CIK0001070412.json,Q4_FY_MINUS_Q1_Q2_Q3,-50398000.0,2020-02-10,us-gaap:IncomeTaxExpenseBenefit,D:\Programming\python_example\Arcana\data-lake\bronze\sec\companyfacts\CIK0001070412.json,Q4_FY_MINUS_Q1_Q2_Q3,37051000.0,2020-02-10,us-gaap:InterestExpense,D:\Programming\python_example\Arcana\data-lake\bronze\sec\companyfacts\CIK0001070412.json,Q4_FY_MINUS_Q1_Q2_Q3,114468000.0,2020-02-10,us-gaap:NetCashProvidedByUsedInOperatingActivities,D:\Programming\python_example\Arcana\data-lake\bronze\sec\companyfacts\CIK0001070412.json,YTD_MINUS_PRIOR_YTD_CASH_FLOW,228097000.0,2020-02-10,us-gaap:PaymentsToAcquirePropertyPlantAndEquipment,D:\Programming\python_example\Arcana\data-lake\bronze\sec\companyfacts\CIK0001070412.json,YTD_MINUS_PRIOR_YTD_CASH_FLOW,False,0.21,US_STATUTORY_21PCT_FALLBACK,-253402000.0,DERIVED_NET_INCOME_PLUS_TAX_PLUS_INTEREST,-200187580.0,-84358710.0,-115828870.0,ep,PRODUCTION_PLUS_REALIZED_PRICE,V3.5.3_GROUPED_REVENUE_PLUS_CONDITIONAL_COST_REINVESTMENT,2020-04-27,199,True,16283000.0,2020-02-10,us-gaap:CashAndCashEquivalentsAtCarryingValue,D:\Programming\python_example\Arcana\data-lake\bronze\sec\companyfacts\CIK0001070412.json,ORIGINAL_QUARTER_END_INSTANT_FACT,2754443000.0,2020-02-10,us-gaap:LongTermDebtNoncurrent,D:\Programming\python_example\Arcana\data-lake\bronze\sec\companyfacts\CIK0001070412.json,ORIGINAL_QUARTER_END_INSTANT_FACT,4962309000.0,2020-02-10,us-gaap:StockholdersEquityIncludingPortionAttributableToNoncontrollingInterest,D:\Programming\python_example\Arcana\data-lake\bronze\sec\companyfacts\CIK0001070412.json,ORIGINAL_QUARTER_END_INSTANT_FACT,0.0,2754443000.0,7700469000.0,2020-04-27,2020-04-27,us-gaap:LongTermDebtCurrent,D:\Programming\python_example\Arcana\data-lake\bronze\sec\companyfacts\CIK0001070412.json,ORIGINAL_QUARTER_END_INSTANT_FACT,True,1922449000.0,211063000.0,166323900.1781907,980560000.0,1192599000.0,-92705329.82180935,259029230.00000003,151379000.0,27736000.0,1730434000.0,909819527.4688772,7456049000.0,7578259000.0,11.096349239554936,10.978860817634175,-4.822251712363207,2.194750801974315,-304.1877208455472,155.73782825107497,True,2019,7456049000.0,7700469000.0,244420000.0,-743495627.2906865,0.0,us-gaap:PaymentsToAcquireBusinessesNetOfCashAcquired,True,45160000.0,us-gaap:ProceedsFromSaleOfProductiveAssets,True,ZERO_FOR_DIAGNOSTIC_ONLY_NOT_AUTHORITATIVE_NO_EVENT_PROOF,289580000.0,-903019000.0,0.038838264072567116,-256.74964683012865,DIAGNOSTIC_DENOMINATOR_ONLY_CASH_MNA_NORMALIZED,False,ACQUIRED_NOPAT_NOT_REMOVED_NONCASH_CONSIDERATION_AND_BOOK_VALUE_DIFFERENCES_REMAIN_IN_CAPITAL_BRIDGE_RESIDUAL
CNX,2020Q4,626703000.0,2021-02-09,us-gaap:Revenues,D:\Programming\python_example\Arcana\data-lake\bronze\sec\companyfacts\CIK0001070412.json,DERIVED_Q4_FY_MINUS_Q1_Q2_Q3,,,,,,195757000.0,2021-02-09,us-gaap:ProfitLoss,D:\Programming\python_example\Arcana\data-lake\bronze\sec\companyfacts\CIK0001070412.json,Q4_FY_MINUS_Q1_Q2_Q3,68420000.0,2021-02-09,us-gaap:IncomeTaxExpenseBenefit,D:\Programming\python_example\Arcana\data-lake\bronze\sec\companyfacts\CIK0001070412.json,Q4_FY_MINUS_Q1_Q2_Q3,37634000.0,2021-02-09,us-gaap:InterestExpense,D:\Programming\python_example\Arcana\data-lake\bronze\sec\companyfacts\CIK0001070412.json,Q4_FY_MINUS_Q1_Q2_Q3,160724000.0,2021-02-09,us-gaap:NetCashProvidedByUsedInOperatingActivities,D:\Programming\python_example\Arcana\data-lake\bronze\sec\companyfacts\CIK0001070412.json,YTD_MINUS_PRIOR_YTD_CASH_FLOW,92055000.0,2021-02-09,us-gaap:PaymentsToAcquirePropertyPlantAndEquipment,D:\Programming\python_example\Arcana\data-lake\bronze\sec\companyfacts\CIK0001070412.json,YTD_MINUS_PRIOR_YTD_CASH_FLOW,False,0.2589930236167418,INFERRED_FROM_NET_INCOME_PLUS_TAX,301811000.0,DERIVED_NET_INCOME_PLUS_TAX_PLUS_INTEREST,223644056.54920754,96556056.54920754,127088000.0,ep,PRODUCTION_PLUS_REALIZED_PRICE,V3.5.3_GROUPED_REVENUE_PLUS_CONDITIONAL_COST_REINVESTMENT,2021-02-09,203,True,15617000.0,2021-02-09,us-gaap:CashAndCashEquivalentsAtCarryingValue,D:\Programming\python_example\Arcana\data-lake\bronze\sec\companyfacts\CIK0001070412.json,ORIGINAL_QUARTER_END_INSTANT_FACT,2401427000.0,2021-02-09,us-gaap:LongTermDebtNoncurrent,D:\Programming\python_example\Arcana\data-lake\bronze\sec\companyfacts\CIK0001070412.json,ORIGINAL_QUARTER_END_INSTANT_FACT,4422437000.0,2021-02-09,us-gaap:StockholdersEquityIncludingPortionAttributableToNoncontrollingInterest,D:\Programming\python_example\Arcana\data-lake\bronze\sec\companyfacts\CIK0001070412.json,ORIGINAL_QUARTER_END_INSTANT_FACT,22574000.0,2424001000.0,6830821000.0,2021-02-09,2021-02-09,us-gaap:LongTermDebtCurrent,D:\Programming\python_example\Arcana\data-lake\bronze\sec\companyfacts\CIK0001070412.json,ORIGINAL_QUARTER_END_INSTANT_FACT,True,1257978000.0,-432025000.0,-356086383.45079243,795071000.0,487291000.0,440872936.54920757,-796959320.0,170806000.0,-174087000.0,1922449000.0,166323900.1781907,7700469000.0,7265645000.0,-34.56377776471573,-34.34281044660559,35.04615633573938,-4.900960388937148,60.071463813977964,223.81066983712165,True,2020,7700469000.0,6830821000.0,-869648000.0,-522410283.62898314,0.0,us-gaap:PaymentsToAcquireBusinessesNetOfCashAcquired,True,48322000.0,us-gaap:ProceedsFromSaleOfProductiveAssets,True,ZERO_FOR_DIAGNOSTIC_ONLY_NOT_AUTHORITATIVE_NO_EVENT_PROOF,-821326000.0,-1308617000.0,-0.10665921776972286,,LOCKED_NONPOSITIVE_SMALL_OR_INCOMPLETE_NORMALIZED_DENOMINATOR,False,ACQUIRED_NOPAT_NOT_REMOVED_NONCASH_CONSIDERATION_AND_BOOK_VALUE_DIFFERENCES_REMAIN_IN_CAPITAL_BRIDGE_RESIDUAL
CNX,2021Q4,1291190000.0,2022-02-10,us-gaap:Revenues,D:\Programming\python_example\Arcana\data-lake\bronze\sec\companyfacts\CIK0001070412.json,DERIVED_Q4_FY_MINUS_Q1_Q2_Q3,,,,,,630312000.0,2022-02-10,us-gaap:ProfitLoss,D:\Programming\python_example\Arcana\data-lake\bronze\sec\companyfacts\CIK0001070412.json,Q4_FY_MINUS_Q1_Q2_Q3,276394000.0,2022-02-10,us-gaap:IncomeTaxExpenseBenefit,D:\Programming\python_example\Arcana\data-lake\bronze\sec\companyfacts\CIK0001070412.json,Q4_FY_MINUS_Q1_Q2_Q3,37264000.0,2022-02-10,us-gaap:InterestExpense,D:\Programming\python_example\Arcana\data-lake\bronze\sec\companyfacts\CIK0001070412.json,Q4_FY_MINUS_Q1_Q2_Q3,253072000.0,2022-02-10,us-gaap:NetCashProvidedByUsedInOperatingActivities,D:\Programming\python_example\Arcana\data-lake\bronze\sec\companyfacts\CIK0001070412.json,YTD_MINUS_PRIOR_YTD_CASH_FLOW,116711000.0,2022-02-10,us-gaap:PaymentsToAcquirePropertyPlantAndEquipment,D:\Programming\python_example\Arcana\data-lake\bronze\sec\companyfacts\CIK0001070412.json,YTD_MINUS_PRIOR_YTD_CASH_FLOW,False,0.3048330991523162,INFERRED_FROM_NET_INCOME_PLUS_TAX,943970000.0,DERIVED_NET_INCOME_PLUS_TAX_PLUS_INTEREST,656216699.393188,162265699.39318806,493950999.99999994,ep,PRODUCTION_PLUS_REALIZED_PRICE,V3.5.3_GROUPED_REVENUE_PLUS_CONDITIONAL_COST_REINVESTMENT,2022-02-10,207,True,3565000.0,2022-02-10,us-gaap:CashAndCashEquivalentsAtCarryingValue,D:\Programming\python_example\Arcana\data-lake\bronze\sec\companyfacts\CIK0001070412.json,ORIGINAL_QUARTER_END_INSTANT_FACT,2214121000.0,2022-02-10,us-gaap:LongTermDebtNoncurrent,D:\Programming\python_example\Arcana\data-lake\bronze\sec\companyfacts\CIK0001070412.json,ORIGINAL_QUARTER_END_INSTANT_FACT,3700273000.0,2022-02-10,us-gaap:StockholdersEquityIncludingPortionAttributableToNoncontrollingInterest,D:\Programming\python_example\Arcana\data-lake\bronze\sec\companyfacts\CIK0001070412.json,ORIGINAL_QUARTER_END_INSTANT_FACT,0.0,2214121000.0,5910829000.0,2022-02-10,2022-02-10,us-gaap:LongTermDebtCurrent,D:\Programming\python_example\Arcana\data-lake\bronze\sec\companyfacts\CIK0001070412.json,ORIGINAL_QUARTER_END_INSTANT_FACT,True,756792000.0,-485357000.0,-484298356.17001534,926357000.0,465861000.0,573972813.8299845,-1058271170.0,151156000.0,-137870000.0,1257978000.0,-356086383.45079243,6830821000.0,6370825000.0,-39.84060134596948,-64.1334739267857,75.84287543076361,-7.6018154033428225,13.936205175612711,218.51636630963262,True,2021,6830821000.0,5910829000.0,-919992000.0,-128211972.7192229,0.0,,False,45251000.0,us-gaap:ProceedsFromSaleOfProductiveAssets,True,ZERO_FOR_DIAGNOSTIC_ONLY_NOT_AUTHORITATIVE_NO_EVENT_PROOF,-874741000.0,-1340602000.0,-0.1280579596508238,,LOCKED_NONPOSITIVE_SMALL_OR_INCOMPLETE_NORMALIZED_DENOMINATOR,False,ACQUIRED_NOPAT_NOT_REMOVED_NONCASH_CONSIDERATION_AND_BOOK_VALUE_DIFFERENCES_REMAIN_IN_CAPITAL_BRIDGE_RESIDUAL
CNX,2022Q4,1636830000.0,2023-02-09,us-gaap:Revenues,D:\Programming\python_example\Arcana\data-lake\bronze\sec\companyfacts\CIK0001070412.json,DERIVED_Q4_FY_MINUS_Q1_Q2_Q3,,,,,,1174579000.0,2023-02-09,us-gaap:NetIncomeLoss,D:\Programming\python_example\Arcana\data-lake\bronze\sec\companyfacts\CIK0001070412.json,Q4_FY_MINUS_Q1_Q2_Q3,81770000.0,2023-02-09,us-gaap:IncomeTaxExpenseBenefit,D:\Programming\python_example\Arcana\data-lake\bronze\sec\companyfacts\CIK0001070412.json,Q4_FY_MINUS_Q1_Q2_Q3,35218000.0,2023-02-09,us-gaap:InterestExpense,D:\Programming\python_example\Arcana\data-lake\bronze\sec\companyfacts\CIK0001070412.json,Q4_FY_MINUS_Q1_Q2_Q3,442270000.0,2023-02-09,us-gaap:NetCashProvidedByUsedInOperatingActivities,D:\Programming\python_example\Arcana\data-lake\bronze\sec\companyfacts\CIK0001070412.json,YTD_MINUS_PRIOR_YTD_CASH_FLOW,173217000.0,2023-02-09,us-gaap:PaymentsToAcquirePropertyPlantAndEquipment,D:\Programming\python_example\Arcana\data-lake\bronze\sec\companyfacts\CIK0001070412.json,YTD_MINUS_PRIOR_YTD_CASH_FLOW,False,0.06508541814416217,INFERRED_FROM_NET_INCOME_PLUS_TAX,1291567000.0,DERIVED_NET_INCOME_PLUS_TAX_PLUS_INTEREST,1207504821.743799,301978821.7437989,905526000.0,ep,PRODUCTION_PLUS_REALIZED_PRICE,V3.5.3_GROUPED_REVENUE_PLUS_CONDITIONAL_COST_REINVESTMENT,2023-02-09,211,True,21321000.0,2023-02-09,us-gaap:CashAndCashEquivalentsAtCarryingValue,D:\Programming\python_example\Arcana\data-lake\bronze\sec\companyfacts\CIK0001070412.json,ORIGINAL_QUARTER_END_INSTANT_FACT,2205735000.0,2023-02-09,us-gaap:LongTermDebtNoncurrent,D:\Programming\python_example\Arcana\data-lake\bronze\sec\companyfacts\CIK0001070412.json,ORIGINAL_QUARTER_END_INSTANT_FACT,2950461000.0,2023-02-09,us-gaap:StockholdersEquityIncludingPortionAttributableToNoncontrollingInterest,D:\Programming\python_example\Arcana\data-lake\bronze\sec\companyfacts\CIK0001070412.json,ORIGINAL_QUARTER_END_INSTANT_FACT,0.0,2205735000.0,5134875000.0,2023-02-09,,,,,True,1261211000.0,-84258000.0,114433136.18843293,1235014000.0,565754000.0,772780936.1884328,-658347800.0,127689000.0,-69870000.0,756792000.0,-484298356.17001534,5910829000.0,5522852000.0,66.65226376600175,-6.680721941055065,61.272930238352885,2.0719935313934346,-77.16069410795592,-575.3122058246506,True,2022,5910829000.0,5134875000.0,-775954000.0,598731492.3584483,0.0,,False,37460000.0,us-gaap:ProceedsFromSaleOfProductiveAssets,True,ZERO_FOR_DIAGNOSTIC_ONLY_NOT_AUTHORITATIVE_NO_EVENT_PROOF,-738494000.0,-1304248000.0,-0.12493915828050516,,LOCKED_NONPOSITIVE_SMALL_OR_INCOMPLETE_NORMALIZED_DENOMINATOR,False,ACQUIRED_NOPAT_NOT_REMOVED_NONCASH_CONSIDERATION_AND_BOOK_VALUE_DIFFERENCES_REMAIN_IN_CAPITAL_BRIDGE_RESIDUAL
CNX,2023Q4,968765000.0,2024-02-08,us-gaap:Revenues,D:\Programming\python_example\Arcana\data-lake\bronze\sec\companyfacts\CIK0001070412.json,DERIVED_Q4_FY_MINUS_Q1_Q2_Q3,,,,,,513985000.0,2024-02-08,us-gaap:NetIncomeLoss,D:\Programming\python_example\Arcana\data-lake\bronze\sec\companyfacts\CIK0001070412.json,Q4_FY_MINUS_Q1_Q2_Q3,125020000.0,2024-02-08,us-gaap:IncomeTaxExpenseBenefit,D:\Programming\python_example\Arcana\data-lake\bronze\sec\companyfacts\CIK0001070412.json,Q4_FY_MINUS_Q1_Q2_Q3,37331000.0,2024-02-08,us-gaap:InterestExpense,D:\Programming\python_example\Arcana\data-lake\bronze\sec\companyfacts\CIK0001070412.json,Q4_FY_MINUS_Q1_Q2_Q3,161131000.0,2024-02-08,us-gaap:NetCashProvidedByUsedInOperatingActivities,D:\Programming\python_example\Arcana\data-lake\bronze\sec\companyfacts\CIK0001070412.json,YTD_MINUS_PRIOR_YTD_CASH_FLOW,107749000.0,2024-02-08,us-gaap:PaymentsToAcquirePropertyPlantAndEquipment,D:\Programming\python_example\Arcana\data-lake\bronze\sec\companyfacts\CIK0001070412.json,YTD_MINUS_PRIOR_YTD_CASH_FLOW,False,0.195647921377767,INFERRED_FROM_NET_INCOME_PLUS_TAX,676336000.0,DERIVED_NET_INCOME_PLUS_TAX_PLUS_INTEREST,544012267.4470466,83409267.44704658,460603000.00000006,ep,PRODUCTION_PLUS_REALIZED_PRICE,V3.5.3_GROUPED_REVENUE_PLUS_CONDITIONAL_COST_REINVESTMENT,2024-02-08,215,True,443000.0,2024-02-08,us-gaap:CashAndCashEquivalentsAtCarryingValue,D:\Programming\python_example\Arcana\data-lake\bronze\sec\companyfacts\CIK0001070412.json,ORIGINAL_QUARTER_END_INSTANT_FACT,1888706000.0,2024-02-08,us-gaap:LongTermDebtNoncurrent,D:\Programming\python_example\Arcana\data-lake\bronze\sec\companyfacts\CIK0001070412.json,ORIGINAL_QUARTER_END_INSTANT_FACT,4361017000.0,2024-02-08,us-gaap:StockholdersEquityIncludingPortionAttributableToNoncontrollingInterest,D:\Programming\python_example\Arcana\data-lake\bronze\sec\companyfacts\CIK0001070412.json,ORIGINAL_QUARTER_END_INSTANT_FACT,325668000.0,2214374000.0,6574948000.0,2024-02-08,2024-02-08,us-gaap:LongTermDebtCurrent,D:\Programming\python_example\Arcana\data-lake\bronze\sec\companyfacts\CIK0001070412.json,ORIGINAL_QUARTER_END_INSTANT_FACT,True,3434948000.0,2366203000.0,1825853519.9352593,814588000.0,679404000.0,246501339.9352595,1579352180.0,143278000.0,502209000.0,1261211000.0,114433136.18843293,5134875000.0,5854911500.0,172.35315898767135,68.88613743206594,7.176275737951768,31.18498921692086,118.84261309994886,86.49939125762948,True,2023,5134875000.0,6574948000.0,1440073000.0,1711420383.7468264,0.0,,False,170027000.0,us-gaap:ProceedsFromSaleOfProductiveAssets,True,ZERO_FOR_DIAGNOSTIC_ONLY_NOT_AUTHORITATIVE_NO_EVENT_PROOF,1610100000.0,930696000.0,0.3135616738479515,106.29280067988486,DIAGNOSTIC_DENOMINATOR_ONLY_CASH_MNA_NORMALIZED,False,ACQUIRED_NOPAT_NOT_REMOVED_NONCASH_CONSIDERATION_AND_BOOK_VALUE_DIFFERENCES_REMAIN_IN_CAPITAL_BRIDGE_RESIDUAL
CNX,2024Q4,136577000.0,2025-02-11,us-gaap:Revenues,D:\Programming\python_example\Arcana\data-lake\bronze\sec\companyfacts\CIK0001070412.json,DERIVED_Q4_FY_MINUS_Q1_Q2_Q3,,,,,,-144624000.0,2025-02-11,us-gaap:NetIncomeLoss,D:\Programming\python_example\Arcana\data-lake\bronze\sec\companyfacts\CIK0001070412.json,Q4_FY_MINUS_Q1_Q2_Q3,-49375000.0,2025-02-11,us-gaap:IncomeTaxExpenseBenefit,D:\Programming\python_example\Arcana\data-lake\bronze\sec\companyfacts\CIK0001070412.json,Q4_FY_MINUS_Q1_Q2_Q3,,,,,,268797000.0,2025-02-11,us-gaap:NetCashProvidedByUsedInOperatingActivities,D:\Programming\python_example\Arcana\data-lake\bronze\sec\companyfacts\CIK0001070412.json,YTD_MINUS_PRIOR_YTD_CASH_FLOW,105495000.0,2025-02-11,us-gaap:PaymentsToAcquirePropertyPlantAndEquipment,D:\Programming\python_example\Arcana\data-lake\bronze\sec\companyfacts\CIK0001070412.json,YTD_MINUS_PRIOR_YTD_CASH_FLOW,False,0.21,US_STATUTORY_21PCT_FALLBACK,,DERIVED_NET_INCOME_PLUS_TAX_PLUS_INTEREST,,,,ep,PRODUCTION_PLUS_REALIZED_PRICE,V3.5.3_GROUPED_REVENUE_PLUS_CONDITIONAL_COST_REINVESTMENT,2025-02-11,219,False,17198000.0,2025-02-11,us-gaap:CashAndCashEquivalentsAtCarryingValue,D:\Programming\python_example\Arcana\data-lake\bronze\sec\companyfacts\CIK0001070412.json,ORIGINAL_QUARTER_END_INSTANT_FACT,1838234000.0,2025-02-11,us-gaap:LongTermDebtNoncurrent,D:\Programming\python_example\Arcana\data-lake\bronze\sec\companyfacts\CIK0001070412.json,ORIGINAL_QUARTER_END_INSTANT_FACT,4098030000.0,2025-02-11,us-gaap:StockholdersEquity,D:\Programming\python_example\Arcana\data-lake\bronze\sec\companyfacts\CIK0001070412.json,ORIGINAL_QUARTER_END_INSTANT_FACT,327766000.0,2166000000.0,6246832000.0,2025-02-11,2025-02-11,us-gaap:LongTermDebtCurrent,D:\Programming\python_example\Arcana\data-lake\bronze\sec\companyfacts\CIK0001070412.json,ORIGINAL_QUARTER_END_INSTANT_FACT,False,1266786000.0,,,815779000.0,540332000.0,,,,-29868000.0,3434948000.0,1825853519.9352593,6574948000.0,6410890000.0,-63.12066441762728,,,,,,False,2024,6574948000.0,6246832000.0,-328116000.0,,0.0,,False,60734000.0,us-gaap:ProceedsFromSaleOfProductiveAssets,True,ZERO_FOR_DIAGNOSTIC_ONLY_NOT_AUTHORITATIVE_NO_EVENT_PROOF,-267382000.0,-807714000.0,-0.04066678550157355,,LOCKED_NONPOSITIVE_SMALL_OR_INCOMPLETE_NORMALIZED_DENOMINATOR,False,ACQUIRED_NOPAT_NOT_REMOVED_NONCASH_CONSIDERATION_AND_BOOK_VALUE_DIFFERENCES_REMAIN_IN_CAPITAL_BRIDGE_RESIDUAL
CNX,2025Q4,610484000.0,2026-02-10,us-gaap:Revenues,D:\Programming\python_example\Arcana\data-lake\bronze\sec\companyfacts\CIK0001070412.json,DERIVED_Q4_FY_MINUS_Q1_Q2_Q3,,,,,,196253000.0,2026-02-10,us-gaap:NetIncomeLoss,D:\Programming\python_example\Arcana\data-lake\bronze\sec\companyfacts\CIK0001070412.json,Q4_FY_MINUS_Q1_Q2_Q3,28154000.0,2026-02-10,us-gaap:IncomeTaxExpenseBenefit,D:\Programming\python_example\Arcana\data-lake\bronze\sec\companyfacts\CIK0001070412.json,Q4_FY_MINUS_Q1_Q2_Q3,41975000.0,2026-02-10,us-gaap:InterestExpenseNonoperating,D:\Programming\python_example\Arcana\data-lake\bronze\sec\companyfacts\CIK0001070412.json,Q4_FY_MINUS_Q1_Q2_Q3,297049000.0,2026-02-10,us-gaap:NetCashProvidedByUsedInOperatingActivities,D:\Programming\python_example\Arcana\data-lake\bronze\sec\companyfacts\CIK0001070412.json,YTD_MINUS_PRIOR_YTD_CASH_FLOW,174414000.0,2026-02-10,us-gaap:PaymentsToAcquirePropertyPlantAndEquipment,D:\Programming\python_example\Arcana\data-lake\bronze\sec\companyfacts\CIK0001070412.json,YTD_MINUS_PRIOR_YTD_CASH_FLOW,False,0.12545954448836266,INFERRED_FROM_NET_INCOME_PLUS_TAX,266382000.0,DERIVED_NET_INCOME_PLUS_TAX_PLUS_INTEREST,232961835.620101,159343835.62010098,73618000.00000003,ep,PRODUCTION_PLUS_REALIZED_PRICE,V3.5.3_GROUPED_REVENUE_PLUS_CONDITIONAL_COST_REINVESTMENT,2026-02-10,223,True,779000.0,2026-02-10,us-gaap:CashAndCashEquivalentsAtCarryingValue,D:\Programming\python_example\Arcana\data-lake\bronze\sec\companyfacts\CIK0001070412.json,ORIGINAL_QUARTER_END_INSTANT_FACT,2213264000.0,2026-02-10,us-gaap:LongTermDebtNoncurrent,D:\Programming\python_example\Arcana\data-lake\bronze\sec\companyfacts\CIK0001070412.json,ORIGINAL_QUARTER_END_INSTANT_FACT,4337016000.0,2026-02-10,us-gaap:StockholdersEquity,D:\Programming\python_example\Arcana\data-lake\bronze\sec\companyfacts\CIK0001070412.json,ORIGINAL_QUARTER_END_INSTANT_FACT,208095000.0,2421359000.0,6757596000.0,2026-02-10,2026-02-10,us-gaap:LongTermDebtCurrent,D:\Programming\python_example\Arcana\data-lake\bronze\sec\companyfacts\CIK0001070412.json,ORIGINAL_QUARTER_END_INSTANT_FACT,True,2239134000.0,973533000.0,750155548.1958573,1028957000.0,494988000.0,668758758.1958573,81396790.0000001,170592000.0,169779000.0,1266786000.0,,6246832000.0,6502214000.0,76.75708446414787,43.47810358826224,29.866848442114552,11.53692493350507,,10.850654933601625,True,2025,6246832000.0,6757596000.0,510764000.0,,517599000.0,us-gaap:PaymentsToAcquireBusinessesNetOfCashAcquired,True,107655000.0,us-gaap:ProceedsFromSaleOfProductiveAssets,True,ZERO_FOR_DIAGNOSTIC_ONLY_NOT_AUTHORITATIVE_NO_EVENT_PROOF,100820000.0,-394168000.0,0.01613938072930407,,LOCKED_NONPOSITIVE_SMALL_OR_INCOMPLETE_NORMALIZED_DENOMINATOR,False,ACQUIRED_NOPAT_NOT_REMOVED_NONCASH_CONSIDERATION_AND_BOOK_VALUE_DIFFERENCES_REMAIN_IN_CAPITAL_BRIDGE_RESIDUAL
COP,2018Q4,9666000000.0,2019-02-19,us-gaap:RevenueFromContractWithCustomerExcludingAssessedTax,D:\Programming\python_example\Arcana\data-lake\bronze\sec\companyfacts\CIK0001163165.json,DERIVED_Q4_FY_MINUS_Q1_Q2_Q3,,,,,,1878000000.0,2019-02-19,us-gaap:ProfitLoss,D:\Programming\python_example\Arcana\data-lake\bronze\sec\companyfacts\CIK0001163165.json,Q4_FY_MINUS_Q1_Q2_Q3,794000000.0,2019-02-19,us-gaap:IncomeTaxExpenseBenefit,D:\Programming\python_example\Arcana\data-lake\bronze\sec\companyfacts\CIK0001163165.json,Q4_FY_MINUS_Q1_Q2_Q3,188000000.0,2019-02-19,us-gaap:InterestAndDebtExpense,D:\Programming\python_example\Arcana\data-lake\bronze\sec\companyfacts\CIK0001163165.json,Q4_FY_MINUS_Q1_Q2_Q3,3783000000.0,2019-02-19,us-gaap:NetCashProvidedByUsedInOperatingActivities,D:\Programming\python_example\Arcana\data-lake\bronze\sec\companyfacts\CIK0001163165.json,YTD_MINUS_PRIOR_YTD_CASH_FLOW,1617000000.0,2019-02-19,us-gaap:PaymentsToAcquireProductiveAssets,D:\Programming\python_example\Arcana\data-lake\bronze\sec\companyfacts\CIK0001163165.json,YTD_MINUS_PRIOR_YTD_CASH_FLOW,False,0.2971556886227545,INFERRED_FROM_NET_INCOME_PLUS_TAX,2860000000.0,DERIVED_NET_INCOME_PLUS_TAX_PLUS_INTEREST,2010134730.5389223,2298134730.5389223,-288000000.0,ep,PRODUCTION_PLUS_REALIZED_PRICE,V3.5.3_GROUPED_REVENUE_PLUS_CONDITIONAL_COST_REINVESTMENT,2019-02-19,195,True,5915000000.0,2019-02-19,us-gaap:CashAndCashEquivalentsAtCarryingValue,D:\Programming\python_example\Arcana\data-lake\bronze\sec\companyfacts\CIK0001163165.json,ORIGINAL_QUARTER_END_INSTANT_FACT,14856000000.0,2019-02-19,us-gaap:LongTermDebtAndCapitalLeaseObligations,D:\Programming\python_example\Arcana\data-lake\bronze\sec\companyfacts\CIK0001163165.json,ORIGINAL_QUARTER_END_INSTANT_FACT,32064000000.0,2019-02-19,us-gaap:StockholdersEquityIncludingPortionAttributableToNoncontrollingInterest,D:\Programming\python_example\Arcana\data-lake\bronze\sec\companyfacts\CIK0001163165.json,ORIGINAL_QUARTER_END_INSTANT_FACT,112000000.0,14968000000.0,41117000000.0,2019-02-19,2019-02-19,us-gaap:DebtCurrent,D:\Programming\python_example\Arcana\data-lake\bronze\sec\companyfacts\CIK0001163165.json,ORIGINAL_QUARTER_END_INSTANT_FACT,True,36417000000.0,10708000000.0,7111334730.538921,12934000000.0,6750000000.0,6671684730.538922,439650000.0,735000000.0,3668000000.0,,-1309000413.4762635,44179000000.0,42648000000.0,,29.40384985034462,18.320248044976033,16.674485862265335,-274.99461606842533,6.182383710781701,True,2018,44179000000.0,41117000000.0,-3062000000.0,8420335144.015184,0.0,,False,1082000000.0,us-gaap:ProceedsFromSaleOfProductiveAssets,True,ZERO_FOR_DIAGNOSTIC_ONLY_NOT_AUTHORITATIVE_NO_EVENT_PROOF,-1980000000.0,-8730000000.0,-0.044817673555309086,,LOCKED_NONPOSITIVE_SMALL_OR_INCOMPLETE_NORMALIZED_DENOMINATOR,False,ACQUIRED_NOPAT_NOT_REMOVED_NONCASH_CONSIDERATION_AND_BOOK_VALUE_DIFFERENCES_REMAIN_IN_CAPITAL_BRIDGE_RESIDUAL
COP,2019Q4,7708000000.0,2020-02-18,us-gaap:RevenueFromContractWithCustomerExcludingAssessedTax,D:\Programming\python_example\Arcana\data-lake\bronze\sec\companyfacts\CIK0001163165.json,DERIVED_Q4_FY_MINUS_Q1_Q2_Q3,,,,,,743000000.0,2020-02-18,us-gaap:ProfitLoss,D:\Programming\python_example\Arcana\data-lake\bronze\sec\companyfacts\CIK0001163165.json,Q4_FY_MINUS_Q1_Q2_Q3,543000000.0,2020-02-18,us-gaap:IncomeTaxExpenseBenefit,D:\Programming\python_example\Arcana\data-lake\bronze\sec\companyfacts\CIK0001163165.json,Q4_FY_MINUS_Q1_Q2_Q3,196000000.0,2020-02-18,us-gaap:InterestAndDebtExpense,D:\Programming\python_example\Arcana\data-lake\bronze\sec\companyfacts\CIK0001163165.json,Q4_FY_MINUS_Q1_Q2_Q3,2982000000.0,2020-02-18,us-gaap:NetCashProvidedByUsedInOperatingActivities,D:\Programming\python_example\Arcana\data-lake\bronze\sec\companyfacts\CIK0001163165.json,YTD_MINUS_PRIOR_YTD_CASH_FLOW,1595000000.0,2020-02-18,us-gaap:PaymentsToAcquireProductiveAssets,D:\Programming\python_example\Arcana\data-lake\bronze\sec\companyfacts\CIK0001163165.json,YTD_MINUS_PRIOR_YTD_CASH_FLOW,False,0.35,INFERRED_FROM_NET_INCOME_PLUS_TAX,1482000000.0,DERIVED_NET_INCOME_PLUS_TAX_PLUS_INTEREST,963300000.0,1514400000.0,-551100000.0,ep,PRODUCTION_PLUS_REALIZED_PRICE,V3.5.3_GROUPED_REVENUE_PLUS_CONDITIONAL_COST_REINVESTMENT,2020-02-18,199,True,5088000000.0,2020-02-18,us-gaap:CashAndCashEquivalentsAtCarryingValue,D:\Programming\python_example\Arcana\data-lake\bronze\sec\companyfacts\CIK0001163165.json,ORIGINAL_QUARTER_END_INSTANT_FACT,14790000000.0,2020-02-18,us-gaap:LongTermDebtAndCapitalLeaseObligations,D:\Programming\python_example\Arcana\data-lake\bronze\sec\companyfacts\CIK0001163165.json,ORIGINAL_QUARTER_END_INSTANT_FACT,35050000000.0,2020-02-18,us-gaap:StockholdersEquityIncludingPortionAttributableToNoncontrollingInterest,D:\Programming\python_example\Arcana\data-lake\bronze\sec\companyfacts\CIK0001163165.json,ORIGINAL_QUARTER_END_INSTANT_FACT,105000000.0,14895000000.0,44857000000.0,2020-02-18,2020-02-18,us-gaap:DebtCurrent,D:\Programming\python_example\Arcana\data-lake\bronze\sec\companyfacts\CIK0001163165.json,ORIGINAL_QUARTER_END_INSTANT_FACT,True,32567000000.0,10302000000.0,7927183444.667342,11104000000.0,6636000000.0,5045283444.667341,2881900000.0,778000000.0,2267000000.0,36417000000.0,7111334730.538921,41117000000.0,42987000000.0,-10.571985611115686,31.63324838026223,15.492011682584645,18.440885487862243,21.814136741401626,36.35465257131988,True,2019,41117000000.0,44857000000.0,3740000000.0,815848714.1284208,0.0,,False,3012000000.0,us-gaap:ProceedsFromSaleOfProductiveAssets,True,ZERO_FOR_DIAGNOSTIC_ONLY_NOT_AUTHORITATIVE_NO_EVENT_PROOF,6752000000.0,116000000.0,0.16421431524673494,12.083067448584432,DIAGNOSTIC_DENOMINATOR_ONLY_CASH_MNA_NORMALIZED,False,ACQUIRED_NOPAT_NOT_REMOVED_NONCASH_CONSIDERATION_AND_BOOK_VALUE_DIFFERENCES_REMAIN_IN_CAPITAL_BRIDGE_RESIDUAL
COP,2020Q4,5491000000.0,2021-02-16,us-gaap:RevenueFromContractWithCustomerExcludingAssessedTax,D:\Programming\python_example\Arcana\data-lake\bronze\sec\companyfacts\CIK0001163165.json,DERIVED_Q4_FY_MINUS_Q1_Q2_Q3,,,,,,-772000000.0,2021-02-16,us-gaap:ProfitLoss,D:\Programming\python_example\Arcana\data-lake\bronze\sec\companyfacts\CIK0001163165.json,Q4_FY_MINUS_Q1_Q2_Q3,-314000000.0,2021-02-16,us-gaap:IncomeTaxExpenseBenefit,D:\Programming\python_example\Arcana\data-lake\bronze\sec\companyfacts\CIK0001163165.json,Q4_FY_MINUS_Q1_Q2_Q3,202000000.0,2021-02-16,us-gaap:InterestAndDebtExpense,D:\Programming\python_example\Arcana\data-lake\bronze\sec\companyfacts\CIK0001163165.json,Q4_FY_MINUS_Q1_Q2_Q3,1672000000.0,2021-02-16,us-gaap:NetCashProvidedByUsedInOperatingActivities,D:\Programming\python_example\Arcana\data-lake\bronze\sec\companyfacts\CIK0001163165.json,YTD_MINUS_PRIOR_YTD_CASH_FLOW,1058000000.0,2021-02-16,us-gaap:PaymentsToAcquireProductiveAssets,D:\Programming\python_example\Arcana\data-lake\bronze\sec\companyfacts\CIK0001163165.json,YTD_MINUS_PRIOR_YTD_CASH_FLOW,False,0.21,US_STATUTORY_21PCT_FALLBACK,-884000000.0,DERIVED_NET_INCOME_PLUS_TAX_PLUS_INTEREST,-698360000.0,773580000.0,-1471940000.0,ep,PRODUCTION_PLUS_REALIZED_PRICE,V3.5.3_GROUPED_REVENUE_PLUS_CONDITIONAL_COST_REINVESTMENT,2021-02-16,203,True,2991000000.0,2021-02-16,us-gaap:CashAndCashEquivalentsAtCarryingValue,D:\Programming\python_example\Arcana\data-lake\bronze\sec\companyfacts\CIK0001163165.json,ORIGINAL_QUARTER_END_INSTANT_FACT,14750000000.0,2021-02-16,us-gaap:LongTermDebtAndCapitalLeaseObligations,D:\Programming\python_example\Arcana\data-lake\bronze\sec\companyfacts\CIK0001163165.json,ORIGINAL_QUARTER_END_INSTANT_FACT,29849000000.0,2021-02-16,us-gaap:StockholdersEquityIncludingPortionAttributableToNoncontrollingInterest,D:\Programming\python_example\Arcana\data-lake\bronze\sec\companyfacts\CIK0001163165.json,ORIGINAL_QUARTER_END_INSTANT_FACT,619000000.0,15369000000.0,42227000000.0,2021-02-16,2021-02-16,us-gaap:DebtCurrent,D:\Programming\python_example\Arcana\data-lake\bronze\sec\companyfacts\CIK0001163165.json,ORIGINAL_QUARTER_END_INSTANT_FACT,True,18784000000.0,-2334000000.0,-1843860000.0,4802000000.0,4715000000.0,723740000.0,-2567600000.0,806000000.0,-485000000.0,32567000000.0,7927183444.667342,44857000000.0,43542000000.0,-42.321982374796576,-12.425468483816013,3.85295996592845,-4.234669973818382,371.5225644360206,139.2513531396093,True,2020,44857000000.0,42227000000.0,-2630000000.0,-9771043444.667343,0.0,,False,1317000000.0,us-gaap:ProceedsFromSaleOfProductiveAssets,True,ZERO_FOR_DIAGNOSTIC_ONLY_NOT_AUTHORITATIVE_NO_EVENT_PROOF,-1313000000.0,-6028000000.0,-0.029270793856031388,,LOCKED_NONPOSITIVE_SMALL_OR_INCOMPLETE_NORMALIZED_DENOMINATOR,False,ACQUIRED_NOPAT_NOT_REMOVED_NONCASH_CONSIDERATION_AND_BOOK_VALUE_DIFFERENCES_REMAIN_IN_CAPITAL_BRIDGE_RESIDUAL
COP,2021Q4,15120000000.0,2022-02-17,us-gaap:RevenueFromContractWithCustomerExcludingAssessedTax,D:\Programming\python_example\Arcana\data-lake\bronze\sec\companyfacts\CIK0001163165.json,DERIVED_Q4_FY_MINUS_Q1_Q2_Q3,,,,,,2627000000.0,2022-02-17,us-gaap:ProfitLoss,D:\Programming\python_example\Arcana\data-lake\bronze\sec\companyfacts\CIK0001163165.json,Q4_FY_MINUS_Q1_Q2_Q3,1709000000.0,2022-02-17,us-gaap:IncomeTaxExpenseBenefit,D:\Programming\python_example\Arcana\data-lake\bronze\sec\companyfacts\CIK0001163165.json,Q4_FY_MINUS_Q1_Q2_Q3,219000000.0,2022-02-17,us-gaap:InterestAndDebtExpense,D:\Programming\python_example\Arcana\data-lake\bronze\sec\companyfacts\CIK0001163165.json,Q4_FY_MINUS_Q1_Q2_Q3,5868000000.0,2022-02-17,us-gaap:NetCashProvidedByUsedInOperatingActivities,D:\Programming\python_example\Arcana\data-lake\bronze\sec\companyfacts\CIK0001163165.json,YTD_MINUS_PRIOR_YTD_CASH_FLOW,1557000000.0,2022-02-17,us-gaap:PaymentsToAcquireProductiveAssets,D:\Programming\python_example\Arcana\data-lake\bronze\sec\companyfacts\CIK0001163165.json,YTD_MINUS_PRIOR_YTD_CASH_FLOW,False,0.35,INFERRED_FROM_NET_INCOME_PLUS_TAX,4555000000.0,DERIVED_NET_INCOME_PLUS_TAX_PLUS_INTEREST,2960750000.0,4453350000.0,-1492600000.0,ep,PRODUCTION_PLUS_REALIZED_PRICE,V3.5.3_GROUPED_REVENUE_PLUS_CONDITIONAL_COST_REINVESTMENT,2022-02-17,207,True,5028000000.0,2022-02-17,us-gaap:CashAndCashEquivalentsAtCarryingValue,D:\Programming\python_example\Arcana\data-lake\bronze\sec\companyfacts\CIK0001163165.json,ORIGINAL_QUARTER_END_INSTANT_FACT,18734000000.0,2022-02-17,us-gaap:LongTermDebtAndCapitalLeaseObligations,D:\Programming\python_example\Arcana\data-lake\bronze\sec\companyfacts\CIK0001163165.json,ORIGINAL_QUARTER_END_INSTANT_FACT,45406000000.0,2022-02-17,us-gaap:StockholdersEquityIncludingPortionAttributableToNoncontrollingInterest,D:\Programming\python_example\Arcana\data-lake\bronze\sec\companyfacts\CIK0001163165.json,ORIGINAL_QUARTER_END_INSTANT_FACT,1200000000.0,19934000000.0,60312000000.0,2022-02-17,2022-02-17,us-gaap:DebtCurrent,D:\Programming\python_example\Arcana\data-lake\bronze\sec\companyfacts\CIK0001163165.json,ORIGINAL_QUARTER_END_INSTANT_FACT,True,45828000000.0,13596000000.0,8986556891.60086,16996000000.0,5324000000.0,12256056891.60086,-3269499999.999999,884000000.0,4633000000.0,18784000000.0,-1843860000.0,42227000000.0,51269500000.0,143.97359454855194,29.667452212621104,26.743599746008684,17.528075935206818,59.88618684877446,-36.38212097734321,True,2021,42227000000.0,60312000000.0,18085000000.0,10830416891.60086,8290000000.0,us-gaap:PaymentsToAcquireBusinessesNetOfCashAcquired,True,1653000000.0,us-gaap:ProceedsFromSaleOfProductiveAssets,True,ZERO_FOR_DIAGNOSTIC_ONLY_NOT_AUTHORITATIVE_NO_EVENT_PROOF,11448000000.0,6124000000.0,0.2711061643024605,94.60531875961618,DIAGNOSTIC_DENOMINATOR_ONLY_CASH_MNA_NORMALIZED,False,ACQUIRED_NOPAT_NOT_REMOVED_NONCASH_CONSIDERATION_AND_BOOK_VALUE_DIFFERENCES_REMAIN_IN_CAPITAL_BRIDGE_RESIDUAL
COP,2022Q4,13847000000.0,2023-02-16,us-gaap:RevenueFromContractWithCustomerExcludingAssessedTax,D:\Programming\python_example\Arcana\data-lake\bronze\sec\companyfacts\CIK0001163165.json,DERIVED_Q4_FY_MINUS_Q1_Q2_Q3,,,,,,3249000000.0,2023-02-16,us-gaap:NetIncomeLoss,D:\Programming\python_example\Arcana\data-lake\bronze\sec\companyfacts\CIK0001163165.json,Q4_FY_MINUS_Q1_Q2_Q3,1986000000.0,2023-02-16,us-gaap:IncomeTaxExpenseBenefit,D:\Programming\python_example\Arcana\data-lake\bronze\sec\companyfacts\CIK0001163165.json,Q4_FY_MINUS_Q1_Q2_Q3,178000000.0,2023-02-16,us-gaap:InterestAndDebtExpense,D:\Programming\python_example\Arcana\data-lake\bronze\sec\companyfacts\CIK0001163165.json,Q4_FY_MINUS_Q1_Q2_Q3,6592000000.0,2023-02-16,us-gaap:NetCashProvidedByUsedInOperatingActivities,D:\Programming\python_example\Arcana\data-lake\bronze\sec\companyfacts\CIK0001163165.json,YTD_MINUS_PRIOR_YTD_CASH_FLOW,2029545292.4907966,2022-11-03,CONDITIONAL:PIT_TRAILING_CAPEX_INTENSITY_DISTRIBUTION,D:\Programming\python_example\Arcana\data-lake\bronze\sec\companyfacts\CIK0001163165.json,PRIOR_ONLY_MEDIAN_12Q_CAPEX_TO_REVENUE,True,0.35,INFERRED_FROM_NET_INCOME_PLUS_TAX,5413000000.0,DERIVED_NET_INCOME_PLUS_TAX_PLUS_INTEREST,3518450000.0,4678154707.509203,-1159704707.509203,ep,PRODUCTION_PLUS_REALIZED_PRICE,V3.5.3_GROUPED_REVENUE_PLUS_CONDITIONAL_COST_REINVESTMENT,2023-02-16,211,True,6458000000.0,2023-02-16,us-gaap:CashAndCashEquivalentsAtCarryingValue,D:\Programming\python_example\Arcana\data-lake\bronze\sec\companyfacts\CIK0001163165.json,ORIGINAL_QUARTER_END_INSTANT_FACT,16226000000.0,2023-02-16,us-gaap:LongTermDebtAndCapitalLeaseObligations,D:\Programming\python_example\Arcana\data-lake\bronze\sec\companyfacts\CIK0001163165.json,ORIGINAL_QUARTER_END_INSTANT_FACT,48003000000.0,2023-02-16,us-gaap:StockholdersEquityIncludingPortionAttributableToNoncontrollingInterest,D:\Programming\python_example\Arcana\data-lake\bronze\sec\companyfacts\CIK0001163165.json,ORIGINAL_QUARTER_END_INSTANT_FACT,417000000.0,16643000000.0,58188000000.0,2023-02-16,2023-02-16,us-gaap:DebtCurrent,D:\Programming\python_example\Arcana\data-lake\bronze\sec\companyfacts\CIK0001163165.json,ORIGINAL_QUARTER_END_INSTANT_FACT,True,61049000000.0,29033000000.0,19687845464.96571,28314000000.0,5383545292.490797,23475550172.474907,-3787704707.509201,805000000.0,9548000000.0,45828000000.0,8986556891.60086,60312000000.0,59250000000.0,33.21331936807192,47.55688053858376,38.45361950642092,33.22843116449909,-503.82714563864636,-19.238797430878748,True,2022,60312000000.0,58188000000.0,-2124000000.0,10701288573.36485,60000000.0,us-gaap:PaymentsToAcquireBusinessesNetOfCashAcquired,True,3471000000.0,us-gaap:ProceedsFromSaleOfProductiveAssets,True,ZERO_FOR_DIAGNOSTIC_ONLY_NOT_AUTHORITATIVE_NO_EVENT_PROOF,1287000000.0,-4096545292.490799,0.021339037007560683,831.4909536414025,DIAGNOSTIC_DENOMINATOR_ONLY_CASH_MNA_NORMALIZED,False,ACQUIRED_NOPAT_NOT_REMOVED_NONCASH_CONSIDERATION_AND_BOOK_VALUE_DIFFERENCES_REMAIN_IN_CAPITAL_BRIDGE_RESIDUAL
COP,2023Q4,12944000000.0,2024-02-15,us-gaap:RevenueFromContractWithCustomerExcludingAssessedTax,D:\Programming\python_example\Arcana\data-lake\bronze\sec\companyfacts\CIK0001163165.json,DERIVED_Q4_FY_MINUS_Q1_Q2_Q3,,,,,,3007000000.0,2024-02-15,us-gaap:NetIncomeLoss,D:\Programming\python_example\Arcana\data-lake\bronze\sec\companyfacts\CIK0001163165.json,Q4_FY_MINUS_Q1_Q2_Q3,1257000000.0,2024-02-15,us-gaap:IncomeTaxExpenseBenefit,D:\Programming\python_example\Arcana\data-lake\bronze\sec\companyfacts\CIK0001163165.json,Q4_FY_MINUS_Q1_Q2_Q3,219000000.0,2024-02-15,us-gaap:InterestAndDebtExpense,D:\Programming\python_example\Arcana\data-lake\bronze\sec\companyfacts\CIK0001163165.json,Q4_FY_MINUS_Q1_Q2_Q3,5263000000.0,2024-02-15,us-gaap:NetCashProvidedByUsedInOperatingActivities,D:\Programming\python_example\Arcana\data-lake\bronze\sec\companyfacts\CIK0001163165.json,YTD_MINUS_PRIOR_YTD_CASH_FLOW,1410461904.7619047,2023-11-02,CONDITIONAL:PIT_TRAILING_CAPEX_INTENSITY_DISTRIBUTION,D:\Programming\python_example\Arcana\data-lake\bronze\sec\companyfacts\CIK0001163165.json,PRIOR_ONLY_MEDIAN_12Q_CAPEX_TO_REVENUE,True,0.2947936210131332,INFERRED_FROM_NET_INCOME_PLUS_TAX,4483000000.0,DERIVED_NET_INCOME_PLUS_TAX_PLUS_INTEREST,3161440196.9981236,4006978292.2362194,-845538095.2380958,ep,PRODUCTION_PLUS_REALIZED_PRICE,V3.5.3_GROUPED_REVENUE_PLUS_CONDITIONAL_COST_REINVESTMENT,2024-02-15,215,True,5635000000.0,2024-02-15,us-gaap:CashAndCashEquivalentsAtCarryingValue,D:\Programming\python_example\Arcana\data-lake\bronze\sec\companyfacts\CIK0001163165.json,ORIGINAL_QUARTER_END_INSTANT_FACT,17863000000.0,2024-02-15,us-gaap:LongTermDebtAndCapitalLeaseObligations,D:\Programming\python_example\Arcana\data-lake\bronze\sec\companyfacts\CIK0001163165.json,ORIGINAL_QUARTER_END_INSTANT_FACT,49279000000.0,2024-02-15,us-gaap:StockholdersEquity,D:\Programming\python_example\Arcana\data-lake\bronze\sec\companyfacts\CIK0001163165.json,ORIGINAL_QUARTER_END_INSTANT_FACT,1074000000.0,18937000000.0,62581000000.0,2024-02-15,2024-02-15,us-gaap:DebtCurrent,D:\Programming\python_example\Arcana\data-lake\bronze\sec\companyfacts\CIK0001163165.json,ORIGINAL_QUARTER_END_INSTANT_FACT,True,48522000000.0,17068000000.0,11530169774.630486,19965000000.0,2023461904.7619047,18469407869.868584,-6939238095.238096,780000000.0,5331000000.0,61049000000.0,19687845464.96571,58188000000.0,60384500000.0,-20.51958263034611,35.17579654589671,38.06398720141087,19.09458515783104,-185.697147515029,-60.18331239585309,True,2023,58188000000.0,62581000000.0,4393000000.0,-8157675690.335224,2724000000.0,us-gaap:PaymentsToAcquireBusinessesNetOfCashAcquired,True,632000000.0,us-gaap:ProceedsFromSaleOfProductiveAssets,True,ZERO_FOR_DIAGNOSTIC_ONLY_NOT_AUTHORITATIVE_NO_EVENT_PROOF,2301000000.0,277538095.23809814,0.039544235924932974,-354.52740940179154,DIAGNOSTIC_DENOMINATOR_ONLY_CASH_MNA_NORMALIZED,False,ACQUIRED_NOPAT_NOT_REMOVED_NONCASH_CONSIDERATION_AND_BOOK_VALUE_DIFFERENCES_REMAIN_IN_CAPITAL_BRIDGE_RESIDUAL
COP,2024Q4,12748000000.0,2025-02-18,us-gaap:RevenueFromContractWithCustomerExcludingAssessedTax,D:\Programming\python_example\Arcana\data-lake\bronze\sec\companyfacts\CIK0001163165.json,DERIVED_Q4_FY_MINUS_Q1_Q2_Q3,,,,,,2306000000.0,2025-02-18,us-gaap:NetIncomeLoss,D:\Programming\python_example\Arcana\data-lake\bronze\sec\companyfacts\CIK0001163165.json,Q4_FY_MINUS_Q1_Q2_Q3,664000000.0,2025-02-18,us-gaap:IncomeTaxExpenseBenefit,D:\Programming\python_example\Arcana\data-lake\bronze\sec\companyfacts\CIK0001163165.json,Q4_FY_MINUS_Q1_Q2_Q3,191000000.0,2025-02-18,us-gaap:InterestAndDebtExpense,D:\Programming\python_example\Arcana\data-lake\bronze\sec\companyfacts\CIK0001163165.json,Q4_FY_MINUS_Q1_Q2_Q3,4457000000.0,2025-02-18,us-gaap:NetCashProvidedByUsedInOperatingActivities,D:\Programming\python_example\Arcana\data-lake\bronze\sec\companyfacts\CIK0001163165.json,YTD_MINUS_PRIOR_YTD_CASH_FLOW,298589237.2921058,2024-10-31,CONDITIONAL:PIT_TRAILING_CAPEX_INTENSITY_DISTRIBUTION,D:\Programming\python_example\Arcana\data-lake\bronze\sec\companyfacts\CIK0001163165.json,PRIOR_ONLY_MEDIAN_12Q_CAPEX_TO_REVENUE,True,0.22356902356902356,INFERRED_FROM_NET_INCOME_PLUS_TAX,3161000000.0,DERIVED_NET_INCOME_PLUS_TAX_PLUS_INTEREST,2454298316.498317,4306709079.206211,-1852410762.7078943,ep,PRODUCTION_PLUS_REALIZED_PRICE,V3.5.3_GROUPED_REVENUE_PLUS_CONDITIONAL_COST_REINVESTMENT,2025-02-18,219,True,5607000000.0,2025-02-18,us-gaap:CashAndCashEquivalentsAtCarryingValue,D:\Programming\python_example\Arcana\data-lake\bronze\sec\companyfacts\CIK0001163165.json,ORIGINAL_QUARTER_END_INSTANT_FACT,23289000000.0,2025-02-18,us-gaap:LongTermDebtAndCapitalLeaseObligations,D:\Programming\python_example\Arcana\data-lake\bronze\sec\companyfacts\CIK0001163165.json,ORIGINAL_QUARTER_END_INSTANT_FACT,64796000000.0,2025-02-18,us-gaap:StockholdersEquity,D:\Programming\python_example\Arcana\data-lake\bronze\sec\companyfacts\CIK0001163165.json,ORIGINAL_QUARTER_END_INSTANT_FACT,1035000000.0,24324000000.0,83513000000.0,2025-02-18,2025-02-18,us-gaap:DebtCurrent,D:\Programming\python_example\Arcana\data-lake\bronze\sec\companyfacts\CIK0001163165.json,ORIGINAL_QUARTER_END_INSTANT_FACT,True,49418000000.0,14455000000.0,9875278936.246216,20124000000.0,515589237.2921058,20145589698.95411,-10270310762.707893,783000000.0,4427000000.0,48522000000.0,11530169774.630486,62581000000.0,73047000000.0,1.84658505420221,29.25047553523008,40.76569205340991,13.519075302539758,-7.906033051711589,-104.00020930053684,True,2024,62581000000.0,83513000000.0,20932000000.0,-1654890838.3842697,24000000.0,us-gaap:PaymentsToAcquireBusinessesNetOfCashAcquired,True,261000000.0,us-gaap:ProceedsFromSaleOfProductiveAssets,True,ZERO_FOR_DIAGNOSTIC_ONLY_NOT_AUTHORITATIVE_NO_EVENT_PROOF,21169000000.0,20653410762.707893,0.33826560777232706,-7.817520139752798,DIAGNOSTIC_DENOMINATOR_ONLY_CASH_MNA_NORMALIZED,False,ACQUIRED_NOPAT_NOT_REMOVED_NONCASH_CONSIDERATION_AND_BOOK_VALUE_DIFFERENCES_REMAIN_IN_CAPITAL_BRIDGE_RESIDUAL
COP,2025Q4,11387000000.0,2026-02-17,us-gaap:RevenueFromContractWithCustomerExcludingAssessedTax,D:\Programming\python_example\Arcana\data-lake\bronze\sec\companyfacts\CIK0001163165.json,DERIVED_Q4_FY_MINUS_Q1_Q2_Q3,,,,,,1442000000.0,2026-02-17,us-gaap:NetIncomeLoss,D:\Programming\python_example\Arcana\data-lake\bronze\sec\companyfacts\CIK0001163165.json,Q4_FY_MINUS_Q1_Q2_Q3,803000000.0,2026-02-17,us-gaap:IncomeTaxExpenseBenefit,D:\Programming\python_example\Arcana\data-lake\bronze\sec\companyfacts\CIK0001163165.json,Q4_FY_MINUS_Q1_Q2_Q3,195000000.0,2026-02-17,us-gaap:InterestAndDebtExpense,D:\Programming\python_example\Arcana\data-lake\bronze\sec\companyfacts\CIK0001163165.json,Q4_FY_MINUS_Q1_Q2_Q3,4318000000.0,2026-02-17,us-gaap:NetCashProvidedByUsedInOperatingActivities,D:\Programming\python_example\Arcana\data-lake\bronze\sec\companyfacts\CIK0001163165.json,YTD_MINUS_PRIOR_YTD_CASH_FLOW,266711299.42306313,2024-10-31,CONDITIONAL:PIT_TRAILING_CAPEX_INTENSITY_DISTRIBUTION,D:\Programming\python_example\Arcana\data-lake\bronze\sec\companyfacts\CIK0001163165.json,PRIOR_ONLY_MEDIAN_12Q_CAPEX_TO_REVENUE,True,0.35,INFERRED_FROM_NET_INCOME_PLUS_TAX,2440000000.0,DERIVED_NET_INCOME_PLUS_TAX_PLUS_INTEREST,1586000000.0,4178038700.5769367,-2592038700.5769367,ep,PRODUCTION_PLUS_REALIZED_PRICE,V3.5.3_GROUPED_REVENUE_PLUS_CONDITIONAL_COST_REINVESTMENT,2026-02-17,223,True,6497000000.0,2026-02-17,us-gaap:CashAndCashEquivalentsAtCarryingValue,D:\Programming\python_example\Arcana\data-lake\bronze\sec\companyfacts\CIK0001163165.json,ORIGINAL_QUARTER_END_INSTANT_FACT,22424000000.0,2026-02-17,us-gaap:LongTermDebtAndCapitalLeaseObligations,D:\Programming\python_example\Arcana\data-lake\bronze\sec\companyfacts\CIK0001163165.json,ORIGINAL_QUARTER_END_INSTANT_FACT,64487000000.0,2026-02-17,us-gaap:StockholdersEquity,D:\Programming\python_example\Arcana\data-lake\bronze\sec\companyfacts\CIK0001163165.json,ORIGINAL_QUARTER_END_INSTANT_FACT,1020000000.0,23444000000.0,81434000000.0,2026-02-17,2026-02-17,us-gaap:DebtCurrent,D:\Programming\python_example\Arcana\data-lake\bronze\sec\companyfacts\CIK0001163165.json,ORIGINAL_QUARTER_END_INSTANT_FACT,True,51824000000.0,13511000000.0,8792865130.92476,19796000000.0,1213844417.4322317,19138670713.49253,-10345805582.567768,855000000.0,4668000000.0,49418000000.0,9875278936.246216,83513000000.0,82473500000.0,4.86867133433162,26.070932386539052,36.93013027456879,10.661442925212052,52.06415610011808,-117.66137008267386,True,2025,83513000000.0,81434000000.0,-2079000000.0,-1082413805.321455,0.0,us-gaap:PaymentsToAcquireBusinessesNetOfCashAcquired,True,3248000000.0,us-gaap:ProceedsFromSaleOfProductiveAssets,True,ZERO_FOR_DIAGNOSTIC_ONLY_NOT_AUTHORITATIVE_NO_EVENT_PROOF,1169000000.0,-44844417.43223572,0.013997820698573875,,LOCKED_NONPOSITIVE_SMALL_OR_INCOMPLETE_NORMALIZED_DENOMINATOR,False,ACQUIRED_NOPAT_NOT_REMOVED_NONCASH_CONSIDERATION_AND_BOOK_VALUE_DIFFERENCES_REMAIN_IN_CAPITAL_BRIDGE_RESIDUAL
DVN,2018Q4,,,,,,,,,,,1149000000.0,2019-02-20,us-gaap:ProfitLoss,D:\Programming\python_example\Arcana\data-lake\bronze\sec\companyfacts\CIK0001090012.json,Q4_FY_MINUS_Q1_Q2_Q3,329000000.0,2019-02-20,us-gaap:IncomeTaxExpenseBenefit,D:\Programming\python_example\Arcana\data-lake\bronze\sec\companyfacts\CIK0001090012.json,Q4_FY_MINUS_Q1_Q2_Q3,41000000.0,2019-02-20,us-gaap:InterestAndDebtExpense,D:\Programming\python_example\Arcana\data-lake\bronze\sec\companyfacts\CIK0001090012.json,Q4_FY_MINUS_Q1_Q2_Q3,,,,,,600000000.0,2019-02-20,us-gaap:PaymentsToAcquireProductiveAssets,D:\Programming\python_example\Arcana\data-lake\bronze\sec\companyfacts\CIK0001090012.json,YTD_MINUS_PRIOR_YTD_CASH_FLOW,False,0.22259810554803788,INFERRED_FROM_NET_INCOME_PLUS_TAX,1519000000.0,DERIVED_NET_INCOME_PLUS_TAX_PLUS_INTEREST,1180873477.6725304,,,ep,PRODUCTION_PLUS_REALIZED_PRICE,V3.5.3_GROUPED_REVENUE_PLUS_CONDITIONAL_COST_REINVESTMENT,2019-02-20,195,False,2414000000.0,2019-02-20,us-gaap:CashAndCashEquivalentsAtCarryingValue,D:\Programming\python_example\Arcana\data-lake\bronze\sec\companyfacts\CIK0001090012.json,ORIGINAL_QUARTER_END_INSTANT_FACT,5785000000.0,2019-02-20,us-gaap:LongTermDebtNoncurrent,D:\Programming\python_example\Arcana\data-lake\bronze\sec\companyfacts\CIK0001090012.json,ORIGINAL_QUARTER_END_INSTANT_FACT,9186000000.0,2019-02-20,us-gaap:StockholdersEquityIncludingPortionAttributableToNoncontrollingInterest,D:\Programming\python_example\Arcana\data-lake\bronze\sec\companyfacts\CIK0001090012.json,ORIGINAL_QUARTER_END_INSTANT_FACT,162000000.0,5947000000.0,12719000000.0,2019-02-20,2019-02-20,us-gaap:DebtCurrent,D:\Programming\python_example\Arcana\data-lake\bronze\sec\companyfacts\CIK0001090012.json,ORIGINAL_QUARTER_END_INSTANT_FACT,False,,4015000000.0,3152713477.67253,,2451000000.0,,,635000000.0,156000000.0,,1278691483.7840323,21837000000.0,17278000000.0,,,,18.24698158162131,-20.552994010621823,,False,2018,21837000000.0,12719000000.0,-9118000000.0,1874021993.8884978,0.0,,False,1013000000.0,us-gaap:ProceedsFromSaleOfPropertyPlantAndEquipment,True,ZERO_FOR_DIAGNOSTIC_ONLY_NOT_AUTHORITATIVE_NO_EVENT_PROOF,-8105000000.0,-10556000000.0,-0.37115904199294775,,LOCKED_NONPOSITIVE_SMALL_OR_INCOMPLETE_NORMALIZED_DENOMINATOR,False,ACQUIRED_NOPAT_NOT_REMOVED_NONCASH_CONSIDERATION_AND_BOOK_VALUE_DIFFERENCES_REMAIN_IN_CAPITAL_BRIDGE_RESIDUAL
DVN,2019Q4,644000000.0,2020-02-19,us-gaap:RevenueFromContractWithCustomerExcludingAssessedTax,D:\Programming\python_example\Arcana\data-lake\bronze\sec\companyfacts\CIK0001090012.json,DERIVED_Q4_FY_MINUS_Q1_Q2_Q3,,,,,,-640000000.0,2020-02-19,us-gaap:ProfitLoss,D:\Programming\python_example\Arcana\data-lake\bronze\sec\companyfacts\CIK0001090012.json,Q4_FY_MINUS_Q1_Q2_Q3,-46000000.0,2020-02-19,us-gaap:IncomeTaxExpenseBenefit,D:\Programming\python_example\Arcana\data-lake\bronze\sec\companyfacts\CIK0001090012.json,Q4_FY_MINUS_Q1_Q2_Q3,52000000.0,2020-02-19,us-gaap:InterestExpenseDebt,D:\Programming\python_example\Arcana\data-lake\bronze\sec\companyfacts\CIK0001090012.json,Q4_FY_MINUS_Q1_Q2_Q3,,,,,,378000000.0,2020-02-19,us-gaap:PaymentsToAcquireProductiveAssets,D:\Programming\python_example\Arcana\data-lake\bronze\sec\companyfacts\CIK0001090012.json,YTD_MINUS_PRIOR_YTD_CASH_FLOW,False,0.21,US_STATUTORY_21PCT_FALLBACK,-634000000.0,DERIVED_NET_INCOME_PLUS_TAX_PLUS_INTEREST,-500860000.0,,,ep,PRODUCTION_PLUS_REALIZED_PRICE,V3.5.3_GROUPED_REVENUE_PLUS_CONDITIONAL_COST_REINVESTMENT,2020-02-19,199,False,1464000000.0,2020-02-19,us-gaap:CashAndCashEquivalentsAtCarryingValue,D:\Programming\python_example\Arcana\data-lake\bronze\sec\companyfacts\CIK0001090012.json,ORIGINAL_QUARTER_END_INSTANT_FACT,4294000000.0,2020-02-19,us-gaap:LongTermDebtNoncurrent,D:\Programming\python_example\Arcana\data-lake\bronze\sec\companyfacts\CIK0001090012.json,ORIGINAL_QUARTER_END_INSTANT_FACT,5920000000.0,2020-02-19,us-gaap:StockholdersEquityIncludingPortionAttributableToNoncontrollingInterest,D:\Programming\python_example\Arcana\data-lake\bronze\sec\companyfacts\CIK0001090012.json,ORIGINAL_QUARTER_END_INSTANT_FACT,0.0,4294000000.0,8750000000.0,2020-02-19,,,,,False,2865000000.0,-115000000.0,-66202490.73515475,,1910000000.0,,,268000000.0,-30000000.0,,3152713477.67253,12719000000.0,10734500000.0,,-4.013961605584642,,-0.6167263564689063,81.10143533403085,,False,2019,12719000000.0,8750000000.0,-3969000000.0,-3218915968.407685,0.0,,False,390000000.0,us-gaap:ProceedsFromSaleOfPropertyPlantAndEquipment,True,ZERO_FOR_DIAGNOSTIC_ONLY_NOT_AUTHORITATIVE_NO_EVENT_PROOF,-3579000000.0,-5489000000.0,-0.2813900463872946,,LOCKED_NONPOSITIVE_SMALL_OR_INCOMPLETE_NORMALIZED_DENOMINATOR,False,ACQUIRED_NOPAT_NOT_REMOVED_NONCASH_CONSIDERATION_AND_BOOK_VALUE_DIFFERENCES_REMAIN_IN_CAPITAL_BRIDGE_RESIDUAL
DVN,2020Q4,2204000000.0,2021-02-17,us-gaap:RevenueFromContractWithCustomerExcludingAssessedTax,D:\Programming\python_example\Arcana\data-lake\bronze\sec\companyfacts\CIK0001090012.json,DERIVED_Q4_FY_MINUS_Q1_Q2_Q3,,,,,,-98000000.0,2021-02-17,us-gaap:ProfitLoss,D:\Programming\python_example\Arcana\data-lake\bronze\sec\companyfacts\CIK0001090012.json,Q4_FY_MINUS_Q1_Q2_Q3,-37000000.0,2021-02-17,us-gaap:IncomeTaxExpenseBenefit,D:\Programming\python_example\Arcana\data-lake\bronze\sec\companyfacts\CIK0001090012.json,Q4_FY_MINUS_Q1_Q2_Q3,64000000.0,2021-02-17,us-gaap:InterestExpenseDebt,D:\Programming\python_example\Arcana\data-lake\bronze\sec\companyfacts\CIK0001090012.json,Q4_FY_MINUS_Q1_Q2_Q3,,,,,,1352591780.8219178,2020-08-05,CONDITIONAL:PIT_TRAILING_CAPEX_INTENSITY_DISTRIBUTION,D:\Programming\python_example\Arcana\data-lake\bronze\sec\companyfacts\CIK0001090012.json,PRIOR_ONLY_MEDIAN_7Q_CAPEX_TO_REVENUE,True,0.21,US_STATUTORY_21PCT_FALLBACK,-71000000.0,DERIVED_NET_INCOME_PLUS_TAX_PLUS_INTEREST,-56090000.0,,,ep,PRODUCTION_PLUS_REALIZED_PRICE,V3.5.3_GROUPED_REVENUE_PLUS_CONDITIONAL_COST_REINVESTMENT,2021-02-17,203,False,2047000000.0,2021-02-17,us-gaap:CashAndCashEquivalentsAtCarryingValue,D:\Programming\python_example\Arcana\data-lake\bronze\sec\companyfacts\CIK0001090012.json,ORIGINAL_QUARTER_END_INSTANT_FACT,4298000000.0,2021-02-17,us-gaap:LongTermDebtNoncurrent,D:\Programming\python_example\Arcana\data-lake\bronze\sec\companyfacts\CIK0001090012.json,ORIGINAL_QUARTER_END_INSTANT_FACT,3019000000.0,2021-02-17,us-gaap:StockholdersEquityIncludingPortionAttributableToNoncontrollingInterest,D:\Programming\python_example\Arcana\data-lake\bronze\sec\companyfacts\CIK0001090012.json,ORIGINAL_QUARTER_END_INSTANT_FACT,0.0,4298000000.0,5270000000.0,2021-02-17,,,,,False,4673000000.0,-2959000000.0,-2337610000.0,,2792800000.0,,,259000000.0,-547000000.0,2865000000.0,-66202490.73515475,8750000000.0,7010000000.0,63.106457242582906,-63.32120693344746,,-33.346790299572035,65.2703307260013,,False,2020,8750000000.0,5270000000.0,-3480000000.0,-2271407509.2648454,0.0,,False,34000000.0,us-gaap:ProceedsFromSaleOfPropertyPlantAndEquipment,True,ZERO_FOR_DIAGNOSTIC_ONLY_NOT_AUTHORITATIVE_NO_EVENT_PROOF,-3446000000.0,-6238800000.0,-0.3938285714285714,,LOCKED_NONPOSITIVE_SMALL_OR_INCOMPLETE_NORMALIZED_DENOMINATOR,False,ACQUIRED_NOPAT_NOT_REMOVED_NONCASH_CONSIDERATION_AND_BOOK_VALUE_DIFFERENCES_REMAIN_IN_CAPITAL_BRIDGE_RESIDUAL
DVN,2021Q4,4539000000.0,2022-02-16,us-gaap:RevenueFromContractWithCustomerExcludingAssessedTax,D:\Programming\python_example\Arcana\data-lake\bronze\sec\companyfacts\CIK0001090012.json,DERIVED_Q4_FY_MINUS_Q1_Q2_Q3,,,,,,1512000000.0,2022-02-16,us-gaap:ProfitLoss,D:\Programming\python_example\Arcana\data-lake\bronze\sec\companyfacts\CIK0001090012.json,Q4_FY_MINUS_Q1_Q2_Q3,150000000.0,2022-02-16,us-gaap:IncomeTaxExpenseBenefit,D:\Programming\python_example\Arcana\data-lake\bronze\sec\companyfacts\CIK0001090012.json,Q4_FY_MINUS_Q1_Q2_Q3,92000000.0,2022-02-16,us-gaap:InterestExpenseDebt,D:\Programming\python_example\Arcana\data-lake\bronze\sec\companyfacts\CIK0001090012.json,Q4_FY_MINUS_Q1_Q2_Q3,,,,,,2785578082.191781,2020-08-05,CONDITIONAL:PIT_TRAILING_CAPEX_INTENSITY_DISTRIBUTION,D:\Programming\python_example\Arcana\data-lake\bronze\sec\companyfacts\CIK0001090012.json,PRIOR_ONLY_MEDIAN_7Q_CAPEX_TO_REVENUE,True,0.09025270758122744,INFERRED_FROM_NET_INCOME_PLUS_TAX,1754000000.0,DERIVED_NET_INCOME_PLUS_TAX_PLUS_INTEREST,1595696750.902527,,,ep,PRODUCTION_PLUS_REALIZED_PRICE,V3.5.3_GROUPED_REVENUE_PLUS_CONDITIONAL_COST_REINVESTMENT,2022-02-16,207,False,2099000000.0,2022-02-16,us-gaap:CashAndCashEquivalentsAtCarryingValue,D:\Programming\python_example\Arcana\data-lake\bronze\sec\companyfacts\CIK0001090012.json,ORIGINAL_QUARTER_END_INSTANT_FACT,6482000000.0,2022-02-16,us-gaap:LongTermDebtNoncurrent,D:\Programming\python_example\Arcana\data-lake\bronze\sec\companyfacts\CIK0001090012.json,ORIGINAL_QUARTER_END_INSTANT_FACT,9399000000.0,2022-02-16,us-gaap:StockholdersEquityIncludingPortionAttributableToNoncontrollingInterest,D:\Programming\python_example\Arcana\data-lake\bronze\sec\companyfacts\CIK0001090012.json,ORIGINAL_QUARTER_END_INSTANT_FACT,0.0,6482000000.0,13782000000.0,2022-02-16,,,,,False,13750000000.0,3286000000.0,2923928145.3117867,,8438356164.383562,,,388000000.0,65000000.0,4673000000.0,-2337610000.0,5270000000.0,9526000000.0,194.24352664241388,23.89818181818182,,30.694185863025265,61.8131830981178,,False,2021,5270000000.0,13782000000.0,8512000000.0,5261538145.311787,0.0,,False,79000000.0,us-gaap:ProceedsFromSaleOfPropertyPlantAndEquipment,True,ZERO_FOR_DIAGNOSTIC_ONLY_NOT_AUTHORITATIVE_NO_EVENT_PROOF,8591000000.0,152643835.6164379,1.6301707779886148,61.24476947167719,DIAGNOSTIC_DENOMINATOR_ONLY_CASH_MNA_NORMALIZED,False,ACQUIRED_NOPAT_NOT_REMOVED_NONCASH_CONSIDERATION_AND_BOOK_VALUE_DIFFERENCES_REMAIN_IN_CAPITAL_BRIDGE_RESIDUAL
DVN,2022Q4,4352000000.0,2023-02-15,us-gaap:RevenueFromContractWithCustomerExcludingAssessedTax,D:\Programming\python_example\Arcana\data-lake\bronze\sec\companyfacts\CIK0001090012.json,DERIVED_Q4_FY_MINUS_Q1_Q2_Q3,,,,,,1204000000.0,2023-02-15,us-gaap:ProfitLoss,D:\Programming\python_example\Arcana\data-lake\bronze\sec\companyfacts\CIK0001090012.json,Q4_FY_MINUS_Q1_Q2_Q3,349000000.0,2023-02-15,us-gaap:IncomeTaxExpenseBenefit,D:\Programming\python_example\Arcana\data-lake\bronze\sec\companyfacts\CIK0001090012.json,Q4_FY_MINUS_Q1_Q2_Q3,93000000.0,2023-02-15,us-gaap:InterestExpenseDebt,D:\Programming\python_example\Arcana\data-lake\bronze\sec\companyfacts\CIK0001090012.json,Q4_FY_MINUS_Q1_Q2_Q3,,,,,,804000000.0,2023-02-15,us-gaap:PaymentsToAcquireProductiveAssets,D:\Programming\python_example\Arcana\data-lake\bronze\sec\companyfacts\CIK0001090012.json,YTD_MINUS_PRIOR_YTD_CASH_FLOW,False,0.2247263361236317,INFERRED_FROM_NET_INCOME_PLUS_TAX,1646000000.0,DERIVED_NET_INCOME_PLUS_TAX_PLUS_INTEREST,1276100450.7405024,,,ep,PRODUCTION_PLUS_REALIZED_PRICE,V3.5.3_GROUPED_REVENUE_PLUS_CONDITIONAL_COST_REINVESTMENT,2023-02-15,211,False,1314000000.0,2023-02-15,us-gaap:CashAndCashEquivalentsAtCarryingValue,D:\Programming\python_example\Arcana\data-lake\bronze\sec\companyfacts\CIK0001090012.json,ORIGINAL_QUARTER_END_INSTANT_FACT,6189000000.0,2023-02-15,us-gaap:LongTermDebtNoncurrent,D:\Programming\python_example\Arcana\data-lake\bronze\sec\companyfacts\CIK0001090012.json,ORIGINAL_QUARTER_END_INSTANT_FACT,11296000000.0,2023-02-15,us-gaap:StockholdersEquityIncludingPortionAttributableToNoncontrollingInterest,D:\Programming\python_example\Arcana\data-lake\bronze\sec\companyfacts\CIK0001090012.json,ORIGINAL_QUARTER_END_INSTANT_FACT,251000000.0,6440000000.0,16422000000.0,2023-02-15,2023-02-15,us-gaap:LongTermDebtCurrent,D:\Programming\python_example\Arcana\data-lake\bronze\sec\companyfacts\CIK0001090012.json,ORIGINAL_QUARTER_END_INSTANT_FACT,False,19827000000.0,8145000000.0,6324786963.4836855,,2542000000.0,,,370000000.0,1738000000.0,13750000000.0,2923928145.3117867,13782000000.0,15102000000.0,44.196363636363635,41.08034498411257,,41.88045929998467,128.8204097792386,,False,2022,13782000000.0,16422000000.0,2640000000.0,3400858818.171899,0.0,,False,39000000.0,us-gaap:ProceedsFromSaleOfPropertyPlantAndEquipment,True,ZERO_FOR_DIAGNOSTIC_ONLY_NOT_AUTHORITATIVE_NO_EVENT_PROOF,2679000000.0,137000000.0,0.19438397910317806,126.94508466487117,DIAGNOSTIC_DENOMINATOR_ONLY_CASH_MNA_NORMALIZED,False,ACQUIRED_NOPAT_NOT_REMOVED_NONCASH_CONSIDERATION_AND_BOOK_VALUE_DIFFERENCES_REMAIN_IN_CAPITAL_BRIDGE_RESIDUAL
DVN,2023Q4,3821000000.0,2024-02-28,us-gaap:RevenueFromContractWithCustomerExcludingAssessedTax,D:\Programming\python_example\Arcana\data-lake\bronze\sec\companyfacts\CIK0001090012.json,DERIVED_Q4_FY_MINUS_Q1_Q2_Q3,,,,,,1161000000.0,2024-02-28,us-gaap:ProfitLoss,D:\Programming\python_example\Arcana\data-lake\bronze\sec\companyfacts\CIK0001090012.json,Q4_FY_MINUS_Q1_Q2_Q3,269000000.0,2024-02-28,us-gaap:IncomeTaxExpenseBenefit,D:\Programming\python_example\Arcana\data-lake\bronze\sec\companyfacts\CIK0001090012.json,Q4_FY_MINUS_Q1_Q2_Q3,87000000.0,2024-02-28,us-gaap:InterestExpenseDebt,D:\Programming\python_example\Arcana\data-lake\bronze\sec\companyfacts\CIK0001090012.json,Q4_FY_MINUS_Q1_Q2_Q3,1737000000.0,2024-02-28,us-gaap:NetCashProvidedByUsedInOperatingActivities,D:\Programming\python_example\Arcana\data-lake\bronze\sec\companyfacts\CIK0001090012.json,YTD_MINUS_PRIOR_YTD_CASH_FLOW,910000000.0,2024-02-28,us-gaap:PaymentsToAcquireProductiveAssets,D:\Programming\python_example\Arcana\data-lake\bronze\sec\companyfacts\CIK0001090012.json,YTD_MINUS_PRIOR_YTD_CASH_FLOW,False,0.18811188811188811,INFERRED_FROM_NET_INCOME_PLUS_TAX,1517000000.0,DERIVED_NET_INCOME_PLUS_TAX_PLUS_INTEREST,1231634265.7342656,897634265.7342658,333999999.99999976,ep,PRODUCTION_PLUS_REALIZED_PRICE,V3.5.3_GROUPED_REVENUE_PLUS_CONDITIONAL_COST_REINVESTMENT,2024-02-28,215,True,853000000.0,2024-02-28,us-gaap:CashAndCashEquivalentsAtCarryingValue,D:\Programming\python_example\Arcana\data-lake\bronze\sec\companyfacts\CIK0001090012.json,ORIGINAL_QUARTER_END_INSTANT_FACT,5672000000.0,2024-02-28,us-gaap:LongTermDebtNoncurrent,D:\Programming\python_example\Arcana\data-lake\bronze\sec\companyfacts\CIK0001090012.json,ORIGINAL_QUARTER_END_INSTANT_FACT,12217000000.0,2024-02-28,us-gaap:StockholdersEquityIncludingPortionAttributableToNoncontrollingInterest,D:\Programming\python_example\Arcana\data-lake\bronze\sec\companyfacts\CIK0001090012.json,ORIGINAL_QUARTER_END_INSTANT_FACT,483000000.0,6155000000.0,17519000000.0,2024-02-28,2024-02-28,us-gaap:LongTermDebtCurrent,D:\Programming\python_example\Arcana\data-lake\bronze\sec\companyfacts\CIK0001090012.json,ORIGINAL_QUARTER_END_INSTANT_FACT,True,15140000000.0,4992000000.0,4083358373.0405436,6544000000.0,3883000000.0,2962358373.0405436,1120999999.9999995,369000000.0,841000000.0,19827000000.0,6324786963.4836855,16422000000.0,16970500000.0,-23.639481515105665,32.972258916776745,19.56643575324005,24.061508930441317,-204.32348135306674,27.452892878595968,True,2023,16422000000.0,17519000000.0,1097000000.0,-2241428590.443142,0.0,,False,26000000.0,us-gaap:ProceedsFromSaleOfPropertyPlantAndEquipment,True,ZERO_FOR_DIAGNOSTIC_ONLY_NOT_AUTHORITATIVE_NO_EVENT_PROOF,1123000000.0,-2760000000.0,0.06838387528924614,-199.59292880170455,DIAGNOSTIC_DENOMINATOR_ONLY_CASH_MNA_NORMALIZED,False,ACQUIRED_NOPAT_NOT_REMOVED_NONCASH_CONSIDERATION_AND_BOOK_VALUE_DIFFERENCES_REMAIN_IN_CAPITAL_BRIDGE_RESIDUAL
DVN,2024Q4,4487000000.0,2025-02-19,us-gaap:RevenueFromContractWithCustomerExcludingAssessedTax,D:\Programming\python_example\Arcana\data-lake\bronze\sec\companyfacts\CIK0001090012.json,DERIVED_Q4_FY_MINUS_Q1_Q2_Q3,,,,,,653000000.0,2025-02-19,us-gaap:ProfitLoss,D:\Programming\python_example\Arcana\data-lake\bronze\sec\companyfacts\CIK0001090012.json,Q4_FY_MINUS_Q1_Q2_Q3,187000000.0,2025-02-19,us-gaap:IncomeTaxExpenseBenefit,D:\Programming\python_example\Arcana\data-lake\bronze\sec\companyfacts\CIK0001090012.json,Q4_FY_MINUS_Q1_Q2_Q3,128000000.0,2025-02-19,us-gaap:InterestExpenseDebt,D:\Programming\python_example\Arcana\data-lake\bronze\sec\companyfacts\CIK0001090012.json,Q4_FY_MINUS_Q1_Q2_Q3,1664000000.0,2025-02-19,us-gaap:NetCashProvidedByUsedInOperatingActivities,D:\Programming\python_example\Arcana\data-lake\bronze\sec\companyfacts\CIK0001090012.json,YTD_MINUS_PRIOR_YTD_CASH_FLOW,926000000.0,2025-02-19,us-gaap:PaymentsToAcquireProductiveAssets,D:\Programming\python_example\Arcana\data-lake\bronze\sec\companyfacts\CIK0001090012.json,YTD_MINUS_PRIOR_YTD_CASH_FLOW,False,0.2226190476190476,INFERRED_FROM_NET_INCOME_PLUS_TAX,968000000.0,DERIVED_NET_INCOME_PLUS_TAX_PLUS_INTEREST,752504761.9047619,837504761.9047618,-84999999.99999988,ep,PRODUCTION_PLUS_REALIZED_PRICE,V3.5.3_GROUPED_REVENUE_PLUS_CONDITIONAL_COST_REINVESTMENT,2025-02-19,219,True,811000000.0,2025-02-19,us-gaap:CashAndCashEquivalentsAtCarryingValue,D:\Programming\python_example\Arcana\data-lake\bronze\sec\companyfacts\CIK0001090012.json,ORIGINAL_QUARTER_END_INSTANT_FACT,8398000000.0,2025-02-19,us-gaap:LongTermDebtNoncurrent,D:\Programming\python_example\Arcana\data-lake\bronze\sec\companyfacts\CIK0001090012.json,ORIGINAL_QUARTER_END_INSTANT_FACT,14704000000.0,2025-02-19,us-gaap:StockholdersEquityIncludingPortionAttributableToNoncontrollingInterest,D:\Programming\python_example\Arcana\data-lake\bronze\sec\companyfacts\CIK0001090012.json,ORIGINAL_QUARTER_END_INSTANT_FACT,485000000.0,8883000000.0,22776000000.0,2025-02-19,2025-02-19,us-gaap:LongTermDebtCurrent,D:\Programming\python_example\Arcana\data-lake\bronze\sec\companyfacts\CIK0001090012.json,ORIGINAL_QUARTER_END_INSTANT_FACT,True,15919000000.0,4113000000.0,3258826039.1061788,6600000000.0,3645000000.0,3271826039.106179,-12999999.99999988,401000000.0,770000000.0,15140000000.0,4083358373.0405436,17519000000.0,20147500000.0,5.145310435931316,25.837050065958916,20.552962115121424,16.17484074503625,-15.68446516900066,-0.3989166602941924,True,2024,17519000000.0,22776000000.0,5257000000.0,-824532333.9343648,0.0,,False,24000000.0,us-gaap:ProceedsFromSaleOfPropertyPlantAndEquipment,True,ZERO_FOR_DIAGNOSTIC_ONLY_NOT_AUTHORITATIVE_NO_EVENT_PROOF,5281000000.0,1636000000.0,0.3014441463553856,-15.613185645414973,DIAGNOSTIC_DENOMINATOR_ONLY_CASH_MNA_NORMALIZED,False,ACQUIRED_NOPAT_NOT_REMOVED_NONCASH_CONSIDERATION_AND_BOOK_VALUE_DIFFERENCES_REMAIN_IN_CAPITAL_BRIDGE_RESIDUAL
DVN,2025Q4,3937000000.0,2026-02-18,us-gaap:RevenueFromContractWithCustomerExcludingAssessedTax,D:\Programming\python_example\Arcana\data-lake\bronze\sec\companyfacts\CIK0001090012.json,DERIVED_Q4_FY_MINUS_Q1_Q2_Q3,,,,,,562000000.0,2026-02-18,us-gaap:ProfitLoss,D:\Programming\python_example\Arcana\data-lake\bronze\sec\companyfacts\CIK0001090012.json,Q4_FY_MINUS_Q1_Q2_Q3,185000000.0,2026-02-18,us-gaap:IncomeTaxExpenseBenefit,D:\Programming\python_example\Arcana\data-lake\bronze\sec\companyfacts\CIK0001090012.json,Q4_FY_MINUS_Q1_Q2_Q3,119000000.0,2026-02-18,us-gaap:InterestExpenseDebt,D:\Programming\python_example\Arcana\data-lake\bronze\sec\companyfacts\CIK0001090012.json,Q4_FY_MINUS_Q1_Q2_Q3,1534000000.0,2026-02-18,us-gaap:NetCashProvidedByUsedInOperatingActivities,D:\Programming\python_example\Arcana\data-lake\bronze\sec\companyfacts\CIK0001090012.json,YTD_MINUS_PRIOR_YTD_CASH_FLOW,832000000.0,2026-02-18,us-gaap:PaymentsToAcquireProductiveAssets,D:\Programming\python_example\Arcana\data-lake\bronze\sec\companyfacts\CIK0001090012.json,YTD_MINUS_PRIOR_YTD_CASH_FLOW,False,0.24765729585006693,INFERRED_FROM_NET_INCOME_PLUS_TAX,866000000.0,DERIVED_NET_INCOME_PLUS_TAX_PLUS_INTEREST,651528781.7938421,791528781.7938421,-140000000.0,ep,PRODUCTION_PLUS_REALIZED_PRICE,V3.5.3_GROUPED_REVENUE_PLUS_CONDITIONAL_COST_REINVESTMENT,2026-02-18,223,True,1384000000.0,2026-02-18,us-gaap:CashAndCashEquivalentsAtCarryingValue,D:\Programming\python_example\Arcana\data-lake\bronze\sec\companyfacts\CIK0001090012.json,ORIGINAL_QUARTER_END_INSTANT_FACT,7391000000.0,2026-02-18,us-gaap:LongTermDebtNoncurrent,D:\Programming\python_example\Arcana\data-lake\bronze\sec\companyfacts\CIK0001090012.json,ORIGINAL_QUARTER_END_INSTANT_FACT,15528000000.0,2026-02-18,us-gaap:StockholdersEquityIncludingPortionAttributableToNoncontrollingInterest,D:\Programming\python_example\Arcana\data-lake\bronze\sec\companyfacts\CIK0001090012.json,ORIGINAL_QUARTER_END_INSTANT_FACT,998000000.0,8389000000.0,22533000000.0,2026-02-18,2026-02-18,us-gaap:LongTermDebtCurrent,D:\Programming\python_example\Arcana\data-lake\bronze\sec\companyfacts\CIK0001090012.json,ORIGINAL_QUARTER_END_INSTANT_FACT,True,16786000000.0,3963000000.0,3065098277.737875,6711000000.0,3592000000.0,3503098277.737875,-437999999.9999999,497000000.0,785000000.0,15919000000.0,3258826039.1061788,22776000000.0,22654500000.0,5.446322005151072,23.60895984749196,20.86916643475441,13.529754696585117,79.72335858777933,-14.289917004659818,True,2025,22776000000.0,22533000000.0,-243000000.0,-193727761.36830378,0.0,,False,545000000.0,us-gaap:ProceedsFromSaleOfPropertyPlantAndEquipment,True,ZERO_FOR_DIAGNOSTIC_ONLY_NOT_AUTHORITATIVE_NO_EVENT_PROOF,302000000.0,-3290000000.0,0.01325957147874956,,LOCKED_NONPOSITIVE_SMALL_OR_INCOMPLETE_NORMALIZED_DENOMINATOR,False,ACQUIRED_NOPAT_NOT_REMOVED_NONCASH_CONSIDERATION_AND_BOOK_VALUE_DIFFERENCES_REMAIN_IN_CAPITAL_BRIDGE_RESIDUAL
EOG,2018Q4,4574536000.0,2019-02-26,us-gaap:Revenues,D:\Programming\python_example\Arcana\data-lake\bronze\sec\companyfacts\CIK0000821189.json,DERIVED_Q4_FY_MINUS_Q1_Q2_Q3,1123140000.0,2019-02-26,us-gaap:OperatingIncomeLoss,D:\Programming\python_example\Arcana\data-lake\bronze\sec\companyfacts\CIK0000821189.json,Q4_FY_MINUS_Q1_Q2_Q3,892768000.0,2019-02-26,us-gaap:NetIncomeLoss,D:\Programming\python_example\Arcana\data-lake\bronze\sec\companyfacts\CIK0000821189.json,Q4_FY_MINUS_Q1_Q2_Q3,195572000.0,2019-02-26,us-gaap:IncomeTaxExpenseBenefit,D:\Programming\python_example\Arcana\data-lake\bronze\sec\companyfacts\CIK0000821189.json,Q4_FY_MINUS_Q1_Q2_Q3,56020000.0,2019-02-26,us-gaap:InterestExpense,D:\Programming\python_example\Arcana\data-lake\bronze\sec\companyfacts\CIK0000821189.json,Q4_FY_MINUS_Q1_Q2_Q3,2085228000.0,2019-02-26,us-gaap:NetCashProvidedByUsedInOperatingActivities,D:\Programming\python_example\Arcana\data-lake\bronze\sec\companyfacts\CIK0000821189.json,YTD_MINUS_PRIOR_YTD_CASH_FLOW,1302159000.0,2019-02-26,us-gaap:PaymentsToAcquireOilAndGasPropertyAndEquipment;us-gaap:PaymentsToAcquireOtherPropertyPlantAndEquipment,D:\Programming\python_example\Arcana\data-lake\bronze\sec\companyfacts\CIK0000821189.json,YTD_MINUS_PRIOR_YTD_CASH_FLOW,False,0.17969752099527722,INFERRED_FROM_NET_INCOME_PLUS_TAX,1123140000.0,DIRECT_GAAP_OPERATING_INCOME,921314526.2693644,829022344.8738446,92292181.39551973,ep,PRODUCTION_PLUS_REALIZED_PRICE,V3.5.3_GROUPED_REVENUE_PLUS_CONDITIONAL_COST_REINVESTMENT,2019-02-26,195,True,1555634000.0,2019-02-26,us-gaap:CashAndCashEquivalentsAtCarryingValue,D:\Programming\python_example\Arcana\data-lake\bronze\sec\companyfacts\CIK0000821189.json,ORIGINAL_QUARTER_END_INSTANT_FACT,5170169000.0,2019-02-26,us-gaap:LongTermDebtNoncurrent,D:\Programming\python_example\Arcana\data-lake\bronze\sec\companyfacts\CIK0000821189.json,ORIGINAL_QUARTER_END_INSTANT_FACT,19364188000.0,2019-02-26,us-gaap:StockholdersEquityIncludingPortionAttributableToNoncontrollingInterest,D:\Programming\python_example\Arcana\data-lake\bronze\sec\companyfacts\CIK0000821189.json,ORIGINAL_QUARTER_END_INSTANT_FACT,913093000.0,6083262000.0,23891816000.0,2019-02-26,2019-02-26,us-gaap:LongTermDebtCurrent,D:\Programming\python_example\Arcana\data-lake\bronze\sec\companyfacts\CIK0000821189.json,ORIGINAL_QUARTER_END_INSTANT_FACT,True,17275399000.0,4469346000.0,3601505986.751628,7768608000.0,6076475000.0,1888628349.9836564,1712877636.7679718,245052000.0,821958000.0,11208320000.0,685095194.2664107,21836116000.0,22863966000.0,54.13013725518185,25.87115932893938,10.93247310805184,15.751886557002525,141.86947475240635,47.560038580219015,True,2018,21836116000.0,23891816000.0,2055700000.0,2916410792.485217,0.0,us-gaap:PaymentsToAcquireBusinessesNetOfCashAcquired,True,227446000.0,us-gaap:ProceedsFromSaleOfOilAndGasPropertyAndEquipment,True,ZERO_FOR_DIAGNOSTIC_ONLY_NOT_AUTHORITATIVE_NO_EVENT_PROOF,2283146000.0,-3793329000.0,0.10455824653065592,127.73650009614879,DIAGNOSTIC_DENOMINATOR_ONLY_CASH_MNA_NORMALIZED,False,ACQUIRED_NOPAT_NOT_REMOVED_NONCASH_CONSIDERATION_AND_BOOK_VALUE_DIFFERENCES_REMAIN_IN_CAPITAL_BRIDGE_RESIDUAL
EOG,2019Q4,4320246000.0,2020-02-27,us-gaap:Revenues,D:\Programming\python_example\Arcana\data-lake\bronze\sec\companyfacts\CIK0000821189.json,DERIVED_Q4_FY_MINUS_Q1_Q2_Q3,863751000.0,2020-02-27,us-gaap:OperatingIncomeLoss,D:\Programming\python_example\Arcana\data-lake\bronze\sec\companyfacts\CIK0000821189.json,Q4_FY_MINUS_Q1_Q2_Q3,636521000.0,2020-02-27,us-gaap:NetIncomeLoss,D:\Programming\python_example\Arcana\data-lake\bronze\sec\companyfacts\CIK0000821189.json,Q4_FY_MINUS_Q1_Q2_Q3,194687000.0,2020-02-27,us-gaap:IncomeTaxExpenseBenefit,D:\Programming\python_example\Arcana\data-lake\bronze\sec\companyfacts\CIK0000821189.json,Q4_FY_MINUS_Q1_Q2_Q3,40695000.0,2020-02-27,us-gaap:InterestExpense,D:\Programming\python_example\Arcana\data-lake\bronze\sec\companyfacts\CIK0000821189.json,Q4_FY_MINUS_Q1_Q2_Q3,1807204000.0,2020-02-27,us-gaap:NetCashProvidedByUsedInOperatingActivities,D:\Programming\python_example\Arcana\data-lake\bronze\sec\companyfacts\CIK0000821189.json,YTD_MINUS_PRIOR_YTD_CASH_FLOW,1368294000.0,2020-02-27,us-gaap:PaymentsToAcquireOilAndGasPropertyAndEquipment;us-gaap:PaymentsToAcquireOtherPropertyPlantAndEquipment,D:\Programming\python_example\Arcana\data-lake\bronze\sec\companyfacts\CIK0000821189.json,YTD_MINUS_PRIOR_YTD_CASH_FLOW,False,0.2342217591745989,INFERRED_FROM_NET_INCOME_PLUS_TAX,863751000.0,DIRECT_GAAP_OPERATING_INCOME,661441721.2911811,470073345.5103898,191368375.78079128,ep,PRODUCTION_PLUS_REALIZED_PRICE,V3.5.3_GROUPED_REVENUE_PLUS_CONDITIONAL_COST_REINVESTMENT,2020-02-27,199,True,2027972000.0,2020-02-27,us-gaap:CashAndCashEquivalentsAtCarryingValue,D:\Programming\python_example\Arcana\data-lake\bronze\sec\companyfacts\CIK0000821189.json,ORIGINAL_QUARTER_END_INSTANT_FACT,4160919000.0,2020-02-27,us-gaap:LongTermDebtNoncurrent,D:\Programming\python_example\Arcana\data-lake\bronze\sec\companyfacts\CIK0000821189.json,ORIGINAL_QUARTER_END_INSTANT_FACT,21640716000.0,2020-02-27,us-gaap:StockholdersEquityIncludingPortionAttributableToNoncontrollingInterest,D:\Programming\python_example\Arcana\data-lake\bronze\sec\companyfacts\CIK0000821189.json,ORIGINAL_QUARTER_END_INSTANT_FACT,1014524000.0,5175443000.0,24788187000.0,2020-02-27,2020-02-27,us-gaap:LongTermDebtCurrent,D:\Programming\python_example\Arcana\data-lake\bronze\sec\companyfacts\CIK0000821189.json,ORIGINAL_QUARTER_END_INSTANT_FACT,True,17379973000.0,3699011000.0,2853447881.109494,8163180000.0,6422526000.0,1883396255.7976549,970051625.3118393,185129000.0,810357000.0,17275399000.0,3601505986.751628,23891816000.0,24340001500.0,0.60533478850473,21.283180359371098,10.83658907754146,11.723285559820095,-83.45407265988455,33.99577163241048,True,2019,23891816000.0,24788187000.0,896371000.0,-748058105.6421337,0.0,,False,140292000.0,us-gaap:ProceedsFromSaleOfOilAndGasPropertyAndEquipment,True,ZERO_FOR_DIAGNOSTIC_ONLY_NOT_AUTHORITATIVE_NO_EVENT_PROOF,1036663000.0,-5385863000.0,0.04338987877690001,-72.160201110885,DIAGNOSTIC_DENOMINATOR_ONLY_CASH_MNA_NORMALIZED,False,ACQUIRED_NOPAT_NOT_REMOVED_NONCASH_CONSIDERATION_AND_BOOK_VALUE_DIFFERENCES_REMAIN_IN_CAPITAL_BRIDGE_RESIDUAL
EOG,2020Q4,2965498000.0,2021-02-25,us-gaap:Revenues,D:\Programming\python_example\Arcana\data-lake\bronze\sec\companyfacts\CIK0000821189.json,DERIVED_Q4_FY_MINUS_Q1_Q2_Q3,487662000.0,2021-02-25,us-gaap:OperatingIncomeLoss,D:\Programming\python_example\Arcana\data-lake\bronze\sec\companyfacts\CIK0000821189.json,Q4_FY_MINUS_Q1_Q2_Q3,337466000.0,2021-02-25,us-gaap:NetIncomeLoss,D:\Programming\python_example\Arcana\data-lake\bronze\sec\companyfacts\CIK0000821189.json,Q4_FY_MINUS_Q1_Q2_Q3,90294000.0,2021-02-25,us-gaap:IncomeTaxExpenseBenefit,D:\Programming\python_example\Arcana\data-lake\bronze\sec\companyfacts\CIK0000821189.json,Q4_FY_MINUS_Q1_Q2_Q3,53121000.0,2021-02-25,us-gaap:InterestExpense,D:\Programming\python_example\Arcana\data-lake\bronze\sec\companyfacts\CIK0000821189.json,Q4_FY_MINUS_Q1_Q2_Q3,1121238000.0,2021-02-25,us-gaap:NetCashProvidedByUsedInOperatingActivities,D:\Programming\python_example\Arcana\data-lake\bronze\sec\companyfacts\CIK0000821189.json,YTD_MINUS_PRIOR_YTD_CASH_FLOW,841162000.0,2021-02-25,us-gaap:PaymentsToAcquireOilAndGasPropertyAndEquipment;us-gaap:PaymentsToAcquireOtherPropertyPlantAndEquipment,D:\Programming\python_example\Arcana\data-lake\bronze\sec\companyfacts\CIK0000821189.json,YTD_MINUS_PRIOR_YTD_CASH_FLOW,False,0.21108565550776137,INFERRED_FROM_NET_INCOME_PLUS_TAX,487662000.0,DIRECT_GAAP_OPERATING_INCOME,384723547.06377405,321983918.8937721,62739628.170001924,ep,PRODUCTION_PLUS_REALIZED_PRICE,V3.5.3_GROUPED_REVENUE_PLUS_CONDITIONAL_COST_REINVESTMENT,2021-02-25,203,True,3328928000.0,2021-02-25,us-gaap:CashAndCashEquivalentsAtCarryingValue,D:\Programming\python_example\Arcana\data-lake\bronze\sec\companyfacts\CIK0000821189.json,ORIGINAL_QUARTER_END_INSTANT_FACT,5035351000.0,2021-02-25,us-gaap:LongTermDebtNoncurrent,D:\Programming\python_example\Arcana\data-lake\bronze\sec\companyfacts\CIK0000821189.json,ORIGINAL_QUARTER_END_INSTANT_FACT,20301887000.0,2021-02-25,us-gaap:StockholdersEquityIncludingPortionAttributableToNoncontrollingInterest,D:\Programming\python_example\Arcana\data-lake\bronze\sec\companyfacts\CIK0000821189.json,ORIGINAL_QUARTER_END_INSTANT_FACT,781054000.0,5816405000.0,22789364000.0,2021-02-25,2021-02-25,us-gaap:LongTermDebtCurrent,D:\Programming\python_example\Arcana\data-lake\bronze\sec\companyfacts\CIK0000821189.json,ORIGINAL_QUARTER_END_INSTANT_FACT,True,11032048000.0,-544016000.0,-438363972.93622595,5007783000.0,3464700000.0,1698928868.8937721,-2137292841.8299983,205266000.0,-134482000.0,17379973000.0,2853447881.109494,24788187000.0,23788775500.0,-36.52436629216857,-4.931233076578347,15.399940871303064,-1.8427344986135412,164.68751130268765,487.56124448688115,True,2020,24788187000.0,22789364000.0,-1998823000.0,-3291811854.04572,0.0,,False,191928000.0,us-gaap:ProceedsFromSaleOfOilAndGasPropertyAndEquipment,True,ZERO_FOR_DIAGNOSTIC_ONLY_NOT_AUTHORITATIVE_NO_EVENT_PROOF,-1806895000.0,-5271595000.0,-0.07289339071066392,,LOCKED_NONPOSITIVE_SMALL_OR_INCOMPLETE_NORMALIZED_DENOMINATOR,False,ACQUIRED_NOPAT_NOT_REMOVED_NONCASH_CONSIDERATION_AND_BOOK_VALUE_DIFFERENCES_REMAIN_IN_CAPITAL_BRIDGE_RESIDUAL
EOG,2021Q4,6044000000.0,2022-02-24,us-gaap:Revenues,D:\Programming\python_example\Arcana\data-lake\bronze\sec\companyfacts\CIK0000821189.json,DERIVED_Q4_FY_MINUS_Q1_Q2_Q3,2528000000.0,2022-02-24,us-gaap:OperatingIncomeLoss,D:\Programming\python_example\Arcana\data-lake\bronze\sec\companyfacts\CIK0000821189.json,Q4_FY_MINUS_Q1_Q2_Q3,1985000000.0,2022-02-24,us-gaap:NetIncomeLoss,D:\Programming\python_example\Arcana\data-lake\bronze\sec\companyfacts\CIK0000821189.json,Q4_FY_MINUS_Q1_Q2_Q3,514000000.0,2022-02-24,us-gaap:IncomeTaxExpenseBenefit,D:\Programming\python_example\Arcana\data-lake\bronze\sec\companyfacts\CIK0000821189.json,Q4_FY_MINUS_Q1_Q2_Q3,38000000.0,2022-02-24,us-gaap:InterestExpense,D:\Programming\python_example\Arcana\data-lake\bronze\sec\companyfacts\CIK0000821189.json,Q4_FY_MINUS_Q1_Q2_Q3,3166000000.0,2022-02-24,us-gaap:NetCashProvidedByUsedInOperatingActivities,D:\Programming\python_example\Arcana\data-lake\bronze\sec\companyfacts\CIK0000821189.json,YTD_MINUS_PRIOR_YTD_CASH_FLOW,1014000000.0,2022-02-24,us-gaap:PaymentsToAcquireOilAndGasPropertyAndEquipment;us-gaap:PaymentsToAcquireOtherPropertyPlantAndEquipment,D:\Programming\python_example\Arcana\data-lake\bronze\sec\companyfacts\CIK0000821189.json,YTD_MINUS_PRIOR_YTD_CASH_FLOW,False,0.20568227290916366,INFERRED_FROM_NET_INCOME_PLUS_TAX,2528000000.0,DIRECT_GAAP_OPERATING_INCOME,2008035214.0856342,2182184073.6294518,-174148859.54381752,ep,PRODUCTION_PLUS_REALIZED_PRICE,V3.5.3_GROUPED_REVENUE_PLUS_CONDITIONAL_COST_REINVESTMENT,2022-02-24,207,True,5209000000.0,2022-02-24,us-gaap:CashAndCashEquivalentsAtCarryingValue,D:\Programming\python_example\Arcana\data-lake\bronze\sec\companyfacts\CIK0000821189.json,ORIGINAL_QUARTER_END_INSTANT_FACT,5072000000.0,2022-02-24,us-gaap:LongTermDebtNoncurrent,D:\Programming\python_example\Arcana\data-lake\bronze\sec\companyfacts\CIK0000821189.json,ORIGINAL_QUARTER_END_INSTANT_FACT,22180000000.0,2022-02-24,us-gaap:StockholdersEquityIncludingPortionAttributableToNoncontrollingInterest,D:\Programming\python_example\Arcana\data-lake\bronze\sec\companyfacts\CIK0000821189.json,ORIGINAL_QUARTER_END_INSTANT_FACT,37000000.0,5109000000.0,22080000000.0,2022-02-24,2022-02-24,us-gaap:LongTermDebtCurrent,D:\Programming\python_example\Arcana\data-lake\bronze\sec\companyfacts\CIK0000821189.json,ORIGINAL_QUARTER_END_INSTANT_FACT,True,18642000000.0,6102000000.0,4796335408.060771,8791000000.0,3850000000.0,5080394229.519129,-284058821.45835793,178000000.0,1269000000.0,11032048000.0,-438363972.93622595,22789364000.0,22434682000.0,68.9804105275829,32.7325394271001,27.252409771049933,21.379110290311985,-737.9426332597928,-5.9224136198016035,True,2021,22789364000.0,22080000000.0,-709364000.0,5234699380.996997,0.0,,False,231000000.0,us-gaap:ProceedsFromSaleOfOilAndGasPropertyAndEquipment,True,ZERO_FOR_DIAGNOSTIC_ONLY_NOT_AUTHORITATIVE_NO_EVENT_PROOF,-478364000.0,-4328364000.0,-0.020990669156015062,,LOCKED_NONPOSITIVE_SMALL_OR_INCOMPLETE_NORMALIZED_DENOMINATOR,False,ACQUIRED_NOPAT_NOT_REMOVED_NONCASH_CONSIDERATION_AND_BOOK_VALUE_DIFFERENCES_REMAIN_IN_CAPITAL_BRIDGE_RESIDUAL
EOG,2022Q4,6719000000.0,2023-02-23,us-gaap:Revenues,D:\Programming\python_example\Arcana\data-lake\bronze\sec\companyfacts\CIK0000821189.json,DERIVED_Q4_FY_MINUS_Q1_Q2_Q3,2853000000.0,2023-02-23,us-gaap:OperatingIncomeLoss,D:\Programming\python_example\Arcana\data-lake\bronze\sec\companyfacts\CIK0000821189.json,Q4_FY_MINUS_Q1_Q2_Q3,2277000000.0,2023-02-23,us-gaap:NetIncomeLoss,D:\Programming\python_example\Arcana\data-lake\bronze\sec\companyfacts\CIK0000821189.json,Q4_FY_MINUS_Q1_Q2_Q3,582000000.0,2023-02-23,us-gaap:IncomeTaxExpenseBenefit,D:\Programming\python_example\Arcana\data-lake\bronze\sec\companyfacts\CIK0000821189.json,Q4_FY_MINUS_Q1_Q2_Q3,42000000.0,2023-02-23,us-gaap:InterestExpense,D:\Programming\python_example\Arcana\data-lake\bronze\sec\companyfacts\CIK0000821189.json,Q4_FY_MINUS_Q1_Q2_Q3,3444000000.0,2023-02-23,us-gaap:NetCashProvidedByUsedInOperatingActivities,D:\Programming\python_example\Arcana\data-lake\bronze\sec\companyfacts\CIK0000821189.json,YTD_MINUS_PRIOR_YTD_CASH_FLOW,1362000000.0,2023-02-23,us-gaap:PaymentsToAcquireOilAndGasPropertyAndEquipment;us-gaap:PaymentsToAcquireOtherPropertyPlantAndEquipment,D:\Programming\python_example\Arcana\data-lake\bronze\sec\companyfacts\CIK0000821189.json,YTD_MINUS_PRIOR_YTD_CASH_FLOW,False,0.20356768100734524,INFERRED_FROM_NET_INCOME_PLUS_TAX,2853000000.0,DIRECT_GAAP_OPERATING_INCOME,2272221406.086044,2115450157.3976917,156771248.6883521,ep,PRODUCTION_PLUS_REALIZED_PRICE,V3.5.3_GROUPED_REVENUE_PLUS_CONDITIONAL_COST_REINVESTMENT,2023-02-23,211,True,5972000000.0,2023-02-23,us-gaap:CashAndCashEquivalentsAtCarryingValue,D:\Programming\python_example\Arcana\data-lake\bronze\sec\companyfacts\CIK0000821189.json,ORIGINAL_QUARTER_END_INSTANT_FACT,3795000000.0,2023-02-23,us-gaap:LongTermDebtNoncurrent,D:\Programming\python_example\Arcana\data-lake\bronze\sec\companyfacts\CIK0000821189.json,ORIGINAL_QUARTER_END_INSTANT_FACT,24779000000.0,2023-02-23,us-gaap:StockholdersEquity,D:\Programming\python_example\Arcana\data-lake\bronze\sec\companyfacts\CIK0000821189.json,ORIGINAL_QUARTER_END_INSTANT_FACT,1283000000.0,5078000000.0,23885000000.0,2023-02-23,2023-02-23,us-gaap:LongTermDebtCurrent,D:\Programming\python_example\Arcana\data-lake\bronze\sec\companyfacts\CIK0000821189.json,ORIGINAL_QUARTER_END_INSTANT_FACT,True,25702000000.0,9966000000.0,7809758678.489567,11093000000.0,5000000000.0,6233335122.51618,1576423555.973387,179000000.0,2142000000.0,18642000000.0,4796335408.060771,22080000000.0,22982500000.0,37.871473017916536,38.77519259201618,24.252334925360593,33.981327873336525,166.94865764148454,20.185304320802295,True,2022,22080000000.0,23885000000.0,1805000000.0,3013423270.428796,0.0,,False,349000000.0,us-gaap:ProceedsFromSaleOfOilAndGasPropertyAndEquipment,True,ZERO_FOR_DIAGNOSTIC_ONLY_NOT_AUTHORITATIVE_NO_EVENT_PROOF,2154000000.0,-2846000000.0,0.09755434782608696,139.8989447738531,DIAGNOSTIC_DENOMINATOR_ONLY_CASH_MNA_NORMALIZED,False,ACQUIRED_NOPAT_NOT_REMOVED_NONCASH_CONSIDERATION_AND_BOOK_VALUE_DIFFERENCES_REMAIN_IN_CAPITAL_BRIDGE_RESIDUAL
EOG,2023Q4,6357000000.0,2024-02-22,us-gaap:Revenues,D:\Programming\python_example\Arcana\data-lake\bronze\sec\companyfacts\CIK0000821189.json,DERIVED_Q4_FY_MINUS_Q1_Q2_Q3,2504000000.0,2024-02-22,us-gaap:OperatingIncomeLoss,D:\Programming\python_example\Arcana\data-lake\bronze\sec\companyfacts\CIK0000821189.json,Q4_FY_MINUS_Q1_Q2_Q3,1988000000.0,2024-02-22,us-gaap:NetIncomeLoss,D:\Programming\python_example\Arcana\data-lake\bronze\sec\companyfacts\CIK0000821189.json,Q4_FY_MINUS_Q1_Q2_Q3,547000000.0,2024-02-22,us-gaap:IncomeTaxExpenseBenefit,D:\Programming\python_example\Arcana\data-lake\bronze\sec\companyfacts\CIK0000821189.json,Q4_FY_MINUS_Q1_Q2_Q3,35000000.0,2024-02-22,us-gaap:InterestExpense,D:\Programming\python_example\Arcana\data-lake\bronze\sec\companyfacts\CIK0000821189.json,Q4_FY_MINUS_Q1_Q2_Q3,3104000000.0,2024-02-22,us-gaap:NetCashProvidedByUsedInOperatingActivities,D:\Programming\python_example\Arcana\data-lake\bronze\sec\companyfacts\CIK0000821189.json,YTD_MINUS_PRIOR_YTD_CASH_FLOW,1522000000.0,2024-02-22,us-gaap:PaymentsToAcquireOilAndGasPropertyAndEquipment;us-gaap:PaymentsToAcquireOtherPropertyPlantAndEquipment,D:\Programming\python_example\Arcana\data-lake\bronze\sec\companyfacts\CIK0000821189.json,YTD_MINUS_PRIOR_YTD_CASH_FLOW,False,0.21577909270216963,INFERRED_FROM_NET_INCOME_PLUS_TAX,2504000000.0,DIRECT_GAAP_OPERATING_INCOME,1963689151.8737671,1609447731.755424,354241420.1183431,ep,PRODUCTION_PLUS_REALIZED_PRICE,V3.5.3_GROUPED_REVENUE_PLUS_CONDITIONAL_COST_REINVESTMENT,2024-02-22,215,True,5278000000.0,2024-02-22,us-gaap:CashAndCashEquivalentsAtCarryingValue,D:\Programming\python_example\Arcana\data-lake\bronze\sec\companyfacts\CIK0000821189.json,ORIGINAL_QUARTER_END_INSTANT_FACT,3765000000.0,2024-02-22,us-gaap:LongTermDebtNoncurrent,D:\Programming\python_example\Arcana\data-lake\bronze\sec\companyfacts\CIK0000821189.json,ORIGINAL_QUARTER_END_INSTANT_FACT,28090000000.0,2024-02-22,us-gaap:StockholdersEquity,D:\Programming\python_example\Arcana\data-lake\bronze\sec\companyfacts\CIK0000821189.json,ORIGINAL_QUARTER_END_INSTANT_FACT,34000000.0,3799000000.0,26611000000.0,2024-02-22,2024-02-22,us-gaap:LongTermDebtCurrent,D:\Programming\python_example\Arcana\data-lake\bronze\sec\companyfacts\CIK0000821189.json,ORIGINAL_QUARTER_END_INSTANT_FACT,True,24186000000.0,9603000000.0,7526623923.51154,11340000000.0,6185000000.0,5270961654.701694,2255662268.8098474,148000000.0,2095000000.0,25702000000.0,7809758678.489567,23885000000.0,25248000000.0,-5.898373667418877,39.704787893822875,21.793441059710965,29.810772827596406,-10.386454694718502,29.969110875377307,True,2023,23885000000.0,26611000000.0,2726000000.0,-283134754.9780264,0.0,,False,140000000.0,us-gaap:ProceedsFromSaleOfOilAndGasPropertyAndEquipment,True,ZERO_FOR_DIAGNOSTIC_ONLY_NOT_AUTHORITATIVE_NO_EVENT_PROOF,2866000000.0,-3319000000.0,0.11999162654385598,-9.879091241382637,DIAGNOSTIC_DENOMINATOR_ONLY_CASH_MNA_NORMALIZED,False,ACQUIRED_NOPAT_NOT_REMOVED_NONCASH_CONSIDERATION_AND_BOOK_VALUE_DIFFERENCES_REMAIN_IN_CAPITAL_BRIDGE_RESIDUAL
EOG,2024Q4,5585000000.0,2025-02-27,us-gaap:Revenues,D:\Programming\python_example\Arcana\data-lake\bronze\sec\companyfacts\CIK0000821189.json,DERIVED_Q4_FY_MINUS_Q1_Q2_Q3,1592000000.0,2025-02-27,us-gaap:OperatingIncomeLoss,D:\Programming\python_example\Arcana\data-lake\bronze\sec\companyfacts\CIK0000821189.json,Q4_FY_MINUS_Q1_Q2_Q3,1251000000.0,2025-02-27,us-gaap:NetIncomeLoss,D:\Programming\python_example\Arcana\data-lake\bronze\sec\companyfacts\CIK0000821189.json,Q4_FY_MINUS_Q1_Q2_Q3,373000000.0,2025-02-27,us-gaap:IncomeTaxExpenseBenefit,D:\Programming\python_example\Arcana\data-lake\bronze\sec\companyfacts\CIK0000821189.json,Q4_FY_MINUS_Q1_Q2_Q3,,,,,,2763000000.0,2025-02-27,us-gaap:NetCashProvidedByUsedInOperatingActivities,D:\Programming\python_example\Arcana\data-lake\bronze\sec\companyfacts\CIK0000821189.json,YTD_MINUS_PRIOR_YTD_CASH_FLOW,1365000000.0,2025-02-27,us-gaap:PaymentsToAcquireOilAndGasPropertyAndEquipment;us-gaap:PaymentsToAcquireOtherPropertyPlantAndEquipment,D:\Programming\python_example\Arcana\data-lake\bronze\sec\companyfacts\CIK0000821189.json,YTD_MINUS_PRIOR_YTD_CASH_FLOW,False,0.22967980295566504,INFERRED_FROM_NET_INCOME_PLUS_TAX,1592000000.0,DIRECT_GAAP_OPERATING_INCOME,1226349753.6945813,,,ep,PRODUCTION_PLUS_REALIZED_PRICE,V3.5.3_GROUPED_REVENUE_PLUS_CONDITIONAL_COST_REINVESTMENT,2025-02-27,219,False,7092000000.0,2025-02-27,us-gaap:CashAndCashEquivalentsAtCarryingValue,D:\Programming\python_example\Arcana\data-lake\bronze\sec\companyfacts\CIK0000821189.json,ORIGINAL_QUARTER_END_INSTANT_FACT,4220000000.0,2025-02-27,us-gaap:LongTermDebtNoncurrent,D:\Programming\python_example\Arcana\data-lake\bronze\sec\companyfacts\CIK0000821189.json,ORIGINAL_QUARTER_END_INSTANT_FACT,29351000000.0,2025-02-27,us-gaap:StockholdersEquity,D:\Programming\python_example\Arcana\data-lake\bronze\sec\companyfacts\CIK0000821189.json,ORIGINAL_QUARTER_END_INSTANT_FACT,532000000.0,4752000000.0,27011000000.0,2025-02-27,2025-02-27,us-gaap:LongTermDebtCurrent,D:\Programming\python_example\Arcana\data-lake\bronze\sec\companyfacts\CIK0000821189.json,ORIGINAL_QUARTER_END_INSTANT_FACT,False,23698000000.0,8082000000.0,6297041755.831594,12143000000.0,6372000000.0,,,,1815000000.0,24186000000.0,7526623923.51154,26611000000.0,26811000000.0,-2.0176961878772826,34.10414380960419,,23.48678436399834,-307.3955419199865,,False,2024,26611000000.0,27011000000.0,400000000.0,-1229582167.679946,0.0,,False,23000000.0,us-gaap:ProceedsFromSaleOfOilAndGasPropertyAndEquipment,True,ZERO_FOR_DIAGNOSTIC_ONLY_NOT_AUTHORITATIVE_NO_EVENT_PROOF,423000000.0,-5949000000.0,0.015895682236669047,,LOCKED_NONPOSITIVE_SMALL_OR_INCOMPLETE_NORMALIZED_DENOMINATOR,False,ACQUIRED_NOPAT_NOT_REMOVED_NONCASH_CONSIDERATION_AND_BOOK_VALUE_DIFFERENCES_REMAIN_IN_CAPITAL_BRIDGE_RESIDUAL
EOG,2025Q4,5638000000.0,2026-02-24,us-gaap:Revenues,D:\Programming\python_example\Arcana\data-lake\bronze\sec\companyfacts\CIK0000821189.json,DERIVED_Q4_FY_MINUS_Q1_Q2_Q3,943000000.0,2026-02-24,us-gaap:OperatingIncomeLoss,D:\Programming\python_example\Arcana\data-lake\bronze\sec\companyfacts\CIK0000821189.json,Q4_FY_MINUS_Q1_Q2_Q3,701000000.0,2026-02-24,us-gaap:NetIncomeLoss,D:\Programming\python_example\Arcana\data-lake\bronze\sec\companyfacts\CIK0000821189.json,Q4_FY_MINUS_Q1_Q2_Q3,209000000.0,2026-02-24,us-gaap:IncomeTaxExpenseBenefit,D:\Programming\python_example\Arcana\data-lake\bronze\sec\companyfacts\CIK0000821189.json,Q4_FY_MINUS_Q1_Q2_Q3,66000000.0,2026-02-24,us-gaap:InterestExpenseNonoperating,D:\Programming\python_example\Arcana\data-lake\bronze\sec\companyfacts\CIK0000821189.json,Q4_FY_MINUS_Q1_Q2_Q3,2612000000.0,2026-02-24,us-gaap:NetCashProvidedByUsedInOperatingActivities,D:\Programming\python_example\Arcana\data-lake\bronze\sec\companyfacts\CIK0000821189.json,YTD_MINUS_PRIOR_YTD_CASH_FLOW,1655000000.0,2026-02-24,us-gaap:PaymentsToAcquireOilAndGasPropertyAndEquipment;us-gaap:PaymentsToAcquireOtherPropertyPlantAndEquipment,D:\Programming\python_example\Arcana\data-lake\bronze\sec\companyfacts\CIK0000821189.json,YTD_MINUS_PRIOR_YTD_CASH_FLOW,False,0.22967032967032966,INFERRED_FROM_NET_INCOME_PLUS_TAX,943000000.0,DIRECT_GAAP_OPERATING_INCOME,726420879.1208792,1007841758.2417583,-281420879.1208792,ep,PRODUCTION_PLUS_REALIZED_PRICE,V3.5.3_GROUPED_REVENUE_PLUS_CONDITIONAL_COST_REINVESTMENT,2026-02-24,223,True,3396000000.0,2026-02-24,us-gaap:CashAndCashEquivalentsAtCarryingValue,D:\Programming\python_example\Arcana\data-lake\bronze\sec\companyfacts\CIK0000821189.json,ORIGINAL_QUARTER_END_INSTANT_FACT,7909000000.0,2026-02-24,us-gaap:LongTermDebtNoncurrent,D:\Programming\python_example\Arcana\data-lake\bronze\sec\companyfacts\CIK0000821189.json,ORIGINAL_QUARTER_END_INSTANT_FACT,29833000000.0,2026-02-24,us-gaap:StockholdersEquity,D:\Programming\python_example\Arcana\data-lake\bronze\sec\companyfacts\CIK0000821189.json,ORIGINAL_QUARTER_END_INSTANT_FACT,27000000.0,7936000000.0,34373000000.0,2026-02-24,2026-02-24,us-gaap:LongTermDebtCurrent,D:\Programming\python_example\Arcana\data-lake\bronze\sec\companyfacts\CIK0000821189.json,ORIGINAL_QUARTER_END_INSTANT_FACT,True,22632000000.0,6385000000.0,4997996145.8741255,10044000000.0,6594000000.0,3633909293.3439283,1364086852.5301967,235000000.0,1382000000.0,23698000000.0,6297041755.831594,27011000000.0,30692000000.0,-4.498269896193774,28.212265818310357,16.05650977970983,16.284361220755002,-17.645281308849075,27.29267515854846,True,2025,27011000000.0,34373000000.0,7362000000.0,-1299045609.957469,4451000000.0,us-gaap:PaymentsToAcquireBusinessesNetOfCashAcquired,True,24000000.0,us-gaap:ProceedsFromSaleOfOilAndGasPropertyAndEquipment,True,ZERO_FOR_DIAGNOSTIC_ONLY_NOT_AUTHORITATIVE_NO_EVENT_PROOF,2935000000.0,-3659000000.0,0.10865943504498167,-44.260497783900135,DIAGNOSTIC_DENOMINATOR_ONLY_CASH_MNA_NORMALIZED,False,ACQUIRED_NOPAT_NOT_REMOVED_NONCASH_CONSIDERATION_AND_BOOK_VALUE_DIFFERENCES_REMAIN_IN_CAPITAL_BRIDGE_RESIDUAL
EQT,2018Q4,910744000.0,2019-02-14,us-gaap:Revenues,D:\Programming\python_example\Arcana\data-lake\bronze\sec\companyfacts\CIK0000033213.json,DERIVED_Q4_FY_MINUS_Q1_Q2_Q3,-1231401000.0,2019-02-14,us-gaap:OperatingIncomeLoss,D:\Programming\python_example\Arcana\data-lake\bronze\sec\companyfacts\CIK0000033213.json,Q4_FY_MINUS_Q1_Q2_Q3,-761973000.0,2019-02-14,us-gaap:ProfitLoss,D:\Programming\python_example\Arcana\data-lake\bronze\sec\companyfacts\CIK0000033213.json,Q4_FY_MINUS_Q1_Q2_Q3,-193006000.0,2019-02-14,us-gaap:IncomeTaxExpenseBenefit,D:\Programming\python_example\Arcana\data-lake\bronze\sec\companyfacts\CIK0000033213.json,Q4_FY_MINUS_Q1_Q2_Q3,11101000.0,2019-02-14,us-gaap:InterestExpense,D:\Programming\python_example\Arcana\data-lake\bronze\sec\companyfacts\CIK0000033213.json,Q4_FY_MINUS_Q1_Q2_Q3,530866000.0,2019-02-14,us-gaap:NetCashProvidedByUsedInOperatingActivities,D:\Programming\python_example\Arcana\data-lake\bronze\sec\companyfacts\CIK0000033213.json,YTD_MINUS_PRIOR_YTD_CASH_FLOW,110254000.0,2019-02-14,us-gaap:PaymentsToAcquirePropertyPlantAndEquipment,D:\Programming\python_example\Arcana\data-lake\bronze\sec\companyfacts\CIK0000033213.json,YTD_MINUS_PRIOR_YTD_CASH_FLOW,False,0.21,US_STATUTORY_21PCT_FALLBACK,-1231401000.0,DIRECT_GAAP_OPERATING_INCOME,-972806790.0,429381790.0,-1402188580.0,ep,PRODUCTION_PLUS_REALIZED_PRICE,V3.5.3_GROUPED_REVENUE_PLUS_CONDITIONAL_COST_REINVESTMENT,2019-02-14,195,True,3487000.0,2019-02-14,us-gaap:CashAndCashEquivalentsAtCarryingValue,D:\Programming\python_example\Arcana\data-lake\bronze\sec\companyfacts\CIK0000033213.json,ORIGINAL_QUARTER_END_INSTANT_FACT,3992991000.0,2019-02-14,us-gaap:LongTermDebtNoncurrent,D:\Programming\python_example\Arcana\data-lake\bronze\sec\companyfacts\CIK0000033213.json,ORIGINAL_QUARTER_END_INSTANT_FACT,10958229000.0,2019-02-14,us-gaap:StockholdersEquityIncludingPortionAttributableToNoncontrollingInterest,D:\Programming\python_example\Arcana\data-lake\bronze\sec\companyfacts\CIK0000033213.json,ORIGINAL_QUARTER_END_INSTANT_FACT,704390000.0,4697381000.0,15652123000.0,2019-02-14,2019-02-14,us-gaap:LongTermDebtCurrent,D:\Programming\python_example\Arcana\data-lake\bronze\sec\companyfacts\CIK0000033213.json,ORIGINAL_QUARTER_END_INSTANT_FACT,True,4557868000.0,-2783124000.0,-2198667960.0,2976256000.0,2964924000.0,209748400.0,-2408416360.0,251160000.0,-696511000.0,,710020456.3659574,23837852000.0,19744987500.0,,-61.06197020185754,4.6018972028150005,-11.135322116562495,35.53365150942521,109.53979426707068,True,2018,23837852000.0,15652123000.0,-8185729000.0,-2908688416.3659573,0.0,us-gaap:PaymentsToAcquireBusinessesNetOfCashAcquired,True,583381000.0,us-gaap:ProceedsFromSaleOfProductiveAssets,True,ZERO_FOR_DIAGNOSTIC_ONLY_NOT_AUTHORITATIVE_NO_EVENT_PROOF,-7602348000.0,-10567272000.0,-0.31891917107296414,,LOCKED_NONPOSITIVE_SMALL_OR_INCOMPLETE_NORMALIZED_DENOMINATOR,False,ACQUIRED_NOPAT_NOT_REMOVED_NONCASH_CONSIDERATION_AND_BOOK_VALUE_DIFFERENCES_REMAIN_IN_CAPITAL_BRIDGE_RESIDUAL
EQT,2019Q4,1011483000.0,2020-02-27,us-gaap:Revenues,D:\Programming\python_example\Arcana\data-lake\bronze\sec\companyfacts\CIK0000033213.json,DERIVED_Q4_FY_MINUS_Q1_Q2_Q3,-1462067000.0,2020-02-27,us-gaap:OperatingIncomeLoss,D:\Programming\python_example\Arcana\data-lake\bronze\sec\companyfacts\CIK0000033213.json,Q4_FY_MINUS_Q1_Q2_Q3,-1176924000.0,2020-02-27,us-gaap:ProfitLoss,D:\Programming\python_example\Arcana\data-lake\bronze\sec\companyfacts\CIK0000033213.json,Q4_FY_MINUS_Q1_Q2_Q3,-366532000.0,2020-02-27,us-gaap:IncomeTaxExpenseBenefit,D:\Programming\python_example\Arcana\data-lake\bronze\sec\companyfacts\CIK0000033213.json,Q4_FY_MINUS_Q1_Q2_Q3,45066000.0,2020-02-27,us-gaap:InterestExpense,D:\Programming\python_example\Arcana\data-lake\bronze\sec\companyfacts\CIK0000033213.json,Q4_FY_MINUS_Q1_Q2_Q3,217850000.0,2020-02-27,us-gaap:NetCashProvidedByUsedInOperatingActivities,D:\Programming\python_example\Arcana\data-lake\bronze\sec\companyfacts\CIK0000033213.json,YTD_MINUS_PRIOR_YTD_CASH_FLOW,345121000.0,2020-02-27,us-gaap:PaymentsToAcquirePropertyPlantAndEquipment,D:\Programming\python_example\Arcana\data-lake\bronze\sec\companyfacts\CIK0000033213.json,YTD_MINUS_PRIOR_YTD_CASH_FLOW,False,0.21,US_STATUTORY_21PCT_FALLBACK,-1462067000.0,DIRECT_GAAP_OPERATING_INCOME,-1155032930.0,-91668860.0,-1063364070.0,ep,PRODUCTION_PLUS_REALIZED_PRICE,V3.5.3_GROUPED_REVENUE_PLUS_CONDITIONAL_COST_REINVESTMENT,2020-02-27,199,True,4596000.0,2020-02-27,us-gaap:CashAndCashEquivalentsAtCarryingValue,D:\Programming\python_example\Arcana\data-lake\bronze\sec\companyfacts\CIK0000033213.json,ORIGINAL_QUARTER_END_INSTANT_FACT,4982775000.0,2020-02-27,us-gaap:LongTermDebtNoncurrent,D:\Programming\python_example\Arcana\data-lake\bronze\sec\companyfacts\CIK0000033213.json,ORIGINAL_QUARTER_END_INSTANT_FACT,9803588000.0,2020-02-27,us-gaap:StockholdersEquityIncludingPortionAttributableToNoncontrollingInterest,D:\Programming\python_example\Arcana\data-lake\bronze\sec\companyfacts\CIK0000033213.json,ORIGINAL_QUARTER_END_INSTANT_FACT,16204000.0,4998979000.0,14797971000.0,2020-02-27,2020-02-27,us-gaap:LongTermDebtCurrent,D:\Programming\python_example\Arcana\data-lake\bronze\sec\companyfacts\CIK0000033213.json,ORIGINAL_QUARTER_END_INSTANT_FACT,True,4416484000.0,-1152110000.0,-910428504.4226203,1851704000.0,1602454000.0,408232771.5196351,-1318661275.9422555,199851000.0,-375776000.0,4557868000.0,-2198667960.0,15652123000.0,15225047000.0,-3.101976625913694,-26.086588335879853,9.243388440207982,-5.979807513386463,-150.82086743078278,144.8396298596264,True,2019,15652123000.0,14797971000.0,-854152000.0,1288239455.5773797,0.0,us-gaap:PaymentsToAcquireBusinessesNetOfCashAcquired,True,0.0,us-gaap:ProceedsFromSaleOfProductiveAssets,True,ZERO_FOR_DIAGNOSTIC_ONLY_NOT_AUTHORITATIVE_NO_EVENT_PROOF,-854152000.0,-2456606000.0,-0.05457099972955745,,LOCKED_NONPOSITIVE_SMALL_OR_INCOMPLETE_NORMALIZED_DENOMINATOR,False,ACQUIRED_NOPAT_NOT_REMOVED_NONCASH_CONSIDERATION_AND_BOOK_VALUE_DIFFERENCES_REMAIN_IN_CAPITAL_BRIDGE_RESIDUAL
EQT,2020Q4,1252585000.0,2021-02-17,us-gaap:Revenues,D:\Programming\python_example\Arcana\data-lake\bronze\sec\companyfacts\CIK0000033213.json,DERIVED_Q4_FY_MINUS_Q1_Q2_Q3,146083000.0,2021-02-17,us-gaap:OperatingIncomeLoss,D:\Programming\python_example\Arcana\data-lake\bronze\sec\companyfacts\CIK0000033213.json,Q4_FY_MINUS_Q1_Q2_Q3,63688000.0,2021-02-17,us-gaap:NetIncomeLoss,D:\Programming\python_example\Arcana\data-lake\bronze\sec\companyfacts\CIK0000033213.json,Q4_FY_MINUS_Q1_Q2_Q3,-2920000.0,2021-02-17,us-gaap:IncomeTaxExpenseBenefit,D:\Programming\python_example\Arcana\data-lake\bronze\sec\companyfacts\CIK0000033213.json,Q4_FY_MINUS_Q1_Q2_Q3,74286000.0,2021-02-17,us-gaap:InterestExpense,D:\Programming\python_example\Arcana\data-lake\bronze\sec\companyfacts\CIK0000033213.json,Q4_FY_MINUS_Q1_Q2_Q3,406124000.0,2021-02-17,us-gaap:NetCashProvidedByUsedInOperatingActivities,D:\Programming\python_example\Arcana\data-lake\bronze\sec\companyfacts\CIK0000033213.json,YTD_MINUS_PRIOR_YTD_CASH_FLOW,253847000.0,2021-02-17,us-gaap:PaymentsToAcquirePropertyPlantAndEquipment,D:\Programming\python_example\Arcana\data-lake\bronze\sec\companyfacts\CIK0000033213.json,YTD_MINUS_PRIOR_YTD_CASH_FLOW,False,0.21,US_STATUTORY_21PCT_FALLBACK,146083000.0,DIRECT_GAAP_OPERATING_INCOME,115405570.0,210962940.0,-95557370.0,ep,PRODUCTION_PLUS_REALIZED_PRICE,V3.5.3_GROUPED_REVENUE_PLUS_CONDITIONAL_COST_REINVESTMENT,2021-02-17,203,True,18210000.0,2021-02-17,us-gaap:CashAndCashEquivalentsAtCarryingValue,D:\Programming\python_example\Arcana\data-lake\bronze\sec\companyfacts\CIK0000033213.json,ORIGINAL_QUARTER_END_INSTANT_FACT,4771305000.0,2021-02-17,us-gaap:LongTermDebtNoncurrent,D:\Programming\python_example\Arcana\data-lake\bronze\sec\companyfacts\CIK0000033213.json,ORIGINAL_QUARTER_END_INSTANT_FACT,9262730000.0,2021-02-17,us-gaap:StockholdersEquityIncludingPortionAttributableToNoncontrollingInterest,D:\Programming\python_example\Arcana\data-lake\bronze\sec\companyfacts\CIK0000033213.json,ORIGINAL_QUARTER_END_INSTANT_FACT,154161000.0,4925466000.0,14169986000.0,2021-02-17,2021-02-17,us-gaap:LongTermDebtCurrent,D:\Programming\python_example\Arcana\data-lake\bronze\sec\companyfacts\CIK0000033213.json,ORIGINAL_QUARTER_END_INSTANT_FACT,True,3058843000.0,-877666000.0,-693356140.0,1537701000.0,1042231000.0,709718000.0,-1403074140.0,271200000.0,-298858000.0,4416484000.0,-910428504.4226203,14797971000.0,14483978500.0,-30.74031288237431,-28.692744282723893,23.202171540023468,-4.787055849330348,-34.56648875731431,202.35980602984202,True,2020,14797971000.0,14169986000.0,-627985000.0,217072364.4226203,691942000.0,us-gaap:PaymentsToAcquireBusinessesNetOfCashAcquired,True,126080000.0,us-gaap:ProceedsFromSaleOfProductiveAssets,True,ZERO_FOR_DIAGNOSTIC_ONLY_NOT_AUTHORITATIVE_NO_EVENT_PROOF,-1193847000.0,-2236078000.0,-0.08067639813593364,,LOCKED_NONPOSITIVE_SMALL_OR_INCOMPLETE_NORMALIZED_DENOMINATOR,False,ACQUIRED_NOPAT_NOT_REMOVED_NONCASH_CONSIDERATION_AND_BOOK_VALUE_DIFFERENCES_REMAIN_IN_CAPITAL_BRIDGE_RESIDUAL
EQT,2021Q4,3839694000.0,2022-02-10,us-gaap:Revenues,D:\Programming\python_example\Arcana\data-lake\bronze\sec\companyfacts\CIK0000033213.json,DERIVED_Q4_FY_MINUS_Q1_Q2_Q3,2457347000.0,2022-02-10,us-gaap:OperatingIncomeLoss,D:\Programming\python_example\Arcana\data-lake\bronze\sec\companyfacts\CIK0000033213.json,Q4_FY_MINUS_Q1_Q2_Q3,1802554000.0,2022-02-10,us-gaap:ProfitLoss,D:\Programming\python_example\Arcana\data-lake\bronze\sec\companyfacts\CIK0000033213.json,Q4_FY_MINUS_Q1_Q2_Q3,591080000.0,2022-02-10,us-gaap:IncomeTaxExpenseBenefit,D:\Programming\python_example\Arcana\data-lake\bronze\sec\companyfacts\CIK0000033213.json,Q4_FY_MINUS_Q1_Q2_Q3,76469000.0,2022-02-10,us-gaap:InterestExpense,D:\Programming\python_example\Arcana\data-lake\bronze\sec\companyfacts\CIK0000033213.json,Q4_FY_MINUS_Q1_Q2_Q3,1170946000.0,2022-02-10,us-gaap:NetCashProvidedByUsedInOperatingActivities,D:\Programming\python_example\Arcana\data-lake\bronze\sec\companyfacts\CIK0000033213.json,YTD_MINUS_PRIOR_YTD_CASH_FLOW,348190000.0,2022-02-10,us-gaap:PaymentsToAcquirePropertyPlantAndEquipment,D:\Programming\python_example\Arcana\data-lake\bronze\sec\companyfacts\CIK0000033213.json,YTD_MINUS_PRIOR_YTD_CASH_FLOW,False,0.24693833727294984,INFERRED_FROM_NET_INCOME_PLUS_TAX,2457347000.0,DIRECT_GAAP_OPERATING_INCOME,1850533817.7173283,880341872.2870748,970191945.4302535,ep,PRODUCTION_PLUS_REALIZED_PRICE,V3.5.3_GROUPED_REVENUE_PLUS_CONDITIONAL_COST_REINVESTMENT,2022-02-10,207,True,113963000.0,2022-02-10,us-gaap:CashAndCashEquivalentsAtCarryingValue,D:\Programming\python_example\Arcana\data-lake\bronze\sec\companyfacts\CIK0000033213.json,ORIGINAL_QUARTER_END_INSTANT_FACT,4530102000.0,2022-02-10,us-gaap:LongTermDebtNoncurrent,D:\Programming\python_example\Arcana\data-lake\bronze\sec\companyfacts\CIK0000033213.json,ORIGINAL_QUARTER_END_INSTANT_FACT,10045763000.0,2022-02-10,us-gaap:StockholdersEquityIncludingPortionAttributableToNoncontrollingInterest,D:\Programming\python_example\Arcana\data-lake\bronze\sec\companyfacts\CIK0000033213.json,ORIGINAL_QUARTER_END_INSTANT_FACT,954900000.0,5485002000.0,15416802000.0,2022-02-10,2022-02-10,us-gaap:LongTermDebtCurrent,D:\Programming\python_example\Arcana\data-lake\bronze\sec\companyfacts\CIK0000033213.json,ORIGINAL_QUARTER_END_INSTANT_FACT,True,3064663000.0,-1360975000.0,-1165940562.2826717,1662448000.0,1055128000.0,848528732.2870748,-2014469294.5697465,308903000.0,-434175000.0,3058843000.0,-693356140.0,14169986000.0,14793394000.0,0.1902680196401052,-44.408634815638784,27.68750535661098,-7.881494687984865,-37.90330107110205,172.7763283769655,True,2021,14169986000.0,15416802000.0,1246816000.0,-472584422.2826717,1030239000.0,us-gaap:PaymentsToAcquireBusinessesNetOfCashAcquired,True,2452000.0,us-gaap:ProceedsFromSaleOfProductiveAssets,True,ZERO_FOR_DIAGNOSTIC_ONLY_NOT_AUTHORITATIVE_NO_EVENT_PROOF,219029000.0,-836099000.0,0.015457248863901488,,LOCKED_NONPOSITIVE_SMALL_OR_INCOMPLETE_NORMALIZED_DENOMINATOR,False,ACQUIRED_NOPAT_NOT_REMOVED_NONCASH_CONSIDERATION_AND_BOOK_VALUE_DIFFERENCES_REMAIN_IN_CAPITAL_BRIDGE_RESIDUAL
EQT,2022Q4,3479828000.0,2023-02-16,us-gaap:Revenues,D:\Programming\python_example\Arcana\data-lake\bronze\sec\companyfacts\CIK0000033213.json,DERIVED_Q4_FY_MINUS_Q1_Q2_Q3,2319776000.0,2023-02-16,us-gaap:OperatingIncomeLoss,D:\Programming\python_example\Arcana\data-lake\bronze\sec\companyfacts\CIK0000033213.json,Q4_FY_MINUS_Q1_Q2_Q3,1713839000.0,2023-02-16,us-gaap:ProfitLoss,D:\Programming\python_example\Arcana\data-lake\bronze\sec\companyfacts\CIK0000033213.json,Q4_FY_MINUS_Q1_Q2_Q3,558977000.0,2023-02-16,us-gaap:IncomeTaxExpenseBenefit,D:\Programming\python_example\Arcana\data-lake\bronze\sec\companyfacts\CIK0000033213.json,Q4_FY_MINUS_Q1_Q2_Q3,55630000.0,2023-02-16,us-gaap:InterestExpense,D:\Programming\python_example\Arcana\data-lake\bronze\sec\companyfacts\CIK0000033213.json,Q4_FY_MINUS_Q1_Q2_Q3,1063802000.0,2023-02-16,us-gaap:NetCashProvidedByUsedInOperatingActivities,D:\Programming\python_example\Arcana\data-lake\bronze\sec\companyfacts\CIK0000033213.json,YTD_MINUS_PRIOR_YTD_CASH_FLOW,352968000.0,2023-02-16,us-gaap:PaymentsToAcquirePropertyPlantAndEquipment,D:\Programming\python_example\Arcana\data-lake\bronze\sec\companyfacts\CIK0000033213.json,YTD_MINUS_PRIOR_YTD_CASH_FLOW,False,0.2459402784915277,INFERRED_FROM_NET_INCOME_PLUS_TAX,2319776000.0,DIRECT_GAAP_OPERATING_INCOME,1749249644.522038,752782342.3075163,996467302.2145216,ep,PRODUCTION_PLUS_REALIZED_PRICE,V3.5.3_GROUPED_REVENUE_PLUS_CONDITIONAL_COST_REINVESTMENT,2023-02-16,211,True,1458644000.0,2023-02-16,us-gaap:CashAndCashEquivalentsAtCarryingValue,D:\Programming\python_example\Arcana\data-lake\bronze\sec\companyfacts\CIK0000033213.json,ORIGINAL_QUARTER_END_INSTANT_FACT,5256333000.0,2023-02-16,us-gaap:LongTermDebtNoncurrent,D:\Programming\python_example\Arcana\data-lake\bronze\sec\companyfacts\CIK0000033213.json,ORIGINAL_QUARTER_END_INSTANT_FACT,11213328000.0,2023-02-16,us-gaap:StockholdersEquityIncludingPortionAttributableToNoncontrollingInterest,D:\Programming\python_example\Arcana\data-lake\bronze\sec\companyfacts\CIK0000033213.json,ORIGINAL_QUARTER_END_INSTANT_FACT,422632000.0,5678965000.0,15433649000.0,2023-02-16,2023-02-16,us-gaap:LongTermDebtCurrent,D:\Programming\python_example\Arcana\data-lake\bronze\sec\companyfacts\CIK0000033213.json,ORIGINAL_QUARTER_END_INSTANT_FACT,True,7497689000.0,2717997000.0,2027302404.0698526,3465560000.0,1400443000.0,2259015380.5297127,-231712976.4598601,249655000.0,553720000.0,3064663000.0,-1165940562.2826717,15416802000.0,15425225500.0,144.64970536727856,36.25113018157995,30.129488973598566,13.14277320658847,18954.37149850136,-11.429620760804672,True,2022,15416802000.0,15433649000.0,16847000.0,3193242966.3525243,0.0,,False,8572000.0,us-gaap:ProceedsFromSaleOfProductiveAssets,True,ZERO_FOR_DIAGNOSTIC_ONLY_NOT_AUTHORITATIVE_NO_EVENT_PROOF,25419000.0,-1375024000.0,0.001648785526336785,,LOCKED_NONPOSITIVE_SMALL_OR_INCOMPLETE_NORMALIZED_DENOMINATOR,False,ACQUIRED_NOPAT_NOT_REMOVED_NONCASH_CONSIDERATION_AND_BOOK_VALUE_DIFFERENCES_REMAIN_IN_CAPITAL_BRIDGE_RESIDUAL
EQT,2023Q4,2042999000.0,2024-02-14,us-gaap:Revenues,D:\Programming\python_example\Arcana\data-lake\bronze\sec\companyfacts\CIK0000033213.json,DERIVED_Q4_FY_MINUS_Q1_Q2_Q3,722717000.0,2024-02-14,us-gaap:OperatingIncomeLoss,D:\Programming\python_example\Arcana\data-lake\bronze\sec\companyfacts\CIK0000033213.json,Q4_FY_MINUS_Q1_Q2_Q3,501447000.0,2024-02-14,us-gaap:ProfitLoss,D:\Programming\python_example\Arcana\data-lake\bronze\sec\companyfacts\CIK0000033213.json,Q4_FY_MINUS_Q1_Q2_Q3,150979000.0,2024-02-14,us-gaap:IncomeTaxExpenseBenefit,D:\Programming\python_example\Arcana\data-lake\bronze\sec\companyfacts\CIK0000033213.json,Q4_FY_MINUS_Q1_Q2_Q3,72804000.0,2024-02-14,us-gaap:InterestExpense,D:\Programming\python_example\Arcana\data-lake\bronze\sec\companyfacts\CIK0000033213.json,Q4_FY_MINUS_Q1_Q2_Q3,624386000.0,2024-02-14,us-gaap:NetCashProvidedByUsedInOperatingActivities,D:\Programming\python_example\Arcana\data-lake\bronze\sec\companyfacts\CIK0000033213.json,YTD_MINUS_PRIOR_YTD_CASH_FLOW,533139000.0,2024-02-14,us-gaap:PaymentsToAcquirePropertyPlantAndEquipment,D:\Programming\python_example\Arcana\data-lake\bronze\sec\companyfacts\CIK0000033213.json,YTD_MINUS_PRIOR_YTD_CASH_FLOW,False,0.2314116850033567,INFERRED_FROM_NET_INCOME_PLUS_TAX,722717000.0,DIRECT_GAAP_OPERATING_INCOME,555471841.249429,147203303.68501568,408268537.5644133,ep,PRODUCTION_PLUS_REALIZED_PRICE,V3.5.3_GROUPED_REVENUE_PLUS_CONDITIONAL_COST_REINVESTMENT,2024-02-14,215,True,80977000.0,2024-02-14,us-gaap:CashAndCashEquivalentsAtCarryingValue,D:\Programming\python_example\Arcana\data-lake\bronze\sec\companyfacts\CIK0000033213.json,ORIGINAL_QUARTER_END_INSTANT_FACT,5502681000.0,2024-02-14,us-gaap:LongTermDebtNoncurrent,D:\Programming\python_example\Arcana\data-lake\bronze\sec\companyfacts\CIK0000033213.json,ORIGINAL_QUARTER_END_INSTANT_FACT,14780817000.0,2024-02-14,us-gaap:StockholdersEquityIncludingPortionAttributableToNoncontrollingInterest,D:\Programming\python_example\Arcana\data-lake\bronze\sec\companyfacts\CIK0000033213.json,ORIGINAL_QUARTER_END_INSTANT_FACT,292432000.0,5795113000.0,20494953000.0,2024-02-14,2024-02-14,us-gaap:LongTermDebtCurrent,D:\Programming\python_example\Arcana\data-lake\bronze\sec\companyfacts\CIK0000033213.json,ORIGINAL_QUARTER_END_INSTANT_FACT,True,6908923000.0,2314411000.0,1786627628.965199,3178850000.0,2019037000.0,1331026117.809133,455601511.15606594,219660000.0,368954000.0,7497689000.0,2027302404.0698526,15433649000.0,17964301000.0,-7.852632991312392,33.498868058017145,19.265319903104043,9.945433607270324,-4.755193031374001,25.500641754876856,True,2023,15433649000.0,20494953000.0,5061304000.0,-240674775.1046536,2271881000.0,us-gaap:PaymentsToAcquireBusinessesNetOfCashAcquired,True,0.0,,False,ZERO_FOR_DIAGNOSTIC_ONLY_NOT_AUTHORITATIVE_NO_EVENT_PROOF,2789423000.0,770386000.0,0.1807364544833176,-8.628120407147055,DIAGNOSTIC_DENOMINATOR_ONLY_CASH_MNA_NORMALIZED,False,ACQUIRED_NOPAT_NOT_REMOVED_NONCASH_CONSIDERATION_AND_BOOK_VALUE_DIFFERENCES_REMAIN_IN_CAPITAL_BRIDGE_RESIDUAL
EQT,2024Q4,1624727000.0,2025-02-19,us-gaap:Revenues,D:\Programming\python_example\Arcana\data-lake\bronze\sec\companyfacts\CIK0000033213.json,DERIVED_Q4_FY_MINUS_Q1_Q2_Q3,781445000.0,2025-02-19,us-gaap:OperatingIncomeLoss,D:\Programming\python_example\Arcana\data-lake\bronze\sec\companyfacts\CIK0000033213.json,Q4_FY_MINUS_Q1_Q2_Q3,427245000.0,2025-02-19,us-gaap:ProfitLoss,D:\Programming\python_example\Arcana\data-lake\bronze\sec\companyfacts\CIK0000033213.json,Q4_FY_MINUS_Q1_Q2_Q3,146869000.0,2025-02-19,us-gaap:IncomeTaxExpenseBenefit,D:\Programming\python_example\Arcana\data-lake\bronze\sec\companyfacts\CIK0000033213.json,Q4_FY_MINUS_Q1_Q2_Q3,,,,,,756276000.0,2025-02-19,us-gaap:NetCashProvidedByUsedInOperatingActivities,D:\Programming\python_example\Arcana\data-lake\bronze\sec\companyfacts\CIK0000033213.json,YTD_MINUS_PRIOR_YTD_CASH_FLOW,591597000.0,2025-02-19,us-gaap:PaymentsToAcquirePropertyPlantAndEquipment,D:\Programming\python_example\Arcana\data-lake\bronze\sec\companyfacts\CIK0000033213.json,YTD_MINUS_PRIOR_YTD_CASH_FLOW,False,0.25581853081443756,INFERRED_FROM_NET_INCOME_PLUS_TAX,781445000.0,DIRECT_GAAP_OPERATING_INCOME,581536888.1877118,,,ep,PRODUCTION_PLUS_REALIZED_PRICE,V3.5.3_GROUPED_REVENUE_PLUS_CONDITIONAL_COST_REINVESTMENT,2025-02-19,219,False,202093000.0,2025-02-19,us-gaap:CashAndCashEquivalentsAtCarryingValue,D:\Programming\python_example\Arcana\data-lake\bronze\sec\companyfacts\CIK0000033213.json,ORIGINAL_QUARTER_END_INSTANT_FACT,9003377000.0,2025-02-19,us-gaap:LongTermDebtNoncurrent,D:\Programming\python_example\Arcana\data-lake\bronze\sec\companyfacts\CIK0000033213.json,ORIGINAL_QUARTER_END_INSTANT_FACT,24278136000.0,2025-02-19,us-gaap:StockholdersEquityIncludingPortionAttributableToNoncontrollingInterest,D:\Programming\python_example\Arcana\data-lake\bronze\sec\companyfacts\CIK0000033213.json,ORIGINAL_QUARTER_END_INSTANT_FACT,320800000.0,9324177000.0,33400220000.0,2025-02-19,2025-02-19,us-gaap:LongTermDebtCurrent,D:\Programming\python_example\Arcana\data-lake\bronze\sec\companyfacts\CIK0000033213.json,ORIGINAL_QUARTER_END_INSTANT_FACT,False,5273309000.0,685296000.0,509086314.7479913,2826973000.0,2253709000.0,,,,22079000.0,6908923000.0,1786627628.965199,20494953000.0,26947586500.0,-23.673935865257146,12.995559334755463,,1.8891722074924642,-9.8993791776428,,False,2024,20494953000.0,33400220000.0,12905267000.0,-1277541314.2172077,874265000.0,us-gaap:PaymentsToAcquireBusinessesNetOfCashAcquired,True,0.0,,False,ZERO_FOR_DIAGNOSTIC_ONLY_NOT_AUTHORITATIVE_NO_EVENT_PROOF,12031002000.0,9777293000.0,0.5870226684589128,-10.618744093112175,DIAGNOSTIC_DENOMINATOR_ONLY_CASH_MNA_NORMALIZED,False,ACQUIRED_NOPAT_NOT_REMOVED_NONCASH_CONSIDERATION_AND_BOOK_VALUE_DIFFERENCES_REMAIN_IN_CAPITAL_BRIDGE_RESIDUAL
EQT,2025Q4,2388071000.0,2026-02-18,us-gaap:Revenues,D:\Programming\python_example\Arcana\data-lake\bronze\sec\companyfacts\CIK0000033213.json,DERIVED_Q4_FY_MINUS_Q1_Q2_Q3,1016121000.0,2026-02-18,us-gaap:OperatingIncomeLoss,D:\Programming\python_example\Arcana\data-lake\bronze\sec\companyfacts\CIK0000033213.json,Q4_FY_MINUS_Q1_Q2_Q3,746368000.0,2026-02-18,us-gaap:ProfitLoss,D:\Programming\python_example\Arcana\data-lake\bronze\sec\companyfacts\CIK0000033213.json,Q4_FY_MINUS_Q1_Q2_Q3,208335000.0,2026-02-18,us-gaap:IncomeTaxExpenseBenefit,D:\Programming\python_example\Arcana\data-lake\bronze\sec\companyfacts\CIK0000033213.json,Q4_FY_MINUS_Q1_Q2_Q3,105529000.0,2026-02-18,us-gaap:InterestExpenseNonoperating,D:\Programming\python_example\Arcana\data-lake\bronze\sec\companyfacts\CIK0000033213.json,Q4_FY_MINUS_Q1_Q2_Q3,1125387000.0,2026-02-18,us-gaap:NetCashProvidedByUsedInOperatingActivities,D:\Programming\python_example\Arcana\data-lake\bronze\sec\companyfacts\CIK0000033213.json,YTD_MINUS_PRIOR_YTD_CASH_FLOW,612734000.0,2026-02-18,us-gaap:PaymentsToAcquirePropertyPlantAndEquipment,D:\Programming\python_example\Arcana\data-lake\bronze\sec\companyfacts\CIK0000033213.json,YTD_MINUS_PRIOR_YTD_CASH_FLOW,False,0.21821969764418883,INFERRED_FROM_NET_INCOME_PLUS_TAX,1016121000.0,DIRECT_GAAP_OPERATING_INCOME,794383382.6100892,595153493.5273063,199229889.08278286,ep,PRODUCTION_PLUS_REALIZED_PRICE,V3.5.3_GROUPED_REVENUE_PLUS_CONDITIONAL_COST_REINVESTMENT,2026-02-18,223,True,110795000.0,2026-02-18,us-gaap:CashAndCashEquivalentsAtCarryingValue,D:\Programming\python_example\Arcana\data-lake\bronze\sec\companyfacts\CIK0000033213.json,ORIGINAL_QUARTER_END_INSTANT_FACT,7293209000.0,2026-02-18,us-gaap:LongTermDebtNoncurrent,D:\Programming\python_example\Arcana\data-lake\bronze\sec\companyfacts\CIK0000033213.json,ORIGINAL_QUARTER_END_INSTANT_FACT,27360148000.0,2026-02-18,us-gaap:StockholdersEquityIncludingPortionAttributableToNoncontrollingInterest,D:\Programming\python_example\Arcana\data-lake\bronze\sec\companyfacts\CIK0000033213.json,ORIGINAL_QUARTER_END_INSTANT_FACT,507119000.0,7800328000.0,35049681000.0,2026-02-18,2026-02-18,us-gaap:LongTermDebtCurrent,D:\Programming\python_example\Arcana\data-lake\bronze\sec\companyfacts\CIK0000033213.json,ORIGINAL_QUARTER_END_INSTANT_FACT,True,8644211000.0,3249619000.0,2538850461.3790402,5125952000.0,2288425000.0,3180442914.0901356,-641592452.7110953,438695000.0,651884000.0,5273309000.0,509086314.7479913,33400220000.0,34224950500.0,63.92384743621131,37.59300877778203,36.7927496689997,7.418127489706787,123.05620724776452,-25.27098237848157,True,2025,33400220000.0,35049681000.0,1649461000.0,2029764146.631049,483522000.0,us-gaap:PaymentsToAcquireBusinessesNetOfCashAcquired,True,0.0,,False,ZERO_FOR_DIAGNOSTIC_ONLY_NOT_AUTHORITATIVE_NO_EVENT_PROOF,1165939000.0,-1122486000.0,0.03490812335966649,174.08836539742208,DIAGNOSTIC_DENOMINATOR_ONLY_CASH_MNA_NORMALIZED,False,ACQUIRED_NOPAT_NOT_REMOVED_NONCASH_CONSIDERATION_AND_BOOK_VALUE_DIFFERENCES_REMAIN_IN_CAPITAL_BRIDGE_RESIDUAL
FANG,2018Q4,,,,,,194988000.0,2019-02-25,us-gaap:OperatingIncomeLoss,D:\Programming\python_example\Arcana\data-lake\bronze\sec\companyfacts\CIK0001539838.json,Q4_FY_MINUS_Q1_Q2_Q3,306160000.0,2019-02-25,us-gaap:ProfitLoss,D:\Programming\python_example\Arcana\data-lake\bronze\sec\companyfacts\CIK0001539838.json,Q4_FY_MINUS_Q1_Q2_Q3,85612000.0,2019-02-25,us-gaap:IncomeTaxExpenseBenefit,D:\Programming\python_example\Arcana\data-lake\bronze\sec\companyfacts\CIK0001539838.json,Q4_FY_MINUS_Q1_Q2_Q3,37931000.0,2019-02-25,us-gaap:InterestIncomeExpenseNonoperatingNet,D:\Programming\python_example\Arcana\data-lake\bronze\sec\companyfacts\CIK0001539838.json,Q4_FY_MINUS_Q1_Q2_Q3,,,,,,1185293000.0,2019-02-25,us-gaap:PaymentsToAcquireOilAndGasProperty,D:\Programming\python_example\Arcana\data-lake\bronze\sec\companyfacts\CIK0001539838.json,YTD_MINUS_PRIOR_YTD_CASH_FLOW,False,0.21852506049436918,INFERRED_FROM_NET_INCOME_PLUS_TAX,194988000.0,DIRECT_GAAP_OPERATING_INCOME,152378235.50432396,,,ep,PRODUCTION_PLUS_REALIZED_PRICE,V3.5.3_GROUPED_REVENUE_PLUS_CONDITIONAL_COST_REINVESTMENT,2019-02-25,195,False,214516000.0,2019-02-25,us-gaap:CashAndCashEquivalentsAtCarryingValue,D:\Programming\python_example\Arcana\data-lake\bronze\sec\companyfacts\CIK0001539838.json,ORIGINAL_QUARTER_END_INSTANT_FACT,4464338000.0,2019-02-25,us-gaap:LongTermDebtNoncurrent,D:\Programming\python_example\Arcana\data-lake\bronze\sec\companyfacts\CIK0001539838.json,ORIGINAL_QUARTER_END_INSTANT_FACT,14166262000.0,2019-02-25,us-gaap:StockholdersEquityIncludingPortionAttributableToNoncontrollingInterest,D:\Programming\python_example\Arcana\data-lake\bronze\sec\companyfacts\CIK0001539838.json,ORIGINAL_QUARTER_END_INSTANT_FACT,0.0,4464338000.0,18416084000.0,2019-02-25,,,,,False,,1010788000.0,797224922.6726832,,1370951000.0,,,87276000.0,168362000.0,,555821003.4799982,6946638000.0,12681361000.0,,,,6.28658803004412,2.1047565784143805,,False,2018,6946638000.0,18416084000.0,11469446000.0,241403919.192685,0.0,,False,80098000.0,us-gaap:ProceedsFromSaleOfPropertyPlantAndEquipment,True,ZERO_FOR_DIAGNOSTIC_ONLY_NOT_AUTHORITATIVE_NO_EVENT_PROOF,11549544000.0,10178593000.0,1.6626091643180485,2.090159743039942,DIAGNOSTIC_DENOMINATOR_ONLY_CASH_MNA_NORMALIZED,False,ACQUIRED_NOPAT_NOT_REMOVED_NONCASH_CONSIDERATION_AND_BOOK_VALUE_DIFFERENCES_REMAIN_IN_CAPITAL_BRIDGE_RESIDUAL
FANG,2019Q4,,,,,,-384000000.0,2020-02-27,us-gaap:OperatingIncomeLoss,D:\Programming\python_example\Arcana\data-lake\bronze\sec\companyfacts\CIK0001539838.json,Q4_FY_MINUS_Q1_Q2_Q3,-472000000.0,2020-02-27,us-gaap:ProfitLoss,D:\Programming\python_example\Arcana\data-lake\bronze\sec\companyfacts\CIK0001539838.json,Q4_FY_MINUS_Q1_Q2_Q3,-124000000.0,2020-02-27,us-gaap:IncomeTaxExpenseBenefit,D:\Programming\python_example\Arcana\data-lake\bronze\sec\companyfacts\CIK0001539838.json,Q4_FY_MINUS_Q1_Q2_Q3,39000000.0,2020-02-27,us-gaap:InterestIncomeExpenseNonoperatingNet,D:\Programming\python_example\Arcana\data-lake\bronze\sec\companyfacts\CIK0001539838.json,Q4_FY_MINUS_Q1_Q2_Q3,,,,,,132000000.0,2020-02-27,us-gaap:PaymentsToAcquireOilAndGasProperty,D:\Programming\python_example\Arcana\data-lake\bronze\sec\companyfacts\CIK0001539838.json,YTD_MINUS_PRIOR_YTD_CASH_FLOW,False,0.21,US_STATUTORY_21PCT_FALLBACK,-384000000.0,DIRECT_GAAP_OPERATING_INCOME,-303360000.0,,,ep,PRODUCTION_PLUS_REALIZED_PRICE,V3.5.3_GROUPED_REVENUE_PLUS_CONDITIONAL_COST_REINVESTMENT,2020-02-27,199,False,123000000.0,2020-02-27,us-gaap:CashAndCashEquivalentsAtCarryingValue,D:\Programming\python_example\Arcana\data-lake\bronze\sec\companyfacts\CIK0001539838.json,ORIGINAL_QUARTER_END_INSTANT_FACT,5371000000.0,2020-02-27,us-gaap:LongTermDebtNoncurrent,D:\Programming\python_example\Arcana\data-lake\bronze\sec\companyfacts\CIK0001539838.json,ORIGINAL_QUARTER_END_INSTANT_FACT,14906000000.0,2020-02-27,us-gaap:StockholdersEquityIncludingPortionAttributableToNoncontrollingInterest,D:\Programming\python_example\Arcana\data-lake\bronze\sec\companyfacts\CIK0001539838.json,ORIGINAL_QUARTER_END_INSTANT_FACT,0.0,5371000000.0,20154000000.0,2020-02-27,,,,,False,,695000000.0,544468269.3164601,,443000000.0,,,172000000.0,47000000.0,,797224922.6726832,18416084000.0,19285042000.0,,,,2.823267220867137,-14.543663408140734,,False,2019,18416084000.0,20154000000.0,1737916000.0,-252756653.3562231,0.0,,False,300000000.0,us-gaap:ProceedsFromSaleOfPropertyPlantAndEquipment,True,ZERO_FOR_DIAGNOSTIC_ONLY_NOT_AUTHORITATIVE_NO_EVENT_PROOF,2037916000.0,1594916000.0,0.1106595734467762,-12.40270223876858,DIAGNOSTIC_DENOMINATOR_ONLY_CASH_MNA_NORMALIZED,False,ACQUIRED_NOPAT_NOT_REMOVED_NONCASH_CONSIDERATION_AND_BOOK_VALUE_DIFFERENCES_REMAIN_IN_CAPITAL_BRIDGE_RESIDUAL
FANG,2020Q4,769000000.0,2021-02-25,us-gaap:Revenues,D:\Programming\python_example\Arcana\data-lake\bronze\sec\companyfacts\CIK0001539838.json,DERIVED_Q4_FY_MINUS_Q1_Q2_Q3,-746000000.0,2021-02-25,us-gaap:OperatingIncomeLoss,D:\Programming\python_example\Arcana\data-lake\bronze\sec\companyfacts\CIK0001539838.json,Q4_FY_MINUS_Q1_Q2_Q3,-756000000.0,2021-02-25,us-gaap:ProfitLoss,D:\Programming\python_example\Arcana\data-lake\bronze\sec\companyfacts\CIK0001539838.json,Q4_FY_MINUS_Q1_Q2_Q3,-202000000.0,2021-02-25,us-gaap:IncomeTaxExpenseBenefit,D:\Programming\python_example\Arcana\data-lake\bronze\sec\companyfacts\CIK0001539838.json,Q4_FY_MINUS_Q1_Q2_Q3,50000000.0,2021-02-25,us-gaap:InterestIncomeExpenseNonoperatingNet,D:\Programming\python_example\Arcana\data-lake\bronze\sec\companyfacts\CIK0001539838.json,Q4_FY_MINUS_Q1_Q2_Q3,403000000.0,2021-02-25,us-gaap:NetCashProvidedByUsedInOperatingActivities,D:\Programming\python_example\Arcana\data-lake\bronze\sec\companyfacts\CIK0001539838.json,YTD_MINUS_PRIOR_YTD_CASH_FLOW,30000000.0,2021-02-25,us-gaap:PaymentsToAcquireOilAndGasProperty,D:\Programming\python_example\Arcana\data-lake\bronze\sec\companyfacts\CIK0001539838.json,YTD_MINUS_PRIOR_YTD_CASH_FLOW,False,0.21,US_STATUTORY_21PCT_FALLBACK,-746000000.0,DIRECT_GAAP_OPERATING_INCOME,-589340000.0,412500000.0,-1001840000.0,ep,PRODUCTION_PLUS_REALIZED_PRICE,V3.5.3_GROUPED_REVENUE_PLUS_CONDITIONAL_COST_REINVESTMENT,2021-02-25,203,True,104000000.0,2021-02-25,us-gaap:CashAndCashEquivalentsAtCarryingValue,D:\Programming\python_example\Arcana\data-lake\bronze\sec\companyfacts\CIK0001539838.json,ORIGINAL_QUARTER_END_INSTANT_FACT,5624000000.0,2021-02-25,us-gaap:LongTermDebtNoncurrent,D:\Programming\python_example\Arcana\data-lake\bronze\sec\companyfacts\CIK0001539838.json,ORIGINAL_QUARTER_END_INSTANT_FACT,9804000000.0,2021-02-25,us-gaap:StockholdersEquityIncludingPortionAttributableToNoncontrollingInterest,D:\Programming\python_example\Arcana\data-lake\bronze\sec\companyfacts\CIK0001539838.json,ORIGINAL_QUARTER_END_INSTANT_FACT,191000000.0,5815000000.0,15515000000.0,2021-02-25,2021-02-25,us-gaap:LongTermDebtCurrent,D:\Programming\python_example\Arcana\data-lake\bronze\sec\companyfacts\CIK0001539838.json,ORIGINAL_QUARTER_END_INSTANT_FACT,True,2813000000.0,-5476000000.0,-4326040000.0,2118000000.0,119000000.0,2154630000.0,-6480670000.0,197000000.0,-1104000000.0,,544468269.3164601,20154000000.0,17834500000.0,,-194.6676146462851,76.5954496978315,-24.256581345145644,104.9904778899862,149.80605819641056,True,2020,20154000000.0,15515000000.0,-4639000000.0,-4870508269.31646,0.0,,False,63000000.0,us-gaap:ProceedsFromSaleOfPropertyPlantAndEquipment,True,ZERO_FOR_DIAGNOSTIC_ONLY_NOT_AUTHORITATIVE_NO_EVENT_PROOF,-4576000000.0,-4695000000.0,-0.22705170189540538,,LOCKED_NONPOSITIVE_SMALL_OR_INCOMPLETE_NORMALIZED_DENOMINATOR,False,ACQUIRED_NOPAT_NOT_REMOVED_NONCASH_CONSIDERATION_AND_BOOK_VALUE_DIFFERENCES_REMAIN_IN_CAPITAL_BRIDGE_RESIDUAL
FANG,2021Q4,2022000000.0,2022-02-24,us-gaap:Revenues,D:\Programming\python_example\Arcana\data-lake\bronze\sec\companyfacts\CIK0001539838.json,DERIVED_Q4_FY_MINUS_Q1_Q2_Q3,1311000000.0,2022-02-24,us-gaap:OperatingIncomeLoss,D:\Programming\python_example\Arcana\data-lake\bronze\sec\companyfacts\CIK0001539838.json,Q4_FY_MINUS_Q1_Q2_Q3,1051000000.0,2022-02-24,us-gaap:ProfitLoss,D:\Programming\python_example\Arcana\data-lake\bronze\sec\companyfacts\CIK0001539838.json,Q4_FY_MINUS_Q1_Q2_Q3,279000000.0,2022-02-24,us-gaap:IncomeTaxExpenseBenefit,D:\Programming\python_example\Arcana\data-lake\bronze\sec\companyfacts\CIK0001539838.json,Q4_FY_MINUS_Q1_Q2_Q3,29000000.0,2022-02-24,us-gaap:InterestIncomeExpenseNonoperatingNet,D:\Programming\python_example\Arcana\data-lake\bronze\sec\companyfacts\CIK0001539838.json,Q4_FY_MINUS_Q1_Q2_Q3,1167000000.0,2022-02-24,us-gaap:NetCashProvidedByUsedInOperatingActivities,D:\Programming\python_example\Arcana\data-lake\bronze\sec\companyfacts\CIK0001539838.json,YTD_MINUS_PRIOR_YTD_CASH_FLOW,374000000.0,2022-02-24,us-gaap:PaymentsToAcquireOilAndGasProperty,D:\Programming\python_example\Arcana\data-lake\bronze\sec\companyfacts\CIK0001539838.json,YTD_MINUS_PRIOR_YTD_CASH_FLOW,False,0.20977443609022556,INFERRED_FROM_NET_INCOME_PLUS_TAX,1311000000.0,DIRECT_GAAP_OPERATING_INCOME,1035985714.2857143,815916541.3533835,220069172.93233073,ep,PRODUCTION_PLUS_REALIZED_PRICE,V3.5.3_GROUPED_REVENUE_PLUS_CONDITIONAL_COST_REINVESTMENT,2022-02-24,207,True,654000000.0,2022-02-24,us-gaap:CashAndCashEquivalentsAtCarryingValue,D:\Programming\python_example\Arcana\data-lake\bronze\sec\companyfacts\CIK0001539838.json,ORIGINAL_QUARTER_END_INSTANT_FACT,6642000000.0,2022-02-24,us-gaap:LongTermDebtNoncurrent,D:\Programming\python_example\Arcana\data-lake\bronze\sec\companyfacts\CIK0001539838.json,ORIGINAL_QUARTER_END_INSTANT_FACT,13245000000.0,2022-02-24,us-gaap:StockholdersEquityIncludingPortionAttributableToNoncontrollingInterest,D:\Programming\python_example\Arcana\data-lake\bronze\sec\companyfacts\CIK0001539838.json,ORIGINAL_QUARTER_END_INSTANT_FACT,45000000.0,6687000000.0,19278000000.0,2022-02-24,2022-02-24,us-gaap:LongTermDebtCurrent,D:\Programming\python_example\Arcana\data-lake\bronze\sec\companyfacts\CIK0001539838.json,ORIGINAL_QUARTER_END_INSTANT_FACT,True,6797000000.0,4001000000.0,3125274881.173313,3944000000.0,812000000.0,3286892388.6851606,-161617507.51184762,199000000.0,631000000.0,2813000000.0,-4326040000.0,15515000000.0,17396500000.0,141.62815499466763,58.86420479623363,48.357987180890994,17.964963533890803,198.01527720364905,-5.1713053621437615,True,2021,15515000000.0,19278000000.0,3763000000.0,7451314881.173313,0.0,,False,820000000.0,us-gaap:ProceedsFromSaleOfPropertyPlantAndEquipment,True,ZERO_FOR_DIAGNOSTIC_ONLY_NOT_AUTHORITATIVE_NO_EVENT_PROOF,4583000000.0,3771000000.0,0.2953915565581695,162.58596729594836,DIAGNOSTIC_DENOMINATOR_ONLY_CASH_MNA_NORMALIZED,False,ACQUIRED_NOPAT_NOT_REMOVED_NONCASH_CONSIDERATION_AND_BOOK_VALUE_DIFFERENCES_REMAIN_IN_CAPITAL_BRIDGE_RESIDUAL
FANG,2022Q4,2030000000.0,2023-02-23,us-gaap:Revenues,D:\Programming\python_example\Arcana\data-lake\bronze\sec\companyfacts\CIK0001539838.json,DERIVED_Q4_FY_MINUS_Q1_Q2_Q3,1256000000.0,2023-02-23,us-gaap:OperatingIncomeLoss,D:\Programming\python_example\Arcana\data-lake\bronze\sec\companyfacts\CIK0001539838.json,Q4_FY_MINUS_Q1_Q2_Q3,1028000000.0,2023-02-23,us-gaap:ProfitLoss,D:\Programming\python_example\Arcana\data-lake\bronze\sec\companyfacts\CIK0001539838.json,Q4_FY_MINUS_Q1_Q2_Q3,261000000.0,2023-02-23,us-gaap:IncomeTaxExpenseBenefit,D:\Programming\python_example\Arcana\data-lake\bronze\sec\companyfacts\CIK0001539838.json,Q4_FY_MINUS_Q1_Q2_Q3,37000000.0,2023-02-23,us-gaap:InterestIncomeExpenseNonoperatingNet,D:\Programming\python_example\Arcana\data-lake\bronze\sec\companyfacts\CIK0001539838.json,Q4_FY_MINUS_Q1_Q2_Q3,1441000000.0,2023-02-23,us-gaap:NetCashProvidedByUsedInOperatingActivities,D:\Programming\python_example\Arcana\data-lake\bronze\sec\companyfacts\CIK0001539838.json,YTD_MINUS_PRIOR_YTD_CASH_FLOW,938000000.0,2023-02-23,us-gaap:PaymentsToAcquireOilAndGasProperty,D:\Programming\python_example\Arcana\data-lake\bronze\sec\companyfacts\CIK0001539838.json,YTD_MINUS_PRIOR_YTD_CASH_FLOW,False,0.20248254460822343,INFERRED_FROM_NET_INCOME_PLUS_TAX,1256000000.0,DIRECT_GAAP_OPERATING_INCOME,1001681923.9720713,532508145.84949565,469173778.12257564,ep,PRODUCTION_PLUS_REALIZED_PRICE,V3.5.3_GROUPED_REVENUE_PLUS_CONDITIONAL_COST_REINVESTMENT,2023-02-23,211,True,157000000.0,2023-02-23,us-gaap:CashAndCashEquivalentsAtCarryingValue,D:\Programming\python_example\Arcana\data-lake\bronze\sec\companyfacts\CIK0001539838.json,ORIGINAL_QUARTER_END_INSTANT_FACT,6238000000.0,2023-02-23,us-gaap:LongTermDebtNoncurrent,D:\Programming\python_example\Arcana\data-lake\bronze\sec\companyfacts\CIK0001539838.json,ORIGINAL_QUARTER_END_INSTANT_FACT,15690000000.0,2023-02-23,us-gaap:StockholdersEquityIncludingPortionAttributableToNoncontrollingInterest,D:\Programming\python_example\Arcana\data-lake\bronze\sec\companyfacts\CIK0001539838.json,ORIGINAL_QUARTER_END_INSTANT_FACT,10000000.0,6248000000.0,21781000000.0,2023-02-23,2023-02-23,us-gaap:LongTermDebtCurrent,D:\Programming\python_example\Arcana\data-lake\bronze\sec\companyfacts\CIK0001539838.json,ORIGINAL_QUARTER_END_INSTANT_FACT,True,9643000000.0,6508000000.0,5168566928.868795,6325000000.0,1567000000.0,4884466284.668707,284100644.2000872,159000000.0,1174000000.0,6797000000.0,3125274881.173313,19278000000.0,20529500000.0,41.871413859055465,67.48937052784403,50.652974019171495,25.176292305554426,81.63372144208878,5.496700499576701,True,2022,19278000000.0,21781000000.0,2503000000.0,2043292047.6954823,0.0,,False,327000000.0,us-gaap:ProceedsFromSaleOfPropertyPlantAndEquipment,True,ZERO_FOR_DIAGNOSTIC_ONLY_NOT_AUTHORITATIVE_NO_EVENT_PROOF,2830000000.0,1263000000.0,0.14679946052495071,72.2011324274022,DIAGNOSTIC_DENOMINATOR_ONLY_CASH_MNA_NORMALIZED,False,ACQUIRED_NOPAT_NOT_REMOVED_NONCASH_CONSIDERATION_AND_BOOK_VALUE_DIFFERENCES_REMAIN_IN_CAPITAL_BRIDGE_RESIDUAL
FANG,2023Q4,2228000000.0,2024-02-22,us-gaap:Revenues,D:\Programming\python_example\Arcana\data-lake\bronze\sec\companyfacts\CIK0001539838.json,DERIVED_Q4_FY_MINUS_Q1_Q2_Q3,1205000000.0,2024-02-22,us-gaap:OperatingIncomeLoss,D:\Programming\python_example\Arcana\data-lake\bronze\sec\companyfacts\CIK0001539838.json,Q4_FY_MINUS_Q1_Q2_Q3,1011000000.0,2024-02-22,us-gaap:ProfitLoss,D:\Programming\python_example\Arcana\data-lake\bronze\sec\companyfacts\CIK0001539838.json,Q4_FY_MINUS_Q1_Q2_Q3,264000000.0,2024-02-22,us-gaap:IncomeTaxExpenseBenefit,D:\Programming\python_example\Arcana\data-lake\bronze\sec\companyfacts\CIK0001539838.json,Q4_FY_MINUS_Q1_Q2_Q3,37000000.0,2024-02-22,us-gaap:InterestIncomeExpenseNonoperatingNet,D:\Programming\python_example\Arcana\data-lake\bronze\sec\companyfacts\CIK0001539838.json,Q4_FY_MINUS_Q1_Q2_Q3,1624000000.0,2024-02-22,us-gaap:NetCashProvidedByUsedInOperatingActivities,D:\Programming\python_example\Arcana\data-lake\bronze\sec\companyfacts\CIK0001539838.json,YTD_MINUS_PRIOR_YTD_CASH_FLOW,820000000.0,2024-02-22,us-gaap:PaymentsToAcquireOilAndGasProperty,D:\Programming\python_example\Arcana\data-lake\bronze\sec\companyfacts\CIK0001539838.json,YTD_MINUS_PRIOR_YTD_CASH_FLOW,False,0.20705882352941177,INFERRED_FROM_NET_INCOME_PLUS_TAX,1205000000.0,DIRECT_GAAP_OPERATING_INCOME,955494117.6470588,833338823.5294118,122155294.11764705,ep,PRODUCTION_PLUS_REALIZED_PRICE,V3.5.3_GROUPED_REVENUE_PLUS_CONDITIONAL_COST_REINVESTMENT,2024-02-22,215,True,582000000.0,2024-02-22,us-gaap:CashAndCashEquivalentsAtCarryingValue,D:\Programming\python_example\Arcana\data-lake\bronze\sec\companyfacts\CIK0001539838.json,ORIGINAL_QUARTER_END_INSTANT_FACT,6641000000.0,2024-02-22,us-gaap:LongTermDebtNoncurrent,D:\Programming\python_example\Arcana\data-lake\bronze\sec\companyfacts\CIK0001539838.json,ORIGINAL_QUARTER_END_INSTANT_FACT,17430000000.0,2024-02-22,us-gaap:StockholdersEquityIncludingPortionAttributableToNoncontrollingInterest,D:\Programming\python_example\Arcana\data-lake\bronze\sec\companyfacts\CIK0001539838.json,ORIGINAL_QUARTER_END_INSTANT_FACT,0.0,6641000000.0,23489000000.0,2024-02-22,2024-02-22,us-gaap:LongTermDebtCurrent,D:\Programming\python_example\Arcana\data-lake\bronze\sec\companyfacts\CIK0001539838.json,ORIGINAL_QUARTER_END_INSTANT_FACT,True,8412000000.0,4570000000.0,3586705945.3843255,5920000000.0,2013000000.0,4044224900.469637,-457518955.0853114,175000000.0,912000000.0,9643000000.0,5168566928.868795,21781000000.0,22635000000.0,-12.765736803899197,54.32715168806467,48.0768533103856,15.845840271192072,-92.61481167941861,-12.755965001092026,True,2023,21781000000.0,23489000000.0,1708000000.0,-1581860983.48447,0.0,,False,1407000000.0,us-gaap:ProceedsFromSaleOfPropertyPlantAndEquipment,True,ZERO_FOR_DIAGNOSTIC_ONLY_NOT_AUTHORITATIVE_NO_EVENT_PROOF,3115000000.0,1102000000.0,0.1430145539690556,-50.78205404444526,DIAGNOSTIC_DENOMINATOR_ONLY_CASH_MNA_NORMALIZED,False,ACQUIRED_NOPAT_NOT_REMOVED_NONCASH_CONSIDERATION_AND_BOOK_VALUE_DIFFERENCES_REMAIN_IN_CAPITAL_BRIDGE_RESIDUAL
FANG,2024Q4,3711000000.0,2025-02-26,us-gaap:Revenues,D:\Programming\python_example\Arcana\data-lake\bronze\sec\companyfacts\CIK0001539838.json,DERIVED_Q4_FY_MINUS_Q1_Q2_Q3,1412000000.0,2025-02-26,us-gaap:OperatingIncomeLoss,D:\Programming\python_example\Arcana\data-lake\bronze\sec\companyfacts\CIK0001539838.json,Q4_FY_MINUS_Q1_Q2_Q3,1290000000.0,2025-02-26,us-gaap:ProfitLoss,D:\Programming\python_example\Arcana\data-lake\bronze\sec\companyfacts\CIK0001539838.json,Q4_FY_MINUS_Q1_Q2_Q3,115000000.0,2025-02-26,us-gaap:IncomeTaxExpenseBenefit,D:\Programming\python_example\Arcana\data-lake\bronze\sec\companyfacts\CIK0001539838.json,Q4_FY_MINUS_Q1_Q2_Q3,27000000.0,2025-02-26,us-gaap:InterestIncomeExpenseNonoperatingNet,D:\Programming\python_example\Arcana\data-lake\bronze\sec\companyfacts\CIK0001539838.json,Q4_FY_MINUS_Q1_Q2_Q3,2341000000.0,2025-02-26,us-gaap:NetCashProvidedByUsedInOperatingActivities,D:\Programming\python_example\Arcana\data-lake\bronze\sec\companyfacts\CIK0001539838.json,YTD_MINUS_PRIOR_YTD_CASH_FLOW,926000000.0,2025-02-26,us-gaap:PaymentsToAcquireOilAndGasProperty,D:\Programming\python_example\Arcana\data-lake\bronze\sec\companyfacts\CIK0001539838.json,YTD_MINUS_PRIOR_YTD_CASH_FLOW,False,0.08185053380782918,INFERRED_FROM_NET_INCOME_PLUS_TAX,1412000000.0,DIRECT_GAAP_OPERATING_INCOME,1296427046.2633452,1439790035.5871887,-143362989.32384348,ep,PRODUCTION_PLUS_REALIZED_PRICE,V3.5.3_GROUPED_REVENUE_PLUS_CONDITIONAL_COST_REINVESTMENT,2025-02-26,219,True,161000000.0,2025-02-26,us-gaap:CashAndCashEquivalentsAtCarryingValue,D:\Programming\python_example\Arcana\data-lake\bronze\sec\companyfacts\CIK0001539838.json,ORIGINAL_QUARTER_END_INSTANT_FACT,12075000000.0,2025-02-26,us-gaap:LongTermDebtNoncurrent,D:\Programming\python_example\Arcana\data-lake\bronze\sec\companyfacts\CIK0001539838.json,ORIGINAL_QUARTER_END_INSTANT_FACT,39862000000.0,2025-02-26,us-gaap:StockholdersEquityIncludingPortionAttributableToNoncontrollingInterest,D:\Programming\python_example\Arcana\data-lake\bronze\sec\companyfacts\CIK0001539838.json,ORIGINAL_QUARTER_END_INSTANT_FACT,900000000.0,12975000000.0,52676000000.0,2025-02-26,2025-02-26,us-gaap:DebtCurrent,D:\Programming\python_example\Arcana\data-lake\bronze\sec\companyfacts\CIK0001539838.json,ORIGINAL_QUARTER_END_INSTANT_FACT,True,11066000000.0,4396000000.0,3622226459.3968363,6413000000.0,8920000000.0,-2397942926.622412,6020169386.019247,135000000.0,800000000.0,8412000000.0,3586705945.3843255,23489000000.0,38082500000.0,31.550166428911087,39.725284655702154,-21.6694643649233,9.511524872045786,0.12169977734097638,166.20080090248445,True,2024,23489000000.0,52676000000.0,29187000000.0,35520514.01251078,0.0,,False,467000000.0,us-gaap:ProceedsFromSaleOfPropertyPlantAndEquipment,True,ZERO_FOR_DIAGNOSTIC_ONLY_NOT_AUTHORITATIVE_NO_EVENT_PROOF,29654000000.0,20734000000.0,1.2624632806845757,0.11978321309944956,DIAGNOSTIC_DENOMINATOR_ONLY_CASH_MNA_NORMALIZED,False,ACQUIRED_NOPAT_NOT_REMOVED_NONCASH_CONSIDERATION_AND_BOOK_VALUE_DIFFERENCES_REMAIN_IN_CAPITAL_BRIDGE_RESIDUAL
FANG,2025Q4,3376000000.0,2026-02-25,us-gaap:Revenues,D:\Programming\python_example\Arcana\data-lake\bronze\sec\companyfacts\CIK0001539838.json,DERIVED_Q4_FY_MINUS_Q1_Q2_Q3,-2782000000.0,2026-02-25,us-gaap:OperatingIncomeLoss,D:\Programming\python_example\Arcana\data-lake\bronze\sec\companyfacts\CIK0001539838.json,Q4_FY_MINUS_Q1_Q2_Q3,-1766000000.0,2026-02-25,us-gaap:ProfitLoss,D:\Programming\python_example\Arcana\data-lake\bronze\sec\companyfacts\CIK0001539838.json,Q4_FY_MINUS_Q1_Q2_Q3,-567000000.0,2026-02-25,us-gaap:IncomeTaxExpenseBenefit,D:\Programming\python_example\Arcana\data-lake\bronze\sec\companyfacts\CIK0001539838.json,Q4_FY_MINUS_Q1_Q2_Q3,78000000.0,2026-02-25,us-gaap:InterestIncomeExpenseNonoperatingNet,D:\Programming\python_example\Arcana\data-lake\bronze\sec\companyfacts\CIK0001539838.json,Q4_FY_MINUS_Q1_Q2_Q3,2343000000.0,2026-02-25,us-gaap:NetCashProvidedByUsedInOperatingActivities,D:\Programming\python_example\Arcana\data-lake\bronze\sec\companyfacts\CIK0001539838.json,YTD_MINUS_PRIOR_YTD_CASH_FLOW,527000000.0,2026-02-25,us-gaap:PaymentsToAcquireOilAndGasProperty,D:\Programming\python_example\Arcana\data-lake\bronze\sec\companyfacts\CIK0001539838.json,YTD_MINUS_PRIOR_YTD_CASH_FLOW,False,0.21,US_STATUTORY_21PCT_FALLBACK,-2782000000.0,DIRECT_GAAP_OPERATING_INCOME,-2197780000.0,1877620000.0,-4075400000.0,ep,PRODUCTION_PLUS_REALIZED_PRICE,V3.5.3_GROUPED_REVENUE_PLUS_CONDITIONAL_COST_REINVESTMENT,2026-02-25,223,True,104000000.0,2026-02-25,us-gaap:CashAndCashEquivalentsAtCarryingValue,D:\Programming\python_example\Arcana\data-lake\bronze\sec\companyfacts\CIK0001539838.json,ORIGINAL_QUARTER_END_INSTANT_FACT,13726000000.0,2026-02-25,us-gaap:LongTermDebtNoncurrent,D:\Programming\python_example\Arcana\data-lake\bronze\sec\companyfacts\CIK0001539838.json,ORIGINAL_QUARTER_END_INSTANT_FACT,42967000000.0,2026-02-25,us-gaap:StockholdersEquityIncludingPortionAttributableToNoncontrollingInterest,D:\Programming\python_example\Arcana\data-lake\bronze\sec\companyfacts\CIK0001539838.json,ORIGINAL_QUARTER_END_INSTANT_FACT,763000000.0,14489000000.0,57352000000.0,2026-02-25,2026-02-25,us-gaap:DebtCurrent,D:\Programming\python_example\Arcana\data-lake\bronze\sec\companyfacts\CIK0001539838.json,ORIGINAL_QUARTER_END_INSTANT_FACT,True,15026000000.0,1266000000.0,988914443.7301097,8758000000.0,5938000000.0,3012330150.6763587,-2023415706.9462497,244000000.0,327000000.0,11066000000.0,3622226459.3968363,52676000000.0,55014000000.0,35.78528827037773,8.425395980300813,20.04745208755729,1.7975686983860646,-56.315483654121614,-204.6097839681743,True,2025,52676000000.0,57352000000.0,4676000000.0,-2633312015.6667266,0.0,,False,0.0,,False,ZERO_FOR_DIAGNOSTIC_ONLY_NOT_AUTHORITATIVE_NO_EVENT_PROOF,4676000000.0,-1262000000.0,0.08876907889741059,-56.315483654121614,DIAGNOSTIC_DENOMINATOR_ONLY_CASH_MNA_NORMALIZED,False,ACQUIRED_NOPAT_NOT_REMOVED_NONCASH_CONSIDERATION_AND_BOOK_VALUE_DIFFERENCES_REMAIN_IN_CAPITAL_BRIDGE_RESIDUAL
MGY,2019Q4,229711000.0,2020-02-26,us-gaap:Revenues,D:\Programming\python_example\Arcana\data-lake\bronze\sec\companyfacts\CIK0001698990.json,DERIVED_Q4_FY_MINUS_Q1_Q2_Q3,22686000.0,2020-02-26,us-gaap:OperatingIncomeLoss,D:\Programming\python_example\Arcana\data-lake\bronze\sec\companyfacts\CIK0001698990.json,Q4_FY_MINUS_Q1_Q2_Q3,13632000.0,2020-02-26,us-gaap:ProfitLoss,D:\Programming\python_example\Arcana\data-lake\bronze\sec\companyfacts\CIK0001698990.json,Q4_FY_MINUS_Q1_Q2_Q3,2311000.0,2020-02-26,us-gaap:IncomeTaxExpenseBenefit,D:\Programming\python_example\Arcana\data-lake\bronze\sec\companyfacts\CIK0001698990.json,Q4_FY_MINUS_Q1_Q2_Q3,,,,,,159008000.0,2020-02-26,us-gaap:NetCashProvidedByUsedInOperatingActivities,D:\Programming\python_example\Arcana\data-lake\bronze\sec\companyfacts\CIK0001698990.json,YTD_MINUS_PRIOR_YTD_CASH_FLOW,70176000.0,2020-02-26,us-gaap:PaymentsToAcquireOilAndGasPropertyAndEquipment,D:\Programming\python_example\Arcana\data-lake\bronze\sec\companyfacts\CIK0001698990.json,YTD_MINUS_PRIOR_YTD_CASH_FLOW,False,0.14495389826256036,INFERRED_FROM_NET_INCOME_PLUS_TAX,22686000.0,DIRECT_GAAP_OPERATING_INCOME,19397575.864015557,,,ep,PRODUCTION_PLUS_REALIZED_PRICE,V3.5.3_GROUPED_REVENUE_PLUS_CONDITIONAL_COST_REINVESTMENT,2020-02-26,199,False,182633000.0,2020-02-26,us-gaap:CashAndCashEquivalentsAtCarryingValue,D:\Programming\python_example\Arcana\data-lake\bronze\sec\companyfacts\CIK0001698990.json,ORIGINAL_QUARTER_END_INSTANT_FACT,389835000.0,2020-02-26,us-gaap:LongTermDebtNoncurrent,D:\Programming\python_example\Arcana\data-lake\bronze\sec\companyfacts\CIK0001698990.json,ORIGINAL_QUARTER_END_INSTANT_FACT,2728529000.0,2020-02-26,us-gaap:StockholdersEquityIncludingPortionAttributableToNoncontrollingInterest,D:\Programming\python_example\Arcana\data-lake\bronze\sec\companyfacts\CIK0001698990.json,ORIGINAL_QUARTER_END_INSTANT_FACT,0.0,389835000.0,2935731000.0,2020-02-26,,,,,False,936142000.0,127502000.0,108602924.20361046,647619000.0,435035000.0,,,,14760000.0,0.0,-8948738.92,4757939.0,1470244469.5,inf,13.619942273714885,,7.386725572281465,4.010670199865425,,False,2019,4757939.0,2935731000.0,2930973061.0,117551663.12361047,-4250000.0,us-gaap:PaymentsToAcquireBusinessesNetOfCashAcquired,True,0.0,,False,ZERO_FOR_DIAGNOSTIC_ONLY_NOT_AUTHORITATIVE_NO_EVENT_PROOF,2935223061.0,2500188061.0,616.9106121368937,4.004863026783451,DIAGNOSTIC_DENOMINATOR_ONLY_CASH_MNA_NORMALIZED,False,ACQUIRED_NOPAT_NOT_REMOVED_NONCASH_CONSIDERATION_AND_BOOK_VALUE_DIFFERENCES_REMAIN_IN_CAPITAL_BRIDGE_RESIDUAL
MGY,2020Q4,149235000.0,2021-02-23,us-gaap:Revenues,D:\Programming\python_example\Arcana\data-lake\bronze\sec\companyfacts\CIK0001698990.json,DERIVED_Q4_FY_MINUS_Q1_Q2_Q3,42664000.0,2021-02-23,us-gaap:OperatingIncomeLoss,D:\Programming\python_example\Arcana\data-lake\bronze\sec\companyfacts\CIK0001698990.json,Q4_FY_MINUS_Q1_Q2_Q3,42012000.0,2021-02-23,us-gaap:ProfitLoss,D:\Programming\python_example\Arcana\data-lake\bronze\sec\companyfacts\CIK0001698990.json,Q4_FY_MINUS_Q1_Q2_Q3,1000.0,2021-02-23,us-gaap:IncomeTaxExpenseBenefit,D:\Programming\python_example\Arcana\data-lake\bronze\sec\companyfacts\CIK0001698990.json,Q4_FY_MINUS_Q1_Q2_Q3,7352000.0,2021-02-23,us-gaap:InterestIncomeExpenseNet,D:\Programming\python_example\Arcana\data-lake\bronze\sec\companyfacts\CIK0001698990.json,Q4_FY_MINUS_Q1_Q2_Q3,79122000.0,2021-02-23,us-gaap:NetCashProvidedByUsedInOperatingActivities,D:\Programming\python_example\Arcana\data-lake\bronze\sec\companyfacts\CIK0001698990.json,YTD_MINUS_PRIOR_YTD_CASH_FLOW,40533000.0,2021-02-23,us-gaap:PaymentsToAcquireOilAndGasPropertyAndEquipment,D:\Programming\python_example\Arcana\data-lake\bronze\sec\companyfacts\CIK0001698990.json,YTD_MINUS_PRIOR_YTD_CASH_FLOW,False,2.380215647537667e-05,INFERRED_FROM_NET_INCOME_PLUS_TAX,42664000.0,DIRECT_GAAP_OPERATING_INCOME,42662984.50479613,45940825.00654559,-3277840.501749456,ep,PRODUCTION_PLUS_REALIZED_PRICE,V3.5.3_GROUPED_REVENUE_PLUS_CONDITIONAL_COST_REINVESTMENT,2021-02-23,203,True,192561000.0,2021-02-23,us-gaap:CashAndCashEquivalentsAtCarryingValue,D:\Programming\python_example\Arcana\data-lake\bronze\sec\companyfacts\CIK0001698990.json,ORIGINAL_QUARTER_END_INSTANT_FACT,391115000.0,2021-02-23,us-gaap:LongTermDebtNoncurrent,D:\Programming\python_example\Arcana\data-lake\bronze\sec\companyfacts\CIK0001698990.json,ORIGINAL_QUARTER_END_INSTANT_FACT,839422000.0,2021-02-23,us-gaap:StockholdersEquityIncludingPortionAttributableToNoncontrollingInterest,D:\Programming\python_example\Arcana\data-lake\bronze\sec\companyfacts\CIK0001698990.json,ORIGINAL_QUARTER_END_INSTANT_FACT,0.0,391115000.0,1037976000.0,2021-02-23,,,,,True,534506000.0,-1925666000.0,-1512317715.495204,310121000.0,197858000.0,136478165.0065456,-1648795880.5017495,28698000.0,-79340000.0,936142000.0,108602924.20361046,2935731000.0,1986853500.0,-42.90332022278671,-360.2702308299626,25.533514124545952,-76.11621669615822,85.41253426805959,109.02443736578569,True,2020,2935731000.0,1037976000.0,-1897755000.0,-1620920639.6988144,0.0,us-gaap:PaymentsToAcquireBusinessesNetOfCashAcquired,True,0.0,,False,ZERO_FOR_DIAGNOSTIC_ONLY_NOT_AUTHORITATIVE_NO_EVENT_PROOF,-1897755000.0,-2095613000.0,-0.6464335458528047,,LOCKED_NONPOSITIVE_SMALL_OR_INCOMPLETE_NORMALIZED_DENOMINATOR,False,ACQUIRED_NOPAT_NOT_REMOVED_NONCASH_CONSIDERATION_AND_BOOK_VALUE_DIFFERENCES_REMAIN_IN_CAPITAL_BRIDGE_RESIDUAL
MGY,2021Q4,336383000.0,2022-02-17,us-gaap:Revenues,D:\Programming\python_example\Arcana\data-lake\bronze\sec\companyfacts\CIK0001698990.json,DERIVED_Q4_FY_MINUS_Q1_Q2_Q3,202014000.0,2022-02-17,us-gaap:OperatingIncomeLoss,D:\Programming\python_example\Arcana\data-lake\bronze\sec\companyfacts\CIK0001698990.json,Q4_FY_MINUS_Q1_Q2_Q3,192145000.0,2022-02-17,us-gaap:ProfitLoss,D:\Programming\python_example\Arcana\data-lake\bronze\sec\companyfacts\CIK0001698990.json,Q4_FY_MINUS_Q1_Q2_Q3,2423000.0,2022-02-17,us-gaap:IncomeTaxExpenseBenefit,D:\Programming\python_example\Arcana\data-lake\bronze\sec\companyfacts\CIK0001698990.json,Q4_FY_MINUS_Q1_Q2_Q3,7482000.0,2022-02-17,us-gaap:InterestIncomeExpenseNet,D:\Programming\python_example\Arcana\data-lake\bronze\sec\companyfacts\CIK0001698990.json,Q4_FY_MINUS_Q1_Q2_Q3,260542000.0,2022-02-17,us-gaap:NetCashProvidedByUsedInOperatingActivities,D:\Programming\python_example\Arcana\data-lake\bronze\sec\companyfacts\CIK0001698990.json,YTD_MINUS_PRIOR_YTD_CASH_FLOW,73682000.0,2022-02-17,us-gaap:PaymentsToAcquireOilAndGasPropertyAndEquipment,D:\Programming\python_example\Arcana\data-lake\bronze\sec\companyfacts\CIK0001698990.json,YTD_MINUS_PRIOR_YTD_CASH_FLOW,False,0.012453229719172731,INFERRED_FROM_NET_INCOME_PLUS_TAX,202014000.0,DIRECT_GAAP_OPERATING_INCOME,199498273.25151104,194248824.93524116,5249448.316269875,ep,PRODUCTION_PLUS_REALIZED_PRICE,V3.5.3_GROUPED_REVENUE_PLUS_CONDITIONAL_COST_REINVESTMENT,2022-02-17,207,True,366982000.0,2022-02-17,us-gaap:CashAndCashEquivalentsAtCarryingValue,D:\Programming\python_example\Arcana\data-lake\bronze\sec\companyfacts\CIK0001698990.json,ORIGINAL_QUARTER_END_INSTANT_FACT,388087000.0,2022-02-17,us-gaap:LongTermDebtNoncurrent,D:\Programming\python_example\Arcana\data-lake\bronze\sec\companyfacts\CIK0001698990.json,ORIGINAL_QUARTER_END_INSTANT_FACT,1045249000.0,2022-02-17,us-gaap:StockholdersEquityIncludingPortionAttributableToNoncontrollingInterest,D:\Programming\python_example\Arcana\data-lake\bronze\sec\companyfacts\CIK0001698990.json,ORIGINAL_QUARTER_END_INSTANT_FACT,0.0,388087000.0,1066354000.0,2022-02-17,,,,,True,1078351000.0,602594000.0,593224088.8168472,788477000.0,236426000.0,582585206.5682923,10638882.24855496,31002000.0,8851000.0,534506000.0,-1512317715.495204,1037976000.0,1052165000.0,101.7472207982698,55.88106284502913,54.025563714253735,56.38127943971214,7419.627191176444,1.7934002426930478,True,2021,1037976000.0,1066354000.0,28378000.0,2105541804.3120513,0.0,us-gaap:PaymentsToAcquireBusinessesNetOfCashAcquired,True,0.0,,False,ZERO_FOR_DIAGNOSTIC_ONLY_NOT_AUTHORITATIVE_NO_EVENT_PROOF,28378000.0,-208048000.0,0.02733974581300531,7419.627191176444,DIAGNOSTIC_DENOMINATOR_ONLY_CASH_MNA_NORMALIZED,False,ACQUIRED_NOPAT_NOT_REMOVED_NONCASH_CONSIDERATION_AND_BOOK_VALUE_DIFFERENCES_REMAIN_IN_CAPITAL_BRIDGE_RESIDUAL
MGY,2022Q4,349042000.0,2023-02-16,us-gaap:Revenues,D:\Programming\python_example\Arcana\data-lake\bronze\sec\companyfacts\CIK0001698990.json,DERIVED_Q4_FY_MINUS_Q1_Q2_Q3,197907000.0,2023-02-16,us-gaap:OperatingIncomeLoss,D:\Programming\python_example\Arcana\data-lake\bronze\sec\companyfacts\CIK0001698990.json,Q4_FY_MINUS_Q1_Q2_Q3,254761000.0,2023-02-16,us-gaap:ProfitLoss,D:\Programming\python_example\Arcana\data-lake\bronze\sec\companyfacts\CIK0001698990.json,Q4_FY_MINUS_Q1_Q2_Q3,-58695000.0,2023-02-16,us-gaap:IncomeTaxExpenseBenefit,D:\Programming\python_example\Arcana\data-lake\bronze\sec\companyfacts\CIK0001698990.json,Q4_FY_MINUS_Q1_Q2_Q3,1805000.0,2023-02-16,us-gaap:InterestIncomeExpenseNet,D:\Programming\python_example\Arcana\data-lake\bronze\sec\companyfacts\CIK0001698990.json,Q4_FY_MINUS_Q1_Q2_Q3,268002000.0,2023-02-16,us-gaap:NetCashProvidedByUsedInOperatingActivities,D:\Programming\python_example\Arcana\data-lake\bronze\sec\companyfacts\CIK0001698990.json,YTD_MINUS_PRIOR_YTD_CASH_FLOW,141629000.0,2023-02-16,us-gaap:PaymentsToAcquireOilAndGasPropertyAndEquipment,D:\Programming\python_example\Arcana\data-lake\bronze\sec\companyfacts\CIK0001698990.json,YTD_MINUS_PRIOR_YTD_CASH_FLOW,False,0.21,US_STATUTORY_21PCT_FALLBACK,197907000.0,DIRECT_GAAP_OPERATING_INCOME,156346530.0,127798950.0,28547580.0,ep,PRODUCTION_PLUS_REALIZED_PRICE,V3.5.3_GROUPED_REVENUE_PLUS_CONDITIONAL_COST_REINVESTMENT,2023-02-16,211,True,675441000.0,2023-02-16,us-gaap:CashAndCashEquivalentsAtCarryingValue,D:\Programming\python_example\Arcana\data-lake\bronze\sec\companyfacts\CIK0001698990.json,ORIGINAL_QUARTER_END_INSTANT_FACT,390383000.0,2023-02-16,us-gaap:LongTermDebtNoncurrent,D:\Programming\python_example\Arcana\data-lake\bronze\sec\companyfacts\CIK0001698990.json,ORIGINAL_QUARTER_END_INSTANT_FACT,1740191000.0,2023-02-16,us-gaap:StockholdersEquityIncludingPortionAttributableToNoncontrollingInterest,D:\Programming\python_example\Arcana\data-lake\bronze\sec\companyfacts\CIK0001698990.json,ORIGINAL_QUARTER_END_INSTANT_FACT,0.0,390383000.0,1455133000.0,2023-02-16,,,,,True,1694493000.0,1073786000.0,965778226.0040375,1296687000.0,465139000.0,852934607.4632862,112843618.5407514,23442000.0,6638000.0,1078351000.0,593224088.8168472,1066354000.0,1260743500.0,57.137425569225606,63.36916115911957,50.335681968782765,76.60386319691813,95.82671316794125,11.684216469411233,True,2022,1066354000.0,1455133000.0,388779000.0,372554137.1871903,0.0,,False,0.0,,False,ZERO_FOR_DIAGNOSTIC_ONLY_NOT_AUTHORITATIVE_NO_EVENT_PROOF,388779000.0,-76360000.0,0.36458718211775826,95.82671316794125,DIAGNOSTIC_DENOMINATOR_ONLY_CASH_MNA_NORMALIZED,False,ACQUIRED_NOPAT_NOT_REMOVED_NONCASH_CONSIDERATION_AND_BOOK_VALUE_DIFFERENCES_REMAIN_IN_CAPITAL_BRIDGE_RESIDUAL
MGY,2023Q4,322628000.0,2024-02-15,us-gaap:Revenues,D:\Programming\python_example\Arcana\data-lake\bronze\sec\companyfacts\CIK0001698990.json,DERIVED_Q4_FY_MINUS_Q1_Q2_Q3,138086000.0,2024-02-15,us-gaap:OperatingIncomeLoss,D:\Programming\python_example\Arcana\data-lake\bronze\sec\companyfacts\CIK0001698990.json,Q4_FY_MINUS_Q1_Q2_Q3,113854000.0,2024-02-15,us-gaap:ProfitLoss,D:\Programming\python_example\Arcana\data-lake\bronze\sec\companyfacts\CIK0001698990.json,Q4_FY_MINUS_Q1_Q2_Q3,31545000.0,2024-02-15,us-gaap:IncomeTaxExpenseBenefit,D:\Programming\python_example\Arcana\data-lake\bronze\sec\companyfacts\CIK0001698990.json,Q4_FY_MINUS_Q1_Q2_Q3,405000.0,2024-02-15,us-gaap:InterestIncomeExpenseNet,D:\Programming\python_example\Arcana\data-lake\bronze\sec\companyfacts\CIK0001698990.json,Q4_FY_MINUS_Q1_Q2_Q3,246882000.0,2024-02-15,us-gaap:NetCashProvidedByUsedInOperatingActivities,D:\Programming\python_example\Arcana\data-lake\bronze\sec\companyfacts\CIK0001698990.json,YTD_MINUS_PRIOR_YTD_CASH_FLOW,92835000.0,2024-02-15,us-gaap:PaymentsToAcquireOilAndGasPropertyAndEquipment,D:\Programming\python_example\Arcana\data-lake\bronze\sec\companyfacts\CIK0001698990.json,YTD_MINUS_PRIOR_YTD_CASH_FLOW,False,0.21695472458545106,INFERRED_FROM_NET_INCOME_PLUS_TAX,138086000.0,DIRECT_GAAP_OPERATING_INCOME,108127589.9008934,154364133.3365429,-46236543.4356495,ep,PRODUCTION_PLUS_REALIZED_PRICE,V3.5.3_GROUPED_REVENUE_PLUS_CONDITIONAL_COST_REINVESTMENT,2024-02-15,215,True,401121000.0,2024-02-15,us-gaap:CashAndCashEquivalentsAtCarryingValue,D:\Programming\python_example\Arcana\data-lake\bronze\sec\companyfacts\CIK0001698990.json,ORIGINAL_QUARTER_END_INSTANT_FACT,392839000.0,2024-02-15,us-gaap:LongTermDebtNoncurrent,D:\Programming\python_example\Arcana\data-lake\bronze\sec\companyfacts\CIK0001698990.json,ORIGINAL_QUARTER_END_INSTANT_FACT,1882668000.0,2024-02-15,us-gaap:StockholdersEquityIncludingPortionAttributableToNoncontrollingInterest,D:\Programming\python_example\Arcana\data-lake\bronze\sec\companyfacts\CIK0001698990.json,ORIGINAL_QUARTER_END_INSTANT_FACT,0.0,392839000.0,1874386000.0,2024-02-15,,,,,True,1226979000.0,534485000.0,430435763.8538797,855789000.0,424890000.0,433372927.1663876,-2937163.3125078976,3075000.0,107208000.0,1694493000.0,965778226.0040375,1455133000.0,1664759500.0,-27.590199546412997,43.56105524218426,35.32032146975519,25.85573254598515,-127.68959605540277,-0.6823697190517325,True,2023,1455133000.0,1874386000.0,419253000.0,-535342462.1501578,0.0,,False,0.0,,False,ZERO_FOR_DIAGNOSTIC_ONLY_NOT_AUTHORITATIVE_NO_EVENT_PROOF,419253000.0,-5637000.0,0.2881200550052813,-127.68959605540277,DIAGNOSTIC_DENOMINATOR_ONLY_CASH_MNA_NORMALIZED,False,ACQUIRED_NOPAT_NOT_REMOVED_NONCASH_CONSIDERATION_AND_BOOK_VALUE_DIFFERENCES_REMAIN_IN_CAPITAL_BRIDGE_RESIDUAL
MGY,2024Q4,326609000.0,2025-02-19,us-gaap:Revenues,D:\Programming\python_example\Arcana\data-lake\bronze\sec\companyfacts\CIK0001698990.json,DERIVED_Q4_FY_MINUS_Q1_Q2_Q3,124067000.0,2025-02-19,us-gaap:OperatingIncomeLoss,D:\Programming\python_example\Arcana\data-lake\bronze\sec\companyfacts\CIK0001698990.json,Q4_FY_MINUS_Q1_Q2_Q3,88708000.0,2025-02-19,us-gaap:ProfitLoss,D:\Programming\python_example\Arcana\data-lake\bronze\sec\companyfacts\CIK0001698990.json,Q4_FY_MINUS_Q1_Q2_Q3,22178000.0,2025-02-19,us-gaap:IncomeTaxExpenseBenefit,D:\Programming\python_example\Arcana\data-lake\bronze\sec\companyfacts\CIK0001698990.json,Q4_FY_MINUS_Q1_Q2_Q3,,,,,,222627000.0,2025-02-19,us-gaap:NetCashProvidedByUsedInOperatingActivities,D:\Programming\python_example\Arcana\data-lake\bronze\sec\companyfacts\CIK0001698990.json,YTD_MINUS_PRIOR_YTD_CASH_FLOW,134794000.0,2025-02-19,us-gaap:PaymentsToAcquireOilAndGasPropertyAndEquipment,D:\Programming\python_example\Arcana\data-lake\bronze\sec\companyfacts\CIK0001698990.json,YTD_MINUS_PRIOR_YTD_CASH_FLOW,False,0.20000721461681367,INFERRED_FROM_NET_INCOME_PLUS_TAX,124067000.0,DIRECT_GAAP_OPERATING_INCOME,99252704.90413578,,,ep,PRODUCTION_PLUS_REALIZED_PRICE,V3.5.3_GROUPED_REVENUE_PLUS_CONDITIONAL_COST_REINVESTMENT,2025-02-19,219,False,260049000.0,2025-02-19,us-gaap:CashAndCashEquivalentsAtCarryingValue,D:\Programming\python_example\Arcana\data-lake\bronze\sec\companyfacts\CIK0001698990.json,ORIGINAL_QUARTER_END_INSTANT_FACT,392513000.0,2025-02-19,us-gaap:LongTermDebtNoncurrent,D:\Programming\python_example\Arcana\data-lake\bronze\sec\companyfacts\CIK0001698990.json,ORIGINAL_QUARTER_END_INSTANT_FACT,1967326000.0,2025-02-19,us-gaap:StockholdersEquityIncludingPortionAttributableToNoncontrollingInterest,D:\Programming\python_example\Arcana\data-lake\bronze\sec\companyfacts\CIK0001698990.json,ORIGINAL_QUARTER_END_INSTANT_FACT,0.0,392513000.0,2099790000.0,2025-02-19,,,,,False,1315886000.0,511988000.0,412582237.8809387,920850000.0,486729000.0,,,,95813000.0,1226979000.0,430435763.8538797,1874386000.0,1987088000.0,7.246008285390371,38.908233691976356,,20.763158847566825,-7.920678414287671,,False,2024,1874386000.0,2099790000.0,225404000.0,-17853525.97294098,165424000.0,us-gaap:PaymentsToAcquireBusinessesNetOfCashAcquired,True,0.0,,False,ZERO_FOR_DIAGNOSTIC_ONLY_NOT_AUTHORITATIVE_NO_EVENT_PROOF,59980000.0,-426749000.0,0.03199981220517012,-29.765798554419774,DIAGNOSTIC_DENOMINATOR_ONLY_CASH_MNA_NORMALIZED,False,ACQUIRED_NOPAT_NOT_REMOVED_NONCASH_CONSIDERATION_AND_BOOK_VALUE_DIFFERENCES_REMAIN_IN_CAPITAL_BRIDGE_RESIDUAL
MGY,2025Q4,317629000.0,2026-02-12,us-gaap:Revenues,D:\Programming\python_example\Arcana\data-lake\bronze\sec\companyfacts\CIK0001698990.json,DERIVED_Q4_FY_MINUS_Q1_Q2_Q3,94081000.0,2026-02-12,us-gaap:OperatingIncomeLoss,D:\Programming\python_example\Arcana\data-lake\bronze\sec\companyfacts\CIK0001698990.json,Q4_FY_MINUS_Q1_Q2_Q3,71370000.0,2026-02-12,us-gaap:ProfitLoss,D:\Programming\python_example\Arcana\data-lake\bronze\sec\companyfacts\CIK0001698990.json,Q4_FY_MINUS_Q1_Q2_Q3,16849000.0,2026-02-12,us-gaap:IncomeTaxExpenseBenefit,D:\Programming\python_example\Arcana\data-lake\bronze\sec\companyfacts\CIK0001698990.json,Q4_FY_MINUS_Q1_Q2_Q3,5399000.0,2026-02-12,us-gaap:InterestIncomeExpenseNonoperatingNet,D:\Programming\python_example\Arcana\data-lake\bronze\sec\companyfacts\CIK0001698990.json,Q4_FY_MINUS_Q1_Q2_Q3,208396000.0,2026-02-12,us-gaap:NetCashProvidedByUsedInOperatingActivities,D:\Programming\python_example\Arcana\data-lake\bronze\sec\companyfacts\CIK0001698990.json,YTD_MINUS_PRIOR_YTD_CASH_FLOW,118974000.0,2026-02-12,us-gaap:PaymentsToAcquireOilAndGasPropertyAndEquipment,D:\Programming\python_example\Arcana\data-lake\bronze\sec\companyfacts\CIK0001698990.json,YTD_MINUS_PRIOR_YTD_CASH_FLOW,False,0.19099060293134132,INFERRED_FROM_NET_INCOME_PLUS_TAX,94081000.0,DIRECT_GAAP_OPERATING_INCOME,76112413.08561648,93789841.7347737,-17677428.64915721,ep,PRODUCTION_PLUS_REALIZED_PRICE,V3.5.3_GROUPED_REVENUE_PLUS_CONDITIONAL_COST_REINVESTMENT,2026-05-07,223,True,266785000.0,2026-02-12,us-gaap:CashAndCashEquivalentsAtCarryingValue,D:\Programming\python_example\Arcana\data-lake\bronze\sec\companyfacts\CIK0001698990.json,ORIGINAL_QUARTER_END_INSTANT_FACT,393251000.0,2026-05-07,us-gaap:LongTermDebtNoncurrent,D:\Programming\python_example\Arcana\data-lake\bronze\sec\companyfacts\CIK0001698990.json,ORIGINAL_QUARTER_END_INSTANT_FACT,1999173000.0,2026-02-12,us-gaap:StockholdersEquityIncludingPortionAttributableToNoncontrollingInterest,D:\Programming\python_example\Arcana\data-lake\bronze\sec\companyfacts\CIK0001698990.json,ORIGINAL_QUARTER_END_INSTANT_FACT,0.0,393251000.0,2125639000.0,2026-05-07,,,,,True,1311845000.0,439181000.0,354872593.8852327,878639000.0,469477000.0,426628552.2966647,-71755958.41143201,21617000.0,80132000.0,1315886000.0,412582237.8809387,2099790000.0,2112714500.0,-0.3070934716229212,33.478116698237976,32.521262214412886,16.796997127876608,-223.25677587413836,-20.22020286938196,True,2025,2099790000.0,2125639000.0,25849000.0,-57709643.99570602,66588000.0,us-gaap:PaymentsToAcquireBusinessesNetOfCashAcquired,True,0.0,,False,ZERO_FOR_DIAGNOSTIC_ONLY_NOT_AUTHORITATIVE_NO_EVENT_PROOF,-40739000.0,-510216000.0,-0.0194014639559194,,LOCKED_NONPOSITIVE_SMALL_OR_INCOMPLETE_NORMALIZED_DENOMINATOR,False,ACQUIRED_NOPAT_NOT_REMOVED_NONCASH_CONSIDERATION_AND_BOOK_VALUE_DIFFERENCES_REMAIN_IN_CAPITAL_BRIDGE_RESIDUAL
MTDR,2018Q4,209152000.0,2019-03-01,us-gaap:RevenueFromContractWithCustomerExcludingAssessedTax,D:\Programming\python_example\Arcana\data-lake\bronze\sec\companyfacts\CIK0001520006.json,DERIVED_Q4_FY_MINUS_Q1_Q2_Q3,148063000.0,2019-03-01,us-gaap:OperatingIncomeLoss,D:\Programming\python_example\Arcana\data-lake\bronze\sec\companyfacts\CIK0001520006.json,Q4_FY_MINUS_Q1_Q2_Q3,144088000.0,2019-03-01,us-gaap:ProfitLoss,D:\Programming\python_example\Arcana\data-lake\bronze\sec\companyfacts\CIK0001520006.json,Q4_FY_MINUS_Q1_Q2_Q3,,,,,,14492000.0,2019-03-01,us-gaap:InterestExpense,D:\Programming\python_example\Arcana\data-lake\bronze\sec\companyfacts\CIK0001520006.json,Q4_FY_MINUS_Q1_Q2_Q3,189205000.0,2019-03-01,us-gaap:NetCashProvidedByUsedInOperatingActivities,D:\Programming\python_example\Arcana\data-lake\bronze\sec\companyfacts\CIK0001520006.json,YTD_MINUS_PRIOR_YTD_CASH_FLOW,43545000.0,2019-03-01,us-gaap:PaymentsToAcquireOtherPropertyPlantAndEquipment,D:\Programming\python_example\Arcana\data-lake\bronze\sec\companyfacts\CIK0001520006.json,YTD_MINUS_PRIOR_YTD_CASH_FLOW,False,0.21,US_STATUTORY_21PCT_FALLBACK,148063000.0,DIRECT_GAAP_OPERATING_INCOME,116969770.0,157108680.0,-40138910.0,ep,PRODUCTION_PLUS_REALIZED_PRICE,V3.5.3_GROUPED_REVENUE_PLUS_CONDITIONAL_COST_REINVESTMENT,2019-03-01,195,True,64545000.0,2019-03-01,us-gaap:CashAndCashEquivalentsAtCarryingValue,D:\Programming\python_example\Arcana\data-lake\bronze\sec\companyfacts\CIK0001520006.json,ORIGINAL_QUARTER_END_INSTANT_FACT,0.0,,,,,1779657000.0,2019-03-01,us-gaap:StockholdersEquityIncludingPortionAttributableToNoncontrollingInterest,D:\Programming\python_example\Arcana\data-lake\bronze\sec\companyfacts\CIK0001520006.json,ORIGINAL_QUARTER_END_INSTANT_FACT,0.0,0.0,1715112000.0,2019-03-01,,,,,True,829691000.0,363271000.0,286984090.0,608523000.0,165784000.0,475387330.0,-188403240.0,41327000.0,,,152225750.0,1161041000.0,1438076500.0,,43.783890629161945,57.29691294710923,19.956107341994674,24.321493093845373,-65.64936753114084,True,2018,1161041000.0,1715112000.0,554071000.0,134758340.0,0.0,,False,0.0,,False,ZERO_FOR_DIAGNOSTIC_ONLY_NOT_AUTHORITATIVE_NO_EVENT_PROOF,554071000.0,388287000.0,0.47721915074489185,24.321493093845373,DIAGNOSTIC_DENOMINATOR_ONLY_CASH_MNA_NORMALIZED,False,ACQUIRED_NOPAT_NOT_REMOVED_NONCASH_CONSIDERATION_AND_BOOK_VALUE_DIFFERENCES_REMAIN_IN_CAPITAL_BRIDGE_RESIDUAL
MTDR,2019Q4,310986000.0,2020-03-02,us-gaap:RevenueFromContractWithCustomerExcludingAssessedTax,D:\Programming\python_example\Arcana\data-lake\bronze\sec\companyfacts\CIK0001520006.json,DERIVED_Q4_FY_MINUS_Q1_Q2_Q3,65048000.0,2020-03-02,us-gaap:OperatingIncomeLoss,D:\Programming\python_example\Arcana\data-lake\bronze\sec\companyfacts\CIK0001520006.json,Q4_FY_MINUS_Q1_Q2_Q3,33642000.0,2020-03-02,us-gaap:ProfitLoss,D:\Programming\python_example\Arcana\data-lake\bronze\sec\companyfacts\CIK0001520006.json,Q4_FY_MINUS_Q1_Q2_Q3,10197000.0,2020-03-02,us-gaap:IncomeTaxExpenseBenefit,D:\Programming\python_example\Arcana\data-lake\bronze\sec\companyfacts\CIK0001520006.json,Q4_FY_MINUS_Q1_Q2_Q3,19701000.0,2020-03-02,us-gaap:InterestExpense,D:\Programming\python_example\Arcana\data-lake\bronze\sec\companyfacts\CIK0001520006.json,Q4_FY_MINUS_Q1_Q2_Q3,198915000.0,2020-03-02,us-gaap:NetCashProvidedByUsedInOperatingActivities,D:\Programming\python_example\Arcana\data-lake\bronze\sec\companyfacts\CIK0001520006.json,YTD_MINUS_PRIOR_YTD_CASH_FLOW,210000.0,2020-03-02,us-gaap:PaymentsToAcquireOtherPropertyPlantAndEquipment,D:\Programming\python_example\Arcana\data-lake\bronze\sec\companyfacts\CIK0001520006.json,YTD_MINUS_PRIOR_YTD_CASH_FLOW,False,0.23260110860192978,INFERRED_FROM_NET_INCOME_PLUS_TAX,65048000.0,DIRECT_GAAP_OPERATING_INCOME,49917763.087661676,213823525.55943337,-163905762.4717717,ep,PRODUCTION_PLUS_REALIZED_PRICE,V3.5.3_GROUPED_REVENUE_PLUS_CONDITIONAL_COST_REINVESTMENT,2020-03-02,199,True,40024000.0,2020-03-02,us-gaap:CashAndCashEquivalentsAtCarryingValue,D:\Programming\python_example\Arcana\data-lake\bronze\sec\companyfacts\CIK0001520006.json,ORIGINAL_QUARTER_END_INSTANT_FACT,0.0,,,,,1969452000.0,2020-03-02,us-gaap:StockholdersEquityIncludingPortionAttributableToNoncontrollingInterest,D:\Programming\python_example\Arcana\data-lake\bronze\sec\companyfacts\CIK0001520006.json,ORIGINAL_QUARTER_END_INSTANT_FACT,0.0,0.0,1929428000.0,2020-03-02,,,,,True,1026204000.0,235480000.0,184448844.8745524,552042000.0,4121000.0,605789916.8798625,-421341072.0053102,73873000.0,35532000.0,829691000.0,286984090.0,1715112000.0,1822270000.0,23.685082759726207,22.946704553870383,59.0321141683196,10.121927314533654,-47.84301924515557,-228.43248071945004,True,2019,1715112000.0,1929428000.0,214316000.0,-102535245.1254476,0.0,,False,21900000.0,us-gaap:ProceedsFromDivestitureOfBusinesses,True,ZERO_FOR_DIAGNOSTIC_ONLY_NOT_AUTHORITATIVE_NO_EVENT_PROOF,236216000.0,232095000.0,0.1377262825984542,-43.40740895004894,DIAGNOSTIC_DENOMINATOR_ONLY_CASH_MNA_NORMALIZED,False,ACQUIRED_NOPAT_NOT_REMOVED_NONCASH_CONSIDERATION_AND_BOOK_VALUE_DIFFERENCES_REMAIN_IN_CAPITAL_BRIDGE_RESIDUAL
MTDR,2020Q4,257606000.0,2021-02-26,us-gaap:RevenueFromContractWithCustomerExcludingAssessedTax,D:\Programming\python_example\Arcana\data-lake\bronze\sec\companyfacts\CIK0001520006.json,DERIVED_Q4_FY_MINUS_Q1_Q2_Q3,-58580000.0,2021-02-26,us-gaap:OperatingIncomeLoss,D:\Programming\python_example\Arcana\data-lake\bronze\sec\companyfacts\CIK0001520006.json,Q4_FY_MINUS_Q1_Q2_Q3,-76593000.0,2021-02-26,us-gaap:ProfitLoss,D:\Programming\python_example\Arcana\data-lake\bronze\sec\companyfacts\CIK0001520006.json,Q4_FY_MINUS_Q1_Q2_Q3,-2230000.0,2021-02-26,us-gaap:IncomeTaxExpenseBenefit,D:\Programming\python_example\Arcana\data-lake\bronze\sec\companyfacts\CIK0001520006.json,Q4_FY_MINUS_Q1_Q2_Q3,20352000.0,2021-02-26,us-gaap:InterestExpense,D:\Programming\python_example\Arcana\data-lake\bronze\sec\companyfacts\CIK0001520006.json,Q4_FY_MINUS_Q1_Q2_Q3,157623000.0,2021-02-26,us-gaap:NetCashProvidedByUsedInOperatingActivities,D:\Programming\python_example\Arcana\data-lake\bronze\sec\companyfacts\CIK0001520006.json,YTD_MINUS_PRIOR_YTD_CASH_FLOW,404000.0,2021-02-26,us-gaap:PaymentsToAcquireOtherPropertyPlantAndEquipment,D:\Programming\python_example\Arcana\data-lake\bronze\sec\companyfacts\CIK0001520006.json,YTD_MINUS_PRIOR_YTD_CASH_FLOW,False,0.21,US_STATUTORY_21PCT_FALLBACK,-58580000.0,DIRECT_GAAP_OPERATING_INCOME,-46278200.0,173297080.0,-219575280.0,ep,PRODUCTION_PLUS_REALIZED_PRICE,V3.5.3_GROUPED_REVENUE_PLUS_CONDITIONAL_COST_REINVESTMENT,2021-02-26,203,True,57916000.0,2021-02-26,us-gaap:CashAndCashEquivalentsAtCarryingValue,D:\Programming\python_example\Arcana\data-lake\bronze\sec\companyfacts\CIK0001520006.json,ORIGINAL_QUARTER_END_INSTANT_FACT,0.0,,,,,1513025000.0,2021-02-26,us-gaap:StockholdersEquityIncludingPortionAttributableToNoncontrollingInterest,D:\Programming\python_example\Arcana\data-lake\bronze\sec\companyfacts\CIK0001520006.json,ORIGINAL_QUARTER_END_INSTANT_FACT,0.0,0.0,1455109000.0,2021-02-26,,,,,True,851135000.0,-521499000.0,-415520724.2550274,477582000.0,2200000.0,535606644.6755028,-951127368.9305302,76692000.0,-45599000.0,1026204000.0,184448844.8745524,1929428000.0,1692268500.0,-17.059863341012115,-61.27100871189647,62.92851835202439,-24.55406599218903,126.4907307380855,228.90010375193035,True,2020,1929428000.0,1455109000.0,-474319000.0,-599969569.1295798,0.0,,False,4800000.0,us-gaap:ProceedsFromDivestitureOfBusinesses,True,ZERO_FOR_DIAGNOSTIC_ONLY_NOT_AUTHORITATIVE_NO_EVENT_PROOF,-469519000.0,-471719000.0,-0.24334621452575583,,LOCKED_NONPOSITIVE_SMALL_OR_INCOMPLETE_NORMALIZED_DENOMINATOR,False,ACQUIRED_NOPAT_NOT_REMOVED_NONCASH_CONSIDERATION_AND_BOOK_VALUE_DIFFERENCES_REMAIN_IN_CAPITAL_BRIDGE_RESIDUAL
MTDR,2021Q4,562331000.0,2022-02-28,us-gaap:RevenueFromContractWithCustomerExcludingAssessedTax,D:\Programming\python_example\Arcana\data-lake\bronze\sec\companyfacts\CIK0001520006.json,DERIVED_Q4_FY_MINUS_Q1_Q2_Q3,325121000.0,2022-02-28,us-gaap:OperatingIncomeLoss,D:\Programming\python_example\Arcana\data-lake\bronze\sec\companyfacts\CIK0001520006.json,Q4_FY_MINUS_Q1_Q2_Q3,231245000.0,2022-02-28,us-gaap:ProfitLoss,D:\Programming\python_example\Arcana\data-lake\bronze\sec\companyfacts\CIK0001520006.json,Q4_FY_MINUS_Q1_Q2_Q3,73222000.0,2022-02-28,us-gaap:IncomeTaxExpenseBenefit,D:\Programming\python_example\Arcana\data-lake\bronze\sec\companyfacts\CIK0001520006.json,Q4_FY_MINUS_Q1_Q2_Q3,19108000.0,2022-02-28,us-gaap:InterestExpense,D:\Programming\python_example\Arcana\data-lake\bronze\sec\companyfacts\CIK0001520006.json,Q4_FY_MINUS_Q1_Q2_Q3,334529000.0,2022-02-28,us-gaap:NetCashProvidedByUsedInOperatingActivities,D:\Programming\python_example\Arcana\data-lake\bronze\sec\companyfacts\CIK0001520006.json,YTD_MINUS_PRIOR_YTD_CASH_FLOW,89000.0,2022-02-28,us-gaap:PaymentsToAcquireOtherPropertyPlantAndEquipment,D:\Programming\python_example\Arcana\data-lake\bronze\sec\companyfacts\CIK0001520006.json,YTD_MINUS_PRIOR_YTD_CASH_FLOW,False,0.24049240147536516,INFERRED_FROM_NET_INCOME_PLUS_TAX,325121000.0,DIRECT_GAAP_OPERATING_INCOME,246931869.93992782,348952671.1926087,-102020801.2526809,ep,PRODUCTION_PLUS_REALIZED_PRICE,V3.5.3_GROUPED_REVENUE_PLUS_CONDITIONAL_COST_REINVESTMENT,2022-02-28,207,True,48135000.0,2022-02-28,us-gaap:CashAndCashEquivalentsAtCarryingValue,D:\Programming\python_example\Arcana\data-lake\bronze\sec\companyfacts\CIK0001520006.json,ORIGINAL_QUARTER_END_INSTANT_FACT,0.0,,,,,2127388000.0,2022-02-28,us-gaap:StockholdersEquityIncludingPortionAttributableToNoncontrollingInterest,D:\Programming\python_example\Arcana\data-lake\bronze\sec\companyfacts\CIK0001520006.json,ORIGINAL_QUARTER_END_INSTANT_FACT,0.0,0.0,2079253000.0,2022-02-28,,,,,True,1862075000.0,793076000.0,656806906.929713,1053355000.0,554000.0,1117588989.957829,-460782083.02811587,74687000.0,74710000.0,851135000.0,-415520724.2550274,1455109000.0,1767181000.0,118.77551739735766,42.59098049219285,60.01847347490455,37.166928963683574,171.80772885499826,-70.15487781364419,True,2021,1455109000.0,2079253000.0,624144000.0,1072327631.1847404,0.0,,False,4200000.0,us-gaap:ProceedsFromDivestitureOfBusinesses,True,ZERO_FOR_DIAGNOSTIC_ONLY_NOT_AUTHORITATIVE_NO_EVENT_PROOF,628344000.0,627790000.0,0.431819197049843,170.65932533528456,DIAGNOSTIC_DENOMINATOR_ONLY_CASH_MNA_NORMALIZED,False,ACQUIRED_NOPAT_NOT_REMOVED_NONCASH_CONSIDERATION_AND_BOOK_VALUE_DIFFERENCES_REMAIN_IN_CAPITAL_BRIDGE_RESIDUAL
MTDR,2022Q4,704782000.0,2023-03-01,us-gaap:RevenueFromContractWithCustomerExcludingAssessedTax,D:\Programming\python_example\Arcana\data-lake\bronze\sec\companyfacts\CIK0001520006.json,DERIVED_Q4_FY_MINUS_Q1_Q2_Q3,371700000.0,2023-03-01,us-gaap:OperatingIncomeLoss,D:\Programming\python_example\Arcana\data-lake\bronze\sec\companyfacts\CIK0001520006.json,Q4_FY_MINUS_Q1_Q2_Q3,271909000.0,2023-03-01,us-gaap:ProfitLoss,D:\Programming\python_example\Arcana\data-lake\bronze\sec\companyfacts\CIK0001520006.json,Q4_FY_MINUS_Q1_Q2_Q3,80928000.0,2023-03-01,us-gaap:IncomeTaxExpenseBenefit,D:\Programming\python_example\Arcana\data-lake\bronze\sec\companyfacts\CIK0001520006.json,Q4_FY_MINUS_Q1_Q2_Q3,16424000.0,2023-03-01,us-gaap:InterestExpense,D:\Programming\python_example\Arcana\data-lake\bronze\sec\companyfacts\CIK0001520006.json,Q4_FY_MINUS_Q1_Q2_Q3,446523000.0,2023-03-01,us-gaap:NetCashProvidedByUsedInOperatingActivities,D:\Programming\python_example\Arcana\data-lake\bronze\sec\companyfacts\CIK0001520006.json,YTD_MINUS_PRIOR_YTD_CASH_FLOW,523000.0,2023-03-01,us-gaap:PaymentsToAcquireOtherPropertyPlantAndEquipment,D:\Programming\python_example\Arcana\data-lake\bronze\sec\companyfacts\CIK0001520006.json,YTD_MINUS_PRIOR_YTD_CASH_FLOW,False,0.2293637005189365,INFERRED_FROM_NET_INCOME_PLUS_TAX,371700000.0,DIRECT_GAAP_OPERATING_INCOME,286445512.5171113,458656930.582677,-172211418.0655657,ep,PRODUCTION_PLUS_REALIZED_PRICE,V3.5.3_GROUPED_REVENUE_PLUS_CONDITIONAL_COST_REINVESTMENT,2023-03-01,211,True,505179000.0,2023-03-01,us-gaap:CashAndCashEquivalentsAtCarryingValue,D:\Programming\python_example\Arcana\data-lake\bronze\sec\companyfacts\CIK0001520006.json,ORIGINAL_QUARTER_END_INSTANT_FACT,0.0,,,,,3317091000.0,2023-03-01,us-gaap:StockholdersEquityIncludingPortionAttributableToNoncontrollingInterest,D:\Programming\python_example\Arcana\data-lake\bronze\sec\companyfacts\CIK0001520006.json,ORIGINAL_QUARTER_END_INSTANT_FACT,0.0,0.0,2811912000.0,2023-03-01,,,,,True,3196699000.0,1759270000.0,1342549182.568749,1978739000.0,1213000.0,2028829203.2406354,-686280020.6718867,67164000.0,399357000.0,1862075000.0,656806906.929713,2079253000.0,2445582500.0,71.67401957493655,55.033958467781915,63.46638214109728,54.89690830584325,93.5963764369285,-51.11768191306047,True,2022,2079253000.0,2811912000.0,732659000.0,685742275.6390359,75816000.0,us-gaap:PaymentsToAcquireBusinessesNetOfCashAcquired,True,46500000.0,us-gaap:ProceedsFromDivestitureOfBusinesses,True,ZERO_FOR_DIAGNOSTIC_ONLY_NOT_AUTHORITATIVE_NO_EVENT_PROOF,703343000.0,702130000.0,0.3382671565220779,97.49756173574428,DIAGNOSTIC_DENOMINATOR_ONLY_CASH_MNA_NORMALIZED,False,ACQUIRED_NOPAT_NOT_REMOVED_NONCASH_CONSIDERATION_AND_BOOK_VALUE_DIFFERENCES_REMAIN_IN_CAPITAL_BRIDGE_RESIDUAL
MTDR,2023Q4,832270000.0,2024-02-27,us-gaap:RevenueFromContractWithCustomerExcludingAssessedTax,D:\Programming\python_example\Arcana\data-lake\bronze\sec\companyfacts\CIK0001520006.json,DERIVED_Q4_FY_MINUS_Q1_Q2_Q3,365611000.0,2024-02-27,us-gaap:OperatingIncomeLoss,D:\Programming\python_example\Arcana\data-lake\bronze\sec\companyfacts\CIK0001520006.json,Q4_FY_MINUS_Q1_Q2_Q3,275941000.0,2024-02-27,us-gaap:ProfitLoss,D:\Programming\python_example\Arcana\data-lake\bronze\sec\companyfacts\CIK0001520006.json,Q4_FY_MINUS_Q1_Q2_Q3,57459000.0,2024-02-27,us-gaap:IncomeTaxExpenseBenefit,D:\Programming\python_example\Arcana\data-lake\bronze\sec\companyfacts\CIK0001520006.json,Q4_FY_MINUS_Q1_Q2_Q3,35707000.0,2024-02-27,us-gaap:InterestExpense,D:\Programming\python_example\Arcana\data-lake\bronze\sec\companyfacts\CIK0001520006.json,Q4_FY_MINUS_Q1_Q2_Q3,618347000.0,2024-02-27,us-gaap:NetCashProvidedByUsedInOperatingActivities,D:\Programming\python_example\Arcana\data-lake\bronze\sec\companyfacts\CIK0001520006.json,YTD_MINUS_PRIOR_YTD_CASH_FLOW,672000.0,2024-02-27,us-gaap:PaymentsToAcquireOtherPropertyPlantAndEquipment,D:\Programming\python_example\Arcana\data-lake\bronze\sec\companyfacts\CIK0001520006.json,YTD_MINUS_PRIOR_YTD_CASH_FLOW,False,0.17234253149370127,INFERRED_FROM_NET_INCOME_PLUS_TAX,365611000.0,DIRECT_GAAP_OPERATING_INCOME,302600674.7180564,647228165.2279544,-344627490.509898,ep,PRODUCTION_PLUS_REALIZED_PRICE,V3.5.3_GROUPED_REVENUE_PLUS_CONDITIONAL_COST_REINVESTMENT,2024-02-27,215,True,52662000.0,2024-02-27,us-gaap:CashAndCashEquivalentsAtCarryingValue,D:\Programming\python_example\Arcana\data-lake\bronze\sec\companyfacts\CIK0001520006.json,ORIGINAL_QUARTER_END_INSTANT_FACT,2206627000.0,2024-02-27,us-gaap:LongTermDebt,D:\Programming\python_example\Arcana\data-lake\bronze\sec\companyfacts\CIK0001520006.json,ORIGINAL_QUARTER_END_INSTANT_FACT,4127688000.0,2024-02-27,us-gaap:StockholdersEquityIncludingPortionAttributableToNoncontrollingInterest,D:\Programming\python_example\Arcana\data-lake\bronze\sec\companyfacts\CIK0001520006.json,ORIGINAL_QUARTER_END_INSTANT_FACT,0.0,2206627000.0,6281653000.0,2024-02-27,,,,,True,2817621000.0,1209322000.0,1007225622.578918,1867828000.0,3636000.0,1965535716.4044435,-958310093.8255258,121520000.0,186026000.0,3196699000.0,1342549182.568749,2811912000.0,4546782500.0,-11.858420201589205,42.9199668798607,69.7586977242306,22.152491846243315,-9.66422450522477,-95.14353808552367,True,2023,2811912000.0,6281653000.0,3469741000.0,-335323559.989831,0.0,,False,700000.0,us-gaap:ProceedsFromDivestitureOfBusinesses,True,ZERO_FOR_DIAGNOSTIC_ONLY_NOT_AUTHORITATIVE_NO_EVENT_PROOF,3470441000.0,3466805000.0,1.2341926063120041,-9.662275197585291,DIAGNOSTIC_DENOMINATOR_ONLY_CASH_MNA_NORMALIZED,False,ACQUIRED_NOPAT_NOT_REMOVED_NONCASH_CONSIDERATION_AND_BOOK_VALUE_DIFFERENCES_REMAIN_IN_CAPITAL_BRIDGE_RESIDUAL
MTDR,2024Q4,978283000.0,2025-02-25,us-gaap:RevenueFromContractWithCustomerExcludingAssessedTax,D:\Programming\python_example\Arcana\data-lake\bronze\sec\companyfacts\CIK0001520006.json,DERIVED_Q4_FY_MINUS_Q1_Q2_Q3,360069000.0,2025-02-25,us-gaap:OperatingIncomeLoss,D:\Programming\python_example\Arcana\data-lake\bronze\sec\companyfacts\CIK0001520006.json,Q4_FY_MINUS_Q1_Q2_Q3,237949000.0,2025-02-25,us-gaap:ProfitLoss,D:\Programming\python_example\Arcana\data-lake\bronze\sec\companyfacts\CIK0001520006.json,Q4_FY_MINUS_Q1_Q2_Q3,62279000.0,2025-02-25,us-gaap:IncomeTaxExpenseBenefit,D:\Programming\python_example\Arcana\data-lake\bronze\sec\companyfacts\CIK0001520006.json,Q4_FY_MINUS_Q1_Q2_Q3,,,,,,574959000.0,2025-02-25,us-gaap:NetCashProvidedByUsedInOperatingActivities,D:\Programming\python_example\Arcana\data-lake\bronze\sec\companyfacts\CIK0001520006.json,YTD_MINUS_PRIOR_YTD_CASH_FLOW,1734000.0,2025-02-25,us-gaap:PaymentsToAcquireOtherPropertyPlantAndEquipment,D:\Programming\python_example\Arcana\data-lake\bronze\sec\companyfacts\CIK0001520006.json,YTD_MINUS_PRIOR_YTD_CASH_FLOW,False,0.20743901301677392,INFERRED_FROM_NET_INCOME_PLUS_TAX,360069000.0,DIRECT_GAAP_OPERATING_INCOME,285376642.02206326,,,ep,PRODUCTION_PLUS_REALIZED_PRICE,V3.5.3_GROUPED_REVENUE_PLUS_CONDITIONAL_COST_REINVESTMENT,2025-02-25,219,False,23033000.0,2025-02-25,us-gaap:CashAndCashEquivalentsAtCarryingValue,D:\Programming\python_example\Arcana\data-lake\bronze\sec\companyfacts\CIK0001520006.json,ORIGINAL_QUARTER_END_INSTANT_FACT,3325408000.0,2025-02-25,us-gaap:LongTermDebt,D:\Programming\python_example\Arcana\data-lake\bronze\sec\companyfacts\CIK0001520006.json,ORIGINAL_QUARTER_END_INSTANT_FACT,5457432000.0,2025-02-25,us-gaap:StockholdersEquityIncludingPortionAttributableToNoncontrollingInterest,D:\Programming\python_example\Arcana\data-lake\bronze\sec\companyfacts\CIK0001520006.json,ORIGINAL_QUARTER_END_INSTANT_FACT,0.0,3325408000.0,8759807000.0,2025-02-25,,,,,False,3478958000.0,1434698000.0,1103375327.5420935,2246885000.0,5691000.0,,,,292364000.0,2817621000.0,1007225622.578918,6281653000.0,7520730000.0,23.471467596245212,41.23930211287403,,14.671120058054118,3.8798922489552927,,False,2024,6281653000.0,8759807000.0,2478154000.0,96149704.96317554,0.0,,False,12400000.0,us-gaap:ProceedsFromDivestitureOfBusinesses,True,ZERO_FOR_DIAGNOSTIC_ONLY_NOT_AUTHORITATIVE_NO_EVENT_PROOF,2490554000.0,2484863000.0,0.396480671568455,3.860574995088464,DIAGNOSTIC_DENOMINATOR_ONLY_CASH_MNA_NORMALIZED,False,ACQUIRED_NOPAT_NOT_REMOVED_NONCASH_CONSIDERATION_AND_BOOK_VALUE_DIFFERENCES_REMAIN_IN_CAPITAL_BRIDGE_RESIDUAL
MTDR,2025Q4,809546000.0,2026-02-26,us-gaap:RevenueFromContractWithCustomerExcludingAssessedTax,D:\Programming\python_example\Arcana\data-lake\bronze\sec\companyfacts\CIK0001520006.json,DERIVED_Q4_FY_MINUS_Q1_Q2_Q3,242748000.0,2026-02-26,us-gaap:OperatingIncomeLoss,D:\Programming\python_example\Arcana\data-lake\bronze\sec\companyfacts\CIK0001520006.json,Q4_FY_MINUS_Q1_Q2_Q3,215539000.0,2026-02-26,us-gaap:ProfitLoss,D:\Programming\python_example\Arcana\data-lake\bronze\sec\companyfacts\CIK0001520006.json,Q4_FY_MINUS_Q1_Q2_Q3,-25836000.0,2026-02-26,us-gaap:IncomeTaxExpenseBenefit,D:\Programming\python_example\Arcana\data-lake\bronze\sec\companyfacts\CIK0001520006.json,Q4_FY_MINUS_Q1_Q2_Q3,55045000.0,2026-02-26,us-gaap:InterestExpenseNonoperating,D:\Programming\python_example\Arcana\data-lake\bronze\sec\companyfacts\CIK0001520006.json,Q4_FY_MINUS_Q1_Q2_Q3,474449000.0,2026-02-26,us-gaap:NetCashProvidedByUsedInOperatingActivities,D:\Programming\python_example\Arcana\data-lake\bronze\sec\companyfacts\CIK0001520006.json,YTD_MINUS_PRIOR_YTD_CASH_FLOW,1199000.0,2026-02-26,us-gaap:PaymentsToAcquireOtherPropertyPlantAndEquipment,D:\Programming\python_example\Arcana\data-lake\bronze\sec\companyfacts\CIK0001520006.json,YTD_MINUS_PRIOR_YTD_CASH_FLOW,False,0.21,US_STATUTORY_21PCT_FALLBACK,242748000.0,DIRECT_GAAP_OPERATING_INCOME,191770920.0,516735550.0,-324964630.0,ep,PRODUCTION_PLUS_REALIZED_PRICE,V3.5.3_GROUPED_REVENUE_PLUS_CONDITIONAL_COST_REINVESTMENT,2026-02-26,223,True,15314000.0,2026-02-26,us-gaap:CashAndCashEquivalentsAtCarryingValue,D:\Programming\python_example\Arcana\data-lake\bronze\sec\companyfacts\CIK0001520006.json,ORIGINAL_QUARTER_END_INSTANT_FACT,3402102000.0,2026-02-26,us-gaap:LongTermDebt,D:\Programming\python_example\Arcana\data-lake\bronze\sec\companyfacts\CIK0001520006.json,ORIGINAL_QUARTER_END_INSTANT_FACT,5996652000.0,2026-02-26,us-gaap:StockholdersEquityIncludingPortionAttributableToNoncontrollingInterest,D:\Programming\python_example\Arcana\data-lake\bronze\sec\companyfacts\CIK0001520006.json,ORIGINAL_QUARTER_END_INSTANT_FACT,0.0,3402102000.0,9383440000.0,2026-02-26,,,,,True,3656514000.0,1226542000.0,944181081.9054937,2425015000.0,4246000.0,2581701273.0744133,-1637520191.16892,208520000.0,172675000.0,3478958000.0,1103375327.5420935,8759807000.0,9071623500.0,5.103712088504664,33.54402581256355,70.60553502801885,10.408071740471744,-25.526911763264575,-173.43285335310551,True,2025,8759807000.0,9383440000.0,623633000.0,-159194245.63659978,0.0,,False,0.0,,False,ZERO_FOR_DIAGNOSTIC_ONLY_NOT_AUTHORITATIVE_NO_EVENT_PROOF,623633000.0,619387000.0,0.07119255024682622,-25.526911763264575,DIAGNOSTIC_DENOMINATOR_ONLY_CASH_MNA_NORMALIZED,False,ACQUIRED_NOPAT_NOT_REMOVED_NONCASH_CONSIDERATION_AND_BOOK_VALUE_DIFFERENCES_REMAIN_IN_CAPITAL_BRIDGE_RESIDUAL
NOG,2018Q4,443195914.0,2019-03-18,us-gaap:Revenues,D:\Programming\python_example\Arcana\data-lake\bronze\sec\companyfacts\CIK0001104485.json,DERIVED_Q4_FY_MINUS_Q1_Q2_Q3,354808839.0,2019-03-18,us-gaap:OperatingIncomeLoss,D:\Programming\python_example\Arcana\data-lake\bronze\sec\companyfacts\CIK0001104485.json,Q4_FY_MINUS_Q1_Q2_Q3,218292263.0,2019-03-18,us-gaap:NetIncomeLoss,D:\Programming\python_example\Arcana\data-lake\bronze\sec\companyfacts\CIK0001104485.json,Q4_FY_MINUS_Q1_Q2_Q3,-55000.0,2019-03-18,us-gaap:IncomeTaxExpenseBenefit,D:\Programming\python_example\Arcana\data-lake\bronze\sec\companyfacts\CIK0001104485.json,Q4_FY_MINUS_Q1_Q2_Q3,20057024.0,2019-03-18,us-gaap:InterestExpense,D:\Programming\python_example\Arcana\data-lake\bronze\sec\companyfacts\CIK0001104485.json,Q4_FY_MINUS_Q1_Q2_Q3,,,,,,237807335.0,2019-03-18,us-gaap:PaymentsToAcquireOilAndGasPropertyAndEquipment,D:\Programming\python_example\Arcana\data-lake\bronze\sec\companyfacts\CIK0001104485.json,YTD_MINUS_PRIOR_YTD_CASH_FLOW,False,0.21,US_STATUTORY_21PCT_FALLBACK,354808839.0,DIRECT_GAAP_OPERATING_INCOME,280298982.81,,,ep,PRODUCTION_PLUS_REALIZED_PRICE,V3.5.3_GROUPED_REVENUE_PLUS_CONDITIONAL_COST_REINVESTMENT,2019-03-18,195,False,2357858.0,2019-03-18,us-gaap:CashAndCashEquivalentsAtCarryingValue,D:\Programming\python_example\Arcana\data-lake\bronze\sec\companyfacts\CIK0001104485.json,ORIGINAL_QUARTER_END_INSTANT_FACT,830203272.0,2019-03-18,us-gaap:LongTermDebt,D:\Programming\python_example\Arcana\data-lake\bronze\sec\companyfacts\CIK0001104485.json,ORIGINAL_QUARTER_END_INSTANT_FACT,429864883.0,2019-03-18,us-gaap:StockholdersEquityIncludingPortionAttributableToNoncontrollingInterest,D:\Programming\python_example\Arcana\data-lake\bronze\sec\companyfacts\CIK0001104485.json,ORIGINAL_QUARTER_END_INSTANT_FACT,0.0,830203272.0,1257710297.0,2019-03-18,,,,,False,678924496.0,432628487.0,354691878.73999995,,439248151.0,,,86005183.0,-55000.0,209319669.0,61140247.089999944,386300481.0,822005389.0,224.34816051615294,63.72262152108296,,43.149580706702636,33.68697784441758,,False,2018,386300481.0,1257710297.0,871409816.0,293551631.65,0.0,,False,21689.0,us-gaap:ProceedsFromSaleOfOilAndGasPropertyAndEquipment,True,ZERO_FOR_DIAGNOSTIC_ONLY_NOT_AUTHORITATIVE_NO_EVENT_PROOF,871431505.0,432183354.0,2.2558385191345387,33.68613941149626,DIAGNOSTIC_DENOMINATOR_ONLY_CASH_MNA_NORMALIZED,False,ACQUIRED_NOPAT_NOT_REMOVED_NONCASH_CONSIDERATION_AND_BOOK_VALUE_DIFFERENCES_REMAIN_IN_CAPITAL_BRIDGE_RESIDUAL
NOG,2019Q4,59013000.0,2020-03-12,us-gaap:Revenues,D:\Programming\python_example\Arcana\data-lake\bronze\sec\companyfacts\CIK0001104485.json,DERIVED_Q4_FY_MINUS_Q1_Q2_Q3,-62525000.0,2020-03-12,us-gaap:OperatingIncomeLoss,D:\Programming\python_example\Arcana\data-lake\bronze\sec\companyfacts\CIK0001104485.json,Q4_FY_MINUS_Q1_Q2_Q3,-107936000.0,2020-03-12,us-gaap:NetIncomeLoss,D:\Programming\python_example\Arcana\data-lake\bronze\sec\companyfacts\CIK0001104485.json,Q4_FY_MINUS_Q1_Q2_Q3,0.0,2020-03-12,us-gaap:IncomeTaxExpenseBenefit,D:\Programming\python_example\Arcana\data-lake\bronze\sec\companyfacts\CIK0001104485.json,Q4_FY_MINUS_Q1_Q2_Q3,20393000.0,2020-03-12,us-gaap:InterestExpense,D:\Programming\python_example\Arcana\data-lake\bronze\sec\companyfacts\CIK0001104485.json,Q4_FY_MINUS_Q1_Q2_Q3,70427000.0,2020-03-12,us-gaap:NetCashProvidedByUsedInOperatingActivities,D:\Programming\python_example\Arcana\data-lake\bronze\sec\companyfacts\CIK0001104485.json,YTD_MINUS_PRIOR_YTD_CASH_FLOW,39989262.99112376,2019-03-18,CONDITIONAL:PIT_TRAILING_CAPEX_INTENSITY_DISTRIBUTION,D:\Programming\python_example\Arcana\data-lake\bronze\sec\companyfacts\CIK0001104485.json,PRIOR_ONLY_MEDIAN_12Q_CAPEX_TO_REVENUE,True,0.21,US_STATUTORY_21PCT_FALLBACK,-62525000.0,DIRECT_GAAP_OPERATING_INCOME,-49394750.0,46548207.00887624,-95942957.00887623,ep,PRODUCTION_PLUS_REALIZED_PRICE,V3.5.3_GROUPED_REVENUE_PLUS_CONDITIONAL_COST_REINVESTMENT,2020-05-11,199,True,16068000.0,2020-03-12,us-gaap:CashAndCashEquivalentsAtCarryingValue,D:\Programming\python_example\Arcana\data-lake\bronze\sec\companyfacts\CIK0001104485.json,ORIGINAL_QUARTER_END_INSTANT_FACT,1118161000.0,2020-05-11,us-gaap:LongTermDebtNoncurrent,D:\Programming\python_example\Arcana\data-lake\bronze\sec\companyfacts\CIK0001104485.json,ORIGINAL_QUARTER_END_INSTANT_FACT,558643000.0,2020-03-12,us-gaap:StockholdersEquityIncludingPortionAttributableToNoncontrollingInterest,D:\Programming\python_example\Arcana\data-lake\bronze\sec\companyfacts\CIK0001104485.json,ORIGINAL_QUARTER_END_INSTANT_FACT,0.0,1118161000.0,1660736000.0,2020-05-11,2020-05-11,us-gaap:LongTermDebtCurrent,D:\Programming\python_example\Arcana\data-lake\bronze\sec\companyfacts\CIK0001104485.json,ORIGINAL_QUARTER_END_INSTANT_FACT,True,472402000.0,55509000.0,88653299.99999994,339750000.0,,,,79229000.0,0.0,678924496.0,354691878.73999995,1257710297.0,1459223148.5,-30.419066805920636,11.750373622465613,,6.075376483105452,-66.0103255846191,,False,2019,1257710297.0,1660736000.0,403025703.0,-266038578.74,0.0,,False,0.0,us-gaap:ProceedsFromSaleOfOilAndGasPropertyAndEquipment,True,ZERO_FOR_DIAGNOSTIC_ONLY_NOT_AUTHORITATIVE_NO_EVENT_PROOF,403025703.0,,0.3204439877460906,-66.0103255846191,DIAGNOSTIC_DENOMINATOR_ONLY_CASH_MNA_NORMALIZED,False,ACQUIRED_NOPAT_NOT_REMOVED_NONCASH_CONSIDERATION_AND_BOOK_VALUE_DIFFERENCES_REMAIN_IN_CAPITAL_BRIDGE_RESIDUAL
NOG,2020Q4,50074000.0,2021-03-12,us-gaap:Revenues,D:\Programming\python_example\Arcana\data-lake\bronze\sec\companyfacts\CIK0001104485.json,DERIVED_Q4_FY_MINUS_Q1_Q2_Q3,-128757000.0,2021-03-12,us-gaap:OperatingIncomeLoss,D:\Programming\python_example\Arcana\data-lake\bronze\sec\companyfacts\CIK0001104485.json,Q4_FY_MINUS_Q1_Q2_Q3,-142123000.0,2021-03-12,us-gaap:NetIncomeLoss,D:\Programming\python_example\Arcana\data-lake\bronze\sec\companyfacts\CIK0001104485.json,Q4_FY_MINUS_Q1_Q2_Q3,0.0,2021-03-12,us-gaap:IncomeTaxExpenseBenefit,D:\Programming\python_example\Arcana\data-lake\bronze\sec\companyfacts\CIK0001104485.json,Q4_FY_MINUS_Q1_Q2_Q3,13358000.0,2021-03-12,us-gaap:InterestExpense,D:\Programming\python_example\Arcana\data-lake\bronze\sec\companyfacts\CIK0001104485.json,Q4_FY_MINUS_Q1_Q2_Q3,73033000.0,2021-03-12,us-gaap:NetCashProvidedByUsedInOperatingActivities,D:\Programming\python_example\Arcana\data-lake\bronze\sec\companyfacts\CIK0001104485.json,YTD_MINUS_PRIOR_YTD_CASH_FLOW,236000.0,2021-03-12,us-gaap:PaymentsToAcquireOtherPropertyPlantAndEquipment,D:\Programming\python_example\Arcana\data-lake\bronze\sec\companyfacts\CIK0001104485.json,YTD_MINUS_PRIOR_YTD_CASH_FLOW,False,0.21,US_STATUTORY_21PCT_FALLBACK,-128757000.0,DIRECT_GAAP_OPERATING_INCOME,-101718030.0,83349820.0,-185067850.0,ep,PRODUCTION_PLUS_REALIZED_PRICE,V3.5.3_GROUPED_REVENUE_PLUS_CONDITIONAL_COST_REINVESTMENT,2021-03-12,203,True,1428000.0,2021-03-12,us-gaap:CashAndCashEquivalentsAtCarryingValue,D:\Programming\python_example\Arcana\data-lake\bronze\sec\companyfacts\CIK0001104485.json,ORIGINAL_QUARTER_END_INSTANT_FACT,879843000.0,2021-03-12,us-gaap:LongTermDebtNoncurrent,D:\Programming\python_example\Arcana\data-lake\bronze\sec\companyfacts\CIK0001104485.json,ORIGINAL_QUARTER_END_INSTANT_FACT,-223304000.0,2021-03-12,us-gaap:StockholdersEquityIncludingPortionAttributableToNoncontrollingInterest,D:\Programming\python_example\Arcana\data-lake\bronze\sec\companyfacts\CIK0001104485.json,ORIGINAL_QUARTER_END_INSTANT_FACT,65000000.0,944843000.0,720111000.0,2021-03-12,2021-03-12,us-gaap:LongTermDebtCurrent,D:\Programming\python_example\Arcana\data-lake\bronze\sec\companyfacts\CIK0001104485.json,ORIGINAL_QUARTER_END_INSTANT_FACT,True,552210000.0,-841243000.0,-664581970.0,331685000.0,295000.0,377607370.0,-1042189340.0,58503000.0,-166000.0,472402000.0,88653299.99999994,1660736000.0,1190423500.0,16.894085969153384,-152.3411383350537,68.38111769073359,-55.827356398794215,80.07816823920267,156.81878038310307,True,2020,1660736000.0,720111000.0,-940625000.0,-753235270.0,0.0,,False,0.0,us-gaap:ProceedsFromSaleOfOilAndGasPropertyAndEquipment,True,ZERO_FOR_DIAGNOSTIC_ONLY_NOT_AUTHORITATIVE_NO_EVENT_PROOF,-940625000.0,-940920000.0,-0.566390443755058,,LOCKED_NONPOSITIVE_SMALL_OR_INCOMPLETE_NORMALIZED_DENOMINATOR,False,ACQUIRED_NOPAT_NOT_REMOVED_NONCASH_CONSIDERATION_AND_BOOK_VALUE_DIFFERENCES_REMAIN_IN_CAPITAL_BRIDGE_RESIDUAL
NOG,2021Q4,319190000.0,2022-02-25,us-gaap:Revenues,D:\Programming\python_example\Arcana\data-lake\bronze\sec\companyfacts\CIK0001104485.json,DERIVED_Q4_FY_MINUS_Q1_Q2_Q3,190286000.0,2022-02-25,us-gaap:OperatingIncomeLoss,D:\Programming\python_example\Arcana\data-lake\bronze\sec\companyfacts\CIK0001104485.json,Q4_FY_MINUS_Q1_Q2_Q3,174727000.0,2022-02-25,us-gaap:NetIncomeLoss,D:\Programming\python_example\Arcana\data-lake\bronze\sec\companyfacts\CIK0001104485.json,Q4_FY_MINUS_Q1_Q2_Q3,233000.0,2022-02-25,us-gaap:IncomeTaxExpenseBenefit,D:\Programming\python_example\Arcana\data-lake\bronze\sec\companyfacts\CIK0001104485.json,Q4_FY_MINUS_Q1_Q2_Q3,15900000.0,2022-02-25,us-gaap:InterestExpense,D:\Programming\python_example\Arcana\data-lake\bronze\sec\companyfacts\CIK0001104485.json,Q4_FY_MINUS_Q1_Q2_Q3,133102000.0,2022-02-25,us-gaap:NetCashProvidedByUsedInOperatingActivities,D:\Programming\python_example\Arcana\data-lake\bronze\sec\companyfacts\CIK0001104485.json,YTD_MINUS_PRIOR_YTD_CASH_FLOW,217000.0,2022-02-25,us-gaap:PaymentsToAcquireOtherPropertyPlantAndEquipment,D:\Programming\python_example\Arcana\data-lake\bronze\sec\companyfacts\CIK0001104485.json,YTD_MINUS_PRIOR_YTD_CASH_FLOW,False,0.0013317329675354367,INFERRED_FROM_NET_INCOME_PLUS_TAX,190286000.0,DIRECT_GAAP_OPERATING_INCOME,190032589.86053956,148763825.4458162,41268764.41472337,ep,PRODUCTION_PLUS_REALIZED_PRICE,V3.5.3_GROUPED_REVENUE_PLUS_CONDITIONAL_COST_REINVESTMENT,2022-02-25,207,True,9519000.0,2022-02-25,us-gaap:CashAndCashEquivalentsAtCarryingValue,D:\Programming\python_example\Arcana\data-lake\bronze\sec\companyfacts\CIK0001104485.json,ORIGINAL_QUARTER_END_INSTANT_FACT,803437000.0,2022-02-25,us-gaap:LongTermDebtNoncurrent,D:\Programming\python_example\Arcana\data-lake\bronze\sec\companyfacts\CIK0001104485.json,ORIGINAL_QUARTER_END_INSTANT_FACT,215135000.0,2022-02-25,us-gaap:StockholdersEquityIncludingPortionAttributableToNoncontrollingInterest,D:\Programming\python_example\Arcana\data-lake\bronze\sec\companyfacts\CIK0001104485.json,ORIGINAL_QUARTER_END_INSTANT_FACT,0.0,803437000.0,1009053000.0,2022-02-25,2022-02-25,us-gaap:LongTermDebtCurrent,D:\Programming\python_example\Arcana\data-lake\bronze\sec\companyfacts\CIK0001104485.json,ORIGINAL_QUARTER_END_INSTANT_FACT,True,496899000.0,77959000.0,106956699.8605395,396467000.0,556000.0,448917685.4458162,-341960985.5852766,59020000.0,233000.0,552210000.0,-664581970.0,720111000.0,864582000.0,-10.016298147443903,15.689103821903444,90.34384964465943,12.37091448359317,267.02198706333434,-319.71908822089546,True,2021,720111000.0,1009053000.0,288942000.0,771538669.8605394,0.0,,False,0.0,,False,ZERO_FOR_DIAGNOSTIC_ONLY_NOT_AUTHORITATIVE_NO_EVENT_PROOF,288942000.0,288386000.0,0.40124647450184764,267.02198706333434,DIAGNOSTIC_DENOMINATOR_ONLY_CASH_MNA_NORMALIZED,False,ACQUIRED_NOPAT_NOT_REMOVED_NONCASH_CONSIDERATION_AND_BOOK_VALUE_DIFFERENCES_REMAIN_IN_CAPITAL_BRIDGE_RESIDUAL
NOG,2022Q4,370379000.0,2023-02-24,us-gaap:Revenues,D:\Programming\python_example\Arcana\data-lake\bronze\sec\companyfacts\CIK0001104485.json,DERIVED_Q4_FY_MINUS_Q1_Q2_Q3,167535000.0,2023-02-24,us-gaap:OperatingIncomeLoss,D:\Programming\python_example\Arcana\data-lake\bronze\sec\companyfacts\CIK0001104485.json,Q4_FY_MINUS_Q1_Q2_Q3,145068000.0,2023-02-24,us-gaap:NetIncomeLoss,D:\Programming\python_example\Arcana\data-lake\bronze\sec\companyfacts\CIK0001104485.json,Q4_FY_MINUS_Q1_Q2_Q3,-27000.0,2023-02-24,us-gaap:IncomeTaxExpenseBenefit,D:\Programming\python_example\Arcana\data-lake\bronze\sec\companyfacts\CIK0001104485.json,Q4_FY_MINUS_Q1_Q2_Q3,23809000.0,2023-02-24,us-gaap:InterestExpense,D:\Programming\python_example\Arcana\data-lake\bronze\sec\companyfacts\CIK0001104485.json,Q4_FY_MINUS_Q1_Q2_Q3,287379000.0,2023-02-24,us-gaap:NetCashProvidedByUsedInOperatingActivities,D:\Programming\python_example\Arcana\data-lake\bronze\sec\companyfacts\CIK0001104485.json,YTD_MINUS_PRIOR_YTD_CASH_FLOW,1000.0,2023-02-24,us-gaap:PaymentsToAcquireOtherPropertyPlantAndEquipment,D:\Programming\python_example\Arcana\data-lake\bronze\sec\companyfacts\CIK0001104485.json,YTD_MINUS_PRIOR_YTD_CASH_FLOW,False,0.21,US_STATUTORY_21PCT_FALLBACK,167535000.0,DIRECT_GAAP_OPERATING_INCOME,132352650.0,306187110.0,-173834460.0,ep,PRODUCTION_PLUS_REALIZED_PRICE,V3.5.3_GROUPED_REVENUE_PLUS_CONDITIONAL_COST_REINVESTMENT,2023-02-24,211,True,2528000.0,2023-02-24,us-gaap:CashAndCashEquivalentsAtCarryingValue,D:\Programming\python_example\Arcana\data-lake\bronze\sec\companyfacts\CIK0001104485.json,ORIGINAL_QUARTER_END_INSTANT_FACT,1525413000.0,2023-02-24,us-gaap:LongTermDebt,D:\Programming\python_example\Arcana\data-lake\bronze\sec\companyfacts\CIK0001104485.json,ORIGINAL_QUARTER_END_INSTANT_FACT,745260000.0,2023-02-24,us-gaap:StockholdersEquityIncludingPortionAttributableToNoncontrollingInterest,D:\Programming\python_example\Arcana\data-lake\bronze\sec\companyfacts\CIK0001104485.json,ORIGINAL_QUARTER_END_INSTANT_FACT,0.0,1525413000.0,2268145000.0,2023-02-24,,,,,True,1570535000.0,853192000.0,855261950.3331646,928418000.0,4581000.0,995273628.6574401,-140011678.32427534,80331000.0,3101000.0,496899000.0,106956699.8605395,1009053000.0,1638599000.0,216.06724907878663,54.32492749286071,63.371629964148525,52.194707206166036,59.43213446456852,-16.370619348812866,True,2022,1009053000.0,2268145000.0,1259092000.0,748305250.472625,0.0,,False,0.0,,False,ZERO_FOR_DIAGNOSTIC_ONLY_NOT_AUTHORITATIVE_NO_EVENT_PROOF,1259092000.0,1254511000.0,1.2477957054783049,59.43213446456852,DIAGNOSTIC_DENOMINATOR_ONLY_CASH_MNA_NORMALIZED,False,ACQUIRED_NOPAT_NOT_REMOVED_NONCASH_CONSIDERATION_AND_BOOK_VALUE_DIFFERENCES_REMAIN_IN_CAPITAL_BRIDGE_RESIDUAL
NOG,2023Q4,793518000.0,2024-02-23,us-gaap:Revenues,D:\Programming\python_example\Arcana\data-lake\bronze\sec\companyfacts\CIK0001104485.json,DERIVED_Q4_FY_MINUS_Q1_Q2_Q3,484044000.0,2024-02-23,us-gaap:OperatingIncomeLoss,D:\Programming\python_example\Arcana\data-lake\bronze\sec\companyfacts\CIK0001104485.json,Q4_FY_MINUS_Q1_Q2_Q3,388852000.0,2024-02-23,us-gaap:NetIncomeLoss,D:\Programming\python_example\Arcana\data-lake\bronze\sec\companyfacts\CIK0001104485.json,Q4_FY_MINUS_Q1_Q2_Q3,58760000.0,2024-02-23,us-gaap:IncomeTaxExpenseBenefit,D:\Programming\python_example\Arcana\data-lake\bronze\sec\companyfacts\CIK0001104485.json,Q4_FY_MINUS_Q1_Q2_Q3,36513000.0,2024-02-23,us-gaap:InterestExpense,D:\Programming\python_example\Arcana\data-lake\bronze\sec\companyfacts\CIK0001104485.json,Q4_FY_MINUS_Q1_Q2_Q3,342362000.0,2024-02-23,us-gaap:NetCashProvidedByUsedInOperatingActivities,D:\Programming\python_example\Arcana\data-lake\bronze\sec\companyfacts\CIK0001104485.json,YTD_MINUS_PRIOR_YTD_CASH_FLOW,648000.0,2024-02-23,us-gaap:PaymentsToAcquireOtherPropertyPlantAndEquipment,D:\Programming\python_example\Arcana\data-lake\bronze\sec\companyfacts\CIK0001104485.json,YTD_MINUS_PRIOR_YTD_CASH_FLOW,False,0.13127440729917875,INFERRED_FROM_NET_INCOME_PLUS_TAX,484044000.0,DIRECT_GAAP_OPERATING_INCOME,420501410.7932763,373433777.5662851,47067633.226991236,ep,PRODUCTION_PLUS_REALIZED_PRICE,V3.5.3_GROUPED_REVENUE_PLUS_CONDITIONAL_COST_REINVESTMENT,2024-02-23,215,True,8195000.0,2024-02-23,us-gaap:CashAndCashEquivalentsAtCarryingValue,D:\Programming\python_example\Arcana\data-lake\bronze\sec\companyfacts\CIK0001104485.json,ORIGINAL_QUARTER_END_INSTANT_FACT,1835554000.0,2024-02-23,us-gaap:LongTermDebt,D:\Programming\python_example\Arcana\data-lake\bronze\sec\companyfacts\CIK0001104485.json,ORIGINAL_QUARTER_END_INSTANT_FACT,2047676000.0,2024-02-23,us-gaap:StockholdersEquityIncludingPortionAttributableToNoncontrollingInterest,D:\Programming\python_example\Arcana\data-lake\bronze\sec\companyfacts\CIK0001104485.json,ORIGINAL_QUARTER_END_INSTANT_FACT,0.0,1835554000.0,3875035000.0,2024-02-23,,,,,True,2166259000.0,1121862000.0,1004388818.1193874,1183321000.0,1212000.0,1299110337.4339054,-294721519.31451786,135664000.0,77773000.0,1570535000.0,855261950.3331646,2268145000.0,3071590000.0,37.93127819500999,51.78799026339879,59.97022227877209,32.69931267256982,9.280465233228337,-29.343369220931088,True,2023,2268145000.0,3875035000.0,1606890000.0,149126867.78622282,0.0,,False,0.0,,False,ZERO_FOR_DIAGNOSTIC_ONLY_NOT_AUTHORITATIVE_NO_EVENT_PROOF,1606890000.0,1605678000.0,0.7084599970460442,9.280465233228337,DIAGNOSTIC_DENOMINATOR_ONLY_CASH_MNA_NORMALIZED,False,ACQUIRED_NOPAT_NOT_REMOVED_NONCASH_CONSIDERATION_AND_BOOK_VALUE_DIFFERENCES_REMAIN_IN_CAPITAL_BRIDGE_RESIDUAL
NOG,2024Q4,514976000.0,2025-02-20,us-gaap:Revenues,D:\Programming\python_example\Arcana\data-lake\bronze\sec\companyfacts\CIK0001104485.json,DERIVED_Q4_FY_MINUS_Q1_Q2_Q3,132634000.0,2025-02-20,us-gaap:OperatingIncomeLoss,D:\Programming\python_example\Arcana\data-lake\bronze\sec\companyfacts\CIK0001104485.json,Q4_FY_MINUS_Q1_Q2_Q3,71700000.0,2025-02-20,us-gaap:NetIncomeLoss,D:\Programming\python_example\Arcana\data-lake\bronze\sec\companyfacts\CIK0001104485.json,Q4_FY_MINUS_Q1_Q2_Q3,16140000.0,2025-02-20,us-gaap:IncomeTaxExpenseBenefit,D:\Programming\python_example\Arcana\data-lake\bronze\sec\companyfacts\CIK0001104485.json,Q4_FY_MINUS_Q1_Q2_Q3,,,,,,290278000.0,2025-02-20,us-gaap:NetCashProvidedByUsedInOperatingActivities,D:\Programming\python_example\Arcana\data-lake\bronze\sec\companyfacts\CIK0001104485.json,YTD_MINUS_PRIOR_YTD_CASH_FLOW,15000.0,2025-02-20,us-gaap:PaymentsToAcquireOtherPropertyPlantAndEquipment,D:\Programming\python_example\Arcana\data-lake\bronze\sec\companyfacts\CIK0001104485.json,YTD_MINUS_PRIOR_YTD_CASH_FLOW,False,0.1837431693989071,INFERRED_FROM_NET_INCOME_PLUS_TAX,132634000.0,DIRECT_GAAP_OPERATING_INCOME,108263408.46994536,,,ep,PRODUCTION_PLUS_REALIZED_PRICE,V3.5.3_GROUPED_REVENUE_PLUS_CONDITIONAL_COST_REINVESTMENT,2025-02-20,219,False,8933000.0,2025-02-20,us-gaap:CashAndCashEquivalentsAtCarryingValue,D:\Programming\python_example\Arcana\data-lake\bronze\sec\companyfacts\CIK0001104485.json,ORIGINAL_QUARTER_END_INSTANT_FACT,2369294000.0,2025-02-20,us-gaap:LongTermDebt,D:\Programming\python_example\Arcana\data-lake\bronze\sec\companyfacts\CIK0001104485.json,ORIGINAL_QUARTER_END_INSTANT_FACT,2320435000.0,2025-02-20,us-gaap:StockholdersEquity,D:\Programming\python_example\Arcana\data-lake\bronze\sec\companyfacts\CIK0001104485.json,ORIGINAL_QUARTER_END_INSTANT_FACT,0.0,2369294000.0,4680796000.0,2025-02-20,,,,,False,2225728000.0,837831000.0,643630518.7794939,1408663000.0,128000.0,,,,160509000.0,2166259000.0,1004388818.1193874,3875035000.0,4277915500.0,2.745239604313232,37.643009388388876,,15.04542384671913,-44.77237038524991,,False,2024,3875035000.0,4680796000.0,805761000.0,-360758299.33989346,0.0,,False,0.0,,False,ZERO_FOR_DIAGNOSTIC_ONLY_NOT_AUTHORITATIVE_NO_EVENT_PROOF,805761000.0,805633000.0,0.2079364444450179,-44.77237038524991,DIAGNOSTIC_DENOMINATOR_ONLY_CASH_MNA_NORMALIZED,False,ACQUIRED_NOPAT_NOT_REMOVED_NONCASH_CONSIDERATION_AND_BOOK_VALUE_DIFFERENCES_REMAIN_IN_CAPITAL_BRIDGE_RESIDUAL
NOG,2025Q4,610179000.0,2026-02-26,us-gaap:Revenues,D:\Programming\python_example\Arcana\data-lake\bronze\sec\companyfacts\CIK0001104485.json,DERIVED_Q4_FY_MINUS_Q1_Q2_Q3,-33839000.0,2026-02-26,us-gaap:OperatingIncomeLoss,D:\Programming\python_example\Arcana\data-lake\bronze\sec\companyfacts\CIK0001104485.json,Q4_FY_MINUS_Q1_Q2_Q3,-70732000.0,2026-02-26,us-gaap:NetIncomeLoss,D:\Programming\python_example\Arcana\data-lake\bronze\sec\companyfacts\CIK0001104485.json,Q4_FY_MINUS_Q1_Q2_Q3,-15326000.0,2026-02-26,us-gaap:IncomeTaxExpenseBenefit,D:\Programming\python_example\Arcana\data-lake\bronze\sec\companyfacts\CIK0001104485.json,Q4_FY_MINUS_Q1_Q2_Q3,41120000.0,2026-02-26,us-gaap:InterestExpenseNonoperating,D:\Programming\python_example\Arcana\data-lake\bronze\sec\companyfacts\CIK0001104485.json,Q4_FY_MINUS_Q1_Q2_Q3,312630000.0,2026-02-26,us-gaap:NetCashProvidedByUsedInOperatingActivities,D:\Programming\python_example\Arcana\data-lake\bronze\sec\companyfacts\CIK0001104485.json,YTD_MINUS_PRIOR_YTD_CASH_FLOW,40000.0,2026-02-26,us-gaap:PaymentsToAcquireOtherPropertyPlantAndEquipment,D:\Programming\python_example\Arcana\data-lake\bronze\sec\companyfacts\CIK0001104485.json,YTD_MINUS_PRIOR_YTD_CASH_FLOW,False,0.21,US_STATUTORY_21PCT_FALLBACK,-33839000.0,DIRECT_GAAP_OPERATING_INCOME,-26732810.0,345074800.0,-371807610.0,ep,PRODUCTION_PLUS_REALIZED_PRICE,V3.5.3_GROUPED_REVENUE_PLUS_CONDITIONAL_COST_REINVESTMENT,2026-02-26,223,True,14299000.0,2026-02-26,us-gaap:CashAndCashEquivalentsAtCarryingValue,D:\Programming\python_example\Arcana\data-lake\bronze\sec\companyfacts\CIK0001104485.json,ORIGINAL_QUARTER_END_INSTANT_FACT,2395393000.0,2026-02-26,us-gaap:LongTermDebt,D:\Programming\python_example\Arcana\data-lake\bronze\sec\companyfacts\CIK0001104485.json,ORIGINAL_QUARTER_END_INSTANT_FACT,2126341000.0,2026-02-26,us-gaap:StockholdersEquity,D:\Programming\python_example\Arcana\data-lake\bronze\sec\companyfacts\CIK0001104485.json,ORIGINAL_QUARTER_END_INSTANT_FACT,0.0,2395393000.0,4507435000.0,2026-02-26,,,,,True,2475723000.0,245847000.0,178563765.92005384,1505288000.0,971000.0,1637134647.4814644,-1458570881.5614104,172380000.0,23944000.0,2225728000.0,643630518.7794939,4680796000.0,4594115500.0,11.232055309543654,9.930311266648168,66.12753718737775,3.886793136133688,268.2649228254568,-816.8347447457165,True,2025,4680796000.0,4507435000.0,-173361000.0,-465066752.8594401,0.0,,False,0.0,,False,ZERO_FOR_DIAGNOSTIC_ONLY_NOT_AUTHORITATIVE_NO_EVENT_PROOF,-173361000.0,-174332000.0,-0.03703664932203839,,LOCKED_NONPOSITIVE_SMALL_OR_INCOMPLETE_NORMALIZED_DENOMINATOR,False,ACQUIRED_NOPAT_NOT_REMOVED_NONCASH_CONSIDERATION_AND_BOOK_VALUE_DIFFERENCES_REMAIN_IN_CAPITAL_BRIDGE_RESIDUAL
OVV,2020Q4,1590000000.0,2021-02-18,us-gaap:RevenueFromContractWithCustomerExcludingAssessedTax,D:\Programming\python_example\Arcana\data-lake\bronze\sec\companyfacts\CIK0001792580.json,DERIVED_Q4_FY_MINUS_Q1_Q2_Q3,-591000000.0,2021-02-18,us-gaap:OperatingIncomeLoss,D:\Programming\python_example\Arcana\data-lake\bronze\sec\companyfacts\CIK0001792580.json,Q4_FY_MINUS_Q1_Q2_Q3,-614000000.0,2021-02-18,us-gaap:ProfitLoss,D:\Programming\python_example\Arcana\data-lake\bronze\sec\companyfacts\CIK0001792580.json,Q4_FY_MINUS_Q1_Q2_Q3,-28000000.0,2021-02-18,us-gaap:IncomeTaxExpenseBenefit,D:\Programming\python_example\Arcana\data-lake\bronze\sec\companyfacts\CIK0001792580.json,Q4_FY_MINUS_Q1_Q2_Q3,92000000.0,2021-02-18,us-gaap:InterestExpense,D:\Programming\python_example\Arcana\data-lake\bronze\sec\companyfacts\CIK0001792580.json,Q4_FY_MINUS_Q1_Q2_Q3,719000000.0,2021-02-18,us-gaap:NetCashProvidedByUsedInOperatingActivities,D:\Programming\python_example\Arcana\data-lake\bronze\sec\companyfacts\CIK0001792580.json,YTD_MINUS_PRIOR_YTD_CASH_FLOW,343000000.0,2021-02-18,us-gaap:PaymentsToAcquirePropertyPlantAndEquipment,D:\Programming\python_example\Arcana\data-lake\bronze\sec\companyfacts\CIK0001792580.json,YTD_MINUS_PRIOR_YTD_CASH_FLOW,False,0.21,US_STATUTORY_21PCT_FALLBACK,-591000000.0,DIRECT_GAAP_OPERATING_INCOME,-466890000.0,448680000.0,-915570000.0,ep,PRODUCTION_PLUS_REALIZED_PRICE,V3.5.3_GROUPED_REVENUE_PLUS_CONDITIONAL_COST_REINVESTMENT,2021-02-18,203,True,9000000.0,2021-02-18,us-gaap:Cash,D:\Programming\python_example\Arcana\data-lake\bronze\sec\companyfacts\CIK0001792580.json,ORIGINAL_QUARTER_END_INSTANT_FACT,6367000000.0,2021-02-18,us-gaap:LongTermDebtNoncurrent,D:\Programming\python_example\Arcana\data-lake\bronze\sec\companyfacts\CIK0001792580.json,ORIGINAL_QUARTER_END_INSTANT_FACT,3837000000.0,2021-02-18,us-gaap:StockholdersEquity,D:\Programming\python_example\Arcana\data-lake\bronze\sec\companyfacts\CIK0001792580.json,ORIGINAL_QUARTER_END_INSTANT_FACT,518000000.0,6885000000.0,10713000000.0,2021-02-18,2021-02-18,us-gaap:LongTermDebtCurrent,D:\Programming\python_example\Arcana\data-lake\bronze\sec\companyfacts\CIK0001792580.json,ORIGINAL_QUARTER_END_INSTANT_FACT,True,5509000000.0,-5397000000.0,-4293651764.705882,1895000000.0,1736000000.0,448292780.74866307,-4741944545.454546,371000000.0,367000000.0,,,,,,-97.96696315120712,8.137461984909477,,,110.44082765243475,False,2020,,10713000000.0,,,0.0,us-gaap:PaymentsToAcquireBusinessesNetOfCashAcquired,True,89000000.0,us-gaap:ProceedsFromSaleOfPropertyPlantAndEquipment,True,ZERO_FOR_DIAGNOSTIC_ONLY_NOT_AUTHORITATIVE_NO_EVENT_PROOF,,,,,LOCKED_NONPOSITIVE_SMALL_OR_INCOMPLETE_NORMALIZED_DENOMINATOR,False,ACQUIRED_NOPAT_NOT_REMOVED_NONCASH_CONSIDERATION_AND_BOOK_VALUE_DIFFERENCES_REMAIN_IN_CAPITAL_BRIDGE_RESIDUAL
OVV,2021Q4,3028000000.0,2022-02-25,us-gaap:RevenueFromContractWithCustomerExcludingAssessedTax,D:\Programming\python_example\Arcana\data-lake\bronze\sec\companyfacts\CIK0001792580.json,DERIVED_Q4_FY_MINUS_Q1_Q2_Q3,1445000000.0,2022-02-25,us-gaap:OperatingIncomeLoss,D:\Programming\python_example\Arcana\data-lake\bronze\sec\companyfacts\CIK0001792580.json,Q4_FY_MINUS_Q1_Q2_Q3,1384000000.0,2022-02-25,us-gaap:ProfitLoss,D:\Programming\python_example\Arcana\data-lake\bronze\sec\companyfacts\CIK0001792580.json,Q4_FY_MINUS_Q1_Q2_Q3,-2000000.0,2022-02-25,us-gaap:IncomeTaxExpenseBenefit,D:\Programming\python_example\Arcana\data-lake\bronze\sec\companyfacts\CIK0001792580.json,Q4_FY_MINUS_Q1_Q2_Q3,77000000.0,2022-02-25,us-gaap:InterestExpense,D:\Programming\python_example\Arcana\data-lake\bronze\sec\companyfacts\CIK0001792580.json,Q4_FY_MINUS_Q1_Q2_Q3,740000000.0,2022-02-25,us-gaap:NetCashProvidedByUsedInOperatingActivities,D:\Programming\python_example\Arcana\data-lake\bronze\sec\companyfacts\CIK0001792580.json,YTD_MINUS_PRIOR_YTD_CASH_FLOW,421000000.0,2022-02-25,us-gaap:PaymentsToAcquirePropertyPlantAndEquipment,D:\Programming\python_example\Arcana\data-lake\bronze\sec\companyfacts\CIK0001792580.json,YTD_MINUS_PRIOR_YTD_CASH_FLOW,False,0.21,US_STATUTORY_21PCT_FALLBACK,1445000000.0,DIRECT_GAAP_OPERATING_INCOME,1141550000.0,379830000.0,761720000.0,ep,PRODUCTION_PLUS_REALIZED_PRICE,V3.5.3_GROUPED_REVENUE_PLUS_CONDITIONAL_COST_REINVESTMENT,2022-02-25,207,True,26000000.0,2022-02-25,us-gaap:Cash,D:\Programming\python_example\Arcana\data-lake\bronze\sec\companyfacts\CIK0001792580.json,ORIGINAL_QUARTER_END_INSTANT_FACT,4786000000.0,2022-02-25,us-gaap:LongTermDebtNoncurrent,D:\Programming\python_example\Arcana\data-lake\bronze\sec\companyfacts\CIK0001792580.json,ORIGINAL_QUARTER_END_INSTANT_FACT,5074000000.0,2022-02-25,us-gaap:StockholdersEquity,D:\Programming\python_example\Arcana\data-lake\bronze\sec\companyfacts\CIK0001792580.json,ORIGINAL_QUARTER_END_INSTANT_FACT,0.0,4786000000.0,9834000000.0,2022-02-25,2022-02-25,us-gaap:LongTermDebtCurrent,D:\Programming\python_example\Arcana\data-lake\bronze\sec\companyfacts\CIK0001792580.json,ORIGINAL_QUARTER_END_INSTANT_FACT,True,10468000000.0,1519000000.0,1200010000.0,3129000000.0,1519000000.0,1878600000.0,-678590000.0,340000000.0,-177000000.0,5509000000.0,-4293651764.705882,10713000000.0,10273500000.0,90.01633690324924,14.510890332441729,17.946121513183034,11.68063464252689,-624.9899618550492,-56.54869542753811,True,2021,10713000000.0,9834000000.0,-879000000.0,5493661764.705882,0.0,us-gaap:PaymentsToAcquireBusinessesNetOfCashAcquired,True,1025000000.0,us-gaap:ProceedsFromSaleOfPropertyPlantAndEquipment,True,ZERO_FOR_DIAGNOSTIC_ONLY_NOT_AUTHORITATIVE_NO_EVENT_PROOF,146000000.0,-1373000000.0,0.013628302062914216,,LOCKED_NONPOSITIVE_SMALL_OR_INCOMPLETE_NORMALIZED_DENOMINATOR,False,ACQUIRED_NOPAT_NOT_REMOVED_NONCASH_CONSIDERATION_AND_BOOK_VALUE_DIFFERENCES_REMAIN_IN_CAPITAL_BRIDGE_RESIDUAL
OVV,2022Q4,3199000000.0,2023-02-27,us-gaap:RevenueFromContractWithCustomerExcludingAssessedTax,D:\Programming\python_example\Arcana\data-lake\bronze\sec\companyfacts\CIK0001792580.json,DERIVED_Q4_FY_MINUS_Q1_Q2_Q3,1164000000.0,2023-02-27,us-gaap:OperatingIncomeLoss,D:\Programming\python_example\Arcana\data-lake\bronze\sec\companyfacts\CIK0001792580.json,Q4_FY_MINUS_Q1_Q2_Q3,1335000000.0,2023-02-27,us-gaap:ProfitLoss,D:\Programming\python_example\Arcana\data-lake\bronze\sec\companyfacts\CIK0001792580.json,Q4_FY_MINUS_Q1_Q2_Q3,-225000000.0,2023-02-27,us-gaap:IncomeTaxExpenseBenefit,D:\Programming\python_example\Arcana\data-lake\bronze\sec\companyfacts\CIK0001792580.json,Q4_FY_MINUS_Q1_Q2_Q3,63000000.0,2023-02-27,us-gaap:InterestExpense,D:\Programming\python_example\Arcana\data-lake\bronze\sec\companyfacts\CIK0001792580.json,Q4_FY_MINUS_Q1_Q2_Q3,875000000.0,2023-02-27,us-gaap:NetCashProvidedByUsedInOperatingActivities,D:\Programming\python_example\Arcana\data-lake\bronze\sec\companyfacts\CIK0001792580.json,YTD_MINUS_PRIOR_YTD_CASH_FLOW,358000000.0,2023-02-27,us-gaap:PaymentsToAcquirePropertyPlantAndEquipment,D:\Programming\python_example\Arcana\data-lake\bronze\sec\companyfacts\CIK0001792580.json,YTD_MINUS_PRIOR_YTD_CASH_FLOW,False,0.21,US_STATUTORY_21PCT_FALLBACK,1164000000.0,DIRECT_GAAP_OPERATING_INCOME,919560000.0,566770000.0,352790000.0,ep,PRODUCTION_PLUS_REALIZED_PRICE,V3.5.3_GROUPED_REVENUE_PLUS_CONDITIONAL_COST_REINVESTMENT,2023-02-27,211,True,5000000.0,2023-02-27,us-gaap:Cash,D:\Programming\python_example\Arcana\data-lake\bronze\sec\companyfacts\CIK0001792580.json,ORIGINAL_QUARTER_END_INSTANT_FACT,3177000000.0,2023-02-27,us-gaap:LongTermDebtNoncurrent,D:\Programming\python_example\Arcana\data-lake\bronze\sec\companyfacts\CIK0001792580.json,ORIGINAL_QUARTER_END_INSTANT_FACT,7689000000.0,2023-02-27,us-gaap:StockholdersEquity,D:\Programming\python_example\Arcana\data-lake\bronze\sec\companyfacts\CIK0001792580.json,ORIGINAL_QUARTER_END_INSTANT_FACT,393000000.0,3570000000.0,11254000000.0,2023-02-27,2023-02-27,us-gaap:LongTermDebtCurrent,D:\Programming\python_example\Arcana\data-lake\bronze\sec\companyfacts\CIK0001792580.json,ORIGINAL_QUARTER_END_INSTANT_FACT,True,14263000000.0,3853000000.0,3486424930.32786,3866000000.0,1831000000.0,2307337241.6632996,1179087688.6645603,311000000.0,-77000000.0,10468000000.0,1200010000.0,9834000000.0,10544000000.0,36.25334352311806,27.013952183972517,16.17708225242445,33.06548682025664,161.01513593858166,33.819391274077425,True,2022,9834000000.0,11254000000.0,1420000000.0,2286414930.32786,0.0,,False,228000000.0,us-gaap:ProceedsFromSaleOfPropertyPlantAndEquipment,True,ZERO_FOR_DIAGNOSTIC_ONLY_NOT_AUTHORITATIVE_NO_EVENT_PROOF,1648000000.0,-183000000.0,0.16758185885702664,138.73877004416627,DIAGNOSTIC_DENOMINATOR_ONLY_CASH_MNA_NORMALIZED,False,ACQUIRED_NOPAT_NOT_REMOVED_NONCASH_CONSIDERATION_AND_BOOK_VALUE_DIFFERENCES_REMAIN_IN_CAPITAL_BRIDGE_RESIDUAL
OVV,2023Q4,2804000000.0,2024-02-27,us-gaap:RevenueFromContractWithCustomerExcludingAssessedTax,D:\Programming\python_example\Arcana\data-lake\bronze\sec\companyfacts\CIK0001792580.json,DERIVED_Q4_FY_MINUS_Q1_Q2_Q3,1188000000.0,2024-02-27,us-gaap:OperatingIncomeLoss,D:\Programming\python_example\Arcana\data-lake\bronze\sec\companyfacts\CIK0001792580.json,Q4_FY_MINUS_Q1_Q2_Q3,856000000.0,2024-02-27,us-gaap:ProfitLoss,D:\Programming\python_example\Arcana\data-lake\bronze\sec\companyfacts\CIK0001792580.json,Q4_FY_MINUS_Q1_Q2_Q3,211000000.0,2024-02-27,us-gaap:IncomeTaxExpenseBenefit,D:\Programming\python_example\Arcana\data-lake\bronze\sec\companyfacts\CIK0001792580.json,Q4_FY_MINUS_Q1_Q2_Q3,106000000.0,2024-02-27,us-gaap:InterestExpense,D:\Programming\python_example\Arcana\data-lake\bronze\sec\companyfacts\CIK0001792580.json,Q4_FY_MINUS_Q1_Q2_Q3,1362000000.0,2024-02-27,us-gaap:NetCashProvidedByUsedInOperatingActivities,D:\Programming\python_example\Arcana\data-lake\bronze\sec\companyfacts\CIK0001792580.json,YTD_MINUS_PRIOR_YTD_CASH_FLOW,660000000.0,2024-02-27,us-gaap:PaymentsToAcquirePropertyPlantAndEquipment,D:\Programming\python_example\Arcana\data-lake\bronze\sec\companyfacts\CIK0001792580.json,YTD_MINUS_PRIOR_YTD_CASH_FLOW,False,0.19775070290534208,INFERRED_FROM_NET_INCOME_PLUS_TAX,1188000000.0,DIRECT_GAAP_OPERATING_INCOME,953072164.9484537,787038425.4920337,166033739.45641994,ep,PRODUCTION_PLUS_REALIZED_PRICE,V3.5.3_GROUPED_REVENUE_PLUS_CONDITIONAL_COST_REINVESTMENT,2024-02-27,215,True,3000000.0,2024-02-27,us-gaap:Cash,D:\Programming\python_example\Arcana\data-lake\bronze\sec\companyfacts\CIK0001792580.json,ORIGINAL_QUARTER_END_INSTANT_FACT,5453000000.0,2024-02-27,us-gaap:LongTermDebtNoncurrent,D:\Programming\python_example\Arcana\data-lake\bronze\sec\companyfacts\CIK0001792580.json,ORIGINAL_QUARTER_END_INSTANT_FACT,10370000000.0,2024-02-27,us-gaap:StockholdersEquity,D:\Programming\python_example\Arcana\data-lake\bronze\sec\companyfacts\CIK0001792580.json,ORIGINAL_QUARTER_END_INSTANT_FACT,284000000.0,5737000000.0,16104000000.0,2024-02-27,2024-02-27,us-gaap:LongTermDebtCurrent,D:\Programming\python_example\Arcana\data-lake\bronze\sec\companyfacts\CIK0001792580.json,ORIGINAL_QUARTER_END_INSTANT_FACT,True,10661000000.0,2864000000.0,2268916242.4679494,4167000000.0,2744000000.0,1703374921.9960785,565541320.4718709,355000000.0,425000000.0,14263000000.0,3486424930.32786,11254000000.0,13679000000.0,-25.254154105026995,26.86427164431104,15.9776280085928,16.586857536866358,-25.103271914637332,24.925614700378688,True,2023,11254000000.0,16104000000.0,4850000000.0,-1217508687.8599105,3225000000.0,us-gaap:PaymentsToAcquireBusinessesNetOfCashAcquired,True,772000000.0,us-gaap:ProceedsFromSaleOfPropertyPlantAndEquipment,True,ZERO_FOR_DIAGNOSTIC_ONLY_NOT_AUTHORITATIVE_NO_EVENT_PROOF,2397000000.0,-347000000.0,0.21299093655589124,-50.79301993574929,DIAGNOSTIC_DENOMINATOR_ONLY_CASH_MNA_NORMALIZED,False,ACQUIRED_NOPAT_NOT_REMOVED_NONCASH_CONSIDERATION_AND_BOOK_VALUE_DIFFERENCES_REMAIN_IN_CAPITAL_BRIDGE_RESIDUAL
OVV,2024Q4,2185000000.0,2025-02-26,us-gaap:RevenueFromContractWithCustomerExcludingAssessedTax,D:\Programming\python_example\Arcana\data-lake\bronze\sec\companyfacts\CIK0001792580.json,DERIVED_Q4_FY_MINUS_Q1_Q2_Q3,2000000.0,2025-02-26,us-gaap:OperatingIncomeLoss,D:\Programming\python_example\Arcana\data-lake\bronze\sec\companyfacts\CIK0001792580.json,Q4_FY_MINUS_Q1_Q2_Q3,-60000000.0,2025-02-26,us-gaap:ProfitLoss,D:\Programming\python_example\Arcana\data-lake\bronze\sec\companyfacts\CIK0001792580.json,Q4_FY_MINUS_Q1_Q2_Q3,-41000000.0,2025-02-26,us-gaap:IncomeTaxExpenseBenefit,D:\Programming\python_example\Arcana\data-lake\bronze\sec\companyfacts\CIK0001792580.json,Q4_FY_MINUS_Q1_Q2_Q3,106000000.0,2025-02-26,us-gaap:InterestExpense,D:\Programming\python_example\Arcana\data-lake\bronze\sec\companyfacts\CIK0001792580.json,Q4_FY_MINUS_Q1_Q2_Q3,1020000000.0,2025-02-26,us-gaap:NetCashProvidedByUsedInOperatingActivities,D:\Programming\python_example\Arcana\data-lake\bronze\sec\companyfacts\CIK0001792580.json,YTD_MINUS_PRIOR_YTD_CASH_FLOW,552000000.0,2025-02-26,us-gaap:PaymentsToAcquirePropertyPlantAndEquipment,D:\Programming\python_example\Arcana\data-lake\bronze\sec\companyfacts\CIK0001792580.json,YTD_MINUS_PRIOR_YTD_CASH_FLOW,False,0.21,US_STATUTORY_21PCT_FALLBACK,2000000.0,DIRECT_GAAP_OPERATING_INCOME,1580000.0,551740000.0,-550160000.0,ep,PRODUCTION_PLUS_REALIZED_PRICE,V3.5.3_GROUPED_REVENUE_PLUS_CONDITIONAL_COST_REINVESTMENT,2025-02-26,219,True,4000000.0,2025-02-26,us-gaap:Cash,D:\Programming\python_example\Arcana\data-lake\bronze\sec\companyfacts\CIK0001792580.json,ORIGINAL_QUARTER_END_INSTANT_FACT,4853000000.0,2025-02-26,us-gaap:LongTermDebtNoncurrent,D:\Programming\python_example\Arcana\data-lake\bronze\sec\companyfacts\CIK0001792580.json,ORIGINAL_QUARTER_END_INSTANT_FACT,10331000000.0,2025-02-26,us-gaap:StockholdersEquity,D:\Programming\python_example\Arcana\data-lake\bronze\sec\companyfacts\CIK0001792580.json,ORIGINAL_QUARTER_END_INSTANT_FACT,600000000.0,5453000000.0,15780000000.0,2025-02-26,2025-02-26,us-gaap:LongTermDebtCurrent,D:\Programming\python_example\Arcana\data-lake\bronze\sec\companyfacts\CIK0001792580.json,ORIGINAL_QUARTER_END_INSTANT_FACT,True,8943000000.0,1579000000.0,1276200064.7119381,3721000000.0,2303000000.0,1749327986.9299483,-473127922.2180098,412000000.0,226000000.0,10661000000.0,2268916242.4679494,16104000000.0,15942000000.0,-16.11481099334021,17.656267471765627,19.560863098847683,8.00526950641035,306.39388202346026,-37.07317804632799,True,2024,16104000000.0,15780000000.0,-324000000.0,-992716177.7560112,-12000000.0,us-gaap:PaymentsToAcquireBusinessesNetOfCashAcquired,True,163000000.0,us-gaap:ProceedsFromSaleOfPropertyPlantAndEquipment,True,ZERO_FOR_DIAGNOSTIC_ONLY_NOT_AUTHORITATIVE_NO_EVENT_PROOF,-149000000.0,-2452000000.0,-0.009252359662195727,,LOCKED_NONPOSITIVE_SMALL_OR_INCOMPLETE_NORMALIZED_DENOMINATOR,False,ACQUIRED_NOPAT_NOT_REMOVED_NONCASH_CONSIDERATION_AND_BOOK_VALUE_DIFFERENCES_REMAIN_IN_CAPITAL_BRIDGE_RESIDUAL
OVV,2025Q4,2054000000.0,2026-02-23,us-gaap:RevenueFromContractWithCustomerExcludingAssessedTax,D:\Programming\python_example\Arcana\data-lake\bronze\sec\companyfacts\CIK0001792580.json,DERIVED_Q4_FY_MINUS_Q1_Q2_Q3,436000000.0,2026-02-23,us-gaap:OperatingIncomeLoss,D:\Programming\python_example\Arcana\data-lake\bronze\sec\companyfacts\CIK0001792580.json,Q4_FY_MINUS_Q1_Q2_Q3,946000000.0,2026-02-23,us-gaap:ProfitLoss,D:\Programming\python_example\Arcana\data-lake\bronze\sec\companyfacts\CIK0001792580.json,Q4_FY_MINUS_Q1_Q2_Q3,-574000000.0,2026-02-23,us-gaap:IncomeTaxExpenseBenefit,D:\Programming\python_example\Arcana\data-lake\bronze\sec\companyfacts\CIK0001792580.json,Q4_FY_MINUS_Q1_Q2_Q3,93000000.0,2026-02-23,us-gaap:InterestExpense,D:\Programming\python_example\Arcana\data-lake\bronze\sec\companyfacts\CIK0001792580.json,Q4_FY_MINUS_Q1_Q2_Q3,954000000.0,2026-02-23,us-gaap:NetCashProvidedByUsedInOperatingActivities,D:\Programming\python_example\Arcana\data-lake\bronze\sec\companyfacts\CIK0001792580.json,YTD_MINUS_PRIOR_YTD_CASH_FLOW,465000000.0,2026-02-23,us-gaap:PaymentsToAcquirePropertyPlantAndEquipment,D:\Programming\python_example\Arcana\data-lake\bronze\sec\companyfacts\CIK0001792580.json,YTD_MINUS_PRIOR_YTD_CASH_FLOW,False,0.21,US_STATUTORY_21PCT_FALLBACK,436000000.0,DIRECT_GAAP_OPERATING_INCOME,344440000.0,562470000.0,-218030000.0,ep,PRODUCTION_PLUS_REALIZED_PRICE,V3.5.3_GROUPED_REVENUE_PLUS_CONDITIONAL_COST_REINVESTMENT,2026-02-23,223,True,23000000.0,2026-02-23,us-gaap:Cash,D:\Programming\python_example\Arcana\data-lake\bronze\sec\companyfacts\CIK0001792580.json,ORIGINAL_QUARTER_END_INSTANT_FACT,4392000000.0,2026-02-23,us-gaap:LongTermDebtNoncurrent,D:\Programming\python_example\Arcana\data-lake\bronze\sec\companyfacts\CIK0001792580.json,ORIGINAL_QUARTER_END_INSTANT_FACT,11195000000.0,2026-02-23,us-gaap:StockholdersEquity,D:\Programming\python_example\Arcana\data-lake\bronze\sec\companyfacts\CIK0001792580.json,ORIGINAL_QUARTER_END_INSTANT_FACT,810000000.0,5202000000.0,16374000000.0,2026-02-23,2026-02-23,us-gaap:LongTermDebtCurrent,D:\Programming\python_example\Arcana\data-lake\bronze\sec\companyfacts\CIK0001792580.json,ORIGINAL_QUARTER_END_INSTANT_FACT,True,8663000000.0,1131000000.0,877742938.5964912,3652000000.0,2147000000.0,1798341071.4285717,-920598132.8320804,376000000.0,-472000000.0,8943000000.0,1276200064.7119381,15780000000.0,16077000000.0,-3.130940400313098,13.055523490707607,20.758871885358094,5.459618950031046,-67.08032426185974,-104.88243110267734,True,2025,15780000000.0,16374000000.0,594000000.0,-398457126.1154469,0.0,us-gaap:PaymentsToAcquireBusinessesNetOfCashAcquired,True,1927000000.0,us-gaap:ProceedsFromSaleOfPropertyPlantAndEquipment,True,ZERO_FOR_DIAGNOSTIC_ONLY_NOT_AUTHORITATIVE_NO_EVENT_PROOF,2521000000.0,374000000.0,0.1597591888466413,-15.805518687641687,DIAGNOSTIC_DENOMINATOR_ONLY_CASH_MNA_NORMALIZED,False,ACQUIRED_NOPAT_NOT_REMOVED_NONCASH_CONSIDERATION_AND_BOOK_VALUE_DIFFERENCES_REMAIN_IN_CAPITAL_BRIDGE_RESIDUAL
PR,2018Q4,222504000.0,2019-02-25,us-gaap:RevenueFromContractWithCustomerExcludingAssessedTax,D:\Programming\python_example\Arcana\data-lake\bronze\sec\companyfacts\CIK0001658566.json,DERIVED_Q4_FY_MINUS_Q1_Q2_Q3,48811000.0,2019-02-25,us-gaap:OperatingIncomeLoss,D:\Programming\python_example\Arcana\data-lake\bronze\sec\companyfacts\CIK0001658566.json,Q4_FY_MINUS_Q1_Q2_Q3,32808000.0,2019-02-25,us-gaap:ProfitLoss,D:\Programming\python_example\Arcana\data-lake\bronze\sec\companyfacts\CIK0001658566.json,Q4_FY_MINUS_Q1_Q2_Q3,8711000.0,2019-02-25,us-gaap:IncomeTaxExpenseBenefit,D:\Programming\python_example\Arcana\data-lake\bronze\sec\companyfacts\CIK0001658566.json,Q4_FY_MINUS_Q1_Q2_Q3,8220000.0,2019-02-25,us-gaap:InterestExpense,D:\Programming\python_example\Arcana\data-lake\bronze\sec\companyfacts\CIK0001658566.json,Q4_FY_MINUS_Q1_Q2_Q3,175316000.0,2019-02-25,us-gaap:NetCashProvidedByUsedInOperatingActivities,D:\Programming\python_example\Arcana\data-lake\bronze\sec\companyfacts\CIK0001658566.json,YTD_MINUS_PRIOR_YTD_CASH_FLOW,99292000.0,2019-02-25,us-gaap:PaymentsToAcquireOilAndGasProperty;us-gaap:PaymentsToAcquireOtherPropertyPlantAndEquipment,D:\Programming\python_example\Arcana\data-lake\bronze\sec\companyfacts\CIK0001658566.json,YTD_MINUS_PRIOR_YTD_CASH_FLOW,False,0.2098075579855006,INFERRED_FROM_NET_INCOME_PLUS_TAX,48811000.0,DIRECT_GAAP_OPERATING_INCOME,38570083.28716973,82519381.87335917,-43949298.58618944,ep,PRODUCTION_PLUS_REALIZED_PRICE,V3.5.3_GROUPED_REVENUE_PLUS_CONDITIONAL_COST_REINVESTMENT,2019-02-25,195,True,18157000.0,2019-02-25,us-gaap:CashAndCashEquivalentsAtCarryingValue,D:\Programming\python_example\Arcana\data-lake\bronze\sec\companyfacts\CIK0001658566.json,ORIGINAL_QUARTER_END_INSTANT_FACT,691630000.0,2019-02-25,us-gaap:LongTermDebt,D:\Programming\python_example\Arcana\data-lake\bronze\sec\companyfacts\CIK0001658566.json,ORIGINAL_QUARTER_END_INSTANT_FACT,3243869000.0,2019-02-25,us-gaap:StockholdersEquityIncludingPortionAttributableToNoncontrollingInterest,D:\Programming\python_example\Arcana\data-lake\bronze\sec\companyfacts\CIK0001658566.json,ORIGINAL_QUARTER_END_INSTANT_FACT,0.0,691630000.0,3917342000.0,2019-02-25,,,,,True,891045000.0,282715000.0,221127084.3692816,670011000.0,218571000.0,472087517.6830392,-250960433.31375766,26358000.0,59440000.0,,,2886657000.0,3401999500.0,,31.728476115123254,52.98133289374153,6.499915251877068,,-113.49149473460902,True,2018,2886657000.0,3917342000.0,1030685000.0,,0.0,,False,148149000.0,us-gaap:ProceedsFromSaleOfOilAndGasPropertyAndEquipment,True,ZERO_FOR_DIAGNOSTIC_ONLY_NOT_AUTHORITATIVE_NO_EVENT_PROOF,1178834000.0,960263000.0,0.4083734229594995,,LOCKED_NONPOSITIVE_SMALL_OR_INCOMPLETE_NORMALIZED_DENOMINATOR,False,ACQUIRED_NOPAT_NOT_REMOVED_NONCASH_CONSIDERATION_AND_BOOK_VALUE_DIFFERENCES_REMAIN_IN_CAPITAL_BRIDGE_RESIDUAL
PR,2019Q4,256392000.0,2020-02-24,us-gaap:RevenueFromContractWithCustomerExcludingAssessedTax,D:\Programming\python_example\Arcana\data-lake\bronze\sec\companyfacts\CIK0001658566.json,DERIVED_Q4_FY_MINUS_Q1_Q2_Q3,25874000.0,2020-02-24,us-gaap:OperatingIncomeLoss,D:\Programming\python_example\Arcana\data-lake\bronze\sec\companyfacts\CIK0001658566.json,Q4_FY_MINUS_Q1_Q2_Q3,9662000.0,2020-02-24,us-gaap:ProfitLoss,D:\Programming\python_example\Arcana\data-lake\bronze\sec\companyfacts\CIK0001658566.json,Q4_FY_MINUS_Q1_Q2_Q3,739000.0,2020-02-24,us-gaap:IncomeTaxExpenseBenefit,D:\Programming\python_example\Arcana\data-lake\bronze\sec\companyfacts\CIK0001658566.json,Q4_FY_MINUS_Q1_Q2_Q3,16148000.0,2020-02-24,us-gaap:InterestExpense,D:\Programming\python_example\Arcana\data-lake\bronze\sec\companyfacts\CIK0001658566.json,Q4_FY_MINUS_Q1_Q2_Q3,179298000.0,2020-02-24,us-gaap:NetCashProvidedByUsedInOperatingActivities,D:\Programming\python_example\Arcana\data-lake\bronze\sec\companyfacts\CIK0001658566.json,YTD_MINUS_PRIOR_YTD_CASH_FLOW,31013000.0,2020-02-24,us-gaap:PaymentsToAcquireOilAndGasProperty;us-gaap:PaymentsToAcquireOtherPropertyPlantAndEquipment,D:\Programming\python_example\Arcana\data-lake\bronze\sec\companyfacts\CIK0001658566.json,YTD_MINUS_PRIOR_YTD_CASH_FLOW,False,0.07105086049418326,INFERRED_FROM_NET_INCOME_PLUS_TAX,25874000.0,DIRECT_GAAP_OPERATING_INCOME,24035630.0355735,163285670.70473993,-139250040.66916642,ep,PRODUCTION_PLUS_REALIZED_PRICE,V3.5.3_GROUPED_REVENUE_PLUS_CONDITIONAL_COST_REINVESTMENT,2020-02-24,199,True,10223000.0,2020-02-24,us-gaap:CashAndCashEquivalentsAtCarryingValue,D:\Programming\python_example\Arcana\data-lake\bronze\sec\companyfacts\CIK0001658566.json,ORIGINAL_QUARTER_END_INSTANT_FACT,1057389000.0,2020-02-24,us-gaap:LongTermDebt,D:\Programming\python_example\Arcana\data-lake\bronze\sec\companyfacts\CIK0001658566.json,ORIGINAL_QUARTER_END_INSTANT_FACT,3270701000.0,2020-02-24,us-gaap:StockholdersEquityIncludingPortionAttributableToNoncontrollingInterest,D:\Programming\python_example\Arcana\data-lake\bronze\sec\companyfacts\CIK0001658566.json,ORIGINAL_QUARTER_END_INSTANT_FACT,0.0,1057389000.0,4317867000.0,2020-02-24,,,,,True,944330000.0,79429000.0,65313060.13184306,564173000.0,112566000.0,497682497.10666525,-432369436.9748223,55991000.0,5797000.0,891045000.0,221127084.3692816,3917342000.0,4117604500.0,5.980057123938742,8.411148645071108,52.70218007546782,1.586190711901618,-38.9024465981995,-661.9953744351089,True,2019,3917342000.0,4317867000.0,400525000.0,-155814024.23743853,0.0,,False,34730000.0,us-gaap:ProceedsFromSaleOfOilAndGasPropertyAndEquipment,True,ZERO_FOR_DIAGNOSTIC_ONLY_NOT_AUTHORITATIVE_NO_EVENT_PROOF,435255000.0,322689000.0,0.11110977800763885,-35.798330688318,DIAGNOSTIC_DENOMINATOR_ONLY_CASH_MNA_NORMALIZED,False,ACQUIRED_NOPAT_NOT_REMOVED_NONCASH_CONSIDERATION_AND_BOOK_VALUE_DIFFERENCES_REMAIN_IN_CAPITAL_BRIDGE_RESIDUAL
PR,2020Q4,148077000.0,2021-02-24,us-gaap:RevenueFromContractWithCustomerExcludingAssessedTax,D:\Programming\python_example\Arcana\data-lake\bronze\sec\companyfacts\CIK0001658566.json,DERIVED_Q4_FY_MINUS_Q1_Q2_Q3,-46878000.0,2021-02-24,us-gaap:OperatingIncomeLoss,D:\Programming\python_example\Arcana\data-lake\bronze\sec\companyfacts\CIK0001658566.json,Q4_FY_MINUS_Q1_Q2_Q3,-88655000.0,2021-02-24,us-gaap:ProfitLoss,D:\Programming\python_example\Arcana\data-lake\bronze\sec\companyfacts\CIK0001658566.json,Q4_FY_MINUS_Q1_Q2_Q3,0.0,2021-02-24,us-gaap:IncomeTaxExpenseBenefit,D:\Programming\python_example\Arcana\data-lake\bronze\sec\companyfacts\CIK0001658566.json,Q4_FY_MINUS_Q1_Q2_Q3,17682000.0,2021-02-24,us-gaap:InterestExpense,D:\Programming\python_example\Arcana\data-lake\bronze\sec\companyfacts\CIK0001658566.json,Q4_FY_MINUS_Q1_Q2_Q3,41144000.0,2021-02-24,us-gaap:NetCashProvidedByUsedInOperatingActivities,D:\Programming\python_example\Arcana\data-lake\bronze\sec\companyfacts\CIK0001658566.json,YTD_MINUS_PRIOR_YTD_CASH_FLOW,823000.0,2021-02-24,us-gaap:PaymentsToAcquireOilAndGasProperty;us-gaap:PaymentsToAcquireOtherPropertyPlantAndEquipment,D:\Programming\python_example\Arcana\data-lake\bronze\sec\companyfacts\CIK0001658566.json,YTD_MINUS_PRIOR_YTD_CASH_FLOW,False,0.21,US_STATUTORY_21PCT_FALLBACK,-46878000.0,DIRECT_GAAP_OPERATING_INCOME,-37033620.0,54289780.0,-91323400.0,ep,PRODUCTION_PLUS_REALIZED_PRICE,V3.5.3_GROUPED_REVENUE_PLUS_CONDITIONAL_COST_REINVESTMENT,2021-02-24,203,True,5800000.0,2021-02-24,us-gaap:CashAndCashEquivalentsAtCarryingValue,D:\Programming\python_example\Arcana\data-lake\bronze\sec\companyfacts\CIK0001658566.json,ORIGINAL_QUARTER_END_INSTANT_FACT,1068624000.0,2021-02-24,us-gaap:LongTermDebt,D:\Programming\python_example\Arcana\data-lake\bronze\sec\companyfacts\CIK0001658566.json,ORIGINAL_QUARTER_END_INSTANT_FACT,2603961000.0,2021-02-24,us-gaap:StockholdersEquityIncludingPortionAttributableToNoncontrollingInterest,D:\Programming\python_example\Arcana\data-lake\bronze\sec\companyfacts\CIK0001658566.json,ORIGINAL_QUARTER_END_INSTANT_FACT,0.0,1068624000.0,3666785000.0,2021-02-24,,,,,True,580456000.0,-780120000.0,-616294800.0,171376000.0,9547000.0,216490680.0,-832785480.0,69192000.0,-85124000.0,944330000.0,65313060.13184306,4317867000.0,3992326000.0,-38.53250452701915,-134.39778381134832,37.29665642184765,-15.436985857367358,104.68848165543558,135.12777975734988,True,2020,4317867000.0,3666785000.0,-651082000.0,-681607860.1318431,0.0,,False,1689000.0,us-gaap:ProceedsFromSaleOfOilAndGasPropertyAndEquipment,True,ZERO_FOR_DIAGNOSTIC_ONLY_NOT_AUTHORITATIVE_NO_EVENT_PROOF,-649393000.0,-658940000.0,-0.15039671208029334,,LOCKED_NONPOSITIVE_SMALL_OR_INCOMPLETE_NORMALIZED_DENOMINATOR,False,ACQUIRED_NOPAT_NOT_REMOVED_NONCASH_CONSIDERATION_AND_BOOK_VALUE_DIFFERENCES_REMAIN_IN_CAPITAL_BRIDGE_RESIDUAL
PR,2021Q4,316419000.0,2022-02-24,us-gaap:RevenueFromContractWithCustomerExcludingAssessedTax,D:\Programming\python_example\Arcana\data-lake\bronze\sec\companyfacts\CIK0001658566.json,DERIVED_Q4_FY_MINUS_Q1_Q2_Q3,173267000.0,2022-02-24,us-gaap:OperatingIncomeLoss,D:\Programming\python_example\Arcana\data-lake\bronze\sec\companyfacts\CIK0001658566.json,Q4_FY_MINUS_Q1_Q2_Q3,160751000.0,2022-02-24,us-gaap:ProfitLoss,D:\Programming\python_example\Arcana\data-lake\bronze\sec\companyfacts\CIK0001658566.json,Q4_FY_MINUS_Q1_Q2_Q3,569000.0,2022-02-24,us-gaap:IncomeTaxExpenseBenefit,D:\Programming\python_example\Arcana\data-lake\bronze\sec\companyfacts\CIK0001658566.json,Q4_FY_MINUS_Q1_Q2_Q3,13931000.0,2022-02-24,us-gaap:InterestExpense,D:\Programming\python_example\Arcana\data-lake\bronze\sec\companyfacts\CIK0001658566.json,Q4_FY_MINUS_Q1_Q2_Q3,192487000.0,2022-02-24,us-gaap:NetCashProvidedByUsedInOperatingActivities,D:\Programming\python_example\Arcana\data-lake\bronze\sec\companyfacts\CIK0001658566.json,YTD_MINUS_PRIOR_YTD_CASH_FLOW,2440000.0,2022-02-24,us-gaap:PaymentsToAcquireOilAndGasProperty;us-gaap:PaymentsToAcquireOtherPropertyPlantAndEquipment,D:\Programming\python_example\Arcana\data-lake\bronze\sec\companyfacts\CIK0001658566.json,YTD_MINUS_PRIOR_YTD_CASH_FLOW,False,0.0035271510042152246,INFERRED_FROM_NET_INCOME_PLUS_TAX,173267000.0,DIRECT_GAAP_OPERATING_INCOME,172655861.12695265,203928863.25936028,-31273002.132407635,ep,PRODUCTION_PLUS_REALIZED_PRICE,V3.5.3_GROUPED_REVENUE_PLUS_CONDITIONAL_COST_REINVESTMENT,2022-02-24,207,True,9380000.0,2022-02-24,us-gaap:CashAndCashEquivalentsAtCarryingValue,D:\Programming\python_example\Arcana\data-lake\bronze\sec\companyfacts\CIK0001658566.json,ORIGINAL_QUARTER_END_INSTANT_FACT,825565000.0,2022-02-24,us-gaap:LongTermDebt,D:\Programming\python_example\Arcana\data-lake\bronze\sec\companyfacts\CIK0001658566.json,ORIGINAL_QUARTER_END_INSTANT_FACT,2750720000.0,2022-02-24,us-gaap:StockholdersEquityIncludingPortionAttributableToNoncontrollingInterest,D:\Programming\python_example\Arcana\data-lake\bronze\sec\companyfacts\CIK0001658566.json,ORIGINAL_QUARTER_END_INSTANT_FACT,0.0,825565000.0,3566905000.0,2022-02-24,,,,,True,1029892000.0,370618000.0,348769351.1269527,525619000.0,7411000.0,572586793.2593603,-223817442.13240764,61288000.0,569000.0,580456000.0,-616294800.0,3666785000.0,3616845000.0,77.42809101809611,35.98610339724942,55.59678036719969,9.642916716833392,-966.2236194703171,-64.17348353839087,True,2021,3666785000.0,3566905000.0,-99880000.0,965064151.1269526,0.0,,False,100575000.0,us-gaap:ProceedsFromSaleOfOilAndGasPropertyAndEquipment,True,ZERO_FOR_DIAGNOSTIC_ONLY_NOT_AUTHORITATIVE_NO_EVENT_PROOF,695000.0,-6716000.0,0.00018953933759410492,,LOCKED_NONPOSITIVE_SMALL_OR_INCOMPLETE_NORMALIZED_DENOMINATOR,False,ACQUIRED_NOPAT_NOT_REMOVED_NONCASH_CONSIDERATION_AND_BOOK_VALUE_DIFFERENCES_REMAIN_IN_CAPITAL_BRIDGE_RESIDUAL
PR,2022Q4,761556000.0,2023-02-24,us-gaap:RevenueFromContractWithCustomerExcludingAssessedTax,D:\Programming\python_example\Arcana\data-lake\bronze\sec\companyfacts\CIK0001658566.json,DERIVED_Q4_FY_MINUS_Q1_Q2_Q3,338654000.0,2023-02-24,us-gaap:OperatingIncomeLoss,D:\Programming\python_example\Arcana\data-lake\bronze\sec\companyfacts\CIK0001658566.json,Q4_FY_MINUS_Q1_Q2_Q3,198708000.0,2023-02-24,us-gaap:ProfitLoss,D:\Programming\python_example\Arcana\data-lake\bronze\sec\companyfacts\CIK0001658566.json,Q4_FY_MINUS_Q1_Q2_Q3,40860000.0,2023-02-24,us-gaap:IncomeTaxExpenseBenefit,D:\Programming\python_example\Arcana\data-lake\bronze\sec\companyfacts\CIK0001658566.json,Q4_FY_MINUS_Q1_Q2_Q3,39358000.0,2023-02-24,us-gaap:InterestExpense,D:\Programming\python_example\Arcana\data-lake\bronze\sec\companyfacts\CIK0001658566.json,Q4_FY_MINUS_Q1_Q2_Q3,528295000.0,2023-02-24,us-gaap:NetCashProvidedByUsedInOperatingActivities,D:\Programming\python_example\Arcana\data-lake\bronze\sec\companyfacts\CIK0001658566.json,YTD_MINUS_PRIOR_YTD_CASH_FLOW,4356000.0,2023-02-24,us-gaap:PaymentsToAcquireOilAndGasProperty;us-gaap:PaymentsToAcquireOtherPropertyPlantAndEquipment,D:\Programming\python_example\Arcana\data-lake\bronze\sec\companyfacts\CIK0001658566.json,YTD_MINUS_PRIOR_YTD_CASH_FLOW,False,0.17055700260468845,INFERRED_FROM_NET_INCOME_PLUS_TAX,338654000.0,DIRECT_GAAP_OPERATING_INCOME,280894188.8399118,556584217.4914846,-275690028.6515728,ep,PRODUCTION_PLUS_REALIZED_PRICE,V3.5.3_GROUPED_REVENUE_PLUS_CONDITIONAL_COST_REINVESTMENT,2023-02-24,211,True,59545000.0,2023-02-24,us-gaap:CashAndCashEquivalentsAtCarryingValue,D:\Programming\python_example\Arcana\data-lake\bronze\sec\companyfacts\CIK0001658566.json,ORIGINAL_QUARTER_END_INSTANT_FACT,2140798000.0,2023-02-24,us-gaap:LongTermDebt,D:\Programming\python_example\Arcana\data-lake\bronze\sec\companyfacts\CIK0001658566.json,ORIGINAL_QUARTER_END_INSTANT_FACT,5656296000.0,2023-02-24,us-gaap:StockholdersEquityIncludingPortionAttributableToNoncontrollingInterest,D:\Programming\python_example\Arcana\data-lake\bronze\sec\companyfacts\CIK0001658566.json,ORIGINAL_QUARTER_END_INSTANT_FACT,0.0,2140798000.0,7737549000.0,2023-02-24,,,,,True,2131265000.0,1007536000.0,831654284.5139062,1371671000.0,12421000.0,1439290646.7446446,-607636362.2307383,95645000.0,120292000.0,1029892000.0,348769351.1269527,3566905000.0,5652227000.0,106.94063066807007,47.27408370146369,67.53222366738274,14.713745299222877,11.578186327745872,-73.0635762414061,True,2022,3566905000.0,7737549000.0,4170644000.0,482884933.38695353,496671000.0,us-gaap:PaymentsToAcquireBusinessesNetOfCashAcquired,True,75620000.0,us-gaap:ProceedsFromSaleOfOilAndGasPropertyAndEquipment,True,ZERO_FOR_DIAGNOSTIC_ONLY_NOT_AUTHORITATIVE_NO_EVENT_PROOF,3749593000.0,3737172000.0,1.051217512100827,12.878329284990492,DIAGNOSTIC_DENOMINATOR_ONLY_CASH_MNA_NORMALIZED,False,ACQUIRED_NOPAT_NOT_REMOVED_NONCASH_CONSIDERATION_AND_BOOK_VALUE_DIFFERENCES_REMAIN_IN_CAPITAL_BRIDGE_RESIDUAL
PR,2023Q4,1122686000.0,2024-02-29,us-gaap:RevenueFromContractWithCustomerExcludingAssessedTax,D:\Programming\python_example\Arcana\data-lake\bronze\sec\companyfacts\CIK0001658566.json,DERIVED_Q4_FY_MINUS_Q1_Q2_Q3,362200000.0,2024-02-29,us-gaap:OperatingIncomeLoss,D:\Programming\python_example\Arcana\data-lake\bronze\sec\companyfacts\CIK0001658566.json,Q4_FY_MINUS_Q1_Q2_Q3,412619000.0,2024-02-29,us-gaap:ProfitLoss,D:\Programming\python_example\Arcana\data-lake\bronze\sec\companyfacts\CIK0001658566.json,Q4_FY_MINUS_Q1_Q2_Q3,78889000.0,2024-02-29,us-gaap:IncomeTaxExpenseBenefit,D:\Programming\python_example\Arcana\data-lake\bronze\sec\companyfacts\CIK0001658566.json,Q4_FY_MINUS_Q1_Q2_Q3,63024000.0,2024-02-29,us-gaap:InterestExpense,D:\Programming\python_example\Arcana\data-lake\bronze\sec\companyfacts\CIK0001658566.json,Q4_FY_MINUS_Q1_Q2_Q3,845994000.0,2024-02-29,us-gaap:NetCashProvidedByUsedInOperatingActivities,D:\Programming\python_example\Arcana\data-lake\bronze\sec\companyfacts\CIK0001658566.json,YTD_MINUS_PRIOR_YTD_CASH_FLOW,121074000.0,2024-02-29,us-gaap:PaymentsToAcquireOilAndGasProperty;us-gaap:PaymentsToAcquireOtherPropertyPlantAndEquipment,D:\Programming\python_example\Arcana\data-lake\bronze\sec\companyfacts\CIK0001658566.json,YTD_MINUS_PRIOR_YTD_CASH_FLOW,False,0.16050399993489425,INFERRED_FROM_NET_INCOME_PLUS_TAX,362200000.0,DIRECT_GAAP_OPERATING_INCOME,304065451.2235813,777828395.9081032,-473762944.6845219,ep,PRODUCTION_PLUS_REALIZED_PRICE,V3.5.3_GROUPED_REVENUE_PLUS_CONDITIONAL_COST_REINVESTMENT,2024-02-29,215,True,73290000.0,2024-02-29,us-gaap:CashAndCashEquivalentsAtCarryingValue,D:\Programming\python_example\Arcana\data-lake\bronze\sec\companyfacts\CIK0001658566.json,ORIGINAL_QUARTER_END_INSTANT_FACT,3848781000.0,2024-02-29,us-gaap:LongTermDebt,D:\Programming\python_example\Arcana\data-lake\bronze\sec\companyfacts\CIK0001658566.json,ORIGINAL_QUARTER_END_INSTANT_FACT,9229748000.0,2024-02-29,us-gaap:StockholdersEquityIncludingPortionAttributableToNoncontrollingInterest,D:\Programming\python_example\Arcana\data-lake\bronze\sec\companyfacts\CIK0001658566.json,ORIGINAL_QUARTER_END_INSTANT_FACT,0.0,3848781000.0,13005239000.0,2024-02-29,,,,,True,3120893000.0,1096508000.0,934066271.143014,2213499000.0,268771000.0,2095535458.5607247,-1161469187.4177105,177209000.0,155945000.0,2131265000.0,831654284.5139062,7737549000.0,10371394000.0,46.43383155074567,35.13443107469561,67.14537981791509,9.00617864043169,1.9441536352577262,-124.34547989795459,True,2023,7737549000.0,13005239000.0,5267690000.0,102411986.62910771,-39832000.0,us-gaap:PaymentsToAcquireBusinessesNetOfCashAcquired,True,115459000.0,us-gaap:ProceedsFromSaleOfOilAndGasPropertyAndEquipment,True,ZERO_FOR_DIAGNOSTIC_ONLY_NOT_AUTHORITATIVE_NO_EVENT_PROOF,5422981000.0,5154210000.0,0.7008654807872622,1.8884813837464618,DIAGNOSTIC_DENOMINATOR_ONLY_CASH_MNA_NORMALIZED,False,ACQUIRED_NOPAT_NOT_REMOVED_NONCASH_CONSIDERATION_AND_BOOK_VALUE_DIFFERENCES_REMAIN_IN_CAPITAL_BRIDGE_RESIDUAL
PR,2024Q4,1296081000.0,2025-02-26,us-gaap:RevenueFromContractWithCustomerExcludingAssessedTax,D:\Programming\python_example\Arcana\data-lake\bronze\sec\companyfacts\CIK0001658566.json,DERIVED_Q4_FY_MINUS_Q1_Q2_Q3,425212000.0,2025-02-26,us-gaap:OperatingIncomeLoss,D:\Programming\python_example\Arcana\data-lake\bronze\sec\companyfacts\CIK0001658566.json,Q4_FY_MINUS_Q1_Q2_Q3,255479000.0,2025-02-26,us-gaap:ProfitLoss,D:\Programming\python_example\Arcana\data-lake\bronze\sec\companyfacts\CIK0001658566.json,Q4_FY_MINUS_Q1_Q2_Q3,62645000.0,2025-02-26,us-gaap:IncomeTaxExpenseBenefit,D:\Programming\python_example\Arcana\data-lake\bronze\sec\companyfacts\CIK0001658566.json,Q4_FY_MINUS_Q1_Q2_Q3,,,,,,871578000.0,2025-02-26,us-gaap:NetCashProvidedByUsedInOperatingActivities,D:\Programming\python_example\Arcana\data-lake\bronze\sec\companyfacts\CIK0001658566.json,YTD_MINUS_PRIOR_YTD_CASH_FLOW,36783000.0,2025-02-26,us-gaap:PaymentsToAcquireOilAndGasProperty;us-gaap:PaymentsToAcquireOtherPropertyPlantAndEquipment,D:\Programming\python_example\Arcana\data-lake\bronze\sec\companyfacts\CIK0001658566.json,YTD_MINUS_PRIOR_YTD_CASH_FLOW,False,0.1969200689039494,INFERRED_FROM_NET_INCOME_PLUS_TAX,425212000.0,DIRECT_GAAP_OPERATING_INCOME,341479223.6612139,,,ep,PRODUCTION_PLUS_REALIZED_PRICE,V3.5.3_GROUPED_REVENUE_PLUS_CONDITIONAL_COST_REINVESTMENT,2025-05-08,219,False,479343000.0,2025-02-26,us-gaap:CashAndCashEquivalentsAtCarryingValue,D:\Programming\python_example\Arcana\data-lake\bronze\sec\companyfacts\CIK0001658566.json,ORIGINAL_QUARTER_END_INSTANT_FACT,4184233000.0,2025-05-08,us-gaap:LongTermDebtNoncurrent,D:\Programming\python_example\Arcana\data-lake\bronze\sec\companyfacts\CIK0001658566.json,ORIGINAL_QUARTER_END_INSTANT_FACT,10518519000.0,2025-02-26,us-gaap:StockholdersEquityIncludingPortionAttributableToNoncontrollingInterest,D:\Programming\python_example\Arcana\data-lake\bronze\sec\companyfacts\CIK0001658566.json,ORIGINAL_QUARTER_END_INSTANT_FACT,0.0,4184233000.0,14223409000.0,2025-05-08,2025-05-08,us-gaap:LongTermDebtCurrent,D:\Programming\python_example\Arcana\data-lake\bronze\sec\companyfacts\CIK0001658566.json,ORIGINAL_QUARTER_END_INSTANT_FACT,False,5000734000.0,1744534000.0,1407915729.7715127,3411968000.0,1059973000.0,,,,300342000.0,3120893000.0,934066271.143014,13005239000.0,13614324000.0,60.234074029452465,34.885558799968166,,10.341429583808294,38.89846726060392,,False,2024,13005239000.0,14223409000.0,1218170000.0,473849458.6284988,0.0,,False,0.0,us-gaap:ProceedsFromDivestitureOfBusinesses,True,ZERO_FOR_DIAGNOSTIC_ONLY_NOT_AUTHORITATIVE_NO_EVENT_PROOF,1218170000.0,158197000.0,0.0936676365578518,38.89846726060392,DIAGNOSTIC_DENOMINATOR_ONLY_CASH_MNA_NORMALIZED,False,ACQUIRED_NOPAT_NOT_REMOVED_NONCASH_CONSIDERATION_AND_BOOK_VALUE_DIFFERENCES_REMAIN_IN_CAPITAL_BRIDGE_RESIDUAL
PR,2025Q4,1169368000.0,2026-02-26,us-gaap:RevenueFromContractWithCustomerExcludingAssessedTax,D:\Programming\python_example\Arcana\data-lake\bronze\sec\companyfacts\CIK0001658566.json,DERIVED_Q4_FY_MINUS_Q1_Q2_Q3,269837000.0,2026-02-26,us-gaap:OperatingIncomeLoss,D:\Programming\python_example\Arcana\data-lake\bronze\sec\companyfacts\CIK0001658566.json,Q4_FY_MINUS_Q1_Q2_Q3,381891000.0,2026-02-26,us-gaap:ProfitLoss,D:\Programming\python_example\Arcana\data-lake\bronze\sec\companyfacts\CIK0001658566.json,Q4_FY_MINUS_Q1_Q2_Q3,33965000.0,2026-02-26,us-gaap:IncomeTaxExpenseBenefit,D:\Programming\python_example\Arcana\data-lake\bronze\sec\companyfacts\CIK0001658566.json,Q4_FY_MINUS_Q1_Q2_Q3,61241000.0,2026-02-26,us-gaap:InterestExpenseNonoperating,D:\Programming\python_example\Arcana\data-lake\bronze\sec\companyfacts\CIK0001658566.json,Q4_FY_MINUS_Q1_Q2_Q3,904327000.0,2026-02-26,us-gaap:NetCashProvidedByUsedInOperatingActivities,D:\Programming\python_example\Arcana\data-lake\bronze\sec\companyfacts\CIK0001658566.json,YTD_MINUS_PRIOR_YTD_CASH_FLOW,242607000.0,2026-02-26,us-gaap:PaymentsToAcquireOilAndGasProperty;us-gaap:PaymentsToAcquireOtherPropertyPlantAndEquipment,D:\Programming\python_example\Arcana\data-lake\bronze\sec\companyfacts\CIK0001658566.json,YTD_MINUS_PRIOR_YTD_CASH_FLOW,False,0.08167490669847255,INFERRED_FROM_NET_INCOME_PLUS_TAX,269837000.0,DIRECT_GAAP_OPERATING_INCOME,247798088.20120427,717959147.0388788,-470161058.8376745,ep,PRODUCTION_PLUS_REALIZED_PRICE,V3.5.3_GROUPED_REVENUE_PLUS_CONDITIONAL_COST_REINVESTMENT,2026-05-07,223,True,153690000.0,2026-02-26,us-gaap:CashAndCashEquivalentsAtCarryingValue,D:\Programming\python_example\Arcana\data-lake\bronze\sec\companyfacts\CIK0001658566.json,ORIGINAL_QUARTER_END_INSTANT_FACT,3545598000.0,2026-05-07,us-gaap:LongTermDebtNoncurrent,D:\Programming\python_example\Arcana\data-lake\bronze\sec\companyfacts\CIK0001658566.json,ORIGINAL_QUARTER_END_INSTANT_FACT,11533883000.0,2026-02-26,us-gaap:StockholdersEquityIncludingPortionAttributableToNoncontrollingInterest,D:\Programming\python_example\Arcana\data-lake\bronze\sec\companyfacts\CIK0001658566.json,ORIGINAL_QUARTER_END_INSTANT_FACT,0.0,3545598000.0,14925791000.0,2026-05-07,,,,,True,5065211000.0,1462729000.0,1140303434.7853267,3607541000.0,1084229000.0,2746017388.0557613,-1605713953.2704344,283062000.0,284179000.0,5000734000.0,1407915729.7715127,14223409000.0,14574600000.0,1.2893507233138202,28.877948026252014,54.21328722645041,7.8239089565773785,-38.10067669532904,-140.81462041484824,True,2025,14223409000.0,14925791000.0,702382000.0,-267612294.98618603,0.0,,False,0.0,us-gaap:ProceedsFromDivestitureOfBusinesses,True,ZERO_FOR_DIAGNOSTIC_ONLY_NOT_AUTHORITATIVE_NO_EVENT_PROOF,702382000.0,-381847000.0,0.049382113669092974,-38.10067669532904,DIAGNOSTIC_DENOMINATOR_ONLY_CASH_MNA_NORMALIZED,False,ACQUIRED_NOPAT_NOT_REMOVED_NONCASH_CONSIDERATION_AND_BOOK_VALUE_DIFFERENCES_REMAIN_IN_CAPITAL_BRIDGE_RESIDUAL
RRC,2018Q4,,,,,,,,,,,-1764422000.0,2019-02-25,us-gaap:NetIncomeLoss,D:\Programming\python_example\Arcana\data-lake\bronze\sec\companyfacts\CIK0000315852.json,Q4_FY_MINUS_Q1_Q2_Q3,-68784000.0,2019-02-25,us-gaap:IncomeTaxExpenseBenefit,D:\Programming\python_example\Arcana\data-lake\bronze\sec\companyfacts\CIK0000315852.json,Q4_FY_MINUS_Q1_Q2_Q3,49161000.0,2019-02-25,us-gaap:InterestExpense,D:\Programming\python_example\Arcana\data-lake\bronze\sec\companyfacts\CIK0000315852.json,Q4_FY_MINUS_Q1_Q2_Q3,215743000.0,2019-02-25,us-gaap:NetCashProvidedByUsedInOperatingActivities,D:\Programming\python_example\Arcana\data-lake\bronze\sec\companyfacts\CIK0000315852.json,YTD_MINUS_PRIOR_YTD_CASH_FLOW,179362000.0,2019-02-25,us-gaap:PaymentsToAcquireOilAndGasPropertyAndEquipment,D:\Programming\python_example\Arcana\data-lake\bronze\sec\companyfacts\CIK0000315852.json,YTD_MINUS_PRIOR_YTD_CASH_FLOW,False,0.21,US_STATUTORY_21PCT_FALLBACK,-1784045000.0,DERIVED_NET_INCOME_PLUS_TAX_PLUS_INTEREST,-1409395550.0,75218190.0,-1484613740.0,ep,PRODUCTION_PLUS_REALIZED_PRICE,V3.5.3_GROUPED_REVENUE_PLUS_CONDITIONAL_COST_REINVESTMENT,2019-02-25,195,False,545000.0,2019-02-25,us-gaap:CashAndCashEquivalentsAtCarryingValue,D:\Programming\python_example\Arcana\data-lake\bronze\sec\companyfacts\CIK0000315852.json,ORIGINAL_QUARTER_END_INSTANT_FACT,3869329000.0,2019-02-25,us-gaap:LongTermDebtNoncurrent,D:\Programming\python_example\Arcana\data-lake\bronze\sec\companyfacts\CIK0000315852.json,ORIGINAL_QUARTER_END_INSTANT_FACT,4059431000.0,2019-02-25,us-gaap:StockholdersEquity,D:\Programming\python_example\Arcana\data-lake\bronze\sec\companyfacts\CIK0000315852.json,ORIGINAL_QUARTER_END_INSTANT_FACT,0.0,3869329000.0,7928215000.0,2019-02-25,,,,,False,,-1566761000.0,-1273510272.6605756,990690000.0,960916000.0,181813027.3394243,-1455323300.0,210209000.0,-30489000.0,,148798450.0,9882630000.0,8905422500.0,,,,-14.300391392554094,72.77414073574833,114.2765261688535,False,2018,9882630000.0,7928215000.0,-1954415000.0,-1422308722.6605756,0.0,us-gaap:PaymentsToAcquireBusinessesNetOfCashAcquired,True,324549000.0,us-gaap:ProceedsFromSaleOfProductiveAssets,True,ZERO_FOR_DIAGNOSTIC_ONLY_NOT_AUTHORITATIVE_NO_EVENT_PROOF,-1629866000.0,-2590782000.0,-0.16492229295238212,,LOCKED_NONPOSITIVE_SMALL_OR_INCOMPLETE_NORMALIZED_DENOMINATOR,False,ACQUIRED_NOPAT_NOT_REMOVED_NONCASH_CONSIDERATION_AND_BOOK_VALUE_DIFFERENCES_REMAIN_IN_CAPITAL_BRIDGE_RESIDUAL
RRC,2019Q4,587113000.0,2020-02-27,us-gaap:RevenueFromContractWithCustomerExcludingAssessedTax,D:\Programming\python_example\Arcana\data-lake\bronze\sec\companyfacts\CIK0000315852.json,DERIVED_Q4_FY_MINUS_Q1_Q2_Q3,,,,,,-1805320000.0,2020-02-27,us-gaap:NetIncomeLoss,D:\Programming\python_example\Arcana\data-lake\bronze\sec\companyfacts\CIK0000315852.json,Q4_FY_MINUS_Q1_Q2_Q3,-498859000.0,2020-02-27,us-gaap:IncomeTaxExpenseBenefit,D:\Programming\python_example\Arcana\data-lake\bronze\sec\companyfacts\CIK0000315852.json,Q4_FY_MINUS_Q1_Q2_Q3,44024000.0,2020-02-27,us-gaap:InterestExpense,D:\Programming\python_example\Arcana\data-lake\bronze\sec\companyfacts\CIK0000315852.json,Q4_FY_MINUS_Q1_Q2_Q3,132412000.0,2020-02-27,us-gaap:NetCashProvidedByUsedInOperatingActivities,D:\Programming\python_example\Arcana\data-lake\bronze\sec\companyfacts\CIK0000315852.json,YTD_MINUS_PRIOR_YTD_CASH_FLOW,136922000.0,2020-02-27,us-gaap:PaymentsToAcquireOilAndGasPropertyAndEquipment,D:\Programming\python_example\Arcana\data-lake\bronze\sec\companyfacts\CIK0000315852.json,YTD_MINUS_PRIOR_YTD_CASH_FLOW,False,0.21,US_STATUTORY_21PCT_FALLBACK,-2260155000.0,DERIVED_NET_INCOME_PLUS_TAX_PLUS_INTEREST,-1785522450.0,30268960.0,-1815791410.0,ep,PRODUCTION_PLUS_REALIZED_PRICE,V3.5.3_GROUPED_REVENUE_PLUS_CONDITIONAL_COST_REINVESTMENT,2020-02-27,199,True,546000.0,2020-02-27,us-gaap:CashCashEquivalentsRestrictedCashAndRestrictedCashEquivalentsIncludingDisposalGroupAndDiscontinuedOperations,D:\Programming\python_example\Arcana\data-lake\bronze\sec\companyfacts\CIK0000315852.json,ORIGINAL_QUARTER_END_INSTANT_FACT,3201743000.0,2020-02-27,us-gaap:LongTermDebtNoncurrent,D:\Programming\python_example\Arcana\data-lake\bronze\sec\companyfacts\CIK0000315852.json,ORIGINAL_QUARTER_END_INSTANT_FACT,2347488000.0,2020-02-27,us-gaap:StockholdersEquity,D:\Programming\python_example\Arcana\data-lake\bronze\sec\companyfacts\CIK0000315852.json,ORIGINAL_QUARTER_END_INSTANT_FACT,0.0,3201743000.0,5548685000.0,2020-02-27,,,,,True,2600934000.0,-2022303000.0,-1615813687.4338632,681843000.0,687277000.0,138341172.5661369,-1754154860.0,194285000.0,-500291000.0,,-1273510272.6605756,7928215000.0,6738450000.0,,-77.75295336213837,5.318903615629496,-23.979011307257057,14.385337220933863,108.5617032237078,True,2019,7928215000.0,5548685000.0,-2379530000.0,-342303414.77328753,0.0,,False,784937000.0,us-gaap:ProceedsFromSaleOfProductiveAssets,True,ZERO_FOR_DIAGNOSTIC_ONLY_NOT_AUTHORITATIVE_NO_EVENT_PROOF,-1594593000.0,-2281870000.0,-0.2011288795775594,,LOCKED_NONPOSITIVE_SMALL_OR_INCOMPLETE_NORMALIZED_DENOMINATOR,False,ACQUIRED_NOPAT_NOT_REMOVED_NONCASH_CONSIDERATION_AND_BOOK_VALUE_DIFFERENCES_REMAIN_IN_CAPITAL_BRIDGE_RESIDUAL
RRC,2020Q4,513357000.0,2021-02-23,us-gaap:RevenueFromContractWithCustomerExcludingAssessedTax,D:\Programming\python_example\Arcana\data-lake\bronze\sec\companyfacts\CIK0000315852.json,DERIVED_Q4_FY_MINUS_Q1_Q2_Q3,,,,,,-30135000.0,2021-02-23,us-gaap:NetIncomeLoss,D:\Programming\python_example\Arcana\data-lake\bronze\sec\companyfacts\CIK0000315852.json,Q4_FY_MINUS_Q1_Q2_Q3,72761000.0,2021-02-23,us-gaap:IncomeTaxExpenseBenefit,D:\Programming\python_example\Arcana\data-lake\bronze\sec\companyfacts\CIK0000315852.json,Q4_FY_MINUS_Q1_Q2_Q3,48526000.0,2021-02-23,us-gaap:InterestExpense,D:\Programming\python_example\Arcana\data-lake\bronze\sec\companyfacts\CIK0000315852.json,Q4_FY_MINUS_Q1_Q2_Q3,89706000.0,2021-02-23,us-gaap:NetCashProvidedByUsedInOperatingActivities,D:\Programming\python_example\Arcana\data-lake\bronze\sec\companyfacts\CIK0000315852.json,YTD_MINUS_PRIOR_YTD_CASH_FLOW,83768000.0,2021-02-23,us-gaap:PaymentsToAcquireOilAndGasPropertyAndEquipment,D:\Programming\python_example\Arcana\data-lake\bronze\sec\companyfacts\CIK0000315852.json,YTD_MINUS_PRIOR_YTD_CASH_FLOW,False,0.35,INFERRED_FROM_NET_INCOME_PLUS_TAX,91152000.0,DERIVED_NET_INCOME_PLUS_TAX_PLUS_INTEREST,59248800.0,37479900.0,21768900.0,ep,PRODUCTION_PLUS_REALIZED_PRICE,V3.5.3_GROUPED_REVENUE_PLUS_CONDITIONAL_COST_REINVESTMENT,2021-02-23,203,True,458000.0,2021-02-23,us-gaap:CashCashEquivalentsRestrictedCashAndRestrictedCashEquivalentsIncludingDisposalGroupAndDiscontinuedOperations,D:\Programming\python_example\Arcana\data-lake\bronze\sec\companyfacts\CIK0000315852.json,ORIGINAL_QUARTER_END_INSTANT_FACT,3115776000.0,2021-02-23,us-gaap:LongTermDebtNoncurrent,D:\Programming\python_example\Arcana\data-lake\bronze\sec\companyfacts\CIK0000315852.json,ORIGINAL_QUARTER_END_INSTANT_FACT,1637535000.0,2021-02-23,us-gaap:StockholdersEquity,D:\Programming\python_example\Arcana\data-lake\bronze\sec\companyfacts\CIK0000315852.json,ORIGINAL_QUARTER_END_INSTANT_FACT,45356000.0,3161132000.0,4798209000.0,2021-02-23,2021-02-23,us-gaap:LongTermDebtCurrent,D:\Programming\python_example\Arcana\data-lake\bronze\sec\companyfacts\CIK0000315852.json,ORIGINAL_QUARTER_END_INSTANT_FACT,True,1780986000.0,-544662000.0,-454518075.5116731,268680000.0,405617000.0,6229944.488326937,-460748020.0,192667000.0,-25552000.0,2600934000.0,-1615813687.4338632,5548685000.0,5173447000.0,-31.525136739340564,-30.58204837095856,0.3498031140237451,-8.785594508104037,-154.74120583765372,101.3706703482174,True,2020,5548685000.0,4798209000.0,-750476000.0,1161295611.9221902,0.0,,False,246127000.0,us-gaap:ProceedsFromSaleOfProductiveAssets,True,ZERO_FOR_DIAGNOSTIC_ONLY_NOT_AUTHORITATIVE_NO_EVENT_PROOF,-504349000.0,-909966000.0,-0.09089523013110314,,LOCKED_NONPOSITIVE_SMALL_OR_INCOMPLETE_NORMALIZED_DENOMINATOR,False,ACQUIRED_NOPAT_NOT_REMOVED_NONCASH_CONSIDERATION_AND_BOOK_VALUE_DIFFERENCES_REMAIN_IN_CAPITAL_BRIDGE_RESIDUAL
RRC,2021Q4,,,,,,,,,,,891366000.0,2022-02-22,us-gaap:NetIncomeLoss,D:\Programming\python_example\Arcana\data-lake\bronze\sec\companyfacts\CIK0000315852.json,Q4_FY_MINUS_Q1_Q2_Q3,,,,,,,,,,,,,,,,,,,,,False,0.21,US_STATUTORY_21PCT_FALLBACK,,DERIVED_NET_INCOME_PLUS_TAX_PLUS_INTEREST,,,,ep,PRODUCTION_PLUS_REALIZED_PRICE,V3.5.3_GROUPED_REVENUE_PLUS_CONDITIONAL_COST_REINVESTMENT,2022-02-22,207,False,214422000.0,2022-02-22,us-gaap:CashCashEquivalentsRestrictedCashAndRestrictedCashEquivalentsIncludingDisposalGroupAndDiscontinuedOperations,D:\Programming\python_example\Arcana\data-lake\bronze\sec\companyfacts\CIK0000315852.json,ORIGINAL_QUARTER_END_INSTANT_FACT,2707770000.0,2022-02-22,us-gaap:LongTermDebtNoncurrent,D:\Programming\python_example\Arcana\data-lake\bronze\sec\companyfacts\CIK0000315852.json,ORIGINAL_QUARTER_END_INSTANT_FACT,2085663000.0,2022-02-22,us-gaap:StockholdersEquity,D:\Programming\python_example\Arcana\data-lake\bronze\sec\companyfacts\CIK0000315852.json,ORIGINAL_QUARTER_END_INSTANT_FACT,218017000.0,2925787000.0,4797028000.0,2022-02-22,2022-02-22,us-gaap:LongTermDebtCurrent,D:\Programming\python_example\Arcana\data-lake\bronze\sec\companyfacts\CIK0000315852.json,ORIGINAL_QUARTER_END_INSTANT_FACT,False,,,,,,,,,,1780986000.0,-454518075.5116731,4798209000.0,4797618500.0,,,,,,,False,2021,4798209000.0,4797028000.0,-1181000.0,,0.0,,False,303000.0,us-gaap:ProceedsFromSaleOfProductiveAssets,True,ZERO_FOR_DIAGNOSTIC_ONLY_NOT_AUTHORITATIVE_NO_EVENT_PROOF,-878000.0,,-0.000182984942923495,,LOCKED_NONPOSITIVE_SMALL_OR_INCOMPLETE_NORMALIZED_DENOMINATOR,False,ACQUIRED_NOPAT_NOT_REMOVED_NONCASH_CONSIDERATION_AND_BOOK_VALUE_DIFFERENCES_REMAIN_IN_CAPITAL_BRIDGE_RESIDUAL
RRC,2022Q4,1182198000.0,2023-02-27,us-gaap:RevenueFromContractWithCustomerExcludingAssessedTax,D:\Programming\python_example\Arcana\data-lake\bronze\sec\companyfacts\CIK0000315852.json,DERIVED_Q4_FY_MINUS_Q1_Q2_Q3,,,,,,814236000.0,2023-02-27,us-gaap:NetIncomeLoss,D:\Programming\python_example\Arcana\data-lake\bronze\sec\companyfacts\CIK0000315852.json,Q4_FY_MINUS_Q1_Q2_Q3,183587000.0,2023-02-27,us-gaap:IncomeTaxExpenseBenefit,D:\Programming\python_example\Arcana\data-lake\bronze\sec\companyfacts\CIK0000315852.json,Q4_FY_MINUS_Q1_Q2_Q3,37233000.0,2023-02-27,us-gaap:InterestExpense,D:\Programming\python_example\Arcana\data-lake\bronze\sec\companyfacts\CIK0000315852.json,Q4_FY_MINUS_Q1_Q2_Q3,612655000.0,2023-02-27,us-gaap:NetCashProvidedByUsedInOperatingActivities,D:\Programming\python_example\Arcana\data-lake\bronze\sec\companyfacts\CIK0000315852.json,YTD_MINUS_PRIOR_YTD_CASH_FLOW,104692000.0,2023-02-27,us-gaap:PaymentsToAcquireOilAndGasPropertyAndEquipment,D:\Programming\python_example\Arcana\data-lake\bronze\sec\companyfacts\CIK0000315852.json,YTD_MINUS_PRIOR_YTD_CASH_FLOW,False,0.1839875408764881,INFERRED_FROM_NET_INCOME_PLUS_TAX,1035056000.0,DERIVED_NET_INCOME_PLUS_TAX_PLUS_INTEREST,844618591.8905456,538345591.8905457,306272999.9999999,ep,PRODUCTION_PLUS_REALIZED_PRICE,V3.5.3_GROUPED_REVENUE_PLUS_CONDITIONAL_COST_REINVESTMENT,2023-02-27,211,True,207000.0,2023-02-27,us-gaap:CashCashEquivalentsRestrictedCashAndRestrictedCashEquivalentsIncludingDisposalGroupAndDiscontinuedOperations,D:\Programming\python_example\Arcana\data-lake\bronze\sec\companyfacts\CIK0000315852.json,ORIGINAL_QUARTER_END_INSTANT_FACT,1841960000.0,2023-02-27,us-gaap:LongTermDebtNoncurrent,D:\Programming\python_example\Arcana\data-lake\bronze\sec\companyfacts\CIK0000315852.json,ORIGINAL_QUARTER_END_INSTANT_FACT,2876006000.0,2023-02-27,us-gaap:StockholdersEquity,D:\Programming\python_example\Arcana\data-lake\bronze\sec\companyfacts\CIK0000315852.json,ORIGINAL_QUARTER_END_INSTANT_FACT,0.0,1841960000.0,4717759000.0,2023-02-27,2023-02-27,us-gaap:LongTermDebtCurrent,D:\Programming\python_example\Arcana\data-lake\bronze\sec\companyfacts\CIK0000315852.json,ORIGINAL_QUARTER_END_INSTANT_FACT,True,5335309000.0,1578975000.0,1322842953.8022754,1864744000.0,456505000.0,1543486263.8022754,-220643310.0,165145000.0,230460000.0,,,4797028000.0,4757393500.0,,29.594818219525802,28.929650818767488,27.806044503198557,,-16.679478797222323,True,2022,4797028000.0,4717759000.0,-79269000.0,,0.0,,False,518000.0,us-gaap:ProceedsFromSaleOfProductiveAssets,True,ZERO_FOR_DIAGNOSTIC_ONLY_NOT_AUTHORITATIVE_NO_EVENT_PROOF,-78751000.0,-535256000.0,-0.01641662295904881,,LOCKED_NONPOSITIVE_SMALL_OR_INCOMPLETE_NORMALIZED_DENOMINATOR,False,ACQUIRED_NOPAT_NOT_REMOVED_NONCASH_CONSIDERATION_AND_BOOK_VALUE_DIFFERENCES_REMAIN_IN_CAPITAL_BRIDGE_RESIDUAL
RRC,2023Q4,650298000.0,2024-02-21,us-gaap:RevenueFromContractWithCustomerExcludingAssessedTax,D:\Programming\python_example\Arcana\data-lake\bronze\sec\companyfacts\CIK0000315852.json,DERIVED_Q4_FY_MINUS_Q1_Q2_Q3,,,,,,310034000.0,2024-02-21,us-gaap:NetIncomeLoss,D:\Programming\python_example\Arcana\data-lake\bronze\sec\companyfacts\CIK0000315852.json,Q4_FY_MINUS_Q1_Q2_Q3,76912000.0,2024-02-21,us-gaap:IncomeTaxExpenseBenefit,D:\Programming\python_example\Arcana\data-lake\bronze\sec\companyfacts\CIK0000315852.json,Q4_FY_MINUS_Q1_Q2_Q3,30086000.0,2024-02-21,us-gaap:InterestExpense,D:\Programming\python_example\Arcana\data-lake\bronze\sec\companyfacts\CIK0000315852.json,Q4_FY_MINUS_Q1_Q2_Q3,226095000.0,2024-02-21,us-gaap:NetCashProvidedByUsedInOperatingActivities,D:\Programming\python_example\Arcana\data-lake\bronze\sec\companyfacts\CIK0000315852.json,YTD_MINUS_PRIOR_YTD_CASH_FLOW,150732000.0,2024-02-21,us-gaap:PaymentsToAcquireOilAndGasPropertyAndEquipment,D:\Programming\python_example\Arcana\data-lake\bronze\sec\companyfacts\CIK0000315852.json,YTD_MINUS_PRIOR_YTD_CASH_FLOW,False,0.19876675298362045,INFERRED_FROM_NET_INCOME_PLUS_TAX,417032000.0,DERIVED_NET_INCOME_PLUS_TAX_PLUS_INTEREST,334139903.4697348,99468903.46973479,234671000.0,ep,PRODUCTION_PLUS_REALIZED_PRICE,V3.5.3_GROUPED_REVENUE_PLUS_CONDITIONAL_COST_REINVESTMENT,2024-02-21,215,True,211974000.0,2024-02-21,us-gaap:CashCashEquivalentsRestrictedCashAndRestrictedCashEquivalentsIncludingDisposalGroupAndDiscontinuedOperations,D:\Programming\python_example\Arcana\data-lake\bronze\sec\companyfacts\CIK0000315852.json,ORIGINAL_QUARTER_END_INSTANT_FACT,1774229000.0,2024-02-21,us-gaap:LongTermDebt,D:\Programming\python_example\Arcana\data-lake\bronze\sec\companyfacts\CIK0000315852.json,ORIGINAL_QUARTER_END_INSTANT_FACT,3765551000.0,2024-02-21,us-gaap:StockholdersEquity,D:\Programming\python_example\Arcana\data-lake\bronze\sec\companyfacts\CIK0000315852.json,ORIGINAL_QUARTER_END_INSTANT_FACT,0.0,1774229000.0,5327806000.0,2024-02-21,,,,,True,2553264000.0,1224347000.0,965099260.9701273,977892000.0,571819000.0,500030260.97012734,465069000.0,124004000.0,229201000.0,5335309000.0,1322842953.8022754,4717759000.0,5022782500.0,-52.14402764675861,47.952228990030015,19.58396237013201,19.214434647929256,-58.64198870450114,48.18872201109221,True,2023,4717759000.0,5327806000.0,610047000.0,-357743692.8321481,0.0,,False,872000.0,us-gaap:ProceedsFromSaleOfProductiveAssets,True,ZERO_FOR_DIAGNOSTIC_ONLY_NOT_AUTHORITATIVE_NO_EVENT_PROOF,610919000.0,39100000.0,0.12949347349027365,-58.558285604498806,DIAGNOSTIC_DENOMINATOR_ONLY_CASH_MNA_NORMALIZED,False,ACQUIRED_NOPAT_NOT_REMOVED_NONCASH_CONSIDERATION_AND_BOOK_VALUE_DIFFERENCES_REMAIN_IN_CAPITAL_BRIDGE_RESIDUAL
RRC,2024Q4,666983000.0,2025-02-25,us-gaap:RevenueFromContractWithCustomerExcludingAssessedTax,D:\Programming\python_example\Arcana\data-lake\bronze\sec\companyfacts\CIK0000315852.json,DERIVED_Q4_FY_MINUS_Q1_Q2_Q3,,,,,,94842000.0,2025-02-25,us-gaap:NetIncomeLoss,D:\Programming\python_example\Arcana\data-lake\bronze\sec\companyfacts\CIK0000315852.json,Q4_FY_MINUS_Q1_Q2_Q3,-30818000.0,2025-02-25,us-gaap:IncomeTaxExpenseBenefit,D:\Programming\python_example\Arcana\data-lake\bronze\sec\companyfacts\CIK0000315852.json,Q4_FY_MINUS_Q1_Q2_Q3,29268000.0,2025-02-25,us-gaap:InterestExpense,D:\Programming\python_example\Arcana\data-lake\bronze\sec\companyfacts\CIK0000315852.json,Q4_FY_MINUS_Q1_Q2_Q3,217890000.0,2025-02-25,us-gaap:NetCashProvidedByUsedInOperatingActivities,D:\Programming\python_example\Arcana\data-lake\bronze\sec\companyfacts\CIK0000315852.json,YTD_MINUS_PRIOR_YTD_CASH_FLOW,138162000.0,2025-02-25,us-gaap:PaymentsToAcquireOilAndGasPropertyAndEquipment,D:\Programming\python_example\Arcana\data-lake\bronze\sec\companyfacts\CIK0000315852.json,YTD_MINUS_PRIOR_YTD_CASH_FLOW,False,0.21,US_STATUTORY_21PCT_FALLBACK,93292000.0,DERIVED_NET_INCOME_PLUS_TAX_PLUS_INTEREST,73700680.0,102849720.0,-29149040.0,ep,PRODUCTION_PLUS_REALIZED_PRICE,V3.5.3_GROUPED_REVENUE_PLUS_CONDITIONAL_COST_REINVESTMENT,2025-02-25,219,True,304490000.0,2025-02-25,us-gaap:CashCashEquivalentsRestrictedCashAndRestrictedCashEquivalentsIncludingDisposalGroupAndDiscontinuedOperations,D:\Programming\python_example\Arcana\data-lake\bronze\sec\companyfacts\CIK0000315852.json,ORIGINAL_QUARTER_END_INSTANT_FACT,1089614000.0,2025-02-25,us-gaap:LongTermDebtNoncurrent,D:\Programming\python_example\Arcana\data-lake\bronze\sec\companyfacts\CIK0000315852.json,ORIGINAL_QUARTER_END_INSTANT_FACT,3936657000.0,2025-02-25,us-gaap:StockholdersEquity,D:\Programming\python_example\Arcana\data-lake\bronze\sec\companyfacts\CIK0000315852.json,ORIGINAL_QUARTER_END_INSTANT_FACT,608269000.0,1697883000.0,5330050000.0,2025-02-25,2025-02-25,us-gaap:LongTermDebtCurrent,D:\Programming\python_example\Arcana\data-lake\bronze\sec\companyfacts\CIK0000315852.json,ORIGINAL_QUARTER_END_INSTANT_FACT,True,2346898000.0,369363000.0,295735182.53290117,944514000.0,570426000.0,468542322.53290117,-172807139.99999997,118758000.0,-15735000.0,2553264000.0,965099260.9701273,5327806000.0,5328928000.0,-8.082438792071633,15.73834908888243,19.96432407939762,5.549618657502994,-29829.058753887086,-58.43306789538807,True,2024,5327806000.0,5330050000.0,2244000.0,-669364078.4372262,0.0,,False,313000.0,us-gaap:ProceedsFromSaleOfProductiveAssets,True,ZERO_FOR_DIAGNOSTIC_ONLY_NOT_AUTHORITATIVE_NO_EVENT_PROOF,2557000.0,-567869000.0,0.0004799348925242398,,LOCKED_NONPOSITIVE_SMALL_OR_INCOMPLETE_NORMALIZED_DENOMINATOR,False,ACQUIRED_NOPAT_NOT_REMOVED_NONCASH_CONSIDERATION_AND_BOOK_VALUE_DIFFERENCES_REMAIN_IN_CAPITAL_BRIDGE_RESIDUAL
RRC,2025Q4,786891000.0,2026-02-24,us-gaap:RevenueFromContractWithCustomerExcludingAssessedTax,D:\Programming\python_example\Arcana\data-lake\bronze\sec\companyfacts\CIK0000315852.json,DERIVED_Q4_FY_MINUS_Q1_Q2_Q3,,,,,,179087000.0,2026-02-24,us-gaap:NetIncomeLoss,D:\Programming\python_example\Arcana\data-lake\bronze\sec\companyfacts\CIK0000315852.json,Q4_FY_MINUS_Q1_Q2_Q3,57482000.0,2026-02-24,us-gaap:IncomeTaxExpenseBenefit,D:\Programming\python_example\Arcana\data-lake\bronze\sec\companyfacts\CIK0000315852.json,Q4_FY_MINUS_Q1_Q2_Q3,24672000.0,2026-02-24,us-gaap:InterestExpense,D:\Programming\python_example\Arcana\data-lake\bronze\sec\companyfacts\CIK0000315852.json,Q4_FY_MINUS_Q1_Q2_Q3,257506000.0,2026-02-24,us-gaap:NetCashProvidedByUsedInOperatingActivities,D:\Programming\python_example\Arcana\data-lake\bronze\sec\companyfacts\CIK0000315852.json,YTD_MINUS_PRIOR_YTD_CASH_FLOW,148074000.0,2026-02-24,us-gaap:PaymentsToAcquireOilAndGasPropertyAndEquipment,D:\Programming\python_example\Arcana\data-lake\bronze\sec\companyfacts\CIK0000315852.json,YTD_MINUS_PRIOR_YTD_CASH_FLOW,False,0.24298196297908856,INFERRED_FROM_NET_INCOME_PLUS_TAX,261241000.0,DERIVED_NET_INCOME_PLUS_TAX_PLUS_INTEREST,197764149.00937992,128109149.00937992,69655000.0,ep,PRODUCTION_PLUS_REALIZED_PRICE,V3.5.3_GROUPED_REVENUE_PLUS_CONDITIONAL_COST_REINVESTMENT,2026-02-24,223,True,204000.0,2026-02-24,us-gaap:CashCashEquivalentsRestrictedCashAndRestrictedCashEquivalentsIncludingDisposalGroupAndDiscontinuedOperations,D:\Programming\python_example\Arcana\data-lake\bronze\sec\companyfacts\CIK0000315852.json,ORIGINAL_QUARTER_END_INSTANT_FACT,1198334000.0,2026-02-24,us-gaap:LongTermDebtNoncurrent,D:\Programming\python_example\Arcana\data-lake\bronze\sec\companyfacts\CIK0000315852.json,ORIGINAL_QUARTER_END_INSTANT_FACT,4318681000.0,2026-02-24,us-gaap:StockholdersEquity,D:\Programming\python_example\Arcana\data-lake\bronze\sec\companyfacts\CIK0000315852.json,ORIGINAL_QUARTER_END_INSTANT_FACT,0.0,1198334000.0,5516811000.0,2026-02-24,2026-02-24,us-gaap:LongTermDebtCurrent,D:\Programming\python_example\Arcana\data-lake\bronze\sec\companyfacts\CIK0000315852.json,ORIGINAL_QUARTER_END_INSTANT_FACT,True,2988164000.0,936587000.0,742669706.4290082,1171324000.0,581489000.0,674480706.4290082,68188999.99999999,104897000.0,173666000.0,2346898000.0,295735182.53290117,5330050000.0,5423430500.0,27.323982550583793,31.343226141537077,22.571743265396687,13.69372588860516,239.3082730849091,9.181605148252828,True,2025,5330050000.0,5516811000.0,186761000.0,446934523.8961071,0.0,,False,187000.0,us-gaap:ProceedsFromSaleOfProductiveAssets,True,ZERO_FOR_DIAGNOSTIC_ONLY_NOT_AUTHORITATIVE_NO_EVENT_PROOF,186948000.0,-394541000.0,0.035074342642189095,239.0688982476983,DIAGNOSTIC_DENOMINATOR_ONLY_CASH_MNA_NORMALIZED,False,ACQUIRED_NOPAT_NOT_REMOVED_NONCASH_CONSIDERATION_AND_BOOK_VALUE_DIFFERENCES_REMAIN_IN_CAPITAL_BRIDGE_RESIDUAL
SM,2018Q4,,,,,,429765000.0,2019-02-21,us-gaap:OperatingIncomeLoss,D:\Programming\python_example\Arcana\data-lake\bronze\sec\companyfacts\CIK0000893538.json,Q4_FY_MINUS_Q1_Q2_Q3,309732000.0,2019-02-21,us-gaap:NetIncomeLoss,D:\Programming\python_example\Arcana\data-lake\bronze\sec\companyfacts\CIK0000893538.json,Q4_FY_MINUS_Q1_Q2_Q3,82028000.0,2019-02-21,us-gaap:IncomeTaxExpenseBenefit,D:\Programming\python_example\Arcana\data-lake\bronze\sec\companyfacts\CIK0000893538.json,Q4_FY_MINUS_Q1_Q2_Q3,38056000.0,2019-02-21,us-gaap:InterestExpense,D:\Programming\python_example\Arcana\data-lake\bronze\sec\companyfacts\CIK0000893538.json,Q4_FY_MINUS_Q1_Q2_Q3,,,,,,8684000.0,2019-02-21,us-gaap:PaymentsToAcquireOilAndGasPropertyAndEquipment,D:\Programming\python_example\Arcana\data-lake\bronze\sec\companyfacts\CIK0000893538.json,YTD_MINUS_PRIOR_YTD_CASH_FLOW,False,0.2093832958954462,INFERRED_FROM_NET_INCOME_PLUS_TAX,429765000.0,DIRECT_GAAP_OPERATING_INCOME,339779387.8394936,,,ep,PRODUCTION_PLUS_REALIZED_PRICE,V3.5.3_GROUPED_REVENUE_PLUS_CONDITIONAL_COST_REINVESTMENT,2019-02-21,195,False,77965000.0,2019-02-21,us-gaap:CashCashEquivalentsRestrictedCashAndRestrictedCashEquivalentsIncludingDisposalGroupAndDiscontinuedOperations,D:\Programming\python_example\Arcana\data-lake\bronze\sec\companyfacts\CIK0000893538.json,ORIGINAL_QUARTER_END_INSTANT_FACT,0.0,,,,,2920322000.0,2019-02-21,us-gaap:StockholdersEquity,D:\Programming\python_example\Arcana\data-lake\bronze\sec\companyfacts\CIK0000893538.json,ORIGINAL_QUARTER_END_INSTANT_FACT,0.0,0.0,2842357000.0,2019-02-21,,,,,False,,836337000.0,648238964.0722742,,33343000.0,,,160906000.0,143370000.0,,-156289330.0,2080665000.0,2461511000.0,,,,26.33500171529903,105.6238340526452,,False,2018,2080665000.0,2842357000.0,761692000.0,804528294.0722742,0.0,,False,748509000.0,us-gaap:ProceedsFromSaleOfOilAndGasPropertyAndEquipment,True,ZERO_FOR_DIAGNOSTIC_ONLY_NOT_AUTHORITATIVE_NO_EVENT_PROOF,1510201000.0,1476858000.0,0.7258261180920523,53.27292817792295,DIAGNOSTIC_DENOMINATOR_ONLY_CASH_MNA_NORMALIZED,False,ACQUIRED_NOPAT_NOT_REMOVED_NONCASH_CONSIDERATION_AND_BOOK_VALUE_DIFFERENCES_REMAIN_IN_CAPITAL_BRIDGE_RESIDUAL
SM,2019Q4,449001000.0,2020-02-20,us-gaap:RevenueFromContractWithCustomerIncludingAssessedTax,D:\Programming\python_example\Arcana\data-lake\bronze\sec\companyfacts\CIK0000893538.json,DERIVED_Q4_FY_MINUS_Q1_Q2_Q3,-88303000.0,2020-02-20,us-gaap:OperatingIncomeLoss,D:\Programming\python_example\Arcana\data-lake\bronze\sec\companyfacts\CIK0000893538.json,Q4_FY_MINUS_Q1_Q2_Q3,-102055000.0,2020-02-20,us-gaap:NetIncomeLoss,D:\Programming\python_example\Arcana\data-lake\bronze\sec\companyfacts\CIK0000893538.json,Q4_FY_MINUS_Q1_Q2_Q3,-27706000.0,2020-02-20,us-gaap:IncomeTaxExpenseBenefit,D:\Programming\python_example\Arcana\data-lake\bronze\sec\companyfacts\CIK0000893538.json,Q4_FY_MINUS_Q1_Q2_Q3,40911000.0,2020-02-20,us-gaap:InterestExpense,D:\Programming\python_example\Arcana\data-lake\bronze\sec\companyfacts\CIK0000893538.json,Q4_FY_MINUS_Q1_Q2_Q3,241981000.0,2020-02-20,us-gaap:NetCashProvidedByUsedInOperatingActivities,D:\Programming\python_example\Arcana\data-lake\bronze\sec\companyfacts\CIK0000893538.json,YTD_MINUS_PRIOR_YTD_CASH_FLOW,138493623.9190954,2019-11-06,CONDITIONAL:PIT_SUBINDUSTRY_CAPEX_INTENSITY_DISTRIBUTION,D:\Programming\python_example\Arcana\data-lake\bronze\sec\companyfacts\CIK0000033213.json;D:\Programming\python_example\Arcana\data-lake\bronze\sec\companyfacts\CIK0000315852.json;D:\Programming\python_example\Arcana\data-lake\bronze\sec\companyfacts\CIK0000821189.json;D:\Programming\python_example\Arcana\data-lake\bronze\sec\companyfacts\CIK0000893538.json;D:\Programming\python_example\Arcana\data-lake\bronze\sec\companyfacts\CIK0001070412.json;D:\Programming\python_example\Arcana\data-lake\bronze\sec\companyfacts\CIK0001090012.json;D:\Programming\python_example\Arcana\data-lake\bronze\sec\companyfacts\CIK0001104485.json;D:\Programming\python_example\Arcana\data-lake\bronze\sec\companyfacts\CIK0001163165.json;D:\Programming\python_example\Arcana\data-lake\bronze\sec\companyfacts\CIK0001433270.json;D:\Programming\python_example\Arcana\data-lake\bronze\sec\companyfacts\CIK0001520006.json;D:\Programming\python_example\Arcana\data-lake\bronze\sec\companyfacts\CIK0001539838.json;D:\Programming\python_example\Arcana\data-lake\bronze\sec\companyfacts\CIK0001658566.json;D:\Programming\python_example\Arcana\data-lake\bronze\sec\companyfacts\CIK0001698990.json,PRIOR_ONLY_EP_PEER_MEDIAN_83_OBS_CAPEX_TO_REVENUE,True,0.21,US_STATUTORY_21PCT_FALLBACK,-88303000.0,DIRECT_GAAP_OPERATING_INCOME,-69759370.0,135807066.0809046,-205566436.0809046,ep,PRODUCTION_PLUS_REALIZED_PRICE,V3.5.3_GROUPED_REVENUE_PLUS_CONDITIONAL_COST_REINVESTMENT,2020-02-20,199,True,10000.0,2020-02-20,us-gaap:CashCashEquivalentsRestrictedCashAndRestrictedCashEquivalentsIncludingDisposalGroupAndDiscontinuedOperations,D:\Programming\python_example\Arcana\data-lake\bronze\sec\companyfacts\CIK0000893538.json,ORIGINAL_QUARTER_END_INSTANT_FACT,0.0,,,,,2748994000.0,2020-02-20,us-gaap:StockholdersEquity,D:\Programming\python_example\Arcana\data-lake\bronze\sec\companyfacts\CIK0000893538.json,ORIGINAL_QUARTER_END_INSTANT_FACT,0.0,0.0,2748984000.0,2020-02-20,,,,,True,1585750000.0,-69968000.0,-62105214.23641819,823567000.0,490460713.54568774,456017141.5145868,-518122355.751005,159102000.0,-44043000.0,,648238964.0722742,2842357000.0,2795670500.0,,-4.4122970203373795,28.757190068711136,-2.221478326448635,760.7597253046304,834.2654672740515,True,2019,2842357000.0,2748984000.0,-93373000.0,-710344178.3086925,0.0,,False,13059000.0,us-gaap:ProceedsFromSaleOfOilAndGasPropertyAndEquipment,True,ZERO_FOR_DIAGNOSTIC_ONLY_NOT_AUTHORITATIVE_NO_EVENT_PROOF,-80314000.0,-570774713.5456877,-0.028256126869355257,,LOCKED_NONPOSITIVE_SMALL_OR_INCOMPLETE_NORMALIZED_DENOMINATOR,False,ACQUIRED_NOPAT_NOT_REMOVED_NONCASH_CONSIDERATION_AND_BOOK_VALUE_DIFFERENCES_REMAIN_IN_CAPITAL_BRIDGE_RESIDUAL
SM,2020Q4,320153000.0,2021-02-18,us-gaap:RevenueFromContractWithCustomerIncludingAssessedTax,D:\Programming\python_example\Arcana\data-lake\bronze\sec\companyfacts\CIK0000893538.json,DERIVED_Q4_FY_MINUS_Q1_Q2_Q3,-172047000.0,2021-02-18,us-gaap:OperatingIncomeLoss,D:\Programming\python_example\Arcana\data-lake\bronze\sec\companyfacts\CIK0000893538.json,Q4_FY_MINUS_Q1_Q2_Q3,-165175000.0,2021-02-18,us-gaap:NetIncomeLoss,D:\Programming\python_example\Arcana\data-lake\bronze\sec\companyfacts\CIK0000893538.json,Q4_FY_MINUS_Q1_Q2_Q3,-33429000.0,2021-02-18,us-gaap:IncomeTaxExpenseBenefit,D:\Programming\python_example\Arcana\data-lake\bronze\sec\companyfacts\CIK0000893538.json,Q4_FY_MINUS_Q1_Q2_Q3,40507000.0,2021-02-18,us-gaap:InterestExpense,D:\Programming\python_example\Arcana\data-lake\bronze\sec\companyfacts\CIK0000893538.json,Q4_FY_MINUS_Q1_Q2_Q3,256860000.0,2021-02-18,us-gaap:NetCashProvidedByUsedInOperatingActivities,D:\Programming\python_example\Arcana\data-lake\bronze\sec\companyfacts\CIK0000893538.json,YTD_MINUS_PRIOR_YTD_CASH_FLOW,90305318.96385202,2020-11-06,CONDITIONAL:PIT_SUBINDUSTRY_CAPEX_INTENSITY_DISTRIBUTION,D:\Programming\python_example\Arcana\data-lake\bronze\sec\companyfacts\CIK0000033213.json;D:\Programming\python_example\Arcana\data-lake\bronze\sec\companyfacts\CIK0000315852.json;D:\Programming\python_example\Arcana\data-lake\bronze\sec\companyfacts\CIK0000821189.json;D:\Programming\python_example\Arcana\data-lake\bronze\sec\companyfacts\CIK0000893538.json;D:\Programming\python_example\Arcana\data-lake\bronze\sec\companyfacts\CIK0001070412.json;D:\Programming\python_example\Arcana\data-lake\bronze\sec\companyfacts\CIK0001090012.json;D:\Programming\python_example\Arcana\data-lake\bronze\sec\companyfacts\CIK0001104485.json;D:\Programming\python_example\Arcana\data-lake\bronze\sec\companyfacts\CIK0001163165.json;D:\Programming\python_example\Arcana\data-lake\bronze\sec\companyfacts\CIK0001433270.json;D:\Programming\python_example\Arcana\data-lake\bronze\sec\companyfacts\CIK0001520006.json;D:\Programming\python_example\Arcana\data-lake\bronze\sec\companyfacts\CIK0001539838.json;D:\Programming\python_example\Arcana\data-lake\bronze\sec\companyfacts\CIK0001658566.json;D:\Programming\python_example\Arcana\data-lake\bronze\sec\companyfacts\CIK0001698990.json;D:\Programming\python_example\Arcana\data-lake\bronze\sec\companyfacts\CIK0001792580.json,PRIOR_ONLY_EP_PEER_MEDIAN_119_OBS_CAPEX_TO_REVENUE,True,0.21,US_STATUTORY_21PCT_FALLBACK,-172047000.0,DIRECT_GAAP_OPERATING_INCOME,-135917130.0,198555211.03614798,-334472341.03614795,ep,PRODUCTION_PLUS_REALIZED_PRICE,V3.5.3_GROUPED_REVENUE_PLUS_CONDITIONAL_COST_REINVESTMENT,2021-04-30,203,True,10000.0,2021-02-18,us-gaap:CashCashEquivalentsRestrictedCashAndRestrictedCashEquivalentsIncludingDisposalGroupAndDiscontinuedOperations,D:\Programming\python_example\Arcana\data-lake\bronze\sec\companyfacts\CIK0000893538.json,ORIGINAL_QUARTER_END_INSTANT_FACT,2214319000.0,2021-04-30,us-gaap:LongTermDebt,D:\Programming\python_example\Arcana\data-lake\bronze\sec\companyfacts\CIK0000893538.json,ORIGINAL_QUARTER_END_INSTANT_FACT,2016160000.0,2021-02-18,us-gaap:StockholdersEquity,D:\Programming\python_example\Arcana\data-lake\bronze\sec\companyfacts\CIK0000893538.json,ORIGINAL_QUARTER_END_INSTANT_FACT,0.0,2214319000.0,4230469000.0,2021-04-30,,,,,True,1126188000.0,-1068950000.0,-844470500.0,790944000.0,337074548.095045,583344131.904955,-1427814631.904955,163892000.0,-192091000.0,1585750000.0,-62105214.23641819,2748984000.0,3489726500.0,-28.98073466813811,-94.91754485041574,51.798112917643856,-24.19875884256259,-52.80953136640477,169.07809472384824,True,2020,2748984000.0,4230469000.0,1481485000.0,-782365285.7635818,0.0,,False,92000.0,us-gaap:ProceedsFromSaleOfOilAndGasPropertyAndEquipment,True,ZERO_FOR_DIAGNOSTIC_ONLY_NOT_AUTHORITATIVE_NO_EVENT_PROOF,1481577000.0,1144502451.904955,0.5389543918771444,-52.80625210593723,DIAGNOSTIC_DENOMINATOR_ONLY_CASH_MNA_NORMALIZED,False,ACQUIRED_NOPAT_NOT_REMOVED_NONCASH_CONSIDERATION_AND_BOOK_VALUE_DIFFERENCES_REMAIN_IN_CAPITAL_BRIDGE_RESIDUAL
SM,2021Q4,852368000.0,2022-02-25,us-gaap:RevenueFromContractWithCustomerIncludingAssessedTax,D:\Programming\python_example\Arcana\data-lake\bronze\sec\companyfacts\CIK0000893538.json,DERIVED_Q4_FY_MINUS_Q1_Q2_Q3,474411000.0,2022-02-25,us-gaap:OperatingIncomeLoss,D:\Programming\python_example\Arcana\data-lake\bronze\sec\companyfacts\CIK0000893538.json,Q4_FY_MINUS_Q1_Q2_Q3,424900000.0,2022-02-25,us-gaap:NetIncomeLoss,D:\Programming\python_example\Arcana\data-lake\bronze\sec\companyfacts\CIK0000893538.json,Q4_FY_MINUS_Q1_Q2_Q3,10033000.0,2022-02-25,us-gaap:IncomeTaxExpenseBenefit,D:\Programming\python_example\Arcana\data-lake\bronze\sec\companyfacts\CIK0000893538.json,Q4_FY_MINUS_Q1_Q2_Q3,40085000.0,2022-02-25,us-gaap:InterestExpense,D:\Programming\python_example\Arcana\data-lake\bronze\sec\companyfacts\CIK0000893538.json,Q4_FY_MINUS_Q1_Q2_Q3,429630000.0,2022-02-25,us-gaap:NetCashProvidedByUsedInOperatingActivities,D:\Programming\python_example\Arcana\data-lake\bronze\sec\companyfacts\CIK0000893538.json,YTD_MINUS_PRIOR_YTD_CASH_FLOW,184920618.81325305,2021-11-05,CONDITIONAL:PIT_SUBINDUSTRY_CAPEX_INTENSITY_DISTRIBUTION,D:\Programming\python_example\Arcana\data-lake\bronze\sec\companyfacts\CIK0000033213.json;D:\Programming\python_example\Arcana\data-lake\bronze\sec\companyfacts\CIK0000315852.json;D:\Programming\python_example\Arcana\data-lake\bronze\sec\companyfacts\CIK0000821189.json;D:\Programming\python_example\Arcana\data-lake\bronze\sec\companyfacts\CIK0001070412.json;D:\Programming\python_example\Arcana\data-lake\bronze\sec\companyfacts\CIK0001090012.json;D:\Programming\python_example\Arcana\data-lake\bronze\sec\companyfacts\CIK0001104485.json;D:\Programming\python_example\Arcana\data-lake\bronze\sec\companyfacts\CIK0001163165.json;D:\Programming\python_example\Arcana\data-lake\bronze\sec\companyfacts\CIK0001433270.json;D:\Programming\python_example\Arcana\data-lake\bronze\sec\companyfacts\CIK0001520006.json;D:\Programming\python_example\Arcana\data-lake\bronze\sec\companyfacts\CIK0001539838.json;D:\Programming\python_example\Arcana\data-lake\bronze\sec\companyfacts\CIK0001658566.json;D:\Programming\python_example\Arcana\data-lake\bronze\sec\companyfacts\CIK0001698990.json;D:\Programming\python_example\Arcana\data-lake\bronze\sec\companyfacts\CIK0001792580.json,PRIOR_ONLY_EP_PEER_MEDIAN_136_OBS_CAPEX_TO_REVENUE,True,0.02306792080619314,INFERRED_FROM_NET_INCOME_PLUS_TAX,474411000.0,DIRECT_GAAP_OPERATING_INCOME,463467324.6224131,283869703.5812307,179597621.0411824,ep,PRODUCTION_PLUS_REALIZED_PRICE,V3.5.3_GROUPED_REVENUE_PLUS_CONDITIONAL_COST_REINVESTMENT,2022-02-25,207,True,332716000.0,2022-02-25,us-gaap:CashCashEquivalentsRestrictedCashAndRestrictedCashEquivalentsIncludingDisposalGroupAndDiscontinuedOperations,D:\Programming\python_example\Arcana\data-lake\bronze\sec\companyfacts\CIK0000893538.json,ORIGINAL_QUARTER_END_INSTANT_FACT,2081164000.0,2022-02-25,us-gaap:LongTermDebt,D:\Programming\python_example\Arcana\data-lake\bronze\sec\companyfacts\CIK0000893538.json,ORIGINAL_QUARTER_END_INSTANT_FACT,2063131000.0,2022-02-25,us-gaap:StockholdersEquity,D:\Programming\python_example\Arcana\data-lake\bronze\sec\companyfacts\CIK0000893538.json,ORIGINAL_QUARTER_END_INSTANT_FACT,0.0,2081164000.0,3811579000.0,2022-02-25,,,,,True,2597915000.0,209123000.0,253889804.6224131,1159772000.0,594180485.6314199,699763556.7630639,-445873752.14065087,160353000.0,9938000.0,1126188000.0,-844470500.0,4230469000.0,4021024000.0,130.68217739844502,8.049647505788297,26.935583218198587,6.314058424481255,-262.2073347710409,-175.61703700696364,True,2021,4230469000.0,3811579000.0,-418890000.0,1098360304.6224132,0.0,,False,10927000.0,us-gaap:ProceedsFromSaleOfOilAndGasPropertyAndEquipment,True,ZERO_FOR_DIAGNOSTIC_ONLY_NOT_AUTHORITATIVE_NO_EVENT_PROOF,-407963000.0,-1002143485.6314201,-0.09643446152187854,,LOCKED_NONPOSITIVE_SMALL_OR_INCOMPLETE_NORMALIZED_DENOMINATOR,False,ACQUIRED_NOPAT_NOT_REMOVED_NONCASH_CONSIDERATION_AND_BOOK_VALUE_DIFFERENCES_REMAIN_IN_CAPITAL_BRIDGE_RESIDUAL
SM,2022Q4,669250000.0,2023-02-23,us-gaap:RevenueFromContractWithCustomerIncludingAssessedTax,D:\Programming\python_example\Arcana\data-lake\bronze\sec\companyfacts\CIK0000893538.json,DERIVED_Q4_FY_MINUS_Q1_Q2_Q3,342658000.0,2023-02-23,us-gaap:OperatingIncomeLoss,D:\Programming\python_example\Arcana\data-lake\bronze\sec\companyfacts\CIK0000893538.json,Q4_FY_MINUS_Q1_Q2_Q3,258463000.0,2023-02-23,us-gaap:NetIncomeLoss,D:\Programming\python_example\Arcana\data-lake\bronze\sec\companyfacts\CIK0000893538.json,Q4_FY_MINUS_Q1_Q2_Q3,64867000.0,2023-02-23,us-gaap:IncomeTaxExpenseBenefit,D:\Programming\python_example\Arcana\data-lake\bronze\sec\companyfacts\CIK0000893538.json,Q4_FY_MINUS_Q1_Q2_Q3,22638000.0,2023-02-23,us-gaap:InterestExpense,D:\Programming\python_example\Arcana\data-lake\bronze\sec\companyfacts\CIK0000893538.json,Q4_FY_MINUS_Q1_Q2_Q3,288375000.0,2023-02-23,us-gaap:NetCashProvidedByUsedInOperatingActivities,D:\Programming\python_example\Arcana\data-lake\bronze\sec\companyfacts\CIK0000893538.json,YTD_MINUS_PRIOR_YTD_CASH_FLOW,96089833.92346248,2022-11-09,CONDITIONAL:PIT_SUBINDUSTRY_CAPEX_INTENSITY_DISTRIBUTION,D:\Programming\python_example\Arcana\data-lake\bronze\sec\companyfacts\CIK0000033213.json;D:\Programming\python_example\Arcana\data-lake\bronze\sec\companyfacts\CIK0000315852.json;D:\Programming\python_example\Arcana\data-lake\bronze\sec\companyfacts\CIK0000821189.json;D:\Programming\python_example\Arcana\data-lake\bronze\sec\companyfacts\CIK0001070412.json;D:\Programming\python_example\Arcana\data-lake\bronze\sec\companyfacts\CIK0001090012.json;D:\Programming\python_example\Arcana\data-lake\bronze\sec\companyfacts\CIK0001104485.json;D:\Programming\python_example\Arcana\data-lake\bronze\sec\companyfacts\CIK0001163165.json;D:\Programming\python_example\Arcana\data-lake\bronze\sec\companyfacts\CIK0001433270.json;D:\Programming\python_example\Arcana\data-lake\bronze\sec\companyfacts\CIK0001520006.json;D:\Programming\python_example\Arcana\data-lake\bronze\sec\companyfacts\CIK0001539838.json;D:\Programming\python_example\Arcana\data-lake\bronze\sec\companyfacts\CIK0001658566.json;D:\Programming\python_example\Arcana\data-lake\bronze\sec\companyfacts\CIK0001698990.json;D:\Programming\python_example\Arcana\data-lake\bronze\sec\companyfacts\CIK0001792580.json,PRIOR_ONLY_EP_PEER_MEDIAN_142_OBS_CAPEX_TO_REVENUE,True,0.20062165589335973,INFERRED_FROM_NET_INCOME_PLUS_TAX,342658000.0,DIRECT_GAAP_OPERATING_INCOME,273913384.6348931,210381493.03042367,63531891.60446945,ep,PRODUCTION_PLUS_REALIZED_PRICE,V3.5.3_GROUPED_REVENUE_PLUS_CONDITIONAL_COST_REINVESTMENT,2023-02-23,211,True,444998000.0,2023-02-23,us-gaap:CashCashEquivalentsRestrictedCashAndRestrictedCashEquivalentsIncludingDisposalGroupAndDiscontinuedOperations,D:\Programming\python_example\Arcana\data-lake\bronze\sec\companyfacts\CIK0000893538.json,ORIGINAL_QUARTER_END_INSTANT_FACT,0.0,,,,,3085458000.0,2023-02-23,us-gaap:StockholdersEquity,D:\Programming\python_example\Arcana\data-lake\bronze\sec\companyfacts\CIK0000893538.json,ORIGINAL_QUARTER_END_INSTANT_FACT,0.0,0.0,2640460000.0,2023-02-23,,,,,True,3345906000.0,1579481000.0,1257418125.7414753,1686406000.0,599461990.4667984,1182488191.0290756,74929934.71239986,120346000.0,283818000.0,2597915000.0,253889804.6224131,3811579000.0,3226019500.0,28.791973563415276,47.20637698727938,35.34134524487764,38.97738763641929,-85.68969687273984,5.959030904554132,True,2022,3811579000.0,2640460000.0,-1171119000.0,1003528321.1190622,0.0,,False,0.0,,False,ZERO_FOR_DIAGNOSTIC_ONLY_NOT_AUTHORITATIVE_NO_EVENT_PROOF,-1171119000.0,-1770580990.4667988,-0.30725297835883764,,LOCKED_NONPOSITIVE_SMALL_OR_INCOMPLETE_NORMALIZED_DENOMINATOR,False,ACQUIRED_NOPAT_NOT_REMOVED_NONCASH_CONSIDERATION_AND_BOOK_VALUE_DIFFERENCES_REMAIN_IN_CAPITAL_BRIDGE_RESIDUAL
SM,2023Q4,606857000.0,2024-02-22,us-gaap:RevenueFromContractWithCustomerIncludingAssessedTax,D:\Programming\python_example\Arcana\data-lake\bronze\sec\companyfacts\CIK0000893538.json,DERIVED_Q4_FY_MINUS_Q1_Q2_Q3,309911000.0,2024-02-22,us-gaap:OperatingIncomeLoss,D:\Programming\python_example\Arcana\data-lake\bronze\sec\companyfacts\CIK0000893538.json,Q4_FY_MINUS_Q1_Q2_Q3,247111000.0,2024-02-22,us-gaap:NetIncomeLoss,D:\Programming\python_example\Arcana\data-lake\bronze\sec\companyfacts\CIK0000893538.json,Q4_FY_MINUS_Q1_Q2_Q3,44703000.0,2024-02-22,us-gaap:IncomeTaxExpenseBenefit,D:\Programming\python_example\Arcana\data-lake\bronze\sec\companyfacts\CIK0000893538.json,Q4_FY_MINUS_Q1_Q2_Q3,23917000.0,2024-02-22,us-gaap:InterestExpense,D:\Programming\python_example\Arcana\data-lake\bronze\sec\companyfacts\CIK0000893538.json,Q4_FY_MINUS_Q1_Q2_Q3,476515000.0,2024-02-22,us-gaap:NetCashProvidedByUsedInOperatingActivities,D:\Programming\python_example\Arcana\data-lake\bronze\sec\companyfacts\CIK0000893538.json,YTD_MINUS_PRIOR_YTD_CASH_FLOW,75926313.5309639,2023-11-08,CONDITIONAL:PIT_SUBINDUSTRY_CAPEX_INTENSITY_DISTRIBUTION,D:\Programming\python_example\Arcana\data-lake\bronze\sec\companyfacts\CIK0000033213.json;D:\Programming\python_example\Arcana\data-lake\bronze\sec\companyfacts\CIK0000315852.json;D:\Programming\python_example\Arcana\data-lake\bronze\sec\companyfacts\CIK0000821189.json;D:\Programming\python_example\Arcana\data-lake\bronze\sec\companyfacts\CIK0001070412.json;D:\Programming\python_example\Arcana\data-lake\bronze\sec\companyfacts\CIK0001090012.json;D:\Programming\python_example\Arcana\data-lake\bronze\sec\companyfacts\CIK0001104485.json;D:\Programming\python_example\Arcana\data-lake\bronze\sec\companyfacts\CIK0001163165.json;D:\Programming\python_example\Arcana\data-lake\bronze\sec\companyfacts\CIK0001433270.json;D:\Programming\python_example\Arcana\data-lake\bronze\sec\companyfacts\CIK0001520006.json;D:\Programming\python_example\Arcana\data-lake\bronze\sec\companyfacts\CIK0001539838.json;D:\Programming\python_example\Arcana\data-lake\bronze\sec\companyfacts\CIK0001658566.json;D:\Programming\python_example\Arcana\data-lake\bronze\sec\companyfacts\CIK0001698990.json;D:\Programming\python_example\Arcana\data-lake\bronze\sec\companyfacts\CIK0001792580.json,PRIOR_ONLY_EP_PEER_MEDIAN_146_OBS_CAPEX_TO_REVENUE,True,0.15319004571405073,INFERRED_FROM_NET_INCOME_PLUS_TAX,309911000.0,DIRECT_GAAP_OPERATING_INCOME,262435719.74271283,420841840.1456932,-158406120.40298036,ep,PRODUCTION_PLUS_REALIZED_PRICE,V3.5.3_GROUPED_REVENUE_PLUS_CONDITIONAL_COST_REINVESTMENT,2024-02-22,215,True,616164000.0,2024-02-22,us-gaap:CashCashEquivalentsRestrictedCashAndRestrictedCashEquivalentsIncludingDisposalGroupAndDiscontinuedOperations,D:\Programming\python_example\Arcana\data-lake\bronze\sec\companyfacts\CIK0000893538.json,ORIGINAL_QUARTER_END_INSTANT_FACT,0.0,,,,,3615850000.0,2024-02-22,us-gaap:StockholdersEquity,D:\Programming\python_example\Arcana\data-lake\bronze\sec\companyfacts\CIK0000893538.json,ORIGINAL_QUARTER_END_INSTANT_FACT,0.0,0.0,2999686000.0,2024-02-22,,,,,True,2363889000.0,986906000.0,793015180.82935,1574394000.0,306893450.9768993,1340851305.137502,-547836124.3081518,91630000.0,96322000.0,3345906000.0,1257418125.7414753,2640460000.0,2820073000.0,-29.349808392704404,41.74925303176249,56.72226171099835,28.12037776431142,-129.27876738101511,-69.08267805607639,True,2023,2640460000.0,2999686000.0,359226000.0,-464402944.91212535,0.0,,False,0.0,,False,ZERO_FOR_DIAGNOSTIC_ONLY_NOT_AUTHORITATIVE_NO_EVENT_PROOF,359226000.0,52332549.02310085,0.13604674943002357,-129.27876738101511,DIAGNOSTIC_DENOMINATOR_ONLY_CASH_MNA_NORMALIZED,False,ACQUIRED_NOPAT_NOT_REMOVED_NONCASH_CONSIDERATION_AND_BOOK_VALUE_DIFFERENCES_REMAIN_IN_CAPITAL_BRIDGE_RESIDUAL
SM,2024Q4,835858000.0,2025-02-20,us-gaap:RevenueFromContractWithCustomerIncludingAssessedTax,D:\Programming\python_example\Arcana\data-lake\bronze\sec\companyfacts\CIK0000893538.json,DERIVED_Q4_FY_MINUS_Q1_Q2_Q3,286968000.0,2025-02-20,us-gaap:OperatingIncomeLoss,D:\Programming\python_example\Arcana\data-lake\bronze\sec\companyfacts\CIK0000893538.json,Q4_FY_MINUS_Q1_Q2_Q3,188278000.0,2025-02-20,us-gaap:NetIncomeLoss,D:\Programming\python_example\Arcana\data-lake\bronze\sec\companyfacts\CIK0000893538.json,Q4_FY_MINUS_Q1_Q2_Q3,53144000.0,2025-02-20,us-gaap:IncomeTaxExpenseBenefit,D:\Programming\python_example\Arcana\data-lake\bronze\sec\companyfacts\CIK0000893538.json,Q4_FY_MINUS_Q1_Q2_Q3,46297000.0,2025-02-20,us-gaap:InterestExpense,D:\Programming\python_example\Arcana\data-lake\bronze\sec\companyfacts\CIK0000893538.json,Q4_FY_MINUS_Q1_Q2_Q3,577869000.0,2025-02-20,us-gaap:NetCashProvidedByUsedInOperatingActivities,D:\Programming\python_example\Arcana\data-lake\bronze\sec\companyfacts\CIK0000893538.json,YTD_MINUS_PRIOR_YTD_CASH_FLOW,111013522.64377666,2024-11-07,CONDITIONAL:PIT_SUBINDUSTRY_CAPEX_INTENSITY_DISTRIBUTION,D:\Programming\python_example\Arcana\data-lake\bronze\sec\companyfacts\CIK0000033213.json;D:\Programming\python_example\Arcana\data-lake\bronze\sec\companyfacts\CIK0000315852.json;D:\Programming\python_example\Arcana\data-lake\bronze\sec\companyfacts\CIK0000821189.json;D:\Programming\python_example\Arcana\data-lake\bronze\sec\companyfacts\CIK0001070412.json;D:\Programming\python_example\Arcana\data-lake\bronze\sec\companyfacts\CIK0001090012.json;D:\Programming\python_example\Arcana\data-lake\bronze\sec\companyfacts\CIK0001104485.json;D:\Programming\python_example\Arcana\data-lake\bronze\sec\companyfacts\CIK0001163165.json;D:\Programming\python_example\Arcana\data-lake\bronze\sec\companyfacts\CIK0001433270.json;D:\Programming\python_example\Arcana\data-lake\bronze\sec\companyfacts\CIK0001520006.json;D:\Programming\python_example\Arcana\data-lake\bronze\sec\companyfacts\CIK0001539838.json;D:\Programming\python_example\Arcana\data-lake\bronze\sec\companyfacts\CIK0001658566.json;D:\Programming\python_example\Arcana\data-lake\bronze\sec\companyfacts\CIK0001698990.json;D:\Programming\python_example\Arcana\data-lake\bronze\sec\companyfacts\CIK0001792580.json,PRIOR_ONLY_EP_PEER_MEDIAN_152_OBS_CAPEX_TO_REVENUE,True,0.22012906860186726,INFERRED_FROM_NET_INCOME_PLUS_TAX,286968000.0,DIRECT_GAAP_OPERATING_INCOME,223798001.44145933,502961161.8671627,-279163160.4257034,ep,PRODUCTION_PLUS_REALIZED_PRICE,V3.5.3_GROUPED_REVENUE_PLUS_CONDITIONAL_COST_REINVESTMENT,2025-02-20,219,True,0.0,2025-02-20,us-gaap:CashCashEquivalentsRestrictedCashAndRestrictedCashEquivalentsIncludingDisposalGroupAndDiscontinuedOperations,D:\Programming\python_example\Arcana\data-lake\bronze\sec\companyfacts\CIK0000893538.json,ORIGINAL_QUARTER_END_INSTANT_FACT,0.0,,,,,4237257000.0,2025-02-20,us-gaap:StockholdersEquity,D:\Programming\python_example\Arcana\data-lake\bronze\sec\companyfacts\CIK0000893538.json,ORIGINAL_QUARTER_END_INSTANT_FACT,0.0,0.0,4237257000.0,2025-02-20,,,,,True,2671285000.0,1075695000.0,857229052.1034298,1782514000.0,334706544.05448014,1559823008.7589211,-702593956.6554914,140659000.0,195930000.0,2363889000.0,793015180.82935,2999686000.0,3618471500.0,13.00382547573089,40.26882193401303,58.392234776855375,23.690363516844883,5.188702003689468,-81.96105287513275,True,2024,2999686000.0,4237257000.0,1237571000.0,64213871.2740798,0.0,,False,0.0,,False,ZERO_FOR_DIAGNOSTIC_ONLY_NOT_AUTHORITATIVE_NO_EVENT_PROOF,1237571000.0,902864455.9455199,0.41256684866349347,5.188702003689468,DIAGNOSTIC_DENOMINATOR_ONLY_CASH_MNA_NORMALIZED,False,ACQUIRED_NOPAT_NOT_REMOVED_NONCASH_CONSIDERATION_AND_BOOK_VALUE_DIFFERENCES_REMAIN_IN_CAPITAL_BRIDGE_RESIDUAL
SM,2025Q4,702295000.0,2026-02-26,us-gaap:RevenueFromContractWithCustomerIncludingAssessedTax,D:\Programming\python_example\Arcana\data-lake\bronze\sec\companyfacts\CIK0000893538.json,DERIVED_Q4_FY_MINUS_Q1_Q2_Q3,182322000.0,2026-02-26,us-gaap:OperatingIncomeLoss,D:\Programming\python_example\Arcana\data-lake\bronze\sec\companyfacts\CIK0000893538.json,Q4_FY_MINUS_Q1_Q2_Q3,108978000.0,2026-02-26,us-gaap:NetIncomeLoss,D:\Programming\python_example\Arcana\data-lake\bronze\sec\companyfacts\CIK0000893538.json,Q4_FY_MINUS_Q1_Q2_Q3,32226000.0,2026-02-26,us-gaap:IncomeTaxExpenseBenefit,D:\Programming\python_example\Arcana\data-lake\bronze\sec\companyfacts\CIK0000893538.json,Q4_FY_MINUS_Q1_Q2_Q3,43129000.0,2026-02-26,us-gaap:InterestExpense,D:\Programming\python_example\Arcana\data-lake\bronze\sec\companyfacts\CIK0000893538.json,Q4_FY_MINUS_Q1_Q2_Q3,451912000.0,2026-02-26,us-gaap:NetCashProvidedByUsedInOperatingActivities,D:\Programming\python_example\Arcana\data-lake\bronze\sec\companyfacts\CIK0000893538.json,YTD_MINUS_PRIOR_YTD_CASH_FLOW,12496000.0,2026-02-26,us-gaap:PaymentsToAcquireOilAndGasPropertyAndEquipment,D:\Programming\python_example\Arcana\data-lake\bronze\sec\companyfacts\CIK0000893538.json,YTD_MINUS_PRIOR_YTD_CASH_FLOW,False,0.22822299651567945,INFERRED_FROM_NET_INCOME_PLUS_TAX,182322000.0,DIRECT_GAAP_OPERATING_INCOME,140711926.82926828,472701970.3832753,-331990043.554007,ep,PRODUCTION_PLUS_REALIZED_PRICE,V3.5.3_GROUPED_REVENUE_PLUS_CONDITIONAL_COST_REINVESTMENT,2026-02-26,223,True,368000000.0,2026-02-26,us-gaap:CashCashEquivalentsRestrictedCashAndRestrictedCashEquivalentsIncludingDisposalGroupAndDiscontinuedOperations,D:\Programming\python_example\Arcana\data-lake\bronze\sec\companyfacts\CIK0000893538.json,ORIGINAL_QUARTER_END_INSTANT_FACT,0.0,,,,,4810000000.0,2026-02-26,us-gaap:StockholdersEquity,D:\Programming\python_example\Arcana\data-lake\bronze\sec\companyfacts\CIK0000893538.json,ORIGINAL_QUARTER_END_INSTANT_FACT,0.0,0.0,4442000000.0,2026-02-26,,,,,True,3138000000.0,1000000000.0,780423351.5578338,2011000000.0,34000000.0,2111734593.8545365,-1331311242.296703,173000000.0,182000000.0,2671285000.0,857229052.1034298,4237257000.0,4339628500.0,17.47155395249851,31.86743148502231,67.29555748421086,17.98364425797816,-37.51322416180089,-170.58834024369213,True,2025,4237257000.0,4442000000.0,204743000.0,-76805700.545596,0.0,,False,0.0,,False,ZERO_FOR_DIAGNOSTIC_ONLY_NOT_AUTHORITATIVE_NO_EVENT_PROOF,204743000.0,170743000.0,0.04831970305317804,-37.51322416180089,DIAGNOSTIC_DENOMINATOR_ONLY_CASH_MNA_NORMALIZED,False,ACQUIRED_NOPAT_NOT_REMOVED_NONCASH_CONSIDERATION_AND_BOOK_VALUE_DIFFERENCES_REMAIN_IN_CAPITAL_BRIDGE_RESIDUAL
