wti,henry_hub,crude_prod,gas_prod,bea_gross_output,wti_yoy,henry_yoy,crude_prod_yoy_l1,gas_prod_yoy_l1,bea_go_yoy_l1,ticker,quarter,revenue,revenue_yoy,revenue_yoy_l1,assets_yoy_l1,ppe_yoy_l1,debt_yoy_l1,shares_yoy_l1,goodwill_jump_l1,revenue_yoy_l1_clip,assets_yoy_l1_clip,ppe_yoy_l1_clip,debt_yoy_l1_clip,shares_yoy_l1_clip,goodwill_jump_l1_clip,ma_event,ma_window,ma_assets_interaction,ma_ppe_interaction,ma_debt_interaction,ma_shares_interaction,ma_goodwill_interaction,company_total_prod,company_oil_prod,company_ngl_prod,company_gas_prod,realized_oil_price,realized_gas_price,company_total_prod_yoy,company_oil_prod_yoy,company_gas_prod_yoy,wti_level,henry_level,oil_realization_ratio,gas_realization_ratio,est_realized_oil_price,est_realized_gas_price,est_realized_oil_yoy,est_realized_gas_yoy,gas_boe_share,gas_boe_share_l1,company_price_mix_yoy,company_total_prod_yoy_l1,company_oil_prod_yoy_l1,company_gas_prod_yoy_l1,company_volume_yoy_proxy,structural_revenue_yoy,oil_basis_l1,gas_basis_l1
,,,,,,,,,,COP,2009Q2,,,,,,,,,,,,,,,0.0,0.0,,,,,,,,,,,,,,,,,,,,,,,,0.3,,,,,,,,
,,,,,,,,,,DVN,2009Q2,,,,,,,,,,,,,,,0.0,0.0,,,,,,,,,,,,,,,,,,,,,,,,0.3,,,,,,,,
,,,,,,,,,,EOG,2009Q2,,,,,,,,,,,,,,,0.0,0.0,,,,,,,,,,,,,,,,,,,,,,,,0.3,,,,,,,,
,,,,,,,,,,COP,2009Q3,,,,,,,,,,,,,,,0.0,0.0,,,,,,,,,,,,,,,,,,,,,,,,0.3,,,,,,,,
,,,,,,,,,,DVN,2009Q3,,,,,,,,,,,,,,,0.0,0.0,,,,,,,,,,,,,,,,,,,,,,,,0.3,,,,,,,,
,,,,,,,,,,EOG,2009Q3,,,,,,,,,,,,,,,0.0,0.0,,,,,,,,,,,,,,,,,,,,,,,,0.3,,,,,,,,
,,,,,,,,,,COP,2010Q1,,,,,,,,0.0,,,,,,0.0,0.0,0.0,,,,,0.0,,,,,,,,,,,,,,,,,,,0.3,,,,,,,,
,,,,,,,,,,DVN,2010Q1,,,,,,,,0.8094023727685997,,,,,,0.8094023727685997,0.0,0.0,,,,,0.0,,,,,,,,,,,,,,,,,,,0.3,,,,,,,,
,,,,,,,,,,EOG,2010Q1,,,,,,,,,,,,,,,0.0,0.0,,,,,,,,,,,,,,,,,,,,,,,,0.3,,,,,,,,
,,,,,,,,,,COP,2010Q2,,,,,,,,-0.0524841399489591,,,,,,-0.0524841399489591,0.0,0.0,,,,,-0.0,,,,,,,,,,,,,,,,,,,0.3,,,,,,,,
,,,,,,,,,,DVN,2010Q2,,,,,,,,0.3162645250701823,,,,,,0.3162645250701823,0.0,0.0,,,,,0.0,,,,,,,,,,,,,,,,,,,0.3,,,,,,,,
,,,,,,,,,,EOG,2010Q2,,,,,,,,,,,,,,,0.0,0.0,,,,,,,,,,,,,,,,,,,,,,,,0.3,,,,,,,,
,,,,,,,,,,COP,2010Q3,47208000000.0,,,,,,,0.0019378593114139,,,,,,0.0019378593114139,0.0,0.0,,,,,0.0,,,,,,,,,,,,,,,,,,,0.3,,,,,,,,
,,,,,,,,,,DVN,2010Q3,2353000000.0,,,,,,,-0.4107311666720996,,,,,,-0.4107311666720996,0.0,0.0,,,,,-0.0,,,,,,,,,,,,,,,,,,,0.3,,,,,,,,
,,,,,,,,,,EOG,2010Q3,1582075000.0,,,,,,,,,,,,,,0.0,0.0,,,,,,,,,,,,,,,,,,,,,,,,0.3,,,,,,,,
,,,,,,,,,,COP,2010Q4,51726000000.0,,,3.4449357153379365,-5.709157580417081,,,-0.0006602577646313,,3.4449357153379365,-5.709157580417081,,,-0.0006602577646313,0.0,0.0,0.0,-0.0,,,-0.0,,,,,,,,,,,,,,,,,,,0.3,,,,,,,,
,,,,,,,,,,EOG,2010Q4,1789160000.0,,,17.20240511457162,23.375933031755636,31.148298324642383,,,,17.20240511457162,23.375933031755636,31.148298324642383,,,0.0,0.0,0.0,0.0,0.0,,,,,,,,,,,,,,,,,,,,,0.3,,,,,,,,
,,,,,,,,,,COP,2011Q1,56530000000.0,,,,,,,,,,,,,,0.0,0.0,,,,,,,,,,,,,,,,,,,,,,,,0.3,,,,,,,,
,,,,,,,,,,DVN,2011Q1,2147000000.0,,,16.34997101558314,0.6173199342891544,-42.57585379961258,,0.283607487237663,,16.34997101558314,0.6173199342891544,-42.57585379961258,,0.283607487237663,0.0,0.0,0.0,0.0,-0.0,,0.0,,,,,,,,,,,,,,,,,,,0.3,,,,,,,,
,,,,,,,,,,EOG,2011Q1,1897106000.0,,,,,,,,,,,,,,0.0,0.0,,,,,,,,,,,,,,,,,,,,,,,,0.3,,,,,,,,
,,,,,,,,,,COP,2011Q2,65627000000.0,,,3.0741513734222266,-3.355011007495105,,,,,3.0741513734222266,-3.355011007495105,,,,0.0,0.0,0.0,-0.0,,,,,,,,,,,,,,,,,,,,,,0.3,,,,,,,,
,,,,,,,,,,DVN,2011Q2,3220000000.0,,,20.51799625561452,11.069281877279648,-43.10986557151373,,0.5460879389887958,,20.51799625561452,11.069281877279648,-43.10986557151373,,0.5460879389887958,0.0,0.0,0.0,0.0,-0.0,,0.0,,,,,,,,,,,,,,,,,,,0.3,,,,,,,,
,,,,,,,,,,EOG,2011Q2,2570250000.0,,,24.067487960571874,15.525581655046638,59.51517864736454,,,,24.067487960571874,15.525581655046638,50.0,,,0.0,0.0,0.0,0.0,0.0,,,,,,,,,,,,,,,,,,,,,0.3,,,,,,,,
,,,,,,,,,,COP,2011Q3,62784000000.0,28.51368941880303,,5.530357122306982,3.623755623828088,,,-0.0150335435941444,,5.530357122306982,3.623755623828088,,,-0.0150335435941444,0.0,0.0,0.0,0.0,,,-0.0,,,,,,,,,,,,,,,,,,,0.3,,,,,,,,
,,,,,,,,,,DVN,2011Q3,3502000000.0,,,22.81056306069222,17.577062606135037,2.0825267977427977,,0.0723589001447178,,22.81056306069222,17.577062606135037,2.0825267977427977,,0.0723589001447178,0.0,0.0,0.0,0.0,0.0,,0.0,,,,,,,,,,,,,,,,,,,0.3,,,,,,,,
,,,,,,,,,,EOG,2011Q3,2885744000.0,60.10454757629441,,20.770678564694244,13.77065942232254,29.31893434018471,,,,20.770678564694244,13.77065942232254,29.31893434018471,,,0.0,0.0,0.0,0.0,0.0,,,,,,,,,,,,,,,,,,,,,0.3,,,,,,,,
,,,,,,,,,,COP,2011Q4,59872000000.0,14.624839363583607,28.51368941880303,-0.4154549846795753,1.9812255456623435,,-8.727048074126555,0.0,28.51368941880303,-0.4154549846795753,1.9812255456623435,,-8.727048074126555,0.0,0.0,0.0,-0.0,0.0,,-0.0,0.0,,,,,,,,,,,,,,,,,,,0.3,,,,,,,,
,,,,,,,,,,EOG,2011Q4,2773015000.0,43.81889399567493,60.10454757629441,21.765761747614185,12.77261997199857,28.42722506862302,-684.9572440229751,,60.10454757629441,21.765761747614185,12.77261997199857,28.42722506862302,-50.0,,0.0,0.0,0.0,0.0,0.0,-0.0,,,,,,,,,,,,,,,,,,,,0.3,,,,,,,,
,,,,,,,,,,COP,2012Q1,56132000000.0,-0.7065410798310101,14.624839363583607,,,,,,14.624839363583607,,,,,,0.0,0.0,,,,,,,,,,,,,,,,,,,,,,,,0.3,,,,,,,,
,,,,,,,,,,DVN,2012Q1,2497000000.0,5.939890155241077,,28.52935828286246,31.90419489703676,6.900483814783444,,-0.5838544775151153,,28.52935828286246,31.90419489703676,6.900483814783444,,-0.5838544775151153,0.0,0.0,0.0,0.0,0.0,,-0.0,,,,,,,,,,,,,,,,,,,0.3,,,,,,,,
,,,,,,,,,,EOG,2012Q1,2806651000.0,39.16623905293923,43.81889399567493,,,,,,43.81889399567493,,,,,,0.0,0.0,,,,,,,,,,,,,,,,,,,,,,,,0.3,,,,,,,,
,,,,,,,,,,COP,2012Q2,13988000000.0,-154.5787377436745,-0.7065410798310101,2.007980054590952,2.1190937295872514,,-10.9685803605481,,-0.7065410798310101,2.007980054590952,2.1190937295872514,,-10.9685803605481,,0.0,0.0,0.0,0.0,,-0.0,,,,,,,,,,,,,,,,,,,,0.3,,,,,,,,
,,,,,,,,,,DVN,2012Q2,2559000000.0,17.55450382810077,5.939890155241077,29.0526155272407,37.80773269836068,56.442716547325,,0.2909747654643054,5.939890155241077,29.0526155272407,37.80773269836068,50.0,,0.2909747654643054,0.0,0.0,0.0,0.0,0.0,,0.0,,,,,,,,,,,,,,,,,,,0.3,,,,,,,,
,,,,,,,,,,EOG,2012Q2,2909319000.0,12.391586273705585,39.16623905293923,8.191831260736356,11.94654733510828,0.1157834663250388,4.397938715106476,,39.16623905293923,8.191831260736356,11.94654733510828,0.1157834663250388,4.397938715106476,,0.0,0.0,0.0,0.0,0.0,0.0,,,,,,,,,,,,,,,,,,,,0.3,,,,,,,,
,,,,,,,,,,COP,2012Q3,14520000000.0,-146.41732545462477,-154.5787377436745,-33.93301035759963,-16.81302362464084,,-11.431311150789664,,-100.0,-33.93301035759963,-16.81302362464084,,-11.431311150789664,,0.0,0.0,-0.0,-0.0,,-0.0,,,,,,,,,,,,,,,,,,,,0.3,,,,,,,,
,,,,,,,,,,DVN,2012Q3,1865000000.0,-54.61203064605381,17.55450382810077,22.96634947870218,25.635103044884943,79.97569156182035,,-0.1408285412510268,17.55450382810077,22.96634947870218,25.635103044884943,50.0,,-0.1408285412510268,0.0,0.0,0.0,0.0,0.0,,-0.0,,,,,,,,,,,,,,,,,,,0.3,,,,,,,,
,,,,,,,,,,EOG,2012Q3,2954855000.0,2.36668279516433,12.391586273705585,8.168195104009675,12.633828310465578,0.1126356458140351,0.3919630175948544,,12.391586273705585,8.168195104009675,12.633828310465578,0.1126356458140351,0.3919630175948544,,0.0,0.0,0.0,0.0,0.0,0.0,,,,,,,,,,,,,,,,,,,,0.3,,,,,,,,
,,,,,,,,,,FANG,2012Q3,,,,,,,,,,,,,,,0.0,0.0,,,,,,,,,,,,,,,,,,,,,,,,0.3,,,,,,,,
,,,,,,,,,,COP,2012Q4,14475000000.0,-141.97859266326202,-146.41732545462477,-29.328096254864167,-12.111630175394192,,-701.4325260391122,,-100.0,-29.328096254864167,-12.111630175394192,,-50.0,,0.0,0.0,-0.0,-0.0,,-0.0,,,,,,,,,,,,,,,,,,,,0.3,,,,,,,,
,,,,,,,,,,COP,2013Q1,14166000000.0,-137.68613325574583,-141.97859266326202,,,,,,-100.0,,,,,,0.0,0.0,,,,,,,,,,,,,,,,,,,,,,,,0.3,,,,,,,,
,,,,,,,,,,DVN,2013Q1,1972000000.0,-57.42859776832165,-54.61203064605381,12.224495926644096,19.096411573162136,34.8346119449084,,0.2461467678858983,-54.61203064605381,12.224495926644096,19.096411573162136,34.8346119449084,,0.2461467678858983,0.0,0.0,0.0,0.0,0.0,,0.0,,,,,,,,,,,,,,,,,,,0.3,,,,,,,,
,,,,,,,,,,EOG,2013Q1,3356514000.0,19.09677594764273,2.36668279516433,12.273519692936956,13.30222859479981,23.040098817632853,691.482654894813,,2.36668279516433,12.273519692936956,13.30222859479981,23.040098817632853,50.0,,0.0,0.0,0.0,0.0,0.0,0.0,,,,,,,,,,,,,,,,,,,,0.3,,,,,,,,
,,,,,,,,,,FANG,2013Q1,,,,,,,,,,,,,,,0.0,0.0,,,,,,,,,,,,,,,,,,,,,,,,0.3,,,,,,,,
,,,,,,,,,,COP,2013Q2,13350000000.0,-4.668343435487088,-137.68613325574583,-32.42013953160811,-23.13174481278126,,-695.0950962331503,,-100.0,-32.42013953160811,-23.13174481278126,,-50.0,,0.0,0.0,-0.0,-0.0,,-0.0,,,,,,,,,,,,,,,,,,,,0.3,,,,,,,,
,,,,,,,,,,DVN,2013Q2,3091000000.0,21.340465185234315,-57.42859776832165,4.214355102062282,12.982362098244318,28.722125260323743,,-0.2227427206760356,-57.42859776832165,4.214355102062282,12.982362098244318,28.722125260323743,,-0.2227427206760356,0.0,0.0,0.0,0.0,0.0,,-0.0,,,,,,,,,,,,,,,,,,,0.3,,,,,,,,
,,,,,,,,,,EOG,2013Q2,3840185000.0,31.352858489968728,19.09677594764273,,,,,,19.09677594764273,,,,,,0.0,0.0,,,,,,,,,,,,,,,,,,,,,,,,0.3,,,,,,,,
,,,,,,,,,,FANG,2013Q2,,,,,,,,,,,,,,,0.0,0.0,,,,,,,,,,,,,,,,,,,,,,,,0.3,,,,,,,,
,,,,,,,,,,COP,2013Q3,13643000000.0,-6.230043981591291,-4.668343435487088,2.5452219342229943,-2.5437691923819714,,-692.270830515018,,-4.668343435487088,2.5452219342229943,-2.5437691923819714,,-50.0,,0.0,0.0,0.0,-0.0,,-0.0,,,,,,,,,,,,,,,,,,,,0.3,,,,,,,,
,,,,,,,,,,DVN,2013Q3,2720000000.0,6.101532313025427,21.340465185234315,-6.259228812433191,1.361124854057573,16.89870270537129,,-0.2404886729835024,21.340465185234315,-6.259228812433191,1.361124854057573,16.89870270537129,,-0.2404886729835024,0.0,0.0,-0.0,0.0,0.0,,-0.0,,,,,,,,,,,,,,,,,,,0.3,,,,,,,,
,,,,,,,,,,EOG,2013Q3,3541396000.0,19.66019665147857,31.352858489968728,12.909874477364005,10.484118490629298,16.44640388842557,1.245427788017388,,31.352858489968728,12.909874477364005,10.484118490629298,16.44640388842557,1.245427788017388,,0.0,0.0,0.0,0.0,0.0,0.0,,,,,,,,,,,,,,,,,,,,0.3,,,,,,,,
,,,,,,,,,,FANG,2013Q3,,,,,,,,,,,,,,,0.0,0.0,,,,,,,,,,,,,,,,,,,,,,,,0.3,,,,,,,,
,,,,,,,,,,COP,2013Q4,13254000000.0,-8.812362979302378,-6.230043981591291,3.7354052974323504,-3.431292604198998,,0.8641237429824391,,-6.230043981591291,3.7354052974323504,-3.431292604198998,,0.8641237429824391,,0.0,0.0,0.0,-0.0,,0.0,,,,,,,,,,,,,,,,,,,,0.3,,,,,,,,
98.67819672131148,5.179672131147541,8170.666666666667,2039631.0,462.8,,,,,,COP,2014Q1,15415000000.0,8.449633400668272,-8.812362979302378,,,,,,-8.812362979302378,,,,,,0.0,0.0,,,,,,,,,,,,,,,98.67819672131148,5.179672131147541,,,,,,,,0.3,,,,,,,,
98.67819672131148,5.179672131147541,8170.666666666667,2039631.0,462.8,,,,,,DVN,2014Q1,3725000000.0,69.1805798735744,6.101532313025427,-6.226214770573459,2.6123254238613005,-6.083162135881786,,0.0924537731134432,6.101532313025427,-6.226214770573459,2.6123254238613005,-6.083162135881786,,0.0924537731134432,1.0,1.0,-6.226214770573459,2.6123254238613005,-6.083162135881786,,0.0924537731134432,,,,,,,,,,98.67819672131148,5.179672131147541,,,,,,,,0.3,,,,,,,,
98.67819672131148,5.179672131147541,8170.666666666667,2039631.0,462.8,,,,,,EOG,2014Q1,4083671000.0,32.35467585010492,19.66019665147857,14.805256605539382,12.06490553830276,16.423873553293895,1.3388246763526583,,19.66019665147857,14.805256605539382,12.06490553830276,16.423873553293895,1.3388246763526583,,0.0,0.0,0.0,0.0,0.0,0.0,,,,,,,,,,,98.67819672131148,5.179672131147541,,,,,,,,0.3,,,,,,,,
98.67819672131148,5.179672131147541,8170.666666666667,2039631.0,462.8,,,,,,FANG,2014Q1,,,,,,,,,,,,,,,1.0,1.0,,,,,,,,,,,,,,,98.67819672131148,5.179672131147541,,,,,,,,0.3,,,,,,,,
103.3468253968254,4.60578125,8630.0,2135617.0,485.2,,,,,,COP,2014Q2,13821000000.0,3.467278977563099,8.449633400668272,1.8881576900579284,8.651412567409936,,0.4655474685417376,,8.449633400668272,1.8881576900579284,8.651412567409936,,0.4655474685417376,,0.0,0.0,0.0,0.0,,0.0,,,,,,,,,,,103.3468253968254,4.60578125,,,,,,,,0.3,,,,,,,,
103.3468253968254,4.60578125,8630.0,2135617.0,485.2,,,,,,DVN,2014Q2,4510000000.0,82.72488973341432,69.1805798735744,19.198431410411995,32.121609914613444,32.81586495458415,,7.836752680801058,69.1805798735744,19.198431410411995,32.121609914613444,32.81586495458415,,7.836752680801058,0.0,1.0,19.198431410411995,32.121609914613444,32.81586495458415,,7.836752680801058,,,,,,,,,,103.3468253968254,4.60578125,,,,,,,,0.3,,,,,,,,
103.3468253968254,4.60578125,8630.0,2135617.0,485.2,,,,,,EOG,2014Q2,4187556000.0,22.12143347966528,32.35467585010492,13.677720388277258,13.0875820756428,-6.593433707112991,70.50119780520738,,32.35467585010492,13.677720388277258,13.0875820756428,-6.593433707112991,50.0,,0.0,0.0,0.0,0.0,-0.0,0.0,,,,,,,,,,,103.3468253968254,4.60578125,,,,,,,,0.3,,,,,,,,
103.3468253968254,4.60578125,8630.0,2135617.0,485.2,,,,,,FANG,2014Q2,,,,183.94994837987716,188.8744281692398,,,,,50.0,50.0,,,,0.0,1.0,50.0,50.0,,,,,,,,,,,,,103.3468253968254,4.60578125,,,,,,,,0.3,,,,,,,,
97.97603174603174,3.96375,8942.333333333334,2216386.6666666665,456.6,,,,,,COP,2014Q3,12080000000.0,-12.16753770740682,3.467278977563099,3.9410787772939777,8.269125865972494,,0.5096874970194305,,3.467278977563099,3.9410787772939777,8.269125865972494,,0.5096874970194305,,0.0,0.0,0.0,0.0,,0.0,,,,,,,,,,,97.97603174603174,3.96375,,,,,,,,0.3,,,,,,,,
97.97603174603174,3.96375,8942.333333333334,2216386.6666666665,456.6,,,,,,DVN,2014Q3,5336000000.0,54.59816454633432,82.72488973341432,20.641061488778067,33.82089258252328,40.10556521447487,,-1.4157111721785274,82.72488973341432,20.641061488778067,33.82089258252328,40.10556521447487,,-1.4157111721785274,0.0,1.0,20.641061488778067,33.82089258252328,40.10556521447487,,-1.4157111721785274,,,,,,,,,,97.97603174603174,3.96375,,,,,,,,0.3,,,,,,,,
97.97603174603174,3.96375,8942.333333333334,2216386.6666666665,456.6,,,,,,EOG,2014Q3,5118616000.0,28.736354748791705,22.12143347966528,16.51526883212308,16.369404232774404,-0.0477262466828824,-620.6505005042393,,22.12143347966528,16.51526883212308,16.369404232774404,-0.0477262466828824,-50.0,,0.0,0.0,0.0,0.0,-0.0,-0.0,,,,,,,,,,,97.97603174603174,3.96375,,,,,,,,0.3,,,,,,,,
97.97603174603174,3.96375,8942.333333333334,2216386.6666666665,456.6,,,,,,FANG,2014Q3,,,,114.97180965482148,114.20143827017132,,31.49303430691786,,,50.0,50.0,,31.49303430691786,,1.0,1.0,50.0,50.0,,31.49303430691786,,,,,,,,,,,97.97603174603174,3.96375,,,,,,,,0.3,,,,,,,,
72.64129032258064,3.77984375,9367.666666666666,2238234.0,378.4,,,,,,COP,2014Q4,11208000000.0,-16.76715846313293,-12.16753770740682,-0.6483900979625088,6.347122794297966,,0.5815457925809469,,-12.16753770740682,-0.6483900979625088,6.347122794297966,,0.5815457925809469,,0.0,0.0,-0.0,0.0,,0.0,,,,,,,,,,,72.64129032258064,3.77984375,,,,,,,,0.3,,,,,,,,
72.64129032258064,3.77984375,9367.666666666666,2238234.0,378.4,,,,,,DVN,2014Q4,,,54.59816454633432,23.92844474206836,26.71097897153486,24.46305015120185,0.98766234959121,-0.1917245426978382,54.59816454633432,23.92844474206836,26.71097897153486,24.46305015120185,0.98766234959121,-0.1917245426978382,0.0,1.0,23.92844474206836,26.71097897153486,24.46305015120185,0.98766234959121,-0.1917245426978382,,,,,,,,,,72.64129032258064,3.77984375,,,,,,,,0.3,,,,,,,,
72.64129032258064,3.77984375,9367.666666666666,2238234.0,378.4,,,,,,EOG,2014Q4,,,28.736354748791705,17.103220676975457,17.279612657595894,-0.0504342214157771,70.04386181568289,,28.736354748791705,17.103220676975457,17.279612657595894,-0.0504342214157771,50.0,,0.0,0.0,0.0,0.0,-0.0,0.0,,,,,,,,,,,72.64129032258064,3.77984375,,,,,,,,0.3,,,,,,,,
72.64129032258064,3.77984375,9367.666666666666,2238234.0,378.4,,,,,,FANG,2014Q4,,,,126.1779924179776,134.94627573827822,,33.62692763661235,,,50.0,50.0,,33.62692763661235,,0.0,1.0,50.0,50.0,,33.62692763661235,,,,,,,,,,,72.64129032258064,3.77984375,,,,,,,,0.3,,,,,,,,
48.48524590163935,2.8981967213114754,9480.666666666666,2213891.333333333,257.4,-71.06044740413388,-58.06530357782865,,,,COP,2015Q1,7716000000.0,-69.2044966294631,-16.76715846313293,,,,,,-16.76715846313293,,,,,,0.0,0.0,,,,,,,,,,,,,,,48.48524590163935,2.8981967213114754,,,,,-71.06044740413388,-58.06530357782865,,0.3,-67.16190425624231,,,,,,,
48.48524590163935,2.8981967213114754,9480.666666666666,2213891.333333333,257.4,-71.06044740413388,-58.06530357782865,,,,DVN,2015Q1,3265000000.0,18.26278824204885,,,,,,,,,,,,,0.0,1.0,,,,,,,,,,,,,,,48.48524590163935,2.8981967213114754,,,,,-71.06044740413388,-58.06530357782865,,0.3,-67.16190425624231,,,,,,,
48.48524590163935,2.8981967213114754,9480.666666666666,2213891.333333333,257.4,-71.06044740413388,-58.06530357782865,,,,EOG,2015Q1,2318538000.0,-42.358418507019934,,,,,,,,,,,,,0.0,0.0,,,,,,,,,,,,,,,48.48524590163935,2.8981967213114754,,,,,-71.06044740413388,-58.06530357782865,,0.3,-67.16190425624231,,,,,,,
48.48524590163935,2.8981967213114754,9480.666666666666,2213891.333333333,257.4,-71.06044740413388,-58.06530357782865,,,,FANG,2015Q1,,,,,,,,,,,,,,,0.0,1.0,,,,,,,,,,,,,,,48.48524590163935,2.8981967213114754,,,,,-71.06044740413388,-58.06530357782865,,0.3,-67.16190425624231,,,,,,,
57.85460317460318,2.7465079365079363,9489.333333333334,2257511.333333333,270.4,-58.01575473039713,-51.69820443924535,14.870413239232365,8.198284233797882,-58.666370015749536,COP,2015Q2,8293000000.0,-51.07773891528229,-69.2044966294631,-8.683794331678248,0.2630781644796485,,0.4704020655900728,,-69.2044966294631,-8.683794331678248,0.2630781644796485,,0.4704020655900728,,0.0,0.0,-0.0,0.0,,0.0,,,,,,,,,,,57.85460317460318,2.7465079365079363,,,,,-58.01575473039713,-51.69820443924535,,0.3,-56.120489643051584,,,,12.535168087330296,-43.585321555721286,,
57.85460317460318,2.7465079365079363,9489.333333333334,2257511.333333333,270.4,-58.01575473039713,-51.69820443924535,14.870413239232365,8.198284233797882,-58.666370015749536,DVN,2015Q2,3393000000.0,-9.335236602942974,18.26278824204885,10.442485797167173,11.771150745636016,25.831461690983065,0.7416597655049619,-3.898581797438974,18.26278824204885,10.442485797167173,11.771150745636016,25.831461690983065,0.7416597655049619,-3.898581797438974,0.0,0.0,0.0,0.0,0.0,0.0,-0.0,,,,,,,,,,57.85460317460318,2.7465079365079363,,,,,-58.01575473039713,-51.69820443924535,,0.3,-56.120489643051584,,,,12.535168087330296,-43.585321555721286,,
57.85460317460318,2.7465079365079363,9489.333333333334,2257511.333333333,270.4,-58.01575473039713,-51.69820443924535,14.870413239232365,8.198284233797882,-58.666370015749536,EOG,2015Q2,2469701000.0,-50.28992481003813,-42.358418507019934,14.04278275172872,14.931737588257173,7.925914293364126,70.06172412649441,,-42.358418507019934,14.04278275172872,14.931737588257173,7.925914293364126,50.0,,0.0,0.0,0.0,0.0,0.0,0.0,,,,,,,,,,,57.85460317460318,2.7465079365079363,,,,,-58.01575473039713,-51.69820443924535,,0.3,-56.120489643051584,,,,12.535168087330296,-43.585321555721286,,
57.85460317460318,2.7465079365079363,9489.333333333334,2257511.333333333,270.4,-58.01575473039713,-51.69820443924535,14.870413239232365,8.198284233797882,-58.666370015749536,FANG,2015Q2,,,,74.65070217580757,73.0437587482317,30.660768348198356,27.417214982618628,,,50.0,50.0,30.660768348198356,27.417214982618628,,0.0,1.0,50.0,50.0,30.660768348198356,27.417214982618628,,,,,,,,,,,57.85460317460318,2.7465079365079363,,,,,-58.01575473039713,-51.69820443924535,,0.3,-56.120489643051584,,,,12.535168087330296,-43.585321555721286,,
46.48609375,2.759090909090909,9435.666666666666,2281420.333333333,236.1,-74.5569666010961,-36.22893021632834,9.492385567357855,5.550742869469588,-58.46588329010862,COP,2015Q3,7262000000.0,-50.889591951452495,-51.07773891528229,-8.260597183543144,-1.3844331364741749,,0.4011982372076013,,-51.07773891528229,-8.260597183543144,-1.3844331364741749,,0.4011982372076013,,0.0,0.0,-0.0,-0.0,,0.0,,,,,,,,,,,46.48609375,2.759090909090909,,,,,-74.5569666010961,-36.22893021632834,,0.3,-63.058555685665766,,,,8.112810623096962,-54.945745062568804,,
46.48609375,2.759090909090909,9435.666666666666,2281420.333333333,236.1,-74.5569666010961,-36.22893021632834,9.492385567357855,5.550742869469588,-58.46588329010862,DVN,2015Q3,3601000000.0,-22.50855688478488,-9.335236602942974,-26.1932253183004,-29.654684740998068,-3.149866705937105,0.2466092495193468,0.0463146751356358,-9.335236602942974,-26.1932253183004,-29.654684740998068,-3.149866705937105,0.2466092495193468,0.0463146751356358,0.0,0.0,-0.0,-0.0,-0.0,0.0,0.0,,,,,,,,,,46.48609375,2.759090909090909,,,,,-74.5569666010961,-36.22893021632834,,0.3,-63.058555685665766,,,,8.112810623096962,-54.945745062568804,,
46.48609375,2.759090909090909,9435.666666666666,2281420.333333333,236.1,-74.5569666010961,-36.22893021632834,9.492385567357855,5.550742869469588,-58.46588329010862,EOG,2015Q3,2172428000.0,-65.62718341298789,-50.28992481003813,5.280432558119709,10.459066373803426,7.988950009748436,0.5931352895719496,,-50.28992481003813,5.280432558119709,10.459066373803426,7.988950009748436,0.5931352895719496,,0.0,0.0,0.0,0.0,0.0,0.0,,,,,,,,,,,46.48609375,2.759090909090909,,,,,-74.5569666010961,-36.22893021632834,,0.3,-63.058555685665766,,,,8.112810623096962,-54.945745062568804,,
46.48609375,2.759090909090909,9435.666666666666,2281420.333333333,236.1,-74.5569666010961,-36.22893021632834,9.492385567357855,5.550742869469588,-58.46588329010862,FANG,2015Q3,,,,49.31042110610363,47.43138187450041,20.14447492201278,23.807063648103107,,,49.31042110610363,47.43138187450041,20.14447492201278,23.807063648103107,,0.0,1.0,49.31042110610363,47.43138187450041,20.14447492201278,23.807063648103107,,,,,,,,,,,46.48609375,2.759090909090909,,,,,-74.5569666010961,-36.22893021632834,,0.3,-63.058555685665766,,,,8.112810623096962,-54.945745062568804,,
41.86000000000001,2.118484848484848,9330.666666666666,2268997.0,202.3,-55.120278036880485,-57.89815337408919,5.370028083314914,2.891995999624644,-65.9552290004228,COP,2015Q4,6293000000.0,-57.71899044899094,-50.889591951452495,-11.60479928763282,-5.369198564428632,,0.3137451628403478,,-50.889591951452495,-11.60479928763282,-5.369198564428632,,0.3137451628403478,,0.0,0.0,-0.0,-0.0,,0.0,,,,,,,,,,,41.86000000000001,2.118484848484848,,,,,-55.120278036880485,-57.89815337408919,,0.3,-55.9536406380431,,,,4.502716854023319,-51.45092378401978,,
41.86000000000001,2.118484848484848,9330.666666666666,2268997.0,202.3,-55.120278036880485,-57.89815337408919,5.370028083314914,2.891995999624644,-65.9552290004228,DVN,2015Q4,,,-22.50855688478488,-39.74468658828537,-48.52274421059386,-4.124295853404913,0.0,-1.413584199379402,-22.50855688478488,-39.74468658828537,-48.52274421059386,-4.124295853404913,0.0,-1.413584199379402,0.0,0.0,-0.0,-0.0,-0.0,0.0,-0.0,,,,,,,,,,41.86000000000001,2.118484848484848,,,,,-55.120278036880485,-57.89815337408919,,0.3,-55.9536406380431,,,,4.502716854023319,-51.45092378401978,,
41.86000000000001,2.118484848484848,9330.666666666666,2268997.0,202.3,-55.120278036880485,-57.89815337408919,5.370028083314914,2.891995999624644,-65.9552290004228,EOG,2015Q4,,,-65.62718341298789,-19.9577575947752,-14.969925283470356,7.987179196127557,691.2936100087825,,-65.62718341298789,-19.9577575947752,-14.969925283470356,7.987179196127557,50.0,,0.0,0.0,-0.0,-0.0,0.0,0.0,,,,,,,,,,,41.86000000000001,2.118484848484848,,,,,-55.120278036880485,-57.89815337408919,,0.3,-55.9536406380431,,,,4.502716854023319,-51.45092378401978,,
41.86000000000001,2.118484848484848,9330.666666666666,2268997.0,202.3,-55.120278036880485,-57.89815337408919,5.370028083314914,2.891995999624644,-65.9552290004228,FANG,2015Q4,,,,37.92252198767592,36.2265520458872,-1.42134372500555,25.079787560184165,,,37.92252198767592,36.2265520458872,-1.42134372500555,25.079787560184165,,0.0,0.0,0.0,0.0,-0.0,0.0,,,,,,,,,,,41.86000000000001,2.118484848484848,,,,,-55.120278036880485,-57.89815337408919,,0.3,-55.9536406380431,,,,4.502716854023319,-51.45092378401978,,
33.41274193548387,1.9915384615384613,9128.333333333334,2243432.0,159.7,-37.23222211428326,-37.51812870427111,-0.3957577141539053,1.365072156375939,-62.62000930040234,COP,2016Q1,5121000000.0,-40.99463625630693,-57.71899044899094,,,,,,-57.71899044899094,,,,,,0.0,0.0,,,,,,,,,,,,,,,33.41274193548387,1.9915384615384613,,,,,-37.23222211428326,-37.51812870427111,,0.3,-37.317994091279616,,,,0.22053274053154015,-37.09746135074808,,
33.41274193548387,1.9915384615384613,9128.333333333334,2243432.0,159.7,-37.23222211428326,-37.51812870427111,-0.3957577141539053,1.365072156375939,-62.62000930040234,DVN,2016Q1,2126000000.0,-92.02340286935664,,,,,,,,,,,,,0.0,0.0,,,,,,,,,,,,,,,33.41274193548387,1.9915384615384613,,,,,-37.23222211428326,-37.51812870427111,,0.3,-37.317994091279616,,,,0.22053274053154015,-37.09746135074808,,
33.41274193548387,1.9915384615384613,9128.333333333334,2243432.0,159.7,-37.23222211428326,-37.51812870427111,-0.3957577141539053,1.365072156375939,-62.62000930040234,EOG,2016Q1,1354349000.0,-132.9563193932795,,,,,,,,,,,,,0.0,0.0,,,,,,,,,,,,,,,33.41274193548387,1.9915384615384613,,,,,-37.23222211428326,-37.51812870427111,,0.3,-37.317994091279616,,,,0.22053274053154015,-37.09746135074808,,
33.41274193548387,1.9915384615384613,9128.333333333334,2243432.0,159.7,-37.23222211428326,-37.51812870427111,-0.3957577141539053,1.365072156375939,-62.62000930040234,FANG,2016Q1,,,,,,,,,,,,,,,0.0,0.0,,,,,,,,,,,,,,,33.41274193548387,1.9915384615384613,,,,,-37.23222211428326,-37.51812870427111,,0.3,-37.317994091279616,,,,0.22053274053154015,-37.09746135074808,,
45.460625,2.1458461538461537,8799.333333333334,2211735.0,195.5,-24.10864546600925,-24.679631156521104,-3.78715077148198,1.3255084710753535,-47.73342399410596,COP,2016Q2,5348000000.0,-43.86891262293699,-40.99463625630693,-9.735330443879636,-11.737891360602598,,0.3030563834396103,,-40.99463625630693,-9.735330443879636,-11.737891360602598,,0.3030563834396103,,0.0,0.0,-0.0,-0.0,,0.0,,,,,,,,,,,45.460625,2.1458461538461537,,,,,-24.10864546600925,-24.679631156521104,,0.3,-24.279941173162804,,,,-1.9977200365869134,-26.277661209749716,,
45.460625,2.1458461538461537,8799.333333333334,2211735.0,195.5,-24.10864546600925,-24.679631156521104,-3.78715077148198,1.3255084710753535,-47.73342399410596,DVN,2016Q2,2488000000.0,-27.17805878514613,-92.02340286935664,-57.3964188573696,-60.19269436313904,18.246916916413923,15.23941362524815,-4.704375418473989,-92.02340286935664,-50.0,-50.0,18.246916916413923,15.23941362524815,-4.704375418473989,0.0,0.0,-0.0,-0.0,0.0,0.0,-0.0,,,,,,,,,,45.460625,2.1458461538461537,,,,,-24.10864546600925,-24.679631156521104,,0.3,-24.279941173162804,,,,-1.9977200365869134,-26.277661209749716,,
45.460625,2.1458461538461537,8799.333333333334,2211735.0,195.5,-24.10864546600925,-24.679631156521104,-3.78715077148198,1.3255084710753535,-47.73342399410596,EOG,2016Q2,1775740000.0,-26.67195771657496,-132.9563193932795,-26.995609430864132,-20.499922683156697,16.740979781344134,0.5007808217235111,,-100.0,-26.995609430864132,-20.499922683156697,16.740979781344134,0.5007808217235111,,0.0,0.0,-0.0,-0.0,0.0,0.0,,,,,,,,,,,45.460625,2.1458461538461537,,,,,-24.10864546600925,-24.679631156521104,,0.3,-24.279941173162804,,,,-1.9977200365869134,-26.277661209749716,,
45.460625,2.1458461538461537,8799.333333333334,2211735.0,195.5,-24.10864546600925,-24.679631156521104,-3.78715077148198,1.3255084710753535,-47.73342399410596,FANG,2016Q2,,,,4.248186369533199,-0.71511242236594,-19.46528690876542,25.295299741608066,,,4.248186369533199,-0.71511242236594,-19.46528690876542,25.295299741608066,,0.0,0.0,0.0,-0.0,-0.0,0.0,,,,,,,,,,,45.460625,2.1458461538461537,,,,,-24.10864546600925,-24.679631156521104,,0.3,-24.279941173162804,,,,-1.9977200365869134,-26.277661209749716,,
44.84476923076923,2.880151515151516,8637.0,2214797.333333333,212.6,-3.594625509969576,4.294165748450005,-7.549239973026181,-2.048575120072226,-32.43419647433885,COP,2016Q3,6415000000.0,-12.401627492454423,-43.86891262293699,-15.3615123326637,-15.533213934725609,,0.3110322316885363,,-43.86891262293699,-15.3615123326637,-15.533213934725609,,0.3110322316885363,,0.0,0.0,-0.0,-0.0,,0.0,,,,,,,,,,,44.84476923076923,2.880151515151516,,,,,-3.594625509969576,4.294165748450005,,0.3,-1.2279881324437016,,,,-5.624007274492297,-6.851995406935998,,
44.84476923076923,2.880151515151516,8637.0,2214797.333333333,212.6,-3.594625509969576,4.294165748450005,-7.549239973026181,-2.048575120072226,-32.43419647433885,DVN,2016Q3,4233000000.0,22.11964757366936,-27.17805878514613,-50.94004418875658,-62.628660782976,18.198172622049707,24.36220826577505,0.0,-27.17805878514613,-50.0,-50.0,18.198172622049707,24.36220826577505,0.0,0.0,0.0,-0.0,-0.0,0.0,0.0,0.0,,,,,,,,,,44.84476923076923,2.880151515151516,,,,,-3.594625509969576,4.294165748450005,,0.3,-1.2279881324437016,,,,-5.624007274492297,-6.851995406935998,,
44.84476923076923,2.880151515151516,8637.0,2214797.333333333,212.6,-3.594625509969576,4.294165748450005,-7.549239973026181,-2.048575120072226,-32.43419647433885,EOG,2016Q3,2118504000.0,-15.338691146975869,-26.67195771657496,-29.496476394231085,-24.717087135091443,8.763505276891516,0.4278921474879117,,-26.67195771657496,-29.496476394231085,-24.717087135091443,8.763505276891516,0.4278921474879117,,0.0,0.0,-0.0,-0.0,0.0,0.0,,,,,,,,,,,44.84476923076923,2.880151515151516,,,,,-3.594625509969576,4.294165748450005,,0.3,-1.2279881324437016,,,,-5.624007274492297,-6.851995406935998,,
44.84476923076923,2.880151515151516,8637.0,2214797.333333333,212.6,-3.594625509969576,4.294165748450005,-7.549239973026181,-2.048575120072226,-32.43419647433885,FANG,2016Q3,,,,-8.504463700784266,-12.390733397172903,-21.25475436305048,20.567509464830845,,,-8.504463700784266,-12.390733397172903,-21.25475436305048,20.567509464830845,,0.0,0.0,-0.0,-0.0,-0.0,0.0,,,,,,,,,,,44.84476923076923,2.880151515151516,,,,,-3.594625509969576,4.294165748450005,,0.3,-1.2279881324437016,,,,-5.624007274492297,-6.851995406935998,,
49.13555555555556,3.040769230769231,8845.666666666666,2194073.333333333,231.4,16.02522014499366,36.14093807896441,-8.844153492033119,-2.963730028339575,-10.484297818361972,COP,2016Q4,6809000000.0,7.88073619560331,-12.401627492454423,-11.664634227373467,-15.281736330101566,,0.3083497145497076,,-12.401627492454423,-11.664634227373467,-15.281736330101566,,0.3083497145497076,,0.0,0.0,-0.0,-0.0,,0.0,,,,,,,,,,,49.13555555555556,3.040769230769231,,,,,16.02522014499366,36.14093807896441,,0.3,22.059935525184883,,,,-6.786005279740379,15.273930245444504,,
49.13555555555556,3.040769230769231,8845.666666666666,2194073.333333333,231.4,16.02522014499366,36.14093807896441,-8.844153492033119,-2.963730028339575,-10.484297818361972,DVN,2016Q4,1457000000.0,-90.48320574536704,22.11964757366936,-41.5028994407038,-54.280312885424976,-3.315912177468599,24.93968821516343,-0.7194244604316548,22.11964757366936,-41.5028994407038,-50.0,-3.315912177468599,24.93968821516343,-0.7194244604316548,0.0,0.0,-0.0,-0.0,-0.0,0.0,-0.0,,,,,,,,,,49.13555555555556,3.040769230769231,,,,,16.02522014499366,36.14093807896441,,0.3,22.059935525184883,,,,-6.786005279740379,15.273930245444504,,
49.13555555555556,3.040769230769231,8845.666666666666,2194073.333333333,231.4,16.02522014499366,36.14093807896441,-8.844153492033119,-2.963730028339575,-10.484297818361972,EOG,2016Q4,,,-15.338691146975869,-28.211585891698647,-28.04577208515579,8.764066060754157,0.4269484837209733,,-15.338691146975869,-28.211585891698647,-28.04577208515579,8.764066060754157,0.4269484837209733,,0.0,0.0,-0.0,-0.0,0.0,0.0,,,,,,,,,,,49.13555555555556,3.040769230769231,,,,,16.02522014499366,36.14093807896441,,0.3,22.059935525184883,,,,-6.786005279740379,15.273930245444504,,
49.13555555555556,3.040769230769231,8845.666666666666,2194073.333333333,231.4,16.02522014499366,36.14093807896441,-8.844153492033119,-2.963730028339575,-10.484297818361972,FANG,2016Q4,,,,10.588190640218563,9.003355319468616,-36.624506455013616,22.74449476886864,,,10.588190640218563,9.003355319468616,-36.624506455013616,22.74449476886864,,0.0,0.0,0.0,0.0,-0.0,0.0,,,,,,,,,,,49.13555555555556,3.040769230769231,,,,,16.02522014499366,36.14093807896441,,0.3,22.059935525184883,,,,-6.786005279740379,15.273930245444504,,
51.62129032258064,3.015230769230769,9046.666666666666,2153014.6666666665,255.0,43.4996868234753,41.4768931323222,-5.337876947587585,-3.3578097842985626,13.439607058587637,COP,2017Q1,7518000000.0,38.39504126615731,7.88073619560331,,,,,,7.88073619560331,,,,,,0.0,0.0,,,,,,,,,,,,,,,51.62129032258064,3.015230769230769,,,,,43.4996868234753,41.4768931323222,,0.3,42.892848716129365,,,,-4.644853440436427,38.247995275692936,,
51.62129032258064,3.015230769230769,9046.666666666666,2153014.6666666665,255.0,43.4996868234753,41.4768931323222,-5.337876947587585,-3.3578097842985626,13.439607058587637,DVN,2017Q1,3547000000.0,51.18598958717286,-90.48320574536704,,,,,,-90.48320574536704,,,,,,0.0,0.0,,,,,,,,,,,,,,,51.62129032258064,3.015230769230769,,,,,43.4996868234753,41.4768931323222,,0.3,42.892848716129365,,,,-4.644853440436427,38.247995275692936,,
51.62129032258064,3.015230769230769,9046.666666666666,2153014.6666666665,255.0,43.4996868234753,41.4768931323222,-5.337876947587585,-3.3578097842985626,13.439607058587637,EOG,2017Q1,2610565000.0,18.372123693682017,,,,,,,,,,,,,0.0,0.0,,,,,,,,,,,,,,,51.62129032258064,3.015230769230769,,,,,43.4996868234753,41.4768931323222,,0.3,42.892848716129365,,,,-4.644853440436427,38.247995275692936,,
51.62129032258064,3.015230769230769,9046.666666666666,2153014.6666666665,255.0,43.4996868234753,41.4768931323222,-5.337876947587585,-3.3578097842985626,13.439607058587637,FANG,2017Q1,,,,,,,,,,,,,,,1.0,1.0,,,,,,,,,,,,,,,51.62129032258064,3.015230769230769,,,,,43.4996868234753,41.4768931323222,,0.3,42.892848716129365,,,,-4.644853440436427,38.247995275692936,,
48.10380952380952,3.076,9135.666666666666,2229228.6666666665,238.9,5.651480737466756,36.00960997315844,-0.8986763828961745,-4.1137805631676345,46.79664899374594,COP,2017Q2,6781000000.0,23.740192446200822,38.39504126615731,-12.647885744336516,-19.255556424316023,,-0.1026594678149824,,38.39504126615731,-12.647885744336516,-19.255556424316023,,-0.1026594678149824,,1.0,1.0,-12.647885744336516,-19.255556424316023,,-0.1026594678149824,,,,,,,,,,,48.10380952380952,3.076,,,,,5.651480737466756,36.00960997315844,,0.3,14.758919508174262,,,,-2.0239628459911856,12.734956662183077,,
48.10380952380952,3.076,9135.666666666666,2229228.6666666665,238.9,5.651480737466756,36.00960997315844,-0.8986763828961745,-4.1137805631676345,46.79664899374594,DVN,2017Q2,3273000000.0,27.42278206421105,51.18598958717286,-9.146243943562048,-15.967706561671015,-16.104881945677523,9.646026618756231,,51.18598958717286,-9.146243943562048,-15.967706561671015,-16.104881945677523,9.646026618756231,,0.0,0.0,-0.0,-0.0,-0.0,0.0,,,,,,,,,,,48.10380952380952,3.076,,,,,5.651480737466756,36.00960997315844,,0.3,14.758919508174262,,,,-2.0239628459911856,12.734956662183077,,
48.10380952380952,3.076,9135.666666666666,2229228.6666666665,238.9,5.651480737466756,36.00960997315844,-0.8986763828961745,-4.1137805631676345,46.79664899374594,EOG,2017Q2,2612472000.0,65.69760034525325,18.372123693682017,6.852578225171105,5.338397269628433,8.77008036929134,5.004370462600808,,18.372123693682017,6.852578225171105,5.338397269628433,8.77008036929134,5.004370462600808,,0.0,0.0,0.0,0.0,0.0,0.0,,,,,,,,,,,48.10380952380952,3.076,,,,,5.651480737466756,36.00960997315844,,0.3,14.758919508174262,,,,-2.0239628459911856,12.734956662183077,,
48.10380952380952,3.076,9135.666666666666,2229228.6666666665,238.9,5.651480737466756,36.00960997315844,-0.8986763828961745,-4.1137805631676345,46.79664899374594,FANG,2017Q2,,,,75.57593878837103,79.42118907797318,70.10768030319373,35.60878074233605,,,50.0,50.0,50.0,35.60878074233605,,0.0,1.0,50.0,50.0,50.0,35.60878074233605,,,,,,,,,,,48.10380952380952,3.076,,,,,5.651480737466756,36.00960997315844,,0.3,14.758919508174262,,,,-2.0239628459911856,12.734956662183077,,
48.18177419354839,2.952153846153846,9345.0,2303912.333333333,240.0,7.177386715656228,2.4692119094377185,3.751020551177538,0.7878360852976471,20.048467490634348,COP,2017Q3,6688000000.0,4.167587771480072,23.740192446200822,-20.8150425898018,-30.708342987100465,,690.1258963036115,,23.740192446200822,-20.8150425898018,-30.708342987100465,,50.0,,0.0,1.0,-20.8150425898018,-30.708342987100465,,50.0,,,,,,,,,,,48.18177419354839,2.952153846153846,,,,,7.177386715656228,2.4692119094377185,,0.3,5.764934273790674,,,,2.7139059881195764,8.47884026191025,,
48.18177419354839,2.952153846153846,9345.0,2303912.333333333,240.0,7.177386715656228,2.4692119094377185,3.751020551177538,0.7878360852976471,20.048467490634348,DVN,2017Q3,3156000000.0,-29.360555855515884,27.42278206421105,-1.5909174199702467,0.0416208348012525,-15.733883772062892,0.9606221805439932,0.0,27.42278206421105,-1.5909174199702467,0.0416208348012525,-15.733883772062892,0.9606221805439932,0.0,0.0,0.0,-0.0,0.0,-0.0,0.0,0.0,,,,,,,,,,48.18177419354839,2.952153846153846,,,,,7.177386715656228,2.4692119094377185,,0.3,5.764934273790674,,,,2.7139059881195764,8.47884026191025,,
48.18177419354839,2.952153846153846,9345.0,2303912.333333333,240.0,7.177386715656228,2.4692119094377185,3.751020551177538,0.7878360852976471,20.048467490634348,EOG,2017Q3,2644844000.0,39.83948469082883,65.69760034525325,10.53161802059488,7.20712620688569,-8.968684056332195,4.946626948911761,,65.69760034525325,10.53161802059488,7.20712620688569,-8.968684056332195,4.946626948911761,,0.0,0.0,0.0,0.0,-0.0,0.0,,,,,,,,,,,48.18177419354839,2.952153846153846,,,,,7.177386715656228,2.4692119094377185,,0.3,5.764934273790674,,,,2.7139059881195764,8.47884026191025,,
48.18177419354839,2.952153846153846,9345.0,2303912.333333333,240.0,7.177386715656228,2.4692119094377185,3.751020551177538,0.7878360852976471,20.048467490634348,FANG,2017Q3,,,,83.5123205820387,91.4775766390375,86.33640778509756,32.33694023138534,,,50.0,50.0,50.0,32.33694023138534,,0.0,1.0,50.0,50.0,50.0,32.33694023138534,,,,,,,,,,,48.18177419354839,2.952153846153846,,,,,7.177386715656228,2.4692119094377185,,0.3,5.764934273790674,,,,2.7139059881195764,8.47884026191025,,
55.26587301587302,2.9075,9913.333333333334,2427372.0,282.0,11.757267507387814,-4.4816914436374935,7.87861406093776,3.94477903966969,12.12264574341438,COP,2017Q4,8119000000.0,17.59617273794798,4.167587771480072,-23.067844332585448,-27.83768761873995,,688.049456423275,,4.167587771480072,-23.067844332585448,-27.83768761873995,,50.0,,0.0,1.0,-23.067844332585448,-27.83768761873995,,50.0,,,,,,,,,,,55.26587301587302,2.9075,,,,,11.757267507387814,-4.4816914436374935,,0.3,6.885579822080221,,,,6.501771803493936,13.387351625574157,,
55.26587301587302,2.9075,9913.333333333334,2427372.0,282.0,11.757267507387814,-4.4816914436374935,7.87861406093776,3.94477903966969,12.12264574341438,DVN,2017Q4,,,-29.360555855515884,2.744231648390214,5.492944876627801,-5.808898974101127,0.3831422311556088,0.0,-29.360555855515884,2.744231648390214,5.492944876627801,-5.808898974101127,0.3831422311556088,0.0,0.0,0.0,0.0,0.0,-0.0,0.0,0.0,,,,,,,,,,55.26587301587302,2.9075,,,,,11.757267507387814,-4.4816914436374935,,0.3,6.885579822080221,,,,6.501771803493936,13.387351625574157,,
55.26587301587302,2.9075,9913.333333333334,2427372.0,282.0,11.757267507387814,-4.4816914436374935,7.87861406093776,3.94477903966969,12.12264574341438,EOG,2017Q4,,,39.83948469082883,10.9002136182958,10.27400509607657,-8.971159626164733,4.893153185636365,,39.83948469082883,10.9002136182958,10.27400509607657,-8.971159626164733,4.893153185636365,,0.0,0.0,0.0,0.0,-0.0,0.0,,,,,,,,,,,55.26587301587302,2.9075,,,,,11.757267507387814,-4.4816914436374935,,0.3,6.885579822080221,,,,6.501771803493936,13.387351625574157,,
55.26587301587302,2.9075,9913.333333333334,2427372.0,282.0,11.757267507387814,-4.4816914436374935,7.87861406093776,3.94477903966969,12.12264574341438,FANG,2017Q4,,,,94.22408383181237,103.79911302036504,93.249962285303,31.36845582156256,,,50.0,50.0,50.0,31.36845582156256,,0.0,1.0,50.0,50.0,50.0,31.36845582156256,,,,,,,,,,,55.26587301587302,2.9075,,,,,11.757267507387814,-4.4816914436374935,,0.3,6.885579822080221,,,,6.501771803493936,13.387351625574157,,
62.90573770491803,3.08,10243.333333333334,2404373.0,315.4,19.77031884791748,2.125322936035157,11.395295544249812,10.104940486241258,19.775925617853733,COP,2018Q1,8798000000.0,15.722427778454184,17.59617273794798,,,,,,17.59617273794798,,,,,,0.0,1.0,,,,,,,,,,,,,,,62.90573770491803,3.08,,,,,19.77031884791748,2.125322936035157,,0.3,14.476820074352782,,,,10.94367127394682,25.4204913482996,,
62.90573770491803,3.08,10243.333333333334,2404373.0,315.4,19.77031884791748,2.125322936035157,11.395295544249812,10.104940486241258,19.775925617853733,DVN,2018Q1,3810000000.0,96.12496619255415,,,,,,,,,,,,,0.0,0.0,,,,,,,,,,,,,,,62.90573770491803,3.08,,,,,19.77031884791748,2.125322936035157,,0.3,14.476820074352782,,,,10.94367127394682,25.4204913482996,,
62.90573770491803,3.08,10243.333333333334,2404373.0,315.4,19.77031884791748,2.125322936035157,11.395295544249812,10.104940486241258,19.775925617853733,EOG,2018Q1,3681162000.0,55.25182839973461,,,,,,,,,,,,,0.0,0.0,,,,,,,,,,,,,,,62.90573770491803,3.08,,,,,19.77031884791748,2.125322936035157,,0.3,14.476820074352782,,,,10.94367127394682,25.4204913482996,,
62.90573770491803,3.08,10243.333333333334,2404373.0,315.4,19.77031884791748,2.125322936035157,11.395295544249812,10.104940486241258,19.775925617853733,FANG,2018Q1,,,,,,,,,,,,,,,0.0,1.0,,,,,,,,,,,,,,,62.90573770491803,3.08,,,,,19.77031884791748,2.125322936035157,,0.3,14.476820074352782,,,,10.94367127394682,25.4204913482996,,
68.06546875,2.85390625,10522.0,2485881.6666666665,335.0,34.71086436853505,-7.494138176177789,12.423072173567023,11.042013214802232,21.25781293705118,COP,2018Q2,8504000000.0,22.64120573379418,15.722427778454184,-21.82025538866047,-16.85230008122212,,-5.24148968716782,,15.722427778454184,-21.82025538866047,-16.85230008122212,,-5.24148968716782,,0.0,1.0,-21.82025538866047,-16.85230008122212,,-5.24148968716782,,,,,,,,,,,68.06546875,2.85390625,,,,,34.71086436853505,-7.494138176177789,,0.3,22.049363605121197,,,,11.939701537999348,33.98906514312054,,
68.06546875,2.85390625,10522.0,2485881.6666666665,335.0,34.71086436853505,-7.494138176177789,12.423072173567023,11.042013214802232,21.25781293705118,DVN,2018Q2,2746000000.0,-25.595686844570544,96.12496619255415,,,,,-5.736782902137233,96.12496619255415,,,,,-5.736782902137233,0.0,0.0,,,,,-0.0,,,,,,,,,,68.06546875,2.85390625,,,,,34.71086436853505,-7.494138176177789,,0.3,22.049363605121197,,,,11.939701537999348,33.98906514312054,,
68.06546875,2.85390625,10522.0,2485881.6666666665,335.0,34.71086436853505,-7.494138176177789,12.423072173567023,11.042013214802232,21.25781293705118,EOG,2018Q2,4238077000.0,48.4542955625636,55.25182839973461,18.47516556026615,15.252924188851347,-13.935990489665931,4.973733657634773,,55.25182839973461,18.47516556026615,15.252924188851347,-13.935990489665931,4.973733657634773,,0.0,0.0,0.0,0.0,-0.0,0.0,,,,,,,,,,,68.06546875,2.85390625,,,,,34.71086436853505,-7.494138176177789,,0.3,22.049363605121197,,,,11.939701537999348,33.98906514312054,,
68.06546875,2.85390625,10522.0,2485881.6666666665,335.0,34.71086436853505,-7.494138176177789,12.423072173567023,11.042013214802232,21.25781293705118,FANG,2018Q2,,,,84.70913540761134,87.72274365870429,122.9283099420749,24.46368376018746,,,50.0,50.0,50.0,24.46368376018746,,0.0,0.0,0.0,0.0,0.0,0.0,,,,,,,,,,,68.06546875,2.85390625,,,,,34.71086436853505,-7.494138176177789,,0.3,22.049363605121197,,,,11.939701537999348,33.98906514312054,,
69.68730158730159,2.928730158730158,11247.666666666666,2630202.6666666665,368.1,36.90372936893596,-0.7966085123755635,14.1282136758187,10.89717558115252,33.80854774933026,COP,2018Q3,9449000000.0,34.55940400180884,22.64120573379418,-12.358156948852866,-1.1594083841711422,,-696.1273577450206,,22.64120573379418,-12.358156948852866,-1.1594083841711422,,-50.0,,0.0,0.0,-0.0,-0.0,,-0.0,,,,,,,,,,,69.68730158730159,2.928730158730158,,,,,36.90372936893596,-0.7966085123755635,,0.3,25.593628004542502,,,,12.997350342685536,38.59097834722804,,
69.68730158730159,2.928730158730158,11247.666666666666,2630202.6666666665,368.1,36.90372936893596,-0.7966085123755635,14.1282136758187,10.89717558115252,33.80854774933026,DVN,2018Q3,2579000000.0,-23.830526861983568,-25.595686844570544,10.952646443265364,-15.089795242258536,-58.38449206262044,-1.3500687218902576,-5.25992632009824,-25.595686844570544,10.952646443265364,-15.089795242258536,-50.0,-1.3500687218902576,-5.25992632009824,1.0,1.0,10.952646443265364,-15.089795242258536,-50.0,-1.3500687218902576,-5.25992632009824,,,,,,,,,,69.68730158730159,2.928730158730158,,,,,36.90372936893596,-0.7966085123755635,,0.3,25.593628004542502,,,,12.997350342685536,38.59097834722804,,
69.68730158730159,2.928730158730158,11247.666666666666,2630202.6666666665,368.1,36.90372936893596,-0.7966085123755635,14.1282136758187,10.89717558115252,33.80854774933026,EOG,2018Q3,4781624000.0,60.44833382255875,48.4542955625636,9.40399250662735,5.867215221510641,-29.974091258843945,0.3825858745093933,,48.4542955625636,9.40399250662735,5.867215221510641,-29.974091258843945,0.3825858745093933,,0.0,0.0,0.0,0.0,-0.0,0.0,,,,,,,,,,,69.68730158730159,2.928730158730158,,,,,36.90372936893596,-0.7966085123755635,,0.3,25.593628004542502,,,,12.997350342685536,38.59097834722804,,
69.68730158730159,2.928730158730158,11247.666666666666,2630202.6666666665,368.1,36.90372936893596,-0.7966085123755635,14.1282136758187,10.89717558115252,33.80854774933026,FANG,2018Q3,,,,34.05921004944098,31.26317905295646,69.08631459168545,5.688406017966199,,,34.05921004944098,31.26317905295646,50.0,5.688406017966199,,0.0,0.0,0.0,0.0,0.0,0.0,,,,,,,,,,,69.68730158730159,2.928730158730158,,,,,36.90372936893596,-0.7966085123755635,,0.3,25.593628004542502,,,,12.997350342685536,38.59097834722804,,
59.96557377049181,3.7688524590163937,11783.666666666666,2737634.6666666665,368.0,8.161503351934885,25.94769621851422,18.531925882360472,13.245221044859631,42.77157170429843,COP,2018Q4,9666000000.0,17.44075795425829,34.55940400180884,-5.922633990659971,-4.230158607989124,,-694.9370435921152,,34.55940400180884,-5.922633990659971,-4.230158607989124,,-50.0,,0.0,0.0,-0.0,-0.0,,-0.0,,,,,,,,,,,59.96557377049181,3.7688524590163937,,,,,8.161503351934885,25.94769621851422,,0.3,13.497361211908686,,,,16.681579189235176,30.178940401143862,,
59.96557377049181,3.7688524590163937,11783.666666666666,2737634.6666666665,368.0,8.161503351934885,25.94769621851422,18.531925882360472,13.245221044859631,42.77157170429843,DVN,2018Q4,,,-23.830526861983568,-28.462863496489057,-16.930475378034373,-60.05788781577718,-6.721897459005086,0.0,-23.830526861983568,-28.462863496489057,-16.930475378034373,-50.0,-6.721897459005086,0.0,0.0,1.0,-28.462863496489057,-16.930475378034373,-50.0,-6.721897459005086,0.0,,,,,,,,,,59.96557377049181,3.7688524590163937,,,,,8.161503351934885,25.94769621851422,,0.3,13.497361211908686,,,,16.681579189235176,30.178940401143862,,
59.96557377049181,3.7688524590163937,11783.666666666666,2737634.6666666665,368.0,8.161503351934885,25.94769621851422,18.531925882360472,13.245221044859631,42.77157170429843,EOG,2018Q4,,,60.44833382255875,13.930352819760822,8.851932241896456,-20.997335471404146,0.4888465252211031,,60.44833382255875,13.930352819760822,8.851932241896456,-20.997335471404146,0.4888465252211031,,0.0,0.0,0.0,0.0,-0.0,0.0,,,,,,,,,,,59.96557377049181,3.7688524590163937,,,,,8.161503351934885,25.94769621851422,,0.3,13.497361211908686,,,,16.681579189235176,30.178940401143862,,
59.96557377049181,3.7688524590163937,11783.666666666666,2737634.6666666665,368.0,8.161503351934885,25.94769621851422,18.531925882360472,13.245221044859631,42.77157170429843,FANG,2018Q4,,,,36.851413152181365,29.18535039640728,70.5801735070456,0.5041173395886726,,,36.851413152181365,29.18535039640728,50.0,0.5041173395886726,,1.0,1.0,36.851413152181365,29.18535039640728,50.0,0.5041173395886726,,,,,,,,,,,59.96557377049181,3.7688524590163937,,,,,8.161503351934885,25.94769621851422,,0.3,13.497361211908686,,,,16.681579189235176,30.178940401143862,,
54.787619047619046,2.9266666666666667,11812.666666666666,2693824.0,324.0,-13.817314038018926,-5.106547800656753,17.28337394535994,12.028509658765868,26.617586723081743,COP,2019Q1,9150000000.0,3.922945636090188,17.44075795425829,,,,,,17.44075795425829,,,,,,0.0,0.0,,,,,,,,,,,,,,,54.787619047619046,2.9266666666666667,,,,,-13.817314038018926,-5.106547800656753,,0.3,-11.204084166810274,,,,15.444171445052017,4.240087278241743,,
54.787619047619046,2.9266666666666667,11812.666666666666,2693824.0,324.0,-13.817314038018926,-5.106547800656753,17.28337394535994,12.028509658765868,26.617586723081743,DVN,2019Q1,791000000.0,-138.37627141981108,,,,,,,,,,,,,0.0,1.0,,,,,,,,,,,,,,,54.787619047619046,2.9266666666666667,,,,,-13.817314038018926,-5.106547800656753,,0.3,-11.204084166810274,,,,15.444171445052017,4.240087278241743,,
54.787619047619046,2.9266666666666667,11812.666666666666,2693824.0,324.0,-13.817314038018926,-5.106547800656753,17.28337394535994,12.028509658765868,26.617586723081743,EOG,2019Q1,4058642000.0,42.82363505383139,,,,,,,,,,,,,0.0,0.0,,,,,,,,,,,,,,,54.787619047619046,2.9266666666666667,,,,,-13.817314038018926,-5.106547800656753,,0.3,-11.204084166810274,,,,15.444171445052017,4.240087278241743,,
54.787619047619046,2.9266666666666667,11812.666666666666,2693824.0,324.0,-13.817314038018926,-5.106547800656753,17.28337394535994,12.028509658765868,26.617586723081743,FANG,2019Q1,,,,,,,,,,,,,,,0.0,1.0,,,,,,,,,,,,,,,54.787619047619046,2.9266666666666667,,,,,-13.817314038018926,-5.106547800656753,,0.3,-11.204084166810274,,,,15.444171445052017,4.240087278241743,,
59.85703125,2.5659375,12172.333333333334,2768140.0,321.6,-12.851111143349176,-10.63647609606488,14.25453145934842,11.367258278320335,2.6901841263391364,COP,2019Q2,7953000000.0,-6.698742506464864,3.922945636090188,1.0842081949310056,-0.1196445612002765,-9.65961766421978,-3.4781052958859964,,3.922945636090188,1.0842081949310056,-0.1196445612002765,-9.65961766421978,-3.4781052958859964,,0.0,0.0,0.0,-0.0,-0.0,-0.0,,,,,,,,,,,59.85703125,2.5659375,,,,,-12.851111143349176,-10.63647609606488,,0.3,-12.186720629163887,,,,13.24398584598859,1.0572652168247032,,
59.85703125,2.5659375,12172.333333333334,2768140.0,321.6,-12.851111143349176,-10.63647609606488,14.25453145934842,11.367258278320335,2.6901841263391364,DVN,2019Q2,1921000000.0,-68.478330535219,-138.37627141981108,-42.16887490241964,-20.87297251106505,-58.47286467673736,-20.04582684831262,0.0,-100.0,-42.16887490241964,-20.87297251106505,-50.0,-20.04582684831262,0.0,1.0,1.0,-42.16887490241964,-20.87297251106505,-50.0,-20.04582684831262,0.0,,,,,,,,,,59.85703125,2.5659375,,,,,-12.851111143349176,-10.63647609606488,,0.3,-12.186720629163887,,,,13.24398584598859,1.0572652168247032,,
59.85703125,2.5659375,12172.333333333334,2768140.0,321.6,-12.851111143349176,-10.63647609606488,14.25453145934842,11.367258278320335,2.6901841263391364,EOG,2019Q2,4697630000.0,24.382966300896147,42.82363505383139,21.356916663270848,12.428703958555596,-21.112664972178703,0.4208376075322953,,42.82363505383139,21.356916663270848,12.428703958555596,-21.112664972178703,0.4208376075322953,,0.0,0.0,0.0,0.0,-0.0,0.0,,,,,,,,,,,59.85703125,2.5659375,,,,,-12.851111143349176,-10.63647609606488,,0.3,-12.186720629163887,,,,13.24398584598859,1.0572652168247032,,
59.85703125,2.5659375,12172.333333333334,2768140.0,321.6,-12.851111143349176,-10.63647609606488,14.25453145934842,11.367258278320335,2.6901841263391364,FANG,2019Q2,1021000000.0,,,111.69807876418724,109.39280235085494,131.291813414244,51.86123137537356,,,50.0,50.0,50.0,50.0,,0.0,1.0,50.0,50.0,50.0,50.0,,,,,,,,,,,59.85703125,2.5659375,,,,,-12.851111143349176,-10.63647609606488,,0.3,-12.186720629163887,,,,13.24398584598859,1.0572652168247032,,
56.3165625,2.3759375,12330.333333333334,2875418.333333333,304.6,-21.30294396418337,-20.91768397216396,14.569731360691833,10.754822244820378,-4.082199452025505,COP,2019Q3,7756000000.0,-19.744217842008347,-6.698742506464864,3.317065525991997,-4.351966529444109,6.92541806473244,-4.036707554158682,,-6.698742506464864,3.317065525991997,-4.351966529444109,6.92541806473244,-4.036707554158682,,0.0,0.0,0.0,-0.0,0.0,-0.0,,,,,,,,,,,56.3165625,2.3759375,,,,,-21.30294396418337,-20.91768397216396,,0.3,-21.187365966577545,,,,13.234513170136825,-7.95285279644072,,
56.3165625,2.3759375,12330.333333333334,2875418.333333333,304.6,-21.30294396418337,-20.91768397216396,14.569731360691833,10.754822244820378,-4.082199452025505,DVN,2019Q3,1847000000.0,-39.65826061286764,-68.478330535219,-56.57832875008886,-75.63179489758349,-80.74568204642361,-23.523559707923848,0.0,-68.478330535219,-50.0,-50.0,-50.0,-23.523559707923848,0.0,0.0,1.0,-50.0,-50.0,-50.0,-23.523559707923848,0.0,,,,,,,,,,56.3165625,2.3759375,,,,,-21.30294396418337,-20.91768397216396,,0.3,-21.187365966577545,,,,13.234513170136825,-7.95285279644072,,
56.3165625,2.3759375,12330.333333333334,2875418.333333333,304.6,-21.30294396418337,-20.91768397216396,14.569731360691833,10.754822244820378,-4.082199452025505,EOG,2019Q3,4303455000.0,1.5308559818961758,24.382966300896147,15.101069782604007,11.952814004257984,-37.68383600062085,0.2922216545746235,,24.382966300896147,15.101069782604007,11.952814004257984,-37.68383600062085,0.2922216545746235,,0.0,0.0,0.0,0.0,-0.0,0.0,,,,,,,,,,,56.3165625,2.3759375,,,,,-21.30294396418337,-20.91768397216396,,0.3,-21.187365966577545,,,,13.234513170136825,-7.95285279644072,,
56.3165625,2.3759375,12330.333333333334,2875418.333333333,304.6,-21.30294396418337,-20.91768397216396,14.569731360691833,10.754822244820378,-4.082199452025505,FANG,2019Q3,975000000.0,,,103.57368172331653,102.49881361966018,96.6083410916098,51.43544719846063,,,50.0,50.0,50.0,50.0,,0.0,1.0,50.0,50.0,50.0,50.0,,,,,,,,,,,56.3165625,2.3759375,,,,,-21.30294396418337,-20.91768397216396,,0.3,-21.187365966577545,,,,13.234513170136825,-7.95285279644072,,
56.90784615384616,2.392307692307692,12930.0,2962291.0,313.9,-5.233740169449453,-45.4512105872173,9.190165141330478,8.913726812072632,-18.93551999239141,COP,2019Q4,7708000000.0,-22.63558228707724,-19.744217842008347,-0.3066093703394307,-2.0825145598037347,9.099541598046768,-4.7973882584113,,-19.744217842008347,-0.3066093703394307,-2.0825145598037347,9.099541598046768,-4.7973882584113,,0.0,0.0,-0.0,-0.0,0.0,-0.0,,,,,,,,,,,56.90784615384616,2.392307692307692,,,,,-5.233740169449453,-45.4512105872173,,0.3,-17.298981294779807,,,,9.093411726090233,-8.205569568689574,,
56.90784615384616,2.392307692307692,12930.0,2962291.0,313.9,-5.233740169449453,-45.4512105872173,9.190165141330478,8.913726812072632,-18.93551999239141,DVN,2019Q4,4479000000.0,55.199808032595534,-39.65826061286764,-70.59521599139956,-32.75327788773203,-29.86807361486852,-26.78159913658023,0.0,-39.65826061286764,-50.0,-32.75327788773203,-29.86807361486852,-26.78159913658023,0.0,0.0,1.0,-50.0,-32.75327788773203,-29.86807361486852,-26.78159913658023,0.0,,,,,,,,,,56.90784615384616,2.392307692307692,,,,,-5.233740169449453,-45.4512105872173,,0.3,-17.298981294779807,,,,9.093411726090233,-8.205569568689574,,
56.90784615384616,2.392307692307692,12930.0,2962291.0,313.9,-5.233740169449453,-45.4512105872173,9.190165141330478,8.913726812072632,-18.93551999239141,EOG,2019Q4,,,1.5308559818961758,12.985102657619535,10.64682111066824,-21.70455581763036,0.2953274923871948,,1.5308559818961758,12.985102657619535,10.64682111066824,-21.70455581763036,0.2953274923871948,,0.0,0.0,0.0,0.0,-0.0,0.0,,,,,,,,,,,56.90784615384616,2.392307692307692,,,,,-5.233740169449453,-45.4512105872173,,0.3,-17.298981294779807,,,,9.093411726090233,-8.205569568689574,,
56.90784615384616,2.392307692307692,12930.0,2962291.0,313.9,-5.233740169449453,-45.4512105872173,9.190165141330478,8.913726812072632,-18.93551999239141,FANG,2019Q4,1104000000.0,,,96.7108727676168,97.15669533858735,88.39105707708549,49.972934279104514,,,50.0,50.0,50.0,49.972934279104514,,0.0,1.0,50.0,50.0,50.0,49.972934279104514,,,,,,,,,,,56.90784615384616,2.392307692307692,,,,,-5.233740169449453,-45.4512105872173,,0.3,-17.298981294779807,,,,9.093411726090233,-8.205569568689574,,
45.33516129032258,1.907540983606557,12844.666666666666,2913568.6666666665,259.9,-18.938131980436275,-42.8049149525226,9.283580096626732,7.8868668213818465,-15.900847432102315,COP,2020Q1,6158000000.0,-39.60018297851214,-22.63558228707724,,,,,,-22.63558228707724,,,,,,0.0,0.0,,,,,,,,,,,,,,,45.33516129032258,1.907540983606557,,,,,-18.938131980436275,-42.8049149525226,,0.3,-26.098166872062173,,,,8.794730450291024,-17.30343642177115,,
45.33516129032258,1.907540983606557,12844.666666666666,2913568.6666666665,259.9,-18.938131980436275,-42.8049149525226,9.283580096626732,7.8868668213818465,-15.900847432102315,DVN,2020Q1,2087000000.0,97.01849393095468,55.199808032595534,,,,,,55.199808032595534,,,,,,0.0,1.0,,,,,,,,,,82207.0,65396.0,,,,45.33516129032258,1.907540983606557,2.0,3.0,,,-18.938131980436275,-42.8049149525226,,0.3,-26.098166872062173,,,,8.794730450291024,-17.30343642177115,,
45.33516129032258,1.907540983606557,12844.666666666666,2913568.6666666665,259.9,-18.938131980436275,-42.8049149525226,9.283580096626732,7.8868668213818465,-15.900847432102315,EOG,2020Q1,4717692000.0,-1.346054080031512,,,,,,,,,,,,,0.0,0.0,,,,,,,,,,,,,,,45.33516129032258,1.907540983606557,,,,,-18.938131980436275,-42.8049149525226,,0.3,-26.098166872062173,,,,8.794730450291024,-17.30343642177115,,
45.33516129032258,1.907540983606557,12844.666666666666,2913568.6666666665,259.9,-18.938131980436275,-42.8049149525226,9.283580096626732,7.8868668213818465,-15.900847432102315,FANG,2020Q1,899000000.0,,,,,,,,,,,,,,0.0,0.0,,,,,,,,,,,,,,,45.33516129032258,1.907540983606557,,,,,-18.938131980436275,-42.8049149525226,,0.3,-26.098166872062173,,,,8.794730450291024,-17.30343642177115,,
27.96047619047619,1.704603174603175,10697.0,2762199.6666666665,144.0,-76.11669579531211,-40.89915674423783,8.375627772269082,7.841693027872178,-22.044657414488498,COP,2020Q2,2749000000.0,-106.23120067918894,-39.60018297851214,-9.477464390957282,-12.250390416050578,-8.038742058207852,-4.938180197321129,,-39.60018297851214,-9.477464390957282,-12.250390416050578,-8.038742058207852,-4.938180197321129,,0.0,0.0,-0.0,-0.0,-0.0,-0.0,,,,,,,,,,,27.96047619047619,1.704603174603175,,,,,-76.11669579531211,-40.89915674423783,,0.3,-65.55143407998982,,,,8.188750611730166,-57.362683468259654,,
27.96047619047619,1.704603174603175,10697.0,2762199.6666666665,144.0,-76.11669579531211,-40.89915674423783,8.375627772269082,7.841693027872178,-22.044657414488498,DVN,2020Q2,755000000.0,-93.3883413519532,97.01849393095468,-48.37391755152128,-87.48918697290189,-29.798965111772457,-12.687800813378605,,97.01849393095468,-48.37391755152128,-50.0,-29.798965111772457,-12.687800813378605,,0.0,1.0,-48.37391755152128,-50.0,-29.798965111772457,-12.687800813378605,,,,,,82207.0,65396.0,,,,27.96047619047619,1.704603174603175,2.0,3.0,55.92095238095238,5.1138095238095245,-76.11669579531211,-40.89915674423783,,0.3,-65.55143407998982,,,,8.188750611730166,-57.362683468259654,100.0,200.0
27.96047619047619,1.704603174603175,10697.0,2762199.6666666665,144.0,-76.11669579531211,-40.89915674423783,8.375627772269082,7.841693027872178,-22.044657414488498,EOG,2020Q2,1103374000.0,-130.24756768555213,-1.346054080031512,11.226159713659309,6.061045030862281,-9.50166778356175,0.2090479737104889,,-1.346054080031512,11.226159713659309,6.061045030862281,-9.50166778356175,0.2090479737104889,,0.0,0.0,0.0,0.0,-0.0,0.0,,,,,,,,,,,27.96047619047619,1.704603174603175,,,,,-76.11669579531211,-40.89915674423783,,0.3,-65.55143407998982,,,,8.188750611730166,-57.362683468259654,,
27.96047619047619,1.704603174603175,10697.0,2762199.6666666665,144.0,-76.11669579531211,-40.89915674423783,8.375627772269082,7.841693027872178,-22.044657414488498,FANG,2020Q2,412000000.0,-90.75144688151391,,4.898688239686539,1.7567032862567913,19.52638525077833,-4.061299048940636,,,4.898688239686539,1.7567032862567913,19.52638525077833,-4.061299048940636,,0.0,0.0,0.0,0.0,0.0,-0.0,,,,,,,,,,,27.96047619047619,1.704603174603175,,,,,-76.11669579531211,-40.89915674423783,,0.3,-65.55143407998982,,,,8.188750611730166,-57.362683468259654,,
40.89171875,1.99078125,10859.0,2780535.6666666665,199.8,-32.00611078331236,-17.686494680700115,-12.920228859153996,-0.2148271526150887,-80.34952377288108,COP,2020Q3,4386000000.0,-57.004908738470895,-106.23120067918894,-12.248457451189388,-7.525725588765591,2.977185820231764,686.2950917569902,,-100.0,-12.248457451189388,-7.525725588765591,2.977185820231764,50.0,,0.0,0.0,-0.0,-0.0,0.0,0.0,,,,,,,,,,,40.89171875,1.99078125,,,,,-32.00611078331236,-17.686494680700115,,0.3,-27.710225952528685,,,,-8.47333826186538,-36.18356421439407,,
40.89171875,1.99078125,10859.0,2780535.6666666665,199.8,-32.00611078331236,-17.686494680700115,-12.920228859153996,-0.2148271526150887,-80.34952377288108,DVN,2020Q3,1154000000.0,-47.032853313119496,-93.3883413519532,-47.46875349559733,-56.82712516028553,0.0465657749974196,-8.634802704822384,0.0,-93.3883413519532,-47.46875349559733,-50.0,0.0465657749974196,-8.634802704822384,0.0,0.0,0.0,-0.0,-0.0,0.0,-0.0,0.0,,,,,,,,,,40.89171875,1.99078125,,,81.7834375,5.97234375,-32.00611078331236,-17.686494680700115,,0.3,-27.710225952528685,,,,-8.47333826186538,-36.18356421439407,100.0,200.0
40.89171875,1.99078125,10859.0,2780535.6666666665,199.8,-32.00611078331236,-17.686494680700115,-12.920228859153996,-0.2148271526150887,-80.34952377288108,EOG,2020Q3,2245484000.0,-73.81370380589594,-130.24756768555213,-1.2467191624174994,0.3579770189106825,9.890870240331031,0.261608591264827,,-100.0,-1.2467191624174994,0.3579770189106825,9.890870240331031,0.261608591264827,,0.0,0.0,-0.0,0.0,0.0,0.0,,,,,,,,,,,40.89171875,1.99078125,,,,,-32.00611078331236,-17.686494680700115,,0.3,-27.710225952528685,,,,-8.47333826186538,-36.18356421439407,,
40.89171875,1.99078125,10859.0,2780535.6666666665,199.8,-32.00611078331236,-17.686494680700115,-12.920228859153996,-0.2148271526150887,-80.34952377288108,FANG,2020Q3,707000000.0,-32.14068051012745,-90.75144688151391,-13.045960965367346,-13.224271987805729,28.589156167799278,-4.345707150381066,,-90.75144688151391,-13.045960965367346,-13.224271987805729,28.589156167799278,-4.345707150381066,,0.0,0.0,-0.0,-0.0,0.0,-0.0,,,,,,,,,,,40.89171875,1.99078125,,,,,-32.00611078331236,-17.686494680700115,,0.3,-27.710225952528685,,,,-8.47333826186538,-36.18356421439407,,
42.52492063492064,2.5220634920634923,10968.333333333334,2814072.333333333,240.6,-29.13429534021383,5.281895078509131,-12.70681219096722,-3.355457591820775,-42.16825742466084,COP,2020Q4,5491000000.0,-33.91483622553843,-57.004908738470895,-10.771693720319998,-5.984178821842074,3.7668829298903126,687.9227296887314,,-57.004908738470895,-10.771693720319998,-5.984178821842074,3.7668829298903126,50.0,,0.0,0.0,-0.0,-0.0,0.0,0.0,,,,,,,,,,,42.52492063492064,2.5220634920634923,,,,,-29.13429534021383,5.281895078509131,,0.3,-18.809438214596938,,,,-9.433838081265964,-28.243276295862902,,
42.52492063492064,2.5220634920634923,10968.333333333334,2814072.333333333,240.6,-29.13429534021383,5.281895078509131,-12.70681219096722,-3.355457591820775,-42.16825742466084,DVN,2020Q4,1397000000.0,-116.50727269503382,-47.032853313119496,-33.214646662815525,-60.52518473176972,0.0465549356639452,-4.410572184992302,0.0,-47.032853313119496,-33.214646662815525,-50.0,0.0465549356639452,-4.410572184992302,0.0,1.0,1.0,-33.214646662815525,-50.0,0.0465549356639452,-4.410572184992302,0.0,,,,,,,,,,42.52492063492064,2.5220634920634923,,,,,-29.13429534021383,5.281895078509131,,0.3,-18.809438214596938,,,,-9.433838081265964,-28.243276295862902,,
42.52492063492064,2.5220634920634923,10968.333333333334,2814072.333333333,240.6,-29.13429534021383,5.281895078509131,-12.70681219096722,-3.355457591820775,-42.16825742466084,EOG,2020Q4,2965450000.0,-37.2389396856272,-73.81370380589594,-1.9131625824984024,-3.740919189818349,17.2583317835749,0.2758288498204604,,-73.81370380589594,-1.9131625824984024,-3.740919189818349,17.2583317835749,0.2758288498204604,,0.0,0.0,-0.0,-0.0,0.0,0.0,,,,,,,,,,,42.52492063492064,2.5220634920634923,,,,,-29.13429534021383,5.281895078509131,,0.3,-18.809438214596938,,,,-9.433838081265964,-28.243276295862902,,
42.52492063492064,2.5220634920634923,10968.333333333334,2814072.333333333,240.6,-29.13429534021383,5.281895078509131,-12.70681219096722,-3.355457591820775,-42.16825742466084,FANG,2020Q4,754000000.0,-38.130285882908446,-32.14068051012745,-22.75262573061495,-23.451541104658634,17.225919838188997,-2.9405070126556714,,-32.14068051012745,-22.75262573061495,-23.451541104658634,17.225919838188997,-2.9405070126556714,,0.0,0.0,-0.0,-0.0,0.0,-0.0,,,,,,,,,,,42.52492063492064,2.5220634920634923,,,,,-29.13429534021383,5.281895078509131,,0.3,-18.809438214596938,,,,-9.433838081265964,-28.243276295862902,,
58.09344262295082,3.4996721311475407,10821.0,2724670.333333333,310.7,24.796987502011643,60.68543178387432,-16.453785954379335,-5.133029227825741,-26.593866030732933,COP,2021Q1,9826000000.0,46.72798842441478,-33.91483622553843,,,,,,-33.91483622553843,,,,,,1.0,1.0,,,,,,,,,,,,,,,58.09344262295082,3.4996721311475407,,,,,24.796987502011643,60.68543178387432,,0.3,35.56352078657044,,,,-12.491521100085578,23.071999686484865,,
58.09344262295082,3.4996721311475407,10821.0,2724670.333333333,310.7,24.796987502011643,60.68543178387432,-16.453785954379335,-5.133029227825741,-26.593866030732933,DVN,2021Q1,2290000000.0,9.28241894710845,-116.50727269503382,,,,,,-100.0,,,,,,1.0,1.0,,,,,,,,,,81122.0,270636.0,,,,58.09344262295082,3.4996721311475407,2.0,3.0,,,24.796987502011643,60.68543178387432,,0.3,35.56352078657044,,,,-12.491521100085578,23.071999686484865,,
58.09344262295082,3.4996721311475407,10821.0,2724670.333333333,310.7,24.796987502011643,60.68543178387432,-16.453785954379335,-5.133029227825741,-26.593866030732933,EOG,2021Q1,3694000000.0,-24.46098151783693,-37.2389396856272,,,,,,-37.2389396856272,,,,,,0.0,0.0,,,,,,,,,,,,,,,58.09344262295082,3.4996721311475407,,,,,24.796987502011643,60.68543178387432,,0.3,35.56352078657044,,,,-12.491521100085578,23.071999686484865,,
58.09344262295082,3.4996721311475407,10821.0,2724670.333333333,310.7,24.796987502011643,60.68543178387432,-16.453785954379335,-5.133029227825741,-26.593866030732933,FANG,2021Q1,1172000000.0,26.51839356653377,-38.130285882908446,,,,,,-38.130285882908446,,,,,,1.0,1.0,,,,,,,,,,,,,,,58.09344262295082,3.4996721311475407,,,,,24.796987502011643,60.68543178387432,,0.3,35.56352078657044,,,,-12.491521100085578,23.071999686484865,,
66.18666666666667,2.95,11393.666666666666,2855105.333333333,389.7,86.16870844346951,54.84728288731359,-17.143998920094713,-6.703123356556641,17.85308747515571,COP,2021Q2,9556000000.0,124.59320202804544,46.72798842441478,25.226050860776883,36.021155395644726,35.43744651326415,18.14773875874523,,46.72798842441478,25.226050860776883,36.021155395644726,35.43744651326415,18.14773875874523,,0.0,1.0,25.226050860776883,36.021155395644726,35.43744651326415,18.14773875874523,,,,,,,,,,,66.18666666666667,2.95,,,,,86.16870844346951,54.84728288731359,,0.3,76.77228077662272,,,,-13.489692472856389,63.28258830376633,,
66.18666666666667,2.95,11393.666666666666,2855105.333333333,389.7,86.16870844346951,54.84728288731359,-17.143998920094713,-6.703123356556641,17.85308747515571,DVN,2021Q2,3120000000.0,141.88705315545033,9.28241894710845,60.7423885729121,97.17483537819062,49.44406652966421,54.62644547605585,,9.28241894710845,50.0,50.0,49.44406652966421,50.0,,0.0,1.0,50.0,50.0,49.44406652966421,50.0,,,,,,81122.0,270636.0,,,,66.18666666666667,2.95,2.0,3.0,132.37333333333333,8.850000000000001,-643.136952222124,-890.7798914475466,,0.3,-717.4298339897507,,,,-13.489692472856389,-100.0,100.0,200.0
66.18666666666667,2.95,11393.666666666666,2855105.333333333,389.7,86.16870844346951,54.84728288731359,-17.143998920094713,-6.703123356556641,17.85308747515571,EOG,2021Q2,,,-24.46098151783693,-3.9652436340911774,-3.5235072244328425,7.983045432075262,0.2655246186094063,,-24.46098151783693,-3.9652436340911774,-3.5235072244328425,7.983045432075262,0.2655246186094063,,0.0,0.0,-0.0,-0.0,0.0,0.0,,,,,,,,,,,66.18666666666667,2.95,,,,,86.16870844346951,54.84728288731359,,0.3,76.77228077662272,,,,-13.489692472856389,63.28258830376633,,
66.18666666666667,2.95,11393.666666666666,2855105.333333333,389.7,86.16870844346951,54.84728288731359,-17.143998920094713,-6.703123356556641,17.85308747515571,FANG,2021Q2,1667000000.0,139.77575334012676,26.51839356653377,-6.127693407255842,-5.114587786189112,27.380250680256463,3.646127384482656,,26.51839356653377,-6.127693407255842,-5.114587786189112,27.380250680256463,3.646127384482656,,0.0,1.0,-6.127693407255842,-5.114587786189112,27.380250680256463,3.646127384482656,,,,,,,,,,,66.18666666666667,2.95,,,,,86.16870844346951,54.84728288731359,,0.3,76.77228077662272,,,,-13.489692472856389,63.28258830376633,,
70.57546875,4.35421875,11233.0,2918142.333333333,436.8,54.57550489901543,78.26180530742496,6.309431714273299,3.308139377988529,99.55639127686628,COP,2021Q3,11326000000.0,94.86833176959168,124.59320202804544,30.351661029765104,33.905713635603554,24.44263546394661,22.52317250033292,,100.0,30.351661029765104,33.905713635603554,24.44263546394661,22.52317250033292,,0.0,1.0,30.351661029765104,33.905713635603554,24.44263546394661,22.52317250033292,,,,,,,,,,,70.57546875,4.35421875,,,,,54.57550489901543,78.26180530742496,,0.3,61.68139502153829,,,,5.258979396573629,66.94037441811193,,
70.57546875,4.35421875,11233.0,2918142.333333333,436.8,54.57550489901543,78.26180530742496,6.309431714273299,3.308139377988529,99.55639127686628,DVN,2021Q3,3801000000.0,119.2030021921204,141.88705315545033,66.13143841121382,98.25644684270736,41.442546467515,57.95001421967171,0.0,100.0,50.0,50.0,41.442546467515,50.0,0.0,0.0,1.0,50.0,50.0,41.442546467515,50.0,0.0,,,,,,,,,,70.57546875,4.35421875,,,141.1509375,13.06265625,54.57550489901543,78.26180530742496,,0.3,61.68139502153829,,,,5.258979396573629,66.94037441811193,100.0,200.0
70.57546875,4.35421875,11233.0,2918142.333333333,436.8,54.57550489901543,78.26180530742496,6.309431714273299,3.308139377988529,99.55639127686628,EOG,2021Q3,4765000000.0,75.237644894773,,4.614341775993562,-1.9846584734781696,-11.45254086984084,,,,4.614341775993562,-1.9846584734781696,-11.45254086984084,,,0.0,0.0,0.0,-0.0,-0.0,,,,,,,,,,,,70.57546875,4.35421875,,,,,54.57550489901543,78.26180530742496,,0.3,61.68139502153829,,,,5.258979396573629,66.94037441811193,,
70.57546875,4.35421875,11233.0,2918142.333333333,436.8,54.57550489901543,78.26180530742496,6.309431714273299,3.308139377988529,99.55639127686628,FANG,2021Q3,1897000000.0,98.69983040384416,139.77575334012676,9.371306768714367,7.587636588411555,21.23326352099941,13.703458532685849,,100.0,9.371306768714367,7.587636588411555,21.23326352099941,13.703458532685849,,0.0,1.0,9.371306768714367,7.587636588411555,21.23326352099941,13.703458532685849,,,,,,,,,,,70.57546875,4.35421875,,,,,54.57550489901543,78.26180530742496,,0.3,61.68139502153829,,,,5.258979396573629,66.94037441811193,,
77.32730158730159,4.753492063492063,11757.0,3011840.333333333,542.7,59.79568112759858,63.38021066932765,3.386164542466891,4.830363162029245,78.21585582162422,COP,2021Q4,13442000000.0,89.52737452510385,94.86833176959168,32.37725909681523,31.7468575590364,19.133693861318275,21.23668804374563,,94.86833176959168,32.37725909681523,31.7468575590364,19.133693861318275,21.23668804374563,,1.0,1.0,32.37725909681523,31.7468575590364,19.133693861318275,21.23668804374563,,,,,,,,,,,77.32730158730159,4.753492063492063,,,,,59.79568112759858,63.38021066932765,,0.3,60.871039990117296,,,,3.891634059313715,64.76267404943101,,
77.32730158730159,4.753492063492063,11757.0,3011840.333333333,542.7,59.79568112759858,63.38021066932765,3.386164542466891,4.830363162029245,78.21585582162422,DVN,2021Q4,4251000000.0,111.28271691018284,119.2030021921204,71.25680599589369,99.83583028974128,41.26535448594867,57.95001421967171,0.0,100.0,50.0,50.0,41.26535448594867,50.0,0.0,0.0,1.0,50.0,50.0,41.26535448594867,50.0,0.0,,,,,,,,,,77.32730158730159,4.753492063492063,,,,,59.79568112759858,63.38021066932765,,0.3,60.871039990117296,,,,3.891634059313715,64.76267404943101,,
77.32730158730159,4.753492063492063,11757.0,3011840.333333333,542.7,59.79568112759858,63.38021066932765,3.386164542466891,4.830363162029245,78.21585582162422,EOG,2021Q4,6044000000.0,71.20372528191325,75.237644894773,5.809516124746217,-0.3078318942977502,2.574661341428959,0.3353292425888495,,75.237644894773,5.809516124746217,-0.3078318942977502,2.574661341428959,0.3353292425888495,,0.0,0.0,0.0,-0.0,0.0,0.0,,,,,,,,,,,77.32730158730159,4.753492063492063,,,,,59.79568112759858,63.38021066932765,,0.3,60.871039990117296,,,,3.891634059313715,64.76267404943101,,
77.32730158730159,4.753492063492063,11757.0,3011840.333333333,542.7,59.79568112759858,63.38021066932765,3.386164542466891,4.830363162029245,78.21585582162422,FANG,2021Q4,2011000000.0,98.09950217646958,98.69983040384416,18.794713917009013,15.734929512549886,20.242112347913054,13.71086793882414,,98.69983040384416,18.794713917009013,15.734929512549886,20.242112347913054,13.71086793882414,,0.0,1.0,18.794713917009013,15.734929512549886,20.242112347913054,13.71086793882414,,,,,,,,,,,77.32730158730159,4.753492063492063,,,,,59.79568112759858,63.38021066932765,,0.3,60.871039990117296,,,,3.891634059313715,64.76267404943101,,
95.18032258064515,4.668709677419354,11601.333333333334,2889882.6666666665,577.9,49.37204309956151,28.821344587193405,6.943647464563119,6.7918635179940265,81.34208775287807,COP,2022Q1,14506000000.0,38.95304231947641,89.52737452510385,,,,,,89.52737452510385,,,,,,0.0,1.0,,,,,,,,,,,7.0,,,,95.18032258064515,4.668709677419354,,1.4993436053340705,,,49.37204309956151,28.821344587193405,,0.3,43.206833545851076,,,,6.890523083263936,50.09735662911501,,
95.18032258064515,4.668709677419354,11601.333333333334,2889882.6666666665,577.9,49.37204309956151,28.821344587193405,6.943647464563119,6.7918635179940265,81.34208775287807,DVN,2022Q1,4495000000.0,67.44138503574352,111.28271691018284,,,,,,100.0,,,,,,0.0,1.0,,,,,,,,,,35258.0,110000.0,,,,95.18032258064515,4.668709677419354,2.0,3.0,,,49.37204309956151,28.821344587193405,,0.3,43.206833545851076,,,,6.890523083263936,50.09735662911501,,
95.18032258064515,4.668709677419354,11601.333333333334,2889882.6666666665,577.9,49.37204309956151,28.821344587193405,6.943647464563119,6.7918635179940265,81.34208775287807,EOG,2022Q1,,,71.20372528191325,,,,,,71.20372528191325,,,,,,0.0,0.0,,,,,,,,,,,,,,,95.18032258064515,4.668709677419354,,,,,49.37204309956151,28.821344587193405,,0.3,43.206833545851076,,,,6.890523083263936,50.09735662911501,,
95.18032258064515,4.668709677419354,11601.333333333334,2889882.6666666665,577.9,49.37204309956151,28.821344587193405,6.943647464563119,6.7918635179940265,81.34208775287807,FANG,2022Q1,2389000000.0,71.21631771888516,98.09950217646958,,,,,,98.09950217646958,,,,,,0.0,1.0,,,,,,,,,,,,,,,95.18032258064515,4.668709677419354,,,,,49.37204309956151,28.821344587193405,,0.3,43.206833545851076,,,,6.890523083263936,50.09735662911501,,
108.83435483870969,7.495645161290323,11835.666666666666,2996353.6666666665,733.2,49.734801317671966,93.25170363895614,6.963134344615677,5.886845932739338,62.05730269247305,COP,2022Q2,16728000000.0,55.99147326627693,38.95304231947641,10.875050710734818,10.377697317326623,,690.8950373473426,,38.95304231947641,10.875050710734818,10.377697317326623,,50.0,,0.0,1.0,10.875050710734818,10.377697317326623,,50.0,,,,,,,7.0,,,,108.83435483870969,7.495645161290323,,0.9338755836722398,,11.238547640433913,49.734801317671966,93.25170363895614,,0.3,62.789872014057224,,,,6.586433400458958,69.37630541451618,,49.93436053340705
108.83435483870969,7.495645161290323,11835.666666666666,2996353.6666666665,733.2,49.734801317671966,93.25170363895614,6.963134344615677,5.886845932739338,62.05730269247305,DVN,2022Q2,5796000000.0,61.9335022637045,67.44138503574352,6.257516371724359,-1.3180631044914208,-8.456156465773173,1.069528911674795,,67.44138503574352,6.257516371724359,-1.3180631044914208,-8.456156465773173,1.069528911674795,,0.0,0.0,0.0,-0.0,-0.0,0.0,,,,,,35258.0,110000.0,,,,108.83435483870969,7.495645161290323,2.0,3.0,217.66870967741937,22.48693548387097,-592.073524682858,-939.559552815471,,0.3,-696.3193331226419,,,,6.586433400458958,-100.0,100.0,200.0
108.83435483870969,7.495645161290323,11835.666666666666,2996353.6666666665,733.2,49.734801317671966,93.25170363895614,6.963134344615677,5.886845932739338,62.05730269247305,EOG,2022Q2,,,,5.187784607172268,-0.7141887239555762,-28.88606229712252,,,,5.187784607172268,-0.7141887239555762,-28.88606229712252,,,0.0,0.0,0.0,-0.0,-0.0,,,,,,,,,,,,108.83435483870969,7.495645161290323,,,,,49.734801317671966,93.25170363895614,,0.3,62.789872014057224,,,,6.586433400458958,69.37630541451618,,
108.83435483870969,7.495645161290323,11835.666666666666,2996353.6666666665,733.2,49.734801317671966,93.25170363895614,6.963134344615677,5.886845932739338,62.05730269247305,FANG,2022Q2,2752000000.0,50.130231630244026,71.21631771888516,5.892232973534761,3.64729283857098,-25.185040578268246,7.844035402374823,,71.21631771888516,5.892232973534761,3.64729283857098,-25.185040578268246,7.844035402374823,,0.0,0.0,0.0,0.0,-0.0,0.0,,,,,,,,,,,108.83435483870969,7.495645161290323,,,,,49.734801317671966,93.25170363895614,,0.3,62.789872014057224,,,,6.586433400458958,69.37630541451618,,
93.0640625,8.02671875,12190.666666666666,3088981.6666666665,721.9,27.66054841072409,61.16306178309667,3.805992600709325,4.828736820717879,63.20413036208865,COP,2022Q3,15968000000.0,34.348575187749496,55.99147326627693,9.264225096042468,10.345631804487756,,-4.4614263057622745,,55.99147326627693,9.264225096042468,10.345631804487756,,-4.4614263057622745,,0.0,1.0,9.264225096042468,10.345631804487756,,-4.4614263057622745,,,,,,,,,,,93.0640625,8.02671875,,,,7.495956657629161,27.66054841072409,61.16306178309667,,0.3,37.711302422435864,,,,4.163953077712319,41.875255500148185,,-6.612441632776022
93.0640625,8.02671875,12190.666666666666,3088981.6666666665,721.9,27.66054841072409,61.16306178309667,3.805992600709325,4.828736820717879,63.20413036208865,DVN,2022Q3,5184000000.0,31.03127690428619,61.9335022637045,14.491662081563137,-0.5016181067898154,-0.6325717305685222,-2.863797818752912,0.0,61.9335022637045,14.491662081563137,-0.5016181067898154,-0.6325717305685222,-2.863797818752912,0.0,0.0,0.0,0.0,-0.0,-0.0,-0.0,0.0,,,,,,,,,,93.0640625,8.02671875,,,186.128125,24.08015625,27.66054841072409,61.16306178309667,,0.3,37.711302422435864,,,,4.163953077712319,41.875255500148185,100.0,200.0
93.0640625,8.02671875,12190.666666666666,3088981.6666666665,721.9,27.66054841072409,61.16306178309667,3.805992600709325,4.828736820717879,63.20413036208865,EOG,2022Q3,,,,3.3432416299829515,0.653847145601255,-28.912497950346083,,,,3.3432416299829515,0.653847145601255,-28.912497950346083,,,0.0,0.0,0.0,0.0,-0.0,,,,,,,,,,,,93.0640625,8.02671875,,,,,27.66054841072409,61.16306178309667,,0.3,37.711302422435864,,,,4.163953077712319,41.875255500148185,,
93.0640625,8.02671875,12190.666666666666,3088981.6666666665,721.9,27.66054841072409,61.16306178309667,3.805992600709325,4.828736820717879,63.20413036208865,FANG,2022Q3,2417000000.0,24.22534107684688,50.130231630244026,4.863024860450924,4.547543372342886,-30.947581113003075,-2.482935547183999,,50.130231630244026,4.863024860450924,4.547543372342886,-30.947581113003075,-2.482935547183999,,0.0,0.0,0.0,0.0,-0.0,-0.0,,,,,,,,,,,93.0640625,8.02671875,,,,,27.66054841072409,61.16306178309667,,0.3,37.711302422435864,,,,4.163953077712319,41.875255500148185,,
82.84,5.54516129032258,12379.0,3109763.333333333,582.2,6.886395328701281,15.404618870163777,8.181475697463824,5.689425226790157,50.241120071442005,COP,2022Q4,13847000000.0,2.9684469124802733,34.348575187749496,8.27633476634159,11.618042248560691,,-5.111846180234058,,34.348575187749496,8.27633476634159,11.618042248560691,,-5.111846180234058,,0.0,1.0,8.27633476634159,11.618042248560691,,-5.111846180234058,,,,,,,,,,,82.84,5.54516129032258,,,,,6.886395328701281,15.404618870163777,,0.3,9.44186239114003,,,,7.3092580327280405,16.75112042386807,,
82.84,5.54516129032258,12379.0,3109763.333333333,582.2,6.886395328701281,15.404618870163777,8.181475697463824,5.689425226790157,50.241120071442005,DVN,2022Q4,4352000000.0,2.348126017698841,31.03127690428619,11.218996979407525,16.55683937351892,-4.666672709772256,-3.3235687436158554,0.0,31.03127690428619,11.218996979407525,16.55683937351892,-4.666672709772256,-3.3235687436158554,0.0,0.0,0.0,0.0,0.0,-0.0,-0.0,0.0,,,,,,,,,,82.84,5.54516129032258,,,,,6.886395328701281,15.404618870163777,,0.3,9.44186239114003,,,,7.3092580327280405,16.75112042386807,,
82.84,5.54516129032258,12379.0,3109763.333333333,582.2,6.886395328701281,15.404618870163777,8.181475697463824,5.689425226790157,50.241120071442005,EOG,2022Q4,6719000000.0,10.587328952751973,,8.542514523551564,1.929074843195496,-28.95871477528705,,,,8.542514523551564,1.929074843195496,-28.95871477528705,,,0.0,0.0,0.0,0.0,-0.0,,,,,,,,,,,,82.84,5.54516129032258,,,,,6.886395328701281,15.404618870163777,,0.3,9.44186239114003,,,,7.3092580327280405,16.75112042386807,,
82.84,5.54516129032258,12379.0,3109763.333333333,582.2,6.886395328701281,15.404618870163777,8.181475697463824,5.689425226790157,50.241120071442005,FANG,2022Q4,2008000000.0,-0.1492908961032177,24.22534107684688,5.181659045810131,7.0794638488944965,-25.860239610680768,-3.7260276858804926,,24.22534107684688,5.181659045810131,7.0794638488944965,-25.860239610680768,-3.7260276858804926,,0.0,0.0,0.0,0.0,-0.0,-0.0,,,,,,,,,,,82.84,5.54516129032258,,,,,6.886395328701281,15.404618870163777,,0.3,9.44186239114003,,,,7.3092580327280405,16.75112042386807,,
75.90524590163935,2.6406451612903226,12709.333333333334,3068715.0,496.5,-22.628742687457176,-56.98594665852561,5.155268066406916,3.199532633779008,7.025735024216371,COP,2023Q1,11964000000.0,-19.26602161735191,2.9684469124802733,,,,,,2.9684469124802733,,,,,,0.0,0.0,,,,,,,,,,,16.0,,,,75.90524590163935,2.6406451612903226,,3.0,,,-22.628742687457176,-56.98594665852561,,0.3,-32.93590387877771,,,,4.470760664987148,-28.46514321379056,,
75.90524590163935,2.6406451612903226,12709.333333333334,3068715.0,496.5,-22.628742687457176,-56.98594665852561,5.155268066406916,3.199532633779008,7.025735024216371,DVN,2023Q1,3759000000.0,-17.881270334154266,2.348126017698841,,,,,,2.348126017698841,,,,,,0.0,0.0,,,,,,,,,,83329.0,57309.0,,,,75.90524590163935,2.6406451612903226,2.0,3.0,,,-22.628742687457176,-56.98594665852561,,0.3,-32.93590387877771,,,,4.470760664987148,-28.46514321379056,,
75.90524590163935,2.6406451612903226,12709.333333333334,3068715.0,496.5,-22.628742687457176,-56.98594665852561,5.155268066406916,3.199532633779008,7.025735024216371,EOG,2023Q1,,,10.587328952751973,,,,,,10.587328952751973,,,,,,0.0,0.0,,,,,,,,,,,,,,,75.90524590163935,2.6406451612903226,,,,,-22.628742687457176,-56.98594665852561,,0.3,-32.93590387877771,,,,4.470760664987148,-28.46514321379056,,
75.90524590163935,2.6406451612903226,12709.333333333334,3068715.0,496.5,-22.628742687457176,-56.98594665852561,5.155268066406916,3.199532633779008,7.025735024216371,FANG,2023Q1,1902000000.0,-22.796890422047387,-0.1492908961032177,,,,,,-0.1492908961032177,,,,,,0.0,0.0,,,,,,,,,,,,,,,75.90524590163935,2.6406451612903226,,,,,-22.628742687457176,-56.98594665852561,,0.3,-32.93590387877771,,,,4.470760664987148,-28.46514321379056,,
73.53887096774193,2.1620967741935484,12751.0,3106982.333333333,427.3,-39.20129228375654,-124.3243727104413,9.121659765260828,6.0043005669508815,-15.181735983850498,COP,2023Q2,11015000000.0,-41.7825981872026,-19.26602161735191,-2.021189352657002,0.6906573256046891,,-6.481005237001702,,-19.26602161735191,-2.021189352657002,0.6906573256046891,,-6.481005237001702,,0.0,0.0,-0.0,0.0,,-0.0,,,,,,,16.0,,,,73.53887096774193,2.1620967741935484,,3.0,,6.486290322580645,-39.20129228375654,-7.621938075032684,,0.3,-29.72748602113938,,,,8.030584045852347,-21.696901975287034,,200.0
73.53887096774193,2.1620967741935484,12751.0,3106982.333333333,427.3,-39.20129228375654,-124.3243727104413,9.121659765260828,6.0043005669508815,-15.181735983850498,DVN,2023Q2,3530000000.0,-49.58701535132305,-17.881270334154266,7.269007224570198,20.560980894429782,-4.682177356108816,-1.6858636824416653,,-17.881270334154266,7.269007224570198,20.560980894429782,-4.682177356108816,-1.6858636824416653,,0.0,0.0,0.0,0.0,-0.0,-0.0,,,,,,83329.0,57309.0,,,,73.53887096774193,2.1620967741935484,2.0,3.0,147.07774193548386,6.486290322580645,-547.9486429158402,-973.8544876469566,,0.3,-675.7203963351751,,,,8.030584045852347,-100.0,100.0,200.0
73.53887096774193,2.1620967741935484,12751.0,3106982.333333333,427.3,-39.20129228375654,-124.3243727104413,9.121659765260828,6.0043005669508815,-15.181735983850498,EOG,2023Q2,,,,7.404609810114855,6.003335966128041,-0.762860466638227,,,,7.404609810114855,6.003335966128041,-0.762860466638227,,,0.0,0.0,0.0,0.0,-0.0,,,,,,,,,,,,73.53887096774193,2.1620967741935484,,,,,-39.20129228375654,-124.3243727104413,,0.3,-64.73821641176197,,,,8.030584045852347,-56.70763236590962,,
73.53887096774193,2.1620967741935484,12751.0,3106982.333333333,427.3,-39.20129228375654,-124.3243727104413,9.121659765260828,6.0043005669508815,-15.181735983850498,FANG,2023Q2,1896000000.0,-37.25815162382672,-22.796890422047387,16.7634194175102,18.95752055726769,18.03666343682295,2.460401177236998,,-22.796890422047387,16.7634194175102,18.95752055726769,18.03666343682295,2.460401177236998,,0.0,0.0,0.0,0.0,0.0,0.0,,,,,,,,,,,73.53887096774193,2.1620967741935484,,,,,-39.20129228375654,-124.3243727104413,,0.3,-64.73821641176197,,,,8.030584045852347,-56.70763236590962,,
82.25031746031746,2.5898412698412696,13029.666666666666,3163700.333333333,473.2,-12.352085075714648,-113.11792324810092,7.44921284275849,3.625583933756768,-53.99321733155706,COP,2023Q3,12599000000.0,-23.696927384061546,-41.7825981872026,-4.461235794821543,2.230897401882626,,-6.597528928231826,,-41.7825981872026,-4.461235794821543,2.230897401882626,,-6.597528928231826,,0.0,0.0,-0.0,0.0,,-0.0,,,,,,,,,,,82.25031746031746,2.5898412698412696,,,,7.769523809523809,-12.352085075714648,-113.11792324810092,,0.3,-42.581836527430525,,,,6.110942724607887,-36.47089380282264,,200.0
82.25031746031746,2.5898412698412696,13029.666666666666,3163700.333333333,473.2,-12.352085075714648,-113.11792324810092,7.44921284275849,3.625583933756768,-53.99321733155706,DVN,2023Q3,4030000000.0,-25.181058309138194,-49.58701535132305,0.6917469419559913,21.6331544917254,-4.624735434852678,-2.320289707966387,0.0,-49.58701535132305,0.6917469419559913,21.6331544917254,-4.624735434852678,-2.320289707966387,0.0,0.0,0.0,0.0,0.0,-0.0,-0.0,0.0,,,,,,,,,,82.25031746031746,2.5898412698412696,,,164.50063492063492,7.769523809523809,-12.352085075714648,-113.11792324810092,,0.3,-42.581836527430525,,,,6.110942724607887,-36.47089380282264,100.0,200.0
82.25031746031746,2.5898412698412696,13029.666666666666,3163700.333333333,473.2,-12.352085075714648,-113.11792324810092,7.44921284275849,3.625583933756768,-53.99321733155706,EOG,2023Q3,,,,8.414274451453585,6.907375473203126,-0.7642677864970715,,,,8.414274451453585,6.907375473203126,-0.7642677864970715,,,0.0,0.0,0.0,0.0,-0.0,,,,,,,,,,,,82.25031746031746,2.5898412698412696,,,,,-12.352085075714648,-113.11792324810092,,0.3,-42.581836527430525,,,,6.110942724607887,-36.47089380282264,,
82.25031746031746,2.5898412698412696,13029.666666666666,3163700.333333333,473.2,-12.352085075714648,-113.11792324810092,7.44921284275849,3.625583933756768,-53.99321733155706,FANG,2023Q3,2340000000.0,-3.2376172351735857,-37.25815162382672,16.255944385958866,16.27177959596017,19.181165427684764,2.1309530706767643,,-37.25815162382672,16.255944385958866,16.27177959596017,19.181165427684764,2.1309530706767643,,0.0,0.0,0.0,0.0,0.0,0.0,,,,,,,,,,,82.25031746031746,2.5898412698412696,,,,,-12.352085075714648,-113.11792324810092,,0.3,-42.581836527430525,,,,6.110942724607887,-36.47089380282264,,
78.52672131147541,2.740806451612903,13275.333333333334,3211415.0,473.7,-5.347207078927442,-70.46735054027347,6.65581771851798,2.390085520361973,-42.236849304088366,COP,2023Q4,12944000000.0,-6.743624235644101,-23.696927384061546,-1.2584521584523378,2.9220396091614957,,-5.625933684857679,,-23.696927384061546,-1.2584521584523378,2.9220396091614957,,-5.625933684857679,,0.0,0.0,-0.0,0.0,,-0.0,,,,,,,,,,,78.52672131147541,2.740806451612903,,,,,-5.347207078927442,-70.46735054027347,,0.3,-24.88325011733125,,,,5.162811449163378,-19.720438668167873,,
78.52672131147541,2.740806451612903,13275.333333333334,3211415.0,473.7,-5.347207078927442,-70.46735054027347,6.65581771851798,2.390085520361973,-42.236849304088366,DVN,2023Q4,3821000000.0,-13.012334108887863,-25.181058309138194,2.862239826512885,6.72641070101911,-8.783335918715581,-1.8605187831034469,0.0,-25.181058309138194,2.862239826512885,6.72641070101911,-8.783335918715581,-1.8605187831034469,0.0,0.0,0.0,0.0,0.0,-0.0,-0.0,0.0,,,,,,,,,,78.52672131147541,2.740806451612903,,,,,-5.347207078927442,-70.46735054027347,,0.3,-24.88325011733125,,,,5.162811449163378,-19.720438668167873,,
78.52672131147541,2.740806451612903,13275.333333333334,3211415.0,473.7,-5.347207078927442,-70.46735054027347,6.65581771851798,2.390085520361973,-42.236849304088366,EOG,2023Q4,6357000000.0,-5.538276598374115,,7.515361647075279,8.62694319998888,-0.7921879295026367,,,,7.515361647075279,8.62694319998888,-0.7921879295026367,,,0.0,0.0,0.0,0.0,-0.0,,,,,,,,,,,,78.52672131147541,2.740806451612903,,,,,-5.347207078927442,-70.46735054027347,,0.3,-24.88325011733125,,,,5.162811449163378,-19.720438668167873,,
78.52672131147541,2.740806451612903,13275.333333333334,3211415.0,473.7,-5.347207078927442,-70.46735054027347,6.65581771851798,2.390085520361973,-42.236849304088366,FANG,2023Q4,2228000000.0,10.396512023555474,-3.2376172351735857,16.24623075030507,14.67466572765949,15.284067683276724,2.528455169469105,,-3.2376172351735857,16.24623075030507,14.67466572765949,15.284067683276724,2.528455169469105,,0.0,0.0,0.0,0.0,0.0,0.0,,,,,,,,,,,78.52672131147541,2.740806451612903,,,,,-5.347207078927442,-70.46735054027347,,0.3,-24.88325011733125,,,,5.162811449163378,-19.720438668167873,,
77.56516666666667,2.147377049180328,12945.333333333334,3119603.0,454.4,2.163264527264129,-20.677614634286435,6.9906188118700445,3.2165025293748104,-20.62398213818168,COP,2024Q1,12307000000.0,2.826606542249798,-6.743624235644101,,,,,,-6.743624235644101,,,,,,0.0,0.0,,,,,,,,,,,14.0,,,,77.56516666666667,2.147377049180328,,3.0,,,2.163264527264129,-20.677614634286435,,0.3,-4.6889992212010405,,,,5.669678112996713,0.9806788917956721,,
77.56516666666667,2.147377049180328,12945.333333333334,3119603.0,454.4,2.163264527264129,-20.677614634286435,6.9906188118700445,3.2165025293748104,-20.62398213818168,DVN,2024Q1,3741000000.0,-0.4800009216031893,-13.012334108887863,,,,,,-13.012334108887863,,,,,,0.0,0.0,,,,,,,,,,992.0,244935.0,,,,77.56516666666667,2.147377049180328,2.0,3.0,,,2.163264527264129,-20.677614634286435,,0.3,-4.6889992212010405,,,,5.669678112996713,0.9806788917956721,,
77.56516666666667,2.147377049180328,12945.333333333334,3119603.0,454.4,2.163264527264129,-20.677614634286435,6.9906188118700445,3.2165025293748104,-20.62398213818168,EOG,2024Q1,,,-5.538276598374115,,,,,,-5.538276598374115,,,,,,0.0,0.0,,,,,,,,,,,,,,,77.56516666666667,2.147377049180328,,,,,2.163264527264129,-20.677614634286435,,0.3,-4.6889992212010405,,,,5.669678112996713,0.9806788917956721,,
77.56516666666667,2.147377049180328,12945.333333333334,3119603.0,454.4,2.163264527264129,-20.677614634286435,6.9906188118700445,3.2165025293748104,-20.62398213818168,FANG,2024Q1,2227000000.0,15.774942415203205,10.396512023555474,,,,,,10.396512023555474,,,,,,0.0,0.0,,,,,,,,,,,,,,,77.56516666666667,2.147377049180328,,,,,2.163264527264129,-20.677614634286435,,0.3,-4.6889992212010405,,,,5.669678112996713,0.9806788917956721,,
81.73564516129032,2.063650793650793,13274.0,3089750.0,466.4,10.56760768742219,-4.660183545433216,1.83987311515121,1.6446842935157877,-8.860561607828576,COP,2024Q2,12660000000.0,13.918943646172377,2.826606542249798,4.183940091274374,7.139485970300338,,-3.5286706367947187,,2.826606542249798,4.183940091274374,7.139485970300338,,-3.5286706367947187,,0.0,0.0,0.0,0.0,,-0.0,,,,,,,14.0,,,,81.73564516129032,2.063650793650793,,3.0,,6.190952380952379,10.56760768742219,-94.94997893891272,,0.3,-21.087668300478285,,,,1.7715570275788122,-19.316111272899473,,200.0
81.73564516129032,2.063650793650793,13274.0,3089750.0,466.4,10.56760768742219,-4.660183545433216,1.83987311515121,1.6446842935157877,-8.860561607828576,DVN,2024Q2,3894000000.0,9.81390360048025,-0.4800009216031893,6.440507927132201,5.613169196433962,-8.567256068560695,-2.345690035404309,,-0.4800009216031893,6.440507927132201,5.613169196433962,-8.567256068560695,-2.345690035404309,,0.0,0.0,0.0,0.0,-0.0,-0.0,,,,,,992.0,244935.0,,,,81.73564516129032,2.063650793650793,2.0,3.0,163.47129032258064,6.190952380952379,-623.3914526262719,-913.3124025581108,,0.3,-710.3677376058235,,,,1.7715570275788122,-100.0,100.0,200.0
81.73564516129032,2.063650793650793,13274.0,3089750.0,466.4,10.56760768742219,-4.660183545433216,1.83987311515121,1.6446842935157877,-8.860561607828576,EOG,2024Q2,,,,8.793721274429256,9.023495288201392,-0.7953382327825935,,,,8.793721274429256,9.023495288201392,-0.7953382327825935,,,0.0,0.0,0.0,0.0,-0.0,,,,,,,,,,,,81.73564516129032,2.063650793650793,,,,,10.56760768742219,-4.660183545433216,,0.3,5.999270317565567,,,,1.7715570275788122,7.7708273451443794,,
81.73564516129032,2.063650793650793,13274.0,3089750.0,466.4,10.56760768742219,-4.660183545433216,1.83987311515121,1.6446842935157877,-8.860561607828576,FANG,2024Q2,2483000000.0,26.97211026931995,15.774942415203205,7.339314621965036,5.749803894934598,-4.728769631744631,-1.948100946011056,,15.774942415203205,7.339314621965036,5.749803894934598,-4.728769631744631,-1.948100946011056,,0.0,0.0,0.0,0.0,-0.0,-0.0,,,,,,,,,,,81.73564516129032,2.063650793650793,,,,,10.56760768742219,-4.660183545433216,,0.3,5.999270317565567,,,,1.7715570275788122,7.7708273451443794,,
76.4275,2.10890625,13264.666666666666,3163448.333333333,454.3,-7.342467028709938,-20.542713989630617,4.0197534822328285,-0.5561762821852778,8.75572923863033,COP,2024Q3,11703000000.0,-7.377222653586352,13.918943646172377,6.887456751927791,7.040156326531139,,-3.304250987446094,,13.918943646172377,6.887456751927791,7.040156326531139,,-3.304250987446094,,0.0,0.0,0.0,0.0,,-0.0,,,,,,,,,,,76.4275,2.10890625,,,,6.3267187499999995,-7.342467028709938,-20.542713989630617,,0.3,-11.302541116986141,,,,2.4181780646864914,-8.88436305229965,,200.0
76.4275,2.10890625,13264.666666666666,3163448.333333333,454.3,-7.342467028709938,-20.542713989630617,4.0197534822328285,-0.5561762821852778,8.75572923863033,DVN,2024Q3,3797000000.0,-5.955509470892636,9.81390360048025,7.45238259748678,5.303722933215012,-8.522985574753191,-1.7364287909336154,0.0,9.81390360048025,7.45238259748678,5.303722933215012,-8.522985574753191,-1.7364287909336154,0.0,0.0,0.0,0.0,0.0,-0.0,-0.0,0.0,,,,,,,,,,76.4275,2.10890625,,,152.855,6.3267187499999995,-7.342467028709938,-20.542713989630617,,0.3,-11.302541116986141,,,,2.4181780646864914,-8.88436305229965,100.0,200.0
76.4275,2.10890625,13264.666666666666,3163448.333333333,454.3,-7.342467028709938,-20.542713989630617,4.0197534822328285,-0.5561762821852778,8.75572923863033,EOG,2024Q3,5965000000.0,,,8.624779422235857,8.475497795616596,-15.106901328985025,,,,8.624779422235857,8.475497795616596,-15.106901328985025,,,0.0,0.0,0.0,0.0,-0.0,,,,,,,,,,,,76.4275,2.10890625,,,,,-7.342467028709938,-20.542713989630617,,0.3,-11.302541116986141,,,,2.4181780646864914,-8.88436305229965,,
76.4275,2.10890625,13264.666666666666,3163448.333333333,454.3,-7.342467028709938,-20.542713989630617,4.0197534822328285,-0.5561762821852778,8.75572923863033,FANG,2024Q3,2645000000.0,12.252013594065264,26.97211026931995,25.60397767073324,7.483775721188817,60.48428167997015,-1.12229492621986,,26.97211026931995,25.60397767073324,7.483775721188817,50.0,-1.12229492621986,,1.0,1.0,25.60397767073324,7.483775721188817,50.0,-1.12229492621986,,,,,,,,,,,76.4275,2.10890625,,,,,-7.342467028709938,-20.542713989630617,,0.3,-11.302541116986141,,,,2.4181780646864914,-8.88436305229965,,
70.8125,2.441904761904762,13454.333333333334,3202176.0,448.9,-10.340342694988388,-11.547382761193091,1.7875049669696348,-0.0079656734307824,-4.076035933887402,COP,2024Q4,12748000000.0,-1.5257963761045874,-7.377222653586352,3.2027954254462414,7.581811022515812,,-2.9962898113801906,,-7.377222653586352,3.2027954254462414,7.581811022515812,,-2.9962898113801906,,1.0,1.0,3.2027954254462414,7.581811022515812,,-2.9962898113801906,,,,,,,,,,,70.8125,2.441904761904762,,,,,-10.340342694988388,-11.547382761193091,,0.3,-10.702454714849798,,,,1.159090242829489,-9.54336447202031,,
70.8125,2.441904761904762,13454.333333333334,3202176.0,448.9,-10.340342694988388,-11.547382761193091,1.7875049669696348,-0.0079656734307824,-4.076035933887402,DVN,2024Q4,4487000000.0,16.067215852908348,-5.955509470892636,22.188042975039675,27.08045936626374,44.81813426647146,-2.535793559008169,0.0,-5.955509470892636,22.188042975039675,27.08045936626374,44.81813426647146,-2.535793559008169,0.0,0.0,0.0,0.0,0.0,0.0,-0.0,0.0,,,,,,,,,,70.8125,2.441904761904762,,,,,-10.340342694988388,-11.547382761193091,,0.3,-10.702454714849798,,,,1.159090242829489,-9.54336447202031,,
70.8125,2.441904761904762,13454.333333333334,3202176.0,448.9,-10.340342694988388,-11.547382761193091,1.7875049669696348,-0.0079656734307824,-4.076035933887402,EOG,2024Q4,5585000000.0,-12.947213543310763,,5.5784077785114565,7.301758725700681,-0.7985136919313187,,,,5.5784077785114565,7.301758725700681,-0.7985136919313187,,,0.0,0.0,0.0,0.0,-0.0,,,,,,,,,,,,70.8125,2.441904761904762,,,,,-10.340342694988388,-11.547382761193091,,0.3,-10.702454714849798,,,,1.159090242829489,-9.54336447202031,,
70.8125,2.441904761904762,13454.333333333334,3202176.0,448.9,-10.340342694988388,-11.547382761193091,1.7875049669696348,-0.0079656734307824,-4.076035933887402,FANG,2024Q4,3711000000.0,51.0197060013423,12.252013594065264,85.18610619311669,91.06053715450166,64.90929750246332,13.502157161698484,,12.252013594065264,50.0,50.0,50.0,13.502157161698484,,0.0,1.0,50.0,50.0,50.0,13.502157161698484,,,,,,,,,,,70.8125,2.441904761904762,,,,,-10.340342694988388,-11.547382761193091,,0.3,-10.702454714849798,,,,1.159090242829489,-9.54336447202031,,
71.78333333333333,4.143606557377049,13277.666666666666,3165190.0,502.4,-7.746612041744536,65.73194374956968,1.339355840732396,-0.28810712721618,-5.377406414181965,COP,2025Q1,14479000000.0,16.253111760908503,-1.5257963761045874,,,,,,-1.5257963761045874,,,,,,0.0,1.0,,,,,,,,,,,15.0,,,,71.78333333333333,4.143606557377049,,3.0,,,-7.746612041744536,65.73194374956968,,0.3,14.296954695649731,,,,0.7697438019503944,15.066698497600125,,
71.78333333333333,4.143606557377049,13277.666666666666,3165190.0,502.4,-7.746612041744536,65.73194374956968,1.339355840732396,-0.28810712721618,-5.377406414181965,DVN,2025Q1,4550000000.0,19.577427759684998,16.067215852908348,,,,,,16.067215852908348,,,,,,0.0,0.0,,,,,,,,,,10985.0,296167.0,,,,71.78333333333333,4.143606557377049,2.0,3.0,,,-7.746612041744536,65.73194374956968,,0.3,14.296954695649731,,,,0.7697438019503944,15.066698497600125,,
71.78333333333333,4.143606557377049,13277.666666666666,3165190.0,502.4,-7.746612041744536,65.73194374956968,1.339355840732396,-0.28810712721618,-5.377406414181965,EOG,2025Q1,5669000000.0,,-12.947213543310763,,,,,,-12.947213543310763,,,,,,0.0,0.0,,,,,,,,,,,,,,,71.78333333333333,4.143606557377049,,,,,-7.746612041744536,65.73194374956968,,0.3,14.296954695649731,,,,0.7697438019503944,15.066698497600125,,
71.78333333333333,4.143606557377049,13277.666666666666,3165190.0,502.4,-7.746612041744536,65.73194374956968,1.339355840732396,-0.28810712721618,-5.377406414181965,FANG,2025Q1,4048000000.0,59.75675437099338,51.0197060013423,,,,,,51.0197060013423,,,,,,0.0,1.0,,,,,,,,,,,,,,,71.78333333333333,4.143606557377049,,,,,-7.746612041744536,65.73194374956968,,0.3,14.296954695649731,,,,0.7697438019503944,15.066698497600125,,
64.56725806451612,3.1912903225806453,13507.666666666666,3244056.333333333,443.0,-23.578275880693973,43.594868066744034,2.53480629597067,1.4507335254396898,10.04187477470474,COP,2025Q2,12621000000.0,-0.3085323439536553,16.253111760908503,26.47945011450201,,,7.790020270770208,,16.253111760908503,26.47945011450201,,,7.790020270770208,,0.0,1.0,26.47945011450201,,,7.790020270770208,,,,,,,15.0,,,,64.56725806451612,3.1912903225806453,,3.0,,9.573870967741936,-23.578275880693973,-38.0019716097164,,0.3,-27.905384599400698,,,,2.155380826284827,-25.75000377311587,,200.0
64.56725806451612,3.1912903225806453,13507.666666666666,3244056.333333333,443.0,-23.578275880693973,43.594868066744034,2.53480629597067,1.4507335254396898,10.04187477470474,DVN,2025Q2,4048000000.0,3.878602503515645,19.577427759684998,21.366648502508163,24.74375510719424,39.27999687010701,2.0360922648915176,,19.577427759684998,21.366648502508163,24.74375510719424,39.27999687010701,2.0360922648915176,,0.0,0.0,0.0,0.0,0.0,0.0,,,,,,10985.0,296167.0,,,,64.56725806451612,3.1912903225806453,2.0,3.0,129.13451612903225,9.573870967741936,-203.88684855303035,-1014.9710534686426,,0.3,-447.212110027714,,,,2.155380826284827,-100.0,100.0,200.0
64.56725806451612,3.1912903225806453,13507.666666666666,3244056.333333333,443.0,-23.578275880693973,43.594868066744034,2.53480629597067,1.4507335254396898,10.04187477470474,EOG,2025Q2,5478000000.0,,,4.7645699911126425,4.593993333491678,-8.119677589164311,,,,4.7645699911126425,4.593993333491678,-8.119677589164311,,,0.0,0.0,0.0,0.0,-0.0,,,,,,,,,,,,64.56725806451612,3.1912903225806453,,,,,-23.578275880693973,43.594868066744034,,0.3,-3.426332696462568,,,,2.155380826284827,-1.2709518701777411,,
64.56725806451612,3.1912903225806453,13507.666666666666,3244056.333333333,443.0,-23.578275880693973,43.594868066744034,2.53480629597067,1.4507335254396898,10.04187477470474,FANG,2025Q2,3678000000.0,39.29016196560998,59.75675437099338,85.86273662059479,87.60606284632189,67.31876545475993,48.40823547401785,,59.75675437099338,50.0,50.0,50.0,48.40823547401785,,0.0,1.0,50.0,50.0,50.0,48.40823547401785,,,,,,,,,,,64.56725806451612,3.1912903225806453,,,,,-23.578275880693973,43.594868066744034,,0.3,-3.426332696462568,,,,2.155380826284827,-1.2709518701777411,,
65.77953125,3.0321875,13781.666666666666,3321295.6666666665,444.7,-15.00338643414686,36.31148580759629,1.7450190760337962,4.8734320007201495,-5.147386499114688,COP,2025Q3,13337000000.0,13.069690844762832,-0.3085323439536553,24.46331773473644,,,7.367277510276833,,-0.3085323439536553,24.46331773473644,,,7.367277510276833,,0.0,1.0,24.46331773473644,,,7.367277510276833,,,,,,,,,,,65.77953125,3.0321875,,,,9.096562500000001,-15.00338643414686,36.31148580759629,,0.3,0.3910752383760858,,,,2.83996359967402,3.2310388380501056,,200.0
65.77953125,3.0321875,13781.666666666666,3321295.6666666665,444.7,-15.00338643414686,36.31148580759629,1.7450190760337962,4.8734320007201495,-5.147386499114688,DVN,2025Q3,4251000000.0,11.294296812698777,3.878602503515645,22.11544509249229,23.85412023646204,39.309113062072086,1.2658396871923463,0.0,3.878602503515645,22.11544509249229,23.85412023646204,39.309113062072086,1.2658396871923463,0.0,0.0,0.0,0.0,0.0,0.0,0.0,0.0,,,,,,,,,,65.77953125,3.0321875,,,131.5590625,9.096562500000001,-15.00338643414686,36.31148580759629,,0.3,0.3910752383760858,,,,2.83996359967402,3.2310388380501056,100.0,200.0
65.77953125,3.0321875,13781.666666666666,3321295.6666666665,444.7,-15.00338643414686,36.31148580759629,1.7450190760337962,4.8734320007201495,-5.147386499114688,EOG,2025Q3,5847000000.0,-1.998034635634604,,2.316840964110128,4.97747838123512,6.203539091945269,,,,2.316840964110128,4.97747838123512,6.203539091945269,,,1.0,1.0,2.316840964110128,4.97747838123512,6.203539091945269,,,,,,,,,,,,65.77953125,3.0321875,,,,,-15.00338643414686,36.31148580759629,,0.3,0.3910752383760858,,,,2.83996359967402,3.2310388380501056,,
65.77953125,3.0321875,13781.666666666666,3321295.6666666665,444.7,-15.00338643414686,36.31148580759629,1.7450190760337962,4.8734320007201495,-5.147386499114688,FANG,2025Q3,3924000000.0,39.444047639285394,39.29016196560998,70.24619146679709,93.79230231448535,23.27136383107609,49.34120444351139,,39.29016196560998,50.0,50.0,23.27136383107609,49.34120444351139,,0.0,1.0,50.0,50.0,23.27136383107609,49.34120444351139,,,,,,,,,,,65.77953125,3.0321875,,,,,-15.00338643414686,36.31148580759629,,0.3,0.3910752383760858,,,,2.83996359967402,3.2310388380501056,,
59.615967741935485,3.740333333333333,13770.0,3365360.333333333,428.1,-17.211208546662565,42.63963591256278,3.823534801707389,4.8692290490703325,-2.1357875248706923,COP,2025Q4,11387000000.0,-11.290204272662203,13.069690844762832,23.62793712856365,,,6.978315510285412,,13.069690844762832,23.62793712856365,,,6.978315510285412,,0.0,1.0,23.62793712856365,,,6.978315510285412,,,,,,,,,,,59.615967741935485,3.740333333333333,,,,,-17.211208546662565,42.63963591256278,,0.3,0.7440447911050398,,,,4.189527788284419,4.933572579389459,,
59.615967741935485,3.740333333333333,13770.0,3365360.333333333,428.1,-17.211208546662565,42.63963591256278,3.823534801707389,4.8692290490703325,-2.1357875248706923,DVN,2025Q4,3937000000.0,-13.07653150322459,11.294296812698777,3.1165101097837145,1.3495696381887468,-18.3718299457218,0.958473791298731,0.0,11.294296812698777,3.1165101097837145,1.3495696381887468,-18.3718299457218,0.958473791298731,0.0,0.0,0.0,0.0,0.0,-0.0,0.0,0.0,,,,,,,,,,59.615967741935485,3.740333333333333,,,,,-17.211208546662565,42.63963591256278,,0.3,0.7440447911050398,,,,4.189527788284419,4.933572579389459,,
59.615967741935485,3.740333333333333,13770.0,3365360.333333333,428.1,-17.211208546662565,42.63963591256278,3.823534801707389,4.8692290490703325,-2.1357875248706923,EOG,2025Q4,5638000000.0,0.944496017075686,-1.998034635634604,12.31447084304952,22.144252148797097,71.73051767248596,-4.163497265157734,,-1.998034635634604,12.31447084304952,22.144252148797097,50.0,-4.163497265157734,,0.0,1.0,12.31447084304952,22.144252148797097,50.0,-4.163497265157734,,,,,,,,,,,59.615967741935485,3.740333333333333,,,,,-17.211208546662565,42.63963591256278,,0.3,0.7440447911050398,,,,4.189527788284419,4.933572579389459,,
59.615967741935485,3.740333333333333,13770.0,3365360.333333333,428.1,-17.211208546662565,42.63963591256278,3.823534801707389,4.8692290490703325,-2.1357875248706923,FANG,2025Q4,3376000000.0,-9.460980534474992,39.444047639285394,14.771800917550172,14.006598815121292,28.457400157225493,34.41323928027647,,39.444047639285394,14.771800917550172,14.006598815121292,28.457400157225493,34.41323928027647,,0.0,0.0,0.0,0.0,0.0,0.0,,,,,,,,,,,59.615967741935485,3.740333333333333,,,,,-17.211208546662565,42.63963591256278,,0.3,0.7440447911050398,,,,4.189527788284419,4.933572579389459,,
72.73508196721312,4.707,13580.666666666666,3301021.0,512.0,1.3171503322224671,12.7484204687062,2.319107766486564,4.9704461367523445,-4.744333263698588,COP,2026Q1,13500000000.0,-7.000963835490086,-11.290204272662203,,,,,,-11.290204272662203,,,,,,0.0,0.0,,,,,,,,,,,20.0,,,,72.73508196721312,4.707,,3.0,,,1.3171503322224671,12.7484204687062,,0.3,4.746531373167587,,,,3.247076196079587,7.993607569247174,,
72.73508196721312,4.707,13580.666666666666,3301021.0,512.0,1.3171503322224671,12.7484204687062,2.319107766486564,4.9704461367523445,-4.744333263698588,DVN,2026Q1,4508000000.0,-0.9273636785329216,-13.07653150322459,,,,,,-13.07653150322459,,,,,,0.0,0.0,,,,,,,,,,108698.0,247500.0,,,,72.73508196721312,4.707,2.0,3.0,,,1.3171503322224671,12.7484204687062,,0.3,4.746531373167587,,,,3.247076196079587,7.993607569247174,,
72.73508196721312,4.707,13580.666666666666,3301021.0,512.0,1.3171503322224671,12.7484204687062,2.319107766486564,4.9704461367523445,-4.744333263698588,EOG,2026Q1,6921000000.0,19.95475325175597,0.944496017075686,,,,,,0.944496017075686,,,,,,0.0,1.0,,,,,,,,,,,,,,,72.73508196721312,4.707,,,,,1.3171503322224671,12.7484204687062,,0.3,4.746531373167587,,,,3.247076196079587,7.993607569247174,,
72.73508196721312,4.707,13580.666666666666,3301021.0,512.0,1.3171503322224671,12.7484204687062,2.319107766486564,4.9704461367523445,-4.744333263698588,FANG,2026Q1,4240000000.0,4.634033725870192,-9.460980534474992,,,,,,-9.460980534474992,,,,,,0.0,0.0,,,,,,,,,,,,,,,72.73508196721312,4.707,,,,,1.3171503322224671,12.7484204687062,,0.3,4.746531373167587,,,,3.247076196079587,7.993607569247174,,
95.64967741935484,2.950483870967742,,,,39.29848821752853,-7.845614389186964,2.256378692776051,4.2018729169501485,1.892800988551886,COP,2026Q2,18088000000.0,35.98866416991752,-7.000963835490086,-1.2381777673387018,,,-3.9497627447626646,,-7.000963835490086,-1.2381777673387018,,,-3.9497627447626646,,0.0,0.0,-0.0,,,-0.0,,,,,,,20.0,,,,95.64967741935484,2.950483870967742,,3.0,,8.851451612903226,39.29848821752853,-52.74687314759849,,0.3,11.684879807990422,,,,2.937301671236985,14.622181479227407,,200.0
95.64967741935484,2.950483870967742,,,,39.29848821752853,-7.845614389186964,2.256378692776051,4.2018729169501485,1.892800988551886,DVN,2026Q2,7003000000.0,54.81156966882163,-0.9273636785329216,5.090036929778583,2.036376603174196,-12.79145919829034,-4.27618593380817,,-0.9273636785329216,5.090036929778583,2.036376603174196,-12.79145919829034,-4.27618593380817,,1.0,1.0,5.090036929778583,2.036376603174196,-12.79145919829034,-4.27618593380817,,,,,,108698.0,247500.0,,,,95.64967741935484,2.950483870967742,2.0,3.0,191.2993548387097,8.851451612903226,-405.0446480888856,-1041.8097293774276,,0.3,-596.0741724754482,,,,2.937301671236985,-100.0,100.0,200.0
95.64967741935484,2.950483870967742,,,,39.29848821752853,-7.845614389186964,2.256378692776051,4.2018729169501485,1.892800988551886,EOG,2026Q2,8620000000.0,45.33450138347154,19.95475325175597,12.763412642670517,20.88117253430124,82.4944969745378,-3.327478888487221,,19.95475325175597,12.763412642670517,20.88117253430124,50.0,-3.327478888487221,,0.0,1.0,12.763412642670517,20.88117253430124,50.0,-3.327478888487221,,,,,,,,,,,95.64967741935484,2.950483870967742,,,,,39.29848821752853,-7.845614389186964,,0.3,25.15525743551388,,,,2.937301671236985,28.092559106750866,,
95.64967741935484,2.950483870967742,,,,39.29848821752853,-7.845614389186964,2.256378692776051,4.2018729169501485,1.892800988551886,FANG,2026Q2,5562000000.0,41.35886296296438,4.634033725870192,0.0199791646519615,2.611376516477193,1.1704092297927997,-2.383045103803391,,4.634033725870192,0.0199791646519615,2.611376516477193,1.1704092297927997,-2.383045103803391,,0.0,0.0,0.0,0.0,0.0,-0.0,,,,,,,,,,,95.64967741935484,2.950483870967742,,,,,39.29848821752853,-7.845614389186964,,0.3,25.15525743551388,,,,2.937301671236985,28.092559106750866,,
81.84666666666666,2.8356410256410256,,,,21.853886337521107,-6.701628327985944,2.256378692776051,4.2018729169501485,1.892800988551886,COP,2026Q3,,,35.98866416991752,1.3465325383212383,,,-3.566515119885937,,35.98866416991752,1.3465325383212383,,,-3.566515119885937,,0.0,0.0,0.0,,,-0.0,,,,,,,,,,,81.84666666666666,2.8356410256410256,,,,8.506923076923076,21.853886337521107,-6.701628327985944,,0.3,13.287231937868992,,,,2.937301671236985,16.224533609105976,,200.0
81.84666666666666,2.8356410256410256,,,,21.853886337521107,-6.701628327985944,2.256378692776051,4.2018729169501485,1.892800988551886,DVN,2026Q3,,,54.81156966882163,81.46823272035444,92.1223796121762,16.422722765701316,39.068131192392734,0.0,54.81156966882163,50.0,50.0,16.422722765701316,39.068131192392734,0.0,0.0,1.0,50.0,50.0,16.422722765701316,39.068131192392734,0.0,,,,,,,,,,81.84666666666666,2.8356410256410256,,,163.69333333333333,8.506923076923076,21.853886337521107,-6.701628327985944,,0.3,13.287231937868992,,,,2.937301671236985,16.224533609105976,100.0,200.0
81.84666666666666,2.8356410256410256,,,,21.853886337521107,-6.701628327985944,2.256378692776051,4.2018729169501485,1.892800988551886,EOG,2026Q3,,,45.33450138347154,16.858359783391574,20.115647485846537,82.60457819211832,-3.180810719622561,,45.33450138347154,16.858359783391574,20.115647485846537,50.0,-3.180810719622561,,0.0,1.0,16.858359783391574,20.115647485846537,50.0,-3.180810719622561,,,,,,,,,,,81.84666666666666,2.8356410256410256,,,,,21.853886337521107,-6.701628327985944,,0.3,13.287231937868992,,,,2.937301671236985,16.224533609105976,,
81.84666666666666,2.8356410256410256,,,,21.853886337521107,-6.701628327985944,2.256378692776051,4.2018729169501485,1.892800988551886,FANG,2026Q3,,,41.35886296296438,-2.424165022279914,-3.6136018987528025,-31.20748865221461,-3.814275190763936,,41.35886296296438,-2.424165022279914,-3.6136018987528025,-31.20748865221461,-3.814275190763936,,0.0,0.0,-0.0,-0.0,-0.0,-0.0,,,,,,,,,,,81.84666666666666,2.8356410256410256,,,,,21.853886337521107,-6.701628327985944,,0.3,13.287231937868992,,,,2.937301671236985,16.224533609105976,,
