as_of_date,ticker,target_period,provider,metric,value,source_path,source_hash,created_at
2026-07-31,AR,2029Q4,FMP,REVENUE_USD,1742261317.0,D:\Programming\python_example\Arcana\data-lake\bronze\consensus\fmp\analyst-estimates\period=quarter\snapshot_date=2026-07-31\ticker=AR.json,97bc88f9b1d5a77b00d784ac0c77076cc1296cfc8f8d732ac7496ba4c97c7fc1,2026-09-02T16:40:54+00:00
2026-07-31,AR,2029Q3,FMP,REVENUE_USD,1728551758.0,D:\Programming\python_example\Arcana\data-lake\bronze\consensus\fmp\analyst-estimates\period=quarter\snapshot_date=2026-07-31\ticker=AR.json,97bc88f9b1d5a77b00d784ac0c77076cc1296cfc8f8d732ac7496ba4c97c7fc1,2026-09-02T16:40:54+00:00
2026-07-31,AR,2029Q2,FMP,REVENUE_USD,1714950077.0,D:\Programming\python_example\Arcana\data-lake\bronze\consensus\fmp\analyst-estimates\period=quarter\snapshot_date=2026-07-31\ticker=AR.json,97bc88f9b1d5a77b00d784ac0c77076cc1296cfc8f8d732ac7496ba4c97c7fc1,2026-09-02T16:40:54+00:00
2026-07-31,AR,2029Q1,FMP,REVENUE_USD,1701455426.0,D:\Programming\python_example\Arcana\data-lake\bronze\consensus\fmp\analyst-estimates\period=quarter\snapshot_date=2026-07-31\ticker=AR.json,97bc88f9b1d5a77b00d784ac0c77076cc1296cfc8f8d732ac7496ba4c97c7fc1,2026-09-02T16:40:54+00:00
2026-07-31,AR,2028Q4,FMP,REVENUE_USD,1834764582.0,D:\Programming\python_example\Arcana\data-lake\bronze\consensus\fmp\analyst-estimates\period=quarter\snapshot_date=2026-07-31\ticker=AR.json,97bc88f9b1d5a77b00d784ac0c77076cc1296cfc8f8d732ac7496ba4c97c7fc1,2026-09-02T16:40:54+00:00
2026-07-31,AR,2028Q3,FMP,REVENUE_USD,1745131914.0,D:\Programming\python_example\Arcana\data-lake\bronze\consensus\fmp\analyst-estimates\period=quarter\snapshot_date=2026-07-31\ticker=AR.json,97bc88f9b1d5a77b00d784ac0c77076cc1296cfc8f8d732ac7496ba4c97c7fc1,2026-09-02T16:40:54+00:00
2026-07-31,AR,2028Q2,FMP,REVENUE_USD,1669956287.0,D:\Programming\python_example\Arcana\data-lake\bronze\consensus\fmp\analyst-estimates\period=quarter\snapshot_date=2026-07-31\ticker=AR.json,97bc88f9b1d5a77b00d784ac0c77076cc1296cfc8f8d732ac7496ba4c97c7fc1,2026-09-02T16:40:54+00:00
2026-07-31,AR,2028Q1,FMP,REVENUE_USD,1793475157.0,D:\Programming\python_example\Arcana\data-lake\bronze\consensus\fmp\analyst-estimates\period=quarter\snapshot_date=2026-07-31\ticker=AR.json,97bc88f9b1d5a77b00d784ac0c77076cc1296cfc8f8d732ac7496ba4c97c7fc1,2026-09-02T16:40:54+00:00
2026-07-31,AR,2027Q4,FMP,REVENUE_USD,1746415297.0,D:\Programming\python_example\Arcana\data-lake\bronze\consensus\fmp\analyst-estimates\period=quarter\snapshot_date=2026-07-31\ticker=AR.json,97bc88f9b1d5a77b00d784ac0c77076cc1296cfc8f8d732ac7496ba4c97c7fc1,2026-09-02T16:40:54+00:00
2026-07-31,AR,2027Q3,FMP,REVENUE_USD,1637019498.0,D:\Programming\python_example\Arcana\data-lake\bronze\consensus\fmp\analyst-estimates\period=quarter\snapshot_date=2026-07-31\ticker=AR.json,97bc88f9b1d5a77b00d784ac0c77076cc1296cfc8f8d732ac7496ba4c97c7fc1,2026-09-02T16:40:54+00:00
2026-07-31,AR,2027Q2,FMP,REVENUE_USD,1561027494.0,D:\Programming\python_example\Arcana\data-lake\bronze\consensus\fmp\analyst-estimates\period=quarter\snapshot_date=2026-07-31\ticker=AR.json,97bc88f9b1d5a77b00d784ac0c77076cc1296cfc8f8d732ac7496ba4c97c7fc1,2026-09-02T16:40:54+00:00
2026-07-31,AR,2027Q1,FMP,REVENUE_USD,1697350534.0,D:\Programming\python_example\Arcana\data-lake\bronze\consensus\fmp\analyst-estimates\period=quarter\snapshot_date=2026-07-31\ticker=AR.json,97bc88f9b1d5a77b00d784ac0c77076cc1296cfc8f8d732ac7496ba4c97c7fc1,2026-09-02T16:40:54+00:00
2026-07-31,AR,2026Q4,FMP,REVENUE_USD,1686639494.0,D:\Programming\python_example\Arcana\data-lake\bronze\consensus\fmp\analyst-estimates\period=quarter\snapshot_date=2026-07-31\ticker=AR.json,97bc88f9b1d5a77b00d784ac0c77076cc1296cfc8f8d732ac7496ba4c97c7fc1,2026-09-02T16:40:54+00:00
2026-07-31,AR,2026Q3,FMP,REVENUE_USD,1586188717.0,D:\Programming\python_example\Arcana\data-lake\bronze\consensus\fmp\analyst-estimates\period=quarter\snapshot_date=2026-07-31\ticker=AR.json,97bc88f9b1d5a77b00d784ac0c77076cc1296cfc8f8d732ac7496ba4c97c7fc1,2026-09-02T16:40:54+00:00
2026-07-31,AR,2026Q2,FMP,REVENUE_USD,1525304184.0,D:\Programming\python_example\Arcana\data-lake\bronze\consensus\fmp\analyst-estimates\period=quarter\snapshot_date=2026-07-31\ticker=AR.json,97bc88f9b1d5a77b00d784ac0c77076cc1296cfc8f8d732ac7496ba4c97c7fc1,2026-09-02T16:40:54+00:00
2026-07-31,AR,2026Q1,FMP,REVENUE_USD,1665771104.0,D:\Programming\python_example\Arcana\data-lake\bronze\consensus\fmp\analyst-estimates\period=quarter\snapshot_date=2026-07-31\ticker=AR.json,97bc88f9b1d5a77b00d784ac0c77076cc1296cfc8f8d732ac7496ba4c97c7fc1,2026-09-02T16:40:54+00:00
2026-07-31,AR,2025Q4,FMP,REVENUE_USD,1308127296.0,D:\Programming\python_example\Arcana\data-lake\bronze\consensus\fmp\analyst-estimates\period=quarter\snapshot_date=2026-07-31\ticker=AR.json,97bc88f9b1d5a77b00d784ac0c77076cc1296cfc8f8d732ac7496ba4c97c7fc1,2026-09-02T16:40:54+00:00
2026-07-31,AR,2025Q3,FMP,REVENUE_USD,1172239069.0,D:\Programming\python_example\Arcana\data-lake\bronze\consensus\fmp\analyst-estimates\period=quarter\snapshot_date=2026-07-31\ticker=AR.json,97bc88f9b1d5a77b00d784ac0c77076cc1296cfc8f8d732ac7496ba4c97c7fc1,2026-09-02T16:40:54+00:00
2026-07-31,AR,2025Q2,FMP,REVENUE_USD,1242540734.0,D:\Programming\python_example\Arcana\data-lake\bronze\consensus\fmp\analyst-estimates\period=quarter\snapshot_date=2026-07-31\ticker=AR.json,97bc88f9b1d5a77b00d784ac0c77076cc1296cfc8f8d732ac7496ba4c97c7fc1,2026-09-02T16:40:54+00:00
2026-07-31,AR,2025Q1,FMP,REVENUE_USD,1396905549.0,D:\Programming\python_example\Arcana\data-lake\bronze\consensus\fmp\analyst-estimates\period=quarter\snapshot_date=2026-07-31\ticker=AR.json,97bc88f9b1d5a77b00d784ac0c77076cc1296cfc8f8d732ac7496ba4c97c7fc1,2026-09-02T16:40:54+00:00
2026-07-31,AR,2024Q4,FMP,REVENUE_USD,1174608382.0,D:\Programming\python_example\Arcana\data-lake\bronze\consensus\fmp\analyst-estimates\period=quarter\snapshot_date=2026-07-31\ticker=AR.json,97bc88f9b1d5a77b00d784ac0c77076cc1296cfc8f8d732ac7496ba4c97c7fc1,2026-09-02T16:40:54+00:00
2026-07-31,AR,2024Q3,FMP,REVENUE_USD,1029906478.0,D:\Programming\python_example\Arcana\data-lake\bronze\consensus\fmp\analyst-estimates\period=quarter\snapshot_date=2026-07-31\ticker=AR.json,97bc88f9b1d5a77b00d784ac0c77076cc1296cfc8f8d732ac7496ba4c97c7fc1,2026-09-02T16:40:54+00:00
2026-07-31,AR,2024Q2,FMP,REVENUE_USD,970954182.0,D:\Programming\python_example\Arcana\data-lake\bronze\consensus\fmp\analyst-estimates\period=quarter\snapshot_date=2026-07-31\ticker=AR.json,97bc88f9b1d5a77b00d784ac0c77076cc1296cfc8f8d732ac7496ba4c97c7fc1,2026-09-02T16:40:54+00:00
2026-07-31,AR,2024Q1,FMP,REVENUE_USD,1062349944.0,D:\Programming\python_example\Arcana\data-lake\bronze\consensus\fmp\analyst-estimates\period=quarter\snapshot_date=2026-07-31\ticker=AR.json,97bc88f9b1d5a77b00d784ac0c77076cc1296cfc8f8d732ac7496ba4c97c7fc1,2026-09-02T16:40:54+00:00
2026-07-31,AR,2023Q4,FMP,REVENUE_USD,1169025964.0,D:\Programming\python_example\Arcana\data-lake\bronze\consensus\fmp\analyst-estimates\period=quarter\snapshot_date=2026-07-31\ticker=AR.json,97bc88f9b1d5a77b00d784ac0c77076cc1296cfc8f8d732ac7496ba4c97c7fc1,2026-09-02T16:40:54+00:00
2026-07-31,AR,2023Q3,FMP,REVENUE_USD,1091986200.0,D:\Programming\python_example\Arcana\data-lake\bronze\consensus\fmp\analyst-estimates\period=quarter\snapshot_date=2026-07-31\ticker=AR.json,97bc88f9b1d5a77b00d784ac0c77076cc1296cfc8f8d732ac7496ba4c97c7fc1,2026-09-02T16:40:54+00:00
2026-07-31,AR,2023Q2,FMP,REVENUE_USD,935866700.0,D:\Programming\python_example\Arcana\data-lake\bronze\consensus\fmp\analyst-estimates\period=quarter\snapshot_date=2026-07-31\ticker=AR.json,97bc88f9b1d5a77b00d784ac0c77076cc1296cfc8f8d732ac7496ba4c97c7fc1,2026-09-02T16:40:54+00:00
2026-07-31,AR,2023Q1,FMP,REVENUE_USD,1237899930.0,D:\Programming\python_example\Arcana\data-lake\bronze\consensus\fmp\analyst-estimates\period=quarter\snapshot_date=2026-07-31\ticker=AR.json,97bc88f9b1d5a77b00d784ac0c77076cc1296cfc8f8d732ac7496ba4c97c7fc1,2026-09-02T16:40:54+00:00
2026-07-31,AR,2022Q4,FMP,REVENUE_USD,1548900333.0,D:\Programming\python_example\Arcana\data-lake\bronze\consensus\fmp\analyst-estimates\period=quarter\snapshot_date=2026-07-31\ticker=AR.json,97bc88f9b1d5a77b00d784ac0c77076cc1296cfc8f8d732ac7496ba4c97c7fc1,2026-09-02T16:40:54+00:00
2026-07-31,AR,2022Q3,FMP,REVENUE_USD,1950718393.0,D:\Programming\python_example\Arcana\data-lake\bronze\consensus\fmp\analyst-estimates\period=quarter\snapshot_date=2026-07-31\ticker=AR.json,97bc88f9b1d5a77b00d784ac0c77076cc1296cfc8f8d732ac7496ba4c97c7fc1,2026-09-02T16:40:54+00:00
2026-07-31,AR,2022Q2,FMP,REVENUE_USD,1815038033.0,D:\Programming\python_example\Arcana\data-lake\bronze\consensus\fmp\analyst-estimates\period=quarter\snapshot_date=2026-07-31\ticker=AR.json,97bc88f9b1d5a77b00d784ac0c77076cc1296cfc8f8d732ac7496ba4c97c7fc1,2026-09-02T16:40:54+00:00
2026-07-31,AR,2022Q1,FMP,REVENUE_USD,1525031274.0,D:\Programming\python_example\Arcana\data-lake\bronze\consensus\fmp\analyst-estimates\period=quarter\snapshot_date=2026-07-31\ticker=AR.json,97bc88f9b1d5a77b00d784ac0c77076cc1296cfc8f8d732ac7496ba4c97c7fc1,2026-09-02T16:40:54+00:00
2026-07-31,AR,2021Q4,FMP,REVENUE_USD,1472713114.0,D:\Programming\python_example\Arcana\data-lake\bronze\consensus\fmp\analyst-estimates\period=quarter\snapshot_date=2026-07-31\ticker=AR.json,97bc88f9b1d5a77b00d784ac0c77076cc1296cfc8f8d732ac7496ba4c97c7fc1,2026-09-02T16:40:54+00:00
2026-07-31,AR,2021Q3,FMP,REVENUE_USD,1236753000.0,D:\Programming\python_example\Arcana\data-lake\bronze\consensus\fmp\analyst-estimates\period=quarter\snapshot_date=2026-07-31\ticker=AR.json,97bc88f9b1d5a77b00d784ac0c77076cc1296cfc8f8d732ac7496ba4c97c7fc1,2026-09-02T16:40:54+00:00
2026-07-31,AR,2021Q2,FMP,REVENUE_USD,1157445667.0,D:\Programming\python_example\Arcana\data-lake\bronze\consensus\fmp\analyst-estimates\period=quarter\snapshot_date=2026-07-31\ticker=AR.json,97bc88f9b1d5a77b00d784ac0c77076cc1296cfc8f8d732ac7496ba4c97c7fc1,2026-09-02T16:40:54+00:00
2026-07-31,AR,2021Q1,FMP,REVENUE_USD,1216474750.0,D:\Programming\python_example\Arcana\data-lake\bronze\consensus\fmp\analyst-estimates\period=quarter\snapshot_date=2026-07-31\ticker=AR.json,97bc88f9b1d5a77b00d784ac0c77076cc1296cfc8f8d732ac7496ba4c97c7fc1,2026-09-02T16:40:54+00:00
2026-07-31,AR,2020Q4,FMP,REVENUE_USD,1074773000.0,D:\Programming\python_example\Arcana\data-lake\bronze\consensus\fmp\analyst-estimates\period=quarter\snapshot_date=2026-07-31\ticker=AR.json,97bc88f9b1d5a77b00d784ac0c77076cc1296cfc8f8d732ac7496ba4c97c7fc1,2026-09-02T16:40:54+00:00
2026-07-31,AR,2020Q3,FMP,REVENUE_USD,1014957375.0,D:\Programming\python_example\Arcana\data-lake\bronze\consensus\fmp\analyst-estimates\period=quarter\snapshot_date=2026-07-31\ticker=AR.json,97bc88f9b1d5a77b00d784ac0c77076cc1296cfc8f8d732ac7496ba4c97c7fc1,2026-09-02T16:40:54+00:00
2026-07-31,AR,2020Q2,FMP,REVENUE_USD,936631429.0,D:\Programming\python_example\Arcana\data-lake\bronze\consensus\fmp\analyst-estimates\period=quarter\snapshot_date=2026-07-31\ticker=AR.json,97bc88f9b1d5a77b00d784ac0c77076cc1296cfc8f8d732ac7496ba4c97c7fc1,2026-09-02T16:40:54+00:00
2026-07-31,AR,2020Q1,FMP,REVENUE_USD,944963625.0,D:\Programming\python_example\Arcana\data-lake\bronze\consensus\fmp\analyst-estimates\period=quarter\snapshot_date=2026-07-31\ticker=AR.json,97bc88f9b1d5a77b00d784ac0c77076cc1296cfc8f8d732ac7496ba4c97c7fc1,2026-09-02T16:40:54+00:00
2026-07-31,AR,2019Q4,FMP,REVENUE_USD,1017908664.0,D:\Programming\python_example\Arcana\data-lake\bronze\consensus\fmp\analyst-estimates\period=quarter\snapshot_date=2026-07-31\ticker=AR.json,97bc88f9b1d5a77b00d784ac0c77076cc1296cfc8f8d732ac7496ba4c97c7fc1,2026-09-02T16:40:54+00:00
2026-07-31,AR,2019Q3,FMP,REVENUE_USD,931004084.0,D:\Programming\python_example\Arcana\data-lake\bronze\consensus\fmp\analyst-estimates\period=quarter\snapshot_date=2026-07-31\ticker=AR.json,97bc88f9b1d5a77b00d784ac0c77076cc1296cfc8f8d732ac7496ba4c97c7fc1,2026-09-02T16:40:54+00:00
2026-07-31,AR,2019Q2,FMP,REVENUE_USD,991755052.0,D:\Programming\python_example\Arcana\data-lake\bronze\consensus\fmp\analyst-estimates\period=quarter\snapshot_date=2026-07-31\ticker=AR.json,97bc88f9b1d5a77b00d784ac0c77076cc1296cfc8f8d732ac7496ba4c97c7fc1,2026-09-02T16:40:54+00:00
2026-07-31,AR,2019Q1,FMP,REVENUE_USD,1148557385.0,D:\Programming\python_example\Arcana\data-lake\bronze\consensus\fmp\analyst-estimates\period=quarter\snapshot_date=2026-07-31\ticker=AR.json,97bc88f9b1d5a77b00d784ac0c77076cc1296cfc8f8d732ac7496ba4c97c7fc1,2026-09-02T16:40:54+00:00
2026-07-31,AR,2018Q4,FMP,REVENUE_USD,1093165956.0,D:\Programming\python_example\Arcana\data-lake\bronze\consensus\fmp\analyst-estimates\period=quarter\snapshot_date=2026-07-31\ticker=AR.json,97bc88f9b1d5a77b00d784ac0c77076cc1296cfc8f8d732ac7496ba4c97c7fc1,2026-09-02T16:40:54+00:00
2026-07-31,AR,2018Q3,FMP,REVENUE_USD,848020250.0,D:\Programming\python_example\Arcana\data-lake\bronze\consensus\fmp\analyst-estimates\period=quarter\snapshot_date=2026-07-31\ticker=AR.json,97bc88f9b1d5a77b00d784ac0c77076cc1296cfc8f8d732ac7496ba4c97c7fc1,2026-09-02T16:40:54+00:00
2026-07-31,AR,2018Q2,FMP,REVENUE_USD,6915582000.0,D:\Programming\python_example\Arcana\data-lake\bronze\consensus\fmp\analyst-estimates\period=quarter\snapshot_date=2026-07-31\ticker=AR.json,97bc88f9b1d5a77b00d784ac0c77076cc1296cfc8f8d732ac7496ba4c97c7fc1,2026-09-02T16:40:54+00:00
2026-07-31,AR,2018Q1,FMP,REVENUE_USD,640861863.0,D:\Programming\python_example\Arcana\data-lake\bronze\consensus\fmp\analyst-estimates\period=quarter\snapshot_date=2026-07-31\ticker=AR.json,97bc88f9b1d5a77b00d784ac0c77076cc1296cfc8f8d732ac7496ba4c97c7fc1,2026-09-02T16:40:54+00:00
2026-07-31,AR,2017Q4,FMP,REVENUE_USD,780370434.0,D:\Programming\python_example\Arcana\data-lake\bronze\consensus\fmp\analyst-estimates\period=quarter\snapshot_date=2026-07-31\ticker=AR.json,97bc88f9b1d5a77b00d784ac0c77076cc1296cfc8f8d732ac7496ba4c97c7fc1,2026-09-02T16:40:54+00:00
2026-07-31,AR,2017Q3,FMP,REVENUE_USD,1452442200.0,D:\Programming\python_example\Arcana\data-lake\bronze\consensus\fmp\analyst-estimates\period=quarter\snapshot_date=2026-07-31\ticker=AR.json,97bc88f9b1d5a77b00d784ac0c77076cc1296cfc8f8d732ac7496ba4c97c7fc1,2026-09-02T16:40:54+00:00
2026-07-31,AR,2017Q2,FMP,REVENUE_USD,488691000.0,D:\Programming\python_example\Arcana\data-lake\bronze\consensus\fmp\analyst-estimates\period=quarter\snapshot_date=2026-07-31\ticker=AR.json,97bc88f9b1d5a77b00d784ac0c77076cc1296cfc8f8d732ac7496ba4c97c7fc1,2026-09-02T16:40:54+00:00
2026-07-31,AR,2017Q1,FMP,REVENUE_USD,345440000.0,D:\Programming\python_example\Arcana\data-lake\bronze\consensus\fmp\analyst-estimates\period=quarter\snapshot_date=2026-07-31\ticker=AR.json,97bc88f9b1d5a77b00d784ac0c77076cc1296cfc8f8d732ac7496ba4c97c7fc1,2026-09-02T16:40:54+00:00
2026-07-31,AR,2016Q4,FMP,REVENUE_USD,511731318.0,D:\Programming\python_example\Arcana\data-lake\bronze\consensus\fmp\analyst-estimates\period=quarter\snapshot_date=2026-07-31\ticker=AR.json,97bc88f9b1d5a77b00d784ac0c77076cc1296cfc8f8d732ac7496ba4c97c7fc1,2026-09-02T16:40:54+00:00
2026-07-31,AR,2016Q3,FMP,REVENUE_USD,326062000.0,D:\Programming\python_example\Arcana\data-lake\bronze\consensus\fmp\analyst-estimates\period=quarter\snapshot_date=2026-07-31\ticker=AR.json,97bc88f9b1d5a77b00d784ac0c77076cc1296cfc8f8d732ac7496ba4c97c7fc1,2026-09-02T16:40:54+00:00
2026-07-31,AR,2016Q2,FMP,REVENUE_USD,270705285.0,D:\Programming\python_example\Arcana\data-lake\bronze\consensus\fmp\analyst-estimates\period=quarter\snapshot_date=2026-07-31\ticker=AR.json,97bc88f9b1d5a77b00d784ac0c77076cc1296cfc8f8d732ac7496ba4c97c7fc1,2026-09-02T16:40:54+00:00
2026-07-31,AR,2016Q1,FMP,REVENUE_USD,361973647.0,D:\Programming\python_example\Arcana\data-lake\bronze\consensus\fmp\analyst-estimates\period=quarter\snapshot_date=2026-07-31\ticker=AR.json,97bc88f9b1d5a77b00d784ac0c77076cc1296cfc8f8d732ac7496ba4c97c7fc1,2026-09-02T16:40:54+00:00
2026-07-31,AR,2015Q4,FMP,REVENUE_USD,245274000.0,D:\Programming\python_example\Arcana\data-lake\bronze\consensus\fmp\analyst-estimates\period=quarter\snapshot_date=2026-07-31\ticker=AR.json,97bc88f9b1d5a77b00d784ac0c77076cc1296cfc8f8d732ac7496ba4c97c7fc1,2026-09-02T16:40:54+00:00
2026-07-31,AR,2015Q3,FMP,REVENUE_USD,262904800.0,D:\Programming\python_example\Arcana\data-lake\bronze\consensus\fmp\analyst-estimates\period=quarter\snapshot_date=2026-07-31\ticker=AR.json,97bc88f9b1d5a77b00d784ac0c77076cc1296cfc8f8d732ac7496ba4c97c7fc1,2026-09-02T16:40:54+00:00
2026-07-31,AR,2015Q2,FMP,REVENUE_USD,329112000.0,D:\Programming\python_example\Arcana\data-lake\bronze\consensus\fmp\analyst-estimates\period=quarter\snapshot_date=2026-07-31\ticker=AR.json,97bc88f9b1d5a77b00d784ac0c77076cc1296cfc8f8d732ac7496ba4c97c7fc1,2026-09-02T16:40:54+00:00
2026-07-31,AR,2015Q1,FMP,REVENUE_USD,335991333.0,D:\Programming\python_example\Arcana\data-lake\bronze\consensus\fmp\analyst-estimates\period=quarter\snapshot_date=2026-07-31\ticker=AR.json,97bc88f9b1d5a77b00d784ac0c77076cc1296cfc8f8d732ac7496ba4c97c7fc1,2026-09-02T16:40:54+00:00
2026-07-31,AR,2014Q4,FMP,REVENUE_USD,444378666.0,D:\Programming\python_example\Arcana\data-lake\bronze\consensus\fmp\analyst-estimates\period=quarter\snapshot_date=2026-07-31\ticker=AR.json,97bc88f9b1d5a77b00d784ac0c77076cc1296cfc8f8d732ac7496ba4c97c7fc1,2026-09-02T16:40:54+00:00
2026-07-31,AR,2014Q3,FMP,REVENUE_USD,532497777.0,D:\Programming\python_example\Arcana\data-lake\bronze\consensus\fmp\analyst-estimates\period=quarter\snapshot_date=2026-07-31\ticker=AR.json,97bc88f9b1d5a77b00d784ac0c77076cc1296cfc8f8d732ac7496ba4c97c7fc1,2026-09-02T16:40:54+00:00
2026-07-31,AR,2014Q2,FMP,REVENUE_USD,552597551.0,D:\Programming\python_example\Arcana\data-lake\bronze\consensus\fmp\analyst-estimates\period=quarter\snapshot_date=2026-07-31\ticker=AR.json,97bc88f9b1d5a77b00d784ac0c77076cc1296cfc8f8d732ac7496ba4c97c7fc1,2026-09-02T16:40:54+00:00
2026-07-31,AR,2014Q1,FMP,REVENUE_USD,426083823.0,D:\Programming\python_example\Arcana\data-lake\bronze\consensus\fmp\analyst-estimates\period=quarter\snapshot_date=2026-07-31\ticker=AR.json,97bc88f9b1d5a77b00d784ac0c77076cc1296cfc8f8d732ac7496ba4c97c7fc1,2026-09-02T16:40:54+00:00
2026-07-31,AR,2013Q4,FMP,REVENUE_USD,244495535.0,D:\Programming\python_example\Arcana\data-lake\bronze\consensus\fmp\analyst-estimates\period=quarter\snapshot_date=2026-07-31\ticker=AR.json,97bc88f9b1d5a77b00d784ac0c77076cc1296cfc8f8d732ac7496ba4c97c7fc1,2026-09-02T16:40:54+00:00
2026-07-31,AR,2013Q3,FMP,REVENUE_USD,404250000.0,D:\Programming\python_example\Arcana\data-lake\bronze\consensus\fmp\analyst-estimates\period=quarter\snapshot_date=2026-07-31\ticker=AR.json,97bc88f9b1d5a77b00d784ac0c77076cc1296cfc8f8d732ac7496ba4c97c7fc1,2026-09-02T16:40:54+00:00
2026-07-31,CNX,2030Q2,FMP,REVENUE_USD,1255523523.0,D:\Programming\python_example\Arcana\data-lake\bronze\consensus\fmp\analyst-estimates\period=quarter\snapshot_date=2026-07-31\ticker=CNX.json,505a56c98e2cdb25701bf1a5fe8edf67aade9e3cc4754137c5aed2f0d91a8a13,2026-09-02T16:40:54+00:00
2026-07-31,CNX,2030Q1,FMP,REVENUE_USD,1221101172.0,D:\Programming\python_example\Arcana\data-lake\bronze\consensus\fmp\analyst-estimates\period=quarter\snapshot_date=2026-07-31\ticker=CNX.json,505a56c98e2cdb25701bf1a5fe8edf67aade9e3cc4754137c5aed2f0d91a8a13,2026-09-02T16:40:54+00:00
2026-07-31,CNX,2029Q4,FMP,REVENUE_USD,1187622568.0,D:\Programming\python_example\Arcana\data-lake\bronze\consensus\fmp\analyst-estimates\period=quarter\snapshot_date=2026-07-31\ticker=CNX.json,505a56c98e2cdb25701bf1a5fe8edf67aade9e3cc4754137c5aed2f0d91a8a13,2026-09-02T16:40:54+00:00
2026-07-31,CNX,2029Q3,FMP,REVENUE_USD,1155061839.0,D:\Programming\python_example\Arcana\data-lake\bronze\consensus\fmp\analyst-estimates\period=quarter\snapshot_date=2026-07-31\ticker=CNX.json,505a56c98e2cdb25701bf1a5fe8edf67aade9e3cc4754137c5aed2f0d91a8a13,2026-09-02T16:40:54+00:00
2026-07-31,CNX,2029Q2,FMP,REVENUE_USD,1123393819.0,D:\Programming\python_example\Arcana\data-lake\bronze\consensus\fmp\analyst-estimates\period=quarter\snapshot_date=2026-07-31\ticker=CNX.json,505a56c98e2cdb25701bf1a5fe8edf67aade9e3cc4754137c5aed2f0d91a8a13,2026-09-02T16:40:54+00:00
2026-07-31,CNX,2029Q1,FMP,REVENUE_USD,1092594032.0,D:\Programming\python_example\Arcana\data-lake\bronze\consensus\fmp\analyst-estimates\period=quarter\snapshot_date=2026-07-31\ticker=CNX.json,505a56c98e2cdb25701bf1a5fe8edf67aade9e3cc4754137c5aed2f0d91a8a13,2026-09-02T16:40:54+00:00
2026-07-31,CNX,2028Q4,FMP,REVENUE_USD,604500000.0,D:\Programming\python_example\Arcana\data-lake\bronze\consensus\fmp\analyst-estimates\period=quarter\snapshot_date=2026-07-31\ticker=CNX.json,505a56c98e2cdb25701bf1a5fe8edf67aade9e3cc4754137c5aed2f0d91a8a13,2026-09-02T16:40:54+00:00
2026-07-31,CNX,2028Q3,FMP,REVENUE_USD,559500000.0,D:\Programming\python_example\Arcana\data-lake\bronze\consensus\fmp\analyst-estimates\period=quarter\snapshot_date=2026-07-31\ticker=CNX.json,505a56c98e2cdb25701bf1a5fe8edf67aade9e3cc4754137c5aed2f0d91a8a13,2026-09-02T16:40:54+00:00
2026-07-31,CNX,2028Q2,FMP,REVENUE_USD,551500000.0,D:\Programming\python_example\Arcana\data-lake\bronze\consensus\fmp\analyst-estimates\period=quarter\snapshot_date=2026-07-31\ticker=CNX.json,505a56c98e2cdb25701bf1a5fe8edf67aade9e3cc4754137c5aed2f0d91a8a13,2026-09-02T16:40:54+00:00
2026-07-31,CNX,2028Q1,FMP,REVENUE_USD,632500000.0,D:\Programming\python_example\Arcana\data-lake\bronze\consensus\fmp\analyst-estimates\period=quarter\snapshot_date=2026-07-31\ticker=CNX.json,505a56c98e2cdb25701bf1a5fe8edf67aade9e3cc4754137c5aed2f0d91a8a13,2026-09-02T16:40:54+00:00
2026-07-31,CNX,2027Q4,FMP,REVENUE_USD,579172833.0,D:\Programming\python_example\Arcana\data-lake\bronze\consensus\fmp\analyst-estimates\period=quarter\snapshot_date=2026-07-31\ticker=CNX.json,505a56c98e2cdb25701bf1a5fe8edf67aade9e3cc4754137c5aed2f0d91a8a13,2026-09-02T16:40:54+00:00
2026-07-31,CNX,2027Q3,FMP,REVENUE_USD,542026500.0,D:\Programming\python_example\Arcana\data-lake\bronze\consensus\fmp\analyst-estimates\period=quarter\snapshot_date=2026-07-31\ticker=CNX.json,505a56c98e2cdb25701bf1a5fe8edf67aade9e3cc4754137c5aed2f0d91a8a13,2026-09-02T16:40:54+00:00
2026-07-31,CNX,2027Q2,FMP,REVENUE_USD,530760332.0,D:\Programming\python_example\Arcana\data-lake\bronze\consensus\fmp\analyst-estimates\period=quarter\snapshot_date=2026-07-31\ticker=CNX.json,505a56c98e2cdb25701bf1a5fe8edf67aade9e3cc4754137c5aed2f0d91a8a13,2026-09-02T16:40:54+00:00
2026-07-31,CNX,2027Q1,FMP,REVENUE_USD,573285000.0,D:\Programming\python_example\Arcana\data-lake\bronze\consensus\fmp\analyst-estimates\period=quarter\snapshot_date=2026-07-31\ticker=CNX.json,505a56c98e2cdb25701bf1a5fe8edf67aade9e3cc4754137c5aed2f0d91a8a13,2026-09-02T16:40:54+00:00
2026-07-31,CNX,2026Q4,FMP,REVENUE_USD,499609143.0,D:\Programming\python_example\Arcana\data-lake\bronze\consensus\fmp\analyst-estimates\period=quarter\snapshot_date=2026-07-31\ticker=CNX.json,505a56c98e2cdb25701bf1a5fe8edf67aade9e3cc4754137c5aed2f0d91a8a13,2026-09-02T16:40:54+00:00
2026-07-31,CNX,2026Q3,FMP,REVENUE_USD,471930429.0,D:\Programming\python_example\Arcana\data-lake\bronze\consensus\fmp\analyst-estimates\period=quarter\snapshot_date=2026-07-31\ticker=CNX.json,505a56c98e2cdb25701bf1a5fe8edf67aade9e3cc4754137c5aed2f0d91a8a13,2026-09-02T16:40:54+00:00
2026-07-31,CNX,2026Q2,FMP,REVENUE_USD,475157286.0,D:\Programming\python_example\Arcana\data-lake\bronze\consensus\fmp\analyst-estimates\period=quarter\snapshot_date=2026-07-31\ticker=CNX.json,505a56c98e2cdb25701bf1a5fe8edf67aade9e3cc4754137c5aed2f0d91a8a13,2026-09-02T16:40:54+00:00
2026-07-31,CNX,2026Q1,FMP,REVENUE_USD,573474578.0,D:\Programming\python_example\Arcana\data-lake\bronze\consensus\fmp\analyst-estimates\period=quarter\snapshot_date=2026-07-31\ticker=CNX.json,505a56c98e2cdb25701bf1a5fe8edf67aade9e3cc4754137c5aed2f0d91a8a13,2026-09-02T16:40:54+00:00
2026-07-31,CNX,2025Q4,FMP,REVENUE_USD,440452503.0,D:\Programming\python_example\Arcana\data-lake\bronze\consensus\fmp\analyst-estimates\period=quarter\snapshot_date=2026-07-31\ticker=CNX.json,505a56c98e2cdb25701bf1a5fe8edf67aade9e3cc4754137c5aed2f0d91a8a13,2026-09-02T16:40:54+00:00
2026-07-31,CNX,2025Q3,FMP,REVENUE_USD,434329133.0,D:\Programming\python_example\Arcana\data-lake\bronze\consensus\fmp\analyst-estimates\period=quarter\snapshot_date=2026-07-31\ticker=CNX.json,505a56c98e2cdb25701bf1a5fe8edf67aade9e3cc4754137c5aed2f0d91a8a13,2026-09-02T16:40:54+00:00
2026-07-31,CNX,2025Q2,FMP,REVENUE_USD,472050424.0,D:\Programming\python_example\Arcana\data-lake\bronze\consensus\fmp\analyst-estimates\period=quarter\snapshot_date=2026-07-31\ticker=CNX.json,505a56c98e2cdb25701bf1a5fe8edf67aade9e3cc4754137c5aed2f0d91a8a13,2026-09-02T16:40:54+00:00
2026-07-31,CNX,2025Q1,FMP,REVENUE_USD,511562368.0,D:\Programming\python_example\Arcana\data-lake\bronze\consensus\fmp\analyst-estimates\period=quarter\snapshot_date=2026-07-31\ticker=CNX.json,505a56c98e2cdb25701bf1a5fe8edf67aade9e3cc4754137c5aed2f0d91a8a13,2026-09-02T16:40:54+00:00
2026-07-31,CNX,2024Q4,FMP,REVENUE_USD,430607815.0,D:\Programming\python_example\Arcana\data-lake\bronze\consensus\fmp\analyst-estimates\period=quarter\snapshot_date=2026-07-31\ticker=CNX.json,505a56c98e2cdb25701bf1a5fe8edf67aade9e3cc4754137c5aed2f0d91a8a13,2026-09-02T16:40:54+00:00
2026-07-31,CNX,2024Q3,FMP,REVENUE_USD,391769889.0,D:\Programming\python_example\Arcana\data-lake\bronze\consensus\fmp\analyst-estimates\period=quarter\snapshot_date=2026-07-31\ticker=CNX.json,505a56c98e2cdb25701bf1a5fe8edf67aade9e3cc4754137c5aed2f0d91a8a13,2026-09-02T16:40:54+00:00
2026-07-31,CNX,2024Q2,FMP,REVENUE_USD,375804556.0,D:\Programming\python_example\Arcana\data-lake\bronze\consensus\fmp\analyst-estimates\period=quarter\snapshot_date=2026-07-31\ticker=CNX.json,505a56c98e2cdb25701bf1a5fe8edf67aade9e3cc4754137c5aed2f0d91a8a13,2026-09-02T16:40:54+00:00
2026-07-31,CNX,2024Q1,FMP,REVENUE_USD,411774889.0,D:\Programming\python_example\Arcana\data-lake\bronze\consensus\fmp\analyst-estimates\period=quarter\snapshot_date=2026-07-31\ticker=CNX.json,505a56c98e2cdb25701bf1a5fe8edf67aade9e3cc4754137c5aed2f0d91a8a13,2026-09-02T16:40:54+00:00
2026-07-31,CNX,2023Q4,FMP,REVENUE_USD,402432598.0,D:\Programming\python_example\Arcana\data-lake\bronze\consensus\fmp\analyst-estimates\period=quarter\snapshot_date=2026-07-31\ticker=CNX.json,505a56c98e2cdb25701bf1a5fe8edf67aade9e3cc4754137c5aed2f0d91a8a13,2026-09-02T16:40:54+00:00
2026-07-31,CNX,2023Q3,FMP,REVENUE_USD,394504158.0,D:\Programming\python_example\Arcana\data-lake\bronze\consensus\fmp\analyst-estimates\period=quarter\snapshot_date=2026-07-31\ticker=CNX.json,505a56c98e2cdb25701bf1a5fe8edf67aade9e3cc4754137c5aed2f0d91a8a13,2026-09-02T16:40:54+00:00
2026-07-31,CNX,2023Q2,FMP,REVENUE_USD,386677473.0,D:\Programming\python_example\Arcana\data-lake\bronze\consensus\fmp\analyst-estimates\period=quarter\snapshot_date=2026-07-31\ticker=CNX.json,505a56c98e2cdb25701bf1a5fe8edf67aade9e3cc4754137c5aed2f0d91a8a13,2026-09-02T16:40:54+00:00
2026-07-31,CNX,2023Q1,FMP,REVENUE_USD,461321538.0,D:\Programming\python_example\Arcana\data-lake\bronze\consensus\fmp\analyst-estimates\period=quarter\snapshot_date=2026-07-31\ticker=CNX.json,505a56c98e2cdb25701bf1a5fe8edf67aade9e3cc4754137c5aed2f0d91a8a13,2026-09-02T16:40:54+00:00
2026-07-31,CNX,2022Q4,FMP,REVENUE_USD,503861458.0,D:\Programming\python_example\Arcana\data-lake\bronze\consensus\fmp\analyst-estimates\period=quarter\snapshot_date=2026-07-31\ticker=CNX.json,505a56c98e2cdb25701bf1a5fe8edf67aade9e3cc4754137c5aed2f0d91a8a13,2026-09-02T16:40:54+00:00
2026-07-31,CNX,2022Q3,FMP,REVENUE_USD,542093624.0,D:\Programming\python_example\Arcana\data-lake\bronze\consensus\fmp\analyst-estimates\period=quarter\snapshot_date=2026-07-31\ticker=CNX.json,505a56c98e2cdb25701bf1a5fe8edf67aade9e3cc4754137c5aed2f0d91a8a13,2026-09-02T16:40:54+00:00
2026-07-31,CNX,2022Q2,FMP,REVENUE_USD,548884927.0,D:\Programming\python_example\Arcana\data-lake\bronze\consensus\fmp\analyst-estimates\period=quarter\snapshot_date=2026-07-31\ticker=CNX.json,505a56c98e2cdb25701bf1a5fe8edf67aade9e3cc4754137c5aed2f0d91a8a13,2026-09-02T16:40:54+00:00
2026-07-31,CNX,2022Q1,FMP,REVENUE_USD,508506109.0,D:\Programming\python_example\Arcana\data-lake\bronze\consensus\fmp\analyst-estimates\period=quarter\snapshot_date=2026-07-31\ticker=CNX.json,505a56c98e2cdb25701bf1a5fe8edf67aade9e3cc4754137c5aed2f0d91a8a13,2026-09-02T16:40:54+00:00
2026-07-31,CNX,2021Q4,FMP,REVENUE_USD,476886507.0,D:\Programming\python_example\Arcana\data-lake\bronze\consensus\fmp\analyst-estimates\period=quarter\snapshot_date=2026-07-31\ticker=CNX.json,505a56c98e2cdb25701bf1a5fe8edf67aade9e3cc4754137c5aed2f0d91a8a13,2026-09-02T16:40:54+00:00
2026-07-31,CNX,2021Q3,FMP,REVENUE_USD,415373227.0,D:\Programming\python_example\Arcana\data-lake\bronze\consensus\fmp\analyst-estimates\period=quarter\snapshot_date=2026-07-31\ticker=CNX.json,505a56c98e2cdb25701bf1a5fe8edf67aade9e3cc4754137c5aed2f0d91a8a13,2026-09-02T16:40:54+00:00
2026-07-31,CNX,2021Q2,FMP,REVENUE_USD,389633877.0,D:\Programming\python_example\Arcana\data-lake\bronze\consensus\fmp\analyst-estimates\period=quarter\snapshot_date=2026-07-31\ticker=CNX.json,505a56c98e2cdb25701bf1a5fe8edf67aade9e3cc4754137c5aed2f0d91a8a13,2026-09-02T16:40:54+00:00
2026-07-31,CNX,2021Q1,FMP,REVENUE_USD,406565870.0,D:\Programming\python_example\Arcana\data-lake\bronze\consensus\fmp\analyst-estimates\period=quarter\snapshot_date=2026-07-31\ticker=CNX.json,505a56c98e2cdb25701bf1a5fe8edf67aade9e3cc4754137c5aed2f0d91a8a13,2026-09-02T16:40:54+00:00
2026-07-31,CNX,2020Q4,FMP,REVENUE_USD,384805846.0,D:\Programming\python_example\Arcana\data-lake\bronze\consensus\fmp\analyst-estimates\period=quarter\snapshot_date=2026-07-31\ticker=CNX.json,505a56c98e2cdb25701bf1a5fe8edf67aade9e3cc4754137c5aed2f0d91a8a13,2026-09-02T16:40:54+00:00
2026-07-31,CNX,2020Q3,FMP,REVENUE_USD,293314375.0,D:\Programming\python_example\Arcana\data-lake\bronze\consensus\fmp\analyst-estimates\period=quarter\snapshot_date=2026-07-31\ticker=CNX.json,505a56c98e2cdb25701bf1a5fe8edf67aade9e3cc4754137c5aed2f0d91a8a13,2026-09-02T16:40:54+00:00
2026-07-31,CNX,2020Q2,FMP,REVENUE_USD,324219000.0,D:\Programming\python_example\Arcana\data-lake\bronze\consensus\fmp\analyst-estimates\period=quarter\snapshot_date=2026-07-31\ticker=CNX.json,505a56c98e2cdb25701bf1a5fe8edf67aade9e3cc4754137c5aed2f0d91a8a13,2026-09-02T16:40:54+00:00
2026-07-31,CNX,2020Q1,FMP,REVENUE_USD,386039600.0,D:\Programming\python_example\Arcana\data-lake\bronze\consensus\fmp\analyst-estimates\period=quarter\snapshot_date=2026-07-31\ticker=CNX.json,505a56c98e2cdb25701bf1a5fe8edf67aade9e3cc4754137c5aed2f0d91a8a13,2026-09-02T16:40:54+00:00
2026-07-31,CNX,2019Q4,FMP,REVENUE_USD,385922600.0,D:\Programming\python_example\Arcana\data-lake\bronze\consensus\fmp\analyst-estimates\period=quarter\snapshot_date=2026-07-31\ticker=CNX.json,505a56c98e2cdb25701bf1a5fe8edf67aade9e3cc4754137c5aed2f0d91a8a13,2026-09-02T16:40:54+00:00
2026-07-31,CNX,2019Q3,FMP,REVENUE_USD,337796143.0,D:\Programming\python_example\Arcana\data-lake\bronze\consensus\fmp\analyst-estimates\period=quarter\snapshot_date=2026-07-31\ticker=CNX.json,505a56c98e2cdb25701bf1a5fe8edf67aade9e3cc4754137c5aed2f0d91a8a13,2026-09-02T16:40:54+00:00
2026-07-31,CNX,2019Q2,FMP,REVENUE_USD,360836502.0,D:\Programming\python_example\Arcana\data-lake\bronze\consensus\fmp\analyst-estimates\period=quarter\snapshot_date=2026-07-31\ticker=CNX.json,505a56c98e2cdb25701bf1a5fe8edf67aade9e3cc4754137c5aed2f0d91a8a13,2026-09-02T16:40:54+00:00
2026-07-31,CNX,2019Q1,FMP,REVENUE_USD,405729571.0,D:\Programming\python_example\Arcana\data-lake\bronze\consensus\fmp\analyst-estimates\period=quarter\snapshot_date=2026-07-31\ticker=CNX.json,505a56c98e2cdb25701bf1a5fe8edf67aade9e3cc4754137c5aed2f0d91a8a13,2026-09-02T16:40:54+00:00
2026-07-31,CNX,2018Q4,FMP,REVENUE_USD,225932000.0,D:\Programming\python_example\Arcana\data-lake\bronze\consensus\fmp\analyst-estimates\period=quarter\snapshot_date=2026-07-31\ticker=CNX.json,505a56c98e2cdb25701bf1a5fe8edf67aade9e3cc4754137c5aed2f0d91a8a13,2026-09-02T16:40:54+00:00
2026-07-31,CNX,2018Q3,FMP,REVENUE_USD,441411764.0,D:\Programming\python_example\Arcana\data-lake\bronze\consensus\fmp\analyst-estimates\period=quarter\snapshot_date=2026-07-31\ticker=CNX.json,505a56c98e2cdb25701bf1a5fe8edf67aade9e3cc4754137c5aed2f0d91a8a13,2026-09-02T16:40:54+00:00
2026-07-31,CNX,2018Q2,FMP,REVENUE_USD,325223838.0,D:\Programming\python_example\Arcana\data-lake\bronze\consensus\fmp\analyst-estimates\period=quarter\snapshot_date=2026-07-31\ticker=CNX.json,505a56c98e2cdb25701bf1a5fe8edf67aade9e3cc4754137c5aed2f0d91a8a13,2026-09-02T16:40:54+00:00
2026-07-31,CNX,2018Q1,FMP,REVENUE_USD,331505263.0,D:\Programming\python_example\Arcana\data-lake\bronze\consensus\fmp\analyst-estimates\period=quarter\snapshot_date=2026-07-31\ticker=CNX.json,505a56c98e2cdb25701bf1a5fe8edf67aade9e3cc4754137c5aed2f0d91a8a13,2026-09-02T16:40:54+00:00
2026-07-31,CNX,2017Q4,FMP,REVENUE_USD,58052173.0,D:\Programming\python_example\Arcana\data-lake\bronze\consensus\fmp\analyst-estimates\period=quarter\snapshot_date=2026-07-31\ticker=CNX.json,505a56c98e2cdb25701bf1a5fe8edf67aade9e3cc4754137c5aed2f0d91a8a13,2026-09-02T16:40:54+00:00
2026-07-31,CNX,2017Q3,FMP,REVENUE_USD,33040000.0,D:\Programming\python_example\Arcana\data-lake\bronze\consensus\fmp\analyst-estimates\period=quarter\snapshot_date=2026-07-31\ticker=CNX.json,505a56c98e2cdb25701bf1a5fe8edf67aade9e3cc4754137c5aed2f0d91a8a13,2026-09-02T16:40:54+00:00
2026-07-31,CNX,2017Q2,FMP,REVENUE_USD,455279465.0,D:\Programming\python_example\Arcana\data-lake\bronze\consensus\fmp\analyst-estimates\period=quarter\snapshot_date=2026-07-31\ticker=CNX.json,505a56c98e2cdb25701bf1a5fe8edf67aade9e3cc4754137c5aed2f0d91a8a13,2026-09-02T16:40:54+00:00
2026-07-31,CNX,2017Q1,FMP,REVENUE_USD,501350105.0,D:\Programming\python_example\Arcana\data-lake\bronze\consensus\fmp\analyst-estimates\period=quarter\snapshot_date=2026-07-31\ticker=CNX.json,505a56c98e2cdb25701bf1a5fe8edf67aade9e3cc4754137c5aed2f0d91a8a13,2026-09-02T16:40:54+00:00
2026-07-31,CNX,2016Q4,FMP,REVENUE_USD,73372878000.0,D:\Programming\python_example\Arcana\data-lake\bronze\consensus\fmp\analyst-estimates\period=quarter\snapshot_date=2026-07-31\ticker=CNX.json,505a56c98e2cdb25701bf1a5fe8edf67aade9e3cc4754137c5aed2f0d91a8a13,2026-09-02T16:40:54+00:00
2026-07-31,CNX,2016Q3,FMP,REVENUE_USD,399840000.0,D:\Programming\python_example\Arcana\data-lake\bronze\consensus\fmp\analyst-estimates\period=quarter\snapshot_date=2026-07-31\ticker=CNX.json,505a56c98e2cdb25701bf1a5fe8edf67aade9e3cc4754137c5aed2f0d91a8a13,2026-09-02T16:40:54+00:00
2026-07-31,CNX,2016Q2,FMP,REVENUE_USD,382371428.0,D:\Programming\python_example\Arcana\data-lake\bronze\consensus\fmp\analyst-estimates\period=quarter\snapshot_date=2026-07-31\ticker=CNX.json,505a56c98e2cdb25701bf1a5fe8edf67aade9e3cc4754137c5aed2f0d91a8a13,2026-09-02T16:40:54+00:00
2026-07-31,CNX,2016Q1,FMP,REVENUE_USD,499314285.0,D:\Programming\python_example\Arcana\data-lake\bronze\consensus\fmp\analyst-estimates\period=quarter\snapshot_date=2026-07-31\ticker=CNX.json,505a56c98e2cdb25701bf1a5fe8edf67aade9e3cc4754137c5aed2f0d91a8a13,2026-09-02T16:40:54+00:00
2026-07-31,CNX,2015Q4,FMP,REVENUE_USD,385527272.0,D:\Programming\python_example\Arcana\data-lake\bronze\consensus\fmp\analyst-estimates\period=quarter\snapshot_date=2026-07-31\ticker=CNX.json,505a56c98e2cdb25701bf1a5fe8edf67aade9e3cc4754137c5aed2f0d91a8a13,2026-09-02T16:40:54+00:00
2026-07-31,CNX,2015Q3,FMP,REVENUE_USD,87642857.0,D:\Programming\python_example\Arcana\data-lake\bronze\consensus\fmp\analyst-estimates\period=quarter\snapshot_date=2026-07-31\ticker=CNX.json,505a56c98e2cdb25701bf1a5fe8edf67aade9e3cc4754137c5aed2f0d91a8a13,2026-09-02T16:40:54+00:00
2026-07-31,CNX,2015Q2,FMP,REVENUE_USD,13181081.0,D:\Programming\python_example\Arcana\data-lake\bronze\consensus\fmp\analyst-estimates\period=quarter\snapshot_date=2026-07-31\ticker=CNX.json,505a56c98e2cdb25701bf1a5fe8edf67aade9e3cc4754137c5aed2f0d91a8a13,2026-09-02T16:40:54+00:00
2026-07-31,CNX,2015Q1,FMP,REVENUE_USD,222124324.0,D:\Programming\python_example\Arcana\data-lake\bronze\consensus\fmp\analyst-estimates\period=quarter\snapshot_date=2026-07-31\ticker=CNX.json,505a56c98e2cdb25701bf1a5fe8edf67aade9e3cc4754137c5aed2f0d91a8a13,2026-09-02T16:40:54+00:00
2026-07-31,CNX,2014Q4,FMP,REVENUE_USD,254000000.0,D:\Programming\python_example\Arcana\data-lake\bronze\consensus\fmp\analyst-estimates\period=quarter\snapshot_date=2026-07-31\ticker=CNX.json,505a56c98e2cdb25701bf1a5fe8edf67aade9e3cc4754137c5aed2f0d91a8a13,2026-09-02T16:40:54+00:00
2026-07-31,CNX,2014Q3,FMP,REVENUE_USD,1765522222.0,D:\Programming\python_example\Arcana\data-lake\bronze\consensus\fmp\analyst-estimates\period=quarter\snapshot_date=2026-07-31\ticker=CNX.json,505a56c98e2cdb25701bf1a5fe8edf67aade9e3cc4754137c5aed2f0d91a8a13,2026-09-02T16:40:54+00:00
2026-07-31,CNX,2014Q2,FMP,REVENUE_USD,3092857142.0,D:\Programming\python_example\Arcana\data-lake\bronze\consensus\fmp\analyst-estimates\period=quarter\snapshot_date=2026-07-31\ticker=CNX.json,505a56c98e2cdb25701bf1a5fe8edf67aade9e3cc4754137c5aed2f0d91a8a13,2026-09-02T16:40:54+00:00
2026-07-31,CNX,2014Q1,FMP,REVENUE_USD,326369811.0,D:\Programming\python_example\Arcana\data-lake\bronze\consensus\fmp\analyst-estimates\period=quarter\snapshot_date=2026-07-31\ticker=CNX.json,505a56c98e2cdb25701bf1a5fe8edf67aade9e3cc4754137c5aed2f0d91a8a13,2026-09-02T16:40:54+00:00
2026-07-31,CNX,2013Q4,FMP,REVENUE_USD,26765517.0,D:\Programming\python_example\Arcana\data-lake\bronze\consensus\fmp\analyst-estimates\period=quarter\snapshot_date=2026-07-31\ticker=CNX.json,505a56c98e2cdb25701bf1a5fe8edf67aade9e3cc4754137c5aed2f0d91a8a13,2026-09-02T16:40:54+00:00
2026-07-31,CNX,2013Q3,FMP,REVENUE_USD,99482608.0,D:\Programming\python_example\Arcana\data-lake\bronze\consensus\fmp\analyst-estimates\period=quarter\snapshot_date=2026-07-31\ticker=CNX.json,505a56c98e2cdb25701bf1a5fe8edf67aade9e3cc4754137c5aed2f0d91a8a13,2026-09-02T16:40:54+00:00
2026-07-31,CNX,2013Q2,FMP,REVENUE_USD,4361066666.0,D:\Programming\python_example\Arcana\data-lake\bronze\consensus\fmp\analyst-estimates\period=quarter\snapshot_date=2026-07-31\ticker=CNX.json,505a56c98e2cdb25701bf1a5fe8edf67aade9e3cc4754137c5aed2f0d91a8a13,2026-09-02T16:40:54+00:00
2026-07-31,CNX,2013Q1,FMP,REVENUE_USD,812300000.0,D:\Programming\python_example\Arcana\data-lake\bronze\consensus\fmp\analyst-estimates\period=quarter\snapshot_date=2026-07-31\ticker=CNX.json,505a56c98e2cdb25701bf1a5fe8edf67aade9e3cc4754137c5aed2f0d91a8a13,2026-09-02T16:40:54+00:00
2026-07-31,CNX,2012Q4,FMP,REVENUE_USD,757394084.0,D:\Programming\python_example\Arcana\data-lake\bronze\consensus\fmp\analyst-estimates\period=quarter\snapshot_date=2026-07-31\ticker=CNX.json,505a56c98e2cdb25701bf1a5fe8edf67aade9e3cc4754137c5aed2f0d91a8a13,2026-09-02T16:40:54+00:00
2026-07-31,CNX,2012Q2,FMP,REVENUE_USD,1329474193.0,D:\Programming\python_example\Arcana\data-lake\bronze\consensus\fmp\analyst-estimates\period=quarter\snapshot_date=2026-07-31\ticker=CNX.json,505a56c98e2cdb25701bf1a5fe8edf67aade9e3cc4754137c5aed2f0d91a8a13,2026-09-02T16:40:54+00:00
2026-07-31,CNX,2012Q1,FMP,REVENUE_USD,1897152380.0,D:\Programming\python_example\Arcana\data-lake\bronze\consensus\fmp\analyst-estimates\period=quarter\snapshot_date=2026-07-31\ticker=CNX.json,505a56c98e2cdb25701bf1a5fe8edf67aade9e3cc4754137c5aed2f0d91a8a13,2026-09-02T16:40:54+00:00
2026-07-31,CNX,2011Q4,FMP,REVENUE_USD,1354507142.0,D:\Programming\python_example\Arcana\data-lake\bronze\consensus\fmp\analyst-estimates\period=quarter\snapshot_date=2026-07-31\ticker=CNX.json,505a56c98e2cdb25701bf1a5fe8edf67aade9e3cc4754137c5aed2f0d91a8a13,2026-09-02T16:40:54+00:00
2026-07-31,CNX,2011Q3,FMP,REVENUE_USD,213350000.0,D:\Programming\python_example\Arcana\data-lake\bronze\consensus\fmp\analyst-estimates\period=quarter\snapshot_date=2026-07-31\ticker=CNX.json,505a56c98e2cdb25701bf1a5fe8edf67aade9e3cc4754137c5aed2f0d91a8a13,2026-09-02T16:40:54+00:00
2026-07-31,CNX,2011Q2,FMP,REVENUE_USD,1645263157.0,D:\Programming\python_example\Arcana\data-lake\bronze\consensus\fmp\analyst-estimates\period=quarter\snapshot_date=2026-07-31\ticker=CNX.json,505a56c98e2cdb25701bf1a5fe8edf67aade9e3cc4754137c5aed2f0d91a8a13,2026-09-02T16:40:54+00:00
2026-07-31,CNX,2011Q1,FMP,REVENUE_USD,1373523809.0,D:\Programming\python_example\Arcana\data-lake\bronze\consensus\fmp\analyst-estimates\period=quarter\snapshot_date=2026-07-31\ticker=CNX.json,505a56c98e2cdb25701bf1a5fe8edf67aade9e3cc4754137c5aed2f0d91a8a13,2026-09-02T16:40:54+00:00
2026-07-31,CNX,2010Q4,FMP,REVENUE_USD,1361657407.0,D:\Programming\python_example\Arcana\data-lake\bronze\consensus\fmp\analyst-estimates\period=quarter\snapshot_date=2026-07-31\ticker=CNX.json,505a56c98e2cdb25701bf1a5fe8edf67aade9e3cc4754137c5aed2f0d91a8a13,2026-09-02T16:40:54+00:00
2026-07-31,CNX,2010Q3,FMP,REVENUE_USD,1709222727.0,D:\Programming\python_example\Arcana\data-lake\bronze\consensus\fmp\analyst-estimates\period=quarter\snapshot_date=2026-07-31\ticker=CNX.json,505a56c98e2cdb25701bf1a5fe8edf67aade9e3cc4754137c5aed2f0d91a8a13,2026-09-02T16:40:54+00:00
2026-07-31,CNX,2010Q2,FMP,REVENUE_USD,1854013333.0,D:\Programming\python_example\Arcana\data-lake\bronze\consensus\fmp\analyst-estimates\period=quarter\snapshot_date=2026-07-31\ticker=CNX.json,505a56c98e2cdb25701bf1a5fe8edf67aade9e3cc4754137c5aed2f0d91a8a13,2026-09-02T16:40:54+00:00
2026-07-31,CNX,2010Q1,FMP,REVENUE_USD,1089124705.0,D:\Programming\python_example\Arcana\data-lake\bronze\consensus\fmp\analyst-estimates\period=quarter\snapshot_date=2026-07-31\ticker=CNX.json,505a56c98e2cdb25701bf1a5fe8edf67aade9e3cc4754137c5aed2f0d91a8a13,2026-09-02T16:40:54+00:00
2026-07-31,CNX,2009Q4,FMP,REVENUE_USD,1151458974.0,D:\Programming\python_example\Arcana\data-lake\bronze\consensus\fmp\analyst-estimates\period=quarter\snapshot_date=2026-07-31\ticker=CNX.json,505a56c98e2cdb25701bf1a5fe8edf67aade9e3cc4754137c5aed2f0d91a8a13,2026-09-02T16:40:54+00:00
2026-07-31,CNX,2009Q3,FMP,REVENUE_USD,1469462500.0,D:\Programming\python_example\Arcana\data-lake\bronze\consensus\fmp\analyst-estimates\period=quarter\snapshot_date=2026-07-31\ticker=CNX.json,505a56c98e2cdb25701bf1a5fe8edf67aade9e3cc4754137c5aed2f0d91a8a13,2026-09-02T16:40:54+00:00
2026-07-31,CNX,2009Q2,FMP,REVENUE_USD,1330451612.0,D:\Programming\python_example\Arcana\data-lake\bronze\consensus\fmp\analyst-estimates\period=quarter\snapshot_date=2026-07-31\ticker=CNX.json,505a56c98e2cdb25701bf1a5fe8edf67aade9e3cc4754137c5aed2f0d91a8a13,2026-09-02T16:40:54+00:00
2026-07-31,CNX,2009Q1,FMP,REVENUE_USD,1029286111.0,D:\Programming\python_example\Arcana\data-lake\bronze\consensus\fmp\analyst-estimates\period=quarter\snapshot_date=2026-07-31\ticker=CNX.json,505a56c98e2cdb25701bf1a5fe8edf67aade9e3cc4754137c5aed2f0d91a8a13,2026-09-02T16:40:54+00:00
2026-07-31,CNX,2008Q4,FMP,REVENUE_USD,778277319.0,D:\Programming\python_example\Arcana\data-lake\bronze\consensus\fmp\analyst-estimates\period=quarter\snapshot_date=2026-07-31\ticker=CNX.json,505a56c98e2cdb25701bf1a5fe8edf67aade9e3cc4754137c5aed2f0d91a8a13,2026-09-02T16:40:54+00:00
2026-07-31,CNX,2008Q3,FMP,REVENUE_USD,1067763265.0,D:\Programming\python_example\Arcana\data-lake\bronze\consensus\fmp\analyst-estimates\period=quarter\snapshot_date=2026-07-31\ticker=CNX.json,505a56c98e2cdb25701bf1a5fe8edf67aade9e3cc4754137c5aed2f0d91a8a13,2026-09-02T16:40:54+00:00
2026-07-31,CNX,2008Q2,FMP,REVENUE_USD,1777037037.0,D:\Programming\python_example\Arcana\data-lake\bronze\consensus\fmp\analyst-estimates\period=quarter\snapshot_date=2026-07-31\ticker=CNX.json,505a56c98e2cdb25701bf1a5fe8edf67aade9e3cc4754137c5aed2f0d91a8a13,2026-09-02T16:40:54+00:00
2026-07-31,CNX,2008Q1,FMP,REVENUE_USD,1159878048.0,D:\Programming\python_example\Arcana\data-lake\bronze\consensus\fmp\analyst-estimates\period=quarter\snapshot_date=2026-07-31\ticker=CNX.json,505a56c98e2cdb25701bf1a5fe8edf67aade9e3cc4754137c5aed2f0d91a8a13,2026-09-02T16:40:54+00:00
2026-07-31,CNX,2007Q4,FMP,REVENUE_USD,7555650000.0,D:\Programming\python_example\Arcana\data-lake\bronze\consensus\fmp\analyst-estimates\period=quarter\snapshot_date=2026-07-31\ticker=CNX.json,505a56c98e2cdb25701bf1a5fe8edf67aade9e3cc4754137c5aed2f0d91a8a13,2026-09-02T16:40:54+00:00
2026-07-31,CNX,2007Q3,FMP,REVENUE_USD,7064166666.0,D:\Programming\python_example\Arcana\data-lake\bronze\consensus\fmp\analyst-estimates\period=quarter\snapshot_date=2026-07-31\ticker=CNX.json,505a56c98e2cdb25701bf1a5fe8edf67aade9e3cc4754137c5aed2f0d91a8a13,2026-09-02T16:40:54+00:00
2026-07-31,CNX,2007Q2,FMP,REVENUE_USD,667339759.0,D:\Programming\python_example\Arcana\data-lake\bronze\consensus\fmp\analyst-estimates\period=quarter\snapshot_date=2026-07-31\ticker=CNX.json,505a56c98e2cdb25701bf1a5fe8edf67aade9e3cc4754137c5aed2f0d91a8a13,2026-09-02T16:40:54+00:00
2026-07-31,CNX,2007Q1,FMP,REVENUE_USD,817140983.0,D:\Programming\python_example\Arcana\data-lake\bronze\consensus\fmp\analyst-estimates\period=quarter\snapshot_date=2026-07-31\ticker=CNX.json,505a56c98e2cdb25701bf1a5fe8edf67aade9e3cc4754137c5aed2f0d91a8a13,2026-09-02T16:40:54+00:00
2026-07-31,CNX,2006Q4,FMP,REVENUE_USD,736278260.0,D:\Programming\python_example\Arcana\data-lake\bronze\consensus\fmp\analyst-estimates\period=quarter\snapshot_date=2026-07-31\ticker=CNX.json,505a56c98e2cdb25701bf1a5fe8edf67aade9e3cc4754137c5aed2f0d91a8a13,2026-09-02T16:40:54+00:00
2026-07-31,CNX,2006Q3,FMP,REVENUE_USD,1377274074.0,D:\Programming\python_example\Arcana\data-lake\bronze\consensus\fmp\analyst-estimates\period=quarter\snapshot_date=2026-07-31\ticker=CNX.json,505a56c98e2cdb25701bf1a5fe8edf67aade9e3cc4754137c5aed2f0d91a8a13,2026-09-02T16:40:54+00:00
2026-07-31,CNX,2006Q2,FMP,REVENUE_USD,977494736.0,D:\Programming\python_example\Arcana\data-lake\bronze\consensus\fmp\analyst-estimates\period=quarter\snapshot_date=2026-07-31\ticker=CNX.json,505a56c98e2cdb25701bf1a5fe8edf67aade9e3cc4754137c5aed2f0d91a8a13,2026-09-02T16:40:54+00:00
2026-07-31,CNX,2006Q1,FMP,REVENUE_USD,845641791.0,D:\Programming\python_example\Arcana\data-lake\bronze\consensus\fmp\analyst-estimates\period=quarter\snapshot_date=2026-07-31\ticker=CNX.json,505a56c98e2cdb25701bf1a5fe8edf67aade9e3cc4754137c5aed2f0d91a8a13,2026-09-02T16:40:54+00:00
2026-07-31,CNX,2005Q4,FMP,REVENUE_USD,827245487.0,D:\Programming\python_example\Arcana\data-lake\bronze\consensus\fmp\analyst-estimates\period=quarter\snapshot_date=2026-07-31\ticker=CNX.json,505a56c98e2cdb25701bf1a5fe8edf67aade9e3cc4754137c5aed2f0d91a8a13,2026-09-02T16:40:54+00:00
2026-07-31,CNX,2005Q3,FMP,REVENUE_USD,1718022222.0,D:\Programming\python_example\Arcana\data-lake\bronze\consensus\fmp\analyst-estimates\period=quarter\snapshot_date=2026-07-31\ticker=CNX.json,505a56c98e2cdb25701bf1a5fe8edf67aade9e3cc4754137c5aed2f0d91a8a13,2026-09-02T16:40:54+00:00
2026-07-31,CNX,2005Q2,FMP,REVENUE_USD,770812121.0,D:\Programming\python_example\Arcana\data-lake\bronze\consensus\fmp\analyst-estimates\period=quarter\snapshot_date=2026-07-31\ticker=CNX.json,505a56c98e2cdb25701bf1a5fe8edf67aade9e3cc4754137c5aed2f0d91a8a13,2026-09-02T16:40:54+00:00
2026-07-31,CNX,2005Q1,FMP,REVENUE_USD,560478048.0,D:\Programming\python_example\Arcana\data-lake\bronze\consensus\fmp\analyst-estimates\period=quarter\snapshot_date=2026-07-31\ticker=CNX.json,505a56c98e2cdb25701bf1a5fe8edf67aade9e3cc4754137c5aed2f0d91a8a13,2026-09-02T16:40:54+00:00
2026-07-31,CNX,2004Q4,FMP,REVENUE_USD,600995193.0,D:\Programming\python_example\Arcana\data-lake\bronze\consensus\fmp\analyst-estimates\period=quarter\snapshot_date=2026-07-31\ticker=CNX.json,505a56c98e2cdb25701bf1a5fe8edf67aade9e3cc4754137c5aed2f0d91a8a13,2026-09-02T16:40:54+00:00
2026-07-31,CNX,2004Q3,FMP,REVENUE_USD,1384500000.0,D:\Programming\python_example\Arcana\data-lake\bronze\consensus\fmp\analyst-estimates\period=quarter\snapshot_date=2026-07-31\ticker=CNX.json,505a56c98e2cdb25701bf1a5fe8edf67aade9e3cc4754137c5aed2f0d91a8a13,2026-09-02T16:40:54+00:00
2026-07-31,CNX,2004Q2,FMP,REVENUE_USD,513621428.0,D:\Programming\python_example\Arcana\data-lake\bronze\consensus\fmp\analyst-estimates\period=quarter\snapshot_date=2026-07-31\ticker=CNX.json,505a56c98e2cdb25701bf1a5fe8edf67aade9e3cc4754137c5aed2f0d91a8a13,2026-09-02T16:40:54+00:00
2026-07-31,CNX,2004Q1,FMP,REVENUE_USD,508827272.0,D:\Programming\python_example\Arcana\data-lake\bronze\consensus\fmp\analyst-estimates\period=quarter\snapshot_date=2026-07-31\ticker=CNX.json,505a56c98e2cdb25701bf1a5fe8edf67aade9e3cc4754137c5aed2f0d91a8a13,2026-09-02T16:40:54+00:00
2026-07-31,CNX,2003Q4,FMP,REVENUE_USD,514161758.0,D:\Programming\python_example\Arcana\data-lake\bronze\consensus\fmp\analyst-estimates\period=quarter\snapshot_date=2026-07-31\ticker=CNX.json,505a56c98e2cdb25701bf1a5fe8edf67aade9e3cc4754137c5aed2f0d91a8a13,2026-09-02T16:40:54+00:00
2026-07-31,CNX,2003Q3,FMP,REVENUE_USD,269450000.0,D:\Programming\python_example\Arcana\data-lake\bronze\consensus\fmp\analyst-estimates\period=quarter\snapshot_date=2026-07-31\ticker=CNX.json,505a56c98e2cdb25701bf1a5fe8edf67aade9e3cc4754137c5aed2f0d91a8a13,2026-09-02T16:40:54+00:00
2026-07-31,CNX,2003Q2,FMP,REVENUE_USD,690171428.0,D:\Programming\python_example\Arcana\data-lake\bronze\consensus\fmp\analyst-estimates\period=quarter\snapshot_date=2026-07-31\ticker=CNX.json,505a56c98e2cdb25701bf1a5fe8edf67aade9e3cc4754137c5aed2f0d91a8a13,2026-09-02T16:40:54+00:00
2026-07-31,CNX,2003Q1,FMP,REVENUE_USD,270250000.0,D:\Programming\python_example\Arcana\data-lake\bronze\consensus\fmp\analyst-estimates\period=quarter\snapshot_date=2026-07-31\ticker=CNX.json,505a56c98e2cdb25701bf1a5fe8edf67aade9e3cc4754137c5aed2f0d91a8a13,2026-09-02T16:40:54+00:00
2026-07-31,CNX,2002Q3,FMP,REVENUE_USD,1211850000.0,D:\Programming\python_example\Arcana\data-lake\bronze\consensus\fmp\analyst-estimates\period=quarter\snapshot_date=2026-07-31\ticker=CNX.json,505a56c98e2cdb25701bf1a5fe8edf67aade9e3cc4754137c5aed2f0d91a8a13,2026-09-02T16:40:54+00:00
2026-07-31,CNX,2002Q2,FMP,REVENUE_USD,430916666.0,D:\Programming\python_example\Arcana\data-lake\bronze\consensus\fmp\analyst-estimates\period=quarter\snapshot_date=2026-07-31\ticker=CNX.json,505a56c98e2cdb25701bf1a5fe8edf67aade9e3cc4754137c5aed2f0d91a8a13,2026-09-02T16:40:54+00:00
2026-07-31,CNX,2002Q1,FMP,REVENUE_USD,541600000.0,D:\Programming\python_example\Arcana\data-lake\bronze\consensus\fmp\analyst-estimates\period=quarter\snapshot_date=2026-07-31\ticker=CNX.json,505a56c98e2cdb25701bf1a5fe8edf67aade9e3cc4754137c5aed2f0d91a8a13,2026-09-02T16:40:54+00:00
2026-07-31,CNX,2001Q3,FMP,REVENUE_USD,298228571.0,D:\Programming\python_example\Arcana\data-lake\bronze\consensus\fmp\analyst-estimates\period=quarter\snapshot_date=2026-07-31\ticker=CNX.json,505a56c98e2cdb25701bf1a5fe8edf67aade9e3cc4754137c5aed2f0d91a8a13,2026-09-02T16:40:54+00:00
2026-07-31,CNX,2001Q2,FMP,REVENUE_USD,721696900.0,D:\Programming\python_example\Arcana\data-lake\bronze\consensus\fmp\analyst-estimates\period=quarter\snapshot_date=2026-07-31\ticker=CNX.json,505a56c98e2cdb25701bf1a5fe8edf67aade9e3cc4754137c5aed2f0d91a8a13,2026-09-02T16:40:54+00:00
2026-07-31,CNX,2001Q1,FMP,REVENUE_USD,568960000.0,D:\Programming\python_example\Arcana\data-lake\bronze\consensus\fmp\analyst-estimates\period=quarter\snapshot_date=2026-07-31\ticker=CNX.json,505a56c98e2cdb25701bf1a5fe8edf67aade9e3cc4754137c5aed2f0d91a8a13,2026-09-02T16:40:54+00:00
2026-07-31,CNX,2000Q4,FMP,REVENUE_USD,686273684.0,D:\Programming\python_example\Arcana\data-lake\bronze\consensus\fmp\analyst-estimates\period=quarter\snapshot_date=2026-07-31\ticker=CNX.json,505a56c98e2cdb25701bf1a5fe8edf67aade9e3cc4754137c5aed2f0d91a8a13,2026-09-02T16:40:54+00:00
2026-07-31,CNX,2000Q3,FMP,REVENUE_USD,704400000.0,D:\Programming\python_example\Arcana\data-lake\bronze\consensus\fmp\analyst-estimates\period=quarter\snapshot_date=2026-07-31\ticker=CNX.json,505a56c98e2cdb25701bf1a5fe8edf67aade9e3cc4754137c5aed2f0d91a8a13,2026-09-02T16:40:54+00:00
2026-07-31,CNX,2000Q2,FMP,REVENUE_USD,541268869.0,D:\Programming\python_example\Arcana\data-lake\bronze\consensus\fmp\analyst-estimates\period=quarter\snapshot_date=2026-07-31\ticker=CNX.json,505a56c98e2cdb25701bf1a5fe8edf67aade9e3cc4754137c5aed2f0d91a8a13,2026-09-02T16:40:54+00:00
2026-07-31,CNX,2000Q1,FMP,REVENUE_USD,433840000.0,D:\Programming\python_example\Arcana\data-lake\bronze\consensus\fmp\analyst-estimates\period=quarter\snapshot_date=2026-07-31\ticker=CNX.json,505a56c98e2cdb25701bf1a5fe8edf67aade9e3cc4754137c5aed2f0d91a8a13,2026-09-02T16:40:54+00:00
2026-07-31,CNX,1999Q4,FMP,REVENUE_USD,536700000.0,D:\Programming\python_example\Arcana\data-lake\bronze\consensus\fmp\analyst-estimates\period=quarter\snapshot_date=2026-07-31\ticker=CNX.json,505a56c98e2cdb25701bf1a5fe8edf67aade9e3cc4754137c5aed2f0d91a8a13,2026-09-02T16:40:54+00:00
2026-07-31,CNX,1999Q3,FMP,REVENUE_USD,700714285.0,D:\Programming\python_example\Arcana\data-lake\bronze\consensus\fmp\analyst-estimates\period=quarter\snapshot_date=2026-07-31\ticker=CNX.json,505a56c98e2cdb25701bf1a5fe8edf67aade9e3cc4754137c5aed2f0d91a8a13,2026-09-02T16:40:54+00:00
2026-07-31,CNX,1999Q2,FMP,REVENUE_USD,363105882.0,D:\Programming\python_example\Arcana\data-lake\bronze\consensus\fmp\analyst-estimates\period=quarter\snapshot_date=2026-07-31\ticker=CNX.json,505a56c98e2cdb25701bf1a5fe8edf67aade9e3cc4754137c5aed2f0d91a8a13,2026-09-02T16:40:54+00:00
2026-07-31,COP,2030Q4,FMP,REVENUE_USD,27180915113.0,D:\Programming\python_example\Arcana\data-lake\bronze\consensus\fmp\analyst-estimates\period=quarter\snapshot_date=2026-07-31\ticker=COP.json,e38c668d768d2f2f34cb2d7d3f3747bbae72446b7704b321800c6a3fd311318e,2026-09-02T16:40:54+00:00
2026-07-31,COP,2030Q3,FMP,REVENUE_USD,26437978303.0,D:\Programming\python_example\Arcana\data-lake\bronze\consensus\fmp\analyst-estimates\period=quarter\snapshot_date=2026-07-31\ticker=COP.json,e38c668d768d2f2f34cb2d7d3f3747bbae72446b7704b321800c6a3fd311318e,2026-09-02T16:40:54+00:00
2026-07-31,COP,2030Q2,FMP,REVENUE_USD,25715348209.0,D:\Programming\python_example\Arcana\data-lake\bronze\consensus\fmp\analyst-estimates\period=quarter\snapshot_date=2026-07-31\ticker=COP.json,e38c668d768d2f2f34cb2d7d3f3747bbae72446b7704b321800c6a3fd311318e,2026-09-02T16:40:54+00:00
2026-07-31,COP,2030Q1,FMP,REVENUE_USD,25012469786.0,D:\Programming\python_example\Arcana\data-lake\bronze\consensus\fmp\analyst-estimates\period=quarter\snapshot_date=2026-07-31\ticker=COP.json,e38c668d768d2f2f34cb2d7d3f3747bbae72446b7704b321800c6a3fd311318e,2026-09-02T16:40:54+00:00
2026-07-31,COP,2029Q4,FMP,REVENUE_USD,24328803161.0,D:\Programming\python_example\Arcana\data-lake\bronze\consensus\fmp\analyst-estimates\period=quarter\snapshot_date=2026-07-31\ticker=COP.json,e38c668d768d2f2f34cb2d7d3f3747bbae72446b7704b321800c6a3fd311318e,2026-09-02T16:40:54+00:00
2026-07-31,COP,2029Q3,FMP,REVENUE_USD,23663823218.0,D:\Programming\python_example\Arcana\data-lake\bronze\consensus\fmp\analyst-estimates\period=quarter\snapshot_date=2026-07-31\ticker=COP.json,e38c668d768d2f2f34cb2d7d3f3747bbae72446b7704b321800c6a3fd311318e,2026-09-02T16:40:54+00:00
2026-07-31,COP,2029Q2,FMP,REVENUE_USD,23017019192.0,D:\Programming\python_example\Arcana\data-lake\bronze\consensus\fmp\analyst-estimates\period=quarter\snapshot_date=2026-07-31\ticker=COP.json,e38c668d768d2f2f34cb2d7d3f3747bbae72446b7704b321800c6a3fd311318e,2026-09-02T16:40:54+00:00
2026-07-31,COP,2029Q1,FMP,REVENUE_USD,22387894281.0,D:\Programming\python_example\Arcana\data-lake\bronze\consensus\fmp\analyst-estimates\period=quarter\snapshot_date=2026-07-31\ticker=COP.json,e38c668d768d2f2f34cb2d7d3f3747bbae72446b7704b321800c6a3fd311318e,2026-09-02T16:40:54+00:00
2026-07-31,COP,2028Q4,FMP,REVENUE_USD,17782269293.0,D:\Programming\python_example\Arcana\data-lake\bronze\consensus\fmp\analyst-estimates\period=quarter\snapshot_date=2026-07-31\ticker=COP.json,e38c668d768d2f2f34cb2d7d3f3747bbae72446b7704b321800c6a3fd311318e,2026-09-02T16:40:54+00:00
2026-07-31,COP,2028Q3,FMP,REVENUE_USD,17449353310.0,D:\Programming\python_example\Arcana\data-lake\bronze\consensus\fmp\analyst-estimates\period=quarter\snapshot_date=2026-07-31\ticker=COP.json,e38c668d768d2f2f34cb2d7d3f3747bbae72446b7704b321800c6a3fd311318e,2026-09-02T16:40:54+00:00
2026-07-31,COP,2028Q2,FMP,REVENUE_USD,16970731985.0,D:\Programming\python_example\Arcana\data-lake\bronze\consensus\fmp\analyst-estimates\period=quarter\snapshot_date=2026-07-31\ticker=COP.json,e38c668d768d2f2f34cb2d7d3f3747bbae72446b7704b321800c6a3fd311318e,2026-09-02T16:40:54+00:00
2026-07-31,COP,2028Q1,FMP,REVENUE_USD,17047776463.0,D:\Programming\python_example\Arcana\data-lake\bronze\consensus\fmp\analyst-estimates\period=quarter\snapshot_date=2026-07-31\ticker=COP.json,e38c668d768d2f2f34cb2d7d3f3747bbae72446b7704b321800c6a3fd311318e,2026-09-02T16:40:54+00:00
2026-07-31,COP,2027Q4,FMP,REVENUE_USD,16816620363.0,D:\Programming\python_example\Arcana\data-lake\bronze\consensus\fmp\analyst-estimates\period=quarter\snapshot_date=2026-07-31\ticker=COP.json,e38c668d768d2f2f34cb2d7d3f3747bbae72446b7704b321800c6a3fd311318e,2026-09-02T16:40:54+00:00
2026-07-31,COP,2027Q3,FMP,REVENUE_USD,16603303385.0,D:\Programming\python_example\Arcana\data-lake\bronze\consensus\fmp\analyst-estimates\period=quarter\snapshot_date=2026-07-31\ticker=COP.json,e38c668d768d2f2f34cb2d7d3f3747bbae72446b7704b321800c6a3fd311318e,2026-09-02T16:40:54+00:00
2026-07-31,COP,2027Q2,FMP,REVENUE_USD,16250250920.0,D:\Programming\python_example\Arcana\data-lake\bronze\consensus\fmp\analyst-estimates\period=quarter\snapshot_date=2026-07-31\ticker=COP.json,e38c668d768d2f2f34cb2d7d3f3747bbae72446b7704b321800c6a3fd311318e,2026-09-02T16:40:54+00:00
2026-07-31,COP,2027Q1,FMP,REVENUE_USD,16195649790.0,D:\Programming\python_example\Arcana\data-lake\bronze\consensus\fmp\analyst-estimates\period=quarter\snapshot_date=2026-07-31\ticker=COP.json,e38c668d768d2f2f34cb2d7d3f3747bbae72446b7704b321800c6a3fd311318e,2026-09-02T16:40:54+00:00
2026-07-31,COP,2026Q4,FMP,REVENUE_USD,17047594475.0,D:\Programming\python_example\Arcana\data-lake\bronze\consensus\fmp\analyst-estimates\period=quarter\snapshot_date=2026-07-31\ticker=COP.json,e38c668d768d2f2f34cb2d7d3f3747bbae72446b7704b321800c6a3fd311318e,2026-09-02T16:40:54+00:00
2026-07-31,COP,2026Q3,FMP,REVENUE_USD,17242451983.0,D:\Programming\python_example\Arcana\data-lake\bronze\consensus\fmp\analyst-estimates\period=quarter\snapshot_date=2026-07-31\ticker=COP.json,e38c668d768d2f2f34cb2d7d3f3747bbae72446b7704b321800c6a3fd311318e,2026-09-02T16:40:54+00:00
2026-07-31,COP,2026Q2,FMP,REVENUE_USD,18786707100.0,D:\Programming\python_example\Arcana\data-lake\bronze\consensus\fmp\analyst-estimates\period=quarter\snapshot_date=2026-07-31\ticker=COP.json,e38c668d768d2f2f34cb2d7d3f3747bbae72446b7704b321800c6a3fd311318e,2026-09-02T16:40:54+00:00
2026-07-31,COP,2026Q1,FMP,REVENUE_USD,15618328774.0,D:\Programming\python_example\Arcana\data-lake\bronze\consensus\fmp\analyst-estimates\period=quarter\snapshot_date=2026-07-31\ticker=COP.json,e38c668d768d2f2f34cb2d7d3f3747bbae72446b7704b321800c6a3fd311318e,2026-09-02T16:40:54+00:00
2026-07-31,COP,2025Q4,FMP,REVENUE_USD,13946586471.0,D:\Programming\python_example\Arcana\data-lake\bronze\consensus\fmp\analyst-estimates\period=quarter\snapshot_date=2026-07-31\ticker=COP.json,e38c668d768d2f2f34cb2d7d3f3747bbae72446b7704b321800c6a3fd311318e,2026-09-02T16:40:54+00:00
2026-07-31,COP,2025Q3,FMP,REVENUE_USD,14607305540.0,D:\Programming\python_example\Arcana\data-lake\bronze\consensus\fmp\analyst-estimates\period=quarter\snapshot_date=2026-07-31\ticker=COP.json,e38c668d768d2f2f34cb2d7d3f3747bbae72446b7704b321800c6a3fd311318e,2026-09-02T16:40:54+00:00
2026-07-31,COP,2025Q2,FMP,REVENUE_USD,14678769813.0,D:\Programming\python_example\Arcana\data-lake\bronze\consensus\fmp\analyst-estimates\period=quarter\snapshot_date=2026-07-31\ticker=COP.json,e38c668d768d2f2f34cb2d7d3f3747bbae72446b7704b321800c6a3fd311318e,2026-09-02T16:40:54+00:00
2026-07-31,COP,2025Q1,FMP,REVENUE_USD,15992055221.0,D:\Programming\python_example\Arcana\data-lake\bronze\consensus\fmp\analyst-estimates\period=quarter\snapshot_date=2026-07-31\ticker=COP.json,e38c668d768d2f2f34cb2d7d3f3747bbae72446b7704b321800c6a3fd311318e,2026-09-02T16:40:54+00:00
2026-07-31,COP,2024Q4,FMP,REVENUE_USD,14449704443.0,D:\Programming\python_example\Arcana\data-lake\bronze\consensus\fmp\analyst-estimates\period=quarter\snapshot_date=2026-07-31\ticker=COP.json,e38c668d768d2f2f34cb2d7d3f3747bbae72446b7704b321800c6a3fd311318e,2026-09-02T16:40:54+00:00
2026-07-31,COP,2024Q3,FMP,REVENUE_USD,13973895562.0,D:\Programming\python_example\Arcana\data-lake\bronze\consensus\fmp\analyst-estimates\period=quarter\snapshot_date=2026-07-31\ticker=COP.json,e38c668d768d2f2f34cb2d7d3f3747bbae72446b7704b321800c6a3fd311318e,2026-09-02T16:40:54+00:00
2026-07-31,COP,2024Q2,FMP,REVENUE_USD,14956302915.0,D:\Programming\python_example\Arcana\data-lake\bronze\consensus\fmp\analyst-estimates\period=quarter\snapshot_date=2026-07-31\ticker=COP.json,e38c668d768d2f2f34cb2d7d3f3747bbae72446b7704b321800c6a3fd311318e,2026-09-02T16:40:54+00:00
2026-07-31,COP,2024Q1,FMP,REVENUE_USD,14955616841.0,D:\Programming\python_example\Arcana\data-lake\bronze\consensus\fmp\analyst-estimates\period=quarter\snapshot_date=2026-07-31\ticker=COP.json,e38c668d768d2f2f34cb2d7d3f3747bbae72446b7704b321800c6a3fd311318e,2026-09-02T16:40:54+00:00
2026-07-31,COP,2023Q4,FMP,REVENUE_USD,15146922911.0,D:\Programming\python_example\Arcana\data-lake\bronze\consensus\fmp\analyst-estimates\period=quarter\snapshot_date=2026-07-31\ticker=COP.json,e38c668d768d2f2f34cb2d7d3f3747bbae72446b7704b321800c6a3fd311318e,2026-09-02T16:40:54+00:00
2026-07-31,COP,2023Q3,FMP,REVENUE_USD,14972674402.0,D:\Programming\python_example\Arcana\data-lake\bronze\consensus\fmp\analyst-estimates\period=quarter\snapshot_date=2026-07-31\ticker=COP.json,e38c668d768d2f2f34cb2d7d3f3747bbae72446b7704b321800c6a3fd311318e,2026-09-02T16:40:54+00:00
2026-07-31,COP,2023Q2,FMP,REVENUE_USD,14735178842.0,D:\Programming\python_example\Arcana\data-lake\bronze\consensus\fmp\analyst-estimates\period=quarter\snapshot_date=2026-07-31\ticker=COP.json,e38c668d768d2f2f34cb2d7d3f3747bbae72446b7704b321800c6a3fd311318e,2026-09-02T16:40:54+00:00
2026-07-31,COP,2023Q1,FMP,REVENUE_USD,15775534342.0,D:\Programming\python_example\Arcana\data-lake\bronze\consensus\fmp\analyst-estimates\period=quarter\snapshot_date=2026-07-31\ticker=COP.json,e38c668d768d2f2f34cb2d7d3f3747bbae72446b7704b321800c6a3fd311318e,2026-09-02T16:40:54+00:00
2026-07-31,COP,2022Q4,FMP,REVENUE_USD,18196735111.0,D:\Programming\python_example\Arcana\data-lake\bronze\consensus\fmp\analyst-estimates\period=quarter\snapshot_date=2026-07-31\ticker=COP.json,e38c668d768d2f2f34cb2d7d3f3747bbae72446b7704b321800c6a3fd311318e,2026-09-02T16:40:54+00:00
2026-07-31,COP,2022Q3,FMP,REVENUE_USD,18038334500.0,D:\Programming\python_example\Arcana\data-lake\bronze\consensus\fmp\analyst-estimates\period=quarter\snapshot_date=2026-07-31\ticker=COP.json,e38c668d768d2f2f34cb2d7d3f3747bbae72446b7704b321800c6a3fd311318e,2026-09-02T16:40:54+00:00
2026-07-31,COP,2022Q2,FMP,REVENUE_USD,19560587714.0,D:\Programming\python_example\Arcana\data-lake\bronze\consensus\fmp\analyst-estimates\period=quarter\snapshot_date=2026-07-31\ticker=COP.json,e38c668d768d2f2f34cb2d7d3f3747bbae72446b7704b321800c6a3fd311318e,2026-09-02T16:40:54+00:00
2026-07-31,COP,2022Q1,FMP,REVENUE_USD,17321882875.0,D:\Programming\python_example\Arcana\data-lake\bronze\consensus\fmp\analyst-estimates\period=quarter\snapshot_date=2026-07-31\ticker=COP.json,e38c668d768d2f2f34cb2d7d3f3747bbae72446b7704b321800c6a3fd311318e,2026-09-02T16:40:54+00:00
2026-07-31,COP,2021Q4,FMP,REVENUE_USD,13453129850.0,D:\Programming\python_example\Arcana\data-lake\bronze\consensus\fmp\analyst-estimates\period=quarter\snapshot_date=2026-07-31\ticker=COP.json,e38c668d768d2f2f34cb2d7d3f3747bbae72446b7704b321800c6a3fd311318e,2026-09-02T16:40:54+00:00
2026-07-31,COP,2021Q3,FMP,REVENUE_USD,10724238544.0,D:\Programming\python_example\Arcana\data-lake\bronze\consensus\fmp\analyst-estimates\period=quarter\snapshot_date=2026-07-31\ticker=COP.json,e38c668d768d2f2f34cb2d7d3f3747bbae72446b7704b321800c6a3fd311318e,2026-09-02T16:40:54+00:00
2026-07-31,COP,2021Q2,FMP,REVENUE_USD,9905632056.0,D:\Programming\python_example\Arcana\data-lake\bronze\consensus\fmp\analyst-estimates\period=quarter\snapshot_date=2026-07-31\ticker=COP.json,e38c668d768d2f2f34cb2d7d3f3747bbae72446b7704b321800c6a3fd311318e,2026-09-02T16:40:54+00:00
2026-07-31,COP,2021Q1,FMP,REVENUE_USD,8460718159.0,D:\Programming\python_example\Arcana\data-lake\bronze\consensus\fmp\analyst-estimates\period=quarter\snapshot_date=2026-07-31\ticker=COP.json,e38c668d768d2f2f34cb2d7d3f3747bbae72446b7704b321800c6a3fd311318e,2026-09-02T16:40:54+00:00
2026-07-31,COP,2020Q4,FMP,REVENUE_USD,5671106007.0,D:\Programming\python_example\Arcana\data-lake\bronze\consensus\fmp\analyst-estimates\period=quarter\snapshot_date=2026-07-31\ticker=COP.json,e38c668d768d2f2f34cb2d7d3f3747bbae72446b7704b321800c6a3fd311318e,2026-09-02T16:40:54+00:00
2026-07-31,COP,2020Q3,FMP,REVENUE_USD,5187632714.0,D:\Programming\python_example\Arcana\data-lake\bronze\consensus\fmp\analyst-estimates\period=quarter\snapshot_date=2026-07-31\ticker=COP.json,e38c668d768d2f2f34cb2d7d3f3747bbae72446b7704b321800c6a3fd311318e,2026-09-02T16:40:54+00:00
2026-07-31,COP,2020Q2,FMP,REVENUE_USD,4230823677.0,D:\Programming\python_example\Arcana\data-lake\bronze\consensus\fmp\analyst-estimates\period=quarter\snapshot_date=2026-07-31\ticker=COP.json,e38c668d768d2f2f34cb2d7d3f3747bbae72446b7704b321800c6a3fd311318e,2026-09-02T16:40:54+00:00
2026-07-31,COP,2020Q1,FMP,REVENUE_USD,6239886490.0,D:\Programming\python_example\Arcana\data-lake\bronze\consensus\fmp\analyst-estimates\period=quarter\snapshot_date=2026-07-31\ticker=COP.json,e38c668d768d2f2f34cb2d7d3f3747bbae72446b7704b321800c6a3fd311318e,2026-09-02T16:40:54+00:00
2026-07-31,COP,2019Q4,FMP,REVENUE_USD,8073032969.0,D:\Programming\python_example\Arcana\data-lake\bronze\consensus\fmp\analyst-estimates\period=quarter\snapshot_date=2026-07-31\ticker=COP.json,e38c668d768d2f2f34cb2d7d3f3747bbae72446b7704b321800c6a3fd311318e,2026-09-02T16:40:54+00:00
2026-07-31,COP,2019Q3,FMP,REVENUE_USD,7923286249.0,D:\Programming\python_example\Arcana\data-lake\bronze\consensus\fmp\analyst-estimates\period=quarter\snapshot_date=2026-07-31\ticker=COP.json,e38c668d768d2f2f34cb2d7d3f3747bbae72446b7704b321800c6a3fd311318e,2026-09-02T16:40:54+00:00
2026-07-31,COP,2019Q2,FMP,REVENUE_USD,9161276429.0,D:\Programming\python_example\Arcana\data-lake\bronze\consensus\fmp\analyst-estimates\period=quarter\snapshot_date=2026-07-31\ticker=COP.json,e38c668d768d2f2f34cb2d7d3f3747bbae72446b7704b321800c6a3fd311318e,2026-09-02T16:40:54+00:00
2026-07-31,COP,2019Q1,FMP,REVENUE_USD,9039429715.0,D:\Programming\python_example\Arcana\data-lake\bronze\consensus\fmp\analyst-estimates\period=quarter\snapshot_date=2026-07-31\ticker=COP.json,e38c668d768d2f2f34cb2d7d3f3747bbae72446b7704b321800c6a3fd311318e,2026-09-02T16:40:54+00:00
2026-07-31,COP,2018Q4,FMP,REVENUE_USD,8151504424.0,D:\Programming\python_example\Arcana\data-lake\bronze\consensus\fmp\analyst-estimates\period=quarter\snapshot_date=2026-07-31\ticker=COP.json,e38c668d768d2f2f34cb2d7d3f3747bbae72446b7704b321800c6a3fd311318e,2026-09-02T16:40:54+00:00
2026-07-31,COP,2018Q3,FMP,REVENUE_USD,8489058823.0,D:\Programming\python_example\Arcana\data-lake\bronze\consensus\fmp\analyst-estimates\period=quarter\snapshot_date=2026-07-31\ticker=COP.json,e38c668d768d2f2f34cb2d7d3f3747bbae72446b7704b321800c6a3fd311318e,2026-09-02T16:40:54+00:00
2026-07-31,COP,2018Q2,FMP,REVENUE_USD,8853027522.0,D:\Programming\python_example\Arcana\data-lake\bronze\consensus\fmp\analyst-estimates\period=quarter\snapshot_date=2026-07-31\ticker=COP.json,e38c668d768d2f2f34cb2d7d3f3747bbae72446b7704b321800c6a3fd311318e,2026-09-02T16:40:54+00:00
2026-07-31,COP,2018Q1,FMP,REVENUE_USD,6614864583.0,D:\Programming\python_example\Arcana\data-lake\bronze\consensus\fmp\analyst-estimates\period=quarter\snapshot_date=2026-07-31\ticker=COP.json,e38c668d768d2f2f34cb2d7d3f3747bbae72446b7704b321800c6a3fd311318e,2026-09-02T16:40:54+00:00
2026-07-31,COP,2017Q4,FMP,REVENUE_USD,8547000000.0,D:\Programming\python_example\Arcana\data-lake\bronze\consensus\fmp\analyst-estimates\period=quarter\snapshot_date=2026-07-31\ticker=COP.json,e38c668d768d2f2f34cb2d7d3f3747bbae72446b7704b321800c6a3fd311318e,2026-09-02T16:40:54+00:00
2026-07-31,COP,2017Q3,FMP,REVENUE_USD,3368500000.0,D:\Programming\python_example\Arcana\data-lake\bronze\consensus\fmp\analyst-estimates\period=quarter\snapshot_date=2026-07-31\ticker=COP.json,e38c668d768d2f2f34cb2d7d3f3747bbae72446b7704b321800c6a3fd311318e,2026-09-02T16:40:54+00:00
2026-07-31,COP,2017Q2,FMP,REVENUE_USD,484071428.0,D:\Programming\python_example\Arcana\data-lake\bronze\consensus\fmp\analyst-estimates\period=quarter\snapshot_date=2026-07-31\ticker=COP.json,e38c668d768d2f2f34cb2d7d3f3747bbae72446b7704b321800c6a3fd311318e,2026-09-02T16:40:54+00:00
2026-07-31,COP,2017Q1,FMP,REVENUE_USD,3748500000.0,D:\Programming\python_example\Arcana\data-lake\bronze\consensus\fmp\analyst-estimates\period=quarter\snapshot_date=2026-07-31\ticker=COP.json,e38c668d768d2f2f34cb2d7d3f3747bbae72446b7704b321800c6a3fd311318e,2026-09-02T16:40:54+00:00
2026-07-31,COP,2016Q4,FMP,REVENUE_USD,11239846153.0,D:\Programming\python_example\Arcana\data-lake\bronze\consensus\fmp\analyst-estimates\period=quarter\snapshot_date=2026-07-31\ticker=COP.json,e38c668d768d2f2f34cb2d7d3f3747bbae72446b7704b321800c6a3fd311318e,2026-09-02T16:40:54+00:00
2026-07-31,COP,2016Q3,FMP,REVENUE_USD,6809045454.0,D:\Programming\python_example\Arcana\data-lake\bronze\consensus\fmp\analyst-estimates\period=quarter\snapshot_date=2026-07-31\ticker=COP.json,e38c668d768d2f2f34cb2d7d3f3747bbae72446b7704b321800c6a3fd311318e,2026-09-02T16:40:54+00:00
2026-07-31,COP,2016Q2,FMP,REVENUE_USD,4272316455.0,D:\Programming\python_example\Arcana\data-lake\bronze\consensus\fmp\analyst-estimates\period=quarter\snapshot_date=2026-07-31\ticker=COP.json,e38c668d768d2f2f34cb2d7d3f3747bbae72446b7704b321800c6a3fd311318e,2026-09-02T16:40:54+00:00
2026-07-31,COP,2016Q1,FMP,REVENUE_USD,5684368421.0,D:\Programming\python_example\Arcana\data-lake\bronze\consensus\fmp\analyst-estimates\period=quarter\snapshot_date=2026-07-31\ticker=COP.json,e38c668d768d2f2f34cb2d7d3f3747bbae72446b7704b321800c6a3fd311318e,2026-09-02T16:40:54+00:00
2026-07-31,COP,2015Q4,FMP,REVENUE_USD,4487166666.0,D:\Programming\python_example\Arcana\data-lake\bronze\consensus\fmp\analyst-estimates\period=quarter\snapshot_date=2026-07-31\ticker=COP.json,e38c668d768d2f2f34cb2d7d3f3747bbae72446b7704b321800c6a3fd311318e,2026-09-02T16:40:54+00:00
2026-07-31,COP,2015Q3,FMP,REVENUE_USD,6988131578.0,D:\Programming\python_example\Arcana\data-lake\bronze\consensus\fmp\analyst-estimates\period=quarter\snapshot_date=2026-07-31\ticker=COP.json,e38c668d768d2f2f34cb2d7d3f3747bbae72446b7704b321800c6a3fd311318e,2026-09-02T16:40:54+00:00
2026-07-31,COP,2015Q2,FMP,REVENUE_USD,7696940621.0,D:\Programming\python_example\Arcana\data-lake\bronze\consensus\fmp\analyst-estimates\period=quarter\snapshot_date=2026-07-31\ticker=COP.json,e38c668d768d2f2f34cb2d7d3f3747bbae72446b7704b321800c6a3fd311318e,2026-09-02T16:40:54+00:00
2026-07-31,COP,2015Q1,FMP,REVENUE_USD,8193222222.0,D:\Programming\python_example\Arcana\data-lake\bronze\consensus\fmp\analyst-estimates\period=quarter\snapshot_date=2026-07-31\ticker=COP.json,e38c668d768d2f2f34cb2d7d3f3747bbae72446b7704b321800c6a3fd311318e,2026-09-02T16:40:54+00:00
2026-07-31,COP,2014Q4,FMP,REVENUE_USD,10784216666.0,D:\Programming\python_example\Arcana\data-lake\bronze\consensus\fmp\analyst-estimates\period=quarter\snapshot_date=2026-07-31\ticker=COP.json,e38c668d768d2f2f34cb2d7d3f3747bbae72446b7704b321800c6a3fd311318e,2026-09-02T16:40:54+00:00
2026-07-31,COP,2014Q3,FMP,REVENUE_USD,11472558139.0,D:\Programming\python_example\Arcana\data-lake\bronze\consensus\fmp\analyst-estimates\period=quarter\snapshot_date=2026-07-31\ticker=COP.json,e38c668d768d2f2f34cb2d7d3f3747bbae72446b7704b321800c6a3fd311318e,2026-09-02T16:40:54+00:00
2026-07-31,COP,2014Q2,FMP,REVENUE_USD,13751055900.0,D:\Programming\python_example\Arcana\data-lake\bronze\consensus\fmp\analyst-estimates\period=quarter\snapshot_date=2026-07-31\ticker=COP.json,e38c668d768d2f2f34cb2d7d3f3747bbae72446b7704b321800c6a3fd311318e,2026-09-02T16:40:54+00:00
2026-07-31,COP,2014Q1,FMP,REVENUE_USD,13125546961.0,D:\Programming\python_example\Arcana\data-lake\bronze\consensus\fmp\analyst-estimates\period=quarter\snapshot_date=2026-07-31\ticker=COP.json,e38c668d768d2f2f34cb2d7d3f3747bbae72446b7704b321800c6a3fd311318e,2026-09-02T16:40:54+00:00
2026-07-31,COP,2013Q4,FMP,REVENUE_USD,12489914285.0,D:\Programming\python_example\Arcana\data-lake\bronze\consensus\fmp\analyst-estimates\period=quarter\snapshot_date=2026-07-31\ticker=COP.json,e38c668d768d2f2f34cb2d7d3f3747bbae72446b7704b321800c6a3fd311318e,2026-09-02T16:40:54+00:00
2026-07-31,COP,2013Q3,FMP,REVENUE_USD,13445544217.0,D:\Programming\python_example\Arcana\data-lake\bronze\consensus\fmp\analyst-estimates\period=quarter\snapshot_date=2026-07-31\ticker=COP.json,e38c668d768d2f2f34cb2d7d3f3747bbae72446b7704b321800c6a3fd311318e,2026-09-02T16:40:54+00:00
2026-07-31,COP,2013Q2,FMP,REVENUE_USD,12375765957.0,D:\Programming\python_example\Arcana\data-lake\bronze\consensus\fmp\analyst-estimates\period=quarter\snapshot_date=2026-07-31\ticker=COP.json,e38c668d768d2f2f34cb2d7d3f3747bbae72446b7704b321800c6a3fd311318e,2026-09-02T16:40:54+00:00
2026-07-31,COP,2013Q1,FMP,REVENUE_USD,14335330985.0,D:\Programming\python_example\Arcana\data-lake\bronze\consensus\fmp\analyst-estimates\period=quarter\snapshot_date=2026-07-31\ticker=COP.json,e38c668d768d2f2f34cb2d7d3f3747bbae72446b7704b321800c6a3fd311318e,2026-09-02T16:40:54+00:00
2026-07-31,COP,2012Q4,FMP,REVENUE_USD,15759020979.0,D:\Programming\python_example\Arcana\data-lake\bronze\consensus\fmp\analyst-estimates\period=quarter\snapshot_date=2026-07-31\ticker=COP.json,e38c668d768d2f2f34cb2d7d3f3747bbae72446b7704b321800c6a3fd311318e,2026-09-02T16:40:54+00:00
2026-07-31,COP,2012Q3,FMP,REVENUE_USD,11720673611.0,D:\Programming\python_example\Arcana\data-lake\bronze\consensus\fmp\analyst-estimates\period=quarter\snapshot_date=2026-07-31\ticker=COP.json,e38c668d768d2f2f34cb2d7d3f3747bbae72446b7704b321800c6a3fd311318e,2026-09-02T16:40:54+00:00
2026-07-31,COP,2012Q2,FMP,REVENUE_USD,13167295081.0,D:\Programming\python_example\Arcana\data-lake\bronze\consensus\fmp\analyst-estimates\period=quarter\snapshot_date=2026-07-31\ticker=COP.json,e38c668d768d2f2f34cb2d7d3f3747bbae72446b7704b321800c6a3fd311318e,2026-09-02T16:40:54+00:00
2026-07-31,COP,2012Q1,FMP,REVENUE_USD,15088237623.0,D:\Programming\python_example\Arcana\data-lake\bronze\consensus\fmp\analyst-estimates\period=quarter\snapshot_date=2026-07-31\ticker=COP.json,e38c668d768d2f2f34cb2d7d3f3747bbae72446b7704b321800c6a3fd311318e,2026-09-02T16:40:54+00:00
2026-07-31,COP,2011Q4,FMP,REVENUE_USD,13981544554.0,D:\Programming\python_example\Arcana\data-lake\bronze\consensus\fmp\analyst-estimates\period=quarter\snapshot_date=2026-07-31\ticker=COP.json,e38c668d768d2f2f34cb2d7d3f3747bbae72446b7704b321800c6a3fd311318e,2026-09-02T16:40:54+00:00
2026-07-31,COP,2011Q3,FMP,REVENUE_USD,13714968253.0,D:\Programming\python_example\Arcana\data-lake\bronze\consensus\fmp\analyst-estimates\period=quarter\snapshot_date=2026-07-31\ticker=COP.json,e38c668d768d2f2f34cb2d7d3f3747bbae72446b7704b321800c6a3fd311318e,2026-09-02T16:40:54+00:00
2026-07-31,COP,2011Q2,FMP,REVENUE_USD,15314551867.0,D:\Programming\python_example\Arcana\data-lake\bronze\consensus\fmp\analyst-estimates\period=quarter\snapshot_date=2026-07-31\ticker=COP.json,e38c668d768d2f2f34cb2d7d3f3747bbae72446b7704b321800c6a3fd311318e,2026-09-02T16:40:54+00:00
2026-07-31,COP,2011Q1,FMP,REVENUE_USD,17420428571.0,D:\Programming\python_example\Arcana\data-lake\bronze\consensus\fmp\analyst-estimates\period=quarter\snapshot_date=2026-07-31\ticker=COP.json,e38c668d768d2f2f34cb2d7d3f3747bbae72446b7704b321800c6a3fd311318e,2026-09-02T16:40:54+00:00
2026-07-31,COP,2010Q4,FMP,REVENUE_USD,81411000000.0,D:\Programming\python_example\Arcana\data-lake\bronze\consensus\fmp\analyst-estimates\period=quarter\snapshot_date=2026-07-31\ticker=COP.json,e38c668d768d2f2f34cb2d7d3f3747bbae72446b7704b321800c6a3fd311318e,2026-09-02T16:40:54+00:00
2026-07-31,COP,2010Q3,FMP,REVENUE_USD,47250466666.0,D:\Programming\python_example\Arcana\data-lake\bronze\consensus\fmp\analyst-estimates\period=quarter\snapshot_date=2026-07-31\ticker=COP.json,e38c668d768d2f2f34cb2d7d3f3747bbae72446b7704b321800c6a3fd311318e,2026-09-02T16:40:54+00:00
2026-07-31,COP,2010Q2,FMP,REVENUE_USD,45808886227.0,D:\Programming\python_example\Arcana\data-lake\bronze\consensus\fmp\analyst-estimates\period=quarter\snapshot_date=2026-07-31\ticker=COP.json,e38c668d768d2f2f34cb2d7d3f3747bbae72446b7704b321800c6a3fd311318e,2026-09-02T16:40:54+00:00
2026-07-31,COP,2010Q1,FMP,REVENUE_USD,42145387755.0,D:\Programming\python_example\Arcana\data-lake\bronze\consensus\fmp\analyst-estimates\period=quarter\snapshot_date=2026-07-31\ticker=COP.json,e38c668d768d2f2f34cb2d7d3f3747bbae72446b7704b321800c6a3fd311318e,2026-09-02T16:40:54+00:00
2026-07-31,COP,2009Q4,FMP,REVENUE_USD,41662068965.0,D:\Programming\python_example\Arcana\data-lake\bronze\consensus\fmp\analyst-estimates\period=quarter\snapshot_date=2026-07-31\ticker=COP.json,e38c668d768d2f2f34cb2d7d3f3747bbae72446b7704b321800c6a3fd311318e,2026-09-02T16:40:54+00:00
2026-07-31,COP,2009Q3,FMP,REVENUE_USD,37872600000.0,D:\Programming\python_example\Arcana\data-lake\bronze\consensus\fmp\analyst-estimates\period=quarter\snapshot_date=2026-07-31\ticker=COP.json,e38c668d768d2f2f34cb2d7d3f3747bbae72446b7704b321800c6a3fd311318e,2026-09-02T16:40:54+00:00
2026-07-31,COP,2009Q2,FMP,REVENUE_USD,31155567010.0,D:\Programming\python_example\Arcana\data-lake\bronze\consensus\fmp\analyst-estimates\period=quarter\snapshot_date=2026-07-31\ticker=COP.json,e38c668d768d2f2f34cb2d7d3f3747bbae72446b7704b321800c6a3fd311318e,2026-09-02T16:40:54+00:00
2026-07-31,COP,2009Q1,FMP,REVENUE_USD,23742307692.0,D:\Programming\python_example\Arcana\data-lake\bronze\consensus\fmp\analyst-estimates\period=quarter\snapshot_date=2026-07-31\ticker=COP.json,e38c668d768d2f2f34cb2d7d3f3747bbae72446b7704b321800c6a3fd311318e,2026-09-02T16:40:54+00:00
2026-07-31,COP,2008Q4,FMP,REVENUE_USD,42575929687.0,D:\Programming\python_example\Arcana\data-lake\bronze\consensus\fmp\analyst-estimates\period=quarter\snapshot_date=2026-07-31\ticker=COP.json,e38c668d768d2f2f34cb2d7d3f3747bbae72446b7704b321800c6a3fd311318e,2026-09-02T16:40:54+00:00
2026-07-31,COP,2008Q3,FMP,REVENUE_USD,64664620481.0,D:\Programming\python_example\Arcana\data-lake\bronze\consensus\fmp\analyst-estimates\period=quarter\snapshot_date=2026-07-31\ticker=COP.json,e38c668d768d2f2f34cb2d7d3f3747bbae72446b7704b321800c6a3fd311318e,2026-09-02T16:40:54+00:00
2026-07-31,COP,2008Q2,FMP,REVENUE_USD,70721045845.0,D:\Programming\python_example\Arcana\data-lake\bronze\consensus\fmp\analyst-estimates\period=quarter\snapshot_date=2026-07-31\ticker=COP.json,e38c668d768d2f2f34cb2d7d3f3747bbae72446b7704b321800c6a3fd311318e,2026-09-02T16:40:54+00:00
2026-07-31,COP,2008Q1,FMP,REVENUE_USD,53002801587.0,D:\Programming\python_example\Arcana\data-lake\bronze\consensus\fmp\analyst-estimates\period=quarter\snapshot_date=2026-07-31\ticker=COP.json,e38c668d768d2f2f34cb2d7d3f3747bbae72446b7704b321800c6a3fd311318e,2026-09-02T16:40:54+00:00
2026-07-31,COP,2007Q4,FMP,REVENUE_USD,50824516129.0,D:\Programming\python_example\Arcana\data-lake\bronze\consensus\fmp\analyst-estimates\period=quarter\snapshot_date=2026-07-31\ticker=COP.json,e38c668d768d2f2f34cb2d7d3f3747bbae72446b7704b321800c6a3fd311318e,2026-09-02T16:40:54+00:00
2026-07-31,COP,2007Q3,FMP,REVENUE_USD,52145994845.0,D:\Programming\python_example\Arcana\data-lake\bronze\consensus\fmp\analyst-estimates\period=quarter\snapshot_date=2026-07-31\ticker=COP.json,e38c668d768d2f2f34cb2d7d3f3747bbae72446b7704b321800c6a3fd311318e,2026-09-02T16:40:54+00:00
2026-07-31,COP,2007Q2,FMP,REVENUE_USD,44257889655.0,D:\Programming\python_example\Arcana\data-lake\bronze\consensus\fmp\analyst-estimates\period=quarter\snapshot_date=2026-07-31\ticker=COP.json,e38c668d768d2f2f34cb2d7d3f3747bbae72446b7704b321800c6a3fd311318e,2026-09-02T16:40:54+00:00
2026-07-31,COP,2007Q1,FMP,REVENUE_USD,43781428571.0,D:\Programming\python_example\Arcana\data-lake\bronze\consensus\fmp\analyst-estimates\period=quarter\snapshot_date=2026-07-31\ticker=COP.json,e38c668d768d2f2f34cb2d7d3f3747bbae72446b7704b321800c6a3fd311318e,2026-09-02T16:40:54+00:00
2026-07-31,COP,2006Q4,FMP,REVENUE_USD,38690785714.0,D:\Programming\python_example\Arcana\data-lake\bronze\consensus\fmp\analyst-estimates\period=quarter\snapshot_date=2026-07-31\ticker=COP.json,e38c668d768d2f2f34cb2d7d3f3747bbae72446b7704b321800c6a3fd311318e,2026-09-02T16:40:54+00:00
2026-07-31,COP,2006Q3,FMP,REVENUE_USD,43333432835.0,D:\Programming\python_example\Arcana\data-lake\bronze\consensus\fmp\analyst-estimates\period=quarter\snapshot_date=2026-07-31\ticker=COP.json,e38c668d768d2f2f34cb2d7d3f3747bbae72446b7704b321800c6a3fd311318e,2026-09-02T16:40:54+00:00
2026-07-31,COP,2006Q2,FMP,REVENUE_USD,46322898954.0,D:\Programming\python_example\Arcana\data-lake\bronze\consensus\fmp\analyst-estimates\period=quarter\snapshot_date=2026-07-31\ticker=COP.json,e38c668d768d2f2f34cb2d7d3f3747bbae72446b7704b321800c6a3fd311318e,2026-09-02T16:40:54+00:00
2026-07-31,COP,2006Q1,FMP,REVENUE_USD,46967000000.0,D:\Programming\python_example\Arcana\data-lake\bronze\consensus\fmp\analyst-estimates\period=quarter\snapshot_date=2026-07-31\ticker=COP.json,e38c668d768d2f2f34cb2d7d3f3747bbae72446b7704b321800c6a3fd311318e,2026-09-02T16:40:54+00:00
2026-07-31,COP,2005Q4,FMP,REVENUE_USD,50005962825.0,D:\Programming\python_example\Arcana\data-lake\bronze\consensus\fmp\analyst-estimates\period=quarter\snapshot_date=2026-07-31\ticker=COP.json,e38c668d768d2f2f34cb2d7d3f3747bbae72446b7704b321800c6a3fd311318e,2026-09-02T16:40:54+00:00
2026-07-31,COP,2005Q3,FMP,REVENUE_USD,46784548507.0,D:\Programming\python_example\Arcana\data-lake\bronze\consensus\fmp\analyst-estimates\period=quarter\snapshot_date=2026-07-31\ticker=COP.json,e38c668d768d2f2f34cb2d7d3f3747bbae72446b7704b321800c6a3fd311318e,2026-09-02T16:40:54+00:00
2026-07-31,COP,2005Q2,FMP,REVENUE_USD,38309619909.0,D:\Programming\python_example\Arcana\data-lake\bronze\consensus\fmp\analyst-estimates\period=quarter\snapshot_date=2026-07-31\ticker=COP.json,e38c668d768d2f2f34cb2d7d3f3747bbae72446b7704b321800c6a3fd311318e,2026-09-02T16:40:54+00:00
2026-07-31,COP,2005Q1,FMP,REVENUE_USD,35297881355.0,D:\Programming\python_example\Arcana\data-lake\bronze\consensus\fmp\analyst-estimates\period=quarter\snapshot_date=2026-07-31\ticker=COP.json,e38c668d768d2f2f34cb2d7d3f3747bbae72446b7704b321800c6a3fd311318e,2026-09-02T16:40:54+00:00
2026-07-31,COP,2004Q4,FMP,REVENUE_USD,34577375000.0,D:\Programming\python_example\Arcana\data-lake\bronze\consensus\fmp\analyst-estimates\period=quarter\snapshot_date=2026-07-31\ticker=COP.json,e38c668d768d2f2f34cb2d7d3f3747bbae72446b7704b321800c6a3fd311318e,2026-09-02T16:40:54+00:00
2026-07-31,COP,2004Q3,FMP,REVENUE_USD,30773666666.0,D:\Programming\python_example\Arcana\data-lake\bronze\consensus\fmp\analyst-estimates\period=quarter\snapshot_date=2026-07-31\ticker=COP.json,e38c668d768d2f2f34cb2d7d3f3747bbae72446b7704b321800c6a3fd311318e,2026-09-02T16:40:54+00:00
2026-07-31,COP,2004Q2,FMP,REVENUE_USD,32002388888.0,D:\Programming\python_example\Arcana\data-lake\bronze\consensus\fmp\analyst-estimates\period=quarter\snapshot_date=2026-07-31\ticker=COP.json,e38c668d768d2f2f34cb2d7d3f3747bbae72446b7704b321800c6a3fd311318e,2026-09-02T16:40:54+00:00
2026-07-31,COP,2004Q1,FMP,REVENUE_USD,25817241379.0,D:\Programming\python_example\Arcana\data-lake\bronze\consensus\fmp\analyst-estimates\period=quarter\snapshot_date=2026-07-31\ticker=COP.json,e38c668d768d2f2f34cb2d7d3f3747bbae72446b7704b321800c6a3fd311318e,2026-09-02T16:40:54+00:00
2026-07-31,COP,2003Q4,FMP,REVENUE_USD,22024366197.0,D:\Programming\python_example\Arcana\data-lake\bronze\consensus\fmp\analyst-estimates\period=quarter\snapshot_date=2026-07-31\ticker=COP.json,e38c668d768d2f2f34cb2d7d3f3747bbae72446b7704b321800c6a3fd311318e,2026-09-02T16:40:54+00:00
2026-07-31,COP,2003Q3,FMP,REVENUE_USD,23127032967.0,D:\Programming\python_example\Arcana\data-lake\bronze\consensus\fmp\analyst-estimates\period=quarter\snapshot_date=2026-07-31\ticker=COP.json,e38c668d768d2f2f34cb2d7d3f3747bbae72446b7704b321800c6a3fd311318e,2026-09-02T16:40:54+00:00
2026-07-31,COP,2003Q2,FMP,REVENUE_USD,23165772151.0,D:\Programming\python_example\Arcana\data-lake\bronze\consensus\fmp\analyst-estimates\period=quarter\snapshot_date=2026-07-31\ticker=COP.json,e38c668d768d2f2f34cb2d7d3f3747bbae72446b7704b321800c6a3fd311318e,2026-09-02T16:40:54+00:00
2026-07-31,COP,2003Q1,FMP,REVENUE_USD,24985311827.0,D:\Programming\python_example\Arcana\data-lake\bronze\consensus\fmp\analyst-estimates\period=quarter\snapshot_date=2026-07-31\ticker=COP.json,e38c668d768d2f2f34cb2d7d3f3747bbae72446b7704b321800c6a3fd311318e,2026-09-02T16:40:54+00:00
2026-07-31,COP,2002Q4,FMP,REVENUE_USD,24825000000.0,D:\Programming\python_example\Arcana\data-lake\bronze\consensus\fmp\analyst-estimates\period=quarter\snapshot_date=2026-07-31\ticker=COP.json,e38c668d768d2f2f34cb2d7d3f3747bbae72446b7704b321800c6a3fd311318e,2026-09-02T16:40:54+00:00
2026-07-31,COP,2002Q3,FMP,REVENUE_USD,13781000000.0,D:\Programming\python_example\Arcana\data-lake\bronze\consensus\fmp\analyst-estimates\period=quarter\snapshot_date=2026-07-31\ticker=COP.json,e38c668d768d2f2f34cb2d7d3f3747bbae72446b7704b321800c6a3fd311318e,2026-09-02T16:40:54+00:00
2026-07-31,COP,2002Q2,FMP,REVENUE_USD,12297176470.0,D:\Programming\python_example\Arcana\data-lake\bronze\consensus\fmp\analyst-estimates\period=quarter\snapshot_date=2026-07-31\ticker=COP.json,e38c668d768d2f2f34cb2d7d3f3747bbae72446b7704b321800c6a3fd311318e,2026-09-02T16:40:54+00:00
2026-07-31,COP,2002Q1,FMP,REVENUE_USD,11272500000.0,D:\Programming\python_example\Arcana\data-lake\bronze\consensus\fmp\analyst-estimates\period=quarter\snapshot_date=2026-07-31\ticker=COP.json,e38c668d768d2f2f34cb2d7d3f3747bbae72446b7704b321800c6a3fd311318e,2026-09-02T16:40:54+00:00
2026-07-31,COP,2001Q4,FMP,REVENUE_USD,9807352941.0,D:\Programming\python_example\Arcana\data-lake\bronze\consensus\fmp\analyst-estimates\period=quarter\snapshot_date=2026-07-31\ticker=COP.json,e38c668d768d2f2f34cb2d7d3f3747bbae72446b7704b321800c6a3fd311318e,2026-09-02T16:40:54+00:00
2026-07-31,COP,2001Q3,FMP,REVENUE_USD,5289076923.0,D:\Programming\python_example\Arcana\data-lake\bronze\consensus\fmp\analyst-estimates\period=quarter\snapshot_date=2026-07-31\ticker=COP.json,e38c668d768d2f2f34cb2d7d3f3747bbae72446b7704b321800c6a3fd311318e,2026-09-02T16:40:54+00:00
2026-07-31,COP,2001Q2,FMP,REVENUE_USD,3815210526.0,D:\Programming\python_example\Arcana\data-lake\bronze\consensus\fmp\analyst-estimates\period=quarter\snapshot_date=2026-07-31\ticker=COP.json,e38c668d768d2f2f34cb2d7d3f3747bbae72446b7704b321800c6a3fd311318e,2026-09-02T16:40:54+00:00
2026-07-31,COP,2001Q1,FMP,REVENUE_USD,4954556701.0,D:\Programming\python_example\Arcana\data-lake\bronze\consensus\fmp\analyst-estimates\period=quarter\snapshot_date=2026-07-31\ticker=COP.json,e38c668d768d2f2f34cb2d7d3f3747bbae72446b7704b321800c6a3fd311318e,2026-09-02T16:40:54+00:00
2026-07-31,COP,2000Q4,FMP,REVENUE_USD,4557142857.0,D:\Programming\python_example\Arcana\data-lake\bronze\consensus\fmp\analyst-estimates\period=quarter\snapshot_date=2026-07-31\ticker=COP.json,e38c668d768d2f2f34cb2d7d3f3747bbae72446b7704b321800c6a3fd311318e,2026-09-02T16:40:54+00:00
2026-07-31,COP,2000Q3,FMP,REVENUE_USD,3530405405.0,D:\Programming\python_example\Arcana\data-lake\bronze\consensus\fmp\analyst-estimates\period=quarter\snapshot_date=2026-07-31\ticker=COP.json,e38c668d768d2f2f34cb2d7d3f3747bbae72446b7704b321800c6a3fd311318e,2026-09-02T16:40:54+00:00
2026-07-31,COP,2000Q2,FMP,REVENUE_USD,4883721518.0,D:\Programming\python_example\Arcana\data-lake\bronze\consensus\fmp\analyst-estimates\period=quarter\snapshot_date=2026-07-31\ticker=COP.json,e38c668d768d2f2f34cb2d7d3f3747bbae72446b7704b321800c6a3fd311318e,2026-09-02T16:40:54+00:00
2026-07-31,COP,2000Q1,FMP,REVENUE_USD,4676307692.0,D:\Programming\python_example\Arcana\data-lake\bronze\consensus\fmp\analyst-estimates\period=quarter\snapshot_date=2026-07-31\ticker=COP.json,e38c668d768d2f2f34cb2d7d3f3747bbae72446b7704b321800c6a3fd311318e,2026-09-02T16:40:54+00:00
2026-07-31,COP,1999Q4,FMP,REVENUE_USD,3859000000.0,D:\Programming\python_example\Arcana\data-lake\bronze\consensus\fmp\analyst-estimates\period=quarter\snapshot_date=2026-07-31\ticker=COP.json,e38c668d768d2f2f34cb2d7d3f3747bbae72446b7704b321800c6a3fd311318e,2026-09-02T16:40:54+00:00
2026-07-31,COP,1999Q3,FMP,REVENUE_USD,3350222222.0,D:\Programming\python_example\Arcana\data-lake\bronze\consensus\fmp\analyst-estimates\period=quarter\snapshot_date=2026-07-31\ticker=COP.json,e38c668d768d2f2f34cb2d7d3f3747bbae72446b7704b321800c6a3fd311318e,2026-09-02T16:40:54+00:00
2026-07-31,COP,1999Q2,FMP,REVENUE_USD,2923285714.0,D:\Programming\python_example\Arcana\data-lake\bronze\consensus\fmp\analyst-estimates\period=quarter\snapshot_date=2026-07-31\ticker=COP.json,e38c668d768d2f2f34cb2d7d3f3747bbae72446b7704b321800c6a3fd311318e,2026-09-02T16:40:54+00:00
2026-07-31,COP,1998Q4,FMP,REVENUE_USD,54098378339.0,D:\Programming\python_example\Arcana\data-lake\bronze\consensus\fmp\analyst-estimates\period=quarter\snapshot_date=2026-07-31\ticker=COP.json,e38c668d768d2f2f34cb2d7d3f3747bbae72446b7704b321800c6a3fd311318e,2026-09-02T16:40:54+00:00
2026-07-31,COP,1998Q3,FMP,REVENUE_USD,3459187500.0,D:\Programming\python_example\Arcana\data-lake\bronze\consensus\fmp\analyst-estimates\period=quarter\snapshot_date=2026-07-31\ticker=COP.json,e38c668d768d2f2f34cb2d7d3f3747bbae72446b7704b321800c6a3fd311318e,2026-09-02T16:40:54+00:00
2026-07-31,COP,1998Q2,FMP,REVENUE_USD,2785714285.0,D:\Programming\python_example\Arcana\data-lake\bronze\consensus\fmp\analyst-estimates\period=quarter\snapshot_date=2026-07-31\ticker=COP.json,e38c668d768d2f2f34cb2d7d3f3747bbae72446b7704b321800c6a3fd311318e,2026-09-02T16:40:54+00:00
2026-07-31,COP,1998Q1,FMP,REVENUE_USD,2805172413.0,D:\Programming\python_example\Arcana\data-lake\bronze\consensus\fmp\analyst-estimates\period=quarter\snapshot_date=2026-07-31\ticker=COP.json,e38c668d768d2f2f34cb2d7d3f3747bbae72446b7704b321800c6a3fd311318e,2026-09-02T16:40:54+00:00
2026-07-31,COP,1997Q4,FMP,REVENUE_USD,3573473684.0,D:\Programming\python_example\Arcana\data-lake\bronze\consensus\fmp\analyst-estimates\period=quarter\snapshot_date=2026-07-31\ticker=COP.json,e38c668d768d2f2f34cb2d7d3f3747bbae72446b7704b321800c6a3fd311318e,2026-09-02T16:40:54+00:00
2026-07-31,COP,1997Q3,FMP,REVENUE_USD,3810326086.0,D:\Programming\python_example\Arcana\data-lake\bronze\consensus\fmp\analyst-estimates\period=quarter\snapshot_date=2026-07-31\ticker=COP.json,e38c668d768d2f2f34cb2d7d3f3747bbae72446b7704b321800c6a3fd311318e,2026-09-02T16:40:54+00:00
2026-07-31,COP,1997Q2,FMP,REVENUE_USD,3570025641.0,D:\Programming\python_example\Arcana\data-lake\bronze\consensus\fmp\analyst-estimates\period=quarter\snapshot_date=2026-07-31\ticker=COP.json,e38c668d768d2f2f34cb2d7d3f3747bbae72446b7704b321800c6a3fd311318e,2026-09-02T16:40:54+00:00
2026-07-31,COP,1997Q1,FMP,REVENUE_USD,4077208333.0,D:\Programming\python_example\Arcana\data-lake\bronze\consensus\fmp\analyst-estimates\period=quarter\snapshot_date=2026-07-31\ticker=COP.json,e38c668d768d2f2f34cb2d7d3f3747bbae72446b7704b321800c6a3fd311318e,2026-09-02T16:40:54+00:00
2026-07-31,COP,1996Q4,FMP,REVENUE_USD,4421428571.0,D:\Programming\python_example\Arcana\data-lake\bronze\consensus\fmp\analyst-estimates\period=quarter\snapshot_date=2026-07-31\ticker=COP.json,e38c668d768d2f2f34cb2d7d3f3747bbae72446b7704b321800c6a3fd311318e,2026-09-02T16:40:54+00:00
2026-07-31,DVN,2028Q4,FMP,REVENUE_USD,7111223492.0,D:\Programming\python_example\Arcana\data-lake\bronze\consensus\fmp\analyst-estimates\period=quarter\snapshot_date=2026-07-31\ticker=DVN.json,a3314f4d29e1381e1ff002a200296c956a5b73ccd7a9031548471f642d7e68eb,2026-09-02T16:40:54+00:00
2026-07-31,DVN,2028Q3,FMP,REVENUE_USD,7057422273.0,D:\Programming\python_example\Arcana\data-lake\bronze\consensus\fmp\analyst-estimates\period=quarter\snapshot_date=2026-07-31\ticker=DVN.json,a3314f4d29e1381e1ff002a200296c956a5b73ccd7a9031548471f642d7e68eb,2026-09-02T16:40:54+00:00
2026-07-31,DVN,2028Q2,FMP,REVENUE_USD,6938509188.0,D:\Programming\python_example\Arcana\data-lake\bronze\consensus\fmp\analyst-estimates\period=quarter\snapshot_date=2026-07-31\ticker=DVN.json,a3314f4d29e1381e1ff002a200296c956a5b73ccd7a9031548471f642d7e68eb,2026-09-02T16:40:54+00:00
2026-07-31,DVN,2028Q1,FMP,REVENUE_USD,7061254191.0,D:\Programming\python_example\Arcana\data-lake\bronze\consensus\fmp\analyst-estimates\period=quarter\snapshot_date=2026-07-31\ticker=DVN.json,a3314f4d29e1381e1ff002a200296c956a5b73ccd7a9031548471f642d7e68eb,2026-09-02T16:40:54+00:00
2026-07-31,DVN,2027Q4,FMP,REVENUE_USD,6814628403.0,D:\Programming\python_example\Arcana\data-lake\bronze\consensus\fmp\analyst-estimates\period=quarter\snapshot_date=2026-07-31\ticker=DVN.json,a3314f4d29e1381e1ff002a200296c956a5b73ccd7a9031548471f642d7e68eb,2026-09-02T16:40:54+00:00
2026-07-31,DVN,2027Q3,FMP,REVENUE_USD,6666285353.0,D:\Programming\python_example\Arcana\data-lake\bronze\consensus\fmp\analyst-estimates\period=quarter\snapshot_date=2026-07-31\ticker=DVN.json,a3314f4d29e1381e1ff002a200296c956a5b73ccd7a9031548471f642d7e68eb,2026-09-02T16:40:54+00:00
2026-07-31,DVN,2027Q2,FMP,REVENUE_USD,6489493227.0,D:\Programming\python_example\Arcana\data-lake\bronze\consensus\fmp\analyst-estimates\period=quarter\snapshot_date=2026-07-31\ticker=DVN.json,a3314f4d29e1381e1ff002a200296c956a5b73ccd7a9031548471f642d7e68eb,2026-09-02T16:40:54+00:00
2026-07-31,DVN,2027Q1,FMP,REVENUE_USD,6577879387.0,D:\Programming\python_example\Arcana\data-lake\bronze\consensus\fmp\analyst-estimates\period=quarter\snapshot_date=2026-07-31\ticker=DVN.json,a3314f4d29e1381e1ff002a200296c956a5b73ccd7a9031548471f642d7e68eb,2026-09-02T16:40:54+00:00
2026-07-31,DVN,2026Q4,FMP,REVENUE_USD,6658055905.0,D:\Programming\python_example\Arcana\data-lake\bronze\consensus\fmp\analyst-estimates\period=quarter\snapshot_date=2026-07-31\ticker=DVN.json,a3314f4d29e1381e1ff002a200296c956a5b73ccd7a9031548471f642d7e68eb,2026-09-02T16:40:54+00:00
2026-07-31,DVN,2026Q3,FMP,REVENUE_USD,6562618493.0,D:\Programming\python_example\Arcana\data-lake\bronze\consensus\fmp\analyst-estimates\period=quarter\snapshot_date=2026-07-31\ticker=DVN.json,a3314f4d29e1381e1ff002a200296c956a5b73ccd7a9031548471f642d7e68eb,2026-09-02T16:40:54+00:00
2026-07-31,DVN,2026Q2,FMP,REVENUE_USD,6010442805.0,D:\Programming\python_example\Arcana\data-lake\bronze\consensus\fmp\analyst-estimates\period=quarter\snapshot_date=2026-07-31\ticker=DVN.json,a3314f4d29e1381e1ff002a200296c956a5b73ccd7a9031548471f642d7e68eb,2026-09-02T16:40:54+00:00
2026-07-31,DVN,2026Q1,FMP,REVENUE_USD,4338300596.0,D:\Programming\python_example\Arcana\data-lake\bronze\consensus\fmp\analyst-estimates\period=quarter\snapshot_date=2026-07-31\ticker=DVN.json,a3314f4d29e1381e1ff002a200296c956a5b73ccd7a9031548471f642d7e68eb,2026-09-02T16:40:54+00:00
2026-07-31,DVN,2025Q4,FMP,REVENUE_USD,4004508022.0,D:\Programming\python_example\Arcana\data-lake\bronze\consensus\fmp\analyst-estimates\period=quarter\snapshot_date=2026-07-31\ticker=DVN.json,a3314f4d29e1381e1ff002a200296c956a5b73ccd7a9031548471f642d7e68eb,2026-09-02T16:40:54+00:00
2026-07-31,DVN,2025Q3,FMP,REVENUE_USD,4136975400.0,D:\Programming\python_example\Arcana\data-lake\bronze\consensus\fmp\analyst-estimates\period=quarter\snapshot_date=2026-07-31\ticker=DVN.json,a3314f4d29e1381e1ff002a200296c956a5b73ccd7a9031548471f642d7e68eb,2026-09-02T16:40:54+00:00
2026-07-31,DVN,2025Q2,FMP,REVENUE_USD,4034700538.0,D:\Programming\python_example\Arcana\data-lake\bronze\consensus\fmp\analyst-estimates\period=quarter\snapshot_date=2026-07-31\ticker=DVN.json,a3314f4d29e1381e1ff002a200296c956a5b73ccd7a9031548471f642d7e68eb,2026-09-02T16:40:54+00:00
2026-07-31,DVN,2025Q1,FMP,REVENUE_USD,4429467686.0,D:\Programming\python_example\Arcana\data-lake\bronze\consensus\fmp\analyst-estimates\period=quarter\snapshot_date=2026-07-31\ticker=DVN.json,a3314f4d29e1381e1ff002a200296c956a5b73ccd7a9031548471f642d7e68eb,2026-09-02T16:40:54+00:00
2026-07-31,DVN,2024Q4,FMP,REVENUE_USD,4206811256.0,D:\Programming\python_example\Arcana\data-lake\bronze\consensus\fmp\analyst-estimates\period=quarter\snapshot_date=2026-07-31\ticker=DVN.json,a3314f4d29e1381e1ff002a200296c956a5b73ccd7a9031548471f642d7e68eb,2026-09-02T16:40:54+00:00
2026-07-31,DVN,2024Q3,FMP,REVENUE_USD,3722305711.0,D:\Programming\python_example\Arcana\data-lake\bronze\consensus\fmp\analyst-estimates\period=quarter\snapshot_date=2026-07-31\ticker=DVN.json,a3314f4d29e1381e1ff002a200296c956a5b73ccd7a9031548471f642d7e68eb,2026-09-02T16:40:54+00:00
2026-07-31,DVN,2024Q2,FMP,REVENUE_USD,3900331279.0,D:\Programming\python_example\Arcana\data-lake\bronze\consensus\fmp\analyst-estimates\period=quarter\snapshot_date=2026-07-31\ticker=DVN.json,a3314f4d29e1381e1ff002a200296c956a5b73ccd7a9031548471f642d7e68eb,2026-09-02T16:40:54+00:00
2026-07-31,DVN,2024Q1,FMP,REVENUE_USD,3639302625.0,D:\Programming\python_example\Arcana\data-lake\bronze\consensus\fmp\analyst-estimates\period=quarter\snapshot_date=2026-07-31\ticker=DVN.json,a3314f4d29e1381e1ff002a200296c956a5b73ccd7a9031548471f642d7e68eb,2026-09-02T16:40:54+00:00
2026-07-31,DVN,2023Q4,FMP,REVENUE_USD,3876492000.0,D:\Programming\python_example\Arcana\data-lake\bronze\consensus\fmp\analyst-estimates\period=quarter\snapshot_date=2026-07-31\ticker=DVN.json,a3314f4d29e1381e1ff002a200296c956a5b73ccd7a9031548471f642d7e68eb,2026-09-02T16:40:54+00:00
2026-07-31,DVN,2023Q3,FMP,REVENUE_USD,3959060125.0,D:\Programming\python_example\Arcana\data-lake\bronze\consensus\fmp\analyst-estimates\period=quarter\snapshot_date=2026-07-31\ticker=DVN.json,a3314f4d29e1381e1ff002a200296c956a5b73ccd7a9031548471f642d7e68eb,2026-09-02T16:40:54+00:00
2026-07-31,DVN,2023Q2,FMP,REVENUE_USD,3162460188.0,D:\Programming\python_example\Arcana\data-lake\bronze\consensus\fmp\analyst-estimates\period=quarter\snapshot_date=2026-07-31\ticker=DVN.json,a3314f4d29e1381e1ff002a200296c956a5b73ccd7a9031548471f642d7e68eb,2026-09-02T16:40:54+00:00
2026-07-31,DVN,2023Q1,FMP,REVENUE_USD,3264849851.0,D:\Programming\python_example\Arcana\data-lake\bronze\consensus\fmp\analyst-estimates\period=quarter\snapshot_date=2026-07-31\ticker=DVN.json,a3314f4d29e1381e1ff002a200296c956a5b73ccd7a9031548471f642d7e68eb,2026-09-02T16:40:54+00:00
2026-07-31,DVN,2022Q4,FMP,REVENUE_USD,3838022110.0,D:\Programming\python_example\Arcana\data-lake\bronze\consensus\fmp\analyst-estimates\period=quarter\snapshot_date=2026-07-31\ticker=DVN.json,a3314f4d29e1381e1ff002a200296c956a5b73ccd7a9031548471f642d7e68eb,2026-09-02T16:40:54+00:00
2026-07-31,DVN,2022Q3,FMP,REVENUE_USD,4154791613.0,D:\Programming\python_example\Arcana\data-lake\bronze\consensus\fmp\analyst-estimates\period=quarter\snapshot_date=2026-07-31\ticker=DVN.json,a3314f4d29e1381e1ff002a200296c956a5b73ccd7a9031548471f642d7e68eb,2026-09-02T16:40:54+00:00
2026-07-31,DVN,2022Q2,FMP,REVENUE_USD,4152168012.0,D:\Programming\python_example\Arcana\data-lake\bronze\consensus\fmp\analyst-estimates\period=quarter\snapshot_date=2026-07-31\ticker=DVN.json,a3314f4d29e1381e1ff002a200296c956a5b73ccd7a9031548471f642d7e68eb,2026-09-02T16:40:54+00:00
2026-07-31,DVN,2022Q1,FMP,REVENUE_USD,4046051571.0,D:\Programming\python_example\Arcana\data-lake\bronze\consensus\fmp\analyst-estimates\period=quarter\snapshot_date=2026-07-31\ticker=DVN.json,a3314f4d29e1381e1ff002a200296c956a5b73ccd7a9031548471f642d7e68eb,2026-09-02T16:40:54+00:00
2026-07-31,DVN,2021Q4,FMP,REVENUE_USD,3722557255.0,D:\Programming\python_example\Arcana\data-lake\bronze\consensus\fmp\analyst-estimates\period=quarter\snapshot_date=2026-07-31\ticker=DVN.json,a3314f4d29e1381e1ff002a200296c956a5b73ccd7a9031548471f642d7e68eb,2026-09-02T16:40:54+00:00
2026-07-31,DVN,2021Q3,FMP,REVENUE_USD,3227269728.0,D:\Programming\python_example\Arcana\data-lake\bronze\consensus\fmp\analyst-estimates\period=quarter\snapshot_date=2026-07-31\ticker=DVN.json,a3314f4d29e1381e1ff002a200296c956a5b73ccd7a9031548471f642d7e68eb,2026-09-02T16:40:54+00:00
2026-07-31,DVN,2021Q2,FMP,REVENUE_USD,2359040145.0,D:\Programming\python_example\Arcana\data-lake\bronze\consensus\fmp\analyst-estimates\period=quarter\snapshot_date=2026-07-31\ticker=DVN.json,a3314f4d29e1381e1ff002a200296c956a5b73ccd7a9031548471f642d7e68eb,2026-09-02T16:40:54+00:00
2026-07-31,DVN,2021Q1,FMP,REVENUE_USD,2049995093.0,D:\Programming\python_example\Arcana\data-lake\bronze\consensus\fmp\analyst-estimates\period=quarter\snapshot_date=2026-07-31\ticker=DVN.json,a3314f4d29e1381e1ff002a200296c956a5b73ccd7a9031548471f642d7e68eb,2026-09-02T16:40:54+00:00
2026-07-31,DVN,2020Q4,FMP,REVENUE_USD,1220181731.0,D:\Programming\python_example\Arcana\data-lake\bronze\consensus\fmp\analyst-estimates\period=quarter\snapshot_date=2026-07-31\ticker=DVN.json,a3314f4d29e1381e1ff002a200296c956a5b73ccd7a9031548471f642d7e68eb,2026-09-02T16:40:54+00:00
2026-07-31,DVN,2020Q3,FMP,REVENUE_USD,1055987200.0,D:\Programming\python_example\Arcana\data-lake\bronze\consensus\fmp\analyst-estimates\period=quarter\snapshot_date=2026-07-31\ticker=DVN.json,a3314f4d29e1381e1ff002a200296c956a5b73ccd7a9031548471f642d7e68eb,2026-09-02T16:40:54+00:00
2026-07-31,DVN,2020Q2,FMP,REVENUE_USD,1094441766.0,D:\Programming\python_example\Arcana\data-lake\bronze\consensus\fmp\analyst-estimates\period=quarter\snapshot_date=2026-07-31\ticker=DVN.json,a3314f4d29e1381e1ff002a200296c956a5b73ccd7a9031548471f642d7e68eb,2026-09-02T16:40:54+00:00
2026-07-31,DVN,2020Q1,FMP,REVENUE_USD,1131215140.0,D:\Programming\python_example\Arcana\data-lake\bronze\consensus\fmp\analyst-estimates\period=quarter\snapshot_date=2026-07-31\ticker=DVN.json,a3314f4d29e1381e1ff002a200296c956a5b73ccd7a9031548471f642d7e68eb,2026-09-02T16:40:54+00:00
2026-07-31,DVN,2019Q4,FMP,REVENUE_USD,1535313229.0,D:\Programming\python_example\Arcana\data-lake\bronze\consensus\fmp\analyst-estimates\period=quarter\snapshot_date=2026-07-31\ticker=DVN.json,a3314f4d29e1381e1ff002a200296c956a5b73ccd7a9031548471f642d7e68eb,2026-09-02T16:40:54+00:00
2026-07-31,DVN,2019Q3,FMP,REVENUE_USD,1391025796.0,D:\Programming\python_example\Arcana\data-lake\bronze\consensus\fmp\analyst-estimates\period=quarter\snapshot_date=2026-07-31\ticker=DVN.json,a3314f4d29e1381e1ff002a200296c956a5b73ccd7a9031548471f642d7e68eb,2026-09-02T16:40:54+00:00
2026-07-31,DVN,2019Q2,FMP,REVENUE_USD,1843772580.0,D:\Programming\python_example\Arcana\data-lake\bronze\consensus\fmp\analyst-estimates\period=quarter\snapshot_date=2026-07-31\ticker=DVN.json,a3314f4d29e1381e1ff002a200296c956a5b73ccd7a9031548471f642d7e68eb,2026-09-02T16:40:54+00:00
2026-07-31,DVN,2019Q1,FMP,REVENUE_USD,1881042476.0,D:\Programming\python_example\Arcana\data-lake\bronze\consensus\fmp\analyst-estimates\period=quarter\snapshot_date=2026-07-31\ticker=DVN.json,a3314f4d29e1381e1ff002a200296c956a5b73ccd7a9031548471f642d7e68eb,2026-09-02T16:40:54+00:00
2026-07-31,DVN,2018Q4,FMP,REVENUE_USD,9404800000.0,D:\Programming\python_example\Arcana\data-lake\bronze\consensus\fmp\analyst-estimates\period=quarter\snapshot_date=2026-07-31\ticker=DVN.json,a3314f4d29e1381e1ff002a200296c956a5b73ccd7a9031548471f642d7e68eb,2026-09-02T16:40:54+00:00
2026-07-31,DVN,2018Q3,FMP,REVENUE_USD,1393107692.0,D:\Programming\python_example\Arcana\data-lake\bronze\consensus\fmp\analyst-estimates\period=quarter\snapshot_date=2026-07-31\ticker=DVN.json,a3314f4d29e1381e1ff002a200296c956a5b73ccd7a9031548471f642d7e68eb,2026-09-02T16:40:54+00:00
2026-07-31,DVN,2018Q2,FMP,REVENUE_USD,2035058823.0,D:\Programming\python_example\Arcana\data-lake\bronze\consensus\fmp\analyst-estimates\period=quarter\snapshot_date=2026-07-31\ticker=DVN.json,a3314f4d29e1381e1ff002a200296c956a5b73ccd7a9031548471f642d7e68eb,2026-09-02T16:40:54+00:00
2026-07-31,DVN,2018Q1,FMP,REVENUE_USD,2198000000.0,D:\Programming\python_example\Arcana\data-lake\bronze\consensus\fmp\analyst-estimates\period=quarter\snapshot_date=2026-07-31\ticker=DVN.json,a3314f4d29e1381e1ff002a200296c956a5b73ccd7a9031548471f642d7e68eb,2026-09-02T16:40:54+00:00
2026-07-31,DVN,2017Q4,FMP,REVENUE_USD,3945789473.0,D:\Programming\python_example\Arcana\data-lake\bronze\consensus\fmp\analyst-estimates\period=quarter\snapshot_date=2026-07-31\ticker=DVN.json,a3314f4d29e1381e1ff002a200296c956a5b73ccd7a9031548471f642d7e68eb,2026-09-02T16:40:54+00:00
2026-07-31,DVN,2017Q3,FMP,REVENUE_USD,1596826086.0,D:\Programming\python_example\Arcana\data-lake\bronze\consensus\fmp\analyst-estimates\period=quarter\snapshot_date=2026-07-31\ticker=DVN.json,a3314f4d29e1381e1ff002a200296c956a5b73ccd7a9031548471f642d7e68eb,2026-09-02T16:40:54+00:00
2026-07-31,DVN,2017Q2,FMP,REVENUE_USD,2037647058.0,D:\Programming\python_example\Arcana\data-lake\bronze\consensus\fmp\analyst-estimates\period=quarter\snapshot_date=2026-07-31\ticker=DVN.json,a3314f4d29e1381e1ff002a200296c956a5b73ccd7a9031548471f642d7e68eb,2026-09-02T16:40:54+00:00
2026-07-31,DVN,2017Q1,FMP,REVENUE_USD,2341463414.0,D:\Programming\python_example\Arcana\data-lake\bronze\consensus\fmp\analyst-estimates\period=quarter\snapshot_date=2026-07-31\ticker=DVN.json,a3314f4d29e1381e1ff002a200296c956a5b73ccd7a9031548471f642d7e68eb,2026-09-02T16:40:54+00:00
2026-07-31,DVN,2016Q4,FMP,REVENUE_USD,2358720000.0,D:\Programming\python_example\Arcana\data-lake\bronze\consensus\fmp\analyst-estimates\period=quarter\snapshot_date=2026-07-31\ticker=DVN.json,a3314f4d29e1381e1ff002a200296c956a5b73ccd7a9031548471f642d7e68eb,2026-09-02T16:40:54+00:00
2026-07-31,DVN,2016Q3,FMP,REVENUE_USD,2139885000.0,D:\Programming\python_example\Arcana\data-lake\bronze\consensus\fmp\analyst-estimates\period=quarter\snapshot_date=2026-07-31\ticker=DVN.json,a3314f4d29e1381e1ff002a200296c956a5b73ccd7a9031548471f642d7e68eb,2026-09-02T16:40:54+00:00
2026-07-31,DVN,2016Q2,FMP,REVENUE_USD,7878666666.0,D:\Programming\python_example\Arcana\data-lake\bronze\consensus\fmp\analyst-estimates\period=quarter\snapshot_date=2026-07-31\ticker=DVN.json,a3314f4d29e1381e1ff002a200296c956a5b73ccd7a9031548471f642d7e68eb,2026-09-02T16:40:54+00:00
2026-07-31,DVN,2016Q1,FMP,REVENUE_USD,2567245283.0,D:\Programming\python_example\Arcana\data-lake\bronze\consensus\fmp\analyst-estimates\period=quarter\snapshot_date=2026-07-31\ticker=DVN.json,a3314f4d29e1381e1ff002a200296c956a5b73ccd7a9031548471f642d7e68eb,2026-09-02T16:40:54+00:00
2026-07-31,DVN,2015Q4,FMP,REVENUE_USD,2623636363.0,D:\Programming\python_example\Arcana\data-lake\bronze\consensus\fmp\analyst-estimates\period=quarter\snapshot_date=2026-07-31\ticker=DVN.json,a3314f4d29e1381e1ff002a200296c956a5b73ccd7a9031548471f642d7e68eb,2026-09-02T16:40:54+00:00
2026-07-31,DVN,2015Q3,FMP,REVENUE_USD,2463842105.0,D:\Programming\python_example\Arcana\data-lake\bronze\consensus\fmp\analyst-estimates\period=quarter\snapshot_date=2026-07-31\ticker=DVN.json,a3314f4d29e1381e1ff002a200296c956a5b73ccd7a9031548471f642d7e68eb,2026-09-02T16:40:54+00:00
2026-07-31,DVN,2015Q2,FMP,REVENUE_USD,2699252677.0,D:\Programming\python_example\Arcana\data-lake\bronze\consensus\fmp\analyst-estimates\period=quarter\snapshot_date=2026-07-31\ticker=DVN.json,a3314f4d29e1381e1ff002a200296c956a5b73ccd7a9031548471f642d7e68eb,2026-09-02T16:40:54+00:00
2026-07-31,DVN,2015Q1,FMP,REVENUE_USD,3858636363.0,D:\Programming\python_example\Arcana\data-lake\bronze\consensus\fmp\analyst-estimates\period=quarter\snapshot_date=2026-07-31\ticker=DVN.json,a3314f4d29e1381e1ff002a200296c956a5b73ccd7a9031548471f642d7e68eb,2026-09-02T16:40:54+00:00
2026-07-31,DVN,2014Q4,FMP,REVENUE_USD,7584036144.0,D:\Programming\python_example\Arcana\data-lake\bronze\consensus\fmp\analyst-estimates\period=quarter\snapshot_date=2026-07-31\ticker=DVN.json,a3314f4d29e1381e1ff002a200296c956a5b73ccd7a9031548471f642d7e68eb,2026-09-02T16:40:54+00:00
2026-07-31,DVN,2014Q3,FMP,REVENUE_USD,4897970149.0,D:\Programming\python_example\Arcana\data-lake\bronze\consensus\fmp\analyst-estimates\period=quarter\snapshot_date=2026-07-31\ticker=DVN.json,a3314f4d29e1381e1ff002a200296c956a5b73ccd7a9031548471f642d7e68eb,2026-09-02T16:40:54+00:00
2026-07-31,DVN,2014Q2,FMP,REVENUE_USD,4510000000.0,D:\Programming\python_example\Arcana\data-lake\bronze\consensus\fmp\analyst-estimates\period=quarter\snapshot_date=2026-07-31\ticker=DVN.json,a3314f4d29e1381e1ff002a200296c956a5b73ccd7a9031548471f642d7e68eb,2026-09-02T16:40:54+00:00
2026-07-31,DVN,2014Q1,FMP,REVENUE_USD,3530410447.0,D:\Programming\python_example\Arcana\data-lake\bronze\consensus\fmp\analyst-estimates\period=quarter\snapshot_date=2026-07-31\ticker=DVN.json,a3314f4d29e1381e1ff002a200296c956a5b73ccd7a9031548471f642d7e68eb,2026-09-02T16:40:54+00:00
2026-07-31,DVN,2013Q4,FMP,REVENUE_USD,2566472727.0,D:\Programming\python_example\Arcana\data-lake\bronze\consensus\fmp\analyst-estimates\period=quarter\snapshot_date=2026-07-31\ticker=DVN.json,a3314f4d29e1381e1ff002a200296c956a5b73ccd7a9031548471f642d7e68eb,2026-09-02T16:40:54+00:00
2026-07-31,DVN,2013Q3,FMP,REVENUE_USD,2524651162.0,D:\Programming\python_example\Arcana\data-lake\bronze\consensus\fmp\analyst-estimates\period=quarter\snapshot_date=2026-07-31\ticker=DVN.json,a3314f4d29e1381e1ff002a200296c956a5b73ccd7a9031548471f642d7e68eb,2026-09-02T16:40:54+00:00
2026-07-31,DVN,2013Q2,FMP,REVENUE_USD,2424462809.0,D:\Programming\python_example\Arcana\data-lake\bronze\consensus\fmp\analyst-estimates\period=quarter\snapshot_date=2026-07-31\ticker=DVN.json,a3314f4d29e1381e1ff002a200296c956a5b73ccd7a9031548471f642d7e68eb,2026-09-02T16:40:54+00:00
2026-07-31,DVN,2013Q1,FMP,REVENUE_USD,1642500000.0,D:\Programming\python_example\Arcana\data-lake\bronze\consensus\fmp\analyst-estimates\period=quarter\snapshot_date=2026-07-31\ticker=DVN.json,a3314f4d29e1381e1ff002a200296c956a5b73ccd7a9031548471f642d7e68eb,2026-09-02T16:40:54+00:00
2026-07-31,DVN,2012Q4,FMP,REVENUE_USD,2480769230.0,D:\Programming\python_example\Arcana\data-lake\bronze\consensus\fmp\analyst-estimates\period=quarter\snapshot_date=2026-07-31\ticker=DVN.json,a3314f4d29e1381e1ff002a200296c956a5b73ccd7a9031548471f642d7e68eb,2026-09-02T16:40:54+00:00
2026-07-31,DVN,2012Q3,FMP,REVENUE_USD,1462329545.0,D:\Programming\python_example\Arcana\data-lake\bronze\consensus\fmp\analyst-estimates\period=quarter\snapshot_date=2026-07-31\ticker=DVN.json,a3314f4d29e1381e1ff002a200296c956a5b73ccd7a9031548471f642d7e68eb,2026-09-02T16:40:54+00:00
2026-07-31,DVN,2012Q2,FMP,REVENUE_USD,3768709090.0,D:\Programming\python_example\Arcana\data-lake\bronze\consensus\fmp\analyst-estimates\period=quarter\snapshot_date=2026-07-31\ticker=DVN.json,a3314f4d29e1381e1ff002a200296c956a5b73ccd7a9031548471f642d7e68eb,2026-09-02T16:40:54+00:00
2026-07-31,DVN,2012Q1,FMP,REVENUE_USD,3400676190.0,D:\Programming\python_example\Arcana\data-lake\bronze\consensus\fmp\analyst-estimates\period=quarter\snapshot_date=2026-07-31\ticker=DVN.json,a3314f4d29e1381e1ff002a200296c956a5b73ccd7a9031548471f642d7e68eb,2026-09-02T16:40:54+00:00
2026-07-31,DVN,2011Q4,FMP,REVENUE_USD,2568516129.0,D:\Programming\python_example\Arcana\data-lake\bronze\consensus\fmp\analyst-estimates\period=quarter\snapshot_date=2026-07-31\ticker=DVN.json,a3314f4d29e1381e1ff002a200296c956a5b73ccd7a9031548471f642d7e68eb,2026-09-02T16:40:54+00:00
2026-07-31,DVN,2011Q3,FMP,REVENUE_USD,3627071428.0,D:\Programming\python_example\Arcana\data-lake\bronze\consensus\fmp\analyst-estimates\period=quarter\snapshot_date=2026-07-31\ticker=DVN.json,a3314f4d29e1381e1ff002a200296c956a5b73ccd7a9031548471f642d7e68eb,2026-09-02T16:40:54+00:00
2026-07-31,DVN,2011Q2,FMP,REVENUE_USD,2899883040.0,D:\Programming\python_example\Arcana\data-lake\bronze\consensus\fmp\analyst-estimates\period=quarter\snapshot_date=2026-07-31\ticker=DVN.json,a3314f4d29e1381e1ff002a200296c956a5b73ccd7a9031548471f642d7e68eb,2026-09-02T16:40:54+00:00
2026-07-31,DVN,2011Q1,FMP,REVENUE_USD,2130977611.0,D:\Programming\python_example\Arcana\data-lake\bronze\consensus\fmp\analyst-estimates\period=quarter\snapshot_date=2026-07-31\ticker=DVN.json,a3314f4d29e1381e1ff002a200296c956a5b73ccd7a9031548471f642d7e68eb,2026-09-02T16:40:54+00:00
2026-07-31,DVN,2010Q4,FMP,REVENUE_USD,1624456521.0,D:\Programming\python_example\Arcana\data-lake\bronze\consensus\fmp\analyst-estimates\period=quarter\snapshot_date=2026-07-31\ticker=DVN.json,a3314f4d29e1381e1ff002a200296c956a5b73ccd7a9031548471f642d7e68eb,2026-09-02T16:40:54+00:00
2026-07-31,DVN,2010Q3,FMP,REVENUE_USD,2317076335.0,D:\Programming\python_example\Arcana\data-lake\bronze\consensus\fmp\analyst-estimates\period=quarter\snapshot_date=2026-07-31\ticker=DVN.json,a3314f4d29e1381e1ff002a200296c956a5b73ccd7a9031548471f642d7e68eb,2026-09-02T16:40:54+00:00
2026-07-31,DVN,2010Q2,FMP,REVENUE_USD,2071529411.0,D:\Programming\python_example\Arcana\data-lake\bronze\consensus\fmp\analyst-estimates\period=quarter\snapshot_date=2026-07-31\ticker=DVN.json,a3314f4d29e1381e1ff002a200296c956a5b73ccd7a9031548471f642d7e68eb,2026-09-02T16:40:54+00:00
2026-07-31,DVN,2010Q1,FMP,REVENUE_USD,2558594594.0,D:\Programming\python_example\Arcana\data-lake\bronze\consensus\fmp\analyst-estimates\period=quarter\snapshot_date=2026-07-31\ticker=DVN.json,a3314f4d29e1381e1ff002a200296c956a5b73ccd7a9031548471f642d7e68eb,2026-09-02T16:40:54+00:00
2026-07-31,DVN,2009Q4,FMP,REVENUE_USD,2297932330.0,D:\Programming\python_example\Arcana\data-lake\bronze\consensus\fmp\analyst-estimates\period=quarter\snapshot_date=2026-07-31\ticker=DVN.json,a3314f4d29e1381e1ff002a200296c956a5b73ccd7a9031548471f642d7e68eb,2026-09-02T16:40:54+00:00
2026-07-31,DVN,2009Q3,FMP,REVENUE_USD,1512000000.0,D:\Programming\python_example\Arcana\data-lake\bronze\consensus\fmp\analyst-estimates\period=quarter\snapshot_date=2026-07-31\ticker=DVN.json,a3314f4d29e1381e1ff002a200296c956a5b73ccd7a9031548471f642d7e68eb,2026-09-02T16:40:54+00:00
2026-07-31,DVN,2009Q2,FMP,REVENUE_USD,1264682352.0,D:\Programming\python_example\Arcana\data-lake\bronze\consensus\fmp\analyst-estimates\period=quarter\snapshot_date=2026-07-31\ticker=DVN.json,a3314f4d29e1381e1ff002a200296c956a5b73ccd7a9031548471f642d7e68eb,2026-09-02T16:40:54+00:00
2026-07-31,DVN,2009Q1,FMP,REVENUE_USD,1434085713.0,D:\Programming\python_example\Arcana\data-lake\bronze\consensus\fmp\analyst-estimates\period=quarter\snapshot_date=2026-07-31\ticker=DVN.json,a3314f4d29e1381e1ff002a200296c956a5b73ccd7a9031548471f642d7e68eb,2026-09-02T16:40:54+00:00
2026-07-31,DVN,2008Q4,FMP,REVENUE_USD,4186875000.0,D:\Programming\python_example\Arcana\data-lake\bronze\consensus\fmp\analyst-estimates\period=quarter\snapshot_date=2026-07-31\ticker=DVN.json,a3314f4d29e1381e1ff002a200296c956a5b73ccd7a9031548471f642d7e68eb,2026-09-02T16:40:54+00:00
2026-07-31,DVN,2008Q3,FMP,REVENUE_USD,4736563106.0,D:\Programming\python_example\Arcana\data-lake\bronze\consensus\fmp\analyst-estimates\period=quarter\snapshot_date=2026-07-31\ticker=DVN.json,a3314f4d29e1381e1ff002a200296c956a5b73ccd7a9031548471f642d7e68eb,2026-09-02T16:40:54+00:00
2026-07-31,DVN,2008Q2,FMP,REVENUE_USD,3537215805.0,D:\Programming\python_example\Arcana\data-lake\bronze\consensus\fmp\analyst-estimates\period=quarter\snapshot_date=2026-07-31\ticker=DVN.json,a3314f4d29e1381e1ff002a200296c956a5b73ccd7a9031548471f642d7e68eb,2026-09-02T16:40:54+00:00
2026-07-31,DVN,2008Q1,FMP,REVENUE_USD,2739822134.0,D:\Programming\python_example\Arcana\data-lake\bronze\consensus\fmp\analyst-estimates\period=quarter\snapshot_date=2026-07-31\ticker=DVN.json,a3314f4d29e1381e1ff002a200296c956a5b73ccd7a9031548471f642d7e68eb,2026-09-02T16:40:54+00:00
2026-07-31,DVN,2007Q4,FMP,REVENUE_USD,3163870466.0,D:\Programming\python_example\Arcana\data-lake\bronze\consensus\fmp\analyst-estimates\period=quarter\snapshot_date=2026-07-31\ticker=DVN.json,a3314f4d29e1381e1ff002a200296c956a5b73ccd7a9031548471f642d7e68eb,2026-09-02T16:40:54+00:00
2026-07-31,DVN,2007Q3,FMP,REVENUE_USD,2865333333.0,D:\Programming\python_example\Arcana\data-lake\bronze\consensus\fmp\analyst-estimates\period=quarter\snapshot_date=2026-07-31\ticker=DVN.json,a3314f4d29e1381e1ff002a200296c956a5b73ccd7a9031548471f642d7e68eb,2026-09-02T16:40:54+00:00
2026-07-31,DVN,2007Q2,FMP,REVENUE_USD,2530378698.0,D:\Programming\python_example\Arcana\data-lake\bronze\consensus\fmp\analyst-estimates\period=quarter\snapshot_date=2026-07-31\ticker=DVN.json,a3314f4d29e1381e1ff002a200296c956a5b73ccd7a9031548471f642d7e68eb,2026-09-02T16:40:54+00:00
2026-07-31,DVN,2007Q1,FMP,REVENUE_USD,2453527559.0,D:\Programming\python_example\Arcana\data-lake\bronze\consensus\fmp\analyst-estimates\period=quarter\snapshot_date=2026-07-31\ticker=DVN.json,a3314f4d29e1381e1ff002a200296c956a5b73ccd7a9031548471f642d7e68eb,2026-09-02T16:40:54+00:00
2026-07-31,DVN,2006Q4,FMP,REVENUE_USD,2418000000.0,D:\Programming\python_example\Arcana\data-lake\bronze\consensus\fmp\analyst-estimates\period=quarter\snapshot_date=2026-07-31\ticker=DVN.json,a3314f4d29e1381e1ff002a200296c956a5b73ccd7a9031548471f642d7e68eb,2026-09-02T16:40:54+00:00
2026-07-31,DVN,2006Q3,FMP,REVENUE_USD,2288240963.0,D:\Programming\python_example\Arcana\data-lake\bronze\consensus\fmp\analyst-estimates\period=quarter\snapshot_date=2026-07-31\ticker=DVN.json,a3314f4d29e1381e1ff002a200296c956a5b73ccd7a9031548471f642d7e68eb,2026-09-02T16:40:54+00:00
2026-07-31,DVN,2006Q2,FMP,REVENUE_USD,2335031847.0,D:\Programming\python_example\Arcana\data-lake\bronze\consensus\fmp\analyst-estimates\period=quarter\snapshot_date=2026-07-31\ticker=DVN.json,a3314f4d29e1381e1ff002a200296c956a5b73ccd7a9031548471f642d7e68eb,2026-09-02T16:40:54+00:00
2026-07-31,DVN,2006Q1,FMP,REVENUE_USD,2556818181.0,D:\Programming\python_example\Arcana\data-lake\bronze\consensus\fmp\analyst-estimates\period=quarter\snapshot_date=2026-07-31\ticker=DVN.json,a3314f4d29e1381e1ff002a200296c956a5b73ccd7a9031548471f642d7e68eb,2026-09-02T16:40:54+00:00
2026-07-31,DVN,2005Q4,FMP,REVENUE_USD,3133270386.0,D:\Programming\python_example\Arcana\data-lake\bronze\consensus\fmp\analyst-estimates\period=quarter\snapshot_date=2026-07-31\ticker=DVN.json,a3314f4d29e1381e1ff002a200296c956a5b73ccd7a9031548471f642d7e68eb,2026-09-02T16:40:54+00:00
2026-07-31,DVN,2005Q3,FMP,REVENUE_USD,2517112299.0,D:\Programming\python_example\Arcana\data-lake\bronze\consensus\fmp\analyst-estimates\period=quarter\snapshot_date=2026-07-31\ticker=DVN.json,a3314f4d29e1381e1ff002a200296c956a5b73ccd7a9031548471f642d7e68eb,2026-09-02T16:40:54+00:00
2026-07-31,DVN,2005Q2,FMP,REVENUE_USD,2205446808.0,D:\Programming\python_example\Arcana\data-lake\bronze\consensus\fmp\analyst-estimates\period=quarter\snapshot_date=2026-07-31\ticker=DVN.json,a3314f4d29e1381e1ff002a200296c956a5b73ccd7a9031548471f642d7e68eb,2026-09-02T16:40:54+00:00
2026-07-31,DVN,2005Q1,FMP,REVENUE_USD,2602892857.0,D:\Programming\python_example\Arcana\data-lake\bronze\consensus\fmp\analyst-estimates\period=quarter\snapshot_date=2026-07-31\ticker=DVN.json,a3314f4d29e1381e1ff002a200296c956a5b73ccd7a9031548471f642d7e68eb,2026-09-02T16:40:54+00:00
2026-07-31,DVN,2004Q4,FMP,REVENUE_USD,2258015267.0,D:\Programming\python_example\Arcana\data-lake\bronze\consensus\fmp\analyst-estimates\period=quarter\snapshot_date=2026-07-31\ticker=DVN.json,a3314f4d29e1381e1ff002a200296c956a5b73ccd7a9031548471f642d7e68eb,2026-09-02T16:40:54+00:00
2026-07-31,DVN,2004Q3,FMP,REVENUE_USD,2074518867.0,D:\Programming\python_example\Arcana\data-lake\bronze\consensus\fmp\analyst-estimates\period=quarter\snapshot_date=2026-07-31\ticker=DVN.json,a3314f4d29e1381e1ff002a200296c956a5b73ccd7a9031548471f642d7e68eb,2026-09-02T16:40:54+00:00
2026-07-31,DVN,2004Q2,FMP,REVENUE_USD,2219000000.0,D:\Programming\python_example\Arcana\data-lake\bronze\consensus\fmp\analyst-estimates\period=quarter\snapshot_date=2026-07-31\ticker=DVN.json,a3314f4d29e1381e1ff002a200296c956a5b73ccd7a9031548471f642d7e68eb,2026-09-02T16:40:54+00:00
2026-07-31,DVN,2004Q1,FMP,REVENUE_USD,2058960000.0,D:\Programming\python_example\Arcana\data-lake\bronze\consensus\fmp\analyst-estimates\period=quarter\snapshot_date=2026-07-31\ticker=DVN.json,a3314f4d29e1381e1ff002a200296c956a5b73ccd7a9031548471f642d7e68eb,2026-09-02T16:40:54+00:00
2026-07-31,DVN,2003Q4,FMP,REVENUE_USD,1731271604.0,D:\Programming\python_example\Arcana\data-lake\bronze\consensus\fmp\analyst-estimates\period=quarter\snapshot_date=2026-07-31\ticker=DVN.json,a3314f4d29e1381e1ff002a200296c956a5b73ccd7a9031548471f642d7e68eb,2026-09-02T16:40:54+00:00
2026-07-31,DVN,2003Q3,FMP,REVENUE_USD,1653534883.0,D:\Programming\python_example\Arcana\data-lake\bronze\consensus\fmp\analyst-estimates\period=quarter\snapshot_date=2026-07-31\ticker=DVN.json,a3314f4d29e1381e1ff002a200296c956a5b73ccd7a9031548471f642d7e68eb,2026-09-02T16:40:54+00:00
2026-07-31,DVN,2003Q2,FMP,REVENUE_USD,1766512820.0,D:\Programming\python_example\Arcana\data-lake\bronze\consensus\fmp\analyst-estimates\period=quarter\snapshot_date=2026-07-31\ticker=DVN.json,a3314f4d29e1381e1ff002a200296c956a5b73ccd7a9031548471f642d7e68eb,2026-09-02T16:40:54+00:00
2026-07-31,DVN,2003Q1,FMP,REVENUE_USD,1548731707.0,D:\Programming\python_example\Arcana\data-lake\bronze\consensus\fmp\analyst-estimates\period=quarter\snapshot_date=2026-07-31\ticker=DVN.json,a3314f4d29e1381e1ff002a200296c956a5b73ccd7a9031548471f642d7e68eb,2026-09-02T16:40:54+00:00
2026-07-31,DVN,2002Q4,FMP,REVENUE_USD,971718309.0,D:\Programming\python_example\Arcana\data-lake\bronze\consensus\fmp\analyst-estimates\period=quarter\snapshot_date=2026-07-31\ticker=DVN.json,a3314f4d29e1381e1ff002a200296c956a5b73ccd7a9031548471f642d7e68eb,2026-09-02T16:40:54+00:00
2026-07-31,DVN,2002Q3,FMP,REVENUE_USD,1001647058.0,D:\Programming\python_example\Arcana\data-lake\bronze\consensus\fmp\analyst-estimates\period=quarter\snapshot_date=2026-07-31\ticker=DVN.json,a3314f4d29e1381e1ff002a200296c956a5b73ccd7a9031548471f642d7e68eb,2026-09-02T16:40:54+00:00
2026-07-31,DVN,2002Q2,FMP,REVENUE_USD,1096772727.0,D:\Programming\python_example\Arcana\data-lake\bronze\consensus\fmp\analyst-estimates\period=quarter\snapshot_date=2026-07-31\ticker=DVN.json,a3314f4d29e1381e1ff002a200296c956a5b73ccd7a9031548471f642d7e68eb,2026-09-02T16:40:54+00:00
2026-07-31,DVN,2002Q1,FMP,REVENUE_USD,633150000.0,D:\Programming\python_example\Arcana\data-lake\bronze\consensus\fmp\analyst-estimates\period=quarter\snapshot_date=2026-07-31\ticker=DVN.json,a3314f4d29e1381e1ff002a200296c956a5b73ccd7a9031548471f642d7e68eb,2026-09-02T16:40:54+00:00
2026-07-31,DVN,2001Q4,FMP,REVENUE_USD,813489600.0,D:\Programming\python_example\Arcana\data-lake\bronze\consensus\fmp\analyst-estimates\period=quarter\snapshot_date=2026-07-31\ticker=DVN.json,a3314f4d29e1381e1ff002a200296c956a5b73ccd7a9031548471f642d7e68eb,2026-09-02T16:40:54+00:00
2026-07-31,DVN,2001Q3,FMP,REVENUE_USD,504470588.0,D:\Programming\python_example\Arcana\data-lake\bronze\consensus\fmp\analyst-estimates\period=quarter\snapshot_date=2026-07-31\ticker=DVN.json,a3314f4d29e1381e1ff002a200296c956a5b73ccd7a9031548471f642d7e68eb,2026-09-02T16:40:54+00:00
2026-07-31,DVN,2001Q2,FMP,REVENUE_USD,651388888.0,D:\Programming\python_example\Arcana\data-lake\bronze\consensus\fmp\analyst-estimates\period=quarter\snapshot_date=2026-07-31\ticker=DVN.json,a3314f4d29e1381e1ff002a200296c956a5b73ccd7a9031548471f642d7e68eb,2026-09-02T16:40:54+00:00
2026-07-31,DVN,2001Q1,FMP,REVENUE_USD,897744360.0,D:\Programming\python_example\Arcana\data-lake\bronze\consensus\fmp\analyst-estimates\period=quarter\snapshot_date=2026-07-31\ticker=DVN.json,a3314f4d29e1381e1ff002a200296c956a5b73ccd7a9031548471f642d7e68eb,2026-09-02T16:40:54+00:00
2026-07-31,DVN,2000Q4,FMP,REVENUE_USD,648576934.0,D:\Programming\python_example\Arcana\data-lake\bronze\consensus\fmp\analyst-estimates\period=quarter\snapshot_date=2026-07-31\ticker=DVN.json,a3314f4d29e1381e1ff002a200296c956a5b73ccd7a9031548471f642d7e68eb,2026-09-02T16:40:54+00:00
2026-07-31,DVN,2000Q3,FMP,REVENUE_USD,608177571.0,D:\Programming\python_example\Arcana\data-lake\bronze\consensus\fmp\analyst-estimates\period=quarter\snapshot_date=2026-07-31\ticker=DVN.json,a3314f4d29e1381e1ff002a200296c956a5b73ccd7a9031548471f642d7e68eb,2026-09-02T16:40:54+00:00
2026-07-31,DVN,2000Q2,FMP,REVENUE_USD,583650000.0,D:\Programming\python_example\Arcana\data-lake\bronze\consensus\fmp\analyst-estimates\period=quarter\snapshot_date=2026-07-31\ticker=DVN.json,a3314f4d29e1381e1ff002a200296c956a5b73ccd7a9031548471f642d7e68eb,2026-09-02T16:40:54+00:00
2026-07-31,DVN,2000Q1,FMP,REVENUE_USD,445023529.0,D:\Programming\python_example\Arcana\data-lake\bronze\consensus\fmp\analyst-estimates\period=quarter\snapshot_date=2026-07-31\ticker=DVN.json,a3314f4d29e1381e1ff002a200296c956a5b73ccd7a9031548471f642d7e68eb,2026-09-02T16:40:54+00:00
2026-07-31,DVN,1999Q4,FMP,REVENUE_USD,212870000.0,D:\Programming\python_example\Arcana\data-lake\bronze\consensus\fmp\analyst-estimates\period=quarter\snapshot_date=2026-07-31\ticker=DVN.json,a3314f4d29e1381e1ff002a200296c956a5b73ccd7a9031548471f642d7e68eb,2026-09-02T16:40:54+00:00
2026-07-31,DVN,1999Q3,FMP,REVENUE_USD,178668750.0,D:\Programming\python_example\Arcana\data-lake\bronze\consensus\fmp\analyst-estimates\period=quarter\snapshot_date=2026-07-31\ticker=DVN.json,a3314f4d29e1381e1ff002a200296c956a5b73ccd7a9031548471f642d7e68eb,2026-09-02T16:40:54+00:00
2026-07-31,DVN,1999Q2,FMP,REVENUE_USD,85336363.0,D:\Programming\python_example\Arcana\data-lake\bronze\consensus\fmp\analyst-estimates\period=quarter\snapshot_date=2026-07-31\ticker=DVN.json,a3314f4d29e1381e1ff002a200296c956a5b73ccd7a9031548471f642d7e68eb,2026-09-02T16:40:54+00:00
2026-07-31,DVN,1999Q1,FMP,REVENUE_USD,235710000.0,D:\Programming\python_example\Arcana\data-lake\bronze\consensus\fmp\analyst-estimates\period=quarter\snapshot_date=2026-07-31\ticker=DVN.json,a3314f4d29e1381e1ff002a200296c956a5b73ccd7a9031548471f642d7e68eb,2026-09-02T16:40:54+00:00
2026-07-31,DVN,1998Q4,FMP,REVENUE_USD,203720000.0,D:\Programming\python_example\Arcana\data-lake\bronze\consensus\fmp\analyst-estimates\period=quarter\snapshot_date=2026-07-31\ticker=DVN.json,a3314f4d29e1381e1ff002a200296c956a5b73ccd7a9031548471f642d7e68eb,2026-09-02T16:40:54+00:00
2026-07-31,DVN,1998Q3,FMP,REVENUE_USD,57100000.0,D:\Programming\python_example\Arcana\data-lake\bronze\consensus\fmp\analyst-estimates\period=quarter\snapshot_date=2026-07-31\ticker=DVN.json,a3314f4d29e1381e1ff002a200296c956a5b73ccd7a9031548471f642d7e68eb,2026-09-02T16:40:54+00:00
2026-07-31,DVN,1998Q2,FMP,REVENUE_USD,62500000.0,D:\Programming\python_example\Arcana\data-lake\bronze\consensus\fmp\analyst-estimates\period=quarter\snapshot_date=2026-07-31\ticker=DVN.json,a3314f4d29e1381e1ff002a200296c956a5b73ccd7a9031548471f642d7e68eb,2026-09-02T16:40:54+00:00
2026-07-31,DVN,1998Q1,FMP,REVENUE_USD,60573333.0,D:\Programming\python_example\Arcana\data-lake\bronze\consensus\fmp\analyst-estimates\period=quarter\snapshot_date=2026-07-31\ticker=DVN.json,a3314f4d29e1381e1ff002a200296c956a5b73ccd7a9031548471f642d7e68eb,2026-09-02T16:40:54+00:00
2026-07-31,DVN,1997Q4,FMP,REVENUE_USD,90969999.0,D:\Programming\python_example\Arcana\data-lake\bronze\consensus\fmp\analyst-estimates\period=quarter\snapshot_date=2026-07-31\ticker=DVN.json,a3314f4d29e1381e1ff002a200296c956a5b73ccd7a9031548471f642d7e68eb,2026-09-02T16:40:54+00:00
2026-07-31,DVN,1997Q3,FMP,REVENUE_USD,66272727.0,D:\Programming\python_example\Arcana\data-lake\bronze\consensus\fmp\analyst-estimates\period=quarter\snapshot_date=2026-07-31\ticker=DVN.json,a3314f4d29e1381e1ff002a200296c956a5b73ccd7a9031548471f642d7e68eb,2026-09-02T16:40:54+00:00
2026-07-31,DVN,1997Q2,FMP,REVENUE_USD,69700000.0,D:\Programming\python_example\Arcana\data-lake\bronze\consensus\fmp\analyst-estimates\period=quarter\snapshot_date=2026-07-31\ticker=DVN.json,a3314f4d29e1381e1ff002a200296c956a5b73ccd7a9031548471f642d7e68eb,2026-09-02T16:40:54+00:00
2026-07-31,DVN,1997Q1,FMP,REVENUE_USD,87900000.0,D:\Programming\python_example\Arcana\data-lake\bronze\consensus\fmp\analyst-estimates\period=quarter\snapshot_date=2026-07-31\ticker=DVN.json,a3314f4d29e1381e1ff002a200296c956a5b73ccd7a9031548471f642d7e68eb,2026-09-02T16:40:54+00:00
2026-07-31,DVN,1996Q4,FMP,REVENUE_USD,37853846.0,D:\Programming\python_example\Arcana\data-lake\bronze\consensus\fmp\analyst-estimates\period=quarter\snapshot_date=2026-07-31\ticker=DVN.json,a3314f4d29e1381e1ff002a200296c956a5b73ccd7a9031548471f642d7e68eb,2026-09-02T16:40:54+00:00
2026-07-31,EOG,2028Q4,FMP,REVENUE_USD,7077500000.0,D:\Programming\python_example\Arcana\data-lake\bronze\consensus\fmp\analyst-estimates\period=quarter\snapshot_date=2026-07-31\ticker=EOG.json,43267ee78af591ef701b9b2bc50a3c71bd5f919b13ec4eed70e30c4246e53fe5,2026-09-02T16:40:54+00:00
2026-07-31,EOG,2028Q3,FMP,REVENUE_USD,6971500000.0,D:\Programming\python_example\Arcana\data-lake\bronze\consensus\fmp\analyst-estimates\period=quarter\snapshot_date=2026-07-31\ticker=EOG.json,43267ee78af591ef701b9b2bc50a3c71bd5f919b13ec4eed70e30c4246e53fe5,2026-09-02T16:40:54+00:00
2026-07-31,EOG,2028Q2,FMP,REVENUE_USD,6868500000.0,D:\Programming\python_example\Arcana\data-lake\bronze\consensus\fmp\analyst-estimates\period=quarter\snapshot_date=2026-07-31\ticker=EOG.json,43267ee78af591ef701b9b2bc50a3c71bd5f919b13ec4eed70e30c4246e53fe5,2026-09-02T16:40:54+00:00
2026-07-31,EOG,2028Q1,FMP,REVENUE_USD,7026500000.0,D:\Programming\python_example\Arcana\data-lake\bronze\consensus\fmp\analyst-estimates\period=quarter\snapshot_date=2026-07-31\ticker=EOG.json,43267ee78af591ef701b9b2bc50a3c71bd5f919b13ec4eed70e30c4246e53fe5,2026-09-02T16:40:54+00:00
2026-07-31,EOG,2027Q4,FMP,REVENUE_USD,7192112444.0,D:\Programming\python_example\Arcana\data-lake\bronze\consensus\fmp\analyst-estimates\period=quarter\snapshot_date=2026-07-31\ticker=EOG.json,43267ee78af591ef701b9b2bc50a3c71bd5f919b13ec4eed70e30c4246e53fe5,2026-09-02T16:40:54+00:00
2026-07-31,EOG,2027Q3,FMP,REVENUE_USD,6966222667.0,D:\Programming\python_example\Arcana\data-lake\bronze\consensus\fmp\analyst-estimates\period=quarter\snapshot_date=2026-07-31\ticker=EOG.json,43267ee78af591ef701b9b2bc50a3c71bd5f919b13ec4eed70e30c4246e53fe5,2026-09-02T16:40:54+00:00
2026-07-31,EOG,2027Q2,FMP,REVENUE_USD,6791736111.0,D:\Programming\python_example\Arcana\data-lake\bronze\consensus\fmp\analyst-estimates\period=quarter\snapshot_date=2026-07-31\ticker=EOG.json,43267ee78af591ef701b9b2bc50a3c71bd5f919b13ec4eed70e30c4246e53fe5,2026-09-02T16:40:54+00:00
2026-07-31,EOG,2027Q1,FMP,REVENUE_USD,6938660600.0,D:\Programming\python_example\Arcana\data-lake\bronze\consensus\fmp\analyst-estimates\period=quarter\snapshot_date=2026-07-31\ticker=EOG.json,43267ee78af591ef701b9b2bc50a3c71bd5f919b13ec4eed70e30c4246e53fe5,2026-09-02T16:40:54+00:00
2026-07-31,EOG,2026Q4,FMP,REVENUE_USD,7047764077.0,D:\Programming\python_example\Arcana\data-lake\bronze\consensus\fmp\analyst-estimates\period=quarter\snapshot_date=2026-07-31\ticker=EOG.json,43267ee78af591ef701b9b2bc50a3c71bd5f919b13ec4eed70e30c4246e53fe5,2026-09-02T16:40:54+00:00
2026-07-31,EOG,2026Q3,FMP,REVENUE_USD,7088171231.0,D:\Programming\python_example\Arcana\data-lake\bronze\consensus\fmp\analyst-estimates\period=quarter\snapshot_date=2026-07-31\ticker=EOG.json,43267ee78af591ef701b9b2bc50a3c71bd5f919b13ec4eed70e30c4246e53fe5,2026-09-02T16:40:54+00:00
2026-07-31,EOG,2026Q2,FMP,REVENUE_USD,8003898538.0,D:\Programming\python_example\Arcana\data-lake\bronze\consensus\fmp\analyst-estimates\period=quarter\snapshot_date=2026-07-31\ticker=EOG.json,43267ee78af591ef701b9b2bc50a3c71bd5f919b13ec4eed70e30c4246e53fe5,2026-09-02T16:40:54+00:00
2026-07-31,EOG,2026Q1,FMP,REVENUE_USD,6184311467.0,D:\Programming\python_example\Arcana\data-lake\bronze\consensus\fmp\analyst-estimates\period=quarter\snapshot_date=2026-07-31\ticker=EOG.json,43267ee78af591ef701b9b2bc50a3c71bd5f919b13ec4eed70e30c4246e53fe5,2026-09-02T16:40:54+00:00
2026-07-31,EOG,2025Q4,FMP,REVENUE_USD,5765973750.0,D:\Programming\python_example\Arcana\data-lake\bronze\consensus\fmp\analyst-estimates\period=quarter\snapshot_date=2026-07-31\ticker=EOG.json,43267ee78af591ef701b9b2bc50a3c71bd5f919b13ec4eed70e30c4246e53fe5,2026-09-02T16:40:54+00:00
2026-07-31,EOG,2025Q3,FMP,REVENUE_USD,5973839131.0,D:\Programming\python_example\Arcana\data-lake\bronze\consensus\fmp\analyst-estimates\period=quarter\snapshot_date=2026-07-31\ticker=EOG.json,43267ee78af591ef701b9b2bc50a3c71bd5f919b13ec4eed70e30c4246e53fe5,2026-09-02T16:40:54+00:00
2026-07-31,EOG,2025Q2,FMP,REVENUE_USD,5448611538.0,D:\Programming\python_example\Arcana\data-lake\bronze\consensus\fmp\analyst-estimates\period=quarter\snapshot_date=2026-07-31\ticker=EOG.json,43267ee78af591ef701b9b2bc50a3c71bd5f919b13ec4eed70e30c4246e53fe5,2026-09-02T16:40:54+00:00
2026-07-31,EOG,2025Q1,FMP,REVENUE_USD,5904675667.0,D:\Programming\python_example\Arcana\data-lake\bronze\consensus\fmp\analyst-estimates\period=quarter\snapshot_date=2026-07-31\ticker=EOG.json,43267ee78af591ef701b9b2bc50a3c71bd5f919b13ec4eed70e30c4246e53fe5,2026-09-02T16:40:54+00:00
2026-07-31,EOG,2024Q4,FMP,REVENUE_USD,5909545300.0,D:\Programming\python_example\Arcana\data-lake\bronze\consensus\fmp\analyst-estimates\period=quarter\snapshot_date=2026-07-31\ticker=EOG.json,43267ee78af591ef701b9b2bc50a3c71bd5f919b13ec4eed70e30c4246e53fe5,2026-09-02T16:40:54+00:00
2026-07-31,EOG,2024Q3,FMP,REVENUE_USD,5996887778.0,D:\Programming\python_example\Arcana\data-lake\bronze\consensus\fmp\analyst-estimates\period=quarter\snapshot_date=2026-07-31\ticker=EOG.json,43267ee78af591ef701b9b2bc50a3c71bd5f919b13ec4eed70e30c4246e53fe5,2026-09-02T16:40:54+00:00
2026-07-31,EOG,2024Q2,FMP,REVENUE_USD,6070989800.0,D:\Programming\python_example\Arcana\data-lake\bronze\consensus\fmp\analyst-estimates\period=quarter\snapshot_date=2026-07-31\ticker=EOG.json,43267ee78af591ef701b9b2bc50a3c71bd5f919b13ec4eed70e30c4246e53fe5,2026-09-02T16:40:54+00:00
2026-07-31,EOG,2024Q1,FMP,REVENUE_USD,5912570182.0,D:\Programming\python_example\Arcana\data-lake\bronze\consensus\fmp\analyst-estimates\period=quarter\snapshot_date=2026-07-31\ticker=EOG.json,43267ee78af591ef701b9b2bc50a3c71bd5f919b13ec4eed70e30c4246e53fe5,2026-09-02T16:40:54+00:00
2026-07-31,EOG,2023Q4,FMP,REVENUE_USD,6180468300.0,D:\Programming\python_example\Arcana\data-lake\bronze\consensus\fmp\analyst-estimates\period=quarter\snapshot_date=2026-07-31\ticker=EOG.json,43267ee78af591ef701b9b2bc50a3c71bd5f919b13ec4eed70e30c4246e53fe5,2026-09-02T16:40:54+00:00
2026-07-31,EOG,2023Q3,FMP,REVENUE_USD,5477573730.0,D:\Programming\python_example\Arcana\data-lake\bronze\consensus\fmp\analyst-estimates\period=quarter\snapshot_date=2026-07-31\ticker=EOG.json,43267ee78af591ef701b9b2bc50a3c71bd5f919b13ec4eed70e30c4246e53fe5,2026-09-02T16:40:54+00:00
2026-07-31,EOG,2023Q2,FMP,REVENUE_USD,4739795997.0,D:\Programming\python_example\Arcana\data-lake\bronze\consensus\fmp\analyst-estimates\period=quarter\snapshot_date=2026-07-31\ticker=EOG.json,43267ee78af591ef701b9b2bc50a3c71bd5f919b13ec4eed70e30c4246e53fe5,2026-09-02T16:40:54+00:00
2026-07-31,EOG,2023Q1,FMP,REVENUE_USD,4866959465.0,D:\Programming\python_example\Arcana\data-lake\bronze\consensus\fmp\analyst-estimates\period=quarter\snapshot_date=2026-07-31\ticker=EOG.json,43267ee78af591ef701b9b2bc50a3c71bd5f919b13ec4eed70e30c4246e53fe5,2026-09-02T16:40:54+00:00
2026-07-31,EOG,2022Q4,FMP,REVENUE_USD,5806296061.0,D:\Programming\python_example\Arcana\data-lake\bronze\consensus\fmp\analyst-estimates\period=quarter\snapshot_date=2026-07-31\ticker=EOG.json,43267ee78af591ef701b9b2bc50a3c71bd5f919b13ec4eed70e30c4246e53fe5,2026-09-02T16:40:54+00:00
2026-07-31,EOG,2022Q3,FMP,REVENUE_USD,6257432396.0,D:\Programming\python_example\Arcana\data-lake\bronze\consensus\fmp\analyst-estimates\period=quarter\snapshot_date=2026-07-31\ticker=EOG.json,43267ee78af591ef701b9b2bc50a3c71bd5f919b13ec4eed70e30c4246e53fe5,2026-09-02T16:40:54+00:00
2026-07-31,EOG,2022Q2,FMP,REVENUE_USD,5469845464.0,D:\Programming\python_example\Arcana\data-lake\bronze\consensus\fmp\analyst-estimates\period=quarter\snapshot_date=2026-07-31\ticker=EOG.json,43267ee78af591ef701b9b2bc50a3c71bd5f919b13ec4eed70e30c4246e53fe5,2026-09-02T16:40:54+00:00
2026-07-31,EOG,2022Q1,FMP,REVENUE_USD,5536791399.0,D:\Programming\python_example\Arcana\data-lake\bronze\consensus\fmp\analyst-estimates\period=quarter\snapshot_date=2026-07-31\ticker=EOG.json,43267ee78af591ef701b9b2bc50a3c71bd5f919b13ec4eed70e30c4246e53fe5,2026-09-02T16:40:54+00:00
2026-07-31,EOG,2021Q4,FMP,REVENUE_USD,5957089841.0,D:\Programming\python_example\Arcana\data-lake\bronze\consensus\fmp\analyst-estimates\period=quarter\snapshot_date=2026-07-31\ticker=EOG.json,43267ee78af591ef701b9b2bc50a3c71bd5f919b13ec4eed70e30c4246e53fe5,2026-09-02T16:40:54+00:00
2026-07-31,EOG,2021Q3,FMP,REVENUE_USD,4745431997.0,D:\Programming\python_example\Arcana\data-lake\bronze\consensus\fmp\analyst-estimates\period=quarter\snapshot_date=2026-07-31\ticker=EOG.json,43267ee78af591ef701b9b2bc50a3c71bd5f919b13ec4eed70e30c4246e53fe5,2026-09-02T16:40:54+00:00
2026-07-31,EOG,2021Q2,FMP,REVENUE_USD,4066101317.0,D:\Programming\python_example\Arcana\data-lake\bronze\consensus\fmp\analyst-estimates\period=quarter\snapshot_date=2026-07-31\ticker=EOG.json,43267ee78af591ef701b9b2bc50a3c71bd5f919b13ec4eed70e30c4246e53fe5,2026-09-02T16:40:54+00:00
2026-07-31,EOG,2021Q1,FMP,REVENUE_USD,3766158062.0,D:\Programming\python_example\Arcana\data-lake\bronze\consensus\fmp\analyst-estimates\period=quarter\snapshot_date=2026-07-31\ticker=EOG.json,43267ee78af591ef701b9b2bc50a3c71bd5f919b13ec4eed70e30c4246e53fe5,2026-09-02T16:40:54+00:00
2026-07-31,EOG,2020Q4,FMP,REVENUE_USD,2891837496.0,D:\Programming\python_example\Arcana\data-lake\bronze\consensus\fmp\analyst-estimates\period=quarter\snapshot_date=2026-07-31\ticker=EOG.json,43267ee78af591ef701b9b2bc50a3c71bd5f919b13ec4eed70e30c4246e53fe5,2026-09-02T16:40:54+00:00
2026-07-31,EOG,2020Q3,FMP,REVENUE_USD,2623020604.0,D:\Programming\python_example\Arcana\data-lake\bronze\consensus\fmp\analyst-estimates\period=quarter\snapshot_date=2026-07-31\ticker=EOG.json,43267ee78af591ef701b9b2bc50a3c71bd5f919b13ec4eed70e30c4246e53fe5,2026-09-02T16:40:54+00:00
2026-07-31,EOG,2020Q2,FMP,REVENUE_USD,2454341625.0,D:\Programming\python_example\Arcana\data-lake\bronze\consensus\fmp\analyst-estimates\period=quarter\snapshot_date=2026-07-31\ticker=EOG.json,43267ee78af591ef701b9b2bc50a3c71bd5f919b13ec4eed70e30c4246e53fe5,2026-09-02T16:40:54+00:00
2026-07-31,EOG,2020Q1,FMP,REVENUE_USD,3945480061.0,D:\Programming\python_example\Arcana\data-lake\bronze\consensus\fmp\analyst-estimates\period=quarter\snapshot_date=2026-07-31\ticker=EOG.json,43267ee78af591ef701b9b2bc50a3c71bd5f919b13ec4eed70e30c4246e53fe5,2026-09-02T16:40:54+00:00
2026-07-31,EOG,2019Q4,FMP,REVENUE_USD,4369553474.0,D:\Programming\python_example\Arcana\data-lake\bronze\consensus\fmp\analyst-estimates\period=quarter\snapshot_date=2026-07-31\ticker=EOG.json,43267ee78af591ef701b9b2bc50a3c71bd5f919b13ec4eed70e30c4246e53fe5,2026-09-02T16:40:54+00:00
2026-07-31,EOG,2019Q3,FMP,REVENUE_USD,4414364946.0,D:\Programming\python_example\Arcana\data-lake\bronze\consensus\fmp\analyst-estimates\period=quarter\snapshot_date=2026-07-31\ticker=EOG.json,43267ee78af591ef701b9b2bc50a3c71bd5f919b13ec4eed70e30c4246e53fe5,2026-09-02T16:40:54+00:00
2026-07-31,EOG,2019Q2,FMP,REVENUE_USD,4431542956.0,D:\Programming\python_example\Arcana\data-lake\bronze\consensus\fmp\analyst-estimates\period=quarter\snapshot_date=2026-07-31\ticker=EOG.json,43267ee78af591ef701b9b2bc50a3c71bd5f919b13ec4eed70e30c4246e53fe5,2026-09-02T16:40:54+00:00
2026-07-31,EOG,2019Q1,FMP,REVENUE_USD,4071999113.0,D:\Programming\python_example\Arcana\data-lake\bronze\consensus\fmp\analyst-estimates\period=quarter\snapshot_date=2026-07-31\ticker=EOG.json,43267ee78af591ef701b9b2bc50a3c71bd5f919b13ec4eed70e30c4246e53fe5,2026-09-02T16:40:54+00:00
2026-07-31,EOG,2018Q4,FMP,REVENUE_USD,4857102322.0,D:\Programming\python_example\Arcana\data-lake\bronze\consensus\fmp\analyst-estimates\period=quarter\snapshot_date=2026-07-31\ticker=EOG.json,43267ee78af591ef701b9b2bc50a3c71bd5f919b13ec4eed70e30c4246e53fe5,2026-09-02T16:40:54+00:00
2026-07-31,EOG,2018Q3,FMP,REVENUE_USD,4052476342.0,D:\Programming\python_example\Arcana\data-lake\bronze\consensus\fmp\analyst-estimates\period=quarter\snapshot_date=2026-07-31\ticker=EOG.json,43267ee78af591ef701b9b2bc50a3c71bd5f919b13ec4eed70e30c4246e53fe5,2026-09-02T16:40:54+00:00
2026-07-31,EOG,2018Q2,FMP,REVENUE_USD,3810665693.0,D:\Programming\python_example\Arcana\data-lake\bronze\consensus\fmp\analyst-estimates\period=quarter\snapshot_date=2026-07-31\ticker=EOG.json,43267ee78af591ef701b9b2bc50a3c71bd5f919b13ec4eed70e30c4246e53fe5,2026-09-02T16:40:54+00:00
2026-07-31,EOG,2018Q1,FMP,REVENUE_USD,3105966386.0,D:\Programming\python_example\Arcana\data-lake\bronze\consensus\fmp\analyst-estimates\period=quarter\snapshot_date=2026-07-31\ticker=EOG.json,43267ee78af591ef701b9b2bc50a3c71bd5f919b13ec4eed70e30c4246e53fe5,2026-09-02T16:40:54+00:00
2026-07-31,EOG,2017Q4,FMP,REVENUE_USD,2615972463.0,D:\Programming\python_example\Arcana\data-lake\bronze\consensus\fmp\analyst-estimates\period=quarter\snapshot_date=2026-07-31\ticker=EOG.json,43267ee78af591ef701b9b2bc50a3c71bd5f919b13ec4eed70e30c4246e53fe5,2026-09-02T16:40:54+00:00
2026-07-31,EOG,2017Q3,FMP,REVENUE_USD,2202065848.0,D:\Programming\python_example\Arcana\data-lake\bronze\consensus\fmp\analyst-estimates\period=quarter\snapshot_date=2026-07-31\ticker=EOG.json,43267ee78af591ef701b9b2bc50a3c71bd5f919b13ec4eed70e30c4246e53fe5,2026-09-02T16:40:54+00:00
2026-07-31,EOG,2017Q2,FMP,REVENUE_USD,3604425000.0,D:\Programming\python_example\Arcana\data-lake\bronze\consensus\fmp\analyst-estimates\period=quarter\snapshot_date=2026-07-31\ticker=EOG.json,43267ee78af591ef701b9b2bc50a3c71bd5f919b13ec4eed70e30c4246e53fe5,2026-09-02T16:40:54+00:00
2026-07-31,EOG,2017Q1,FMP,REVENUE_USD,2627300000.0,D:\Programming\python_example\Arcana\data-lake\bronze\consensus\fmp\analyst-estimates\period=quarter\snapshot_date=2026-07-31\ticker=EOG.json,43267ee78af591ef701b9b2bc50a3c71bd5f919b13ec4eed70e30c4246e53fe5,2026-09-02T16:40:54+00:00
2026-07-31,EOG,2016Q4,FMP,REVENUE_USD,32172000000.0,D:\Programming\python_example\Arcana\data-lake\bronze\consensus\fmp\analyst-estimates\period=quarter\snapshot_date=2026-07-31\ticker=EOG.json,43267ee78af591ef701b9b2bc50a3c71bd5f919b13ec4eed70e30c4246e53fe5,2026-09-02T16:40:54+00:00
2026-07-31,EOG,2016Q3,FMP,REVENUE_USD,1557982500.0,D:\Programming\python_example\Arcana\data-lake\bronze\consensus\fmp\analyst-estimates\period=quarter\snapshot_date=2026-07-31\ticker=EOG.json,43267ee78af591ef701b9b2bc50a3c71bd5f919b13ec4eed70e30c4246e53fe5,2026-09-02T16:40:54+00:00
2026-07-31,EOG,2016Q2,FMP,REVENUE_USD,2262694736.0,D:\Programming\python_example\Arcana\data-lake\bronze\consensus\fmp\analyst-estimates\period=quarter\snapshot_date=2026-07-31\ticker=EOG.json,43267ee78af591ef701b9b2bc50a3c71bd5f919b13ec4eed70e30c4246e53fe5,2026-09-02T16:40:54+00:00
2026-07-31,EOG,2016Q1,FMP,REVENUE_USD,1361407228.0,D:\Programming\python_example\Arcana\data-lake\bronze\consensus\fmp\analyst-estimates\period=quarter\snapshot_date=2026-07-31\ticker=EOG.json,43267ee78af591ef701b9b2bc50a3c71bd5f919b13ec4eed70e30c4246e53fe5,2026-09-02T16:40:54+00:00
2026-07-31,EOG,2015Q4,FMP,REVENUE_USD,2067125925.0,D:\Programming\python_example\Arcana\data-lake\bronze\consensus\fmp\analyst-estimates\period=quarter\snapshot_date=2026-07-31\ticker=EOG.json,43267ee78af591ef701b9b2bc50a3c71bd5f919b13ec4eed70e30c4246e53fe5,2026-09-02T16:40:54+00:00
2026-07-31,EOG,2015Q3,FMP,REVENUE_USD,32604000000.0,D:\Programming\python_example\Arcana\data-lake\bronze\consensus\fmp\analyst-estimates\period=quarter\snapshot_date=2026-07-31\ticker=EOG.json,43267ee78af591ef701b9b2bc50a3c71bd5f919b13ec4eed70e30c4246e53fe5,2026-09-02T16:40:54+00:00
2026-07-31,EOG,2015Q2,FMP,REVENUE_USD,884035714.0,D:\Programming\python_example\Arcana\data-lake\bronze\consensus\fmp\analyst-estimates\period=quarter\snapshot_date=2026-07-31\ticker=EOG.json,43267ee78af591ef701b9b2bc50a3c71bd5f919b13ec4eed70e30c4246e53fe5,2026-09-02T16:40:54+00:00
2026-07-31,EOG,2014Q4,FMP,REVENUE_USD,5440344303.0,D:\Programming\python_example\Arcana\data-lake\bronze\consensus\fmp\analyst-estimates\period=quarter\snapshot_date=2026-07-31\ticker=EOG.json,43267ee78af591ef701b9b2bc50a3c71bd5f919b13ec4eed70e30c4246e53fe5,2026-09-02T16:40:54+00:00
2026-07-31,EOG,2014Q3,FMP,REVENUE_USD,5019687022.0,D:\Programming\python_example\Arcana\data-lake\bronze\consensus\fmp\analyst-estimates\period=quarter\snapshot_date=2026-07-31\ticker=EOG.json,43267ee78af591ef701b9b2bc50a3c71bd5f919b13ec4eed70e30c4246e53fe5,2026-09-02T16:40:54+00:00
2026-07-31,EOG,2014Q2,FMP,REVENUE_USD,3952875172.0,D:\Programming\python_example\Arcana\data-lake\bronze\consensus\fmp\analyst-estimates\period=quarter\snapshot_date=2026-07-31\ticker=EOG.json,43267ee78af591ef701b9b2bc50a3c71bd5f919b13ec4eed70e30c4246e53fe5,2026-09-02T16:40:54+00:00
2026-07-31,EOG,2014Q1,FMP,REVENUE_USD,3490457142.0,D:\Programming\python_example\Arcana\data-lake\bronze\consensus\fmp\analyst-estimates\period=quarter\snapshot_date=2026-07-31\ticker=EOG.json,43267ee78af591ef701b9b2bc50a3c71bd5f919b13ec4eed70e30c4246e53fe5,2026-09-02T16:40:54+00:00
2026-07-31,EOG,2013Q4,FMP,REVENUE_USD,3624890000.0,D:\Programming\python_example\Arcana\data-lake\bronze\consensus\fmp\analyst-estimates\period=quarter\snapshot_date=2026-07-31\ticker=EOG.json,43267ee78af591ef701b9b2bc50a3c71bd5f919b13ec4eed70e30c4246e53fe5,2026-09-02T16:40:54+00:00
2026-07-31,EOG,2013Q3,FMP,REVENUE_USD,3137237931.0,D:\Programming\python_example\Arcana\data-lake\bronze\consensus\fmp\analyst-estimates\period=quarter\snapshot_date=2026-07-31\ticker=EOG.json,43267ee78af591ef701b9b2bc50a3c71bd5f919b13ec4eed70e30c4246e53fe5,2026-09-02T16:40:54+00:00
2026-07-31,EOG,2013Q2,FMP,REVENUE_USD,3170942857.0,D:\Programming\python_example\Arcana\data-lake\bronze\consensus\fmp\analyst-estimates\period=quarter\snapshot_date=2026-07-31\ticker=EOG.json,43267ee78af591ef701b9b2bc50a3c71bd5f919b13ec4eed70e30c4246e53fe5,2026-09-02T16:40:54+00:00
2026-07-31,EOG,2013Q1,FMP,REVENUE_USD,2092730000.0,D:\Programming\python_example\Arcana\data-lake\bronze\consensus\fmp\analyst-estimates\period=quarter\snapshot_date=2026-07-31\ticker=EOG.json,43267ee78af591ef701b9b2bc50a3c71bd5f919b13ec4eed70e30c4246e53fe5,2026-09-02T16:40:54+00:00
2026-07-31,EOG,2012Q4,FMP,REVENUE_USD,2575017283.0,D:\Programming\python_example\Arcana\data-lake\bronze\consensus\fmp\analyst-estimates\period=quarter\snapshot_date=2026-07-31\ticker=EOG.json,43267ee78af591ef701b9b2bc50a3c71bd5f919b13ec4eed70e30c4246e53fe5,2026-09-02T16:40:54+00:00
2026-07-31,EOG,2012Q3,FMP,REVENUE_USD,1858620689.0,D:\Programming\python_example\Arcana\data-lake\bronze\consensus\fmp\analyst-estimates\period=quarter\snapshot_date=2026-07-31\ticker=EOG.json,43267ee78af591ef701b9b2bc50a3c71bd5f919b13ec4eed70e30c4246e53fe5,2026-09-02T16:40:54+00:00
2026-07-31,EOG,2012Q2,FMP,REVENUE_USD,2169310344.0,D:\Programming\python_example\Arcana\data-lake\bronze\consensus\fmp\analyst-estimates\period=quarter\snapshot_date=2026-07-31\ticker=EOG.json,43267ee78af591ef701b9b2bc50a3c71bd5f919b13ec4eed70e30c4246e53fe5,2026-09-02T16:40:54+00:00
2026-07-31,EOG,2012Q1,FMP,REVENUE_USD,2692772881.0,D:\Programming\python_example\Arcana\data-lake\bronze\consensus\fmp\analyst-estimates\period=quarter\snapshot_date=2026-07-31\ticker=EOG.json,43267ee78af591ef701b9b2bc50a3c71bd5f919b13ec4eed70e30c4246e53fe5,2026-09-02T16:40:54+00:00
2026-07-31,EOG,2011Q4,FMP,REVENUE_USD,1989726315.0,D:\Programming\python_example\Arcana\data-lake\bronze\consensus\fmp\analyst-estimates\period=quarter\snapshot_date=2026-07-31\ticker=EOG.json,43267ee78af591ef701b9b2bc50a3c71bd5f919b13ec4eed70e30c4246e53fe5,2026-09-02T16:40:54+00:00
2026-07-31,EOG,2011Q3,FMP,REVENUE_USD,2154842857.0,D:\Programming\python_example\Arcana\data-lake\bronze\consensus\fmp\analyst-estimates\period=quarter\snapshot_date=2026-07-31\ticker=EOG.json,43267ee78af591ef701b9b2bc50a3c71bd5f919b13ec4eed70e30c4246e53fe5,2026-09-02T16:40:54+00:00
2026-07-31,EOG,2011Q2,FMP,REVENUE_USD,1583500000.0,D:\Programming\python_example\Arcana\data-lake\bronze\consensus\fmp\analyst-estimates\period=quarter\snapshot_date=2026-07-31\ticker=EOG.json,43267ee78af591ef701b9b2bc50a3c71bd5f919b13ec4eed70e30c4246e53fe5,2026-09-02T16:40:54+00:00
2026-07-31,EOG,2011Q1,FMP,REVENUE_USD,1502550000.0,D:\Programming\python_example\Arcana\data-lake\bronze\consensus\fmp\analyst-estimates\period=quarter\snapshot_date=2026-07-31\ticker=EOG.json,43267ee78af591ef701b9b2bc50a3c71bd5f919b13ec4eed70e30c4246e53fe5,2026-09-02T16:40:54+00:00
2026-07-31,EOG,2010Q4,FMP,REVENUE_USD,1214777777.0,D:\Programming\python_example\Arcana\data-lake\bronze\consensus\fmp\analyst-estimates\period=quarter\snapshot_date=2026-07-31\ticker=EOG.json,43267ee78af591ef701b9b2bc50a3c71bd5f919b13ec4eed70e30c4246e53fe5,2026-09-02T16:40:54+00:00
2026-07-31,EOG,2010Q3,FMP,REVENUE_USD,1456300000.0,D:\Programming\python_example\Arcana\data-lake\bronze\consensus\fmp\analyst-estimates\period=quarter\snapshot_date=2026-07-31\ticker=EOG.json,43267ee78af591ef701b9b2bc50a3c71bd5f919b13ec4eed70e30c4246e53fe5,2026-09-02T16:40:54+00:00
2026-07-31,EOG,2010Q2,FMP,REVENUE_USD,1750133333.0,D:\Programming\python_example\Arcana\data-lake\bronze\consensus\fmp\analyst-estimates\period=quarter\snapshot_date=2026-07-31\ticker=EOG.json,43267ee78af591ef701b9b2bc50a3c71bd5f919b13ec4eed70e30c4246e53fe5,2026-09-02T16:40:54+00:00
2026-07-31,EOG,2010Q1,FMP,REVENUE_USD,1541460869.0,D:\Programming\python_example\Arcana\data-lake\bronze\consensus\fmp\analyst-estimates\period=quarter\snapshot_date=2026-07-31\ticker=EOG.json,43267ee78af591ef701b9b2bc50a3c71bd5f919b13ec4eed70e30c4246e53fe5,2026-09-02T16:40:54+00:00
2026-07-31,EOG,2009Q4,FMP,REVENUE_USD,1278260869.0,D:\Programming\python_example\Arcana\data-lake\bronze\consensus\fmp\analyst-estimates\period=quarter\snapshot_date=2026-07-31\ticker=EOG.json,43267ee78af591ef701b9b2bc50a3c71bd5f919b13ec4eed70e30c4246e53fe5,2026-09-02T16:40:54+00:00
2026-07-31,EOG,2009Q3,FMP,REVENUE_USD,793207317.0,D:\Programming\python_example\Arcana\data-lake\bronze\consensus\fmp\analyst-estimates\period=quarter\snapshot_date=2026-07-31\ticker=EOG.json,43267ee78af591ef701b9b2bc50a3c71bd5f919b13ec4eed70e30c4246e53fe5,2026-09-02T16:40:54+00:00
2026-07-31,EOG,2009Q2,FMP,REVENUE_USD,761096972.0,D:\Programming\python_example\Arcana\data-lake\bronze\consensus\fmp\analyst-estimates\period=quarter\snapshot_date=2026-07-31\ticker=EOG.json,43267ee78af591ef701b9b2bc50a3c71bd5f919b13ec4eed70e30c4246e53fe5,2026-09-02T16:40:54+00:00
2026-07-31,EOG,2009Q1,FMP,REVENUE_USD,896444444.0,D:\Programming\python_example\Arcana\data-lake\bronze\consensus\fmp\analyst-estimates\period=quarter\snapshot_date=2026-07-31\ticker=EOG.json,43267ee78af591ef701b9b2bc50a3c71bd5f919b13ec4eed70e30c4246e53fe5,2026-09-02T16:40:54+00:00
2026-07-31,EOG,2008Q4,FMP,REVENUE_USD,1553254054.0,D:\Programming\python_example\Arcana\data-lake\bronze\consensus\fmp\analyst-estimates\period=quarter\snapshot_date=2026-07-31\ticker=EOG.json,43267ee78af591ef701b9b2bc50a3c71bd5f919b13ec4eed70e30c4246e53fe5,2026-09-02T16:40:54+00:00
2026-07-31,EOG,2008Q3,FMP,REVENUE_USD,1801764102.0,D:\Programming\python_example\Arcana\data-lake\bronze\consensus\fmp\analyst-estimates\period=quarter\snapshot_date=2026-07-31\ticker=EOG.json,43267ee78af591ef701b9b2bc50a3c71bd5f919b13ec4eed70e30c4246e53fe5,2026-09-02T16:40:54+00:00
2026-07-31,EOG,2008Q2,FMP,REVENUE_USD,1830616666.0,D:\Programming\python_example\Arcana\data-lake\bronze\consensus\fmp\analyst-estimates\period=quarter\snapshot_date=2026-07-31\ticker=EOG.json,43267ee78af591ef701b9b2bc50a3c71bd5f919b13ec4eed70e30c4246e53fe5,2026-09-02T16:40:54+00:00
2026-07-31,EOG,2008Q1,FMP,REVENUE_USD,1384418947.0,D:\Programming\python_example\Arcana\data-lake\bronze\consensus\fmp\analyst-estimates\period=quarter\snapshot_date=2026-07-31\ticker=EOG.json,43267ee78af591ef701b9b2bc50a3c71bd5f919b13ec4eed70e30c4246e53fe5,2026-09-02T16:40:54+00:00
2026-07-31,EOG,2007Q4,FMP,REVENUE_USD,1049907692.0,D:\Programming\python_example\Arcana\data-lake\bronze\consensus\fmp\analyst-estimates\period=quarter\snapshot_date=2026-07-31\ticker=EOG.json,43267ee78af591ef701b9b2bc50a3c71bd5f919b13ec4eed70e30c4246e53fe5,2026-09-02T16:40:54+00:00
2026-07-31,EOG,2007Q3,FMP,REVENUE_USD,970000000.0,D:\Programming\python_example\Arcana\data-lake\bronze\consensus\fmp\analyst-estimates\period=quarter\snapshot_date=2026-07-31\ticker=EOG.json,43267ee78af591ef701b9b2bc50a3c71bd5f919b13ec4eed70e30c4246e53fe5,2026-09-02T16:40:54+00:00
2026-07-31,EOG,2007Q2,FMP,REVENUE_USD,902861016.0,D:\Programming\python_example\Arcana\data-lake\bronze\consensus\fmp\analyst-estimates\period=quarter\snapshot_date=2026-07-31\ticker=EOG.json,43267ee78af591ef701b9b2bc50a3c71bd5f919b13ec4eed70e30c4246e53fe5,2026-09-02T16:40:54+00:00
2026-07-31,EOG,2007Q1,FMP,REVENUE_USD,829660714.0,D:\Programming\python_example\Arcana\data-lake\bronze\consensus\fmp\analyst-estimates\period=quarter\snapshot_date=2026-07-31\ticker=EOG.json,43267ee78af591ef701b9b2bc50a3c71bd5f919b13ec4eed70e30c4246e53fe5,2026-09-02T16:40:54+00:00
2026-07-31,EOG,2006Q4,FMP,REVENUE_USD,864609803.0,D:\Programming\python_example\Arcana\data-lake\bronze\consensus\fmp\analyst-estimates\period=quarter\snapshot_date=2026-07-31\ticker=EOG.json,43267ee78af591ef701b9b2bc50a3c71bd5f919b13ec4eed70e30c4246e53fe5,2026-09-02T16:40:54+00:00
2026-07-31,EOG,2006Q3,FMP,REVENUE_USD,817714285.0,D:\Programming\python_example\Arcana\data-lake\bronze\consensus\fmp\analyst-estimates\period=quarter\snapshot_date=2026-07-31\ticker=EOG.json,43267ee78af591ef701b9b2bc50a3c71bd5f919b13ec4eed70e30c4246e53fe5,2026-09-02T16:40:54+00:00
2026-07-31,EOG,2006Q2,FMP,REVENUE_USD,764753448.0,D:\Programming\python_example\Arcana\data-lake\bronze\consensus\fmp\analyst-estimates\period=quarter\snapshot_date=2026-07-31\ticker=EOG.json,43267ee78af591ef701b9b2bc50a3c71bd5f919b13ec4eed70e30c4246e53fe5,2026-09-02T16:40:54+00:00
2026-07-31,EOG,2006Q1,FMP,REVENUE_USD,787077922.0,D:\Programming\python_example\Arcana\data-lake\bronze\consensus\fmp\analyst-estimates\period=quarter\snapshot_date=2026-07-31\ticker=EOG.json,43267ee78af591ef701b9b2bc50a3c71bd5f919b13ec4eed70e30c4246e53fe5,2026-09-02T16:40:54+00:00
2026-07-31,EOG,2005Q4,FMP,REVENUE_USD,1129433333.0,D:\Programming\python_example\Arcana\data-lake\bronze\consensus\fmp\analyst-estimates\period=quarter\snapshot_date=2026-07-31\ticker=EOG.json,43267ee78af591ef701b9b2bc50a3c71bd5f919b13ec4eed70e30c4246e53fe5,2026-09-02T16:40:54+00:00
2026-07-31,EOG,2005Q3,FMP,REVENUE_USD,920902318.0,D:\Programming\python_example\Arcana\data-lake\bronze\consensus\fmp\analyst-estimates\period=quarter\snapshot_date=2026-07-31\ticker=EOG.json,43267ee78af591ef701b9b2bc50a3c71bd5f919b13ec4eed70e30c4246e53fe5,2026-09-02T16:40:54+00:00
2026-07-31,EOG,2005Q2,FMP,REVENUE_USD,694841727.0,D:\Programming\python_example\Arcana\data-lake\bronze\consensus\fmp\analyst-estimates\period=quarter\snapshot_date=2026-07-31\ticker=EOG.json,43267ee78af591ef701b9b2bc50a3c71bd5f919b13ec4eed70e30c4246e53fe5,2026-09-02T16:40:54+00:00
2026-07-31,EOG,2005Q1,FMP,REVENUE_USD,636544300.0,D:\Programming\python_example\Arcana\data-lake\bronze\consensus\fmp\analyst-estimates\period=quarter\snapshot_date=2026-07-31\ticker=EOG.json,43267ee78af591ef701b9b2bc50a3c71bd5f919b13ec4eed70e30c4246e53fe5,2026-09-02T16:40:54+00:00
2026-07-31,EOG,2004Q4,FMP,REVENUE_USD,634100918.0,D:\Programming\python_example\Arcana\data-lake\bronze\consensus\fmp\analyst-estimates\period=quarter\snapshot_date=2026-07-31\ticker=EOG.json,43267ee78af591ef701b9b2bc50a3c71bd5f919b13ec4eed70e30c4246e53fe5,2026-09-02T16:40:54+00:00
2026-07-31,EOG,2004Q3,FMP,REVENUE_USD,527547692.0,D:\Programming\python_example\Arcana\data-lake\bronze\consensus\fmp\analyst-estimates\period=quarter\snapshot_date=2026-07-31\ticker=EOG.json,43267ee78af591ef701b9b2bc50a3c71bd5f919b13ec4eed70e30c4246e53fe5,2026-09-02T16:40:54+00:00
2026-07-31,EOG,2004Q2,FMP,REVENUE_USD,498260160.0,D:\Programming\python_example\Arcana\data-lake\bronze\consensus\fmp\analyst-estimates\period=quarter\snapshot_date=2026-07-31\ticker=EOG.json,43267ee78af591ef701b9b2bc50a3c71bd5f919b13ec4eed70e30c4246e53fe5,2026-09-02T16:40:54+00:00
2026-07-31,EOG,2004Q1,FMP,REVENUE_USD,358792727.0,D:\Programming\python_example\Arcana\data-lake\bronze\consensus\fmp\analyst-estimates\period=quarter\snapshot_date=2026-07-31\ticker=EOG.json,43267ee78af591ef701b9b2bc50a3c71bd5f919b13ec4eed70e30c4246e53fe5,2026-09-02T16:40:54+00:00
2026-07-31,EOG,2003Q4,FMP,REVENUE_USD,351162400.0,D:\Programming\python_example\Arcana\data-lake\bronze\consensus\fmp\analyst-estimates\period=quarter\snapshot_date=2026-07-31\ticker=EOG.json,43267ee78af591ef701b9b2bc50a3c71bd5f919b13ec4eed70e30c4246e53fe5,2026-09-02T16:40:54+00:00
2026-07-31,EOG,2003Q3,FMP,REVENUE_USD,384647111.0,D:\Programming\python_example\Arcana\data-lake\bronze\consensus\fmp\analyst-estimates\period=quarter\snapshot_date=2026-07-31\ticker=EOG.json,43267ee78af591ef701b9b2bc50a3c71bd5f919b13ec4eed70e30c4246e53fe5,2026-09-02T16:40:54+00:00
2026-07-31,EOG,2003Q2,FMP,REVENUE_USD,364074857.0,D:\Programming\python_example\Arcana\data-lake\bronze\consensus\fmp\analyst-estimates\period=quarter\snapshot_date=2026-07-31\ticker=EOG.json,43267ee78af591ef701b9b2bc50a3c71bd5f919b13ec4eed70e30c4246e53fe5,2026-09-02T16:40:54+00:00
2026-07-31,EOG,2003Q1,FMP,REVENUE_USD,448898733.0,D:\Programming\python_example\Arcana\data-lake\bronze\consensus\fmp\analyst-estimates\period=quarter\snapshot_date=2026-07-31\ticker=EOG.json,43267ee78af591ef701b9b2bc50a3c71bd5f919b13ec4eed70e30c4246e53fe5,2026-09-02T16:40:54+00:00
2026-07-31,EOG,2002Q4,FMP,REVENUE_USD,338161000.0,D:\Programming\python_example\Arcana\data-lake\bronze\consensus\fmp\analyst-estimates\period=quarter\snapshot_date=2026-07-31\ticker=EOG.json,43267ee78af591ef701b9b2bc50a3c71bd5f919b13ec4eed70e30c4246e53fe5,2026-09-02T16:40:54+00:00
2026-07-31,EOG,2002Q3,FMP,REVENUE_USD,223895200.0,D:\Programming\python_example\Arcana\data-lake\bronze\consensus\fmp\analyst-estimates\period=quarter\snapshot_date=2026-07-31\ticker=EOG.json,43267ee78af591ef701b9b2bc50a3c71bd5f919b13ec4eed70e30c4246e53fe5,2026-09-02T16:40:54+00:00
2026-07-31,EOG,2002Q2,FMP,REVENUE_USD,217877250.0,D:\Programming\python_example\Arcana\data-lake\bronze\consensus\fmp\analyst-estimates\period=quarter\snapshot_date=2026-07-31\ticker=EOG.json,43267ee78af591ef701b9b2bc50a3c71bd5f919b13ec4eed70e30c4246e53fe5,2026-09-02T16:40:54+00:00
2026-07-31,EOG,2002Q1,FMP,REVENUE_USD,503558100.0,D:\Programming\python_example\Arcana\data-lake\bronze\consensus\fmp\analyst-estimates\period=quarter\snapshot_date=2026-07-31\ticker=EOG.json,43267ee78af591ef701b9b2bc50a3c71bd5f919b13ec4eed70e30c4246e53fe5,2026-09-02T16:40:54+00:00
2026-07-31,EOG,2001Q3,FMP,REVENUE_USD,241690909.0,D:\Programming\python_example\Arcana\data-lake\bronze\consensus\fmp\analyst-estimates\period=quarter\snapshot_date=2026-07-31\ticker=EOG.json,43267ee78af591ef701b9b2bc50a3c71bd5f919b13ec4eed70e30c4246e53fe5,2026-09-02T16:40:54+00:00
2026-07-31,EOG,2001Q2,FMP,REVENUE_USD,411316666.0,D:\Programming\python_example\Arcana\data-lake\bronze\consensus\fmp\analyst-estimates\period=quarter\snapshot_date=2026-07-31\ticker=EOG.json,43267ee78af591ef701b9b2bc50a3c71bd5f919b13ec4eed70e30c4246e53fe5,2026-09-02T16:40:54+00:00
2026-07-31,EOG,2001Q1,FMP,REVENUE_USD,544662222.0,D:\Programming\python_example\Arcana\data-lake\bronze\consensus\fmp\analyst-estimates\period=quarter\snapshot_date=2026-07-31\ticker=EOG.json,43267ee78af591ef701b9b2bc50a3c71bd5f919b13ec4eed70e30c4246e53fe5,2026-09-02T16:40:54+00:00
2026-07-31,EOG,2000Q4,FMP,REVENUE_USD,385551653.0,D:\Programming\python_example\Arcana\data-lake\bronze\consensus\fmp\analyst-estimates\period=quarter\snapshot_date=2026-07-31\ticker=EOG.json,43267ee78af591ef701b9b2bc50a3c71bd5f919b13ec4eed70e30c4246e53fe5,2026-09-02T16:40:54+00:00
2026-07-31,EOG,2000Q3,FMP,REVENUE_USD,265756950.0,D:\Programming\python_example\Arcana\data-lake\bronze\consensus\fmp\analyst-estimates\period=quarter\snapshot_date=2026-07-31\ticker=EOG.json,43267ee78af591ef701b9b2bc50a3c71bd5f919b13ec4eed70e30c4246e53fe5,2026-09-02T16:40:54+00:00
2026-07-31,EOG,2000Q2,FMP,REVENUE_USD,302531250.0,D:\Programming\python_example\Arcana\data-lake\bronze\consensus\fmp\analyst-estimates\period=quarter\snapshot_date=2026-07-31\ticker=EOG.json,43267ee78af591ef701b9b2bc50a3c71bd5f919b13ec4eed70e30c4246e53fe5,2026-09-02T16:40:54+00:00
2026-07-31,EOG,2000Q1,FMP,REVENUE_USD,194925000.0,D:\Programming\python_example\Arcana\data-lake\bronze\consensus\fmp\analyst-estimates\period=quarter\snapshot_date=2026-07-31\ticker=EOG.json,43267ee78af591ef701b9b2bc50a3c71bd5f919b13ec4eed70e30c4246e53fe5,2026-09-02T16:40:54+00:00
2026-07-31,EOG,1999Q4,FMP,REVENUE_USD,228500000.0,D:\Programming\python_example\Arcana\data-lake\bronze\consensus\fmp\analyst-estimates\period=quarter\snapshot_date=2026-07-31\ticker=EOG.json,43267ee78af591ef701b9b2bc50a3c71bd5f919b13ec4eed70e30c4246e53fe5,2026-09-02T16:40:54+00:00
2026-07-31,EOG,1999Q3,FMP,REVENUE_USD,224531998.0,D:\Programming\python_example\Arcana\data-lake\bronze\consensus\fmp\analyst-estimates\period=quarter\snapshot_date=2026-07-31\ticker=EOG.json,43267ee78af591ef701b9b2bc50a3c71bd5f919b13ec4eed70e30c4246e53fe5,2026-09-02T16:40:54+00:00
2026-07-31,EOG,1999Q2,FMP,REVENUE_USD,187200000.0,D:\Programming\python_example\Arcana\data-lake\bronze\consensus\fmp\analyst-estimates\period=quarter\snapshot_date=2026-07-31\ticker=EOG.json,43267ee78af591ef701b9b2bc50a3c71bd5f919b13ec4eed70e30c4246e53fe5,2026-09-02T16:40:54+00:00
2026-07-31,EOG,1998Q4,FMP,REVENUE_USD,214280000.0,D:\Programming\python_example\Arcana\data-lake\bronze\consensus\fmp\analyst-estimates\period=quarter\snapshot_date=2026-07-31\ticker=EOG.json,43267ee78af591ef701b9b2bc50a3c71bd5f919b13ec4eed70e30c4246e53fe5,2026-09-02T16:40:54+00:00
2026-07-31,EOG,1998Q3,FMP,REVENUE_USD,191300000.0,D:\Programming\python_example\Arcana\data-lake\bronze\consensus\fmp\analyst-estimates\period=quarter\snapshot_date=2026-07-31\ticker=EOG.json,43267ee78af591ef701b9b2bc50a3c71bd5f919b13ec4eed70e30c4246e53fe5,2026-09-02T16:40:54+00:00
2026-07-31,EOG,1998Q2,FMP,REVENUE_USD,183300000.0,D:\Programming\python_example\Arcana\data-lake\bronze\consensus\fmp\analyst-estimates\period=quarter\snapshot_date=2026-07-31\ticker=EOG.json,43267ee78af591ef701b9b2bc50a3c71bd5f919b13ec4eed70e30c4246e53fe5,2026-09-02T16:40:54+00:00
2026-07-31,EOG,1998Q1,FMP,REVENUE_USD,199800000.0,D:\Programming\python_example\Arcana\data-lake\bronze\consensus\fmp\analyst-estimates\period=quarter\snapshot_date=2026-07-31\ticker=EOG.json,43267ee78af591ef701b9b2bc50a3c71bd5f919b13ec4eed70e30c4246e53fe5,2026-09-02T16:40:54+00:00
2026-07-31,EOG,1997Q4,FMP,REVENUE_USD,238000000.0,D:\Programming\python_example\Arcana\data-lake\bronze\consensus\fmp\analyst-estimates\period=quarter\snapshot_date=2026-07-31\ticker=EOG.json,43267ee78af591ef701b9b2bc50a3c71bd5f919b13ec4eed70e30c4246e53fe5,2026-09-02T16:40:54+00:00
2026-07-31,EOG,1997Q3,FMP,REVENUE_USD,144825000.0,D:\Programming\python_example\Arcana\data-lake\bronze\consensus\fmp\analyst-estimates\period=quarter\snapshot_date=2026-07-31\ticker=EOG.json,43267ee78af591ef701b9b2bc50a3c71bd5f919b13ec4eed70e30c4246e53fe5,2026-09-02T16:40:54+00:00
2026-07-31,EOG,1997Q2,FMP,REVENUE_USD,128850000.0,D:\Programming\python_example\Arcana\data-lake\bronze\consensus\fmp\analyst-estimates\period=quarter\snapshot_date=2026-07-31\ticker=EOG.json,43267ee78af591ef701b9b2bc50a3c71bd5f919b13ec4eed70e30c4246e53fe5,2026-09-02T16:40:54+00:00
2026-07-31,EOG,1997Q1,FMP,REVENUE_USD,225875000.0,D:\Programming\python_example\Arcana\data-lake\bronze\consensus\fmp\analyst-estimates\period=quarter\snapshot_date=2026-07-31\ticker=EOG.json,43267ee78af591ef701b9b2bc50a3c71bd5f919b13ec4eed70e30c4246e53fe5,2026-09-02T16:40:54+00:00
2026-07-31,EOG,1996Q4,FMP,REVENUE_USD,204300000.0,D:\Programming\python_example\Arcana\data-lake\bronze\consensus\fmp\analyst-estimates\period=quarter\snapshot_date=2026-07-31\ticker=EOG.json,43267ee78af591ef701b9b2bc50a3c71bd5f919b13ec4eed70e30c4246e53fe5,2026-09-02T16:40:54+00:00
2026-07-31,EQT,2029Q4,FMP,REVENUE_USD,3842936474.0,D:\Programming\python_example\Arcana\data-lake\bronze\consensus\fmp\analyst-estimates\period=quarter\snapshot_date=2026-07-31\ticker=EQT.json,b5b941b41d9dff1d0bbc879cc6a63f25da1accd1d5be23b0ddda8be8c9afdfce,2026-09-02T16:40:54+00:00
2026-07-31,EQT,2029Q3,FMP,REVENUE_USD,3641716485.0,D:\Programming\python_example\Arcana\data-lake\bronze\consensus\fmp\analyst-estimates\period=quarter\snapshot_date=2026-07-31\ticker=EQT.json,b5b941b41d9dff1d0bbc879cc6a63f25da1accd1d5be23b0ddda8be8c9afdfce,2026-09-02T16:40:54+00:00
2026-07-31,EQT,2029Q2,FMP,REVENUE_USD,3451032575.0,D:\Programming\python_example\Arcana\data-lake\bronze\consensus\fmp\analyst-estimates\period=quarter\snapshot_date=2026-07-31\ticker=EQT.json,b5b941b41d9dff1d0bbc879cc6a63f25da1accd1d5be23b0ddda8be8c9afdfce,2026-09-02T16:40:54+00:00
2026-07-31,EQT,2029Q1,FMP,REVENUE_USD,3270333064.0,D:\Programming\python_example\Arcana\data-lake\bronze\consensus\fmp\analyst-estimates\period=quarter\snapshot_date=2026-07-31\ticker=EQT.json,b5b941b41d9dff1d0bbc879cc6a63f25da1accd1d5be23b0ddda8be8c9afdfce,2026-09-02T16:40:54+00:00
2026-07-31,EQT,2028Q4,FMP,REVENUE_USD,2634504074.0,D:\Programming\python_example\Arcana\data-lake\bronze\consensus\fmp\analyst-estimates\period=quarter\snapshot_date=2026-07-31\ticker=EQT.json,b5b941b41d9dff1d0bbc879cc6a63f25da1accd1d5be23b0ddda8be8c9afdfce,2026-09-02T16:40:54+00:00
2026-07-31,EQT,2028Q3,FMP,REVENUE_USD,2500400385.0,D:\Programming\python_example\Arcana\data-lake\bronze\consensus\fmp\analyst-estimates\period=quarter\snapshot_date=2026-07-31\ticker=EQT.json,b5b941b41d9dff1d0bbc879cc6a63f25da1accd1d5be23b0ddda8be8c9afdfce,2026-09-02T16:40:54+00:00
2026-07-31,EQT,2028Q2,FMP,REVENUE_USD,2433287386.0,D:\Programming\python_example\Arcana\data-lake\bronze\consensus\fmp\analyst-estimates\period=quarter\snapshot_date=2026-07-31\ticker=EQT.json,b5b941b41d9dff1d0bbc879cc6a63f25da1accd1d5be23b0ddda8be8c9afdfce,2026-09-02T16:40:54+00:00
2026-07-31,EQT,2028Q1,FMP,REVENUE_USD,2818854804.0,D:\Programming\python_example\Arcana\data-lake\bronze\consensus\fmp\analyst-estimates\period=quarter\snapshot_date=2026-07-31\ticker=EQT.json,b5b941b41d9dff1d0bbc879cc6a63f25da1accd1d5be23b0ddda8be8c9afdfce,2026-09-02T16:40:54+00:00
2026-07-31,EQT,2027Q4,FMP,REVENUE_USD,2594691808.0,D:\Programming\python_example\Arcana\data-lake\bronze\consensus\fmp\analyst-estimates\period=quarter\snapshot_date=2026-07-31\ticker=EQT.json,b5b941b41d9dff1d0bbc879cc6a63f25da1accd1d5be23b0ddda8be8c9afdfce,2026-09-02T16:40:54+00:00
2026-07-31,EQT,2027Q3,FMP,REVENUE_USD,2299835274.0,D:\Programming\python_example\Arcana\data-lake\bronze\consensus\fmp\analyst-estimates\period=quarter\snapshot_date=2026-07-31\ticker=EQT.json,b5b941b41d9dff1d0bbc879cc6a63f25da1accd1d5be23b0ddda8be8c9afdfce,2026-09-02T16:40:54+00:00
2026-07-31,EQT,2027Q2,FMP,REVENUE_USD,2104103120.0,D:\Programming\python_example\Arcana\data-lake\bronze\consensus\fmp\analyst-estimates\period=quarter\snapshot_date=2026-07-31\ticker=EQT.json,b5b941b41d9dff1d0bbc879cc6a63f25da1accd1d5be23b0ddda8be8c9afdfce,2026-09-02T16:40:54+00:00
2026-07-31,EQT,2027Q1,FMP,REVENUE_USD,2589874785.0,D:\Programming\python_example\Arcana\data-lake\bronze\consensus\fmp\analyst-estimates\period=quarter\snapshot_date=2026-07-31\ticker=EQT.json,b5b941b41d9dff1d0bbc879cc6a63f25da1accd1d5be23b0ddda8be8c9afdfce,2026-09-02T16:40:54+00:00
2026-07-31,EQT,2026Q4,FMP,REVENUE_USD,2266389696.0,D:\Programming\python_example\Arcana\data-lake\bronze\consensus\fmp\analyst-estimates\period=quarter\snapshot_date=2026-07-31\ticker=EQT.json,b5b941b41d9dff1d0bbc879cc6a63f25da1accd1d5be23b0ddda8be8c9afdfce,2026-09-02T16:40:54+00:00
2026-07-31,EQT,2026Q3,FMP,REVENUE_USD,1921943190.0,D:\Programming\python_example\Arcana\data-lake\bronze\consensus\fmp\analyst-estimates\period=quarter\snapshot_date=2026-07-31\ticker=EQT.json,b5b941b41d9dff1d0bbc879cc6a63f25da1accd1d5be23b0ddda8be8c9afdfce,2026-09-02T16:40:54+00:00
2026-07-31,EQT,2026Q2,FMP,REVENUE_USD,1763350073.0,D:\Programming\python_example\Arcana\data-lake\bronze\consensus\fmp\analyst-estimates\period=quarter\snapshot_date=2026-07-31\ticker=EQT.json,b5b941b41d9dff1d0bbc879cc6a63f25da1accd1d5be23b0ddda8be8c9afdfce,2026-09-02T16:40:54+00:00
2026-07-31,EQT,2026Q1,FMP,REVENUE_USD,3215299735.0,D:\Programming\python_example\Arcana\data-lake\bronze\consensus\fmp\analyst-estimates\period=quarter\snapshot_date=2026-07-31\ticker=EQT.json,b5b941b41d9dff1d0bbc879cc6a63f25da1accd1d5be23b0ddda8be8c9afdfce,2026-09-02T16:40:54+00:00
2026-07-31,EQT,2025Q4,FMP,REVENUE_USD,2128377724.0,D:\Programming\python_example\Arcana\data-lake\bronze\consensus\fmp\analyst-estimates\period=quarter\snapshot_date=2026-07-31\ticker=EQT.json,b5b941b41d9dff1d0bbc879cc6a63f25da1accd1d5be23b0ddda8be8c9afdfce,2026-09-02T16:40:54+00:00
2026-07-31,EQT,2025Q3,FMP,REVENUE_USD,1810003921.0,D:\Programming\python_example\Arcana\data-lake\bronze\consensus\fmp\analyst-estimates\period=quarter\snapshot_date=2026-07-31\ticker=EQT.json,b5b941b41d9dff1d0bbc879cc6a63f25da1accd1d5be23b0ddda8be8c9afdfce,2026-09-02T16:40:54+00:00
2026-07-31,EQT,2025Q2,FMP,REVENUE_USD,1761833250.0,D:\Programming\python_example\Arcana\data-lake\bronze\consensus\fmp\analyst-estimates\period=quarter\snapshot_date=2026-07-31\ticker=EQT.json,b5b941b41d9dff1d0bbc879cc6a63f25da1accd1d5be23b0ddda8be8c9afdfce,2026-09-02T16:40:54+00:00
2026-07-31,EQT,2025Q1,FMP,REVENUE_USD,2162284484.0,D:\Programming\python_example\Arcana\data-lake\bronze\consensus\fmp\analyst-estimates\period=quarter\snapshot_date=2026-07-31\ticker=EQT.json,b5b941b41d9dff1d0bbc879cc6a63f25da1accd1d5be23b0ddda8be8c9afdfce,2026-09-02T16:40:54+00:00
2026-07-31,EQT,2024Q4,FMP,REVENUE_USD,1774940397.0,D:\Programming\python_example\Arcana\data-lake\bronze\consensus\fmp\analyst-estimates\period=quarter\snapshot_date=2026-07-31\ticker=EQT.json,b5b941b41d9dff1d0bbc879cc6a63f25da1accd1d5be23b0ddda8be8c9afdfce,2026-09-02T16:40:54+00:00
2026-07-31,EQT,2024Q3,FMP,REVENUE_USD,1354921492.0,D:\Programming\python_example\Arcana\data-lake\bronze\consensus\fmp\analyst-estimates\period=quarter\snapshot_date=2026-07-31\ticker=EQT.json,b5b941b41d9dff1d0bbc879cc6a63f25da1accd1d5be23b0ddda8be8c9afdfce,2026-09-02T16:40:54+00:00
2026-07-31,EQT,2024Q2,FMP,REVENUE_USD,1061629134.0,D:\Programming\python_example\Arcana\data-lake\bronze\consensus\fmp\analyst-estimates\period=quarter\snapshot_date=2026-07-31\ticker=EQT.json,b5b941b41d9dff1d0bbc879cc6a63f25da1accd1d5be23b0ddda8be8c9afdfce,2026-09-02T16:40:54+00:00
2026-07-31,EQT,2024Q1,FMP,REVENUE_USD,1578886440.0,D:\Programming\python_example\Arcana\data-lake\bronze\consensus\fmp\analyst-estimates\period=quarter\snapshot_date=2026-07-31\ticker=EQT.json,b5b941b41d9dff1d0bbc879cc6a63f25da1accd1d5be23b0ddda8be8c9afdfce,2026-09-02T16:40:54+00:00
2026-07-31,EQT,2023Q4,FMP,REVENUE_USD,1587044639.0,D:\Programming\python_example\Arcana\data-lake\bronze\consensus\fmp\analyst-estimates\period=quarter\snapshot_date=2026-07-31\ticker=EQT.json,b5b941b41d9dff1d0bbc879cc6a63f25da1accd1d5be23b0ddda8be8c9afdfce,2026-09-02T16:40:54+00:00
2026-07-31,EQT,2023Q3,FMP,REVENUE_USD,1150899711.0,D:\Programming\python_example\Arcana\data-lake\bronze\consensus\fmp\analyst-estimates\period=quarter\snapshot_date=2026-07-31\ticker=EQT.json,b5b941b41d9dff1d0bbc879cc6a63f25da1accd1d5be23b0ddda8be8c9afdfce,2026-09-02T16:40:54+00:00
2026-07-31,EQT,2023Q2,FMP,REVENUE_USD,1009015504.0,D:\Programming\python_example\Arcana\data-lake\bronze\consensus\fmp\analyst-estimates\period=quarter\snapshot_date=2026-07-31\ticker=EQT.json,b5b941b41d9dff1d0bbc879cc6a63f25da1accd1d5be23b0ddda8be8c9afdfce,2026-09-02T16:40:54+00:00
2026-07-31,EQT,2023Q1,FMP,REVENUE_USD,1744185911.0,D:\Programming\python_example\Arcana\data-lake\bronze\consensus\fmp\analyst-estimates\period=quarter\snapshot_date=2026-07-31\ticker=EQT.json,b5b941b41d9dff1d0bbc879cc6a63f25da1accd1d5be23b0ddda8be8c9afdfce,2026-09-02T16:40:54+00:00
2026-07-31,EQT,2022Q4,FMP,REVENUE_USD,1440428382.0,D:\Programming\python_example\Arcana\data-lake\bronze\consensus\fmp\analyst-estimates\period=quarter\snapshot_date=2026-07-31\ticker=EQT.json,b5b941b41d9dff1d0bbc879cc6a63f25da1accd1d5be23b0ddda8be8c9afdfce,2026-09-02T16:40:54+00:00
2026-07-31,EQT,2022Q3,FMP,REVENUE_USD,1753879424.0,D:\Programming\python_example\Arcana\data-lake\bronze\consensus\fmp\analyst-estimates\period=quarter\snapshot_date=2026-07-31\ticker=EQT.json,b5b941b41d9dff1d0bbc879cc6a63f25da1accd1d5be23b0ddda8be8c9afdfce,2026-09-02T16:40:54+00:00
2026-07-31,EQT,2022Q2,FMP,REVENUE_USD,1610802195.0,D:\Programming\python_example\Arcana\data-lake\bronze\consensus\fmp\analyst-estimates\period=quarter\snapshot_date=2026-07-31\ticker=EQT.json,b5b941b41d9dff1d0bbc879cc6a63f25da1accd1d5be23b0ddda8be8c9afdfce,2026-09-02T16:40:54+00:00
2026-07-31,EQT,2022Q1,FMP,REVENUE_USD,1624422978.0,D:\Programming\python_example\Arcana\data-lake\bronze\consensus\fmp\analyst-estimates\period=quarter\snapshot_date=2026-07-31\ticker=EQT.json,b5b941b41d9dff1d0bbc879cc6a63f25da1accd1d5be23b0ddda8be8c9afdfce,2026-09-02T16:40:54+00:00
2026-07-31,EQT,2021Q4,FMP,REVENUE_USD,1467360463.0,D:\Programming\python_example\Arcana\data-lake\bronze\consensus\fmp\analyst-estimates\period=quarter\snapshot_date=2026-07-31\ticker=EQT.json,b5b941b41d9dff1d0bbc879cc6a63f25da1accd1d5be23b0ddda8be8c9afdfce,2026-09-02T16:40:54+00:00
2026-07-31,EQT,2021Q3,FMP,REVENUE_USD,1122835287.0,D:\Programming\python_example\Arcana\data-lake\bronze\consensus\fmp\analyst-estimates\period=quarter\snapshot_date=2026-07-31\ticker=EQT.json,b5b941b41d9dff1d0bbc879cc6a63f25da1accd1d5be23b0ddda8be8c9afdfce,2026-09-02T16:40:54+00:00
2026-07-31,EQT,2021Q2,FMP,REVENUE_USD,1008069443.0,D:\Programming\python_example\Arcana\data-lake\bronze\consensus\fmp\analyst-estimates\period=quarter\snapshot_date=2026-07-31\ticker=EQT.json,b5b941b41d9dff1d0bbc879cc6a63f25da1accd1d5be23b0ddda8be8c9afdfce,2026-09-02T16:40:54+00:00
2026-07-31,EQT,2021Q1,FMP,REVENUE_USD,1094097929.0,D:\Programming\python_example\Arcana\data-lake\bronze\consensus\fmp\analyst-estimates\period=quarter\snapshot_date=2026-07-31\ticker=EQT.json,b5b941b41d9dff1d0bbc879cc6a63f25da1accd1d5be23b0ddda8be8c9afdfce,2026-09-02T16:40:54+00:00
2026-07-31,EQT,2020Q4,FMP,REVENUE_USD,891332719.0,D:\Programming\python_example\Arcana\data-lake\bronze\consensus\fmp\analyst-estimates\period=quarter\snapshot_date=2026-07-31\ticker=EQT.json,b5b941b41d9dff1d0bbc879cc6a63f25da1accd1d5be23b0ddda8be8c9afdfce,2026-09-02T16:40:54+00:00
2026-07-31,EQT,2020Q3,FMP,REVENUE_USD,838435760.0,D:\Programming\python_example\Arcana\data-lake\bronze\consensus\fmp\analyst-estimates\period=quarter\snapshot_date=2026-07-31\ticker=EQT.json,b5b941b41d9dff1d0bbc879cc6a63f25da1accd1d5be23b0ddda8be8c9afdfce,2026-09-02T16:40:54+00:00
2026-07-31,EQT,2020Q2,FMP,REVENUE_USD,799855712.0,D:\Programming\python_example\Arcana\data-lake\bronze\consensus\fmp\analyst-estimates\period=quarter\snapshot_date=2026-07-31\ticker=EQT.json,b5b941b41d9dff1d0bbc879cc6a63f25da1accd1d5be23b0ddda8be8c9afdfce,2026-09-02T16:40:54+00:00
2026-07-31,EQT,2020Q1,FMP,REVENUE_USD,928692693.0,D:\Programming\python_example\Arcana\data-lake\bronze\consensus\fmp\analyst-estimates\period=quarter\snapshot_date=2026-07-31\ticker=EQT.json,b5b941b41d9dff1d0bbc879cc6a63f25da1accd1d5be23b0ddda8be8c9afdfce,2026-09-02T16:40:54+00:00
2026-07-31,EQT,2019Q4,FMP,REVENUE_USD,939480999.0,D:\Programming\python_example\Arcana\data-lake\bronze\consensus\fmp\analyst-estimates\period=quarter\snapshot_date=2026-07-31\ticker=EQT.json,b5b941b41d9dff1d0bbc879cc6a63f25da1accd1d5be23b0ddda8be8c9afdfce,2026-09-02T16:40:54+00:00
2026-07-31,EQT,2019Q3,FMP,REVENUE_USD,871437679.0,D:\Programming\python_example\Arcana\data-lake\bronze\consensus\fmp\analyst-estimates\period=quarter\snapshot_date=2026-07-31\ticker=EQT.json,b5b941b41d9dff1d0bbc879cc6a63f25da1accd1d5be23b0ddda8be8c9afdfce,2026-09-02T16:40:54+00:00
2026-07-31,EQT,2019Q2,FMP,REVENUE_USD,954687874.0,D:\Programming\python_example\Arcana\data-lake\bronze\consensus\fmp\analyst-estimates\period=quarter\snapshot_date=2026-07-31\ticker=EQT.json,b5b941b41d9dff1d0bbc879cc6a63f25da1accd1d5be23b0ddda8be8c9afdfce,2026-09-02T16:40:54+00:00
2026-07-31,EQT,2019Q1,FMP,REVENUE_USD,1200497821.0,D:\Programming\python_example\Arcana\data-lake\bronze\consensus\fmp\analyst-estimates\period=quarter\snapshot_date=2026-07-31\ticker=EQT.json,b5b941b41d9dff1d0bbc879cc6a63f25da1accd1d5be23b0ddda8be8c9afdfce,2026-09-02T16:40:54+00:00
2026-07-31,EQT,2018Q4,FMP,REVENUE_USD,899215594.0,D:\Programming\python_example\Arcana\data-lake\bronze\consensus\fmp\analyst-estimates\period=quarter\snapshot_date=2026-07-31\ticker=EQT.json,b5b941b41d9dff1d0bbc879cc6a63f25da1accd1d5be23b0ddda8be8c9afdfce,2026-09-02T16:40:54+00:00
2026-07-31,EQT,2018Q3,FMP,REVENUE_USD,1260055200.0,D:\Programming\python_example\Arcana\data-lake\bronze\consensus\fmp\analyst-estimates\period=quarter\snapshot_date=2026-07-31\ticker=EQT.json,b5b941b41d9dff1d0bbc879cc6a63f25da1accd1d5be23b0ddda8be8c9afdfce,2026-09-02T16:40:54+00:00
2026-07-31,EQT,2018Q2,FMP,REVENUE_USD,1015413636.0,D:\Programming\python_example\Arcana\data-lake\bronze\consensus\fmp\analyst-estimates\period=quarter\snapshot_date=2026-07-31\ticker=EQT.json,b5b941b41d9dff1d0bbc879cc6a63f25da1accd1d5be23b0ddda8be8c9afdfce,2026-09-02T16:40:54+00:00
2026-07-31,EQT,2018Q1,FMP,REVENUE_USD,1286019801.0,D:\Programming\python_example\Arcana\data-lake\bronze\consensus\fmp\analyst-estimates\period=quarter\snapshot_date=2026-07-31\ticker=EQT.json,b5b941b41d9dff1d0bbc879cc6a63f25da1accd1d5be23b0ddda8be8c9afdfce,2026-09-02T16:40:54+00:00
2026-07-31,EQT,2017Q4,FMP,REVENUE_USD,268010526.0,D:\Programming\python_example\Arcana\data-lake\bronze\consensus\fmp\analyst-estimates\period=quarter\snapshot_date=2026-07-31\ticker=EQT.json,b5b941b41d9dff1d0bbc879cc6a63f25da1accd1d5be23b0ddda8be8c9afdfce,2026-09-02T16:40:54+00:00
2026-07-31,EQT,2017Q3,FMP,REVENUE_USD,219800000.0,D:\Programming\python_example\Arcana\data-lake\bronze\consensus\fmp\analyst-estimates\period=quarter\snapshot_date=2026-07-31\ticker=EQT.json,b5b941b41d9dff1d0bbc879cc6a63f25da1accd1d5be23b0ddda8be8c9afdfce,2026-09-02T16:40:54+00:00
2026-07-31,EQT,2017Q2,FMP,REVENUE_USD,918266666.0,D:\Programming\python_example\Arcana\data-lake\bronze\consensus\fmp\analyst-estimates\period=quarter\snapshot_date=2026-07-31\ticker=EQT.json,b5b941b41d9dff1d0bbc879cc6a63f25da1accd1d5be23b0ddda8be8c9afdfce,2026-09-02T16:40:54+00:00
2026-07-31,EQT,2017Q1,FMP,REVENUE_USD,1001860465.0,D:\Programming\python_example\Arcana\data-lake\bronze\consensus\fmp\analyst-estimates\period=quarter\snapshot_date=2026-07-31\ticker=EQT.json,b5b941b41d9dff1d0bbc879cc6a63f25da1accd1d5be23b0ddda8be8c9afdfce,2026-09-02T16:40:54+00:00
2026-07-31,EQT,2016Q4,FMP,REVENUE_USD,50496000.0,D:\Programming\python_example\Arcana\data-lake\bronze\consensus\fmp\analyst-estimates\period=quarter\snapshot_date=2026-07-31\ticker=EQT.json,b5b941b41d9dff1d0bbc879cc6a63f25da1accd1d5be23b0ddda8be8c9afdfce,2026-09-02T16:40:54+00:00
2026-07-31,EQT,2016Q3,FMP,REVENUE_USD,878030769.0,D:\Programming\python_example\Arcana\data-lake\bronze\consensus\fmp\analyst-estimates\period=quarter\snapshot_date=2026-07-31\ticker=EQT.json,b5b941b41d9dff1d0bbc879cc6a63f25da1accd1d5be23b0ddda8be8c9afdfce,2026-09-02T16:40:54+00:00
2026-07-31,EQT,2016Q2,FMP,REVENUE_USD,142071428.0,D:\Programming\python_example\Arcana\data-lake\bronze\consensus\fmp\analyst-estimates\period=quarter\snapshot_date=2026-07-31\ticker=EQT.json,b5b941b41d9dff1d0bbc879cc6a63f25da1accd1d5be23b0ddda8be8c9afdfce,2026-09-02T16:40:54+00:00
2026-07-31,EQT,2016Q1,FMP,REVENUE_USD,155742857.0,D:\Programming\python_example\Arcana\data-lake\bronze\consensus\fmp\analyst-estimates\period=quarter\snapshot_date=2026-07-31\ticker=EQT.json,b5b941b41d9dff1d0bbc879cc6a63f25da1accd1d5be23b0ddda8be8c9afdfce,2026-09-02T16:40:54+00:00
2026-07-31,EQT,2015Q4,FMP,REVENUE_USD,1552000000.0,D:\Programming\python_example\Arcana\data-lake\bronze\consensus\fmp\analyst-estimates\period=quarter\snapshot_date=2026-07-31\ticker=EQT.json,b5b941b41d9dff1d0bbc879cc6a63f25da1accd1d5be23b0ddda8be8c9afdfce,2026-09-02T16:40:54+00:00
2026-07-31,EQT,2015Q3,FMP,REVENUE_USD,542024996.0,D:\Programming\python_example\Arcana\data-lake\bronze\consensus\fmp\analyst-estimates\period=quarter\snapshot_date=2026-07-31\ticker=EQT.json,b5b941b41d9dff1d0bbc879cc6a63f25da1accd1d5be23b0ddda8be8c9afdfce,2026-09-02T16:40:54+00:00
2026-07-31,EQT,2015Q2,FMP,REVENUE_USD,2198000000.0,D:\Programming\python_example\Arcana\data-lake\bronze\consensus\fmp\analyst-estimates\period=quarter\snapshot_date=2026-07-31\ticker=EQT.json,b5b941b41d9dff1d0bbc879cc6a63f25da1accd1d5be23b0ddda8be8c9afdfce,2026-09-02T16:40:54+00:00
2026-07-31,EQT,2015Q1,FMP,REVENUE_USD,685016125.0,D:\Programming\python_example\Arcana\data-lake\bronze\consensus\fmp\analyst-estimates\period=quarter\snapshot_date=2026-07-31\ticker=EQT.json,b5b941b41d9dff1d0bbc879cc6a63f25da1accd1d5be23b0ddda8be8c9afdfce,2026-09-02T16:40:54+00:00
2026-07-31,EQT,2014Q4,FMP,REVENUE_USD,461475000.0,D:\Programming\python_example\Arcana\data-lake\bronze\consensus\fmp\analyst-estimates\period=quarter\snapshot_date=2026-07-31\ticker=EQT.json,b5b941b41d9dff1d0bbc879cc6a63f25da1accd1d5be23b0ddda8be8c9afdfce,2026-09-02T16:40:54+00:00
2026-07-31,EQT,2014Q3,FMP,REVENUE_USD,578700000.0,D:\Programming\python_example\Arcana\data-lake\bronze\consensus\fmp\analyst-estimates\period=quarter\snapshot_date=2026-07-31\ticker=EQT.json,b5b941b41d9dff1d0bbc879cc6a63f25da1accd1d5be23b0ddda8be8c9afdfce,2026-09-02T16:40:54+00:00
2026-07-31,EQT,2014Q2,FMP,REVENUE_USD,752867241.0,D:\Programming\python_example\Arcana\data-lake\bronze\consensus\fmp\analyst-estimates\period=quarter\snapshot_date=2026-07-31\ticker=EQT.json,b5b941b41d9dff1d0bbc879cc6a63f25da1accd1d5be23b0ddda8be8c9afdfce,2026-09-02T16:40:54+00:00
2026-07-31,EQT,2014Q1,FMP,REVENUE_USD,421463703.0,D:\Programming\python_example\Arcana\data-lake\bronze\consensus\fmp\analyst-estimates\period=quarter\snapshot_date=2026-07-31\ticker=EQT.json,b5b941b41d9dff1d0bbc879cc6a63f25da1accd1d5be23b0ddda8be8c9afdfce,2026-09-02T16:40:54+00:00
2026-07-31,EQT,2013Q4,FMP,REVENUE_USD,406072340.0,D:\Programming\python_example\Arcana\data-lake\bronze\consensus\fmp\analyst-estimates\period=quarter\snapshot_date=2026-07-31\ticker=EQT.json,b5b941b41d9dff1d0bbc879cc6a63f25da1accd1d5be23b0ddda8be8c9afdfce,2026-09-02T16:40:54+00:00
2026-07-31,EQT,2013Q3,FMP,REVENUE_USD,405179310.0,D:\Programming\python_example\Arcana\data-lake\bronze\consensus\fmp\analyst-estimates\period=quarter\snapshot_date=2026-07-31\ticker=EQT.json,b5b941b41d9dff1d0bbc879cc6a63f25da1accd1d5be23b0ddda8be8c9afdfce,2026-09-02T16:40:54+00:00
2026-07-31,EQT,2013Q2,FMP,REVENUE_USD,464800000.0,D:\Programming\python_example\Arcana\data-lake\bronze\consensus\fmp\analyst-estimates\period=quarter\snapshot_date=2026-07-31\ticker=EQT.json,b5b941b41d9dff1d0bbc879cc6a63f25da1accd1d5be23b0ddda8be8c9afdfce,2026-09-02T16:40:54+00:00
2026-07-31,EQT,2013Q1,FMP,REVENUE_USD,327678787.0,D:\Programming\python_example\Arcana\data-lake\bronze\consensus\fmp\analyst-estimates\period=quarter\snapshot_date=2026-07-31\ticker=EQT.json,b5b941b41d9dff1d0bbc879cc6a63f25da1accd1d5be23b0ddda8be8c9afdfce,2026-09-02T16:40:54+00:00
2026-07-31,EQT,2012Q4,FMP,REVENUE_USD,192529166.0,D:\Programming\python_example\Arcana\data-lake\bronze\consensus\fmp\analyst-estimates\period=quarter\snapshot_date=2026-07-31\ticker=EQT.json,b5b941b41d9dff1d0bbc879cc6a63f25da1accd1d5be23b0ddda8be8c9afdfce,2026-09-02T16:40:54+00:00
2026-07-31,EQT,2012Q3,FMP,REVENUE_USD,520142857.0,D:\Programming\python_example\Arcana\data-lake\bronze\consensus\fmp\analyst-estimates\period=quarter\snapshot_date=2026-07-31\ticker=EQT.json,b5b941b41d9dff1d0bbc879cc6a63f25da1accd1d5be23b0ddda8be8c9afdfce,2026-09-02T16:40:54+00:00
2026-07-31,EQT,2012Q2,FMP,REVENUE_USD,361928571.0,D:\Programming\python_example\Arcana\data-lake\bronze\consensus\fmp\analyst-estimates\period=quarter\snapshot_date=2026-07-31\ticker=EQT.json,b5b941b41d9dff1d0bbc879cc6a63f25da1accd1d5be23b0ddda8be8c9afdfce,2026-09-02T16:40:54+00:00
2026-07-31,EQT,2012Q1,FMP,REVENUE_USD,522000000.0,D:\Programming\python_example\Arcana\data-lake\bronze\consensus\fmp\analyst-estimates\period=quarter\snapshot_date=2026-07-31\ticker=EQT.json,b5b941b41d9dff1d0bbc879cc6a63f25da1accd1d5be23b0ddda8be8c9afdfce,2026-09-02T16:40:54+00:00
2026-07-31,EQT,2011Q4,FMP,REVENUE_USD,102595000.0,D:\Programming\python_example\Arcana\data-lake\bronze\consensus\fmp\analyst-estimates\period=quarter\snapshot_date=2026-07-31\ticker=EQT.json,b5b941b41d9dff1d0bbc879cc6a63f25da1accd1d5be23b0ddda8be8c9afdfce,2026-09-02T16:40:54+00:00
2026-07-31,EQT,2011Q3,FMP,REVENUE_USD,346484444.0,D:\Programming\python_example\Arcana\data-lake\bronze\consensus\fmp\analyst-estimates\period=quarter\snapshot_date=2026-07-31\ticker=EQT.json,b5b941b41d9dff1d0bbc879cc6a63f25da1accd1d5be23b0ddda8be8c9afdfce,2026-09-02T16:40:54+00:00
2026-07-31,EQT,2011Q2,FMP,REVENUE_USD,310105882.0,D:\Programming\python_example\Arcana\data-lake\bronze\consensus\fmp\analyst-estimates\period=quarter\snapshot_date=2026-07-31\ticker=EQT.json,b5b941b41d9dff1d0bbc879cc6a63f25da1accd1d5be23b0ddda8be8c9afdfce,2026-09-02T16:40:54+00:00
2026-07-31,EQT,2011Q1,FMP,REVENUE_USD,407249230.0,D:\Programming\python_example\Arcana\data-lake\bronze\consensus\fmp\analyst-estimates\period=quarter\snapshot_date=2026-07-31\ticker=EQT.json,b5b941b41d9dff1d0bbc879cc6a63f25da1accd1d5be23b0ddda8be8c9afdfce,2026-09-02T16:40:54+00:00
2026-07-31,EQT,2010Q4,FMP,REVENUE_USD,343606250.0,D:\Programming\python_example\Arcana\data-lake\bronze\consensus\fmp\analyst-estimates\period=quarter\snapshot_date=2026-07-31\ticker=EQT.json,b5b941b41d9dff1d0bbc879cc6a63f25da1accd1d5be23b0ddda8be8c9afdfce,2026-09-02T16:40:54+00:00
2026-07-31,EQT,2010Q3,FMP,REVENUE_USD,257300000.0,D:\Programming\python_example\Arcana\data-lake\bronze\consensus\fmp\analyst-estimates\period=quarter\snapshot_date=2026-07-31\ticker=EQT.json,b5b941b41d9dff1d0bbc879cc6a63f25da1accd1d5be23b0ddda8be8c9afdfce,2026-09-02T16:40:54+00:00
2026-07-31,EQT,2010Q2,FMP,REVENUE_USD,321875000.0,D:\Programming\python_example\Arcana\data-lake\bronze\consensus\fmp\analyst-estimates\period=quarter\snapshot_date=2026-07-31\ticker=EQT.json,b5b941b41d9dff1d0bbc879cc6a63f25da1accd1d5be23b0ddda8be8c9afdfce,2026-09-02T16:40:54+00:00
2026-07-31,EQT,2010Q1,FMP,REVENUE_USD,389581538.0,D:\Programming\python_example\Arcana\data-lake\bronze\consensus\fmp\analyst-estimates\period=quarter\snapshot_date=2026-07-31\ticker=EQT.json,b5b941b41d9dff1d0bbc879cc6a63f25da1accd1d5be23b0ddda8be8c9afdfce,2026-09-02T16:40:54+00:00
2026-07-31,EQT,2009Q4,FMP,REVENUE_USD,258000000.0,D:\Programming\python_example\Arcana\data-lake\bronze\consensus\fmp\analyst-estimates\period=quarter\snapshot_date=2026-07-31\ticker=EQT.json,b5b941b41d9dff1d0bbc879cc6a63f25da1accd1d5be23b0ddda8be8c9afdfce,2026-09-02T16:40:54+00:00
2026-07-31,EQT,2009Q3,FMP,REVENUE_USD,168763636.0,D:\Programming\python_example\Arcana\data-lake\bronze\consensus\fmp\analyst-estimates\period=quarter\snapshot_date=2026-07-31\ticker=EQT.json,b5b941b41d9dff1d0bbc879cc6a63f25da1accd1d5be23b0ddda8be8c9afdfce,2026-09-02T16:40:54+00:00
2026-07-31,EQT,2009Q2,FMP,REVENUE_USD,273700000.0,D:\Programming\python_example\Arcana\data-lake\bronze\consensus\fmp\analyst-estimates\period=quarter\snapshot_date=2026-07-31\ticker=EQT.json,b5b941b41d9dff1d0bbc879cc6a63f25da1accd1d5be23b0ddda8be8c9afdfce,2026-09-02T16:40:54+00:00
2026-07-31,EQT,2009Q1,FMP,REVENUE_USD,469400000.0,D:\Programming\python_example\Arcana\data-lake\bronze\consensus\fmp\analyst-estimates\period=quarter\snapshot_date=2026-07-31\ticker=EQT.json,b5b941b41d9dff1d0bbc879cc6a63f25da1accd1d5be23b0ddda8be8c9afdfce,2026-09-02T16:40:54+00:00
2026-07-31,EQT,2008Q4,FMP,REVENUE_USD,770619230.0,D:\Programming\python_example\Arcana\data-lake\bronze\consensus\fmp\analyst-estimates\period=quarter\snapshot_date=2026-07-31\ticker=EQT.json,b5b941b41d9dff1d0bbc879cc6a63f25da1accd1d5be23b0ddda8be8c9afdfce,2026-09-02T16:40:54+00:00
2026-07-31,EQT,2008Q3,FMP,REVENUE_USD,290410312.0,D:\Programming\python_example\Arcana\data-lake\bronze\consensus\fmp\analyst-estimates\period=quarter\snapshot_date=2026-07-31\ticker=EQT.json,b5b941b41d9dff1d0bbc879cc6a63f25da1accd1d5be23b0ddda8be8c9afdfce,2026-09-02T16:40:54+00:00
2026-07-31,EQT,2008Q2,FMP,REVENUE_USD,334000000.0,D:\Programming\python_example\Arcana\data-lake\bronze\consensus\fmp\analyst-estimates\period=quarter\snapshot_date=2026-07-31\ticker=EQT.json,b5b941b41d9dff1d0bbc879cc6a63f25da1accd1d5be23b0ddda8be8c9afdfce,2026-09-02T16:40:54+00:00
2026-07-31,EQT,2008Q1,FMP,REVENUE_USD,629800000.0,D:\Programming\python_example\Arcana\data-lake\bronze\consensus\fmp\analyst-estimates\period=quarter\snapshot_date=2026-07-31\ticker=EQT.json,b5b941b41d9dff1d0bbc879cc6a63f25da1accd1d5be23b0ddda8be8c9afdfce,2026-09-02T16:40:54+00:00
2026-07-31,EQT,2007Q4,FMP,REVENUE_USD,363810909.0,D:\Programming\python_example\Arcana\data-lake\bronze\consensus\fmp\analyst-estimates\period=quarter\snapshot_date=2026-07-31\ticker=EQT.json,b5b941b41d9dff1d0bbc879cc6a63f25da1accd1d5be23b0ddda8be8c9afdfce,2026-09-02T16:40:54+00:00
2026-07-31,EQT,2007Q3,FMP,REVENUE_USD,260400000.0,D:\Programming\python_example\Arcana\data-lake\bronze\consensus\fmp\analyst-estimates\period=quarter\snapshot_date=2026-07-31\ticker=EQT.json,b5b941b41d9dff1d0bbc879cc6a63f25da1accd1d5be23b0ddda8be8c9afdfce,2026-09-02T16:40:54+00:00
2026-07-31,EQT,2007Q2,FMP,REVENUE_USD,439800000.0,D:\Programming\python_example\Arcana\data-lake\bronze\consensus\fmp\analyst-estimates\period=quarter\snapshot_date=2026-07-31\ticker=EQT.json,b5b941b41d9dff1d0bbc879cc6a63f25da1accd1d5be23b0ddda8be8c9afdfce,2026-09-02T16:40:54+00:00
2026-07-31,EQT,2007Q1,FMP,REVENUE_USD,564822033.0,D:\Programming\python_example\Arcana\data-lake\bronze\consensus\fmp\analyst-estimates\period=quarter\snapshot_date=2026-07-31\ticker=EQT.json,b5b941b41d9dff1d0bbc879cc6a63f25da1accd1d5be23b0ddda8be8c9afdfce,2026-09-02T16:40:54+00:00
2026-07-31,EQT,2006Q4,FMP,REVENUE_USD,328528571.0,D:\Programming\python_example\Arcana\data-lake\bronze\consensus\fmp\analyst-estimates\period=quarter\snapshot_date=2026-07-31\ticker=EQT.json,b5b941b41d9dff1d0bbc879cc6a63f25da1accd1d5be23b0ddda8be8c9afdfce,2026-09-02T16:40:54+00:00
2026-07-31,EQT,2006Q3,FMP,REVENUE_USD,261900000.0,D:\Programming\python_example\Arcana\data-lake\bronze\consensus\fmp\analyst-estimates\period=quarter\snapshot_date=2026-07-31\ticker=EQT.json,b5b941b41d9dff1d0bbc879cc6a63f25da1accd1d5be23b0ddda8be8c9afdfce,2026-09-02T16:40:54+00:00
2026-07-31,EQT,2006Q2,FMP,REVENUE_USD,251200000.0,D:\Programming\python_example\Arcana\data-lake\bronze\consensus\fmp\analyst-estimates\period=quarter\snapshot_date=2026-07-31\ticker=EQT.json,b5b941b41d9dff1d0bbc879cc6a63f25da1accd1d5be23b0ddda8be8c9afdfce,2026-09-02T16:40:54+00:00
2026-07-31,EQT,2006Q1,FMP,REVENUE_USD,473838983.0,D:\Programming\python_example\Arcana\data-lake\bronze\consensus\fmp\analyst-estimates\period=quarter\snapshot_date=2026-07-31\ticker=EQT.json,b5b941b41d9dff1d0bbc879cc6a63f25da1accd1d5be23b0ddda8be8c9afdfce,2026-09-02T16:40:54+00:00
2026-07-31,EQT,2005Q4,FMP,REVENUE_USD,371851785.0,D:\Programming\python_example\Arcana\data-lake\bronze\consensus\fmp\analyst-estimates\period=quarter\snapshot_date=2026-07-31\ticker=EQT.json,b5b941b41d9dff1d0bbc879cc6a63f25da1accd1d5be23b0ddda8be8c9afdfce,2026-09-02T16:40:54+00:00
2026-07-31,EQT,2005Q3,FMP,REVENUE_USD,229400000.0,D:\Programming\python_example\Arcana\data-lake\bronze\consensus\fmp\analyst-estimates\period=quarter\snapshot_date=2026-07-31\ticker=EQT.json,b5b941b41d9dff1d0bbc879cc6a63f25da1accd1d5be23b0ddda8be8c9afdfce,2026-09-02T16:40:54+00:00
2026-07-31,EQT,2005Q2,FMP,REVENUE_USD,269889655.0,D:\Programming\python_example\Arcana\data-lake\bronze\consensus\fmp\analyst-estimates\period=quarter\snapshot_date=2026-07-31\ticker=EQT.json,b5b941b41d9dff1d0bbc879cc6a63f25da1accd1d5be23b0ddda8be8c9afdfce,2026-09-02T16:40:54+00:00
2026-07-31,EQT,2005Q1,FMP,REVENUE_USD,375409677.0,D:\Programming\python_example\Arcana\data-lake\bronze\consensus\fmp\analyst-estimates\period=quarter\snapshot_date=2026-07-31\ticker=EQT.json,b5b941b41d9dff1d0bbc879cc6a63f25da1accd1d5be23b0ddda8be8c9afdfce,2026-09-02T16:40:54+00:00
2026-07-31,EQT,2004Q4,FMP,REVENUE_USD,348914285.0,D:\Programming\python_example\Arcana\data-lake\bronze\consensus\fmp\analyst-estimates\period=quarter\snapshot_date=2026-07-31\ticker=EQT.json,b5b941b41d9dff1d0bbc879cc6a63f25da1accd1d5be23b0ddda8be8c9afdfce,2026-09-02T16:40:54+00:00
2026-07-31,EQT,2004Q3,FMP,REVENUE_USD,102432142.0,D:\Programming\python_example\Arcana\data-lake\bronze\consensus\fmp\analyst-estimates\period=quarter\snapshot_date=2026-07-31\ticker=EQT.json,b5b941b41d9dff1d0bbc879cc6a63f25da1accd1d5be23b0ddda8be8c9afdfce,2026-09-02T16:40:54+00:00
2026-07-31,EQT,2004Q2,FMP,REVENUE_USD,300750000.0,D:\Programming\python_example\Arcana\data-lake\bronze\consensus\fmp\analyst-estimates\period=quarter\snapshot_date=2026-07-31\ticker=EQT.json,b5b941b41d9dff1d0bbc879cc6a63f25da1accd1d5be23b0ddda8be8c9afdfce,2026-09-02T16:40:54+00:00
2026-07-31,EQT,2004Q1,FMP,REVENUE_USD,393120000.0,D:\Programming\python_example\Arcana\data-lake\bronze\consensus\fmp\analyst-estimates\period=quarter\snapshot_date=2026-07-31\ticker=EQT.json,b5b941b41d9dff1d0bbc879cc6a63f25da1accd1d5be23b0ddda8be8c9afdfce,2026-09-02T16:40:54+00:00
2026-07-31,EQT,2003Q4,FMP,REVENUE_USD,300944000.0,D:\Programming\python_example\Arcana\data-lake\bronze\consensus\fmp\analyst-estimates\period=quarter\snapshot_date=2026-07-31\ticker=EQT.json,b5b941b41d9dff1d0bbc879cc6a63f25da1accd1d5be23b0ddda8be8c9afdfce,2026-09-02T16:40:54+00:00
2026-07-31,EQT,2003Q3,FMP,REVENUE_USD,185500000.0,D:\Programming\python_example\Arcana\data-lake\bronze\consensus\fmp\analyst-estimates\period=quarter\snapshot_date=2026-07-31\ticker=EQT.json,b5b941b41d9dff1d0bbc879cc6a63f25da1accd1d5be23b0ddda8be8c9afdfce,2026-09-02T16:40:54+00:00
2026-07-31,EQT,2003Q2,FMP,REVENUE_USD,227240000.0,D:\Programming\python_example\Arcana\data-lake\bronze\consensus\fmp\analyst-estimates\period=quarter\snapshot_date=2026-07-31\ticker=EQT.json,b5b941b41d9dff1d0bbc879cc6a63f25da1accd1d5be23b0ddda8be8c9afdfce,2026-09-02T16:40:54+00:00
2026-07-31,EQT,2003Q1,FMP,REVENUE_USD,335588235.0,D:\Programming\python_example\Arcana\data-lake\bronze\consensus\fmp\analyst-estimates\period=quarter\snapshot_date=2026-07-31\ticker=EQT.json,b5b941b41d9dff1d0bbc879cc6a63f25da1accd1d5be23b0ddda8be8c9afdfce,2026-09-02T16:40:54+00:00
2026-07-31,EQT,2002Q4,FMP,REVENUE_USD,468714666.0,D:\Programming\python_example\Arcana\data-lake\bronze\consensus\fmp\analyst-estimates\period=quarter\snapshot_date=2026-07-31\ticker=EQT.json,b5b941b41d9dff1d0bbc879cc6a63f25da1accd1d5be23b0ddda8be8c9afdfce,2026-09-02T16:40:54+00:00
2026-07-31,EQT,2002Q3,FMP,REVENUE_USD,214400000.0,D:\Programming\python_example\Arcana\data-lake\bronze\consensus\fmp\analyst-estimates\period=quarter\snapshot_date=2026-07-31\ticker=EQT.json,b5b941b41d9dff1d0bbc879cc6a63f25da1accd1d5be23b0ddda8be8c9afdfce,2026-09-02T16:40:54+00:00
2026-07-31,EQT,2002Q2,FMP,REVENUE_USD,226700000.0,D:\Programming\python_example\Arcana\data-lake\bronze\consensus\fmp\analyst-estimates\period=quarter\snapshot_date=2026-07-31\ticker=EQT.json,b5b941b41d9dff1d0bbc879cc6a63f25da1accd1d5be23b0ddda8be8c9afdfce,2026-09-02T16:40:54+00:00
2026-07-31,EQT,2002Q1,FMP,REVENUE_USD,280325581.0,D:\Programming\python_example\Arcana\data-lake\bronze\consensus\fmp\analyst-estimates\period=quarter\snapshot_date=2026-07-31\ticker=EQT.json,b5b941b41d9dff1d0bbc879cc6a63f25da1accd1d5be23b0ddda8be8c9afdfce,2026-09-02T16:40:54+00:00
2026-07-31,EQT,2001Q4,FMP,REVENUE_USD,397100000.0,D:\Programming\python_example\Arcana\data-lake\bronze\consensus\fmp\analyst-estimates\period=quarter\snapshot_date=2026-07-31\ticker=EQT.json,b5b941b41d9dff1d0bbc879cc6a63f25da1accd1d5be23b0ddda8be8c9afdfce,2026-09-02T16:40:54+00:00
2026-07-31,EQT,2001Q3,FMP,REVENUE_USD,165800000.0,D:\Programming\python_example\Arcana\data-lake\bronze\consensus\fmp\analyst-estimates\period=quarter\snapshot_date=2026-07-31\ticker=EQT.json,b5b941b41d9dff1d0bbc879cc6a63f25da1accd1d5be23b0ddda8be8c9afdfce,2026-09-02T16:40:54+00:00
2026-07-31,EQT,2001Q2,FMP,REVENUE_USD,246308333.0,D:\Programming\python_example\Arcana\data-lake\bronze\consensus\fmp\analyst-estimates\period=quarter\snapshot_date=2026-07-31\ticker=EQT.json,b5b941b41d9dff1d0bbc879cc6a63f25da1accd1d5be23b0ddda8be8c9afdfce,2026-09-02T16:40:54+00:00
2026-07-31,EQT,2001Q1,FMP,REVENUE_USD,780266666.0,D:\Programming\python_example\Arcana\data-lake\bronze\consensus\fmp\analyst-estimates\period=quarter\snapshot_date=2026-07-31\ticker=EQT.json,b5b941b41d9dff1d0bbc879cc6a63f25da1accd1d5be23b0ddda8be8c9afdfce,2026-09-02T16:40:54+00:00
2026-07-31,EQT,2000Q4,FMP,REVENUE_USD,1097280000.0,D:\Programming\python_example\Arcana\data-lake\bronze\consensus\fmp\analyst-estimates\period=quarter\snapshot_date=2026-07-31\ticker=EQT.json,b5b941b41d9dff1d0bbc879cc6a63f25da1accd1d5be23b0ddda8be8c9afdfce,2026-09-02T16:40:54+00:00
2026-07-31,EQT,2000Q3,FMP,REVENUE_USD,283932823.0,D:\Programming\python_example\Arcana\data-lake\bronze\consensus\fmp\analyst-estimates\period=quarter\snapshot_date=2026-07-31\ticker=EQT.json,b5b941b41d9dff1d0bbc879cc6a63f25da1accd1d5be23b0ddda8be8c9afdfce,2026-09-02T16:40:54+00:00
2026-07-31,EQT,2000Q2,FMP,REVENUE_USD,249375000.0,D:\Programming\python_example\Arcana\data-lake\bronze\consensus\fmp\analyst-estimates\period=quarter\snapshot_date=2026-07-31\ticker=EQT.json,b5b941b41d9dff1d0bbc879cc6a63f25da1accd1d5be23b0ddda8be8c9afdfce,2026-09-02T16:40:54+00:00
2026-07-31,EQT,2000Q1,FMP,REVENUE_USD,349906666.0,D:\Programming\python_example\Arcana\data-lake\bronze\consensus\fmp\analyst-estimates\period=quarter\snapshot_date=2026-07-31\ticker=EQT.json,b5b941b41d9dff1d0bbc879cc6a63f25da1accd1d5be23b0ddda8be8c9afdfce,2026-09-02T16:40:54+00:00
2026-07-31,EQT,1999Q4,FMP,REVENUE_USD,247642105.0,D:\Programming\python_example\Arcana\data-lake\bronze\consensus\fmp\analyst-estimates\period=quarter\snapshot_date=2026-07-31\ticker=EQT.json,b5b941b41d9dff1d0bbc879cc6a63f25da1accd1d5be23b0ddda8be8c9afdfce,2026-09-02T16:40:54+00:00
2026-07-31,EQT,1999Q3,FMP,REVENUE_USD,193200000.0,D:\Programming\python_example\Arcana\data-lake\bronze\consensus\fmp\analyst-estimates\period=quarter\snapshot_date=2026-07-31\ticker=EQT.json,b5b941b41d9dff1d0bbc879cc6a63f25da1accd1d5be23b0ddda8be8c9afdfce,2026-09-02T16:40:54+00:00
2026-07-31,EQT,1999Q2,FMP,REVENUE_USD,152480000.0,D:\Programming\python_example\Arcana\data-lake\bronze\consensus\fmp\analyst-estimates\period=quarter\snapshot_date=2026-07-31\ticker=EQT.json,b5b941b41d9dff1d0bbc879cc6a63f25da1accd1d5be23b0ddda8be8c9afdfce,2026-09-02T16:40:54+00:00
2026-07-31,EQT,1999Q1,FMP,REVENUE_USD,357857142.0,D:\Programming\python_example\Arcana\data-lake\bronze\consensus\fmp\analyst-estimates\period=quarter\snapshot_date=2026-07-31\ticker=EQT.json,b5b941b41d9dff1d0bbc879cc6a63f25da1accd1d5be23b0ddda8be8c9afdfce,2026-09-02T16:40:54+00:00
2026-07-31,EQT,1998Q4,FMP,REVENUE_USD,276141666.0,D:\Programming\python_example\Arcana\data-lake\bronze\consensus\fmp\analyst-estimates\period=quarter\snapshot_date=2026-07-31\ticker=EQT.json,b5b941b41d9dff1d0bbc879cc6a63f25da1accd1d5be23b0ddda8be8c9afdfce,2026-09-02T16:40:54+00:00
2026-07-31,EQT,1998Q3,FMP,REVENUE_USD,78350000.0,D:\Programming\python_example\Arcana\data-lake\bronze\consensus\fmp\analyst-estimates\period=quarter\snapshot_date=2026-07-31\ticker=EQT.json,b5b941b41d9dff1d0bbc879cc6a63f25da1accd1d5be23b0ddda8be8c9afdfce,2026-09-02T16:40:54+00:00
2026-07-31,EQT,1998Q2,FMP,REVENUE_USD,180800000.0,D:\Programming\python_example\Arcana\data-lake\bronze\consensus\fmp\analyst-estimates\period=quarter\snapshot_date=2026-07-31\ticker=EQT.json,b5b941b41d9dff1d0bbc879cc6a63f25da1accd1d5be23b0ddda8be8c9afdfce,2026-09-02T16:40:54+00:00
2026-07-31,EQT,1998Q1,FMP,REVENUE_USD,283400000.0,D:\Programming\python_example\Arcana\data-lake\bronze\consensus\fmp\analyst-estimates\period=quarter\snapshot_date=2026-07-31\ticker=EQT.json,b5b941b41d9dff1d0bbc879cc6a63f25da1accd1d5be23b0ddda8be8c9afdfce,2026-09-02T16:40:54+00:00
2026-07-31,EQT,1997Q4,FMP,REVENUE_USD,270677777.0,D:\Programming\python_example\Arcana\data-lake\bronze\consensus\fmp\analyst-estimates\period=quarter\snapshot_date=2026-07-31\ticker=EQT.json,b5b941b41d9dff1d0bbc879cc6a63f25da1accd1d5be23b0ddda8be8c9afdfce,2026-09-02T16:40:54+00:00
2026-07-31,EQT,1997Q3,FMP,REVENUE_USD,165300000.0,D:\Programming\python_example\Arcana\data-lake\bronze\consensus\fmp\analyst-estimates\period=quarter\snapshot_date=2026-07-31\ticker=EQT.json,b5b941b41d9dff1d0bbc879cc6a63f25da1accd1d5be23b0ddda8be8c9afdfce,2026-09-02T16:40:54+00:00
2026-07-31,EQT,1997Q2,FMP,REVENUE_USD,3066120000.0,D:\Programming\python_example\Arcana\data-lake\bronze\consensus\fmp\analyst-estimates\period=quarter\snapshot_date=2026-07-31\ticker=EQT.json,b5b941b41d9dff1d0bbc879cc6a63f25da1accd1d5be23b0ddda8be8c9afdfce,2026-09-02T16:40:54+00:00
2026-07-31,EQT,1997Q1,FMP,REVENUE_USD,288990000.0,D:\Programming\python_example\Arcana\data-lake\bronze\consensus\fmp\analyst-estimates\period=quarter\snapshot_date=2026-07-31\ticker=EQT.json,b5b941b41d9dff1d0bbc879cc6a63f25da1accd1d5be23b0ddda8be8c9afdfce,2026-09-02T16:40:54+00:00
2026-07-31,EQT,1996Q4,FMP,REVENUE_USD,436338461.0,D:\Programming\python_example\Arcana\data-lake\bronze\consensus\fmp\analyst-estimates\period=quarter\snapshot_date=2026-07-31\ticker=EQT.json,b5b941b41d9dff1d0bbc879cc6a63f25da1accd1d5be23b0ddda8be8c9afdfce,2026-09-02T16:40:54+00:00
2026-07-31,FANG,2028Q4,FMP,REVENUE_USD,4373845089.0,D:\Programming\python_example\Arcana\data-lake\bronze\consensus\fmp\analyst-estimates\period=quarter\snapshot_date=2026-07-31\ticker=FANG.json,7797c0391a99b921c7cfc3823429baa550b16ea48aa545708d933828720bc817,2026-09-02T16:40:54+00:00
2026-07-31,FANG,2028Q3,FMP,REVENUE_USD,4353625869.0,D:\Programming\python_example\Arcana\data-lake\bronze\consensus\fmp\analyst-estimates\period=quarter\snapshot_date=2026-07-31\ticker=FANG.json,7797c0391a99b921c7cfc3823429baa550b16ea48aa545708d933828720bc817,2026-09-02T16:40:54+00:00
2026-07-31,FANG,2028Q2,FMP,REVENUE_USD,4290737992.0,D:\Programming\python_example\Arcana\data-lake\bronze\consensus\fmp\analyst-estimates\period=quarter\snapshot_date=2026-07-31\ticker=FANG.json,7797c0391a99b921c7cfc3823429baa550b16ea48aa545708d933828720bc817,2026-09-02T16:40:54+00:00
2026-07-31,FANG,2028Q1,FMP,REVENUE_USD,4330460888.0,D:\Programming\python_example\Arcana\data-lake\bronze\consensus\fmp\analyst-estimates\period=quarter\snapshot_date=2026-07-31\ticker=FANG.json,7797c0391a99b921c7cfc3823429baa550b16ea48aa545708d933828720bc817,2026-09-02T16:40:54+00:00
2026-07-31,FANG,2027Q4,FMP,REVENUE_USD,4338153277.0,D:\Programming\python_example\Arcana\data-lake\bronze\consensus\fmp\analyst-estimates\period=quarter\snapshot_date=2026-07-31\ticker=FANG.json,7797c0391a99b921c7cfc3823429baa550b16ea48aa545708d933828720bc817,2026-09-02T16:40:54+00:00
2026-07-31,FANG,2027Q3,FMP,REVENUE_USD,4276180720.0,D:\Programming\python_example\Arcana\data-lake\bronze\consensus\fmp\analyst-estimates\period=quarter\snapshot_date=2026-07-31\ticker=FANG.json,7797c0391a99b921c7cfc3823429baa550b16ea48aa545708d933828720bc817,2026-09-02T16:40:54+00:00
2026-07-31,FANG,2027Q2,FMP,REVENUE_USD,4195498515.0,D:\Programming\python_example\Arcana\data-lake\bronze\consensus\fmp\analyst-estimates\period=quarter\snapshot_date=2026-07-31\ticker=FANG.json,7797c0391a99b921c7cfc3823429baa550b16ea48aa545708d933828720bc817,2026-09-02T16:40:54+00:00
2026-07-31,FANG,2027Q1,FMP,REVENUE_USD,4217711343.0,D:\Programming\python_example\Arcana\data-lake\bronze\consensus\fmp\analyst-estimates\period=quarter\snapshot_date=2026-07-31\ticker=FANG.json,7797c0391a99b921c7cfc3823429baa550b16ea48aa545708d933828720bc817,2026-09-02T16:40:54+00:00
2026-07-31,FANG,2026Q4,FMP,REVENUE_USD,4294922808.0,D:\Programming\python_example\Arcana\data-lake\bronze\consensus\fmp\analyst-estimates\period=quarter\snapshot_date=2026-07-31\ticker=FANG.json,7797c0391a99b921c7cfc3823429baa550b16ea48aa545708d933828720bc817,2026-09-02T16:40:54+00:00
2026-07-31,FANG,2026Q3,FMP,REVENUE_USD,4306523635.0,D:\Programming\python_example\Arcana\data-lake\bronze\consensus\fmp\analyst-estimates\period=quarter\snapshot_date=2026-07-31\ticker=FANG.json,7797c0391a99b921c7cfc3823429baa550b16ea48aa545708d933828720bc817,2026-09-02T16:40:54+00:00
2026-07-31,FANG,2026Q2,FMP,REVENUE_USD,4907772313.0,D:\Programming\python_example\Arcana\data-lake\bronze\consensus\fmp\analyst-estimates\period=quarter\snapshot_date=2026-07-31\ticker=FANG.json,7797c0391a99b921c7cfc3823429baa550b16ea48aa545708d933828720bc817,2026-09-02T16:40:54+00:00
2026-07-31,FANG,2026Q1,FMP,REVENUE_USD,3834502420.0,D:\Programming\python_example\Arcana\data-lake\bronze\consensus\fmp\analyst-estimates\period=quarter\snapshot_date=2026-07-31\ticker=FANG.json,7797c0391a99b921c7cfc3823429baa550b16ea48aa545708d933828720bc817,2026-09-02T16:40:54+00:00
2026-07-31,FANG,2025Q4,FMP,REVENUE_USD,3280139922.0,D:\Programming\python_example\Arcana\data-lake\bronze\consensus\fmp\analyst-estimates\period=quarter\snapshot_date=2026-07-31\ticker=FANG.json,7797c0391a99b921c7cfc3823429baa550b16ea48aa545708d933828720bc817,2026-09-02T16:40:54+00:00
2026-07-31,FANG,2025Q3,FMP,REVENUE_USD,3528660198.0,D:\Programming\python_example\Arcana\data-lake\bronze\consensus\fmp\analyst-estimates\period=quarter\snapshot_date=2026-07-31\ticker=FANG.json,7797c0391a99b921c7cfc3823429baa550b16ea48aa545708d933828720bc817,2026-09-02T16:40:54+00:00
2026-07-31,FANG,2025Q2,FMP,REVENUE_USD,3347901637.0,D:\Programming\python_example\Arcana\data-lake\bronze\consensus\fmp\analyst-estimates\period=quarter\snapshot_date=2026-07-31\ticker=FANG.json,7797c0391a99b921c7cfc3823429baa550b16ea48aa545708d933828720bc817,2026-09-02T16:40:54+00:00
2026-07-31,FANG,2025Q1,FMP,REVENUE_USD,3769527203.0,D:\Programming\python_example\Arcana\data-lake\bronze\consensus\fmp\analyst-estimates\period=quarter\snapshot_date=2026-07-31\ticker=FANG.json,7797c0391a99b921c7cfc3823429baa550b16ea48aa545708d933828720bc817,2026-09-02T16:40:54+00:00
2026-07-31,FANG,2024Q4,FMP,REVENUE_USD,3552746959.0,D:\Programming\python_example\Arcana\data-lake\bronze\consensus\fmp\analyst-estimates\period=quarter\snapshot_date=2026-07-31\ticker=FANG.json,7797c0391a99b921c7cfc3823429baa550b16ea48aa545708d933828720bc817,2026-09-02T16:40:54+00:00
2026-07-31,FANG,2024Q3,FMP,REVENUE_USD,2434627126.0,D:\Programming\python_example\Arcana\data-lake\bronze\consensus\fmp\analyst-estimates\period=quarter\snapshot_date=2026-07-31\ticker=FANG.json,7797c0391a99b921c7cfc3823429baa550b16ea48aa545708d933828720bc817,2026-09-02T16:40:54+00:00
2026-07-31,FANG,2024Q2,FMP,REVENUE_USD,2193911698.0,D:\Programming\python_example\Arcana\data-lake\bronze\consensus\fmp\analyst-estimates\period=quarter\snapshot_date=2026-07-31\ticker=FANG.json,7797c0391a99b921c7cfc3823429baa550b16ea48aa545708d933828720bc817,2026-09-02T16:40:54+00:00
2026-07-31,FANG,2024Q1,FMP,REVENUE_USD,2101515718.0,D:\Programming\python_example\Arcana\data-lake\bronze\consensus\fmp\analyst-estimates\period=quarter\snapshot_date=2026-07-31\ticker=FANG.json,7797c0391a99b921c7cfc3823429baa550b16ea48aa545708d933828720bc817,2026-09-02T16:40:54+00:00
2026-07-31,FANG,2023Q4,FMP,REVENUE_USD,2159601086.0,D:\Programming\python_example\Arcana\data-lake\bronze\consensus\fmp\analyst-estimates\period=quarter\snapshot_date=2026-07-31\ticker=FANG.json,7797c0391a99b921c7cfc3823429baa550b16ea48aa545708d933828720bc817,2026-09-02T16:40:54+00:00
2026-07-31,FANG,2023Q3,FMP,REVENUE_USD,2210431797.0,D:\Programming\python_example\Arcana\data-lake\bronze\consensus\fmp\analyst-estimates\period=quarter\snapshot_date=2026-07-31\ticker=FANG.json,7797c0391a99b921c7cfc3823429baa550b16ea48aa545708d933828720bc817,2026-09-02T16:40:54+00:00
2026-07-31,FANG,2023Q2,FMP,REVENUE_USD,1896401352.0,D:\Programming\python_example\Arcana\data-lake\bronze\consensus\fmp\analyst-estimates\period=quarter\snapshot_date=2026-07-31\ticker=FANG.json,7797c0391a99b921c7cfc3823429baa550b16ea48aa545708d933828720bc817,2026-09-02T16:40:54+00:00
2026-07-31,FANG,2023Q1,FMP,REVENUE_USD,1924333952.0,D:\Programming\python_example\Arcana\data-lake\bronze\consensus\fmp\analyst-estimates\period=quarter\snapshot_date=2026-07-31\ticker=FANG.json,7797c0391a99b921c7cfc3823429baa550b16ea48aa545708d933828720bc817,2026-09-02T16:40:54+00:00
2026-07-31,FANG,2022Q4,FMP,REVENUE_USD,2078925830.0,D:\Programming\python_example\Arcana\data-lake\bronze\consensus\fmp\analyst-estimates\period=quarter\snapshot_date=2026-07-31\ticker=FANG.json,7797c0391a99b921c7cfc3823429baa550b16ea48aa545708d933828720bc817,2026-09-02T16:40:54+00:00
2026-07-31,FANG,2022Q3,FMP,REVENUE_USD,2377283446.0,D:\Programming\python_example\Arcana\data-lake\bronze\consensus\fmp\analyst-estimates\period=quarter\snapshot_date=2026-07-31\ticker=FANG.json,7797c0391a99b921c7cfc3823429baa550b16ea48aa545708d933828720bc817,2026-09-02T16:40:54+00:00
2026-07-31,FANG,2022Q2,FMP,REVENUE_USD,2484464702.0,D:\Programming\python_example\Arcana\data-lake\bronze\consensus\fmp\analyst-estimates\period=quarter\snapshot_date=2026-07-31\ticker=FANG.json,7797c0391a99b921c7cfc3823429baa550b16ea48aa545708d933828720bc817,2026-09-02T16:40:54+00:00
2026-07-31,FANG,2022Q1,FMP,REVENUE_USD,1951087185.0,D:\Programming\python_example\Arcana\data-lake\bronze\consensus\fmp\analyst-estimates\period=quarter\snapshot_date=2026-07-31\ticker=FANG.json,7797c0391a99b921c7cfc3823429baa550b16ea48aa545708d933828720bc817,2026-09-02T16:40:54+00:00
2026-07-31,FANG,2021Q4,FMP,REVENUE_USD,1570214424.0,D:\Programming\python_example\Arcana\data-lake\bronze\consensus\fmp\analyst-estimates\period=quarter\snapshot_date=2026-07-31\ticker=FANG.json,7797c0391a99b921c7cfc3823429baa550b16ea48aa545708d933828720bc817,2026-09-02T16:40:54+00:00
2026-07-31,FANG,2021Q3,FMP,REVENUE_USD,1538777168.0,D:\Programming\python_example\Arcana\data-lake\bronze\consensus\fmp\analyst-estimates\period=quarter\snapshot_date=2026-07-31\ticker=FANG.json,7797c0391a99b921c7cfc3823429baa550b16ea48aa545708d933828720bc817,2026-09-02T16:40:54+00:00
2026-07-31,FANG,2021Q2,FMP,REVENUE_USD,1361284808.0,D:\Programming\python_example\Arcana\data-lake\bronze\consensus\fmp\analyst-estimates\period=quarter\snapshot_date=2026-07-31\ticker=FANG.json,7797c0391a99b921c7cfc3823429baa550b16ea48aa545708d933828720bc817,2026-09-02T16:40:54+00:00
2026-07-31,FANG,2021Q1,FMP,REVENUE_USD,1038887592.0,D:\Programming\python_example\Arcana\data-lake\bronze\consensus\fmp\analyst-estimates\period=quarter\snapshot_date=2026-07-31\ticker=FANG.json,7797c0391a99b921c7cfc3823429baa550b16ea48aa545708d933828720bc817,2026-09-02T16:40:54+00:00
2026-07-31,FANG,2020Q4,FMP,REVENUE_USD,772284351.0,D:\Programming\python_example\Arcana\data-lake\bronze\consensus\fmp\analyst-estimates\period=quarter\snapshot_date=2026-07-31\ticker=FANG.json,7797c0391a99b921c7cfc3823429baa550b16ea48aa545708d933828720bc817,2026-09-02T16:40:54+00:00
2026-07-31,FANG,2020Q3,FMP,REVENUE_USD,708408867.0,D:\Programming\python_example\Arcana\data-lake\bronze\consensus\fmp\analyst-estimates\period=quarter\snapshot_date=2026-07-31\ticker=FANG.json,7797c0391a99b921c7cfc3823429baa550b16ea48aa545708d933828720bc817,2026-09-02T16:40:54+00:00
2026-07-31,FANG,2020Q2,FMP,REVENUE_USD,577455857.0,D:\Programming\python_example\Arcana\data-lake\bronze\consensus\fmp\analyst-estimates\period=quarter\snapshot_date=2026-07-31\ticker=FANG.json,7797c0391a99b921c7cfc3823429baa550b16ea48aa545708d933828720bc817,2026-09-02T16:40:54+00:00
2026-07-31,FANG,2020Q1,FMP,REVENUE_USD,967819223.0,D:\Programming\python_example\Arcana\data-lake\bronze\consensus\fmp\analyst-estimates\period=quarter\snapshot_date=2026-07-31\ticker=FANG.json,7797c0391a99b921c7cfc3823429baa550b16ea48aa545708d933828720bc817,2026-09-02T16:40:54+00:00
2026-07-31,FANG,2019Q4,FMP,REVENUE_USD,1093977360.0,D:\Programming\python_example\Arcana\data-lake\bronze\consensus\fmp\analyst-estimates\period=quarter\snapshot_date=2026-07-31\ticker=FANG.json,7797c0391a99b921c7cfc3823429baa550b16ea48aa545708d933828720bc817,2026-09-02T16:40:54+00:00
2026-07-31,FANG,2019Q3,FMP,REVENUE_USD,1050194954.0,D:\Programming\python_example\Arcana\data-lake\bronze\consensus\fmp\analyst-estimates\period=quarter\snapshot_date=2026-07-31\ticker=FANG.json,7797c0391a99b921c7cfc3823429baa550b16ea48aa545708d933828720bc817,2026-09-02T16:40:54+00:00
2026-07-31,FANG,2019Q2,FMP,REVENUE_USD,1042452021.0,D:\Programming\python_example\Arcana\data-lake\bronze\consensus\fmp\analyst-estimates\period=quarter\snapshot_date=2026-07-31\ticker=FANG.json,7797c0391a99b921c7cfc3823429baa550b16ea48aa545708d933828720bc817,2026-09-02T16:40:54+00:00
2026-07-31,FANG,2019Q1,FMP,REVENUE_USD,902793765.0,D:\Programming\python_example\Arcana\data-lake\bronze\consensus\fmp\analyst-estimates\period=quarter\snapshot_date=2026-07-31\ticker=FANG.json,7797c0391a99b921c7cfc3823429baa550b16ea48aa545708d933828720bc817,2026-09-02T16:40:54+00:00
2026-07-31,FANG,2018Q4,FMP,REVENUE_USD,845826099.0,D:\Programming\python_example\Arcana\data-lake\bronze\consensus\fmp\analyst-estimates\period=quarter\snapshot_date=2026-07-31\ticker=FANG.json,7797c0391a99b921c7cfc3823429baa550b16ea48aa545708d933828720bc817,2026-09-02T16:40:54+00:00
2026-07-31,FANG,2018Q3,FMP,REVENUE_USD,509033425.0,D:\Programming\python_example\Arcana\data-lake\bronze\consensus\fmp\analyst-estimates\period=quarter\snapshot_date=2026-07-31\ticker=FANG.json,7797c0391a99b921c7cfc3823429baa550b16ea48aa545708d933828720bc817,2026-09-02T16:40:54+00:00
2026-07-31,FANG,2018Q2,FMP,REVENUE_USD,539540251.0,D:\Programming\python_example\Arcana\data-lake\bronze\consensus\fmp\analyst-estimates\period=quarter\snapshot_date=2026-07-31\ticker=FANG.json,7797c0391a99b921c7cfc3823429baa550b16ea48aa545708d933828720bc817,2026-09-02T16:40:54+00:00
2026-07-31,FANG,2018Q1,FMP,REVENUE_USD,462631707.0,D:\Programming\python_example\Arcana\data-lake\bronze\consensus\fmp\analyst-estimates\period=quarter\snapshot_date=2026-07-31\ticker=FANG.json,7797c0391a99b921c7cfc3823429baa550b16ea48aa545708d933828720bc817,2026-09-02T16:40:54+00:00
2026-07-31,FANG,2017Q4,FMP,REVENUE_USD,386405128.0,D:\Programming\python_example\Arcana\data-lake\bronze\consensus\fmp\analyst-estimates\period=quarter\snapshot_date=2026-07-31\ticker=FANG.json,7797c0391a99b921c7cfc3823429baa550b16ea48aa545708d933828720bc817,2026-09-02T16:40:54+00:00
2026-07-31,FANG,2017Q3,FMP,REVENUE_USD,276380451.0,D:\Programming\python_example\Arcana\data-lake\bronze\consensus\fmp\analyst-estimates\period=quarter\snapshot_date=2026-07-31\ticker=FANG.json,7797c0391a99b921c7cfc3823429baa550b16ea48aa545708d933828720bc817,2026-09-02T16:40:54+00:00
2026-07-31,FANG,2017Q2,FMP,REVENUE_USD,196123200.0,D:\Programming\python_example\Arcana\data-lake\bronze\consensus\fmp\analyst-estimates\period=quarter\snapshot_date=2026-07-31\ticker=FANG.json,7797c0391a99b921c7cfc3823429baa550b16ea48aa545708d933828720bc817,2026-09-02T16:40:54+00:00
2026-07-31,FANG,2017Q1,FMP,REVENUE_USD,232877696.0,D:\Programming\python_example\Arcana\data-lake\bronze\consensus\fmp\analyst-estimates\period=quarter\snapshot_date=2026-07-31\ticker=FANG.json,7797c0391a99b921c7cfc3823429baa550b16ea48aa545708d933828720bc817,2026-09-02T16:40:54+00:00
2026-07-31,FANG,2016Q4,FMP,REVENUE_USD,161613420.0,D:\Programming\python_example\Arcana\data-lake\bronze\consensus\fmp\analyst-estimates\period=quarter\snapshot_date=2026-07-31\ticker=FANG.json,7797c0391a99b921c7cfc3823429baa550b16ea48aa545708d933828720bc817,2026-09-02T16:40:54+00:00
2026-07-31,FANG,2016Q3,FMP,REVENUE_USD,89470370.0,D:\Programming\python_example\Arcana\data-lake\bronze\consensus\fmp\analyst-estimates\period=quarter\snapshot_date=2026-07-31\ticker=FANG.json,7797c0391a99b921c7cfc3823429baa550b16ea48aa545708d933828720bc817,2026-09-02T16:40:54+00:00
2026-07-31,FANG,2016Q2,FMP,REVENUE_USD,69230769.0,D:\Programming\python_example\Arcana\data-lake\bronze\consensus\fmp\analyst-estimates\period=quarter\snapshot_date=2026-07-31\ticker=FANG.json,7797c0391a99b921c7cfc3823429baa550b16ea48aa545708d933828720bc817,2026-09-02T16:40:54+00:00
2026-07-31,FANG,2016Q1,FMP,REVENUE_USD,218750000.0,D:\Programming\python_example\Arcana\data-lake\bronze\consensus\fmp\analyst-estimates\period=quarter\snapshot_date=2026-07-31\ticker=FANG.json,7797c0391a99b921c7cfc3823429baa550b16ea48aa545708d933828720bc817,2026-09-02T16:40:54+00:00
2026-07-31,FANG,2015Q4,FMP,REVENUE_USD,88681034.0,D:\Programming\python_example\Arcana\data-lake\bronze\consensus\fmp\analyst-estimates\period=quarter\snapshot_date=2026-07-31\ticker=FANG.json,7797c0391a99b921c7cfc3823429baa550b16ea48aa545708d933828720bc817,2026-09-02T16:40:54+00:00
2026-07-31,FANG,2015Q3,FMP,REVENUE_USD,89520000.0,D:\Programming\python_example\Arcana\data-lake\bronze\consensus\fmp\analyst-estimates\period=quarter\snapshot_date=2026-07-31\ticker=FANG.json,7797c0391a99b921c7cfc3823429baa550b16ea48aa545708d933828720bc817,2026-09-02T16:40:54+00:00
2026-07-31,FANG,2015Q2,FMP,REVENUE_USD,107480487.0,D:\Programming\python_example\Arcana\data-lake\bronze\consensus\fmp\analyst-estimates\period=quarter\snapshot_date=2026-07-31\ticker=FANG.json,7797c0391a99b921c7cfc3823429baa550b16ea48aa545708d933828720bc817,2026-09-02T16:40:54+00:00
2026-07-31,FANG,2015Q1,FMP,REVENUE_USD,104068421.0,D:\Programming\python_example\Arcana\data-lake\bronze\consensus\fmp\analyst-estimates\period=quarter\snapshot_date=2026-07-31\ticker=FANG.json,7797c0391a99b921c7cfc3823429baa550b16ea48aa545708d933828720bc817,2026-09-02T16:40:54+00:00
2026-07-31,FANG,2014Q4,FMP,REVENUE_USD,249586206.0,D:\Programming\python_example\Arcana\data-lake\bronze\consensus\fmp\analyst-estimates\period=quarter\snapshot_date=2026-07-31\ticker=FANG.json,7797c0391a99b921c7cfc3823429baa550b16ea48aa545708d933828720bc817,2026-09-02T16:40:54+00:00
2026-07-31,FANG,2014Q3,FMP,REVENUE_USD,139100000.0,D:\Programming\python_example\Arcana\data-lake\bronze\consensus\fmp\analyst-estimates\period=quarter\snapshot_date=2026-07-31\ticker=FANG.json,7797c0391a99b921c7cfc3823429baa550b16ea48aa545708d933828720bc817,2026-09-02T16:40:54+00:00
2026-07-31,FANG,2014Q2,FMP,REVENUE_USD,125185714.0,D:\Programming\python_example\Arcana\data-lake\bronze\consensus\fmp\analyst-estimates\period=quarter\snapshot_date=2026-07-31\ticker=FANG.json,7797c0391a99b921c7cfc3823429baa550b16ea48aa545708d933828720bc817,2026-09-02T16:40:54+00:00
2026-07-31,FANG,2014Q1,FMP,REVENUE_USD,103547169.0,D:\Programming\python_example\Arcana\data-lake\bronze\consensus\fmp\analyst-estimates\period=quarter\snapshot_date=2026-07-31\ticker=FANG.json,7797c0391a99b921c7cfc3823429baa550b16ea48aa545708d933828720bc817,2026-09-02T16:40:54+00:00
2026-07-31,FANG,2013Q4,FMP,REVENUE_USD,77797500.0,D:\Programming\python_example\Arcana\data-lake\bronze\consensus\fmp\analyst-estimates\period=quarter\snapshot_date=2026-07-31\ticker=FANG.json,7797c0391a99b921c7cfc3823429baa550b16ea48aa545708d933828720bc817,2026-09-02T16:40:54+00:00
2026-07-31,FANG,2013Q3,FMP,REVENUE_USD,56148571.0,D:\Programming\python_example\Arcana\data-lake\bronze\consensus\fmp\analyst-estimates\period=quarter\snapshot_date=2026-07-31\ticker=FANG.json,7797c0391a99b921c7cfc3823429baa550b16ea48aa545708d933828720bc817,2026-09-02T16:40:54+00:00
2026-07-31,FANG,2013Q2,FMP,REVENUE_USD,39346666.0,D:\Programming\python_example\Arcana\data-lake\bronze\consensus\fmp\analyst-estimates\period=quarter\snapshot_date=2026-07-31\ticker=FANG.json,7797c0391a99b921c7cfc3823429baa550b16ea48aa545708d933828720bc817,2026-09-02T16:40:54+00:00
2026-07-31,FANG,2013Q1,FMP,REVENUE_USD,40941666.0,D:\Programming\python_example\Arcana\data-lake\bronze\consensus\fmp\analyst-estimates\period=quarter\snapshot_date=2026-07-31\ticker=FANG.json,7797c0391a99b921c7cfc3823429baa550b16ea48aa545708d933828720bc817,2026-09-02T16:40:54+00:00
2026-07-31,FANG,2012Q4,FMP,REVENUE_USD,19211111.0,D:\Programming\python_example\Arcana\data-lake\bronze\consensus\fmp\analyst-estimates\period=quarter\snapshot_date=2026-07-31\ticker=FANG.json,7797c0391a99b921c7cfc3823429baa550b16ea48aa545708d933828720bc817,2026-09-02T16:40:54+00:00
2026-07-31,MGY,2028Q4,FMP,REVENUE_USD,725245169.0,D:\Programming\python_example\Arcana\data-lake\bronze\consensus\fmp\analyst-estimates\period=quarter\snapshot_date=2026-07-31\ticker=MGY.json,8a24480a67d5418b2b7bef63235a01b44c30b30879399899399156403bd93dcf,2026-09-02T16:40:54+00:00
2026-07-31,MGY,2028Q3,FMP,REVENUE_USD,718221764.0,D:\Programming\python_example\Arcana\data-lake\bronze\consensus\fmp\analyst-estimates\period=quarter\snapshot_date=2026-07-31\ticker=MGY.json,8a24480a67d5418b2b7bef63235a01b44c30b30879399899399156403bd93dcf,2026-09-02T16:40:54+00:00
2026-07-31,MGY,2028Q2,FMP,REVENUE_USD,707363969.0,D:\Programming\python_example\Arcana\data-lake\bronze\consensus\fmp\analyst-estimates\period=quarter\snapshot_date=2026-07-31\ticker=MGY.json,8a24480a67d5418b2b7bef63235a01b44c30b30879399899399156403bd93dcf,2026-09-02T16:40:54+00:00
2026-07-31,MGY,2028Q1,FMP,REVENUE_USD,696676387.0,D:\Programming\python_example\Arcana\data-lake\bronze\consensus\fmp\analyst-estimates\period=quarter\snapshot_date=2026-07-31\ticker=MGY.json,8a24480a67d5418b2b7bef63235a01b44c30b30879399899399156403bd93dcf,2026-09-02T16:40:54+00:00
2026-07-31,MGY,2027Q4,FMP,REVENUE_USD,653899316.0,D:\Programming\python_example\Arcana\data-lake\bronze\consensus\fmp\analyst-estimates\period=quarter\snapshot_date=2026-07-31\ticker=MGY.json,8a24480a67d5418b2b7bef63235a01b44c30b30879399899399156403bd93dcf,2026-09-02T16:40:54+00:00
2026-07-31,MGY,2027Q3,FMP,REVENUE_USD,641151996.0,D:\Programming\python_example\Arcana\data-lake\bronze\consensus\fmp\analyst-estimates\period=quarter\snapshot_date=2026-07-31\ticker=MGY.json,8a24480a67d5418b2b7bef63235a01b44c30b30879399899399156403bd93dcf,2026-09-02T16:40:54+00:00
2026-07-31,MGY,2027Q2,FMP,REVENUE_USD,628013556.0,D:\Programming\python_example\Arcana\data-lake\bronze\consensus\fmp\analyst-estimates\period=quarter\snapshot_date=2026-07-31\ticker=MGY.json,8a24480a67d5418b2b7bef63235a01b44c30b30879399899399156403bd93dcf,2026-09-02T16:40:54+00:00
2026-07-31,MGY,2027Q1,FMP,REVENUE_USD,591914561.0,D:\Programming\python_example\Arcana\data-lake\bronze\consensus\fmp\analyst-estimates\period=quarter\snapshot_date=2026-07-31\ticker=MGY.json,8a24480a67d5418b2b7bef63235a01b44c30b30879399899399156403bd93dcf,2026-09-02T16:40:54+00:00
2026-07-31,MGY,2026Q4,FMP,REVENUE_USD,599162094.0,D:\Programming\python_example\Arcana\data-lake\bronze\consensus\fmp\analyst-estimates\period=quarter\snapshot_date=2026-07-31\ticker=MGY.json,8a24480a67d5418b2b7bef63235a01b44c30b30879399899399156403bd93dcf,2026-09-02T16:40:54+00:00
2026-07-31,MGY,2026Q3,FMP,REVENUE_USD,389490615.0,D:\Programming\python_example\Arcana\data-lake\bronze\consensus\fmp\analyst-estimates\period=quarter\snapshot_date=2026-07-31\ticker=MGY.json,8a24480a67d5418b2b7bef63235a01b44c30b30879399899399156403bd93dcf,2026-09-02T16:40:54+00:00
2026-07-31,MGY,2026Q2,FMP,REVENUE_USD,458095589.0,D:\Programming\python_example\Arcana\data-lake\bronze\consensus\fmp\analyst-estimates\period=quarter\snapshot_date=2026-07-31\ticker=MGY.json,8a24480a67d5418b2b7bef63235a01b44c30b30879399899399156403bd93dcf,2026-09-02T16:40:54+00:00
2026-07-31,MGY,2026Q1,FMP,REVENUE_USD,349891896.0,D:\Programming\python_example\Arcana\data-lake\bronze\consensus\fmp\analyst-estimates\period=quarter\snapshot_date=2026-07-31\ticker=MGY.json,8a24480a67d5418b2b7bef63235a01b44c30b30879399899399156403bd93dcf,2026-09-02T16:40:54+00:00
2026-07-31,MGY,2025Q4,FMP,REVENUE_USD,313637016.0,D:\Programming\python_example\Arcana\data-lake\bronze\consensus\fmp\analyst-estimates\period=quarter\snapshot_date=2026-07-31\ticker=MGY.json,8a24480a67d5418b2b7bef63235a01b44c30b30879399899399156403bd93dcf,2026-09-02T16:40:54+00:00
2026-07-31,MGY,2025Q3,FMP,REVENUE_USD,322937547.0,D:\Programming\python_example\Arcana\data-lake\bronze\consensus\fmp\analyst-estimates\period=quarter\snapshot_date=2026-07-31\ticker=MGY.json,8a24480a67d5418b2b7bef63235a01b44c30b30879399899399156403bd93dcf,2026-09-02T16:40:54+00:00
2026-07-31,MGY,2025Q2,FMP,REVENUE_USD,313517853.0,D:\Programming\python_example\Arcana\data-lake\bronze\consensus\fmp\analyst-estimates\period=quarter\snapshot_date=2026-07-31\ticker=MGY.json,8a24480a67d5418b2b7bef63235a01b44c30b30879399899399156403bd93dcf,2026-09-02T16:40:54+00:00
2026-07-31,MGY,2025Q1,FMP,REVENUE_USD,343411593.0,D:\Programming\python_example\Arcana\data-lake\bronze\consensus\fmp\analyst-estimates\period=quarter\snapshot_date=2026-07-31\ticker=MGY.json,8a24480a67d5418b2b7bef63235a01b44c30b30879399899399156403bd93dcf,2026-09-02T16:40:54+00:00
2026-07-31,MGY,2024Q4,FMP,REVENUE_USD,326113375.0,D:\Programming\python_example\Arcana\data-lake\bronze\consensus\fmp\analyst-estimates\period=quarter\snapshot_date=2026-07-31\ticker=MGY.json,8a24480a67d5418b2b7bef63235a01b44c30b30879399899399156403bd93dcf,2026-09-02T16:40:54+00:00
2026-07-31,MGY,2024Q3,FMP,REVENUE_USD,327658600.0,D:\Programming\python_example\Arcana\data-lake\bronze\consensus\fmp\analyst-estimates\period=quarter\snapshot_date=2026-07-31\ticker=MGY.json,8a24480a67d5418b2b7bef63235a01b44c30b30879399899399156403bd93dcf,2026-09-02T16:40:54+00:00
2026-07-31,MGY,2024Q2,FMP,REVENUE_USD,336311934.0,D:\Programming\python_example\Arcana\data-lake\bronze\consensus\fmp\analyst-estimates\period=quarter\snapshot_date=2026-07-31\ticker=MGY.json,8a24480a67d5418b2b7bef63235a01b44c30b30879399899399156403bd93dcf,2026-09-02T16:40:54+00:00
2026-07-31,MGY,2024Q1,FMP,REVENUE_USD,307891314.0,D:\Programming\python_example\Arcana\data-lake\bronze\consensus\fmp\analyst-estimates\period=quarter\snapshot_date=2026-07-31\ticker=MGY.json,8a24480a67d5418b2b7bef63235a01b44c30b30879399899399156403bd93dcf,2026-09-02T16:40:54+00:00
2026-07-31,MGY,2023Q4,FMP,REVENUE_USD,325729586.0,D:\Programming\python_example\Arcana\data-lake\bronze\consensus\fmp\analyst-estimates\period=quarter\snapshot_date=2026-07-31\ticker=MGY.json,8a24480a67d5418b2b7bef63235a01b44c30b30879399899399156403bd93dcf,2026-09-02T16:40:54+00:00
2026-07-31,MGY,2023Q3,FMP,REVENUE_USD,318300462.0,D:\Programming\python_example\Arcana\data-lake\bronze\consensus\fmp\analyst-estimates\period=quarter\snapshot_date=2026-07-31\ticker=MGY.json,8a24480a67d5418b2b7bef63235a01b44c30b30879399899399156403bd93dcf,2026-09-02T16:40:54+00:00
2026-07-31,MGY,2023Q2,FMP,REVENUE_USD,287389083.0,D:\Programming\python_example\Arcana\data-lake\bronze\consensus\fmp\analyst-estimates\period=quarter\snapshot_date=2026-07-31\ticker=MGY.json,8a24480a67d5418b2b7bef63235a01b44c30b30879399899399156403bd93dcf,2026-09-02T16:40:54+00:00
2026-07-31,MGY,2023Q1,FMP,REVENUE_USD,322117476.0,D:\Programming\python_example\Arcana\data-lake\bronze\consensus\fmp\analyst-estimates\period=quarter\snapshot_date=2026-07-31\ticker=MGY.json,8a24480a67d5418b2b7bef63235a01b44c30b30879399899399156403bd93dcf,2026-09-02T16:40:54+00:00
2026-07-31,MGY,2022Q4,FMP,REVENUE_USD,364026077.0,D:\Programming\python_example\Arcana\data-lake\bronze\consensus\fmp\analyst-estimates\period=quarter\snapshot_date=2026-07-31\ticker=MGY.json,8a24480a67d5418b2b7bef63235a01b44c30b30879399899399156403bd93dcf,2026-09-02T16:40:54+00:00
2026-07-31,MGY,2022Q3,FMP,REVENUE_USD,440944216.0,D:\Programming\python_example\Arcana\data-lake\bronze\consensus\fmp\analyst-estimates\period=quarter\snapshot_date=2026-07-31\ticker=MGY.json,8a24480a67d5418b2b7bef63235a01b44c30b30879399899399156403bd93dcf,2026-09-02T16:40:54+00:00
2026-07-31,MGY,2022Q2,FMP,REVENUE_USD,457149546.0,D:\Programming\python_example\Arcana\data-lake\bronze\consensus\fmp\analyst-estimates\period=quarter\snapshot_date=2026-07-31\ticker=MGY.json,8a24480a67d5418b2b7bef63235a01b44c30b30879399899399156403bd93dcf,2026-09-02T16:40:54+00:00
2026-07-31,MGY,2022Q1,FMP,REVENUE_USD,364812007.0,D:\Programming\python_example\Arcana\data-lake\bronze\consensus\fmp\analyst-estimates\period=quarter\snapshot_date=2026-07-31\ticker=MGY.json,8a24480a67d5418b2b7bef63235a01b44c30b30879399899399156403bd93dcf,2026-09-02T16:40:54+00:00
2026-07-31,MGY,2021Q4,FMP,REVENUE_USD,328891380.0,D:\Programming\python_example\Arcana\data-lake\bronze\consensus\fmp\analyst-estimates\period=quarter\snapshot_date=2026-07-31\ticker=MGY.json,8a24480a67d5418b2b7bef63235a01b44c30b30879399899399156403bd93dcf,2026-09-02T16:40:54+00:00
2026-07-31,MGY,2021Q3,FMP,REVENUE_USD,278333877.0,D:\Programming\python_example\Arcana\data-lake\bronze\consensus\fmp\analyst-estimates\period=quarter\snapshot_date=2026-07-31\ticker=MGY.json,8a24480a67d5418b2b7bef63235a01b44c30b30879399899399156403bd93dcf,2026-09-02T16:40:54+00:00
2026-07-31,MGY,2021Q2,FMP,REVENUE_USD,232780656.0,D:\Programming\python_example\Arcana\data-lake\bronze\consensus\fmp\analyst-estimates\period=quarter\snapshot_date=2026-07-31\ticker=MGY.json,8a24480a67d5418b2b7bef63235a01b44c30b30879399899399156403bd93dcf,2026-09-02T16:40:54+00:00
2026-07-31,MGY,2021Q1,FMP,REVENUE_USD,193486534.0,D:\Programming\python_example\Arcana\data-lake\bronze\consensus\fmp\analyst-estimates\period=quarter\snapshot_date=2026-07-31\ticker=MGY.json,8a24480a67d5418b2b7bef63235a01b44c30b30879399899399156403bd93dcf,2026-09-02T16:40:54+00:00
2026-07-31,MGY,2020Q4,FMP,REVENUE_USD,143328886.0,D:\Programming\python_example\Arcana\data-lake\bronze\consensus\fmp\analyst-estimates\period=quarter\snapshot_date=2026-07-31\ticker=MGY.json,8a24480a67d5418b2b7bef63235a01b44c30b30879399899399156403bd93dcf,2026-09-02T16:40:54+00:00
2026-07-31,MGY,2020Q3,FMP,REVENUE_USD,128356934.0,D:\Programming\python_example\Arcana\data-lake\bronze\consensus\fmp\analyst-estimates\period=quarter\snapshot_date=2026-07-31\ticker=MGY.json,8a24480a67d5418b2b7bef63235a01b44c30b30879399899399156403bd93dcf,2026-09-02T16:40:54+00:00
2026-07-31,MGY,2020Q2,FMP,REVENUE_USD,95833806.0,D:\Programming\python_example\Arcana\data-lake\bronze\consensus\fmp\analyst-estimates\period=quarter\snapshot_date=2026-07-31\ticker=MGY.json,8a24480a67d5418b2b7bef63235a01b44c30b30879399899399156403bd93dcf,2026-09-02T16:40:54+00:00
2026-07-31,MGY,2020Q1,FMP,REVENUE_USD,182961489.0,D:\Programming\python_example\Arcana\data-lake\bronze\consensus\fmp\analyst-estimates\period=quarter\snapshot_date=2026-07-31\ticker=MGY.json,8a24480a67d5418b2b7bef63235a01b44c30b30879399899399156403bd93dcf,2026-09-02T16:40:54+00:00
2026-07-31,MGY,2019Q4,FMP,REVENUE_USD,244393055.0,D:\Programming\python_example\Arcana\data-lake\bronze\consensus\fmp\analyst-estimates\period=quarter\snapshot_date=2026-07-31\ticker=MGY.json,8a24480a67d5418b2b7bef63235a01b44c30b30879399899399156403bd93dcf,2026-09-02T16:40:54+00:00
2026-07-31,MGY,2019Q3,FMP,REVENUE_USD,242407914.0,D:\Programming\python_example\Arcana\data-lake\bronze\consensus\fmp\analyst-estimates\period=quarter\snapshot_date=2026-07-31\ticker=MGY.json,8a24480a67d5418b2b7bef63235a01b44c30b30879399899399156403bd93dcf,2026-09-02T16:40:54+00:00
2026-07-31,MGY,2019Q2,FMP,REVENUE_USD,238676397.0,D:\Programming\python_example\Arcana\data-lake\bronze\consensus\fmp\analyst-estimates\period=quarter\snapshot_date=2026-07-31\ticker=MGY.json,8a24480a67d5418b2b7bef63235a01b44c30b30879399899399156403bd93dcf,2026-09-02T16:40:54+00:00
2026-07-31,MGY,2019Q1,FMP,REVENUE_USD,221122274.0,D:\Programming\python_example\Arcana\data-lake\bronze\consensus\fmp\analyst-estimates\period=quarter\snapshot_date=2026-07-31\ticker=MGY.json,8a24480a67d5418b2b7bef63235a01b44c30b30879399899399156403bd93dcf,2026-09-02T16:40:54+00:00
2026-07-31,MGY,2018Q4,FMP,REVENUE_USD,351676095.0,D:\Programming\python_example\Arcana\data-lake\bronze\consensus\fmp\analyst-estimates\period=quarter\snapshot_date=2026-07-31\ticker=MGY.json,8a24480a67d5418b2b7bef63235a01b44c30b30879399899399156403bd93dcf,2026-09-02T16:40:54+00:00
2026-07-31,MGY,2018Q3,FMP,REVENUE_USD,392287464.0,D:\Programming\python_example\Arcana\data-lake\bronze\consensus\fmp\analyst-estimates\period=quarter\snapshot_date=2026-07-31\ticker=MGY.json,8a24480a67d5418b2b7bef63235a01b44c30b30879399899399156403bd93dcf,2026-09-02T16:40:54+00:00
2026-07-31,MGY,2018Q2,FMP,REVENUE_USD,974547382.0,D:\Programming\python_example\Arcana\data-lake\bronze\consensus\fmp\analyst-estimates\period=quarter\snapshot_date=2026-07-31\ticker=MGY.json,8a24480a67d5418b2b7bef63235a01b44c30b30879399899399156403bd93dcf,2026-09-02T16:40:54+00:00
2026-07-31,MTDR,2030Q4,FMP,REVENUE_USD,2838511046.0,D:\Programming\python_example\Arcana\data-lake\bronze\consensus\fmp\analyst-estimates\period=quarter\snapshot_date=2026-07-31\ticker=MTDR.json,4927687c69094baf59dc04a576ed9fcba504af3b8eaceb2afa20b86d791c1595,2026-09-02T16:40:54+00:00
2026-07-31,MTDR,2030Q3,FMP,REVENUE_USD,2678356375.0,D:\Programming\python_example\Arcana\data-lake\bronze\consensus\fmp\analyst-estimates\period=quarter\snapshot_date=2026-07-31\ticker=MTDR.json,4927687c69094baf59dc04a576ed9fcba504af3b8eaceb2afa20b86d791c1595,2026-09-02T16:40:54+00:00
2026-07-31,MTDR,2030Q2,FMP,REVENUE_USD,2527237963.0,D:\Programming\python_example\Arcana\data-lake\bronze\consensus\fmp\analyst-estimates\period=quarter\snapshot_date=2026-07-31\ticker=MTDR.json,4927687c69094baf59dc04a576ed9fcba504af3b8eaceb2afa20b86d791c1595,2026-09-02T16:40:54+00:00
2026-07-31,MTDR,2030Q1,FMP,REVENUE_USD,2384645964.0,D:\Programming\python_example\Arcana\data-lake\bronze\consensus\fmp\analyst-estimates\period=quarter\snapshot_date=2026-07-31\ticker=MTDR.json,4927687c69094baf59dc04a576ed9fcba504af3b8eaceb2afa20b86d791c1595,2026-09-02T16:40:54+00:00
2026-07-31,MTDR,2029Q4,FMP,REVENUE_USD,2250099301.0,D:\Programming\python_example\Arcana\data-lake\bronze\consensus\fmp\analyst-estimates\period=quarter\snapshot_date=2026-07-31\ticker=MTDR.json,4927687c69094baf59dc04a576ed9fcba504af3b8eaceb2afa20b86d791c1595,2026-09-02T16:40:54+00:00
2026-07-31,MTDR,2029Q3,FMP,REVENUE_USD,2123144039.0,D:\Programming\python_example\Arcana\data-lake\bronze\consensus\fmp\analyst-estimates\period=quarter\snapshot_date=2026-07-31\ticker=MTDR.json,4927687c69094baf59dc04a576ed9fcba504af3b8eaceb2afa20b86d791c1595,2026-09-02T16:40:54+00:00
2026-07-31,MTDR,2029Q2,FMP,REVENUE_USD,2003351856.0,D:\Programming\python_example\Arcana\data-lake\bronze\consensus\fmp\analyst-estimates\period=quarter\snapshot_date=2026-07-31\ticker=MTDR.json,4927687c69094baf59dc04a576ed9fcba504af3b8eaceb2afa20b86d791c1595,2026-09-02T16:40:54+00:00
2026-07-31,MTDR,2029Q1,FMP,REVENUE_USD,1890318596.0,D:\Programming\python_example\Arcana\data-lake\bronze\consensus\fmp\analyst-estimates\period=quarter\snapshot_date=2026-07-31\ticker=MTDR.json,4927687c69094baf59dc04a576ed9fcba504af3b8eaceb2afa20b86d791c1595,2026-09-02T16:40:54+00:00
2026-07-31,MTDR,2028Q4,FMP,REVENUE_USD,1179005088.0,D:\Programming\python_example\Arcana\data-lake\bronze\consensus\fmp\analyst-estimates\period=quarter\snapshot_date=2026-07-31\ticker=MTDR.json,4927687c69094baf59dc04a576ed9fcba504af3b8eaceb2afa20b86d791c1595,2026-09-02T16:40:54+00:00
2026-07-31,MTDR,2028Q3,FMP,REVENUE_USD,1166603711.0,D:\Programming\python_example\Arcana\data-lake\bronze\consensus\fmp\analyst-estimates\period=quarter\snapshot_date=2026-07-31\ticker=MTDR.json,4927687c69094baf59dc04a576ed9fcba504af3b8eaceb2afa20b86d791c1595,2026-09-02T16:40:54+00:00
2026-07-31,MTDR,2028Q2,FMP,REVENUE_USD,1148657027.0,D:\Programming\python_example\Arcana\data-lake\bronze\consensus\fmp\analyst-estimates\period=quarter\snapshot_date=2026-07-31\ticker=MTDR.json,4927687c69094baf59dc04a576ed9fcba504af3b8eaceb2afa20b86d791c1595,2026-09-02T16:40:54+00:00
2026-07-31,MTDR,2028Q1,FMP,REVENUE_USD,1154581473.0,D:\Programming\python_example\Arcana\data-lake\bronze\consensus\fmp\analyst-estimates\period=quarter\snapshot_date=2026-07-31\ticker=MTDR.json,4927687c69094baf59dc04a576ed9fcba504af3b8eaceb2afa20b86d791c1595,2026-09-02T16:40:54+00:00
2026-07-31,MTDR,2027Q4,FMP,REVENUE_USD,1182873269.0,D:\Programming\python_example\Arcana\data-lake\bronze\consensus\fmp\analyst-estimates\period=quarter\snapshot_date=2026-07-31\ticker=MTDR.json,4927687c69094baf59dc04a576ed9fcba504af3b8eaceb2afa20b86d791c1595,2026-09-02T16:40:54+00:00
2026-07-31,MTDR,2027Q3,FMP,REVENUE_USD,1160715315.0,D:\Programming\python_example\Arcana\data-lake\bronze\consensus\fmp\analyst-estimates\period=quarter\snapshot_date=2026-07-31\ticker=MTDR.json,4927687c69094baf59dc04a576ed9fcba504af3b8eaceb2afa20b86d791c1595,2026-09-02T16:40:54+00:00
2026-07-31,MTDR,2027Q2,FMP,REVENUE_USD,1129977168.0,D:\Programming\python_example\Arcana\data-lake\bronze\consensus\fmp\analyst-estimates\period=quarter\snapshot_date=2026-07-31\ticker=MTDR.json,4927687c69094baf59dc04a576ed9fcba504af3b8eaceb2afa20b86d791c1595,2026-09-02T16:40:54+00:00
2026-07-31,MTDR,2027Q1,FMP,REVENUE_USD,1128464865.0,D:\Programming\python_example\Arcana\data-lake\bronze\consensus\fmp\analyst-estimates\period=quarter\snapshot_date=2026-07-31\ticker=MTDR.json,4927687c69094baf59dc04a576ed9fcba504af3b8eaceb2afa20b86d791c1595,2026-09-02T16:40:54+00:00
2026-07-31,MTDR,2026Q4,FMP,REVENUE_USD,1099690382.0,D:\Programming\python_example\Arcana\data-lake\bronze\consensus\fmp\analyst-estimates\period=quarter\snapshot_date=2026-07-31\ticker=MTDR.json,4927687c69094baf59dc04a576ed9fcba504af3b8eaceb2afa20b86d791c1595,2026-09-02T16:40:54+00:00
2026-07-31,MTDR,2026Q3,FMP,REVENUE_USD,1033575739.0,D:\Programming\python_example\Arcana\data-lake\bronze\consensus\fmp\analyst-estimates\period=quarter\snapshot_date=2026-07-31\ticker=MTDR.json,4927687c69094baf59dc04a576ed9fcba504af3b8eaceb2afa20b86d791c1595,2026-09-02T16:40:54+00:00
2026-07-31,MTDR,2026Q2,FMP,REVENUE_USD,1064558236.0,D:\Programming\python_example\Arcana\data-lake\bronze\consensus\fmp\analyst-estimates\period=quarter\snapshot_date=2026-07-31\ticker=MTDR.json,4927687c69094baf59dc04a576ed9fcba504af3b8eaceb2afa20b86d791c1595,2026-09-02T16:40:54+00:00
2026-07-31,MTDR,2026Q1,FMP,REVENUE_USD,871570669.0,D:\Programming\python_example\Arcana\data-lake\bronze\consensus\fmp\analyst-estimates\period=quarter\snapshot_date=2026-07-31\ticker=MTDR.json,4927687c69094baf59dc04a576ed9fcba504af3b8eaceb2afa20b86d791c1595,2026-09-02T16:40:54+00:00
2026-07-31,MTDR,2025Q4,FMP,REVENUE_USD,803413671.0,D:\Programming\python_example\Arcana\data-lake\bronze\consensus\fmp\analyst-estimates\period=quarter\snapshot_date=2026-07-31\ticker=MTDR.json,4927687c69094baf59dc04a576ed9fcba504af3b8eaceb2afa20b86d791c1595,2026-09-02T16:40:54+00:00
2026-07-31,MTDR,2025Q3,FMP,REVENUE_USD,876674435.0,D:\Programming\python_example\Arcana\data-lake\bronze\consensus\fmp\analyst-estimates\period=quarter\snapshot_date=2026-07-31\ticker=MTDR.json,4927687c69094baf59dc04a576ed9fcba504af3b8eaceb2afa20b86d791c1595,2026-09-02T16:40:54+00:00
2026-07-31,MTDR,2025Q2,FMP,REVENUE_USD,910574368.0,D:\Programming\python_example\Arcana\data-lake\bronze\consensus\fmp\analyst-estimates\period=quarter\snapshot_date=2026-07-31\ticker=MTDR.json,4927687c69094baf59dc04a576ed9fcba504af3b8eaceb2afa20b86d791c1595,2026-09-02T16:40:54+00:00
2026-07-31,MTDR,2025Q1,FMP,REVENUE_USD,964202014.0,D:\Programming\python_example\Arcana\data-lake\bronze\consensus\fmp\analyst-estimates\period=quarter\snapshot_date=2026-07-31\ticker=MTDR.json,4927687c69094baf59dc04a576ed9fcba504af3b8eaceb2afa20b86d791c1595,2026-09-02T16:40:54+00:00
2026-07-31,MTDR,2024Q4,FMP,REVENUE_USD,1000644625.0,D:\Programming\python_example\Arcana\data-lake\bronze\consensus\fmp\analyst-estimates\period=quarter\snapshot_date=2026-07-31\ticker=MTDR.json,4927687c69094baf59dc04a576ed9fcba504af3b8eaceb2afa20b86d791c1595,2026-09-02T16:40:54+00:00
2026-07-31,MTDR,2024Q3,FMP,REVENUE_USD,836693083.0,D:\Programming\python_example\Arcana\data-lake\bronze\consensus\fmp\analyst-estimates\period=quarter\snapshot_date=2026-07-31\ticker=MTDR.json,4927687c69094baf59dc04a576ed9fcba504af3b8eaceb2afa20b86d791c1595,2026-09-02T16:40:54+00:00
2026-07-31,MTDR,2024Q2,FMP,REVENUE_USD,822125250.0,D:\Programming\python_example\Arcana\data-lake\bronze\consensus\fmp\analyst-estimates\period=quarter\snapshot_date=2026-07-31\ticker=MTDR.json,4927687c69094baf59dc04a576ed9fcba504af3b8eaceb2afa20b86d791c1595,2026-09-02T16:40:54+00:00
2026-07-31,MTDR,2024Q1,FMP,REVENUE_USD,737142364.0,D:\Programming\python_example\Arcana\data-lake\bronze\consensus\fmp\analyst-estimates\period=quarter\snapshot_date=2026-07-31\ticker=MTDR.json,4927687c69094baf59dc04a576ed9fcba504af3b8eaceb2afa20b86d791c1595,2026-09-02T16:40:54+00:00
2026-07-31,MTDR,2023Q4,FMP,REVENUE_USD,842958500.0,D:\Programming\python_example\Arcana\data-lake\bronze\consensus\fmp\analyst-estimates\period=quarter\snapshot_date=2026-07-31\ticker=MTDR.json,4927687c69094baf59dc04a576ed9fcba504af3b8eaceb2afa20b86d791c1595,2026-09-02T16:40:54+00:00
2026-07-31,MTDR,2023Q3,FMP,REVENUE_USD,707796273.0,D:\Programming\python_example\Arcana\data-lake\bronze\consensus\fmp\analyst-estimates\period=quarter\snapshot_date=2026-07-31\ticker=MTDR.json,4927687c69094baf59dc04a576ed9fcba504af3b8eaceb2afa20b86d791c1595,2026-09-02T16:40:54+00:00
2026-07-31,MTDR,2023Q2,FMP,REVENUE_USD,636906000.0,D:\Programming\python_example\Arcana\data-lake\bronze\consensus\fmp\analyst-estimates\period=quarter\snapshot_date=2026-07-31\ticker=MTDR.json,4927687c69094baf59dc04a576ed9fcba504af3b8eaceb2afa20b86d791c1595,2026-09-02T16:40:54+00:00
2026-07-31,MTDR,2023Q1,FMP,REVENUE_USD,544722273.0,D:\Programming\python_example\Arcana\data-lake\bronze\consensus\fmp\analyst-estimates\period=quarter\snapshot_date=2026-07-31\ticker=MTDR.json,4927687c69094baf59dc04a576ed9fcba504af3b8eaceb2afa20b86d791c1595,2026-09-02T16:40:54+00:00
2026-07-31,MTDR,2022Q4,FMP,REVENUE_USD,646645900.0,D:\Programming\python_example\Arcana\data-lake\bronze\consensus\fmp\analyst-estimates\period=quarter\snapshot_date=2026-07-31\ticker=MTDR.json,4927687c69094baf59dc04a576ed9fcba504af3b8eaceb2afa20b86d791c1595,2026-09-02T16:40:54+00:00
2026-07-31,MTDR,2022Q3,FMP,REVENUE_USD,736858877.0,D:\Programming\python_example\Arcana\data-lake\bronze\consensus\fmp\analyst-estimates\period=quarter\snapshot_date=2026-07-31\ticker=MTDR.json,4927687c69094baf59dc04a576ed9fcba504af3b8eaceb2afa20b86d791c1595,2026-09-02T16:40:54+00:00
2026-07-31,MTDR,2022Q2,FMP,REVENUE_USD,815413667.0,D:\Programming\python_example\Arcana\data-lake\bronze\consensus\fmp\analyst-estimates\period=quarter\snapshot_date=2026-07-31\ticker=MTDR.json,4927687c69094baf59dc04a576ed9fcba504af3b8eaceb2afa20b86d791c1595,2026-09-02T16:40:54+00:00
2026-07-31,MTDR,2022Q1,FMP,REVENUE_USD,599894250.0,D:\Programming\python_example\Arcana\data-lake\bronze\consensus\fmp\analyst-estimates\period=quarter\snapshot_date=2026-07-31\ticker=MTDR.json,4927687c69094baf59dc04a576ed9fcba504af3b8eaceb2afa20b86d791c1595,2026-09-02T16:40:54+00:00
2026-07-31,MTDR,2021Q4,FMP,REVENUE_USD,428015100.0,D:\Programming\python_example\Arcana\data-lake\bronze\consensus\fmp\analyst-estimates\period=quarter\snapshot_date=2026-07-31\ticker=MTDR.json,4927687c69094baf59dc04a576ed9fcba504af3b8eaceb2afa20b86d791c1595,2026-09-02T16:40:54+00:00
2026-07-31,MTDR,2021Q3,FMP,REVENUE_USD,376940803.0,D:\Programming\python_example\Arcana\data-lake\bronze\consensus\fmp\analyst-estimates\period=quarter\snapshot_date=2026-07-31\ticker=MTDR.json,4927687c69094baf59dc04a576ed9fcba504af3b8eaceb2afa20b86d791c1595,2026-09-02T16:40:54+00:00
2026-07-31,MTDR,2021Q2,FMP,REVENUE_USD,357792364.0,D:\Programming\python_example\Arcana\data-lake\bronze\consensus\fmp\analyst-estimates\period=quarter\snapshot_date=2026-07-31\ticker=MTDR.json,4927687c69094baf59dc04a576ed9fcba504af3b8eaceb2afa20b86d791c1595,2026-09-02T16:40:54+00:00
2026-07-31,MTDR,2021Q1,FMP,REVENUE_USD,263907636.0,D:\Programming\python_example\Arcana\data-lake\bronze\consensus\fmp\analyst-estimates\period=quarter\snapshot_date=2026-07-31\ticker=MTDR.json,4927687c69094baf59dc04a576ed9fcba504af3b8eaceb2afa20b86d791c1595,2026-09-02T16:40:54+00:00
2026-07-31,MTDR,2020Q4,FMP,REVENUE_USD,239673464.0,D:\Programming\python_example\Arcana\data-lake\bronze\consensus\fmp\analyst-estimates\period=quarter\snapshot_date=2026-07-31\ticker=MTDR.json,4927687c69094baf59dc04a576ed9fcba504af3b8eaceb2afa20b86d791c1595,2026-09-02T16:40:54+00:00
2026-07-31,MTDR,2020Q3,FMP,REVENUE_USD,192669615.0,D:\Programming\python_example\Arcana\data-lake\bronze\consensus\fmp\analyst-estimates\period=quarter\snapshot_date=2026-07-31\ticker=MTDR.json,4927687c69094baf59dc04a576ed9fcba504af3b8eaceb2afa20b86d791c1595,2026-09-02T16:40:54+00:00
2026-07-31,MTDR,2020Q2,FMP,REVENUE_USD,165913668.0,D:\Programming\python_example\Arcana\data-lake\bronze\consensus\fmp\analyst-estimates\period=quarter\snapshot_date=2026-07-31\ticker=MTDR.json,4927687c69094baf59dc04a576ed9fcba504af3b8eaceb2afa20b86d791c1595,2026-09-02T16:40:54+00:00
2026-07-31,MTDR,2020Q1,FMP,REVENUE_USD,230300658.0,D:\Programming\python_example\Arcana\data-lake\bronze\consensus\fmp\analyst-estimates\period=quarter\snapshot_date=2026-07-31\ticker=MTDR.json,4927687c69094baf59dc04a576ed9fcba504af3b8eaceb2afa20b86d791c1595,2026-09-02T16:40:54+00:00
2026-07-31,MTDR,2019Q4,FMP,REVENUE_USD,258826663.0,D:\Programming\python_example\Arcana\data-lake\bronze\consensus\fmp\analyst-estimates\period=quarter\snapshot_date=2026-07-31\ticker=MTDR.json,4927687c69094baf59dc04a576ed9fcba504af3b8eaceb2afa20b86d791c1595,2026-09-02T16:40:54+00:00
2026-07-31,MTDR,2019Q3,FMP,REVENUE_USD,230085878.0,D:\Programming\python_example\Arcana\data-lake\bronze\consensus\fmp\analyst-estimates\period=quarter\snapshot_date=2026-07-31\ticker=MTDR.json,4927687c69094baf59dc04a576ed9fcba504af3b8eaceb2afa20b86d791c1595,2026-09-02T16:40:54+00:00
2026-07-31,MTDR,2019Q2,FMP,REVENUE_USD,214065663.0,D:\Programming\python_example\Arcana\data-lake\bronze\consensus\fmp\analyst-estimates\period=quarter\snapshot_date=2026-07-31\ticker=MTDR.json,4927687c69094baf59dc04a576ed9fcba504af3b8eaceb2afa20b86d791c1595,2026-09-02T16:40:54+00:00
2026-07-31,MTDR,2019Q1,FMP,REVENUE_USD,197927927.0,D:\Programming\python_example\Arcana\data-lake\bronze\consensus\fmp\analyst-estimates\period=quarter\snapshot_date=2026-07-31\ticker=MTDR.json,4927687c69094baf59dc04a576ed9fcba504af3b8eaceb2afa20b86d791c1595,2026-09-02T16:40:54+00:00
2026-07-31,MTDR,2018Q4,FMP,REVENUE_USD,203695243.0,D:\Programming\python_example\Arcana\data-lake\bronze\consensus\fmp\analyst-estimates\period=quarter\snapshot_date=2026-07-31\ticker=MTDR.json,4927687c69094baf59dc04a576ed9fcba504af3b8eaceb2afa20b86d791c1595,2026-09-02T16:40:54+00:00
2026-07-31,MTDR,2018Q3,FMP,REVENUE_USD,155383500.0,D:\Programming\python_example\Arcana\data-lake\bronze\consensus\fmp\analyst-estimates\period=quarter\snapshot_date=2026-07-31\ticker=MTDR.json,4927687c69094baf59dc04a576ed9fcba504af3b8eaceb2afa20b86d791c1595,2026-09-02T16:40:54+00:00
2026-07-31,MTDR,2018Q2,FMP,REVENUE_USD,170124658.0,D:\Programming\python_example\Arcana\data-lake\bronze\consensus\fmp\analyst-estimates\period=quarter\snapshot_date=2026-07-31\ticker=MTDR.json,4927687c69094baf59dc04a576ed9fcba504af3b8eaceb2afa20b86d791c1595,2026-09-02T16:40:54+00:00
2026-07-31,MTDR,2018Q1,FMP,REVENUE_USD,169937777.0,D:\Programming\python_example\Arcana\data-lake\bronze\consensus\fmp\analyst-estimates\period=quarter\snapshot_date=2026-07-31\ticker=MTDR.json,4927687c69094baf59dc04a576ed9fcba504af3b8eaceb2afa20b86d791c1595,2026-09-02T16:40:54+00:00
2026-07-31,MTDR,2017Q4,FMP,REVENUE_USD,141287160.0,D:\Programming\python_example\Arcana\data-lake\bronze\consensus\fmp\analyst-estimates\period=quarter\snapshot_date=2026-07-31\ticker=MTDR.json,4927687c69094baf59dc04a576ed9fcba504af3b8eaceb2afa20b86d791c1595,2026-09-02T16:40:54+00:00
2026-07-31,MTDR,2017Q3,FMP,REVENUE_USD,93762157.0,D:\Programming\python_example\Arcana\data-lake\bronze\consensus\fmp\analyst-estimates\period=quarter\snapshot_date=2026-07-31\ticker=MTDR.json,4927687c69094baf59dc04a576ed9fcba504af3b8eaceb2afa20b86d791c1595,2026-09-02T16:40:54+00:00
2026-07-31,MTDR,2017Q2,FMP,REVENUE_USD,117828181.0,D:\Programming\python_example\Arcana\data-lake\bronze\consensus\fmp\analyst-estimates\period=quarter\snapshot_date=2026-07-31\ticker=MTDR.json,4927687c69094baf59dc04a576ed9fcba504af3b8eaceb2afa20b86d791c1595,2026-09-02T16:40:54+00:00
2026-07-31,MTDR,2017Q1,FMP,REVENUE_USD,125124238.0,D:\Programming\python_example\Arcana\data-lake\bronze\consensus\fmp\analyst-estimates\period=quarter\snapshot_date=2026-07-31\ticker=MTDR.json,4927687c69094baf59dc04a576ed9fcba504af3b8eaceb2afa20b86d791c1595,2026-09-02T16:40:54+00:00
2026-07-31,MTDR,2016Q4,FMP,REVENUE_USD,84973000.0,D:\Programming\python_example\Arcana\data-lake\bronze\consensus\fmp\analyst-estimates\period=quarter\snapshot_date=2026-07-31\ticker=MTDR.json,4927687c69094baf59dc04a576ed9fcba504af3b8eaceb2afa20b86d791c1595,2026-09-02T16:40:54+00:00
2026-07-31,MTDR,2016Q3,FMP,REVENUE_USD,14788833.0,D:\Programming\python_example\Arcana\data-lake\bronze\consensus\fmp\analyst-estimates\period=quarter\snapshot_date=2026-07-31\ticker=MTDR.json,4927687c69094baf59dc04a576ed9fcba504af3b8eaceb2afa20b86d791c1595,2026-09-02T16:40:54+00:00
2026-07-31,MTDR,2016Q2,FMP,REVENUE_USD,451760000.0,D:\Programming\python_example\Arcana\data-lake\bronze\consensus\fmp\analyst-estimates\period=quarter\snapshot_date=2026-07-31\ticker=MTDR.json,4927687c69094baf59dc04a576ed9fcba504af3b8eaceb2afa20b86d791c1595,2026-09-02T16:40:54+00:00
2026-07-31,MTDR,2016Q1,FMP,REVENUE_USD,46909375.0,D:\Programming\python_example\Arcana\data-lake\bronze\consensus\fmp\analyst-estimates\period=quarter\snapshot_date=2026-07-31\ticker=MTDR.json,4927687c69094baf59dc04a576ed9fcba504af3b8eaceb2afa20b86d791c1595,2026-09-02T16:40:54+00:00
2026-07-31,MTDR,2015Q3,FMP,REVENUE_USD,98410000.0,D:\Programming\python_example\Arcana\data-lake\bronze\consensus\fmp\analyst-estimates\period=quarter\snapshot_date=2026-07-31\ticker=MTDR.json,4927687c69094baf59dc04a576ed9fcba504af3b8eaceb2afa20b86d791c1595,2026-09-02T16:40:54+00:00
2026-07-31,MTDR,2015Q2,FMP,REVENUE_USD,46857600.0,D:\Programming\python_example\Arcana\data-lake\bronze\consensus\fmp\analyst-estimates\period=quarter\snapshot_date=2026-07-31\ticker=MTDR.json,4927687c69094baf59dc04a576ed9fcba504af3b8eaceb2afa20b86d791c1595,2026-09-02T16:40:54+00:00
2026-07-31,MTDR,2015Q1,FMP,REVENUE_USD,72412000.0,D:\Programming\python_example\Arcana\data-lake\bronze\consensus\fmp\analyst-estimates\period=quarter\snapshot_date=2026-07-31\ticker=MTDR.json,4927687c69094baf59dc04a576ed9fcba504af3b8eaceb2afa20b86d791c1595,2026-09-02T16:40:54+00:00
2026-07-31,MTDR,2014Q3,FMP,REVENUE_USD,128832555.0,D:\Programming\python_example\Arcana\data-lake\bronze\consensus\fmp\analyst-estimates\period=quarter\snapshot_date=2026-07-31\ticker=MTDR.json,4927687c69094baf59dc04a576ed9fcba504af3b8eaceb2afa20b86d791c1595,2026-09-02T16:40:54+00:00
2026-07-31,MTDR,2014Q2,FMP,REVENUE_USD,82642727.0,D:\Programming\python_example\Arcana\data-lake\bronze\consensus\fmp\analyst-estimates\period=quarter\snapshot_date=2026-07-31\ticker=MTDR.json,4927687c69094baf59dc04a576ed9fcba504af3b8eaceb2afa20b86d791c1595,2026-09-02T16:40:54+00:00
2026-07-31,MTDR,2014Q1,FMP,REVENUE_USD,86310000.0,D:\Programming\python_example\Arcana\data-lake\bronze\consensus\fmp\analyst-estimates\period=quarter\snapshot_date=2026-07-31\ticker=MTDR.json,4927687c69094baf59dc04a576ed9fcba504af3b8eaceb2afa20b86d791c1595,2026-09-02T16:40:54+00:00
2026-07-31,MTDR,2013Q3,FMP,REVENUE_USD,62684244.0,D:\Programming\python_example\Arcana\data-lake\bronze\consensus\fmp\analyst-estimates\period=quarter\snapshot_date=2026-07-31\ticker=MTDR.json,4927687c69094baf59dc04a576ed9fcba504af3b8eaceb2afa20b86d791c1595,2026-09-02T16:40:54+00:00
2026-07-31,MTDR,2013Q2,FMP,REVENUE_USD,23279647.0,D:\Programming\python_example\Arcana\data-lake\bronze\consensus\fmp\analyst-estimates\period=quarter\snapshot_date=2026-07-31\ticker=MTDR.json,4927687c69094baf59dc04a576ed9fcba504af3b8eaceb2afa20b86d791c1595,2026-09-02T16:40:54+00:00
2026-07-31,MTDR,2013Q1,FMP,REVENUE_USD,27443000.0,D:\Programming\python_example\Arcana\data-lake\bronze\consensus\fmp\analyst-estimates\period=quarter\snapshot_date=2026-07-31\ticker=MTDR.json,4927687c69094baf59dc04a576ed9fcba504af3b8eaceb2afa20b86d791c1595,2026-09-02T16:40:54+00:00
2026-07-31,MTDR,2012Q3,FMP,REVENUE_USD,29236923.0,D:\Programming\python_example\Arcana\data-lake\bronze\consensus\fmp\analyst-estimates\period=quarter\snapshot_date=2026-07-31\ticker=MTDR.json,4927687c69094baf59dc04a576ed9fcba504af3b8eaceb2afa20b86d791c1595,2026-09-02T16:40:54+00:00
2026-07-31,MTDR,2012Q2,FMP,REVENUE_USD,37796000.0,D:\Programming\python_example\Arcana\data-lake\bronze\consensus\fmp\analyst-estimates\period=quarter\snapshot_date=2026-07-31\ticker=MTDR.json,4927687c69094baf59dc04a576ed9fcba504af3b8eaceb2afa20b86d791c1595,2026-09-02T16:40:54+00:00
2026-07-31,MTDR,2012Q1,FMP,REVENUE_USD,40142929.0,D:\Programming\python_example\Arcana\data-lake\bronze\consensus\fmp\analyst-estimates\period=quarter\snapshot_date=2026-07-31\ticker=MTDR.json,4927687c69094baf59dc04a576ed9fcba504af3b8eaceb2afa20b86d791c1595,2026-09-02T16:40:54+00:00
2026-07-31,NOG,2028Q4,FMP,REVENUE_USD,611000000.0,D:\Programming\python_example\Arcana\data-lake\bronze\consensus\fmp\analyst-estimates\period=quarter\snapshot_date=2026-07-31\ticker=NOG.json,b76464cf16abfa7d00b0b3d17a86c7d94ab29a352340efe6208dda02dbe7d646,2026-09-02T16:40:54+00:00
2026-07-31,NOG,2028Q3,FMP,REVENUE_USD,609000000.0,D:\Programming\python_example\Arcana\data-lake\bronze\consensus\fmp\analyst-estimates\period=quarter\snapshot_date=2026-07-31\ticker=NOG.json,b76464cf16abfa7d00b0b3d17a86c7d94ab29a352340efe6208dda02dbe7d646,2026-09-02T16:40:54+00:00
2026-07-31,NOG,2028Q2,FMP,REVENUE_USD,607000000.0,D:\Programming\python_example\Arcana\data-lake\bronze\consensus\fmp\analyst-estimates\period=quarter\snapshot_date=2026-07-31\ticker=NOG.json,b76464cf16abfa7d00b0b3d17a86c7d94ab29a352340efe6208dda02dbe7d646,2026-09-02T16:40:54+00:00
2026-07-31,NOG,2028Q1,FMP,REVENUE_USD,605000000.0,D:\Programming\python_example\Arcana\data-lake\bronze\consensus\fmp\analyst-estimates\period=quarter\snapshot_date=2026-07-31\ticker=NOG.json,b76464cf16abfa7d00b0b3d17a86c7d94ab29a352340efe6208dda02dbe7d646,2026-09-02T16:40:54+00:00
2026-07-31,NOG,2027Q4,FMP,REVENUE_USD,577557000.0,D:\Programming\python_example\Arcana\data-lake\bronze\consensus\fmp\analyst-estimates\period=quarter\snapshot_date=2026-07-31\ticker=NOG.json,b76464cf16abfa7d00b0b3d17a86c7d94ab29a352340efe6208dda02dbe7d646,2026-09-02T16:40:54+00:00
2026-07-31,NOG,2027Q3,FMP,REVENUE_USD,565435750.0,D:\Programming\python_example\Arcana\data-lake\bronze\consensus\fmp\analyst-estimates\period=quarter\snapshot_date=2026-07-31\ticker=NOG.json,b76464cf16abfa7d00b0b3d17a86c7d94ab29a352340efe6208dda02dbe7d646,2026-09-02T16:40:54+00:00
2026-07-31,NOG,2027Q2,FMP,REVENUE_USD,554031250.0,D:\Programming\python_example\Arcana\data-lake\bronze\consensus\fmp\analyst-estimates\period=quarter\snapshot_date=2026-07-31\ticker=NOG.json,b76464cf16abfa7d00b0b3d17a86c7d94ab29a352340efe6208dda02dbe7d646,2026-09-02T16:40:54+00:00
2026-07-31,NOG,2027Q1,FMP,REVENUE_USD,548240270.0,D:\Programming\python_example\Arcana\data-lake\bronze\consensus\fmp\analyst-estimates\period=quarter\snapshot_date=2026-07-31\ticker=NOG.json,b76464cf16abfa7d00b0b3d17a86c7d94ab29a352340efe6208dda02dbe7d646,2026-09-02T16:40:54+00:00
2026-07-31,NOG,2026Q4,FMP,REVENUE_USD,577104799.0,D:\Programming\python_example\Arcana\data-lake\bronze\consensus\fmp\analyst-estimates\period=quarter\snapshot_date=2026-07-31\ticker=NOG.json,b76464cf16abfa7d00b0b3d17a86c7d94ab29a352340efe6208dda02dbe7d646,2026-09-02T16:40:54+00:00
2026-07-31,NOG,2026Q3,FMP,REVENUE_USD,576209791.0,D:\Programming\python_example\Arcana\data-lake\bronze\consensus\fmp\analyst-estimates\period=quarter\snapshot_date=2026-07-31\ticker=NOG.json,b76464cf16abfa7d00b0b3d17a86c7d94ab29a352340efe6208dda02dbe7d646,2026-09-02T16:40:54+00:00
2026-07-31,NOG,2026Q2,FMP,REVENUE_USD,594087787.0,D:\Programming\python_example\Arcana\data-lake\bronze\consensus\fmp\analyst-estimates\period=quarter\snapshot_date=2026-07-31\ticker=NOG.json,b76464cf16abfa7d00b0b3d17a86c7d94ab29a352340efe6208dda02dbe7d646,2026-09-02T16:40:54+00:00
2026-07-31,NOG,2026Q1,FMP,REVENUE_USD,511375589.0,D:\Programming\python_example\Arcana\data-lake\bronze\consensus\fmp\analyst-estimates\period=quarter\snapshot_date=2026-07-31\ticker=NOG.json,b76464cf16abfa7d00b0b3d17a86c7d94ab29a352340efe6208dda02dbe7d646,2026-09-02T16:40:54+00:00
2026-07-31,NOG,2025Q4,FMP,REVENUE_USD,520513651.0,D:\Programming\python_example\Arcana\data-lake\bronze\consensus\fmp\analyst-estimates\period=quarter\snapshot_date=2026-07-31\ticker=NOG.json,b76464cf16abfa7d00b0b3d17a86c7d94ab29a352340efe6208dda02dbe7d646,2026-09-02T16:40:54+00:00
2026-07-31,NOG,2025Q3,FMP,REVENUE_USD,517652255.0,D:\Programming\python_example\Arcana\data-lake\bronze\consensus\fmp\analyst-estimates\period=quarter\snapshot_date=2026-07-31\ticker=NOG.json,b76464cf16abfa7d00b0b3d17a86c7d94ab29a352340efe6208dda02dbe7d646,2026-09-02T16:40:54+00:00
2026-07-31,NOG,2025Q2,FMP,REVENUE_USD,526457026.0,D:\Programming\python_example\Arcana\data-lake\bronze\consensus\fmp\analyst-estimates\period=quarter\snapshot_date=2026-07-31\ticker=NOG.json,b76464cf16abfa7d00b0b3d17a86c7d94ab29a352340efe6208dda02dbe7d646,2026-09-02T16:40:54+00:00
2026-07-31,NOG,2025Q1,FMP,REVENUE_USD,559588848.0,D:\Programming\python_example\Arcana\data-lake\bronze\consensus\fmp\analyst-estimates\period=quarter\snapshot_date=2026-07-31\ticker=NOG.json,b76464cf16abfa7d00b0b3d17a86c7d94ab29a352340efe6208dda02dbe7d646,2026-09-02T16:40:54+00:00
2026-07-31,NOG,2024Q4,FMP,REVENUE_USD,558312327.0,D:\Programming\python_example\Arcana\data-lake\bronze\consensus\fmp\analyst-estimates\period=quarter\snapshot_date=2026-07-31\ticker=NOG.json,b76464cf16abfa7d00b0b3d17a86c7d94ab29a352340efe6208dda02dbe7d646,2026-09-02T16:40:54+00:00
2026-07-31,NOG,2024Q3,FMP,REVENUE_USD,540234699.0,D:\Programming\python_example\Arcana\data-lake\bronze\consensus\fmp\analyst-estimates\period=quarter\snapshot_date=2026-07-31\ticker=NOG.json,b76464cf16abfa7d00b0b3d17a86c7d94ab29a352340efe6208dda02dbe7d646,2026-09-02T16:40:54+00:00
2026-07-31,NOG,2024Q2,FMP,REVENUE_USD,542280624.0,D:\Programming\python_example\Arcana\data-lake\bronze\consensus\fmp\analyst-estimates\period=quarter\snapshot_date=2026-07-31\ticker=NOG.json,b76464cf16abfa7d00b0b3d17a86c7d94ab29a352340efe6208dda02dbe7d646,2026-09-02T16:40:54+00:00
2026-07-31,NOG,2024Q1,FMP,REVENUE_USD,505844868.0,D:\Programming\python_example\Arcana\data-lake\bronze\consensus\fmp\analyst-estimates\period=quarter\snapshot_date=2026-07-31\ticker=NOG.json,b76464cf16abfa7d00b0b3d17a86c7d94ab29a352340efe6208dda02dbe7d646,2026-09-02T16:40:54+00:00
2026-07-31,NOG,2023Q4,FMP,REVENUE_USD,555309010.0,D:\Programming\python_example\Arcana\data-lake\bronze\consensus\fmp\analyst-estimates\period=quarter\snapshot_date=2026-07-31\ticker=NOG.json,b76464cf16abfa7d00b0b3d17a86c7d94ab29a352340efe6208dda02dbe7d646,2026-09-02T16:40:54+00:00
2026-07-31,NOG,2023Q3,FMP,REVENUE_USD,513212992.0,D:\Programming\python_example\Arcana\data-lake\bronze\consensus\fmp\analyst-estimates\period=quarter\snapshot_date=2026-07-31\ticker=NOG.json,b76464cf16abfa7d00b0b3d17a86c7d94ab29a352340efe6208dda02dbe7d646,2026-09-02T16:40:54+00:00
2026-07-31,NOG,2023Q2,FMP,REVENUE_USD,414014756.0,D:\Programming\python_example\Arcana\data-lake\bronze\consensus\fmp\analyst-estimates\period=quarter\snapshot_date=2026-07-31\ticker=NOG.json,b76464cf16abfa7d00b0b3d17a86c7d94ab29a352340efe6208dda02dbe7d646,2026-09-02T16:40:54+00:00
2026-07-31,NOG,2023Q1,FMP,REVENUE_USD,394098561.0,D:\Programming\python_example\Arcana\data-lake\bronze\consensus\fmp\analyst-estimates\period=quarter\snapshot_date=2026-07-31\ticker=NOG.json,b76464cf16abfa7d00b0b3d17a86c7d94ab29a352340efe6208dda02dbe7d646,2026-09-02T16:40:54+00:00
2026-07-31,NOG,2022Q4,FMP,REVENUE_USD,391035389.0,D:\Programming\python_example\Arcana\data-lake\bronze\consensus\fmp\analyst-estimates\period=quarter\snapshot_date=2026-07-31\ticker=NOG.json,b76464cf16abfa7d00b0b3d17a86c7d94ab29a352340efe6208dda02dbe7d646,2026-09-02T16:40:54+00:00
2026-07-31,NOG,2022Q3,FMP,REVENUE_USD,379747693.0,D:\Programming\python_example\Arcana\data-lake\bronze\consensus\fmp\analyst-estimates\period=quarter\snapshot_date=2026-07-31\ticker=NOG.json,b76464cf16abfa7d00b0b3d17a86c7d94ab29a352340efe6208dda02dbe7d646,2026-09-02T16:40:54+00:00
2026-07-31,NOG,2022Q2,FMP,REVENUE_USD,360026839.0,D:\Programming\python_example\Arcana\data-lake\bronze\consensus\fmp\analyst-estimates\period=quarter\snapshot_date=2026-07-31\ticker=NOG.json,b76464cf16abfa7d00b0b3d17a86c7d94ab29a352340efe6208dda02dbe7d646,2026-09-02T16:40:54+00:00
2026-07-31,NOG,2022Q1,FMP,REVENUE_USD,301588041.0,D:\Programming\python_example\Arcana\data-lake\bronze\consensus\fmp\analyst-estimates\period=quarter\snapshot_date=2026-07-31\ticker=NOG.json,b76464cf16abfa7d00b0b3d17a86c7d94ab29a352340efe6208dda02dbe7d646,2026-09-02T16:40:54+00:00
2026-07-31,NOG,2021Q4,FMP,REVENUE_USD,257331876.0,D:\Programming\python_example\Arcana\data-lake\bronze\consensus\fmp\analyst-estimates\period=quarter\snapshot_date=2026-07-31\ticker=NOG.json,b76464cf16abfa7d00b0b3d17a86c7d94ab29a352340efe6208dda02dbe7d646,2026-09-02T16:40:54+00:00
2026-07-31,NOG,2021Q3,FMP,REVENUE_USD,207219306.0,D:\Programming\python_example\Arcana\data-lake\bronze\consensus\fmp\analyst-estimates\period=quarter\snapshot_date=2026-07-31\ticker=NOG.json,b76464cf16abfa7d00b0b3d17a86c7d94ab29a352340efe6208dda02dbe7d646,2026-09-02T16:40:54+00:00
2026-07-31,NOG,2021Q2,FMP,REVENUE_USD,178751050.0,D:\Programming\python_example\Arcana\data-lake\bronze\consensus\fmp\analyst-estimates\period=quarter\snapshot_date=2026-07-31\ticker=NOG.json,b76464cf16abfa7d00b0b3d17a86c7d94ab29a352340efe6208dda02dbe7d646,2026-09-02T16:40:54+00:00
2026-07-31,NOG,2021Q1,FMP,REVENUE_USD,134086874.0,D:\Programming\python_example\Arcana\data-lake\bronze\consensus\fmp\analyst-estimates\period=quarter\snapshot_date=2026-07-31\ticker=NOG.json,b76464cf16abfa7d00b0b3d17a86c7d94ab29a352340efe6208dda02dbe7d646,2026-09-02T16:40:54+00:00
2026-07-31,NOG,2020Q4,FMP,REVENUE_USD,133743571.0,D:\Programming\python_example\Arcana\data-lake\bronze\consensus\fmp\analyst-estimates\period=quarter\snapshot_date=2026-07-31\ticker=NOG.json,b76464cf16abfa7d00b0b3d17a86c7d94ab29a352340efe6208dda02dbe7d646,2026-09-02T16:40:54+00:00
2026-07-31,NOG,2020Q3,FMP,REVENUE_USD,114530167.0,D:\Programming\python_example\Arcana\data-lake\bronze\consensus\fmp\analyst-estimates\period=quarter\snapshot_date=2026-07-31\ticker=NOG.json,b76464cf16abfa7d00b0b3d17a86c7d94ab29a352340efe6208dda02dbe7d646,2026-09-02T16:40:54+00:00
2026-07-31,NOG,2020Q2,FMP,REVENUE_USD,109227000.0,D:\Programming\python_example\Arcana\data-lake\bronze\consensus\fmp\analyst-estimates\period=quarter\snapshot_date=2026-07-31\ticker=NOG.json,b76464cf16abfa7d00b0b3d17a86c7d94ab29a352340efe6208dda02dbe7d646,2026-09-02T16:40:54+00:00
2026-07-31,NOG,2020Q1,FMP,REVENUE_USD,146275400.0,D:\Programming\python_example\Arcana\data-lake\bronze\consensus\fmp\analyst-estimates\period=quarter\snapshot_date=2026-07-31\ticker=NOG.json,b76464cf16abfa7d00b0b3d17a86c7d94ab29a352340efe6208dda02dbe7d646,2026-09-02T16:40:54+00:00
2026-07-31,NOG,2019Q4,FMP,REVENUE_USD,172175000.0,D:\Programming\python_example\Arcana\data-lake\bronze\consensus\fmp\analyst-estimates\period=quarter\snapshot_date=2026-07-31\ticker=NOG.json,b76464cf16abfa7d00b0b3d17a86c7d94ab29a352340efe6208dda02dbe7d646,2026-09-02T16:40:54+00:00
2026-07-31,NOG,2019Q3,FMP,REVENUE_USD,170866833.0,D:\Programming\python_example\Arcana\data-lake\bronze\consensus\fmp\analyst-estimates\period=quarter\snapshot_date=2026-07-31\ticker=NOG.json,b76464cf16abfa7d00b0b3d17a86c7d94ab29a352340efe6208dda02dbe7d646,2026-09-02T16:40:54+00:00
2026-07-31,NOG,2019Q2,FMP,REVENUE_USD,154911833.0,D:\Programming\python_example\Arcana\data-lake\bronze\consensus\fmp\analyst-estimates\period=quarter\snapshot_date=2026-07-31\ticker=NOG.json,b76464cf16abfa7d00b0b3d17a86c7d94ab29a352340efe6208dda02dbe7d646,2026-09-02T16:40:54+00:00
2026-07-31,NOG,2019Q1,FMP,REVENUE_USD,144024831.0,D:\Programming\python_example\Arcana\data-lake\bronze\consensus\fmp\analyst-estimates\period=quarter\snapshot_date=2026-07-31\ticker=NOG.json,b76464cf16abfa7d00b0b3d17a86c7d94ab29a352340efe6208dda02dbe7d646,2026-09-02T16:40:54+00:00
2026-07-31,NOG,2018Q3,FMP,REVENUE_USD,109706981.0,D:\Programming\python_example\Arcana\data-lake\bronze\consensus\fmp\analyst-estimates\period=quarter\snapshot_date=2026-07-31\ticker=NOG.json,b76464cf16abfa7d00b0b3d17a86c7d94ab29a352340efe6208dda02dbe7d646,2026-09-02T16:40:54+00:00
2026-07-31,NOG,2018Q2,FMP,REVENUE_USD,59377777.0,D:\Programming\python_example\Arcana\data-lake\bronze\consensus\fmp\analyst-estimates\period=quarter\snapshot_date=2026-07-31\ticker=NOG.json,b76464cf16abfa7d00b0b3d17a86c7d94ab29a352340efe6208dda02dbe7d646,2026-09-02T16:40:54+00:00
2026-07-31,NOG,2018Q1,FMP,REVENUE_USD,47011764.0,D:\Programming\python_example\Arcana\data-lake\bronze\consensus\fmp\analyst-estimates\period=quarter\snapshot_date=2026-07-31\ticker=NOG.json,b76464cf16abfa7d00b0b3d17a86c7d94ab29a352340efe6208dda02dbe7d646,2026-09-02T16:40:54+00:00
2026-07-31,NOG,2017Q4,FMP,REVENUE_USD,33300000.0,D:\Programming\python_example\Arcana\data-lake\bronze\consensus\fmp\analyst-estimates\period=quarter\snapshot_date=2026-07-31\ticker=NOG.json,b76464cf16abfa7d00b0b3d17a86c7d94ab29a352340efe6208dda02dbe7d646,2026-09-02T16:40:54+00:00
2026-07-31,NOG,2017Q2,FMP,REVENUE_USD,9837794912.0,D:\Programming\python_example\Arcana\data-lake\bronze\consensus\fmp\analyst-estimates\period=quarter\snapshot_date=2026-07-31\ticker=NOG.json,b76464cf16abfa7d00b0b3d17a86c7d94ab29a352340efe6208dda02dbe7d646,2026-09-02T16:40:54+00:00
2026-07-31,NOG,2017Q1,FMP,REVENUE_USD,6243792199.0,D:\Programming\python_example\Arcana\data-lake\bronze\consensus\fmp\analyst-estimates\period=quarter\snapshot_date=2026-07-31\ticker=NOG.json,b76464cf16abfa7d00b0b3d17a86c7d94ab29a352340efe6208dda02dbe7d646,2026-09-02T16:40:54+00:00
2026-07-31,NOG,2016Q2,FMP,REVENUE_USD,35093166.0,D:\Programming\python_example\Arcana\data-lake\bronze\consensus\fmp\analyst-estimates\period=quarter\snapshot_date=2026-07-31\ticker=NOG.json,b76464cf16abfa7d00b0b3d17a86c7d94ab29a352340efe6208dda02dbe7d646,2026-09-02T16:40:54+00:00
2026-07-31,NOG,2016Q1,FMP,REVENUE_USD,95400000.0,D:\Programming\python_example\Arcana\data-lake\bronze\consensus\fmp\analyst-estimates\period=quarter\snapshot_date=2026-07-31\ticker=NOG.json,b76464cf16abfa7d00b0b3d17a86c7d94ab29a352340efe6208dda02dbe7d646,2026-09-02T16:40:54+00:00
2026-07-31,NOG,2015Q3,FMP,REVENUE_USD,71683333.0,D:\Programming\python_example\Arcana\data-lake\bronze\consensus\fmp\analyst-estimates\period=quarter\snapshot_date=2026-07-31\ticker=NOG.json,b76464cf16abfa7d00b0b3d17a86c7d94ab29a352340efe6208dda02dbe7d646,2026-09-02T16:40:54+00:00
2026-07-31,NOG,2015Q2,FMP,REVENUE_USD,42575112.0,D:\Programming\python_example\Arcana\data-lake\bronze\consensus\fmp\analyst-estimates\period=quarter\snapshot_date=2026-07-31\ticker=NOG.json,b76464cf16abfa7d00b0b3d17a86c7d94ab29a352340efe6208dda02dbe7d646,2026-09-02T16:40:54+00:00
2026-07-31,NOG,2015Q1,FMP,REVENUE_USD,91320000.0,D:\Programming\python_example\Arcana\data-lake\bronze\consensus\fmp\analyst-estimates\period=quarter\snapshot_date=2026-07-31\ticker=NOG.json,b76464cf16abfa7d00b0b3d17a86c7d94ab29a352340efe6208dda02dbe7d646,2026-09-02T16:40:54+00:00
2026-07-31,NOG,2014Q4,FMP,REVENUE_USD,84515637.0,D:\Programming\python_example\Arcana\data-lake\bronze\consensus\fmp\analyst-estimates\period=quarter\snapshot_date=2026-07-31\ticker=NOG.json,b76464cf16abfa7d00b0b3d17a86c7d94ab29a352340efe6208dda02dbe7d646,2026-09-02T16:40:54+00:00
2026-07-31,NOG,2014Q3,FMP,REVENUE_USD,180800000.0,D:\Programming\python_example\Arcana\data-lake\bronze\consensus\fmp\analyst-estimates\period=quarter\snapshot_date=2026-07-31\ticker=NOG.json,b76464cf16abfa7d00b0b3d17a86c7d94ab29a352340efe6208dda02dbe7d646,2026-09-02T16:40:54+00:00
2026-07-31,NOG,2014Q2,FMP,REVENUE_USD,59165517.0,D:\Programming\python_example\Arcana\data-lake\bronze\consensus\fmp\analyst-estimates\period=quarter\snapshot_date=2026-07-31\ticker=NOG.json,b76464cf16abfa7d00b0b3d17a86c7d94ab29a352340efe6208dda02dbe7d646,2026-09-02T16:40:54+00:00
2026-07-31,NOG,2014Q1,FMP,REVENUE_USD,103705263.0,D:\Programming\python_example\Arcana\data-lake\bronze\consensus\fmp\analyst-estimates\period=quarter\snapshot_date=2026-07-31\ticker=NOG.json,b76464cf16abfa7d00b0b3d17a86c7d94ab29a352340efe6208dda02dbe7d646,2026-09-02T16:40:54+00:00
2026-07-31,NOG,2013Q4,FMP,REVENUE_USD,117531394.0,D:\Programming\python_example\Arcana\data-lake\bronze\consensus\fmp\analyst-estimates\period=quarter\snapshot_date=2026-07-31\ticker=NOG.json,b76464cf16abfa7d00b0b3d17a86c7d94ab29a352340efe6208dda02dbe7d646,2026-09-02T16:40:54+00:00
2026-07-31,NOG,2013Q3,FMP,REVENUE_USD,69800000.0,D:\Programming\python_example\Arcana\data-lake\bronze\consensus\fmp\analyst-estimates\period=quarter\snapshot_date=2026-07-31\ticker=NOG.json,b76464cf16abfa7d00b0b3d17a86c7d94ab29a352340efe6208dda02dbe7d646,2026-09-02T16:40:54+00:00
2026-07-31,NOG,2013Q2,FMP,REVENUE_USD,112930434.0,D:\Programming\python_example\Arcana\data-lake\bronze\consensus\fmp\analyst-estimates\period=quarter\snapshot_date=2026-07-31\ticker=NOG.json,b76464cf16abfa7d00b0b3d17a86c7d94ab29a352340efe6208dda02dbe7d646,2026-09-02T16:40:54+00:00
2026-07-31,NOG,2013Q1,FMP,REVENUE_USD,63217241.0,D:\Programming\python_example\Arcana\data-lake\bronze\consensus\fmp\analyst-estimates\period=quarter\snapshot_date=2026-07-31\ticker=NOG.json,b76464cf16abfa7d00b0b3d17a86c7d94ab29a352340efe6208dda02dbe7d646,2026-09-02T16:40:54+00:00
2026-07-31,NOG,2012Q4,FMP,REVENUE_USD,64879411.0,D:\Programming\python_example\Arcana\data-lake\bronze\consensus\fmp\analyst-estimates\period=quarter\snapshot_date=2026-07-31\ticker=NOG.json,b76464cf16abfa7d00b0b3d17a86c7d94ab29a352340efe6208dda02dbe7d646,2026-09-02T16:40:54+00:00
2026-07-31,NOG,2012Q3,FMP,REVENUE_USD,57874074.0,D:\Programming\python_example\Arcana\data-lake\bronze\consensus\fmp\analyst-estimates\period=quarter\snapshot_date=2026-07-31\ticker=NOG.json,b76464cf16abfa7d00b0b3d17a86c7d94ab29a352340efe6208dda02dbe7d646,2026-09-02T16:40:54+00:00
2026-07-31,NOG,2012Q2,FMP,REVENUE_USD,130036363.0,D:\Programming\python_example\Arcana\data-lake\bronze\consensus\fmp\analyst-estimates\period=quarter\snapshot_date=2026-07-31\ticker=NOG.json,b76464cf16abfa7d00b0b3d17a86c7d94ab29a352340efe6208dda02dbe7d646,2026-09-02T16:40:54+00:00
2026-07-31,NOG,2012Q1,FMP,REVENUE_USD,67941147.0,D:\Programming\python_example\Arcana\data-lake\bronze\consensus\fmp\analyst-estimates\period=quarter\snapshot_date=2026-07-31\ticker=NOG.json,b76464cf16abfa7d00b0b3d17a86c7d94ab29a352340efe6208dda02dbe7d646,2026-09-02T16:40:54+00:00
2026-07-31,NOG,2011Q4,FMP,REVENUE_USD,32142857.0,D:\Programming\python_example\Arcana\data-lake\bronze\consensus\fmp\analyst-estimates\period=quarter\snapshot_date=2026-07-31\ticker=NOG.json,b76464cf16abfa7d00b0b3d17a86c7d94ab29a352340efe6208dda02dbe7d646,2026-09-02T16:40:54+00:00
2026-07-31,NOG,2011Q3,FMP,REVENUE_USD,80010526.0,D:\Programming\python_example\Arcana\data-lake\bronze\consensus\fmp\analyst-estimates\period=quarter\snapshot_date=2026-07-31\ticker=NOG.json,b76464cf16abfa7d00b0b3d17a86c7d94ab29a352340efe6208dda02dbe7d646,2026-09-02T16:40:54+00:00
2026-07-31,NOG,2011Q2,FMP,REVENUE_USD,80433333.0,D:\Programming\python_example\Arcana\data-lake\bronze\consensus\fmp\analyst-estimates\period=quarter\snapshot_date=2026-07-31\ticker=NOG.json,b76464cf16abfa7d00b0b3d17a86c7d94ab29a352340efe6208dda02dbe7d646,2026-09-02T16:40:54+00:00
2026-07-31,NOG,2011Q1,FMP,REVENUE_USD,5000000.0,D:\Programming\python_example\Arcana\data-lake\bronze\consensus\fmp\analyst-estimates\period=quarter\snapshot_date=2026-07-31\ticker=NOG.json,b76464cf16abfa7d00b0b3d17a86c7d94ab29a352340efe6208dda02dbe7d646,2026-09-02T16:40:54+00:00
2026-07-31,NOG,2010Q3,FMP,REVENUE_USD,10890000.0,D:\Programming\python_example\Arcana\data-lake\bronze\consensus\fmp\analyst-estimates\period=quarter\snapshot_date=2026-07-31\ticker=NOG.json,b76464cf16abfa7d00b0b3d17a86c7d94ab29a352340efe6208dda02dbe7d646,2026-09-02T16:40:54+00:00
2026-07-31,NOG,2010Q2,FMP,REVENUE_USD,16200000.0,D:\Programming\python_example\Arcana\data-lake\bronze\consensus\fmp\analyst-estimates\period=quarter\snapshot_date=2026-07-31\ticker=NOG.json,b76464cf16abfa7d00b0b3d17a86c7d94ab29a352340efe6208dda02dbe7d646,2026-09-02T16:40:54+00:00
2026-07-31,NOG,2010Q1,FMP,REVENUE_USD,7200000.0,D:\Programming\python_example\Arcana\data-lake\bronze\consensus\fmp\analyst-estimates\period=quarter\snapshot_date=2026-07-31\ticker=NOG.json,b76464cf16abfa7d00b0b3d17a86c7d94ab29a352340efe6208dda02dbe7d646,2026-09-02T16:40:54+00:00
2026-07-31,NOG,2009Q3,FMP,REVENUE_USD,6125000.0,D:\Programming\python_example\Arcana\data-lake\bronze\consensus\fmp\analyst-estimates\period=quarter\snapshot_date=2026-07-31\ticker=NOG.json,b76464cf16abfa7d00b0b3d17a86c7d94ab29a352340efe6208dda02dbe7d646,2026-09-02T16:40:54+00:00
2026-07-31,NOG,2009Q2,FMP,REVENUE_USD,4600000.0,D:\Programming\python_example\Arcana\data-lake\bronze\consensus\fmp\analyst-estimates\period=quarter\snapshot_date=2026-07-31\ticker=NOG.json,b76464cf16abfa7d00b0b3d17a86c7d94ab29a352340efe6208dda02dbe7d646,2026-09-02T16:40:54+00:00
2026-07-31,NOG,2009Q1,FMP,REVENUE_USD,700000.0,D:\Programming\python_example\Arcana\data-lake\bronze\consensus\fmp\analyst-estimates\period=quarter\snapshot_date=2026-07-31\ticker=NOG.json,b76464cf16abfa7d00b0b3d17a86c7d94ab29a352340efe6208dda02dbe7d646,2026-09-02T16:40:54+00:00
2026-07-31,NOG,2008Q3,FMP,REVENUE_USD,466666.0,D:\Programming\python_example\Arcana\data-lake\bronze\consensus\fmp\analyst-estimates\period=quarter\snapshot_date=2026-07-31\ticker=NOG.json,b76464cf16abfa7d00b0b3d17a86c7d94ab29a352340efe6208dda02dbe7d646,2026-09-02T16:40:54+00:00
2026-07-31,NOG,2008Q2,FMP,REVENUE_USD,1600000.0,D:\Programming\python_example\Arcana\data-lake\bronze\consensus\fmp\analyst-estimates\period=quarter\snapshot_date=2026-07-31\ticker=NOG.json,b76464cf16abfa7d00b0b3d17a86c7d94ab29a352340efe6208dda02dbe7d646,2026-09-02T16:40:54+00:00
2026-07-31,PR,2028Q4,FMP,REVENUE_USD,1665012281.0,D:\Programming\python_example\Arcana\data-lake\bronze\consensus\fmp\analyst-estimates\period=quarter\snapshot_date=2026-07-31\ticker=PR.json,1a5eab2549013abd138514cb1f9bbce515f3c5966ee123d4323c57bc1c738293,2026-09-02T16:40:54+00:00
2026-07-31,PR,2028Q3,FMP,REVENUE_USD,1647510948.0,D:\Programming\python_example\Arcana\data-lake\bronze\consensus\fmp\analyst-estimates\period=quarter\snapshot_date=2026-07-31\ticker=PR.json,1a5eab2549013abd138514cb1f9bbce515f3c5966ee123d4323c57bc1c738293,2026-09-02T16:40:54+00:00
2026-07-31,PR,2028Q2,FMP,REVENUE_USD,1607108216.0,D:\Programming\python_example\Arcana\data-lake\bronze\consensus\fmp\analyst-estimates\period=quarter\snapshot_date=2026-07-31\ticker=PR.json,1a5eab2549013abd138514cb1f9bbce515f3c5966ee123d4323c57bc1c738293,2026-09-02T16:40:54+00:00
2026-07-31,PR,2028Q1,FMP,REVENUE_USD,1624179756.0,D:\Programming\python_example\Arcana\data-lake\bronze\consensus\fmp\analyst-estimates\period=quarter\snapshot_date=2026-07-31\ticker=PR.json,1a5eab2549013abd138514cb1f9bbce515f3c5966ee123d4323c57bc1c738293,2026-09-02T16:40:54+00:00
2026-07-31,PR,2027Q4,FMP,REVENUE_USD,1679769840.0,D:\Programming\python_example\Arcana\data-lake\bronze\consensus\fmp\analyst-estimates\period=quarter\snapshot_date=2026-07-31\ticker=PR.json,1a5eab2549013abd138514cb1f9bbce515f3c5966ee123d4323c57bc1c738293,2026-09-02T16:40:54+00:00
2026-07-31,PR,2027Q3,FMP,REVENUE_USD,1649248478.0,D:\Programming\python_example\Arcana\data-lake\bronze\consensus\fmp\analyst-estimates\period=quarter\snapshot_date=2026-07-31\ticker=PR.json,1a5eab2549013abd138514cb1f9bbce515f3c5966ee123d4323c57bc1c738293,2026-09-02T16:40:54+00:00
2026-07-31,PR,2027Q2,FMP,REVENUE_USD,1611627520.0,D:\Programming\python_example\Arcana\data-lake\bronze\consensus\fmp\analyst-estimates\period=quarter\snapshot_date=2026-07-31\ticker=PR.json,1a5eab2549013abd138514cb1f9bbce515f3c5966ee123d4323c57bc1c738293,2026-09-02T16:40:54+00:00
2026-07-31,PR,2027Q1,FMP,REVENUE_USD,1651451442.0,D:\Programming\python_example\Arcana\data-lake\bronze\consensus\fmp\analyst-estimates\period=quarter\snapshot_date=2026-07-31\ticker=PR.json,1a5eab2549013abd138514cb1f9bbce515f3c5966ee123d4323c57bc1c738293,2026-09-02T16:40:54+00:00
2026-07-31,PR,2026Q4,FMP,REVENUE_USD,1605582575.0,D:\Programming\python_example\Arcana\data-lake\bronze\consensus\fmp\analyst-estimates\period=quarter\snapshot_date=2026-07-31\ticker=PR.json,1a5eab2549013abd138514cb1f9bbce515f3c5966ee123d4323c57bc1c738293,2026-09-02T16:40:54+00:00
2026-07-31,PR,2026Q3,FMP,REVENUE_USD,1574426450.0,D:\Programming\python_example\Arcana\data-lake\bronze\consensus\fmp\analyst-estimates\period=quarter\snapshot_date=2026-07-31\ticker=PR.json,1a5eab2549013abd138514cb1f9bbce515f3c5966ee123d4323c57bc1c738293,2026-09-02T16:40:54+00:00
2026-07-31,PR,2026Q2,FMP,REVENUE_USD,1657919940.0,D:\Programming\python_example\Arcana\data-lake\bronze\consensus\fmp\analyst-estimates\period=quarter\snapshot_date=2026-07-31\ticker=PR.json,1a5eab2549013abd138514cb1f9bbce515f3c5966ee123d4323c57bc1c738293,2026-09-02T16:40:54+00:00
2026-07-31,PR,2026Q1,FMP,REVENUE_USD,1405189549.0,D:\Programming\python_example\Arcana\data-lake\bronze\consensus\fmp\analyst-estimates\period=quarter\snapshot_date=2026-07-31\ticker=PR.json,1a5eab2549013abd138514cb1f9bbce515f3c5966ee123d4323c57bc1c738293,2026-09-02T16:40:54+00:00
2026-07-31,PR,2025Q4,FMP,REVENUE_USD,1288018554.0,D:\Programming\python_example\Arcana\data-lake\bronze\consensus\fmp\analyst-estimates\period=quarter\snapshot_date=2026-07-31\ticker=PR.json,1a5eab2549013abd138514cb1f9bbce515f3c5966ee123d4323c57bc1c738293,2026-09-02T16:40:54+00:00
2026-07-31,PR,2025Q3,FMP,REVENUE_USD,1323059272.0,D:\Programming\python_example\Arcana\data-lake\bronze\consensus\fmp\analyst-estimates\period=quarter\snapshot_date=2026-07-31\ticker=PR.json,1a5eab2549013abd138514cb1f9bbce515f3c5966ee123d4323c57bc1c738293,2026-09-02T16:40:54+00:00
2026-07-31,PR,2025Q2,FMP,REVENUE_USD,1224900871.0,D:\Programming\python_example\Arcana\data-lake\bronze\consensus\fmp\analyst-estimates\period=quarter\snapshot_date=2026-07-31\ticker=PR.json,1a5eab2549013abd138514cb1f9bbce515f3c5966ee123d4323c57bc1c738293,2026-09-02T16:40:54+00:00
2026-07-31,PR,2025Q1,FMP,REVENUE_USD,1383916069.0,D:\Programming\python_example\Arcana\data-lake\bronze\consensus\fmp\analyst-estimates\period=quarter\snapshot_date=2026-07-31\ticker=PR.json,1a5eab2549013abd138514cb1f9bbce515f3c5966ee123d4323c57bc1c738293,2026-09-02T16:40:54+00:00
2026-07-31,PR,2024Q4,FMP,REVENUE_USD,1303936490.0,D:\Programming\python_example\Arcana\data-lake\bronze\consensus\fmp\analyst-estimates\period=quarter\snapshot_date=2026-07-31\ticker=PR.json,1a5eab2549013abd138514cb1f9bbce515f3c5966ee123d4323c57bc1c738293,2026-09-02T16:40:54+00:00
2026-07-31,PR,2024Q3,FMP,REVENUE_USD,1223998354.0,D:\Programming\python_example\Arcana\data-lake\bronze\consensus\fmp\analyst-estimates\period=quarter\snapshot_date=2026-07-31\ticker=PR.json,1a5eab2549013abd138514cb1f9bbce515f3c5966ee123d4323c57bc1c738293,2026-09-02T16:40:54+00:00
2026-07-31,PR,2024Q2,FMP,REVENUE_USD,1234024888.0,D:\Programming\python_example\Arcana\data-lake\bronze\consensus\fmp\analyst-estimates\period=quarter\snapshot_date=2026-07-31\ticker=PR.json,1a5eab2549013abd138514cb1f9bbce515f3c5966ee123d4323c57bc1c738293,2026-09-02T16:40:54+00:00
2026-07-31,PR,2024Q1,FMP,REVENUE_USD,1204188167.0,D:\Programming\python_example\Arcana\data-lake\bronze\consensus\fmp\analyst-estimates\period=quarter\snapshot_date=2026-07-31\ticker=PR.json,1a5eab2549013abd138514cb1f9bbce515f3c5966ee123d4323c57bc1c738293,2026-09-02T16:40:54+00:00
2026-07-31,PR,2023Q4,FMP,REVENUE_USD,1089055691.0,D:\Programming\python_example\Arcana\data-lake\bronze\consensus\fmp\analyst-estimates\period=quarter\snapshot_date=2026-07-31\ticker=PR.json,1a5eab2549013abd138514cb1f9bbce515f3c5966ee123d4323c57bc1c738293,2026-09-02T16:40:54+00:00
2026-07-31,PR,2023Q3,FMP,REVENUE_USD,747060396.0,D:\Programming\python_example\Arcana\data-lake\bronze\consensus\fmp\analyst-estimates\period=quarter\snapshot_date=2026-07-31\ticker=PR.json,1a5eab2549013abd138514cb1f9bbce515f3c5966ee123d4323c57bc1c738293,2026-09-02T16:40:54+00:00
2026-07-31,PR,2023Q2,FMP,REVENUE_USD,660104634.0,D:\Programming\python_example\Arcana\data-lake\bronze\consensus\fmp\analyst-estimates\period=quarter\snapshot_date=2026-07-31\ticker=PR.json,1a5eab2549013abd138514cb1f9bbce515f3c5966ee123d4323c57bc1c738293,2026-09-02T16:40:54+00:00
2026-07-31,PR,2023Q1,FMP,REVENUE_USD,674903624.0,D:\Programming\python_example\Arcana\data-lake\bronze\consensus\fmp\analyst-estimates\period=quarter\snapshot_date=2026-07-31\ticker=PR.json,1a5eab2549013abd138514cb1f9bbce515f3c5966ee123d4323c57bc1c738293,2026-09-02T16:40:54+00:00
2026-07-31,PR,2022Q4,FMP,REVENUE_USD,746712182.0,D:\Programming\python_example\Arcana\data-lake\bronze\consensus\fmp\analyst-estimates\period=quarter\snapshot_date=2026-07-31\ticker=PR.json,1a5eab2549013abd138514cb1f9bbce515f3c5966ee123d4323c57bc1c738293,2026-09-02T16:40:54+00:00
2026-07-31,PR,2022Q3,FMP,REVENUE_USD,523043222.0,D:\Programming\python_example\Arcana\data-lake\bronze\consensus\fmp\analyst-estimates\period=quarter\snapshot_date=2026-07-31\ticker=PR.json,1a5eab2549013abd138514cb1f9bbce515f3c5966ee123d4323c57bc1c738293,2026-09-02T16:40:54+00:00
2026-07-31,PR,2022Q2,FMP,REVENUE_USD,401185778.0,D:\Programming\python_example\Arcana\data-lake\bronze\consensus\fmp\analyst-estimates\period=quarter\snapshot_date=2026-07-31\ticker=PR.json,1a5eab2549013abd138514cb1f9bbce515f3c5966ee123d4323c57bc1c738293,2026-09-02T16:40:54+00:00
2026-07-31,PR,2022Q1,FMP,REVENUE_USD,310970667.0,D:\Programming\python_example\Arcana\data-lake\bronze\consensus\fmp\analyst-estimates\period=quarter\snapshot_date=2026-07-31\ticker=PR.json,1a5eab2549013abd138514cb1f9bbce515f3c5966ee123d4323c57bc1c738293,2026-09-02T16:40:54+00:00
2026-07-31,PR,2021Q4,FMP,REVENUE_USD,285848041.0,D:\Programming\python_example\Arcana\data-lake\bronze\consensus\fmp\analyst-estimates\period=quarter\snapshot_date=2026-07-31\ticker=PR.json,1a5eab2549013abd138514cb1f9bbce515f3c5966ee123d4323c57bc1c738293,2026-09-02T16:40:54+00:00
2026-07-31,PR,2021Q3,FMP,REVENUE_USD,248399372.0,D:\Programming\python_example\Arcana\data-lake\bronze\consensus\fmp\analyst-estimates\period=quarter\snapshot_date=2026-07-31\ticker=PR.json,1a5eab2549013abd138514cb1f9bbce515f3c5966ee123d4323c57bc1c738293,2026-09-02T16:40:54+00:00
2026-07-31,PR,2021Q2,FMP,REVENUE_USD,195042612.0,D:\Programming\python_example\Arcana\data-lake\bronze\consensus\fmp\analyst-estimates\period=quarter\snapshot_date=2026-07-31\ticker=PR.json,1a5eab2549013abd138514cb1f9bbce515f3c5966ee123d4323c57bc1c738293,2026-09-02T16:40:54+00:00
2026-07-31,PR,2021Q1,FMP,REVENUE_USD,155298058.0,D:\Programming\python_example\Arcana\data-lake\bronze\consensus\fmp\analyst-estimates\period=quarter\snapshot_date=2026-07-31\ticker=PR.json,1a5eab2549013abd138514cb1f9bbce515f3c5966ee123d4323c57bc1c738293,2026-09-02T16:40:54+00:00
2026-07-31,PR,2020Q4,FMP,REVENUE_USD,142285800.0,D:\Programming\python_example\Arcana\data-lake\bronze\consensus\fmp\analyst-estimates\period=quarter\snapshot_date=2026-07-31\ticker=PR.json,1a5eab2549013abd138514cb1f9bbce515f3c5966ee123d4323c57bc1c738293,2026-09-02T16:40:54+00:00
2026-07-31,PR,2020Q3,FMP,REVENUE_USD,115002840.0,D:\Programming\python_example\Arcana\data-lake\bronze\consensus\fmp\analyst-estimates\period=quarter\snapshot_date=2026-07-31\ticker=PR.json,1a5eab2549013abd138514cb1f9bbce515f3c5966ee123d4323c57bc1c738293,2026-09-02T16:40:54+00:00
2026-07-31,PR,2020Q2,FMP,REVENUE_USD,85049383.0,D:\Programming\python_example\Arcana\data-lake\bronze\consensus\fmp\analyst-estimates\period=quarter\snapshot_date=2026-07-31\ticker=PR.json,1a5eab2549013abd138514cb1f9bbce515f3c5966ee123d4323c57bc1c738293,2026-09-02T16:40:54+00:00
2026-07-31,PR,2020Q1,FMP,REVENUE_USD,195565685.0,D:\Programming\python_example\Arcana\data-lake\bronze\consensus\fmp\analyst-estimates\period=quarter\snapshot_date=2026-07-31\ticker=PR.json,1a5eab2549013abd138514cb1f9bbce515f3c5966ee123d4323c57bc1c738293,2026-09-02T16:40:54+00:00
2026-07-31,PR,2019Q4,FMP,REVENUE_USD,242568358.0,D:\Programming\python_example\Arcana\data-lake\bronze\consensus\fmp\analyst-estimates\period=quarter\snapshot_date=2026-07-31\ticker=PR.json,1a5eab2549013abd138514cb1f9bbce515f3c5966ee123d4323c57bc1c738293,2026-09-02T16:40:54+00:00
2026-07-31,PR,2019Q3,FMP,REVENUE_USD,223863382.0,D:\Programming\python_example\Arcana\data-lake\bronze\consensus\fmp\analyst-estimates\period=quarter\snapshot_date=2026-07-31\ticker=PR.json,1a5eab2549013abd138514cb1f9bbce515f3c5966ee123d4323c57bc1c738293,2026-09-02T16:40:54+00:00
2026-07-31,PR,2019Q2,FMP,REVENUE_USD,233131299.0,D:\Programming\python_example\Arcana\data-lake\bronze\consensus\fmp\analyst-estimates\period=quarter\snapshot_date=2026-07-31\ticker=PR.json,1a5eab2549013abd138514cb1f9bbce515f3c5966ee123d4323c57bc1c738293,2026-09-02T16:40:54+00:00
2026-07-31,PR,2019Q1,FMP,REVENUE_USD,211982982.0,D:\Programming\python_example\Arcana\data-lake\bronze\consensus\fmp\analyst-estimates\period=quarter\snapshot_date=2026-07-31\ticker=PR.json,1a5eab2549013abd138514cb1f9bbce515f3c5966ee123d4323c57bc1c738293,2026-09-02T16:40:54+00:00
2026-07-31,RRC,2029Q4,FMP,REVENUE_USD,960030609.0,D:\Programming\python_example\Arcana\data-lake\bronze\consensus\fmp\analyst-estimates\period=quarter\snapshot_date=2026-07-31\ticker=RRC.json,6f3dc3e29f61fa2f6f9c7d31adddece6fe3114b432b87c9e79a6a06fe1e2dda6,2026-09-02T16:40:54+00:00
2026-07-31,RRC,2029Q3,FMP,REVENUE_USD,950393536.0,D:\Programming\python_example\Arcana\data-lake\bronze\consensus\fmp\analyst-estimates\period=quarter\snapshot_date=2026-07-31\ticker=RRC.json,6f3dc3e29f61fa2f6f9c7d31adddece6fe3114b432b87c9e79a6a06fe1e2dda6,2026-09-02T16:40:54+00:00
2026-07-31,RRC,2029Q2,FMP,REVENUE_USD,940853204.0,D:\Programming\python_example\Arcana\data-lake\bronze\consensus\fmp\analyst-estimates\period=quarter\snapshot_date=2026-07-31\ticker=RRC.json,6f3dc3e29f61fa2f6f9c7d31adddece6fe3114b432b87c9e79a6a06fe1e2dda6,2026-09-02T16:40:54+00:00
2026-07-31,RRC,2029Q1,FMP,REVENUE_USD,931408640.0,D:\Programming\python_example\Arcana\data-lake\bronze\consensus\fmp\analyst-estimates\period=quarter\snapshot_date=2026-07-31\ticker=RRC.json,6f3dc3e29f61fa2f6f9c7d31adddece6fe3114b432b87c9e79a6a06fe1e2dda6,2026-09-02T16:40:54+00:00
2026-07-31,RRC,2028Q4,FMP,REVENUE_USD,997557592.0,D:\Programming\python_example\Arcana\data-lake\bronze\consensus\fmp\analyst-estimates\period=quarter\snapshot_date=2026-07-31\ticker=RRC.json,6f3dc3e29f61fa2f6f9c7d31adddece6fe3114b432b87c9e79a6a06fe1e2dda6,2026-09-02T16:40:54+00:00
2026-07-31,RRC,2028Q3,FMP,REVENUE_USD,933747208.0,D:\Programming\python_example\Arcana\data-lake\bronze\consensus\fmp\analyst-estimates\period=quarter\snapshot_date=2026-07-31\ticker=RRC.json,6f3dc3e29f61fa2f6f9c7d31adddece6fe3114b432b87c9e79a6a06fe1e2dda6,2026-09-02T16:40:54+00:00
2026-07-31,RRC,2028Q2,FMP,REVENUE_USD,902193868.0,D:\Programming\python_example\Arcana\data-lake\bronze\consensus\fmp\analyst-estimates\period=quarter\snapshot_date=2026-07-31\ticker=RRC.json,6f3dc3e29f61fa2f6f9c7d31adddece6fe3114b432b87c9e79a6a06fe1e2dda6,2026-09-02T16:40:54+00:00
2026-07-31,RRC,2028Q1,FMP,REVENUE_USD,1026041884.0,D:\Programming\python_example\Arcana\data-lake\bronze\consensus\fmp\analyst-estimates\period=quarter\snapshot_date=2026-07-31\ticker=RRC.json,6f3dc3e29f61fa2f6f9c7d31adddece6fe3114b432b87c9e79a6a06fe1e2dda6,2026-09-02T16:40:54+00:00
2026-07-31,RRC,2027Q4,FMP,REVENUE_USD,963921243.0,D:\Programming\python_example\Arcana\data-lake\bronze\consensus\fmp\analyst-estimates\period=quarter\snapshot_date=2026-07-31\ticker=RRC.json,6f3dc3e29f61fa2f6f9c7d31adddece6fe3114b432b87c9e79a6a06fe1e2dda6,2026-09-02T16:40:54+00:00
2026-07-31,RRC,2027Q3,FMP,REVENUE_USD,882787675.0,D:\Programming\python_example\Arcana\data-lake\bronze\consensus\fmp\analyst-estimates\period=quarter\snapshot_date=2026-07-31\ticker=RRC.json,6f3dc3e29f61fa2f6f9c7d31adddece6fe3114b432b87c9e79a6a06fe1e2dda6,2026-09-02T16:40:54+00:00
2026-07-31,RRC,2027Q2,FMP,REVENUE_USD,831127663.0,D:\Programming\python_example\Arcana\data-lake\bronze\consensus\fmp\analyst-estimates\period=quarter\snapshot_date=2026-07-31\ticker=RRC.json,6f3dc3e29f61fa2f6f9c7d31adddece6fe3114b432b87c9e79a6a06fe1e2dda6,2026-09-02T16:40:54+00:00
2026-07-31,RRC,2027Q1,FMP,REVENUE_USD,934211339.0,D:\Programming\python_example\Arcana\data-lake\bronze\consensus\fmp\analyst-estimates\period=quarter\snapshot_date=2026-07-31\ticker=RRC.json,6f3dc3e29f61fa2f6f9c7d31adddece6fe3114b432b87c9e79a6a06fe1e2dda6,2026-09-02T16:40:54+00:00
2026-07-31,RRC,2026Q4,FMP,REVENUE_USD,912081163.0,D:\Programming\python_example\Arcana\data-lake\bronze\consensus\fmp\analyst-estimates\period=quarter\snapshot_date=2026-07-31\ticker=RRC.json,6f3dc3e29f61fa2f6f9c7d31adddece6fe3114b432b87c9e79a6a06fe1e2dda6,2026-09-02T16:40:54+00:00
2026-07-31,RRC,2026Q3,FMP,REVENUE_USD,819992102.0,D:\Programming\python_example\Arcana\data-lake\bronze\consensus\fmp\analyst-estimates\period=quarter\snapshot_date=2026-07-31\ticker=RRC.json,6f3dc3e29f61fa2f6f9c7d31adddece6fe3114b432b87c9e79a6a06fe1e2dda6,2026-09-02T16:40:54+00:00
2026-07-31,RRC,2026Q2,FMP,REVENUE_USD,744777285.0,D:\Programming\python_example\Arcana\data-lake\bronze\consensus\fmp\analyst-estimates\period=quarter\snapshot_date=2026-07-31\ticker=RRC.json,6f3dc3e29f61fa2f6f9c7d31adddece6fe3114b432b87c9e79a6a06fe1e2dda6,2026-09-02T16:40:54+00:00
2026-07-31,RRC,2026Q1,FMP,REVENUE_USD,925185413.0,D:\Programming\python_example\Arcana\data-lake\bronze\consensus\fmp\analyst-estimates\period=quarter\snapshot_date=2026-07-31\ticker=RRC.json,6f3dc3e29f61fa2f6f9c7d31adddece6fe3114b432b87c9e79a6a06fe1e2dda6,2026-09-02T16:40:54+00:00
2026-07-31,RRC,2025Q4,FMP,REVENUE_USD,752474298.0,D:\Programming\python_example\Arcana\data-lake\bronze\consensus\fmp\analyst-estimates\period=quarter\snapshot_date=2026-07-31\ticker=RRC.json,6f3dc3e29f61fa2f6f9c7d31adddece6fe3114b432b87c9e79a6a06fe1e2dda6,2026-09-02T16:40:54+00:00
2026-07-31,RRC,2025Q3,FMP,REVENUE_USD,683585032.0,D:\Programming\python_example\Arcana\data-lake\bronze\consensus\fmp\analyst-estimates\period=quarter\snapshot_date=2026-07-31\ticker=RRC.json,6f3dc3e29f61fa2f6f9c7d31adddece6fe3114b432b87c9e79a6a06fe1e2dda6,2026-09-02T16:40:54+00:00
2026-07-31,RRC,2025Q2,FMP,REVENUE_USD,720268044.0,D:\Programming\python_example\Arcana\data-lake\bronze\consensus\fmp\analyst-estimates\period=quarter\snapshot_date=2026-07-31\ticker=RRC.json,6f3dc3e29f61fa2f6f9c7d31adddece6fe3114b432b87c9e79a6a06fe1e2dda6,2026-09-02T16:40:54+00:00
2026-07-31,RRC,2025Q1,FMP,REVENUE_USD,795865748.0,D:\Programming\python_example\Arcana\data-lake\bronze\consensus\fmp\analyst-estimates\period=quarter\snapshot_date=2026-07-31\ticker=RRC.json,6f3dc3e29f61fa2f6f9c7d31adddece6fe3114b432b87c9e79a6a06fe1e2dda6,2026-09-02T16:40:54+00:00
2026-07-31,RRC,2024Q4,FMP,REVENUE_USD,691849433.0,D:\Programming\python_example\Arcana\data-lake\bronze\consensus\fmp\analyst-estimates\period=quarter\snapshot_date=2026-07-31\ticker=RRC.json,6f3dc3e29f61fa2f6f9c7d31adddece6fe3114b432b87c9e79a6a06fe1e2dda6,2026-09-02T16:40:54+00:00
2026-07-31,RRC,2024Q3,FMP,REVENUE_USD,617899763.0,D:\Programming\python_example\Arcana\data-lake\bronze\consensus\fmp\analyst-estimates\period=quarter\snapshot_date=2026-07-31\ticker=RRC.json,6f3dc3e29f61fa2f6f9c7d31adddece6fe3114b432b87c9e79a6a06fe1e2dda6,2026-09-02T16:40:54+00:00
2026-07-31,RRC,2024Q2,FMP,REVENUE_USD,610908831.0,D:\Programming\python_example\Arcana\data-lake\bronze\consensus\fmp\analyst-estimates\period=quarter\snapshot_date=2026-07-31\ticker=RRC.json,6f3dc3e29f61fa2f6f9c7d31adddece6fe3114b432b87c9e79a6a06fe1e2dda6,2026-09-02T16:40:54+00:00
2026-07-31,RRC,2024Q1,FMP,REVENUE_USD,680276253.0,D:\Programming\python_example\Arcana\data-lake\bronze\consensus\fmp\analyst-estimates\period=quarter\snapshot_date=2026-07-31\ticker=RRC.json,6f3dc3e29f61fa2f6f9c7d31adddece6fe3114b432b87c9e79a6a06fe1e2dda6,2026-09-02T16:40:54+00:00
2026-07-31,RRC,2023Q4,FMP,REVENUE_USD,673617149.0,D:\Programming\python_example\Arcana\data-lake\bronze\consensus\fmp\analyst-estimates\period=quarter\snapshot_date=2026-07-31\ticker=RRC.json,6f3dc3e29f61fa2f6f9c7d31adddece6fe3114b432b87c9e79a6a06fe1e2dda6,2026-09-02T16:40:54+00:00
2026-07-31,RRC,2023Q3,FMP,REVENUE_USD,612750226.0,D:\Programming\python_example\Arcana\data-lake\bronze\consensus\fmp\analyst-estimates\period=quarter\snapshot_date=2026-07-31\ticker=RRC.json,6f3dc3e29f61fa2f6f9c7d31adddece6fe3114b432b87c9e79a6a06fe1e2dda6,2026-09-02T16:40:54+00:00
2026-07-31,RRC,2023Q2,FMP,REVENUE_USD,568184228.0,D:\Programming\python_example\Arcana\data-lake\bronze\consensus\fmp\analyst-estimates\period=quarter\snapshot_date=2026-07-31\ticker=RRC.json,6f3dc3e29f61fa2f6f9c7d31adddece6fe3114b432b87c9e79a6a06fe1e2dda6,2026-09-02T16:40:54+00:00
2026-07-31,RRC,2023Q1,FMP,REVENUE_USD,777976097.0,D:\Programming\python_example\Arcana\data-lake\bronze\consensus\fmp\analyst-estimates\period=quarter\snapshot_date=2026-07-31\ticker=RRC.json,6f3dc3e29f61fa2f6f9c7d31adddece6fe3114b432b87c9e79a6a06fe1e2dda6,2026-09-02T16:40:54+00:00
2026-07-31,RRC,2022Q4,FMP,REVENUE_USD,934235822.0,D:\Programming\python_example\Arcana\data-lake\bronze\consensus\fmp\analyst-estimates\period=quarter\snapshot_date=2026-07-31\ticker=RRC.json,6f3dc3e29f61fa2f6f9c7d31adddece6fe3114b432b87c9e79a6a06fe1e2dda6,2026-09-02T16:40:54+00:00
2026-07-31,RRC,2022Q3,FMP,REVENUE_USD,993603906.0,D:\Programming\python_example\Arcana\data-lake\bronze\consensus\fmp\analyst-estimates\period=quarter\snapshot_date=2026-07-31\ticker=RRC.json,6f3dc3e29f61fa2f6f9c7d31adddece6fe3114b432b87c9e79a6a06fe1e2dda6,2026-09-02T16:40:54+00:00
2026-07-31,RRC,2022Q2,FMP,REVENUE_USD,946755237.0,D:\Programming\python_example\Arcana\data-lake\bronze\consensus\fmp\analyst-estimates\period=quarter\snapshot_date=2026-07-31\ticker=RRC.json,6f3dc3e29f61fa2f6f9c7d31adddece6fe3114b432b87c9e79a6a06fe1e2dda6,2026-09-02T16:40:54+00:00
2026-07-31,RRC,2022Q1,FMP,REVENUE_USD,876866414.0,D:\Programming\python_example\Arcana\data-lake\bronze\consensus\fmp\analyst-estimates\period=quarter\snapshot_date=2026-07-31\ticker=RRC.json,6f3dc3e29f61fa2f6f9c7d31adddece6fe3114b432b87c9e79a6a06fe1e2dda6,2026-09-02T16:40:54+00:00
2026-07-31,RRC,2021Q4,FMP,REVENUE_USD,874922798.0,D:\Programming\python_example\Arcana\data-lake\bronze\consensus\fmp\analyst-estimates\period=quarter\snapshot_date=2026-07-31\ticker=RRC.json,6f3dc3e29f61fa2f6f9c7d31adddece6fe3114b432b87c9e79a6a06fe1e2dda6,2026-09-02T16:40:54+00:00
2026-07-31,RRC,2021Q3,FMP,REVENUE_USD,696040692.0,D:\Programming\python_example\Arcana\data-lake\bronze\consensus\fmp\analyst-estimates\period=quarter\snapshot_date=2026-07-31\ticker=RRC.json,6f3dc3e29f61fa2f6f9c7d31adddece6fe3114b432b87c9e79a6a06fe1e2dda6,2026-09-02T16:40:54+00:00
2026-07-31,RRC,2021Q2,FMP,REVENUE_USD,594389509.0,D:\Programming\python_example\Arcana\data-lake\bronze\consensus\fmp\analyst-estimates\period=quarter\snapshot_date=2026-07-31\ticker=RRC.json,6f3dc3e29f61fa2f6f9c7d31adddece6fe3114b432b87c9e79a6a06fe1e2dda6,2026-09-02T16:40:54+00:00
2026-07-31,RRC,2021Q1,FMP,REVENUE_USD,567356481.0,D:\Programming\python_example\Arcana\data-lake\bronze\consensus\fmp\analyst-estimates\period=quarter\snapshot_date=2026-07-31\ticker=RRC.json,6f3dc3e29f61fa2f6f9c7d31adddece6fe3114b432b87c9e79a6a06fe1e2dda6,2026-09-02T16:40:54+00:00
2026-07-31,RRC,2020Q4,FMP,REVENUE_USD,500513893.0,D:\Programming\python_example\Arcana\data-lake\bronze\consensus\fmp\analyst-estimates\period=quarter\snapshot_date=2026-07-31\ticker=RRC.json,6f3dc3e29f61fa2f6f9c7d31adddece6fe3114b432b87c9e79a6a06fe1e2dda6,2026-09-02T16:40:54+00:00
2026-07-31,RRC,2020Q3,FMP,REVENUE_USD,502036950.0,D:\Programming\python_example\Arcana\data-lake\bronze\consensus\fmp\analyst-estimates\period=quarter\snapshot_date=2026-07-31\ticker=RRC.json,6f3dc3e29f61fa2f6f9c7d31adddece6fe3114b432b87c9e79a6a06fe1e2dda6,2026-09-02T16:40:54+00:00
2026-07-31,RRC,2020Q2,FMP,REVENUE_USD,474999238.0,D:\Programming\python_example\Arcana\data-lake\bronze\consensus\fmp\analyst-estimates\period=quarter\snapshot_date=2026-07-31\ticker=RRC.json,6f3dc3e29f61fa2f6f9c7d31adddece6fe3114b432b87c9e79a6a06fe1e2dda6,2026-09-02T16:40:54+00:00
2026-07-31,RRC,2020Q1,FMP,REVENUE_USD,573255321.0,D:\Programming\python_example\Arcana\data-lake\bronze\consensus\fmp\analyst-estimates\period=quarter\snapshot_date=2026-07-31\ticker=RRC.json,6f3dc3e29f61fa2f6f9c7d31adddece6fe3114b432b87c9e79a6a06fe1e2dda6,2026-09-02T16:40:54+00:00
2026-07-31,RRC,2019Q4,FMP,REVENUE_USD,602312090.0,D:\Programming\python_example\Arcana\data-lake\bronze\consensus\fmp\analyst-estimates\period=quarter\snapshot_date=2026-07-31\ticker=RRC.json,6f3dc3e29f61fa2f6f9c7d31adddece6fe3114b432b87c9e79a6a06fe1e2dda6,2026-09-02T16:40:54+00:00
2026-07-31,RRC,2019Q3,FMP,REVENUE_USD,552197462.0,D:\Programming\python_example\Arcana\data-lake\bronze\consensus\fmp\analyst-estimates\period=quarter\snapshot_date=2026-07-31\ticker=RRC.json,6f3dc3e29f61fa2f6f9c7d31adddece6fe3114b432b87c9e79a6a06fe1e2dda6,2026-09-02T16:40:54+00:00
2026-07-31,RRC,2019Q2,FMP,REVENUE_USD,593785246.0,D:\Programming\python_example\Arcana\data-lake\bronze\consensus\fmp\analyst-estimates\period=quarter\snapshot_date=2026-07-31\ticker=RRC.json,6f3dc3e29f61fa2f6f9c7d31adddece6fe3114b432b87c9e79a6a06fe1e2dda6,2026-09-02T16:40:54+00:00
2026-07-31,RRC,2019Q1,FMP,REVENUE_USD,707134903.0,D:\Programming\python_example\Arcana\data-lake\bronze\consensus\fmp\analyst-estimates\period=quarter\snapshot_date=2026-07-31\ticker=RRC.json,6f3dc3e29f61fa2f6f9c7d31adddece6fe3114b432b87c9e79a6a06fe1e2dda6,2026-09-02T16:40:54+00:00
2026-07-31,RRC,2018Q4,FMP,REVENUE_USD,601676523.0,D:\Programming\python_example\Arcana\data-lake\bronze\consensus\fmp\analyst-estimates\period=quarter\snapshot_date=2026-07-31\ticker=RRC.json,6f3dc3e29f61fa2f6f9c7d31adddece6fe3114b432b87c9e79a6a06fe1e2dda6,2026-09-02T16:40:54+00:00
2026-07-31,RRC,2018Q3,FMP,REVENUE_USD,585564923.0,D:\Programming\python_example\Arcana\data-lake\bronze\consensus\fmp\analyst-estimates\period=quarter\snapshot_date=2026-07-31\ticker=RRC.json,6f3dc3e29f61fa2f6f9c7d31adddece6fe3114b432b87c9e79a6a06fe1e2dda6,2026-09-02T16:40:54+00:00
2026-07-31,RRC,2018Q2,FMP,REVENUE_USD,512644946.0,D:\Programming\python_example\Arcana\data-lake\bronze\consensus\fmp\analyst-estimates\period=quarter\snapshot_date=2026-07-31\ticker=RRC.json,6f3dc3e29f61fa2f6f9c7d31adddece6fe3114b432b87c9e79a6a06fe1e2dda6,2026-09-02T16:40:54+00:00
2026-07-31,RRC,2018Q1,FMP,REVENUE_USD,707256521.0,D:\Programming\python_example\Arcana\data-lake\bronze\consensus\fmp\analyst-estimates\period=quarter\snapshot_date=2026-07-31\ticker=RRC.json,6f3dc3e29f61fa2f6f9c7d31adddece6fe3114b432b87c9e79a6a06fe1e2dda6,2026-09-02T16:40:54+00:00
2026-07-31,RRC,2017Q4,FMP,REVENUE_USD,475636363.0,D:\Programming\python_example\Arcana\data-lake\bronze\consensus\fmp\analyst-estimates\period=quarter\snapshot_date=2026-07-31\ticker=RRC.json,6f3dc3e29f61fa2f6f9c7d31adddece6fe3114b432b87c9e79a6a06fe1e2dda6,2026-09-02T16:40:54+00:00
2026-07-31,RRC,2017Q3,FMP,REVENUE_USD,470792848.0,D:\Programming\python_example\Arcana\data-lake\bronze\consensus\fmp\analyst-estimates\period=quarter\snapshot_date=2026-07-31\ticker=RRC.json,6f3dc3e29f61fa2f6f9c7d31adddece6fe3114b432b87c9e79a6a06fe1e2dda6,2026-09-02T16:40:54+00:00
2026-07-31,RRC,2017Q2,FMP,REVENUE_USD,749200000.0,D:\Programming\python_example\Arcana\data-lake\bronze\consensus\fmp\analyst-estimates\period=quarter\snapshot_date=2026-07-31\ticker=RRC.json,6f3dc3e29f61fa2f6f9c7d31adddece6fe3114b432b87c9e79a6a06fe1e2dda6,2026-09-02T16:40:54+00:00
2026-07-31,RRC,2017Q1,FMP,REVENUE_USD,464436000.0,D:\Programming\python_example\Arcana\data-lake\bronze\consensus\fmp\analyst-estimates\period=quarter\snapshot_date=2026-07-31\ticker=RRC.json,6f3dc3e29f61fa2f6f9c7d31adddece6fe3114b432b87c9e79a6a06fe1e2dda6,2026-09-02T16:40:54+00:00
2026-07-31,RRC,2016Q4,FMP,REVENUE_USD,373907407.0,D:\Programming\python_example\Arcana\data-lake\bronze\consensus\fmp\analyst-estimates\period=quarter\snapshot_date=2026-07-31\ticker=RRC.json,6f3dc3e29f61fa2f6f9c7d31adddece6fe3114b432b87c9e79a6a06fe1e2dda6,2026-09-02T16:40:54+00:00
2026-07-31,RRC,2016Q3,FMP,REVENUE_USD,929866666.0,D:\Programming\python_example\Arcana\data-lake\bronze\consensus\fmp\analyst-estimates\period=quarter\snapshot_date=2026-07-31\ticker=RRC.json,6f3dc3e29f61fa2f6f9c7d31adddece6fe3114b432b87c9e79a6a06fe1e2dda6,2026-09-02T16:40:54+00:00
2026-07-31,RRC,2016Q2,FMP,REVENUE_USD,378000000.0,D:\Programming\python_example\Arcana\data-lake\bronze\consensus\fmp\analyst-estimates\period=quarter\snapshot_date=2026-07-31\ticker=RRC.json,6f3dc3e29f61fa2f6f9c7d31adddece6fe3114b432b87c9e79a6a06fe1e2dda6,2026-09-02T16:40:54+00:00
2026-07-31,RRC,2016Q1,FMP,REVENUE_USD,464550000.0,D:\Programming\python_example\Arcana\data-lake\bronze\consensus\fmp\analyst-estimates\period=quarter\snapshot_date=2026-07-31\ticker=RRC.json,6f3dc3e29f61fa2f6f9c7d31adddece6fe3114b432b87c9e79a6a06fe1e2dda6,2026-09-02T16:40:54+00:00
2026-07-31,RRC,2015Q4,FMP,REVENUE_USD,197979503.0,D:\Programming\python_example\Arcana\data-lake\bronze\consensus\fmp\analyst-estimates\period=quarter\snapshot_date=2026-07-31\ticker=RRC.json,6f3dc3e29f61fa2f6f9c7d31adddece6fe3114b432b87c9e79a6a06fe1e2dda6,2026-09-02T16:40:54+00:00
2026-07-31,RRC,2015Q3,FMP,REVENUE_USD,463166666.0,D:\Programming\python_example\Arcana\data-lake\bronze\consensus\fmp\analyst-estimates\period=quarter\snapshot_date=2026-07-31\ticker=RRC.json,6f3dc3e29f61fa2f6f9c7d31adddece6fe3114b432b87c9e79a6a06fe1e2dda6,2026-09-02T16:40:54+00:00
2026-07-31,RRC,2015Q2,FMP,REVENUE_USD,1117600000.0,D:\Programming\python_example\Arcana\data-lake\bronze\consensus\fmp\analyst-estimates\period=quarter\snapshot_date=2026-07-31\ticker=RRC.json,6f3dc3e29f61fa2f6f9c7d31adddece6fe3114b432b87c9e79a6a06fe1e2dda6,2026-09-02T16:40:54+00:00
2026-07-31,RRC,2015Q1,FMP,REVENUE_USD,232631578.0,D:\Programming\python_example\Arcana\data-lake\bronze\consensus\fmp\analyst-estimates\period=quarter\snapshot_date=2026-07-31\ticker=RRC.json,6f3dc3e29f61fa2f6f9c7d31adddece6fe3114b432b87c9e79a6a06fe1e2dda6,2026-09-02T16:40:54+00:00
2026-07-31,RRC,2014Q4,FMP,REVENUE_USD,327384615.0,D:\Programming\python_example\Arcana\data-lake\bronze\consensus\fmp\analyst-estimates\period=quarter\snapshot_date=2026-07-31\ticker=RRC.json,6f3dc3e29f61fa2f6f9c7d31adddece6fe3114b432b87c9e79a6a06fe1e2dda6,2026-09-02T16:40:54+00:00
2026-07-31,RRC,2014Q3,FMP,REVENUE_USD,423113513.0,D:\Programming\python_example\Arcana\data-lake\bronze\consensus\fmp\analyst-estimates\period=quarter\snapshot_date=2026-07-31\ticker=RRC.json,6f3dc3e29f61fa2f6f9c7d31adddece6fe3114b432b87c9e79a6a06fe1e2dda6,2026-09-02T16:40:54+00:00
2026-07-31,RRC,2014Q2,FMP,REVENUE_USD,564000000.0,D:\Programming\python_example\Arcana\data-lake\bronze\consensus\fmp\analyst-estimates\period=quarter\snapshot_date=2026-07-31\ticker=RRC.json,6f3dc3e29f61fa2f6f9c7d31adddece6fe3114b432b87c9e79a6a06fe1e2dda6,2026-09-02T16:40:54+00:00
2026-07-31,RRC,2014Q1,FMP,REVENUE_USD,657065217.0,D:\Programming\python_example\Arcana\data-lake\bronze\consensus\fmp\analyst-estimates\period=quarter\snapshot_date=2026-07-31\ticker=RRC.json,6f3dc3e29f61fa2f6f9c7d31adddece6fe3114b432b87c9e79a6a06fe1e2dda6,2026-09-02T16:40:54+00:00
2026-07-31,RRC,2013Q4,FMP,REVENUE_USD,438176190.0,D:\Programming\python_example\Arcana\data-lake\bronze\consensus\fmp\analyst-estimates\period=quarter\snapshot_date=2026-07-31\ticker=RRC.json,6f3dc3e29f61fa2f6f9c7d31adddece6fe3114b432b87c9e79a6a06fe1e2dda6,2026-09-02T16:40:54+00:00
2026-07-31,RRC,2013Q3,FMP,REVENUE_USD,408342857.0,D:\Programming\python_example\Arcana\data-lake\bronze\consensus\fmp\analyst-estimates\period=quarter\snapshot_date=2026-07-31\ticker=RRC.json,6f3dc3e29f61fa2f6f9c7d31adddece6fe3114b432b87c9e79a6a06fe1e2dda6,2026-09-02T16:40:54+00:00
2026-07-31,RRC,2013Q2,FMP,REVENUE_USD,425694117.0,D:\Programming\python_example\Arcana\data-lake\bronze\consensus\fmp\analyst-estimates\period=quarter\snapshot_date=2026-07-31\ticker=RRC.json,6f3dc3e29f61fa2f6f9c7d31adddece6fe3114b432b87c9e79a6a06fe1e2dda6,2026-09-02T16:40:54+00:00
2026-07-31,RRC,2013Q1,FMP,REVENUE_USD,368475757.0,D:\Programming\python_example\Arcana\data-lake\bronze\consensus\fmp\analyst-estimates\period=quarter\snapshot_date=2026-07-31\ticker=RRC.json,6f3dc3e29f61fa2f6f9c7d31adddece6fe3114b432b87c9e79a6a06fe1e2dda6,2026-09-02T16:40:54+00:00
2026-07-31,RRC,2012Q4,FMP,REVENUE_USD,253308695.0,D:\Programming\python_example\Arcana\data-lake\bronze\consensus\fmp\analyst-estimates\period=quarter\snapshot_date=2026-07-31\ticker=RRC.json,6f3dc3e29f61fa2f6f9c7d31adddece6fe3114b432b87c9e79a6a06fe1e2dda6,2026-09-02T16:40:54+00:00
2026-07-31,RRC,2012Q3,FMP,REVENUE_USD,305640000.0,D:\Programming\python_example\Arcana\data-lake\bronze\consensus\fmp\analyst-estimates\period=quarter\snapshot_date=2026-07-31\ticker=RRC.json,6f3dc3e29f61fa2f6f9c7d31adddece6fe3114b432b87c9e79a6a06fe1e2dda6,2026-09-02T16:40:54+00:00
2026-07-31,RRC,2012Q2,FMP,REVENUE_USD,218199214.0,D:\Programming\python_example\Arcana\data-lake\bronze\consensus\fmp\analyst-estimates\period=quarter\snapshot_date=2026-07-31\ticker=RRC.json,6f3dc3e29f61fa2f6f9c7d31adddece6fe3114b432b87c9e79a6a06fe1e2dda6,2026-09-02T16:40:54+00:00
2026-07-31,RRC,2012Q1,FMP,REVENUE_USD,257760000.0,D:\Programming\python_example\Arcana\data-lake\bronze\consensus\fmp\analyst-estimates\period=quarter\snapshot_date=2026-07-31\ticker=RRC.json,6f3dc3e29f61fa2f6f9c7d31adddece6fe3114b432b87c9e79a6a06fe1e2dda6,2026-09-02T16:40:54+00:00
2026-07-31,RRC,2011Q4,FMP,REVENUE_USD,317139393.0,D:\Programming\python_example\Arcana\data-lake\bronze\consensus\fmp\analyst-estimates\period=quarter\snapshot_date=2026-07-31\ticker=RRC.json,6f3dc3e29f61fa2f6f9c7d31adddece6fe3114b432b87c9e79a6a06fe1e2dda6,2026-09-02T16:40:54+00:00
2026-07-31,RRC,2011Q3,FMP,REVENUE_USD,264000000.0,D:\Programming\python_example\Arcana\data-lake\bronze\consensus\fmp\analyst-estimates\period=quarter\snapshot_date=2026-07-31\ticker=RRC.json,6f3dc3e29f61fa2f6f9c7d31adddece6fe3114b432b87c9e79a6a06fe1e2dda6,2026-09-02T16:40:54+00:00
2026-07-31,RRC,2011Q2,FMP,REVENUE_USD,201892592.0,D:\Programming\python_example\Arcana\data-lake\bronze\consensus\fmp\analyst-estimates\period=quarter\snapshot_date=2026-07-31\ticker=RRC.json,6f3dc3e29f61fa2f6f9c7d31adddece6fe3114b432b87c9e79a6a06fe1e2dda6,2026-09-02T16:40:54+00:00
2026-07-31,RRC,2011Q1,FMP,REVENUE_USD,221004545.0,D:\Programming\python_example\Arcana\data-lake\bronze\consensus\fmp\analyst-estimates\period=quarter\snapshot_date=2026-07-31\ticker=RRC.json,6f3dc3e29f61fa2f6f9c7d31adddece6fe3114b432b87c9e79a6a06fe1e2dda6,2026-09-02T16:40:54+00:00
2026-07-31,RRC,2010Q4,FMP,REVENUE_USD,203073684.0,D:\Programming\python_example\Arcana\data-lake\bronze\consensus\fmp\analyst-estimates\period=quarter\snapshot_date=2026-07-31\ticker=RRC.json,6f3dc3e29f61fa2f6f9c7d31adddece6fe3114b432b87c9e79a6a06fe1e2dda6,2026-09-02T16:40:54+00:00
2026-07-31,RRC,2010Q3,FMP,REVENUE_USD,154250000.0,D:\Programming\python_example\Arcana\data-lake\bronze\consensus\fmp\analyst-estimates\period=quarter\snapshot_date=2026-07-31\ticker=RRC.json,6f3dc3e29f61fa2f6f9c7d31adddece6fe3114b432b87c9e79a6a06fe1e2dda6,2026-09-02T16:40:54+00:00
2026-07-31,RRC,2010Q2,FMP,REVENUE_USD,211200000.0,D:\Programming\python_example\Arcana\data-lake\bronze\consensus\fmp\analyst-estimates\period=quarter\snapshot_date=2026-07-31\ticker=RRC.json,6f3dc3e29f61fa2f6f9c7d31adddece6fe3114b432b87c9e79a6a06fe1e2dda6,2026-09-02T16:40:54+00:00
2026-07-31,RRC,2010Q1,FMP,REVENUE_USD,166075000.0,D:\Programming\python_example\Arcana\data-lake\bronze\consensus\fmp\analyst-estimates\period=quarter\snapshot_date=2026-07-31\ticker=RRC.json,6f3dc3e29f61fa2f6f9c7d31adddece6fe3114b432b87c9e79a6a06fe1e2dda6,2026-09-02T16:40:54+00:00
2026-07-31,RRC,2009Q4,FMP,REVENUE_USD,204525000.0,D:\Programming\python_example\Arcana\data-lake\bronze\consensus\fmp\analyst-estimates\period=quarter\snapshot_date=2026-07-31\ticker=RRC.json,6f3dc3e29f61fa2f6f9c7d31adddece6fe3114b432b87c9e79a6a06fe1e2dda6,2026-09-02T16:40:54+00:00
2026-07-31,RRC,2009Q3,FMP,REVENUE_USD,172700000.0,D:\Programming\python_example\Arcana\data-lake\bronze\consensus\fmp\analyst-estimates\period=quarter\snapshot_date=2026-07-31\ticker=RRC.json,6f3dc3e29f61fa2f6f9c7d31adddece6fe3114b432b87c9e79a6a06fe1e2dda6,2026-09-02T16:40:54+00:00
2026-07-31,RRC,2009Q2,FMP,REVENUE_USD,167057142.0,D:\Programming\python_example\Arcana\data-lake\bronze\consensus\fmp\analyst-estimates\period=quarter\snapshot_date=2026-07-31\ticker=RRC.json,6f3dc3e29f61fa2f6f9c7d31adddece6fe3114b432b87c9e79a6a06fe1e2dda6,2026-09-02T16:40:54+00:00
2026-07-31,RRC,2009Q1,FMP,REVENUE_USD,176575000.0,D:\Programming\python_example\Arcana\data-lake\bronze\consensus\fmp\analyst-estimates\period=quarter\snapshot_date=2026-07-31\ticker=RRC.json,6f3dc3e29f61fa2f6f9c7d31adddece6fe3114b432b87c9e79a6a06fe1e2dda6,2026-09-02T16:40:54+00:00
2026-07-31,RRC,2008Q4,FMP,REVENUE_USD,150266666.0,D:\Programming\python_example\Arcana\data-lake\bronze\consensus\fmp\analyst-estimates\period=quarter\snapshot_date=2026-07-31\ticker=RRC.json,6f3dc3e29f61fa2f6f9c7d31adddece6fe3114b432b87c9e79a6a06fe1e2dda6,2026-09-02T16:40:54+00:00
2026-07-31,RRC,2008Q3,FMP,REVENUE_USD,342941176.0,D:\Programming\python_example\Arcana\data-lake\bronze\consensus\fmp\analyst-estimates\period=quarter\snapshot_date=2026-07-31\ticker=RRC.json,6f3dc3e29f61fa2f6f9c7d31adddece6fe3114b432b87c9e79a6a06fe1e2dda6,2026-09-02T16:40:54+00:00
2026-07-31,RRC,2008Q2,FMP,REVENUE_USD,399322916.0,D:\Programming\python_example\Arcana\data-lake\bronze\consensus\fmp\analyst-estimates\period=quarter\snapshot_date=2026-07-31\ticker=RRC.json,6f3dc3e29f61fa2f6f9c7d31adddece6fe3114b432b87c9e79a6a06fe1e2dda6,2026-09-02T16:40:54+00:00
2026-07-31,RRC,2008Q1,FMP,REVENUE_USD,286635483.0,D:\Programming\python_example\Arcana\data-lake\bronze\consensus\fmp\analyst-estimates\period=quarter\snapshot_date=2026-07-31\ticker=RRC.json,6f3dc3e29f61fa2f6f9c7d31adddece6fe3114b432b87c9e79a6a06fe1e2dda6,2026-09-02T16:40:54+00:00
2026-07-31,RRC,2007Q4,FMP,REVENUE_USD,272250000.0,D:\Programming\python_example\Arcana\data-lake\bronze\consensus\fmp\analyst-estimates\period=quarter\snapshot_date=2026-07-31\ticker=RRC.json,6f3dc3e29f61fa2f6f9c7d31adddece6fe3114b432b87c9e79a6a06fe1e2dda6,2026-09-02T16:40:54+00:00
2026-07-31,RRC,2007Q3,FMP,REVENUE_USD,212223809.0,D:\Programming\python_example\Arcana\data-lake\bronze\consensus\fmp\analyst-estimates\period=quarter\snapshot_date=2026-07-31\ticker=RRC.json,6f3dc3e29f61fa2f6f9c7d31adddece6fe3114b432b87c9e79a6a06fe1e2dda6,2026-09-02T16:40:54+00:00
2026-07-31,RRC,2007Q2,FMP,REVENUE_USD,198990243.0,D:\Programming\python_example\Arcana\data-lake\bronze\consensus\fmp\analyst-estimates\period=quarter\snapshot_date=2026-07-31\ticker=RRC.json,6f3dc3e29f61fa2f6f9c7d31adddece6fe3114b432b87c9e79a6a06fe1e2dda6,2026-09-02T16:40:54+00:00
2026-07-31,RRC,2007Q1,FMP,REVENUE_USD,165750000.0,D:\Programming\python_example\Arcana\data-lake\bronze\consensus\fmp\analyst-estimates\period=quarter\snapshot_date=2026-07-31\ticker=RRC.json,6f3dc3e29f61fa2f6f9c7d31adddece6fe3114b432b87c9e79a6a06fe1e2dda6,2026-09-02T16:40:54+00:00
2026-07-31,RRC,2006Q4,FMP,REVENUE_USD,118452380.0,D:\Programming\python_example\Arcana\data-lake\bronze\consensus\fmp\analyst-estimates\period=quarter\snapshot_date=2026-07-31\ticker=RRC.json,6f3dc3e29f61fa2f6f9c7d31adddece6fe3114b432b87c9e79a6a06fe1e2dda6,2026-09-02T16:40:54+00:00
2026-07-31,RRC,2006Q3,FMP,REVENUE_USD,154300000.0,D:\Programming\python_example\Arcana\data-lake\bronze\consensus\fmp\analyst-estimates\period=quarter\snapshot_date=2026-07-31\ticker=RRC.json,6f3dc3e29f61fa2f6f9c7d31adddece6fe3114b432b87c9e79a6a06fe1e2dda6,2026-09-02T16:40:54+00:00
2026-07-31,RRC,2006Q2,FMP,REVENUE_USD,163558620.0,D:\Programming\python_example\Arcana\data-lake\bronze\consensus\fmp\analyst-estimates\period=quarter\snapshot_date=2026-07-31\ticker=RRC.json,6f3dc3e29f61fa2f6f9c7d31adddece6fe3114b432b87c9e79a6a06fe1e2dda6,2026-09-02T16:40:54+00:00
2026-07-31,RRC,2006Q1,FMP,REVENUE_USD,170010256.0,D:\Programming\python_example\Arcana\data-lake\bronze\consensus\fmp\analyst-estimates\period=quarter\snapshot_date=2026-07-31\ticker=RRC.json,6f3dc3e29f61fa2f6f9c7d31adddece6fe3114b432b87c9e79a6a06fe1e2dda6,2026-09-02T16:40:54+00:00
2026-07-31,RRC,2005Q4,FMP,REVENUE_USD,171767741.0,D:\Programming\python_example\Arcana\data-lake\bronze\consensus\fmp\analyst-estimates\period=quarter\snapshot_date=2026-07-31\ticker=RRC.json,6f3dc3e29f61fa2f6f9c7d31adddece6fe3114b432b87c9e79a6a06fe1e2dda6,2026-09-02T16:40:54+00:00
2026-07-31,RRC,2005Q3,FMP,REVENUE_USD,127131034.0,D:\Programming\python_example\Arcana\data-lake\bronze\consensus\fmp\analyst-estimates\period=quarter\snapshot_date=2026-07-31\ticker=RRC.json,6f3dc3e29f61fa2f6f9c7d31adddece6fe3114b432b87c9e79a6a06fe1e2dda6,2026-09-02T16:40:54+00:00
2026-07-31,RRC,2005Q2,FMP,REVENUE_USD,119700000.0,D:\Programming\python_example\Arcana\data-lake\bronze\consensus\fmp\analyst-estimates\period=quarter\snapshot_date=2026-07-31\ticker=RRC.json,6f3dc3e29f61fa2f6f9c7d31adddece6fe3114b432b87c9e79a6a06fe1e2dda6,2026-09-02T16:40:54+00:00
2026-07-31,RRC,2005Q1,FMP,REVENUE_USD,108000000.0,D:\Programming\python_example\Arcana\data-lake\bronze\consensus\fmp\analyst-estimates\period=quarter\snapshot_date=2026-07-31\ticker=RRC.json,6f3dc3e29f61fa2f6f9c7d31adddece6fe3114b432b87c9e79a6a06fe1e2dda6,2026-09-02T16:40:54+00:00
2026-07-31,RRC,2004Q3,FMP,REVENUE_USD,86200000.0,D:\Programming\python_example\Arcana\data-lake\bronze\consensus\fmp\analyst-estimates\period=quarter\snapshot_date=2026-07-31\ticker=RRC.json,6f3dc3e29f61fa2f6f9c7d31adddece6fe3114b432b87c9e79a6a06fe1e2dda6,2026-09-02T16:40:54+00:00
2026-07-31,RRC,2004Q2,FMP,REVENUE_USD,75570000.0,D:\Programming\python_example\Arcana\data-lake\bronze\consensus\fmp\analyst-estimates\period=quarter\snapshot_date=2026-07-31\ticker=RRC.json,6f3dc3e29f61fa2f6f9c7d31adddece6fe3114b432b87c9e79a6a06fe1e2dda6,2026-09-02T16:40:54+00:00
2026-07-31,RRC,2004Q1,FMP,REVENUE_USD,76200000.0,D:\Programming\python_example\Arcana\data-lake\bronze\consensus\fmp\analyst-estimates\period=quarter\snapshot_date=2026-07-31\ticker=RRC.json,6f3dc3e29f61fa2f6f9c7d31adddece6fe3114b432b87c9e79a6a06fe1e2dda6,2026-09-02T16:40:54+00:00
2026-07-31,RRC,2003Q3,FMP,REVENUE_USD,86400000.0,D:\Programming\python_example\Arcana\data-lake\bronze\consensus\fmp\analyst-estimates\period=quarter\snapshot_date=2026-07-31\ticker=RRC.json,6f3dc3e29f61fa2f6f9c7d31adddece6fe3114b432b87c9e79a6a06fe1e2dda6,2026-09-02T16:40:54+00:00
2026-07-31,RRC,2003Q2,FMP,REVENUE_USD,47200833.0,D:\Programming\python_example\Arcana\data-lake\bronze\consensus\fmp\analyst-estimates\period=quarter\snapshot_date=2026-07-31\ticker=RRC.json,6f3dc3e29f61fa2f6f9c7d31adddece6fe3114b432b87c9e79a6a06fe1e2dda6,2026-09-02T16:40:54+00:00
2026-07-31,RRC,2003Q1,FMP,REVENUE_USD,75965333.0,D:\Programming\python_example\Arcana\data-lake\bronze\consensus\fmp\analyst-estimates\period=quarter\snapshot_date=2026-07-31\ticker=RRC.json,6f3dc3e29f61fa2f6f9c7d31adddece6fe3114b432b87c9e79a6a06fe1e2dda6,2026-09-02T16:40:54+00:00
2026-07-31,RRC,2002Q3,FMP,REVENUE_USD,37381818.0,D:\Programming\python_example\Arcana\data-lake\bronze\consensus\fmp\analyst-estimates\period=quarter\snapshot_date=2026-07-31\ticker=RRC.json,6f3dc3e29f61fa2f6f9c7d31adddece6fe3114b432b87c9e79a6a06fe1e2dda6,2026-09-02T16:40:54+00:00
2026-07-31,RRC,2002Q2,FMP,REVENUE_USD,61233333.0,D:\Programming\python_example\Arcana\data-lake\bronze\consensus\fmp\analyst-estimates\period=quarter\snapshot_date=2026-07-31\ticker=RRC.json,6f3dc3e29f61fa2f6f9c7d31adddece6fe3114b432b87c9e79a6a06fe1e2dda6,2026-09-02T16:40:54+00:00
2026-07-31,RRC,2002Q1,FMP,REVENUE_USD,56750000.0,D:\Programming\python_example\Arcana\data-lake\bronze\consensus\fmp\analyst-estimates\period=quarter\snapshot_date=2026-07-31\ticker=RRC.json,6f3dc3e29f61fa2f6f9c7d31adddece6fe3114b432b87c9e79a6a06fe1e2dda6,2026-09-02T16:40:54+00:00
2026-07-31,RRC,2001Q3,FMP,REVENUE_USD,40522222.0,D:\Programming\python_example\Arcana\data-lake\bronze\consensus\fmp\analyst-estimates\period=quarter\snapshot_date=2026-07-31\ticker=RRC.json,6f3dc3e29f61fa2f6f9c7d31adddece6fe3114b432b87c9e79a6a06fe1e2dda6,2026-09-02T16:40:54+00:00
2026-07-31,RRC,2000Q3,FMP,REVENUE_USD,7466666.0,D:\Programming\python_example\Arcana\data-lake\bronze\consensus\fmp\analyst-estimates\period=quarter\snapshot_date=2026-07-31\ticker=RRC.json,6f3dc3e29f61fa2f6f9c7d31adddece6fe3114b432b87c9e79a6a06fe1e2dda6,2026-09-02T16:40:54+00:00
2026-07-31,RRC,2000Q2,FMP,REVENUE_USD,10325000.0,D:\Programming\python_example\Arcana\data-lake\bronze\consensus\fmp\analyst-estimates\period=quarter\snapshot_date=2026-07-31\ticker=RRC.json,6f3dc3e29f61fa2f6f9c7d31adddece6fe3114b432b87c9e79a6a06fe1e2dda6,2026-09-02T16:40:54+00:00
2026-07-31,RRC,1999Q3,FMP,REVENUE_USD,243300000.0,D:\Programming\python_example\Arcana\data-lake\bronze\consensus\fmp\analyst-estimates\period=quarter\snapshot_date=2026-07-31\ticker=RRC.json,6f3dc3e29f61fa2f6f9c7d31adddece6fe3114b432b87c9e79a6a06fe1e2dda6,2026-09-02T16:40:54+00:00
2026-07-31,RRC,1999Q2,FMP,REVENUE_USD,42200000.0,D:\Programming\python_example\Arcana\data-lake\bronze\consensus\fmp\analyst-estimates\period=quarter\snapshot_date=2026-07-31\ticker=RRC.json,6f3dc3e29f61fa2f6f9c7d31adddece6fe3114b432b87c9e79a6a06fe1e2dda6,2026-09-02T16:40:54+00:00
2026-07-31,RRC,1999Q1,FMP,REVENUE_USD,33441176.0,D:\Programming\python_example\Arcana\data-lake\bronze\consensus\fmp\analyst-estimates\period=quarter\snapshot_date=2026-07-31\ticker=RRC.json,6f3dc3e29f61fa2f6f9c7d31adddece6fe3114b432b87c9e79a6a06fe1e2dda6,2026-09-02T16:40:54+00:00
2026-07-31,RRC,1998Q3,FMP,REVENUE_USD,39160000.0,D:\Programming\python_example\Arcana\data-lake\bronze\consensus\fmp\analyst-estimates\period=quarter\snapshot_date=2026-07-31\ticker=RRC.json,6f3dc3e29f61fa2f6f9c7d31adddece6fe3114b432b87c9e79a6a06fe1e2dda6,2026-09-02T16:40:54+00:00
2026-07-31,RRC,1998Q2,FMP,REVENUE_USD,12920000.0,D:\Programming\python_example\Arcana\data-lake\bronze\consensus\fmp\analyst-estimates\period=quarter\snapshot_date=2026-07-31\ticker=RRC.json,6f3dc3e29f61fa2f6f9c7d31adddece6fe3114b432b87c9e79a6a06fe1e2dda6,2026-09-02T16:40:54+00:00
2026-07-31,RRC,1998Q1,FMP,REVENUE_USD,46285714.0,D:\Programming\python_example\Arcana\data-lake\bronze\consensus\fmp\analyst-estimates\period=quarter\snapshot_date=2026-07-31\ticker=RRC.json,6f3dc3e29f61fa2f6f9c7d31adddece6fe3114b432b87c9e79a6a06fe1e2dda6,2026-09-02T16:40:54+00:00
2026-07-31,RRC,1997Q4,FMP,REVENUE_USD,37950000.0,D:\Programming\python_example\Arcana\data-lake\bronze\consensus\fmp\analyst-estimates\period=quarter\snapshot_date=2026-07-31\ticker=RRC.json,6f3dc3e29f61fa2f6f9c7d31adddece6fe3114b432b87c9e79a6a06fe1e2dda6,2026-09-02T16:40:54+00:00
2026-07-31,RRC,1997Q3,FMP,REVENUE_USD,35000000.0,D:\Programming\python_example\Arcana\data-lake\bronze\consensus\fmp\analyst-estimates\period=quarter\snapshot_date=2026-07-31\ticker=RRC.json,6f3dc3e29f61fa2f6f9c7d31adddece6fe3114b432b87c9e79a6a06fe1e2dda6,2026-09-02T16:40:54+00:00
2026-07-31,RRC,1997Q2,FMP,REVENUE_USD,31200000.0,D:\Programming\python_example\Arcana\data-lake\bronze\consensus\fmp\analyst-estimates\period=quarter\snapshot_date=2026-07-31\ticker=RRC.json,6f3dc3e29f61fa2f6f9c7d31adddece6fe3114b432b87c9e79a6a06fe1e2dda6,2026-09-02T16:40:54+00:00
2026-07-31,RRC,1997Q1,FMP,REVENUE_USD,37700000.0,D:\Programming\python_example\Arcana\data-lake\bronze\consensus\fmp\analyst-estimates\period=quarter\snapshot_date=2026-07-31\ticker=RRC.json,6f3dc3e29f61fa2f6f9c7d31adddece6fe3114b432b87c9e79a6a06fe1e2dda6,2026-09-02T16:40:54+00:00
2026-07-31,RRC,1996Q4,FMP,REVENUE_USD,16200000.0,D:\Programming\python_example\Arcana\data-lake\bronze\consensus\fmp\analyst-estimates\period=quarter\snapshot_date=2026-07-31\ticker=RRC.json,6f3dc3e29f61fa2f6f9c7d31adddece6fe3114b432b87c9e79a6a06fe1e2dda6,2026-09-02T16:40:54+00:00
2026-07-31,RRC,1996Q3,FMP,REVENUE_USD,20777777.0,D:\Programming\python_example\Arcana\data-lake\bronze\consensus\fmp\analyst-estimates\period=quarter\snapshot_date=2026-07-31\ticker=RRC.json,6f3dc3e29f61fa2f6f9c7d31adddece6fe3114b432b87c9e79a6a06fe1e2dda6,2026-09-02T16:40:54+00:00
2026-07-31,RRC,1996Q2,FMP,REVENUE_USD,19200000.0,D:\Programming\python_example\Arcana\data-lake\bronze\consensus\fmp\analyst-estimates\period=quarter\snapshot_date=2026-07-31\ticker=RRC.json,6f3dc3e29f61fa2f6f9c7d31adddece6fe3114b432b87c9e79a6a06fe1e2dda6,2026-09-02T16:40:54+00:00
2026-07-31,SM,2028Q4,FMP,REVENUE_USD,1821647250.0,D:\Programming\python_example\Arcana\data-lake\bronze\consensus\fmp\analyst-estimates\period=quarter\snapshot_date=2026-07-31\ticker=SM.json,0fdb5010448be761fc0cfb41469071330191b947971138946bfe4c8f5f9ec20a,2026-09-02T16:40:54+00:00
2026-07-31,SM,2028Q3,FMP,REVENUE_USD,1811146696.0,D:\Programming\python_example\Arcana\data-lake\bronze\consensus\fmp\analyst-estimates\period=quarter\snapshot_date=2026-07-31\ticker=SM.json,0fdb5010448be761fc0cfb41469071330191b947971138946bfe4c8f5f9ec20a,2026-09-02T16:40:54+00:00
2026-07-31,SM,2028Q2,FMP,REVENUE_USD,1794306183.0,D:\Programming\python_example\Arcana\data-lake\bronze\consensus\fmp\analyst-estimates\period=quarter\snapshot_date=2026-07-31\ticker=SM.json,0fdb5010448be761fc0cfb41469071330191b947971138946bfe4c8f5f9ec20a,2026-09-02T16:40:54+00:00
2026-07-31,SM,2028Q1,FMP,REVENUE_USD,1813148634.0,D:\Programming\python_example\Arcana\data-lake\bronze\consensus\fmp\analyst-estimates\period=quarter\snapshot_date=2026-07-31\ticker=SM.json,0fdb5010448be761fc0cfb41469071330191b947971138946bfe4c8f5f9ec20a,2026-09-02T16:40:54+00:00
2026-07-31,SM,2027Q4,FMP,REVENUE_USD,1864538239.0,D:\Programming\python_example\Arcana\data-lake\bronze\consensus\fmp\analyst-estimates\period=quarter\snapshot_date=2026-07-31\ticker=SM.json,0fdb5010448be761fc0cfb41469071330191b947971138946bfe4c8f5f9ec20a,2026-09-02T16:40:54+00:00
2026-07-31,SM,2027Q3,FMP,REVENUE_USD,1842084552.0,D:\Programming\python_example\Arcana\data-lake\bronze\consensus\fmp\analyst-estimates\period=quarter\snapshot_date=2026-07-31\ticker=SM.json,0fdb5010448be761fc0cfb41469071330191b947971138946bfe4c8f5f9ec20a,2026-09-02T16:40:54+00:00
2026-07-31,SM,2027Q2,FMP,REVENUE_USD,1826108891.0,D:\Programming\python_example\Arcana\data-lake\bronze\consensus\fmp\analyst-estimates\period=quarter\snapshot_date=2026-07-31\ticker=SM.json,0fdb5010448be761fc0cfb41469071330191b947971138946bfe4c8f5f9ec20a,2026-09-02T16:40:54+00:00
2026-07-31,SM,2027Q1,FMP,REVENUE_USD,1825236785.0,D:\Programming\python_example\Arcana\data-lake\bronze\consensus\fmp\analyst-estimates\period=quarter\snapshot_date=2026-07-31\ticker=SM.json,0fdb5010448be761fc0cfb41469071330191b947971138946bfe4c8f5f9ec20a,2026-09-02T16:40:54+00:00
2026-07-31,SM,2026Q4,FMP,REVENUE_USD,1866004257.0,D:\Programming\python_example\Arcana\data-lake\bronze\consensus\fmp\analyst-estimates\period=quarter\snapshot_date=2026-07-31\ticker=SM.json,0fdb5010448be761fc0cfb41469071330191b947971138946bfe4c8f5f9ec20a,2026-09-02T16:40:54+00:00
2026-07-31,SM,2026Q3,FMP,REVENUE_USD,1858528064.0,D:\Programming\python_example\Arcana\data-lake\bronze\consensus\fmp\analyst-estimates\period=quarter\snapshot_date=2026-07-31\ticker=SM.json,0fdb5010448be761fc0cfb41469071330191b947971138946bfe4c8f5f9ec20a,2026-09-02T16:40:54+00:00
2026-07-31,SM,2026Q2,FMP,REVENUE_USD,2024999087.0,D:\Programming\python_example\Arcana\data-lake\bronze\consensus\fmp\analyst-estimates\period=quarter\snapshot_date=2026-07-31\ticker=SM.json,0fdb5010448be761fc0cfb41469071330191b947971138946bfe4c8f5f9ec20a,2026-09-02T16:40:54+00:00
2026-07-31,SM,2026Q1,FMP,REVENUE_USD,1418205285.0,D:\Programming\python_example\Arcana\data-lake\bronze\consensus\fmp\analyst-estimates\period=quarter\snapshot_date=2026-07-31\ticker=SM.json,0fdb5010448be761fc0cfb41469071330191b947971138946bfe4c8f5f9ec20a,2026-09-02T16:40:54+00:00
2026-07-31,SM,2025Q4,FMP,REVENUE_USD,764554560.0,D:\Programming\python_example\Arcana\data-lake\bronze\consensus\fmp\analyst-estimates\period=quarter\snapshot_date=2026-07-31\ticker=SM.json,0fdb5010448be761fc0cfb41469071330191b947971138946bfe4c8f5f9ec20a,2026-09-02T16:40:54+00:00
2026-07-31,SM,2025Q3,FMP,REVENUE_USD,836083868.0,D:\Programming\python_example\Arcana\data-lake\bronze\consensus\fmp\analyst-estimates\period=quarter\snapshot_date=2026-07-31\ticker=SM.json,0fdb5010448be761fc0cfb41469071330191b947971138946bfe4c8f5f9ec20a,2026-09-02T16:40:54+00:00
2026-07-31,SM,2025Q2,FMP,REVENUE_USD,781571333.0,D:\Programming\python_example\Arcana\data-lake\bronze\consensus\fmp\analyst-estimates\period=quarter\snapshot_date=2026-07-31\ticker=SM.json,0fdb5010448be761fc0cfb41469071330191b947971138946bfe4c8f5f9ec20a,2026-09-02T16:40:54+00:00
2026-07-31,SM,2025Q1,FMP,REVENUE_USD,831550750.0,D:\Programming\python_example\Arcana\data-lake\bronze\consensus\fmp\analyst-estimates\period=quarter\snapshot_date=2026-07-31\ticker=SM.json,0fdb5010448be761fc0cfb41469071330191b947971138946bfe4c8f5f9ec20a,2026-09-02T16:40:54+00:00
2026-07-31,SM,2024Q4,FMP,REVENUE_USD,858642846.0,D:\Programming\python_example\Arcana\data-lake\bronze\consensus\fmp\analyst-estimates\period=quarter\snapshot_date=2026-07-31\ticker=SM.json,0fdb5010448be761fc0cfb41469071330191b947971138946bfe4c8f5f9ec20a,2026-09-02T16:40:54+00:00
2026-07-31,SM,2024Q3,FMP,REVENUE_USD,643670417.0,D:\Programming\python_example\Arcana\data-lake\bronze\consensus\fmp\analyst-estimates\period=quarter\snapshot_date=2026-07-31\ticker=SM.json,0fdb5010448be761fc0cfb41469071330191b947971138946bfe4c8f5f9ec20a,2026-09-02T16:40:54+00:00
2026-07-31,SM,2024Q2,FMP,REVENUE_USD,616625571.0,D:\Programming\python_example\Arcana\data-lake\bronze\consensus\fmp\analyst-estimates\period=quarter\snapshot_date=2026-07-31\ticker=SM.json,0fdb5010448be761fc0cfb41469071330191b947971138946bfe4c8f5f9ec20a,2026-09-02T16:40:54+00:00
2026-07-31,SM,2024Q1,FMP,REVENUE_USD,561490750.0,D:\Programming\python_example\Arcana\data-lake\bronze\consensus\fmp\analyst-estimates\period=quarter\snapshot_date=2026-07-31\ticker=SM.json,0fdb5010448be761fc0cfb41469071330191b947971138946bfe4c8f5f9ec20a,2026-09-02T16:40:54+00:00
2026-07-31,SM,2023Q4,FMP,REVENUE_USD,611349636.0,D:\Programming\python_example\Arcana\data-lake\bronze\consensus\fmp\analyst-estimates\period=quarter\snapshot_date=2026-07-31\ticker=SM.json,0fdb5010448be761fc0cfb41469071330191b947971138946bfe4c8f5f9ec20a,2026-09-02T16:40:54+00:00
2026-07-31,SM,2023Q3,FMP,REVENUE_USD,628659900.0,D:\Programming\python_example\Arcana\data-lake\bronze\consensus\fmp\analyst-estimates\period=quarter\snapshot_date=2026-07-31\ticker=SM.json,0fdb5010448be761fc0cfb41469071330191b947971138946bfe4c8f5f9ec20a,2026-09-02T16:40:54+00:00
2026-07-31,SM,2023Q2,FMP,REVENUE_USD,556362818.0,D:\Programming\python_example\Arcana\data-lake\bronze\consensus\fmp\analyst-estimates\period=quarter\snapshot_date=2026-07-31\ticker=SM.json,0fdb5010448be761fc0cfb41469071330191b947971138946bfe4c8f5f9ec20a,2026-09-02T16:40:54+00:00
2026-07-31,SM,2023Q1,FMP,REVENUE_USD,571689600.0,D:\Programming\python_example\Arcana\data-lake\bronze\consensus\fmp\analyst-estimates\period=quarter\snapshot_date=2026-07-31\ticker=SM.json,0fdb5010448be761fc0cfb41469071330191b947971138946bfe4c8f5f9ec20a,2026-09-02T16:40:54+00:00
2026-07-31,SM,2022Q4,FMP,REVENUE_USD,570315286.0,D:\Programming\python_example\Arcana\data-lake\bronze\consensus\fmp\analyst-estimates\period=quarter\snapshot_date=2026-07-31\ticker=SM.json,0fdb5010448be761fc0cfb41469071330191b947971138946bfe4c8f5f9ec20a,2026-09-02T16:40:54+00:00
2026-07-31,SM,2022Q3,FMP,REVENUE_USD,720146571.0,D:\Programming\python_example\Arcana\data-lake\bronze\consensus\fmp\analyst-estimates\period=quarter\snapshot_date=2026-07-31\ticker=SM.json,0fdb5010448be761fc0cfb41469071330191b947971138946bfe4c8f5f9ec20a,2026-09-02T16:40:54+00:00
2026-07-31,SM,2022Q2,FMP,REVENUE_USD,800445889.0,D:\Programming\python_example\Arcana\data-lake\bronze\consensus\fmp\analyst-estimates\period=quarter\snapshot_date=2026-07-31\ticker=SM.json,0fdb5010448be761fc0cfb41469071330191b947971138946bfe4c8f5f9ec20a,2026-09-02T16:40:54+00:00
2026-07-31,SM,2022Q1,FMP,REVENUE_USD,711647364.0,D:\Programming\python_example\Arcana\data-lake\bronze\consensus\fmp\analyst-estimates\period=quarter\snapshot_date=2026-07-31\ticker=SM.json,0fdb5010448be761fc0cfb41469071330191b947971138946bfe4c8f5f9ec20a,2026-09-02T16:40:54+00:00
2026-07-31,SM,2021Q4,FMP,REVENUE_USD,519848125.0,D:\Programming\python_example\Arcana\data-lake\bronze\consensus\fmp\analyst-estimates\period=quarter\snapshot_date=2026-07-31\ticker=SM.json,0fdb5010448be761fc0cfb41469071330191b947971138946bfe4c8f5f9ec20a,2026-09-02T16:40:54+00:00
2026-07-31,SM,2021Q3,FMP,REVENUE_USD,498589364.0,D:\Programming\python_example\Arcana\data-lake\bronze\consensus\fmp\analyst-estimates\period=quarter\snapshot_date=2026-07-31\ticker=SM.json,0fdb5010448be761fc0cfb41469071330191b947971138946bfe4c8f5f9ec20a,2026-09-02T16:40:54+00:00
2026-07-31,SM,2021Q2,FMP,REVENUE_USD,403045417.0,D:\Programming\python_example\Arcana\data-lake\bronze\consensus\fmp\analyst-estimates\period=quarter\snapshot_date=2026-07-31\ticker=SM.json,0fdb5010448be761fc0cfb41469071330191b947971138946bfe4c8f5f9ec20a,2026-09-02T16:40:54+00:00
2026-07-31,SM,2021Q1,FMP,REVENUE_USD,345386273.0,D:\Programming\python_example\Arcana\data-lake\bronze\consensus\fmp\analyst-estimates\period=quarter\snapshot_date=2026-07-31\ticker=SM.json,0fdb5010448be761fc0cfb41469071330191b947971138946bfe4c8f5f9ec20a,2026-09-02T16:40:54+00:00
2026-07-31,SM,2020Q4,FMP,REVENUE_USD,352848298.0,D:\Programming\python_example\Arcana\data-lake\bronze\consensus\fmp\analyst-estimates\period=quarter\snapshot_date=2026-07-31\ticker=SM.json,0fdb5010448be761fc0cfb41469071330191b947971138946bfe4c8f5f9ec20a,2026-09-02T16:40:54+00:00
2026-07-31,SM,2020Q3,FMP,REVENUE_USD,321392937.0,D:\Programming\python_example\Arcana\data-lake\bronze\consensus\fmp\analyst-estimates\period=quarter\snapshot_date=2026-07-31\ticker=SM.json,0fdb5010448be761fc0cfb41469071330191b947971138946bfe4c8f5f9ec20a,2026-09-02T16:40:54+00:00
2026-07-31,SM,2020Q2,FMP,REVENUE_USD,306496136.0,D:\Programming\python_example\Arcana\data-lake\bronze\consensus\fmp\analyst-estimates\period=quarter\snapshot_date=2026-07-31\ticker=SM.json,0fdb5010448be761fc0cfb41469071330191b947971138946bfe4c8f5f9ec20a,2026-09-02T16:40:54+00:00
2026-07-31,SM,2020Q1,FMP,REVENUE_USD,399248743.0,D:\Programming\python_example\Arcana\data-lake\bronze\consensus\fmp\analyst-estimates\period=quarter\snapshot_date=2026-07-31\ticker=SM.json,0fdb5010448be761fc0cfb41469071330191b947971138946bfe4c8f5f9ec20a,2026-09-02T16:40:54+00:00
2026-07-31,SM,2019Q4,FMP,REVENUE_USD,416353386.0,D:\Programming\python_example\Arcana\data-lake\bronze\consensus\fmp\analyst-estimates\period=quarter\snapshot_date=2026-07-31\ticker=SM.json,0fdb5010448be761fc0cfb41469071330191b947971138946bfe4c8f5f9ec20a,2026-09-02T16:40:54+00:00
2026-07-31,SM,2019Q3,FMP,REVENUE_USD,392931224.0,D:\Programming\python_example\Arcana\data-lake\bronze\consensus\fmp\analyst-estimates\period=quarter\snapshot_date=2026-07-31\ticker=SM.json,0fdb5010448be761fc0cfb41469071330191b947971138946bfe4c8f5f9ec20a,2026-09-02T16:40:54+00:00
2026-07-31,SM,2019Q2,FMP,REVENUE_USD,409118178.0,D:\Programming\python_example\Arcana\data-lake\bronze\consensus\fmp\analyst-estimates\period=quarter\snapshot_date=2026-07-31\ticker=SM.json,0fdb5010448be761fc0cfb41469071330191b947971138946bfe4c8f5f9ec20a,2026-09-02T16:40:54+00:00
2026-07-31,SM,2019Q1,FMP,REVENUE_USD,345621453.0,D:\Programming\python_example\Arcana\data-lake\bronze\consensus\fmp\analyst-estimates\period=quarter\snapshot_date=2026-07-31\ticker=SM.json,0fdb5010448be761fc0cfb41469071330191b947971138946bfe4c8f5f9ec20a,2026-09-02T16:40:54+00:00
2026-07-31,SM,2018Q4,FMP,REVENUE_USD,349272000.0,D:\Programming\python_example\Arcana\data-lake\bronze\consensus\fmp\analyst-estimates\period=quarter\snapshot_date=2026-07-31\ticker=SM.json,0fdb5010448be761fc0cfb41469071330191b947971138946bfe4c8f5f9ec20a,2026-09-02T16:40:54+00:00
2026-07-31,SM,2018Q3,FMP,REVENUE_USD,7337328000.0,D:\Programming\python_example\Arcana\data-lake\bronze\consensus\fmp\analyst-estimates\period=quarter\snapshot_date=2026-07-31\ticker=SM.json,0fdb5010448be761fc0cfb41469071330191b947971138946bfe4c8f5f9ec20a,2026-09-02T16:40:54+00:00
2026-07-31,SM,2018Q2,FMP,REVENUE_USD,281510751.0,D:\Programming\python_example\Arcana\data-lake\bronze\consensus\fmp\analyst-estimates\period=quarter\snapshot_date=2026-07-31\ticker=SM.json,0fdb5010448be761fc0cfb41469071330191b947971138946bfe4c8f5f9ec20a,2026-09-02T16:40:54+00:00
2026-07-31,SM,2018Q1,FMP,REVENUE_USD,356609752.0,D:\Programming\python_example\Arcana\data-lake\bronze\consensus\fmp\analyst-estimates\period=quarter\snapshot_date=2026-07-31\ticker=SM.json,0fdb5010448be761fc0cfb41469071330191b947971138946bfe4c8f5f9ec20a,2026-09-02T16:40:54+00:00
2026-07-31,SM,2017Q4,FMP,REVENUE_USD,595000000.0,D:\Programming\python_example\Arcana\data-lake\bronze\consensus\fmp\analyst-estimates\period=quarter\snapshot_date=2026-07-31\ticker=SM.json,0fdb5010448be761fc0cfb41469071330191b947971138946bfe4c8f5f9ec20a,2026-09-02T16:40:54+00:00
2026-07-31,SM,2017Q3,FMP,REVENUE_USD,368652000.0,D:\Programming\python_example\Arcana\data-lake\bronze\consensus\fmp\analyst-estimates\period=quarter\snapshot_date=2026-07-31\ticker=SM.json,0fdb5010448be761fc0cfb41469071330191b947971138946bfe4c8f5f9ec20a,2026-09-02T16:40:54+00:00
2026-07-31,SM,2017Q2,FMP,REVENUE_USD,260909375.0,D:\Programming\python_example\Arcana\data-lake\bronze\consensus\fmp\analyst-estimates\period=quarter\snapshot_date=2026-07-31\ticker=SM.json,0fdb5010448be761fc0cfb41469071330191b947971138946bfe4c8f5f9ec20a,2026-09-02T16:40:54+00:00
2026-07-31,SM,2017Q1,FMP,REVENUE_USD,651972222.0,D:\Programming\python_example\Arcana\data-lake\bronze\consensus\fmp\analyst-estimates\period=quarter\snapshot_date=2026-07-31\ticker=SM.json,0fdb5010448be761fc0cfb41469071330191b947971138946bfe4c8f5f9ec20a,2026-09-02T16:40:54+00:00
2026-07-31,SM,2016Q4,FMP,REVENUE_USD,446709677.0,D:\Programming\python_example\Arcana\data-lake\bronze\consensus\fmp\analyst-estimates\period=quarter\snapshot_date=2026-07-31\ticker=SM.json,0fdb5010448be761fc0cfb41469071330191b947971138946bfe4c8f5f9ec20a,2026-09-02T16:40:54+00:00
2026-07-31,SM,2016Q3,FMP,REVENUE_USD,526694594.0,D:\Programming\python_example\Arcana\data-lake\bronze\consensus\fmp\analyst-estimates\period=quarter\snapshot_date=2026-07-31\ticker=SM.json,0fdb5010448be761fc0cfb41469071330191b947971138946bfe4c8f5f9ec20a,2026-09-02T16:40:54+00:00
2026-07-31,SM,2016Q2,FMP,REVENUE_USD,444331818.0,D:\Programming\python_example\Arcana\data-lake\bronze\consensus\fmp\analyst-estimates\period=quarter\snapshot_date=2026-07-31\ticker=SM.json,0fdb5010448be761fc0cfb41469071330191b947971138946bfe4c8f5f9ec20a,2026-09-02T16:40:54+00:00
2026-07-31,SM,2016Q1,FMP,REVENUE_USD,214655421.0,D:\Programming\python_example\Arcana\data-lake\bronze\consensus\fmp\analyst-estimates\period=quarter\snapshot_date=2026-07-31\ticker=SM.json,0fdb5010448be761fc0cfb41469071330191b947971138946bfe4c8f5f9ec20a,2026-09-02T16:40:54+00:00
2026-07-31,SM,2015Q4,FMP,REVENUE_USD,192817777.0,D:\Programming\python_example\Arcana\data-lake\bronze\consensus\fmp\analyst-estimates\period=quarter\snapshot_date=2026-07-31\ticker=SM.json,0fdb5010448be761fc0cfb41469071330191b947971138946bfe4c8f5f9ec20a,2026-09-02T16:40:54+00:00
2026-07-31,SM,2015Q3,FMP,REVENUE_USD,314479411.0,D:\Programming\python_example\Arcana\data-lake\bronze\consensus\fmp\analyst-estimates\period=quarter\snapshot_date=2026-07-31\ticker=SM.json,0fdb5010448be761fc0cfb41469071330191b947971138946bfe4c8f5f9ec20a,2026-09-02T16:40:54+00:00
2026-07-31,SM,2015Q1,FMP,REVENUE_USD,592985714.0,D:\Programming\python_example\Arcana\data-lake\bronze\consensus\fmp\analyst-estimates\period=quarter\snapshot_date=2026-07-31\ticker=SM.json,0fdb5010448be761fc0cfb41469071330191b947971138946bfe4c8f5f9ec20a,2026-09-02T16:40:54+00:00
2026-07-31,SM,2014Q4,FMP,REVENUE_USD,629211428.0,D:\Programming\python_example\Arcana\data-lake\bronze\consensus\fmp\analyst-estimates\period=quarter\snapshot_date=2026-07-31\ticker=SM.json,0fdb5010448be761fc0cfb41469071330191b947971138946bfe4c8f5f9ec20a,2026-09-02T16:40:54+00:00
2026-07-31,SM,2014Q3,FMP,REVENUE_USD,637204166.0,D:\Programming\python_example\Arcana\data-lake\bronze\consensus\fmp\analyst-estimates\period=quarter\snapshot_date=2026-07-31\ticker=SM.json,0fdb5010448be761fc0cfb41469071330191b947971138946bfe4c8f5f9ec20a,2026-09-02T16:40:54+00:00
2026-07-31,SM,2014Q2,FMP,REVENUE_USD,689743589.0,D:\Programming\python_example\Arcana\data-lake\bronze\consensus\fmp\analyst-estimates\period=quarter\snapshot_date=2026-07-31\ticker=SM.json,0fdb5010448be761fc0cfb41469071330191b947971138946bfe4c8f5f9ec20a,2026-09-02T16:40:54+00:00
2026-07-31,SM,2014Q1,FMP,REVENUE_USD,600664556.0,D:\Programming\python_example\Arcana\data-lake\bronze\consensus\fmp\analyst-estimates\period=quarter\snapshot_date=2026-07-31\ticker=SM.json,0fdb5010448be761fc0cfb41469071330191b947971138946bfe4c8f5f9ec20a,2026-09-02T16:40:54+00:00
2026-07-31,SM,2013Q4,FMP,REVENUE_USD,704739682.0,D:\Programming\python_example\Arcana\data-lake\bronze\consensus\fmp\analyst-estimates\period=quarter\snapshot_date=2026-07-31\ticker=SM.json,0fdb5010448be761fc0cfb41469071330191b947971138946bfe4c8f5f9ec20a,2026-09-02T16:40:54+00:00
2026-07-31,SM,2013Q3,FMP,REVENUE_USD,442357142.0,D:\Programming\python_example\Arcana\data-lake\bronze\consensus\fmp\analyst-estimates\period=quarter\snapshot_date=2026-07-31\ticker=SM.json,0fdb5010448be761fc0cfb41469071330191b947971138946bfe4c8f5f9ec20a,2026-09-02T16:40:54+00:00
2026-07-31,SM,2013Q2,FMP,REVENUE_USD,553100000.0,D:\Programming\python_example\Arcana\data-lake\bronze\consensus\fmp\analyst-estimates\period=quarter\snapshot_date=2026-07-31\ticker=SM.json,0fdb5010448be761fc0cfb41469071330191b947971138946bfe4c8f5f9ec20a,2026-09-02T16:40:54+00:00
2026-07-31,SM,2013Q1,FMP,REVENUE_USD,336578048.0,D:\Programming\python_example\Arcana\data-lake\bronze\consensus\fmp\analyst-estimates\period=quarter\snapshot_date=2026-07-31\ticker=SM.json,0fdb5010448be761fc0cfb41469071330191b947971138946bfe4c8f5f9ec20a,2026-09-02T16:40:54+00:00
2026-07-31,SM,2012Q4,FMP,REVENUE_USD,383897095.0,D:\Programming\python_example\Arcana\data-lake\bronze\consensus\fmp\analyst-estimates\period=quarter\snapshot_date=2026-07-31\ticker=SM.json,0fdb5010448be761fc0cfb41469071330191b947971138946bfe4c8f5f9ec20a,2026-09-02T16:40:54+00:00
2026-07-31,SM,2012Q3,FMP,REVENUE_USD,193750000.0,D:\Programming\python_example\Arcana\data-lake\bronze\consensus\fmp\analyst-estimates\period=quarter\snapshot_date=2026-07-31\ticker=SM.json,0fdb5010448be761fc0cfb41469071330191b947971138946bfe4c8f5f9ec20a,2026-09-02T16:40:54+00:00
2026-07-31,SM,2012Q2,FMP,REVENUE_USD,803244444.0,D:\Programming\python_example\Arcana\data-lake\bronze\consensus\fmp\analyst-estimates\period=quarter\snapshot_date=2026-07-31\ticker=SM.json,0fdb5010448be761fc0cfb41469071330191b947971138946bfe4c8f5f9ec20a,2026-09-02T16:40:54+00:00
2026-07-31,SM,2012Q1,FMP,REVENUE_USD,391666666.0,D:\Programming\python_example\Arcana\data-lake\bronze\consensus\fmp\analyst-estimates\period=quarter\snapshot_date=2026-07-31\ticker=SM.json,0fdb5010448be761fc0cfb41469071330191b947971138946bfe4c8f5f9ec20a,2026-09-02T16:40:54+00:00
2026-07-31,SM,2011Q4,FMP,REVENUE_USD,384275000.0,D:\Programming\python_example\Arcana\data-lake\bronze\consensus\fmp\analyst-estimates\period=quarter\snapshot_date=2026-07-31\ticker=SM.json,0fdb5010448be761fc0cfb41469071330191b947971138946bfe4c8f5f9ec20a,2026-09-02T16:40:54+00:00
2026-07-31,SM,2011Q3,FMP,REVENUE_USD,361374603.0,D:\Programming\python_example\Arcana\data-lake\bronze\consensus\fmp\analyst-estimates\period=quarter\snapshot_date=2026-07-31\ticker=SM.json,0fdb5010448be761fc0cfb41469071330191b947971138946bfe4c8f5f9ec20a,2026-09-02T16:40:54+00:00
2026-07-31,SM,2011Q2,FMP,REVENUE_USD,302827320.0,D:\Programming\python_example\Arcana\data-lake\bronze\consensus\fmp\analyst-estimates\period=quarter\snapshot_date=2026-07-31\ticker=SM.json,0fdb5010448be761fc0cfb41469071330191b947971138946bfe4c8f5f9ec20a,2026-09-02T16:40:54+00:00
2026-07-31,SM,2011Q1,FMP,REVENUE_USD,304228571.0,D:\Programming\python_example\Arcana\data-lake\bronze\consensus\fmp\analyst-estimates\period=quarter\snapshot_date=2026-07-31\ticker=SM.json,0fdb5010448be761fc0cfb41469071330191b947971138946bfe4c8f5f9ec20a,2026-09-02T16:40:54+00:00
2026-07-31,SM,2010Q4,FMP,REVENUE_USD,176739130.0,D:\Programming\python_example\Arcana\data-lake\bronze\consensus\fmp\analyst-estimates\period=quarter\snapshot_date=2026-07-31\ticker=SM.json,0fdb5010448be761fc0cfb41469071330191b947971138946bfe4c8f5f9ec20a,2026-09-02T16:40:54+00:00
2026-07-31,SM,2010Q3,FMP,REVENUE_USD,155982748.0,D:\Programming\python_example\Arcana\data-lake\bronze\consensus\fmp\analyst-estimates\period=quarter\snapshot_date=2026-07-31\ticker=SM.json,0fdb5010448be761fc0cfb41469071330191b947971138946bfe4c8f5f9ec20a,2026-09-02T16:40:54+00:00
2026-07-31,SM,2010Q2,FMP,REVENUE_USD,191906250.0,D:\Programming\python_example\Arcana\data-lake\bronze\consensus\fmp\analyst-estimates\period=quarter\snapshot_date=2026-07-31\ticker=SM.json,0fdb5010448be761fc0cfb41469071330191b947971138946bfe4c8f5f9ec20a,2026-09-02T16:40:54+00:00
2026-07-31,SM,2010Q1,FMP,REVENUE_USD,359961856.0,D:\Programming\python_example\Arcana\data-lake\bronze\consensus\fmp\analyst-estimates\period=quarter\snapshot_date=2026-07-31\ticker=SM.json,0fdb5010448be761fc0cfb41469071330191b947971138946bfe4c8f5f9ec20a,2026-09-02T16:40:54+00:00
2026-07-31,SM,2009Q4,FMP,REVENUE_USD,184432258.0,D:\Programming\python_example\Arcana\data-lake\bronze\consensus\fmp\analyst-estimates\period=quarter\snapshot_date=2026-07-31\ticker=SM.json,0fdb5010448be761fc0cfb41469071330191b947971138946bfe4c8f5f9ec20a,2026-09-02T16:40:54+00:00
2026-07-31,SM,2009Q3,FMP,REVENUE_USD,171391304.0,D:\Programming\python_example\Arcana\data-lake\bronze\consensus\fmp\analyst-estimates\period=quarter\snapshot_date=2026-07-31\ticker=SM.json,0fdb5010448be761fc0cfb41469071330191b947971138946bfe4c8f5f9ec20a,2026-09-02T16:40:54+00:00
2026-07-31,SM,2009Q2,FMP,REVENUE_USD,17000000.0,D:\Programming\python_example\Arcana\data-lake\bronze\consensus\fmp\analyst-estimates\period=quarter\snapshot_date=2026-07-31\ticker=SM.json,0fdb5010448be761fc0cfb41469071330191b947971138946bfe4c8f5f9ec20a,2026-09-02T16:40:54+00:00
2026-07-31,SM,2009Q1,FMP,REVENUE_USD,2797200000.0,D:\Programming\python_example\Arcana\data-lake\bronze\consensus\fmp\analyst-estimates\period=quarter\snapshot_date=2026-07-31\ticker=SM.json,0fdb5010448be761fc0cfb41469071330191b947971138946bfe4c8f5f9ec20a,2026-09-02T16:40:54+00:00
2026-07-31,SM,2008Q4,FMP,REVENUE_USD,318104651.0,D:\Programming\python_example\Arcana\data-lake\bronze\consensus\fmp\analyst-estimates\period=quarter\snapshot_date=2026-07-31\ticker=SM.json,0fdb5010448be761fc0cfb41469071330191b947971138946bfe4c8f5f9ec20a,2026-09-02T16:40:54+00:00
2026-07-31,SM,2008Q3,FMP,REVENUE_USD,307160000.0,D:\Programming\python_example\Arcana\data-lake\bronze\consensus\fmp\analyst-estimates\period=quarter\snapshot_date=2026-07-31\ticker=SM.json,0fdb5010448be761fc0cfb41469071330191b947971138946bfe4c8f5f9ec20a,2026-09-02T16:40:54+00:00
2026-07-31,SM,2008Q2,FMP,REVENUE_USD,353900000.0,D:\Programming\python_example\Arcana\data-lake\bronze\consensus\fmp\analyst-estimates\period=quarter\snapshot_date=2026-07-31\ticker=SM.json,0fdb5010448be761fc0cfb41469071330191b947971138946bfe4c8f5f9ec20a,2026-09-02T16:40:54+00:00
2026-07-31,SM,2008Q1,FMP,REVENUE_USD,263512173.0,D:\Programming\python_example\Arcana\data-lake\bronze\consensus\fmp\analyst-estimates\period=quarter\snapshot_date=2026-07-31\ticker=SM.json,0fdb5010448be761fc0cfb41469071330191b947971138946bfe4c8f5f9ec20a,2026-09-02T16:40:54+00:00
2026-07-31,SM,2007Q4,FMP,REVENUE_USD,255936000.0,D:\Programming\python_example\Arcana\data-lake\bronze\consensus\fmp\analyst-estimates\period=quarter\snapshot_date=2026-07-31\ticker=SM.json,0fdb5010448be761fc0cfb41469071330191b947971138946bfe4c8f5f9ec20a,2026-09-02T16:40:54+00:00
2026-07-31,SM,2007Q3,FMP,REVENUE_USD,224524719.0,D:\Programming\python_example\Arcana\data-lake\bronze\consensus\fmp\analyst-estimates\period=quarter\snapshot_date=2026-07-31\ticker=SM.json,0fdb5010448be761fc0cfb41469071330191b947971138946bfe4c8f5f9ec20a,2026-09-02T16:40:54+00:00
2026-07-31,SM,2007Q2,FMP,REVENUE_USD,194851764.0,D:\Programming\python_example\Arcana\data-lake\bronze\consensus\fmp\analyst-estimates\period=quarter\snapshot_date=2026-07-31\ticker=SM.json,0fdb5010448be761fc0cfb41469071330191b947971138946bfe4c8f5f9ec20a,2026-09-02T16:40:54+00:00
2026-07-31,SM,2007Q1,FMP,REVENUE_USD,208722222.0,D:\Programming\python_example\Arcana\data-lake\bronze\consensus\fmp\analyst-estimates\period=quarter\snapshot_date=2026-07-31\ticker=SM.json,0fdb5010448be761fc0cfb41469071330191b947971138946bfe4c8f5f9ec20a,2026-09-02T16:40:54+00:00
2026-07-31,SM,2006Q4,FMP,REVENUE_USD,197294666.0,D:\Programming\python_example\Arcana\data-lake\bronze\consensus\fmp\analyst-estimates\period=quarter\snapshot_date=2026-07-31\ticker=SM.json,0fdb5010448be761fc0cfb41469071330191b947971138946bfe4c8f5f9ec20a,2026-09-02T16:40:54+00:00
2026-07-31,SM,2006Q3,FMP,REVENUE_USD,176530120.0,D:\Programming\python_example\Arcana\data-lake\bronze\consensus\fmp\analyst-estimates\period=quarter\snapshot_date=2026-07-31\ticker=SM.json,0fdb5010448be761fc0cfb41469071330191b947971138946bfe4c8f5f9ec20a,2026-09-02T16:40:54+00:00
2026-07-31,SM,2006Q2,FMP,REVENUE_USD,182945945.0,D:\Programming\python_example\Arcana\data-lake\bronze\consensus\fmp\analyst-estimates\period=quarter\snapshot_date=2026-07-31\ticker=SM.json,0fdb5010448be761fc0cfb41469071330191b947971138946bfe4c8f5f9ec20a,2026-09-02T16:40:54+00:00
2026-07-31,SM,2006Q1,FMP,REVENUE_USD,198265060.0,D:\Programming\python_example\Arcana\data-lake\bronze\consensus\fmp\analyst-estimates\period=quarter\snapshot_date=2026-07-31\ticker=SM.json,0fdb5010448be761fc0cfb41469071330191b947971138946bfe4c8f5f9ec20a,2026-09-02T16:40:54+00:00
2026-07-31,SM,2005Q4,FMP,REVENUE_USD,209586607.0,D:\Programming\python_example\Arcana\data-lake\bronze\consensus\fmp\analyst-estimates\period=quarter\snapshot_date=2026-07-31\ticker=SM.json,0fdb5010448be761fc0cfb41469071330191b947971138946bfe4c8f5f9ec20a,2026-09-02T16:40:54+00:00
2026-07-31,SM,2005Q3,FMP,REVENUE_USD,177620000.0,D:\Programming\python_example\Arcana\data-lake\bronze\consensus\fmp\analyst-estimates\period=quarter\snapshot_date=2026-07-31\ticker=SM.json,0fdb5010448be761fc0cfb41469071330191b947971138946bfe4c8f5f9ec20a,2026-09-02T16:40:54+00:00
2026-07-31,SM,2005Q2,FMP,REVENUE_USD,172969491.0,D:\Programming\python_example\Arcana\data-lake\bronze\consensus\fmp\analyst-estimates\period=quarter\snapshot_date=2026-07-31\ticker=SM.json,0fdb5010448be761fc0cfb41469071330191b947971138946bfe4c8f5f9ec20a,2026-09-02T16:40:54+00:00
2026-07-31,SM,2005Q1,FMP,REVENUE_USD,138286538.0,D:\Programming\python_example\Arcana\data-lake\bronze\consensus\fmp\analyst-estimates\period=quarter\snapshot_date=2026-07-31\ticker=SM.json,0fdb5010448be761fc0cfb41469071330191b947971138946bfe4c8f5f9ec20a,2026-09-02T16:40:54+00:00
2026-07-31,SM,2004Q4,FMP,REVENUE_USD,119662000.0,D:\Programming\python_example\Arcana\data-lake\bronze\consensus\fmp\analyst-estimates\period=quarter\snapshot_date=2026-07-31\ticker=SM.json,0fdb5010448be761fc0cfb41469071330191b947971138946bfe4c8f5f9ec20a,2026-09-02T16:40:54+00:00
2026-07-31,SM,2004Q3,FMP,REVENUE_USD,102515764.0,D:\Programming\python_example\Arcana\data-lake\bronze\consensus\fmp\analyst-estimates\period=quarter\snapshot_date=2026-07-31\ticker=SM.json,0fdb5010448be761fc0cfb41469071330191b947971138946bfe4c8f5f9ec20a,2026-09-02T16:40:54+00:00
2026-07-31,SM,2004Q2,FMP,REVENUE_USD,102523000.0,D:\Programming\python_example\Arcana\data-lake\bronze\consensus\fmp\analyst-estimates\period=quarter\snapshot_date=2026-07-31\ticker=SM.json,0fdb5010448be761fc0cfb41469071330191b947971138946bfe4c8f5f9ec20a,2026-09-02T16:40:54+00:00
2026-07-31,SM,2004Q1,FMP,REVENUE_USD,102980514.0,D:\Programming\python_example\Arcana\data-lake\bronze\consensus\fmp\analyst-estimates\period=quarter\snapshot_date=2026-07-31\ticker=SM.json,0fdb5010448be761fc0cfb41469071330191b947971138946bfe4c8f5f9ec20a,2026-09-02T16:40:54+00:00
2026-07-31,SM,2003Q4,FMP,REVENUE_USD,77604708.0,D:\Programming\python_example\Arcana\data-lake\bronze\consensus\fmp\analyst-estimates\period=quarter\snapshot_date=2026-07-31\ticker=SM.json,0fdb5010448be761fc0cfb41469071330191b947971138946bfe4c8f5f9ec20a,2026-09-02T16:40:54+00:00
2026-07-31,SM,2003Q3,FMP,REVENUE_USD,105558840.0,D:\Programming\python_example\Arcana\data-lake\bronze\consensus\fmp\analyst-estimates\period=quarter\snapshot_date=2026-07-31\ticker=SM.json,0fdb5010448be761fc0cfb41469071330191b947971138946bfe4c8f5f9ec20a,2026-09-02T16:40:54+00:00
2026-07-31,SM,2003Q2,FMP,REVENUE_USD,94350909.0,D:\Programming\python_example\Arcana\data-lake\bronze\consensus\fmp\analyst-estimates\period=quarter\snapshot_date=2026-07-31\ticker=SM.json,0fdb5010448be761fc0cfb41469071330191b947971138946bfe4c8f5f9ec20a,2026-09-02T16:40:54+00:00
2026-07-31,SM,2003Q1,FMP,REVENUE_USD,101204000.0,D:\Programming\python_example\Arcana\data-lake\bronze\consensus\fmp\analyst-estimates\period=quarter\snapshot_date=2026-07-31\ticker=SM.json,0fdb5010448be761fc0cfb41469071330191b947971138946bfe4c8f5f9ec20a,2026-09-02T16:40:54+00:00
2026-07-31,SM,2002Q4,FMP,REVENUE_USD,55258000.0,D:\Programming\python_example\Arcana\data-lake\bronze\consensus\fmp\analyst-estimates\period=quarter\snapshot_date=2026-07-31\ticker=SM.json,0fdb5010448be761fc0cfb41469071330191b947971138946bfe4c8f5f9ec20a,2026-09-02T16:40:54+00:00
2026-07-31,SM,2002Q3,FMP,REVENUE_USD,44860918.0,D:\Programming\python_example\Arcana\data-lake\bronze\consensus\fmp\analyst-estimates\period=quarter\snapshot_date=2026-07-31\ticker=SM.json,0fdb5010448be761fc0cfb41469071330191b947971138946bfe4c8f5f9ec20a,2026-09-02T16:40:54+00:00
2026-07-31,SM,2002Q2,FMP,REVENUE_USD,45025200.0,D:\Programming\python_example\Arcana\data-lake\bronze\consensus\fmp\analyst-estimates\period=quarter\snapshot_date=2026-07-31\ticker=SM.json,0fdb5010448be761fc0cfb41469071330191b947971138946bfe4c8f5f9ec20a,2026-09-02T16:40:54+00:00
2026-07-31,SM,2002Q1,FMP,REVENUE_USD,42772999.0,D:\Programming\python_example\Arcana\data-lake\bronze\consensus\fmp\analyst-estimates\period=quarter\snapshot_date=2026-07-31\ticker=SM.json,0fdb5010448be761fc0cfb41469071330191b947971138946bfe4c8f5f9ec20a,2026-09-02T16:40:54+00:00
2026-07-31,SM,2001Q4,FMP,REVENUE_USD,44735900.0,D:\Programming\python_example\Arcana\data-lake\bronze\consensus\fmp\analyst-estimates\period=quarter\snapshot_date=2026-07-31\ticker=SM.json,0fdb5010448be761fc0cfb41469071330191b947971138946bfe4c8f5f9ec20a,2026-09-02T16:40:54+00:00
2026-07-31,SM,2001Q3,FMP,REVENUE_USD,37955555.0,D:\Programming\python_example\Arcana\data-lake\bronze\consensus\fmp\analyst-estimates\period=quarter\snapshot_date=2026-07-31\ticker=SM.json,0fdb5010448be761fc0cfb41469071330191b947971138946bfe4c8f5f9ec20a,2026-09-02T16:40:54+00:00
2026-07-31,SM,2001Q2,FMP,REVENUE_USD,58032000.0,D:\Programming\python_example\Arcana\data-lake\bronze\consensus\fmp\analyst-estimates\period=quarter\snapshot_date=2026-07-31\ticker=SM.json,0fdb5010448be761fc0cfb41469071330191b947971138946bfe4c8f5f9ec20a,2026-09-02T16:40:54+00:00
2026-07-31,SM,2001Q1,FMP,REVENUE_USD,70194216.0,D:\Programming\python_example\Arcana\data-lake\bronze\consensus\fmp\analyst-estimates\period=quarter\snapshot_date=2026-07-31\ticker=SM.json,0fdb5010448be761fc0cfb41469071330191b947971138946bfe4c8f5f9ec20a,2026-09-02T16:40:54+00:00
2026-07-31,SM,2000Q4,FMP,REVENUE_USD,72903600.0,D:\Programming\python_example\Arcana\data-lake\bronze\consensus\fmp\analyst-estimates\period=quarter\snapshot_date=2026-07-31\ticker=SM.json,0fdb5010448be761fc0cfb41469071330191b947971138946bfe4c8f5f9ec20a,2026-09-02T16:40:54+00:00
2026-07-31,SM,2000Q3,FMP,REVENUE_USD,52586666.0,D:\Programming\python_example\Arcana\data-lake\bronze\consensus\fmp\analyst-estimates\period=quarter\snapshot_date=2026-07-31\ticker=SM.json,0fdb5010448be761fc0cfb41469071330191b947971138946bfe4c8f5f9ec20a,2026-09-02T16:40:54+00:00
2026-07-31,SM,2000Q2,FMP,REVENUE_USD,33696000.0,D:\Programming\python_example\Arcana\data-lake\bronze\consensus\fmp\analyst-estimates\period=quarter\snapshot_date=2026-07-31\ticker=SM.json,0fdb5010448be761fc0cfb41469071330191b947971138946bfe4c8f5f9ec20a,2026-09-02T16:40:54+00:00
2026-07-31,SM,2000Q1,FMP,REVENUE_USD,34728571.0,D:\Programming\python_example\Arcana\data-lake\bronze\consensus\fmp\analyst-estimates\period=quarter\snapshot_date=2026-07-31\ticker=SM.json,0fdb5010448be761fc0cfb41469071330191b947971138946bfe4c8f5f9ec20a,2026-09-02T16:40:54+00:00
2026-07-31,SM,1999Q4,FMP,REVENUE_USD,23858998.0,D:\Programming\python_example\Arcana\data-lake\bronze\consensus\fmp\analyst-estimates\period=quarter\snapshot_date=2026-07-31\ticker=SM.json,0fdb5010448be761fc0cfb41469071330191b947971138946bfe4c8f5f9ec20a,2026-09-02T16:40:54+00:00
2026-07-31,SM,1999Q3,FMP,REVENUE_USD,15920000.0,D:\Programming\python_example\Arcana\data-lake\bronze\consensus\fmp\analyst-estimates\period=quarter\snapshot_date=2026-07-31\ticker=SM.json,0fdb5010448be761fc0cfb41469071330191b947971138946bfe4c8f5f9ec20a,2026-09-02T16:40:54+00:00
2026-07-31,SM,1999Q2,FMP,REVENUE_USD,17490000.0,D:\Programming\python_example\Arcana\data-lake\bronze\consensus\fmp\analyst-estimates\period=quarter\snapshot_date=2026-07-31\ticker=SM.json,0fdb5010448be761fc0cfb41469071330191b947971138946bfe4c8f5f9ec20a,2026-09-02T16:40:54+00:00
2026-07-31,SM,1998Q4,FMP,REVENUE_USD,263250000.0,D:\Programming\python_example\Arcana\data-lake\bronze\consensus\fmp\analyst-estimates\period=quarter\snapshot_date=2026-07-31\ticker=SM.json,0fdb5010448be761fc0cfb41469071330191b947971138946bfe4c8f5f9ec20a,2026-09-02T16:40:54+00:00
2026-07-31,SM,1998Q3,FMP,REVENUE_USD,75150000.0,D:\Programming\python_example\Arcana\data-lake\bronze\consensus\fmp\analyst-estimates\period=quarter\snapshot_date=2026-07-31\ticker=SM.json,0fdb5010448be761fc0cfb41469071330191b947971138946bfe4c8f5f9ec20a,2026-09-02T16:40:54+00:00
2026-07-31,SM,1998Q2,FMP,REVENUE_USD,26100000.0,D:\Programming\python_example\Arcana\data-lake\bronze\consensus\fmp\analyst-estimates\period=quarter\snapshot_date=2026-07-31\ticker=SM.json,0fdb5010448be761fc0cfb41469071330191b947971138946bfe4c8f5f9ec20a,2026-09-02T16:40:54+00:00
2026-07-31,SM,1998Q1,FMP,REVENUE_USD,22920000.0,D:\Programming\python_example\Arcana\data-lake\bronze\consensus\fmp\analyst-estimates\period=quarter\snapshot_date=2026-07-31\ticker=SM.json,0fdb5010448be761fc0cfb41469071330191b947971138946bfe4c8f5f9ec20a,2026-09-02T16:40:54+00:00
2026-07-31,SM,1997Q4,FMP,REVENUE_USD,20123076.0,D:\Programming\python_example\Arcana\data-lake\bronze\consensus\fmp\analyst-estimates\period=quarter\snapshot_date=2026-07-31\ticker=SM.json,0fdb5010448be761fc0cfb41469071330191b947971138946bfe4c8f5f9ec20a,2026-09-02T16:40:54+00:00
2026-07-31,SM,1997Q3,FMP,REVENUE_USD,16187500.0,D:\Programming\python_example\Arcana\data-lake\bronze\consensus\fmp\analyst-estimates\period=quarter\snapshot_date=2026-07-31\ticker=SM.json,0fdb5010448be761fc0cfb41469071330191b947971138946bfe4c8f5f9ec20a,2026-09-02T16:40:54+00:00
2026-07-31,SM,1997Q2,FMP,REVENUE_USD,19900000.0,D:\Programming\python_example\Arcana\data-lake\bronze\consensus\fmp\analyst-estimates\period=quarter\snapshot_date=2026-07-31\ticker=SM.json,0fdb5010448be761fc0cfb41469071330191b947971138946bfe4c8f5f9ec20a,2026-09-02T16:40:54+00:00
2026-07-31,SM,1997Q1,FMP,REVENUE_USD,30590998.0,D:\Programming\python_example\Arcana\data-lake\bronze\consensus\fmp\analyst-estimates\period=quarter\snapshot_date=2026-07-31\ticker=SM.json,0fdb5010448be761fc0cfb41469071330191b947971138946bfe4c8f5f9ec20a,2026-09-02T16:40:54+00:00
2026-07-31,XOM,2030Q2,FMP,REVENUE_USD,88721000000.0,D:\Programming\python_example\Arcana\data-lake\bronze\consensus\fmp\analyst-estimates\period=quarter\snapshot_date=2026-07-31\ticker=XOM.json,bcd3e56dd0f44298a668fc4848d815f4833bf0b49de3f2a2cce71e3033a7c36c,2026-09-02T16:40:54+00:00
2026-07-31,XOM,2030Q1,FMP,REVENUE_USD,88797000000.0,D:\Programming\python_example\Arcana\data-lake\bronze\consensus\fmp\analyst-estimates\period=quarter\snapshot_date=2026-07-31\ticker=XOM.json,bcd3e56dd0f44298a668fc4848d815f4833bf0b49de3f2a2cce71e3033a7c36c,2026-09-02T16:40:54+00:00
2026-07-31,XOM,2029Q4,FMP,REVENUE_USD,87657000000.0,D:\Programming\python_example\Arcana\data-lake\bronze\consensus\fmp\analyst-estimates\period=quarter\snapshot_date=2026-07-31\ticker=XOM.json,bcd3e56dd0f44298a668fc4848d815f4833bf0b49de3f2a2cce71e3033a7c36c,2026-09-02T16:40:54+00:00
2026-07-31,XOM,2029Q3,FMP,REVENUE_USD,87823000000.0,D:\Programming\python_example\Arcana\data-lake\bronze\consensus\fmp\analyst-estimates\period=quarter\snapshot_date=2026-07-31\ticker=XOM.json,bcd3e56dd0f44298a668fc4848d815f4833bf0b49de3f2a2cce71e3033a7c36c,2026-09-02T16:40:54+00:00
2026-07-31,XOM,2029Q2,FMP,REVENUE_USD,87863000000.0,D:\Programming\python_example\Arcana\data-lake\bronze\consensus\fmp\analyst-estimates\period=quarter\snapshot_date=2026-07-31\ticker=XOM.json,bcd3e56dd0f44298a668fc4848d815f4833bf0b49de3f2a2cce71e3033a7c36c,2026-09-02T16:40:54+00:00
2026-07-31,XOM,2029Q1,FMP,REVENUE_USD,88230000000.0,D:\Programming\python_example\Arcana\data-lake\bronze\consensus\fmp\analyst-estimates\period=quarter\snapshot_date=2026-07-31\ticker=XOM.json,bcd3e56dd0f44298a668fc4848d815f4833bf0b49de3f2a2cce71e3033a7c36c,2026-09-02T16:40:54+00:00
2026-07-31,XOM,2028Q4,FMP,REVENUE_USD,98162511032.0,D:\Programming\python_example\Arcana\data-lake\bronze\consensus\fmp\analyst-estimates\period=quarter\snapshot_date=2026-07-31\ticker=XOM.json,bcd3e56dd0f44298a668fc4848d815f4833bf0b49de3f2a2cce71e3033a7c36c,2026-09-02T16:40:54+00:00
2026-07-31,XOM,2028Q3,FMP,REVENUE_USD,96955648387.0,D:\Programming\python_example\Arcana\data-lake\bronze\consensus\fmp\analyst-estimates\period=quarter\snapshot_date=2026-07-31\ticker=XOM.json,bcd3e56dd0f44298a668fc4848d815f4833bf0b49de3f2a2cce71e3033a7c36c,2026-09-02T16:40:54+00:00
2026-07-31,XOM,2028Q2,FMP,REVENUE_USD,94973236865.0,D:\Programming\python_example\Arcana\data-lake\bronze\consensus\fmp\analyst-estimates\period=quarter\snapshot_date=2026-07-31\ticker=XOM.json,bcd3e56dd0f44298a668fc4848d815f4833bf0b49de3f2a2cce71e3033a7c36c,2026-09-02T16:40:54+00:00
2026-07-31,XOM,2028Q1,FMP,REVENUE_USD,93905699675.0,D:\Programming\python_example\Arcana\data-lake\bronze\consensus\fmp\analyst-estimates\period=quarter\snapshot_date=2026-07-31\ticker=XOM.json,bcd3e56dd0f44298a668fc4848d815f4833bf0b49de3f2a2cce71e3033a7c36c,2026-09-02T16:40:54+00:00
2026-07-31,XOM,2027Q4,FMP,REVENUE_USD,93505586689.0,D:\Programming\python_example\Arcana\data-lake\bronze\consensus\fmp\analyst-estimates\period=quarter\snapshot_date=2026-07-31\ticker=XOM.json,bcd3e56dd0f44298a668fc4848d815f4833bf0b49de3f2a2cce71e3033a7c36c,2026-09-02T16:40:54+00:00
2026-07-31,XOM,2027Q3,FMP,REVENUE_USD,93845423379.0,D:\Programming\python_example\Arcana\data-lake\bronze\consensus\fmp\analyst-estimates\period=quarter\snapshot_date=2026-07-31\ticker=XOM.json,bcd3e56dd0f44298a668fc4848d815f4833bf0b49de3f2a2cce71e3033a7c36c,2026-09-02T16:40:54+00:00
2026-07-31,XOM,2027Q2,FMP,REVENUE_USD,92185596204.0,D:\Programming\python_example\Arcana\data-lake\bronze\consensus\fmp\analyst-estimates\period=quarter\snapshot_date=2026-07-31\ticker=XOM.json,bcd3e56dd0f44298a668fc4848d815f4833bf0b49de3f2a2cce71e3033a7c36c,2026-09-02T16:40:54+00:00
2026-07-31,XOM,2027Q1,FMP,REVENUE_USD,95499833829.0,D:\Programming\python_example\Arcana\data-lake\bronze\consensus\fmp\analyst-estimates\period=quarter\snapshot_date=2026-07-31\ticker=XOM.json,bcd3e56dd0f44298a668fc4848d815f4833bf0b49de3f2a2cce71e3033a7c36c,2026-09-02T16:40:54+00:00
2026-07-31,XOM,2026Q4,FMP,REVENUE_USD,95912595218.0,D:\Programming\python_example\Arcana\data-lake\bronze\consensus\fmp\analyst-estimates\period=quarter\snapshot_date=2026-07-31\ticker=XOM.json,bcd3e56dd0f44298a668fc4848d815f4833bf0b49de3f2a2cce71e3033a7c36c,2026-09-02T16:40:54+00:00
2026-07-31,XOM,2026Q3,FMP,REVENUE_USD,96016650643.0,D:\Programming\python_example\Arcana\data-lake\bronze\consensus\fmp\analyst-estimates\period=quarter\snapshot_date=2026-07-31\ticker=XOM.json,bcd3e56dd0f44298a668fc4848d815f4833bf0b49de3f2a2cce71e3033a7c36c,2026-09-02T16:40:54+00:00
2026-07-31,XOM,2026Q2,FMP,REVENUE_USD,109936966477.0,D:\Programming\python_example\Arcana\data-lake\bronze\consensus\fmp\analyst-estimates\period=quarter\snapshot_date=2026-07-31\ticker=XOM.json,bcd3e56dd0f44298a668fc4848d815f4833bf0b49de3f2a2cce71e3033a7c36c,2026-09-02T16:40:54+00:00
2026-07-31,XOM,2026Q1,FMP,REVENUE_USD,81131121448.0,D:\Programming\python_example\Arcana\data-lake\bronze\consensus\fmp\analyst-estimates\period=quarter\snapshot_date=2026-07-31\ticker=XOM.json,bcd3e56dd0f44298a668fc4848d815f4833bf0b49de3f2a2cce71e3033a7c36c,2026-09-02T16:40:54+00:00
2026-07-31,XOM,2025Q4,FMP,REVENUE_USD,80631962479.0,D:\Programming\python_example\Arcana\data-lake\bronze\consensus\fmp\analyst-estimates\period=quarter\snapshot_date=2026-07-31\ticker=XOM.json,bcd3e56dd0f44298a668fc4848d815f4833bf0b49de3f2a2cce71e3033a7c36c,2026-09-02T16:40:54+00:00
2026-07-31,XOM,2025Q3,FMP,REVENUE_USD,86465744162.0,D:\Programming\python_example\Arcana\data-lake\bronze\consensus\fmp\analyst-estimates\period=quarter\snapshot_date=2026-07-31\ticker=XOM.json,bcd3e56dd0f44298a668fc4848d815f4833bf0b49de3f2a2cce71e3033a7c36c,2026-09-02T16:40:54+00:00
2026-07-31,XOM,2025Q2,FMP,REVENUE_USD,80697411038.0,D:\Programming\python_example\Arcana\data-lake\bronze\consensus\fmp\analyst-estimates\period=quarter\snapshot_date=2026-07-31\ticker=XOM.json,bcd3e56dd0f44298a668fc4848d815f4833bf0b49de3f2a2cce71e3033a7c36c,2026-09-02T16:40:54+00:00
2026-07-31,XOM,2025Q1,FMP,REVENUE_USD,86351703669.0,D:\Programming\python_example\Arcana\data-lake\bronze\consensus\fmp\analyst-estimates\period=quarter\snapshot_date=2026-07-31\ticker=XOM.json,bcd3e56dd0f44298a668fc4848d815f4833bf0b49de3f2a2cce71e3033a7c36c,2026-09-02T16:40:54+00:00
2026-07-31,XOM,2024Q4,FMP,REVENUE_USD,86333750492.0,D:\Programming\python_example\Arcana\data-lake\bronze\consensus\fmp\analyst-estimates\period=quarter\snapshot_date=2026-07-31\ticker=XOM.json,bcd3e56dd0f44298a668fc4848d815f4833bf0b49de3f2a2cce71e3033a7c36c,2026-09-02T16:40:54+00:00
2026-07-31,XOM,2024Q3,FMP,REVENUE_USD,89966012027.0,D:\Programming\python_example\Arcana\data-lake\bronze\consensus\fmp\analyst-estimates\period=quarter\snapshot_date=2026-07-31\ticker=XOM.json,bcd3e56dd0f44298a668fc4848d815f4833bf0b49de3f2a2cce71e3033a7c36c,2026-09-02T16:40:54+00:00
2026-07-31,XOM,2024Q2,FMP,REVENUE_USD,93450126536.0,D:\Programming\python_example\Arcana\data-lake\bronze\consensus\fmp\analyst-estimates\period=quarter\snapshot_date=2026-07-31\ticker=XOM.json,bcd3e56dd0f44298a668fc4848d815f4833bf0b49de3f2a2cce71e3033a7c36c,2026-09-02T16:40:54+00:00
2026-07-31,XOM,2024Q1,FMP,REVENUE_USD,82226063500.0,D:\Programming\python_example\Arcana\data-lake\bronze\consensus\fmp\analyst-estimates\period=quarter\snapshot_date=2026-07-31\ticker=XOM.json,bcd3e56dd0f44298a668fc4848d815f4833bf0b49de3f2a2cce71e3033a7c36c,2026-09-02T16:40:54+00:00
2026-07-31,XOM,2023Q4,FMP,REVENUE_USD,88273250000.0,D:\Programming\python_example\Arcana\data-lake\bronze\consensus\fmp\analyst-estimates\period=quarter\snapshot_date=2026-07-31\ticker=XOM.json,bcd3e56dd0f44298a668fc4848d815f4833bf0b49de3f2a2cce71e3033a7c36c,2026-09-02T16:40:54+00:00
2026-07-31,XOM,2023Q3,FMP,REVENUE_USD,93592428571.0,D:\Programming\python_example\Arcana\data-lake\bronze\consensus\fmp\analyst-estimates\period=quarter\snapshot_date=2026-07-31\ticker=XOM.json,bcd3e56dd0f44298a668fc4848d815f4833bf0b49de3f2a2cce71e3033a7c36c,2026-09-02T16:40:54+00:00
2026-07-31,XOM,2023Q2,FMP,REVENUE_USD,81802668333.0,D:\Programming\python_example\Arcana\data-lake\bronze\consensus\fmp\analyst-estimates\period=quarter\snapshot_date=2026-07-31\ticker=XOM.json,bcd3e56dd0f44298a668fc4848d815f4833bf0b49de3f2a2cce71e3033a7c36c,2026-09-02T16:40:54+00:00
2026-07-31,XOM,2023Q1,FMP,REVENUE_USD,85648234875.0,D:\Programming\python_example\Arcana\data-lake\bronze\consensus\fmp\analyst-estimates\period=quarter\snapshot_date=2026-07-31\ticker=XOM.json,bcd3e56dd0f44298a668fc4848d815f4833bf0b49de3f2a2cce71e3033a7c36c,2026-09-02T16:40:54+00:00
2026-07-31,XOM,2022Q4,FMP,REVENUE_USD,97345192556.0,D:\Programming\python_example\Arcana\data-lake\bronze\consensus\fmp\analyst-estimates\period=quarter\snapshot_date=2026-07-31\ticker=XOM.json,bcd3e56dd0f44298a668fc4848d815f4833bf0b49de3f2a2cce71e3033a7c36c,2026-09-02T16:40:54+00:00
2026-07-31,XOM,2022Q3,FMP,REVENUE_USD,104593894571.0,D:\Programming\python_example\Arcana\data-lake\bronze\consensus\fmp\analyst-estimates\period=quarter\snapshot_date=2026-07-31\ticker=XOM.json,bcd3e56dd0f44298a668fc4848d815f4833bf0b49de3f2a2cce71e3033a7c36c,2026-09-02T16:40:54+00:00
2026-07-31,XOM,2022Q2,FMP,REVENUE_USD,111301973667.0,D:\Programming\python_example\Arcana\data-lake\bronze\consensus\fmp\analyst-estimates\period=quarter\snapshot_date=2026-07-31\ticker=XOM.json,bcd3e56dd0f44298a668fc4848d815f4833bf0b49de3f2a2cce71e3033a7c36c,2026-09-02T16:40:54+00:00
2026-07-31,XOM,2022Q1,FMP,REVENUE_USD,82838586557.0,D:\Programming\python_example\Arcana\data-lake\bronze\consensus\fmp\analyst-estimates\period=quarter\snapshot_date=2026-07-31\ticker=XOM.json,bcd3e56dd0f44298a668fc4848d815f4833bf0b49de3f2a2cce71e3033a7c36c,2026-09-02T16:40:54+00:00
2026-07-31,XOM,2021Q4,FMP,REVENUE_USD,85008043125.0,D:\Programming\python_example\Arcana\data-lake\bronze\consensus\fmp\analyst-estimates\period=quarter\snapshot_date=2026-07-31\ticker=XOM.json,bcd3e56dd0f44298a668fc4848d815f4833bf0b49de3f2a2cce71e3033a7c36c,2026-09-02T16:40:54+00:00
2026-07-31,XOM,2021Q3,FMP,REVENUE_USD,71132635000.0,D:\Programming\python_example\Arcana\data-lake\bronze\consensus\fmp\analyst-estimates\period=quarter\snapshot_date=2026-07-31\ticker=XOM.json,bcd3e56dd0f44298a668fc4848d815f4833bf0b49de3f2a2cce71e3033a7c36c,2026-09-02T16:40:54+00:00
2026-07-31,XOM,2021Q2,FMP,REVENUE_USD,64638158857.0,D:\Programming\python_example\Arcana\data-lake\bronze\consensus\fmp\analyst-estimates\period=quarter\snapshot_date=2026-07-31\ticker=XOM.json,bcd3e56dd0f44298a668fc4848d815f4833bf0b49de3f2a2cce71e3033a7c36c,2026-09-02T16:40:54+00:00
2026-07-31,XOM,2021Q1,FMP,REVENUE_USD,56380651857.0,D:\Programming\python_example\Arcana\data-lake\bronze\consensus\fmp\analyst-estimates\period=quarter\snapshot_date=2026-07-31\ticker=XOM.json,bcd3e56dd0f44298a668fc4848d815f4833bf0b49de3f2a2cce71e3033a7c36c,2026-09-02T16:40:54+00:00
2026-07-31,XOM,2020Q4,FMP,REVENUE_USD,46546477000.0,D:\Programming\python_example\Arcana\data-lake\bronze\consensus\fmp\analyst-estimates\period=quarter\snapshot_date=2026-07-31\ticker=XOM.json,bcd3e56dd0f44298a668fc4848d815f4833bf0b49de3f2a2cce71e3033a7c36c,2026-09-02T16:40:54+00:00
2026-07-31,XOM,2020Q3,FMP,REVENUE_USD,45374857000.0,D:\Programming\python_example\Arcana\data-lake\bronze\consensus\fmp\analyst-estimates\period=quarter\snapshot_date=2026-07-31\ticker=XOM.json,bcd3e56dd0f44298a668fc4848d815f4833bf0b49de3f2a2cce71e3033a7c36c,2026-09-02T16:40:54+00:00
2026-07-31,XOM,2020Q2,FMP,REVENUE_USD,38156651200.0,D:\Programming\python_example\Arcana\data-lake\bronze\consensus\fmp\analyst-estimates\period=quarter\snapshot_date=2026-07-31\ticker=XOM.json,bcd3e56dd0f44298a668fc4848d815f4833bf0b49de3f2a2cce71e3033a7c36c,2026-09-02T16:40:54+00:00
2026-07-31,XOM,2020Q1,FMP,REVENUE_USD,53533787750.0,D:\Programming\python_example\Arcana\data-lake\bronze\consensus\fmp\analyst-estimates\period=quarter\snapshot_date=2026-07-31\ticker=XOM.json,bcd3e56dd0f44298a668fc4848d815f4833bf0b49de3f2a2cce71e3033a7c36c,2026-09-02T16:40:54+00:00
2026-07-31,XOM,2019Q4,FMP,REVENUE_USD,64575498750.0,D:\Programming\python_example\Arcana\data-lake\bronze\consensus\fmp\analyst-estimates\period=quarter\snapshot_date=2026-07-31\ticker=XOM.json,bcd3e56dd0f44298a668fc4848d815f4833bf0b49de3f2a2cce71e3033a7c36c,2026-09-02T16:40:54+00:00
2026-07-31,XOM,2019Q3,FMP,REVENUE_USD,60903046200.0,D:\Programming\python_example\Arcana\data-lake\bronze\consensus\fmp\analyst-estimates\period=quarter\snapshot_date=2026-07-31\ticker=XOM.json,bcd3e56dd0f44298a668fc4848d815f4833bf0b49de3f2a2cce71e3033a7c36c,2026-09-02T16:40:54+00:00
2026-07-31,XOM,2019Q2,FMP,REVENUE_USD,63602992167.0,D:\Programming\python_example\Arcana\data-lake\bronze\consensus\fmp\analyst-estimates\period=quarter\snapshot_date=2026-07-31\ticker=XOM.json,bcd3e56dd0f44298a668fc4848d815f4833bf0b49de3f2a2cce71e3033a7c36c,2026-09-02T16:40:54+00:00
2026-07-31,XOM,2019Q1,FMP,REVENUE_USD,63003025354.0,D:\Programming\python_example\Arcana\data-lake\bronze\consensus\fmp\analyst-estimates\period=quarter\snapshot_date=2026-07-31\ticker=XOM.json,bcd3e56dd0f44298a668fc4848d815f4833bf0b49de3f2a2cce71e3033a7c36c,2026-09-02T16:40:54+00:00
2026-07-31,XOM,2018Q4,FMP,REVENUE_USD,52278893617.0,D:\Programming\python_example\Arcana\data-lake\bronze\consensus\fmp\analyst-estimates\period=quarter\snapshot_date=2026-07-31\ticker=XOM.json,bcd3e56dd0f44298a668fc4848d815f4833bf0b49de3f2a2cce71e3033a7c36c,2026-09-02T16:40:54+00:00
2026-07-31,XOM,2018Q3,FMP,REVENUE_USD,62500006849.0,D:\Programming\python_example\Arcana\data-lake\bronze\consensus\fmp\analyst-estimates\period=quarter\snapshot_date=2026-07-31\ticker=XOM.json,bcd3e56dd0f44298a668fc4848d815f4833bf0b49de3f2a2cce71e3033a7c36c,2026-09-02T16:40:54+00:00
2026-07-31,XOM,2018Q2,FMP,REVENUE_USD,98640347826.0,D:\Programming\python_example\Arcana\data-lake\bronze\consensus\fmp\analyst-estimates\period=quarter\snapshot_date=2026-07-31\ticker=XOM.json,bcd3e56dd0f44298a668fc4848d815f4833bf0b49de3f2a2cce71e3033a7c36c,2026-09-02T16:40:54+00:00
2026-07-31,XOM,2018Q1,FMP,REVENUE_USD,67236990825.0,D:\Programming\python_example\Arcana\data-lake\bronze\consensus\fmp\analyst-estimates\period=quarter\snapshot_date=2026-07-31\ticker=XOM.json,bcd3e56dd0f44298a668fc4848d815f4833bf0b49de3f2a2cce71e3033a7c36c,2026-09-02T16:40:54+00:00
2026-07-31,XOM,2017Q4,FMP,REVENUE_USD,60074181818.0,D:\Programming\python_example\Arcana\data-lake\bronze\consensus\fmp\analyst-estimates\period=quarter\snapshot_date=2026-07-31\ticker=XOM.json,bcd3e56dd0f44298a668fc4848d815f4833bf0b49de3f2a2cce71e3033a7c36c,2026-09-02T16:40:54+00:00
2026-07-31,XOM,2017Q3,FMP,REVENUE_USD,54882795698.0,D:\Programming\python_example\Arcana\data-lake\bronze\consensus\fmp\analyst-estimates\period=quarter\snapshot_date=2026-07-31\ticker=XOM.json,bcd3e56dd0f44298a668fc4848d815f4833bf0b49de3f2a2cce71e3033a7c36c,2026-09-02T16:40:54+00:00
2026-07-31,XOM,2017Q2,FMP,REVENUE_USD,60335692307.0,D:\Programming\python_example\Arcana\data-lake\bronze\consensus\fmp\analyst-estimates\period=quarter\snapshot_date=2026-07-31\ticker=XOM.json,bcd3e56dd0f44298a668fc4848d815f4833bf0b49de3f2a2cce71e3033a7c36c,2026-09-02T16:40:54+00:00
2026-07-31,XOM,2017Q1,FMP,REVENUE_USD,50529368421.0,D:\Programming\python_example\Arcana\data-lake\bronze\consensus\fmp\analyst-estimates\period=quarter\snapshot_date=2026-07-31\ticker=XOM.json,bcd3e56dd0f44298a668fc4848d815f4833bf0b49de3f2a2cce71e3033a7c36c,2026-09-02T16:40:54+00:00
2026-07-31,XOM,2016Q4,FMP,REVENUE_USD,31419111111.0,D:\Programming\python_example\Arcana\data-lake\bronze\consensus\fmp\analyst-estimates\period=quarter\snapshot_date=2026-07-31\ticker=XOM.json,bcd3e56dd0f44298a668fc4848d815f4833bf0b49de3f2a2cce71e3033a7c36c,2026-09-02T16:40:54+00:00
2026-07-31,XOM,2016Q3,FMP,REVENUE_USD,52261682539.0,D:\Programming\python_example\Arcana\data-lake\bronze\consensus\fmp\analyst-estimates\period=quarter\snapshot_date=2026-07-31\ticker=XOM.json,bcd3e56dd0f44298a668fc4848d815f4833bf0b49de3f2a2cce71e3033a7c36c,2026-09-02T16:40:54+00:00
2026-07-31,XOM,2016Q2,FMP,REVENUE_USD,87976585365.0,D:\Programming\python_example\Arcana\data-lake\bronze\consensus\fmp\analyst-estimates\period=quarter\snapshot_date=2026-07-31\ticker=XOM.json,bcd3e56dd0f44298a668fc4848d815f4833bf0b49de3f2a2cce71e3033a7c36c,2026-09-02T16:40:54+00:00
2026-07-31,XOM,2016Q1,FMP,REVENUE_USD,33959418604.0,D:\Programming\python_example\Arcana\data-lake\bronze\consensus\fmp\analyst-estimates\period=quarter\snapshot_date=2026-07-31\ticker=XOM.json,bcd3e56dd0f44298a668fc4848d815f4833bf0b49de3f2a2cce71e3033a7c36c,2026-09-02T16:40:54+00:00
2026-07-31,XOM,2015Q4,FMP,REVENUE_USD,35784940298.0,D:\Programming\python_example\Arcana\data-lake\bronze\consensus\fmp\analyst-estimates\period=quarter\snapshot_date=2026-07-31\ticker=XOM.json,bcd3e56dd0f44298a668fc4848d815f4833bf0b49de3f2a2cce71e3033a7c36c,2026-09-02T16:40:54+00:00
2026-07-31,XOM,2015Q3,FMP,REVENUE_USD,57875554455.0,D:\Programming\python_example\Arcana\data-lake\bronze\consensus\fmp\analyst-estimates\period=quarter\snapshot_date=2026-07-31\ticker=XOM.json,bcd3e56dd0f44298a668fc4848d815f4833bf0b49de3f2a2cce71e3033a7c36c,2026-09-02T16:40:54+00:00
2026-07-31,XOM,2015Q2,FMP,REVENUE_USD,79209600000.0,D:\Programming\python_example\Arcana\data-lake\bronze\consensus\fmp\analyst-estimates\period=quarter\snapshot_date=2026-07-31\ticker=XOM.json,bcd3e56dd0f44298a668fc4848d815f4833bf0b49de3f2a2cce71e3033a7c36c,2026-09-02T16:40:54+00:00
2026-07-31,XOM,2015Q1,FMP,REVENUE_USD,45939435897.0,D:\Programming\python_example\Arcana\data-lake\bronze\consensus\fmp\analyst-estimates\period=quarter\snapshot_date=2026-07-31\ticker=XOM.json,bcd3e56dd0f44298a668fc4848d815f4833bf0b49de3f2a2cce71e3033a7c36c,2026-09-02T16:40:54+00:00
2026-07-31,XOM,2014Q4,FMP,REVENUE_USD,83872833333.0,D:\Programming\python_example\Arcana\data-lake\bronze\consensus\fmp\analyst-estimates\period=quarter\snapshot_date=2026-07-31\ticker=XOM.json,bcd3e56dd0f44298a668fc4848d815f4833bf0b49de3f2a2cce71e3033a7c36c,2026-09-02T16:40:54+00:00
2026-07-31,XOM,2014Q3,FMP,REVENUE_USD,93702571428.0,D:\Programming\python_example\Arcana\data-lake\bronze\consensus\fmp\analyst-estimates\period=quarter\snapshot_date=2026-07-31\ticker=XOM.json,bcd3e56dd0f44298a668fc4848d815f4833bf0b49de3f2a2cce71e3033a7c36c,2026-09-02T16:40:54+00:00
2026-07-31,XOM,2014Q2,FMP,REVENUE_USD,95920653658.0,D:\Programming\python_example\Arcana\data-lake\bronze\consensus\fmp\analyst-estimates\period=quarter\snapshot_date=2026-07-31\ticker=XOM.json,bcd3e56dd0f44298a668fc4848d815f4833bf0b49de3f2a2cce71e3033a7c36c,2026-09-02T16:40:54+00:00
2026-07-31,XOM,2014Q1,FMP,REVENUE_USD,91099428571.0,D:\Programming\python_example\Arcana\data-lake\bronze\consensus\fmp\analyst-estimates\period=quarter\snapshot_date=2026-07-31\ticker=XOM.json,bcd3e56dd0f44298a668fc4848d815f4833bf0b49de3f2a2cce71e3033a7c36c,2026-09-02T16:40:54+00:00
2026-07-31,XOM,2013Q4,FMP,REVENUE_USD,106573068062.0,D:\Programming\python_example\Arcana\data-lake\bronze\consensus\fmp\analyst-estimates\period=quarter\snapshot_date=2026-07-31\ticker=XOM.json,bcd3e56dd0f44298a668fc4848d815f4833bf0b49de3f2a2cce71e3033a7c36c,2026-09-02T16:40:54+00:00
2026-07-31,XOM,2013Q3,FMP,REVENUE_USD,107178938547.0,D:\Programming\python_example\Arcana\data-lake\bronze\consensus\fmp\analyst-estimates\period=quarter\snapshot_date=2026-07-31\ticker=XOM.json,bcd3e56dd0f44298a668fc4848d815f4833bf0b49de3f2a2cce71e3033a7c36c,2026-09-02T16:40:54+00:00
2026-07-31,XOM,2013Q2,FMP,REVENUE_USD,126319354838.0,D:\Programming\python_example\Arcana\data-lake\bronze\consensus\fmp\analyst-estimates\period=quarter\snapshot_date=2026-07-31\ticker=XOM.json,bcd3e56dd0f44298a668fc4848d815f4833bf0b49de3f2a2cce71e3033a7c36c,2026-09-02T16:40:54+00:00
2026-07-31,XOM,2013Q1,FMP,REVENUE_USD,99964575471.0,D:\Programming\python_example\Arcana\data-lake\bronze\consensus\fmp\analyst-estimates\period=quarter\snapshot_date=2026-07-31\ticker=XOM.json,bcd3e56dd0f44298a668fc4848d815f4833bf0b49de3f2a2cce71e3033a7c36c,2026-09-02T16:40:54+00:00
2026-07-31,XOM,2012Q4,FMP,REVENUE_USD,99237272727.0,D:\Programming\python_example\Arcana\data-lake\bronze\consensus\fmp\analyst-estimates\period=quarter\snapshot_date=2026-07-31\ticker=XOM.json,bcd3e56dd0f44298a668fc4848d815f4833bf0b49de3f2a2cce71e3033a7c36c,2026-09-02T16:40:54+00:00
2026-07-31,XOM,2012Q3,FMP,REVENUE_USD,107955358851.0,D:\Programming\python_example\Arcana\data-lake\bronze\consensus\fmp\analyst-estimates\period=quarter\snapshot_date=2026-07-31\ticker=XOM.json,bcd3e56dd0f44298a668fc4848d815f4833bf0b49de3f2a2cce71e3033a7c36c,2026-09-02T16:40:54+00:00
2026-07-31,XOM,2012Q2,FMP,REVENUE_USD,121517500000.0,D:\Programming\python_example\Arcana\data-lake\bronze\consensus\fmp\analyst-estimates\period=quarter\snapshot_date=2026-07-31\ticker=XOM.json,bcd3e56dd0f44298a668fc4848d815f4833bf0b49de3f2a2cce71e3033a7c36c,2026-09-02T16:40:54+00:00
2026-07-31,XOM,2012Q1,FMP,REVENUE_USD,124552505000.0,D:\Programming\python_example\Arcana\data-lake\bronze\consensus\fmp\analyst-estimates\period=quarter\snapshot_date=2026-07-31\ticker=XOM.json,bcd3e56dd0f44298a668fc4848d815f4833bf0b49de3f2a2cce71e3033a7c36c,2026-09-02T16:40:54+00:00
2026-07-31,XOM,2011Q4,FMP,REVENUE_USD,115320629441.0,D:\Programming\python_example\Arcana\data-lake\bronze\consensus\fmp\analyst-estimates\period=quarter\snapshot_date=2026-07-31\ticker=XOM.json,bcd3e56dd0f44298a668fc4848d815f4833bf0b49de3f2a2cce71e3033a7c36c,2026-09-02T16:40:54+00:00
2026-07-31,XOM,2011Q3,FMP,REVENUE_USD,119909389671.0,D:\Programming\python_example\Arcana\data-lake\bronze\consensus\fmp\analyst-estimates\period=quarter\snapshot_date=2026-07-31\ticker=XOM.json,bcd3e56dd0f44298a668fc4848d815f4833bf0b49de3f2a2cce71e3033a7c36c,2026-09-02T16:40:54+00:00
2026-07-31,XOM,2011Q2,FMP,REVENUE_USD,129189944954.0,D:\Programming\python_example\Arcana\data-lake\bronze\consensus\fmp\analyst-estimates\period=quarter\snapshot_date=2026-07-31\ticker=XOM.json,bcd3e56dd0f44298a668fc4848d815f4833bf0b49de3f2a2cce71e3033a7c36c,2026-09-02T16:40:54+00:00
2026-07-31,XOM,2011Q1,FMP,REVENUE_USD,106187887850.0,D:\Programming\python_example\Arcana\data-lake\bronze\consensus\fmp\analyst-estimates\period=quarter\snapshot_date=2026-07-31\ticker=XOM.json,bcd3e56dd0f44298a668fc4848d815f4833bf0b49de3f2a2cce71e3033a7c36c,2026-09-02T16:40:54+00:00
2026-07-31,XOM,2010Q4,FMP,REVENUE_USD,89026194594.0,D:\Programming\python_example\Arcana\data-lake\bronze\consensus\fmp\analyst-estimates\period=quarter\snapshot_date=2026-07-31\ticker=XOM.json,bcd3e56dd0f44298a668fc4848d815f4833bf0b49de3f2a2cce71e3033a7c36c,2026-09-02T16:40:54+00:00
2026-07-31,XOM,2010Q3,FMP,REVENUE_USD,89146298611.0,D:\Programming\python_example\Arcana\data-lake\bronze\consensus\fmp\analyst-estimates\period=quarter\snapshot_date=2026-07-31\ticker=XOM.json,bcd3e56dd0f44298a668fc4848d815f4833bf0b49de3f2a2cce71e3033a7c36c,2026-09-02T16:40:54+00:00
2026-07-31,XOM,2010Q2,FMP,REVENUE_USD,81844862500.0,D:\Programming\python_example\Arcana\data-lake\bronze\consensus\fmp\analyst-estimates\period=quarter\snapshot_date=2026-07-31\ticker=XOM.json,bcd3e56dd0f44298a668fc4848d815f4833bf0b49de3f2a2cce71e3033a7c36c,2026-09-02T16:40:54+00:00
2026-07-31,XOM,2010Q1,FMP,REVENUE_USD,92272308270.0,D:\Programming\python_example\Arcana\data-lake\bronze\consensus\fmp\analyst-estimates\period=quarter\snapshot_date=2026-07-31\ticker=XOM.json,bcd3e56dd0f44298a668fc4848d815f4833bf0b49de3f2a2cce71e3033a7c36c,2026-09-02T16:40:54+00:00
2026-07-31,XOM,2009Q4,FMP,REVENUE_USD,81627440944.0,D:\Programming\python_example\Arcana\data-lake\bronze\consensus\fmp\analyst-estimates\period=quarter\snapshot_date=2026-07-31\ticker=XOM.json,bcd3e56dd0f44298a668fc4848d815f4833bf0b49de3f2a2cce71e3033a7c36c,2026-09-02T16:40:54+00:00
2026-07-31,XOM,2009Q3,FMP,REVENUE_USD,84176224489.0,D:\Programming\python_example\Arcana\data-lake\bronze\consensus\fmp\analyst-estimates\period=quarter\snapshot_date=2026-07-31\ticker=XOM.json,bcd3e56dd0f44298a668fc4848d815f4833bf0b49de3f2a2cce71e3033a7c36c,2026-09-02T16:40:54+00:00
2026-07-31,XOM,2009Q2,FMP,REVENUE_USD,87631357142.0,D:\Programming\python_example\Arcana\data-lake\bronze\consensus\fmp\analyst-estimates\period=quarter\snapshot_date=2026-07-31\ticker=XOM.json,bcd3e56dd0f44298a668fc4848d815f4833bf0b49de3f2a2cce71e3033a7c36c,2026-09-02T16:40:54+00:00
2026-07-31,XOM,2009Q1,FMP,REVENUE_USD,64153913043.0,D:\Programming\python_example\Arcana\data-lake\bronze\consensus\fmp\analyst-estimates\period=quarter\snapshot_date=2026-07-31\ticker=XOM.json,bcd3e56dd0f44298a668fc4848d815f4833bf0b49de3f2a2cce71e3033a7c36c,2026-09-02T16:40:54+00:00
2026-07-31,XOM,2008Q4,FMP,REVENUE_USD,75301774193.0,D:\Programming\python_example\Arcana\data-lake\bronze\consensus\fmp\analyst-estimates\period=quarter\snapshot_date=2026-07-31\ticker=XOM.json,bcd3e56dd0f44298a668fc4848d815f4833bf0b49de3f2a2cce71e3033a7c36c,2026-09-02T16:40:54+00:00
2026-07-31,XOM,2008Q3,FMP,REVENUE_USD,121375405405.0,D:\Programming\python_example\Arcana\data-lake\bronze\consensus\fmp\analyst-estimates\period=quarter\snapshot_date=2026-07-31\ticker=XOM.json,bcd3e56dd0f44298a668fc4848d815f4833bf0b49de3f2a2cce71e3033a7c36c,2026-09-02T16:40:54+00:00
2026-07-31,XOM,2008Q2,FMP,REVENUE_USD,148509039647.0,D:\Programming\python_example\Arcana\data-lake\bronze\consensus\fmp\analyst-estimates\period=quarter\snapshot_date=2026-07-31\ticker=XOM.json,bcd3e56dd0f44298a668fc4848d815f4833bf0b49de3f2a2cce71e3033a7c36c,2026-09-02T16:40:54+00:00
2026-07-31,XOM,2008Q1,FMP,REVENUE_USD,119358236453.0,D:\Programming\python_example\Arcana\data-lake\bronze\consensus\fmp\analyst-estimates\period=quarter\snapshot_date=2026-07-31\ticker=XOM.json,bcd3e56dd0f44298a668fc4848d815f4833bf0b49de3f2a2cce71e3033a7c36c,2026-09-02T16:40:54+00:00
2026-07-31,XOM,2007Q4,FMP,REVENUE_USD,102503169014.0,D:\Programming\python_example\Arcana\data-lake\bronze\consensus\fmp\analyst-estimates\period=quarter\snapshot_date=2026-07-31\ticker=XOM.json,bcd3e56dd0f44298a668fc4848d815f4833bf0b49de3f2a2cce71e3033a7c36c,2026-09-02T16:40:54+00:00
2026-07-31,XOM,2007Q3,FMP,REVENUE_USD,102045588235.0,D:\Programming\python_example\Arcana\data-lake\bronze\consensus\fmp\analyst-estimates\period=quarter\snapshot_date=2026-07-31\ticker=XOM.json,bcd3e56dd0f44298a668fc4848d815f4833bf0b49de3f2a2cce71e3033a7c36c,2026-09-02T16:40:54+00:00
2026-07-31,XOM,2007Q2,FMP,REVENUE_USD,101811825136.0,D:\Programming\python_example\Arcana\data-lake\bronze\consensus\fmp\analyst-estimates\period=quarter\snapshot_date=2026-07-31\ticker=XOM.json,bcd3e56dd0f44298a668fc4848d815f4833bf0b49de3f2a2cce71e3033a7c36c,2026-09-02T16:40:54+00:00
2026-07-31,XOM,2007Q1,FMP,REVENUE_USD,78978074074.0,D:\Programming\python_example\Arcana\data-lake\bronze\consensus\fmp\analyst-estimates\period=quarter\snapshot_date=2026-07-31\ticker=XOM.json,bcd3e56dd0f44298a668fc4848d815f4833bf0b49de3f2a2cce71e3033a7c36c,2026-09-02T16:40:54+00:00
2026-07-31,XOM,2006Q4,FMP,REVENUE_USD,77606852071.0,D:\Programming\python_example\Arcana\data-lake\bronze\consensus\fmp\analyst-estimates\period=quarter\snapshot_date=2026-07-31\ticker=XOM.json,bcd3e56dd0f44298a668fc4848d815f4833bf0b49de3f2a2cce71e3033a7c36c,2026-09-02T16:40:54+00:00
2026-07-31,XOM,2006Q3,FMP,REVENUE_USD,86478033898.0,D:\Programming\python_example\Arcana\data-lake\bronze\consensus\fmp\analyst-estimates\period=quarter\snapshot_date=2026-07-31\ticker=XOM.json,bcd3e56dd0f44298a668fc4848d815f4833bf0b49de3f2a2cce71e3033a7c36c,2026-09-02T16:40:54+00:00
2026-07-31,XOM,2006Q2,FMP,REVENUE_USD,91557767441.0,D:\Programming\python_example\Arcana\data-lake\bronze\consensus\fmp\analyst-estimates\period=quarter\snapshot_date=2026-07-31\ticker=XOM.json,bcd3e56dd0f44298a668fc4848d815f4833bf0b49de3f2a2cce71e3033a7c36c,2026-09-02T16:40:54+00:00
2026-07-31,XOM,2006Q1,FMP,REVENUE_USD,92617510948.0,D:\Programming\python_example\Arcana\data-lake\bronze\consensus\fmp\analyst-estimates\period=quarter\snapshot_date=2026-07-31\ticker=XOM.json,bcd3e56dd0f44298a668fc4848d815f4833bf0b49de3f2a2cce71e3033a7c36c,2026-09-02T16:40:54+00:00
2026-07-31,XOM,2005Q4,FMP,REVENUE_USD,83892654545.0,D:\Programming\python_example\Arcana\data-lake\bronze\consensus\fmp\analyst-estimates\period=quarter\snapshot_date=2026-07-31\ticker=XOM.json,bcd3e56dd0f44298a668fc4848d815f4833bf0b49de3f2a2cce71e3033a7c36c,2026-09-02T16:40:54+00:00
2026-07-31,XOM,2005Q3,FMP,REVENUE_USD,101127863636.0,D:\Programming\python_example\Arcana\data-lake\bronze\consensus\fmp\analyst-estimates\period=quarter\snapshot_date=2026-07-31\ticker=XOM.json,bcd3e56dd0f44298a668fc4848d815f4833bf0b49de3f2a2cce71e3033a7c36c,2026-09-02T16:40:54+00:00
2026-07-31,XOM,2005Q2,FMP,REVENUE_USD,87326243902.0,D:\Programming\python_example\Arcana\data-lake\bronze\consensus\fmp\analyst-estimates\period=quarter\snapshot_date=2026-07-31\ticker=XOM.json,bcd3e56dd0f44298a668fc4848d815f4833bf0b49de3f2a2cce71e3033a7c36c,2026-09-02T16:40:54+00:00
2026-07-31,XOM,2005Q1,FMP,REVENUE_USD,82930434782.0,D:\Programming\python_example\Arcana\data-lake\bronze\consensus\fmp\analyst-estimates\period=quarter\snapshot_date=2026-07-31\ticker=XOM.json,bcd3e56dd0f44298a668fc4848d815f4833bf0b49de3f2a2cce71e3033a7c36c,2026-09-02T16:40:54+00:00
2026-07-31,XOM,2004Q4,FMP,REVENUE_USD,66766353846.0,D:\Programming\python_example\Arcana\data-lake\bronze\consensus\fmp\analyst-estimates\period=quarter\snapshot_date=2026-07-31\ticker=XOM.json,bcd3e56dd0f44298a668fc4848d815f4833bf0b49de3f2a2cce71e3033a7c36c,2026-09-02T16:40:54+00:00
2026-07-31,XOM,2004Q3,FMP,REVENUE_USD,67836437500.0,D:\Programming\python_example\Arcana\data-lake\bronze\consensus\fmp\analyst-estimates\period=quarter\snapshot_date=2026-07-31\ticker=XOM.json,bcd3e56dd0f44298a668fc4848d815f4833bf0b49de3f2a2cce71e3033a7c36c,2026-09-02T16:40:54+00:00
2026-07-31,XOM,2004Q2,FMP,REVENUE_USD,69220000000.0,D:\Programming\python_example\Arcana\data-lake\bronze\consensus\fmp\analyst-estimates\period=quarter\snapshot_date=2026-07-31\ticker=XOM.json,bcd3e56dd0f44298a668fc4848d815f4833bf0b49de3f2a2cce71e3033a7c36c,2026-09-02T16:40:54+00:00
2026-07-31,XOM,2004Q1,FMP,REVENUE_USD,59692771084.0,D:\Programming\python_example\Arcana\data-lake\bronze\consensus\fmp\analyst-estimates\period=quarter\snapshot_date=2026-07-31\ticker=XOM.json,bcd3e56dd0f44298a668fc4848d815f4833bf0b49de3f2a2cce71e3033a7c36c,2026-09-02T16:40:54+00:00
2026-07-31,XOM,2003Q4,FMP,REVENUE_USD,54580965517.0,D:\Programming\python_example\Arcana\data-lake\bronze\consensus\fmp\analyst-estimates\period=quarter\snapshot_date=2026-07-31\ticker=XOM.json,bcd3e56dd0f44298a668fc4848d815f4833bf0b49de3f2a2cce71e3033a7c36c,2026-09-02T16:40:54+00:00
2026-07-31,XOM,2003Q3,FMP,REVENUE_USD,66238545454.0,D:\Programming\python_example\Arcana\data-lake\bronze\consensus\fmp\analyst-estimates\period=quarter\snapshot_date=2026-07-31\ticker=XOM.json,bcd3e56dd0f44298a668fc4848d815f4833bf0b49de3f2a2cce71e3033a7c36c,2026-09-02T16:40:54+00:00
2026-07-31,XOM,2003Q2,FMP,REVENUE_USD,51040178571.0,D:\Programming\python_example\Arcana\data-lake\bronze\consensus\fmp\analyst-estimates\period=quarter\snapshot_date=2026-07-31\ticker=XOM.json,bcd3e56dd0f44298a668fc4848d815f4833bf0b49de3f2a2cce71e3033a7c36c,2026-09-02T16:40:54+00:00
2026-07-31,XOM,2003Q1,FMP,REVENUE_USD,62868857142.0,D:\Programming\python_example\Arcana\data-lake\bronze\consensus\fmp\analyst-estimates\period=quarter\snapshot_date=2026-07-31\ticker=XOM.json,bcd3e56dd0f44298a668fc4848d815f4833bf0b49de3f2a2cce71e3033a7c36c,2026-09-02T16:40:54+00:00
2026-07-31,XOM,2002Q4,FMP,REVENUE_USD,49177919999.0,D:\Programming\python_example\Arcana\data-lake\bronze\consensus\fmp\analyst-estimates\period=quarter\snapshot_date=2026-07-31\ticker=XOM.json,bcd3e56dd0f44298a668fc4848d815f4833bf0b49de3f2a2cce71e3033a7c36c,2026-09-02T16:40:54+00:00
2026-07-31,XOM,2002Q3,FMP,REVENUE_USD,51985045454.0,D:\Programming\python_example\Arcana\data-lake\bronze\consensus\fmp\analyst-estimates\period=quarter\snapshot_date=2026-07-31\ticker=XOM.json,bcd3e56dd0f44298a668fc4848d815f4833bf0b49de3f2a2cce71e3033a7c36c,2026-09-02T16:40:54+00:00
2026-07-31,XOM,2002Q2,FMP,REVENUE_USD,58941333333.0,D:\Programming\python_example\Arcana\data-lake\bronze\consensus\fmp\analyst-estimates\period=quarter\snapshot_date=2026-07-31\ticker=XOM.json,bcd3e56dd0f44298a668fc4848d815f4833bf0b49de3f2a2cce71e3033a7c36c,2026-09-02T16:40:54+00:00
2026-07-31,XOM,2002Q1,FMP,REVENUE_USD,54957419354.0,D:\Programming\python_example\Arcana\data-lake\bronze\consensus\fmp\analyst-estimates\period=quarter\snapshot_date=2026-07-31\ticker=XOM.json,bcd3e56dd0f44298a668fc4848d815f4833bf0b49de3f2a2cce71e3033a7c36c,2026-09-02T16:40:54+00:00
2026-07-31,XOM,2001Q4,FMP,REVENUE_USD,44207076923.0,D:\Programming\python_example\Arcana\data-lake\bronze\consensus\fmp\analyst-estimates\period=quarter\snapshot_date=2026-07-31\ticker=XOM.json,bcd3e56dd0f44298a668fc4848d815f4833bf0b49de3f2a2cce71e3033a7c36c,2026-09-02T16:40:54+00:00
2026-07-31,XOM,2001Q3,FMP,REVENUE_USD,54327750000.0,D:\Programming\python_example\Arcana\data-lake\bronze\consensus\fmp\analyst-estimates\period=quarter\snapshot_date=2026-07-31\ticker=XOM.json,bcd3e56dd0f44298a668fc4848d815f4833bf0b49de3f2a2cce71e3033a7c36c,2026-09-02T16:40:54+00:00
2026-07-31,XOM,2001Q2,FMP,REVENUE_USD,55961953125.0,D:\Programming\python_example\Arcana\data-lake\bronze\consensus\fmp\analyst-estimates\period=quarter\snapshot_date=2026-07-31\ticker=XOM.json,bcd3e56dd0f44298a668fc4848d815f4833bf0b49de3f2a2cce71e3033a7c36c,2026-09-02T16:40:54+00:00
2026-07-31,XOM,2001Q1,FMP,REVENUE_USD,101543027027.0,D:\Programming\python_example\Arcana\data-lake\bronze\consensus\fmp\analyst-estimates\period=quarter\snapshot_date=2026-07-31\ticker=XOM.json,bcd3e56dd0f44298a668fc4848d815f4833bf0b49de3f2a2cce71e3033a7c36c,2026-09-02T16:40:54+00:00
2026-07-31,XOM,2000Q4,FMP,REVENUE_USD,68530016129.0,D:\Programming\python_example\Arcana\data-lake\bronze\consensus\fmp\analyst-estimates\period=quarter\snapshot_date=2026-07-31\ticker=XOM.json,bcd3e56dd0f44298a668fc4848d815f4833bf0b49de3f2a2cce71e3033a7c36c,2026-09-02T16:40:54+00:00
2026-07-31,XOM,2000Q3,FMP,REVENUE_USD,42415819672.0,D:\Programming\python_example\Arcana\data-lake\bronze\consensus\fmp\analyst-estimates\period=quarter\snapshot_date=2026-07-31\ticker=XOM.json,bcd3e56dd0f44298a668fc4848d815f4833bf0b49de3f2a2cce71e3033a7c36c,2026-09-02T16:40:54+00:00
2026-07-31,XOM,2000Q2,FMP,REVENUE_USD,49349288135.0,D:\Programming\python_example\Arcana\data-lake\bronze\consensus\fmp\analyst-estimates\period=quarter\snapshot_date=2026-07-31\ticker=XOM.json,bcd3e56dd0f44298a668fc4848d815f4833bf0b49de3f2a2cce71e3033a7c36c,2026-09-02T16:40:54+00:00
2026-07-31,XOM,2000Q1,FMP,REVENUE_USD,48833583333.0,D:\Programming\python_example\Arcana\data-lake\bronze\consensus\fmp\analyst-estimates\period=quarter\snapshot_date=2026-07-31\ticker=XOM.json,bcd3e56dd0f44298a668fc4848d815f4833bf0b49de3f2a2cce71e3033a7c36c,2026-09-02T16:40:54+00:00
2026-07-31,XOM,1999Q4,FMP,REVENUE_USD,81391236842.0,D:\Programming\python_example\Arcana\data-lake\bronze\consensus\fmp\analyst-estimates\period=quarter\snapshot_date=2026-07-31\ticker=XOM.json,bcd3e56dd0f44298a668fc4848d815f4833bf0b49de3f2a2cce71e3033a7c36c,2026-09-02T16:40:54+00:00
2026-07-31,XOM,1999Q3,FMP,REVENUE_USD,46853225806.0,D:\Programming\python_example\Arcana\data-lake\bronze\consensus\fmp\analyst-estimates\period=quarter\snapshot_date=2026-07-31\ticker=XOM.json,bcd3e56dd0f44298a668fc4848d815f4833bf0b49de3f2a2cce71e3033a7c36c,2026-09-02T16:40:54+00:00
2026-07-31,XOM,1999Q2,FMP,REVENUE_USD,45854640000.0,D:\Programming\python_example\Arcana\data-lake\bronze\consensus\fmp\analyst-estimates\period=quarter\snapshot_date=2026-07-31\ticker=XOM.json,bcd3e56dd0f44298a668fc4848d815f4833bf0b49de3f2a2cce71e3033a7c36c,2026-09-02T16:40:54+00:00
2026-07-31,XOM,1999Q1,FMP,REVENUE_USD,36399416666.0,D:\Programming\python_example\Arcana\data-lake\bronze\consensus\fmp\analyst-estimates\period=quarter\snapshot_date=2026-07-31\ticker=XOM.json,bcd3e56dd0f44298a668fc4848d815f4833bf0b49de3f2a2cce71e3033a7c36c,2026-09-02T16:40:54+00:00
2026-07-31,XOM,1998Q4,FMP,REVENUE_USD,23298600000.0,D:\Programming\python_example\Arcana\data-lake\bronze\consensus\fmp\analyst-estimates\period=quarter\snapshot_date=2026-07-31\ticker=XOM.json,bcd3e56dd0f44298a668fc4848d815f4833bf0b49de3f2a2cce71e3033a7c36c,2026-09-02T16:40:54+00:00
2026-07-31,XOM,1998Q3,FMP,REVENUE_USD,40785000000.0,D:\Programming\python_example\Arcana\data-lake\bronze\consensus\fmp\analyst-estimates\period=quarter\snapshot_date=2026-07-31\ticker=XOM.json,bcd3e56dd0f44298a668fc4848d815f4833bf0b49de3f2a2cce71e3033a7c36c,2026-09-02T16:40:54+00:00
2026-07-31,XOM,1998Q2,FMP,REVENUE_USD,40563393939.0,D:\Programming\python_example\Arcana\data-lake\bronze\consensus\fmp\analyst-estimates\period=quarter\snapshot_date=2026-07-31\ticker=XOM.json,bcd3e56dd0f44298a668fc4848d815f4833bf0b49de3f2a2cce71e3033a7c36c,2026-09-02T16:40:54+00:00
2026-07-31,XOM,1998Q1,FMP,REVENUE_USD,38223157894.0,D:\Programming\python_example\Arcana\data-lake\bronze\consensus\fmp\analyst-estimates\period=quarter\snapshot_date=2026-07-31\ticker=XOM.json,bcd3e56dd0f44298a668fc4848d815f4833bf0b49de3f2a2cce71e3033a7c36c,2026-09-02T16:40:54+00:00
2026-07-31,XOM,1997Q4,FMP,REVENUE_USD,29581297296.0,D:\Programming\python_example\Arcana\data-lake\bronze\consensus\fmp\analyst-estimates\period=quarter\snapshot_date=2026-07-31\ticker=XOM.json,bcd3e56dd0f44298a668fc4848d815f4833bf0b49de3f2a2cce71e3033a7c36c,2026-09-02T16:40:54+00:00
2026-07-31,XOM,1997Q3,FMP,REVENUE_USD,45718513513.0,D:\Programming\python_example\Arcana\data-lake\bronze\consensus\fmp\analyst-estimates\period=quarter\snapshot_date=2026-07-31\ticker=XOM.json,bcd3e56dd0f44298a668fc4848d815f4833bf0b49de3f2a2cce71e3033a7c36c,2026-09-02T16:40:54+00:00
2026-07-31,XOM,1997Q2,FMP,REVENUE_USD,43794625000.0,D:\Programming\python_example\Arcana\data-lake\bronze\consensus\fmp\analyst-estimates\period=quarter\snapshot_date=2026-07-31\ticker=XOM.json,bcd3e56dd0f44298a668fc4848d815f4833bf0b49de3f2a2cce71e3033a7c36c,2026-09-02T16:40:54+00:00
2026-07-31,XOM,1997Q1,FMP,REVENUE_USD,47201250000.0,D:\Programming\python_example\Arcana\data-lake\bronze\consensus\fmp\analyst-estimates\period=quarter\snapshot_date=2026-07-31\ticker=XOM.json,bcd3e56dd0f44298a668fc4848d815f4833bf0b49de3f2a2cce71e3033a7c36c,2026-09-02T16:40:54+00:00
2026-07-31,XOM,1996Q4,FMP,REVENUE_USD,29081631578.0,D:\Programming\python_example\Arcana\data-lake\bronze\consensus\fmp\analyst-estimates\period=quarter\snapshot_date=2026-07-31\ticker=XOM.json,bcd3e56dd0f44298a668fc4848d815f4833bf0b49de3f2a2cce71e3033a7c36c,2026-09-02T16:40:54+00:00
2026-07-31,CVX,2030Q4,FMP,REVENUE_USD,66019076337.0,D:\Programming\python_example\Arcana\data-lake\bronze\consensus\fmp\analyst-estimates\period=quarter\snapshot_date=2026-07-31\ticker=CVX.json,5ca31114f72b277ffe9121582c7f8b242d3fc3bd3be59f0764cbf405c1b6d25f,2026-09-02T16:40:54+00:00
2026-07-31,CVX,2030Q3,FMP,REVENUE_USD,64889037456.0,D:\Programming\python_example\Arcana\data-lake\bronze\consensus\fmp\analyst-estimates\period=quarter\snapshot_date=2026-07-31\ticker=CVX.json,5ca31114f72b277ffe9121582c7f8b242d3fc3bd3be59f0764cbf405c1b6d25f,2026-09-02T16:40:54+00:00
2026-07-31,CVX,2030Q2,FMP,REVENUE_USD,63778341286.0,D:\Programming\python_example\Arcana\data-lake\bronze\consensus\fmp\analyst-estimates\period=quarter\snapshot_date=2026-07-31\ticker=CVX.json,5ca31114f72b277ffe9121582c7f8b242d3fc3bd3be59f0764cbf405c1b6d25f,2026-09-02T16:40:54+00:00
2026-07-31,CVX,2030Q1,FMP,REVENUE_USD,62686656740.0,D:\Programming\python_example\Arcana\data-lake\bronze\consensus\fmp\analyst-estimates\period=quarter\snapshot_date=2026-07-31\ticker=CVX.json,5ca31114f72b277ffe9121582c7f8b242d3fc3bd3be59f0764cbf405c1b6d25f,2026-09-02T16:40:54+00:00
2026-07-31,CVX,2029Q4,FMP,REVENUE_USD,61613658399.0,D:\Programming\python_example\Arcana\data-lake\bronze\consensus\fmp\analyst-estimates\period=quarter\snapshot_date=2026-07-31\ticker=CVX.json,5ca31114f72b277ffe9121582c7f8b242d3fc3bd3be59f0764cbf405c1b6d25f,2026-09-02T16:40:54+00:00
2026-07-31,CVX,2029Q3,FMP,REVENUE_USD,60559026413.0,D:\Programming\python_example\Arcana\data-lake\bronze\consensus\fmp\analyst-estimates\period=quarter\snapshot_date=2026-07-31\ticker=CVX.json,5ca31114f72b277ffe9121582c7f8b242d3fc3bd3be59f0764cbf405c1b6d25f,2026-09-02T16:40:54+00:00
2026-07-31,CVX,2029Q2,FMP,REVENUE_USD,59522446409.0,D:\Programming\python_example\Arcana\data-lake\bronze\consensus\fmp\analyst-estimates\period=quarter\snapshot_date=2026-07-31\ticker=CVX.json,5ca31114f72b277ffe9121582c7f8b242d3fc3bd3be59f0764cbf405c1b6d25f,2026-09-02T16:40:54+00:00
2026-07-31,CVX,2029Q1,FMP,REVENUE_USD,58503609393.0,D:\Programming\python_example\Arcana\data-lake\bronze\consensus\fmp\analyst-estimates\period=quarter\snapshot_date=2026-07-31\ticker=CVX.json,5ca31114f72b277ffe9121582c7f8b242d3fc3bd3be59f0764cbf405c1b6d25f,2026-09-02T16:40:54+00:00
2026-07-31,CVX,2028Q4,FMP,REVENUE_USD,52416732451.0,D:\Programming\python_example\Arcana\data-lake\bronze\consensus\fmp\analyst-estimates\period=quarter\snapshot_date=2026-07-31\ticker=CVX.json,5ca31114f72b277ffe9121582c7f8b242d3fc3bd3be59f0764cbf405c1b6d25f,2026-09-02T16:40:54+00:00
2026-07-31,CVX,2028Q3,FMP,REVENUE_USD,52351333905.0,D:\Programming\python_example\Arcana\data-lake\bronze\consensus\fmp\analyst-estimates\period=quarter\snapshot_date=2026-07-31\ticker=CVX.json,5ca31114f72b277ffe9121582c7f8b242d3fc3bd3be59f0764cbf405c1b6d25f,2026-09-02T16:40:54+00:00
2026-07-31,CVX,2028Q2,FMP,REVENUE_USD,52234003217.0,D:\Programming\python_example\Arcana\data-lake\bronze\consensus\fmp\analyst-estimates\period=quarter\snapshot_date=2026-07-31\ticker=CVX.json,5ca31114f72b277ffe9121582c7f8b242d3fc3bd3be59f0764cbf405c1b6d25f,2026-09-02T16:40:54+00:00
2026-07-31,CVX,2028Q1,FMP,REVENUE_USD,52261526610.0,D:\Programming\python_example\Arcana\data-lake\bronze\consensus\fmp\analyst-estimates\period=quarter\snapshot_date=2026-07-31\ticker=CVX.json,5ca31114f72b277ffe9121582c7f8b242d3fc3bd3be59f0764cbf405c1b6d25f,2026-09-02T16:40:54+00:00
2026-07-31,CVX,2027Q4,FMP,REVENUE_USD,51313038527.0,D:\Programming\python_example\Arcana\data-lake\bronze\consensus\fmp\analyst-estimates\period=quarter\snapshot_date=2026-07-31\ticker=CVX.json,5ca31114f72b277ffe9121582c7f8b242d3fc3bd3be59f0764cbf405c1b6d25f,2026-09-02T16:40:54+00:00
2026-07-31,CVX,2027Q3,FMP,REVENUE_USD,51149616254.0,D:\Programming\python_example\Arcana\data-lake\bronze\consensus\fmp\analyst-estimates\period=quarter\snapshot_date=2026-07-31\ticker=CVX.json,5ca31114f72b277ffe9121582c7f8b242d3fc3bd3be59f0764cbf405c1b6d25f,2026-09-02T16:40:54+00:00
2026-07-31,CVX,2027Q2,FMP,REVENUE_USD,51132848443.0,D:\Programming\python_example\Arcana\data-lake\bronze\consensus\fmp\analyst-estimates\period=quarter\snapshot_date=2026-07-31\ticker=CVX.json,5ca31114f72b277ffe9121582c7f8b242d3fc3bd3be59f0764cbf405c1b6d25f,2026-09-02T16:40:54+00:00
2026-07-31,CVX,2027Q1,FMP,REVENUE_USD,49755813640.0,D:\Programming\python_example\Arcana\data-lake\bronze\consensus\fmp\analyst-estimates\period=quarter\snapshot_date=2026-07-31\ticker=CVX.json,5ca31114f72b277ffe9121582c7f8b242d3fc3bd3be59f0764cbf405c1b6d25f,2026-09-02T16:40:54+00:00
2026-07-31,CVX,2026Q4,FMP,REVENUE_USD,53157452179.0,D:\Programming\python_example\Arcana\data-lake\bronze\consensus\fmp\analyst-estimates\period=quarter\snapshot_date=2026-07-31\ticker=CVX.json,5ca31114f72b277ffe9121582c7f8b242d3fc3bd3be59f0764cbf405c1b6d25f,2026-09-02T16:40:54+00:00
2026-07-31,CVX,2026Q3,FMP,REVENUE_USD,54969196190.0,D:\Programming\python_example\Arcana\data-lake\bronze\consensus\fmp\analyst-estimates\period=quarter\snapshot_date=2026-07-31\ticker=CVX.json,5ca31114f72b277ffe9121582c7f8b242d3fc3bd3be59f0764cbf405c1b6d25f,2026-09-02T16:40:54+00:00
2026-07-31,CVX,2026Q2,FMP,REVENUE_USD,62720794781.0,D:\Programming\python_example\Arcana\data-lake\bronze\consensus\fmp\analyst-estimates\period=quarter\snapshot_date=2026-07-31\ticker=CVX.json,5ca31114f72b277ffe9121582c7f8b242d3fc3bd3be59f0764cbf405c1b6d25f,2026-09-02T16:40:54+00:00
2026-07-31,CVX,2026Q1,FMP,REVENUE_USD,51861202324.0,D:\Programming\python_example\Arcana\data-lake\bronze\consensus\fmp\analyst-estimates\period=quarter\snapshot_date=2026-07-31\ticker=CVX.json,5ca31114f72b277ffe9121582c7f8b242d3fc3bd3be59f0764cbf405c1b6d25f,2026-09-02T16:40:54+00:00
2026-07-31,CVX,2025Q4,FMP,REVENUE_USD,46790705971.0,D:\Programming\python_example\Arcana\data-lake\bronze\consensus\fmp\analyst-estimates\period=quarter\snapshot_date=2026-07-31\ticker=CVX.json,5ca31114f72b277ffe9121582c7f8b242d3fc3bd3be59f0764cbf405c1b6d25f,2026-09-02T16:40:54+00:00
2026-07-31,CVX,2025Q3,FMP,REVENUE_USD,48944756181.0,D:\Programming\python_example\Arcana\data-lake\bronze\consensus\fmp\analyst-estimates\period=quarter\snapshot_date=2026-07-31\ticker=CVX.json,5ca31114f72b277ffe9121582c7f8b242d3fc3bd3be59f0764cbf405c1b6d25f,2026-09-02T16:40:54+00:00
2026-07-31,CVX,2025Q2,FMP,REVENUE_USD,43865127937.0,D:\Programming\python_example\Arcana\data-lake\bronze\consensus\fmp\analyst-estimates\period=quarter\snapshot_date=2026-07-31\ticker=CVX.json,5ca31114f72b277ffe9121582c7f8b242d3fc3bd3be59f0764cbf405c1b6d25f,2026-09-02T16:40:54+00:00
2026-07-31,CVX,2025Q1,FMP,REVENUE_USD,48249315794.0,D:\Programming\python_example\Arcana\data-lake\bronze\consensus\fmp\analyst-estimates\period=quarter\snapshot_date=2026-07-31\ticker=CVX.json,5ca31114f72b277ffe9121582c7f8b242d3fc3bd3be59f0764cbf405c1b6d25f,2026-09-02T16:40:54+00:00
2026-07-31,CVX,2024Q4,FMP,REVENUE_USD,46599277088.0,D:\Programming\python_example\Arcana\data-lake\bronze\consensus\fmp\analyst-estimates\period=quarter\snapshot_date=2026-07-31\ticker=CVX.json,5ca31114f72b277ffe9121582c7f8b242d3fc3bd3be59f0764cbf405c1b6d25f,2026-09-02T16:40:54+00:00
2026-07-31,CVX,2024Q3,FMP,REVENUE_USD,48862710294.0,D:\Programming\python_example\Arcana\data-lake\bronze\consensus\fmp\analyst-estimates\period=quarter\snapshot_date=2026-07-31\ticker=CVX.json,5ca31114f72b277ffe9121582c7f8b242d3fc3bd3be59f0764cbf405c1b6d25f,2026-09-02T16:40:54+00:00
2026-07-31,CVX,2024Q2,FMP,REVENUE_USD,50770336301.0,D:\Programming\python_example\Arcana\data-lake\bronze\consensus\fmp\analyst-estimates\period=quarter\snapshot_date=2026-07-31\ticker=CVX.json,5ca31114f72b277ffe9121582c7f8b242d3fc3bd3be59f0764cbf405c1b6d25f,2026-09-02T16:40:54+00:00
2026-07-31,CVX,2024Q1,FMP,REVENUE_USD,48418607624.0,D:\Programming\python_example\Arcana\data-lake\bronze\consensus\fmp\analyst-estimates\period=quarter\snapshot_date=2026-07-31\ticker=CVX.json,5ca31114f72b277ffe9121582c7f8b242d3fc3bd3be59f0764cbf405c1b6d25f,2026-09-02T16:40:54+00:00
2026-07-31,CVX,2023Q4,FMP,REVENUE_USD,50926065643.0,D:\Programming\python_example\Arcana\data-lake\bronze\consensus\fmp\analyst-estimates\period=quarter\snapshot_date=2026-07-31\ticker=CVX.json,5ca31114f72b277ffe9121582c7f8b242d3fc3bd3be59f0764cbf405c1b6d25f,2026-09-02T16:40:54+00:00
2026-07-31,CVX,2023Q3,FMP,REVENUE_USD,52516504580.0,D:\Programming\python_example\Arcana\data-lake\bronze\consensus\fmp\analyst-estimates\period=quarter\snapshot_date=2026-07-31\ticker=CVX.json,5ca31114f72b277ffe9121582c7f8b242d3fc3bd3be59f0764cbf405c1b6d25f,2026-09-02T16:40:54+00:00
2026-07-31,CVX,2023Q2,FMP,REVENUE_USD,46729042475.0,D:\Programming\python_example\Arcana\data-lake\bronze\consensus\fmp\analyst-estimates\period=quarter\snapshot_date=2026-07-31\ticker=CVX.json,5ca31114f72b277ffe9121582c7f8b242d3fc3bd3be59f0764cbf405c1b6d25f,2026-09-02T16:40:54+00:00
2026-07-31,CVX,2023Q1,FMP,REVENUE_USD,48603891196.0,D:\Programming\python_example\Arcana\data-lake\bronze\consensus\fmp\analyst-estimates\period=quarter\snapshot_date=2026-07-31\ticker=CVX.json,5ca31114f72b277ffe9121582c7f8b242d3fc3bd3be59f0764cbf405c1b6d25f,2026-09-02T16:40:54+00:00
2026-07-31,CVX,2022Q4,FMP,REVENUE_USD,52675239250.0,D:\Programming\python_example\Arcana\data-lake\bronze\consensus\fmp\analyst-estimates\period=quarter\snapshot_date=2026-07-31\ticker=CVX.json,5ca31114f72b277ffe9121582c7f8b242d3fc3bd3be59f0764cbf405c1b6d25f,2026-09-02T16:40:54+00:00
2026-07-31,CVX,2022Q3,FMP,REVENUE_USD,60263093143.0,D:\Programming\python_example\Arcana\data-lake\bronze\consensus\fmp\analyst-estimates\period=quarter\snapshot_date=2026-07-31\ticker=CVX.json,5ca31114f72b277ffe9121582c7f8b242d3fc3bd3be59f0764cbf405c1b6d25f,2026-09-02T16:40:54+00:00
2026-07-31,CVX,2022Q2,FMP,REVENUE_USD,58658000000.0,D:\Programming\python_example\Arcana\data-lake\bronze\consensus\fmp\analyst-estimates\period=quarter\snapshot_date=2026-07-31\ticker=CVX.json,5ca31114f72b277ffe9121582c7f8b242d3fc3bd3be59f0764cbf405c1b6d25f,2026-09-02T16:40:54+00:00
2026-07-31,CVX,2022Q1,FMP,REVENUE_USD,47947333333.0,D:\Programming\python_example\Arcana\data-lake\bronze\consensus\fmp\analyst-estimates\period=quarter\snapshot_date=2026-07-31\ticker=CVX.json,5ca31114f72b277ffe9121582c7f8b242d3fc3bd3be59f0764cbf405c1b6d25f,2026-09-02T16:40:54+00:00
2026-07-31,CVX,2021Q4,FMP,REVENUE_USD,45336889125.0,D:\Programming\python_example\Arcana\data-lake\bronze\consensus\fmp\analyst-estimates\period=quarter\snapshot_date=2026-07-31\ticker=CVX.json,5ca31114f72b277ffe9121582c7f8b242d3fc3bd3be59f0764cbf405c1b6d25f,2026-09-02T16:40:54+00:00
2026-07-31,CVX,2021Q3,FMP,REVENUE_USD,39974094286.0,D:\Programming\python_example\Arcana\data-lake\bronze\consensus\fmp\analyst-estimates\period=quarter\snapshot_date=2026-07-31\ticker=CVX.json,5ca31114f72b277ffe9121582c7f8b242d3fc3bd3be59f0764cbf405c1b6d25f,2026-09-02T16:40:54+00:00
2026-07-31,CVX,2021Q2,FMP,REVENUE_USD,36327372000.0,D:\Programming\python_example\Arcana\data-lake\bronze\consensus\fmp\analyst-estimates\period=quarter\snapshot_date=2026-07-31\ticker=CVX.json,5ca31114f72b277ffe9121582c7f8b242d3fc3bd3be59f0764cbf405c1b6d25f,2026-09-02T16:40:54+00:00
2026-07-31,CVX,2021Q1,FMP,REVENUE_USD,32541905429.0,D:\Programming\python_example\Arcana\data-lake\bronze\consensus\fmp\analyst-estimates\period=quarter\snapshot_date=2026-07-31\ticker=CVX.json,5ca31114f72b277ffe9121582c7f8b242d3fc3bd3be59f0764cbf405c1b6d25f,2026-09-02T16:40:54+00:00
2026-07-31,CVX,2020Q4,FMP,REVENUE_USD,25816667571.0,D:\Programming\python_example\Arcana\data-lake\bronze\consensus\fmp\analyst-estimates\period=quarter\snapshot_date=2026-07-31\ticker=CVX.json,5ca31114f72b277ffe9121582c7f8b242d3fc3bd3be59f0764cbf405c1b6d25f,2026-09-02T16:40:54+00:00
2026-07-31,CVX,2020Q3,FMP,REVENUE_USD,25837439833.0,D:\Programming\python_example\Arcana\data-lake\bronze\consensus\fmp\analyst-estimates\period=quarter\snapshot_date=2026-07-31\ticker=CVX.json,5ca31114f72b277ffe9121582c7f8b242d3fc3bd3be59f0764cbf405c1b6d25f,2026-09-02T16:40:54+00:00
2026-07-31,CVX,2020Q2,FMP,REVENUE_USD,21869447000.0,D:\Programming\python_example\Arcana\data-lake\bronze\consensus\fmp\analyst-estimates\period=quarter\snapshot_date=2026-07-31\ticker=CVX.json,5ca31114f72b277ffe9121582c7f8b242d3fc3bd3be59f0764cbf405c1b6d25f,2026-09-02T16:40:54+00:00
2026-07-31,CVX,2020Q1,FMP,REVENUE_USD,29141185500.0,D:\Programming\python_example\Arcana\data-lake\bronze\consensus\fmp\analyst-estimates\period=quarter\snapshot_date=2026-07-31\ticker=CVX.json,5ca31114f72b277ffe9121582c7f8b242d3fc3bd3be59f0764cbf405c1b6d25f,2026-09-02T16:40:54+00:00
2026-07-31,CVX,2019Q4,FMP,REVENUE_USD,38962233750.0,D:\Programming\python_example\Arcana\data-lake\bronze\consensus\fmp\analyst-estimates\period=quarter\snapshot_date=2026-07-31\ticker=CVX.json,5ca31114f72b277ffe9121582c7f8b242d3fc3bd3be59f0764cbf405c1b6d25f,2026-09-02T16:40:54+00:00
2026-07-31,CVX,2019Q3,FMP,REVENUE_USD,38001340800.0,D:\Programming\python_example\Arcana\data-lake\bronze\consensus\fmp\analyst-estimates\period=quarter\snapshot_date=2026-07-31\ticker=CVX.json,5ca31114f72b277ffe9121582c7f8b242d3fc3bd3be59f0764cbf405c1b6d25f,2026-09-02T16:40:54+00:00
2026-07-31,CVX,2019Q2,FMP,REVENUE_USD,40120742400.0,D:\Programming\python_example\Arcana\data-lake\bronze\consensus\fmp\analyst-estimates\period=quarter\snapshot_date=2026-07-31\ticker=CVX.json,5ca31114f72b277ffe9121582c7f8b242d3fc3bd3be59f0764cbf405c1b6d25f,2026-09-02T16:40:54+00:00
2026-07-31,CVX,2019Q1,FMP,REVENUE_USD,38424645912.0,D:\Programming\python_example\Arcana\data-lake\bronze\consensus\fmp\analyst-estimates\period=quarter\snapshot_date=2026-07-31\ticker=CVX.json,5ca31114f72b277ffe9121582c7f8b242d3fc3bd3be59f0764cbf405c1b6d25f,2026-09-02T16:40:54+00:00
2026-07-31,CVX,2018Q4,FMP,REVENUE_USD,38307189743.0,D:\Programming\python_example\Arcana\data-lake\bronze\consensus\fmp\analyst-estimates\period=quarter\snapshot_date=2026-07-31\ticker=CVX.json,5ca31114f72b277ffe9121582c7f8b242d3fc3bd3be59f0764cbf405c1b6d25f,2026-09-02T16:40:54+00:00
2026-07-31,CVX,2018Q3,FMP,REVENUE_USD,41185355450.0,D:\Programming\python_example\Arcana\data-lake\bronze\consensus\fmp\analyst-estimates\period=quarter\snapshot_date=2026-07-31\ticker=CVX.json,5ca31114f72b277ffe9121582c7f8b242d3fc3bd3be59f0764cbf405c1b6d25f,2026-09-02T16:40:54+00:00
2026-07-31,CVX,2018Q2,FMP,REVENUE_USD,47736539325.0,D:\Programming\python_example\Arcana\data-lake\bronze\consensus\fmp\analyst-estimates\period=quarter\snapshot_date=2026-07-31\ticker=CVX.json,5ca31114f72b277ffe9121582c7f8b242d3fc3bd3be59f0764cbf405c1b6d25f,2026-09-02T16:40:54+00:00
2026-07-31,CVX,2018Q1,FMP,REVENUE_USD,28026526315.0,D:\Programming\python_example\Arcana\data-lake\bronze\consensus\fmp\analyst-estimates\period=quarter\snapshot_date=2026-07-31\ticker=CVX.json,5ca31114f72b277ffe9121582c7f8b242d3fc3bd3be59f0764cbf405c1b6d25f,2026-09-02T16:40:54+00:00
2026-07-31,CVX,2017Q4,FMP,REVENUE_USD,61962444444.0,D:\Programming\python_example\Arcana\data-lake\bronze\consensus\fmp\analyst-estimates\period=quarter\snapshot_date=2026-07-31\ticker=CVX.json,5ca31114f72b277ffe9121582c7f8b242d3fc3bd3be59f0764cbf405c1b6d25f,2026-09-02T16:40:54+00:00
2026-07-31,CVX,2017Q3,FMP,REVENUE_USD,39301458823.0,D:\Programming\python_example\Arcana\data-lake\bronze\consensus\fmp\analyst-estimates\period=quarter\snapshot_date=2026-07-31\ticker=CVX.json,5ca31114f72b277ffe9121582c7f8b242d3fc3bd3be59f0764cbf405c1b6d25f,2026-09-02T16:40:54+00:00
2026-07-31,CVX,2017Q2,FMP,REVENUE_USD,30960945054.0,D:\Programming\python_example\Arcana\data-lake\bronze\consensus\fmp\analyst-estimates\period=quarter\snapshot_date=2026-07-31\ticker=CVX.json,5ca31114f72b277ffe9121582c7f8b242d3fc3bd3be59f0764cbf405c1b6d25f,2026-09-02T16:40:54+00:00
2026-07-31,CVX,2017Q1,FMP,REVENUE_USD,21927902439.0,D:\Programming\python_example\Arcana\data-lake\bronze\consensus\fmp\analyst-estimates\period=quarter\snapshot_date=2026-07-31\ticker=CVX.json,5ca31114f72b277ffe9121582c7f8b242d3fc3bd3be59f0764cbf405c1b6d25f,2026-09-02T16:40:54+00:00
2026-07-31,CVX,2016Q4,FMP,REVENUE_USD,92089904761.0,D:\Programming\python_example\Arcana\data-lake\bronze\consensus\fmp\analyst-estimates\period=quarter\snapshot_date=2026-07-31\ticker=CVX.json,5ca31114f72b277ffe9121582c7f8b242d3fc3bd3be59f0764cbf405c1b6d25f,2026-09-02T16:40:54+00:00
2026-07-31,CVX,2016Q3,FMP,REVENUE_USD,22035387755.0,D:\Programming\python_example\Arcana\data-lake\bronze\consensus\fmp\analyst-estimates\period=quarter\snapshot_date=2026-07-31\ticker=CVX.json,5ca31114f72b277ffe9121582c7f8b242d3fc3bd3be59f0764cbf405c1b6d25f,2026-09-02T16:40:54+00:00
2026-07-31,CVX,2016Q2,FMP,REVENUE_USD,25589942857.0,D:\Programming\python_example\Arcana\data-lake\bronze\consensus\fmp\analyst-estimates\period=quarter\snapshot_date=2026-07-31\ticker=CVX.json,5ca31114f72b277ffe9121582c7f8b242d3fc3bd3be59f0764cbf405c1b6d25f,2026-09-02T16:40:54+00:00
2026-07-31,CVX,2016Q1,FMP,REVENUE_USD,39893090909.0,D:\Programming\python_example\Arcana\data-lake\bronze\consensus\fmp\analyst-estimates\period=quarter\snapshot_date=2026-07-31\ticker=CVX.json,5ca31114f72b277ffe9121582c7f8b242d3fc3bd3be59f0764cbf405c1b6d25f,2026-09-02T16:40:54+00:00
2026-07-31,CVX,2015Q4,FMP,REVENUE_USD,50246615384.0,D:\Programming\python_example\Arcana\data-lake\bronze\consensus\fmp\analyst-estimates\period=quarter\snapshot_date=2026-07-31\ticker=CVX.json,5ca31114f72b277ffe9121582c7f8b242d3fc3bd3be59f0764cbf405c1b6d25f,2026-09-02T16:40:54+00:00
2026-07-31,CVX,2015Q3,FMP,REVENUE_USD,20280786885.0,D:\Programming\python_example\Arcana\data-lake\bronze\consensus\fmp\analyst-estimates\period=quarter\snapshot_date=2026-07-31\ticker=CVX.json,5ca31114f72b277ffe9121582c7f8b242d3fc3bd3be59f0764cbf405c1b6d25f,2026-09-02T16:40:54+00:00
2026-07-31,CVX,2015Q2,FMP,REVENUE_USD,51515180722.0,D:\Programming\python_example\Arcana\data-lake\bronze\consensus\fmp\analyst-estimates\period=quarter\snapshot_date=2026-07-31\ticker=CVX.json,5ca31114f72b277ffe9121582c7f8b242d3fc3bd3be59f0764cbf405c1b6d25f,2026-09-02T16:40:54+00:00
2026-07-31,CVX,2015Q1,FMP,REVENUE_USD,23948074766.0,D:\Programming\python_example\Arcana\data-lake\bronze\consensus\fmp\analyst-estimates\period=quarter\snapshot_date=2026-07-31\ticker=CVX.json,5ca31114f72b277ffe9121582c7f8b242d3fc3bd3be59f0764cbf405c1b6d25f,2026-09-02T16:40:54+00:00
2026-07-31,CVX,2014Q4,FMP,REVENUE_USD,36714648648.0,D:\Programming\python_example\Arcana\data-lake\bronze\consensus\fmp\analyst-estimates\period=quarter\snapshot_date=2026-07-31\ticker=CVX.json,5ca31114f72b277ffe9121582c7f8b242d3fc3bd3be59f0764cbf405c1b6d25f,2026-09-02T16:40:54+00:00
2026-07-31,CVX,2014Q3,FMP,REVENUE_USD,44720949152.0,D:\Programming\python_example\Arcana\data-lake\bronze\consensus\fmp\analyst-estimates\period=quarter\snapshot_date=2026-07-31\ticker=CVX.json,5ca31114f72b277ffe9121582c7f8b242d3fc3bd3be59f0764cbf405c1b6d25f,2026-09-02T16:40:54+00:00
2026-07-31,CVX,2014Q2,FMP,REVENUE_USD,49677731543.0,D:\Programming\python_example\Arcana\data-lake\bronze\consensus\fmp\analyst-estimates\period=quarter\snapshot_date=2026-07-31\ticker=CVX.json,5ca31114f72b277ffe9121582c7f8b242d3fc3bd3be59f0764cbf405c1b6d25f,2026-09-02T16:40:54+00:00
2026-07-31,CVX,2014Q1,FMP,REVENUE_USD,54114961864.0,D:\Programming\python_example\Arcana\data-lake\bronze\consensus\fmp\analyst-estimates\period=quarter\snapshot_date=2026-07-31\ticker=CVX.json,5ca31114f72b277ffe9121582c7f8b242d3fc3bd3be59f0764cbf405c1b6d25f,2026-09-02T16:40:54+00:00
2026-07-31,CVX,2013Q4,FMP,REVENUE_USD,54010000000.0,D:\Programming\python_example\Arcana\data-lake\bronze\consensus\fmp\analyst-estimates\period=quarter\snapshot_date=2026-07-31\ticker=CVX.json,5ca31114f72b277ffe9121582c7f8b242d3fc3bd3be59f0764cbf405c1b6d25f,2026-09-02T16:40:54+00:00
2026-07-31,CVX,2013Q3,FMP,REVENUE_USD,59776062256.0,D:\Programming\python_example\Arcana\data-lake\bronze\consensus\fmp\analyst-estimates\period=quarter\snapshot_date=2026-07-31\ticker=CVX.json,5ca31114f72b277ffe9121582c7f8b242d3fc3bd3be59f0764cbf405c1b6d25f,2026-09-02T16:40:54+00:00
2026-07-31,CVX,2013Q2,FMP,REVENUE_USD,58980938628.0,D:\Programming\python_example\Arcana\data-lake\bronze\consensus\fmp\analyst-estimates\period=quarter\snapshot_date=2026-07-31\ticker=CVX.json,5ca31114f72b277ffe9121582c7f8b242d3fc3bd3be59f0764cbf405c1b6d25f,2026-09-02T16:40:54+00:00
2026-07-31,CVX,2013Q1,FMP,REVENUE_USD,52661220125.0,D:\Programming\python_example\Arcana\data-lake\bronze\consensus\fmp\analyst-estimates\period=quarter\snapshot_date=2026-07-31\ticker=CVX.json,5ca31114f72b277ffe9121582c7f8b242d3fc3bd3be59f0764cbf405c1b6d25f,2026-09-02T16:40:54+00:00
2026-07-31,CVX,2012Q4,FMP,REVENUE_USD,52085422018.0,D:\Programming\python_example\Arcana\data-lake\bronze\consensus\fmp\analyst-estimates\period=quarter\snapshot_date=2026-07-31\ticker=CVX.json,5ca31114f72b277ffe9121582c7f8b242d3fc3bd3be59f0764cbf405c1b6d25f,2026-09-02T16:40:54+00:00
2026-07-31,CVX,2012Q3,FMP,REVENUE_USD,61518914396.0,D:\Programming\python_example\Arcana\data-lake\bronze\consensus\fmp\analyst-estimates\period=quarter\snapshot_date=2026-07-31\ticker=CVX.json,5ca31114f72b277ffe9121582c7f8b242d3fc3bd3be59f0764cbf405c1b6d25f,2026-09-02T16:40:54+00:00
2026-07-31,CVX,2012Q2,FMP,REVENUE_USD,54194460674.0,D:\Programming\python_example\Arcana\data-lake\bronze\consensus\fmp\analyst-estimates\period=quarter\snapshot_date=2026-07-31\ticker=CVX.json,5ca31114f72b277ffe9121582c7f8b242d3fc3bd3be59f0764cbf405c1b6d25f,2026-09-02T16:40:54+00:00
2026-07-31,CVX,2012Q1,FMP,REVENUE_USD,60689476340.0,D:\Programming\python_example\Arcana\data-lake\bronze\consensus\fmp\analyst-estimates\period=quarter\snapshot_date=2026-07-31\ticker=CVX.json,5ca31114f72b277ffe9121582c7f8b242d3fc3bd3be59f0764cbf405c1b6d25f,2026-09-02T16:40:54+00:00
2026-07-31,CVX,2011Q4,FMP,REVENUE_USD,63874682170.0,D:\Programming\python_example\Arcana\data-lake\bronze\consensus\fmp\analyst-estimates\period=quarter\snapshot_date=2026-07-31\ticker=CVX.json,5ca31114f72b277ffe9121582c7f8b242d3fc3bd3be59f0764cbf405c1b6d25f,2026-09-02T16:40:54+00:00
2026-07-31,CVX,2011Q3,FMP,REVENUE_USD,54384765306.0,D:\Programming\python_example\Arcana\data-lake\bronze\consensus\fmp\analyst-estimates\period=quarter\snapshot_date=2026-07-31\ticker=CVX.json,5ca31114f72b277ffe9121582c7f8b242d3fc3bd3be59f0764cbf405c1b6d25f,2026-09-02T16:40:54+00:00
2026-07-31,CVX,2011Q2,FMP,REVENUE_USD,61649028571.0,D:\Programming\python_example\Arcana\data-lake\bronze\consensus\fmp\analyst-estimates\period=quarter\snapshot_date=2026-07-31\ticker=CVX.json,5ca31114f72b277ffe9121582c7f8b242d3fc3bd3be59f0764cbf405c1b6d25f,2026-09-02T16:40:54+00:00
2026-07-31,CVX,2011Q1,FMP,REVENUE_USD,56899715210.0,D:\Programming\python_example\Arcana\data-lake\bronze\consensus\fmp\analyst-estimates\period=quarter\snapshot_date=2026-07-31\ticker=CVX.json,5ca31114f72b277ffe9121582c7f8b242d3fc3bd3be59f0764cbf405c1b6d25f,2026-09-02T16:40:54+00:00
2026-07-31,CVX,2010Q4,FMP,REVENUE_USD,51214475409.0,D:\Programming\python_example\Arcana\data-lake\bronze\consensus\fmp\analyst-estimates\period=quarter\snapshot_date=2026-07-31\ticker=CVX.json,5ca31114f72b277ffe9121582c7f8b242d3fc3bd3be59f0764cbf405c1b6d25f,2026-09-02T16:40:54+00:00
2026-07-31,CVX,2010Q3,FMP,REVENUE_USD,55824117647.0,D:\Programming\python_example\Arcana\data-lake\bronze\consensus\fmp\analyst-estimates\period=quarter\snapshot_date=2026-07-31\ticker=CVX.json,5ca31114f72b277ffe9121582c7f8b242d3fc3bd3be59f0764cbf405c1b6d25f,2026-09-02T16:40:54+00:00
2026-07-31,CVX,2010Q2,FMP,REVENUE_USD,46134977777.0,D:\Programming\python_example\Arcana\data-lake\bronze\consensus\fmp\analyst-estimates\period=quarter\snapshot_date=2026-07-31\ticker=CVX.json,5ca31114f72b277ffe9121582c7f8b242d3fc3bd3be59f0764cbf405c1b6d25f,2026-09-02T16:40:54+00:00
2026-07-31,CVX,2010Q1,FMP,REVENUE_USD,38422686440.0,D:\Programming\python_example\Arcana\data-lake\bronze\consensus\fmp\analyst-estimates\period=quarter\snapshot_date=2026-07-31\ticker=CVX.json,5ca31114f72b277ffe9121582c7f8b242d3fc3bd3be59f0764cbf405c1b6d25f,2026-09-02T16:40:54+00:00
2026-07-31,CVX,2009Q4,FMP,REVENUE_USD,52875555555.0,D:\Programming\python_example\Arcana\data-lake\bronze\consensus\fmp\analyst-estimates\period=quarter\snapshot_date=2026-07-31\ticker=CVX.json,5ca31114f72b277ffe9121582c7f8b242d3fc3bd3be59f0764cbf405c1b6d25f,2026-09-02T16:40:54+00:00
2026-07-31,CVX,2009Q3,FMP,REVENUE_USD,38613139534.0,D:\Programming\python_example\Arcana\data-lake\bronze\consensus\fmp\analyst-estimates\period=quarter\snapshot_date=2026-07-31\ticker=CVX.json,5ca31114f72b277ffe9121582c7f8b242d3fc3bd3be59f0764cbf405c1b6d25f,2026-09-02T16:40:54+00:00
2026-07-31,CVX,2009Q2,FMP,REVENUE_USD,43292701149.0,D:\Programming\python_example\Arcana\data-lake\bronze\consensus\fmp\analyst-estimates\period=quarter\snapshot_date=2026-07-31\ticker=CVX.json,5ca31114f72b277ffe9121582c7f8b242d3fc3bd3be59f0764cbf405c1b6d25f,2026-09-02T16:40:54+00:00
2026-07-31,CVX,2009Q1,FMP,REVENUE_USD,39360375000.0,D:\Programming\python_example\Arcana\data-lake\bronze\consensus\fmp\analyst-estimates\period=quarter\snapshot_date=2026-07-31\ticker=CVX.json,5ca31114f72b277ffe9121582c7f8b242d3fc3bd3be59f0764cbf405c1b6d25f,2026-09-02T16:40:54+00:00
2026-07-31,CVX,2008Q4,FMP,REVENUE_USD,36663122065.0,D:\Programming\python_example\Arcana\data-lake\bronze\consensus\fmp\analyst-estimates\period=quarter\snapshot_date=2026-07-31\ticker=CVX.json,5ca31114f72b277ffe9121582c7f8b242d3fc3bd3be59f0764cbf405c1b6d25f,2026-09-02T16:40:54+00:00
2026-07-31,CVX,2008Q3,FMP,REVENUE_USD,64317922077.0,D:\Programming\python_example\Arcana\data-lake\bronze\consensus\fmp\analyst-estimates\period=quarter\snapshot_date=2026-07-31\ticker=CVX.json,5ca31114f72b277ffe9121582c7f8b242d3fc3bd3be59f0764cbf405c1b6d25f,2026-09-02T16:40:54+00:00
2026-07-31,CVX,2008Q2,FMP,REVENUE_USD,84591331034.0,D:\Programming\python_example\Arcana\data-lake\bronze\consensus\fmp\analyst-estimates\period=quarter\snapshot_date=2026-07-31\ticker=CVX.json,5ca31114f72b277ffe9121582c7f8b242d3fc3bd3be59f0764cbf405c1b6d25f,2026-09-02T16:40:54+00:00
2026-07-31,CVX,2008Q1,FMP,REVENUE_USD,62833947580.0,D:\Programming\python_example\Arcana\data-lake\bronze\consensus\fmp\analyst-estimates\period=quarter\snapshot_date=2026-07-31\ticker=CVX.json,5ca31114f72b277ffe9121582c7f8b242d3fc3bd3be59f0764cbf405c1b6d25f,2026-09-02T16:40:54+00:00
2026-07-31,CVX,2007Q4,FMP,REVENUE_USD,60166222222.0,D:\Programming\python_example\Arcana\data-lake\bronze\consensus\fmp\analyst-estimates\period=quarter\snapshot_date=2026-07-31\ticker=CVX.json,5ca31114f72b277ffe9121582c7f8b242d3fc3bd3be59f0764cbf405c1b6d25f,2026-09-02T16:40:54+00:00
2026-07-31,CVX,2007Q3,FMP,REVENUE_USD,56263020304.0,D:\Programming\python_example\Arcana\data-lake\bronze\consensus\fmp\analyst-estimates\period=quarter\snapshot_date=2026-07-31\ticker=CVX.json,5ca31114f72b277ffe9121582c7f8b242d3fc3bd3be59f0764cbf405c1b6d25f,2026-09-02T16:40:54+00:00
2026-07-31,CVX,2007Q2,FMP,REVENUE_USD,55062202643.0,D:\Programming\python_example\Arcana\data-lake\bronze\consensus\fmp\analyst-estimates\period=quarter\snapshot_date=2026-07-31\ticker=CVX.json,5ca31114f72b277ffe9121582c7f8b242d3fc3bd3be59f0764cbf405c1b6d25f,2026-09-02T16:40:54+00:00
2026-07-31,CVX,2007Q1,FMP,REVENUE_USD,41572225806.0,D:\Programming\python_example\Arcana\data-lake\bronze\consensus\fmp\analyst-estimates\period=quarter\snapshot_date=2026-07-31\ticker=CVX.json,5ca31114f72b277ffe9121582c7f8b242d3fc3bd3be59f0764cbf405c1b6d25f,2026-09-02T16:40:54+00:00
2026-07-31,CVX,2006Q4,FMP,REVENUE_USD,45972264367.0,D:\Programming\python_example\Arcana\data-lake\bronze\consensus\fmp\analyst-estimates\period=quarter\snapshot_date=2026-07-31\ticker=CVX.json,5ca31114f72b277ffe9121582c7f8b242d3fc3bd3be59f0764cbf405c1b6d25f,2026-09-02T16:40:54+00:00
2026-07-31,CVX,2006Q3,FMP,REVENUE_USD,46962144104.0,D:\Programming\python_example\Arcana\data-lake\bronze\consensus\fmp\analyst-estimates\period=quarter\snapshot_date=2026-07-31\ticker=CVX.json,5ca31114f72b277ffe9121582c7f8b242d3fc3bd3be59f0764cbf405c1b6d25f,2026-09-02T16:40:54+00:00
2026-07-31,CVX,2006Q2,FMP,REVENUE_USD,54884823809.0,D:\Programming\python_example\Arcana\data-lake\bronze\consensus\fmp\analyst-estimates\period=quarter\snapshot_date=2026-07-31\ticker=CVX.json,5ca31114f72b277ffe9121582c7f8b242d3fc3bd3be59f0764cbf405c1b6d25f,2026-09-02T16:40:54+00:00
2026-07-31,CVX,2006Q1,FMP,REVENUE_USD,52929288888.0,D:\Programming\python_example\Arcana\data-lake\bronze\consensus\fmp\analyst-estimates\period=quarter\snapshot_date=2026-07-31\ticker=CVX.json,5ca31114f72b277ffe9121582c7f8b242d3fc3bd3be59f0764cbf405c1b6d25f,2026-09-02T16:40:54+00:00
2026-07-31,CVX,2005Q4,FMP,REVENUE_USD,61297777777.0,D:\Programming\python_example\Arcana\data-lake\bronze\consensus\fmp\analyst-estimates\period=quarter\snapshot_date=2026-07-31\ticker=CVX.json,5ca31114f72b277ffe9121582c7f8b242d3fc3bd3be59f0764cbf405c1b6d25f,2026-09-02T16:40:54+00:00
2026-07-31,CVX,2005Q3,FMP,REVENUE_USD,62225237804.0,D:\Programming\python_example\Arcana\data-lake\bronze\consensus\fmp\analyst-estimates\period=quarter\snapshot_date=2026-07-31\ticker=CVX.json,5ca31114f72b277ffe9121582c7f8b242d3fc3bd3be59f0764cbf405c1b6d25f,2026-09-02T16:40:54+00:00
2026-07-31,CVX,2005Q2,FMP,REVENUE_USD,45385142045.0,D:\Programming\python_example\Arcana\data-lake\bronze\consensus\fmp\analyst-estimates\period=quarter\snapshot_date=2026-07-31\ticker=CVX.json,5ca31114f72b277ffe9121582c7f8b242d3fc3bd3be59f0764cbf405c1b6d25f,2026-09-02T16:40:54+00:00
2026-07-31,CVX,2005Q1,FMP,REVENUE_USD,43653281250.0,D:\Programming\python_example\Arcana\data-lake\bronze\consensus\fmp\analyst-estimates\period=quarter\snapshot_date=2026-07-31\ticker=CVX.json,5ca31114f72b277ffe9121582c7f8b242d3fc3bd3be59f0764cbf405c1b6d25f,2026-09-02T16:40:54+00:00
2026-07-31,CVX,2004Q4,FMP,REVENUE_USD,43003199999.0,D:\Programming\python_example\Arcana\data-lake\bronze\consensus\fmp\analyst-estimates\period=quarter\snapshot_date=2026-07-31\ticker=CVX.json,5ca31114f72b277ffe9121582c7f8b242d3fc3bd3be59f0764cbf405c1b6d25f,2026-09-02T16:40:54+00:00
2026-07-31,CVX,2004Q3,FMP,REVENUE_USD,42396148437.0,D:\Programming\python_example\Arcana\data-lake\bronze\consensus\fmp\analyst-estimates\period=quarter\snapshot_date=2026-07-31\ticker=CVX.json,5ca31114f72b277ffe9121582c7f8b242d3fc3bd3be59f0764cbf405c1b6d25f,2026-09-02T16:40:54+00:00
2026-07-31,CVX,2004Q2,FMP,REVENUE_USD,32514666666.0,D:\Programming\python_example\Arcana\data-lake\bronze\consensus\fmp\analyst-estimates\period=quarter\snapshot_date=2026-07-31\ticker=CVX.json,5ca31114f72b277ffe9121582c7f8b242d3fc3bd3be59f0764cbf405c1b6d25f,2026-09-02T16:40:54+00:00
2026-07-31,CVX,2004Q1,FMP,REVENUE_USD,27149292682.0,D:\Programming\python_example\Arcana\data-lake\bronze\consensus\fmp\analyst-estimates\period=quarter\snapshot_date=2026-07-31\ticker=CVX.json,5ca31114f72b277ffe9121582c7f8b242d3fc3bd3be59f0764cbf405c1b6d25f,2026-09-02T16:40:54+00:00
2026-07-31,CVX,2003Q4,FMP,REVENUE_USD,31226624999.0,D:\Programming\python_example\Arcana\data-lake\bronze\consensus\fmp\analyst-estimates\period=quarter\snapshot_date=2026-07-31\ticker=CVX.json,5ca31114f72b277ffe9121582c7f8b242d3fc3bd3be59f0764cbf405c1b6d25f,2026-09-02T16:40:54+00:00
2026-07-31,CVX,2003Q3,FMP,REVENUE_USD,26770500000.0,D:\Programming\python_example\Arcana\data-lake\bronze\consensus\fmp\analyst-estimates\period=quarter\snapshot_date=2026-07-31\ticker=CVX.json,5ca31114f72b277ffe9121582c7f8b242d3fc3bd3be59f0764cbf405c1b6d25f,2026-09-02T16:40:54+00:00
2026-07-31,CVX,2003Q2,FMP,REVENUE_USD,27548592592.0,D:\Programming\python_example\Arcana\data-lake\bronze\consensus\fmp\analyst-estimates\period=quarter\snapshot_date=2026-07-31\ticker=CVX.json,5ca31114f72b277ffe9121582c7f8b242d3fc3bd3be59f0764cbf405c1b6d25f,2026-09-02T16:40:54+00:00
2026-07-31,CVX,2003Q1,FMP,REVENUE_USD,27543267326.0,D:\Programming\python_example\Arcana\data-lake\bronze\consensus\fmp\analyst-estimates\period=quarter\snapshot_date=2026-07-31\ticker=CVX.json,5ca31114f72b277ffe9121582c7f8b242d3fc3bd3be59f0764cbf405c1b6d25f,2026-09-02T16:40:54+00:00
2026-07-31,CVX,2002Q4,FMP,REVENUE_USD,32976937500.0,D:\Programming\python_example\Arcana\data-lake\bronze\consensus\fmp\analyst-estimates\period=quarter\snapshot_date=2026-07-31\ticker=CVX.json,5ca31114f72b277ffe9121582c7f8b242d3fc3bd3be59f0764cbf405c1b6d25f,2026-09-02T16:40:54+00:00
2026-07-31,CVX,2002Q3,FMP,REVENUE_USD,28292627118.0,D:\Programming\python_example\Arcana\data-lake\bronze\consensus\fmp\analyst-estimates\period=quarter\snapshot_date=2026-07-31\ticker=CVX.json,5ca31114f72b277ffe9121582c7f8b242d3fc3bd3be59f0764cbf405c1b6d25f,2026-09-02T16:40:54+00:00
2026-07-31,CVX,2002Q2,FMP,REVENUE_USD,30006672413.0,D:\Programming\python_example\Arcana\data-lake\bronze\consensus\fmp\analyst-estimates\period=quarter\snapshot_date=2026-07-31\ticker=CVX.json,5ca31114f72b277ffe9121582c7f8b242d3fc3bd3be59f0764cbf405c1b6d25f,2026-09-02T16:40:54+00:00
2026-07-31,CVX,2002Q1,FMP,REVENUE_USD,15715142857.0,D:\Programming\python_example\Arcana\data-lake\bronze\consensus\fmp\analyst-estimates\period=quarter\snapshot_date=2026-07-31\ticker=CVX.json,5ca31114f72b277ffe9121582c7f8b242d3fc3bd3be59f0764cbf405c1b6d25f,2026-09-02T16:40:54+00:00
2026-07-31,CVX,2001Q4,FMP,REVENUE_USD,91122240000.0,D:\Programming\python_example\Arcana\data-lake\bronze\consensus\fmp\analyst-estimates\period=quarter\snapshot_date=2026-07-31\ticker=CVX.json,5ca31114f72b277ffe9121582c7f8b242d3fc3bd3be59f0764cbf405c1b6d25f,2026-09-02T16:40:54+00:00
2026-07-31,CVX,2001Q3,FMP,REVENUE_USD,8646260273.0,D:\Programming\python_example\Arcana\data-lake\bronze\consensus\fmp\analyst-estimates\period=quarter\snapshot_date=2026-07-31\ticker=CVX.json,5ca31114f72b277ffe9121582c7f8b242d3fc3bd3be59f0764cbf405c1b6d25f,2026-09-02T16:40:54+00:00
2026-07-31,CVX,2001Q2,FMP,REVENUE_USD,27380833333.0,D:\Programming\python_example\Arcana\data-lake\bronze\consensus\fmp\analyst-estimates\period=quarter\snapshot_date=2026-07-31\ticker=CVX.json,5ca31114f72b277ffe9121582c7f8b242d3fc3bd3be59f0764cbf405c1b6d25f,2026-09-02T16:40:54+00:00
2026-07-31,CVX,2001Q1,FMP,REVENUE_USD,10492788990.0,D:\Programming\python_example\Arcana\data-lake\bronze\consensus\fmp\analyst-estimates\period=quarter\snapshot_date=2026-07-31\ticker=CVX.json,5ca31114f72b277ffe9121582c7f8b242d3fc3bd3be59f0764cbf405c1b6d25f,2026-09-02T16:40:54+00:00
2026-07-31,CVX,2000Q4,FMP,REVENUE_USD,73322727272.0,D:\Programming\python_example\Arcana\data-lake\bronze\consensus\fmp\analyst-estimates\period=quarter\snapshot_date=2026-07-31\ticker=CVX.json,5ca31114f72b277ffe9121582c7f8b242d3fc3bd3be59f0764cbf405c1b6d25f,2026-09-02T16:40:54+00:00
2026-07-31,CVX,2000Q3,FMP,REVENUE_USD,12609506246.0,D:\Programming\python_example\Arcana\data-lake\bronze\consensus\fmp\analyst-estimates\period=quarter\snapshot_date=2026-07-31\ticker=CVX.json,5ca31114f72b277ffe9121582c7f8b242d3fc3bd3be59f0764cbf405c1b6d25f,2026-09-02T16:40:54+00:00
2026-07-31,CVX,2000Q2,FMP,REVENUE_USD,31459386363.0,D:\Programming\python_example\Arcana\data-lake\bronze\consensus\fmp\analyst-estimates\period=quarter\snapshot_date=2026-07-31\ticker=CVX.json,5ca31114f72b277ffe9121582c7f8b242d3fc3bd3be59f0764cbf405c1b6d25f,2026-09-02T16:40:54+00:00
2026-07-31,CVX,2000Q1,FMP,REVENUE_USD,19298623529.0,D:\Programming\python_example\Arcana\data-lake\bronze\consensus\fmp\analyst-estimates\period=quarter\snapshot_date=2026-07-31\ticker=CVX.json,5ca31114f72b277ffe9121582c7f8b242d3fc3bd3be59f0764cbf405c1b6d25f,2026-09-02T16:40:54+00:00
2026-07-31,CVX,1999Q4,FMP,REVENUE_USD,59120655737.0,D:\Programming\python_example\Arcana\data-lake\bronze\consensus\fmp\analyst-estimates\period=quarter\snapshot_date=2026-07-31\ticker=CVX.json,5ca31114f72b277ffe9121582c7f8b242d3fc3bd3be59f0764cbf405c1b6d25f,2026-09-02T16:40:54+00:00
2026-07-31,CVX,1999Q3,FMP,REVENUE_USD,9578352941.0,D:\Programming\python_example\Arcana\data-lake\bronze\consensus\fmp\analyst-estimates\period=quarter\snapshot_date=2026-07-31\ticker=CVX.json,5ca31114f72b277ffe9121582c7f8b242d3fc3bd3be59f0764cbf405c1b6d25f,2026-09-02T16:40:54+00:00
2026-07-31,CVX,1999Q2,FMP,REVENUE_USD,8241514285.0,D:\Programming\python_example\Arcana\data-lake\bronze\consensus\fmp\analyst-estimates\period=quarter\snapshot_date=2026-07-31\ticker=CVX.json,5ca31114f72b277ffe9121582c7f8b242d3fc3bd3be59f0764cbf405c1b6d25f,2026-09-02T16:40:54+00:00
2026-07-31,CVX,1999Q1,FMP,REVENUE_USD,7491680000.0,D:\Programming\python_example\Arcana\data-lake\bronze\consensus\fmp\analyst-estimates\period=quarter\snapshot_date=2026-07-31\ticker=CVX.json,5ca31114f72b277ffe9121582c7f8b242d3fc3bd3be59f0764cbf405c1b6d25f,2026-09-02T16:40:54+00:00
2026-07-31,CVX,1998Q4,FMP,REVENUE_USD,5747544000.0,D:\Programming\python_example\Arcana\data-lake\bronze\consensus\fmp\analyst-estimates\period=quarter\snapshot_date=2026-07-31\ticker=CVX.json,5ca31114f72b277ffe9121582c7f8b242d3fc3bd3be59f0764cbf405c1b6d25f,2026-09-02T16:40:54+00:00
2026-07-31,CVX,1998Q3,FMP,REVENUE_USD,7452176470.0,D:\Programming\python_example\Arcana\data-lake\bronze\consensus\fmp\analyst-estimates\period=quarter\snapshot_date=2026-07-31\ticker=CVX.json,5ca31114f72b277ffe9121582c7f8b242d3fc3bd3be59f0764cbf405c1b6d25f,2026-09-02T16:40:54+00:00
2026-07-31,CVX,1998Q2,FMP,REVENUE_USD,6710736842.0,D:\Programming\python_example\Arcana\data-lake\bronze\consensus\fmp\analyst-estimates\period=quarter\snapshot_date=2026-07-31\ticker=CVX.json,5ca31114f72b277ffe9121582c7f8b242d3fc3bd3be59f0764cbf405c1b6d25f,2026-09-02T16:40:54+00:00
2026-07-31,CVX,1998Q1,FMP,REVENUE_USD,7871657142.0,D:\Programming\python_example\Arcana\data-lake\bronze\consensus\fmp\analyst-estimates\period=quarter\snapshot_date=2026-07-31\ticker=CVX.json,5ca31114f72b277ffe9121582c7f8b242d3fc3bd3be59f0764cbf405c1b6d25f,2026-09-02T16:40:54+00:00
2026-07-31,CVX,1997Q4,FMP,REVENUE_USD,7743571428.0,D:\Programming\python_example\Arcana\data-lake\bronze\consensus\fmp\analyst-estimates\period=quarter\snapshot_date=2026-07-31\ticker=CVX.json,5ca31114f72b277ffe9121582c7f8b242d3fc3bd3be59f0764cbf405c1b6d25f,2026-09-02T16:40:54+00:00
2026-07-31,CVX,1997Q3,FMP,REVENUE_USD,9533538461.0,D:\Programming\python_example\Arcana\data-lake\bronze\consensus\fmp\analyst-estimates\period=quarter\snapshot_date=2026-07-31\ticker=CVX.json,5ca31114f72b277ffe9121582c7f8b242d3fc3bd3be59f0764cbf405c1b6d25f,2026-09-02T16:40:54+00:00
2026-07-31,CVX,1997Q2,FMP,REVENUE_USD,8561666666.0,D:\Programming\python_example\Arcana\data-lake\bronze\consensus\fmp\analyst-estimates\period=quarter\snapshot_date=2026-07-31\ticker=CVX.json,5ca31114f72b277ffe9121582c7f8b242d3fc3bd3be59f0764cbf405c1b6d25f,2026-09-02T16:40:54+00:00
2026-07-31,CVX,1997Q1,FMP,REVENUE_USD,9681163636.0,D:\Programming\python_example\Arcana\data-lake\bronze\consensus\fmp\analyst-estimates\period=quarter\snapshot_date=2026-07-31\ticker=CVX.json,5ca31114f72b277ffe9121582c7f8b242d3fc3bd3be59f0764cbf405c1b6d25f,2026-09-02T16:40:54+00:00
2026-07-31,CVX,1996Q4,FMP,REVENUE_USD,10571326530.0,D:\Programming\python_example\Arcana\data-lake\bronze\consensus\fmp\analyst-estimates\period=quarter\snapshot_date=2026-07-31\ticker=CVX.json,5ca31114f72b277ffe9121582c7f8b242d3fc3bd3be59f0764cbf405c1b6d25f,2026-09-02T16:40:54+00:00
2026-07-31,VLO,2028Q4,FMP,REVENUE_USD,29897954134.0,D:\Programming\python_example\Arcana\data-lake\bronze\consensus\fmp\analyst-estimates\period=quarter\snapshot_date=2026-07-31\ticker=VLO.json,de5a08281f0fc8c1f4e2738481665b826615440f0bd2fffb0fcc45ec27c7a9e0,2026-09-02T16:40:54+00:00
2026-07-31,VLO,2028Q3,FMP,REVENUE_USD,30180091384.0,D:\Programming\python_example\Arcana\data-lake\bronze\consensus\fmp\analyst-estimates\period=quarter\snapshot_date=2026-07-31\ticker=VLO.json,de5a08281f0fc8c1f4e2738481665b826615440f0bd2fffb0fcc45ec27c7a9e0,2026-09-02T16:40:54+00:00
2026-07-31,VLO,2028Q2,FMP,REVENUE_USD,29790296969.0,D:\Programming\python_example\Arcana\data-lake\bronze\consensus\fmp\analyst-estimates\period=quarter\snapshot_date=2026-07-31\ticker=VLO.json,de5a08281f0fc8c1f4e2738481665b826615440f0bd2fffb0fcc45ec27c7a9e0,2026-09-02T16:40:54+00:00
2026-07-31,VLO,2028Q1,FMP,REVENUE_USD,29259512164.0,D:\Programming\python_example\Arcana\data-lake\bronze\consensus\fmp\analyst-estimates\period=quarter\snapshot_date=2026-07-31\ticker=VLO.json,de5a08281f0fc8c1f4e2738481665b826615440f0bd2fffb0fcc45ec27c7a9e0,2026-09-02T16:40:54+00:00
2026-07-31,VLO,2027Q4,FMP,REVENUE_USD,30953897390.0,D:\Programming\python_example\Arcana\data-lake\bronze\consensus\fmp\analyst-estimates\period=quarter\snapshot_date=2026-07-31\ticker=VLO.json,de5a08281f0fc8c1f4e2738481665b826615440f0bd2fffb0fcc45ec27c7a9e0,2026-09-02T16:40:54+00:00
2026-07-31,VLO,2027Q3,FMP,REVENUE_USD,31774647390.0,D:\Programming\python_example\Arcana\data-lake\bronze\consensus\fmp\analyst-estimates\period=quarter\snapshot_date=2026-07-31\ticker=VLO.json,de5a08281f0fc8c1f4e2738481665b826615440f0bd2fffb0fcc45ec27c7a9e0,2026-09-02T16:40:54+00:00
2026-07-31,VLO,2027Q2,FMP,REVENUE_USD,31369600712.0,D:\Programming\python_example\Arcana\data-lake\bronze\consensus\fmp\analyst-estimates\period=quarter\snapshot_date=2026-07-31\ticker=VLO.json,de5a08281f0fc8c1f4e2738481665b826615440f0bd2fffb0fcc45ec27c7a9e0,2026-09-02T16:40:54+00:00
2026-07-31,VLO,2027Q1,FMP,REVENUE_USD,29652983194.0,D:\Programming\python_example\Arcana\data-lake\bronze\consensus\fmp\analyst-estimates\period=quarter\snapshot_date=2026-07-31\ticker=VLO.json,de5a08281f0fc8c1f4e2738481665b826615440f0bd2fffb0fcc45ec27c7a9e0,2026-09-02T16:40:54+00:00
2026-07-31,VLO,2026Q4,FMP,REVENUE_USD,31937319021.0,D:\Programming\python_example\Arcana\data-lake\bronze\consensus\fmp\analyst-estimates\period=quarter\snapshot_date=2026-07-31\ticker=VLO.json,de5a08281f0fc8c1f4e2738481665b826615440f0bd2fffb0fcc45ec27c7a9e0,2026-09-02T16:40:54+00:00
2026-07-31,VLO,2026Q3,FMP,REVENUE_USD,37720201875.0,D:\Programming\python_example\Arcana\data-lake\bronze\consensus\fmp\analyst-estimates\period=quarter\snapshot_date=2026-07-31\ticker=VLO.json,de5a08281f0fc8c1f4e2738481665b826615440f0bd2fffb0fcc45ec27c7a9e0,2026-09-02T16:40:54+00:00
2026-07-31,VLO,2026Q2,FMP,REVENUE_USD,39468983320.0,D:\Programming\python_example\Arcana\data-lake\bronze\consensus\fmp\analyst-estimates\period=quarter\snapshot_date=2026-07-31\ticker=VLO.json,de5a08281f0fc8c1f4e2738481665b826615440f0bd2fffb0fcc45ec27c7a9e0,2026-09-02T16:40:54+00:00
2026-07-31,VLO,2026Q1,FMP,REVENUE_USD,31382822296.0,D:\Programming\python_example\Arcana\data-lake\bronze\consensus\fmp\analyst-estimates\period=quarter\snapshot_date=2026-07-31\ticker=VLO.json,de5a08281f0fc8c1f4e2738481665b826615440f0bd2fffb0fcc45ec27c7a9e0,2026-09-02T16:40:54+00:00
2026-07-31,VLO,2025Q4,FMP,REVENUE_USD,28512444602.0,D:\Programming\python_example\Arcana\data-lake\bronze\consensus\fmp\analyst-estimates\period=quarter\snapshot_date=2026-07-31\ticker=VLO.json,de5a08281f0fc8c1f4e2738481665b826615440f0bd2fffb0fcc45ec27c7a9e0,2026-09-02T16:40:54+00:00
2026-07-31,VLO,2025Q3,FMP,REVENUE_USD,29964984725.0,D:\Programming\python_example\Arcana\data-lake\bronze\consensus\fmp\analyst-estimates\period=quarter\snapshot_date=2026-07-31\ticker=VLO.json,de5a08281f0fc8c1f4e2738481665b826615440f0bd2fffb0fcc45ec27c7a9e0,2026-09-02T16:40:54+00:00
2026-07-31,VLO,2025Q2,FMP,REVENUE_USD,27507694531.0,D:\Programming\python_example\Arcana\data-lake\bronze\consensus\fmp\analyst-estimates\period=quarter\snapshot_date=2026-07-31\ticker=VLO.json,de5a08281f0fc8c1f4e2738481665b826615440f0bd2fffb0fcc45ec27c7a9e0,2026-09-02T16:40:54+00:00
2026-07-31,VLO,2025Q1,FMP,REVENUE_USD,28758332229.0,D:\Programming\python_example\Arcana\data-lake\bronze\consensus\fmp\analyst-estimates\period=quarter\snapshot_date=2026-07-31\ticker=VLO.json,de5a08281f0fc8c1f4e2738481665b826615440f0bd2fffb0fcc45ec27c7a9e0,2026-09-02T16:40:54+00:00
2026-07-31,VLO,2024Q4,FMP,REVENUE_USD,30022863496.0,D:\Programming\python_example\Arcana\data-lake\bronze\consensus\fmp\analyst-estimates\period=quarter\snapshot_date=2026-07-31\ticker=VLO.json,de5a08281f0fc8c1f4e2738481665b826615440f0bd2fffb0fcc45ec27c7a9e0,2026-09-02T16:40:54+00:00
2026-07-31,VLO,2024Q3,FMP,REVENUE_USD,31037596120.0,D:\Programming\python_example\Arcana\data-lake\bronze\consensus\fmp\analyst-estimates\period=quarter\snapshot_date=2026-07-31\ticker=VLO.json,de5a08281f0fc8c1f4e2738481665b826615440f0bd2fffb0fcc45ec27c7a9e0,2026-09-02T16:40:54+00:00
2026-07-31,VLO,2024Q2,FMP,REVENUE_USD,32968359516.0,D:\Programming\python_example\Arcana\data-lake\bronze\consensus\fmp\analyst-estimates\period=quarter\snapshot_date=2026-07-31\ticker=VLO.json,de5a08281f0fc8c1f4e2738481665b826615440f0bd2fffb0fcc45ec27c7a9e0,2026-09-02T16:40:54+00:00
2026-07-31,VLO,2024Q1,FMP,REVENUE_USD,32237205846.0,D:\Programming\python_example\Arcana\data-lake\bronze\consensus\fmp\analyst-estimates\period=quarter\snapshot_date=2026-07-31\ticker=VLO.json,de5a08281f0fc8c1f4e2738481665b826615440f0bd2fffb0fcc45ec27c7a9e0,2026-09-02T16:40:54+00:00
2026-07-31,VLO,2023Q4,FMP,REVENUE_USD,34759986638.0,D:\Programming\python_example\Arcana\data-lake\bronze\consensus\fmp\analyst-estimates\period=quarter\snapshot_date=2026-07-31\ticker=VLO.json,de5a08281f0fc8c1f4e2738481665b826615440f0bd2fffb0fcc45ec27c7a9e0,2026-09-02T16:40:54+00:00
2026-07-31,VLO,2023Q3,FMP,REVENUE_USD,38458651071.0,D:\Programming\python_example\Arcana\data-lake\bronze\consensus\fmp\analyst-estimates\period=quarter\snapshot_date=2026-07-31\ticker=VLO.json,de5a08281f0fc8c1f4e2738481665b826615440f0bd2fffb0fcc45ec27c7a9e0,2026-09-02T16:40:54+00:00
2026-07-31,VLO,2023Q2,FMP,REVENUE_USD,34367439386.0,D:\Programming\python_example\Arcana\data-lake\bronze\consensus\fmp\analyst-estimates\period=quarter\snapshot_date=2026-07-31\ticker=VLO.json,de5a08281f0fc8c1f4e2738481665b826615440f0bd2fffb0fcc45ec27c7a9e0,2026-09-02T16:40:54+00:00
2026-07-31,VLO,2023Q1,FMP,REVENUE_USD,34282088606.0,D:\Programming\python_example\Arcana\data-lake\bronze\consensus\fmp\analyst-estimates\period=quarter\snapshot_date=2026-07-31\ticker=VLO.json,de5a08281f0fc8c1f4e2738481665b826615440f0bd2fffb0fcc45ec27c7a9e0,2026-09-02T16:40:54+00:00
2026-07-31,VLO,2022Q4,FMP,REVENUE_USD,39518190015.0,D:\Programming\python_example\Arcana\data-lake\bronze\consensus\fmp\analyst-estimates\period=quarter\snapshot_date=2026-07-31\ticker=VLO.json,de5a08281f0fc8c1f4e2738481665b826615440f0bd2fffb0fcc45ec27c7a9e0,2026-09-02T16:40:54+00:00
2026-07-31,VLO,2022Q3,FMP,REVENUE_USD,38780275087.0,D:\Programming\python_example\Arcana\data-lake\bronze\consensus\fmp\analyst-estimates\period=quarter\snapshot_date=2026-07-31\ticker=VLO.json,de5a08281f0fc8c1f4e2738481665b826615440f0bd2fffb0fcc45ec27c7a9e0,2026-09-02T16:40:54+00:00
2026-07-31,VLO,2022Q2,FMP,REVENUE_USD,41250118333.0,D:\Programming\python_example\Arcana\data-lake\bronze\consensus\fmp\analyst-estimates\period=quarter\snapshot_date=2026-07-31\ticker=VLO.json,de5a08281f0fc8c1f4e2738481665b826615440f0bd2fffb0fcc45ec27c7a9e0,2026-09-02T16:40:54+00:00
2026-07-31,VLO,2022Q1,FMP,REVENUE_USD,31639142333.0,D:\Programming\python_example\Arcana\data-lake\bronze\consensus\fmp\analyst-estimates\period=quarter\snapshot_date=2026-07-31\ticker=VLO.json,de5a08281f0fc8c1f4e2738481665b826615440f0bd2fffb0fcc45ec27c7a9e0,2026-09-02T16:40:54+00:00
2026-07-31,VLO,2021Q4,FMP,REVENUE_USD,27771530400.0,D:\Programming\python_example\Arcana\data-lake\bronze\consensus\fmp\analyst-estimates\period=quarter\snapshot_date=2026-07-31\ticker=VLO.json,de5a08281f0fc8c1f4e2738481665b826615440f0bd2fffb0fcc45ec27c7a9e0,2026-09-02T16:40:54+00:00
2026-07-31,VLO,2021Q3,FMP,REVENUE_USD,24972314800.0,D:\Programming\python_example\Arcana\data-lake\bronze\consensus\fmp\analyst-estimates\period=quarter\snapshot_date=2026-07-31\ticker=VLO.json,de5a08281f0fc8c1f4e2738481665b826615440f0bd2fffb0fcc45ec27c7a9e0,2026-09-02T16:40:54+00:00
2026-07-31,VLO,2021Q2,FMP,REVENUE_USD,21747259400.0,D:\Programming\python_example\Arcana\data-lake\bronze\consensus\fmp\analyst-estimates\period=quarter\snapshot_date=2026-07-31\ticker=VLO.json,de5a08281f0fc8c1f4e2738481665b826615440f0bd2fffb0fcc45ec27c7a9e0,2026-09-02T16:40:54+00:00
2026-07-31,VLO,2021Q1,FMP,REVENUE_USD,19130153400.0,D:\Programming\python_example\Arcana\data-lake\bronze\consensus\fmp\analyst-estimates\period=quarter\snapshot_date=2026-07-31\ticker=VLO.json,de5a08281f0fc8c1f4e2738481665b826615440f0bd2fffb0fcc45ec27c7a9e0,2026-09-02T16:40:54+00:00
2026-07-31,VLO,2020Q4,FMP,REVENUE_USD,15306290800.0,D:\Programming\python_example\Arcana\data-lake\bronze\consensus\fmp\analyst-estimates\period=quarter\snapshot_date=2026-07-31\ticker=VLO.json,de5a08281f0fc8c1f4e2738481665b826615440f0bd2fffb0fcc45ec27c7a9e0,2026-09-02T16:40:54+00:00
2026-07-31,VLO,2020Q3,FMP,REVENUE_USD,15600416667.0,D:\Programming\python_example\Arcana\data-lake\bronze\consensus\fmp\analyst-estimates\period=quarter\snapshot_date=2026-07-31\ticker=VLO.json,de5a08281f0fc8c1f4e2738481665b826615440f0bd2fffb0fcc45ec27c7a9e0,2026-09-02T16:40:54+00:00
2026-07-31,VLO,2020Q2,FMP,REVENUE_USD,13121713667.0,D:\Programming\python_example\Arcana\data-lake\bronze\consensus\fmp\analyst-estimates\period=quarter\snapshot_date=2026-07-31\ticker=VLO.json,de5a08281f0fc8c1f4e2738481665b826615440f0bd2fffb0fcc45ec27c7a9e0,2026-09-02T16:40:54+00:00
2026-07-31,VLO,2020Q1,FMP,REVENUE_USD,20430666667.0,D:\Programming\python_example\Arcana\data-lake\bronze\consensus\fmp\analyst-estimates\period=quarter\snapshot_date=2026-07-31\ticker=VLO.json,de5a08281f0fc8c1f4e2738481665b826615440f0bd2fffb0fcc45ec27c7a9e0,2026-09-02T16:40:54+00:00
2026-07-31,VLO,2019Q4,FMP,REVENUE_USD,27556019500.0,D:\Programming\python_example\Arcana\data-lake\bronze\consensus\fmp\analyst-estimates\period=quarter\snapshot_date=2026-07-31\ticker=VLO.json,de5a08281f0fc8c1f4e2738481665b826615440f0bd2fffb0fcc45ec27c7a9e0,2026-09-02T16:40:54+00:00
2026-07-31,VLO,2019Q3,FMP,REVENUE_USD,24602012833.0,D:\Programming\python_example\Arcana\data-lake\bronze\consensus\fmp\analyst-estimates\period=quarter\snapshot_date=2026-07-31\ticker=VLO.json,de5a08281f0fc8c1f4e2738481665b826615440f0bd2fffb0fcc45ec27c7a9e0,2026-09-02T16:40:54+00:00
2026-07-31,VLO,2019Q2,FMP,REVENUE_USD,24846770112.0,D:\Programming\python_example\Arcana\data-lake\bronze\consensus\fmp\analyst-estimates\period=quarter\snapshot_date=2026-07-31\ticker=VLO.json,de5a08281f0fc8c1f4e2738481665b826615440f0bd2fffb0fcc45ec27c7a9e0,2026-09-02T16:40:54+00:00
2026-07-31,VLO,2019Q1,FMP,REVENUE_USD,22848767112.0,D:\Programming\python_example\Arcana\data-lake\bronze\consensus\fmp\analyst-estimates\period=quarter\snapshot_date=2026-07-31\ticker=VLO.json,de5a08281f0fc8c1f4e2738481665b826615440f0bd2fffb0fcc45ec27c7a9e0,2026-09-02T16:40:54+00:00
2026-07-31,VLO,2018Q4,FMP,REVENUE_USD,22708887580.0,D:\Programming\python_example\Arcana\data-lake\bronze\consensus\fmp\analyst-estimates\period=quarter\snapshot_date=2026-07-31\ticker=VLO.json,de5a08281f0fc8c1f4e2738481665b826615440f0bd2fffb0fcc45ec27c7a9e0,2026-09-02T16:40:54+00:00
2026-07-31,VLO,2018Q3,FMP,REVENUE_USD,29928134328.0,D:\Programming\python_example\Arcana\data-lake\bronze\consensus\fmp\analyst-estimates\period=quarter\snapshot_date=2026-07-31\ticker=VLO.json,de5a08281f0fc8c1f4e2738481665b826615440f0bd2fffb0fcc45ec27c7a9e0,2026-09-02T16:40:54+00:00
2026-07-31,VLO,2018Q2,FMP,REVENUE_USD,28562651162.0,D:\Programming\python_example\Arcana\data-lake\bronze\consensus\fmp\analyst-estimates\period=quarter\snapshot_date=2026-07-31\ticker=VLO.json,de5a08281f0fc8c1f4e2738481665b826615440f0bd2fffb0fcc45ec27c7a9e0,2026-09-02T16:40:54+00:00
2026-07-31,VLO,2018Q1,FMP,REVENUE_USD,24852660000.0,D:\Programming\python_example\Arcana\data-lake\bronze\consensus\fmp\analyst-estimates\period=quarter\snapshot_date=2026-07-31\ticker=VLO.json,de5a08281f0fc8c1f4e2738481665b826615440f0bd2fffb0fcc45ec27c7a9e0,2026-09-02T16:40:54+00:00
2026-07-31,VLO,2017Q4,FMP,REVENUE_USD,24571862068.0,D:\Programming\python_example\Arcana\data-lake\bronze\consensus\fmp\analyst-estimates\period=quarter\snapshot_date=2026-07-31\ticker=VLO.json,de5a08281f0fc8c1f4e2738481665b826615440f0bd2fffb0fcc45ec27c7a9e0,2026-09-02T16:40:54+00:00
2026-07-31,VLO,2017Q3,FMP,REVENUE_USD,22575109947.0,D:\Programming\python_example\Arcana\data-lake\bronze\consensus\fmp\analyst-estimates\period=quarter\snapshot_date=2026-07-31\ticker=VLO.json,de5a08281f0fc8c1f4e2738481665b826615440f0bd2fffb0fcc45ec27c7a9e0,2026-09-02T16:40:54+00:00
2026-07-31,VLO,2017Q2,FMP,REVENUE_USD,19901951219.0,D:\Programming\python_example\Arcana\data-lake\bronze\consensus\fmp\analyst-estimates\period=quarter\snapshot_date=2026-07-31\ticker=VLO.json,de5a08281f0fc8c1f4e2738481665b826615440f0bd2fffb0fcc45ec27c7a9e0,2026-09-02T16:40:54+00:00
2026-07-31,VLO,2017Q1,FMP,REVENUE_USD,19210588235.0,D:\Programming\python_example\Arcana\data-lake\bronze\consensus\fmp\analyst-estimates\period=quarter\snapshot_date=2026-07-31\ticker=VLO.json,de5a08281f0fc8c1f4e2738481665b826615440f0bd2fffb0fcc45ec27c7a9e0,2026-09-02T16:40:54+00:00
2026-07-31,VLO,2016Q4,FMP,REVENUE_USD,19689185185.0,D:\Programming\python_example\Arcana\data-lake\bronze\consensus\fmp\analyst-estimates\period=quarter\snapshot_date=2026-07-31\ticker=VLO.json,de5a08281f0fc8c1f4e2738481665b826615440f0bd2fffb0fcc45ec27c7a9e0,2026-09-02T16:40:54+00:00
2026-07-31,VLO,2016Q3,FMP,REVENUE_USD,14736750000.0,D:\Programming\python_example\Arcana\data-lake\bronze\consensus\fmp\analyst-estimates\period=quarter\snapshot_date=2026-07-31\ticker=VLO.json,de5a08281f0fc8c1f4e2738481665b826615440f0bd2fffb0fcc45ec27c7a9e0,2026-09-02T16:40:54+00:00
2026-07-31,VLO,2016Q2,FMP,REVENUE_USD,18302803738.0,D:\Programming\python_example\Arcana\data-lake\bronze\consensus\fmp\analyst-estimates\period=quarter\snapshot_date=2026-07-31\ticker=VLO.json,de5a08281f0fc8c1f4e2738481665b826615440f0bd2fffb0fcc45ec27c7a9e0,2026-09-02T16:40:54+00:00
2026-07-31,VLO,2016Q1,FMP,REVENUE_USD,17285400000.0,D:\Programming\python_example\Arcana\data-lake\bronze\consensus\fmp\analyst-estimates\period=quarter\snapshot_date=2026-07-31\ticker=VLO.json,de5a08281f0fc8c1f4e2738481665b826615440f0bd2fffb0fcc45ec27c7a9e0,2026-09-02T16:40:54+00:00
2026-07-31,VLO,2015Q4,FMP,REVENUE_USD,15210418994.0,D:\Programming\python_example\Arcana\data-lake\bronze\consensus\fmp\analyst-estimates\period=quarter\snapshot_date=2026-07-31\ticker=VLO.json,de5a08281f0fc8c1f4e2738481665b826615440f0bd2fffb0fcc45ec27c7a9e0,2026-09-02T16:40:54+00:00
2026-07-31,VLO,2015Q3,FMP,REVENUE_USD,21526931899.0,D:\Programming\python_example\Arcana\data-lake\bronze\consensus\fmp\analyst-estimates\period=quarter\snapshot_date=2026-07-31\ticker=VLO.json,de5a08281f0fc8c1f4e2738481665b826615440f0bd2fffb0fcc45ec27c7a9e0,2026-09-02T16:40:54+00:00
2026-07-31,VLO,2015Q2,FMP,REVENUE_USD,22851714285.0,D:\Programming\python_example\Arcana\data-lake\bronze\consensus\fmp\analyst-estimates\period=quarter\snapshot_date=2026-07-31\ticker=VLO.json,de5a08281f0fc8c1f4e2738481665b826615440f0bd2fffb0fcc45ec27c7a9e0,2026-09-02T16:40:54+00:00
2026-07-31,VLO,2015Q1,FMP,REVENUE_USD,19048716577.0,D:\Programming\python_example\Arcana\data-lake\bronze\consensus\fmp\analyst-estimates\period=quarter\snapshot_date=2026-07-31\ticker=VLO.json,de5a08281f0fc8c1f4e2738481665b826615440f0bd2fffb0fcc45ec27c7a9e0,2026-09-02T16:40:54+00:00
2026-07-31,VLO,2014Q4,FMP,REVENUE_USD,20247251366.0,D:\Programming\python_example\Arcana\data-lake\bronze\consensus\fmp\analyst-estimates\period=quarter\snapshot_date=2026-07-31\ticker=VLO.json,de5a08281f0fc8c1f4e2738481665b826615440f0bd2fffb0fcc45ec27c7a9e0,2026-09-02T16:40:54+00:00
2026-07-31,VLO,2014Q3,FMP,REVENUE_USD,27182320000.0,D:\Programming\python_example\Arcana\data-lake\bronze\consensus\fmp\analyst-estimates\period=quarter\snapshot_date=2026-07-31\ticker=VLO.json,de5a08281f0fc8c1f4e2738481665b826615440f0bd2fffb0fcc45ec27c7a9e0,2026-09-02T16:40:54+00:00
2026-07-31,VLO,2014Q2,FMP,REVENUE_USD,34627819672.0,D:\Programming\python_example\Arcana\data-lake\bronze\consensus\fmp\analyst-estimates\period=quarter\snapshot_date=2026-07-31\ticker=VLO.json,de5a08281f0fc8c1f4e2738481665b826615440f0bd2fffb0fcc45ec27c7a9e0,2026-09-02T16:40:54+00:00
2026-07-31,VLO,2014Q1,FMP,REVENUE_USD,30165545454.0,D:\Programming\python_example\Arcana\data-lake\bronze\consensus\fmp\analyst-estimates\period=quarter\snapshot_date=2026-07-31\ticker=VLO.json,de5a08281f0fc8c1f4e2738481665b826615440f0bd2fffb0fcc45ec27c7a9e0,2026-09-02T16:40:54+00:00
2026-07-31,VLO,2013Q4,FMP,REVENUE_USD,32107943820.0,D:\Programming\python_example\Arcana\data-lake\bronze\consensus\fmp\analyst-estimates\period=quarter\snapshot_date=2026-07-31\ticker=VLO.json,de5a08281f0fc8c1f4e2738481665b826615440f0bd2fffb0fcc45ec27c7a9e0,2026-09-02T16:40:54+00:00
2026-07-31,VLO,2013Q3,FMP,REVENUE_USD,25993280701.0,D:\Programming\python_example\Arcana\data-lake\bronze\consensus\fmp\analyst-estimates\period=quarter\snapshot_date=2026-07-31\ticker=VLO.json,de5a08281f0fc8c1f4e2738481665b826615440f0bd2fffb0fcc45ec27c7a9e0,2026-09-02T16:40:54+00:00
2026-07-31,VLO,2013Q2,FMP,REVENUE_USD,37237200000.0,D:\Programming\python_example\Arcana\data-lake\bronze\consensus\fmp\analyst-estimates\period=quarter\snapshot_date=2026-07-31\ticker=VLO.json,de5a08281f0fc8c1f4e2738481665b826615440f0bd2fffb0fcc45ec27c7a9e0,2026-09-02T16:40:54+00:00
2026-07-31,VLO,2013Q1,FMP,REVENUE_USD,28367796610.0,D:\Programming\python_example\Arcana\data-lake\bronze\consensus\fmp\analyst-estimates\period=quarter\snapshot_date=2026-07-31\ticker=VLO.json,de5a08281f0fc8c1f4e2738481665b826615440f0bd2fffb0fcc45ec27c7a9e0,2026-09-02T16:40:54+00:00
2026-07-31,VLO,2012Q4,FMP,REVENUE_USD,21776648936.0,D:\Programming\python_example\Arcana\data-lake\bronze\consensus\fmp\analyst-estimates\period=quarter\snapshot_date=2026-07-31\ticker=VLO.json,de5a08281f0fc8c1f4e2738481665b826615440f0bd2fffb0fcc45ec27c7a9e0,2026-09-02T16:40:54+00:00
2026-07-31,VLO,2012Q3,FMP,REVENUE_USD,31984473684.0,D:\Programming\python_example\Arcana\data-lake\bronze\consensus\fmp\analyst-estimates\period=quarter\snapshot_date=2026-07-31\ticker=VLO.json,de5a08281f0fc8c1f4e2738481665b826615440f0bd2fffb0fcc45ec27c7a9e0,2026-09-02T16:40:54+00:00
2026-07-31,VLO,2012Q2,FMP,REVENUE_USD,33044440000.0,D:\Programming\python_example\Arcana\data-lake\bronze\consensus\fmp\analyst-estimates\period=quarter\snapshot_date=2026-07-31\ticker=VLO.json,de5a08281f0fc8c1f4e2738481665b826615440f0bd2fffb0fcc45ec27c7a9e0,2026-09-02T16:40:54+00:00
2026-07-31,VLO,2012Q1,FMP,REVENUE_USD,32898161290.0,D:\Programming\python_example\Arcana\data-lake\bronze\consensus\fmp\analyst-estimates\period=quarter\snapshot_date=2026-07-31\ticker=VLO.json,de5a08281f0fc8c1f4e2738481665b826615440f0bd2fffb0fcc45ec27c7a9e0,2026-09-02T16:40:54+00:00
2026-07-31,VLO,2011Q4,FMP,REVENUE_USD,31370809523.0,D:\Programming\python_example\Arcana\data-lake\bronze\consensus\fmp\analyst-estimates\period=quarter\snapshot_date=2026-07-31\ticker=VLO.json,de5a08281f0fc8c1f4e2738481665b826615440f0bd2fffb0fcc45ec27c7a9e0,2026-09-02T16:40:54+00:00
2026-07-31,VLO,2011Q3,FMP,REVENUE_USD,30996786729.0,D:\Programming\python_example\Arcana\data-lake\bronze\consensus\fmp\analyst-estimates\period=quarter\snapshot_date=2026-07-31\ticker=VLO.json,de5a08281f0fc8c1f4e2738481665b826615440f0bd2fffb0fcc45ec27c7a9e0,2026-09-02T16:40:54+00:00
2026-07-31,VLO,2011Q2,FMP,REVENUE_USD,34663015384.0,D:\Programming\python_example\Arcana\data-lake\bronze\consensus\fmp\analyst-estimates\period=quarter\snapshot_date=2026-07-31\ticker=VLO.json,de5a08281f0fc8c1f4e2738481665b826615440f0bd2fffb0fcc45ec27c7a9e0,2026-09-02T16:40:54+00:00
2026-07-31,VLO,2011Q1,FMP,REVENUE_USD,43846666666.0,D:\Programming\python_example\Arcana\data-lake\bronze\consensus\fmp\analyst-estimates\period=quarter\snapshot_date=2026-07-31\ticker=VLO.json,de5a08281f0fc8c1f4e2738481665b826615440f0bd2fffb0fcc45ec27c7a9e0,2026-09-02T16:40:54+00:00
2026-07-31,VLO,2010Q4,FMP,REVENUE_USD,23549250000.0,D:\Programming\python_example\Arcana\data-lake\bronze\consensus\fmp\analyst-estimates\period=quarter\snapshot_date=2026-07-31\ticker=VLO.json,de5a08281f0fc8c1f4e2738481665b826615440f0bd2fffb0fcc45ec27c7a9e0,2026-09-02T16:40:54+00:00
2026-07-31,VLO,2010Q3,FMP,REVENUE_USD,19778823529.0,D:\Programming\python_example\Arcana\data-lake\bronze\consensus\fmp\analyst-estimates\period=quarter\snapshot_date=2026-07-31\ticker=VLO.json,de5a08281f0fc8c1f4e2738481665b826615440f0bd2fffb0fcc45ec27c7a9e0,2026-09-02T16:40:54+00:00
2026-07-31,VLO,2010Q2,FMP,REVENUE_USD,15697107526.0,D:\Programming\python_example\Arcana\data-lake\bronze\consensus\fmp\analyst-estimates\period=quarter\snapshot_date=2026-07-31\ticker=VLO.json,de5a08281f0fc8c1f4e2738481665b826615440f0bd2fffb0fcc45ec27c7a9e0,2026-09-02T16:40:54+00:00
2026-07-31,VLO,2010Q1,FMP,REVENUE_USD,30821666666.0,D:\Programming\python_example\Arcana\data-lake\bronze\consensus\fmp\analyst-estimates\period=quarter\snapshot_date=2026-07-31\ticker=VLO.json,de5a08281f0fc8c1f4e2738481665b826615440f0bd2fffb0fcc45ec27c7a9e0,2026-09-02T16:40:54+00:00
2026-07-31,VLO,2009Q4,FMP,REVENUE_USD,31297000000.0,D:\Programming\python_example\Arcana\data-lake\bronze\consensus\fmp\analyst-estimates\period=quarter\snapshot_date=2026-07-31\ticker=VLO.json,de5a08281f0fc8c1f4e2738481665b826615440f0bd2fffb0fcc45ec27c7a9e0,2026-09-02T16:40:54+00:00
2026-07-31,VLO,2009Q3,FMP,REVENUE_USD,13547769230.0,D:\Programming\python_example\Arcana\data-lake\bronze\consensus\fmp\analyst-estimates\period=quarter\snapshot_date=2026-07-31\ticker=VLO.json,de5a08281f0fc8c1f4e2738481665b826615440f0bd2fffb0fcc45ec27c7a9e0,2026-09-02T16:40:54+00:00
2026-07-31,VLO,2009Q2,FMP,REVENUE_USD,18100000000.0,D:\Programming\python_example\Arcana\data-lake\bronze\consensus\fmp\analyst-estimates\period=quarter\snapshot_date=2026-07-31\ticker=VLO.json,de5a08281f0fc8c1f4e2738481665b826615440f0bd2fffb0fcc45ec27c7a9e0,2026-09-02T16:40:54+00:00
2026-07-31,VLO,2009Q1,FMP,REVENUE_USD,11294915254.0,D:\Programming\python_example\Arcana\data-lake\bronze\consensus\fmp\analyst-estimates\period=quarter\snapshot_date=2026-07-31\ticker=VLO.json,de5a08281f0fc8c1f4e2738481665b826615440f0bd2fffb0fcc45ec27c7a9e0,2026-09-02T16:40:54+00:00
2026-07-31,VLO,2008Q4,FMP,REVENUE_USD,15870480000.0,D:\Programming\python_example\Arcana\data-lake\bronze\consensus\fmp\analyst-estimates\period=quarter\snapshot_date=2026-07-31\ticker=VLO.json,de5a08281f0fc8c1f4e2738481665b826615440f0bd2fffb0fcc45ec27c7a9e0,2026-09-02T16:40:54+00:00
2026-07-31,VLO,2008Q3,FMP,REVENUE_USD,25434010752.0,D:\Programming\python_example\Arcana\data-lake\bronze\consensus\fmp\analyst-estimates\period=quarter\snapshot_date=2026-07-31\ticker=VLO.json,de5a08281f0fc8c1f4e2738481665b826615440f0bd2fffb0fcc45ec27c7a9e0,2026-09-02T16:40:54+00:00
2026-07-31,VLO,2008Q2,FMP,REVENUE_USD,35570218978.0,D:\Programming\python_example\Arcana\data-lake\bronze\consensus\fmp\analyst-estimates\period=quarter\snapshot_date=2026-07-31\ticker=VLO.json,de5a08281f0fc8c1f4e2738481665b826615440f0bd2fffb0fcc45ec27c7a9e0,2026-09-02T16:40:54+00:00
2026-07-31,VLO,2008Q1,FMP,REVENUE_USD,22511250000.0,D:\Programming\python_example\Arcana\data-lake\bronze\consensus\fmp\analyst-estimates\period=quarter\snapshot_date=2026-07-31\ticker=VLO.json,de5a08281f0fc8c1f4e2738481665b826615440f0bd2fffb0fcc45ec27c7a9e0,2026-09-02T16:40:54+00:00
2026-07-31,VLO,2007Q4,FMP,REVENUE_USD,17708558823.0,D:\Programming\python_example\Arcana\data-lake\bronze\consensus\fmp\analyst-estimates\period=quarter\snapshot_date=2026-07-31\ticker=VLO.json,de5a08281f0fc8c1f4e2738481665b826615440f0bd2fffb0fcc45ec27c7a9e0,2026-09-02T16:40:54+00:00
2026-07-31,VLO,2007Q3,FMP,REVENUE_USD,23021885714.0,D:\Programming\python_example\Arcana\data-lake\bronze\consensus\fmp\analyst-estimates\period=quarter\snapshot_date=2026-07-31\ticker=VLO.json,de5a08281f0fc8c1f4e2738481665b826615440f0bd2fffb0fcc45ec27c7a9e0,2026-09-02T16:40:54+00:00
2026-07-31,VLO,2007Q2,FMP,REVENUE_USD,23393192802.0,D:\Programming\python_example\Arcana\data-lake\bronze\consensus\fmp\analyst-estimates\period=quarter\snapshot_date=2026-07-31\ticker=VLO.json,de5a08281f0fc8c1f4e2738481665b826615440f0bd2fffb0fcc45ec27c7a9e0,2026-09-02T16:40:54+00:00
2026-07-31,VLO,2007Q1,FMP,REVENUE_USD,18250833333.0,D:\Programming\python_example\Arcana\data-lake\bronze\consensus\fmp\analyst-estimates\period=quarter\snapshot_date=2026-07-31\ticker=VLO.json,de5a08281f0fc8c1f4e2738481665b826615440f0bd2fffb0fcc45ec27c7a9e0,2026-09-02T16:40:54+00:00
2026-07-31,VLO,2006Q4,FMP,REVENUE_USD,16228899371.0,D:\Programming\python_example\Arcana\data-lake\bronze\consensus\fmp\analyst-estimates\period=quarter\snapshot_date=2026-07-31\ticker=VLO.json,de5a08281f0fc8c1f4e2738481665b826615440f0bd2fffb0fcc45ec27c7a9e0,2026-09-02T16:40:54+00:00
2026-07-31,VLO,2006Q3,FMP,REVENUE_USD,22085702479.0,D:\Programming\python_example\Arcana\data-lake\bronze\consensus\fmp\analyst-estimates\period=quarter\snapshot_date=2026-07-31\ticker=VLO.json,de5a08281f0fc8c1f4e2738481665b826615440f0bd2fffb0fcc45ec27c7a9e0,2026-09-02T16:40:54+00:00
2026-07-31,VLO,2006Q2,FMP,REVENUE_USD,25334362416.0,D:\Programming\python_example\Arcana\data-lake\bronze\consensus\fmp\analyst-estimates\period=quarter\snapshot_date=2026-07-31\ticker=VLO.json,de5a08281f0fc8c1f4e2738481665b826615440f0bd2fffb0fcc45ec27c7a9e0,2026-09-02T16:40:54+00:00
2026-07-31,VLO,2006Q1,FMP,REVENUE_USD,19975000000.0,D:\Programming\python_example\Arcana\data-lake\bronze\consensus\fmp\analyst-estimates\period=quarter\snapshot_date=2026-07-31\ticker=VLO.json,de5a08281f0fc8c1f4e2738481665b826615440f0bd2fffb0fcc45ec27c7a9e0,2026-09-02T16:40:54+00:00
2026-07-31,VLO,2005Q4,FMP,REVENUE_USD,25092960824.0,D:\Programming\python_example\Arcana\data-lake\bronze\consensus\fmp\analyst-estimates\period=quarter\snapshot_date=2026-07-31\ticker=VLO.json,de5a08281f0fc8c1f4e2738481665b826615440f0bd2fffb0fcc45ec27c7a9e0,2026-09-02T16:40:54+00:00
2026-07-31,VLO,2005Q3,FMP,REVENUE_USD,22432479452.0,D:\Programming\python_example\Arcana\data-lake\bronze\consensus\fmp\analyst-estimates\period=quarter\snapshot_date=2026-07-31\ticker=VLO.json,de5a08281f0fc8c1f4e2738481665b826615440f0bd2fffb0fcc45ec27c7a9e0,2026-09-02T16:40:54+00:00
2026-07-31,VLO,2005Q2,FMP,REVENUE_USD,17324862745.0,D:\Programming\python_example\Arcana\data-lake\bronze\consensus\fmp\analyst-estimates\period=quarter\snapshot_date=2026-07-31\ticker=VLO.json,de5a08281f0fc8c1f4e2738481665b826615440f0bd2fffb0fcc45ec27c7a9e0,2026-09-02T16:40:54+00:00
2026-07-31,VLO,2005Q1,FMP,REVENUE_USD,15264520833.0,D:\Programming\python_example\Arcana\data-lake\bronze\consensus\fmp\analyst-estimates\period=quarter\snapshot_date=2026-07-31\ticker=VLO.json,de5a08281f0fc8c1f4e2738481665b826615440f0bd2fffb0fcc45ec27c7a9e0,2026-09-02T16:40:54+00:00
2026-07-31,VLO,2004Q4,FMP,REVENUE_USD,11664000000.0,D:\Programming\python_example\Arcana\data-lake\bronze\consensus\fmp\analyst-estimates\period=quarter\snapshot_date=2026-07-31\ticker=VLO.json,de5a08281f0fc8c1f4e2738481665b826615440f0bd2fffb0fcc45ec27c7a9e0,2026-09-02T16:40:54+00:00
2026-07-31,VLO,2004Q3,FMP,REVENUE_USD,13975987341.0,D:\Programming\python_example\Arcana\data-lake\bronze\consensus\fmp\analyst-estimates\period=quarter\snapshot_date=2026-07-31\ticker=VLO.json,de5a08281f0fc8c1f4e2738481665b826615440f0bd2fffb0fcc45ec27c7a9e0,2026-09-02T16:40:54+00:00
2026-07-31,VLO,2004Q2,FMP,REVENUE_USD,13202385964.0,D:\Programming\python_example\Arcana\data-lake\bronze\consensus\fmp\analyst-estimates\period=quarter\snapshot_date=2026-07-31\ticker=VLO.json,de5a08281f0fc8c1f4e2738481665b826615440f0bd2fffb0fcc45ec27c7a9e0,2026-09-02T16:40:54+00:00
2026-07-31,VLO,2004Q1,FMP,REVENUE_USD,10600173913.0,D:\Programming\python_example\Arcana\data-lake\bronze\consensus\fmp\analyst-estimates\period=quarter\snapshot_date=2026-07-31\ticker=VLO.json,de5a08281f0fc8c1f4e2738481665b826615440f0bd2fffb0fcc45ec27c7a9e0,2026-09-02T16:40:54+00:00
2026-07-31,VLO,2003Q4,FMP,REVENUE_USD,9113175000.0,D:\Programming\python_example\Arcana\data-lake\bronze\consensus\fmp\analyst-estimates\period=quarter\snapshot_date=2026-07-31\ticker=VLO.json,de5a08281f0fc8c1f4e2738481665b826615440f0bd2fffb0fcc45ec27c7a9e0,2026-09-02T16:40:54+00:00
2026-07-31,VLO,2003Q3,FMP,REVENUE_USD,9399789473.0,D:\Programming\python_example\Arcana\data-lake\bronze\consensus\fmp\analyst-estimates\period=quarter\snapshot_date=2026-07-31\ticker=VLO.json,de5a08281f0fc8c1f4e2738481665b826615440f0bd2fffb0fcc45ec27c7a9e0,2026-09-02T16:40:54+00:00
2026-07-31,VLO,2003Q2,FMP,REVENUE_USD,8844000000.0,D:\Programming\python_example\Arcana\data-lake\bronze\consensus\fmp\analyst-estimates\period=quarter\snapshot_date=2026-07-31\ticker=VLO.json,de5a08281f0fc8c1f4e2738481665b826615440f0bd2fffb0fcc45ec27c7a9e0,2026-09-02T16:40:54+00:00
2026-07-31,VLO,2003Q1,FMP,REVENUE_USD,8417605263.0,D:\Programming\python_example\Arcana\data-lake\bronze\consensus\fmp\analyst-estimates\period=quarter\snapshot_date=2026-07-31\ticker=VLO.json,de5a08281f0fc8c1f4e2738481665b826615440f0bd2fffb0fcc45ec27c7a9e0,2026-09-02T16:40:54+00:00
2026-07-31,VLO,2002Q4,FMP,REVENUE_USD,7208622222.0,D:\Programming\python_example\Arcana\data-lake\bronze\consensus\fmp\analyst-estimates\period=quarter\snapshot_date=2026-07-31\ticker=VLO.json,de5a08281f0fc8c1f4e2738481665b826615440f0bd2fffb0fcc45ec27c7a9e0,2026-09-02T16:40:54+00:00
2026-07-31,VLO,2002Q3,FMP,REVENUE_USD,6959142857.0,D:\Programming\python_example\Arcana\data-lake\bronze\consensus\fmp\analyst-estimates\period=quarter\snapshot_date=2026-07-31\ticker=VLO.json,de5a08281f0fc8c1f4e2738481665b826615440f0bd2fffb0fcc45ec27c7a9e0,2026-09-02T16:40:54+00:00
2026-07-31,VLO,2002Q2,FMP,REVENUE_USD,7223000000.0,D:\Programming\python_example\Arcana\data-lake\bronze\consensus\fmp\analyst-estimates\period=quarter\snapshot_date=2026-07-31\ticker=VLO.json,de5a08281f0fc8c1f4e2738481665b826615440f0bd2fffb0fcc45ec27c7a9e0,2026-09-02T16:40:54+00:00
2026-07-31,VLO,2002Q1,FMP,REVENUE_USD,1242000000.0,D:\Programming\python_example\Arcana\data-lake\bronze\consensus\fmp\analyst-estimates\period=quarter\snapshot_date=2026-07-31\ticker=VLO.json,de5a08281f0fc8c1f4e2738481665b826615440f0bd2fffb0fcc45ec27c7a9e0,2026-09-02T16:40:54+00:00
2026-07-31,VLO,2001Q4,FMP,REVENUE_USD,2288967200.0,D:\Programming\python_example\Arcana\data-lake\bronze\consensus\fmp\analyst-estimates\period=quarter\snapshot_date=2026-07-31\ticker=VLO.json,de5a08281f0fc8c1f4e2738481665b826615440f0bd2fffb0fcc45ec27c7a9e0,2026-09-02T16:40:54+00:00
2026-07-31,VLO,2001Q3,FMP,REVENUE_USD,3087200000.0,D:\Programming\python_example\Arcana\data-lake\bronze\consensus\fmp\analyst-estimates\period=quarter\snapshot_date=2026-07-31\ticker=VLO.json,de5a08281f0fc8c1f4e2738481665b826615440f0bd2fffb0fcc45ec27c7a9e0,2026-09-02T16:40:54+00:00
2026-07-31,VLO,2001Q2,FMP,REVENUE_USD,3268141509.0,D:\Programming\python_example\Arcana\data-lake\bronze\consensus\fmp\analyst-estimates\period=quarter\snapshot_date=2026-07-31\ticker=VLO.json,de5a08281f0fc8c1f4e2738481665b826615440f0bd2fffb0fcc45ec27c7a9e0,2026-09-02T16:40:54+00:00
2026-07-31,VLO,2001Q1,FMP,REVENUE_USD,2773415094.0,D:\Programming\python_example\Arcana\data-lake\bronze\consensus\fmp\analyst-estimates\period=quarter\snapshot_date=2026-07-31\ticker=VLO.json,de5a08281f0fc8c1f4e2738481665b826615440f0bd2fffb0fcc45ec27c7a9e0,2026-09-02T16:40:54+00:00
2026-07-31,VLO,2000Q4,FMP,REVENUE_USD,3477209343.0,D:\Programming\python_example\Arcana\data-lake\bronze\consensus\fmp\analyst-estimates\period=quarter\snapshot_date=2026-07-31\ticker=VLO.json,de5a08281f0fc8c1f4e2738481665b826615440f0bd2fffb0fcc45ec27c7a9e0,2026-09-02T16:40:54+00:00
2026-07-31,VLO,2000Q3,FMP,REVENUE_USD,3484180000.0,D:\Programming\python_example\Arcana\data-lake\bronze\consensus\fmp\analyst-estimates\period=quarter\snapshot_date=2026-07-31\ticker=VLO.json,de5a08281f0fc8c1f4e2738481665b826615440f0bd2fffb0fcc45ec27c7a9e0,2026-09-02T16:40:54+00:00
2026-07-31,VLO,2000Q2,FMP,REVENUE_USD,3017947368.0,D:\Programming\python_example\Arcana\data-lake\bronze\consensus\fmp\analyst-estimates\period=quarter\snapshot_date=2026-07-31\ticker=VLO.json,de5a08281f0fc8c1f4e2738481665b826615440f0bd2fffb0fcc45ec27c7a9e0,2026-09-02T16:40:54+00:00
2026-07-31,VLO,2000Q1,FMP,REVENUE_USD,2510571428.0,D:\Programming\python_example\Arcana\data-lake\bronze\consensus\fmp\analyst-estimates\period=quarter\snapshot_date=2026-07-31\ticker=VLO.json,de5a08281f0fc8c1f4e2738481665b826615440f0bd2fffb0fcc45ec27c7a9e0,2026-09-02T16:40:54+00:00
2026-07-31,VLO,1999Q4,FMP,REVENUE_USD,2176102498.0,D:\Programming\python_example\Arcana\data-lake\bronze\consensus\fmp\analyst-estimates\period=quarter\snapshot_date=2026-07-31\ticker=VLO.json,de5a08281f0fc8c1f4e2738481665b826615440f0bd2fffb0fcc45ec27c7a9e0,2026-09-02T16:40:54+00:00
2026-07-31,VLO,1999Q3,FMP,REVENUE_USD,2162000000.0,D:\Programming\python_example\Arcana\data-lake\bronze\consensus\fmp\analyst-estimates\period=quarter\snapshot_date=2026-07-31\ticker=VLO.json,de5a08281f0fc8c1f4e2738481665b826615440f0bd2fffb0fcc45ec27c7a9e0,2026-09-02T16:40:54+00:00
2026-07-31,VLO,1999Q2,FMP,REVENUE_USD,1459200000.0,D:\Programming\python_example\Arcana\data-lake\bronze\consensus\fmp\analyst-estimates\period=quarter\snapshot_date=2026-07-31\ticker=VLO.json,de5a08281f0fc8c1f4e2738481665b826615440f0bd2fffb0fcc45ec27c7a9e0,2026-09-02T16:40:54+00:00
2026-07-31,VLO,1999Q1,FMP,REVENUE_USD,10696000000.0,D:\Programming\python_example\Arcana\data-lake\bronze\consensus\fmp\analyst-estimates\period=quarter\snapshot_date=2026-07-31\ticker=VLO.json,de5a08281f0fc8c1f4e2738481665b826615440f0bd2fffb0fcc45ec27c7a9e0,2026-09-02T16:40:54+00:00
2026-07-31,VLO,1998Q4,FMP,REVENUE_USD,1390000000.0,D:\Programming\python_example\Arcana\data-lake\bronze\consensus\fmp\analyst-estimates\period=quarter\snapshot_date=2026-07-31\ticker=VLO.json,de5a08281f0fc8c1f4e2738481665b826615440f0bd2fffb0fcc45ec27c7a9e0,2026-09-02T16:40:54+00:00
2026-07-31,VLO,1998Q3,FMP,REVENUE_USD,2678000000.0,D:\Programming\python_example\Arcana\data-lake\bronze\consensus\fmp\analyst-estimates\period=quarter\snapshot_date=2026-07-31\ticker=VLO.json,de5a08281f0fc8c1f4e2738481665b826615440f0bd2fffb0fcc45ec27c7a9e0,2026-09-02T16:40:54+00:00
2026-07-31,VLO,1998Q2,FMP,REVENUE_USD,1367555555.0,D:\Programming\python_example\Arcana\data-lake\bronze\consensus\fmp\analyst-estimates\period=quarter\snapshot_date=2026-07-31\ticker=VLO.json,de5a08281f0fc8c1f4e2738481665b826615440f0bd2fffb0fcc45ec27c7a9e0,2026-09-02T16:40:54+00:00
2026-07-31,VLO,1998Q1,FMP,REVENUE_USD,1362000000.0,D:\Programming\python_example\Arcana\data-lake\bronze\consensus\fmp\analyst-estimates\period=quarter\snapshot_date=2026-07-31\ticker=VLO.json,de5a08281f0fc8c1f4e2738481665b826615440f0bd2fffb0fcc45ec27c7a9e0,2026-09-02T16:40:54+00:00
2026-07-31,VLO,1997Q4,FMP,REVENUE_USD,1824114285.0,D:\Programming\python_example\Arcana\data-lake\bronze\consensus\fmp\analyst-estimates\period=quarter\snapshot_date=2026-07-31\ticker=VLO.json,de5a08281f0fc8c1f4e2738481665b826615440f0bd2fffb0fcc45ec27c7a9e0,2026-09-02T16:40:54+00:00
2026-07-31,VLO,1997Q3,FMP,REVENUE_USD,1976000000.0,D:\Programming\python_example\Arcana\data-lake\bronze\consensus\fmp\analyst-estimates\period=quarter\snapshot_date=2026-07-31\ticker=VLO.json,de5a08281f0fc8c1f4e2738481665b826615440f0bd2fffb0fcc45ec27c7a9e0,2026-09-02T16:40:54+00:00
2026-07-31,VLO,1997Q2,FMP,REVENUE_USD,1168285714.0,D:\Programming\python_example\Arcana\data-lake\bronze\consensus\fmp\analyst-estimates\period=quarter\snapshot_date=2026-07-31\ticker=VLO.json,de5a08281f0fc8c1f4e2738481665b826615440f0bd2fffb0fcc45ec27c7a9e0,2026-09-02T16:40:54+00:00
2026-07-31,VLO,1997Q1,FMP,REVENUE_USD,1729237500.0,D:\Programming\python_example\Arcana\data-lake\bronze\consensus\fmp\analyst-estimates\period=quarter\snapshot_date=2026-07-31\ticker=VLO.json,de5a08281f0fc8c1f4e2738481665b826615440f0bd2fffb0fcc45ec27c7a9e0,2026-09-02T16:40:54+00:00
2026-07-31,VLO,1996Q4,FMP,REVENUE_USD,1403762500.0,D:\Programming\python_example\Arcana\data-lake\bronze\consensus\fmp\analyst-estimates\period=quarter\snapshot_date=2026-07-31\ticker=VLO.json,de5a08281f0fc8c1f4e2738481665b826615440f0bd2fffb0fcc45ec27c7a9e0,2026-09-02T16:40:54+00:00
2026-07-31,MPC,2028Q4,FMP,REVENUE_USD,36320686496.0,D:\Programming\python_example\Arcana\data-lake\bronze\consensus\fmp\analyst-estimates\period=quarter\snapshot_date=2026-07-31\ticker=MPC.json,60c364fb78284d5768829786378f9bd160aaea24457abf15f9f693f0c858e0e2,2026-09-02T16:40:54+00:00
2026-07-31,MPC,2028Q3,FMP,REVENUE_USD,37070491333.0,D:\Programming\python_example\Arcana\data-lake\bronze\consensus\fmp\analyst-estimates\period=quarter\snapshot_date=2026-07-31\ticker=MPC.json,60c364fb78284d5768829786378f9bd160aaea24457abf15f9f693f0c858e0e2,2026-09-02T16:40:54+00:00
2026-07-31,MPC,2028Q2,FMP,REVENUE_USD,37648509301.0,D:\Programming\python_example\Arcana\data-lake\bronze\consensus\fmp\analyst-estimates\period=quarter\snapshot_date=2026-07-31\ticker=MPC.json,60c364fb78284d5768829786378f9bd160aaea24457abf15f9f693f0c858e0e2,2026-09-02T16:40:54+00:00
2026-07-31,MPC,2028Q1,FMP,REVENUE_USD,35716864601.0,D:\Programming\python_example\Arcana\data-lake\bronze\consensus\fmp\analyst-estimates\period=quarter\snapshot_date=2026-07-31\ticker=MPC.json,60c364fb78284d5768829786378f9bd160aaea24457abf15f9f693f0c858e0e2,2026-09-02T16:40:54+00:00
2026-07-31,MPC,2027Q4,FMP,REVENUE_USD,36481892808.0,D:\Programming\python_example\Arcana\data-lake\bronze\consensus\fmp\analyst-estimates\period=quarter\snapshot_date=2026-07-31\ticker=MPC.json,60c364fb78284d5768829786378f9bd160aaea24457abf15f9f693f0c858e0e2,2026-09-02T16:40:54+00:00
2026-07-31,MPC,2027Q3,FMP,REVENUE_USD,37786434634.0,D:\Programming\python_example\Arcana\data-lake\bronze\consensus\fmp\analyst-estimates\period=quarter\snapshot_date=2026-07-31\ticker=MPC.json,60c364fb78284d5768829786378f9bd160aaea24457abf15f9f693f0c858e0e2,2026-09-02T16:40:54+00:00
2026-07-31,MPC,2027Q2,FMP,REVENUE_USD,38379917727.0,D:\Programming\python_example\Arcana\data-lake\bronze\consensus\fmp\analyst-estimates\period=quarter\snapshot_date=2026-07-31\ticker=MPC.json,60c364fb78284d5768829786378f9bd160aaea24457abf15f9f693f0c858e0e2,2026-09-02T16:40:54+00:00
2026-07-31,MPC,2027Q1,FMP,REVENUE_USD,36076457879.0,D:\Programming\python_example\Arcana\data-lake\bronze\consensus\fmp\analyst-estimates\period=quarter\snapshot_date=2026-07-31\ticker=MPC.json,60c364fb78284d5768829786378f9bd160aaea24457abf15f9f693f0c858e0e2,2026-09-02T16:40:54+00:00
2026-07-31,MPC,2026Q4,FMP,REVENUE_USD,38290910946.0,D:\Programming\python_example\Arcana\data-lake\bronze\consensus\fmp\analyst-estimates\period=quarter\snapshot_date=2026-07-31\ticker=MPC.json,60c364fb78284d5768829786378f9bd160aaea24457abf15f9f693f0c858e0e2,2026-09-02T16:40:54+00:00
2026-07-31,MPC,2026Q3,FMP,REVENUE_USD,40708739247.0,D:\Programming\python_example\Arcana\data-lake\bronze\consensus\fmp\analyst-estimates\period=quarter\snapshot_date=2026-07-31\ticker=MPC.json,60c364fb78284d5768829786378f9bd160aaea24457abf15f9f693f0c858e0e2,2026-09-02T16:40:54+00:00
2026-07-31,MPC,2026Q2,FMP,REVENUE_USD,40865657701.0,D:\Programming\python_example\Arcana\data-lake\bronze\consensus\fmp\analyst-estimates\period=quarter\snapshot_date=2026-07-31\ticker=MPC.json,60c364fb78284d5768829786378f9bd160aaea24457abf15f9f693f0c858e0e2,2026-09-02T16:40:54+00:00
2026-07-31,MPC,2026Q1,FMP,REVENUE_USD,33419216919.0,D:\Programming\python_example\Arcana\data-lake\bronze\consensus\fmp\analyst-estimates\period=quarter\snapshot_date=2026-07-31\ticker=MPC.json,60c364fb78284d5768829786378f9bd160aaea24457abf15f9f693f0c858e0e2,2026-09-02T16:40:54+00:00
2026-07-31,MPC,2025Q4,FMP,REVENUE_USD,31084733107.0,D:\Programming\python_example\Arcana\data-lake\bronze\consensus\fmp\analyst-estimates\period=quarter\snapshot_date=2026-07-31\ticker=MPC.json,60c364fb78284d5768829786378f9bd160aaea24457abf15f9f693f0c858e0e2,2026-09-02T16:40:54+00:00
2026-07-31,MPC,2025Q3,FMP,REVENUE_USD,33453624857.0,D:\Programming\python_example\Arcana\data-lake\bronze\consensus\fmp\analyst-estimates\period=quarter\snapshot_date=2026-07-31\ticker=MPC.json,60c364fb78284d5768829786378f9bd160aaea24457abf15f9f693f0c858e0e2,2026-09-02T16:40:54+00:00
2026-07-31,MPC,2025Q2,FMP,REVENUE_USD,33321606730.0,D:\Programming\python_example\Arcana\data-lake\bronze\consensus\fmp\analyst-estimates\period=quarter\snapshot_date=2026-07-31\ticker=MPC.json,60c364fb78284d5768829786378f9bd160aaea24457abf15f9f693f0c858e0e2,2026-09-02T16:40:54+00:00
2026-07-31,MPC,2025Q1,FMP,REVENUE_USD,31869089406.0,D:\Programming\python_example\Arcana\data-lake\bronze\consensus\fmp\analyst-estimates\period=quarter\snapshot_date=2026-07-31\ticker=MPC.json,60c364fb78284d5768829786378f9bd160aaea24457abf15f9f693f0c858e0e2,2026-09-02T16:40:54+00:00
2026-07-31,MPC,2024Q4,FMP,REVENUE_USD,33140962219.0,D:\Programming\python_example\Arcana\data-lake\bronze\consensus\fmp\analyst-estimates\period=quarter\snapshot_date=2026-07-31\ticker=MPC.json,60c364fb78284d5768829786378f9bd160aaea24457abf15f9f693f0c858e0e2,2026-09-02T16:40:54+00:00
2026-07-31,MPC,2024Q3,FMP,REVENUE_USD,34342726082.0,D:\Programming\python_example\Arcana\data-lake\bronze\consensus\fmp\analyst-estimates\period=quarter\snapshot_date=2026-07-31\ticker=MPC.json,60c364fb78284d5768829786378f9bd160aaea24457abf15f9f693f0c858e0e2,2026-09-02T16:40:54+00:00
2026-07-31,MPC,2024Q2,FMP,REVENUE_USD,36655673911.0,D:\Programming\python_example\Arcana\data-lake\bronze\consensus\fmp\analyst-estimates\period=quarter\snapshot_date=2026-07-31\ticker=MPC.json,60c364fb78284d5768829786378f9bd160aaea24457abf15f9f693f0c858e0e2,2026-09-02T16:40:54+00:00
2026-07-31,MPC,2024Q1,FMP,REVENUE_USD,32071573397.0,D:\Programming\python_example\Arcana\data-lake\bronze\consensus\fmp\analyst-estimates\period=quarter\snapshot_date=2026-07-31\ticker=MPC.json,60c364fb78284d5768829786378f9bd160aaea24457abf15f9f693f0c858e0e2,2026-09-02T16:40:54+00:00
2026-07-31,MPC,2023Q4,FMP,REVENUE_USD,34903003204.0,D:\Programming\python_example\Arcana\data-lake\bronze\consensus\fmp\analyst-estimates\period=quarter\snapshot_date=2026-07-31\ticker=MPC.json,60c364fb78284d5768829786378f9bd160aaea24457abf15f9f693f0c858e0e2,2026-09-02T16:40:54+00:00
2026-07-31,MPC,2023Q3,FMP,REVENUE_USD,37665406234.0,D:\Programming\python_example\Arcana\data-lake\bronze\consensus\fmp\analyst-estimates\period=quarter\snapshot_date=2026-07-31\ticker=MPC.json,60c364fb78284d5768829786378f9bd160aaea24457abf15f9f693f0c858e0e2,2026-09-02T16:40:54+00:00
2026-07-31,MPC,2023Q2,FMP,REVENUE_USD,32604664866.0,D:\Programming\python_example\Arcana\data-lake\bronze\consensus\fmp\analyst-estimates\period=quarter\snapshot_date=2026-07-31\ticker=MPC.json,60c364fb78284d5768829786378f9bd160aaea24457abf15f9f693f0c858e0e2,2026-09-02T16:40:54+00:00
2026-07-31,MPC,2023Q1,FMP,REVENUE_USD,33180841246.0,D:\Programming\python_example\Arcana\data-lake\bronze\consensus\fmp\analyst-estimates\period=quarter\snapshot_date=2026-07-31\ticker=MPC.json,60c364fb78284d5768829786378f9bd160aaea24457abf15f9f693f0c858e0e2,2026-09-02T16:40:54+00:00
2026-07-31,MPC,2022Q4,FMP,REVENUE_USD,33925034667.0,D:\Programming\python_example\Arcana\data-lake\bronze\consensus\fmp\analyst-estimates\period=quarter\snapshot_date=2026-07-31\ticker=MPC.json,60c364fb78284d5768829786378f9bd160aaea24457abf15f9f693f0c858e0e2,2026-09-02T16:40:54+00:00
2026-07-31,MPC,2022Q3,FMP,REVENUE_USD,35849384000.0,D:\Programming\python_example\Arcana\data-lake\bronze\consensus\fmp\analyst-estimates\period=quarter\snapshot_date=2026-07-31\ticker=MPC.json,60c364fb78284d5768829786378f9bd160aaea24457abf15f9f693f0c858e0e2,2026-09-02T16:40:54+00:00
2026-07-31,MPC,2022Q2,FMP,REVENUE_USD,40342661400.0,D:\Programming\python_example\Arcana\data-lake\bronze\consensus\fmp\analyst-estimates\period=quarter\snapshot_date=2026-07-31\ticker=MPC.json,60c364fb78284d5768829786378f9bd160aaea24457abf15f9f693f0c858e0e2,2026-09-02T16:40:54+00:00
2026-07-31,MPC,2022Q1,FMP,REVENUE_USD,30825524750.0,D:\Programming\python_example\Arcana\data-lake\bronze\consensus\fmp\analyst-estimates\period=quarter\snapshot_date=2026-07-31\ticker=MPC.json,60c364fb78284d5768829786378f9bd160aaea24457abf15f9f693f0c858e0e2,2026-09-02T16:40:54+00:00
2026-07-31,MPC,2021Q4,FMP,REVENUE_USD,21163216000.0,D:\Programming\python_example\Arcana\data-lake\bronze\consensus\fmp\analyst-estimates\period=quarter\snapshot_date=2026-07-31\ticker=MPC.json,60c364fb78284d5768829786378f9bd160aaea24457abf15f9f693f0c858e0e2,2026-09-02T16:40:54+00:00
2026-07-31,MPC,2021Q3,FMP,REVENUE_USD,19484509500.0,D:\Programming\python_example\Arcana\data-lake\bronze\consensus\fmp\analyst-estimates\period=quarter\snapshot_date=2026-07-31\ticker=MPC.json,60c364fb78284d5768829786378f9bd160aaea24457abf15f9f693f0c858e0e2,2026-09-02T16:40:54+00:00
2026-07-31,MPC,2021Q2,FMP,REVENUE_USD,20910591000.0,D:\Programming\python_example\Arcana\data-lake\bronze\consensus\fmp\analyst-estimates\period=quarter\snapshot_date=2026-07-31\ticker=MPC.json,60c364fb78284d5768829786378f9bd160aaea24457abf15f9f693f0c858e0e2,2026-09-02T16:40:54+00:00
2026-07-31,MPC,2021Q1,FMP,REVENUE_USD,19353507000.0,D:\Programming\python_example\Arcana\data-lake\bronze\consensus\fmp\analyst-estimates\period=quarter\snapshot_date=2026-07-31\ticker=MPC.json,60c364fb78284d5768829786378f9bd160aaea24457abf15f9f693f0c858e0e2,2026-09-02T16:40:54+00:00
2026-07-31,MPC,2020Q4,FMP,REVENUE_USD,17885101500.0,D:\Programming\python_example\Arcana\data-lake\bronze\consensus\fmp\analyst-estimates\period=quarter\snapshot_date=2026-07-31\ticker=MPC.json,60c364fb78284d5768829786378f9bd160aaea24457abf15f9f693f0c858e0e2,2026-09-02T16:40:54+00:00
2026-07-31,MPC,2020Q3,FMP,REVENUE_USD,19750731200.0,D:\Programming\python_example\Arcana\data-lake\bronze\consensus\fmp\analyst-estimates\period=quarter\snapshot_date=2026-07-31\ticker=MPC.json,60c364fb78284d5768829786378f9bd160aaea24457abf15f9f693f0c858e0e2,2026-09-02T16:40:54+00:00
2026-07-31,MPC,2020Q2,FMP,REVENUE_USD,19711416500.0,D:\Programming\python_example\Arcana\data-lake\bronze\consensus\fmp\analyst-estimates\period=quarter\snapshot_date=2026-07-31\ticker=MPC.json,60c364fb78284d5768829786378f9bd160aaea24457abf15f9f693f0c858e0e2,2026-09-02T16:40:54+00:00
2026-07-31,MPC,2020Q1,FMP,REVENUE_USD,27100368000.0,D:\Programming\python_example\Arcana\data-lake\bronze\consensus\fmp\analyst-estimates\period=quarter\snapshot_date=2026-07-31\ticker=MPC.json,60c364fb78284d5768829786378f9bd160aaea24457abf15f9f693f0c858e0e2,2026-09-02T16:40:54+00:00
2026-07-31,MPC,2019Q4,FMP,REVENUE_USD,34620555750.0,D:\Programming\python_example\Arcana\data-lake\bronze\consensus\fmp\analyst-estimates\period=quarter\snapshot_date=2026-07-31\ticker=MPC.json,60c364fb78284d5768829786378f9bd160aaea24457abf15f9f693f0c858e0e2,2026-09-02T16:40:54+00:00
2026-07-31,MPC,2019Q3,FMP,REVENUE_USD,32736220600.0,D:\Programming\python_example\Arcana\data-lake\bronze\consensus\fmp\analyst-estimates\period=quarter\snapshot_date=2026-07-31\ticker=MPC.json,60c364fb78284d5768829786378f9bd160aaea24457abf15f9f693f0c858e0e2,2026-09-02T16:40:54+00:00
2026-07-31,MPC,2019Q2,FMP,REVENUE_USD,33342638712.0,D:\Programming\python_example\Arcana\data-lake\bronze\consensus\fmp\analyst-estimates\period=quarter\snapshot_date=2026-07-31\ticker=MPC.json,60c364fb78284d5768829786378f9bd160aaea24457abf15f9f693f0c858e0e2,2026-09-02T16:40:54+00:00
2026-07-31,MPC,2019Q1,FMP,REVENUE_USD,28927894678.0,D:\Programming\python_example\Arcana\data-lake\bronze\consensus\fmp\analyst-estimates\period=quarter\snapshot_date=2026-07-31\ticker=MPC.json,60c364fb78284d5768829786378f9bd160aaea24457abf15f9f693f0c858e0e2,2026-09-02T16:40:54+00:00
2026-07-31,MPC,2018Q4,FMP,REVENUE_USD,28546252252.0,D:\Programming\python_example\Arcana\data-lake\bronze\consensus\fmp\analyst-estimates\period=quarter\snapshot_date=2026-07-31\ticker=MPC.json,60c364fb78284d5768829786378f9bd160aaea24457abf15f9f693f0c858e0e2,2026-09-02T16:40:54+00:00
2026-07-31,MPC,2018Q3,FMP,REVENUE_USD,24123209876.0,D:\Programming\python_example\Arcana\data-lake\bronze\consensus\fmp\analyst-estimates\period=quarter\snapshot_date=2026-07-31\ticker=MPC.json,60c364fb78284d5768829786378f9bd160aaea24457abf15f9f693f0c858e0e2,2026-09-02T16:40:54+00:00
2026-07-31,MPC,2018Q2,FMP,REVENUE_USD,19957493392.0,D:\Programming\python_example\Arcana\data-lake\bronze\consensus\fmp\analyst-estimates\period=quarter\snapshot_date=2026-07-31\ticker=MPC.json,60c364fb78284d5768829786378f9bd160aaea24457abf15f9f693f0c858e0e2,2026-09-02T16:40:54+00:00
2026-07-31,MPC,2018Q1,FMP,REVENUE_USD,37732000000.0,D:\Programming\python_example\Arcana\data-lake\bronze\consensus\fmp\analyst-estimates\period=quarter\snapshot_date=2026-07-31\ticker=MPC.json,60c364fb78284d5768829786378f9bd160aaea24457abf15f9f693f0c858e0e2,2026-09-02T16:40:54+00:00
2026-07-31,MPC,2017Q4,FMP,REVENUE_USD,19419660194.0,D:\Programming\python_example\Arcana\data-lake\bronze\consensus\fmp\analyst-estimates\period=quarter\snapshot_date=2026-07-31\ticker=MPC.json,60c364fb78284d5768829786378f9bd160aaea24457abf15f9f693f0c858e0e2,2026-09-02T16:40:54+00:00
2026-07-31,MPC,2017Q3,FMP,REVENUE_USD,16171129943.0,D:\Programming\python_example\Arcana\data-lake\bronze\consensus\fmp\analyst-estimates\period=quarter\snapshot_date=2026-07-31\ticker=MPC.json,60c364fb78284d5768829786378f9bd160aaea24457abf15f9f693f0c858e0e2,2026-09-02T16:40:54+00:00
2026-07-31,MPC,2017Q2,FMP,REVENUE_USD,18886019417.0,D:\Programming\python_example\Arcana\data-lake\bronze\consensus\fmp\analyst-estimates\period=quarter\snapshot_date=2026-07-31\ticker=MPC.json,60c364fb78284d5768829786378f9bd160aaea24457abf15f9f693f0c858e0e2,2026-09-02T16:40:54+00:00
2026-07-31,MPC,2017Q1,FMP,REVENUE_USD,13573333333.0,D:\Programming\python_example\Arcana\data-lake\bronze\consensus\fmp\analyst-estimates\period=quarter\snapshot_date=2026-07-31\ticker=MPC.json,60c364fb78284d5768829786378f9bd160aaea24457abf15f9f693f0c858e0e2,2026-09-02T16:40:54+00:00
2026-07-31,MPC,2016Q4,FMP,REVENUE_USD,14697216344.0,D:\Programming\python_example\Arcana\data-lake\bronze\consensus\fmp\analyst-estimates\period=quarter\snapshot_date=2026-07-31\ticker=MPC.json,60c364fb78284d5768829786378f9bd160aaea24457abf15f9f693f0c858e0e2,2026-09-02T16:40:54+00:00
2026-07-31,MPC,2016Q3,FMP,REVENUE_USD,23207896551.0,D:\Programming\python_example\Arcana\data-lake\bronze\consensus\fmp\analyst-estimates\period=quarter\snapshot_date=2026-07-31\ticker=MPC.json,60c364fb78284d5768829786378f9bd160aaea24457abf15f9f693f0c858e0e2,2026-09-02T16:40:54+00:00
2026-07-31,MPC,2016Q2,FMP,REVENUE_USD,15239878504.0,D:\Programming\python_example\Arcana\data-lake\bronze\consensus\fmp\analyst-estimates\period=quarter\snapshot_date=2026-07-31\ticker=MPC.json,60c364fb78284d5768829786378f9bd160aaea24457abf15f9f693f0c858e0e2,2026-09-02T16:40:54+00:00
2026-07-31,MPC,2016Q1,FMP,REVENUE_USD,31887500000.0,D:\Programming\python_example\Arcana\data-lake\bronze\consensus\fmp\analyst-estimates\period=quarter\snapshot_date=2026-07-31\ticker=MPC.json,60c364fb78284d5768829786378f9bd160aaea24457abf15f9f693f0c858e0e2,2026-09-02T16:40:54+00:00
2026-07-31,MPC,2015Q4,FMP,REVENUE_USD,13631430379.0,D:\Programming\python_example\Arcana\data-lake\bronze\consensus\fmp\analyst-estimates\period=quarter\snapshot_date=2026-07-31\ticker=MPC.json,60c364fb78284d5768829786378f9bd160aaea24457abf15f9f693f0c858e0e2,2026-09-02T16:40:54+00:00
2026-07-31,MPC,2015Q3,FMP,REVENUE_USD,17558309278.0,D:\Programming\python_example\Arcana\data-lake\bronze\consensus\fmp\analyst-estimates\period=quarter\snapshot_date=2026-07-31\ticker=MPC.json,60c364fb78284d5768829786378f9bd160aaea24457abf15f9f693f0c858e0e2,2026-09-02T16:40:54+00:00
2026-07-31,MPC,2015Q2,FMP,REVENUE_USD,23937165562.0,D:\Programming\python_example\Arcana\data-lake\bronze\consensus\fmp\analyst-estimates\period=quarter\snapshot_date=2026-07-31\ticker=MPC.json,60c364fb78284d5768829786378f9bd160aaea24457abf15f9f693f0c858e0e2,2026-09-02T16:40:54+00:00
2026-07-31,MPC,2015Q1,FMP,REVENUE_USD,15280888888.0,D:\Programming\python_example\Arcana\data-lake\bronze\consensus\fmp\analyst-estimates\period=quarter\snapshot_date=2026-07-31\ticker=MPC.json,60c364fb78284d5768829786378f9bd160aaea24457abf15f9f693f0c858e0e2,2026-09-02T16:40:54+00:00
2026-07-31,MPC,2014Q4,FMP,REVENUE_USD,16161480973.0,D:\Programming\python_example\Arcana\data-lake\bronze\consensus\fmp\analyst-estimates\period=quarter\snapshot_date=2026-07-31\ticker=MPC.json,60c364fb78284d5768829786378f9bd160aaea24457abf15f9f693f0c858e0e2,2026-09-02T16:40:54+00:00
2026-07-31,MPC,2014Q3,FMP,REVENUE_USD,24575694915.0,D:\Programming\python_example\Arcana\data-lake\bronze\consensus\fmp\analyst-estimates\period=quarter\snapshot_date=2026-07-31\ticker=MPC.json,60c364fb78284d5768829786378f9bd160aaea24457abf15f9f693f0c858e0e2,2026-09-02T16:40:54+00:00
2026-07-31,MPC,2014Q2,FMP,REVENUE_USD,19407486486.0,D:\Programming\python_example\Arcana\data-lake\bronze\consensus\fmp\analyst-estimates\period=quarter\snapshot_date=2026-07-31\ticker=MPC.json,60c364fb78284d5768829786378f9bd160aaea24457abf15f9f693f0c858e0e2,2026-09-02T16:40:54+00:00
2026-07-31,MPC,2014Q1,FMP,REVENUE_USD,29532195121.0,D:\Programming\python_example\Arcana\data-lake\bronze\consensus\fmp\analyst-estimates\period=quarter\snapshot_date=2026-07-31\ticker=MPC.json,60c364fb78284d5768829786378f9bd160aaea24457abf15f9f693f0c858e0e2,2026-09-02T16:40:54+00:00
2026-07-31,MPC,2013Q4,FMP,REVENUE_USD,17529848921.0,D:\Programming\python_example\Arcana\data-lake\bronze\consensus\fmp\analyst-estimates\period=quarter\snapshot_date=2026-07-31\ticker=MPC.json,60c364fb78284d5768829786378f9bd160aaea24457abf15f9f693f0c858e0e2,2026-09-02T16:40:54+00:00
2026-07-31,MPC,2013Q3,FMP,REVENUE_USD,26256000000.0,D:\Programming\python_example\Arcana\data-lake\bronze\consensus\fmp\analyst-estimates\period=quarter\snapshot_date=2026-07-31\ticker=MPC.json,60c364fb78284d5768829786378f9bd160aaea24457abf15f9f693f0c858e0e2,2026-09-02T16:40:54+00:00
2026-07-31,MPC,2013Q2,FMP,REVENUE_USD,25152979591.0,D:\Programming\python_example\Arcana\data-lake\bronze\consensus\fmp\analyst-estimates\period=quarter\snapshot_date=2026-07-31\ticker=MPC.json,60c364fb78284d5768829786378f9bd160aaea24457abf15f9f693f0c858e0e2,2026-09-02T16:40:54+00:00
2026-07-31,MPC,2013Q1,FMP,REVENUE_USD,23115963302.0,D:\Programming\python_example\Arcana\data-lake\bronze\consensus\fmp\analyst-estimates\period=quarter\snapshot_date=2026-07-31\ticker=MPC.json,60c364fb78284d5768829786378f9bd160aaea24457abf15f9f693f0c858e0e2,2026-09-02T16:40:54+00:00
2026-07-31,MPC,2012Q4,FMP,REVENUE_USD,19030088495.0,D:\Programming\python_example\Arcana\data-lake\bronze\consensus\fmp\analyst-estimates\period=quarter\snapshot_date=2026-07-31\ticker=MPC.json,60c364fb78284d5768829786378f9bd160aaea24457abf15f9f693f0c858e0e2,2026-09-02T16:40:54+00:00
2026-07-31,MPC,2012Q3,FMP,REVENUE_USD,20730144578.0,D:\Programming\python_example\Arcana\data-lake\bronze\consensus\fmp\analyst-estimates\period=quarter\snapshot_date=2026-07-31\ticker=MPC.json,60c364fb78284d5768829786378f9bd160aaea24457abf15f9f693f0c858e0e2,2026-09-02T16:40:54+00:00
2026-07-31,MPC,2012Q2,FMP,REVENUE_USD,20087301587.0,D:\Programming\python_example\Arcana\data-lake\bronze\consensus\fmp\analyst-estimates\period=quarter\snapshot_date=2026-07-31\ticker=MPC.json,60c364fb78284d5768829786378f9bd160aaea24457abf15f9f693f0c858e0e2,2026-09-02T16:40:54+00:00
2026-07-31,MPC,2012Q1,FMP,REVENUE_USD,15979894117.0,D:\Programming\python_example\Arcana\data-lake\bronze\consensus\fmp\analyst-estimates\period=quarter\snapshot_date=2026-07-31\ticker=MPC.json,60c364fb78284d5768829786378f9bd160aaea24457abf15f9f693f0c858e0e2,2026-09-02T16:40:54+00:00
2026-07-31,MPC,2011Q4,FMP,REVENUE_USD,5829600000.0,D:\Programming\python_example\Arcana\data-lake\bronze\consensus\fmp\analyst-estimates\period=quarter\snapshot_date=2026-07-31\ticker=MPC.json,60c364fb78284d5768829786378f9bd160aaea24457abf15f9f693f0c858e0e2,2026-09-02T16:40:54+00:00
2026-07-31,MPC,2011Q3,FMP,REVENUE_USD,16850012658.0,D:\Programming\python_example\Arcana\data-lake\bronze\consensus\fmp\analyst-estimates\period=quarter\snapshot_date=2026-07-31\ticker=MPC.json,60c364fb78284d5768829786378f9bd160aaea24457abf15f9f693f0c858e0e2,2026-09-02T16:40:54+00:00
2026-07-31,MPC,2011Q2,FMP,REVENUE_USD,17705617391.0,D:\Programming\python_example\Arcana\data-lake\bronze\consensus\fmp\analyst-estimates\period=quarter\snapshot_date=2026-07-31\ticker=MPC.json,60c364fb78284d5768829786378f9bd160aaea24457abf15f9f693f0c858e0e2,2026-09-02T16:40:54+00:00
2026-07-31,PSX,2028Q4,FMP,REVENUE_USD,40400407773.0,D:\Programming\python_example\Arcana\data-lake\bronze\consensus\fmp\analyst-estimates\period=quarter\snapshot_date=2026-07-31\ticker=PSX.json,ea20a100c9acbb1de5707b598ac17c671b68e78a4809715184a11a250dc59511,2026-09-02T16:40:54+00:00
2026-07-31,PSX,2028Q3,FMP,REVENUE_USD,40171884998.0,D:\Programming\python_example\Arcana\data-lake\bronze\consensus\fmp\analyst-estimates\period=quarter\snapshot_date=2026-07-31\ticker=PSX.json,ea20a100c9acbb1de5707b598ac17c671b68e78a4809715184a11a250dc59511,2026-09-02T16:40:54+00:00
2026-07-31,PSX,2028Q2,FMP,REVENUE_USD,40049945548.0,D:\Programming\python_example\Arcana\data-lake\bronze\consensus\fmp\analyst-estimates\period=quarter\snapshot_date=2026-07-31\ticker=PSX.json,ea20a100c9acbb1de5707b598ac17c671b68e78a4809715184a11a250dc59511,2026-09-02T16:40:54+00:00
2026-07-31,PSX,2028Q1,FMP,REVENUE_USD,38536725122.0,D:\Programming\python_example\Arcana\data-lake\bronze\consensus\fmp\analyst-estimates\period=quarter\snapshot_date=2026-07-31\ticker=PSX.json,ea20a100c9acbb1de5707b598ac17c671b68e78a4809715184a11a250dc59511,2026-09-02T16:40:54+00:00
2026-07-31,PSX,2027Q4,FMP,REVENUE_USD,36534329886.0,D:\Programming\python_example\Arcana\data-lake\bronze\consensus\fmp\analyst-estimates\period=quarter\snapshot_date=2026-07-31\ticker=PSX.json,ea20a100c9acbb1de5707b598ac17c671b68e78a4809715184a11a250dc59511,2026-09-02T16:40:54+00:00
2026-07-31,PSX,2027Q3,FMP,REVENUE_USD,36703296649.0,D:\Programming\python_example\Arcana\data-lake\bronze\consensus\fmp\analyst-estimates\period=quarter\snapshot_date=2026-07-31\ticker=PSX.json,ea20a100c9acbb1de5707b598ac17c671b68e78a4809715184a11a250dc59511,2026-09-02T16:40:54+00:00
2026-07-31,PSX,2027Q2,FMP,REVENUE_USD,36632796649.0,D:\Programming\python_example\Arcana\data-lake\bronze\consensus\fmp\analyst-estimates\period=quarter\snapshot_date=2026-07-31\ticker=PSX.json,ea20a100c9acbb1de5707b598ac17c671b68e78a4809715184a11a250dc59511,2026-09-02T16:40:54+00:00
2026-07-31,PSX,2027Q1,FMP,REVENUE_USD,33881505089.0,D:\Programming\python_example\Arcana\data-lake\bronze\consensus\fmp\analyst-estimates\period=quarter\snapshot_date=2026-07-31\ticker=PSX.json,ea20a100c9acbb1de5707b598ac17c671b68e78a4809715184a11a250dc59511,2026-09-02T16:40:54+00:00
2026-07-31,PSX,2026Q4,FMP,REVENUE_USD,37649733289.0,D:\Programming\python_example\Arcana\data-lake\bronze\consensus\fmp\analyst-estimates\period=quarter\snapshot_date=2026-07-31\ticker=PSX.json,ea20a100c9acbb1de5707b598ac17c671b68e78a4809715184a11a250dc59511,2026-09-02T16:40:54+00:00
2026-07-31,PSX,2026Q3,FMP,REVENUE_USD,39595361673.0,D:\Programming\python_example\Arcana\data-lake\bronze\consensus\fmp\analyst-estimates\period=quarter\snapshot_date=2026-07-31\ticker=PSX.json,ea20a100c9acbb1de5707b598ac17c671b68e78a4809715184a11a250dc59511,2026-09-02T16:40:54+00:00
2026-07-31,PSX,2026Q2,FMP,REVENUE_USD,43597335313.0,D:\Programming\python_example\Arcana\data-lake\bronze\consensus\fmp\analyst-estimates\period=quarter\snapshot_date=2026-07-31\ticker=PSX.json,ea20a100c9acbb1de5707b598ac17c671b68e78a4809715184a11a250dc59511,2026-09-02T16:40:54+00:00
2026-07-31,PSX,2026Q1,FMP,REVENUE_USD,35861482817.0,D:\Programming\python_example\Arcana\data-lake\bronze\consensus\fmp\analyst-estimates\period=quarter\snapshot_date=2026-07-31\ticker=PSX.json,ea20a100c9acbb1de5707b598ac17c671b68e78a4809715184a11a250dc59511,2026-09-02T16:40:54+00:00
2026-07-31,PSX,2025Q4,FMP,REVENUE_USD,33857595498.0,D:\Programming\python_example\Arcana\data-lake\bronze\consensus\fmp\analyst-estimates\period=quarter\snapshot_date=2026-07-31\ticker=PSX.json,ea20a100c9acbb1de5707b598ac17c671b68e78a4809715184a11a250dc59511,2026-09-02T16:40:54+00:00
2026-07-31,PSX,2025Q3,FMP,REVENUE_USD,33543885517.0,D:\Programming\python_example\Arcana\data-lake\bronze\consensus\fmp\analyst-estimates\period=quarter\snapshot_date=2026-07-31\ticker=PSX.json,ea20a100c9acbb1de5707b598ac17c671b68e78a4809715184a11a250dc59511,2026-09-02T16:40:54+00:00
2026-07-31,PSX,2025Q2,FMP,REVENUE_USD,33281074657.0,D:\Programming\python_example\Arcana\data-lake\bronze\consensus\fmp\analyst-estimates\period=quarter\snapshot_date=2026-07-31\ticker=PSX.json,ea20a100c9acbb1de5707b598ac17c671b68e78a4809715184a11a250dc59511,2026-09-02T16:40:54+00:00
2026-07-31,PSX,2025Q1,FMP,REVENUE_USD,31696682366.0,D:\Programming\python_example\Arcana\data-lake\bronze\consensus\fmp\analyst-estimates\period=quarter\snapshot_date=2026-07-31\ticker=PSX.json,ea20a100c9acbb1de5707b598ac17c671b68e78a4809715184a11a250dc59511,2026-09-02T16:40:54+00:00
2026-07-31,PSX,2024Q4,FMP,REVENUE_USD,34324673608.0,D:\Programming\python_example\Arcana\data-lake\bronze\consensus\fmp\analyst-estimates\period=quarter\snapshot_date=2026-07-31\ticker=PSX.json,ea20a100c9acbb1de5707b598ac17c671b68e78a4809715184a11a250dc59511,2026-09-02T16:40:54+00:00
2026-07-31,PSX,2024Q3,FMP,REVENUE_USD,36994848324.0,D:\Programming\python_example\Arcana\data-lake\bronze\consensus\fmp\analyst-estimates\period=quarter\snapshot_date=2026-07-31\ticker=PSX.json,ea20a100c9acbb1de5707b598ac17c671b68e78a4809715184a11a250dc59511,2026-09-02T16:40:54+00:00
2026-07-31,PSX,2024Q2,FMP,REVENUE_USD,37785679331.0,D:\Programming\python_example\Arcana\data-lake\bronze\consensus\fmp\analyst-estimates\period=quarter\snapshot_date=2026-07-31\ticker=PSX.json,ea20a100c9acbb1de5707b598ac17c671b68e78a4809715184a11a250dc59511,2026-09-02T16:40:54+00:00
2026-07-31,PSX,2024Q1,FMP,REVENUE_USD,35871694541.0,D:\Programming\python_example\Arcana\data-lake\bronze\consensus\fmp\analyst-estimates\period=quarter\snapshot_date=2026-07-31\ticker=PSX.json,ea20a100c9acbb1de5707b598ac17c671b68e78a4809715184a11a250dc59511,2026-09-02T16:40:54+00:00
2026-07-31,PSX,2023Q4,FMP,REVENUE_USD,38885156200.0,D:\Programming\python_example\Arcana\data-lake\bronze\consensus\fmp\analyst-estimates\period=quarter\snapshot_date=2026-07-31\ticker=PSX.json,ea20a100c9acbb1de5707b598ac17c671b68e78a4809715184a11a250dc59511,2026-09-02T16:40:54+00:00
2026-07-31,PSX,2023Q3,FMP,REVENUE_USD,41220740886.0,D:\Programming\python_example\Arcana\data-lake\bronze\consensus\fmp\analyst-estimates\period=quarter\snapshot_date=2026-07-31\ticker=PSX.json,ea20a100c9acbb1de5707b598ac17c671b68e78a4809715184a11a250dc59511,2026-09-02T16:40:54+00:00
2026-07-31,PSX,2023Q2,FMP,REVENUE_USD,37656049929.0,D:\Programming\python_example\Arcana\data-lake\bronze\consensus\fmp\analyst-estimates\period=quarter\snapshot_date=2026-07-31\ticker=PSX.json,ea20a100c9acbb1de5707b598ac17c671b68e78a4809715184a11a250dc59511,2026-09-02T16:40:54+00:00
2026-07-31,PSX,2023Q1,FMP,REVENUE_USD,37173632179.0,D:\Programming\python_example\Arcana\data-lake\bronze\consensus\fmp\analyst-estimates\period=quarter\snapshot_date=2026-07-31\ticker=PSX.json,ea20a100c9acbb1de5707b598ac17c671b68e78a4809715184a11a250dc59511,2026-09-02T16:40:54+00:00
2026-07-31,PSX,2022Q4,FMP,REVENUE_USD,39232108833.0,D:\Programming\python_example\Arcana\data-lake\bronze\consensus\fmp\analyst-estimates\period=quarter\snapshot_date=2026-07-31\ticker=PSX.json,ea20a100c9acbb1de5707b598ac17c671b68e78a4809715184a11a250dc59511,2026-09-02T16:40:54+00:00
2026-07-31,PSX,2022Q3,FMP,REVENUE_USD,39349524200.0,D:\Programming\python_example\Arcana\data-lake\bronze\consensus\fmp\analyst-estimates\period=quarter\snapshot_date=2026-07-31\ticker=PSX.json,ea20a100c9acbb1de5707b598ac17c671b68e78a4809715184a11a250dc59511,2026-09-02T16:40:54+00:00
2026-07-31,PSX,2022Q2,FMP,REVENUE_USD,43557907926.0,D:\Programming\python_example\Arcana\data-lake\bronze\consensus\fmp\analyst-estimates\period=quarter\snapshot_date=2026-07-31\ticker=PSX.json,ea20a100c9acbb1de5707b598ac17c671b68e78a4809715184a11a250dc59511,2026-09-02T16:40:54+00:00
2026-07-31,PSX,2022Q1,FMP,REVENUE_USD,36609758750.0,D:\Programming\python_example\Arcana\data-lake\bronze\consensus\fmp\analyst-estimates\period=quarter\snapshot_date=2026-07-31\ticker=PSX.json,ea20a100c9acbb1de5707b598ac17c671b68e78a4809715184a11a250dc59511,2026-09-02T16:40:54+00:00
2026-07-31,PSX,2021Q4,FMP,REVENUE_USD,28558225200.0,D:\Programming\python_example\Arcana\data-lake\bronze\consensus\fmp\analyst-estimates\period=quarter\snapshot_date=2026-07-31\ticker=PSX.json,ea20a100c9acbb1de5707b598ac17c671b68e78a4809715184a11a250dc59511,2026-09-02T16:40:54+00:00
2026-07-31,PSX,2021Q3,FMP,REVENUE_USD,27083462500.0,D:\Programming\python_example\Arcana\data-lake\bronze\consensus\fmp\analyst-estimates\period=quarter\snapshot_date=2026-07-31\ticker=PSX.json,ea20a100c9acbb1de5707b598ac17c671b68e78a4809715184a11a250dc59511,2026-09-02T16:40:54+00:00
2026-07-31,PSX,2021Q2,FMP,REVENUE_USD,22875975000.0,D:\Programming\python_example\Arcana\data-lake\bronze\consensus\fmp\analyst-estimates\period=quarter\snapshot_date=2026-07-31\ticker=PSX.json,ea20a100c9acbb1de5707b598ac17c671b68e78a4809715184a11a250dc59511,2026-09-02T16:40:54+00:00
2026-07-31,PSX,2021Q1,FMP,REVENUE_USD,18565533333.0,D:\Programming\python_example\Arcana\data-lake\bronze\consensus\fmp\analyst-estimates\period=quarter\snapshot_date=2026-07-31\ticker=PSX.json,ea20a100c9acbb1de5707b598ac17c671b68e78a4809715184a11a250dc59511,2026-09-02T16:40:54+00:00
2026-07-31,PSX,2020Q4,FMP,REVENUE_USD,16108883250.0,D:\Programming\python_example\Arcana\data-lake\bronze\consensus\fmp\analyst-estimates\period=quarter\snapshot_date=2026-07-31\ticker=PSX.json,ea20a100c9acbb1de5707b598ac17c671b68e78a4809715184a11a250dc59511,2026-09-02T16:40:54+00:00
2026-07-31,PSX,2020Q3,FMP,REVENUE_USD,17035728400.0,D:\Programming\python_example\Arcana\data-lake\bronze\consensus\fmp\analyst-estimates\period=quarter\snapshot_date=2026-07-31\ticker=PSX.json,ea20a100c9acbb1de5707b598ac17c671b68e78a4809715184a11a250dc59511,2026-09-02T16:40:54+00:00
2026-07-31,PSX,2020Q2,FMP,REVENUE_USD,14354005000.0,D:\Programming\python_example\Arcana\data-lake\bronze\consensus\fmp\analyst-estimates\period=quarter\snapshot_date=2026-07-31\ticker=PSX.json,ea20a100c9acbb1de5707b598ac17c671b68e78a4809715184a11a250dc59511,2026-09-02T16:40:54+00:00
2026-07-31,PSX,2020Q1,FMP,REVENUE_USD,19324553750.0,D:\Programming\python_example\Arcana\data-lake\bronze\consensus\fmp\analyst-estimates\period=quarter\snapshot_date=2026-07-31\ticker=PSX.json,ea20a100c9acbb1de5707b598ac17c671b68e78a4809715184a11a250dc59511,2026-09-02T16:40:54+00:00
2026-07-31,PSX,2019Q4,FMP,REVENUE_USD,27360501000.0,D:\Programming\python_example\Arcana\data-lake\bronze\consensus\fmp\analyst-estimates\period=quarter\snapshot_date=2026-07-31\ticker=PSX.json,ea20a100c9acbb1de5707b598ac17c671b68e78a4809715184a11a250dc59511,2026-09-02T16:40:54+00:00
2026-07-31,PSX,2019Q3,FMP,REVENUE_USD,27765376200.0,D:\Programming\python_example\Arcana\data-lake\bronze\consensus\fmp\analyst-estimates\period=quarter\snapshot_date=2026-07-31\ticker=PSX.json,ea20a100c9acbb1de5707b598ac17c671b68e78a4809715184a11a250dc59511,2026-09-02T16:40:54+00:00
2026-07-31,PSX,2019Q2,FMP,REVENUE_USD,29148811800.0,D:\Programming\python_example\Arcana\data-lake\bronze\consensus\fmp\analyst-estimates\period=quarter\snapshot_date=2026-07-31\ticker=PSX.json,ea20a100c9acbb1de5707b598ac17c671b68e78a4809715184a11a250dc59511,2026-09-02T16:40:54+00:00
2026-07-31,PSX,2019Q1,FMP,REVENUE_USD,24744222800.0,D:\Programming\python_example\Arcana\data-lake\bronze\consensus\fmp\analyst-estimates\period=quarter\snapshot_date=2026-07-31\ticker=PSX.json,ea20a100c9acbb1de5707b598ac17c671b68e78a4809715184a11a250dc59511,2026-09-02T16:40:54+00:00
2026-07-31,PSX,2018Q4,FMP,REVENUE_USD,17725624229.0,D:\Programming\python_example\Arcana\data-lake\bronze\consensus\fmp\analyst-estimates\period=quarter\snapshot_date=2026-07-31\ticker=PSX.json,ea20a100c9acbb1de5707b598ac17c671b68e78a4809715184a11a250dc59511,2026-09-02T16:40:54+00:00
2026-07-31,PSX,2018Q3,FMP,REVENUE_USD,23908800000.0,D:\Programming\python_example\Arcana\data-lake\bronze\consensus\fmp\analyst-estimates\period=quarter\snapshot_date=2026-07-31\ticker=PSX.json,ea20a100c9acbb1de5707b598ac17c671b68e78a4809715184a11a250dc59511,2026-09-02T16:40:54+00:00
2026-07-31,PSX,2018Q2,FMP,REVENUE_USD,22773653571.0,D:\Programming\python_example\Arcana\data-lake\bronze\consensus\fmp\analyst-estimates\period=quarter\snapshot_date=2026-07-31\ticker=PSX.json,ea20a100c9acbb1de5707b598ac17c671b68e78a4809715184a11a250dc59511,2026-09-02T16:40:54+00:00
2026-07-31,PSX,2018Q1,FMP,REVENUE_USD,20185028846.0,D:\Programming\python_example\Arcana\data-lake\bronze\consensus\fmp\analyst-estimates\period=quarter\snapshot_date=2026-07-31\ticker=PSX.json,ea20a100c9acbb1de5707b598ac17c671b68e78a4809715184a11a250dc59511,2026-09-02T16:40:54+00:00
2026-07-31,PSX,2017Q4,FMP,REVENUE_USD,24025345794.0,D:\Programming\python_example\Arcana\data-lake\bronze\consensus\fmp\analyst-estimates\period=quarter\snapshot_date=2026-07-31\ticker=PSX.json,ea20a100c9acbb1de5707b598ac17c671b68e78a4809715184a11a250dc59511,2026-09-02T16:40:54+00:00
2026-07-31,PSX,2017Q3,FMP,REVENUE_USD,24479704819.0,D:\Programming\python_example\Arcana\data-lake\bronze\consensus\fmp\analyst-estimates\period=quarter\snapshot_date=2026-07-31\ticker=PSX.json,ea20a100c9acbb1de5707b598ac17c671b68e78a4809715184a11a250dc59511,2026-09-02T16:40:54+00:00
2026-07-31,PSX,2017Q2,FMP,REVENUE_USD,22238532110.0,D:\Programming\python_example\Arcana\data-lake\bronze\consensus\fmp\analyst-estimates\period=quarter\snapshot_date=2026-07-31\ticker=PSX.json,ea20a100c9acbb1de5707b598ac17c671b68e78a4809715184a11a250dc59511,2026-09-02T16:40:54+00:00
2026-07-31,PSX,2017Q1,FMP,REVENUE_USD,2038035714.0,D:\Programming\python_example\Arcana\data-lake\bronze\consensus\fmp\analyst-estimates\period=quarter\snapshot_date=2026-07-31\ticker=PSX.json,ea20a100c9acbb1de5707b598ac17c671b68e78a4809715184a11a250dc59511,2026-09-02T16:40:54+00:00
2026-07-31,PSX,2016Q4,FMP,REVENUE_USD,58935000000.0,D:\Programming\python_example\Arcana\data-lake\bronze\consensus\fmp\analyst-estimates\period=quarter\snapshot_date=2026-07-31\ticker=PSX.json,ea20a100c9acbb1de5707b598ac17c671b68e78a4809715184a11a250dc59511,2026-09-02T16:40:54+00:00
2026-07-31,PSX,2016Q3,FMP,REVENUE_USD,18128000000.0,D:\Programming\python_example\Arcana\data-lake\bronze\consensus\fmp\analyst-estimates\period=quarter\snapshot_date=2026-07-31\ticker=PSX.json,ea20a100c9acbb1de5707b598ac17c671b68e78a4809715184a11a250dc59511,2026-09-02T16:40:54+00:00
2026-07-31,PSX,2016Q2,FMP,REVENUE_USD,21796627659.0,D:\Programming\python_example\Arcana\data-lake\bronze\consensus\fmp\analyst-estimates\period=quarter\snapshot_date=2026-07-31\ticker=PSX.json,ea20a100c9acbb1de5707b598ac17c671b68e78a4809715184a11a250dc59511,2026-09-02T16:40:54+00:00
2026-07-31,PSX,2016Q1,FMP,REVENUE_USD,22717388059.0,D:\Programming\python_example\Arcana\data-lake\bronze\consensus\fmp\analyst-estimates\period=quarter\snapshot_date=2026-07-31\ticker=PSX.json,ea20a100c9acbb1de5707b598ac17c671b68e78a4809715184a11a250dc59511,2026-09-02T16:40:54+00:00
2026-07-31,PSX,2015Q4,FMP,REVENUE_USD,20890267175.0,D:\Programming\python_example\Arcana\data-lake\bronze\consensus\fmp\analyst-estimates\period=quarter\snapshot_date=2026-07-31\ticker=PSX.json,ea20a100c9acbb1de5707b598ac17c671b68e78a4809715184a11a250dc59511,2026-09-02T16:40:54+00:00
2026-07-31,PSX,2015Q3,FMP,REVENUE_USD,19130490066.0,D:\Programming\python_example\Arcana\data-lake\bronze\consensus\fmp\analyst-estimates\period=quarter\snapshot_date=2026-07-31\ticker=PSX.json,ea20a100c9acbb1de5707b598ac17c671b68e78a4809715184a11a250dc59511,2026-09-02T16:40:54+00:00
2026-07-31,PSX,2015Q2,FMP,REVENUE_USD,28200393442.0,D:\Programming\python_example\Arcana\data-lake\bronze\consensus\fmp\analyst-estimates\period=quarter\snapshot_date=2026-07-31\ticker=PSX.json,ea20a100c9acbb1de5707b598ac17c671b68e78a4809715184a11a250dc59511,2026-09-02T16:40:54+00:00
2026-07-31,PSX,2015Q1,FMP,REVENUE_USD,21571218543.0,D:\Programming\python_example\Arcana\data-lake\bronze\consensus\fmp\analyst-estimates\period=quarter\snapshot_date=2026-07-31\ticker=PSX.json,ea20a100c9acbb1de5707b598ac17c671b68e78a4809715184a11a250dc59511,2026-09-02T16:40:54+00:00
2026-07-31,PSX,2014Q4,FMP,REVENUE_USD,29386079754.0,D:\Programming\python_example\Arcana\data-lake\bronze\consensus\fmp\analyst-estimates\period=quarter\snapshot_date=2026-07-31\ticker=PSX.json,ea20a100c9acbb1de5707b598ac17c671b68e78a4809715184a11a250dc59511,2026-09-02T16:40:54+00:00
2026-07-31,PSX,2014Q3,FMP,REVENUE_USD,35014727722.0,D:\Programming\python_example\Arcana\data-lake\bronze\consensus\fmp\analyst-estimates\period=quarter\snapshot_date=2026-07-31\ticker=PSX.json,ea20a100c9acbb1de5707b598ac17c671b68e78a4809715184a11a250dc59511,2026-09-02T16:40:54+00:00
2026-07-31,PSX,2014Q2,FMP,REVENUE_USD,51280331125.0,D:\Programming\python_example\Arcana\data-lake\bronze\consensus\fmp\analyst-estimates\period=quarter\snapshot_date=2026-07-31\ticker=PSX.json,ea20a100c9acbb1de5707b598ac17c671b68e78a4809715184a11a250dc59511,2026-09-02T16:40:54+00:00
2026-07-31,PSX,2014Q1,FMP,REVENUE_USD,36720557823.0,D:\Programming\python_example\Arcana\data-lake\bronze\consensus\fmp\analyst-estimates\period=quarter\snapshot_date=2026-07-31\ticker=PSX.json,ea20a100c9acbb1de5707b598ac17c671b68e78a4809715184a11a250dc59511,2026-09-02T16:40:54+00:00
2026-07-31,PSX,2013Q4,FMP,REVENUE_USD,35209850746.0,D:\Programming\python_example\Arcana\data-lake\bronze\consensus\fmp\analyst-estimates\period=quarter\snapshot_date=2026-07-31\ticker=PSX.json,ea20a100c9acbb1de5707b598ac17c671b68e78a4809715184a11a250dc59511,2026-09-02T16:40:54+00:00
2026-07-31,PSX,2013Q3,FMP,REVENUE_USD,47697977011.0,D:\Programming\python_example\Arcana\data-lake\bronze\consensus\fmp\analyst-estimates\period=quarter\snapshot_date=2026-07-31\ticker=PSX.json,ea20a100c9acbb1de5707b598ac17c671b68e78a4809715184a11a250dc59511,2026-09-02T16:40:54+00:00
2026-07-31,PSX,2013Q2,FMP,REVENUE_USD,52691800000.0,D:\Programming\python_example\Arcana\data-lake\bronze\consensus\fmp\analyst-estimates\period=quarter\snapshot_date=2026-07-31\ticker=PSX.json,ea20a100c9acbb1de5707b598ac17c671b68e78a4809715184a11a250dc59511,2026-09-02T16:40:54+00:00
2026-07-31,PSX,2013Q1,FMP,REVENUE_USD,35565657534.0,D:\Programming\python_example\Arcana\data-lake\bronze\consensus\fmp\analyst-estimates\period=quarter\snapshot_date=2026-07-31\ticker=PSX.json,ea20a100c9acbb1de5707b598ac17c671b68e78a4809715184a11a250dc59511,2026-09-02T16:40:54+00:00
2026-07-31,PSX,2012Q4,FMP,REVENUE_USD,35732621359.0,D:\Programming\python_example\Arcana\data-lake\bronze\consensus\fmp\analyst-estimates\period=quarter\snapshot_date=2026-07-31\ticker=PSX.json,ea20a100c9acbb1de5707b598ac17c671b68e78a4809715184a11a250dc59511,2026-09-02T16:40:54+00:00
2026-07-31,PSX,2012Q3,FMP,REVENUE_USD,33980050505.0,D:\Programming\python_example\Arcana\data-lake\bronze\consensus\fmp\analyst-estimates\period=quarter\snapshot_date=2026-07-31\ticker=PSX.json,ea20a100c9acbb1de5707b598ac17c671b68e78a4809715184a11a250dc59511,2026-09-02T16:40:54+00:00
2026-07-31,PSX,2012Q2,FMP,REVENUE_USD,37313748878.0,D:\Programming\python_example\Arcana\data-lake\bronze\consensus\fmp\analyst-estimates\period=quarter\snapshot_date=2026-07-31\ticker=PSX.json,ea20a100c9acbb1de5707b598ac17c671b68e78a4809715184a11a250dc59511,2026-09-02T16:40:54+00:00
2026-07-31,PSX,2012Q1,FMP,REVENUE_USD,44888235294.0,D:\Programming\python_example\Arcana\data-lake\bronze\consensus\fmp\analyst-estimates\period=quarter\snapshot_date=2026-07-31\ticker=PSX.json,ea20a100c9acbb1de5707b598ac17c671b68e78a4809715184a11a250dc59511,2026-09-02T16:40:54+00:00
2026-07-31,KMI,2030Q4,FMP,REVENUE_USD,4905558794.0,D:\Programming\python_example\Arcana\data-lake\bronze\consensus\fmp\analyst-estimates\period=quarter\snapshot_date=2026-07-31\ticker=KMI.json,e35832c18c13fca4460bfcd7fbcdebc0cb50a2665f26f844c1dfbf469b4e82f6,2026-09-02T16:40:54+00:00
2026-07-31,KMI,2030Q3,FMP,REVENUE_USD,4880708299.0,D:\Programming\python_example\Arcana\data-lake\bronze\consensus\fmp\analyst-estimates\period=quarter\snapshot_date=2026-07-31\ticker=KMI.json,e35832c18c13fca4460bfcd7fbcdebc0cb50a2665f26f844c1dfbf469b4e82f6,2026-09-02T16:40:54+00:00
2026-07-31,KMI,2030Q2,FMP,REVENUE_USD,4855983692.0,D:\Programming\python_example\Arcana\data-lake\bronze\consensus\fmp\analyst-estimates\period=quarter\snapshot_date=2026-07-31\ticker=KMI.json,e35832c18c13fca4460bfcd7fbcdebc0cb50a2665f26f844c1dfbf469b4e82f6,2026-09-02T16:40:54+00:00
2026-07-31,KMI,2030Q1,FMP,REVENUE_USD,4831384333.0,D:\Programming\python_example\Arcana\data-lake\bronze\consensus\fmp\analyst-estimates\period=quarter\snapshot_date=2026-07-31\ticker=KMI.json,e35832c18c13fca4460bfcd7fbcdebc0cb50a2665f26f844c1dfbf469b4e82f6,2026-09-02T16:40:54+00:00
2026-07-31,KMI,2029Q4,FMP,REVENUE_USD,5314364500.0,D:\Programming\python_example\Arcana\data-lake\bronze\consensus\fmp\analyst-estimates\period=quarter\snapshot_date=2026-07-31\ticker=KMI.json,e35832c18c13fca4460bfcd7fbcdebc0cb50a2665f26f844c1dfbf469b4e82f6,2026-09-02T16:40:54+00:00
2026-07-31,KMI,2029Q3,FMP,REVENUE_USD,5103912000.0,D:\Programming\python_example\Arcana\data-lake\bronze\consensus\fmp\analyst-estimates\period=quarter\snapshot_date=2026-07-31\ticker=KMI.json,e35832c18c13fca4460bfcd7fbcdebc0cb50a2665f26f844c1dfbf469b4e82f6,2026-09-02T16:40:54+00:00
2026-07-31,KMI,2029Q2,FMP,REVENUE_USD,5102936700.0,D:\Programming\python_example\Arcana\data-lake\bronze\consensus\fmp\analyst-estimates\period=quarter\snapshot_date=2026-07-31\ticker=KMI.json,e35832c18c13fca4460bfcd7fbcdebc0cb50a2665f26f844c1dfbf469b4e82f6,2026-09-02T16:40:54+00:00
2026-07-31,KMI,2029Q1,FMP,REVENUE_USD,4956814900.0,D:\Programming\python_example\Arcana\data-lake\bronze\consensus\fmp\analyst-estimates\period=quarter\snapshot_date=2026-07-31\ticker=KMI.json,e35832c18c13fca4460bfcd7fbcdebc0cb50a2665f26f844c1dfbf469b4e82f6,2026-09-02T16:40:54+00:00
2026-07-31,KMI,2028Q4,FMP,REVENUE_USD,5179042043.0,D:\Programming\python_example\Arcana\data-lake\bronze\consensus\fmp\analyst-estimates\period=quarter\snapshot_date=2026-07-31\ticker=KMI.json,e35832c18c13fca4460bfcd7fbcdebc0cb50a2665f26f844c1dfbf469b4e82f6,2026-09-02T16:40:54+00:00
2026-07-31,KMI,2028Q3,FMP,REVENUE_USD,4837707563.0,D:\Programming\python_example\Arcana\data-lake\bronze\consensus\fmp\analyst-estimates\period=quarter\snapshot_date=2026-07-31\ticker=KMI.json,e35832c18c13fca4460bfcd7fbcdebc0cb50a2665f26f844c1dfbf469b4e82f6,2026-09-02T16:40:54+00:00
2026-07-31,KMI,2028Q2,FMP,REVENUE_USD,4662122989.0,D:\Programming\python_example\Arcana\data-lake\bronze\consensus\fmp\analyst-estimates\period=quarter\snapshot_date=2026-07-31\ticker=KMI.json,e35832c18c13fca4460bfcd7fbcdebc0cb50a2665f26f844c1dfbf469b4e82f6,2026-09-02T16:40:54+00:00
2026-07-31,KMI,2028Q1,FMP,REVENUE_USD,5138174418.0,D:\Programming\python_example\Arcana\data-lake\bronze\consensus\fmp\analyst-estimates\period=quarter\snapshot_date=2026-07-31\ticker=KMI.json,e35832c18c13fca4460bfcd7fbcdebc0cb50a2665f26f844c1dfbf469b4e82f6,2026-09-02T16:40:54+00:00
2026-07-31,KMI,2027Q4,FMP,REVENUE_USD,4960538392.0,D:\Programming\python_example\Arcana\data-lake\bronze\consensus\fmp\analyst-estimates\period=quarter\snapshot_date=2026-07-31\ticker=KMI.json,e35832c18c13fca4460bfcd7fbcdebc0cb50a2665f26f844c1dfbf469b4e82f6,2026-09-02T16:40:54+00:00
2026-07-31,KMI,2027Q3,FMP,REVENUE_USD,4651027716.0,D:\Programming\python_example\Arcana\data-lake\bronze\consensus\fmp\analyst-estimates\period=quarter\snapshot_date=2026-07-31\ticker=KMI.json,e35832c18c13fca4460bfcd7fbcdebc0cb50a2665f26f844c1dfbf469b4e82f6,2026-09-02T16:40:54+00:00
2026-07-31,KMI,2027Q2,FMP,REVENUE_USD,4407923096.0,D:\Programming\python_example\Arcana\data-lake\bronze\consensus\fmp\analyst-estimates\period=quarter\snapshot_date=2026-07-31\ticker=KMI.json,e35832c18c13fca4460bfcd7fbcdebc0cb50a2665f26f844c1dfbf469b4e82f6,2026-09-02T16:40:54+00:00
2026-07-31,KMI,2027Q1,FMP,REVENUE_USD,4866782267.0,D:\Programming\python_example\Arcana\data-lake\bronze\consensus\fmp\analyst-estimates\period=quarter\snapshot_date=2026-07-31\ticker=KMI.json,e35832c18c13fca4460bfcd7fbcdebc0cb50a2665f26f844c1dfbf469b4e82f6,2026-09-02T16:40:54+00:00
2026-07-31,KMI,2026Q4,FMP,REVENUE_USD,4615563083.0,D:\Programming\python_example\Arcana\data-lake\bronze\consensus\fmp\analyst-estimates\period=quarter\snapshot_date=2026-07-31\ticker=KMI.json,e35832c18c13fca4460bfcd7fbcdebc0cb50a2665f26f844c1dfbf469b4e82f6,2026-09-02T16:40:54+00:00
2026-07-31,KMI,2026Q3,FMP,REVENUE_USD,4386582812.0,D:\Programming\python_example\Arcana\data-lake\bronze\consensus\fmp\analyst-estimates\period=quarter\snapshot_date=2026-07-31\ticker=KMI.json,e35832c18c13fca4460bfcd7fbcdebc0cb50a2665f26f844c1dfbf469b4e82f6,2026-09-02T16:40:54+00:00
2026-07-31,KMI,2026Q2,FMP,REVENUE_USD,4224256330.0,D:\Programming\python_example\Arcana\data-lake\bronze\consensus\fmp\analyst-estimates\period=quarter\snapshot_date=2026-07-31\ticker=KMI.json,e35832c18c13fca4460bfcd7fbcdebc0cb50a2665f26f844c1dfbf469b4e82f6,2026-09-02T16:40:54+00:00
2026-07-31,KMI,2026Q1,FMP,REVENUE_USD,4626894837.0,D:\Programming\python_example\Arcana\data-lake\bronze\consensus\fmp\analyst-estimates\period=quarter\snapshot_date=2026-07-31\ticker=KMI.json,e35832c18c13fca4460bfcd7fbcdebc0cb50a2665f26f844c1dfbf469b4e82f6,2026-09-02T16:40:54+00:00
2026-07-31,KMI,2025Q4,FMP,REVENUE_USD,4319454773.0,D:\Programming\python_example\Arcana\data-lake\bronze\consensus\fmp\analyst-estimates\period=quarter\snapshot_date=2026-07-31\ticker=KMI.json,e35832c18c13fca4460bfcd7fbcdebc0cb50a2665f26f844c1dfbf469b4e82f6,2026-09-02T16:40:54+00:00
2026-07-31,KMI,2025Q3,FMP,REVENUE_USD,3977963255.0,D:\Programming\python_example\Arcana\data-lake\bronze\consensus\fmp\analyst-estimates\period=quarter\snapshot_date=2026-07-31\ticker=KMI.json,e35832c18c13fca4460bfcd7fbcdebc0cb50a2665f26f844c1dfbf469b4e82f6,2026-09-02T16:40:54+00:00
2026-07-31,KMI,2025Q2,FMP,REVENUE_USD,3828575053.0,D:\Programming\python_example\Arcana\data-lake\bronze\consensus\fmp\analyst-estimates\period=quarter\snapshot_date=2026-07-31\ticker=KMI.json,e35832c18c13fca4460bfcd7fbcdebc0cb50a2665f26f844c1dfbf469b4e82f6,2026-09-02T16:40:54+00:00
2026-07-31,KMI,2025Q1,FMP,REVENUE_USD,4239500100.0,D:\Programming\python_example\Arcana\data-lake\bronze\consensus\fmp\analyst-estimates\period=quarter\snapshot_date=2026-07-31\ticker=KMI.json,e35832c18c13fca4460bfcd7fbcdebc0cb50a2665f26f844c1dfbf469b4e82f6,2026-09-02T16:40:54+00:00
2026-07-31,KMI,2024Q4,FMP,REVENUE_USD,4175682702.0,D:\Programming\python_example\Arcana\data-lake\bronze\consensus\fmp\analyst-estimates\period=quarter\snapshot_date=2026-07-31\ticker=KMI.json,e35832c18c13fca4460bfcd7fbcdebc0cb50a2665f26f844c1dfbf469b4e82f6,2026-09-02T16:40:54+00:00
2026-07-31,KMI,2024Q3,FMP,REVENUE_USD,4046491609.0,D:\Programming\python_example\Arcana\data-lake\bronze\consensus\fmp\analyst-estimates\period=quarter\snapshot_date=2026-07-31\ticker=KMI.json,e35832c18c13fca4460bfcd7fbcdebc0cb50a2665f26f844c1dfbf469b4e82f6,2026-09-02T16:40:54+00:00
2026-07-31,KMI,2024Q2,FMP,REVENUE_USD,4092346991.0,D:\Programming\python_example\Arcana\data-lake\bronze\consensus\fmp\analyst-estimates\period=quarter\snapshot_date=2026-07-31\ticker=KMI.json,e35832c18c13fca4460bfcd7fbcdebc0cb50a2665f26f844c1dfbf469b4e82f6,2026-09-02T16:40:54+00:00
2026-07-31,KMI,2024Q1,FMP,REVENUE_USD,4364580375.0,D:\Programming\python_example\Arcana\data-lake\bronze\consensus\fmp\analyst-estimates\period=quarter\snapshot_date=2026-07-31\ticker=KMI.json,e35832c18c13fca4460bfcd7fbcdebc0cb50a2665f26f844c1dfbf469b4e82f6,2026-09-02T16:40:54+00:00
2026-07-31,KMI,2023Q4,FMP,REVENUE_USD,4398442961.0,D:\Programming\python_example\Arcana\data-lake\bronze\consensus\fmp\analyst-estimates\period=quarter\snapshot_date=2026-07-31\ticker=KMI.json,e35832c18c13fca4460bfcd7fbcdebc0cb50a2665f26f844c1dfbf469b4e82f6,2026-09-02T16:40:54+00:00
2026-07-31,KMI,2023Q3,FMP,REVENUE_USD,4514248573.0,D:\Programming\python_example\Arcana\data-lake\bronze\consensus\fmp\analyst-estimates\period=quarter\snapshot_date=2026-07-31\ticker=KMI.json,e35832c18c13fca4460bfcd7fbcdebc0cb50a2665f26f844c1dfbf469b4e82f6,2026-09-02T16:40:54+00:00
2026-07-31,KMI,2023Q2,FMP,REVENUE_USD,4554374888.0,D:\Programming\python_example\Arcana\data-lake\bronze\consensus\fmp\analyst-estimates\period=quarter\snapshot_date=2026-07-31\ticker=KMI.json,e35832c18c13fca4460bfcd7fbcdebc0cb50a2665f26f844c1dfbf469b4e82f6,2026-09-02T16:40:54+00:00
2026-07-31,KMI,2023Q1,FMP,REVENUE_USD,4874279401.0,D:\Programming\python_example\Arcana\data-lake\bronze\consensus\fmp\analyst-estimates\period=quarter\snapshot_date=2026-07-31\ticker=KMI.json,e35832c18c13fca4460bfcd7fbcdebc0cb50a2665f26f844c1dfbf469b4e82f6,2026-09-02T16:40:54+00:00
2026-07-31,KMI,2022Q4,FMP,REVENUE_USD,4910799194.0,D:\Programming\python_example\Arcana\data-lake\bronze\consensus\fmp\analyst-estimates\period=quarter\snapshot_date=2026-07-31\ticker=KMI.json,e35832c18c13fca4460bfcd7fbcdebc0cb50a2665f26f844c1dfbf469b4e82f6,2026-09-02T16:40:54+00:00
2026-07-31,KMI,2022Q3,FMP,REVENUE_USD,4718116711.0,D:\Programming\python_example\Arcana\data-lake\bronze\consensus\fmp\analyst-estimates\period=quarter\snapshot_date=2026-07-31\ticker=KMI.json,e35832c18c13fca4460bfcd7fbcdebc0cb50a2665f26f844c1dfbf469b4e82f6,2026-09-02T16:40:54+00:00
2026-07-31,KMI,2022Q2,FMP,REVENUE_USD,3913049632.0,D:\Programming\python_example\Arcana\data-lake\bronze\consensus\fmp\analyst-estimates\period=quarter\snapshot_date=2026-07-31\ticker=KMI.json,e35832c18c13fca4460bfcd7fbcdebc0cb50a2665f26f844c1dfbf469b4e82f6,2026-09-02T16:40:54+00:00
2026-07-31,KMI,2022Q1,FMP,REVENUE_USD,3746684131.0,D:\Programming\python_example\Arcana\data-lake\bronze\consensus\fmp\analyst-estimates\period=quarter\snapshot_date=2026-07-31\ticker=KMI.json,e35832c18c13fca4460bfcd7fbcdebc0cb50a2665f26f844c1dfbf469b4e82f6,2026-09-02T16:40:54+00:00
2026-07-31,KMI,2021Q4,FMP,REVENUE_USD,3610262503.0,D:\Programming\python_example\Arcana\data-lake\bronze\consensus\fmp\analyst-estimates\period=quarter\snapshot_date=2026-07-31\ticker=KMI.json,e35832c18c13fca4460bfcd7fbcdebc0cb50a2665f26f844c1dfbf469b4e82f6,2026-09-02T16:40:54+00:00
2026-07-31,KMI,2021Q3,FMP,REVENUE_USD,3264175921.0,D:\Programming\python_example\Arcana\data-lake\bronze\consensus\fmp\analyst-estimates\period=quarter\snapshot_date=2026-07-31\ticker=KMI.json,e35832c18c13fca4460bfcd7fbcdebc0cb50a2665f26f844c1dfbf469b4e82f6,2026-09-02T16:40:54+00:00
2026-07-31,KMI,2021Q2,FMP,REVENUE_USD,2914650158.0,D:\Programming\python_example\Arcana\data-lake\bronze\consensus\fmp\analyst-estimates\period=quarter\snapshot_date=2026-07-31\ticker=KMI.json,e35832c18c13fca4460bfcd7fbcdebc0cb50a2665f26f844c1dfbf469b4e82f6,2026-09-02T16:40:54+00:00
2026-07-31,KMI,2021Q1,FMP,REVENUE_USD,3027696816.0,D:\Programming\python_example\Arcana\data-lake\bronze\consensus\fmp\analyst-estimates\period=quarter\snapshot_date=2026-07-31\ticker=KMI.json,e35832c18c13fca4460bfcd7fbcdebc0cb50a2665f26f844c1dfbf469b4e82f6,2026-09-02T16:40:54+00:00
2026-07-31,KMI,2020Q4,FMP,REVENUE_USD,3045048637.0,D:\Programming\python_example\Arcana\data-lake\bronze\consensus\fmp\analyst-estimates\period=quarter\snapshot_date=2026-07-31\ticker=KMI.json,e35832c18c13fca4460bfcd7fbcdebc0cb50a2665f26f844c1dfbf469b4e82f6,2026-09-02T16:40:54+00:00
2026-07-31,KMI,2020Q3,FMP,REVENUE_USD,2876436004.0,D:\Programming\python_example\Arcana\data-lake\bronze\consensus\fmp\analyst-estimates\period=quarter\snapshot_date=2026-07-31\ticker=KMI.json,e35832c18c13fca4460bfcd7fbcdebc0cb50a2665f26f844c1dfbf469b4e82f6,2026-09-02T16:40:54+00:00
2026-07-31,KMI,2020Q2,FMP,REVENUE_USD,2899674951.0,D:\Programming\python_example\Arcana\data-lake\bronze\consensus\fmp\analyst-estimates\period=quarter\snapshot_date=2026-07-31\ticker=KMI.json,e35832c18c13fca4460bfcd7fbcdebc0cb50a2665f26f844c1dfbf469b4e82f6,2026-09-02T16:40:54+00:00
2026-07-31,KMI,2020Q1,FMP,REVENUE_USD,3414192328.0,D:\Programming\python_example\Arcana\data-lake\bronze\consensus\fmp\analyst-estimates\period=quarter\snapshot_date=2026-07-31\ticker=KMI.json,e35832c18c13fca4460bfcd7fbcdebc0cb50a2665f26f844c1dfbf469b4e82f6,2026-09-02T16:40:54+00:00
2026-07-31,KMI,2019Q4,FMP,REVENUE_USD,3611188466.0,D:\Programming\python_example\Arcana\data-lake\bronze\consensus\fmp\analyst-estimates\period=quarter\snapshot_date=2026-07-31\ticker=KMI.json,e35832c18c13fca4460bfcd7fbcdebc0cb50a2665f26f844c1dfbf469b4e82f6,2026-09-02T16:40:54+00:00
2026-07-31,KMI,2019Q3,FMP,REVENUE_USD,3472572310.0,D:\Programming\python_example\Arcana\data-lake\bronze\consensus\fmp\analyst-estimates\period=quarter\snapshot_date=2026-07-31\ticker=KMI.json,e35832c18c13fca4460bfcd7fbcdebc0cb50a2665f26f844c1dfbf469b4e82f6,2026-09-02T16:40:54+00:00
2026-07-31,KMI,2019Q2,FMP,REVENUE_USD,3595712622.0,D:\Programming\python_example\Arcana\data-lake\bronze\consensus\fmp\analyst-estimates\period=quarter\snapshot_date=2026-07-31\ticker=KMI.json,e35832c18c13fca4460bfcd7fbcdebc0cb50a2665f26f844c1dfbf469b4e82f6,2026-09-02T16:40:54+00:00
2026-07-31,KMI,2019Q1,FMP,REVENUE_USD,3672188377.0,D:\Programming\python_example\Arcana\data-lake\bronze\consensus\fmp\analyst-estimates\period=quarter\snapshot_date=2026-07-31\ticker=KMI.json,e35832c18c13fca4460bfcd7fbcdebc0cb50a2665f26f844c1dfbf469b4e82f6,2026-09-02T16:40:54+00:00
2026-07-31,KMI,2018Q4,FMP,REVENUE_USD,3932240000.0,D:\Programming\python_example\Arcana\data-lake\bronze\consensus\fmp\analyst-estimates\period=quarter\snapshot_date=2026-07-31\ticker=KMI.json,e35832c18c13fca4460bfcd7fbcdebc0cb50a2665f26f844c1dfbf469b4e82f6,2026-09-02T16:40:54+00:00
2026-07-31,KMI,2018Q3,FMP,REVENUE_USD,3357136363.0,D:\Programming\python_example\Arcana\data-lake\bronze\consensus\fmp\analyst-estimates\period=quarter\snapshot_date=2026-07-31\ticker=KMI.json,e35832c18c13fca4460bfcd7fbcdebc0cb50a2665f26f844c1dfbf469b4e82f6,2026-09-02T16:40:54+00:00
2026-07-31,KMI,2018Q2,FMP,REVENUE_USD,3256600000.0,D:\Programming\python_example\Arcana\data-lake\bronze\consensus\fmp\analyst-estimates\period=quarter\snapshot_date=2026-07-31\ticker=KMI.json,e35832c18c13fca4460bfcd7fbcdebc0cb50a2665f26f844c1dfbf469b4e82f6,2026-09-02T16:40:54+00:00
2026-07-31,KMI,2018Q1,FMP,REVENUE_USD,3262636363.0,D:\Programming\python_example\Arcana\data-lake\bronze\consensus\fmp\analyst-estimates\period=quarter\snapshot_date=2026-07-31\ticker=KMI.json,e35832c18c13fca4460bfcd7fbcdebc0cb50a2665f26f844c1dfbf469b4e82f6,2026-09-02T16:40:54+00:00
2026-07-31,KMI,2017Q4,FMP,REVENUE_USD,3113142857.0,D:\Programming\python_example\Arcana\data-lake\bronze\consensus\fmp\analyst-estimates\period=quarter\snapshot_date=2026-07-31\ticker=KMI.json,e35832c18c13fca4460bfcd7fbcdebc0cb50a2665f26f844c1dfbf469b4e82f6,2026-09-02T16:40:54+00:00
2026-07-31,KMI,2017Q3,FMP,REVENUE_USD,3281000000.0,D:\Programming\python_example\Arcana\data-lake\bronze\consensus\fmp\analyst-estimates\period=quarter\snapshot_date=2026-07-31\ticker=KMI.json,e35832c18c13fca4460bfcd7fbcdebc0cb50a2665f26f844c1dfbf469b4e82f6,2026-09-02T16:40:54+00:00
2026-07-31,KMI,2017Q2,FMP,REVENUE_USD,3608571428.0,D:\Programming\python_example\Arcana\data-lake\bronze\consensus\fmp\analyst-estimates\period=quarter\snapshot_date=2026-07-31\ticker=KMI.json,e35832c18c13fca4460bfcd7fbcdebc0cb50a2665f26f844c1dfbf469b4e82f6,2026-09-02T16:40:54+00:00
2026-07-31,KMI,2017Q1,FMP,REVENUE_USD,3625411764.0,D:\Programming\python_example\Arcana\data-lake\bronze\consensus\fmp\analyst-estimates\period=quarter\snapshot_date=2026-07-31\ticker=KMI.json,e35832c18c13fca4460bfcd7fbcdebc0cb50a2665f26f844c1dfbf469b4e82f6,2026-09-02T16:40:54+00:00
2026-07-31,KMI,2016Q4,FMP,REVENUE_USD,3389000000.0,D:\Programming\python_example\Arcana\data-lake\bronze\consensus\fmp\analyst-estimates\period=quarter\snapshot_date=2026-07-31\ticker=KMI.json,e35832c18c13fca4460bfcd7fbcdebc0cb50a2665f26f844c1dfbf469b4e82f6,2026-09-02T16:40:54+00:00
2026-07-31,KMI,2016Q3,FMP,REVENUE_USD,3108000000.0,D:\Programming\python_example\Arcana\data-lake\bronze\consensus\fmp\analyst-estimates\period=quarter\snapshot_date=2026-07-31\ticker=KMI.json,e35832c18c13fca4460bfcd7fbcdebc0cb50a2665f26f844c1dfbf469b4e82f6,2026-09-02T16:40:54+00:00
2026-07-31,KMI,2016Q2,FMP,REVENUE_USD,3144000000.0,D:\Programming\python_example\Arcana\data-lake\bronze\consensus\fmp\analyst-estimates\period=quarter\snapshot_date=2026-07-31\ticker=KMI.json,e35832c18c13fca4460bfcd7fbcdebc0cb50a2665f26f844c1dfbf469b4e82f6,2026-09-02T16:40:54+00:00
2026-07-31,KMI,2016Q1,FMP,REVENUE_USD,3372500000.0,D:\Programming\python_example\Arcana\data-lake\bronze\consensus\fmp\analyst-estimates\period=quarter\snapshot_date=2026-07-31\ticker=KMI.json,e35832c18c13fca4460bfcd7fbcdebc0cb50a2665f26f844c1dfbf469b4e82f6,2026-09-02T16:40:54+00:00
2026-07-31,KMI,2015Q4,FMP,REVENUE_USD,5034461538.0,D:\Programming\python_example\Arcana\data-lake\bronze\consensus\fmp\analyst-estimates\period=quarter\snapshot_date=2026-07-31\ticker=KMI.json,e35832c18c13fca4460bfcd7fbcdebc0cb50a2665f26f844c1dfbf469b4e82f6,2026-09-02T16:40:54+00:00
2026-07-31,KMI,2015Q3,FMP,REVENUE_USD,3511894736.0,D:\Programming\python_example\Arcana\data-lake\bronze\consensus\fmp\analyst-estimates\period=quarter\snapshot_date=2026-07-31\ticker=KMI.json,e35832c18c13fca4460bfcd7fbcdebc0cb50a2665f26f844c1dfbf469b4e82f6,2026-09-02T16:40:54+00:00
2026-07-31,KMI,2015Q2,FMP,REVENUE_USD,4112312500.0,D:\Programming\python_example\Arcana\data-lake\bronze\consensus\fmp\analyst-estimates\period=quarter\snapshot_date=2026-07-31\ticker=KMI.json,e35832c18c13fca4460bfcd7fbcdebc0cb50a2665f26f844c1dfbf469b4e82f6,2026-09-02T16:40:54+00:00
2026-07-31,KMI,2015Q1,FMP,REVENUE_USD,3447125000.0,D:\Programming\python_example\Arcana\data-lake\bronze\consensus\fmp\analyst-estimates\period=quarter\snapshot_date=2026-07-31\ticker=KMI.json,e35832c18c13fca4460bfcd7fbcdebc0cb50a2665f26f844c1dfbf469b4e82f6,2026-09-02T16:40:54+00:00
2026-07-31,KMI,2014Q4,FMP,REVENUE_USD,5166692307.0,D:\Programming\python_example\Arcana\data-lake\bronze\consensus\fmp\analyst-estimates\period=quarter\snapshot_date=2026-07-31\ticker=KMI.json,e35832c18c13fca4460bfcd7fbcdebc0cb50a2665f26f844c1dfbf469b4e82f6,2026-09-02T16:40:54+00:00
2026-07-31,KMI,2014Q3,FMP,REVENUE_USD,4559187500.0,D:\Programming\python_example\Arcana\data-lake\bronze\consensus\fmp\analyst-estimates\period=quarter\snapshot_date=2026-07-31\ticker=KMI.json,e35832c18c13fca4460bfcd7fbcdebc0cb50a2665f26f844c1dfbf469b4e82f6,2026-09-02T16:40:54+00:00
2026-07-31,KMI,2014Q2,FMP,REVENUE_USD,4228629629.0,D:\Programming\python_example\Arcana\data-lake\bronze\consensus\fmp\analyst-estimates\period=quarter\snapshot_date=2026-07-31\ticker=KMI.json,e35832c18c13fca4460bfcd7fbcdebc0cb50a2665f26f844c1dfbf469b4e82f6,2026-09-02T16:40:54+00:00
2026-07-31,KMI,2014Q1,FMP,REVENUE_USD,4769678571.0,D:\Programming\python_example\Arcana\data-lake\bronze\consensus\fmp\analyst-estimates\period=quarter\snapshot_date=2026-07-31\ticker=KMI.json,e35832c18c13fca4460bfcd7fbcdebc0cb50a2665f26f844c1dfbf469b4e82f6,2026-09-02T16:40:54+00:00
2026-07-31,KMI,2013Q4,FMP,REVENUE_USD,4106666666.0,D:\Programming\python_example\Arcana\data-lake\bronze\consensus\fmp\analyst-estimates\period=quarter\snapshot_date=2026-07-31\ticker=KMI.json,e35832c18c13fca4460bfcd7fbcdebc0cb50a2665f26f844c1dfbf469b4e82f6,2026-09-02T16:40:54+00:00
2026-07-31,KMI,2013Q3,FMP,REVENUE_USD,4451555555.0,D:\Programming\python_example\Arcana\data-lake\bronze\consensus\fmp\analyst-estimates\period=quarter\snapshot_date=2026-07-31\ticker=KMI.json,e35832c18c13fca4460bfcd7fbcdebc0cb50a2665f26f844c1dfbf469b4e82f6,2026-09-02T16:40:54+00:00
2026-07-31,KMI,2013Q2,FMP,REVENUE_USD,7440400000.0,D:\Programming\python_example\Arcana\data-lake\bronze\consensus\fmp\analyst-estimates\period=quarter\snapshot_date=2026-07-31\ticker=KMI.json,e35832c18c13fca4460bfcd7fbcdebc0cb50a2665f26f844c1dfbf469b4e82f6,2026-09-02T16:40:54+00:00
2026-07-31,KMI,2013Q1,FMP,REVENUE_USD,7296923076.0,D:\Programming\python_example\Arcana\data-lake\bronze\consensus\fmp\analyst-estimates\period=quarter\snapshot_date=2026-07-31\ticker=KMI.json,e35832c18c13fca4460bfcd7fbcdebc0cb50a2665f26f844c1dfbf469b4e82f6,2026-09-02T16:40:54+00:00
2026-07-31,KMI,2012Q4,FMP,REVENUE_USD,3079000000.0,D:\Programming\python_example\Arcana\data-lake\bronze\consensus\fmp\analyst-estimates\period=quarter\snapshot_date=2026-07-31\ticker=KMI.json,e35832c18c13fca4460bfcd7fbcdebc0cb50a2665f26f844c1dfbf469b4e82f6,2026-09-02T16:40:54+00:00
2026-07-31,KMI,2012Q3,FMP,REVENUE_USD,3927368421.0,D:\Programming\python_example\Arcana\data-lake\bronze\consensus\fmp\analyst-estimates\period=quarter\snapshot_date=2026-07-31\ticker=KMI.json,e35832c18c13fca4460bfcd7fbcdebc0cb50a2665f26f844c1dfbf469b4e82f6,2026-09-02T16:40:54+00:00
2026-07-31,KMI,2012Q2,FMP,REVENUE_USD,3756133333.0,D:\Programming\python_example\Arcana\data-lake\bronze\consensus\fmp\analyst-estimates\period=quarter\snapshot_date=2026-07-31\ticker=KMI.json,e35832c18c13fca4460bfcd7fbcdebc0cb50a2665f26f844c1dfbf469b4e82f6,2026-09-02T16:40:54+00:00
2026-07-31,KMI,2012Q1,FMP,REVENUE_USD,1334344353.0,D:\Programming\python_example\Arcana\data-lake\bronze\consensus\fmp\analyst-estimates\period=quarter\snapshot_date=2026-07-31\ticker=KMI.json,e35832c18c13fca4460bfcd7fbcdebc0cb50a2665f26f844c1dfbf469b4e82f6,2026-09-02T16:40:54+00:00
2026-07-31,KMI,2011Q4,FMP,REVENUE_USD,1462325000.0,D:\Programming\python_example\Arcana\data-lake\bronze\consensus\fmp\analyst-estimates\period=quarter\snapshot_date=2026-07-31\ticker=KMI.json,e35832c18c13fca4460bfcd7fbcdebc0cb50a2665f26f844c1dfbf469b4e82f6,2026-09-02T16:40:54+00:00
2026-07-31,KMI,2011Q3,FMP,REVENUE_USD,2627238095.0,D:\Programming\python_example\Arcana\data-lake\bronze\consensus\fmp\analyst-estimates\period=quarter\snapshot_date=2026-07-31\ticker=KMI.json,e35832c18c13fca4460bfcd7fbcdebc0cb50a2665f26f844c1dfbf469b4e82f6,2026-09-02T16:40:54+00:00
2026-07-31,KMI,2011Q2,FMP,REVENUE_USD,2568421052.0,D:\Programming\python_example\Arcana\data-lake\bronze\consensus\fmp\analyst-estimates\period=quarter\snapshot_date=2026-07-31\ticker=KMI.json,e35832c18c13fca4460bfcd7fbcdebc0cb50a2665f26f844c1dfbf469b4e82f6,2026-09-02T16:40:54+00:00
2026-07-31,KMI,2011Q1,FMP,REVENUE_USD,4186000000.0,D:\Programming\python_example\Arcana\data-lake\bronze\consensus\fmp\analyst-estimates\period=quarter\snapshot_date=2026-07-31\ticker=KMI.json,e35832c18c13fca4460bfcd7fbcdebc0cb50a2665f26f844c1dfbf469b4e82f6,2026-09-02T16:40:54+00:00
2026-07-31,WMB,2030Q4,FMP,REVENUE_USD,3515963285.0,D:\Programming\python_example\Arcana\data-lake\bronze\consensus\fmp\analyst-estimates\period=quarter\snapshot_date=2026-07-31\ticker=WMB.json,a88db155d605e46e99cc9614886b098f634d12f072e663b0bb3c7d48454fe2c9,2026-09-02T16:40:54+00:00
2026-07-31,WMB,2030Q3,FMP,REVENUE_USD,3488544296.0,D:\Programming\python_example\Arcana\data-lake\bronze\consensus\fmp\analyst-estimates\period=quarter\snapshot_date=2026-07-31\ticker=WMB.json,a88db155d605e46e99cc9614886b098f634d12f072e663b0bb3c7d48454fe2c9,2026-09-02T16:40:54+00:00
2026-07-31,WMB,2030Q2,FMP,REVENUE_USD,3461339131.0,D:\Programming\python_example\Arcana\data-lake\bronze\consensus\fmp\analyst-estimates\period=quarter\snapshot_date=2026-07-31\ticker=WMB.json,a88db155d605e46e99cc9614886b098f634d12f072e663b0bb3c7d48454fe2c9,2026-09-02T16:40:54+00:00
2026-07-31,WMB,2030Q1,FMP,REVENUE_USD,3434346124.0,D:\Programming\python_example\Arcana\data-lake\bronze\consensus\fmp\analyst-estimates\period=quarter\snapshot_date=2026-07-31\ticker=WMB.json,a88db155d605e46e99cc9614886b098f634d12f072e663b0bb3c7d48454fe2c9,2026-09-02T16:40:54+00:00
2026-07-31,WMB,2029Q4,FMP,REVENUE_USD,3407563619.0,D:\Programming\python_example\Arcana\data-lake\bronze\consensus\fmp\analyst-estimates\period=quarter\snapshot_date=2026-07-31\ticker=WMB.json,a88db155d605e46e99cc9614886b098f634d12f072e663b0bb3c7d48454fe2c9,2026-09-02T16:40:54+00:00
2026-07-31,WMB,2029Q3,FMP,REVENUE_USD,3380989977.0,D:\Programming\python_example\Arcana\data-lake\bronze\consensus\fmp\analyst-estimates\period=quarter\snapshot_date=2026-07-31\ticker=WMB.json,a88db155d605e46e99cc9614886b098f634d12f072e663b0bb3c7d48454fe2c9,2026-09-02T16:40:54+00:00
2026-07-31,WMB,2029Q2,FMP,REVENUE_USD,3354623567.0,D:\Programming\python_example\Arcana\data-lake\bronze\consensus\fmp\analyst-estimates\period=quarter\snapshot_date=2026-07-31\ticker=WMB.json,a88db155d605e46e99cc9614886b098f634d12f072e663b0bb3c7d48454fe2c9,2026-09-02T16:40:54+00:00
2026-07-31,WMB,2029Q1,FMP,REVENUE_USD,3328462773.0,D:\Programming\python_example\Arcana\data-lake\bronze\consensus\fmp\analyst-estimates\period=quarter\snapshot_date=2026-07-31\ticker=WMB.json,a88db155d605e46e99cc9614886b098f634d12f072e663b0bb3c7d48454fe2c9,2026-09-02T16:40:54+00:00
2026-07-31,WMB,2028Q4,FMP,REVENUE_USD,4107277258.0,D:\Programming\python_example\Arcana\data-lake\bronze\consensus\fmp\analyst-estimates\period=quarter\snapshot_date=2026-07-31\ticker=WMB.json,a88db155d605e46e99cc9614886b098f634d12f072e663b0bb3c7d48454fe2c9,2026-09-02T16:40:54+00:00
2026-07-31,WMB,2028Q3,FMP,REVENUE_USD,3851728527.0,D:\Programming\python_example\Arcana\data-lake\bronze\consensus\fmp\analyst-estimates\period=quarter\snapshot_date=2026-07-31\ticker=WMB.json,a88db155d605e46e99cc9614886b098f634d12f072e663b0bb3c7d48454fe2c9,2026-09-02T16:40:54+00:00
2026-07-31,WMB,2028Q2,FMP,REVENUE_USD,3708108816.0,D:\Programming\python_example\Arcana\data-lake\bronze\consensus\fmp\analyst-estimates\period=quarter\snapshot_date=2026-07-31\ticker=WMB.json,a88db155d605e46e99cc9614886b098f634d12f072e663b0bb3c7d48454fe2c9,2026-09-02T16:40:54+00:00
2026-07-31,WMB,2028Q1,FMP,REVENUE_USD,3887341413.0,D:\Programming\python_example\Arcana\data-lake\bronze\consensus\fmp\analyst-estimates\period=quarter\snapshot_date=2026-07-31\ticker=WMB.json,a88db155d605e46e99cc9614886b098f634d12f072e663b0bb3c7d48454fe2c9,2026-09-02T16:40:54+00:00
2026-07-31,WMB,2027Q4,FMP,REVENUE_USD,3731249054.0,D:\Programming\python_example\Arcana\data-lake\bronze\consensus\fmp\analyst-estimates\period=quarter\snapshot_date=2026-07-31\ticker=WMB.json,a88db155d605e46e99cc9614886b098f634d12f072e663b0bb3c7d48454fe2c9,2026-09-02T16:40:54+00:00
2026-07-31,WMB,2027Q3,FMP,REVENUE_USD,3434510570.0,D:\Programming\python_example\Arcana\data-lake\bronze\consensus\fmp\analyst-estimates\period=quarter\snapshot_date=2026-07-31\ticker=WMB.json,a88db155d605e46e99cc9614886b098f634d12f072e663b0bb3c7d48454fe2c9,2026-09-02T16:40:54+00:00
2026-07-31,WMB,2027Q2,FMP,REVENUE_USD,3293314418.0,D:\Programming\python_example\Arcana\data-lake\bronze\consensus\fmp\analyst-estimates\period=quarter\snapshot_date=2026-07-31\ticker=WMB.json,a88db155d605e46e99cc9614886b098f634d12f072e663b0bb3c7d48454fe2c9,2026-09-02T16:40:54+00:00
2026-07-31,WMB,2027Q1,FMP,REVENUE_USD,3508616100.0,D:\Programming\python_example\Arcana\data-lake\bronze\consensus\fmp\analyst-estimates\period=quarter\snapshot_date=2026-07-31\ticker=WMB.json,a88db155d605e46e99cc9614886b098f634d12f072e663b0bb3c7d48454fe2c9,2026-09-02T16:40:54+00:00
2026-07-31,WMB,2026Q4,FMP,REVENUE_USD,3145028379.0,D:\Programming\python_example\Arcana\data-lake\bronze\consensus\fmp\analyst-estimates\period=quarter\snapshot_date=2026-07-31\ticker=WMB.json,a88db155d605e46e99cc9614886b098f634d12f072e663b0bb3c7d48454fe2c9,2026-09-02T16:40:54+00:00
2026-07-31,WMB,2026Q3,FMP,REVENUE_USD,2960753283.0,D:\Programming\python_example\Arcana\data-lake\bronze\consensus\fmp\analyst-estimates\period=quarter\snapshot_date=2026-07-31\ticker=WMB.json,a88db155d605e46e99cc9614886b098f634d12f072e663b0bb3c7d48454fe2c9,2026-09-02T16:40:54+00:00
2026-07-31,WMB,2026Q2,FMP,REVENUE_USD,2841259362.0,D:\Programming\python_example\Arcana\data-lake\bronze\consensus\fmp\analyst-estimates\period=quarter\snapshot_date=2026-07-31\ticker=WMB.json,a88db155d605e46e99cc9614886b098f634d12f072e663b0bb3c7d48454fe2c9,2026-09-02T16:40:54+00:00
2026-07-31,WMB,2026Q1,FMP,REVENUE_USD,3280024929.0,D:\Programming\python_example\Arcana\data-lake\bronze\consensus\fmp\analyst-estimates\period=quarter\snapshot_date=2026-07-31\ticker=WMB.json,a88db155d605e46e99cc9614886b098f634d12f072e663b0bb3c7d48454fe2c9,2026-09-02T16:40:54+00:00
2026-07-31,WMB,2025Q4,FMP,REVENUE_USD,3018383600.0,D:\Programming\python_example\Arcana\data-lake\bronze\consensus\fmp\analyst-estimates\period=quarter\snapshot_date=2026-07-31\ticker=WMB.json,a88db155d605e46e99cc9614886b098f634d12f072e663b0bb3c7d48454fe2c9,2026-09-02T16:40:54+00:00
2026-07-31,WMB,2025Q3,FMP,REVENUE_USD,2877076545.0,D:\Programming\python_example\Arcana\data-lake\bronze\consensus\fmp\analyst-estimates\period=quarter\snapshot_date=2026-07-31\ticker=WMB.json,a88db155d605e46e99cc9614886b098f634d12f072e663b0bb3c7d48454fe2c9,2026-09-02T16:40:54+00:00
2026-07-31,WMB,2025Q2,FMP,REVENUE_USD,2727694564.0,D:\Programming\python_example\Arcana\data-lake\bronze\consensus\fmp\analyst-estimates\period=quarter\snapshot_date=2026-07-31\ticker=WMB.json,a88db155d605e46e99cc9614886b098f634d12f072e663b0bb3c7d48454fe2c9,2026-09-02T16:40:54+00:00
2026-07-31,WMB,2025Q1,FMP,REVENUE_USD,2941960125.0,D:\Programming\python_example\Arcana\data-lake\bronze\consensus\fmp\analyst-estimates\period=quarter\snapshot_date=2026-07-31\ticker=WMB.json,a88db155d605e46e99cc9614886b098f634d12f072e663b0bb3c7d48454fe2c9,2026-09-02T16:40:54+00:00
2026-07-31,WMB,2024Q4,FMP,REVENUE_USD,2682026812.0,D:\Programming\python_example\Arcana\data-lake\bronze\consensus\fmp\analyst-estimates\period=quarter\snapshot_date=2026-07-31\ticker=WMB.json,a88db155d605e46e99cc9614886b098f634d12f072e663b0bb3c7d48454fe2c9,2026-09-02T16:40:54+00:00
2026-07-31,WMB,2024Q3,FMP,REVENUE_USD,2523810052.0,D:\Programming\python_example\Arcana\data-lake\bronze\consensus\fmp\analyst-estimates\period=quarter\snapshot_date=2026-07-31\ticker=WMB.json,a88db155d605e46e99cc9614886b098f634d12f072e663b0bb3c7d48454fe2c9,2026-09-02T16:40:54+00:00
2026-07-31,WMB,2024Q2,FMP,REVENUE_USD,2456840401.0,D:\Programming\python_example\Arcana\data-lake\bronze\consensus\fmp\analyst-estimates\period=quarter\snapshot_date=2026-07-31\ticker=WMB.json,a88db155d605e46e99cc9614886b098f634d12f072e663b0bb3c7d48454fe2c9,2026-09-02T16:40:54+00:00
2026-07-31,WMB,2024Q1,FMP,REVENUE_USD,2687206175.0,D:\Programming\python_example\Arcana\data-lake\bronze\consensus\fmp\analyst-estimates\period=quarter\snapshot_date=2026-07-31\ticker=WMB.json,a88db155d605e46e99cc9614886b098f634d12f072e663b0bb3c7d48454fe2c9,2026-09-02T16:40:54+00:00
2026-07-31,WMB,2023Q4,FMP,REVENUE_USD,2644558164.0,D:\Programming\python_example\Arcana\data-lake\bronze\consensus\fmp\analyst-estimates\period=quarter\snapshot_date=2026-07-31\ticker=WMB.json,a88db155d605e46e99cc9614886b098f634d12f072e663b0bb3c7d48454fe2c9,2026-09-02T16:40:54+00:00
2026-07-31,WMB,2023Q3,FMP,REVENUE_USD,2632352949.0,D:\Programming\python_example\Arcana\data-lake\bronze\consensus\fmp\analyst-estimates\period=quarter\snapshot_date=2026-07-31\ticker=WMB.json,a88db155d605e46e99cc9614886b098f634d12f072e663b0bb3c7d48454fe2c9,2026-09-02T16:40:54+00:00
2026-07-31,WMB,2023Q2,FMP,REVENUE_USD,2662243648.0,D:\Programming\python_example\Arcana\data-lake\bronze\consensus\fmp\analyst-estimates\period=quarter\snapshot_date=2026-07-31\ticker=WMB.json,a88db155d605e46e99cc9614886b098f634d12f072e663b0bb3c7d48454fe2c9,2026-09-02T16:40:54+00:00
2026-07-31,WMB,2023Q1,FMP,REVENUE_USD,2620619782.0,D:\Programming\python_example\Arcana\data-lake\bronze\consensus\fmp\analyst-estimates\period=quarter\snapshot_date=2026-07-31\ticker=WMB.json,a88db155d605e46e99cc9614886b098f634d12f072e663b0bb3c7d48454fe2c9,2026-09-02T16:40:54+00:00
2026-07-31,WMB,2022Q4,FMP,REVENUE_USD,2916388311.0,D:\Programming\python_example\Arcana\data-lake\bronze\consensus\fmp\analyst-estimates\period=quarter\snapshot_date=2026-07-31\ticker=WMB.json,a88db155d605e46e99cc9614886b098f634d12f072e663b0bb3c7d48454fe2c9,2026-09-02T16:40:54+00:00
2026-07-31,WMB,2022Q3,FMP,REVENUE_USD,2900912031.0,D:\Programming\python_example\Arcana\data-lake\bronze\consensus\fmp\analyst-estimates\period=quarter\snapshot_date=2026-07-31\ticker=WMB.json,a88db155d605e46e99cc9614886b098f634d12f072e663b0bb3c7d48454fe2c9,2026-09-02T16:40:54+00:00
2026-07-31,WMB,2022Q2,FMP,REVENUE_USD,2455205600.0,D:\Programming\python_example\Arcana\data-lake\bronze\consensus\fmp\analyst-estimates\period=quarter\snapshot_date=2026-07-31\ticker=WMB.json,a88db155d605e46e99cc9614886b098f634d12f072e663b0bb3c7d48454fe2c9,2026-09-02T16:40:54+00:00
2026-07-31,WMB,2022Q1,FMP,REVENUE_USD,2634647737.0,D:\Programming\python_example\Arcana\data-lake\bronze\consensus\fmp\analyst-estimates\period=quarter\snapshot_date=2026-07-31\ticker=WMB.json,a88db155d605e46e99cc9614886b098f634d12f072e663b0bb3c7d48454fe2c9,2026-09-02T16:40:54+00:00
2026-07-31,WMB,2021Q4,FMP,REVENUE_USD,2389772439.0,D:\Programming\python_example\Arcana\data-lake\bronze\consensus\fmp\analyst-estimates\period=quarter\snapshot_date=2026-07-31\ticker=WMB.json,a88db155d605e46e99cc9614886b098f634d12f072e663b0bb3c7d48454fe2c9,2026-09-02T16:40:54+00:00
2026-07-31,WMB,2021Q3,FMP,REVENUE_USD,2087723057.0,D:\Programming\python_example\Arcana\data-lake\bronze\consensus\fmp\analyst-estimates\period=quarter\snapshot_date=2026-07-31\ticker=WMB.json,a88db155d605e46e99cc9614886b098f634d12f072e663b0bb3c7d48454fe2c9,2026-09-02T16:40:54+00:00
2026-07-31,WMB,2021Q2,FMP,REVENUE_USD,2067764682.0,D:\Programming\python_example\Arcana\data-lake\bronze\consensus\fmp\analyst-estimates\period=quarter\snapshot_date=2026-07-31\ticker=WMB.json,a88db155d605e46e99cc9614886b098f634d12f072e663b0bb3c7d48454fe2c9,2026-09-02T16:40:54+00:00
2026-07-31,WMB,2021Q1,FMP,REVENUE_USD,1969831300.0,D:\Programming\python_example\Arcana\data-lake\bronze\consensus\fmp\analyst-estimates\period=quarter\snapshot_date=2026-07-31\ticker=WMB.json,a88db155d605e46e99cc9614886b098f634d12f072e663b0bb3c7d48454fe2c9,2026-09-02T16:40:54+00:00
2026-07-31,WMB,2020Q4,FMP,REVENUE_USD,1872766482.0,D:\Programming\python_example\Arcana\data-lake\bronze\consensus\fmp\analyst-estimates\period=quarter\snapshot_date=2026-07-31\ticker=WMB.json,a88db155d605e46e99cc9614886b098f634d12f072e663b0bb3c7d48454fe2c9,2026-09-02T16:40:54+00:00
2026-07-31,WMB,2020Q3,FMP,REVENUE_USD,1763699946.0,D:\Programming\python_example\Arcana\data-lake\bronze\consensus\fmp\analyst-estimates\period=quarter\snapshot_date=2026-07-31\ticker=WMB.json,a88db155d605e46e99cc9614886b098f634d12f072e663b0bb3c7d48454fe2c9,2026-09-02T16:40:54+00:00
2026-07-31,WMB,2020Q2,FMP,REVENUE_USD,1785221989.0,D:\Programming\python_example\Arcana\data-lake\bronze\consensus\fmp\analyst-estimates\period=quarter\snapshot_date=2026-07-31\ticker=WMB.json,a88db155d605e46e99cc9614886b098f634d12f072e663b0bb3c7d48454fe2c9,2026-09-02T16:40:54+00:00
2026-07-31,WMB,2020Q1,FMP,REVENUE_USD,2133902858.0,D:\Programming\python_example\Arcana\data-lake\bronze\consensus\fmp\analyst-estimates\period=quarter\snapshot_date=2026-07-31\ticker=WMB.json,a88db155d605e46e99cc9614886b098f634d12f072e663b0bb3c7d48454fe2c9,2026-09-02T16:40:54+00:00
2026-07-31,WMB,2019Q4,FMP,REVENUE_USD,2001812935.0,D:\Programming\python_example\Arcana\data-lake\bronze\consensus\fmp\analyst-estimates\period=quarter\snapshot_date=2026-07-31\ticker=WMB.json,a88db155d605e46e99cc9614886b098f634d12f072e663b0bb3c7d48454fe2c9,2026-09-02T16:40:54+00:00
2026-07-31,WMB,2019Q3,FMP,REVENUE_USD,2035508918.0,D:\Programming\python_example\Arcana\data-lake\bronze\consensus\fmp\analyst-estimates\period=quarter\snapshot_date=2026-07-31\ticker=WMB.json,a88db155d605e46e99cc9614886b098f634d12f072e663b0bb3c7d48454fe2c9,2026-09-02T16:40:54+00:00
2026-07-31,WMB,2019Q2,FMP,REVENUE_USD,2051360504.0,D:\Programming\python_example\Arcana\data-lake\bronze\consensus\fmp\analyst-estimates\period=quarter\snapshot_date=2026-07-31\ticker=WMB.json,a88db155d605e46e99cc9614886b098f634d12f072e663b0bb3c7d48454fe2c9,2026-09-02T16:40:54+00:00
2026-07-31,WMB,2019Q1,FMP,REVENUE_USD,2208905166.0,D:\Programming\python_example\Arcana\data-lake\bronze\consensus\fmp\analyst-estimates\period=quarter\snapshot_date=2026-07-31\ticker=WMB.json,a88db155d605e46e99cc9614886b098f634d12f072e663b0bb3c7d48454fe2c9,2026-09-02T16:40:54+00:00
2026-07-31,WMB,2018Q4,FMP,REVENUE_USD,2784000000.0,D:\Programming\python_example\Arcana\data-lake\bronze\consensus\fmp\analyst-estimates\period=quarter\snapshot_date=2026-07-31\ticker=WMB.json,a88db155d605e46e99cc9614886b098f634d12f072e663b0bb3c7d48454fe2c9,2026-09-02T16:40:54+00:00
2026-07-31,WMB,2018Q3,FMP,REVENUE_USD,3720230769.0,D:\Programming\python_example\Arcana\data-lake\bronze\consensus\fmp\analyst-estimates\period=quarter\snapshot_date=2026-07-31\ticker=WMB.json,a88db155d605e46e99cc9614886b098f634d12f072e663b0bb3c7d48454fe2c9,2026-09-02T16:40:54+00:00
2026-07-31,WMB,2018Q2,FMP,REVENUE_USD,2352375000.0,D:\Programming\python_example\Arcana\data-lake\bronze\consensus\fmp\analyst-estimates\period=quarter\snapshot_date=2026-07-31\ticker=WMB.json,a88db155d605e46e99cc9614886b098f634d12f072e663b0bb3c7d48454fe2c9,2026-09-02T16:40:54+00:00
2026-07-31,WMB,2018Q1,FMP,REVENUE_USD,2436000000.0,D:\Programming\python_example\Arcana\data-lake\bronze\consensus\fmp\analyst-estimates\period=quarter\snapshot_date=2026-07-31\ticker=WMB.json,a88db155d605e46e99cc9614886b098f634d12f072e663b0bb3c7d48454fe2c9,2026-09-02T16:40:54+00:00
2026-07-31,WMB,2017Q4,FMP,REVENUE_USD,1654290000.0,D:\Programming\python_example\Arcana\data-lake\bronze\consensus\fmp\analyst-estimates\period=quarter\snapshot_date=2026-07-31\ticker=WMB.json,a88db155d605e46e99cc9614886b098f634d12f072e663b0bb3c7d48454fe2c9,2026-09-02T16:40:54+00:00
2026-07-31,WMB,2017Q3,FMP,REVENUE_USD,8509500000.0,D:\Programming\python_example\Arcana\data-lake\bronze\consensus\fmp\analyst-estimates\period=quarter\snapshot_date=2026-07-31\ticker=WMB.json,a88db155d605e46e99cc9614886b098f634d12f072e663b0bb3c7d48454fe2c9,2026-09-02T16:40:54+00:00
2026-07-31,WMB,2017Q2,FMP,REVENUE_USD,4040400000.0,D:\Programming\python_example\Arcana\data-lake\bronze\consensus\fmp\analyst-estimates\period=quarter\snapshot_date=2026-07-31\ticker=WMB.json,a88db155d605e46e99cc9614886b098f634d12f072e663b0bb3c7d48454fe2c9,2026-09-02T16:40:54+00:00
2026-07-31,WMB,2017Q1,FMP,REVENUE_USD,1581525000.0,D:\Programming\python_example\Arcana\data-lake\bronze\consensus\fmp\analyst-estimates\period=quarter\snapshot_date=2026-07-31\ticker=WMB.json,a88db155d605e46e99cc9614886b098f634d12f072e663b0bb3c7d48454fe2c9,2026-09-02T16:40:54+00:00
2026-07-31,WMB,2016Q4,FMP,REVENUE_USD,19782000000.0,D:\Programming\python_example\Arcana\data-lake\bronze\consensus\fmp\analyst-estimates\period=quarter\snapshot_date=2026-07-31\ticker=WMB.json,a88db155d605e46e99cc9614886b098f634d12f072e663b0bb3c7d48454fe2c9,2026-09-02T16:40:54+00:00
2026-07-31,WMB,2016Q3,FMP,REVENUE_USD,4048125000.0,D:\Programming\python_example\Arcana\data-lake\bronze\consensus\fmp\analyst-estimates\period=quarter\snapshot_date=2026-07-31\ticker=WMB.json,a88db155d605e46e99cc9614886b098f634d12f072e663b0bb3c7d48454fe2c9,2026-09-02T16:40:54+00:00
2026-07-31,WMB,2016Q2,FMP,REVENUE_USD,642962962.0,D:\Programming\python_example\Arcana\data-lake\bronze\consensus\fmp\analyst-estimates\period=quarter\snapshot_date=2026-07-31\ticker=WMB.json,a88db155d605e46e99cc9614886b098f634d12f072e663b0bb3c7d48454fe2c9,2026-09-02T16:40:54+00:00
2026-07-31,WMB,2016Q1,FMP,REVENUE_USD,6271111111.0,D:\Programming\python_example\Arcana\data-lake\bronze\consensus\fmp\analyst-estimates\period=quarter\snapshot_date=2026-07-31\ticker=WMB.json,a88db155d605e46e99cc9614886b098f634d12f072e663b0bb3c7d48454fe2c9,2026-09-02T16:40:54+00:00
2026-07-31,WMB,2015Q4,FMP,REVENUE_USD,44132000000.0,D:\Programming\python_example\Arcana\data-lake\bronze\consensus\fmp\analyst-estimates\period=quarter\snapshot_date=2026-07-31\ticker=WMB.json,a88db155d605e46e99cc9614886b098f634d12f072e663b0bb3c7d48454fe2c9,2026-09-02T16:40:54+00:00
2026-07-31,WMB,2015Q3,FMP,REVENUE_USD,1799000000.0,D:\Programming\python_example\Arcana\data-lake\bronze\consensus\fmp\analyst-estimates\period=quarter\snapshot_date=2026-07-31\ticker=WMB.json,a88db155d605e46e99cc9614886b098f634d12f072e663b0bb3c7d48454fe2c9,2026-09-02T16:40:54+00:00
2026-07-31,WMB,2015Q2,FMP,REVENUE_USD,2819800000.0,D:\Programming\python_example\Arcana\data-lake\bronze\consensus\fmp\analyst-estimates\period=quarter\snapshot_date=2026-07-31\ticker=WMB.json,a88db155d605e46e99cc9614886b098f634d12f072e663b0bb3c7d48454fe2c9,2026-09-02T16:40:54+00:00
2026-07-31,WMB,2015Q1,FMP,REVENUE_USD,1501500000.0,D:\Programming\python_example\Arcana\data-lake\bronze\consensus\fmp\analyst-estimates\period=quarter\snapshot_date=2026-07-31\ticker=WMB.json,a88db155d605e46e99cc9614886b098f634d12f072e663b0bb3c7d48454fe2c9,2026-09-02T16:40:54+00:00
2026-07-31,WMB,2014Q4,FMP,REVENUE_USD,3077687500.0,D:\Programming\python_example\Arcana\data-lake\bronze\consensus\fmp\analyst-estimates\period=quarter\snapshot_date=2026-07-31\ticker=WMB.json,a88db155d605e46e99cc9614886b098f634d12f072e663b0bb3c7d48454fe2c9,2026-09-02T16:40:54+00:00
2026-07-31,WMB,2014Q3,FMP,REVENUE_USD,2620733333.0,D:\Programming\python_example\Arcana\data-lake\bronze\consensus\fmp\analyst-estimates\period=quarter\snapshot_date=2026-07-31\ticker=WMB.json,a88db155d605e46e99cc9614886b098f634d12f072e663b0bb3c7d48454fe2c9,2026-09-02T16:40:54+00:00
2026-07-31,WMB,2014Q2,FMP,REVENUE_USD,1678000000.0,D:\Programming\python_example\Arcana\data-lake\bronze\consensus\fmp\analyst-estimates\period=quarter\snapshot_date=2026-07-31\ticker=WMB.json,a88db155d605e46e99cc9614886b098f634d12f072e663b0bb3c7d48454fe2c9,2026-09-02T16:40:54+00:00
2026-07-31,WMB,2014Q1,FMP,REVENUE_USD,1561607142.0,D:\Programming\python_example\Arcana\data-lake\bronze\consensus\fmp\analyst-estimates\period=quarter\snapshot_date=2026-07-31\ticker=WMB.json,a88db155d605e46e99cc9614886b098f634d12f072e663b0bb3c7d48454fe2c9,2026-09-02T16:40:54+00:00
2026-07-31,WMB,2013Q4,FMP,REVENUE_USD,1660000000.0,D:\Programming\python_example\Arcana\data-lake\bronze\consensus\fmp\analyst-estimates\period=quarter\snapshot_date=2026-07-31\ticker=WMB.json,a88db155d605e46e99cc9614886b098f634d12f072e663b0bb3c7d48454fe2c9,2026-09-02T16:40:54+00:00
2026-07-31,WMB,2013Q3,FMP,REVENUE_USD,1366736842.0,D:\Programming\python_example\Arcana\data-lake\bronze\consensus\fmp\analyst-estimates\period=quarter\snapshot_date=2026-07-31\ticker=WMB.json,a88db155d605e46e99cc9614886b098f634d12f072e663b0bb3c7d48454fe2c9,2026-09-02T16:40:54+00:00
2026-07-31,WMB,2013Q2,FMP,REVENUE_USD,1395000000.0,D:\Programming\python_example\Arcana\data-lake\bronze\consensus\fmp\analyst-estimates\period=quarter\snapshot_date=2026-07-31\ticker=WMB.json,a88db155d605e46e99cc9614886b098f634d12f072e663b0bb3c7d48454fe2c9,2026-09-02T16:40:54+00:00
2026-07-31,WMB,2013Q1,FMP,REVENUE_USD,1974545454.0,D:\Programming\python_example\Arcana\data-lake\bronze\consensus\fmp\analyst-estimates\period=quarter\snapshot_date=2026-07-31\ticker=WMB.json,a88db155d605e46e99cc9614886b098f634d12f072e663b0bb3c7d48454fe2c9,2026-09-02T16:40:54+00:00
2026-07-31,WMB,2012Q4,FMP,REVENUE_USD,1869000000.0,D:\Programming\python_example\Arcana\data-lake\bronze\consensus\fmp\analyst-estimates\period=quarter\snapshot_date=2026-07-31\ticker=WMB.json,a88db155d605e46e99cc9614886b098f634d12f072e663b0bb3c7d48454fe2c9,2026-09-02T16:40:54+00:00
2026-07-31,WMB,2012Q3,FMP,REVENUE_USD,1822080000.0,D:\Programming\python_example\Arcana\data-lake\bronze\consensus\fmp\analyst-estimates\period=quarter\snapshot_date=2026-07-31\ticker=WMB.json,a88db155d605e46e99cc9614886b098f634d12f072e663b0bb3c7d48454fe2c9,2026-09-02T16:40:54+00:00
2026-07-31,WMB,2012Q2,FMP,REVENUE_USD,2097727272.0,D:\Programming\python_example\Arcana\data-lake\bronze\consensus\fmp\analyst-estimates\period=quarter\snapshot_date=2026-07-31\ticker=WMB.json,a88db155d605e46e99cc9614886b098f634d12f072e663b0bb3c7d48454fe2c9,2026-09-02T16:40:54+00:00
2026-07-31,WMB,2012Q1,FMP,REVENUE_USD,1863692307.0,D:\Programming\python_example\Arcana\data-lake\bronze\consensus\fmp\analyst-estimates\period=quarter\snapshot_date=2026-07-31\ticker=WMB.json,a88db155d605e46e99cc9614886b098f634d12f072e663b0bb3c7d48454fe2c9,2026-09-02T16:40:54+00:00
2026-07-31,WMB,2011Q4,FMP,REVENUE_USD,2357777777.0,D:\Programming\python_example\Arcana\data-lake\bronze\consensus\fmp\analyst-estimates\period=quarter\snapshot_date=2026-07-31\ticker=WMB.json,a88db155d605e46e99cc9614886b098f634d12f072e663b0bb3c7d48454fe2c9,2026-09-02T16:40:54+00:00
2026-07-31,WMB,2011Q3,FMP,REVENUE_USD,1972000000.0,D:\Programming\python_example\Arcana\data-lake\bronze\consensus\fmp\analyst-estimates\period=quarter\snapshot_date=2026-07-31\ticker=WMB.json,a88db155d605e46e99cc9614886b098f634d12f072e663b0bb3c7d48454fe2c9,2026-09-02T16:40:54+00:00
2026-07-31,WMB,2011Q2,FMP,REVENUE_USD,1984000000.0,D:\Programming\python_example\Arcana\data-lake\bronze\consensus\fmp\analyst-estimates\period=quarter\snapshot_date=2026-07-31\ticker=WMB.json,a88db155d605e46e99cc9614886b098f634d12f072e663b0bb3c7d48454fe2c9,2026-09-02T16:40:54+00:00
2026-07-31,WMB,2011Q1,FMP,REVENUE_USD,1871000000.0,D:\Programming\python_example\Arcana\data-lake\bronze\consensus\fmp\analyst-estimates\period=quarter\snapshot_date=2026-07-31\ticker=WMB.json,a88db155d605e46e99cc9614886b098f634d12f072e663b0bb3c7d48454fe2c9,2026-09-02T16:40:54+00:00
2026-07-31,WMB,2010Q4,FMP,REVENUE_USD,1068340909.0,D:\Programming\python_example\Arcana\data-lake\bronze\consensus\fmp\analyst-estimates\period=quarter\snapshot_date=2026-07-31\ticker=WMB.json,a88db155d605e46e99cc9614886b098f634d12f072e663b0bb3c7d48454fe2c9,2026-09-02T16:40:54+00:00
2026-07-31,WMB,2010Q3,FMP,REVENUE_USD,2927272727.0,D:\Programming\python_example\Arcana\data-lake\bronze\consensus\fmp\analyst-estimates\period=quarter\snapshot_date=2026-07-31\ticker=WMB.json,a88db155d605e46e99cc9614886b098f634d12f072e663b0bb3c7d48454fe2c9,2026-09-02T16:40:54+00:00
2026-07-31,WMB,2010Q2,FMP,REVENUE_USD,2546666666.0,D:\Programming\python_example\Arcana\data-lake\bronze\consensus\fmp\analyst-estimates\period=quarter\snapshot_date=2026-07-31\ticker=WMB.json,a88db155d605e46e99cc9614886b098f634d12f072e663b0bb3c7d48454fe2c9,2026-09-02T16:40:54+00:00
2026-07-31,WMB,2010Q1,FMP,REVENUE_USD,2662972222.0,D:\Programming\python_example\Arcana\data-lake\bronze\consensus\fmp\analyst-estimates\period=quarter\snapshot_date=2026-07-31\ticker=WMB.json,a88db155d605e46e99cc9614886b098f634d12f072e663b0bb3c7d48454fe2c9,2026-09-02T16:40:54+00:00
2026-07-31,WMB,2009Q4,FMP,REVENUE_USD,2929037037.0,D:\Programming\python_example\Arcana\data-lake\bronze\consensus\fmp\analyst-estimates\period=quarter\snapshot_date=2026-07-31\ticker=WMB.json,a88db155d605e46e99cc9614886b098f634d12f072e663b0bb3c7d48454fe2c9,2026-09-02T16:40:54+00:00
2026-07-31,WMB,2009Q3,FMP,REVENUE_USD,1594480000.0,D:\Programming\python_example\Arcana\data-lake\bronze\consensus\fmp\analyst-estimates\period=quarter\snapshot_date=2026-07-31\ticker=WMB.json,a88db155d605e46e99cc9614886b098f634d12f072e663b0bb3c7d48454fe2c9,2026-09-02T16:40:54+00:00
2026-07-31,WMB,2009Q2,FMP,REVENUE_USD,1527200000.0,D:\Programming\python_example\Arcana\data-lake\bronze\consensus\fmp\analyst-estimates\period=quarter\snapshot_date=2026-07-31\ticker=WMB.json,a88db155d605e46e99cc9614886b098f634d12f072e663b0bb3c7d48454fe2c9,2026-09-02T16:40:54+00:00
2026-07-31,WMB,2009Q1,FMP,REVENUE_USD,1659909090.0,D:\Programming\python_example\Arcana\data-lake\bronze\consensus\fmp\analyst-estimates\period=quarter\snapshot_date=2026-07-31\ticker=WMB.json,a88db155d605e46e99cc9614886b098f634d12f072e663b0bb3c7d48454fe2c9,2026-09-02T16:40:54+00:00
2026-07-31,WMB,2008Q4,FMP,REVENUE_USD,1894545454.0,D:\Programming\python_example\Arcana\data-lake\bronze\consensus\fmp\analyst-estimates\period=quarter\snapshot_date=2026-07-31\ticker=WMB.json,a88db155d605e46e99cc9614886b098f634d12f072e663b0bb3c7d48454fe2c9,2026-09-02T16:40:54+00:00
2026-07-31,WMB,2008Q3,FMP,REVENUE_USD,3577280701.0,D:\Programming\python_example\Arcana\data-lake\bronze\consensus\fmp\analyst-estimates\period=quarter\snapshot_date=2026-07-31\ticker=WMB.json,a88db155d605e46e99cc9614886b098f634d12f072e663b0bb3c7d48454fe2c9,2026-09-02T16:40:54+00:00
2026-07-31,WMB,2008Q2,FMP,REVENUE_USD,3626558823.0,D:\Programming\python_example\Arcana\data-lake\bronze\consensus\fmp\analyst-estimates\period=quarter\snapshot_date=2026-07-31\ticker=WMB.json,a88db155d605e46e99cc9614886b098f634d12f072e663b0bb3c7d48454fe2c9,2026-09-02T16:40:54+00:00
2026-07-31,WMB,2008Q1,FMP,REVENUE_USD,2823508771.0,D:\Programming\python_example\Arcana\data-lake\bronze\consensus\fmp\analyst-estimates\period=quarter\snapshot_date=2026-07-31\ticker=WMB.json,a88db155d605e46e99cc9614886b098f634d12f072e663b0bb3c7d48454fe2c9,2026-09-02T16:40:54+00:00
2026-07-31,WMB,2007Q4,FMP,REVENUE_USD,2024949152.0,D:\Programming\python_example\Arcana\data-lake\bronze\consensus\fmp\analyst-estimates\period=quarter\snapshot_date=2026-07-31\ticker=WMB.json,a88db155d605e46e99cc9614886b098f634d12f072e663b0bb3c7d48454fe2c9,2026-09-02T16:40:54+00:00
2026-07-31,WMB,2007Q3,FMP,REVENUE_USD,2771076923.0,D:\Programming\python_example\Arcana\data-lake\bronze\consensus\fmp\analyst-estimates\period=quarter\snapshot_date=2026-07-31\ticker=WMB.json,a88db155d605e46e99cc9614886b098f634d12f072e663b0bb3c7d48454fe2c9,2026-09-02T16:40:54+00:00
2026-07-31,WMB,2007Q2,FMP,REVENUE_USD,2348372093.0,D:\Programming\python_example\Arcana\data-lake\bronze\consensus\fmp\analyst-estimates\period=quarter\snapshot_date=2026-07-31\ticker=WMB.json,a88db155d605e46e99cc9614886b098f634d12f072e663b0bb3c7d48454fe2c9,2026-09-02T16:40:54+00:00
2026-07-31,WMB,2007Q1,FMP,REVENUE_USD,2752827586.0,D:\Programming\python_example\Arcana\data-lake\bronze\consensus\fmp\analyst-estimates\period=quarter\snapshot_date=2026-07-31\ticker=WMB.json,a88db155d605e46e99cc9614886b098f634d12f072e663b0bb3c7d48454fe2c9,2026-09-02T16:40:54+00:00
2026-07-31,WMB,2006Q4,FMP,REVENUE_USD,1956413333.0,D:\Programming\python_example\Arcana\data-lake\bronze\consensus\fmp\analyst-estimates\period=quarter\snapshot_date=2026-07-31\ticker=WMB.json,a88db155d605e46e99cc9614886b098f634d12f072e663b0bb3c7d48454fe2c9,2026-09-02T16:40:54+00:00
2026-07-31,WMB,2006Q3,FMP,REVENUE_USD,2332385714.0,D:\Programming\python_example\Arcana\data-lake\bronze\consensus\fmp\analyst-estimates\period=quarter\snapshot_date=2026-07-31\ticker=WMB.json,a88db155d605e46e99cc9614886b098f634d12f072e663b0bb3c7d48454fe2c9,2026-09-02T16:40:54+00:00
2026-07-31,WMB,2006Q2,FMP,REVENUE_USD,1479733333.0,D:\Programming\python_example\Arcana\data-lake\bronze\consensus\fmp\analyst-estimates\period=quarter\snapshot_date=2026-07-31\ticker=WMB.json,a88db155d605e46e99cc9614886b098f634d12f072e663b0bb3c7d48454fe2c9,2026-09-02T16:40:54+00:00
2026-07-31,WMB,2006Q1,FMP,REVENUE_USD,2387200000.0,D:\Programming\python_example\Arcana\data-lake\bronze\consensus\fmp\analyst-estimates\period=quarter\snapshot_date=2026-07-31\ticker=WMB.json,a88db155d605e46e99cc9614886b098f634d12f072e663b0bb3c7d48454fe2c9,2026-09-02T16:40:54+00:00
2026-07-31,WMB,2005Q4,FMP,REVENUE_USD,4241653846.0,D:\Programming\python_example\Arcana\data-lake\bronze\consensus\fmp\analyst-estimates\period=quarter\snapshot_date=2026-07-31\ticker=WMB.json,a88db155d605e46e99cc9614886b098f634d12f072e663b0bb3c7d48454fe2c9,2026-09-02T16:40:54+00:00
2026-07-31,WMB,2005Q2,FMP,REVENUE_USD,3546776470.0,D:\Programming\python_example\Arcana\data-lake\bronze\consensus\fmp\analyst-estimates\period=quarter\snapshot_date=2026-07-31\ticker=WMB.json,a88db155d605e46e99cc9614886b098f634d12f072e663b0bb3c7d48454fe2c9,2026-09-02T16:40:54+00:00
2026-07-31,WMB,2005Q1,FMP,REVENUE_USD,2954000000.0,D:\Programming\python_example\Arcana\data-lake\bronze\consensus\fmp\analyst-estimates\period=quarter\snapshot_date=2026-07-31\ticker=WMB.json,a88db155d605e46e99cc9614886b098f634d12f072e663b0bb3c7d48454fe2c9,2026-09-02T16:40:54+00:00
2026-07-31,WMB,2004Q4,FMP,REVENUE_USD,3622911111.0,D:\Programming\python_example\Arcana\data-lake\bronze\consensus\fmp\analyst-estimates\period=quarter\snapshot_date=2026-07-31\ticker=WMB.json,a88db155d605e46e99cc9614886b098f634d12f072e663b0bb3c7d48454fe2c9,2026-09-02T16:40:54+00:00
2026-07-31,WMB,2004Q3,FMP,REVENUE_USD,4500266666.0,D:\Programming\python_example\Arcana\data-lake\bronze\consensus\fmp\analyst-estimates\period=quarter\snapshot_date=2026-07-31\ticker=WMB.json,a88db155d605e46e99cc9614886b098f634d12f072e663b0bb3c7d48454fe2c9,2026-09-02T16:40:54+00:00
2026-07-31,WMB,2004Q2,FMP,REVENUE_USD,2155866428.0,D:\Programming\python_example\Arcana\data-lake\bronze\consensus\fmp\analyst-estimates\period=quarter\snapshot_date=2026-07-31\ticker=WMB.json,a88db155d605e46e99cc9614886b098f634d12f072e663b0bb3c7d48454fe2c9,2026-09-02T16:40:54+00:00
2026-07-31,WMB,2004Q1,FMP,REVENUE_USD,12280000000.0,D:\Programming\python_example\Arcana\data-lake\bronze\consensus\fmp\analyst-estimates\period=quarter\snapshot_date=2026-07-31\ticker=WMB.json,a88db155d605e46e99cc9614886b098f634d12f072e663b0bb3c7d48454fe2c9,2026-09-02T16:40:54+00:00
2026-07-31,WMB,2003Q4,FMP,REVENUE_USD,958227272.0,D:\Programming\python_example\Arcana\data-lake\bronze\consensus\fmp\analyst-estimates\period=quarter\snapshot_date=2026-07-31\ticker=WMB.json,a88db155d605e46e99cc9614886b098f634d12f072e663b0bb3c7d48454fe2c9,2026-09-02T16:40:54+00:00
2026-07-31,WMB,2003Q3,FMP,REVENUE_USD,23745500000.0,D:\Programming\python_example\Arcana\data-lake\bronze\consensus\fmp\analyst-estimates\period=quarter\snapshot_date=2026-07-31\ticker=WMB.json,a88db155d605e46e99cc9614886b098f634d12f072e663b0bb3c7d48454fe2c9,2026-09-02T16:40:54+00:00
2026-07-31,WMB,2003Q2,FMP,REVENUE_USD,60973560000.0,D:\Programming\python_example\Arcana\data-lake\bronze\consensus\fmp\analyst-estimates\period=quarter\snapshot_date=2026-07-31\ticker=WMB.json,a88db155d605e46e99cc9614886b098f634d12f072e663b0bb3c7d48454fe2c9,2026-09-02T16:40:54+00:00
2026-07-31,WMB,2003Q1,FMP,REVENUE_USD,3582075000.0,D:\Programming\python_example\Arcana\data-lake\bronze\consensus\fmp\analyst-estimates\period=quarter\snapshot_date=2026-07-31\ticker=WMB.json,a88db155d605e46e99cc9614886b098f634d12f072e663b0bb3c7d48454fe2c9,2026-09-02T16:40:54+00:00
2026-07-31,WMB,2002Q3,FMP,REVENUE_USD,17980000.0,D:\Programming\python_example\Arcana\data-lake\bronze\consensus\fmp\analyst-estimates\period=quarter\snapshot_date=2026-07-31\ticker=WMB.json,a88db155d605e46e99cc9614886b098f634d12f072e663b0bb3c7d48454fe2c9,2026-09-02T16:40:54+00:00
2026-07-31,WMB,2002Q2,FMP,REVENUE_USD,725126470.0,D:\Programming\python_example\Arcana\data-lake\bronze\consensus\fmp\analyst-estimates\period=quarter\snapshot_date=2026-07-31\ticker=WMB.json,a88db155d605e46e99cc9614886b098f634d12f072e663b0bb3c7d48454fe2c9,2026-09-02T16:40:54+00:00
2026-07-31,WMB,2002Q1,FMP,REVENUE_USD,1047447058.0,D:\Programming\python_example\Arcana\data-lake\bronze\consensus\fmp\analyst-estimates\period=quarter\snapshot_date=2026-07-31\ticker=WMB.json,a88db155d605e46e99cc9614886b098f634d12f072e663b0bb3c7d48454fe2c9,2026-09-02T16:40:54+00:00
2026-07-31,WMB,2001Q4,FMP,REVENUE_USD,2612584615.0,D:\Programming\python_example\Arcana\data-lake\bronze\consensus\fmp\analyst-estimates\period=quarter\snapshot_date=2026-07-31\ticker=WMB.json,a88db155d605e46e99cc9614886b098f634d12f072e663b0bb3c7d48454fe2c9,2026-09-02T16:40:54+00:00
2026-07-31,WMB,2001Q3,FMP,REVENUE_USD,2223798461.0,D:\Programming\python_example\Arcana\data-lake\bronze\consensus\fmp\analyst-estimates\period=quarter\snapshot_date=2026-07-31\ticker=WMB.json,a88db155d605e46e99cc9614886b098f634d12f072e663b0bb3c7d48454fe2c9,2026-09-02T16:40:54+00:00
2026-07-31,WMB,2001Q2,FMP,REVENUE_USD,2130026086.0,D:\Programming\python_example\Arcana\data-lake\bronze\consensus\fmp\analyst-estimates\period=quarter\snapshot_date=2026-07-31\ticker=WMB.json,a88db155d605e46e99cc9614886b098f634d12f072e663b0bb3c7d48454fe2c9,2026-09-02T16:40:54+00:00
2026-07-31,WMB,2001Q1,FMP,REVENUE_USD,3003669230.0,D:\Programming\python_example\Arcana\data-lake\bronze\consensus\fmp\analyst-estimates\period=quarter\snapshot_date=2026-07-31\ticker=WMB.json,a88db155d605e46e99cc9614886b098f634d12f072e663b0bb3c7d48454fe2c9,2026-09-02T16:40:54+00:00
2026-07-31,WMB,2000Q4,FMP,REVENUE_USD,2196089998.0,D:\Programming\python_example\Arcana\data-lake\bronze\consensus\fmp\analyst-estimates\period=quarter\snapshot_date=2026-07-31\ticker=WMB.json,a88db155d605e46e99cc9614886b098f634d12f072e663b0bb3c7d48454fe2c9,2026-09-02T16:40:54+00:00
2026-07-31,WMB,2000Q3,FMP,REVENUE_USD,949014814.0,D:\Programming\python_example\Arcana\data-lake\bronze\consensus\fmp\analyst-estimates\period=quarter\snapshot_date=2026-07-31\ticker=WMB.json,a88db155d605e46e99cc9614886b098f634d12f072e663b0bb3c7d48454fe2c9,2026-09-02T16:40:54+00:00
2026-07-31,WMB,2000Q2,FMP,REVENUE_USD,2830508998.0,D:\Programming\python_example\Arcana\data-lake\bronze\consensus\fmp\analyst-estimates\period=quarter\snapshot_date=2026-07-31\ticker=WMB.json,a88db155d605e46e99cc9614886b098f634d12f072e663b0bb3c7d48454fe2c9,2026-09-02T16:40:54+00:00
2026-07-31,WMB,2000Q1,FMP,REVENUE_USD,1777767746.0,D:\Programming\python_example\Arcana\data-lake\bronze\consensus\fmp\analyst-estimates\period=quarter\snapshot_date=2026-07-31\ticker=WMB.json,a88db155d605e46e99cc9614886b098f634d12f072e663b0bb3c7d48454fe2c9,2026-09-02T16:40:54+00:00
2026-07-31,WMB,1999Q4,FMP,REVENUE_USD,2892120000.0,D:\Programming\python_example\Arcana\data-lake\bronze\consensus\fmp\analyst-estimates\period=quarter\snapshot_date=2026-07-31\ticker=WMB.json,a88db155d605e46e99cc9614886b098f634d12f072e663b0bb3c7d48454fe2c9,2026-09-02T16:40:54+00:00
2026-07-31,WMB,1999Q3,FMP,REVENUE_USD,5150133333.0,D:\Programming\python_example\Arcana\data-lake\bronze\consensus\fmp\analyst-estimates\period=quarter\snapshot_date=2026-07-31\ticker=WMB.json,a88db155d605e46e99cc9614886b098f634d12f072e663b0bb3c7d48454fe2c9,2026-09-02T16:40:54+00:00
2026-07-31,WMB,1999Q2,FMP,REVENUE_USD,1993000000.0,D:\Programming\python_example\Arcana\data-lake\bronze\consensus\fmp\analyst-estimates\period=quarter\snapshot_date=2026-07-31\ticker=WMB.json,a88db155d605e46e99cc9614886b098f634d12f072e663b0bb3c7d48454fe2c9,2026-09-02T16:40:54+00:00
2026-07-31,WMB,1999Q1,FMP,REVENUE_USD,3181254545.0,D:\Programming\python_example\Arcana\data-lake\bronze\consensus\fmp\analyst-estimates\period=quarter\snapshot_date=2026-07-31\ticker=WMB.json,a88db155d605e46e99cc9614886b098f634d12f072e663b0bb3c7d48454fe2c9,2026-09-02T16:40:54+00:00
2026-07-31,WMB,1998Q4,FMP,REVENUE_USD,2497114285.0,D:\Programming\python_example\Arcana\data-lake\bronze\consensus\fmp\analyst-estimates\period=quarter\snapshot_date=2026-07-31\ticker=WMB.json,a88db155d605e46e99cc9614886b098f634d12f072e663b0bb3c7d48454fe2c9,2026-09-02T16:40:54+00:00
2026-07-31,WMB,1998Q3,FMP,REVENUE_USD,2330752941.0,D:\Programming\python_example\Arcana\data-lake\bronze\consensus\fmp\analyst-estimates\period=quarter\snapshot_date=2026-07-31\ticker=WMB.json,a88db155d605e46e99cc9614886b098f634d12f072e663b0bb3c7d48454fe2c9,2026-09-02T16:40:54+00:00
2026-07-31,WMB,1998Q2,FMP,REVENUE_USD,2296152941.0,D:\Programming\python_example\Arcana\data-lake\bronze\consensus\fmp\analyst-estimates\period=quarter\snapshot_date=2026-07-31\ticker=WMB.json,a88db155d605e46e99cc9614886b098f634d12f072e663b0bb3c7d48454fe2c9,2026-09-02T16:40:54+00:00
2026-07-31,WMB,1998Q1,FMP,REVENUE_USD,2109476923.0,D:\Programming\python_example\Arcana\data-lake\bronze\consensus\fmp\analyst-estimates\period=quarter\snapshot_date=2026-07-31\ticker=WMB.json,a88db155d605e46e99cc9614886b098f634d12f072e663b0bb3c7d48454fe2c9,2026-09-02T16:40:54+00:00
2026-07-31,WMB,1997Q4,FMP,REVENUE_USD,1227018750.0,D:\Programming\python_example\Arcana\data-lake\bronze\consensus\fmp\analyst-estimates\period=quarter\snapshot_date=2026-07-31\ticker=WMB.json,a88db155d605e46e99cc9614886b098f634d12f072e663b0bb3c7d48454fe2c9,2026-09-02T16:40:54+00:00
2026-07-31,WMB,1997Q3,FMP,REVENUE_USD,1994050000.0,D:\Programming\python_example\Arcana\data-lake\bronze\consensus\fmp\analyst-estimates\period=quarter\snapshot_date=2026-07-31\ticker=WMB.json,a88db155d605e46e99cc9614886b098f634d12f072e663b0bb3c7d48454fe2c9,2026-09-02T16:40:54+00:00
2026-07-31,WMB,1997Q2,FMP,REVENUE_USD,1777355000.0,D:\Programming\python_example\Arcana\data-lake\bronze\consensus\fmp\analyst-estimates\period=quarter\snapshot_date=2026-07-31\ticker=WMB.json,a88db155d605e46e99cc9614886b098f634d12f072e663b0bb3c7d48454fe2c9,2026-09-02T16:40:54+00:00
2026-07-31,WMB,1997Q1,FMP,REVENUE_USD,2049137500.0,D:\Programming\python_example\Arcana\data-lake\bronze\consensus\fmp\analyst-estimates\period=quarter\snapshot_date=2026-07-31\ticker=WMB.json,a88db155d605e46e99cc9614886b098f634d12f072e663b0bb3c7d48454fe2c9,2026-09-02T16:40:54+00:00
2026-07-31,WMB,1996Q4,FMP,REVENUE_USD,926903225.0,D:\Programming\python_example\Arcana\data-lake\bronze\consensus\fmp\analyst-estimates\period=quarter\snapshot_date=2026-07-31\ticker=WMB.json,a88db155d605e46e99cc9614886b098f634d12f072e663b0bb3c7d48454fe2c9,2026-09-02T16:40:54+00:00
2026-07-31,WMB,1996Q3,FMP,REVENUE_USD,1327376190.0,D:\Programming\python_example\Arcana\data-lake\bronze\consensus\fmp\analyst-estimates\period=quarter\snapshot_date=2026-07-31\ticker=WMB.json,a88db155d605e46e99cc9614886b098f634d12f072e663b0bb3c7d48454fe2c9,2026-09-02T16:40:54+00:00
2026-07-31,EPD,2030Q4,FMP,REVENUE_USD,21350284990.0,D:\Programming\python_example\Arcana\data-lake\bronze\consensus\fmp\analyst-estimates\period=quarter\snapshot_date=2026-07-31\ticker=EPD.json,710d61e68318adf394dfd62686723a6681f17ea07f7904762f4e8127343708ba,2026-09-02T16:40:54+00:00
2026-07-31,EPD,2030Q3,FMP,REVENUE_USD,20911215392.0,D:\Programming\python_example\Arcana\data-lake\bronze\consensus\fmp\analyst-estimates\period=quarter\snapshot_date=2026-07-31\ticker=EPD.json,710d61e68318adf394dfd62686723a6681f17ea07f7904762f4e8127343708ba,2026-09-02T16:40:54+00:00
2026-07-31,EPD,2030Q2,FMP,REVENUE_USD,20481175281.0,D:\Programming\python_example\Arcana\data-lake\bronze\consensus\fmp\analyst-estimates\period=quarter\snapshot_date=2026-07-31\ticker=EPD.json,710d61e68318adf394dfd62686723a6681f17ea07f7904762f4e8127343708ba,2026-09-02T16:40:54+00:00
2026-07-31,EPD,2030Q1,FMP,REVENUE_USD,20059978964.0,D:\Programming\python_example\Arcana\data-lake\bronze\consensus\fmp\analyst-estimates\period=quarter\snapshot_date=2026-07-31\ticker=EPD.json,710d61e68318adf394dfd62686723a6681f17ea07f7904762f4e8127343708ba,2026-09-02T16:40:54+00:00
2026-07-31,EPD,2029Q4,FMP,REVENUE_USD,19647444569.0,D:\Programming\python_example\Arcana\data-lake\bronze\consensus\fmp\analyst-estimates\period=quarter\snapshot_date=2026-07-31\ticker=EPD.json,710d61e68318adf394dfd62686723a6681f17ea07f7904762f4e8127343708ba,2026-09-02T16:40:54+00:00
2026-07-31,EPD,2029Q3,FMP,REVENUE_USD,19243393963.0,D:\Programming\python_example\Arcana\data-lake\bronze\consensus\fmp\analyst-estimates\period=quarter\snapshot_date=2026-07-31\ticker=EPD.json,710d61e68318adf394dfd62686723a6681f17ea07f7904762f4e8127343708ba,2026-09-02T16:40:54+00:00
2026-07-31,EPD,2029Q2,FMP,REVENUE_USD,18847652676.0,D:\Programming\python_example\Arcana\data-lake\bronze\consensus\fmp\analyst-estimates\period=quarter\snapshot_date=2026-07-31\ticker=EPD.json,710d61e68318adf394dfd62686723a6681f17ea07f7904762f4e8127343708ba,2026-09-02T16:40:54+00:00
2026-07-31,EPD,2029Q1,FMP,REVENUE_USD,18460049827.0,D:\Programming\python_example\Arcana\data-lake\bronze\consensus\fmp\analyst-estimates\period=quarter\snapshot_date=2026-07-31\ticker=EPD.json,710d61e68318adf394dfd62686723a6681f17ea07f7904762f4e8127343708ba,2026-09-02T16:40:54+00:00
2026-07-31,EPD,2028Q4,FMP,REVENUE_USD,19697872000.0,D:\Programming\python_example\Arcana\data-lake\bronze\consensus\fmp\analyst-estimates\period=quarter\snapshot_date=2026-07-31\ticker=EPD.json,710d61e68318adf394dfd62686723a6681f17ea07f7904762f4e8127343708ba,2026-09-02T16:40:54+00:00
2026-07-31,EPD,2028Q3,FMP,REVENUE_USD,17887562000.0,D:\Programming\python_example\Arcana\data-lake\bronze\consensus\fmp\analyst-estimates\period=quarter\snapshot_date=2026-07-31\ticker=EPD.json,710d61e68318adf394dfd62686723a6681f17ea07f7904762f4e8127343708ba,2026-09-02T16:40:54+00:00
2026-07-31,EPD,2028Q2,FMP,REVENUE_USD,17551896000.0,D:\Programming\python_example\Arcana\data-lake\bronze\consensus\fmp\analyst-estimates\period=quarter\snapshot_date=2026-07-31\ticker=EPD.json,710d61e68318adf394dfd62686723a6681f17ea07f7904762f4e8127343708ba,2026-09-02T16:40:54+00:00
2026-07-31,EPD,2028Q1,FMP,REVENUE_USD,18713699000.0,D:\Programming\python_example\Arcana\data-lake\bronze\consensus\fmp\analyst-estimates\period=quarter\snapshot_date=2026-07-31\ticker=EPD.json,710d61e68318adf394dfd62686723a6681f17ea07f7904762f4e8127343708ba,2026-09-02T16:40:54+00:00
2026-07-31,EPD,2027Q4,FMP,REVENUE_USD,15113808500.0,D:\Programming\python_example\Arcana\data-lake\bronze\consensus\fmp\analyst-estimates\period=quarter\snapshot_date=2026-07-31\ticker=EPD.json,710d61e68318adf394dfd62686723a6681f17ea07f7904762f4e8127343708ba,2026-09-02T16:40:54+00:00
2026-07-31,EPD,2027Q3,FMP,REVENUE_USD,14255505000.0,D:\Programming\python_example\Arcana\data-lake\bronze\consensus\fmp\analyst-estimates\period=quarter\snapshot_date=2026-07-31\ticker=EPD.json,710d61e68318adf394dfd62686723a6681f17ea07f7904762f4e8127343708ba,2026-09-02T16:40:54+00:00
2026-07-31,EPD,2027Q2,FMP,REVENUE_USD,13679826000.0,D:\Programming\python_example\Arcana\data-lake\bronze\consensus\fmp\analyst-estimates\period=quarter\snapshot_date=2026-07-31\ticker=EPD.json,710d61e68318adf394dfd62686723a6681f17ea07f7904762f4e8127343708ba,2026-09-02T16:40:54+00:00
2026-07-31,EPD,2027Q1,FMP,REVENUE_USD,14444409618.0,D:\Programming\python_example\Arcana\data-lake\bronze\consensus\fmp\analyst-estimates\period=quarter\snapshot_date=2026-07-31\ticker=EPD.json,710d61e68318adf394dfd62686723a6681f17ea07f7904762f4e8127343708ba,2026-09-02T16:40:54+00:00
2026-07-31,EPD,2026Q4,FMP,REVENUE_USD,13577420007.0,D:\Programming\python_example\Arcana\data-lake\bronze\consensus\fmp\analyst-estimates\period=quarter\snapshot_date=2026-07-31\ticker=EPD.json,710d61e68318adf394dfd62686723a6681f17ea07f7904762f4e8127343708ba,2026-09-02T16:40:54+00:00
2026-07-31,EPD,2026Q3,FMP,REVENUE_USD,13311280751.0,D:\Programming\python_example\Arcana\data-lake\bronze\consensus\fmp\analyst-estimates\period=quarter\snapshot_date=2026-07-31\ticker=EPD.json,710d61e68318adf394dfd62686723a6681f17ea07f7904762f4e8127343708ba,2026-09-02T16:40:54+00:00
2026-07-31,EPD,2026Q2,FMP,REVENUE_USD,13688109567.0,D:\Programming\python_example\Arcana\data-lake\bronze\consensus\fmp\analyst-estimates\period=quarter\snapshot_date=2026-07-31\ticker=EPD.json,710d61e68318adf394dfd62686723a6681f17ea07f7904762f4e8127343708ba,2026-09-02T16:40:54+00:00
2026-07-31,EPD,2026Q1,FMP,REVENUE_USD,13615779215.0,D:\Programming\python_example\Arcana\data-lake\bronze\consensus\fmp\analyst-estimates\period=quarter\snapshot_date=2026-07-31\ticker=EPD.json,710d61e68318adf394dfd62686723a6681f17ea07f7904762f4e8127343708ba,2026-09-02T16:40:54+00:00
2026-07-31,EPD,2025Q4,FMP,REVENUE_USD,12364440389.0,D:\Programming\python_example\Arcana\data-lake\bronze\consensus\fmp\analyst-estimates\period=quarter\snapshot_date=2026-07-31\ticker=EPD.json,710d61e68318adf394dfd62686723a6681f17ea07f7904762f4e8127343708ba,2026-09-02T16:40:54+00:00
2026-07-31,EPD,2025Q3,FMP,REVENUE_USD,11799308974.0,D:\Programming\python_example\Arcana\data-lake\bronze\consensus\fmp\analyst-estimates\period=quarter\snapshot_date=2026-07-31\ticker=EPD.json,710d61e68318adf394dfd62686723a6681f17ea07f7904762f4e8127343708ba,2026-09-02T16:40:54+00:00
2026-07-31,EPD,2025Q2,FMP,REVENUE_USD,14175794629.0,D:\Programming\python_example\Arcana\data-lake\bronze\consensus\fmp\analyst-estimates\period=quarter\snapshot_date=2026-07-31\ticker=EPD.json,710d61e68318adf394dfd62686723a6681f17ea07f7904762f4e8127343708ba,2026-09-02T16:40:54+00:00
2026-07-31,EPD,2025Q1,FMP,REVENUE_USD,13999551753.0,D:\Programming\python_example\Arcana\data-lake\bronze\consensus\fmp\analyst-estimates\period=quarter\snapshot_date=2026-07-31\ticker=EPD.json,710d61e68318adf394dfd62686723a6681f17ea07f7904762f4e8127343708ba,2026-09-02T16:40:54+00:00
2026-07-31,EPD,2024Q4,FMP,REVENUE_USD,14126427723.0,D:\Programming\python_example\Arcana\data-lake\bronze\consensus\fmp\analyst-estimates\period=quarter\snapshot_date=2026-07-31\ticker=EPD.json,710d61e68318adf394dfd62686723a6681f17ea07f7904762f4e8127343708ba,2026-09-02T16:40:54+00:00
2026-07-31,EPD,2024Q3,FMP,REVENUE_USD,13872085587.0,D:\Programming\python_example\Arcana\data-lake\bronze\consensus\fmp\analyst-estimates\period=quarter\snapshot_date=2026-07-31\ticker=EPD.json,710d61e68318adf394dfd62686723a6681f17ea07f7904762f4e8127343708ba,2026-09-02T16:40:54+00:00
2026-07-31,EPD,2024Q2,FMP,REVENUE_USD,14230337446.0,D:\Programming\python_example\Arcana\data-lake\bronze\consensus\fmp\analyst-estimates\period=quarter\snapshot_date=2026-07-31\ticker=EPD.json,710d61e68318adf394dfd62686723a6681f17ea07f7904762f4e8127343708ba,2026-09-02T16:40:54+00:00
2026-07-31,EPD,2024Q1,FMP,REVENUE_USD,13815583349.0,D:\Programming\python_example\Arcana\data-lake\bronze\consensus\fmp\analyst-estimates\period=quarter\snapshot_date=2026-07-31\ticker=EPD.json,710d61e68318adf394dfd62686723a6681f17ea07f7904762f4e8127343708ba,2026-09-02T16:40:54+00:00
2026-07-31,EPD,2023Q4,FMP,REVENUE_USD,12431154195.0,D:\Programming\python_example\Arcana\data-lake\bronze\consensus\fmp\analyst-estimates\period=quarter\snapshot_date=2026-07-31\ticker=EPD.json,710d61e68318adf394dfd62686723a6681f17ea07f7904762f4e8127343708ba,2026-09-02T16:40:54+00:00
2026-07-31,EPD,2023Q3,FMP,REVENUE_USD,11081405633.0,D:\Programming\python_example\Arcana\data-lake\bronze\consensus\fmp\analyst-estimates\period=quarter\snapshot_date=2026-07-31\ticker=EPD.json,710d61e68318adf394dfd62686723a6681f17ea07f7904762f4e8127343708ba,2026-09-02T16:40:54+00:00
2026-07-31,EPD,2023Q2,FMP,REVENUE_USD,12339316481.0,D:\Programming\python_example\Arcana\data-lake\bronze\consensus\fmp\analyst-estimates\period=quarter\snapshot_date=2026-07-31\ticker=EPD.json,710d61e68318adf394dfd62686723a6681f17ea07f7904762f4e8127343708ba,2026-09-02T16:40:54+00:00
2026-07-31,EPD,2023Q1,FMP,REVENUE_USD,14086064667.0,D:\Programming\python_example\Arcana\data-lake\bronze\consensus\fmp\analyst-estimates\period=quarter\snapshot_date=2026-07-31\ticker=EPD.json,710d61e68318adf394dfd62686723a6681f17ea07f7904762f4e8127343708ba,2026-09-02T16:40:54+00:00
2026-07-31,EPD,2022Q4,FMP,REVENUE_USD,15443723115.0,D:\Programming\python_example\Arcana\data-lake\bronze\consensus\fmp\analyst-estimates\period=quarter\snapshot_date=2026-07-31\ticker=EPD.json,710d61e68318adf394dfd62686723a6681f17ea07f7904762f4e8127343708ba,2026-09-02T16:40:54+00:00
2026-07-31,EPD,2022Q3,FMP,REVENUE_USD,14632015153.0,D:\Programming\python_example\Arcana\data-lake\bronze\consensus\fmp\analyst-estimates\period=quarter\snapshot_date=2026-07-31\ticker=EPD.json,710d61e68318adf394dfd62686723a6681f17ea07f7904762f4e8127343708ba,2026-09-02T16:40:54+00:00
2026-07-31,EPD,2022Q2,FMP,REVENUE_USD,12278468199.0,D:\Programming\python_example\Arcana\data-lake\bronze\consensus\fmp\analyst-estimates\period=quarter\snapshot_date=2026-07-31\ticker=EPD.json,710d61e68318adf394dfd62686723a6681f17ea07f7904762f4e8127343708ba,2026-09-02T16:40:54+00:00
2026-07-31,EPD,2022Q1,FMP,REVENUE_USD,10577682611.0,D:\Programming\python_example\Arcana\data-lake\bronze\consensus\fmp\analyst-estimates\period=quarter\snapshot_date=2026-07-31\ticker=EPD.json,710d61e68318adf394dfd62686723a6681f17ea07f7904762f4e8127343708ba,2026-09-02T16:40:54+00:00
2026-07-31,EPD,2021Q4,FMP,REVENUE_USD,10055331835.0,D:\Programming\python_example\Arcana\data-lake\bronze\consensus\fmp\analyst-estimates\period=quarter\snapshot_date=2026-07-31\ticker=EPD.json,710d61e68318adf394dfd62686723a6681f17ea07f7904762f4e8127343708ba,2026-09-02T16:40:54+00:00
2026-07-31,EPD,2021Q3,FMP,REVENUE_USD,8899462304.0,D:\Programming\python_example\Arcana\data-lake\bronze\consensus\fmp\analyst-estimates\period=quarter\snapshot_date=2026-07-31\ticker=EPD.json,710d61e68318adf394dfd62686723a6681f17ea07f7904762f4e8127343708ba,2026-09-02T16:40:54+00:00
2026-07-31,EPD,2021Q2,FMP,REVENUE_USD,8047359783.0,D:\Programming\python_example\Arcana\data-lake\bronze\consensus\fmp\analyst-estimates\period=quarter\snapshot_date=2026-07-31\ticker=EPD.json,710d61e68318adf394dfd62686723a6681f17ea07f7904762f4e8127343708ba,2026-09-02T16:40:54+00:00
2026-07-31,EPD,2021Q1,FMP,REVENUE_USD,7106822657.0,D:\Programming\python_example\Arcana\data-lake\bronze\consensus\fmp\analyst-estimates\period=quarter\snapshot_date=2026-07-31\ticker=EPD.json,710d61e68318adf394dfd62686723a6681f17ea07f7904762f4e8127343708ba,2026-09-02T16:40:54+00:00
2026-07-31,EPD,2020Q4,FMP,REVENUE_USD,7595964895.0,D:\Programming\python_example\Arcana\data-lake\bronze\consensus\fmp\analyst-estimates\period=quarter\snapshot_date=2026-07-31\ticker=EPD.json,710d61e68318adf394dfd62686723a6681f17ea07f7904762f4e8127343708ba,2026-09-02T16:40:54+00:00
2026-07-31,EPD,2020Q3,FMP,REVENUE_USD,7446430904.0,D:\Programming\python_example\Arcana\data-lake\bronze\consensus\fmp\analyst-estimates\period=quarter\snapshot_date=2026-07-31\ticker=EPD.json,710d61e68318adf394dfd62686723a6681f17ea07f7904762f4e8127343708ba,2026-09-02T16:40:54+00:00
2026-07-31,EPD,2020Q2,FMP,REVENUE_USD,7526064360.0,D:\Programming\python_example\Arcana\data-lake\bronze\consensus\fmp\analyst-estimates\period=quarter\snapshot_date=2026-07-31\ticker=EPD.json,710d61e68318adf394dfd62686723a6681f17ea07f7904762f4e8127343708ba,2026-09-02T16:40:54+00:00
2026-07-31,EPD,2020Q1,FMP,REVENUE_USD,8245623342.0,D:\Programming\python_example\Arcana\data-lake\bronze\consensus\fmp\analyst-estimates\period=quarter\snapshot_date=2026-07-31\ticker=EPD.json,710d61e68318adf394dfd62686723a6681f17ea07f7904762f4e8127343708ba,2026-09-02T16:40:54+00:00
2026-07-31,EPD,2019Q4,FMP,REVENUE_USD,8547504337.0,D:\Programming\python_example\Arcana\data-lake\bronze\consensus\fmp\analyst-estimates\period=quarter\snapshot_date=2026-07-31\ticker=EPD.json,710d61e68318adf394dfd62686723a6681f17ea07f7904762f4e8127343708ba,2026-09-02T16:40:54+00:00
2026-07-31,EPD,2019Q3,FMP,REVENUE_USD,8968298806.0,D:\Programming\python_example\Arcana\data-lake\bronze\consensus\fmp\analyst-estimates\period=quarter\snapshot_date=2026-07-31\ticker=EPD.json,710d61e68318adf394dfd62686723a6681f17ea07f7904762f4e8127343708ba,2026-09-02T16:40:54+00:00
2026-07-31,EPD,2019Q2,FMP,REVENUE_USD,8679661179.0,D:\Programming\python_example\Arcana\data-lake\bronze\consensus\fmp\analyst-estimates\period=quarter\snapshot_date=2026-07-31\ticker=EPD.json,710d61e68318adf394dfd62686723a6681f17ea07f7904762f4e8127343708ba,2026-09-02T16:40:54+00:00
2026-07-31,EPD,2019Q1,FMP,REVENUE_USD,9227260146.0,D:\Programming\python_example\Arcana\data-lake\bronze\consensus\fmp\analyst-estimates\period=quarter\snapshot_date=2026-07-31\ticker=EPD.json,710d61e68318adf394dfd62686723a6681f17ea07f7904762f4e8127343708ba,2026-09-02T16:40:54+00:00
2026-07-31,EPD,2018Q4,FMP,REVENUE_USD,7529486000.0,D:\Programming\python_example\Arcana\data-lake\bronze\consensus\fmp\analyst-estimates\period=quarter\snapshot_date=2026-07-31\ticker=EPD.json,710d61e68318adf394dfd62686723a6681f17ea07f7904762f4e8127343708ba,2026-09-02T16:40:54+00:00
2026-07-31,EPD,2018Q3,FMP,REVENUE_USD,7189500000.0,D:\Programming\python_example\Arcana\data-lake\bronze\consensus\fmp\analyst-estimates\period=quarter\snapshot_date=2026-07-31\ticker=EPD.json,710d61e68318adf394dfd62686723a6681f17ea07f7904762f4e8127343708ba,2026-09-02T16:40:54+00:00
2026-07-31,EPD,2018Q2,FMP,REVENUE_USD,10926451612.0,D:\Programming\python_example\Arcana\data-lake\bronze\consensus\fmp\analyst-estimates\period=quarter\snapshot_date=2026-07-31\ticker=EPD.json,710d61e68318adf394dfd62686723a6681f17ea07f7904762f4e8127343708ba,2026-09-02T16:40:54+00:00
2026-07-31,EPD,2018Q1,FMP,REVENUE_USD,8618585365.0,D:\Programming\python_example\Arcana\data-lake\bronze\consensus\fmp\analyst-estimates\period=quarter\snapshot_date=2026-07-31\ticker=EPD.json,710d61e68318adf394dfd62686723a6681f17ea07f7904762f4e8127343708ba,2026-09-02T16:40:54+00:00
2026-07-31,EPD,2017Q4,FMP,REVENUE_USD,8192916666.0,D:\Programming\python_example\Arcana\data-lake\bronze\consensus\fmp\analyst-estimates\period=quarter\snapshot_date=2026-07-31\ticker=EPD.json,710d61e68318adf394dfd62686723a6681f17ea07f7904762f4e8127343708ba,2026-09-02T16:40:54+00:00
2026-07-31,EPD,2017Q3,FMP,REVENUE_USD,7116566666.0,D:\Programming\python_example\Arcana\data-lake\bronze\consensus\fmp\analyst-estimates\period=quarter\snapshot_date=2026-07-31\ticker=EPD.json,710d61e68318adf394dfd62686723a6681f17ea07f7904762f4e8127343708ba,2026-09-02T16:40:54+00:00
2026-07-31,EPD,2017Q2,FMP,REVENUE_USD,7268800000.0,D:\Programming\python_example\Arcana\data-lake\bronze\consensus\fmp\analyst-estimates\period=quarter\snapshot_date=2026-07-31\ticker=EPD.json,710d61e68318adf394dfd62686723a6681f17ea07f7904762f4e8127343708ba,2026-09-02T16:40:54+00:00
2026-07-31,EPD,2017Q1,FMP,REVENUE_USD,6710000000.0,D:\Programming\python_example\Arcana\data-lake\bronze\consensus\fmp\analyst-estimates\period=quarter\snapshot_date=2026-07-31\ticker=EPD.json,710d61e68318adf394dfd62686723a6681f17ea07f7904762f4e8127343708ba,2026-09-02T16:40:54+00:00
2026-07-31,EPD,2016Q4,FMP,REVENUE_USD,6897000000.0,D:\Programming\python_example\Arcana\data-lake\bronze\consensus\fmp\analyst-estimates\period=quarter\snapshot_date=2026-07-31\ticker=EPD.json,710d61e68318adf394dfd62686723a6681f17ea07f7904762f4e8127343708ba,2026-09-02T16:40:54+00:00
2026-07-31,EPD,2016Q3,FMP,REVENUE_USD,5920000000.0,D:\Programming\python_example\Arcana\data-lake\bronze\consensus\fmp\analyst-estimates\period=quarter\snapshot_date=2026-07-31\ticker=EPD.json,710d61e68318adf394dfd62686723a6681f17ea07f7904762f4e8127343708ba,2026-09-02T16:40:54+00:00
2026-07-31,EPD,2016Q2,FMP,REVENUE_USD,6450296296.0,D:\Programming\python_example\Arcana\data-lake\bronze\consensus\fmp\analyst-estimates\period=quarter\snapshot_date=2026-07-31\ticker=EPD.json,710d61e68318adf394dfd62686723a6681f17ea07f7904762f4e8127343708ba,2026-09-02T16:40:54+00:00
2026-07-31,EPD,2016Q1,FMP,REVENUE_USD,5005000000.0,D:\Programming\python_example\Arcana\data-lake\bronze\consensus\fmp\analyst-estimates\period=quarter\snapshot_date=2026-07-31\ticker=EPD.json,710d61e68318adf394dfd62686723a6681f17ea07f7904762f4e8127343708ba,2026-09-02T16:40:54+00:00
2026-07-31,EPD,2015Q4,FMP,REVENUE_USD,6155000000.0,D:\Programming\python_example\Arcana\data-lake\bronze\consensus\fmp\analyst-estimates\period=quarter\snapshot_date=2026-07-31\ticker=EPD.json,710d61e68318adf394dfd62686723a6681f17ea07f7904762f4e8127343708ba,2026-09-02T16:40:54+00:00
2026-07-31,EPD,2015Q3,FMP,REVENUE_USD,6505125000.0,D:\Programming\python_example\Arcana\data-lake\bronze\consensus\fmp\analyst-estimates\period=quarter\snapshot_date=2026-07-31\ticker=EPD.json,710d61e68318adf394dfd62686723a6681f17ea07f7904762f4e8127343708ba,2026-09-02T16:40:54+00:00
2026-07-31,EPD,2015Q2,FMP,REVENUE_USD,8359607142.0,D:\Programming\python_example\Arcana\data-lake\bronze\consensus\fmp\analyst-estimates\period=quarter\snapshot_date=2026-07-31\ticker=EPD.json,710d61e68318adf394dfd62686723a6681f17ea07f7904762f4e8127343708ba,2026-09-02T16:40:54+00:00
2026-07-31,EPD,2015Q1,FMP,REVENUE_USD,7706531250.0,D:\Programming\python_example\Arcana\data-lake\bronze\consensus\fmp\analyst-estimates\period=quarter\snapshot_date=2026-07-31\ticker=EPD.json,710d61e68318adf394dfd62686723a6681f17ea07f7904762f4e8127343708ba,2026-09-02T16:40:54+00:00
2026-07-31,EPD,2014Q4,FMP,REVENUE_USD,10465713513.0,D:\Programming\python_example\Arcana\data-lake\bronze\consensus\fmp\analyst-estimates\period=quarter\snapshot_date=2026-07-31\ticker=EPD.json,710d61e68318adf394dfd62686723a6681f17ea07f7904762f4e8127343708ba,2026-09-02T16:40:54+00:00
2026-07-31,EPD,2014Q3,FMP,REVENUE_USD,12330000000.0,D:\Programming\python_example\Arcana\data-lake\bronze\consensus\fmp\analyst-estimates\period=quarter\snapshot_date=2026-07-31\ticker=EPD.json,710d61e68318adf394dfd62686723a6681f17ea07f7904762f4e8127343708ba,2026-09-02T16:40:54+00:00
2026-07-31,EPD,2014Q2,FMP,REVENUE_USD,13625794117.0,D:\Programming\python_example\Arcana\data-lake\bronze\consensus\fmp\analyst-estimates\period=quarter\snapshot_date=2026-07-31\ticker=EPD.json,710d61e68318adf394dfd62686723a6681f17ea07f7904762f4e8127343708ba,2026-09-02T16:40:54+00:00
2026-07-31,EPD,2014Q1,FMP,REVENUE_USD,12570263157.0,D:\Programming\python_example\Arcana\data-lake\bronze\consensus\fmp\analyst-estimates\period=quarter\snapshot_date=2026-07-31\ticker=EPD.json,710d61e68318adf394dfd62686723a6681f17ea07f7904762f4e8127343708ba,2026-09-02T16:40:54+00:00
2026-07-31,EPD,2013Q4,FMP,REVENUE_USD,11229685714.0,D:\Programming\python_example\Arcana\data-lake\bronze\consensus\fmp\analyst-estimates\period=quarter\snapshot_date=2026-07-31\ticker=EPD.json,710d61e68318adf394dfd62686723a6681f17ea07f7904762f4e8127343708ba,2026-09-02T16:40:54+00:00
2026-07-31,EPD,2013Q3,FMP,REVENUE_USD,12459454545.0,D:\Programming\python_example\Arcana\data-lake\bronze\consensus\fmp\analyst-estimates\period=quarter\snapshot_date=2026-07-31\ticker=EPD.json,710d61e68318adf394dfd62686723a6681f17ea07f7904762f4e8127343708ba,2026-09-02T16:40:54+00:00
2026-07-31,EPD,2013Q2,FMP,REVENUE_USD,11486848484.0,D:\Programming\python_example\Arcana\data-lake\bronze\consensus\fmp\analyst-estimates\period=quarter\snapshot_date=2026-07-31\ticker=EPD.json,710d61e68318adf394dfd62686723a6681f17ea07f7904762f4e8127343708ba,2026-09-02T16:40:54+00:00
2026-07-31,EPD,2013Q1,FMP,REVENUE_USD,9631769230.0,D:\Programming\python_example\Arcana\data-lake\bronze\consensus\fmp\analyst-estimates\period=quarter\snapshot_date=2026-07-31\ticker=EPD.json,710d61e68318adf394dfd62686723a6681f17ea07f7904762f4e8127343708ba,2026-09-02T16:40:54+00:00
2026-07-31,EPD,2012Q4,FMP,REVENUE_USD,10736581818.0,D:\Programming\python_example\Arcana\data-lake\bronze\consensus\fmp\analyst-estimates\period=quarter\snapshot_date=2026-07-31\ticker=EPD.json,710d61e68318adf394dfd62686723a6681f17ea07f7904762f4e8127343708ba,2026-09-02T16:40:54+00:00
2026-07-31,EPD,2012Q3,FMP,REVENUE_USD,9517272727.0,D:\Programming\python_example\Arcana\data-lake\bronze\consensus\fmp\analyst-estimates\period=quarter\snapshot_date=2026-07-31\ticker=EPD.json,710d61e68318adf394dfd62686723a6681f17ea07f7904762f4e8127343708ba,2026-09-02T16:40:54+00:00
2026-07-31,EPD,2012Q2,FMP,REVENUE_USD,8872187500.0,D:\Programming\python_example\Arcana\data-lake\bronze\consensus\fmp\analyst-estimates\period=quarter\snapshot_date=2026-07-31\ticker=EPD.json,710d61e68318adf394dfd62686723a6681f17ea07f7904762f4e8127343708ba,2026-09-02T16:40:54+00:00
2026-07-31,EPD,2012Q1,FMP,REVENUE_USD,10527000000.0,D:\Programming\python_example\Arcana\data-lake\bronze\consensus\fmp\analyst-estimates\period=quarter\snapshot_date=2026-07-31\ticker=EPD.json,710d61e68318adf394dfd62686723a6681f17ea07f7904762f4e8127343708ba,2026-09-02T16:40:54+00:00
2026-07-31,EPD,2011Q4,FMP,REVENUE_USD,7912390243.0,D:\Programming\python_example\Arcana\data-lake\bronze\consensus\fmp\analyst-estimates\period=quarter\snapshot_date=2026-07-31\ticker=EPD.json,710d61e68318adf394dfd62686723a6681f17ea07f7904762f4e8127343708ba,2026-09-02T16:40:54+00:00
2026-07-31,EPD,2011Q3,FMP,REVENUE_USD,10517928571.0,D:\Programming\python_example\Arcana\data-lake\bronze\consensus\fmp\analyst-estimates\period=quarter\snapshot_date=2026-07-31\ticker=EPD.json,710d61e68318adf394dfd62686723a6681f17ea07f7904762f4e8127343708ba,2026-09-02T16:40:54+00:00
2026-07-31,EPD,2011Q2,FMP,REVENUE_USD,9491307692.0,D:\Programming\python_example\Arcana\data-lake\bronze\consensus\fmp\analyst-estimates\period=quarter\snapshot_date=2026-07-31\ticker=EPD.json,710d61e68318adf394dfd62686723a6681f17ea07f7904762f4e8127343708ba,2026-09-02T16:40:54+00:00
2026-07-31,EPD,2011Q1,FMP,REVENUE_USD,8961920000.0,D:\Programming\python_example\Arcana\data-lake\bronze\consensus\fmp\analyst-estimates\period=quarter\snapshot_date=2026-07-31\ticker=EPD.json,710d61e68318adf394dfd62686723a6681f17ea07f7904762f4e8127343708ba,2026-09-02T16:40:54+00:00
2026-07-31,EPD,2010Q4,FMP,REVENUE_USD,11713777777.0,D:\Programming\python_example\Arcana\data-lake\bronze\consensus\fmp\analyst-estimates\period=quarter\snapshot_date=2026-07-31\ticker=EPD.json,710d61e68318adf394dfd62686723a6681f17ea07f7904762f4e8127343708ba,2026-09-02T16:40:54+00:00
2026-07-31,EPD,2010Q3,FMP,REVENUE_USD,7731833333.0,D:\Programming\python_example\Arcana\data-lake\bronze\consensus\fmp\analyst-estimates\period=quarter\snapshot_date=2026-07-31\ticker=EPD.json,710d61e68318adf394dfd62686723a6681f17ea07f7904762f4e8127343708ba,2026-09-02T16:40:54+00:00
2026-07-31,EPD,2010Q2,FMP,REVENUE_USD,7215043478.0,D:\Programming\python_example\Arcana\data-lake\bronze\consensus\fmp\analyst-estimates\period=quarter\snapshot_date=2026-07-31\ticker=EPD.json,710d61e68318adf394dfd62686723a6681f17ea07f7904762f4e8127343708ba,2026-09-02T16:40:54+00:00
2026-07-31,EPD,2010Q1,FMP,REVENUE_USD,7177800000.0,D:\Programming\python_example\Arcana\data-lake\bronze\consensus\fmp\analyst-estimates\period=quarter\snapshot_date=2026-07-31\ticker=EPD.json,710d61e68318adf394dfd62686723a6681f17ea07f7904762f4e8127343708ba,2026-09-02T16:40:54+00:00
2026-07-31,EPD,2009Q4,FMP,REVENUE_USD,7753846153.0,D:\Programming\python_example\Arcana\data-lake\bronze\consensus\fmp\analyst-estimates\period=quarter\snapshot_date=2026-07-31\ticker=EPD.json,710d61e68318adf394dfd62686723a6681f17ea07f7904762f4e8127343708ba,2026-09-02T16:40:54+00:00
2026-07-31,EPD,2009Q3,FMP,REVENUE_USD,7920500000.0,D:\Programming\python_example\Arcana\data-lake\bronze\consensus\fmp\analyst-estimates\period=quarter\snapshot_date=2026-07-31\ticker=EPD.json,710d61e68318adf394dfd62686723a6681f17ea07f7904762f4e8127343708ba,2026-09-02T16:40:54+00:00
2026-07-31,EPD,2009Q2,FMP,REVENUE_USD,7132125000.0,D:\Programming\python_example\Arcana\data-lake\bronze\consensus\fmp\analyst-estimates\period=quarter\snapshot_date=2026-07-31\ticker=EPD.json,710d61e68318adf394dfd62686723a6681f17ea07f7904762f4e8127343708ba,2026-09-02T16:40:54+00:00
2026-07-31,EPD,2009Q1,FMP,REVENUE_USD,4188857142.0,D:\Programming\python_example\Arcana\data-lake\bronze\consensus\fmp\analyst-estimates\period=quarter\snapshot_date=2026-07-31\ticker=EPD.json,710d61e68318adf394dfd62686723a6681f17ea07f7904762f4e8127343708ba,2026-09-02T16:40:54+00:00
2026-07-31,EPD,2008Q4,FMP,REVENUE_USD,5656636363.0,D:\Programming\python_example\Arcana\data-lake\bronze\consensus\fmp\analyst-estimates\period=quarter\snapshot_date=2026-07-31\ticker=EPD.json,710d61e68318adf394dfd62686723a6681f17ea07f7904762f4e8127343708ba,2026-09-02T16:40:54+00:00
2026-07-31,EPD,2008Q3,FMP,REVENUE_USD,23052631578.0,D:\Programming\python_example\Arcana\data-lake\bronze\consensus\fmp\analyst-estimates\period=quarter\snapshot_date=2026-07-31\ticker=EPD.json,710d61e68318adf394dfd62686723a6681f17ea07f7904762f4e8127343708ba,2026-09-02T16:40:54+00:00
2026-07-31,EPD,2008Q2,FMP,REVENUE_USD,4389230769.0,D:\Programming\python_example\Arcana\data-lake\bronze\consensus\fmp\analyst-estimates\period=quarter\snapshot_date=2026-07-31\ticker=EPD.json,710d61e68318adf394dfd62686723a6681f17ea07f7904762f4e8127343708ba,2026-09-02T16:40:54+00:00
2026-07-31,EPD,2008Q1,FMP,REVENUE_USD,3498461538.0,D:\Programming\python_example\Arcana\data-lake\bronze\consensus\fmp\analyst-estimates\period=quarter\snapshot_date=2026-07-31\ticker=EPD.json,710d61e68318adf394dfd62686723a6681f17ea07f7904762f4e8127343708ba,2026-09-02T16:40:54+00:00
2026-07-31,EPD,2007Q4,FMP,REVENUE_USD,5655466666.0,D:\Programming\python_example\Arcana\data-lake\bronze\consensus\fmp\analyst-estimates\period=quarter\snapshot_date=2026-07-31\ticker=EPD.json,710d61e68318adf394dfd62686723a6681f17ea07f7904762f4e8127343708ba,2026-09-02T16:40:54+00:00
2026-07-31,EPD,2007Q3,FMP,REVENUE_USD,5756800000.0,D:\Programming\python_example\Arcana\data-lake\bronze\consensus\fmp\analyst-estimates\period=quarter\snapshot_date=2026-07-31\ticker=EPD.json,710d61e68318adf394dfd62686723a6681f17ea07f7904762f4e8127343708ba,2026-09-02T16:40:54+00:00
2026-07-31,EPD,2007Q2,FMP,REVENUE_USD,4213000000.0,D:\Programming\python_example\Arcana\data-lake\bronze\consensus\fmp\analyst-estimates\period=quarter\snapshot_date=2026-07-31\ticker=EPD.json,710d61e68318adf394dfd62686723a6681f17ea07f7904762f4e8127343708ba,2026-09-02T16:40:54+00:00
2026-07-31,EPD,2007Q1,FMP,REVENUE_USD,3323000000.0,D:\Programming\python_example\Arcana\data-lake\bronze\consensus\fmp\analyst-estimates\period=quarter\snapshot_date=2026-07-31\ticker=EPD.json,710d61e68318adf394dfd62686723a6681f17ea07f7904762f4e8127343708ba,2026-09-02T16:40:54+00:00
2026-07-31,EPD,2006Q4,FMP,REVENUE_USD,3608769230.0,D:\Programming\python_example\Arcana\data-lake\bronze\consensus\fmp\analyst-estimates\period=quarter\snapshot_date=2026-07-31\ticker=EPD.json,710d61e68318adf394dfd62686723a6681f17ea07f7904762f4e8127343708ba,2026-09-02T16:40:54+00:00
2026-07-31,EPD,2006Q3,FMP,REVENUE_USD,3012333333.0,D:\Programming\python_example\Arcana\data-lake\bronze\consensus\fmp\analyst-estimates\period=quarter\snapshot_date=2026-07-31\ticker=EPD.json,710d61e68318adf394dfd62686723a6681f17ea07f7904762f4e8127343708ba,2026-09-02T16:40:54+00:00
2026-07-31,EPD,2006Q2,FMP,REVENUE_USD,3247384615.0,D:\Programming\python_example\Arcana\data-lake\bronze\consensus\fmp\analyst-estimates\period=quarter\snapshot_date=2026-07-31\ticker=EPD.json,710d61e68318adf394dfd62686723a6681f17ea07f7904762f4e8127343708ba,2026-09-02T16:40:54+00:00
2026-07-31,EPD,2006Q1,FMP,REVENUE_USD,2785714285.0,D:\Programming\python_example\Arcana\data-lake\bronze\consensus\fmp\analyst-estimates\period=quarter\snapshot_date=2026-07-31\ticker=EPD.json,710d61e68318adf394dfd62686723a6681f17ea07f7904762f4e8127343708ba,2026-09-02T16:40:54+00:00
2026-07-31,EPD,2005Q4,FMP,REVENUE_USD,3780000000.0,D:\Programming\python_example\Arcana\data-lake\bronze\consensus\fmp\analyst-estimates\period=quarter\snapshot_date=2026-07-31\ticker=EPD.json,710d61e68318adf394dfd62686723a6681f17ea07f7904762f4e8127343708ba,2026-09-02T16:40:54+00:00
2026-07-31,EPD,2005Q3,FMP,REVENUE_USD,2784857142.0,D:\Programming\python_example\Arcana\data-lake\bronze\consensus\fmp\analyst-estimates\period=quarter\snapshot_date=2026-07-31\ticker=EPD.json,710d61e68318adf394dfd62686723a6681f17ea07f7904762f4e8127343708ba,2026-09-02T16:40:54+00:00
2026-07-31,EPD,2005Q2,FMP,REVENUE_USD,2968888888.0,D:\Programming\python_example\Arcana\data-lake\bronze\consensus\fmp\analyst-estimates\period=quarter\snapshot_date=2026-07-31\ticker=EPD.json,710d61e68318adf394dfd62686723a6681f17ea07f7904762f4e8127343708ba,2026-09-02T16:40:54+00:00
2026-07-31,EPD,2005Q1,FMP,REVENUE_USD,2556000000.0,D:\Programming\python_example\Arcana\data-lake\bronze\consensus\fmp\analyst-estimates\period=quarter\snapshot_date=2026-07-31\ticker=EPD.json,710d61e68318adf394dfd62686723a6681f17ea07f7904762f4e8127343708ba,2026-09-02T16:40:54+00:00
2026-07-31,EPD,2004Q4,FMP,REVENUE_USD,2658500000.0,D:\Programming\python_example\Arcana\data-lake\bronze\consensus\fmp\analyst-estimates\period=quarter\snapshot_date=2026-07-31\ticker=EPD.json,710d61e68318adf394dfd62686723a6681f17ea07f7904762f4e8127343708ba,2026-09-02T16:40:54+00:00
2026-07-31,EPD,2004Q3,FMP,REVENUE_USD,1854545454.0,D:\Programming\python_example\Arcana\data-lake\bronze\consensus\fmp\analyst-estimates\period=quarter\snapshot_date=2026-07-31\ticker=EPD.json,710d61e68318adf394dfd62686723a6681f17ea07f7904762f4e8127343708ba,2026-09-02T16:40:54+00:00
2026-07-31,EPD,2004Q2,FMP,REVENUE_USD,3140500000.0,D:\Programming\python_example\Arcana\data-lake\bronze\consensus\fmp\analyst-estimates\period=quarter\snapshot_date=2026-07-31\ticker=EPD.json,710d61e68318adf394dfd62686723a6681f17ea07f7904762f4e8127343708ba,2026-09-02T16:40:54+00:00
2026-07-31,EPD,2004Q1,FMP,REVENUE_USD,1550000000.0,D:\Programming\python_example\Arcana\data-lake\bronze\consensus\fmp\analyst-estimates\period=quarter\snapshot_date=2026-07-31\ticker=EPD.json,710d61e68318adf394dfd62686723a6681f17ea07f7904762f4e8127343708ba,2026-09-02T16:40:54+00:00
2026-07-31,EPD,2003Q4,FMP,REVENUE_USD,1621714285.0,D:\Programming\python_example\Arcana\data-lake\bronze\consensus\fmp\analyst-estimates\period=quarter\snapshot_date=2026-07-31\ticker=EPD.json,710d61e68318adf394dfd62686723a6681f17ea07f7904762f4e8127343708ba,2026-09-02T16:40:54+00:00
2026-07-31,EPD,2003Q3,FMP,REVENUE_USD,1235000000.0,D:\Programming\python_example\Arcana\data-lake\bronze\consensus\fmp\analyst-estimates\period=quarter\snapshot_date=2026-07-31\ticker=EPD.json,710d61e68318adf394dfd62686723a6681f17ea07f7904762f4e8127343708ba,2026-09-02T16:40:54+00:00
2026-07-31,EPD,2003Q2,FMP,REVENUE_USD,1038000000.0,D:\Programming\python_example\Arcana\data-lake\bronze\consensus\fmp\analyst-estimates\period=quarter\snapshot_date=2026-07-31\ticker=EPD.json,710d61e68318adf394dfd62686723a6681f17ea07f7904762f4e8127343708ba,2026-09-02T16:40:54+00:00
2026-07-31,EPD,2003Q1,FMP,REVENUE_USD,1368000000.0,D:\Programming\python_example\Arcana\data-lake\bronze\consensus\fmp\analyst-estimates\period=quarter\snapshot_date=2026-07-31\ticker=EPD.json,710d61e68318adf394dfd62686723a6681f17ea07f7904762f4e8127343708ba,2026-09-02T16:40:54+00:00
2026-07-31,EPD,2002Q4,FMP,REVENUE_USD,975750833.0,D:\Programming\python_example\Arcana\data-lake\bronze\consensus\fmp\analyst-estimates\period=quarter\snapshot_date=2026-07-31\ticker=EPD.json,710d61e68318adf394dfd62686723a6681f17ea07f7904762f4e8127343708ba,2026-09-02T16:40:54+00:00
2026-07-31,EPD,2002Q3,FMP,REVENUE_USD,1257333333.0,D:\Programming\python_example\Arcana\data-lake\bronze\consensus\fmp\analyst-estimates\period=quarter\snapshot_date=2026-07-31\ticker=EPD.json,710d61e68318adf394dfd62686723a6681f17ea07f7904762f4e8127343708ba,2026-09-02T16:40:54+00:00
2026-07-31,EPD,2002Q2,FMP,REVENUE_USD,1048000000.0,D:\Programming\python_example\Arcana\data-lake\bronze\consensus\fmp\analyst-estimates\period=quarter\snapshot_date=2026-07-31\ticker=EPD.json,710d61e68318adf394dfd62686723a6681f17ea07f7904762f4e8127343708ba,2026-09-02T16:40:54+00:00
2026-07-31,EPD,2002Q1,FMP,REVENUE_USD,1324000000.0,D:\Programming\python_example\Arcana\data-lake\bronze\consensus\fmp\analyst-estimates\period=quarter\snapshot_date=2026-07-31\ticker=EPD.json,710d61e68318adf394dfd62686723a6681f17ea07f7904762f4e8127343708ba,2026-09-02T16:40:54+00:00
2026-07-31,EPD,2001Q4,FMP,REVENUE_USD,600446933.0,D:\Programming\python_example\Arcana\data-lake\bronze\consensus\fmp\analyst-estimates\period=quarter\snapshot_date=2026-07-31\ticker=EPD.json,710d61e68318adf394dfd62686723a6681f17ea07f7904762f4e8127343708ba,2026-09-02T16:40:54+00:00
2026-07-31,EPD,2001Q3,FMP,REVENUE_USD,722321816.0,D:\Programming\python_example\Arcana\data-lake\bronze\consensus\fmp\analyst-estimates\period=quarter\snapshot_date=2026-07-31\ticker=EPD.json,710d61e68318adf394dfd62686723a6681f17ea07f7904762f4e8127343708ba,2026-09-02T16:40:54+00:00
2026-07-31,EPD,2001Q2,FMP,REVENUE_USD,839125000.0,D:\Programming\python_example\Arcana\data-lake\bronze\consensus\fmp\analyst-estimates\period=quarter\snapshot_date=2026-07-31\ticker=EPD.json,710d61e68318adf394dfd62686723a6681f17ea07f7904762f4e8127343708ba,2026-09-02T16:40:54+00:00
2026-07-31,EPD,2001Q1,FMP,REVENUE_USD,724533333.0,D:\Programming\python_example\Arcana\data-lake\bronze\consensus\fmp\analyst-estimates\period=quarter\snapshot_date=2026-07-31\ticker=EPD.json,710d61e68318adf394dfd62686723a6681f17ea07f7904762f4e8127343708ba,2026-09-02T16:40:54+00:00
2026-07-31,EPD,2000Q4,FMP,REVENUE_USD,763625384.0,D:\Programming\python_example\Arcana\data-lake\bronze\consensus\fmp\analyst-estimates\period=quarter\snapshot_date=2026-07-31\ticker=EPD.json,710d61e68318adf394dfd62686723a6681f17ea07f7904762f4e8127343708ba,2026-09-02T16:40:54+00:00
2026-07-31,EPD,2000Q3,FMP,REVENUE_USD,591618224.0,D:\Programming\python_example\Arcana\data-lake\bronze\consensus\fmp\analyst-estimates\period=quarter\snapshot_date=2026-07-31\ticker=EPD.json,710d61e68318adf394dfd62686723a6681f17ea07f7904762f4e8127343708ba,2026-09-02T16:40:54+00:00
2026-07-31,EPD,2000Q2,FMP,REVENUE_USD,513933333.0,D:\Programming\python_example\Arcana\data-lake\bronze\consensus\fmp\analyst-estimates\period=quarter\snapshot_date=2026-07-31\ticker=EPD.json,710d61e68318adf394dfd62686723a6681f17ea07f7904762f4e8127343708ba,2026-09-02T16:40:54+00:00
2026-07-31,EPD,2000Q1,FMP,REVENUE_USD,461809523.0,D:\Programming\python_example\Arcana\data-lake\bronze\consensus\fmp\analyst-estimates\period=quarter\snapshot_date=2026-07-31\ticker=EPD.json,710d61e68318adf394dfd62686723a6681f17ea07f7904762f4e8127343708ba,2026-09-02T16:40:54+00:00
2026-07-31,EPD,1999Q4,FMP,REVENUE_USD,457835714.0,D:\Programming\python_example\Arcana\data-lake\bronze\consensus\fmp\analyst-estimates\period=quarter\snapshot_date=2026-07-31\ticker=EPD.json,710d61e68318adf394dfd62686723a6681f17ea07f7904762f4e8127343708ba,2026-09-02T16:40:54+00:00
2026-07-31,EPD,1999Q3,FMP,REVENUE_USD,312486428.0,D:\Programming\python_example\Arcana\data-lake\bronze\consensus\fmp\analyst-estimates\period=quarter\snapshot_date=2026-07-31\ticker=EPD.json,710d61e68318adf394dfd62686723a6681f17ea07f7904762f4e8127343708ba,2026-09-02T16:40:54+00:00
2026-07-31,EPD,1999Q2,FMP,REVENUE_USD,150000000.0,D:\Programming\python_example\Arcana\data-lake\bronze\consensus\fmp\analyst-estimates\period=quarter\snapshot_date=2026-07-31\ticker=EPD.json,710d61e68318adf394dfd62686723a6681f17ea07f7904762f4e8127343708ba,2026-09-02T16:40:54+00:00
2026-07-31,EPD,1999Q1,FMP,REVENUE_USD,352800000.0,D:\Programming\python_example\Arcana\data-lake\bronze\consensus\fmp\analyst-estimates\period=quarter\snapshot_date=2026-07-31\ticker=EPD.json,710d61e68318adf394dfd62686723a6681f17ea07f7904762f4e8127343708ba,2026-09-02T16:40:54+00:00
2026-07-31,EPD,1998Q4,FMP,REVENUE_USD,229060000.0,D:\Programming\python_example\Arcana\data-lake\bronze\consensus\fmp\analyst-estimates\period=quarter\snapshot_date=2026-07-31\ticker=EPD.json,710d61e68318adf394dfd62686723a6681f17ea07f7904762f4e8127343708ba,2026-09-02T16:40:54+00:00
2026-07-31,EPD,1998Q3,FMP,REVENUE_USD,330000000.0,D:\Programming\python_example\Arcana\data-lake\bronze\consensus\fmp\analyst-estimates\period=quarter\snapshot_date=2026-07-31\ticker=EPD.json,710d61e68318adf394dfd62686723a6681f17ea07f7904762f4e8127343708ba,2026-09-02T16:40:54+00:00
2026-07-31,SLB,2030Q4,FMP,REVENUE_USD,12385249800.0,D:\Programming\python_example\Arcana\data-lake\bronze\consensus\fmp\analyst-estimates\period=quarter\snapshot_date=2026-07-31\ticker=SLB.json,5a2de2956d5d6c4c686adc755ee1e091d1eeeefec4da833701d4364559da0094,2026-09-02T16:40:54+00:00
2026-07-31,SLB,2030Q3,FMP,REVENUE_USD,11186452100.0,D:\Programming\python_example\Arcana\data-lake\bronze\consensus\fmp\analyst-estimates\period=quarter\snapshot_date=2026-07-31\ticker=SLB.json,5a2de2956d5d6c4c686adc755ee1e091d1eeeefec4da833701d4364559da0094,2026-09-02T16:40:54+00:00
2026-07-31,SLB,2030Q2,FMP,REVENUE_USD,10795069500.0,D:\Programming\python_example\Arcana\data-lake\bronze\consensus\fmp\analyst-estimates\period=quarter\snapshot_date=2026-07-31\ticker=SLB.json,5a2de2956d5d6c4c686adc755ee1e091d1eeeefec4da833701d4364559da0094,2026-09-02T16:40:54+00:00
2026-07-31,SLB,2030Q1,FMP,REVENUE_USD,10439589800.0,D:\Programming\python_example\Arcana\data-lake\bronze\consensus\fmp\analyst-estimates\period=quarter\snapshot_date=2026-07-31\ticker=SLB.json,5a2de2956d5d6c4c686adc755ee1e091d1eeeefec4da833701d4364559da0094,2026-09-02T16:40:54+00:00
2026-07-31,SLB,2029Q4,FMP,REVENUE_USD,11803153700.0,D:\Programming\python_example\Arcana\data-lake\bronze\consensus\fmp\analyst-estimates\period=quarter\snapshot_date=2026-07-31\ticker=SLB.json,5a2de2956d5d6c4c686adc755ee1e091d1eeeefec4da833701d4364559da0094,2026-09-02T16:40:54+00:00
2026-07-31,SLB,2029Q3,FMP,REVENUE_USD,10684791800.0,D:\Programming\python_example\Arcana\data-lake\bronze\consensus\fmp\analyst-estimates\period=quarter\snapshot_date=2026-07-31\ticker=SLB.json,5a2de2956d5d6c4c686adc755ee1e091d1eeeefec4da833701d4364559da0094,2026-09-02T16:40:54+00:00
2026-07-31,SLB,2029Q2,FMP,REVENUE_USD,10331127600.0,D:\Programming\python_example\Arcana\data-lake\bronze\consensus\fmp\analyst-estimates\period=quarter\snapshot_date=2026-07-31\ticker=SLB.json,5a2de2956d5d6c4c686adc755ee1e091d1eeeefec4da833701d4364559da0094,2026-09-02T16:40:54+00:00
2026-07-31,SLB,2029Q1,FMP,REVENUE_USD,10015499600.0,D:\Programming\python_example\Arcana\data-lake\bronze\consensus\fmp\analyst-estimates\period=quarter\snapshot_date=2026-07-31\ticker=SLB.json,5a2de2956d5d6c4c686adc755ee1e091d1eeeefec4da833701d4364559da0094,2026-09-02T16:40:54+00:00
2026-07-31,SLB,2028Q4,FMP,REVENUE_USD,11763310720.0,D:\Programming\python_example\Arcana\data-lake\bronze\consensus\fmp\analyst-estimates\period=quarter\snapshot_date=2026-07-31\ticker=SLB.json,5a2de2956d5d6c4c686adc755ee1e091d1eeeefec4da833701d4364559da0094,2026-09-02T16:40:54+00:00
2026-07-31,SLB,2028Q3,FMP,REVENUE_USD,11141160827.0,D:\Programming\python_example\Arcana\data-lake\bronze\consensus\fmp\analyst-estimates\period=quarter\snapshot_date=2026-07-31\ticker=SLB.json,5a2de2956d5d6c4c686adc755ee1e091d1eeeefec4da833701d4364559da0094,2026-09-02T16:40:54+00:00
2026-07-31,SLB,2028Q2,FMP,REVENUE_USD,10667773055.0,D:\Programming\python_example\Arcana\data-lake\bronze\consensus\fmp\analyst-estimates\period=quarter\snapshot_date=2026-07-31\ticker=SLB.json,5a2de2956d5d6c4c686adc755ee1e091d1eeeefec4da833701d4364559da0094,2026-09-02T16:40:54+00:00
2026-07-31,SLB,2028Q1,FMP,REVENUE_USD,10309067345.0,D:\Programming\python_example\Arcana\data-lake\bronze\consensus\fmp\analyst-estimates\period=quarter\snapshot_date=2026-07-31\ticker=SLB.json,5a2de2956d5d6c4c686adc755ee1e091d1eeeefec4da833701d4364559da0094,2026-09-02T16:40:54+00:00
2026-07-31,SLB,2027Q4,FMP,REVENUE_USD,10735458312.0,D:\Programming\python_example\Arcana\data-lake\bronze\consensus\fmp\analyst-estimates\period=quarter\snapshot_date=2026-07-31\ticker=SLB.json,5a2de2956d5d6c4c686adc755ee1e091d1eeeefec4da833701d4364559da0094,2026-09-02T16:40:54+00:00
2026-07-31,SLB,2027Q3,FMP,REVENUE_USD,10192548604.0,D:\Programming\python_example\Arcana\data-lake\bronze\consensus\fmp\analyst-estimates\period=quarter\snapshot_date=2026-07-31\ticker=SLB.json,5a2de2956d5d6c4c686adc755ee1e091d1eeeefec4da833701d4364559da0094,2026-09-02T16:40:54+00:00
2026-07-31,SLB,2027Q2,FMP,REVENUE_USD,9808896537.0,D:\Programming\python_example\Arcana\data-lake\bronze\consensus\fmp\analyst-estimates\period=quarter\snapshot_date=2026-07-31\ticker=SLB.json,5a2de2956d5d6c4c686adc755ee1e091d1eeeefec4da833701d4364559da0094,2026-09-02T16:40:54+00:00
2026-07-31,SLB,2027Q1,FMP,REVENUE_USD,9455173592.0,D:\Programming\python_example\Arcana\data-lake\bronze\consensus\fmp\analyst-estimates\period=quarter\snapshot_date=2026-07-31\ticker=SLB.json,5a2de2956d5d6c4c686adc755ee1e091d1eeeefec4da833701d4364559da0094,2026-09-02T16:40:54+00:00
2026-07-31,SLB,2026Q4,FMP,REVENUE_USD,9970435886.0,D:\Programming\python_example\Arcana\data-lake\bronze\consensus\fmp\analyst-estimates\period=quarter\snapshot_date=2026-07-31\ticker=SLB.json,5a2de2956d5d6c4c686adc755ee1e091d1eeeefec4da833701d4364559da0094,2026-09-02T16:40:54+00:00
2026-07-31,SLB,2026Q3,FMP,REVENUE_USD,9239527021.0,D:\Programming\python_example\Arcana\data-lake\bronze\consensus\fmp\analyst-estimates\period=quarter\snapshot_date=2026-07-31\ticker=SLB.json,5a2de2956d5d6c4c686adc755ee1e091d1eeeefec4da833701d4364559da0094,2026-09-02T16:40:54+00:00
2026-07-31,SLB,2026Q2,FMP,REVENUE_USD,8667176601.0,D:\Programming\python_example\Arcana\data-lake\bronze\consensus\fmp\analyst-estimates\period=quarter\snapshot_date=2026-07-31\ticker=SLB.json,5a2de2956d5d6c4c686adc755ee1e091d1eeeefec4da833701d4364559da0094,2026-09-02T16:40:54+00:00
2026-07-31,SLB,2026Q1,FMP,REVENUE_USD,8628079212.0,D:\Programming\python_example\Arcana\data-lake\bronze\consensus\fmp\analyst-estimates\period=quarter\snapshot_date=2026-07-31\ticker=SLB.json,5a2de2956d5d6c4c686adc755ee1e091d1eeeefec4da833701d4364559da0094,2026-09-02T16:40:54+00:00
2026-07-31,SLB,2025Q4,FMP,REVENUE_USD,9552943360.0,D:\Programming\python_example\Arcana\data-lake\bronze\consensus\fmp\analyst-estimates\period=quarter\snapshot_date=2026-07-31\ticker=SLB.json,5a2de2956d5d6c4c686adc755ee1e091d1eeeefec4da833701d4364559da0094,2026-09-02T16:40:54+00:00
2026-07-31,SLB,2025Q3,FMP,REVENUE_USD,8917841535.0,D:\Programming\python_example\Arcana\data-lake\bronze\consensus\fmp\analyst-estimates\period=quarter\snapshot_date=2026-07-31\ticker=SLB.json,5a2de2956d5d6c4c686adc755ee1e091d1eeeefec4da833701d4364559da0094,2026-09-02T16:40:54+00:00
2026-07-31,SLB,2025Q2,FMP,REVENUE_USD,8497479391.0,D:\Programming\python_example\Arcana\data-lake\bronze\consensus\fmp\analyst-estimates\period=quarter\snapshot_date=2026-07-31\ticker=SLB.json,5a2de2956d5d6c4c686adc755ee1e091d1eeeefec4da833701d4364559da0094,2026-09-02T16:40:54+00:00
2026-07-31,SLB,2025Q1,FMP,REVENUE_USD,8598879464.0,D:\Programming\python_example\Arcana\data-lake\bronze\consensus\fmp\analyst-estimates\period=quarter\snapshot_date=2026-07-31\ticker=SLB.json,5a2de2956d5d6c4c686adc755ee1e091d1eeeefec4da833701d4364559da0094,2026-09-02T16:40:54+00:00
2026-07-31,SLB,2024Q4,FMP,REVENUE_USD,9183506250.0,D:\Programming\python_example\Arcana\data-lake\bronze\consensus\fmp\analyst-estimates\period=quarter\snapshot_date=2026-07-31\ticker=SLB.json,5a2de2956d5d6c4c686adc755ee1e091d1eeeefec4da833701d4364559da0094,2026-09-02T16:40:54+00:00
2026-07-31,SLB,2024Q3,FMP,REVENUE_USD,9267156101.0,D:\Programming\python_example\Arcana\data-lake\bronze\consensus\fmp\analyst-estimates\period=quarter\snapshot_date=2026-07-31\ticker=SLB.json,5a2de2956d5d6c4c686adc755ee1e091d1eeeefec4da833701d4364559da0094,2026-09-02T16:40:54+00:00
2026-07-31,SLB,2024Q2,FMP,REVENUE_USD,9075110378.0,D:\Programming\python_example\Arcana\data-lake\bronze\consensus\fmp\analyst-estimates\period=quarter\snapshot_date=2026-07-31\ticker=SLB.json,5a2de2956d5d6c4c686adc755ee1e091d1eeeefec4da833701d4364559da0094,2026-09-02T16:40:54+00:00
2026-07-31,SLB,2024Q1,FMP,REVENUE_USD,8696023852.0,D:\Programming\python_example\Arcana\data-lake\bronze\consensus\fmp\analyst-estimates\period=quarter\snapshot_date=2026-07-31\ticker=SLB.json,5a2de2956d5d6c4c686adc755ee1e091d1eeeefec4da833701d4364559da0094,2026-09-02T16:40:54+00:00
2026-07-31,SLB,2023Q4,FMP,REVENUE_USD,8962657596.0,D:\Programming\python_example\Arcana\data-lake\bronze\consensus\fmp\analyst-estimates\period=quarter\snapshot_date=2026-07-31\ticker=SLB.json,5a2de2956d5d6c4c686adc755ee1e091d1eeeefec4da833701d4364559da0094,2026-09-02T16:40:54+00:00
2026-07-31,SLB,2023Q3,FMP,REVENUE_USD,8317167507.0,D:\Programming\python_example\Arcana\data-lake\bronze\consensus\fmp\analyst-estimates\period=quarter\snapshot_date=2026-07-31\ticker=SLB.json,5a2de2956d5d6c4c686adc755ee1e091d1eeeefec4da833701d4364559da0094,2026-09-02T16:40:54+00:00
2026-07-31,SLB,2023Q2,FMP,REVENUE_USD,8204420513.0,D:\Programming\python_example\Arcana\data-lake\bronze\consensus\fmp\analyst-estimates\period=quarter\snapshot_date=2026-07-31\ticker=SLB.json,5a2de2956d5d6c4c686adc755ee1e091d1eeeefec4da833701d4364559da0094,2026-09-02T16:40:54+00:00
2026-07-31,SLB,2023Q1,FMP,REVENUE_USD,7440097503.0,D:\Programming\python_example\Arcana\data-lake\bronze\consensus\fmp\analyst-estimates\period=quarter\snapshot_date=2026-07-31\ticker=SLB.json,5a2de2956d5d6c4c686adc755ee1e091d1eeeefec4da833701d4364559da0094,2026-09-02T16:40:54+00:00
2026-07-31,SLB,2022Q4,FMP,REVENUE_USD,7811773550.0,D:\Programming\python_example\Arcana\data-lake\bronze\consensus\fmp\analyst-estimates\period=quarter\snapshot_date=2026-07-31\ticker=SLB.json,5a2de2956d5d6c4c686adc755ee1e091d1eeeefec4da833701d4364559da0094,2026-09-02T16:40:54+00:00
2026-07-31,SLB,2022Q3,FMP,REVENUE_USD,7107071435.0,D:\Programming\python_example\Arcana\data-lake\bronze\consensus\fmp\analyst-estimates\period=quarter\snapshot_date=2026-07-31\ticker=SLB.json,5a2de2956d5d6c4c686adc755ee1e091d1eeeefec4da833701d4364559da0094,2026-09-02T16:40:54+00:00
2026-07-31,SLB,2022Q2,FMP,REVENUE_USD,6276571595.0,D:\Programming\python_example\Arcana\data-lake\bronze\consensus\fmp\analyst-estimates\period=quarter\snapshot_date=2026-07-31\ticker=SLB.json,5a2de2956d5d6c4c686adc755ee1e091d1eeeefec4da833701d4364559da0094,2026-09-02T16:40:54+00:00
2026-07-31,SLB,2022Q1,FMP,REVENUE_USD,5914319919.0,D:\Programming\python_example\Arcana\data-lake\bronze\consensus\fmp\analyst-estimates\period=quarter\snapshot_date=2026-07-31\ticker=SLB.json,5a2de2956d5d6c4c686adc755ee1e091d1eeeefec4da833701d4364559da0094,2026-09-02T16:40:54+00:00
2026-07-31,SLB,2021Q4,FMP,REVENUE_USD,6085042130.0,D:\Programming\python_example\Arcana\data-lake\bronze\consensus\fmp\analyst-estimates\period=quarter\snapshot_date=2026-07-31\ticker=SLB.json,5a2de2956d5d6c4c686adc755ee1e091d1eeeefec4da833701d4364559da0094,2026-09-02T16:40:54+00:00
2026-07-31,SLB,2021Q3,FMP,REVENUE_USD,5944369234.0,D:\Programming\python_example\Arcana\data-lake\bronze\consensus\fmp\analyst-estimates\period=quarter\snapshot_date=2026-07-31\ticker=SLB.json,5a2de2956d5d6c4c686adc755ee1e091d1eeeefec4da833701d4364559da0094,2026-09-02T16:40:54+00:00
2026-07-31,SLB,2021Q2,FMP,REVENUE_USD,5506518329.0,D:\Programming\python_example\Arcana\data-lake\bronze\consensus\fmp\analyst-estimates\period=quarter\snapshot_date=2026-07-31\ticker=SLB.json,5a2de2956d5d6c4c686adc755ee1e091d1eeeefec4da833701d4364559da0094,2026-09-02T16:40:54+00:00
2026-07-31,SLB,2021Q1,FMP,REVENUE_USD,5089338717.0,D:\Programming\python_example\Arcana\data-lake\bronze\consensus\fmp\analyst-estimates\period=quarter\snapshot_date=2026-07-31\ticker=SLB.json,5a2de2956d5d6c4c686adc755ee1e091d1eeeefec4da833701d4364559da0094,2026-09-02T16:40:54+00:00
2026-07-31,SLB,2020Q4,FMP,REVENUE_USD,5242427229.0,D:\Programming\python_example\Arcana\data-lake\bronze\consensus\fmp\analyst-estimates\period=quarter\snapshot_date=2026-07-31\ticker=SLB.json,5a2de2956d5d6c4c686adc755ee1e091d1eeeefec4da833701d4364559da0094,2026-09-02T16:40:54+00:00
2026-07-31,SLB,2020Q3,FMP,REVENUE_USD,5398416141.0,D:\Programming\python_example\Arcana\data-lake\bronze\consensus\fmp\analyst-estimates\period=quarter\snapshot_date=2026-07-31\ticker=SLB.json,5a2de2956d5d6c4c686adc755ee1e091d1eeeefec4da833701d4364559da0094,2026-09-02T16:40:54+00:00
2026-07-31,SLB,2020Q2,FMP,REVENUE_USD,5373076073.0,D:\Programming\python_example\Arcana\data-lake\bronze\consensus\fmp\analyst-estimates\period=quarter\snapshot_date=2026-07-31\ticker=SLB.json,5a2de2956d5d6c4c686adc755ee1e091d1eeeefec4da833701d4364559da0094,2026-09-02T16:40:54+00:00
2026-07-31,SLB,2020Q1,FMP,REVENUE_USD,7529965484.0,D:\Programming\python_example\Arcana\data-lake\bronze\consensus\fmp\analyst-estimates\period=quarter\snapshot_date=2026-07-31\ticker=SLB.json,5a2de2956d5d6c4c686adc755ee1e091d1eeeefec4da833701d4364559da0094,2026-09-02T16:40:54+00:00
2026-07-31,SLB,2019Q4,FMP,REVENUE_USD,8161582670.0,D:\Programming\python_example\Arcana\data-lake\bronze\consensus\fmp\analyst-estimates\period=quarter\snapshot_date=2026-07-31\ticker=SLB.json,5a2de2956d5d6c4c686adc755ee1e091d1eeeefec4da833701d4364559da0094,2026-09-02T16:40:54+00:00
2026-07-31,SLB,2019Q3,FMP,REVENUE_USD,8498091066.0,D:\Programming\python_example\Arcana\data-lake\bronze\consensus\fmp\analyst-estimates\period=quarter\snapshot_date=2026-07-31\ticker=SLB.json,5a2de2956d5d6c4c686adc755ee1e091d1eeeefec4da833701d4364559da0094,2026-09-02T16:40:54+00:00
2026-07-31,SLB,2019Q2,FMP,REVENUE_USD,8109917199.0,D:\Programming\python_example\Arcana\data-lake\bronze\consensus\fmp\analyst-estimates\period=quarter\snapshot_date=2026-07-31\ticker=SLB.json,5a2de2956d5d6c4c686adc755ee1e091d1eeeefec4da833701d4364559da0094,2026-09-02T16:40:54+00:00
2026-07-31,SLB,2019Q1,FMP,REVENUE_USD,7810180873.0,D:\Programming\python_example\Arcana\data-lake\bronze\consensus\fmp\analyst-estimates\period=quarter\snapshot_date=2026-07-31\ticker=SLB.json,5a2de2956d5d6c4c686adc755ee1e091d1eeeefec4da833701d4364559da0094,2026-09-02T16:40:54+00:00
2026-07-31,SLB,2018Q4,FMP,REVENUE_USD,8179000000.0,D:\Programming\python_example\Arcana\data-lake\bronze\consensus\fmp\analyst-estimates\period=quarter\snapshot_date=2026-07-31\ticker=SLB.json,5a2de2956d5d6c4c686adc755ee1e091d1eeeefec4da833701d4364559da0094,2026-09-02T16:40:54+00:00
2026-07-31,SLB,2018Q3,FMP,REVENUE_USD,8319130434.0,D:\Programming\python_example\Arcana\data-lake\bronze\consensus\fmp\analyst-estimates\period=quarter\snapshot_date=2026-07-31\ticker=SLB.json,5a2de2956d5d6c4c686adc755ee1e091d1eeeefec4da833701d4364559da0094,2026-09-02T16:40:54+00:00
2026-07-31,SLB,2018Q2,FMP,REVENUE_USD,8303000000.0,D:\Programming\python_example\Arcana\data-lake\bronze\consensus\fmp\analyst-estimates\period=quarter\snapshot_date=2026-07-31\ticker=SLB.json,5a2de2956d5d6c4c686adc755ee1e091d1eeeefec4da833701d4364559da0094,2026-09-02T16:40:54+00:00
2026-07-31,SLB,2018Q1,FMP,REVENUE_USD,7622973684.0,D:\Programming\python_example\Arcana\data-lake\bronze\consensus\fmp\analyst-estimates\period=quarter\snapshot_date=2026-07-31\ticker=SLB.json,5a2de2956d5d6c4c686adc755ee1e091d1eeeefec4da833701d4364559da0094,2026-09-02T16:40:54+00:00
2026-07-31,SLB,2017Q4,FMP,REVENUE_USD,7497416666.0,D:\Programming\python_example\Arcana\data-lake\bronze\consensus\fmp\analyst-estimates\period=quarter\snapshot_date=2026-07-31\ticker=SLB.json,5a2de2956d5d6c4c686adc755ee1e091d1eeeefec4da833701d4364559da0094,2026-09-02T16:40:54+00:00
2026-07-31,SLB,2017Q3,FMP,REVENUE_USD,7905000000.0,D:\Programming\python_example\Arcana\data-lake\bronze\consensus\fmp\analyst-estimates\period=quarter\snapshot_date=2026-07-31\ticker=SLB.json,5a2de2956d5d6c4c686adc755ee1e091d1eeeefec4da833701d4364559da0094,2026-09-02T16:40:54+00:00
2026-07-31,SLB,2017Q2,FMP,REVENUE_USD,6396000000.0,D:\Programming\python_example\Arcana\data-lake\bronze\consensus\fmp\analyst-estimates\period=quarter\snapshot_date=2026-07-31\ticker=SLB.json,5a2de2956d5d6c4c686adc755ee1e091d1eeeefec4da833701d4364559da0094,2026-09-02T16:40:54+00:00
2026-07-31,SLB,2017Q1,FMP,REVENUE_USD,6894000000.0,D:\Programming\python_example\Arcana\data-lake\bronze\consensus\fmp\analyst-estimates\period=quarter\snapshot_date=2026-07-31\ticker=SLB.json,5a2de2956d5d6c4c686adc755ee1e091d1eeeefec4da833701d4364559da0094,2026-09-02T16:40:54+00:00
2026-07-31,SLB,2016Q4,FMP,REVENUE_USD,7107000000.0,D:\Programming\python_example\Arcana\data-lake\bronze\consensus\fmp\analyst-estimates\period=quarter\snapshot_date=2026-07-31\ticker=SLB.json,5a2de2956d5d6c4c686adc755ee1e091d1eeeefec4da833701d4364559da0094,2026-09-02T16:40:54+00:00
2026-07-31,SLB,2016Q3,FMP,REVENUE_USD,6176720000.0,D:\Programming\python_example\Arcana\data-lake\bronze\consensus\fmp\analyst-estimates\period=quarter\snapshot_date=2026-07-31\ticker=SLB.json,5a2de2956d5d6c4c686adc755ee1e091d1eeeefec4da833701d4364559da0094,2026-09-02T16:40:54+00:00
2026-07-31,SLB,2016Q2,FMP,REVENUE_USD,6541043478.0,D:\Programming\python_example\Arcana\data-lake\bronze\consensus\fmp\analyst-estimates\period=quarter\snapshot_date=2026-07-31\ticker=SLB.json,5a2de2956d5d6c4c686adc755ee1e091d1eeeefec4da833701d4364559da0094,2026-09-02T16:40:54+00:00
2026-07-31,SLB,2016Q1,FMP,REVENUE_USD,6357000000.0,D:\Programming\python_example\Arcana\data-lake\bronze\consensus\fmp\analyst-estimates\period=quarter\snapshot_date=2026-07-31\ticker=SLB.json,5a2de2956d5d6c4c686adc755ee1e091d1eeeefec4da833701d4364559da0094,2026-09-02T16:40:54+00:00
2026-07-31,SLB,2015Q4,FMP,REVENUE_USD,7505723076.0,D:\Programming\python_example\Arcana\data-lake\bronze\consensus\fmp\analyst-estimates\period=quarter\snapshot_date=2026-07-31\ticker=SLB.json,5a2de2956d5d6c4c686adc755ee1e091d1eeeefec4da833701d4364559da0094,2026-09-02T16:40:54+00:00
2026-07-31,SLB,2015Q3,FMP,REVENUE_USD,8363384615.0,D:\Programming\python_example\Arcana\data-lake\bronze\consensus\fmp\analyst-estimates\period=quarter\snapshot_date=2026-07-31\ticker=SLB.json,5a2de2956d5d6c4c686adc755ee1e091d1eeeefec4da833701d4364559da0094,2026-09-02T16:40:54+00:00
2026-07-31,SLB,2015Q2,FMP,REVENUE_USD,8089420454.0,D:\Programming\python_example\Arcana\data-lake\bronze\consensus\fmp\analyst-estimates\period=quarter\snapshot_date=2026-07-31\ticker=SLB.json,5a2de2956d5d6c4c686adc755ee1e091d1eeeefec4da833701d4364559da0094,2026-09-02T16:40:54+00:00
2026-07-31,SLB,2015Q1,FMP,REVENUE_USD,8604452830.0,D:\Programming\python_example\Arcana\data-lake\bronze\consensus\fmp\analyst-estimates\period=quarter\snapshot_date=2026-07-31\ticker=SLB.json,5a2de2956d5d6c4c686adc755ee1e091d1eeeefec4da833701d4364559da0094,2026-09-02T16:40:54+00:00
2026-07-31,SLB,2014Q4,FMP,REVENUE_USD,12219633333.0,D:\Programming\python_example\Arcana\data-lake\bronze\consensus\fmp\analyst-estimates\period=quarter\snapshot_date=2026-07-31\ticker=SLB.json,5a2de2956d5d6c4c686adc755ee1e091d1eeeefec4da833701d4364559da0094,2026-09-02T16:40:54+00:00
2026-07-31,SLB,2014Q3,FMP,REVENUE_USD,12391382550.0,D:\Programming\python_example\Arcana\data-lake\bronze\consensus\fmp\analyst-estimates\period=quarter\snapshot_date=2026-07-31\ticker=SLB.json,5a2de2956d5d6c4c686adc755ee1e091d1eeeefec4da833701d4364559da0094,2026-09-02T16:40:54+00:00
2026-07-31,SLB,2014Q2,FMP,REVENUE_USD,11966014598.0,D:\Programming\python_example\Arcana\data-lake\bronze\consensus\fmp\analyst-estimates\period=quarter\snapshot_date=2026-07-31\ticker=SLB.json,5a2de2956d5d6c4c686adc755ee1e091d1eeeefec4da833701d4364559da0094,2026-09-02T16:40:54+00:00
2026-07-31,SLB,2014Q1,FMP,REVENUE_USD,11146115702.0,D:\Programming\python_example\Arcana\data-lake\bronze\consensus\fmp\analyst-estimates\period=quarter\snapshot_date=2026-07-31\ticker=SLB.json,5a2de2956d5d6c4c686adc755ee1e091d1eeeefec4da833701d4364559da0094,2026-09-02T16:40:54+00:00
2026-07-31,SLB,2013Q4,FMP,REVENUE_USD,11641422222.0,D:\Programming\python_example\Arcana\data-lake\bronze\consensus\fmp\analyst-estimates\period=quarter\snapshot_date=2026-07-31\ticker=SLB.json,5a2de2956d5d6c4c686adc755ee1e091d1eeeefec4da833701d4364559da0094,2026-09-02T16:40:54+00:00
2026-07-31,SLB,2013Q3,FMP,REVENUE_USD,11158077519.0,D:\Programming\python_example\Arcana\data-lake\bronze\consensus\fmp\analyst-estimates\period=quarter\snapshot_date=2026-07-31\ticker=SLB.json,5a2de2956d5d6c4c686adc755ee1e091d1eeeefec4da833701d4364559da0094,2026-09-02T16:40:54+00:00
2026-07-31,SLB,2013Q2,FMP,REVENUE_USD,11679130434.0,D:\Programming\python_example\Arcana\data-lake\bronze\consensus\fmp\analyst-estimates\period=quarter\snapshot_date=2026-07-31\ticker=SLB.json,5a2de2956d5d6c4c686adc755ee1e091d1eeeefec4da833701d4364559da0094,2026-09-02T16:40:54+00:00
2026-07-31,SLB,2013Q1,FMP,REVENUE_USD,10360693069.0,D:\Programming\python_example\Arcana\data-lake\bronze\consensus\fmp\analyst-estimates\period=quarter\snapshot_date=2026-07-31\ticker=SLB.json,5a2de2956d5d6c4c686adc755ee1e091d1eeeefec4da833701d4364559da0094,2026-09-02T16:40:54+00:00
2026-07-31,SLB,2012Q4,FMP,REVENUE_USD,10980379629.0,D:\Programming\python_example\Arcana\data-lake\bronze\consensus\fmp\analyst-estimates\period=quarter\snapshot_date=2026-07-31\ticker=SLB.json,5a2de2956d5d6c4c686adc755ee1e091d1eeeefec4da833701d4364559da0094,2026-09-02T16:40:54+00:00
2026-07-31,SLB,2012Q3,FMP,REVENUE_USD,10303592592.0,D:\Programming\python_example\Arcana\data-lake\bronze\consensus\fmp\analyst-estimates\period=quarter\snapshot_date=2026-07-31\ticker=SLB.json,5a2de2956d5d6c4c686adc755ee1e091d1eeeefec4da833701d4364559da0094,2026-09-02T16:40:54+00:00
2026-07-31,SLB,2012Q2,FMP,REVENUE_USD,9891428571.0,D:\Programming\python_example\Arcana\data-lake\bronze\consensus\fmp\analyst-estimates\period=quarter\snapshot_date=2026-07-31\ticker=SLB.json,5a2de2956d5d6c4c686adc755ee1e091d1eeeefec4da833701d4364559da0094,2026-09-02T16:40:54+00:00
2026-07-31,SLB,2012Q1,FMP,REVENUE_USD,9755428571.0,D:\Programming\python_example\Arcana\data-lake\bronze\consensus\fmp\analyst-estimates\period=quarter\snapshot_date=2026-07-31\ticker=SLB.json,5a2de2956d5d6c4c686adc755ee1e091d1eeeefec4da833701d4364559da0094,2026-09-02T16:40:54+00:00
2026-07-31,SLB,2011Q4,FMP,REVENUE_USD,10056648648.0,D:\Programming\python_example\Arcana\data-lake\bronze\consensus\fmp\analyst-estimates\period=quarter\snapshot_date=2026-07-31\ticker=SLB.json,5a2de2956d5d6c4c686adc755ee1e091d1eeeefec4da833701d4364559da0094,2026-09-02T16:40:54+00:00
2026-07-31,SLB,2011Q3,FMP,REVENUE_USD,9874295918.0,D:\Programming\python_example\Arcana\data-lake\bronze\consensus\fmp\analyst-estimates\period=quarter\snapshot_date=2026-07-31\ticker=SLB.json,5a2de2956d5d6c4c686adc755ee1e091d1eeeefec4da833701d4364559da0094,2026-09-02T16:40:54+00:00
2026-07-31,SLB,2011Q2,FMP,REVENUE_USD,8811666666.0,D:\Programming\python_example\Arcana\data-lake\bronze\consensus\fmp\analyst-estimates\period=quarter\snapshot_date=2026-07-31\ticker=SLB.json,5a2de2956d5d6c4c686adc755ee1e091d1eeeefec4da833701d4364559da0094,2026-09-02T16:40:54+00:00
2026-07-31,SLB,2011Q1,FMP,REVENUE_USD,8727154929.0,D:\Programming\python_example\Arcana\data-lake\bronze\consensus\fmp\analyst-estimates\period=quarter\snapshot_date=2026-07-31\ticker=SLB.json,5a2de2956d5d6c4c686adc755ee1e091d1eeeefec4da833701d4364559da0094,2026-09-02T16:40:54+00:00
2026-07-31,SLB,2010Q4,FMP,REVENUE_USD,8254400000.0,D:\Programming\python_example\Arcana\data-lake\bronze\consensus\fmp\analyst-estimates\period=quarter\snapshot_date=2026-07-31\ticker=SLB.json,5a2de2956d5d6c4c686adc755ee1e091d1eeeefec4da833701d4364559da0094,2026-09-02T16:40:54+00:00
2026-07-31,SLB,2010Q3,FMP,REVENUE_USD,8052300000.0,D:\Programming\python_example\Arcana\data-lake\bronze\consensus\fmp\analyst-estimates\period=quarter\snapshot_date=2026-07-31\ticker=SLB.json,5a2de2956d5d6c4c686adc755ee1e091d1eeeefec4da833701d4364559da0094,2026-09-02T16:40:54+00:00
2026-07-31,SLB,2010Q2,FMP,REVENUE_USD,5988000000.0,D:\Programming\python_example\Arcana\data-lake\bronze\consensus\fmp\analyst-estimates\period=quarter\snapshot_date=2026-07-31\ticker=SLB.json,5a2de2956d5d6c4c686adc755ee1e091d1eeeefec4da833701d4364559da0094,2026-09-02T16:40:54+00:00
2026-07-31,SLB,2010Q1,FMP,REVENUE_USD,5570677419.0,D:\Programming\python_example\Arcana\data-lake\bronze\consensus\fmp\analyst-estimates\period=quarter\snapshot_date=2026-07-31\ticker=SLB.json,5a2de2956d5d6c4c686adc755ee1e091d1eeeefec4da833701d4364559da0094,2026-09-02T16:40:54+00:00
2026-07-31,SLB,2009Q4,FMP,REVENUE_USD,5546029850.0,D:\Programming\python_example\Arcana\data-lake\bronze\consensus\fmp\analyst-estimates\period=quarter\snapshot_date=2026-07-31\ticker=SLB.json,5a2de2956d5d6c4c686adc755ee1e091d1eeeefec4da833701d4364559da0094,2026-09-02T16:40:54+00:00
2026-07-31,SLB,2009Q3,FMP,REVENUE_USD,5334646153.0,D:\Programming\python_example\Arcana\data-lake\bronze\consensus\fmp\analyst-estimates\period=quarter\snapshot_date=2026-07-31\ticker=SLB.json,5a2de2956d5d6c4c686adc755ee1e091d1eeeefec4da833701d4364559da0094,2026-09-02T16:40:54+00:00
2026-07-31,SLB,2009Q2,FMP,REVENUE_USD,5177117647.0,D:\Programming\python_example\Arcana\data-lake\bronze\consensus\fmp\analyst-estimates\period=quarter\snapshot_date=2026-07-31\ticker=SLB.json,5a2de2956d5d6c4c686adc755ee1e091d1eeeefec4da833701d4364559da0094,2026-09-02T16:40:54+00:00
2026-07-31,SLB,2009Q1,FMP,REVENUE_USD,5687448717.0,D:\Programming\python_example\Arcana\data-lake\bronze\consensus\fmp\analyst-estimates\period=quarter\snapshot_date=2026-07-31\ticker=SLB.json,5a2de2956d5d6c4c686adc755ee1e091d1eeeefec4da833701d4364559da0094,2026-09-02T16:40:54+00:00
2026-07-31,SLB,2008Q4,FMP,REVENUE_USD,7099223300.0,D:\Programming\python_example\Arcana\data-lake\bronze\consensus\fmp\analyst-estimates\period=quarter\snapshot_date=2026-07-31\ticker=SLB.json,5a2de2956d5d6c4c686adc755ee1e091d1eeeefec4da833701d4364559da0094,2026-09-02T16:40:54+00:00
2026-07-31,SLB,2008Q3,FMP,REVENUE_USD,7366000000.0,D:\Programming\python_example\Arcana\data-lake\bronze\consensus\fmp\analyst-estimates\period=quarter\snapshot_date=2026-07-31\ticker=SLB.json,5a2de2956d5d6c4c686adc755ee1e091d1eeeefec4da833701d4364559da0094,2026-09-02T16:40:54+00:00
2026-07-31,SLB,2008Q2,FMP,REVENUE_USD,6607034482.0,D:\Programming\python_example\Arcana\data-lake\bronze\consensus\fmp\analyst-estimates\period=quarter\snapshot_date=2026-07-31\ticker=SLB.json,5a2de2956d5d6c4c686adc755ee1e091d1eeeefec4da833701d4364559da0094,2026-09-02T16:40:54+00:00
2026-07-31,SLB,2008Q1,FMP,REVENUE_USD,6693509433.0,D:\Programming\python_example\Arcana\data-lake\bronze\consensus\fmp\analyst-estimates\period=quarter\snapshot_date=2026-07-31\ticker=SLB.json,5a2de2956d5d6c4c686adc755ee1e091d1eeeefec4da833701d4364559da0094,2026-09-02T16:40:54+00:00
2026-07-31,SLB,2007Q4,FMP,REVENUE_USD,6505135135.0,D:\Programming\python_example\Arcana\data-lake\bronze\consensus\fmp\analyst-estimates\period=quarter\snapshot_date=2026-07-31\ticker=SLB.json,5a2de2956d5d6c4c686adc755ee1e091d1eeeefec4da833701d4364559da0094,2026-09-02T16:40:54+00:00
2026-07-31,SLB,2007Q3,FMP,REVENUE_USD,5923284403.0,D:\Programming\python_example\Arcana\data-lake\bronze\consensus\fmp\analyst-estimates\period=quarter\snapshot_date=2026-07-31\ticker=SLB.json,5a2de2956d5d6c4c686adc755ee1e091d1eeeefec4da833701d4364559da0094,2026-09-02T16:40:54+00:00
2026-07-31,SLB,2007Q2,FMP,REVENUE_USD,5342352941.0,D:\Programming\python_example\Arcana\data-lake\bronze\consensus\fmp\analyst-estimates\period=quarter\snapshot_date=2026-07-31\ticker=SLB.json,5a2de2956d5d6c4c686adc755ee1e091d1eeeefec4da833701d4364559da0094,2026-09-02T16:40:54+00:00
2026-07-31,SLB,2007Q1,FMP,REVENUE_USD,5259041666.0,D:\Programming\python_example\Arcana\data-lake\bronze\consensus\fmp\analyst-estimates\period=quarter\snapshot_date=2026-07-31\ticker=SLB.json,5a2de2956d5d6c4c686adc755ee1e091d1eeeefec4da833701d4364559da0094,2026-09-02T16:40:54+00:00
2026-07-31,SLB,2006Q4,FMP,REVENUE_USD,5023315217.0,D:\Programming\python_example\Arcana\data-lake\bronze\consensus\fmp\analyst-estimates\period=quarter\snapshot_date=2026-07-31\ticker=SLB.json,5a2de2956d5d6c4c686adc755ee1e091d1eeeefec4da833701d4364559da0094,2026-09-02T16:40:54+00:00
2026-07-31,SLB,2006Q3,FMP,REVENUE_USD,4777802469.0,D:\Programming\python_example\Arcana\data-lake\bronze\consensus\fmp\analyst-estimates\period=quarter\snapshot_date=2026-07-31\ticker=SLB.json,5a2de2956d5d6c4c686adc755ee1e091d1eeeefec4da833701d4364559da0094,2026-09-02T16:40:54+00:00
2026-07-31,SLB,2006Q2,FMP,REVENUE_USD,4099315068.0,D:\Programming\python_example\Arcana\data-lake\bronze\consensus\fmp\analyst-estimates\period=quarter\snapshot_date=2026-07-31\ticker=SLB.json,5a2de2956d5d6c4c686adc755ee1e091d1eeeefec4da833701d4364559da0094,2026-09-02T16:40:54+00:00
2026-07-31,SLB,2006Q1,FMP,REVENUE_USD,4013135593.0,D:\Programming\python_example\Arcana\data-lake\bronze\consensus\fmp\analyst-estimates\period=quarter\snapshot_date=2026-07-31\ticker=SLB.json,5a2de2956d5d6c4c686adc755ee1e091d1eeeefec4da833701d4364559da0094,2026-09-02T16:40:54+00:00
2026-07-31,SLB,2005Q4,FMP,REVENUE_USD,3727698113.0,D:\Programming\python_example\Arcana\data-lake\bronze\consensus\fmp\analyst-estimates\period=quarter\snapshot_date=2026-07-31\ticker=SLB.json,5a2de2956d5d6c4c686adc755ee1e091d1eeeefec4da833701d4364559da0094,2026-09-02T16:40:54+00:00
2026-07-31,SLB,2005Q3,FMP,REVENUE_USD,3778000000.0,D:\Programming\python_example\Arcana\data-lake\bronze\consensus\fmp\analyst-estimates\period=quarter\snapshot_date=2026-07-31\ticker=SLB.json,5a2de2956d5d6c4c686adc755ee1e091d1eeeefec4da833701d4364559da0094,2026-09-02T16:40:54+00:00
2026-07-31,SLB,2005Q2,FMP,REVENUE_USD,3029487179.0,D:\Programming\python_example\Arcana\data-lake\bronze\consensus\fmp\analyst-estimates\period=quarter\snapshot_date=2026-07-31\ticker=SLB.json,5a2de2956d5d6c4c686adc755ee1e091d1eeeefec4da833701d4364559da0094,2026-09-02T16:40:54+00:00
2026-07-31,SLB,2005Q1,FMP,REVENUE_USD,3145090909.0,D:\Programming\python_example\Arcana\data-lake\bronze\consensus\fmp\analyst-estimates\period=quarter\snapshot_date=2026-07-31\ticker=SLB.json,5a2de2956d5d6c4c686adc755ee1e091d1eeeefec4da833701d4364559da0094,2026-09-02T16:40:54+00:00
2026-07-31,SLB,2004Q4,FMP,REVENUE_USD,2706407785.0,D:\Programming\python_example\Arcana\data-lake\bronze\consensus\fmp\analyst-estimates\period=quarter\snapshot_date=2026-07-31\ticker=SLB.json,5a2de2956d5d6c4c686adc755ee1e091d1eeeefec4da833701d4364559da0094,2026-09-02T16:40:54+00:00
2026-07-31,SLB,2004Q3,FMP,REVENUE_USD,3056192307.0,D:\Programming\python_example\Arcana\data-lake\bronze\consensus\fmp\analyst-estimates\period=quarter\snapshot_date=2026-07-31\ticker=SLB.json,5a2de2956d5d6c4c686adc755ee1e091d1eeeefec4da833701d4364559da0094,2026-09-02T16:40:54+00:00
2026-07-31,SLB,2004Q2,FMP,REVENUE_USD,2860000000.0,D:\Programming\python_example\Arcana\data-lake\bronze\consensus\fmp\analyst-estimates\period=quarter\snapshot_date=2026-07-31\ticker=SLB.json,5a2de2956d5d6c4c686adc755ee1e091d1eeeefec4da833701d4364559da0094,2026-09-02T16:40:54+00:00
2026-07-31,SLB,2004Q1,FMP,REVENUE_USD,2585583333.0,D:\Programming\python_example\Arcana\data-lake\bronze\consensus\fmp\analyst-estimates\period=quarter\snapshot_date=2026-07-31\ticker=SLB.json,5a2de2956d5d6c4c686adc755ee1e091d1eeeefec4da833701d4364559da0094,2026-09-02T16:40:54+00:00
2026-07-31,SLB,2003Q4,FMP,REVENUE_USD,3152999045.0,D:\Programming\python_example\Arcana\data-lake\bronze\consensus\fmp\analyst-estimates\period=quarter\snapshot_date=2026-07-31\ticker=SLB.json,5a2de2956d5d6c4c686adc755ee1e091d1eeeefec4da833701d4364559da0094,2026-09-02T16:40:54+00:00
2026-07-31,SLB,2003Q3,FMP,REVENUE_USD,2451428571.0,D:\Programming\python_example\Arcana\data-lake\bronze\consensus\fmp\analyst-estimates\period=quarter\snapshot_date=2026-07-31\ticker=SLB.json,5a2de2956d5d6c4c686adc755ee1e091d1eeeefec4da833701d4364559da0094,2026-09-02T16:40:54+00:00
2026-07-31,SLB,2003Q2,FMP,REVENUE_USD,2172631578.0,D:\Programming\python_example\Arcana\data-lake\bronze\consensus\fmp\analyst-estimates\period=quarter\snapshot_date=2026-07-31\ticker=SLB.json,5a2de2956d5d6c4c686adc755ee1e091d1eeeefec4da833701d4364559da0094,2026-09-02T16:40:54+00:00
2026-07-31,SLB,2003Q1,FMP,REVENUE_USD,2232000000.0,D:\Programming\python_example\Arcana\data-lake\bronze\consensus\fmp\analyst-estimates\period=quarter\snapshot_date=2026-07-31\ticker=SLB.json,5a2de2956d5d6c4c686adc755ee1e091d1eeeefec4da833701d4364559da0094,2026-09-02T16:40:54+00:00
2026-07-31,SLB,2002Q4,FMP,REVENUE_USD,4156307692.0,D:\Programming\python_example\Arcana\data-lake\bronze\consensus\fmp\analyst-estimates\period=quarter\snapshot_date=2026-07-31\ticker=SLB.json,5a2de2956d5d6c4c686adc755ee1e091d1eeeefec4da833701d4364559da0094,2026-09-02T16:40:54+00:00
2026-07-31,SLB,2002Q3,FMP,REVENUE_USD,3561600000.0,D:\Programming\python_example\Arcana\data-lake\bronze\consensus\fmp\analyst-estimates\period=quarter\snapshot_date=2026-07-31\ticker=SLB.json,5a2de2956d5d6c4c686adc755ee1e091d1eeeefec4da833701d4364559da0094,2026-09-02T16:40:54+00:00
2026-07-31,SLB,2002Q2,FMP,REVENUE_USD,3176775937.0,D:\Programming\python_example\Arcana\data-lake\bronze\consensus\fmp\analyst-estimates\period=quarter\snapshot_date=2026-07-31\ticker=SLB.json,5a2de2956d5d6c4c686adc755ee1e091d1eeeefec4da833701d4364559da0094,2026-09-02T16:40:54+00:00
2026-07-31,SLB,2002Q1,FMP,REVENUE_USD,3309356000.0,D:\Programming\python_example\Arcana\data-lake\bronze\consensus\fmp\analyst-estimates\period=quarter\snapshot_date=2026-07-31\ticker=SLB.json,5a2de2956d5d6c4c686adc755ee1e091d1eeeefec4da833701d4364559da0094,2026-09-02T16:40:54+00:00
2026-07-31,SLB,2001Q4,FMP,REVENUE_USD,3629448000.0,D:\Programming\python_example\Arcana\data-lake\bronze\consensus\fmp\analyst-estimates\period=quarter\snapshot_date=2026-07-31\ticker=SLB.json,5a2de2956d5d6c4c686adc755ee1e091d1eeeefec4da833701d4364559da0094,2026-09-02T16:40:54+00:00
2026-07-31,SLB,2001Q3,FMP,REVENUE_USD,2639769230.0,D:\Programming\python_example\Arcana\data-lake\bronze\consensus\fmp\analyst-estimates\period=quarter\snapshot_date=2026-07-31\ticker=SLB.json,5a2de2956d5d6c4c686adc755ee1e091d1eeeefec4da833701d4364559da0094,2026-09-02T16:40:54+00:00
2026-07-31,SLB,2001Q2,FMP,REVENUE_USD,4788750000.0,D:\Programming\python_example\Arcana\data-lake\bronze\consensus\fmp\analyst-estimates\period=quarter\snapshot_date=2026-07-31\ticker=SLB.json,5a2de2956d5d6c4c686adc755ee1e091d1eeeefec4da833701d4364559da0094,2026-09-02T16:40:54+00:00
2026-07-31,SLB,2001Q1,FMP,REVENUE_USD,2777187000.0,D:\Programming\python_example\Arcana\data-lake\bronze\consensus\fmp\analyst-estimates\period=quarter\snapshot_date=2026-07-31\ticker=SLB.json,5a2de2956d5d6c4c686adc755ee1e091d1eeeefec4da833701d4364559da0094,2026-09-02T16:40:54+00:00
2026-07-31,SLB,2000Q4,FMP,REVENUE_USD,2554057900.0,D:\Programming\python_example\Arcana\data-lake\bronze\consensus\fmp\analyst-estimates\period=quarter\snapshot_date=2026-07-31\ticker=SLB.json,5a2de2956d5d6c4c686adc755ee1e091d1eeeefec4da833701d4364559da0094,2026-09-02T16:40:54+00:00
2026-07-31,SLB,2000Q3,FMP,REVENUE_USD,2396055555.0,D:\Programming\python_example\Arcana\data-lake\bronze\consensus\fmp\analyst-estimates\period=quarter\snapshot_date=2026-07-31\ticker=SLB.json,5a2de2956d5d6c4c686adc755ee1e091d1eeeefec4da833701d4364559da0094,2026-09-02T16:40:54+00:00
2026-07-31,SLB,2000Q2,FMP,REVENUE_USD,2249000000.0,D:\Programming\python_example\Arcana\data-lake\bronze\consensus\fmp\analyst-estimates\period=quarter\snapshot_date=2026-07-31\ticker=SLB.json,5a2de2956d5d6c4c686adc755ee1e091d1eeeefec4da833701d4364559da0094,2026-09-02T16:40:54+00:00
2026-07-31,SLB,2000Q1,FMP,REVENUE_USD,2214000000.0,D:\Programming\python_example\Arcana\data-lake\bronze\consensus\fmp\analyst-estimates\period=quarter\snapshot_date=2026-07-31\ticker=SLB.json,5a2de2956d5d6c4c686adc755ee1e091d1eeeefec4da833701d4364559da0094,2026-09-02T16:40:54+00:00
2026-07-31,SLB,1999Q4,FMP,REVENUE_USD,1664900000.0,D:\Programming\python_example\Arcana\data-lake\bronze\consensus\fmp\analyst-estimates\period=quarter\snapshot_date=2026-07-31\ticker=SLB.json,5a2de2956d5d6c4c686adc755ee1e091d1eeeefec4da833701d4364559da0094,2026-09-02T16:40:54+00:00
2026-07-31,SLB,1999Q3,FMP,REVENUE_USD,2249300000.0,D:\Programming\python_example\Arcana\data-lake\bronze\consensus\fmp\analyst-estimates\period=quarter\snapshot_date=2026-07-31\ticker=SLB.json,5a2de2956d5d6c4c686adc755ee1e091d1eeeefec4da833701d4364559da0094,2026-09-02T16:40:54+00:00
2026-07-31,SLB,1999Q2,FMP,REVENUE_USD,2011831000.0,D:\Programming\python_example\Arcana\data-lake\bronze\consensus\fmp\analyst-estimates\period=quarter\snapshot_date=2026-07-31\ticker=SLB.json,5a2de2956d5d6c4c686adc755ee1e091d1eeeefec4da833701d4364559da0094,2026-09-02T16:40:54+00:00
2026-07-31,SLB,1999Q1,FMP,REVENUE_USD,2152733333.0,D:\Programming\python_example\Arcana\data-lake\bronze\consensus\fmp\analyst-estimates\period=quarter\snapshot_date=2026-07-31\ticker=SLB.json,5a2de2956d5d6c4c686adc755ee1e091d1eeeefec4da833701d4364559da0094,2026-09-02T16:40:54+00:00
2026-07-31,SLB,1998Q4,FMP,REVENUE_USD,2882250000.0,D:\Programming\python_example\Arcana\data-lake\bronze\consensus\fmp\analyst-estimates\period=quarter\snapshot_date=2026-07-31\ticker=SLB.json,5a2de2956d5d6c4c686adc755ee1e091d1eeeefec4da833701d4364559da0094,2026-09-02T16:40:54+00:00
2026-07-31,SLB,1998Q3,FMP,REVENUE_USD,2887843750.0,D:\Programming\python_example\Arcana\data-lake\bronze\consensus\fmp\analyst-estimates\period=quarter\snapshot_date=2026-07-31\ticker=SLB.json,5a2de2956d5d6c4c686adc755ee1e091d1eeeefec4da833701d4364559da0094,2026-09-02T16:40:54+00:00
2026-07-31,SLB,1998Q2,FMP,REVENUE_USD,2771777142.0,D:\Programming\python_example\Arcana\data-lake\bronze\consensus\fmp\analyst-estimates\period=quarter\snapshot_date=2026-07-31\ticker=SLB.json,5a2de2956d5d6c4c686adc755ee1e091d1eeeefec4da833701d4364559da0094,2026-09-02T16:40:54+00:00
2026-07-31,SLB,1998Q1,FMP,REVENUE_USD,2800100000.0,D:\Programming\python_example\Arcana\data-lake\bronze\consensus\fmp\analyst-estimates\period=quarter\snapshot_date=2026-07-31\ticker=SLB.json,5a2de2956d5d6c4c686adc755ee1e091d1eeeefec4da833701d4364559da0094,2026-09-02T16:40:54+00:00
2026-07-31,SLB,1997Q4,FMP,REVENUE_USD,3060736842.0,D:\Programming\python_example\Arcana\data-lake\bronze\consensus\fmp\analyst-estimates\period=quarter\snapshot_date=2026-07-31\ticker=SLB.json,5a2de2956d5d6c4c686adc755ee1e091d1eeeefec4da833701d4364559da0094,2026-09-02T16:40:54+00:00
2026-07-31,SLB,1997Q3,FMP,REVENUE_USD,2487454545.0,D:\Programming\python_example\Arcana\data-lake\bronze\consensus\fmp\analyst-estimates\period=quarter\snapshot_date=2026-07-31\ticker=SLB.json,5a2de2956d5d6c4c686adc755ee1e091d1eeeefec4da833701d4364559da0094,2026-09-02T16:40:54+00:00
2026-07-31,SLB,1997Q2,FMP,REVENUE_USD,2422272413.0,D:\Programming\python_example\Arcana\data-lake\bronze\consensus\fmp\analyst-estimates\period=quarter\snapshot_date=2026-07-31\ticker=SLB.json,5a2de2956d5d6c4c686adc755ee1e091d1eeeefec4da833701d4364559da0094,2026-09-02T16:40:54+00:00
2026-07-31,HAL,2030Q4,FMP,REVENUE_USD,7102112400.0,D:\Programming\python_example\Arcana\data-lake\bronze\consensus\fmp\analyst-estimates\period=quarter\snapshot_date=2026-07-31\ticker=HAL.json,5357007057424b51232b31339805dfc0bbc61a3f8b807ee2c7fa04907cc7eedb,2026-09-02T16:40:54+00:00
2026-07-31,HAL,2030Q3,FMP,REVENUE_USD,6990696100.0,D:\Programming\python_example\Arcana\data-lake\bronze\consensus\fmp\analyst-estimates\period=quarter\snapshot_date=2026-07-31\ticker=HAL.json,5357007057424b51232b31339805dfc0bbc61a3f8b807ee2c7fa04907cc7eedb,2026-09-02T16:40:54+00:00
2026-07-31,HAL,2030Q2,FMP,REVENUE_USD,6878038500.0,D:\Programming\python_example\Arcana\data-lake\bronze\consensus\fmp\analyst-estimates\period=quarter\snapshot_date=2026-07-31\ticker=HAL.json,5357007057424b51232b31339805dfc0bbc61a3f8b807ee2c7fa04907cc7eedb,2026-09-02T16:40:54+00:00
2026-07-31,HAL,2030Q1,FMP,REVENUE_USD,6754636400.0,D:\Programming\python_example\Arcana\data-lake\bronze\consensus\fmp\analyst-estimates\period=quarter\snapshot_date=2026-07-31\ticker=HAL.json,5357007057424b51232b31339805dfc0bbc61a3f8b807ee2c7fa04907cc7eedb,2026-09-02T16:40:54+00:00
2026-07-31,HAL,2029Q4,FMP,REVENUE_USD,6806356300.0,D:\Programming\python_example\Arcana\data-lake\bronze\consensus\fmp\analyst-estimates\period=quarter\snapshot_date=2026-07-31\ticker=HAL.json,5357007057424b51232b31339805dfc0bbc61a3f8b807ee2c7fa04907cc7eedb,2026-09-02T16:40:54+00:00
2026-07-31,HAL,2029Q3,FMP,REVENUE_USD,6710094100.0,D:\Programming\python_example\Arcana\data-lake\bronze\consensus\fmp\analyst-estimates\period=quarter\snapshot_date=2026-07-31\ticker=HAL.json,5357007057424b51232b31339805dfc0bbc61a3f8b807ee2c7fa04907cc7eedb,2026-09-02T16:40:54+00:00
2026-07-31,HAL,2029Q2,FMP,REVENUE_USD,6610822200.0,D:\Programming\python_example\Arcana\data-lake\bronze\consensus\fmp\analyst-estimates\period=quarter\snapshot_date=2026-07-31\ticker=HAL.json,5357007057424b51232b31339805dfc0bbc61a3f8b807ee2c7fa04907cc7eedb,2026-09-02T16:40:54+00:00
2026-07-31,HAL,2029Q1,FMP,REVENUE_USD,6498701500.0,D:\Programming\python_example\Arcana\data-lake\bronze\consensus\fmp\analyst-estimates\period=quarter\snapshot_date=2026-07-31\ticker=HAL.json,5357007057424b51232b31339805dfc0bbc61a3f8b807ee2c7fa04907cc7eedb,2026-09-02T16:40:54+00:00
2026-07-31,HAL,2028Q4,FMP,REVENUE_USD,6396671132.0,D:\Programming\python_example\Arcana\data-lake\bronze\consensus\fmp\analyst-estimates\period=quarter\snapshot_date=2026-07-31\ticker=HAL.json,5357007057424b51232b31339805dfc0bbc61a3f8b807ee2c7fa04907cc7eedb,2026-09-02T16:40:54+00:00
2026-07-31,HAL,2028Q3,FMP,REVENUE_USD,6328436525.0,D:\Programming\python_example\Arcana\data-lake\bronze\consensus\fmp\analyst-estimates\period=quarter\snapshot_date=2026-07-31\ticker=HAL.json,5357007057424b51232b31339805dfc0bbc61a3f8b807ee2c7fa04907cc7eedb,2026-09-02T16:40:54+00:00
2026-07-31,HAL,2028Q2,FMP,REVENUE_USD,6209161841.0,D:\Programming\python_example\Arcana\data-lake\bronze\consensus\fmp\analyst-estimates\period=quarter\snapshot_date=2026-07-31\ticker=HAL.json,5357007057424b51232b31339805dfc0bbc61a3f8b807ee2c7fa04907cc7eedb,2026-09-02T16:40:54+00:00
2026-07-31,HAL,2028Q1,FMP,REVENUE_USD,6012175162.0,D:\Programming\python_example\Arcana\data-lake\bronze\consensus\fmp\analyst-estimates\period=quarter\snapshot_date=2026-07-31\ticker=HAL.json,5357007057424b51232b31339805dfc0bbc61a3f8b807ee2c7fa04907cc7eedb,2026-09-02T16:40:54+00:00
2026-07-31,HAL,2027Q4,FMP,REVENUE_USD,6070602421.0,D:\Programming\python_example\Arcana\data-lake\bronze\consensus\fmp\analyst-estimates\period=quarter\snapshot_date=2026-07-31\ticker=HAL.json,5357007057424b51232b31339805dfc0bbc61a3f8b807ee2c7fa04907cc7eedb,2026-09-02T16:40:54+00:00
2026-07-31,HAL,2027Q3,FMP,REVENUE_USD,6014063672.0,D:\Programming\python_example\Arcana\data-lake\bronze\consensus\fmp\analyst-estimates\period=quarter\snapshot_date=2026-07-31\ticker=HAL.json,5357007057424b51232b31339805dfc0bbc61a3f8b807ee2c7fa04907cc7eedb,2026-09-02T16:40:54+00:00
2026-07-31,HAL,2027Q2,FMP,REVENUE_USD,5868928394.0,D:\Programming\python_example\Arcana\data-lake\bronze\consensus\fmp\analyst-estimates\period=quarter\snapshot_date=2026-07-31\ticker=HAL.json,5357007057424b51232b31339805dfc0bbc61a3f8b807ee2c7fa04907cc7eedb,2026-09-02T16:40:54+00:00
2026-07-31,HAL,2027Q1,FMP,REVENUE_USD,5645981902.0,D:\Programming\python_example\Arcana\data-lake\bronze\consensus\fmp\analyst-estimates\period=quarter\snapshot_date=2026-07-31\ticker=HAL.json,5357007057424b51232b31339805dfc0bbc61a3f8b807ee2c7fa04907cc7eedb,2026-09-02T16:40:54+00:00
2026-07-31,HAL,2026Q4,FMP,REVENUE_USD,5683351721.0,D:\Programming\python_example\Arcana\data-lake\bronze\consensus\fmp\analyst-estimates\period=quarter\snapshot_date=2026-07-31\ticker=HAL.json,5357007057424b51232b31339805dfc0bbc61a3f8b807ee2c7fa04907cc7eedb,2026-09-02T16:40:54+00:00
2026-07-31,HAL,2026Q3,FMP,REVENUE_USD,5593674868.0,D:\Programming\python_example\Arcana\data-lake\bronze\consensus\fmp\analyst-estimates\period=quarter\snapshot_date=2026-07-31\ticker=HAL.json,5357007057424b51232b31339805dfc0bbc61a3f8b807ee2c7fa04907cc7eedb,2026-09-02T16:40:54+00:00
2026-07-31,HAL,2026Q2,FMP,REVENUE_USD,5495754081.0,D:\Programming\python_example\Arcana\data-lake\bronze\consensus\fmp\analyst-estimates\period=quarter\snapshot_date=2026-07-31\ticker=HAL.json,5357007057424b51232b31339805dfc0bbc61a3f8b807ee2c7fa04907cc7eedb,2026-09-02T16:40:54+00:00
2026-07-31,HAL,2026Q1,FMP,REVENUE_USD,5306528757.0,D:\Programming\python_example\Arcana\data-lake\bronze\consensus\fmp\analyst-estimates\period=quarter\snapshot_date=2026-07-31\ticker=HAL.json,5357007057424b51232b31339805dfc0bbc61a3f8b807ee2c7fa04907cc7eedb,2026-09-02T16:40:54+00:00
2026-07-31,HAL,2025Q4,FMP,REVENUE_USD,5407251948.0,D:\Programming\python_example\Arcana\data-lake\bronze\consensus\fmp\analyst-estimates\period=quarter\snapshot_date=2026-07-31\ticker=HAL.json,5357007057424b51232b31339805dfc0bbc61a3f8b807ee2c7fa04907cc7eedb,2026-09-02T16:40:54+00:00
2026-07-31,HAL,2025Q3,FMP,REVENUE_USD,5388883873.0,D:\Programming\python_example\Arcana\data-lake\bronze\consensus\fmp\analyst-estimates\period=quarter\snapshot_date=2026-07-31\ticker=HAL.json,5357007057424b51232b31339805dfc0bbc61a3f8b807ee2c7fa04907cc7eedb,2026-09-02T16:40:54+00:00
2026-07-31,HAL,2025Q2,FMP,REVENUE_USD,5406672512.0,D:\Programming\python_example\Arcana\data-lake\bronze\consensus\fmp\analyst-estimates\period=quarter\snapshot_date=2026-07-31\ticker=HAL.json,5357007057424b51232b31339805dfc0bbc61a3f8b807ee2c7fa04907cc7eedb,2026-09-02T16:40:54+00:00
2026-07-31,HAL,2025Q1,FMP,REVENUE_USD,5273937370.0,D:\Programming\python_example\Arcana\data-lake\bronze\consensus\fmp\analyst-estimates\period=quarter\snapshot_date=2026-07-31\ticker=HAL.json,5357007057424b51232b31339805dfc0bbc61a3f8b807ee2c7fa04907cc7eedb,2026-09-02T16:40:54+00:00
2026-07-31,HAL,2024Q4,FMP,REVENUE_USD,5633028960.0,D:\Programming\python_example\Arcana\data-lake\bronze\consensus\fmp\analyst-estimates\period=quarter\snapshot_date=2026-07-31\ticker=HAL.json,5357007057424b51232b31339805dfc0bbc61a3f8b807ee2c7fa04907cc7eedb,2026-09-02T16:40:54+00:00
2026-07-31,HAL,2024Q3,FMP,REVENUE_USD,5827303643.0,D:\Programming\python_example\Arcana\data-lake\bronze\consensus\fmp\analyst-estimates\period=quarter\snapshot_date=2026-07-31\ticker=HAL.json,5357007057424b51232b31339805dfc0bbc61a3f8b807ee2c7fa04907cc7eedb,2026-09-02T16:40:54+00:00
2026-07-31,HAL,2024Q2,FMP,REVENUE_USD,5946659160.0,D:\Programming\python_example\Arcana\data-lake\bronze\consensus\fmp\analyst-estimates\period=quarter\snapshot_date=2026-07-31\ticker=HAL.json,5357007057424b51232b31339805dfc0bbc61a3f8b807ee2c7fa04907cc7eedb,2026-09-02T16:40:54+00:00
2026-07-31,HAL,2024Q1,FMP,REVENUE_USD,5669211231.0,D:\Programming\python_example\Arcana\data-lake\bronze\consensus\fmp\analyst-estimates\period=quarter\snapshot_date=2026-07-31\ticker=HAL.json,5357007057424b51232b31339805dfc0bbc61a3f8b807ee2c7fa04907cc7eedb,2026-09-02T16:40:54+00:00
2026-07-31,HAL,2023Q4,FMP,REVENUE_USD,5781773668.0,D:\Programming\python_example\Arcana\data-lake\bronze\consensus\fmp\analyst-estimates\period=quarter\snapshot_date=2026-07-31\ticker=HAL.json,5357007057424b51232b31339805dfc0bbc61a3f8b807ee2c7fa04907cc7eedb,2026-09-02T16:40:54+00:00
2026-07-31,HAL,2023Q3,FMP,REVENUE_USD,5848113763.0,D:\Programming\python_example\Arcana\data-lake\bronze\consensus\fmp\analyst-estimates\period=quarter\snapshot_date=2026-07-31\ticker=HAL.json,5357007057424b51232b31339805dfc0bbc61a3f8b807ee2c7fa04907cc7eedb,2026-09-02T16:40:54+00:00
2026-07-31,HAL,2023Q2,FMP,REVENUE_USD,5849530555.0,D:\Programming\python_example\Arcana\data-lake\bronze\consensus\fmp\analyst-estimates\period=quarter\snapshot_date=2026-07-31\ticker=HAL.json,5357007057424b51232b31339805dfc0bbc61a3f8b807ee2c7fa04907cc7eedb,2026-09-02T16:40:54+00:00
2026-07-31,HAL,2023Q1,FMP,REVENUE_USD,5496945532.0,D:\Programming\python_example\Arcana\data-lake\bronze\consensus\fmp\analyst-estimates\period=quarter\snapshot_date=2026-07-31\ticker=HAL.json,5357007057424b51232b31339805dfc0bbc61a3f8b807ee2c7fa04907cc7eedb,2026-09-02T16:40:54+00:00
2026-07-31,HAL,2022Q4,FMP,REVENUE_USD,5582705920.0,D:\Programming\python_example\Arcana\data-lake\bronze\consensus\fmp\analyst-estimates\period=quarter\snapshot_date=2026-07-31\ticker=HAL.json,5357007057424b51232b31339805dfc0bbc61a3f8b807ee2c7fa04907cc7eedb,2026-09-02T16:40:54+00:00
2026-07-31,HAL,2022Q3,FMP,REVENUE_USD,5342391248.0,D:\Programming\python_example\Arcana\data-lake\bronze\consensus\fmp\analyst-estimates\period=quarter\snapshot_date=2026-07-31\ticker=HAL.json,5357007057424b51232b31339805dfc0bbc61a3f8b807ee2c7fa04907cc7eedb,2026-09-02T16:40:54+00:00
2026-07-31,HAL,2022Q2,FMP,REVENUE_USD,4705464441.0,D:\Programming\python_example\Arcana\data-lake\bronze\consensus\fmp\analyst-estimates\period=quarter\snapshot_date=2026-07-31\ticker=HAL.json,5357007057424b51232b31339805dfc0bbc61a3f8b807ee2c7fa04907cc7eedb,2026-09-02T16:40:54+00:00
2026-07-31,HAL,2022Q1,FMP,REVENUE_USD,4203498639.0,D:\Programming\python_example\Arcana\data-lake\bronze\consensus\fmp\analyst-estimates\period=quarter\snapshot_date=2026-07-31\ticker=HAL.json,5357007057424b51232b31339805dfc0bbc61a3f8b807ee2c7fa04907cc7eedb,2026-09-02T16:40:54+00:00
2026-07-31,HAL,2021Q4,FMP,REVENUE_USD,4088590000.0,D:\Programming\python_example\Arcana\data-lake\bronze\consensus\fmp\analyst-estimates\period=quarter\snapshot_date=2026-07-31\ticker=HAL.json,5357007057424b51232b31339805dfc0bbc61a3f8b807ee2c7fa04907cc7eedb,2026-09-02T16:40:54+00:00
2026-07-31,HAL,2021Q3,FMP,REVENUE_USD,3891940216.0,D:\Programming\python_example\Arcana\data-lake\bronze\consensus\fmp\analyst-estimates\period=quarter\snapshot_date=2026-07-31\ticker=HAL.json,5357007057424b51232b31339805dfc0bbc61a3f8b807ee2c7fa04907cc7eedb,2026-09-02T16:40:54+00:00
2026-07-31,HAL,2021Q2,FMP,REVENUE_USD,3709731724.0,D:\Programming\python_example\Arcana\data-lake\bronze\consensus\fmp\analyst-estimates\period=quarter\snapshot_date=2026-07-31\ticker=HAL.json,5357007057424b51232b31339805dfc0bbc61a3f8b807ee2c7fa04907cc7eedb,2026-09-02T16:40:54+00:00
2026-07-31,HAL,2021Q1,FMP,REVENUE_USD,3355521907.0,D:\Programming\python_example\Arcana\data-lake\bronze\consensus\fmp\analyst-estimates\period=quarter\snapshot_date=2026-07-31\ticker=HAL.json,5357007057424b51232b31339805dfc0bbc61a3f8b807ee2c7fa04907cc7eedb,2026-09-02T16:40:54+00:00
2026-07-31,HAL,2020Q4,FMP,REVENUE_USD,3209367190.0,D:\Programming\python_example\Arcana\data-lake\bronze\consensus\fmp\analyst-estimates\period=quarter\snapshot_date=2026-07-31\ticker=HAL.json,5357007057424b51232b31339805dfc0bbc61a3f8b807ee2c7fa04907cc7eedb,2026-09-02T16:40:54+00:00
2026-07-31,HAL,2020Q3,FMP,REVENUE_USD,3086890841.0,D:\Programming\python_example\Arcana\data-lake\bronze\consensus\fmp\analyst-estimates\period=quarter\snapshot_date=2026-07-31\ticker=HAL.json,5357007057424b51232b31339805dfc0bbc61a3f8b807ee2c7fa04907cc7eedb,2026-09-02T16:40:54+00:00
2026-07-31,HAL,2020Q2,FMP,REVENUE_USD,3299988546.0,D:\Programming\python_example\Arcana\data-lake\bronze\consensus\fmp\analyst-estimates\period=quarter\snapshot_date=2026-07-31\ticker=HAL.json,5357007057424b51232b31339805dfc0bbc61a3f8b807ee2c7fa04907cc7eedb,2026-09-02T16:40:54+00:00
2026-07-31,HAL,2020Q1,FMP,REVENUE_USD,5015147363.0,D:\Programming\python_example\Arcana\data-lake\bronze\consensus\fmp\analyst-estimates\period=quarter\snapshot_date=2026-07-31\ticker=HAL.json,5357007057424b51232b31339805dfc0bbc61a3f8b807ee2c7fa04907cc7eedb,2026-09-02T16:40:54+00:00
2026-07-31,HAL,2019Q4,FMP,REVENUE_USD,5129883331.0,D:\Programming\python_example\Arcana\data-lake\bronze\consensus\fmp\analyst-estimates\period=quarter\snapshot_date=2026-07-31\ticker=HAL.json,5357007057424b51232b31339805dfc0bbc61a3f8b807ee2c7fa04907cc7eedb,2026-09-02T16:40:54+00:00
2026-07-31,HAL,2019Q3,FMP,REVENUE_USD,5817434236.0,D:\Programming\python_example\Arcana\data-lake\bronze\consensus\fmp\analyst-estimates\period=quarter\snapshot_date=2026-07-31\ticker=HAL.json,5357007057424b51232b31339805dfc0bbc61a3f8b807ee2c7fa04907cc7eedb,2026-09-02T16:40:54+00:00
2026-07-31,HAL,2019Q2,FMP,REVENUE_USD,5970596761.0,D:\Programming\python_example\Arcana\data-lake\bronze\consensus\fmp\analyst-estimates\period=quarter\snapshot_date=2026-07-31\ticker=HAL.json,5357007057424b51232b31339805dfc0bbc61a3f8b807ee2c7fa04907cc7eedb,2026-09-02T16:40:54+00:00
2026-07-31,HAL,2019Q1,FMP,REVENUE_USD,5528266004.0,D:\Programming\python_example\Arcana\data-lake\bronze\consensus\fmp\analyst-estimates\period=quarter\snapshot_date=2026-07-31\ticker=HAL.json,5357007057424b51232b31339805dfc0bbc61a3f8b807ee2c7fa04907cc7eedb,2026-09-02T16:40:54+00:00
2026-07-31,HAL,2018Q4,FMP,REVENUE_USD,5356878048.0,D:\Programming\python_example\Arcana\data-lake\bronze\consensus\fmp\analyst-estimates\period=quarter\snapshot_date=2026-07-31\ticker=HAL.json,5357007057424b51232b31339805dfc0bbc61a3f8b807ee2c7fa04907cc7eedb,2026-09-02T16:40:54+00:00
2026-07-31,HAL,2018Q3,FMP,REVENUE_USD,6048560000.0,D:\Programming\python_example\Arcana\data-lake\bronze\consensus\fmp\analyst-estimates\period=quarter\snapshot_date=2026-07-31\ticker=HAL.json,5357007057424b51232b31339805dfc0bbc61a3f8b807ee2c7fa04907cc7eedb,2026-09-02T16:40:54+00:00
2026-07-31,HAL,2018Q2,FMP,REVENUE_USD,6147000000.0,D:\Programming\python_example\Arcana\data-lake\bronze\consensus\fmp\analyst-estimates\period=quarter\snapshot_date=2026-07-31\ticker=HAL.json,5357007057424b51232b31339805dfc0bbc61a3f8b807ee2c7fa04907cc7eedb,2026-09-02T16:40:54+00:00
2026-07-31,HAL,2018Q1,FMP,REVENUE_USD,5740000000.0,D:\Programming\python_example\Arcana\data-lake\bronze\consensus\fmp\analyst-estimates\period=quarter\snapshot_date=2026-07-31\ticker=HAL.json,5357007057424b51232b31339805dfc0bbc61a3f8b807ee2c7fa04907cc7eedb,2026-09-02T16:40:54+00:00
2026-07-31,HAL,2017Q4,FMP,REVENUE_USD,5155471698.0,D:\Programming\python_example\Arcana\data-lake\bronze\consensus\fmp\analyst-estimates\period=quarter\snapshot_date=2026-07-31\ticker=HAL.json,5357007057424b51232b31339805dfc0bbc61a3f8b807ee2c7fa04907cc7eedb,2026-09-02T16:40:54+00:00
2026-07-31,HAL,2017Q3,FMP,REVENUE_USD,4795904761.0,D:\Programming\python_example\Arcana\data-lake\bronze\consensus\fmp\analyst-estimates\period=quarter\snapshot_date=2026-07-31\ticker=HAL.json,5357007057424b51232b31339805dfc0bbc61a3f8b807ee2c7fa04907cc7eedb,2026-09-02T16:40:54+00:00
2026-07-31,HAL,2017Q2,FMP,REVENUE_USD,3879391304.0,D:\Programming\python_example\Arcana\data-lake\bronze\consensus\fmp\analyst-estimates\period=quarter\snapshot_date=2026-07-31\ticker=HAL.json,5357007057424b51232b31339805dfc0bbc61a3f8b807ee2c7fa04907cc7eedb,2026-09-02T16:40:54+00:00
2026-07-31,HAL,2017Q1,FMP,REVENUE_USD,3209250000.0,D:\Programming\python_example\Arcana\data-lake\bronze\consensus\fmp\analyst-estimates\period=quarter\snapshot_date=2026-07-31\ticker=HAL.json,5357007057424b51232b31339805dfc0bbc61a3f8b807ee2c7fa04907cc7eedb,2026-09-02T16:40:54+00:00
2026-07-31,HAL,2016Q4,FMP,REVENUE_USD,2010500000.0,D:\Programming\python_example\Arcana\data-lake\bronze\consensus\fmp\analyst-estimates\period=quarter\snapshot_date=2026-07-31\ticker=HAL.json,5357007057424b51232b31339805dfc0bbc61a3f8b807ee2c7fa04907cc7eedb,2026-09-02T16:40:54+00:00
2026-07-31,HAL,2016Q3,FMP,REVENUE_USD,22998000000.0,D:\Programming\python_example\Arcana\data-lake\bronze\consensus\fmp\analyst-estimates\period=quarter\snapshot_date=2026-07-31\ticker=HAL.json,5357007057424b51232b31339805dfc0bbc61a3f8b807ee2c7fa04907cc7eedb,2026-09-02T16:40:54+00:00
2026-07-31,HAL,2016Q2,FMP,REVENUE_USD,5204642857.0,D:\Programming\python_example\Arcana\data-lake\bronze\consensus\fmp\analyst-estimates\period=quarter\snapshot_date=2026-07-31\ticker=HAL.json,5357007057424b51232b31339805dfc0bbc61a3f8b807ee2c7fa04907cc7eedb,2026-09-02T16:40:54+00:00
2026-07-31,HAL,2016Q1,FMP,REVENUE_USD,3896268746.0,D:\Programming\python_example\Arcana\data-lake\bronze\consensus\fmp\analyst-estimates\period=quarter\snapshot_date=2026-07-31\ticker=HAL.json,5357007057424b51232b31339805dfc0bbc61a3f8b807ee2c7fa04907cc7eedb,2026-09-02T16:40:54+00:00
2026-07-31,HAL,2015Q4,FMP,REVENUE_USD,3934451612.0,D:\Programming\python_example\Arcana\data-lake\bronze\consensus\fmp\analyst-estimates\period=quarter\snapshot_date=2026-07-31\ticker=HAL.json,5357007057424b51232b31339805dfc0bbc61a3f8b807ee2c7fa04907cc7eedb,2026-09-02T16:40:54+00:00
2026-07-31,HAL,2015Q3,FMP,REVENUE_USD,4861741935.0,D:\Programming\python_example\Arcana\data-lake\bronze\consensus\fmp\analyst-estimates\period=quarter\snapshot_date=2026-07-31\ticker=HAL.json,5357007057424b51232b31339805dfc0bbc61a3f8b807ee2c7fa04907cc7eedb,2026-09-02T16:40:54+00:00
2026-07-31,HAL,2015Q2,FMP,REVENUE_USD,3901159090.0,D:\Programming\python_example\Arcana\data-lake\bronze\consensus\fmp\analyst-estimates\period=quarter\snapshot_date=2026-07-31\ticker=HAL.json,5357007057424b51232b31339805dfc0bbc61a3f8b807ee2c7fa04907cc7eedb,2026-09-02T16:40:54+00:00
2026-07-31,HAL,2015Q1,FMP,REVENUE_USD,5323469387.0,D:\Programming\python_example\Arcana\data-lake\bronze\consensus\fmp\analyst-estimates\period=quarter\snapshot_date=2026-07-31\ticker=HAL.json,5357007057424b51232b31339805dfc0bbc61a3f8b807ee2c7fa04907cc7eedb,2026-09-02T16:40:54+00:00
2026-07-31,HAL,2014Q4,FMP,REVENUE_USD,8106722689.0,D:\Programming\python_example\Arcana\data-lake\bronze\consensus\fmp\analyst-estimates\period=quarter\snapshot_date=2026-07-31\ticker=HAL.json,5357007057424b51232b31339805dfc0bbc61a3f8b807ee2c7fa04907cc7eedb,2026-09-02T16:40:54+00:00
2026-07-31,HAL,2014Q3,FMP,REVENUE_USD,8042941176.0,D:\Programming\python_example\Arcana\data-lake\bronze\consensus\fmp\analyst-estimates\period=quarter\snapshot_date=2026-07-31\ticker=HAL.json,5357007057424b51232b31339805dfc0bbc61a3f8b807ee2c7fa04907cc7eedb,2026-09-02T16:40:54+00:00
2026-07-31,HAL,2014Q2,FMP,REVENUE_USD,8051000000.0,D:\Programming\python_example\Arcana\data-lake\bronze\consensus\fmp\analyst-estimates\period=quarter\snapshot_date=2026-07-31\ticker=HAL.json,5357007057424b51232b31339805dfc0bbc61a3f8b807ee2c7fa04907cc7eedb,2026-09-02T16:40:54+00:00
2026-07-31,HAL,2014Q1,FMP,REVENUE_USD,7146684931.0,D:\Programming\python_example\Arcana\data-lake\bronze\consensus\fmp\analyst-estimates\period=quarter\snapshot_date=2026-07-31\ticker=HAL.json,5357007057424b51232b31339805dfc0bbc61a3f8b807ee2c7fa04907cc7eedb,2026-09-02T16:40:54+00:00
2026-07-31,HAL,2013Q4,FMP,REVENUE_USD,7310440860.0,D:\Programming\python_example\Arcana\data-lake\bronze\consensus\fmp\analyst-estimates\period=quarter\snapshot_date=2026-07-31\ticker=HAL.json,5357007057424b51232b31339805dfc0bbc61a3f8b807ee2c7fa04907cc7eedb,2026-09-02T16:40:54+00:00
2026-07-31,HAL,2013Q3,FMP,REVENUE_USD,7381975903.0,D:\Programming\python_example\Arcana\data-lake\bronze\consensus\fmp\analyst-estimates\period=quarter\snapshot_date=2026-07-31\ticker=HAL.json,5357007057424b51232b31339805dfc0bbc61a3f8b807ee2c7fa04907cc7eedb,2026-09-02T16:40:54+00:00
2026-07-31,HAL,2013Q2,FMP,REVENUE_USD,7216767123.0,D:\Programming\python_example\Arcana\data-lake\bronze\consensus\fmp\analyst-estimates\period=quarter\snapshot_date=2026-07-31\ticker=HAL.json,5357007057424b51232b31339805dfc0bbc61a3f8b807ee2c7fa04907cc7eedb,2026-09-02T16:40:54+00:00
2026-07-31,HAL,2013Q1,FMP,REVENUE_USD,6411580645.0,D:\Programming\python_example\Arcana\data-lake\bronze\consensus\fmp\analyst-estimates\period=quarter\snapshot_date=2026-07-31\ticker=HAL.json,5357007057424b51232b31339805dfc0bbc61a3f8b807ee2c7fa04907cc7eedb,2026-09-02T16:40:54+00:00
2026-07-31,HAL,2012Q4,FMP,REVENUE_USD,6942857142.0,D:\Programming\python_example\Arcana\data-lake\bronze\consensus\fmp\analyst-estimates\period=quarter\snapshot_date=2026-07-31\ticker=HAL.json,5357007057424b51232b31339805dfc0bbc61a3f8b807ee2c7fa04907cc7eedb,2026-09-02T16:40:54+00:00
2026-07-31,HAL,2012Q3,FMP,REVENUE_USD,7111000000.0,D:\Programming\python_example\Arcana\data-lake\bronze\consensus\fmp\analyst-estimates\period=quarter\snapshot_date=2026-07-31\ticker=HAL.json,5357007057424b51232b31339805dfc0bbc61a3f8b807ee2c7fa04907cc7eedb,2026-09-02T16:40:54+00:00
2026-07-31,HAL,2012Q2,FMP,REVENUE_USD,6781875000.0,D:\Programming\python_example\Arcana\data-lake\bronze\consensus\fmp\analyst-estimates\period=quarter\snapshot_date=2026-07-31\ticker=HAL.json,5357007057424b51232b31339805dfc0bbc61a3f8b807ee2c7fa04907cc7eedb,2026-09-02T16:40:54+00:00
2026-07-31,HAL,2012Q1,FMP,REVENUE_USD,6559325842.0,D:\Programming\python_example\Arcana\data-lake\bronze\consensus\fmp\analyst-estimates\period=quarter\snapshot_date=2026-07-31\ticker=HAL.json,5357007057424b51232b31339805dfc0bbc61a3f8b807ee2c7fa04907cc7eedb,2026-09-02T16:40:54+00:00
2026-07-31,HAL,2011Q4,FMP,REVENUE_USD,6993360000.0,D:\Programming\python_example\Arcana\data-lake\bronze\consensus\fmp\analyst-estimates\period=quarter\snapshot_date=2026-07-31\ticker=HAL.json,5357007057424b51232b31339805dfc0bbc61a3f8b807ee2c7fa04907cc7eedb,2026-09-02T16:40:54+00:00
2026-07-31,HAL,2011Q3,FMP,REVENUE_USD,6408680851.0,D:\Programming\python_example\Arcana\data-lake\bronze\consensus\fmp\analyst-estimates\period=quarter\snapshot_date=2026-07-31\ticker=HAL.json,5357007057424b51232b31339805dfc0bbc61a3f8b807ee2c7fa04907cc7eedb,2026-09-02T16:40:54+00:00
2026-07-31,HAL,2011Q2,FMP,REVENUE_USD,5422098765.0,D:\Programming\python_example\Arcana\data-lake\bronze\consensus\fmp\analyst-estimates\period=quarter\snapshot_date=2026-07-31\ticker=HAL.json,5357007057424b51232b31339805dfc0bbc61a3f8b807ee2c7fa04907cc7eedb,2026-09-02T16:40:54+00:00
2026-07-31,HAL,2011Q1,FMP,REVENUE_USD,5022229508.0,D:\Programming\python_example\Arcana\data-lake\bronze\consensus\fmp\analyst-estimates\period=quarter\snapshot_date=2026-07-31\ticker=HAL.json,5357007057424b51232b31339805dfc0bbc61a3f8b807ee2c7fa04907cc7eedb,2026-09-02T16:40:54+00:00
2026-07-31,HAL,2010Q4,FMP,REVENUE_USD,4780588235.0,D:\Programming\python_example\Arcana\data-lake\bronze\consensus\fmp\analyst-estimates\period=quarter\snapshot_date=2026-07-31\ticker=HAL.json,5357007057424b51232b31339805dfc0bbc61a3f8b807ee2c7fa04907cc7eedb,2026-09-02T16:40:54+00:00
2026-07-31,HAL,2010Q3,FMP,REVENUE_USD,4504137931.0,D:\Programming\python_example\Arcana\data-lake\bronze\consensus\fmp\analyst-estimates\period=quarter\snapshot_date=2026-07-31\ticker=HAL.json,5357007057424b51232b31339805dfc0bbc61a3f8b807ee2c7fa04907cc7eedb,2026-09-02T16:40:54+00:00
2026-07-31,HAL,2010Q2,FMP,REVENUE_USD,3121519230.0,D:\Programming\python_example\Arcana\data-lake\bronze\consensus\fmp\analyst-estimates\period=quarter\snapshot_date=2026-07-31\ticker=HAL.json,5357007057424b51232b31339805dfc0bbc61a3f8b807ee2c7fa04907cc7eedb,2026-09-02T16:40:54+00:00
2026-07-31,HAL,2010Q1,FMP,REVENUE_USD,3358035714.0,D:\Programming\python_example\Arcana\data-lake\bronze\consensus\fmp\analyst-estimates\period=quarter\snapshot_date=2026-07-31\ticker=HAL.json,5357007057424b51232b31339805dfc0bbc61a3f8b807ee2c7fa04907cc7eedb,2026-09-02T16:40:54+00:00
2026-07-31,HAL,2009Q4,FMP,REVENUE_USD,3554357142.0,D:\Programming\python_example\Arcana\data-lake\bronze\consensus\fmp\analyst-estimates\period=quarter\snapshot_date=2026-07-31\ticker=HAL.json,5357007057424b51232b31339805dfc0bbc61a3f8b807ee2c7fa04907cc7eedb,2026-09-02T16:40:54+00:00
2026-07-31,HAL,2009Q3,FMP,REVENUE_USD,3216827586.0,D:\Programming\python_example\Arcana\data-lake\bronze\consensus\fmp\analyst-estimates\period=quarter\snapshot_date=2026-07-31\ticker=HAL.json,5357007057424b51232b31339805dfc0bbc61a3f8b807ee2c7fa04907cc7eedb,2026-09-02T16:40:54+00:00
2026-07-31,HAL,2009Q2,FMP,REVENUE_USD,3253034482.0,D:\Programming\python_example\Arcana\data-lake\bronze\consensus\fmp\analyst-estimates\period=quarter\snapshot_date=2026-07-31\ticker=HAL.json,5357007057424b51232b31339805dfc0bbc61a3f8b807ee2c7fa04907cc7eedb,2026-09-02T16:40:54+00:00
2026-07-31,HAL,2009Q1,FMP,REVENUE_USD,3813976190.0,D:\Programming\python_example\Arcana\data-lake\bronze\consensus\fmp\analyst-estimates\period=quarter\snapshot_date=2026-07-31\ticker=HAL.json,5357007057424b51232b31339805dfc0bbc61a3f8b807ee2c7fa04907cc7eedb,2026-09-02T16:40:54+00:00
2026-07-31,HAL,2008Q4,FMP,REVENUE_USD,4371097560.0,D:\Programming\python_example\Arcana\data-lake\bronze\consensus\fmp\analyst-estimates\period=quarter\snapshot_date=2026-07-31\ticker=HAL.json,5357007057424b51232b31339805dfc0bbc61a3f8b807ee2c7fa04907cc7eedb,2026-09-02T16:40:54+00:00
2026-07-31,HAL,2008Q3,FMP,REVENUE_USD,4661434210.0,D:\Programming\python_example\Arcana\data-lake\bronze\consensus\fmp\analyst-estimates\period=quarter\snapshot_date=2026-07-31\ticker=HAL.json,5357007057424b51232b31339805dfc0bbc61a3f8b807ee2c7fa04907cc7eedb,2026-09-02T16:40:54+00:00
2026-07-31,HAL,2008Q2,FMP,REVENUE_USD,4487000000.0,D:\Programming\python_example\Arcana\data-lake\bronze\consensus\fmp\analyst-estimates\period=quarter\snapshot_date=2026-07-31\ticker=HAL.json,5357007057424b51232b31339805dfc0bbc61a3f8b807ee2c7fa04907cc7eedb,2026-09-02T16:40:54+00:00
2026-07-31,HAL,2008Q1,FMP,REVENUE_USD,4029000000.0,D:\Programming\python_example\Arcana\data-lake\bronze\consensus\fmp\analyst-estimates\period=quarter\snapshot_date=2026-07-31\ticker=HAL.json,5357007057424b51232b31339805dfc0bbc61a3f8b807ee2c7fa04907cc7eedb,2026-09-02T16:40:54+00:00
2026-07-31,HAL,2007Q4,FMP,REVENUE_USD,4061281690.0,D:\Programming\python_example\Arcana\data-lake\bronze\consensus\fmp\analyst-estimates\period=quarter\snapshot_date=2026-07-31\ticker=HAL.json,5357007057424b51232b31339805dfc0bbc61a3f8b807ee2c7fa04907cc7eedb,2026-09-02T16:40:54+00:00
2026-07-31,HAL,2007Q3,FMP,REVENUE_USD,3808969696.0,D:\Programming\python_example\Arcana\data-lake\bronze\consensus\fmp\analyst-estimates\period=quarter\snapshot_date=2026-07-31\ticker=HAL.json,5357007057424b51232b31339805dfc0bbc61a3f8b807ee2c7fa04907cc7eedb,2026-09-02T16:40:54+00:00
2026-07-31,HAL,2007Q2,FMP,REVENUE_USD,3486000000.0,D:\Programming\python_example\Arcana\data-lake\bronze\consensus\fmp\analyst-estimates\period=quarter\snapshot_date=2026-07-31\ticker=HAL.json,5357007057424b51232b31339805dfc0bbc61a3f8b807ee2c7fa04907cc7eedb,2026-09-02T16:40:54+00:00
2026-07-31,HAL,2007Q1,FMP,REVENUE_USD,3422000000.0,D:\Programming\python_example\Arcana\data-lake\bronze\consensus\fmp\analyst-estimates\period=quarter\snapshot_date=2026-07-31\ticker=HAL.json,5357007057424b51232b31339805dfc0bbc61a3f8b807ee2c7fa04907cc7eedb,2026-09-02T16:40:54+00:00
2026-07-31,HAL,2006Q4,FMP,REVENUE_USD,3452403225.0,D:\Programming\python_example\Arcana\data-lake\bronze\consensus\fmp\analyst-estimates\period=quarter\snapshot_date=2026-07-31\ticker=HAL.json,5357007057424b51232b31339805dfc0bbc61a3f8b807ee2c7fa04907cc7eedb,2026-09-02T16:40:54+00:00
2026-07-31,HAL,2006Q3,FMP,REVENUE_USD,3158068965.0,D:\Programming\python_example\Arcana\data-lake\bronze\consensus\fmp\analyst-estimates\period=quarter\snapshot_date=2026-07-31\ticker=HAL.json,5357007057424b51232b31339805dfc0bbc61a3f8b807ee2c7fa04907cc7eedb,2026-09-02T16:40:54+00:00
2026-07-31,HAL,2006Q2,FMP,REVENUE_USD,3180916666.0,D:\Programming\python_example\Arcana\data-lake\bronze\consensus\fmp\analyst-estimates\period=quarter\snapshot_date=2026-07-31\ticker=HAL.json,5357007057424b51232b31339805dfc0bbc61a3f8b807ee2c7fa04907cc7eedb,2026-09-02T16:40:54+00:00
2026-07-31,HAL,2006Q1,FMP,REVENUE_USD,2872711111.0,D:\Programming\python_example\Arcana\data-lake\bronze\consensus\fmp\analyst-estimates\period=quarter\snapshot_date=2026-07-31\ticker=HAL.json,5357007057424b51232b31339805dfc0bbc61a3f8b807ee2c7fa04907cc7eedb,2026-09-02T16:40:54+00:00
2026-07-31,HAL,2005Q4,FMP,REVENUE_USD,4891022222.0,D:\Programming\python_example\Arcana\data-lake\bronze\consensus\fmp\analyst-estimates\period=quarter\snapshot_date=2026-07-31\ticker=HAL.json,5357007057424b51232b31339805dfc0bbc61a3f8b807ee2c7fa04907cc7eedb,2026-09-02T16:40:54+00:00
2026-07-31,HAL,2005Q3,FMP,REVENUE_USD,4912000000.0,D:\Programming\python_example\Arcana\data-lake\bronze\consensus\fmp\analyst-estimates\period=quarter\snapshot_date=2026-07-31\ticker=HAL.json,5357007057424b51232b31339805dfc0bbc61a3f8b807ee2c7fa04907cc7eedb,2026-09-02T16:40:54+00:00
2026-07-31,HAL,2005Q2,FMP,REVENUE_USD,3664315789.0,D:\Programming\python_example\Arcana\data-lake\bronze\consensus\fmp\analyst-estimates\period=quarter\snapshot_date=2026-07-31\ticker=HAL.json,5357007057424b51232b31339805dfc0bbc61a3f8b807ee2c7fa04907cc7eedb,2026-09-02T16:40:54+00:00
2026-07-31,HAL,2005Q1,FMP,REVENUE_USD,3628482758.0,D:\Programming\python_example\Arcana\data-lake\bronze\consensus\fmp\analyst-estimates\period=quarter\snapshot_date=2026-07-31\ticker=HAL.json,5357007057424b51232b31339805dfc0bbc61a3f8b807ee2c7fa04907cc7eedb,2026-09-02T16:40:54+00:00
2026-07-31,HAL,2004Q4,FMP,REVENUE_USD,5612750000.0,D:\Programming\python_example\Arcana\data-lake\bronze\consensus\fmp\analyst-estimates\period=quarter\snapshot_date=2026-07-31\ticker=HAL.json,5357007057424b51232b31339805dfc0bbc61a3f8b807ee2c7fa04907cc7eedb,2026-09-02T16:40:54+00:00
2026-07-31,HAL,2004Q3,FMP,REVENUE_USD,4311000000.0,D:\Programming\python_example\Arcana\data-lake\bronze\consensus\fmp\analyst-estimates\period=quarter\snapshot_date=2026-07-31\ticker=HAL.json,5357007057424b51232b31339805dfc0bbc61a3f8b807ee2c7fa04907cc7eedb,2026-09-02T16:40:54+00:00
2026-07-31,HAL,2004Q2,FMP,REVENUE_USD,4664470588.0,D:\Programming\python_example\Arcana\data-lake\bronze\consensus\fmp\analyst-estimates\period=quarter\snapshot_date=2026-07-31\ticker=HAL.json,5357007057424b51232b31339805dfc0bbc61a3f8b807ee2c7fa04907cc7eedb,2026-09-02T16:40:54+00:00
2026-07-31,HAL,2004Q1,FMP,REVENUE_USD,5895466666.0,D:\Programming\python_example\Arcana\data-lake\bronze\consensus\fmp\analyst-estimates\period=quarter\snapshot_date=2026-07-31\ticker=HAL.json,5357007057424b51232b31339805dfc0bbc61a3f8b807ee2c7fa04907cc7eedb,2026-09-02T16:40:54+00:00
2026-07-31,HAL,2003Q4,FMP,REVENUE_USD,5122500000.0,D:\Programming\python_example\Arcana\data-lake\bronze\consensus\fmp\analyst-estimates\period=quarter\snapshot_date=2026-07-31\ticker=HAL.json,5357007057424b51232b31339805dfc0bbc61a3f8b807ee2c7fa04907cc7eedb,2026-09-02T16:40:54+00:00
2026-07-31,HAL,2003Q3,FMP,REVENUE_USD,3555428571.0,D:\Programming\python_example\Arcana\data-lake\bronze\consensus\fmp\analyst-estimates\period=quarter\snapshot_date=2026-07-31\ticker=HAL.json,5357007057424b51232b31339805dfc0bbc61a3f8b807ee2c7fa04907cc7eedb,2026-09-02T16:40:54+00:00
2026-07-31,HAL,2003Q2,FMP,REVENUE_USD,3598999999.0,D:\Programming\python_example\Arcana\data-lake\bronze\consensus\fmp\analyst-estimates\period=quarter\snapshot_date=2026-07-31\ticker=HAL.json,5357007057424b51232b31339805dfc0bbc61a3f8b807ee2c7fa04907cc7eedb,2026-09-02T16:40:54+00:00
2026-07-31,HAL,2003Q1,FMP,REVENUE_USD,3877020000.0,D:\Programming\python_example\Arcana\data-lake\bronze\consensus\fmp\analyst-estimates\period=quarter\snapshot_date=2026-07-31\ticker=HAL.json,5357007057424b51232b31339805dfc0bbc61a3f8b807ee2c7fa04907cc7eedb,2026-09-02T16:40:54+00:00
2026-07-31,HAL,2002Q4,FMP,REVENUE_USD,3348000000.0,D:\Programming\python_example\Arcana\data-lake\bronze\consensus\fmp\analyst-estimates\period=quarter\snapshot_date=2026-07-31\ticker=HAL.json,5357007057424b51232b31339805dfc0bbc61a3f8b807ee2c7fa04907cc7eedb,2026-09-02T16:40:54+00:00
2026-07-31,HAL,2002Q3,FMP,REVENUE_USD,2130000000.0,D:\Programming\python_example\Arcana\data-lake\bronze\consensus\fmp\analyst-estimates\period=quarter\snapshot_date=2026-07-31\ticker=HAL.json,5357007057424b51232b31339805dfc0bbc61a3f8b807ee2c7fa04907cc7eedb,2026-09-02T16:40:54+00:00
2026-07-31,HAL,2002Q2,FMP,REVENUE_USD,2875555555.0,D:\Programming\python_example\Arcana\data-lake\bronze\consensus\fmp\analyst-estimates\period=quarter\snapshot_date=2026-07-31\ticker=HAL.json,5357007057424b51232b31339805dfc0bbc61a3f8b807ee2c7fa04907cc7eedb,2026-09-02T16:40:54+00:00
2026-07-31,HAL,2002Q1,FMP,REVENUE_USD,3007000000.0,D:\Programming\python_example\Arcana\data-lake\bronze\consensus\fmp\analyst-estimates\period=quarter\snapshot_date=2026-07-31\ticker=HAL.json,5357007057424b51232b31339805dfc0bbc61a3f8b807ee2c7fa04907cc7eedb,2026-09-02T16:40:54+00:00
2026-07-31,HAL,2001Q4,FMP,REVENUE_USD,2973750000.0,D:\Programming\python_example\Arcana\data-lake\bronze\consensus\fmp\analyst-estimates\period=quarter\snapshot_date=2026-07-31\ticker=HAL.json,5357007057424b51232b31339805dfc0bbc61a3f8b807ee2c7fa04907cc7eedb,2026-09-02T16:40:54+00:00
2026-07-31,HAL,2001Q3,FMP,REVENUE_USD,3391000000.0,D:\Programming\python_example\Arcana\data-lake\bronze\consensus\fmp\analyst-estimates\period=quarter\snapshot_date=2026-07-31\ticker=HAL.json,5357007057424b51232b31339805dfc0bbc61a3f8b807ee2c7fa04907cc7eedb,2026-09-02T16:40:54+00:00
2026-07-31,HAL,2001Q2,FMP,REVENUE_USD,2946176470.0,D:\Programming\python_example\Arcana\data-lake\bronze\consensus\fmp\analyst-estimates\period=quarter\snapshot_date=2026-07-31\ticker=HAL.json,5357007057424b51232b31339805dfc0bbc61a3f8b807ee2c7fa04907cc7eedb,2026-09-02T16:40:54+00:00
2026-07-31,HAL,2001Q1,FMP,REVENUE_USD,3458400000.0,D:\Programming\python_example\Arcana\data-lake\bronze\consensus\fmp\analyst-estimates\period=quarter\snapshot_date=2026-07-31\ticker=HAL.json,5357007057424b51232b31339805dfc0bbc61a3f8b807ee2c7fa04907cc7eedb,2026-09-02T16:40:54+00:00
2026-07-31,HAL,2000Q4,FMP,REVENUE_USD,2999076923.0,D:\Programming\python_example\Arcana\data-lake\bronze\consensus\fmp\analyst-estimates\period=quarter\snapshot_date=2026-07-31\ticker=HAL.json,5357007057424b51232b31339805dfc0bbc61a3f8b807ee2c7fa04907cc7eedb,2026-09-02T16:40:54+00:00
2026-07-31,HAL,2000Q3,FMP,REVENUE_USD,3528000000.0,D:\Programming\python_example\Arcana\data-lake\bronze\consensus\fmp\analyst-estimates\period=quarter\snapshot_date=2026-07-31\ticker=HAL.json,5357007057424b51232b31339805dfc0bbc61a3f8b807ee2c7fa04907cc7eedb,2026-09-02T16:40:54+00:00
2026-07-31,HAL,2000Q2,FMP,REVENUE_USD,3346000000.0,D:\Programming\python_example\Arcana\data-lake\bronze\consensus\fmp\analyst-estimates\period=quarter\snapshot_date=2026-07-31\ticker=HAL.json,5357007057424b51232b31339805dfc0bbc61a3f8b807ee2c7fa04907cc7eedb,2026-09-02T16:40:54+00:00
2026-07-31,HAL,2000Q1,FMP,REVENUE_USD,2859000000.0,D:\Programming\python_example\Arcana\data-lake\bronze\consensus\fmp\analyst-estimates\period=quarter\snapshot_date=2026-07-31\ticker=HAL.json,5357007057424b51232b31339805dfc0bbc61a3f8b807ee2c7fa04907cc7eedb,2026-09-02T16:40:54+00:00
2026-07-31,HAL,1999Q4,FMP,REVENUE_USD,3379250000.0,D:\Programming\python_example\Arcana\data-lake\bronze\consensus\fmp\analyst-estimates\period=quarter\snapshot_date=2026-07-31\ticker=HAL.json,5357007057424b51232b31339805dfc0bbc61a3f8b807ee2c7fa04907cc7eedb,2026-09-02T16:40:54+00:00
2026-07-31,HAL,1999Q3,FMP,REVENUE_USD,2548285714.0,D:\Programming\python_example\Arcana\data-lake\bronze\consensus\fmp\analyst-estimates\period=quarter\snapshot_date=2026-07-31\ticker=HAL.json,5357007057424b51232b31339805dfc0bbc61a3f8b807ee2c7fa04907cc7eedb,2026-09-02T16:40:54+00:00
2026-07-31,HAL,1999Q2,FMP,REVENUE_USD,2747700000.0,D:\Programming\python_example\Arcana\data-lake\bronze\consensus\fmp\analyst-estimates\period=quarter\snapshot_date=2026-07-31\ticker=HAL.json,5357007057424b51232b31339805dfc0bbc61a3f8b807ee2c7fa04907cc7eedb,2026-09-02T16:40:54+00:00
2026-07-31,HAL,1999Q1,FMP,REVENUE_USD,3261000000.0,D:\Programming\python_example\Arcana\data-lake\bronze\consensus\fmp\analyst-estimates\period=quarter\snapshot_date=2026-07-31\ticker=HAL.json,5357007057424b51232b31339805dfc0bbc61a3f8b807ee2c7fa04907cc7eedb,2026-09-02T16:40:54+00:00
2026-07-31,HAL,1998Q4,FMP,REVENUE_USD,5729657142.0,D:\Programming\python_example\Arcana\data-lake\bronze\consensus\fmp\analyst-estimates\period=quarter\snapshot_date=2026-07-31\ticker=HAL.json,5357007057424b51232b31339805dfc0bbc61a3f8b807ee2c7fa04907cc7eedb,2026-09-02T16:40:54+00:00
2026-07-31,HAL,1998Q3,FMP,REVENUE_USD,4032000000.0,D:\Programming\python_example\Arcana\data-lake\bronze\consensus\fmp\analyst-estimates\period=quarter\snapshot_date=2026-07-31\ticker=HAL.json,5357007057424b51232b31339805dfc0bbc61a3f8b807ee2c7fa04907cc7eedb,2026-09-02T16:40:54+00:00
2026-07-31,HAL,1998Q2,FMP,REVENUE_USD,4408653846.0,D:\Programming\python_example\Arcana\data-lake\bronze\consensus\fmp\analyst-estimates\period=quarter\snapshot_date=2026-07-31\ticker=HAL.json,5357007057424b51232b31339805dfc0bbc61a3f8b807ee2c7fa04907cc7eedb,2026-09-02T16:40:54+00:00
2026-07-31,HAL,1998Q1,FMP,REVENUE_USD,4448409090.0,D:\Programming\python_example\Arcana\data-lake\bronze\consensus\fmp\analyst-estimates\period=quarter\snapshot_date=2026-07-31\ticker=HAL.json,5357007057424b51232b31339805dfc0bbc61a3f8b807ee2c7fa04907cc7eedb,2026-09-02T16:40:54+00:00
2026-07-31,HAL,1997Q4,FMP,REVENUE_USD,2296955555.0,D:\Programming\python_example\Arcana\data-lake\bronze\consensus\fmp\analyst-estimates\period=quarter\snapshot_date=2026-07-31\ticker=HAL.json,5357007057424b51232b31339805dfc0bbc61a3f8b807ee2c7fa04907cc7eedb,2026-09-02T16:40:54+00:00
2026-07-31,HAL,1997Q3,FMP,REVENUE_USD,3675760000.0,D:\Programming\python_example\Arcana\data-lake\bronze\consensus\fmp\analyst-estimates\period=quarter\snapshot_date=2026-07-31\ticker=HAL.json,5357007057424b51232b31339805dfc0bbc61a3f8b807ee2c7fa04907cc7eedb,2026-09-02T16:40:54+00:00
2026-07-31,HAL,1997Q2,FMP,REVENUE_USD,5706900000.0,D:\Programming\python_example\Arcana\data-lake\bronze\consensus\fmp\analyst-estimates\period=quarter\snapshot_date=2026-07-31\ticker=HAL.json,5357007057424b51232b31339805dfc0bbc61a3f8b807ee2c7fa04907cc7eedb,2026-09-02T16:40:54+00:00
2026-07-31,HAL,1997Q1,FMP,REVENUE_USD,1897500000.0,D:\Programming\python_example\Arcana\data-lake\bronze\consensus\fmp\analyst-estimates\period=quarter\snapshot_date=2026-07-31\ticker=HAL.json,5357007057424b51232b31339805dfc0bbc61a3f8b807ee2c7fa04907cc7eedb,2026-09-02T16:40:54+00:00
2026-07-31,HAL,1996Q4,FMP,REVENUE_USD,1909010526.0,D:\Programming\python_example\Arcana\data-lake\bronze\consensus\fmp\analyst-estimates\period=quarter\snapshot_date=2026-07-31\ticker=HAL.json,5357007057424b51232b31339805dfc0bbc61a3f8b807ee2c7fa04907cc7eedb,2026-09-02T16:40:54+00:00
2026-07-31,BKR,2030Q4,FMP,REVENUE_USD,10328714200.0,D:\Programming\python_example\Arcana\data-lake\bronze\consensus\fmp\analyst-estimates\period=quarter\snapshot_date=2026-07-31\ticker=BKR.json,f3df4bd1e9900f69de9dd364fb33b9bdecbd9e7de952be8599930249f744bed0,2026-09-02T16:40:54+00:00
2026-07-31,BKR,2030Q3,FMP,REVENUE_USD,9693743000.0,D:\Programming\python_example\Arcana\data-lake\bronze\consensus\fmp\analyst-estimates\period=quarter\snapshot_date=2026-07-31\ticker=BKR.json,f3df4bd1e9900f69de9dd364fb33b9bdecbd9e7de952be8599930249f744bed0,2026-09-02T16:40:54+00:00
2026-07-31,BKR,2030Q2,FMP,REVENUE_USD,9481386700.0,D:\Programming\python_example\Arcana\data-lake\bronze\consensus\fmp\analyst-estimates\period=quarter\snapshot_date=2026-07-31\ticker=BKR.json,f3df4bd1e9900f69de9dd364fb33b9bdecbd9e7de952be8599930249f744bed0,2026-09-02T16:40:54+00:00
2026-07-31,BKR,2030Q1,FMP,REVENUE_USD,9386539900.0,D:\Programming\python_example\Arcana\data-lake\bronze\consensus\fmp\analyst-estimates\period=quarter\snapshot_date=2026-07-31\ticker=BKR.json,f3df4bd1e9900f69de9dd364fb33b9bdecbd9e7de952be8599930249f744bed0,2026-09-02T16:40:54+00:00
2026-07-31,BKR,2029Q4,FMP,REVENUE_USD,9700560500.0,D:\Programming\python_example\Arcana\data-lake\bronze\consensus\fmp\analyst-estimates\period=quarter\snapshot_date=2026-07-31\ticker=BKR.json,f3df4bd1e9900f69de9dd364fb33b9bdecbd9e7de952be8599930249f744bed0,2026-09-02T16:40:54+00:00
2026-07-31,BKR,2029Q3,FMP,REVENUE_USD,9128401400.0,D:\Programming\python_example\Arcana\data-lake\bronze\consensus\fmp\analyst-estimates\period=quarter\snapshot_date=2026-07-31\ticker=BKR.json,f3df4bd1e9900f69de9dd364fb33b9bdecbd9e7de952be8599930249f744bed0,2026-09-02T16:40:54+00:00
2026-07-31,BKR,2029Q2,FMP,REVENUE_USD,8929633200.0,D:\Programming\python_example\Arcana\data-lake\bronze\consensus\fmp\analyst-estimates\period=quarter\snapshot_date=2026-07-31\ticker=BKR.json,f3df4bd1e9900f69de9dd364fb33b9bdecbd9e7de952be8599930249f744bed0,2026-09-02T16:40:54+00:00
2026-07-31,BKR,2029Q1,FMP,REVENUE_USD,8822698400.0,D:\Programming\python_example\Arcana\data-lake\bronze\consensus\fmp\analyst-estimates\period=quarter\snapshot_date=2026-07-31\ticker=BKR.json,f3df4bd1e9900f69de9dd364fb33b9bdecbd9e7de952be8599930249f744bed0,2026-09-02T16:40:54+00:00
2026-07-31,BKR,2028Q4,FMP,REVENUE_USD,8660401963.0,D:\Programming\python_example\Arcana\data-lake\bronze\consensus\fmp\analyst-estimates\period=quarter\snapshot_date=2026-07-31\ticker=BKR.json,f3df4bd1e9900f69de9dd364fb33b9bdecbd9e7de952be8599930249f744bed0,2026-09-02T16:40:54+00:00
2026-07-31,BKR,2028Q3,FMP,REVENUE_USD,8266507216.0,D:\Programming\python_example\Arcana\data-lake\bronze\consensus\fmp\analyst-estimates\period=quarter\snapshot_date=2026-07-31\ticker=BKR.json,f3df4bd1e9900f69de9dd364fb33b9bdecbd9e7de952be8599930249f744bed0,2026-09-02T16:40:54+00:00
2026-07-31,BKR,2028Q2,FMP,REVENUE_USD,8020703049.0,D:\Programming\python_example\Arcana\data-lake\bronze\consensus\fmp\analyst-estimates\period=quarter\snapshot_date=2026-07-31\ticker=BKR.json,f3df4bd1e9900f69de9dd364fb33b9bdecbd9e7de952be8599930249f744bed0,2026-09-02T16:40:54+00:00
2026-07-31,BKR,2028Q1,FMP,REVENUE_USD,7772357406.0,D:\Programming\python_example\Arcana\data-lake\bronze\consensus\fmp\analyst-estimates\period=quarter\snapshot_date=2026-07-31\ticker=BKR.json,f3df4bd1e9900f69de9dd364fb33b9bdecbd9e7de952be8599930249f744bed0,2026-09-02T16:40:54+00:00
2026-07-31,BKR,2027Q4,FMP,REVENUE_USD,8212582091.0,D:\Programming\python_example\Arcana\data-lake\bronze\consensus\fmp\analyst-estimates\period=quarter\snapshot_date=2026-07-31\ticker=BKR.json,f3df4bd1e9900f69de9dd364fb33b9bdecbd9e7de952be8599930249f744bed0,2026-09-02T16:40:54+00:00
2026-07-31,BKR,2027Q3,FMP,REVENUE_USD,7884259235.0,D:\Programming\python_example\Arcana\data-lake\bronze\consensus\fmp\analyst-estimates\period=quarter\snapshot_date=2026-07-31\ticker=BKR.json,f3df4bd1e9900f69de9dd364fb33b9bdecbd9e7de952be8599930249f744bed0,2026-09-02T16:40:54+00:00
2026-07-31,BKR,2027Q2,FMP,REVENUE_USD,7592365210.0,D:\Programming\python_example\Arcana\data-lake\bronze\consensus\fmp\analyst-estimates\period=quarter\snapshot_date=2026-07-31\ticker=BKR.json,f3df4bd1e9900f69de9dd364fb33b9bdecbd9e7de952be8599930249f744bed0,2026-09-02T16:40:54+00:00
2026-07-31,BKR,2027Q1,FMP,REVENUE_USD,7271721599.0,D:\Programming\python_example\Arcana\data-lake\bronze\consensus\fmp\analyst-estimates\period=quarter\snapshot_date=2026-07-31\ticker=BKR.json,f3df4bd1e9900f69de9dd364fb33b9bdecbd9e7de952be8599930249f744bed0,2026-09-02T16:40:54+00:00
2026-07-31,BKR,2026Q4,FMP,REVENUE_USD,7564875922.0,D:\Programming\python_example\Arcana\data-lake\bronze\consensus\fmp\analyst-estimates\period=quarter\snapshot_date=2026-07-31\ticker=BKR.json,f3df4bd1e9900f69de9dd364fb33b9bdecbd9e7de952be8599930249f744bed0,2026-09-02T16:40:54+00:00
2026-07-31,BKR,2026Q3,FMP,REVENUE_USD,7151860537.0,D:\Programming\python_example\Arcana\data-lake\bronze\consensus\fmp\analyst-estimates\period=quarter\snapshot_date=2026-07-31\ticker=BKR.json,f3df4bd1e9900f69de9dd364fb33b9bdecbd9e7de952be8599930249f744bed0,2026-09-02T16:40:54+00:00
2026-07-31,BKR,2026Q2,FMP,REVENUE_USD,6537654025.0,D:\Programming\python_example\Arcana\data-lake\bronze\consensus\fmp\analyst-estimates\period=quarter\snapshot_date=2026-07-31\ticker=BKR.json,f3df4bd1e9900f69de9dd364fb33b9bdecbd9e7de952be8599930249f744bed0,2026-09-02T16:40:54+00:00
2026-07-31,BKR,2026Q1,FMP,REVENUE_USD,6338711704.0,D:\Programming\python_example\Arcana\data-lake\bronze\consensus\fmp\analyst-estimates\period=quarter\snapshot_date=2026-07-31\ticker=BKR.json,f3df4bd1e9900f69de9dd364fb33b9bdecbd9e7de952be8599930249f744bed0,2026-09-02T16:40:54+00:00
2026-07-31,BKR,2025Q4,FMP,REVENUE_USD,7072235468.0,D:\Programming\python_example\Arcana\data-lake\bronze\consensus\fmp\analyst-estimates\period=quarter\snapshot_date=2026-07-31\ticker=BKR.json,f3df4bd1e9900f69de9dd364fb33b9bdecbd9e7de952be8599930249f744bed0,2026-09-02T16:40:54+00:00
2026-07-31,BKR,2025Q3,FMP,REVENUE_USD,6829180884.0,D:\Programming\python_example\Arcana\data-lake\bronze\consensus\fmp\analyst-estimates\period=quarter\snapshot_date=2026-07-31\ticker=BKR.json,f3df4bd1e9900f69de9dd364fb33b9bdecbd9e7de952be8599930249f744bed0,2026-09-02T16:40:54+00:00
2026-07-31,BKR,2025Q2,FMP,REVENUE_USD,6629667942.0,D:\Programming\python_example\Arcana\data-lake\bronze\consensus\fmp\analyst-estimates\period=quarter\snapshot_date=2026-07-31\ticker=BKR.json,f3df4bd1e9900f69de9dd364fb33b9bdecbd9e7de952be8599930249f744bed0,2026-09-02T16:40:54+00:00
2026-07-31,BKR,2025Q1,FMP,REVENUE_USD,6497260395.0,D:\Programming\python_example\Arcana\data-lake\bronze\consensus\fmp\analyst-estimates\period=quarter\snapshot_date=2026-07-31\ticker=BKR.json,f3df4bd1e9900f69de9dd364fb33b9bdecbd9e7de952be8599930249f744bed0,2026-09-02T16:40:54+00:00
2026-07-31,BKR,2024Q4,FMP,REVENUE_USD,7069502922.0,D:\Programming\python_example\Arcana\data-lake\bronze\consensus\fmp\analyst-estimates\period=quarter\snapshot_date=2026-07-31\ticker=BKR.json,f3df4bd1e9900f69de9dd364fb33b9bdecbd9e7de952be8599930249f744bed0,2026-09-02T16:40:54+00:00
2026-07-31,BKR,2024Q3,FMP,REVENUE_USD,7210701016.0,D:\Programming\python_example\Arcana\data-lake\bronze\consensus\fmp\analyst-estimates\period=quarter\snapshot_date=2026-07-31\ticker=BKR.json,f3df4bd1e9900f69de9dd364fb33b9bdecbd9e7de952be8599930249f744bed0,2026-09-02T16:40:54+00:00
2026-07-31,BKR,2024Q2,FMP,REVENUE_USD,6808761667.0,D:\Programming\python_example\Arcana\data-lake\bronze\consensus\fmp\analyst-estimates\period=quarter\snapshot_date=2026-07-31\ticker=BKR.json,f3df4bd1e9900f69de9dd364fb33b9bdecbd9e7de952be8599930249f744bed0,2026-09-02T16:40:54+00:00
2026-07-31,BKR,2024Q1,FMP,REVENUE_USD,6372641147.0,D:\Programming\python_example\Arcana\data-lake\bronze\consensus\fmp\analyst-estimates\period=quarter\snapshot_date=2026-07-31\ticker=BKR.json,f3df4bd1e9900f69de9dd364fb33b9bdecbd9e7de952be8599930249f744bed0,2026-09-02T16:40:54+00:00
2026-07-31,BKR,2023Q4,FMP,REVENUE_USD,6928181066.0,D:\Programming\python_example\Arcana\data-lake\bronze\consensus\fmp\analyst-estimates\period=quarter\snapshot_date=2026-07-31\ticker=BKR.json,f3df4bd1e9900f69de9dd364fb33b9bdecbd9e7de952be8599930249f744bed0,2026-09-02T16:40:54+00:00
2026-07-31,BKR,2023Q3,FMP,REVENUE_USD,6521647537.0,D:\Programming\python_example\Arcana\data-lake\bronze\consensus\fmp\analyst-estimates\period=quarter\snapshot_date=2026-07-31\ticker=BKR.json,f3df4bd1e9900f69de9dd364fb33b9bdecbd9e7de952be8599930249f744bed0,2026-09-02T16:40:54+00:00
2026-07-31,BKR,2023Q2,FMP,REVENUE_USD,6269448639.0,D:\Programming\python_example\Arcana\data-lake\bronze\consensus\fmp\analyst-estimates\period=quarter\snapshot_date=2026-07-31\ticker=BKR.json,f3df4bd1e9900f69de9dd364fb33b9bdecbd9e7de952be8599930249f744bed0,2026-09-02T16:40:54+00:00
2026-07-31,BKR,2023Q1,FMP,REVENUE_USD,5546815133.0,D:\Programming\python_example\Arcana\data-lake\bronze\consensus\fmp\analyst-estimates\period=quarter\snapshot_date=2026-07-31\ticker=BKR.json,f3df4bd1e9900f69de9dd364fb33b9bdecbd9e7de952be8599930249f744bed0,2026-09-02T16:40:54+00:00
2026-07-31,BKR,2022Q4,FMP,REVENUE_USD,6059211471.0,D:\Programming\python_example\Arcana\data-lake\bronze\consensus\fmp\analyst-estimates\period=quarter\snapshot_date=2026-07-31\ticker=BKR.json,f3df4bd1e9900f69de9dd364fb33b9bdecbd9e7de952be8599930249f744bed0,2026-09-02T16:40:54+00:00
2026-07-31,BKR,2022Q3,FMP,REVENUE_USD,5413690824.0,D:\Programming\python_example\Arcana\data-lake\bronze\consensus\fmp\analyst-estimates\period=quarter\snapshot_date=2026-07-31\ticker=BKR.json,f3df4bd1e9900f69de9dd364fb33b9bdecbd9e7de952be8599930249f744bed0,2026-09-02T16:40:54+00:00
2026-07-31,BKR,2022Q2,FMP,REVENUE_USD,5335320703.0,D:\Programming\python_example\Arcana\data-lake\bronze\consensus\fmp\analyst-estimates\period=quarter\snapshot_date=2026-07-31\ticker=BKR.json,f3df4bd1e9900f69de9dd364fb33b9bdecbd9e7de952be8599930249f744bed0,2026-09-02T16:40:54+00:00
2026-07-31,BKR,2022Q1,FMP,REVENUE_USD,5007760971.0,D:\Programming\python_example\Arcana\data-lake\bronze\consensus\fmp\analyst-estimates\period=quarter\snapshot_date=2026-07-31\ticker=BKR.json,f3df4bd1e9900f69de9dd364fb33b9bdecbd9e7de952be8599930249f744bed0,2026-09-02T16:40:54+00:00
2026-07-31,BKR,2021Q4,FMP,REVENUE_USD,5491006850.0,D:\Programming\python_example\Arcana\data-lake\bronze\consensus\fmp\analyst-estimates\period=quarter\snapshot_date=2026-07-31\ticker=BKR.json,f3df4bd1e9900f69de9dd364fb33b9bdecbd9e7de952be8599930249f744bed0,2026-09-02T16:40:54+00:00
2026-07-31,BKR,2021Q3,FMP,REVENUE_USD,5325671857.0,D:\Programming\python_example\Arcana\data-lake\bronze\consensus\fmp\analyst-estimates\period=quarter\snapshot_date=2026-07-31\ticker=BKR.json,f3df4bd1e9900f69de9dd364fb33b9bdecbd9e7de952be8599930249f744bed0,2026-09-02T16:40:54+00:00
2026-07-31,BKR,2021Q2,FMP,REVENUE_USD,4936363461.0,D:\Programming\python_example\Arcana\data-lake\bronze\consensus\fmp\analyst-estimates\period=quarter\snapshot_date=2026-07-31\ticker=BKR.json,f3df4bd1e9900f69de9dd364fb33b9bdecbd9e7de952be8599930249f744bed0,2026-09-02T16:40:54+00:00
2026-07-31,BKR,2021Q1,FMP,REVENUE_USD,4793750270.0,D:\Programming\python_example\Arcana\data-lake\bronze\consensus\fmp\analyst-estimates\period=quarter\snapshot_date=2026-07-31\ticker=BKR.json,f3df4bd1e9900f69de9dd364fb33b9bdecbd9e7de952be8599930249f744bed0,2026-09-02T16:40:54+00:00
2026-07-31,BKR,2020Q4,FMP,REVENUE_USD,5422334439.0,D:\Programming\python_example\Arcana\data-lake\bronze\consensus\fmp\analyst-estimates\period=quarter\snapshot_date=2026-07-31\ticker=BKR.json,f3df4bd1e9900f69de9dd364fb33b9bdecbd9e7de952be8599930249f744bed0,2026-09-02T16:40:54+00:00
2026-07-31,BKR,2020Q3,FMP,REVENUE_USD,4777850162.0,D:\Programming\python_example\Arcana\data-lake\bronze\consensus\fmp\analyst-estimates\period=quarter\snapshot_date=2026-07-31\ticker=BKR.json,f3df4bd1e9900f69de9dd364fb33b9bdecbd9e7de952be8599930249f744bed0,2026-09-02T16:40:54+00:00
2026-07-31,BKR,2020Q2,FMP,REVENUE_USD,4674671884.0,D:\Programming\python_example\Arcana\data-lake\bronze\consensus\fmp\analyst-estimates\period=quarter\snapshot_date=2026-07-31\ticker=BKR.json,f3df4bd1e9900f69de9dd364fb33b9bdecbd9e7de952be8599930249f744bed0,2026-09-02T16:40:54+00:00
2026-07-31,BKR,2020Q1,FMP,REVENUE_USD,5640854640.0,D:\Programming\python_example\Arcana\data-lake\bronze\consensus\fmp\analyst-estimates\period=quarter\snapshot_date=2026-07-31\ticker=BKR.json,f3df4bd1e9900f69de9dd364fb33b9bdecbd9e7de952be8599930249f744bed0,2026-09-02T16:40:54+00:00
2026-07-31,BKR,2019Q4,FMP,REVENUE_USD,6475517527.0,D:\Programming\python_example\Arcana\data-lake\bronze\consensus\fmp\analyst-estimates\period=quarter\snapshot_date=2026-07-31\ticker=BKR.json,f3df4bd1e9900f69de9dd364fb33b9bdecbd9e7de952be8599930249f744bed0,2026-09-02T16:40:54+00:00
2026-07-31,BKR,2019Q3,FMP,REVENUE_USD,6102660406.0,D:\Programming\python_example\Arcana\data-lake\bronze\consensus\fmp\analyst-estimates\period=quarter\snapshot_date=2026-07-31\ticker=BKR.json,f3df4bd1e9900f69de9dd364fb33b9bdecbd9e7de952be8599930249f744bed0,2026-09-02T16:40:54+00:00
2026-07-31,BKR,2019Q2,FMP,REVENUE_USD,5809175123.0,D:\Programming\python_example\Arcana\data-lake\bronze\consensus\fmp\analyst-estimates\period=quarter\snapshot_date=2026-07-31\ticker=BKR.json,f3df4bd1e9900f69de9dd364fb33b9bdecbd9e7de952be8599930249f744bed0,2026-09-02T16:40:54+00:00
2026-07-31,BKR,2019Q1,FMP,REVENUE_USD,5623084238.0,D:\Programming\python_example\Arcana\data-lake\bronze\consensus\fmp\analyst-estimates\period=quarter\snapshot_date=2026-07-31\ticker=BKR.json,f3df4bd1e9900f69de9dd364fb33b9bdecbd9e7de952be8599930249f744bed0,2026-09-02T16:40:54+00:00
2026-07-31,BKR,2018Q4,FMP,REVENUE_USD,6265000000.0,D:\Programming\python_example\Arcana\data-lake\bronze\consensus\fmp\analyst-estimates\period=quarter\snapshot_date=2026-07-31\ticker=BKR.json,f3df4bd1e9900f69de9dd364fb33b9bdecbd9e7de952be8599930249f744bed0,2026-09-02T16:40:54+00:00
2026-07-31,BKR,2018Q3,FMP,REVENUE_USD,5963157894.0,D:\Programming\python_example\Arcana\data-lake\bronze\consensus\fmp\analyst-estimates\period=quarter\snapshot_date=2026-07-31\ticker=BKR.json,f3df4bd1e9900f69de9dd364fb33b9bdecbd9e7de952be8599930249f744bed0,2026-09-02T16:40:54+00:00
2026-07-31,BKR,2018Q2,FMP,REVENUE_USD,7767200000.0,D:\Programming\python_example\Arcana\data-lake\bronze\consensus\fmp\analyst-estimates\period=quarter\snapshot_date=2026-07-31\ticker=BKR.json,f3df4bd1e9900f69de9dd364fb33b9bdecbd9e7de952be8599930249f744bed0,2026-09-02T16:40:54+00:00
2026-07-31,BKR,2018Q1,FMP,REVENUE_USD,3599333333.0,D:\Programming\python_example\Arcana\data-lake\bronze\consensus\fmp\analyst-estimates\period=quarter\snapshot_date=2026-07-31\ticker=BKR.json,f3df4bd1e9900f69de9dd364fb33b9bdecbd9e7de952be8599930249f744bed0,2026-09-02T16:40:54+00:00
2026-07-31,BKR,2017Q4,FMP,REVENUE_USD,5378800000.0,D:\Programming\python_example\Arcana\data-lake\bronze\consensus\fmp\analyst-estimates\period=quarter\snapshot_date=2026-07-31\ticker=BKR.json,f3df4bd1e9900f69de9dd364fb33b9bdecbd9e7de952be8599930249f744bed0,2026-09-02T16:40:54+00:00
2026-07-31,BKR,2017Q3,FMP,REVENUE_USD,11825000000.0,D:\Programming\python_example\Arcana\data-lake\bronze\consensus\fmp\analyst-estimates\period=quarter\snapshot_date=2026-07-31\ticker=BKR.json,f3df4bd1e9900f69de9dd364fb33b9bdecbd9e7de952be8599930249f744bed0,2026-09-02T16:40:54+00:00
2026-07-31,BKR,2017Q1,FMP,REVENUE_USD,4861285714.0,D:\Programming\python_example\Arcana\data-lake\bronze\consensus\fmp\analyst-estimates\period=quarter\snapshot_date=2026-07-31\ticker=BKR.json,f3df4bd1e9900f69de9dd364fb33b9bdecbd9e7de952be8599930249f744bed0,2026-09-02T16:40:54+00:00
2026-07-26,AR,2026Q3,ALPHA_VANTAGE,REVENUE_USD,1595000920.0,D:\Programming\python_example\Arcana\data-lake\bronze\consensus\alpha-vantage\earnings-estimates\snapshot_date=2026-07-26\ticker=AR.json,c60f3a0f0be98dbab8b0829486473832efe6e551a7816f4aa50e8d6d49cf20c1,2026-09-02T16:40:54+00:00
2026-07-26,AR,2026Q2,ALPHA_VANTAGE,REVENUE_USD,1546431120.0,D:\Programming\python_example\Arcana\data-lake\bronze\consensus\alpha-vantage\earnings-estimates\snapshot_date=2026-07-26\ticker=AR.json,c60f3a0f0be98dbab8b0829486473832efe6e551a7816f4aa50e8d6d49cf20c1,2026-09-02T16:40:54+00:00
2026-07-26,AR,2026Q1,ALPHA_VANTAGE,REVENUE_USD,1633133020.0,D:\Programming\python_example\Arcana\data-lake\bronze\consensus\alpha-vantage\earnings-estimates\snapshot_date=2026-07-26\ticker=AR.json,c60f3a0f0be98dbab8b0829486473832efe6e551a7816f4aa50e8d6d49cf20c1,2026-09-02T16:40:54+00:00
2026-07-26,AR,2025Q4,ALPHA_VANTAGE,REVENUE_USD,1309502910.0,D:\Programming\python_example\Arcana\data-lake\bronze\consensus\alpha-vantage\earnings-estimates\snapshot_date=2026-07-26\ticker=AR.json,c60f3a0f0be98dbab8b0829486473832efe6e551a7816f4aa50e8d6d49cf20c1,2026-09-02T16:40:54+00:00
2026-07-26,AR,2025Q3,ALPHA_VANTAGE,REVENUE_USD,1179841380.0,D:\Programming\python_example\Arcana\data-lake\bronze\consensus\alpha-vantage\earnings-estimates\snapshot_date=2026-07-26\ticker=AR.json,c60f3a0f0be98dbab8b0829486473832efe6e551a7816f4aa50e8d6d49cf20c1,2026-09-02T16:40:54+00:00
2026-07-26,AR,2025Q2,ALPHA_VANTAGE,REVENUE_USD,1241838000.0,D:\Programming\python_example\Arcana\data-lake\bronze\consensus\alpha-vantage\earnings-estimates\snapshot_date=2026-07-26\ticker=AR.json,c60f3a0f0be98dbab8b0829486473832efe6e551a7816f4aa50e8d6d49cf20c1,2026-09-02T16:40:54+00:00
2026-07-26,AR,2025Q1,ALPHA_VANTAGE,REVENUE_USD,1393915780.0,D:\Programming\python_example\Arcana\data-lake\bronze\consensus\alpha-vantage\earnings-estimates\snapshot_date=2026-07-26\ticker=AR.json,c60f3a0f0be98dbab8b0829486473832efe6e551a7816f4aa50e8d6d49cf20c1,2026-09-02T16:40:54+00:00
2026-07-26,AR,2024Q4,ALPHA_VANTAGE,REVENUE_USD,1168410130.0,D:\Programming\python_example\Arcana\data-lake\bronze\consensus\alpha-vantage\earnings-estimates\snapshot_date=2026-07-26\ticker=AR.json,c60f3a0f0be98dbab8b0829486473832efe6e551a7816f4aa50e8d6d49cf20c1,2026-09-02T16:40:54+00:00
2026-07-26,AR,2024Q3,ALPHA_VANTAGE,REVENUE_USD,1055920000.0,D:\Programming\python_example\Arcana\data-lake\bronze\consensus\alpha-vantage\earnings-estimates\snapshot_date=2026-07-26\ticker=AR.json,c60f3a0f0be98dbab8b0829486473832efe6e551a7816f4aa50e8d6d49cf20c1,2026-09-02T16:40:54+00:00
2026-07-26,AR,2024Q2,ALPHA_VANTAGE,REVENUE_USD,161000000.0,D:\Programming\python_example\Arcana\data-lake\bronze\consensus\alpha-vantage\earnings-estimates\snapshot_date=2026-07-26\ticker=AR.json,c60f3a0f0be98dbab8b0829486473832efe6e551a7816f4aa50e8d6d49cf20c1,2026-09-02T16:40:54+00:00
2026-07-26,AR,2024Q1,ALPHA_VANTAGE,REVENUE_USD,1055300000.0,D:\Programming\python_example\Arcana\data-lake\bronze\consensus\alpha-vantage\earnings-estimates\snapshot_date=2026-07-26\ticker=AR.json,c60f3a0f0be98dbab8b0829486473832efe6e551a7816f4aa50e8d6d49cf20c1,2026-09-02T16:40:54+00:00
2026-07-26,AR,2023Q4,ALPHA_VANTAGE,REVENUE_USD,1194140000.0,D:\Programming\python_example\Arcana\data-lake\bronze\consensus\alpha-vantage\earnings-estimates\snapshot_date=2026-07-26\ticker=AR.json,c60f3a0f0be98dbab8b0829486473832efe6e551a7816f4aa50e8d6d49cf20c1,2026-09-02T16:40:54+00:00
2026-07-26,AR,2023Q3,ALPHA_VANTAGE,REVENUE_USD,1072690000.0,D:\Programming\python_example\Arcana\data-lake\bronze\consensus\alpha-vantage\earnings-estimates\snapshot_date=2026-07-26\ticker=AR.json,c60f3a0f0be98dbab8b0829486473832efe6e551a7816f4aa50e8d6d49cf20c1,2026-09-02T16:40:54+00:00
2026-07-26,AR,2023Q2,ALPHA_VANTAGE,REVENUE_USD,932410000.0,D:\Programming\python_example\Arcana\data-lake\bronze\consensus\alpha-vantage\earnings-estimates\snapshot_date=2026-07-26\ticker=AR.json,c60f3a0f0be98dbab8b0829486473832efe6e551a7816f4aa50e8d6d49cf20c1,2026-09-02T16:40:54+00:00
2026-07-26,AR,2023Q1,ALPHA_VANTAGE,REVENUE_USD,1246390000.0,D:\Programming\python_example\Arcana\data-lake\bronze\consensus\alpha-vantage\earnings-estimates\snapshot_date=2026-07-26\ticker=AR.json,c60f3a0f0be98dbab8b0829486473832efe6e551a7816f4aa50e8d6d49cf20c1,2026-09-02T16:40:54+00:00
2026-07-26,AR,2022Q4,ALPHA_VANTAGE,REVENUE_USD,1582460000.0,D:\Programming\python_example\Arcana\data-lake\bronze\consensus\alpha-vantage\earnings-estimates\snapshot_date=2026-07-26\ticker=AR.json,c60f3a0f0be98dbab8b0829486473832efe6e551a7816f4aa50e8d6d49cf20c1,2026-09-02T16:40:54+00:00
2026-07-26,AR,2022Q3,ALPHA_VANTAGE,REVENUE_USD,1936560000.0,D:\Programming\python_example\Arcana\data-lake\bronze\consensus\alpha-vantage\earnings-estimates\snapshot_date=2026-07-26\ticker=AR.json,c60f3a0f0be98dbab8b0829486473832efe6e551a7816f4aa50e8d6d49cf20c1,2026-09-02T16:40:54+00:00
2026-07-26,AR,2022Q2,ALPHA_VANTAGE,REVENUE_USD,1724120000.0,D:\Programming\python_example\Arcana\data-lake\bronze\consensus\alpha-vantage\earnings-estimates\snapshot_date=2026-07-26\ticker=AR.json,c60f3a0f0be98dbab8b0829486473832efe6e551a7816f4aa50e8d6d49cf20c1,2026-09-02T16:40:54+00:00
2026-07-26,AR,2022Q1,ALPHA_VANTAGE,REVENUE_USD,1798220000.0,D:\Programming\python_example\Arcana\data-lake\bronze\consensus\alpha-vantage\earnings-estimates\snapshot_date=2026-07-26\ticker=AR.json,c60f3a0f0be98dbab8b0829486473832efe6e551a7816f4aa50e8d6d49cf20c1,2026-09-02T16:40:54+00:00
2026-07-26,AR,2021Q4,ALPHA_VANTAGE,REVENUE_USD,2070720000.0,D:\Programming\python_example\Arcana\data-lake\bronze\consensus\alpha-vantage\earnings-estimates\snapshot_date=2026-07-26\ticker=AR.json,c60f3a0f0be98dbab8b0829486473832efe6e551a7816f4aa50e8d6d49cf20c1,2026-09-02T16:40:54+00:00
2026-07-26,AR,2021Q3,ALPHA_VANTAGE,REVENUE_USD,1196170000.0,D:\Programming\python_example\Arcana\data-lake\bronze\consensus\alpha-vantage\earnings-estimates\snapshot_date=2026-07-26\ticker=AR.json,c60f3a0f0be98dbab8b0829486473832efe6e551a7816f4aa50e8d6d49cf20c1,2026-09-02T16:40:54+00:00
2026-07-26,AR,2021Q2,ALPHA_VANTAGE,REVENUE_USD,1318920000.0,D:\Programming\python_example\Arcana\data-lake\bronze\consensus\alpha-vantage\earnings-estimates\snapshot_date=2026-07-26\ticker=AR.json,c60f3a0f0be98dbab8b0829486473832efe6e551a7816f4aa50e8d6d49cf20c1,2026-09-02T16:40:54+00:00
2026-07-26,AR,2021Q1,ALPHA_VANTAGE,REVENUE_USD,1212220000.0,D:\Programming\python_example\Arcana\data-lake\bronze\consensus\alpha-vantage\earnings-estimates\snapshot_date=2026-07-26\ticker=AR.json,c60f3a0f0be98dbab8b0829486473832efe6e551a7816f4aa50e8d6d49cf20c1,2026-09-02T16:40:54+00:00
2026-07-26,AR,2020Q4,ALPHA_VANTAGE,REVENUE_USD,1074560000.0,D:\Programming\python_example\Arcana\data-lake\bronze\consensus\alpha-vantage\earnings-estimates\snapshot_date=2026-07-26\ticker=AR.json,c60f3a0f0be98dbab8b0829486473832efe6e551a7816f4aa50e8d6d49cf20c1,2026-09-02T16:40:54+00:00
2026-07-26,AR,2020Q3,ALPHA_VANTAGE,REVENUE_USD,997790000.0,D:\Programming\python_example\Arcana\data-lake\bronze\consensus\alpha-vantage\earnings-estimates\snapshot_date=2026-07-26\ticker=AR.json,c60f3a0f0be98dbab8b0829486473832efe6e551a7816f4aa50e8d6d49cf20c1,2026-09-02T16:40:54+00:00
2026-07-26,AR,2020Q2,ALPHA_VANTAGE,REVENUE_USD,0.0,D:\Programming\python_example\Arcana\data-lake\bronze\consensus\alpha-vantage\earnings-estimates\snapshot_date=2026-07-26\ticker=AR.json,c60f3a0f0be98dbab8b0829486473832efe6e551a7816f4aa50e8d6d49cf20c1,2026-09-02T16:40:54+00:00
2026-07-26,AR,2020Q1,ALPHA_VANTAGE,REVENUE_USD,0.0,D:\Programming\python_example\Arcana\data-lake\bronze\consensus\alpha-vantage\earnings-estimates\snapshot_date=2026-07-26\ticker=AR.json,c60f3a0f0be98dbab8b0829486473832efe6e551a7816f4aa50e8d6d49cf20c1,2026-09-02T16:40:54+00:00
2026-07-26,AR,2019Q4,ALPHA_VANTAGE,REVENUE_USD,1013310000.0,D:\Programming\python_example\Arcana\data-lake\bronze\consensus\alpha-vantage\earnings-estimates\snapshot_date=2026-07-26\ticker=AR.json,c60f3a0f0be98dbab8b0829486473832efe6e551a7816f4aa50e8d6d49cf20c1,2026-09-02T16:40:54+00:00
2026-07-26,AR,2019Q3,ALPHA_VANTAGE,REVENUE_USD,938090000.0,D:\Programming\python_example\Arcana\data-lake\bronze\consensus\alpha-vantage\earnings-estimates\snapshot_date=2026-07-26\ticker=AR.json,c60f3a0f0be98dbab8b0829486473832efe6e551a7816f4aa50e8d6d49cf20c1,2026-09-02T16:40:54+00:00
2026-07-26,AR,2019Q2,ALPHA_VANTAGE,REVENUE_USD,1009080000.0,D:\Programming\python_example\Arcana\data-lake\bronze\consensus\alpha-vantage\earnings-estimates\snapshot_date=2026-07-26\ticker=AR.json,c60f3a0f0be98dbab8b0829486473832efe6e551a7816f4aa50e8d6d49cf20c1,2026-09-02T16:40:54+00:00
2026-07-26,AR,2019Q1,ALPHA_VANTAGE,REVENUE_USD,1037410000.0,D:\Programming\python_example\Arcana\data-lake\bronze\consensus\alpha-vantage\earnings-estimates\snapshot_date=2026-07-26\ticker=AR.json,c60f3a0f0be98dbab8b0829486473832efe6e551a7816f4aa50e8d6d49cf20c1,2026-09-02T16:40:54+00:00
2026-07-26,AR,2018Q4,ALPHA_VANTAGE,REVENUE_USD,1215120000.0,D:\Programming\python_example\Arcana\data-lake\bronze\consensus\alpha-vantage\earnings-estimates\snapshot_date=2026-07-26\ticker=AR.json,c60f3a0f0be98dbab8b0829486473832efe6e551a7816f4aa50e8d6d49cf20c1,2026-09-02T16:40:54+00:00
2026-07-26,AR,2018Q3,ALPHA_VANTAGE,REVENUE_USD,1064390000.0,D:\Programming\python_example\Arcana\data-lake\bronze\consensus\alpha-vantage\earnings-estimates\snapshot_date=2026-07-26\ticker=AR.json,c60f3a0f0be98dbab8b0829486473832efe6e551a7816f4aa50e8d6d49cf20c1,2026-09-02T16:40:54+00:00
2026-07-26,AR,2018Q2,ALPHA_VANTAGE,REVENUE_USD,989344000.0,D:\Programming\python_example\Arcana\data-lake\bronze\consensus\alpha-vantage\earnings-estimates\snapshot_date=2026-07-26\ticker=AR.json,c60f3a0f0be98dbab8b0829486473832efe6e551a7816f4aa50e8d6d49cf20c1,2026-09-02T16:40:54+00:00
2026-07-26,AR,2018Q1,ALPHA_VANTAGE,REVENUE_USD,915270000.0,D:\Programming\python_example\Arcana\data-lake\bronze\consensus\alpha-vantage\earnings-estimates\snapshot_date=2026-07-26\ticker=AR.json,c60f3a0f0be98dbab8b0829486473832efe6e551a7816f4aa50e8d6d49cf20c1,2026-09-02T16:40:54+00:00
2026-07-26,AR,2017Q4,ALPHA_VANTAGE,REVENUE_USD,1021730000.0,D:\Programming\python_example\Arcana\data-lake\bronze\consensus\alpha-vantage\earnings-estimates\snapshot_date=2026-07-26\ticker=AR.json,c60f3a0f0be98dbab8b0829486473832efe6e551a7816f4aa50e8d6d49cf20c1,2026-09-02T16:40:54+00:00
2026-07-26,AR,2017Q3,ALPHA_VANTAGE,REVENUE_USD,805810000.0,D:\Programming\python_example\Arcana\data-lake\bronze\consensus\alpha-vantage\earnings-estimates\snapshot_date=2026-07-26\ticker=AR.json,c60f3a0f0be98dbab8b0829486473832efe6e551a7816f4aa50e8d6d49cf20c1,2026-09-02T16:40:54+00:00
2026-07-26,AR,2017Q2,ALPHA_VANTAGE,REVENUE_USD,764980000.0,D:\Programming\python_example\Arcana\data-lake\bronze\consensus\alpha-vantage\earnings-estimates\snapshot_date=2026-07-26\ticker=AR.json,c60f3a0f0be98dbab8b0829486473832efe6e551a7816f4aa50e8d6d49cf20c1,2026-09-02T16:40:54+00:00
2026-07-26,CNX,2026Q3,ALPHA_VANTAGE,REVENUE_USD,457500000.0,D:\Programming\python_example\Arcana\data-lake\bronze\consensus\alpha-vantage\earnings-estimates\snapshot_date=2026-07-26\ticker=CNX.json,f2f8bc665afb7af11c0f9c8bd6b398d89bbe62f26f8c66aabe74d90276b3ad94,2026-09-02T16:40:54+00:00
2026-07-26,CNX,2026Q2,ALPHA_VANTAGE,REVENUE_USD,480500000.0,D:\Programming\python_example\Arcana\data-lake\bronze\consensus\alpha-vantage\earnings-estimates\snapshot_date=2026-07-26\ticker=CNX.json,f2f8bc665afb7af11c0f9c8bd6b398d89bbe62f26f8c66aabe74d90276b3ad94,2026-09-02T16:40:54+00:00
2026-07-26,CNX,2026Q1,ALPHA_VANTAGE,REVENUE_USD,563089810.0,D:\Programming\python_example\Arcana\data-lake\bronze\consensus\alpha-vantage\earnings-estimates\snapshot_date=2026-07-26\ticker=CNX.json,f2f8bc665afb7af11c0f9c8bd6b398d89bbe62f26f8c66aabe74d90276b3ad94,2026-09-02T16:40:54+00:00
2026-07-26,CNX,2025Q4,ALPHA_VANTAGE,REVENUE_USD,430665840.0,D:\Programming\python_example\Arcana\data-lake\bronze\consensus\alpha-vantage\earnings-estimates\snapshot_date=2026-07-26\ticker=CNX.json,f2f8bc665afb7af11c0f9c8bd6b398d89bbe62f26f8c66aabe74d90276b3ad94,2026-09-02T16:40:54+00:00
2026-07-26,CNX,2025Q3,ALPHA_VANTAGE,REVENUE_USD,440352780.0,D:\Programming\python_example\Arcana\data-lake\bronze\consensus\alpha-vantage\earnings-estimates\snapshot_date=2026-07-26\ticker=CNX.json,f2f8bc665afb7af11c0f9c8bd6b398d89bbe62f26f8c66aabe74d90276b3ad94,2026-09-02T16:40:54+00:00
2026-07-26,CNX,2025Q2,ALPHA_VANTAGE,REVENUE_USD,478933900.0,D:\Programming\python_example\Arcana\data-lake\bronze\consensus\alpha-vantage\earnings-estimates\snapshot_date=2026-07-26\ticker=CNX.json,f2f8bc665afb7af11c0f9c8bd6b398d89bbe62f26f8c66aabe74d90276b3ad94,2026-09-02T16:40:54+00:00
2026-07-26,CNX,2025Q1,ALPHA_VANTAGE,REVENUE_USD,516203670.0,D:\Programming\python_example\Arcana\data-lake\bronze\consensus\alpha-vantage\earnings-estimates\snapshot_date=2026-07-26\ticker=CNX.json,f2f8bc665afb7af11c0f9c8bd6b398d89bbe62f26f8c66aabe74d90276b3ad94,2026-09-02T16:40:54+00:00
2026-07-26,CNX,2024Q4,ALPHA_VANTAGE,REVENUE_USD,433219830.0,D:\Programming\python_example\Arcana\data-lake\bronze\consensus\alpha-vantage\earnings-estimates\snapshot_date=2026-07-26\ticker=CNX.json,f2f8bc665afb7af11c0f9c8bd6b398d89bbe62f26f8c66aabe74d90276b3ad94,2026-09-02T16:40:54+00:00
2026-07-26,CNX,2024Q3,ALPHA_VANTAGE,REVENUE_USD,390990000.0,D:\Programming\python_example\Arcana\data-lake\bronze\consensus\alpha-vantage\earnings-estimates\snapshot_date=2026-07-26\ticker=CNX.json,f2f8bc665afb7af11c0f9c8bd6b398d89bbe62f26f8c66aabe74d90276b3ad94,2026-09-02T16:40:54+00:00
2026-07-26,CNX,2024Q2,ALPHA_VANTAGE,REVENUE_USD,372780000.0,D:\Programming\python_example\Arcana\data-lake\bronze\consensus\alpha-vantage\earnings-estimates\snapshot_date=2026-07-26\ticker=CNX.json,f2f8bc665afb7af11c0f9c8bd6b398d89bbe62f26f8c66aabe74d90276b3ad94,2026-09-02T16:40:54+00:00
2026-07-26,CNX,2024Q1,ALPHA_VANTAGE,REVENUE_USD,398070000.0,D:\Programming\python_example\Arcana\data-lake\bronze\consensus\alpha-vantage\earnings-estimates\snapshot_date=2026-07-26\ticker=CNX.json,f2f8bc665afb7af11c0f9c8bd6b398d89bbe62f26f8c66aabe74d90276b3ad94,2026-09-02T16:40:54+00:00
2026-07-26,CNX,2023Q4,ALPHA_VANTAGE,REVENUE_USD,400130000.0,D:\Programming\python_example\Arcana\data-lake\bronze\consensus\alpha-vantage\earnings-estimates\snapshot_date=2026-07-26\ticker=CNX.json,f2f8bc665afb7af11c0f9c8bd6b398d89bbe62f26f8c66aabe74d90276b3ad94,2026-09-02T16:40:54+00:00
2026-07-26,CNX,2023Q3,ALPHA_VANTAGE,REVENUE_USD,398540000.0,D:\Programming\python_example\Arcana\data-lake\bronze\consensus\alpha-vantage\earnings-estimates\snapshot_date=2026-07-26\ticker=CNX.json,f2f8bc665afb7af11c0f9c8bd6b398d89bbe62f26f8c66aabe74d90276b3ad94,2026-09-02T16:40:54+00:00
2026-07-26,CNX,2023Q2,ALPHA_VANTAGE,REVENUE_USD,407310000.0,D:\Programming\python_example\Arcana\data-lake\bronze\consensus\alpha-vantage\earnings-estimates\snapshot_date=2026-07-26\ticker=CNX.json,f2f8bc665afb7af11c0f9c8bd6b398d89bbe62f26f8c66aabe74d90276b3ad94,2026-09-02T16:40:54+00:00
2026-07-26,CNX,2023Q1,ALPHA_VANTAGE,REVENUE_USD,460260000.0,D:\Programming\python_example\Arcana\data-lake\bronze\consensus\alpha-vantage\earnings-estimates\snapshot_date=2026-07-26\ticker=CNX.json,f2f8bc665afb7af11c0f9c8bd6b398d89bbe62f26f8c66aabe74d90276b3ad94,2026-09-02T16:40:54+00:00
2026-07-26,CNX,2022Q4,ALPHA_VANTAGE,REVENUE_USD,493600000.0,D:\Programming\python_example\Arcana\data-lake\bronze\consensus\alpha-vantage\earnings-estimates\snapshot_date=2026-07-26\ticker=CNX.json,f2f8bc665afb7af11c0f9c8bd6b398d89bbe62f26f8c66aabe74d90276b3ad94,2026-09-02T16:40:54+00:00
2026-07-26,CNX,2022Q3,ALPHA_VANTAGE,REVENUE_USD,550060000.0,D:\Programming\python_example\Arcana\data-lake\bronze\consensus\alpha-vantage\earnings-estimates\snapshot_date=2026-07-26\ticker=CNX.json,f2f8bc665afb7af11c0f9c8bd6b398d89bbe62f26f8c66aabe74d90276b3ad94,2026-09-02T16:40:54+00:00
2026-07-26,CNX,2022Q2,ALPHA_VANTAGE,REVENUE_USD,524970000.0,D:\Programming\python_example\Arcana\data-lake\bronze\consensus\alpha-vantage\earnings-estimates\snapshot_date=2026-07-26\ticker=CNX.json,f2f8bc665afb7af11c0f9c8bd6b398d89bbe62f26f8c66aabe74d90276b3ad94,2026-09-02T16:40:54+00:00
2026-07-26,CNX,2022Q1,ALPHA_VANTAGE,REVENUE_USD,529370000.0,D:\Programming\python_example\Arcana\data-lake\bronze\consensus\alpha-vantage\earnings-estimates\snapshot_date=2026-07-26\ticker=CNX.json,f2f8bc665afb7af11c0f9c8bd6b398d89bbe62f26f8c66aabe74d90276b3ad94,2026-09-02T16:40:54+00:00
2026-07-26,CNX,2021Q4,ALPHA_VANTAGE,REVENUE_USD,880552000.0,D:\Programming\python_example\Arcana\data-lake\bronze\consensus\alpha-vantage\earnings-estimates\snapshot_date=2026-07-26\ticker=CNX.json,f2f8bc665afb7af11c0f9c8bd6b398d89bbe62f26f8c66aabe74d90276b3ad94,2026-09-02T16:40:54+00:00
2026-07-26,CNX,2021Q3,ALPHA_VANTAGE,REVENUE_USD,418710000.0,D:\Programming\python_example\Arcana\data-lake\bronze\consensus\alpha-vantage\earnings-estimates\snapshot_date=2026-07-26\ticker=CNX.json,f2f8bc665afb7af11c0f9c8bd6b398d89bbe62f26f8c66aabe74d90276b3ad94,2026-09-02T16:40:54+00:00
2026-07-26,CNX,2021Q2,ALPHA_VANTAGE,REVENUE_USD,389430000.0,D:\Programming\python_example\Arcana\data-lake\bronze\consensus\alpha-vantage\earnings-estimates\snapshot_date=2026-07-26\ticker=CNX.json,f2f8bc665afb7af11c0f9c8bd6b398d89bbe62f26f8c66aabe74d90276b3ad94,2026-09-02T16:40:54+00:00
2026-07-26,CNX,2021Q1,ALPHA_VANTAGE,REVENUE_USD,403270000.0,D:\Programming\python_example\Arcana\data-lake\bronze\consensus\alpha-vantage\earnings-estimates\snapshot_date=2026-07-26\ticker=CNX.json,f2f8bc665afb7af11c0f9c8bd6b398d89bbe62f26f8c66aabe74d90276b3ad94,2026-09-02T16:40:54+00:00
2026-07-26,CNX,2020Q4,ALPHA_VANTAGE,REVENUE_USD,389030000.0,D:\Programming\python_example\Arcana\data-lake\bronze\consensus\alpha-vantage\earnings-estimates\snapshot_date=2026-07-26\ticker=CNX.json,f2f8bc665afb7af11c0f9c8bd6b398d89bbe62f26f8c66aabe74d90276b3ad94,2026-09-02T16:40:54+00:00
2026-07-26,CNX,2020Q3,ALPHA_VANTAGE,REVENUE_USD,293110000.0,D:\Programming\python_example\Arcana\data-lake\bronze\consensus\alpha-vantage\earnings-estimates\snapshot_date=2026-07-26\ticker=CNX.json,f2f8bc665afb7af11c0f9c8bd6b398d89bbe62f26f8c66aabe74d90276b3ad94,2026-09-02T16:40:54+00:00
2026-07-26,CNX,2020Q2,ALPHA_VANTAGE,REVENUE_USD,324220000.0,D:\Programming\python_example\Arcana\data-lake\bronze\consensus\alpha-vantage\earnings-estimates\snapshot_date=2026-07-26\ticker=CNX.json,f2f8bc665afb7af11c0f9c8bd6b398d89bbe62f26f8c66aabe74d90276b3ad94,2026-09-02T16:40:54+00:00
2026-07-26,CNX,2020Q1,ALPHA_VANTAGE,REVENUE_USD,377130000.0,D:\Programming\python_example\Arcana\data-lake\bronze\consensus\alpha-vantage\earnings-estimates\snapshot_date=2026-07-26\ticker=CNX.json,f2f8bc665afb7af11c0f9c8bd6b398d89bbe62f26f8c66aabe74d90276b3ad94,2026-09-02T16:40:54+00:00
2026-07-26,CNX,2019Q4,ALPHA_VANTAGE,REVENUE_USD,390410000.0,D:\Programming\python_example\Arcana\data-lake\bronze\consensus\alpha-vantage\earnings-estimates\snapshot_date=2026-07-26\ticker=CNX.json,f2f8bc665afb7af11c0f9c8bd6b398d89bbe62f26f8c66aabe74d90276b3ad94,2026-09-02T16:40:54+00:00
2026-07-26,CNX,2019Q3,ALPHA_VANTAGE,REVENUE_USD,344650000.0,D:\Programming\python_example\Arcana\data-lake\bronze\consensus\alpha-vantage\earnings-estimates\snapshot_date=2026-07-26\ticker=CNX.json,f2f8bc665afb7af11c0f9c8bd6b398d89bbe62f26f8c66aabe74d90276b3ad94,2026-09-02T16:40:54+00:00
2026-07-26,CNX,2019Q2,ALPHA_VANTAGE,REVENUE_USD,371950000.0,D:\Programming\python_example\Arcana\data-lake\bronze\consensus\alpha-vantage\earnings-estimates\snapshot_date=2026-07-26\ticker=CNX.json,f2f8bc665afb7af11c0f9c8bd6b398d89bbe62f26f8c66aabe74d90276b3ad94,2026-09-02T16:40:54+00:00
2026-07-26,CNX,2019Q1,ALPHA_VANTAGE,REVENUE_USD,394190000.0,D:\Programming\python_example\Arcana\data-lake\bronze\consensus\alpha-vantage\earnings-estimates\snapshot_date=2026-07-26\ticker=CNX.json,f2f8bc665afb7af11c0f9c8bd6b398d89bbe62f26f8c66aabe74d90276b3ad94,2026-09-02T16:40:54+00:00
2026-07-26,CNX,2018Q4,ALPHA_VANTAGE,REVENUE_USD,432470000.0,D:\Programming\python_example\Arcana\data-lake\bronze\consensus\alpha-vantage\earnings-estimates\snapshot_date=2026-07-26\ticker=CNX.json,f2f8bc665afb7af11c0f9c8bd6b398d89bbe62f26f8c66aabe74d90276b3ad94,2026-09-02T16:40:54+00:00
2026-07-26,CNX,2018Q3,ALPHA_VANTAGE,REVENUE_USD,373240000.0,D:\Programming\python_example\Arcana\data-lake\bronze\consensus\alpha-vantage\earnings-estimates\snapshot_date=2026-07-26\ticker=CNX.json,f2f8bc665afb7af11c0f9c8bd6b398d89bbe62f26f8c66aabe74d90276b3ad94,2026-09-02T16:40:54+00:00
2026-07-26,CNX,2018Q2,ALPHA_VANTAGE,REVENUE_USD,402124000.0,D:\Programming\python_example\Arcana\data-lake\bronze\consensus\alpha-vantage\earnings-estimates\snapshot_date=2026-07-26\ticker=CNX.json,f2f8bc665afb7af11c0f9c8bd6b398d89bbe62f26f8c66aabe74d90276b3ad94,2026-09-02T16:40:54+00:00
2026-07-26,CNX,2018Q1,ALPHA_VANTAGE,REVENUE_USD,460642000.0,D:\Programming\python_example\Arcana\data-lake\bronze\consensus\alpha-vantage\earnings-estimates\snapshot_date=2026-07-26\ticker=CNX.json,f2f8bc665afb7af11c0f9c8bd6b398d89bbe62f26f8c66aabe74d90276b3ad94,2026-09-02T16:40:54+00:00
2026-07-26,CNX,2017Q4,ALPHA_VANTAGE,REVENUE_USD,957646000.0,D:\Programming\python_example\Arcana\data-lake\bronze\consensus\alpha-vantage\earnings-estimates\snapshot_date=2026-07-26\ticker=CNX.json,f2f8bc665afb7af11c0f9c8bd6b398d89bbe62f26f8c66aabe74d90276b3ad94,2026-09-02T16:40:54+00:00
2026-07-26,CNX,2017Q3,ALPHA_VANTAGE,REVENUE_USD,626150000.0,D:\Programming\python_example\Arcana\data-lake\bronze\consensus\alpha-vantage\earnings-estimates\snapshot_date=2026-07-26\ticker=CNX.json,f2f8bc665afb7af11c0f9c8bd6b398d89bbe62f26f8c66aabe74d90276b3ad94,2026-09-02T16:40:54+00:00
2026-07-26,CNX,2017Q2,ALPHA_VANTAGE,REVENUE_USD,685120000.0,D:\Programming\python_example\Arcana\data-lake\bronze\consensus\alpha-vantage\earnings-estimates\snapshot_date=2026-07-26\ticker=CNX.json,f2f8bc665afb7af11c0f9c8bd6b398d89bbe62f26f8c66aabe74d90276b3ad94,2026-09-02T16:40:54+00:00
2026-07-26,DVN,2026Q3,ALPHA_VANTAGE,REVENUE_USD,6873888820.0,D:\Programming\python_example\Arcana\data-lake\bronze\consensus\alpha-vantage\earnings-estimates\snapshot_date=2026-07-26\ticker=DVN.json,c99d8959533962f9bf06653ec12627cf5489343cd0ad8b7edd2573c4ba8bd6e7,2026-09-02T16:40:54+00:00
2026-07-26,DVN,2026Q2,ALPHA_VANTAGE,REVENUE_USD,6188788280.0,D:\Programming\python_example\Arcana\data-lake\bronze\consensus\alpha-vantage\earnings-estimates\snapshot_date=2026-07-26\ticker=DVN.json,c99d8959533962f9bf06653ec12627cf5489343cd0ad8b7edd2573c4ba8bd6e7,2026-09-02T16:40:54+00:00
2026-07-26,DVN,2026Q1,ALPHA_VANTAGE,REVENUE_USD,3926668010.0,D:\Programming\python_example\Arcana\data-lake\bronze\consensus\alpha-vantage\earnings-estimates\snapshot_date=2026-07-26\ticker=DVN.json,c99d8959533962f9bf06653ec12627cf5489343cd0ad8b7edd2573c4ba8bd6e7,2026-09-02T16:40:54+00:00
2026-07-26,DVN,2025Q4,ALPHA_VANTAGE,REVENUE_USD,3614311820.0,D:\Programming\python_example\Arcana\data-lake\bronze\consensus\alpha-vantage\earnings-estimates\snapshot_date=2026-07-26\ticker=DVN.json,c99d8959533962f9bf06653ec12627cf5489343cd0ad8b7edd2573c4ba8bd6e7,2026-09-02T16:40:54+00:00
2026-07-26,DVN,2025Q3,ALPHA_VANTAGE,REVENUE_USD,4123963100.0,D:\Programming\python_example\Arcana\data-lake\bronze\consensus\alpha-vantage\earnings-estimates\snapshot_date=2026-07-26\ticker=DVN.json,c99d8959533962f9bf06653ec12627cf5489343cd0ad8b7edd2573c4ba8bd6e7,2026-09-02T16:40:54+00:00
2026-07-26,DVN,2025Q2,ALPHA_VANTAGE,REVENUE_USD,4009720860.0,D:\Programming\python_example\Arcana\data-lake\bronze\consensus\alpha-vantage\earnings-estimates\snapshot_date=2026-07-26\ticker=DVN.json,c99d8959533962f9bf06653ec12627cf5489343cd0ad8b7edd2573c4ba8bd6e7,2026-09-02T16:40:54+00:00
2026-07-26,DVN,2025Q1,ALPHA_VANTAGE,REVENUE_USD,4372456910.0,D:\Programming\python_example\Arcana\data-lake\bronze\consensus\alpha-vantage\earnings-estimates\snapshot_date=2026-07-26\ticker=DVN.json,c99d8959533962f9bf06653ec12627cf5489343cd0ad8b7edd2573c4ba8bd6e7,2026-09-02T16:40:54+00:00
2026-07-26,DVN,2024Q4,ALPHA_VANTAGE,REVENUE_USD,4247683710.0,D:\Programming\python_example\Arcana\data-lake\bronze\consensus\alpha-vantage\earnings-estimates\snapshot_date=2026-07-26\ticker=DVN.json,c99d8959533962f9bf06653ec12627cf5489343cd0ad8b7edd2573c4ba8bd6e7,2026-09-02T16:40:54+00:00
2026-07-26,DVN,2024Q3,ALPHA_VANTAGE,REVENUE_USD,3740530000.0,D:\Programming\python_example\Arcana\data-lake\bronze\consensus\alpha-vantage\earnings-estimates\snapshot_date=2026-07-26\ticker=DVN.json,c99d8959533962f9bf06653ec12627cf5489343cd0ad8b7edd2573c4ba8bd6e7,2026-09-02T16:40:54+00:00
2026-07-26,DVN,2024Q2,ALPHA_VANTAGE,REVENUE_USD,3892810000.0,D:\Programming\python_example\Arcana\data-lake\bronze\consensus\alpha-vantage\earnings-estimates\snapshot_date=2026-07-26\ticker=DVN.json,c99d8959533962f9bf06653ec12627cf5489343cd0ad8b7edd2573c4ba8bd6e7,2026-09-02T16:40:54+00:00
2026-07-26,DVN,2024Q1,ALPHA_VANTAGE,REVENUE_USD,3470920000.0,D:\Programming\python_example\Arcana\data-lake\bronze\consensus\alpha-vantage\earnings-estimates\snapshot_date=2026-07-26\ticker=DVN.json,c99d8959533962f9bf06653ec12627cf5489343cd0ad8b7edd2573c4ba8bd6e7,2026-09-02T16:40:54+00:00
2026-07-26,DVN,2023Q4,ALPHA_VANTAGE,REVENUE_USD,3871660000.0,D:\Programming\python_example\Arcana\data-lake\bronze\consensus\alpha-vantage\earnings-estimates\snapshot_date=2026-07-26\ticker=DVN.json,c99d8959533962f9bf06653ec12627cf5489343cd0ad8b7edd2573c4ba8bd6e7,2026-09-02T16:40:54+00:00
2026-07-26,DVN,2023Q3,ALPHA_VANTAGE,REVENUE_USD,3538040000.0,D:\Programming\python_example\Arcana\data-lake\bronze\consensus\alpha-vantage\earnings-estimates\snapshot_date=2026-07-26\ticker=DVN.json,c99d8959533962f9bf06653ec12627cf5489343cd0ad8b7edd2573c4ba8bd6e7,2026-09-02T16:40:54+00:00
2026-07-26,DVN,2023Q2,ALPHA_VANTAGE,REVENUE_USD,3736020000.0,D:\Programming\python_example\Arcana\data-lake\bronze\consensus\alpha-vantage\earnings-estimates\snapshot_date=2026-07-26\ticker=DVN.json,c99d8959533962f9bf06653ec12627cf5489343cd0ad8b7edd2573c4ba8bd6e7,2026-09-02T16:40:54+00:00
2026-07-26,DVN,2023Q1,ALPHA_VANTAGE,REVENUE_USD,3941660000.0,D:\Programming\python_example\Arcana\data-lake\bronze\consensus\alpha-vantage\earnings-estimates\snapshot_date=2026-07-26\ticker=DVN.json,c99d8959533962f9bf06653ec12627cf5489343cd0ad8b7edd2573c4ba8bd6e7,2026-09-02T16:40:54+00:00
2026-07-26,DVN,2022Q4,ALPHA_VANTAGE,REVENUE_USD,4389450000.0,D:\Programming\python_example\Arcana\data-lake\bronze\consensus\alpha-vantage\earnings-estimates\snapshot_date=2026-07-26\ticker=DVN.json,c99d8959533962f9bf06653ec12627cf5489343cd0ad8b7edd2573c4ba8bd6e7,2026-09-02T16:40:54+00:00
2026-07-26,DVN,2022Q3,ALPHA_VANTAGE,REVENUE_USD,4911320000.0,D:\Programming\python_example\Arcana\data-lake\bronze\consensus\alpha-vantage\earnings-estimates\snapshot_date=2026-07-26\ticker=DVN.json,c99d8959533962f9bf06653ec12627cf5489343cd0ad8b7edd2573c4ba8bd6e7,2026-09-02T16:40:54+00:00
2026-07-26,DVN,2022Q2,ALPHA_VANTAGE,REVENUE_USD,4715210000.0,D:\Programming\python_example\Arcana\data-lake\bronze\consensus\alpha-vantage\earnings-estimates\snapshot_date=2026-07-26\ticker=DVN.json,c99d8959533962f9bf06653ec12627cf5489343cd0ad8b7edd2573c4ba8bd6e7,2026-09-02T16:40:54+00:00
2026-07-26,DVN,2022Q1,ALPHA_VANTAGE,REVENUE_USD,3808870000.0,D:\Programming\python_example\Arcana\data-lake\bronze\consensus\alpha-vantage\earnings-estimates\snapshot_date=2026-07-26\ticker=DVN.json,c99d8959533962f9bf06653ec12627cf5489343cd0ad8b7edd2573c4ba8bd6e7,2026-09-02T16:40:54+00:00
2026-07-26,DVN,2021Q4,ALPHA_VANTAGE,REVENUE_USD,3702220000.0,D:\Programming\python_example\Arcana\data-lake\bronze\consensus\alpha-vantage\earnings-estimates\snapshot_date=2026-07-26\ticker=DVN.json,c99d8959533962f9bf06653ec12627cf5489343cd0ad8b7edd2573c4ba8bd6e7,2026-09-02T16:40:54+00:00
2026-07-26,DVN,2021Q3,ALPHA_VANTAGE,REVENUE_USD,3166550000.0,D:\Programming\python_example\Arcana\data-lake\bronze\consensus\alpha-vantage\earnings-estimates\snapshot_date=2026-07-26\ticker=DVN.json,c99d8959533962f9bf06653ec12627cf5489343cd0ad8b7edd2573c4ba8bd6e7,2026-09-02T16:40:54+00:00
2026-07-26,DVN,2021Q2,ALPHA_VANTAGE,REVENUE_USD,2417000000.0,D:\Programming\python_example\Arcana\data-lake\bronze\consensus\alpha-vantage\earnings-estimates\snapshot_date=2026-07-26\ticker=DVN.json,c99d8959533962f9bf06653ec12627cf5489343cd0ad8b7edd2573c4ba8bd6e7,2026-09-02T16:40:54+00:00
2026-07-26,DVN,2021Q1,ALPHA_VANTAGE,REVENUE_USD,2207370000.0,D:\Programming\python_example\Arcana\data-lake\bronze\consensus\alpha-vantage\earnings-estimates\snapshot_date=2026-07-26\ticker=DVN.json,c99d8959533962f9bf06653ec12627cf5489343cd0ad8b7edd2573c4ba8bd6e7,2026-09-02T16:40:54+00:00
2026-07-26,DVN,2020Q4,ALPHA_VANTAGE,REVENUE_USD,1149740000.0,D:\Programming\python_example\Arcana\data-lake\bronze\consensus\alpha-vantage\earnings-estimates\snapshot_date=2026-07-26\ticker=DVN.json,c99d8959533962f9bf06653ec12627cf5489343cd0ad8b7edd2573c4ba8bd6e7,2026-09-02T16:40:54+00:00
2026-07-26,DVN,2020Q3,ALPHA_VANTAGE,REVENUE_USD,1008290000.0,D:\Programming\python_example\Arcana\data-lake\bronze\consensus\alpha-vantage\earnings-estimates\snapshot_date=2026-07-26\ticker=DVN.json,c99d8959533962f9bf06653ec12627cf5489343cd0ad8b7edd2573c4ba8bd6e7,2026-09-02T16:40:54+00:00
2026-07-26,DVN,2020Q2,ALPHA_VANTAGE,REVENUE_USD,1115620000.0,D:\Programming\python_example\Arcana\data-lake\bronze\consensus\alpha-vantage\earnings-estimates\snapshot_date=2026-07-26\ticker=DVN.json,c99d8959533962f9bf06653ec12627cf5489343cd0ad8b7edd2573c4ba8bd6e7,2026-09-02T16:40:54+00:00
2026-07-26,DVN,2020Q1,ALPHA_VANTAGE,REVENUE_USD,1404720000.0,D:\Programming\python_example\Arcana\data-lake\bronze\consensus\alpha-vantage\earnings-estimates\snapshot_date=2026-07-26\ticker=DVN.json,c99d8959533962f9bf06653ec12627cf5489343cd0ad8b7edd2573c4ba8bd6e7,2026-09-02T16:40:54+00:00
2026-07-26,DVN,2019Q4,ALPHA_VANTAGE,REVENUE_USD,1845130000.0,D:\Programming\python_example\Arcana\data-lake\bronze\consensus\alpha-vantage\earnings-estimates\snapshot_date=2026-07-26\ticker=DVN.json,c99d8959533962f9bf06653ec12627cf5489343cd0ad8b7edd2573c4ba8bd6e7,2026-09-02T16:40:54+00:00
2026-07-26,DVN,2019Q3,ALPHA_VANTAGE,REVENUE_USD,1721120000.0,D:\Programming\python_example\Arcana\data-lake\bronze\consensus\alpha-vantage\earnings-estimates\snapshot_date=2026-07-26\ticker=DVN.json,c99d8959533962f9bf06653ec12627cf5489343cd0ad8b7edd2573c4ba8bd6e7,2026-09-02T16:40:54+00:00
2026-07-26,DVN,2019Q2,ALPHA_VANTAGE,REVENUE_USD,2170280000.0,D:\Programming\python_example\Arcana\data-lake\bronze\consensus\alpha-vantage\earnings-estimates\snapshot_date=2026-07-26\ticker=DVN.json,c99d8959533962f9bf06653ec12627cf5489343cd0ad8b7edd2573c4ba8bd6e7,2026-09-02T16:40:54+00:00
2026-07-26,DVN,2019Q1,ALPHA_VANTAGE,REVENUE_USD,2492880000.0,D:\Programming\python_example\Arcana\data-lake\bronze\consensus\alpha-vantage\earnings-estimates\snapshot_date=2026-07-26\ticker=DVN.json,c99d8959533962f9bf06653ec12627cf5489343cd0ad8b7edd2573c4ba8bd6e7,2026-09-02T16:40:54+00:00
2026-07-26,DVN,2018Q4,ALPHA_VANTAGE,REVENUE_USD,2673710000.0,D:\Programming\python_example\Arcana\data-lake\bronze\consensus\alpha-vantage\earnings-estimates\snapshot_date=2026-07-26\ticker=DVN.json,c99d8959533962f9bf06653ec12627cf5489343cd0ad8b7edd2573c4ba8bd6e7,2026-09-02T16:40:54+00:00
2026-07-26,DVN,2018Q3,ALPHA_VANTAGE,REVENUE_USD,2157390000.0,D:\Programming\python_example\Arcana\data-lake\bronze\consensus\alpha-vantage\earnings-estimates\snapshot_date=2026-07-26\ticker=DVN.json,c99d8959533962f9bf06653ec12627cf5489343cd0ad8b7edd2573c4ba8bd6e7,2026-09-02T16:40:54+00:00
2026-07-26,DVN,2018Q2,ALPHA_VANTAGE,REVENUE_USD,3693910000.0,D:\Programming\python_example\Arcana\data-lake\bronze\consensus\alpha-vantage\earnings-estimates\snapshot_date=2026-07-26\ticker=DVN.json,c99d8959533962f9bf06653ec12627cf5489343cd0ad8b7edd2573c4ba8bd6e7,2026-09-02T16:40:54+00:00
2026-07-26,DVN,2018Q1,ALPHA_VANTAGE,REVENUE_USD,3892950000.0,D:\Programming\python_example\Arcana\data-lake\bronze\consensus\alpha-vantage\earnings-estimates\snapshot_date=2026-07-26\ticker=DVN.json,c99d8959533962f9bf06653ec12627cf5489343cd0ad8b7edd2573c4ba8bd6e7,2026-09-02T16:40:54+00:00
2026-07-26,DVN,2017Q4,ALPHA_VANTAGE,REVENUE_USD,3521140000.0,D:\Programming\python_example\Arcana\data-lake\bronze\consensus\alpha-vantage\earnings-estimates\snapshot_date=2026-07-26\ticker=DVN.json,c99d8959533962f9bf06653ec12627cf5489343cd0ad8b7edd2573c4ba8bd6e7,2026-09-02T16:40:54+00:00
2026-07-26,DVN,2017Q3,ALPHA_VANTAGE,REVENUE_USD,3175870000.0,D:\Programming\python_example\Arcana\data-lake\bronze\consensus\alpha-vantage\earnings-estimates\snapshot_date=2026-07-26\ticker=DVN.json,c99d8959533962f9bf06653ec12627cf5489343cd0ad8b7edd2573c4ba8bd6e7,2026-09-02T16:40:54+00:00
2026-07-26,DVN,2017Q2,ALPHA_VANTAGE,REVENUE_USD,3251520000.0,D:\Programming\python_example\Arcana\data-lake\bronze\consensus\alpha-vantage\earnings-estimates\snapshot_date=2026-07-26\ticker=DVN.json,c99d8959533962f9bf06653ec12627cf5489343cd0ad8b7edd2573c4ba8bd6e7,2026-09-02T16:40:54+00:00
2026-07-26,EQT,2026Q4,ALPHA_VANTAGE,REVENUE_USD,2281391580.0,D:\Programming\python_example\Arcana\data-lake\bronze\consensus\alpha-vantage\earnings-estimates\snapshot_date=2026-07-26\ticker=EQT.json,cffc5ce5361a6ab4c7cf2b3d48a43d5cee4065d3a650995e22e2d5e3abd8a56c,2026-09-02T16:40:54+00:00
2026-07-26,EQT,2026Q3,ALPHA_VANTAGE,REVENUE_USD,2021950800.0,D:\Programming\python_example\Arcana\data-lake\bronze\consensus\alpha-vantage\earnings-estimates\snapshot_date=2026-07-26\ticker=EQT.json,cffc5ce5361a6ab4c7cf2b3d48a43d5cee4065d3a650995e22e2d5e3abd8a56c,2026-09-02T16:40:54+00:00
2026-07-26,EQT,2026Q2,ALPHA_VANTAGE,REVENUE_USD,1871251620.0,D:\Programming\python_example\Arcana\data-lake\bronze\consensus\alpha-vantage\earnings-estimates\snapshot_date=2026-07-26\ticker=EQT.json,cffc5ce5361a6ab4c7cf2b3d48a43d5cee4065d3a650995e22e2d5e3abd8a56c,2026-09-02T16:40:54+00:00
2026-07-26,EQT,2026Q1,ALPHA_VANTAGE,REVENUE_USD,3241174870.0,D:\Programming\python_example\Arcana\data-lake\bronze\consensus\alpha-vantage\earnings-estimates\snapshot_date=2026-07-26\ticker=EQT.json,cffc5ce5361a6ab4c7cf2b3d48a43d5cee4065d3a650995e22e2d5e3abd8a56c,2026-09-02T16:40:54+00:00
2026-07-26,EQT,2025Q4,ALPHA_VANTAGE,REVENUE_USD,2162858050.0,D:\Programming\python_example\Arcana\data-lake\bronze\consensus\alpha-vantage\earnings-estimates\snapshot_date=2026-07-26\ticker=EQT.json,cffc5ce5361a6ab4c7cf2b3d48a43d5cee4065d3a650995e22e2d5e3abd8a56c,2026-09-02T16:40:54+00:00
2026-07-26,EQT,2025Q3,ALPHA_VANTAGE,REVENUE_USD,1782569520.0,D:\Programming\python_example\Arcana\data-lake\bronze\consensus\alpha-vantage\earnings-estimates\snapshot_date=2026-07-26\ticker=EQT.json,cffc5ce5361a6ab4c7cf2b3d48a43d5cee4065d3a650995e22e2d5e3abd8a56c,2026-09-02T16:40:54+00:00
2026-07-26,EQT,2025Q2,ALPHA_VANTAGE,REVENUE_USD,1777164800.0,D:\Programming\python_example\Arcana\data-lake\bronze\consensus\alpha-vantage\earnings-estimates\snapshot_date=2026-07-26\ticker=EQT.json,cffc5ce5361a6ab4c7cf2b3d48a43d5cee4065d3a650995e22e2d5e3abd8a56c,2026-09-02T16:40:54+00:00
2026-07-26,EQT,2025Q1,ALPHA_VANTAGE,REVENUE_USD,2090982160.0,D:\Programming\python_example\Arcana\data-lake\bronze\consensus\alpha-vantage\earnings-estimates\snapshot_date=2026-07-26\ticker=EQT.json,cffc5ce5361a6ab4c7cf2b3d48a43d5cee4065d3a650995e22e2d5e3abd8a56c,2026-09-02T16:40:54+00:00
2026-07-26,EQT,2024Q4,ALPHA_VANTAGE,REVENUE_USD,1814861110.0,D:\Programming\python_example\Arcana\data-lake\bronze\consensus\alpha-vantage\earnings-estimates\snapshot_date=2026-07-26\ticker=EQT.json,cffc5ce5361a6ab4c7cf2b3d48a43d5cee4065d3a650995e22e2d5e3abd8a56c,2026-09-02T16:40:54+00:00
2026-07-26,EQT,2024Q3,ALPHA_VANTAGE,REVENUE_USD,1316350000.0,D:\Programming\python_example\Arcana\data-lake\bronze\consensus\alpha-vantage\earnings-estimates\snapshot_date=2026-07-26\ticker=EQT.json,cffc5ce5361a6ab4c7cf2b3d48a43d5cee4065d3a650995e22e2d5e3abd8a56c,2026-09-02T16:40:54+00:00
2026-07-26,EQT,2024Q2,ALPHA_VANTAGE,REVENUE_USD,1062090000.0,D:\Programming\python_example\Arcana\data-lake\bronze\consensus\alpha-vantage\earnings-estimates\snapshot_date=2026-07-26\ticker=EQT.json,cffc5ce5361a6ab4c7cf2b3d48a43d5cee4065d3a650995e22e2d5e3abd8a56c,2026-09-02T16:40:54+00:00
2026-07-26,EQT,2024Q1,ALPHA_VANTAGE,REVENUE_USD,1559260000.0,D:\Programming\python_example\Arcana\data-lake\bronze\consensus\alpha-vantage\earnings-estimates\snapshot_date=2026-07-26\ticker=EQT.json,cffc5ce5361a6ab4c7cf2b3d48a43d5cee4065d3a650995e22e2d5e3abd8a56c,2026-09-02T16:40:54+00:00
2026-07-26,EQT,2023Q4,ALPHA_VANTAGE,REVENUE_USD,1571190000.0,D:\Programming\python_example\Arcana\data-lake\bronze\consensus\alpha-vantage\earnings-estimates\snapshot_date=2026-07-26\ticker=EQT.json,cffc5ce5361a6ab4c7cf2b3d48a43d5cee4065d3a650995e22e2d5e3abd8a56c,2026-09-02T16:40:54+00:00
2026-07-26,EQT,2023Q3,ALPHA_VANTAGE,REVENUE_USD,1138840000.0,D:\Programming\python_example\Arcana\data-lake\bronze\consensus\alpha-vantage\earnings-estimates\snapshot_date=2026-07-26\ticker=EQT.json,cffc5ce5361a6ab4c7cf2b3d48a43d5cee4065d3a650995e22e2d5e3abd8a56c,2026-09-02T16:40:54+00:00
2026-07-26,EQT,2023Q2,ALPHA_VANTAGE,REVENUE_USD,1029090000.0,D:\Programming\python_example\Arcana\data-lake\bronze\consensus\alpha-vantage\earnings-estimates\snapshot_date=2026-07-26\ticker=EQT.json,cffc5ce5361a6ab4c7cf2b3d48a43d5cee4065d3a650995e22e2d5e3abd8a56c,2026-09-02T16:40:54+00:00
2026-07-26,EQT,2023Q1,ALPHA_VANTAGE,REVENUE_USD,1765020000.0,D:\Programming\python_example\Arcana\data-lake\bronze\consensus\alpha-vantage\earnings-estimates\snapshot_date=2026-07-26\ticker=EQT.json,cffc5ce5361a6ab4c7cf2b3d48a43d5cee4065d3a650995e22e2d5e3abd8a56c,2026-09-02T16:40:54+00:00
2026-07-26,EQT,2022Q4,ALPHA_VANTAGE,REVENUE_USD,1427100000.0,D:\Programming\python_example\Arcana\data-lake\bronze\consensus\alpha-vantage\earnings-estimates\snapshot_date=2026-07-26\ticker=EQT.json,cffc5ce5361a6ab4c7cf2b3d48a43d5cee4065d3a650995e22e2d5e3abd8a56c,2026-09-02T16:40:54+00:00
2026-07-26,EQT,2022Q3,ALPHA_VANTAGE,REVENUE_USD,1765930000.0,D:\Programming\python_example\Arcana\data-lake\bronze\consensus\alpha-vantage\earnings-estimates\snapshot_date=2026-07-26\ticker=EQT.json,cffc5ce5361a6ab4c7cf2b3d48a43d5cee4065d3a650995e22e2d5e3abd8a56c,2026-09-02T16:40:54+00:00
2026-07-26,EQT,2022Q2,ALPHA_VANTAGE,REVENUE_USD,1526870000.0,D:\Programming\python_example\Arcana\data-lake\bronze\consensus\alpha-vantage\earnings-estimates\snapshot_date=2026-07-26\ticker=EQT.json,cffc5ce5361a6ab4c7cf2b3d48a43d5cee4065d3a650995e22e2d5e3abd8a56c,2026-09-02T16:40:54+00:00
2026-07-26,EQT,2022Q1,ALPHA_VANTAGE,REVENUE_USD,1607330000.0,D:\Programming\python_example\Arcana\data-lake\bronze\consensus\alpha-vantage\earnings-estimates\snapshot_date=2026-07-26\ticker=EQT.json,cffc5ce5361a6ab4c7cf2b3d48a43d5cee4065d3a650995e22e2d5e3abd8a56c,2026-09-02T16:40:54+00:00
2026-07-26,EQT,2021Q4,ALPHA_VANTAGE,REVENUE_USD,2823150000.0,D:\Programming\python_example\Arcana\data-lake\bronze\consensus\alpha-vantage\earnings-estimates\snapshot_date=2026-07-26\ticker=EQT.json,cffc5ce5361a6ab4c7cf2b3d48a43d5cee4065d3a650995e22e2d5e3abd8a56c,2026-09-02T16:40:54+00:00
2026-07-26,EQT,2021Q3,ALPHA_VANTAGE,REVENUE_USD,1121930000.0,D:\Programming\python_example\Arcana\data-lake\bronze\consensus\alpha-vantage\earnings-estimates\snapshot_date=2026-07-26\ticker=EQT.json,cffc5ce5361a6ab4c7cf2b3d48a43d5cee4065d3a650995e22e2d5e3abd8a56c,2026-09-02T16:40:54+00:00
2026-07-26,EQT,2021Q2,ALPHA_VANTAGE,REVENUE_USD,995090000.0,D:\Programming\python_example\Arcana\data-lake\bronze\consensus\alpha-vantage\earnings-estimates\snapshot_date=2026-07-26\ticker=EQT.json,cffc5ce5361a6ab4c7cf2b3d48a43d5cee4065d3a650995e22e2d5e3abd8a56c,2026-09-02T16:40:54+00:00
2026-07-26,EQT,2021Q1,ALPHA_VANTAGE,REVENUE_USD,1138740000.0,D:\Programming\python_example\Arcana\data-lake\bronze\consensus\alpha-vantage\earnings-estimates\snapshot_date=2026-07-26\ticker=EQT.json,cffc5ce5361a6ab4c7cf2b3d48a43d5cee4065d3a650995e22e2d5e3abd8a56c,2026-09-02T16:40:54+00:00
2026-07-26,EQT,2020Q4,ALPHA_VANTAGE,REVENUE_USD,891330000.0,D:\Programming\python_example\Arcana\data-lake\bronze\consensus\alpha-vantage\earnings-estimates\snapshot_date=2026-07-26\ticker=EQT.json,cffc5ce5361a6ab4c7cf2b3d48a43d5cee4065d3a650995e22e2d5e3abd8a56c,2026-09-02T16:40:54+00:00
2026-07-26,EQT,2020Q3,ALPHA_VANTAGE,REVENUE_USD,844650000.0,D:\Programming\python_example\Arcana\data-lake\bronze\consensus\alpha-vantage\earnings-estimates\snapshot_date=2026-07-26\ticker=EQT.json,cffc5ce5361a6ab4c7cf2b3d48a43d5cee4065d3a650995e22e2d5e3abd8a56c,2026-09-02T16:40:54+00:00
2026-07-26,EQT,2020Q2,ALPHA_VANTAGE,REVENUE_USD,804380000.0,D:\Programming\python_example\Arcana\data-lake\bronze\consensus\alpha-vantage\earnings-estimates\snapshot_date=2026-07-26\ticker=EQT.json,cffc5ce5361a6ab4c7cf2b3d48a43d5cee4065d3a650995e22e2d5e3abd8a56c,2026-09-02T16:40:54+00:00
2026-07-26,EQT,2020Q1,ALPHA_VANTAGE,REVENUE_USD,907750000.0,D:\Programming\python_example\Arcana\data-lake\bronze\consensus\alpha-vantage\earnings-estimates\snapshot_date=2026-07-26\ticker=EQT.json,cffc5ce5361a6ab4c7cf2b3d48a43d5cee4065d3a650995e22e2d5e3abd8a56c,2026-09-02T16:40:54+00:00
2026-07-26,EQT,2019Q4,ALPHA_VANTAGE,REVENUE_USD,938640000.0,D:\Programming\python_example\Arcana\data-lake\bronze\consensus\alpha-vantage\earnings-estimates\snapshot_date=2026-07-26\ticker=EQT.json,cffc5ce5361a6ab4c7cf2b3d48a43d5cee4065d3a650995e22e2d5e3abd8a56c,2026-09-02T16:40:54+00:00
2026-07-26,EQT,2019Q3,ALPHA_VANTAGE,REVENUE_USD,870440000.0,D:\Programming\python_example\Arcana\data-lake\bronze\consensus\alpha-vantage\earnings-estimates\snapshot_date=2026-07-26\ticker=EQT.json,cffc5ce5361a6ab4c7cf2b3d48a43d5cee4065d3a650995e22e2d5e3abd8a56c,2026-09-02T16:40:54+00:00
2026-07-26,EQT,2019Q2,ALPHA_VANTAGE,REVENUE_USD,951310000.0,D:\Programming\python_example\Arcana\data-lake\bronze\consensus\alpha-vantage\earnings-estimates\snapshot_date=2026-07-26\ticker=EQT.json,cffc5ce5361a6ab4c7cf2b3d48a43d5cee4065d3a650995e22e2d5e3abd8a56c,2026-09-02T16:40:54+00:00
2026-07-26,EQT,2019Q1,ALPHA_VANTAGE,REVENUE_USD,1205170000.0,D:\Programming\python_example\Arcana\data-lake\bronze\consensus\alpha-vantage\earnings-estimates\snapshot_date=2026-07-26\ticker=EQT.json,cffc5ce5361a6ab4c7cf2b3d48a43d5cee4065d3a650995e22e2d5e3abd8a56c,2026-09-02T16:40:54+00:00
2026-07-26,EQT,2018Q4,ALPHA_VANTAGE,REVENUE_USD,1272650000.0,D:\Programming\python_example\Arcana\data-lake\bronze\consensus\alpha-vantage\earnings-estimates\snapshot_date=2026-07-26\ticker=EQT.json,cffc5ce5361a6ab4c7cf2b3d48a43d5cee4065d3a650995e22e2d5e3abd8a56c,2026-09-02T16:40:54+00:00
2026-07-26,EQT,2018Q3,ALPHA_VANTAGE,REVENUE_USD,1205660000.0,D:\Programming\python_example\Arcana\data-lake\bronze\consensus\alpha-vantage\earnings-estimates\snapshot_date=2026-07-26\ticker=EQT.json,cffc5ce5361a6ab4c7cf2b3d48a43d5cee4065d3a650995e22e2d5e3abd8a56c,2026-09-02T16:40:54+00:00
2026-07-26,EQT,2018Q2,ALPHA_VANTAGE,REVENUE_USD,1213240000.0,D:\Programming\python_example\Arcana\data-lake\bronze\consensus\alpha-vantage\earnings-estimates\snapshot_date=2026-07-26\ticker=EQT.json,cffc5ce5361a6ab4c7cf2b3d48a43d5cee4065d3a650995e22e2d5e3abd8a56c,2026-09-02T16:40:54+00:00
2026-07-26,EQT,2018Q1,ALPHA_VANTAGE,REVENUE_USD,1384030000.0,D:\Programming\python_example\Arcana\data-lake\bronze\consensus\alpha-vantage\earnings-estimates\snapshot_date=2026-07-26\ticker=EQT.json,cffc5ce5361a6ab4c7cf2b3d48a43d5cee4065d3a650995e22e2d5e3abd8a56c,2026-09-02T16:40:54+00:00
2026-07-26,EQT,2017Q4,ALPHA_VANTAGE,REVENUE_USD,958790000.0,D:\Programming\python_example\Arcana\data-lake\bronze\consensus\alpha-vantage\earnings-estimates\snapshot_date=2026-07-26\ticker=EQT.json,cffc5ce5361a6ab4c7cf2b3d48a43d5cee4065d3a650995e22e2d5e3abd8a56c,2026-09-02T16:40:54+00:00
2026-07-26,EQT,2017Q3,ALPHA_VANTAGE,REVENUE_USD,671430000.0,D:\Programming\python_example\Arcana\data-lake\bronze\consensus\alpha-vantage\earnings-estimates\snapshot_date=2026-07-26\ticker=EQT.json,cffc5ce5361a6ab4c7cf2b3d48a43d5cee4065d3a650995e22e2d5e3abd8a56c,2026-09-02T16:40:54+00:00
2026-07-26,EQT,2017Q2,ALPHA_VANTAGE,REVENUE_USD,664700000.0,D:\Programming\python_example\Arcana\data-lake\bronze\consensus\alpha-vantage\earnings-estimates\snapshot_date=2026-07-26\ticker=EQT.json,cffc5ce5361a6ab4c7cf2b3d48a43d5cee4065d3a650995e22e2d5e3abd8a56c,2026-09-02T16:40:54+00:00
2026-07-26,FANG,2026Q3,ALPHA_VANTAGE,REVENUE_USD,4535835000.0,D:\Programming\python_example\Arcana\data-lake\bronze\consensus\alpha-vantage\earnings-estimates\snapshot_date=2026-07-26\ticker=FANG.json,ae6eb7ee31c821092f17f43003c06807b3ea53db6b52764de55c7315fe83b324,2026-09-02T16:40:54+00:00
2026-07-26,FANG,2026Q2,ALPHA_VANTAGE,REVENUE_USD,5013379140.0,D:\Programming\python_example\Arcana\data-lake\bronze\consensus\alpha-vantage\earnings-estimates\snapshot_date=2026-07-26\ticker=FANG.json,ae6eb7ee31c821092f17f43003c06807b3ea53db6b52764de55c7315fe83b324,2026-09-02T16:40:54+00:00
2026-07-26,FANG,2026Q1,ALPHA_VANTAGE,REVENUE_USD,3928380040.0,D:\Programming\python_example\Arcana\data-lake\bronze\consensus\alpha-vantage\earnings-estimates\snapshot_date=2026-07-26\ticker=FANG.json,ae6eb7ee31c821092f17f43003c06807b3ea53db6b52764de55c7315fe83b324,2026-09-02T16:40:54+00:00
2026-07-26,FANG,2025Q4,ALPHA_VANTAGE,REVENUE_USD,3254431810.0,D:\Programming\python_example\Arcana\data-lake\bronze\consensus\alpha-vantage\earnings-estimates\snapshot_date=2026-07-26\ticker=FANG.json,ae6eb7ee31c821092f17f43003c06807b3ea53db6b52764de55c7315fe83b324,2026-09-02T16:40:54+00:00
2026-07-26,FANG,2025Q3,ALPHA_VANTAGE,REVENUE_USD,3529706450.0,D:\Programming\python_example\Arcana\data-lake\bronze\consensus\alpha-vantage\earnings-estimates\snapshot_date=2026-07-26\ticker=FANG.json,ae6eb7ee31c821092f17f43003c06807b3ea53db6b52764de55c7315fe83b324,2026-09-02T16:40:54+00:00
2026-07-26,FANG,2025Q2,ALPHA_VANTAGE,REVENUE_USD,3334405990.0,D:\Programming\python_example\Arcana\data-lake\bronze\consensus\alpha-vantage\earnings-estimates\snapshot_date=2026-07-26\ticker=FANG.json,ae6eb7ee31c821092f17f43003c06807b3ea53db6b52764de55c7315fe83b324,2026-09-02T16:40:54+00:00
2026-07-26,FANG,2025Q1,ALPHA_VANTAGE,REVENUE_USD,3753751700.0,D:\Programming\python_example\Arcana\data-lake\bronze\consensus\alpha-vantage\earnings-estimates\snapshot_date=2026-07-26\ticker=FANG.json,ae6eb7ee31c821092f17f43003c06807b3ea53db6b52764de55c7315fe83b324,2026-09-02T16:40:54+00:00
2026-07-26,FANG,2024Q4,ALPHA_VANTAGE,REVENUE_USD,3553183970.0,D:\Programming\python_example\Arcana\data-lake\bronze\consensus\alpha-vantage\earnings-estimates\snapshot_date=2026-07-26\ticker=FANG.json,ae6eb7ee31c821092f17f43003c06807b3ea53db6b52764de55c7315fe83b324,2026-09-02T16:40:54+00:00
2026-07-26,FANG,2024Q3,ALPHA_VANTAGE,REVENUE_USD,2441510000.0,D:\Programming\python_example\Arcana\data-lake\bronze\consensus\alpha-vantage\earnings-estimates\snapshot_date=2026-07-26\ticker=FANG.json,ae6eb7ee31c821092f17f43003c06807b3ea53db6b52764de55c7315fe83b324,2026-09-02T16:40:54+00:00
2026-07-26,FANG,2024Q2,ALPHA_VANTAGE,REVENUE_USD,2184060000.0,D:\Programming\python_example\Arcana\data-lake\bronze\consensus\alpha-vantage\earnings-estimates\snapshot_date=2026-07-26\ticker=FANG.json,ae6eb7ee31c821092f17f43003c06807b3ea53db6b52764de55c7315fe83b324,2026-09-02T16:40:54+00:00
2026-07-26,FANG,2024Q1,ALPHA_VANTAGE,REVENUE_USD,2088340000.0,D:\Programming\python_example\Arcana\data-lake\bronze\consensus\alpha-vantage\earnings-estimates\snapshot_date=2026-07-26\ticker=FANG.json,ae6eb7ee31c821092f17f43003c06807b3ea53db6b52764de55c7315fe83b324,2026-09-02T16:40:54+00:00
2026-07-26,FANG,2023Q4,ALPHA_VANTAGE,REVENUE_USD,2168570000.0,D:\Programming\python_example\Arcana\data-lake\bronze\consensus\alpha-vantage\earnings-estimates\snapshot_date=2026-07-26\ticker=FANG.json,ae6eb7ee31c821092f17f43003c06807b3ea53db6b52764de55c7315fe83b324,2026-09-02T16:40:54+00:00
2026-07-26,FANG,2023Q3,ALPHA_VANTAGE,REVENUE_USD,2135400000.0,D:\Programming\python_example\Arcana\data-lake\bronze\consensus\alpha-vantage\earnings-estimates\snapshot_date=2026-07-26\ticker=FANG.json,ae6eb7ee31c821092f17f43003c06807b3ea53db6b52764de55c7315fe83b324,2026-09-02T16:40:54+00:00
2026-07-26,FANG,2023Q2,ALPHA_VANTAGE,REVENUE_USD,1968470000.0,D:\Programming\python_example\Arcana\data-lake\bronze\consensus\alpha-vantage\earnings-estimates\snapshot_date=2026-07-26\ticker=FANG.json,ae6eb7ee31c821092f17f43003c06807b3ea53db6b52764de55c7315fe83b324,2026-09-02T16:40:54+00:00
2026-07-26,FANG,2023Q1,ALPHA_VANTAGE,REVENUE_USD,1974390000.0,D:\Programming\python_example\Arcana\data-lake\bronze\consensus\alpha-vantage\earnings-estimates\snapshot_date=2026-07-26\ticker=FANG.json,ae6eb7ee31c821092f17f43003c06807b3ea53db6b52764de55c7315fe83b324,2026-09-02T16:40:54+00:00
2026-07-26,FANG,2022Q4,ALPHA_VANTAGE,REVENUE_USD,2086980000.0,D:\Programming\python_example\Arcana\data-lake\bronze\consensus\alpha-vantage\earnings-estimates\snapshot_date=2026-07-26\ticker=FANG.json,ae6eb7ee31c821092f17f43003c06807b3ea53db6b52764de55c7315fe83b324,2026-09-02T16:40:54+00:00
2026-07-26,FANG,2022Q3,ALPHA_VANTAGE,REVENUE_USD,2376890000.0,D:\Programming\python_example\Arcana\data-lake\bronze\consensus\alpha-vantage\earnings-estimates\snapshot_date=2026-07-26\ticker=FANG.json,ae6eb7ee31c821092f17f43003c06807b3ea53db6b52764de55c7315fe83b324,2026-09-02T16:40:54+00:00
2026-07-26,FANG,2022Q2,ALPHA_VANTAGE,REVENUE_USD,2428930000.0,D:\Programming\python_example\Arcana\data-lake\bronze\consensus\alpha-vantage\earnings-estimates\snapshot_date=2026-07-26\ticker=FANG.json,ae6eb7ee31c821092f17f43003c06807b3ea53db6b52764de55c7315fe83b324,2026-09-02T16:40:54+00:00
2026-07-26,FANG,2022Q1,ALPHA_VANTAGE,REVENUE_USD,1906370000.0,D:\Programming\python_example\Arcana\data-lake\bronze\consensus\alpha-vantage\earnings-estimates\snapshot_date=2026-07-26\ticker=FANG.json,ae6eb7ee31c821092f17f43003c06807b3ea53db6b52764de55c7315fe83b324,2026-09-02T16:40:54+00:00
2026-07-26,FANG,2021Q4,ALPHA_VANTAGE,REVENUE_USD,1662640000.0,D:\Programming\python_example\Arcana\data-lake\bronze\consensus\alpha-vantage\earnings-estimates\snapshot_date=2026-07-26\ticker=FANG.json,ae6eb7ee31c821092f17f43003c06807b3ea53db6b52764de55c7315fe83b324,2026-09-02T16:40:54+00:00
2026-07-26,FANG,2021Q3,ALPHA_VANTAGE,REVENUE_USD,1515170000.0,D:\Programming\python_example\Arcana\data-lake\bronze\consensus\alpha-vantage\earnings-estimates\snapshot_date=2026-07-26\ticker=FANG.json,ae6eb7ee31c821092f17f43003c06807b3ea53db6b52764de55c7315fe83b324,2026-09-02T16:40:54+00:00
2026-07-26,FANG,2021Q2,ALPHA_VANTAGE,REVENUE_USD,1681000000.0,D:\Programming\python_example\Arcana\data-lake\bronze\consensus\alpha-vantage\earnings-estimates\snapshot_date=2026-07-26\ticker=FANG.json,ae6eb7ee31c821092f17f43003c06807b3ea53db6b52764de55c7315fe83b324,2026-09-02T16:40:54+00:00
2026-07-26,FANG,2021Q1,ALPHA_VANTAGE,REVENUE_USD,1007420000.0,D:\Programming\python_example\Arcana\data-lake\bronze\consensus\alpha-vantage\earnings-estimates\snapshot_date=2026-07-26\ticker=FANG.json,ae6eb7ee31c821092f17f43003c06807b3ea53db6b52764de55c7315fe83b324,2026-09-02T16:40:54+00:00
2026-07-26,FANG,2020Q4,ALPHA_VANTAGE,REVENUE_USD,769690000.0,D:\Programming\python_example\Arcana\data-lake\bronze\consensus\alpha-vantage\earnings-estimates\snapshot_date=2026-07-26\ticker=FANG.json,ae6eb7ee31c821092f17f43003c06807b3ea53db6b52764de55c7315fe83b324,2026-09-02T16:40:54+00:00
2026-07-26,FANG,2020Q3,ALPHA_VANTAGE,REVENUE_USD,714080000.0,D:\Programming\python_example\Arcana\data-lake\bronze\consensus\alpha-vantage\earnings-estimates\snapshot_date=2026-07-26\ticker=FANG.json,ae6eb7ee31c821092f17f43003c06807b3ea53db6b52764de55c7315fe83b324,2026-09-02T16:40:54+00:00
2026-07-26,FANG,2020Q2,ALPHA_VANTAGE,REVENUE_USD,596290000.0,D:\Programming\python_example\Arcana\data-lake\bronze\consensus\alpha-vantage\earnings-estimates\snapshot_date=2026-07-26\ticker=FANG.json,ae6eb7ee31c821092f17f43003c06807b3ea53db6b52764de55c7315fe83b324,2026-09-02T16:40:54+00:00
2026-07-26,FANG,2020Q1,ALPHA_VANTAGE,REVENUE_USD,979580000.0,D:\Programming\python_example\Arcana\data-lake\bronze\consensus\alpha-vantage\earnings-estimates\snapshot_date=2026-07-26\ticker=FANG.json,ae6eb7ee31c821092f17f43003c06807b3ea53db6b52764de55c7315fe83b324,2026-09-02T16:40:54+00:00
2026-07-26,FANG,2019Q4,ALPHA_VANTAGE,REVENUE_USD,1091900000.0,D:\Programming\python_example\Arcana\data-lake\bronze\consensus\alpha-vantage\earnings-estimates\snapshot_date=2026-07-26\ticker=FANG.json,ae6eb7ee31c821092f17f43003c06807b3ea53db6b52764de55c7315fe83b324,2026-09-02T16:40:54+00:00
2026-07-26,FANG,2019Q3,ALPHA_VANTAGE,REVENUE_USD,1069180000.0,D:\Programming\python_example\Arcana\data-lake\bronze\consensus\alpha-vantage\earnings-estimates\snapshot_date=2026-07-26\ticker=FANG.json,ae6eb7ee31c821092f17f43003c06807b3ea53db6b52764de55c7315fe83b324,2026-09-02T16:40:54+00:00
2026-07-26,FANG,2019Q2,ALPHA_VANTAGE,REVENUE_USD,1064850000.0,D:\Programming\python_example\Arcana\data-lake\bronze\consensus\alpha-vantage\earnings-estimates\snapshot_date=2026-07-26\ticker=FANG.json,ae6eb7ee31c821092f17f43003c06807b3ea53db6b52764de55c7315fe83b324,2026-09-02T16:40:54+00:00
2026-07-26,FANG,2019Q1,ALPHA_VANTAGE,REVENUE_USD,914800000.0,D:\Programming\python_example\Arcana\data-lake\bronze\consensus\alpha-vantage\earnings-estimates\snapshot_date=2026-07-26\ticker=FANG.json,ae6eb7ee31c821092f17f43003c06807b3ea53db6b52764de55c7315fe83b324,2026-09-02T16:40:54+00:00
2026-07-26,FANG,2018Q4,ALPHA_VANTAGE,REVENUE_USD,660720000.0,D:\Programming\python_example\Arcana\data-lake\bronze\consensus\alpha-vantage\earnings-estimates\snapshot_date=2026-07-26\ticker=FANG.json,ae6eb7ee31c821092f17f43003c06807b3ea53db6b52764de55c7315fe83b324,2026-09-02T16:40:54+00:00
2026-07-26,FANG,2018Q3,ALPHA_VANTAGE,REVENUE_USD,515840000.0,D:\Programming\python_example\Arcana\data-lake\bronze\consensus\alpha-vantage\earnings-estimates\snapshot_date=2026-07-26\ticker=FANG.json,ae6eb7ee31c821092f17f43003c06807b3ea53db6b52764de55c7315fe83b324,2026-09-02T16:40:54+00:00
2026-07-26,FANG,2018Q2,ALPHA_VANTAGE,REVENUE_USD,479130000.0,D:\Programming\python_example\Arcana\data-lake\bronze\consensus\alpha-vantage\earnings-estimates\snapshot_date=2026-07-26\ticker=FANG.json,ae6eb7ee31c821092f17f43003c06807b3ea53db6b52764de55c7315fe83b324,2026-09-02T16:40:54+00:00
2026-07-26,FANG,2018Q1,ALPHA_VANTAGE,REVENUE_USD,435110000.0,D:\Programming\python_example\Arcana\data-lake\bronze\consensus\alpha-vantage\earnings-estimates\snapshot_date=2026-07-26\ticker=FANG.json,ae6eb7ee31c821092f17f43003c06807b3ea53db6b52764de55c7315fe83b324,2026-09-02T16:40:54+00:00
2026-07-26,FANG,2017Q4,ALPHA_VANTAGE,REVENUE_USD,364710000.0,D:\Programming\python_example\Arcana\data-lake\bronze\consensus\alpha-vantage\earnings-estimates\snapshot_date=2026-07-26\ticker=FANG.json,ae6eb7ee31c821092f17f43003c06807b3ea53db6b52764de55c7315fe83b324,2026-09-02T16:40:54+00:00
2026-07-26,FANG,2017Q3,ALPHA_VANTAGE,REVENUE_USD,299360000.0,D:\Programming\python_example\Arcana\data-lake\bronze\consensus\alpha-vantage\earnings-estimates\snapshot_date=2026-07-26\ticker=FANG.json,ae6eb7ee31c821092f17f43003c06807b3ea53db6b52764de55c7315fe83b324,2026-09-02T16:40:54+00:00
2026-07-26,FANG,2017Q2,ALPHA_VANTAGE,REVENUE_USD,264750000.0,D:\Programming\python_example\Arcana\data-lake\bronze\consensus\alpha-vantage\earnings-estimates\snapshot_date=2026-07-26\ticker=FANG.json,ae6eb7ee31c821092f17f43003c06807b3ea53db6b52764de55c7315fe83b324,2026-09-02T16:40:54+00:00
2026-07-26,MGY,2026Q3,ALPHA_VANTAGE,REVENUE_USD,391194370.0,D:\Programming\python_example\Arcana\data-lake\bronze\consensus\alpha-vantage\earnings-estimates\snapshot_date=2026-07-26\ticker=MGY.json,fb65f7e65ef4bba453dd0244f916ce1739e7b4ac63d10b6b11a0fb532ed3d388,2026-09-02T16:40:54+00:00
2026-07-26,MGY,2026Q2,ALPHA_VANTAGE,REVENUE_USD,460819030.0,D:\Programming\python_example\Arcana\data-lake\bronze\consensus\alpha-vantage\earnings-estimates\snapshot_date=2026-07-26\ticker=MGY.json,fb65f7e65ef4bba453dd0244f916ce1739e7b4ac63d10b6b11a0fb532ed3d388,2026-09-02T16:40:54+00:00
2026-07-26,MGY,2026Q1,ALPHA_VANTAGE,REVENUE_USD,354385110.0,D:\Programming\python_example\Arcana\data-lake\bronze\consensus\alpha-vantage\earnings-estimates\snapshot_date=2026-07-26\ticker=MGY.json,fb65f7e65ef4bba453dd0244f916ce1739e7b4ac63d10b6b11a0fb532ed3d388,2026-09-02T16:40:54+00:00
2026-07-26,MGY,2025Q4,ALPHA_VANTAGE,REVENUE_USD,313740710.0,D:\Programming\python_example\Arcana\data-lake\bronze\consensus\alpha-vantage\earnings-estimates\snapshot_date=2026-07-26\ticker=MGY.json,fb65f7e65ef4bba453dd0244f916ce1739e7b4ac63d10b6b11a0fb532ed3d388,2026-09-02T16:40:54+00:00
2026-07-26,MGY,2025Q3,ALPHA_VANTAGE,REVENUE_USD,322961600.0,D:\Programming\python_example\Arcana\data-lake\bronze\consensus\alpha-vantage\earnings-estimates\snapshot_date=2026-07-26\ticker=MGY.json,fb65f7e65ef4bba453dd0244f916ce1739e7b4ac63d10b6b11a0fb532ed3d388,2026-09-02T16:40:54+00:00
2026-07-26,MGY,2025Q2,ALPHA_VANTAGE,REVENUE_USD,313997070.0,D:\Programming\python_example\Arcana\data-lake\bronze\consensus\alpha-vantage\earnings-estimates\snapshot_date=2026-07-26\ticker=MGY.json,fb65f7e65ef4bba453dd0244f916ce1739e7b4ac63d10b6b11a0fb532ed3d388,2026-09-02T16:40:54+00:00
2026-07-26,MGY,2025Q1,ALPHA_VANTAGE,REVENUE_USD,341377070.0,D:\Programming\python_example\Arcana\data-lake\bronze\consensus\alpha-vantage\earnings-estimates\snapshot_date=2026-07-26\ticker=MGY.json,fb65f7e65ef4bba453dd0244f916ce1739e7b4ac63d10b6b11a0fb532ed3d388,2026-09-02T16:40:54+00:00
2026-07-26,MGY,2024Q4,ALPHA_VANTAGE,REVENUE_USD,325215600.0,D:\Programming\python_example\Arcana\data-lake\bronze\consensus\alpha-vantage\earnings-estimates\snapshot_date=2026-07-26\ticker=MGY.json,fb65f7e65ef4bba453dd0244f916ce1739e7b4ac63d10b6b11a0fb532ed3d388,2026-09-02T16:40:54+00:00
2026-07-26,MGY,2024Q3,ALPHA_VANTAGE,REVENUE_USD,333135000.0,D:\Programming\python_example\Arcana\data-lake\bronze\consensus\alpha-vantage\earnings-estimates\snapshot_date=2026-07-26\ticker=MGY.json,fb65f7e65ef4bba453dd0244f916ce1739e7b4ac63d10b6b11a0fb532ed3d388,2026-09-02T16:40:54+00:00
2026-07-26,MGY,2024Q2,ALPHA_VANTAGE,REVENUE_USD,336440000.0,D:\Programming\python_example\Arcana\data-lake\bronze\consensus\alpha-vantage\earnings-estimates\snapshot_date=2026-07-26\ticker=MGY.json,fb65f7e65ef4bba453dd0244f916ce1739e7b4ac63d10b6b11a0fb532ed3d388,2026-09-02T16:40:54+00:00
2026-07-26,MGY,2024Q1,ALPHA_VANTAGE,REVENUE_USD,319417000.0,D:\Programming\python_example\Arcana\data-lake\bronze\consensus\alpha-vantage\earnings-estimates\snapshot_date=2026-07-26\ticker=MGY.json,fb65f7e65ef4bba453dd0244f916ce1739e7b4ac63d10b6b11a0fb532ed3d388,2026-09-02T16:40:54+00:00
2026-07-26,MGY,2023Q4,ALPHA_VANTAGE,REVENUE_USD,322628000.0,D:\Programming\python_example\Arcana\data-lake\bronze\consensus\alpha-vantage\earnings-estimates\snapshot_date=2026-07-26\ticker=MGY.json,fb65f7e65ef4bba453dd0244f916ce1739e7b4ac63d10b6b11a0fb532ed3d388,2026-09-02T16:40:54+00:00
2026-07-26,MGY,2023Q3,ALPHA_VANTAGE,REVENUE_USD,317670000.0,D:\Programming\python_example\Arcana\data-lake\bronze\consensus\alpha-vantage\earnings-estimates\snapshot_date=2026-07-26\ticker=MGY.json,fb65f7e65ef4bba453dd0244f916ce1739e7b4ac63d10b6b11a0fb532ed3d388,2026-09-02T16:40:54+00:00
2026-07-26,MGY,2023Q2,ALPHA_VANTAGE,REVENUE_USD,293270000.0,D:\Programming\python_example\Arcana\data-lake\bronze\consensus\alpha-vantage\earnings-estimates\snapshot_date=2026-07-26\ticker=MGY.json,fb65f7e65ef4bba453dd0244f916ce1739e7b4ac63d10b6b11a0fb532ed3d388,2026-09-02T16:40:54+00:00
2026-07-26,MGY,2023Q1,ALPHA_VANTAGE,REVENUE_USD,308382000.0,D:\Programming\python_example\Arcana\data-lake\bronze\consensus\alpha-vantage\earnings-estimates\snapshot_date=2026-07-26\ticker=MGY.json,fb65f7e65ef4bba453dd0244f916ce1739e7b4ac63d10b6b11a0fb532ed3d388,2026-09-02T16:40:54+00:00
2026-07-26,MGY,2022Q4,ALPHA_VANTAGE,REVENUE_USD,358140000.0,D:\Programming\python_example\Arcana\data-lake\bronze\consensus\alpha-vantage\earnings-estimates\snapshot_date=2026-07-26\ticker=MGY.json,fb65f7e65ef4bba453dd0244f916ce1739e7b4ac63d10b6b11a0fb532ed3d388,2026-09-02T16:40:54+00:00
2026-07-26,MGY,2022Q3,ALPHA_VANTAGE,REVENUE_USD,482963000.0,D:\Programming\python_example\Arcana\data-lake\bronze\consensus\alpha-vantage\earnings-estimates\snapshot_date=2026-07-26\ticker=MGY.json,fb65f7e65ef4bba453dd0244f916ce1739e7b4ac63d10b6b11a0fb532ed3d388,2026-09-02T16:40:54+00:00
2026-07-26,MGY,2022Q2,ALPHA_VANTAGE,REVENUE_USD,484649000.0,D:\Programming\python_example\Arcana\data-lake\bronze\consensus\alpha-vantage\earnings-estimates\snapshot_date=2026-07-26\ticker=MGY.json,fb65f7e65ef4bba453dd0244f916ce1739e7b4ac63d10b6b11a0fb532ed3d388,2026-09-02T16:40:54+00:00
2026-07-26,MGY,2022Q1,ALPHA_VANTAGE,REVENUE_USD,377839000.0,D:\Programming\python_example\Arcana\data-lake\bronze\consensus\alpha-vantage\earnings-estimates\snapshot_date=2026-07-26\ticker=MGY.json,fb65f7e65ef4bba453dd0244f916ce1739e7b4ac63d10b6b11a0fb532ed3d388,2026-09-02T16:40:54+00:00
2026-07-26,MGY,2021Q4,ALPHA_VANTAGE,REVENUE_USD,332153000.0,D:\Programming\python_example\Arcana\data-lake\bronze\consensus\alpha-vantage\earnings-estimates\snapshot_date=2026-07-26\ticker=MGY.json,fb65f7e65ef4bba453dd0244f916ce1739e7b4ac63d10b6b11a0fb532ed3d388,2026-09-02T16:40:54+00:00
2026-07-26,MGY,2021Q3,ALPHA_VANTAGE,REVENUE_USD,272060000.0,D:\Programming\python_example\Arcana\data-lake\bronze\consensus\alpha-vantage\earnings-estimates\snapshot_date=2026-07-26\ticker=MGY.json,fb65f7e65ef4bba453dd0244f916ce1739e7b4ac63d10b6b11a0fb532ed3d388,2026-09-02T16:40:54+00:00
2026-07-26,MGY,2021Q2,ALPHA_VANTAGE,REVENUE_USD,231240000.0,D:\Programming\python_example\Arcana\data-lake\bronze\consensus\alpha-vantage\earnings-estimates\snapshot_date=2026-07-26\ticker=MGY.json,fb65f7e65ef4bba453dd0244f916ce1739e7b4ac63d10b6b11a0fb532ed3d388,2026-09-02T16:40:54+00:00
2026-07-26,MGY,2021Q1,ALPHA_VANTAGE,REVENUE_USD,207663000.0,D:\Programming\python_example\Arcana\data-lake\bronze\consensus\alpha-vantage\earnings-estimates\snapshot_date=2026-07-26\ticker=MGY.json,fb65f7e65ef4bba453dd0244f916ce1739e7b4ac63d10b6b11a0fb532ed3d388,2026-09-02T16:40:54+00:00
2026-07-26,MGY,2020Q4,ALPHA_VANTAGE,REVENUE_USD,149235000.0,D:\Programming\python_example\Arcana\data-lake\bronze\consensus\alpha-vantage\earnings-estimates\snapshot_date=2026-07-26\ticker=MGY.json,fb65f7e65ef4bba453dd0244f916ce1739e7b4ac63d10b6b11a0fb532ed3d388,2026-09-02T16:40:54+00:00
2026-07-26,MGY,2020Q3,ALPHA_VANTAGE,REVENUE_USD,121067000.0,D:\Programming\python_example\Arcana\data-lake\bronze\consensus\alpha-vantage\earnings-estimates\snapshot_date=2026-07-26\ticker=MGY.json,fb65f7e65ef4bba453dd0244f916ce1739e7b4ac63d10b6b11a0fb532ed3d388,2026-09-02T16:40:54+00:00
2026-07-26,MGY,2020Q2,ALPHA_VANTAGE,REVENUE_USD,91650000.0,D:\Programming\python_example\Arcana\data-lake\bronze\consensus\alpha-vantage\earnings-estimates\snapshot_date=2026-07-26\ticker=MGY.json,fb65f7e65ef4bba453dd0244f916ce1739e7b4ac63d10b6b11a0fb532ed3d388,2026-09-02T16:40:54+00:00
2026-07-26,MGY,2020Q1,ALPHA_VANTAGE,REVENUE_USD,189140000.0,D:\Programming\python_example\Arcana\data-lake\bronze\consensus\alpha-vantage\earnings-estimates\snapshot_date=2026-07-26\ticker=MGY.json,fb65f7e65ef4bba453dd0244f916ce1739e7b4ac63d10b6b11a0fb532ed3d388,2026-09-02T16:40:54+00:00
2026-07-26,MGY,2019Q4,ALPHA_VANTAGE,REVENUE_USD,244990000.0,D:\Programming\python_example\Arcana\data-lake\bronze\consensus\alpha-vantage\earnings-estimates\snapshot_date=2026-07-26\ticker=MGY.json,fb65f7e65ef4bba453dd0244f916ce1739e7b4ac63d10b6b11a0fb532ed3d388,2026-09-02T16:40:54+00:00
2026-07-26,MGY,2019Q3,ALPHA_VANTAGE,REVENUE_USD,244799000.0,D:\Programming\python_example\Arcana\data-lake\bronze\consensus\alpha-vantage\earnings-estimates\snapshot_date=2026-07-26\ticker=MGY.json,fb65f7e65ef4bba453dd0244f916ce1739e7b4ac63d10b6b11a0fb532ed3d388,2026-09-02T16:40:54+00:00
2026-07-26,MGY,2019Q2,ALPHA_VANTAGE,REVENUE_USD,244020000.0,D:\Programming\python_example\Arcana\data-lake\bronze\consensus\alpha-vantage\earnings-estimates\snapshot_date=2026-07-26\ticker=MGY.json,fb65f7e65ef4bba453dd0244f916ce1739e7b4ac63d10b6b11a0fb532ed3d388,2026-09-02T16:40:54+00:00
2026-07-26,MGY,2019Q1,ALPHA_VANTAGE,REVENUE_USD,218674000.0,D:\Programming\python_example\Arcana\data-lake\bronze\consensus\alpha-vantage\earnings-estimates\snapshot_date=2026-07-26\ticker=MGY.json,fb65f7e65ef4bba453dd0244f916ce1739e7b4ac63d10b6b11a0fb532ed3d388,2026-09-02T16:40:54+00:00
2026-07-26,MGY,2018Q4,ALPHA_VANTAGE,REVENUE_USD,262980000.0,D:\Programming\python_example\Arcana\data-lake\bronze\consensus\alpha-vantage\earnings-estimates\snapshot_date=2026-07-26\ticker=MGY.json,fb65f7e65ef4bba453dd0244f916ce1739e7b4ac63d10b6b11a0fb532ed3d388,2026-09-02T16:40:54+00:00
2026-07-26,MGY,2018Q3,ALPHA_VANTAGE,REVENUE_USD,255443000.0,D:\Programming\python_example\Arcana\data-lake\bronze\consensus\alpha-vantage\earnings-estimates\snapshot_date=2026-07-26\ticker=MGY.json,fb65f7e65ef4bba453dd0244f916ce1739e7b4ac63d10b6b11a0fb532ed3d388,2026-09-02T16:40:54+00:00
2026-07-26,MGY,2018Q2,ALPHA_VANTAGE,REVENUE_USD,231800000.0,D:\Programming\python_example\Arcana\data-lake\bronze\consensus\alpha-vantage\earnings-estimates\snapshot_date=2026-07-26\ticker=MGY.json,fb65f7e65ef4bba453dd0244f916ce1739e7b4ac63d10b6b11a0fb532ed3d388,2026-09-02T16:40:54+00:00
2026-07-26,MTDR,2026Q3,ALPHA_VANTAGE,REVENUE_USD,1011814550.0,D:\Programming\python_example\Arcana\data-lake\bronze\consensus\alpha-vantage\earnings-estimates\snapshot_date=2026-07-26\ticker=MTDR.json,5230627632575eae0608eacf16aa92438dea4ee6d4fb09b3bc9908f56efed7d1,2026-09-02T16:40:54+00:00
2026-07-26,MTDR,2026Q2,ALPHA_VANTAGE,REVENUE_USD,1044893980.0,D:\Programming\python_example\Arcana\data-lake\bronze\consensus\alpha-vantage\earnings-estimates\snapshot_date=2026-07-26\ticker=MTDR.json,5230627632575eae0608eacf16aa92438dea4ee6d4fb09b3bc9908f56efed7d1,2026-09-02T16:40:54+00:00
2026-07-26,MTDR,2026Q1,ALPHA_VANTAGE,REVENUE_USD,869307630.0,D:\Programming\python_example\Arcana\data-lake\bronze\consensus\alpha-vantage\earnings-estimates\snapshot_date=2026-07-26\ticker=MTDR.json,5230627632575eae0608eacf16aa92438dea4ee6d4fb09b3bc9908f56efed7d1,2026-09-02T16:40:54+00:00
2026-07-26,MTDR,2025Q4,ALPHA_VANTAGE,REVENUE_USD,809437820.0,D:\Programming\python_example\Arcana\data-lake\bronze\consensus\alpha-vantage\earnings-estimates\snapshot_date=2026-07-26\ticker=MTDR.json,5230627632575eae0608eacf16aa92438dea4ee6d4fb09b3bc9908f56efed7d1,2026-09-02T16:40:54+00:00
2026-07-26,MTDR,2025Q3,ALPHA_VANTAGE,REVENUE_USD,865333720.0,D:\Programming\python_example\Arcana\data-lake\bronze\consensus\alpha-vantage\earnings-estimates\snapshot_date=2026-07-26\ticker=MTDR.json,5230627632575eae0608eacf16aa92438dea4ee6d4fb09b3bc9908f56efed7d1,2026-09-02T16:40:54+00:00
2026-07-26,MTDR,2025Q2,ALPHA_VANTAGE,REVENUE_USD,897854510.0,D:\Programming\python_example\Arcana\data-lake\bronze\consensus\alpha-vantage\earnings-estimates\snapshot_date=2026-07-26\ticker=MTDR.json,5230627632575eae0608eacf16aa92438dea4ee6d4fb09b3bc9908f56efed7d1,2026-09-02T16:40:54+00:00
2026-07-26,MTDR,2025Q1,ALPHA_VANTAGE,REVENUE_USD,956571900.0,D:\Programming\python_example\Arcana\data-lake\bronze\consensus\alpha-vantage\earnings-estimates\snapshot_date=2026-07-26\ticker=MTDR.json,5230627632575eae0608eacf16aa92438dea4ee6d4fb09b3bc9908f56efed7d1,2026-09-02T16:40:54+00:00
2026-07-26,MTDR,2024Q4,ALPHA_VANTAGE,REVENUE_USD,967101140.0,D:\Programming\python_example\Arcana\data-lake\bronze\consensus\alpha-vantage\earnings-estimates\snapshot_date=2026-07-26\ticker=MTDR.json,5230627632575eae0608eacf16aa92438dea4ee6d4fb09b3bc9908f56efed7d1,2026-09-02T16:40:54+00:00
2026-07-26,MTDR,2024Q3,ALPHA_VANTAGE,REVENUE_USD,847570000.0,D:\Programming\python_example\Arcana\data-lake\bronze\consensus\alpha-vantage\earnings-estimates\snapshot_date=2026-07-26\ticker=MTDR.json,5230627632575eae0608eacf16aa92438dea4ee6d4fb09b3bc9908f56efed7d1,2026-09-02T16:40:54+00:00
2026-07-26,MTDR,2024Q2,ALPHA_VANTAGE,REVENUE_USD,825290000.0,D:\Programming\python_example\Arcana\data-lake\bronze\consensus\alpha-vantage\earnings-estimates\snapshot_date=2026-07-26\ticker=MTDR.json,5230627632575eae0608eacf16aa92438dea4ee6d4fb09b3bc9908f56efed7d1,2026-09-02T16:40:54+00:00
2026-07-26,MTDR,2024Q1,ALPHA_VANTAGE,REVENUE_USD,741220000.0,D:\Programming\python_example\Arcana\data-lake\bronze\consensus\alpha-vantage\earnings-estimates\snapshot_date=2026-07-26\ticker=MTDR.json,5230627632575eae0608eacf16aa92438dea4ee6d4fb09b3bc9908f56efed7d1,2026-09-02T16:40:54+00:00
2026-07-26,MTDR,2023Q4,ALPHA_VANTAGE,REVENUE_USD,800910000.0,D:\Programming\python_example\Arcana\data-lake\bronze\consensus\alpha-vantage\earnings-estimates\snapshot_date=2026-07-26\ticker=MTDR.json,5230627632575eae0608eacf16aa92438dea4ee6d4fb09b3bc9908f56efed7d1,2026-09-02T16:40:54+00:00
2026-07-26,MTDR,2023Q3,ALPHA_VANTAGE,REVENUE_USD,691220000.0,D:\Programming\python_example\Arcana\data-lake\bronze\consensus\alpha-vantage\earnings-estimates\snapshot_date=2026-07-26\ticker=MTDR.json,5230627632575eae0608eacf16aa92438dea4ee6d4fb09b3bc9908f56efed7d1,2026-09-02T16:40:54+00:00
2026-07-26,MTDR,2023Q2,ALPHA_VANTAGE,REVENUE_USD,647560000.0,D:\Programming\python_example\Arcana\data-lake\bronze\consensus\alpha-vantage\earnings-estimates\snapshot_date=2026-07-26\ticker=MTDR.json,5230627632575eae0608eacf16aa92438dea4ee6d4fb09b3bc9908f56efed7d1,2026-09-02T16:40:54+00:00
2026-07-26,MTDR,2023Q1,ALPHA_VANTAGE,REVENUE_USD,530580000.0,D:\Programming\python_example\Arcana\data-lake\bronze\consensus\alpha-vantage\earnings-estimates\snapshot_date=2026-07-26\ticker=MTDR.json,5230627632575eae0608eacf16aa92438dea4ee6d4fb09b3bc9908f56efed7d1,2026-09-02T16:40:54+00:00
2026-07-26,MTDR,2022Q4,ALPHA_VANTAGE,REVENUE_USD,644240000.0,D:\Programming\python_example\Arcana\data-lake\bronze\consensus\alpha-vantage\earnings-estimates\snapshot_date=2026-07-26\ticker=MTDR.json,5230627632575eae0608eacf16aa92438dea4ee6d4fb09b3bc9908f56efed7d1,2026-09-02T16:40:54+00:00
2026-07-26,MTDR,2022Q3,ALPHA_VANTAGE,REVENUE_USD,765750000.0,D:\Programming\python_example\Arcana\data-lake\bronze\consensus\alpha-vantage\earnings-estimates\snapshot_date=2026-07-26\ticker=MTDR.json,5230627632575eae0608eacf16aa92438dea4ee6d4fb09b3bc9908f56efed7d1,2026-09-02T16:40:54+00:00
2026-07-26,MTDR,2022Q2,ALPHA_VANTAGE,REVENUE_USD,802340000.0,D:\Programming\python_example\Arcana\data-lake\bronze\consensus\alpha-vantage\earnings-estimates\snapshot_date=2026-07-26\ticker=MTDR.json,5230627632575eae0608eacf16aa92438dea4ee6d4fb09b3bc9908f56efed7d1,2026-09-02T16:40:54+00:00
2026-07-26,MTDR,2022Q1,ALPHA_VANTAGE,REVENUE_USD,663160000.0,D:\Programming\python_example\Arcana\data-lake\bronze\consensus\alpha-vantage\earnings-estimates\snapshot_date=2026-07-26\ticker=MTDR.json,5230627632575eae0608eacf16aa92438dea4ee6d4fb09b3bc9908f56efed7d1,2026-09-02T16:40:54+00:00
2026-07-26,MTDR,2021Q4,ALPHA_VANTAGE,REVENUE_USD,434780000.0,D:\Programming\python_example\Arcana\data-lake\bronze\consensus\alpha-vantage\earnings-estimates\snapshot_date=2026-07-26\ticker=MTDR.json,5230627632575eae0608eacf16aa92438dea4ee6d4fb09b3bc9908f56efed7d1,2026-09-02T16:40:54+00:00
2026-07-26,MTDR,2021Q3,ALPHA_VANTAGE,REVENUE_USD,390510000.0,D:\Programming\python_example\Arcana\data-lake\bronze\consensus\alpha-vantage\earnings-estimates\snapshot_date=2026-07-26\ticker=MTDR.json,5230627632575eae0608eacf16aa92438dea4ee6d4fb09b3bc9908f56efed7d1,2026-09-02T16:40:54+00:00
2026-07-26,MTDR,2021Q2,ALPHA_VANTAGE,REVENUE_USD,339090000.0,D:\Programming\python_example\Arcana\data-lake\bronze\consensus\alpha-vantage\earnings-estimates\snapshot_date=2026-07-26\ticker=MTDR.json,5230627632575eae0608eacf16aa92438dea4ee6d4fb09b3bc9908f56efed7d1,2026-09-02T16:40:54+00:00
2026-07-26,MTDR,2021Q1,ALPHA_VANTAGE,REVENUE_USD,336181000.0,D:\Programming\python_example\Arcana\data-lake\bronze\consensus\alpha-vantage\earnings-estimates\snapshot_date=2026-07-26\ticker=MTDR.json,5230627632575eae0608eacf16aa92438dea4ee6d4fb09b3bc9908f56efed7d1,2026-09-02T16:40:54+00:00
2026-07-26,MTDR,2020Q4,ALPHA_VANTAGE,REVENUE_USD,257606000.0,D:\Programming\python_example\Arcana\data-lake\bronze\consensus\alpha-vantage\earnings-estimates\snapshot_date=2026-07-26\ticker=MTDR.json,5230627632575eae0608eacf16aa92438dea4ee6d4fb09b3bc9908f56efed7d1,2026-09-02T16:40:54+00:00
2026-07-26,MTDR,2020Q3,ALPHA_VANTAGE,REVENUE_USD,190730000.0,D:\Programming\python_example\Arcana\data-lake\bronze\consensus\alpha-vantage\earnings-estimates\snapshot_date=2026-07-26\ticker=MTDR.json,5230627632575eae0608eacf16aa92438dea4ee6d4fb09b3bc9908f56efed7d1,2026-09-02T16:40:54+00:00
2026-07-26,MTDR,2020Q2,ALPHA_VANTAGE,REVENUE_USD,165410000.0,D:\Programming\python_example\Arcana\data-lake\bronze\consensus\alpha-vantage\earnings-estimates\snapshot_date=2026-07-26\ticker=MTDR.json,5230627632575eae0608eacf16aa92438dea4ee6d4fb09b3bc9908f56efed7d1,2026-09-02T16:40:54+00:00
2026-07-26,MTDR,2020Q1,ALPHA_VANTAGE,REVENUE_USD,237000000.0,D:\Programming\python_example\Arcana\data-lake\bronze\consensus\alpha-vantage\earnings-estimates\snapshot_date=2026-07-26\ticker=MTDR.json,5230627632575eae0608eacf16aa92438dea4ee6d4fb09b3bc9908f56efed7d1,2026-09-02T16:40:54+00:00
2026-07-26,MTDR,2019Q4,ALPHA_VANTAGE,REVENUE_USD,257840000.0,D:\Programming\python_example\Arcana\data-lake\bronze\consensus\alpha-vantage\earnings-estimates\snapshot_date=2026-07-26\ticker=MTDR.json,5230627632575eae0608eacf16aa92438dea4ee6d4fb09b3bc9908f56efed7d1,2026-09-02T16:40:54+00:00
2026-07-26,MTDR,2019Q3,ALPHA_VANTAGE,REVENUE_USD,232330000.0,D:\Programming\python_example\Arcana\data-lake\bronze\consensus\alpha-vantage\earnings-estimates\snapshot_date=2026-07-26\ticker=MTDR.json,5230627632575eae0608eacf16aa92438dea4ee6d4fb09b3bc9908f56efed7d1,2026-09-02T16:40:54+00:00
2026-07-26,MTDR,2019Q2,ALPHA_VANTAGE,REVENUE_USD,241704000.0,D:\Programming\python_example\Arcana\data-lake\bronze\consensus\alpha-vantage\earnings-estimates\snapshot_date=2026-07-26\ticker=MTDR.json,5230627632575eae0608eacf16aa92438dea4ee6d4fb09b3bc9908f56efed7d1,2026-09-02T16:40:54+00:00
2026-07-26,MTDR,2019Q1,ALPHA_VANTAGE,REVENUE_USD,173889000.0,D:\Programming\python_example\Arcana\data-lake\bronze\consensus\alpha-vantage\earnings-estimates\snapshot_date=2026-07-26\ticker=MTDR.json,5230627632575eae0608eacf16aa92438dea4ee6d4fb09b3bc9908f56efed7d1,2026-09-02T16:40:54+00:00
2026-07-26,MTDR,2018Q4,ALPHA_VANTAGE,REVENUE_USD,203830000.0,D:\Programming\python_example\Arcana\data-lake\bronze\consensus\alpha-vantage\earnings-estimates\snapshot_date=2026-07-26\ticker=MTDR.json,5230627632575eae0608eacf16aa92438dea4ee6d4fb09b3bc9908f56efed7d1,2026-09-02T16:40:54+00:00
2026-07-26,MTDR,2018Q3,ALPHA_VANTAGE,REVENUE_USD,205490000.0,D:\Programming\python_example\Arcana\data-lake\bronze\consensus\alpha-vantage\earnings-estimates\snapshot_date=2026-07-26\ticker=MTDR.json,5230627632575eae0608eacf16aa92438dea4ee6d4fb09b3bc9908f56efed7d1,2026-09-02T16:40:54+00:00
2026-07-26,MTDR,2018Q2,ALPHA_VANTAGE,REVENUE_USD,185250000.0,D:\Programming\python_example\Arcana\data-lake\bronze\consensus\alpha-vantage\earnings-estimates\snapshot_date=2026-07-26\ticker=MTDR.json,5230627632575eae0608eacf16aa92438dea4ee6d4fb09b3bc9908f56efed7d1,2026-09-02T16:40:54+00:00
2026-07-26,MTDR,2018Q1,ALPHA_VANTAGE,REVENUE_USD,165130000.0,D:\Programming\python_example\Arcana\data-lake\bronze\consensus\alpha-vantage\earnings-estimates\snapshot_date=2026-07-26\ticker=MTDR.json,5230627632575eae0608eacf16aa92438dea4ee6d4fb09b3bc9908f56efed7d1,2026-09-02T16:40:54+00:00
2026-07-26,MTDR,2017Q4,ALPHA_VANTAGE,REVENUE_USD,148740000.0,D:\Programming\python_example\Arcana\data-lake\bronze\consensus\alpha-vantage\earnings-estimates\snapshot_date=2026-07-26\ticker=MTDR.json,5230627632575eae0608eacf16aa92438dea4ee6d4fb09b3bc9908f56efed7d1,2026-09-02T16:40:54+00:00
2026-07-26,NOG,2026Q3,ALPHA_VANTAGE,REVENUE_USD,587093710.0,D:\Programming\python_example\Arcana\data-lake\bronze\consensus\alpha-vantage\earnings-estimates\snapshot_date=2026-07-26\ticker=NOG.json,1b182f4dcc589388142bb2a1a81bdd5a76a747486308b35611b24e187ffdb545,2026-09-02T16:40:54+00:00
2026-07-26,NOG,2026Q2,ALPHA_VANTAGE,REVENUE_USD,584722900.0,D:\Programming\python_example\Arcana\data-lake\bronze\consensus\alpha-vantage\earnings-estimates\snapshot_date=2026-07-26\ticker=NOG.json,1b182f4dcc589388142bb2a1a81bdd5a76a747486308b35611b24e187ffdb545,2026-09-02T16:40:54+00:00
2026-07-26,NOG,2026Q1,ALPHA_VANTAGE,REVENUE_USD,507000780.0,D:\Programming\python_example\Arcana\data-lake\bronze\consensus\alpha-vantage\earnings-estimates\snapshot_date=2026-07-26\ticker=NOG.json,1b182f4dcc589388142bb2a1a81bdd5a76a747486308b35611b24e187ffdb545,2026-09-02T16:40:54+00:00
2026-07-26,NOG,2025Q4,ALPHA_VANTAGE,REVENUE_USD,519585700.0,D:\Programming\python_example\Arcana\data-lake\bronze\consensus\alpha-vantage\earnings-estimates\snapshot_date=2026-07-26\ticker=NOG.json,1b182f4dcc589388142bb2a1a81bdd5a76a747486308b35611b24e187ffdb545,2026-09-02T16:40:54+00:00
2026-07-26,NOG,2025Q3,ALPHA_VANTAGE,REVENUE_USD,524192660.0,D:\Programming\python_example\Arcana\data-lake\bronze\consensus\alpha-vantage\earnings-estimates\snapshot_date=2026-07-26\ticker=NOG.json,1b182f4dcc589388142bb2a1a81bdd5a76a747486308b35611b24e187ffdb545,2026-09-02T16:40:54+00:00
2026-07-26,NOG,2025Q2,ALPHA_VANTAGE,REVENUE_USD,529672700.0,D:\Programming\python_example\Arcana\data-lake\bronze\consensus\alpha-vantage\earnings-estimates\snapshot_date=2026-07-26\ticker=NOG.json,1b182f4dcc589388142bb2a1a81bdd5a76a747486308b35611b24e187ffdb545,2026-09-02T16:40:54+00:00
2026-07-26,NOG,2025Q1,ALPHA_VANTAGE,REVENUE_USD,563588890.0,D:\Programming\python_example\Arcana\data-lake\bronze\consensus\alpha-vantage\earnings-estimates\snapshot_date=2026-07-26\ticker=NOG.json,1b182f4dcc589388142bb2a1a81bdd5a76a747486308b35611b24e187ffdb545,2026-09-02T16:40:54+00:00
2026-07-26,NOG,2024Q4,ALPHA_VANTAGE,REVENUE_USD,552343710.0,D:\Programming\python_example\Arcana\data-lake\bronze\consensus\alpha-vantage\earnings-estimates\snapshot_date=2026-07-26\ticker=NOG.json,1b182f4dcc589388142bb2a1a81bdd5a76a747486308b35611b24e187ffdb545,2026-09-02T16:40:54+00:00
2026-07-26,NOG,2024Q3,ALPHA_VANTAGE,REVENUE_USD,542840000.0,D:\Programming\python_example\Arcana\data-lake\bronze\consensus\alpha-vantage\earnings-estimates\snapshot_date=2026-07-26\ticker=NOG.json,1b182f4dcc589388142bb2a1a81bdd5a76a747486308b35611b24e187ffdb545,2026-09-02T16:40:54+00:00
2026-07-26,NOG,2024Q2,ALPHA_VANTAGE,REVENUE_USD,541540000.0,D:\Programming\python_example\Arcana\data-lake\bronze\consensus\alpha-vantage\earnings-estimates\snapshot_date=2026-07-26\ticker=NOG.json,1b182f4dcc589388142bb2a1a81bdd5a76a747486308b35611b24e187ffdb545,2026-09-02T16:40:54+00:00
2026-07-26,NOG,2024Q1,ALPHA_VANTAGE,REVENUE_USD,506040000.0,D:\Programming\python_example\Arcana\data-lake\bronze\consensus\alpha-vantage\earnings-estimates\snapshot_date=2026-07-26\ticker=NOG.json,1b182f4dcc589388142bb2a1a81bdd5a76a747486308b35611b24e187ffdb545,2026-09-02T16:40:54+00:00
2026-07-26,NOG,2023Q4,ALPHA_VANTAGE,REVENUE_USD,556170000.0,D:\Programming\python_example\Arcana\data-lake\bronze\consensus\alpha-vantage\earnings-estimates\snapshot_date=2026-07-26\ticker=NOG.json,1b182f4dcc589388142bb2a1a81bdd5a76a747486308b35611b24e187ffdb545,2026-09-02T16:40:54+00:00
2026-07-26,NOG,2023Q3,ALPHA_VANTAGE,REVENUE_USD,500680000.0,D:\Programming\python_example\Arcana\data-lake\bronze\consensus\alpha-vantage\earnings-estimates\snapshot_date=2026-07-26\ticker=NOG.json,1b182f4dcc589388142bb2a1a81bdd5a76a747486308b35611b24e187ffdb545,2026-09-02T16:40:54+00:00
2026-07-26,NOG,2023Q2,ALPHA_VANTAGE,REVENUE_USD,417300000.0,D:\Programming\python_example\Arcana\data-lake\bronze\consensus\alpha-vantage\earnings-estimates\snapshot_date=2026-07-26\ticker=NOG.json,1b182f4dcc589388142bb2a1a81bdd5a76a747486308b35611b24e187ffdb545,2026-09-02T16:40:54+00:00
2026-07-26,NOG,2023Q1,ALPHA_VANTAGE,REVENUE_USD,426234000.0,D:\Programming\python_example\Arcana\data-lake\bronze\consensus\alpha-vantage\earnings-estimates\snapshot_date=2026-07-26\ticker=NOG.json,1b182f4dcc589388142bb2a1a81bdd5a76a747486308b35611b24e187ffdb545,2026-09-02T16:40:54+00:00
2026-07-26,NOG,2022Q4,ALPHA_VANTAGE,REVENUE_USD,392240000.0,D:\Programming\python_example\Arcana\data-lake\bronze\consensus\alpha-vantage\earnings-estimates\snapshot_date=2026-07-26\ticker=NOG.json,1b182f4dcc589388142bb2a1a81bdd5a76a747486308b35611b24e187ffdb545,2026-09-02T16:40:54+00:00
2026-07-26,NOG,2022Q3,ALPHA_VANTAGE,REVENUE_USD,394040000.0,D:\Programming\python_example\Arcana\data-lake\bronze\consensus\alpha-vantage\earnings-estimates\snapshot_date=2026-07-26\ticker=NOG.json,1b182f4dcc589388142bb2a1a81bdd5a76a747486308b35611b24e187ffdb545,2026-09-02T16:40:54+00:00
2026-07-26,NOG,2022Q2,ALPHA_VANTAGE,REVENUE_USD,391090000.0,D:\Programming\python_example\Arcana\data-lake\bronze\consensus\alpha-vantage\earnings-estimates\snapshot_date=2026-07-26\ticker=NOG.json,1b182f4dcc589388142bb2a1a81bdd5a76a747486308b35611b24e187ffdb545,2026-09-02T16:40:54+00:00
2026-07-26,NOG,2022Q1,ALPHA_VANTAGE,REVENUE_USD,456458000.0,D:\Programming\python_example\Arcana\data-lake\bronze\consensus\alpha-vantage\earnings-estimates\snapshot_date=2026-07-26\ticker=NOG.json,1b182f4dcc589388142bb2a1a81bdd5a76a747486308b35611b24e187ffdb545,2026-09-02T16:40:54+00:00
2026-07-26,NOG,2021Q4,ALPHA_VANTAGE,REVENUE_USD,251810000.0,D:\Programming\python_example\Arcana\data-lake\bronze\consensus\alpha-vantage\earnings-estimates\snapshot_date=2026-07-26\ticker=NOG.json,1b182f4dcc589388142bb2a1a81bdd5a76a747486308b35611b24e187ffdb545,2026-09-02T16:40:54+00:00
2026-07-26,NOG,2021Q3,ALPHA_VANTAGE,REVENUE_USD,203240000.0,D:\Programming\python_example\Arcana\data-lake\bronze\consensus\alpha-vantage\earnings-estimates\snapshot_date=2026-07-26\ticker=NOG.json,1b182f4dcc589388142bb2a1a81bdd5a76a747486308b35611b24e187ffdb545,2026-09-02T16:40:54+00:00
2026-07-26,NOG,2021Q2,ALPHA_VANTAGE,REVENUE_USD,176840000.0,D:\Programming\python_example\Arcana\data-lake\bronze\consensus\alpha-vantage\earnings-estimates\snapshot_date=2026-07-26\ticker=NOG.json,1b182f4dcc589388142bb2a1a81bdd5a76a747486308b35611b24e187ffdb545,2026-09-02T16:40:54+00:00
2026-07-26,NOG,2021Q1,ALPHA_VANTAGE,REVENUE_USD,133740000.0,D:\Programming\python_example\Arcana\data-lake\bronze\consensus\alpha-vantage\earnings-estimates\snapshot_date=2026-07-26\ticker=NOG.json,1b182f4dcc589388142bb2a1a81bdd5a76a747486308b35611b24e187ffdb545,2026-09-02T16:40:54+00:00
2026-07-26,NOG,2020Q4,ALPHA_VANTAGE,REVENUE_USD,129280000.0,D:\Programming\python_example\Arcana\data-lake\bronze\consensus\alpha-vantage\earnings-estimates\snapshot_date=2026-07-26\ticker=NOG.json,1b182f4dcc589388142bb2a1a81bdd5a76a747486308b35611b24e187ffdb545,2026-09-02T16:40:54+00:00
2026-07-26,NOG,2020Q3,ALPHA_VANTAGE,REVENUE_USD,106210000.0,D:\Programming\python_example\Arcana\data-lake\bronze\consensus\alpha-vantage\earnings-estimates\snapshot_date=2026-07-26\ticker=NOG.json,1b182f4dcc589388142bb2a1a81bdd5a76a747486308b35611b24e187ffdb545,2026-09-02T16:40:54+00:00
2026-07-26,NOG,2020Q2,ALPHA_VANTAGE,REVENUE_USD,93270000.0,D:\Programming\python_example\Arcana\data-lake\bronze\consensus\alpha-vantage\earnings-estimates\snapshot_date=2026-07-26\ticker=NOG.json,1b182f4dcc589388142bb2a1a81bdd5a76a747486308b35611b24e187ffdb545,2026-09-02T16:40:54+00:00
2026-07-26,NOG,2020Q1,ALPHA_VANTAGE,REVENUE_USD,152410000.0,D:\Programming\python_example\Arcana\data-lake\bronze\consensus\alpha-vantage\earnings-estimates\snapshot_date=2026-07-26\ticker=NOG.json,1b182f4dcc589388142bb2a1a81bdd5a76a747486308b35611b24e187ffdb545,2026-09-02T16:40:54+00:00
2026-07-26,NOG,2019Q4,ALPHA_VANTAGE,REVENUE_USD,173400000.0,D:\Programming\python_example\Arcana\data-lake\bronze\consensus\alpha-vantage\earnings-estimates\snapshot_date=2026-07-26\ticker=NOG.json,1b182f4dcc589388142bb2a1a81bdd5a76a747486308b35611b24e187ffdb545,2026-09-02T16:40:54+00:00
2026-07-26,NOG,2019Q3,ALPHA_VANTAGE,REVENUE_USD,165570000.0,D:\Programming\python_example\Arcana\data-lake\bronze\consensus\alpha-vantage\earnings-estimates\snapshot_date=2026-07-26\ticker=NOG.json,1b182f4dcc589388142bb2a1a81bdd5a76a747486308b35611b24e187ffdb545,2026-09-02T16:40:54+00:00
2026-07-26,NOG,2019Q2,ALPHA_VANTAGE,REVENUE_USD,154610000.0,D:\Programming\python_example\Arcana\data-lake\bronze\consensus\alpha-vantage\earnings-estimates\snapshot_date=2026-07-26\ticker=NOG.json,1b182f4dcc589388142bb2a1a81bdd5a76a747486308b35611b24e187ffdb545,2026-09-02T16:40:54+00:00
2026-07-26,NOG,2019Q1,ALPHA_VANTAGE,REVENUE_USD,144270000.0,D:\Programming\python_example\Arcana\data-lake\bronze\consensus\alpha-vantage\earnings-estimates\snapshot_date=2026-07-26\ticker=NOG.json,1b182f4dcc589388142bb2a1a81bdd5a76a747486308b35611b24e187ffdb545,2026-09-02T16:40:54+00:00
2026-07-26,NOG,2018Q4,ALPHA_VANTAGE,REVENUE_USD,158290000.0,D:\Programming\python_example\Arcana\data-lake\bronze\consensus\alpha-vantage\earnings-estimates\snapshot_date=2026-07-26\ticker=NOG.json,1b182f4dcc589388142bb2a1a81bdd5a76a747486308b35611b24e187ffdb545,2026-09-02T16:40:54+00:00
2026-07-26,NOG,2018Q3,ALPHA_VANTAGE,REVENUE_USD,123960000.0,D:\Programming\python_example\Arcana\data-lake\bronze\consensus\alpha-vantage\earnings-estimates\snapshot_date=2026-07-26\ticker=NOG.json,1b182f4dcc589388142bb2a1a81bdd5a76a747486308b35611b24e187ffdb545,2026-09-02T16:40:54+00:00
2026-07-26,NOG,2018Q2,ALPHA_VANTAGE,REVENUE_USD,95200000.0,D:\Programming\python_example\Arcana\data-lake\bronze\consensus\alpha-vantage\earnings-estimates\snapshot_date=2026-07-26\ticker=NOG.json,1b182f4dcc589388142bb2a1a81bdd5a76a747486308b35611b24e187ffdb545,2026-09-02T16:40:54+00:00
2026-07-26,NOG,2018Q1,ALPHA_VANTAGE,REVENUE_USD,77250000.0,D:\Programming\python_example\Arcana\data-lake\bronze\consensus\alpha-vantage\earnings-estimates\snapshot_date=2026-07-26\ticker=NOG.json,1b182f4dcc589388142bb2a1a81bdd5a76a747486308b35611b24e187ffdb545,2026-09-02T16:40:54+00:00
2026-07-26,NOG,2017Q4,ALPHA_VANTAGE,REVENUE_USD,37002000.0,D:\Programming\python_example\Arcana\data-lake\bronze\consensus\alpha-vantage\earnings-estimates\snapshot_date=2026-07-26\ticker=NOG.json,1b182f4dcc589388142bb2a1a81bdd5a76a747486308b35611b24e187ffdb545,2026-09-02T16:40:54+00:00
2026-07-26,NOG,2017Q3,ALPHA_VANTAGE,REVENUE_USD,50580000.0,D:\Programming\python_example\Arcana\data-lake\bronze\consensus\alpha-vantage\earnings-estimates\snapshot_date=2026-07-26\ticker=NOG.json,1b182f4dcc589388142bb2a1a81bdd5a76a747486308b35611b24e187ffdb545,2026-09-02T16:40:54+00:00
2026-07-26,NOG,2017Q2,ALPHA_VANTAGE,REVENUE_USD,64902000.0,D:\Programming\python_example\Arcana\data-lake\bronze\consensus\alpha-vantage\earnings-estimates\snapshot_date=2026-07-26\ticker=NOG.json,1b182f4dcc589388142bb2a1a81bdd5a76a747486308b35611b24e187ffdb545,2026-09-02T16:40:54+00:00
2026-07-26,PR,2026Q3,ALPHA_VANTAGE,REVENUE_USD,1557406050.0,D:\Programming\python_example\Arcana\data-lake\bronze\consensus\alpha-vantage\earnings-estimates\snapshot_date=2026-07-26\ticker=PR.json,86e82b9f09170c6f6c1e0390281df98629e7ec525f92167b4c70307578f4c282,2026-09-02T16:40:54+00:00
2026-07-26,PR,2026Q2,ALPHA_VANTAGE,REVENUE_USD,1673817230.0,D:\Programming\python_example\Arcana\data-lake\bronze\consensus\alpha-vantage\earnings-estimates\snapshot_date=2026-07-26\ticker=PR.json,86e82b9f09170c6f6c1e0390281df98629e7ec525f92167b4c70307578f4c282,2026-09-02T16:40:54+00:00
2026-07-26,PR,2026Q1,ALPHA_VANTAGE,REVENUE_USD,1406464060.0,D:\Programming\python_example\Arcana\data-lake\bronze\consensus\alpha-vantage\earnings-estimates\snapshot_date=2026-07-26\ticker=PR.json,86e82b9f09170c6f6c1e0390281df98629e7ec525f92167b4c70307578f4c282,2026-09-02T16:40:54+00:00
2026-07-26,PR,2025Q4,ALPHA_VANTAGE,REVENUE_USD,1294979670.0,D:\Programming\python_example\Arcana\data-lake\bronze\consensus\alpha-vantage\earnings-estimates\snapshot_date=2026-07-26\ticker=PR.json,86e82b9f09170c6f6c1e0390281df98629e7ec525f92167b4c70307578f4c282,2026-09-02T16:40:54+00:00
2026-07-26,PR,2025Q3,ALPHA_VANTAGE,REVENUE_USD,1326386700.0,D:\Programming\python_example\Arcana\data-lake\bronze\consensus\alpha-vantage\earnings-estimates\snapshot_date=2026-07-26\ticker=PR.json,86e82b9f09170c6f6c1e0390281df98629e7ec525f92167b4c70307578f4c282,2026-09-02T16:40:54+00:00
2026-07-26,PR,2025Q2,ALPHA_VANTAGE,REVENUE_USD,1227289290.0,D:\Programming\python_example\Arcana\data-lake\bronze\consensus\alpha-vantage\earnings-estimates\snapshot_date=2026-07-26\ticker=PR.json,86e82b9f09170c6f6c1e0390281df98629e7ec525f92167b4c70307578f4c282,2026-09-02T16:40:54+00:00
2026-07-26,PR,2025Q1,ALPHA_VANTAGE,REVENUE_USD,1383881320.0,D:\Programming\python_example\Arcana\data-lake\bronze\consensus\alpha-vantage\earnings-estimates\snapshot_date=2026-07-26\ticker=PR.json,86e82b9f09170c6f6c1e0390281df98629e7ec525f92167b4c70307578f4c282,2026-09-02T16:40:54+00:00
2026-07-26,PR,2024Q4,ALPHA_VANTAGE,REVENUE_USD,1300337170.0,D:\Programming\python_example\Arcana\data-lake\bronze\consensus\alpha-vantage\earnings-estimates\snapshot_date=2026-07-26\ticker=PR.json,86e82b9f09170c6f6c1e0390281df98629e7ec525f92167b4c70307578f4c282,2026-09-02T16:40:54+00:00
2026-07-26,PR,2024Q3,ALPHA_VANTAGE,REVENUE_USD,1223400000.0,D:\Programming\python_example\Arcana\data-lake\bronze\consensus\alpha-vantage\earnings-estimates\snapshot_date=2026-07-26\ticker=PR.json,86e82b9f09170c6f6c1e0390281df98629e7ec525f92167b4c70307578f4c282,2026-09-02T16:40:54+00:00
2026-07-26,PR,2024Q2,ALPHA_VANTAGE,REVENUE_USD,1246080000.0,D:\Programming\python_example\Arcana\data-lake\bronze\consensus\alpha-vantage\earnings-estimates\snapshot_date=2026-07-26\ticker=PR.json,86e82b9f09170c6f6c1e0390281df98629e7ec525f92167b4c70307578f4c282,2026-09-02T16:40:54+00:00
2026-07-26,PR,2024Q1,ALPHA_VANTAGE,REVENUE_USD,1243000000.0,D:\Programming\python_example\Arcana\data-lake\bronze\consensus\alpha-vantage\earnings-estimates\snapshot_date=2026-07-26\ticker=PR.json,86e82b9f09170c6f6c1e0390281df98629e7ec525f92167b4c70307578f4c282,2026-09-02T16:40:54+00:00
2026-07-26,PR,2023Q4,ALPHA_VANTAGE,REVENUE_USD,1122690000.0,D:\Programming\python_example\Arcana\data-lake\bronze\consensus\alpha-vantage\earnings-estimates\snapshot_date=2026-07-26\ticker=PR.json,86e82b9f09170c6f6c1e0390281df98629e7ec525f92167b4c70307578f4c282,2026-09-02T16:40:54+00:00
2026-07-26,PR,2023Q3,ALPHA_VANTAGE,REVENUE_USD,734200000.0,D:\Programming\python_example\Arcana\data-lake\bronze\consensus\alpha-vantage\earnings-estimates\snapshot_date=2026-07-26\ticker=PR.json,86e82b9f09170c6f6c1e0390281df98629e7ec525f92167b4c70307578f4c282,2026-09-02T16:40:54+00:00
2026-07-26,PR,2023Q2,ALPHA_VANTAGE,REVENUE_USD,672940000.0,D:\Programming\python_example\Arcana\data-lake\bronze\consensus\alpha-vantage\earnings-estimates\snapshot_date=2026-07-26\ticker=PR.json,86e82b9f09170c6f6c1e0390281df98629e7ec525f92167b4c70307578f4c282,2026-09-02T16:40:54+00:00
2026-07-26,PR,2023Q1,ALPHA_VANTAGE,REVENUE_USD,678770000.0,D:\Programming\python_example\Arcana\data-lake\bronze\consensus\alpha-vantage\earnings-estimates\snapshot_date=2026-07-26\ticker=PR.json,86e82b9f09170c6f6c1e0390281df98629e7ec525f92167b4c70307578f4c282,2026-09-02T16:40:54+00:00
2026-07-26,PR,2022Q4,ALPHA_VANTAGE,REVENUE_USD,739730000.0,D:\Programming\python_example\Arcana\data-lake\bronze\consensus\alpha-vantage\earnings-estimates\snapshot_date=2026-07-26\ticker=PR.json,86e82b9f09170c6f6c1e0390281df98629e7ec525f92167b4c70307578f4c282,2026-09-02T16:40:54+00:00
2026-07-26,PR,2022Q3,ALPHA_VANTAGE,REVENUE_USD,549778000.0,D:\Programming\python_example\Arcana\data-lake\bronze\consensus\alpha-vantage\earnings-estimates\snapshot_date=2026-07-26\ticker=PR.json,86e82b9f09170c6f6c1e0390281df98629e7ec525f92167b4c70307578f4c282,2026-09-02T16:40:54+00:00
2026-07-26,SM,2026Q3,ALPHA_VANTAGE,REVENUE_USD,1856333680.0,D:\Programming\python_example\Arcana\data-lake\bronze\consensus\alpha-vantage\earnings-estimates\snapshot_date=2026-07-26\ticker=SM.json,833160b8126b2de4366f4433480683aa994f8fa953b24e58dc6631ebbc71d1af,2026-09-02T16:40:54+00:00
2026-07-26,SM,2026Q2,ALPHA_VANTAGE,REVENUE_USD,2047998900.0,D:\Programming\python_example\Arcana\data-lake\bronze\consensus\alpha-vantage\earnings-estimates\snapshot_date=2026-07-26\ticker=SM.json,833160b8126b2de4366f4433480683aa994f8fa953b24e58dc6631ebbc71d1af,2026-09-02T16:40:54+00:00
2026-07-26,SM,2026Q1,ALPHA_VANTAGE,REVENUE_USD,1421750670.0,D:\Programming\python_example\Arcana\data-lake\bronze\consensus\alpha-vantage\earnings-estimates\snapshot_date=2026-07-26\ticker=SM.json,833160b8126b2de4366f4433480683aa994f8fa953b24e58dc6631ebbc71d1af,2026-09-02T16:40:54+00:00
2026-07-26,SM,2025Q4,ALPHA_VANTAGE,REVENUE_USD,760565100.0,D:\Programming\python_example\Arcana\data-lake\bronze\consensus\alpha-vantage\earnings-estimates\snapshot_date=2026-07-26\ticker=SM.json,833160b8126b2de4366f4433480683aa994f8fa953b24e58dc6631ebbc71d1af,2026-09-02T16:40:54+00:00
2026-07-26,SM,2025Q3,ALPHA_VANTAGE,REVENUE_USD,829326110.0,D:\Programming\python_example\Arcana\data-lake\bronze\consensus\alpha-vantage\earnings-estimates\snapshot_date=2026-07-26\ticker=SM.json,833160b8126b2de4366f4433480683aa994f8fa953b24e58dc6631ebbc71d1af,2026-09-02T16:40:54+00:00
2026-07-26,SM,2025Q2,ALPHA_VANTAGE,REVENUE_USD,783484560.0,D:\Programming\python_example\Arcana\data-lake\bronze\consensus\alpha-vantage\earnings-estimates\snapshot_date=2026-07-26\ticker=SM.json,833160b8126b2de4366f4433480683aa994f8fa953b24e58dc6631ebbc71d1af,2026-09-02T16:40:54+00:00
2026-07-26,SM,2025Q1,ALPHA_VANTAGE,REVENUE_USD,823806560.0,D:\Programming\python_example\Arcana\data-lake\bronze\consensus\alpha-vantage\earnings-estimates\snapshot_date=2026-07-26\ticker=SM.json,833160b8126b2de4366f4433480683aa994f8fa953b24e58dc6631ebbc71d1af,2026-09-02T16:40:54+00:00
2026-07-26,SM,2024Q4,ALPHA_VANTAGE,REVENUE_USD,849436100.0,D:\Programming\python_example\Arcana\data-lake\bronze\consensus\alpha-vantage\earnings-estimates\snapshot_date=2026-07-26\ticker=SM.json,833160b8126b2de4366f4433480683aa994f8fa953b24e58dc6631ebbc71d1af,2026-09-02T16:40:54+00:00
2026-07-26,SM,2024Q3,ALPHA_VANTAGE,REVENUE_USD,651370000.0,D:\Programming\python_example\Arcana\data-lake\bronze\consensus\alpha-vantage\earnings-estimates\snapshot_date=2026-07-26\ticker=SM.json,833160b8126b2de4366f4433480683aa994f8fa953b24e58dc6631ebbc71d1af,2026-09-02T16:40:54+00:00
2026-07-26,SM,2024Q2,ALPHA_VANTAGE,REVENUE_USD,616060000.0,D:\Programming\python_example\Arcana\data-lake\bronze\consensus\alpha-vantage\earnings-estimates\snapshot_date=2026-07-26\ticker=SM.json,833160b8126b2de4366f4433480683aa994f8fa953b24e58dc6631ebbc71d1af,2026-09-02T16:40:54+00:00
2026-07-26,SM,2024Q1,ALPHA_VANTAGE,REVENUE_USD,559870000.0,D:\Programming\python_example\Arcana\data-lake\bronze\consensus\alpha-vantage\earnings-estimates\snapshot_date=2026-07-26\ticker=SM.json,833160b8126b2de4366f4433480683aa994f8fa953b24e58dc6631ebbc71d1af,2026-09-02T16:40:54+00:00
2026-07-26,SM,2023Q4,ALPHA_VANTAGE,REVENUE_USD,608726000.0,D:\Programming\python_example\Arcana\data-lake\bronze\consensus\alpha-vantage\earnings-estimates\snapshot_date=2026-07-26\ticker=SM.json,833160b8126b2de4366f4433480683aa994f8fa953b24e58dc6631ebbc71d1af,2026-09-02T16:40:54+00:00
2026-07-26,SM,2023Q3,ALPHA_VANTAGE,REVENUE_USD,608040000.0,D:\Programming\python_example\Arcana\data-lake\bronze\consensus\alpha-vantage\earnings-estimates\snapshot_date=2026-07-26\ticker=SM.json,833160b8126b2de4366f4433480683aa994f8fa953b24e58dc6631ebbc71d1af,2026-09-02T16:40:54+00:00
2026-07-26,SM,2023Q2,ALPHA_VANTAGE,REVENUE_USD,550754000.0,D:\Programming\python_example\Arcana\data-lake\bronze\consensus\alpha-vantage\earnings-estimates\snapshot_date=2026-07-26\ticker=SM.json,833160b8126b2de4366f4433480683aa994f8fa953b24e58dc6631ebbc71d1af,2026-09-02T16:40:54+00:00
2026-07-26,SM,2023Q1,ALPHA_VANTAGE,REVENUE_USD,574500000.0,D:\Programming\python_example\Arcana\data-lake\bronze\consensus\alpha-vantage\earnings-estimates\snapshot_date=2026-07-26\ticker=SM.json,833160b8126b2de4366f4433480683aa994f8fa953b24e58dc6631ebbc71d1af,2026-09-02T16:40:54+00:00
2026-07-26,SM,2022Q4,ALPHA_VANTAGE,REVENUE_USD,614720000.0,D:\Programming\python_example\Arcana\data-lake\bronze\consensus\alpha-vantage\earnings-estimates\snapshot_date=2026-07-26\ticker=SM.json,833160b8126b2de4366f4433480683aa994f8fa953b24e58dc6631ebbc71d1af,2026-09-02T16:40:54+00:00
2026-07-26,SM,2022Q3,ALPHA_VANTAGE,REVENUE_USD,764120000.0,D:\Programming\python_example\Arcana\data-lake\bronze\consensus\alpha-vantage\earnings-estimates\snapshot_date=2026-07-26\ticker=SM.json,833160b8126b2de4366f4433480683aa994f8fa953b24e58dc6631ebbc71d1af,2026-09-02T16:40:54+00:00
2026-07-26,SM,2022Q2,ALPHA_VANTAGE,REVENUE_USD,789570000.0,D:\Programming\python_example\Arcana\data-lake\bronze\consensus\alpha-vantage\earnings-estimates\snapshot_date=2026-07-26\ticker=SM.json,833160b8126b2de4366f4433480683aa994f8fa953b24e58dc6631ebbc71d1af,2026-09-02T16:40:54+00:00
2026-07-26,SM,2022Q1,ALPHA_VANTAGE,REVENUE_USD,672750000.0,D:\Programming\python_example\Arcana\data-lake\bronze\consensus\alpha-vantage\earnings-estimates\snapshot_date=2026-07-26\ticker=SM.json,833160b8126b2de4366f4433480683aa994f8fa953b24e58dc6631ebbc71d1af,2026-09-02T16:40:54+00:00
2026-07-26,SM,2021Q4,ALPHA_VANTAGE,REVENUE_USD,601700000.0,D:\Programming\python_example\Arcana\data-lake\bronze\consensus\alpha-vantage\earnings-estimates\snapshot_date=2026-07-26\ticker=SM.json,833160b8126b2de4366f4433480683aa994f8fa953b24e58dc6631ebbc71d1af,2026-09-02T16:40:54+00:00
2026-07-26,SM,2021Q3,ALPHA_VANTAGE,REVENUE_USD,489110000.0,D:\Programming\python_example\Arcana\data-lake\bronze\consensus\alpha-vantage\earnings-estimates\snapshot_date=2026-07-26\ticker=SM.json,833160b8126b2de4366f4433480683aa994f8fa953b24e58dc6631ebbc71d1af,2026-09-02T16:40:54+00:00
2026-07-26,SM,2021Q2,ALPHA_VANTAGE,REVENUE_USD,563849000.0,D:\Programming\python_example\Arcana\data-lake\bronze\consensus\alpha-vantage\earnings-estimates\snapshot_date=2026-07-26\ticker=SM.json,833160b8126b2de4366f4433480683aa994f8fa953b24e58dc6631ebbc71d1af,2026-09-02T16:40:54+00:00
2026-07-26,SM,2021Q1,ALPHA_VANTAGE,REVENUE_USD,348880000.0,D:\Programming\python_example\Arcana\data-lake\bronze\consensus\alpha-vantage\earnings-estimates\snapshot_date=2026-07-26\ticker=SM.json,833160b8126b2de4366f4433480683aa994f8fa953b24e58dc6631ebbc71d1af,2026-09-02T16:40:54+00:00
2026-07-26,SM,2020Q4,ALPHA_VANTAGE,REVENUE_USD,342320000.0,D:\Programming\python_example\Arcana\data-lake\bronze\consensus\alpha-vantage\earnings-estimates\snapshot_date=2026-07-26\ticker=SM.json,833160b8126b2de4366f4433480683aa994f8fa953b24e58dc6631ebbc71d1af,2026-09-02T16:40:54+00:00
2026-07-26,SM,2020Q3,ALPHA_VANTAGE,REVENUE_USD,311900000.0,D:\Programming\python_example\Arcana\data-lake\bronze\consensus\alpha-vantage\earnings-estimates\snapshot_date=2026-07-26\ticker=SM.json,833160b8126b2de4366f4433480683aa994f8fa953b24e58dc6631ebbc71d1af,2026-09-02T16:40:54+00:00
2026-07-26,SM,2020Q2,ALPHA_VANTAGE,REVENUE_USD,291270000.0,D:\Programming\python_example\Arcana\data-lake\bronze\consensus\alpha-vantage\earnings-estimates\snapshot_date=2026-07-26\ticker=SM.json,833160b8126b2de4366f4433480683aa994f8fa953b24e58dc6631ebbc71d1af,2026-09-02T16:40:54+00:00
2026-07-26,SM,2020Q1,ALPHA_VANTAGE,REVENUE_USD,401340000.0,D:\Programming\python_example\Arcana\data-lake\bronze\consensus\alpha-vantage\earnings-estimates\snapshot_date=2026-07-26\ticker=SM.json,833160b8126b2de4366f4433480683aa994f8fa953b24e58dc6631ebbc71d1af,2026-09-02T16:40:54+00:00
2026-07-26,SM,2019Q4,ALPHA_VANTAGE,REVENUE_USD,417130000.0,D:\Programming\python_example\Arcana\data-lake\bronze\consensus\alpha-vantage\earnings-estimates\snapshot_date=2026-07-26\ticker=SM.json,833160b8126b2de4366f4433480683aa994f8fa953b24e58dc6631ebbc71d1af,2026-09-02T16:40:54+00:00
2026-07-26,SM,2019Q3,ALPHA_VANTAGE,REVENUE_USD,393300000.0,D:\Programming\python_example\Arcana\data-lake\bronze\consensus\alpha-vantage\earnings-estimates\snapshot_date=2026-07-26\ticker=SM.json,833160b8126b2de4366f4433480683aa994f8fa953b24e58dc6631ebbc71d1af,2026-09-02T16:40:54+00:00
2026-07-26,SM,2019Q2,ALPHA_VANTAGE,REVENUE_USD,407850000.0,D:\Programming\python_example\Arcana\data-lake\bronze\consensus\alpha-vantage\earnings-estimates\snapshot_date=2026-07-26\ticker=SM.json,833160b8126b2de4366f4433480683aa994f8fa953b24e58dc6631ebbc71d1af,2026-09-02T16:40:54+00:00
2026-07-26,SM,2019Q1,ALPHA_VANTAGE,REVENUE_USD,345140000.0,D:\Programming\python_example\Arcana\data-lake\bronze\consensus\alpha-vantage\earnings-estimates\snapshot_date=2026-07-26\ticker=SM.json,833160b8126b2de4366f4433480683aa994f8fa953b24e58dc6631ebbc71d1af,2026-09-02T16:40:54+00:00
2026-07-26,SM,2018Q4,ALPHA_VANTAGE,REVENUE_USD,382010000.0,D:\Programming\python_example\Arcana\data-lake\bronze\consensus\alpha-vantage\earnings-estimates\snapshot_date=2026-07-26\ticker=SM.json,833160b8126b2de4366f4433480683aa994f8fa953b24e58dc6631ebbc71d1af,2026-09-02T16:40:54+00:00
2026-07-26,SM,2018Q3,ALPHA_VANTAGE,REVENUE_USD,422490000.0,D:\Programming\python_example\Arcana\data-lake\bronze\consensus\alpha-vantage\earnings-estimates\snapshot_date=2026-07-26\ticker=SM.json,833160b8126b2de4366f4433480683aa994f8fa953b24e58dc6631ebbc71d1af,2026-09-02T16:40:54+00:00
2026-07-26,SM,2018Q2,ALPHA_VANTAGE,REVENUE_USD,368850000.0,D:\Programming\python_example\Arcana\data-lake\bronze\consensus\alpha-vantage\earnings-estimates\snapshot_date=2026-07-26\ticker=SM.json,833160b8126b2de4366f4433480683aa994f8fa953b24e58dc6631ebbc71d1af,2026-09-02T16:40:54+00:00
2026-07-26,SM,2018Q1,ALPHA_VANTAGE,REVENUE_USD,360140000.0,D:\Programming\python_example\Arcana\data-lake\bronze\consensus\alpha-vantage\earnings-estimates\snapshot_date=2026-07-26\ticker=SM.json,833160b8126b2de4366f4433480683aa994f8fa953b24e58dc6631ebbc71d1af,2026-09-02T16:40:54+00:00
2026-07-26,SM,2017Q4,ALPHA_VANTAGE,REVENUE_USD,340538000.0,D:\Programming\python_example\Arcana\data-lake\bronze\consensus\alpha-vantage\earnings-estimates\snapshot_date=2026-07-26\ticker=SM.json,833160b8126b2de4366f4433480683aa994f8fa953b24e58dc6631ebbc71d1af,2026-09-02T16:40:54+00:00
2026-07-26,SM,2017Q3,ALPHA_VANTAGE,REVENUE_USD,299200000.0,D:\Programming\python_example\Arcana\data-lake\bronze\consensus\alpha-vantage\earnings-estimates\snapshot_date=2026-07-26\ticker=SM.json,833160b8126b2de4366f4433480683aa994f8fa953b24e58dc6631ebbc71d1af,2026-09-02T16:40:54+00:00
2026-07-26,SM,2017Q2,ALPHA_VANTAGE,REVENUE_USD,297680000.0,D:\Programming\python_example\Arcana\data-lake\bronze\consensus\alpha-vantage\earnings-estimates\snapshot_date=2026-07-26\ticker=SM.json,833160b8126b2de4366f4433480683aa994f8fa953b24e58dc6631ebbc71d1af,2026-09-02T16:40:54+00:00
2026-07-26,XOM,2026Q3,ALPHA_VANTAGE,REVENUE_USD,99142255580.0,D:\Programming\python_example\Arcana\data-lake\bronze\consensus\alpha-vantage\earnings-estimates\snapshot_date=2026-07-26\ticker=XOM.json,c8f30ae0eaeba81510bd4b449faafa7825b52527c9bbb0fbfec627107ca388d9,2026-09-02T16:40:54+00:00
2026-07-26,XOM,2026Q2,ALPHA_VANTAGE,REVENUE_USD,97782459200.0,D:\Programming\python_example\Arcana\data-lake\bronze\consensus\alpha-vantage\earnings-estimates\snapshot_date=2026-07-26\ticker=XOM.json,c8f30ae0eaeba81510bd4b449faafa7825b52527c9bbb0fbfec627107ca388d9,2026-09-02T16:40:54+00:00
2026-07-26,XOM,2026Q1,ALPHA_VANTAGE,REVENUE_USD,85294967180.0,D:\Programming\python_example\Arcana\data-lake\bronze\consensus\alpha-vantage\earnings-estimates\snapshot_date=2026-07-26\ticker=XOM.json,c8f30ae0eaeba81510bd4b449faafa7825b52527c9bbb0fbfec627107ca388d9,2026-09-02T16:40:54+00:00
2026-07-26,XOM,2025Q4,ALPHA_VANTAGE,REVENUE_USD,81655571970.0,D:\Programming\python_example\Arcana\data-lake\bronze\consensus\alpha-vantage\earnings-estimates\snapshot_date=2026-07-26\ticker=XOM.json,c8f30ae0eaeba81510bd4b449faafa7825b52527c9bbb0fbfec627107ca388d9,2026-09-02T16:40:54+00:00
2026-07-26,XOM,2025Q3,ALPHA_VANTAGE,REVENUE_USD,83604826170.0,D:\Programming\python_example\Arcana\data-lake\bronze\consensus\alpha-vantage\earnings-estimates\snapshot_date=2026-07-26\ticker=XOM.json,c8f30ae0eaeba81510bd4b449faafa7825b52527c9bbb0fbfec627107ca388d9,2026-09-02T16:40:54+00:00
2026-07-26,XOM,2025Q2,ALPHA_VANTAGE,REVENUE_USD,80497378670.0,D:\Programming\python_example\Arcana\data-lake\bronze\consensus\alpha-vantage\earnings-estimates\snapshot_date=2026-07-26\ticker=XOM.json,c8f30ae0eaeba81510bd4b449faafa7825b52527c9bbb0fbfec627107ca388d9,2026-09-02T16:40:54+00:00
2026-07-26,XOM,2025Q1,ALPHA_VANTAGE,REVENUE_USD,86087525410.0,D:\Programming\python_example\Arcana\data-lake\bronze\consensus\alpha-vantage\earnings-estimates\snapshot_date=2026-07-26\ticker=XOM.json,c8f30ae0eaeba81510bd4b449faafa7825b52527c9bbb0fbfec627107ca388d9,2026-09-02T16:40:54+00:00
2026-07-26,XOM,2024Q4,ALPHA_VANTAGE,REVENUE_USD,87195878540.0,D:\Programming\python_example\Arcana\data-lake\bronze\consensus\alpha-vantage\earnings-estimates\snapshot_date=2026-07-26\ticker=XOM.json,c8f30ae0eaeba81510bd4b449faafa7825b52527c9bbb0fbfec627107ca388d9,2026-09-02T16:40:54+00:00
2026-07-26,XOM,2024Q3,ALPHA_VANTAGE,REVENUE_USD,93938400000.0,D:\Programming\python_example\Arcana\data-lake\bronze\consensus\alpha-vantage\earnings-estimates\snapshot_date=2026-07-26\ticker=XOM.json,c8f30ae0eaeba81510bd4b449faafa7825b52527c9bbb0fbfec627107ca388d9,2026-09-02T16:40:54+00:00
2026-07-26,XOM,2024Q2,ALPHA_VANTAGE,REVENUE_USD,90986800000.0,D:\Programming\python_example\Arcana\data-lake\bronze\consensus\alpha-vantage\earnings-estimates\snapshot_date=2026-07-26\ticker=XOM.json,c8f30ae0eaeba81510bd4b449faafa7825b52527c9bbb0fbfec627107ca388d9,2026-09-02T16:40:54+00:00
2026-07-26,XOM,2024Q1,ALPHA_VANTAGE,REVENUE_USD,78352300000.0,D:\Programming\python_example\Arcana\data-lake\bronze\consensus\alpha-vantage\earnings-estimates\snapshot_date=2026-07-26\ticker=XOM.json,c8f30ae0eaeba81510bd4b449faafa7825b52527c9bbb0fbfec627107ca388d9,2026-09-02T16:40:54+00:00
2026-07-26,XOM,2023Q4,ALPHA_VANTAGE,REVENUE_USD,85234100000.0,D:\Programming\python_example\Arcana\data-lake\bronze\consensus\alpha-vantage\earnings-estimates\snapshot_date=2026-07-26\ticker=XOM.json,c8f30ae0eaeba81510bd4b449faafa7825b52527c9bbb0fbfec627107ca388d9,2026-09-02T16:40:54+00:00
2026-07-26,XOM,2023Q3,ALPHA_VANTAGE,REVENUE_USD,83760000000.0,D:\Programming\python_example\Arcana\data-lake\bronze\consensus\alpha-vantage\earnings-estimates\snapshot_date=2026-07-26\ticker=XOM.json,c8f30ae0eaeba81510bd4b449faafa7825b52527c9bbb0fbfec627107ca388d9,2026-09-02T16:40:54+00:00
2026-07-26,XOM,2023Q2,ALPHA_VANTAGE,REVENUE_USD,72688100000.0,D:\Programming\python_example\Arcana\data-lake\bronze\consensus\alpha-vantage\earnings-estimates\snapshot_date=2026-07-26\ticker=XOM.json,c8f30ae0eaeba81510bd4b449faafa7825b52527c9bbb0fbfec627107ca388d9,2026-09-02T16:40:54+00:00
2026-07-26,XOM,2023Q1,ALPHA_VANTAGE,REVENUE_USD,85405400000.0,D:\Programming\python_example\Arcana\data-lake\bronze\consensus\alpha-vantage\earnings-estimates\snapshot_date=2026-07-26\ticker=XOM.json,c8f30ae0eaeba81510bd4b449faafa7825b52527c9bbb0fbfec627107ca388d9,2026-09-02T16:40:54+00:00
2026-07-26,XOM,2022Q4,ALPHA_VANTAGE,REVENUE_USD,94671500000.0,D:\Programming\python_example\Arcana\data-lake\bronze\consensus\alpha-vantage\earnings-estimates\snapshot_date=2026-07-26\ticker=XOM.json,c8f30ae0eaeba81510bd4b449faafa7825b52527c9bbb0fbfec627107ca388d9,2026-09-02T16:40:54+00:00
2026-07-26,XOM,2022Q3,ALPHA_VANTAGE,REVENUE_USD,115601000000.0,D:\Programming\python_example\Arcana\data-lake\bronze\consensus\alpha-vantage\earnings-estimates\snapshot_date=2026-07-26\ticker=XOM.json,c8f30ae0eaeba81510bd4b449faafa7825b52527c9bbb0fbfec627107ca388d9,2026-09-02T16:40:54+00:00
2026-07-26,XOM,2022Q2,ALPHA_VANTAGE,REVENUE_USD,132701000000.0,D:\Programming\python_example\Arcana\data-lake\bronze\consensus\alpha-vantage\earnings-estimates\snapshot_date=2026-07-26\ticker=XOM.json,c8f30ae0eaeba81510bd4b449faafa7825b52527c9bbb0fbfec627107ca388d9,2026-09-02T16:40:54+00:00
2026-07-26,XOM,2022Q1,ALPHA_VANTAGE,REVENUE_USD,92732500000.0,D:\Programming\python_example\Arcana\data-lake\bronze\consensus\alpha-vantage\earnings-estimates\snapshot_date=2026-07-26\ticker=XOM.json,c8f30ae0eaeba81510bd4b449faafa7825b52527c9bbb0fbfec627107ca388d9,2026-09-02T16:40:54+00:00
2026-07-26,XOM,2021Q4,ALPHA_VANTAGE,REVENUE_USD,91845300000.0,D:\Programming\python_example\Arcana\data-lake\bronze\consensus\alpha-vantage\earnings-estimates\snapshot_date=2026-07-26\ticker=XOM.json,c8f30ae0eaeba81510bd4b449faafa7825b52527c9bbb0fbfec627107ca388d9,2026-09-02T16:40:54+00:00
2026-07-26,XOM,2021Q3,ALPHA_VANTAGE,REVENUE_USD,76336000000.0,D:\Programming\python_example\Arcana\data-lake\bronze\consensus\alpha-vantage\earnings-estimates\snapshot_date=2026-07-26\ticker=XOM.json,c8f30ae0eaeba81510bd4b449faafa7825b52527c9bbb0fbfec627107ca388d9,2026-09-02T16:40:54+00:00
2026-07-26,XOM,2021Q2,ALPHA_VANTAGE,REVENUE_USD,66808100000.0,D:\Programming\python_example\Arcana\data-lake\bronze\consensus\alpha-vantage\earnings-estimates\snapshot_date=2026-07-26\ticker=XOM.json,c8f30ae0eaeba81510bd4b449faafa7825b52527c9bbb0fbfec627107ca388d9,2026-09-02T16:40:54+00:00
2026-07-26,XOM,2021Q1,ALPHA_VANTAGE,REVENUE_USD,54597600000.0,D:\Programming\python_example\Arcana\data-lake\bronze\consensus\alpha-vantage\earnings-estimates\snapshot_date=2026-07-26\ticker=XOM.json,c8f30ae0eaeba81510bd4b449faafa7825b52527c9bbb0fbfec627107ca388d9,2026-09-02T16:40:54+00:00
2026-07-26,XOM,2020Q4,ALPHA_VANTAGE,REVENUE_USD,48756300000.0,D:\Programming\python_example\Arcana\data-lake\bronze\consensus\alpha-vantage\earnings-estimates\snapshot_date=2026-07-26\ticker=XOM.json,c8f30ae0eaeba81510bd4b449faafa7825b52527c9bbb0fbfec627107ca388d9,2026-09-02T16:40:54+00:00
2026-07-26,XOM,2020Q3,ALPHA_VANTAGE,REVENUE_USD,46010800000.0,D:\Programming\python_example\Arcana\data-lake\bronze\consensus\alpha-vantage\earnings-estimates\snapshot_date=2026-07-26\ticker=XOM.json,c8f30ae0eaeba81510bd4b449faafa7825b52527c9bbb0fbfec627107ca388d9,2026-09-02T16:40:54+00:00
2026-07-26,XOM,2020Q2,ALPHA_VANTAGE,REVENUE_USD,38156700000.0,D:\Programming\python_example\Arcana\data-lake\bronze\consensus\alpha-vantage\earnings-estimates\snapshot_date=2026-07-26\ticker=XOM.json,c8f30ae0eaeba81510bd4b449faafa7825b52527c9bbb0fbfec627107ca388d9,2026-09-02T16:40:54+00:00
2026-07-26,XOM,2020Q1,ALPHA_VANTAGE,REVENUE_USD,51848400000.0,D:\Programming\python_example\Arcana\data-lake\bronze\consensus\alpha-vantage\earnings-estimates\snapshot_date=2026-07-26\ticker=XOM.json,c8f30ae0eaeba81510bd4b449faafa7825b52527c9bbb0fbfec627107ca388d9,2026-09-02T16:40:54+00:00
2026-07-26,XOM,2019Q4,ALPHA_VANTAGE,REVENUE_USD,64165800000.0,D:\Programming\python_example\Arcana\data-lake\bronze\consensus\alpha-vantage\earnings-estimates\snapshot_date=2026-07-26\ticker=XOM.json,c8f30ae0eaeba81510bd4b449faafa7825b52527c9bbb0fbfec627107ca388d9,2026-09-02T16:40:54+00:00
2026-07-26,XOM,2019Q3,ALPHA_VANTAGE,REVENUE_USD,64788600000.0,D:\Programming\python_example\Arcana\data-lake\bronze\consensus\alpha-vantage\earnings-estimates\snapshot_date=2026-07-26\ticker=XOM.json,c8f30ae0eaeba81510bd4b449faafa7825b52527c9bbb0fbfec627107ca388d9,2026-09-02T16:40:54+00:00
2026-07-26,XOM,2019Q2,ALPHA_VANTAGE,REVENUE_USD,65201800000.0,D:\Programming\python_example\Arcana\data-lake\bronze\consensus\alpha-vantage\earnings-estimates\snapshot_date=2026-07-26\ticker=XOM.json,c8f30ae0eaeba81510bd4b449faafa7825b52527c9bbb0fbfec627107ca388d9,2026-09-02T16:40:54+00:00
2026-07-26,XOM,2019Q1,ALPHA_VANTAGE,REVENUE_USD,64816500000.0,D:\Programming\python_example\Arcana\data-lake\bronze\consensus\alpha-vantage\earnings-estimates\snapshot_date=2026-07-26\ticker=XOM.json,c8f30ae0eaeba81510bd4b449faafa7825b52527c9bbb0fbfec627107ca388d9,2026-09-02T16:40:54+00:00
2026-07-26,XOM,2018Q4,ALPHA_VANTAGE,REVENUE_USD,77276800000.0,D:\Programming\python_example\Arcana\data-lake\bronze\consensus\alpha-vantage\earnings-estimates\snapshot_date=2026-07-26\ticker=XOM.json,c8f30ae0eaeba81510bd4b449faafa7825b52527c9bbb0fbfec627107ca388d9,2026-09-02T16:40:54+00:00
2026-07-26,XOM,2018Q3,ALPHA_VANTAGE,REVENUE_USD,73546800000.0,D:\Programming\python_example\Arcana\data-lake\bronze\consensus\alpha-vantage\earnings-estimates\snapshot_date=2026-07-26\ticker=XOM.json,c8f30ae0eaeba81510bd4b449faafa7825b52527c9bbb0fbfec627107ca388d9,2026-09-02T16:40:54+00:00
2026-07-26,XOM,2018Q2,ALPHA_VANTAGE,REVENUE_USD,72584600000.0,D:\Programming\python_example\Arcana\data-lake\bronze\consensus\alpha-vantage\earnings-estimates\snapshot_date=2026-07-26\ticker=XOM.json,c8f30ae0eaeba81510bd4b449faafa7825b52527c9bbb0fbfec627107ca388d9,2026-09-02T16:40:54+00:00
2026-07-26,XOM,2018Q1,ALPHA_VANTAGE,REVENUE_USD,63597400000.0,D:\Programming\python_example\Arcana\data-lake\bronze\consensus\alpha-vantage\earnings-estimates\snapshot_date=2026-07-26\ticker=XOM.json,c8f30ae0eaeba81510bd4b449faafa7825b52527c9bbb0fbfec627107ca388d9,2026-09-02T16:40:54+00:00
2026-07-26,XOM,2017Q4,ALPHA_VANTAGE,REVENUE_USD,74313600000.0,D:\Programming\python_example\Arcana\data-lake\bronze\consensus\alpha-vantage\earnings-estimates\snapshot_date=2026-07-26\ticker=XOM.json,c8f30ae0eaeba81510bd4b449faafa7825b52527c9bbb0fbfec627107ca388d9,2026-09-02T16:40:54+00:00
2026-07-26,XOM,2017Q3,ALPHA_VANTAGE,REVENUE_USD,63389000000.0,D:\Programming\python_example\Arcana\data-lake\bronze\consensus\alpha-vantage\earnings-estimates\snapshot_date=2026-07-26\ticker=XOM.json,c8f30ae0eaeba81510bd4b449faafa7825b52527c9bbb0fbfec627107ca388d9,2026-09-02T16:40:54+00:00
2026-07-26,XOM,2017Q2,ALPHA_VANTAGE,REVENUE_USD,61923700000.0,D:\Programming\python_example\Arcana\data-lake\bronze\consensus\alpha-vantage\earnings-estimates\snapshot_date=2026-07-26\ticker=XOM.json,c8f30ae0eaeba81510bd4b449faafa7825b52527c9bbb0fbfec627107ca388d9,2026-09-02T16:40:54+00:00
2026-07-26,CVX,2026Q3,ALPHA_VANTAGE,REVENUE_USD,56580917970.0,D:\Programming\python_example\Arcana\data-lake\bronze\consensus\alpha-vantage\earnings-estimates\snapshot_date=2026-07-26\ticker=CVX.json,cb001c19c3dcd494624eb38bd8e381be56aa84068e27a9fcc6cdb3768e948436,2026-09-02T16:40:54+00:00
2026-07-26,CVX,2026Q2,ALPHA_VANTAGE,REVENUE_USD,61459052140.0,D:\Programming\python_example\Arcana\data-lake\bronze\consensus\alpha-vantage\earnings-estimates\snapshot_date=2026-07-26\ticker=CVX.json,cb001c19c3dcd494624eb38bd8e381be56aa84068e27a9fcc6cdb3768e948436,2026-09-02T16:40:54+00:00
2026-07-26,CVX,2026Q1,ALPHA_VANTAGE,REVENUE_USD,52698136170.0,D:\Programming\python_example\Arcana\data-lake\bronze\consensus\alpha-vantage\earnings-estimates\snapshot_date=2026-07-26\ticker=CVX.json,cb001c19c3dcd494624eb38bd8e381be56aa84068e27a9fcc6cdb3768e948436,2026-09-02T16:40:54+00:00
2026-07-26,CVX,2025Q4,ALPHA_VANTAGE,REVENUE_USD,46659068070.0,D:\Programming\python_example\Arcana\data-lake\bronze\consensus\alpha-vantage\earnings-estimates\snapshot_date=2026-07-26\ticker=CVX.json,cb001c19c3dcd494624eb38bd8e381be56aa84068e27a9fcc6cdb3768e948436,2026-09-02T16:40:54+00:00
2026-07-26,CVX,2025Q3,ALPHA_VANTAGE,REVENUE_USD,47418616860.0,D:\Programming\python_example\Arcana\data-lake\bronze\consensus\alpha-vantage\earnings-estimates\snapshot_date=2026-07-26\ticker=CVX.json,cb001c19c3dcd494624eb38bd8e381be56aa84068e27a9fcc6cdb3768e948436,2026-09-02T16:40:54+00:00
2026-07-26,CVX,2025Q2,ALPHA_VANTAGE,REVENUE_USD,45140413000.0,D:\Programming\python_example\Arcana\data-lake\bronze\consensus\alpha-vantage\earnings-estimates\snapshot_date=2026-07-26\ticker=CVX.json,cb001c19c3dcd494624eb38bd8e381be56aa84068e27a9fcc6cdb3768e948436,2026-09-02T16:40:54+00:00
2026-07-26,CVX,2025Q1,ALPHA_VANTAGE,REVENUE_USD,48393378960.0,D:\Programming\python_example\Arcana\data-lake\bronze\consensus\alpha-vantage\earnings-estimates\snapshot_date=2026-07-26\ticker=CVX.json,cb001c19c3dcd494624eb38bd8e381be56aa84068e27a9fcc6cdb3768e948436,2026-09-02T16:40:54+00:00
2026-07-26,CVX,2024Q4,ALPHA_VANTAGE,REVENUE_USD,48406132920.0,D:\Programming\python_example\Arcana\data-lake\bronze\consensus\alpha-vantage\earnings-estimates\snapshot_date=2026-07-26\ticker=CVX.json,cb001c19c3dcd494624eb38bd8e381be56aa84068e27a9fcc6cdb3768e948436,2026-09-02T16:40:54+00:00
2026-07-26,CVX,2024Q3,ALPHA_VANTAGE,REVENUE_USD,48985600000.0,D:\Programming\python_example\Arcana\data-lake\bronze\consensus\alpha-vantage\earnings-estimates\snapshot_date=2026-07-26\ticker=CVX.json,cb001c19c3dcd494624eb38bd8e381be56aa84068e27a9fcc6cdb3768e948436,2026-09-02T16:40:54+00:00
2026-07-26,CVX,2024Q2,ALPHA_VANTAGE,REVENUE_USD,50794800000.0,D:\Programming\python_example\Arcana\data-lake\bronze\consensus\alpha-vantage\earnings-estimates\snapshot_date=2026-07-26\ticker=CVX.json,cb001c19c3dcd494624eb38bd8e381be56aa84068e27a9fcc6cdb3768e948436,2026-09-02T16:40:54+00:00
2026-07-26,CVX,2024Q1,ALPHA_VANTAGE,REVENUE_USD,50661400000.0,D:\Programming\python_example\Arcana\data-lake\bronze\consensus\alpha-vantage\earnings-estimates\snapshot_date=2026-07-26\ticker=CVX.json,cb001c19c3dcd494624eb38bd8e381be56aa84068e27a9fcc6cdb3768e948436,2026-09-02T16:40:54+00:00
2026-07-26,CVX,2023Q4,ALPHA_VANTAGE,REVENUE_USD,51620900000.0,D:\Programming\python_example\Arcana\data-lake\bronze\consensus\alpha-vantage\earnings-estimates\snapshot_date=2026-07-26\ticker=CVX.json,cb001c19c3dcd494624eb38bd8e381be56aa84068e27a9fcc6cdb3768e948436,2026-09-02T16:40:54+00:00
2026-07-26,CVX,2023Q3,ALPHA_VANTAGE,REVENUE_USD,47789500000.0,D:\Programming\python_example\Arcana\data-lake\bronze\consensus\alpha-vantage\earnings-estimates\snapshot_date=2026-07-26\ticker=CVX.json,cb001c19c3dcd494624eb38bd8e381be56aa84068e27a9fcc6cdb3768e948436,2026-09-02T16:40:54+00:00
2026-07-26,CVX,2023Q2,ALPHA_VANTAGE,REVENUE_USD,46913400000.0,D:\Programming\python_example\Arcana\data-lake\bronze\consensus\alpha-vantage\earnings-estimates\snapshot_date=2026-07-26\ticker=CVX.json,cb001c19c3dcd494624eb38bd8e381be56aa84068e27a9fcc6cdb3768e948436,2026-09-02T16:40:54+00:00
2026-07-26,CVX,2023Q1,ALPHA_VANTAGE,REVENUE_USD,47886700000.0,D:\Programming\python_example\Arcana\data-lake\bronze\consensus\alpha-vantage\earnings-estimates\snapshot_date=2026-07-26\ticker=CVX.json,cb001c19c3dcd494624eb38bd8e381be56aa84068e27a9fcc6cdb3768e948436,2026-09-02T16:40:54+00:00
2026-07-26,CVX,2022Q4,ALPHA_VANTAGE,REVENUE_USD,54625900000.0,D:\Programming\python_example\Arcana\data-lake\bronze\consensus\alpha-vantage\earnings-estimates\snapshot_date=2026-07-26\ticker=CVX.json,cb001c19c3dcd494624eb38bd8e381be56aa84068e27a9fcc6cdb3768e948436,2026-09-02T16:40:54+00:00
2026-07-26,CVX,2022Q3,ALPHA_VANTAGE,REVENUE_USD,58218800000.0,D:\Programming\python_example\Arcana\data-lake\bronze\consensus\alpha-vantage\earnings-estimates\snapshot_date=2026-07-26\ticker=CVX.json,cb001c19c3dcd494624eb38bd8e381be56aa84068e27a9fcc6cdb3768e948436,2026-09-02T16:40:54+00:00
2026-07-26,CVX,2022Q2,ALPHA_VANTAGE,REVENUE_USD,59292400000.0,D:\Programming\python_example\Arcana\data-lake\bronze\consensus\alpha-vantage\earnings-estimates\snapshot_date=2026-07-26\ticker=CVX.json,cb001c19c3dcd494624eb38bd8e381be56aa84068e27a9fcc6cdb3768e948436,2026-09-02T16:40:54+00:00
2026-07-26,CVX,2022Q1,ALPHA_VANTAGE,REVENUE_USD,47944000000.0,D:\Programming\python_example\Arcana\data-lake\bronze\consensus\alpha-vantage\earnings-estimates\snapshot_date=2026-07-26\ticker=CVX.json,cb001c19c3dcd494624eb38bd8e381be56aa84068e27a9fcc6cdb3768e948436,2026-09-02T16:40:54+00:00
2026-07-26,CVX,2021Q4,ALPHA_VANTAGE,REVENUE_USD,45685000000.0,D:\Programming\python_example\Arcana\data-lake\bronze\consensus\alpha-vantage\earnings-estimates\snapshot_date=2026-07-26\ticker=CVX.json,cb001c19c3dcd494624eb38bd8e381be56aa84068e27a9fcc6cdb3768e948436,2026-09-02T16:40:54+00:00
2026-07-26,CVX,2021Q3,ALPHA_VANTAGE,REVENUE_USD,40519000000.0,D:\Programming\python_example\Arcana\data-lake\bronze\consensus\alpha-vantage\earnings-estimates\snapshot_date=2026-07-26\ticker=CVX.json,cb001c19c3dcd494624eb38bd8e381be56aa84068e27a9fcc6cdb3768e948436,2026-09-02T16:40:54+00:00
2026-07-26,CVX,2021Q2,ALPHA_VANTAGE,REVENUE_USD,37597000000.0,D:\Programming\python_example\Arcana\data-lake\bronze\consensus\alpha-vantage\earnings-estimates\snapshot_date=2026-07-26\ticker=CVX.json,cb001c19c3dcd494624eb38bd8e381be56aa84068e27a9fcc6cdb3768e948436,2026-09-02T16:40:54+00:00
2026-07-26,CVX,2021Q1,ALPHA_VANTAGE,REVENUE_USD,30366400000.0,D:\Programming\python_example\Arcana\data-lake\bronze\consensus\alpha-vantage\earnings-estimates\snapshot_date=2026-07-26\ticker=CVX.json,cb001c19c3dcd494624eb38bd8e381be56aa84068e27a9fcc6cdb3768e948436,2026-09-02T16:40:54+00:00
2026-07-26,CVX,2020Q4,ALPHA_VANTAGE,REVENUE_USD,26204100000.0,D:\Programming\python_example\Arcana\data-lake\bronze\consensus\alpha-vantage\earnings-estimates\snapshot_date=2026-07-26\ticker=CVX.json,cb001c19c3dcd494624eb38bd8e381be56aa84068e27a9fcc6cdb3768e948436,2026-09-02T16:40:54+00:00
2026-07-26,CVX,2020Q3,ALPHA_VANTAGE,REVENUE_USD,25837400000.0,D:\Programming\python_example\Arcana\data-lake\bronze\consensus\alpha-vantage\earnings-estimates\snapshot_date=2026-07-26\ticker=CVX.json,cb001c19c3dcd494624eb38bd8e381be56aa84068e27a9fcc6cdb3768e948436,2026-09-02T16:40:54+00:00
2026-07-26,CVX,2020Q2,ALPHA_VANTAGE,REVENUE_USD,22096500000.0,D:\Programming\python_example\Arcana\data-lake\bronze\consensus\alpha-vantage\earnings-estimates\snapshot_date=2026-07-26\ticker=CVX.json,cb001c19c3dcd494624eb38bd8e381be56aa84068e27a9fcc6cdb3768e948436,2026-09-02T16:40:54+00:00
2026-07-26,CVX,2020Q1,ALPHA_VANTAGE,REVENUE_USD,29382600000.0,D:\Programming\python_example\Arcana\data-lake\bronze\consensus\alpha-vantage\earnings-estimates\snapshot_date=2026-07-26\ticker=CVX.json,cb001c19c3dcd494624eb38bd8e381be56aa84068e27a9fcc6cdb3768e948436,2026-09-02T16:40:54+00:00
2026-07-26,CVX,2019Q4,ALPHA_VANTAGE,REVENUE_USD,38639300000.0,D:\Programming\python_example\Arcana\data-lake\bronze\consensus\alpha-vantage\earnings-estimates\snapshot_date=2026-07-26\ticker=CVX.json,cb001c19c3dcd494624eb38bd8e381be56aa84068e27a9fcc6cdb3768e948436,2026-09-02T16:40:54+00:00
2026-07-26,CVX,2019Q3,ALPHA_VANTAGE,REVENUE_USD,37690300000.0,D:\Programming\python_example\Arcana\data-lake\bronze\consensus\alpha-vantage\earnings-estimates\snapshot_date=2026-07-26\ticker=CVX.json,cb001c19c3dcd494624eb38bd8e381be56aa84068e27a9fcc6cdb3768e948436,2026-09-02T16:40:54+00:00
2026-07-26,CVX,2019Q2,ALPHA_VANTAGE,REVENUE_USD,40545200000.0,D:\Programming\python_example\Arcana\data-lake\bronze\consensus\alpha-vantage\earnings-estimates\snapshot_date=2026-07-26\ticker=CVX.json,cb001c19c3dcd494624eb38bd8e381be56aa84068e27a9fcc6cdb3768e948436,2026-09-02T16:40:54+00:00
2026-07-26,CVX,2019Q1,ALPHA_VANTAGE,REVENUE_USD,38424600000.0,D:\Programming\python_example\Arcana\data-lake\bronze\consensus\alpha-vantage\earnings-estimates\snapshot_date=2026-07-26\ticker=CVX.json,cb001c19c3dcd494624eb38bd8e381be56aa84068e27a9fcc6cdb3768e948436,2026-09-02T16:40:54+00:00
2026-07-26,CVX,2018Q4,ALPHA_VANTAGE,REVENUE_USD,46134400000.0,D:\Programming\python_example\Arcana\data-lake\bronze\consensus\alpha-vantage\earnings-estimates\snapshot_date=2026-07-26\ticker=CVX.json,cb001c19c3dcd494624eb38bd8e381be56aa84068e27a9fcc6cdb3768e948436,2026-09-02T16:40:54+00:00
2026-07-26,CVX,2018Q3,ALPHA_VANTAGE,REVENUE_USD,46671600000.0,D:\Programming\python_example\Arcana\data-lake\bronze\consensus\alpha-vantage\earnings-estimates\snapshot_date=2026-07-26\ticker=CVX.json,cb001c19c3dcd494624eb38bd8e381be56aa84068e27a9fcc6cdb3768e948436,2026-09-02T16:40:54+00:00
2026-07-26,CVX,2018Q2,ALPHA_VANTAGE,REVENUE_USD,45590700000.0,D:\Programming\python_example\Arcana\data-lake\bronze\consensus\alpha-vantage\earnings-estimates\snapshot_date=2026-07-26\ticker=CVX.json,cb001c19c3dcd494624eb38bd8e381be56aa84068e27a9fcc6cdb3768e948436,2026-09-02T16:40:54+00:00
2026-07-26,CVX,2018Q1,ALPHA_VANTAGE,REVENUE_USD,40700300000.0,D:\Programming\python_example\Arcana\data-lake\bronze\consensus\alpha-vantage\earnings-estimates\snapshot_date=2026-07-26\ticker=CVX.json,cb001c19c3dcd494624eb38bd8e381be56aa84068e27a9fcc6cdb3768e948436,2026-09-02T16:40:54+00:00
2026-07-26,CVX,2017Q4,ALPHA_VANTAGE,REVENUE_USD,37587700000.0,D:\Programming\python_example\Arcana\data-lake\bronze\consensus\alpha-vantage\earnings-estimates\snapshot_date=2026-07-26\ticker=CVX.json,cb001c19c3dcd494624eb38bd8e381be56aa84068e27a9fcc6cdb3768e948436,2026-09-02T16:40:54+00:00
2026-07-26,CVX,2017Q3,ALPHA_VANTAGE,REVENUE_USD,34057400000.0,D:\Programming\python_example\Arcana\data-lake\bronze\consensus\alpha-vantage\earnings-estimates\snapshot_date=2026-07-26\ticker=CVX.json,cb001c19c3dcd494624eb38bd8e381be56aa84068e27a9fcc6cdb3768e948436,2026-09-02T16:40:54+00:00
2026-07-26,CVX,2017Q2,ALPHA_VANTAGE,REVENUE_USD,32673400000.0,D:\Programming\python_example\Arcana\data-lake\bronze\consensus\alpha-vantage\earnings-estimates\snapshot_date=2026-07-26\ticker=CVX.json,cb001c19c3dcd494624eb38bd8e381be56aa84068e27a9fcc6cdb3768e948436,2026-09-02T16:40:54+00:00
2026-07-26,MPC,2026Q3,ALPHA_VANTAGE,REVENUE_USD,39020038100.0,D:\Programming\python_example\Arcana\data-lake\bronze\consensus\alpha-vantage\earnings-estimates\snapshot_date=2026-07-26\ticker=MPC.json,96ae757d124bb8ab5d60667a5fdc4bc6ad7adf58b330821e49344a54c5587d93,2026-09-02T16:40:54+00:00
2026-07-26,MPC,2026Q2,ALPHA_VANTAGE,REVENUE_USD,41364856690.0,D:\Programming\python_example\Arcana\data-lake\bronze\consensus\alpha-vantage\earnings-estimates\snapshot_date=2026-07-26\ticker=MPC.json,96ae757d124bb8ab5d60667a5fdc4bc6ad7adf58b330821e49344a54c5587d93,2026-09-02T16:40:54+00:00
2026-07-26,MPC,2026Q1,ALPHA_VANTAGE,REVENUE_USD,30829391660.0,D:\Programming\python_example\Arcana\data-lake\bronze\consensus\alpha-vantage\earnings-estimates\snapshot_date=2026-07-26\ticker=MPC.json,96ae757d124bb8ab5d60667a5fdc4bc6ad7adf58b330821e49344a54c5587d93,2026-09-02T16:40:54+00:00
2026-07-26,MPC,2025Q4,ALPHA_VANTAGE,REVENUE_USD,30506188220.0,D:\Programming\python_example\Arcana\data-lake\bronze\consensus\alpha-vantage\earnings-estimates\snapshot_date=2026-07-26\ticker=MPC.json,96ae757d124bb8ab5d60667a5fdc4bc6ad7adf58b330821e49344a54c5587d93,2026-09-02T16:40:54+00:00
2026-07-26,MPC,2025Q3,ALPHA_VANTAGE,REVENUE_USD,31707197780.0,D:\Programming\python_example\Arcana\data-lake\bronze\consensus\alpha-vantage\earnings-estimates\snapshot_date=2026-07-26\ticker=MPC.json,96ae757d124bb8ab5d60667a5fdc4bc6ad7adf58b330821e49344a54c5587d93,2026-09-02T16:40:54+00:00
2026-07-26,MPC,2025Q2,ALPHA_VANTAGE,REVENUE_USD,31706444110.0,D:\Programming\python_example\Arcana\data-lake\bronze\consensus\alpha-vantage\earnings-estimates\snapshot_date=2026-07-26\ticker=MPC.json,96ae757d124bb8ab5d60667a5fdc4bc6ad7adf58b330821e49344a54c5587d93,2026-09-02T16:40:54+00:00
2026-07-26,MPC,2025Q1,ALPHA_VANTAGE,REVENUE_USD,30147250730.0,D:\Programming\python_example\Arcana\data-lake\bronze\consensus\alpha-vantage\earnings-estimates\snapshot_date=2026-07-26\ticker=MPC.json,96ae757d124bb8ab5d60667a5fdc4bc6ad7adf58b330821e49344a54c5587d93,2026-09-02T16:40:54+00:00
2026-07-26,MPC,2024Q4,ALPHA_VANTAGE,REVENUE_USD,31936018460.0,D:\Programming\python_example\Arcana\data-lake\bronze\consensus\alpha-vantage\earnings-estimates\snapshot_date=2026-07-26\ticker=MPC.json,96ae757d124bb8ab5d60667a5fdc4bc6ad7adf58b330821e49344a54c5587d93,2026-09-02T16:40:54+00:00
2026-07-26,MPC,2024Q3,ALPHA_VANTAGE,REVENUE_USD,32835200000.0,D:\Programming\python_example\Arcana\data-lake\bronze\consensus\alpha-vantage\earnings-estimates\snapshot_date=2026-07-26\ticker=MPC.json,96ae757d124bb8ab5d60667a5fdc4bc6ad7adf58b330821e49344a54c5587d93,2026-09-02T16:40:54+00:00
2026-07-26,MPC,2024Q2,ALPHA_VANTAGE,REVENUE_USD,35082800000.0,D:\Programming\python_example\Arcana\data-lake\bronze\consensus\alpha-vantage\earnings-estimates\snapshot_date=2026-07-26\ticker=MPC.json,96ae757d124bb8ab5d60667a5fdc4bc6ad7adf58b330821e49344a54c5587d93,2026-09-02T16:40:54+00:00
2026-07-26,MPC,2024Q1,ALPHA_VANTAGE,REVENUE_USD,32011300000.0,D:\Programming\python_example\Arcana\data-lake\bronze\consensus\alpha-vantage\earnings-estimates\snapshot_date=2026-07-26\ticker=MPC.json,96ae757d124bb8ab5d60667a5fdc4bc6ad7adf58b330821e49344a54c5587d93,2026-09-02T16:40:54+00:00
2026-07-26,MPC,2023Q4,ALPHA_VANTAGE,REVENUE_USD,35252500000.0,D:\Programming\python_example\Arcana\data-lake\bronze\consensus\alpha-vantage\earnings-estimates\snapshot_date=2026-07-26\ticker=MPC.json,96ae757d124bb8ab5d60667a5fdc4bc6ad7adf58b330821e49344a54c5587d93,2026-09-02T16:40:54+00:00
2026-07-26,MPC,2023Q3,ALPHA_VANTAGE,REVENUE_USD,40047700000.0,D:\Programming\python_example\Arcana\data-lake\bronze\consensus\alpha-vantage\earnings-estimates\snapshot_date=2026-07-26\ticker=MPC.json,96ae757d124bb8ab5d60667a5fdc4bc6ad7adf58b330821e49344a54c5587d93,2026-09-02T16:40:54+00:00
2026-07-26,MPC,2023Q2,ALPHA_VANTAGE,REVENUE_USD,34109000000.0,D:\Programming\python_example\Arcana\data-lake\bronze\consensus\alpha-vantage\earnings-estimates\snapshot_date=2026-07-26\ticker=MPC.json,96ae757d124bb8ab5d60667a5fdc4bc6ad7adf58b330821e49344a54c5587d93,2026-09-02T16:40:54+00:00
2026-07-26,MPC,2023Q1,ALPHA_VANTAGE,REVENUE_USD,35571000000.0,D:\Programming\python_example\Arcana\data-lake\bronze\consensus\alpha-vantage\earnings-estimates\snapshot_date=2026-07-26\ticker=MPC.json,96ae757d124bb8ab5d60667a5fdc4bc6ad7adf58b330821e49344a54c5587d93,2026-09-02T16:40:54+00:00
2026-07-26,MPC,2022Q4,ALPHA_VANTAGE,REVENUE_USD,36694100000.0,D:\Programming\python_example\Arcana\data-lake\bronze\consensus\alpha-vantage\earnings-estimates\snapshot_date=2026-07-26\ticker=MPC.json,96ae757d124bb8ab5d60667a5fdc4bc6ad7adf58b330821e49344a54c5587d93,2026-09-02T16:40:54+00:00
2026-07-26,MPC,2022Q3,ALPHA_VANTAGE,REVENUE_USD,41733300000.0,D:\Programming\python_example\Arcana\data-lake\bronze\consensus\alpha-vantage\earnings-estimates\snapshot_date=2026-07-26\ticker=MPC.json,96ae757d124bb8ab5d60667a5fdc4bc6ad7adf58b330821e49344a54c5587d93,2026-09-02T16:40:54+00:00
2026-07-26,MPC,2022Q2,ALPHA_VANTAGE,REVENUE_USD,44080100000.0,D:\Programming\python_example\Arcana\data-lake\bronze\consensus\alpha-vantage\earnings-estimates\snapshot_date=2026-07-26\ticker=MPC.json,96ae757d124bb8ab5d60667a5fdc4bc6ad7adf58b330821e49344a54c5587d93,2026-09-02T16:40:54+00:00
2026-07-26,MPC,2022Q1,ALPHA_VANTAGE,REVENUE_USD,32055100000.0,D:\Programming\python_example\Arcana\data-lake\bronze\consensus\alpha-vantage\earnings-estimates\snapshot_date=2026-07-26\ticker=MPC.json,96ae757d124bb8ab5d60667a5fdc4bc6ad7adf58b330821e49344a54c5587d93,2026-09-02T16:40:54+00:00
2026-07-26,MPC,2021Q4,ALPHA_VANTAGE,REVENUE_USD,24330500000.0,D:\Programming\python_example\Arcana\data-lake\bronze\consensus\alpha-vantage\earnings-estimates\snapshot_date=2026-07-26\ticker=MPC.json,96ae757d124bb8ab5d60667a5fdc4bc6ad7adf58b330821e49344a54c5587d93,2026-09-02T16:40:54+00:00
2026-07-26,MPC,2021Q3,ALPHA_VANTAGE,REVENUE_USD,23133300000.0,D:\Programming\python_example\Arcana\data-lake\bronze\consensus\alpha-vantage\earnings-estimates\snapshot_date=2026-07-26\ticker=MPC.json,96ae757d124bb8ab5d60667a5fdc4bc6ad7adf58b330821e49344a54c5587d93,2026-09-02T16:40:54+00:00
2026-07-26,MPC,2021Q2,ALPHA_VANTAGE,REVENUE_USD,21822500000.0,D:\Programming\python_example\Arcana\data-lake\bronze\consensus\alpha-vantage\earnings-estimates\snapshot_date=2026-07-26\ticker=MPC.json,96ae757d124bb8ab5d60667a5fdc4bc6ad7adf58b330821e49344a54c5587d93,2026-09-02T16:40:54+00:00
2026-07-26,MPC,2021Q1,ALPHA_VANTAGE,REVENUE_USD,18912600000.0,D:\Programming\python_example\Arcana\data-lake\bronze\consensus\alpha-vantage\earnings-estimates\snapshot_date=2026-07-26\ticker=MPC.json,96ae757d124bb8ab5d60667a5fdc4bc6ad7adf58b330821e49344a54c5587d93,2026-09-02T16:40:54+00:00
2026-07-26,MPC,2020Q4,ALPHA_VANTAGE,REVENUE_USD,17424000000.0,D:\Programming\python_example\Arcana\data-lake\bronze\consensus\alpha-vantage\earnings-estimates\snapshot_date=2026-07-26\ticker=MPC.json,96ae757d124bb8ab5d60667a5fdc4bc6ad7adf58b330821e49344a54c5587d93,2026-09-02T16:40:54+00:00
2026-07-26,MPC,2020Q3,ALPHA_VANTAGE,REVENUE_USD,17985500000.0,D:\Programming\python_example\Arcana\data-lake\bronze\consensus\alpha-vantage\earnings-estimates\snapshot_date=2026-07-26\ticker=MPC.json,96ae757d124bb8ab5d60667a5fdc4bc6ad7adf58b330821e49344a54c5587d93,2026-09-02T16:40:54+00:00
2026-07-26,MPC,2020Q2,ALPHA_VANTAGE,REVENUE_USD,18884600000.0,D:\Programming\python_example\Arcana\data-lake\bronze\consensus\alpha-vantage\earnings-estimates\snapshot_date=2026-07-26\ticker=MPC.json,96ae757d124bb8ab5d60667a5fdc4bc6ad7adf58b330821e49344a54c5587d93,2026-09-02T16:40:54+00:00
2026-07-26,MPC,2020Q1,ALPHA_VANTAGE,REVENUE_USD,23911900000.0,D:\Programming\python_example\Arcana\data-lake\bronze\consensus\alpha-vantage\earnings-estimates\snapshot_date=2026-07-26\ticker=MPC.json,96ae757d124bb8ab5d60667a5fdc4bc6ad7adf58b330821e49344a54c5587d93,2026-09-02T16:40:54+00:00
2026-07-26,MPC,2019Q4,ALPHA_VANTAGE,REVENUE_USD,33877400000.0,D:\Programming\python_example\Arcana\data-lake\bronze\consensus\alpha-vantage\earnings-estimates\snapshot_date=2026-07-26\ticker=MPC.json,96ae757d124bb8ab5d60667a5fdc4bc6ad7adf58b330821e49344a54c5587d93,2026-09-02T16:40:54+00:00
2026-07-26,MPC,2019Q3,ALPHA_VANTAGE,REVENUE_USD,34436500000.0,D:\Programming\python_example\Arcana\data-lake\bronze\consensus\alpha-vantage\earnings-estimates\snapshot_date=2026-07-26\ticker=MPC.json,96ae757d124bb8ab5d60667a5fdc4bc6ad7adf58b330821e49344a54c5587d93,2026-09-02T16:40:54+00:00
2026-07-26,MPC,2019Q2,ALPHA_VANTAGE,REVENUE_USD,33383100000.0,D:\Programming\python_example\Arcana\data-lake\bronze\consensus\alpha-vantage\earnings-estimates\snapshot_date=2026-07-26\ticker=MPC.json,96ae757d124bb8ab5d60667a5fdc4bc6ad7adf58b330821e49344a54c5587d93,2026-09-02T16:40:54+00:00
2026-07-26,MPC,2019Q1,ALPHA_VANTAGE,REVENUE_USD,27579300000.0,D:\Programming\python_example\Arcana\data-lake\bronze\consensus\alpha-vantage\earnings-estimates\snapshot_date=2026-07-26\ticker=MPC.json,96ae757d124bb8ab5d60667a5fdc4bc6ad7adf58b330821e49344a54c5587d93,2026-09-02T16:40:54+00:00
2026-07-26,MPC,2018Q4,ALPHA_VANTAGE,REVENUE_USD,34239400000.0,D:\Programming\python_example\Arcana\data-lake\bronze\consensus\alpha-vantage\earnings-estimates\snapshot_date=2026-07-26\ticker=MPC.json,96ae757d124bb8ab5d60667a5fdc4bc6ad7adf58b330821e49344a54c5587d93,2026-09-02T16:40:54+00:00
2026-07-26,MPC,2018Q3,ALPHA_VANTAGE,REVENUE_USD,22440800000.0,D:\Programming\python_example\Arcana\data-lake\bronze\consensus\alpha-vantage\earnings-estimates\snapshot_date=2026-07-26\ticker=MPC.json,96ae757d124bb8ab5d60667a5fdc4bc6ad7adf58b330821e49344a54c5587d93,2026-09-02T16:40:54+00:00
2026-07-26,MPC,2018Q2,ALPHA_VANTAGE,REVENUE_USD,21591700000.0,D:\Programming\python_example\Arcana\data-lake\bronze\consensus\alpha-vantage\earnings-estimates\snapshot_date=2026-07-26\ticker=MPC.json,96ae757d124bb8ab5d60667a5fdc4bc6ad7adf58b330821e49344a54c5587d93,2026-09-02T16:40:54+00:00
2026-07-26,MPC,2018Q1,ALPHA_VANTAGE,REVENUE_USD,20045100000.0,D:\Programming\python_example\Arcana\data-lake\bronze\consensus\alpha-vantage\earnings-estimates\snapshot_date=2026-07-26\ticker=MPC.json,96ae757d124bb8ab5d60667a5fdc4bc6ad7adf58b330821e49344a54c5587d93,2026-09-02T16:40:54+00:00
2026-07-26,MPC,2017Q4,ALPHA_VANTAGE,REVENUE_USD,20986300000.0,D:\Programming\python_example\Arcana\data-lake\bronze\consensus\alpha-vantage\earnings-estimates\snapshot_date=2026-07-26\ticker=MPC.json,96ae757d124bb8ab5d60667a5fdc4bc6ad7adf58b330821e49344a54c5587d93,2026-09-02T16:40:54+00:00
2026-07-26,MPC,2017Q3,ALPHA_VANTAGE,REVENUE_USD,18929200000.0,D:\Programming\python_example\Arcana\data-lake\bronze\consensus\alpha-vantage\earnings-estimates\snapshot_date=2026-07-26\ticker=MPC.json,96ae757d124bb8ab5d60667a5fdc4bc6ad7adf58b330821e49344a54c5587d93,2026-09-02T16:40:54+00:00
2026-07-26,MPC,2017Q2,ALPHA_VANTAGE,REVENUE_USD,19463700000.0,D:\Programming\python_example\Arcana\data-lake\bronze\consensus\alpha-vantage\earnings-estimates\snapshot_date=2026-07-26\ticker=MPC.json,96ae757d124bb8ab5d60667a5fdc4bc6ad7adf58b330821e49344a54c5587d93,2026-09-02T16:40:54+00:00
2026-07-26,KMI,2026Q4,ALPHA_VANTAGE,REVENUE_USD,4831581000.0,D:\Programming\python_example\Arcana\data-lake\bronze\consensus\alpha-vantage\earnings-estimates\snapshot_date=2026-07-26\ticker=KMI.json,27f291d1a5e82eade86eb66a85aab61bddf8d4845f71859fe75ca8a605ae5f58,2026-09-02T16:40:54+00:00
2026-07-26,KMI,2026Q3,ALPHA_VANTAGE,REVENUE_USD,4556503000.0,D:\Programming\python_example\Arcana\data-lake\bronze\consensus\alpha-vantage\earnings-estimates\snapshot_date=2026-07-26\ticker=KMI.json,27f291d1a5e82eade86eb66a85aab61bddf8d4845f71859fe75ca8a605ae5f58,2026-09-02T16:40:54+00:00
2026-07-26,KMI,2026Q2,ALPHA_VANTAGE,REVENUE_USD,4193410130.0,D:\Programming\python_example\Arcana\data-lake\bronze\consensus\alpha-vantage\earnings-estimates\snapshot_date=2026-07-26\ticker=KMI.json,27f291d1a5e82eade86eb66a85aab61bddf8d4845f71859fe75ca8a605ae5f58,2026-09-02T16:40:54+00:00
2026-07-26,KMI,2026Q1,ALPHA_VANTAGE,REVENUE_USD,4546594100.0,D:\Programming\python_example\Arcana\data-lake\bronze\consensus\alpha-vantage\earnings-estimates\snapshot_date=2026-07-26\ticker=KMI.json,27f291d1a5e82eade86eb66a85aab61bddf8d4845f71859fe75ca8a605ae5f58,2026-09-02T16:40:54+00:00
2026-07-26,KMI,2025Q4,ALPHA_VANTAGE,REVENUE_USD,4328280030.0,D:\Programming\python_example\Arcana\data-lake\bronze\consensus\alpha-vantage\earnings-estimates\snapshot_date=2026-07-26\ticker=KMI.json,27f291d1a5e82eade86eb66a85aab61bddf8d4845f71859fe75ca8a605ae5f58,2026-09-02T16:40:54+00:00
2026-07-26,KMI,2025Q3,ALPHA_VANTAGE,REVENUE_USD,3961092420.0,D:\Programming\python_example\Arcana\data-lake\bronze\consensus\alpha-vantage\earnings-estimates\snapshot_date=2026-07-26\ticker=KMI.json,27f291d1a5e82eade86eb66a85aab61bddf8d4845f71859fe75ca8a605ae5f58,2026-09-02T16:40:54+00:00
2026-07-26,KMI,2025Q2,ALPHA_VANTAGE,REVENUE_USD,3747837560.0,D:\Programming\python_example\Arcana\data-lake\bronze\consensus\alpha-vantage\earnings-estimates\snapshot_date=2026-07-26\ticker=KMI.json,27f291d1a5e82eade86eb66a85aab61bddf8d4845f71859fe75ca8a605ae5f58,2026-09-02T16:40:54+00:00
2026-07-26,KMI,2025Q1,ALPHA_VANTAGE,REVENUE_USD,4025954960.0,D:\Programming\python_example\Arcana\data-lake\bronze\consensus\alpha-vantage\earnings-estimates\snapshot_date=2026-07-26\ticker=KMI.json,27f291d1a5e82eade86eb66a85aab61bddf8d4845f71859fe75ca8a605ae5f58,2026-09-02T16:40:54+00:00
2026-07-26,KMI,2024Q4,ALPHA_VANTAGE,REVENUE_USD,4135608370.0,D:\Programming\python_example\Arcana\data-lake\bronze\consensus\alpha-vantage\earnings-estimates\snapshot_date=2026-07-26\ticker=KMI.json,27f291d1a5e82eade86eb66a85aab61bddf8d4845f71859fe75ca8a605ae5f58,2026-09-02T16:40:54+00:00
2026-07-26,KMI,2024Q3,ALPHA_VANTAGE,REVENUE_USD,3974650000.0,D:\Programming\python_example\Arcana\data-lake\bronze\consensus\alpha-vantage\earnings-estimates\snapshot_date=2026-07-26\ticker=KMI.json,27f291d1a5e82eade86eb66a85aab61bddf8d4845f71859fe75ca8a605ae5f58,2026-09-02T16:40:54+00:00
2026-07-26,KMI,2024Q2,ALPHA_VANTAGE,REVENUE_USD,4125470000.0,D:\Programming\python_example\Arcana\data-lake\bronze\consensus\alpha-vantage\earnings-estimates\snapshot_date=2026-07-26\ticker=KMI.json,27f291d1a5e82eade86eb66a85aab61bddf8d4845f71859fe75ca8a605ae5f58,2026-09-02T16:40:54+00:00
2026-07-26,KMI,2024Q1,ALPHA_VANTAGE,REVENUE_USD,4354750000.0,D:\Programming\python_example\Arcana\data-lake\bronze\consensus\alpha-vantage\earnings-estimates\snapshot_date=2026-07-26\ticker=KMI.json,27f291d1a5e82eade86eb66a85aab61bddf8d4845f71859fe75ca8a605ae5f58,2026-09-02T16:40:54+00:00
2026-07-26,KMI,2023Q4,ALPHA_VANTAGE,REVENUE_USD,4408610000.0,D:\Programming\python_example\Arcana\data-lake\bronze\consensus\alpha-vantage\earnings-estimates\snapshot_date=2026-07-26\ticker=KMI.json,27f291d1a5e82eade86eb66a85aab61bddf8d4845f71859fe75ca8a605ae5f58,2026-09-02T16:40:54+00:00
2026-07-26,KMI,2023Q3,ALPHA_VANTAGE,REVENUE_USD,4713820000.0,D:\Programming\python_example\Arcana\data-lake\bronze\consensus\alpha-vantage\earnings-estimates\snapshot_date=2026-07-26\ticker=KMI.json,27f291d1a5e82eade86eb66a85aab61bddf8d4845f71859fe75ca8a605ae5f58,2026-09-02T16:40:54+00:00
2026-07-26,KMI,2023Q2,ALPHA_VANTAGE,REVENUE_USD,4554370000.0,D:\Programming\python_example\Arcana\data-lake\bronze\consensus\alpha-vantage\earnings-estimates\snapshot_date=2026-07-26\ticker=KMI.json,27f291d1a5e82eade86eb66a85aab61bddf8d4845f71859fe75ca8a605ae5f58,2026-09-02T16:40:54+00:00
2026-07-26,KMI,2023Q1,ALPHA_VANTAGE,REVENUE_USD,4768380000.0,D:\Programming\python_example\Arcana\data-lake\bronze\consensus\alpha-vantage\earnings-estimates\snapshot_date=2026-07-26\ticker=KMI.json,27f291d1a5e82eade86eb66a85aab61bddf8d4845f71859fe75ca8a605ae5f58,2026-09-02T16:40:54+00:00
2026-07-26,KMI,2022Q4,ALPHA_VANTAGE,REVENUE_USD,4912680000.0,D:\Programming\python_example\Arcana\data-lake\bronze\consensus\alpha-vantage\earnings-estimates\snapshot_date=2026-07-26\ticker=KMI.json,27f291d1a5e82eade86eb66a85aab61bddf8d4845f71859fe75ca8a605ae5f58,2026-09-02T16:40:54+00:00
2026-07-26,KMI,2022Q3,ALPHA_VANTAGE,REVENUE_USD,4622170000.0,D:\Programming\python_example\Arcana\data-lake\bronze\consensus\alpha-vantage\earnings-estimates\snapshot_date=2026-07-26\ticker=KMI.json,27f291d1a5e82eade86eb66a85aab61bddf8d4845f71859fe75ca8a605ae5f58,2026-09-02T16:40:54+00:00
2026-07-26,KMI,2022Q2,ALPHA_VANTAGE,REVENUE_USD,3791400000.0,D:\Programming\python_example\Arcana\data-lake\bronze\consensus\alpha-vantage\earnings-estimates\snapshot_date=2026-07-26\ticker=KMI.json,27f291d1a5e82eade86eb66a85aab61bddf8d4845f71859fe75ca8a605ae5f58,2026-09-02T16:40:54+00:00
2026-07-26,KMI,2022Q1,ALPHA_VANTAGE,REVENUE_USD,3621650000.0,D:\Programming\python_example\Arcana\data-lake\bronze\consensus\alpha-vantage\earnings-estimates\snapshot_date=2026-07-26\ticker=KMI.json,27f291d1a5e82eade86eb66a85aab61bddf8d4845f71859fe75ca8a605ae5f58,2026-09-02T16:40:54+00:00
2026-07-26,KMI,2021Q4,ALPHA_VANTAGE,REVENUE_USD,3581990000.0,D:\Programming\python_example\Arcana\data-lake\bronze\consensus\alpha-vantage\earnings-estimates\snapshot_date=2026-07-26\ticker=KMI.json,27f291d1a5e82eade86eb66a85aab61bddf8d4845f71859fe75ca8a605ae5f58,2026-09-02T16:40:54+00:00
2026-07-26,KMI,2021Q3,ALPHA_VANTAGE,REVENUE_USD,3255970000.0,D:\Programming\python_example\Arcana\data-lake\bronze\consensus\alpha-vantage\earnings-estimates\snapshot_date=2026-07-26\ticker=KMI.json,27f291d1a5e82eade86eb66a85aab61bddf8d4845f71859fe75ca8a605ae5f58,2026-09-02T16:40:54+00:00
2026-07-26,KMI,2021Q2,ALPHA_VANTAGE,REVENUE_USD,2877470000.0,D:\Programming\python_example\Arcana\data-lake\bronze\consensus\alpha-vantage\earnings-estimates\snapshot_date=2026-07-26\ticker=KMI.json,27f291d1a5e82eade86eb66a85aab61bddf8d4845f71859fe75ca8a605ae5f58,2026-09-02T16:40:54+00:00
2026-07-26,KMI,2021Q1,ALPHA_VANTAGE,REVENUE_USD,3028580000.0,D:\Programming\python_example\Arcana\data-lake\bronze\consensus\alpha-vantage\earnings-estimates\snapshot_date=2026-07-26\ticker=KMI.json,27f291d1a5e82eade86eb66a85aab61bddf8d4845f71859fe75ca8a605ae5f58,2026-09-02T16:40:54+00:00
2026-07-26,KMI,2020Q4,ALPHA_VANTAGE,REVENUE_USD,3045050000.0,D:\Programming\python_example\Arcana\data-lake\bronze\consensus\alpha-vantage\earnings-estimates\snapshot_date=2026-07-26\ticker=KMI.json,27f291d1a5e82eade86eb66a85aab61bddf8d4845f71859fe75ca8a605ae5f58,2026-09-02T16:40:54+00:00
2026-07-26,KMI,2020Q3,ALPHA_VANTAGE,REVENUE_USD,2935750000.0,D:\Programming\python_example\Arcana\data-lake\bronze\consensus\alpha-vantage\earnings-estimates\snapshot_date=2026-07-26\ticker=KMI.json,27f291d1a5e82eade86eb66a85aab61bddf8d4845f71859fe75ca8a605ae5f58,2026-09-02T16:40:54+00:00
2026-07-26,KMI,2020Q2,ALPHA_VANTAGE,REVENUE_USD,2891950000.0,D:\Programming\python_example\Arcana\data-lake\bronze\consensus\alpha-vantage\earnings-estimates\snapshot_date=2026-07-26\ticker=KMI.json,27f291d1a5e82eade86eb66a85aab61bddf8d4845f71859fe75ca8a605ae5f58,2026-09-02T16:40:54+00:00
2026-07-26,KMI,2020Q1,ALPHA_VANTAGE,REVENUE_USD,3444670000.0,D:\Programming\python_example\Arcana\data-lake\bronze\consensus\alpha-vantage\earnings-estimates\snapshot_date=2026-07-26\ticker=KMI.json,27f291d1a5e82eade86eb66a85aab61bddf8d4845f71859fe75ca8a605ae5f58,2026-09-02T16:40:54+00:00
2026-07-26,KMI,2019Q4,ALPHA_VANTAGE,REVENUE_USD,3616760000.0,D:\Programming\python_example\Arcana\data-lake\bronze\consensus\alpha-vantage\earnings-estimates\snapshot_date=2026-07-26\ticker=KMI.json,27f291d1a5e82eade86eb66a85aab61bddf8d4845f71859fe75ca8a605ae5f58,2026-09-02T16:40:54+00:00
2026-07-26,KMI,2019Q3,ALPHA_VANTAGE,REVENUE_USD,3446340000.0,D:\Programming\python_example\Arcana\data-lake\bronze\consensus\alpha-vantage\earnings-estimates\snapshot_date=2026-07-26\ticker=KMI.json,27f291d1a5e82eade86eb66a85aab61bddf8d4845f71859fe75ca8a605ae5f58,2026-09-02T16:40:54+00:00
2026-07-26,KMI,2019Q2,ALPHA_VANTAGE,REVENUE_USD,3590710000.0,D:\Programming\python_example\Arcana\data-lake\bronze\consensus\alpha-vantage\earnings-estimates\snapshot_date=2026-07-26\ticker=KMI.json,27f291d1a5e82eade86eb66a85aab61bddf8d4845f71859fe75ca8a605ae5f58,2026-09-02T16:40:54+00:00
2026-07-26,KMI,2019Q1,ALPHA_VANTAGE,REVENUE_USD,3660400000.0,D:\Programming\python_example\Arcana\data-lake\bronze\consensus\alpha-vantage\earnings-estimates\snapshot_date=2026-07-26\ticker=KMI.json,27f291d1a5e82eade86eb66a85aab61bddf8d4845f71859fe75ca8a605ae5f58,2026-09-02T16:40:54+00:00
2026-07-26,KMI,2018Q4,ALPHA_VANTAGE,REVENUE_USD,3812420000.0,D:\Programming\python_example\Arcana\data-lake\bronze\consensus\alpha-vantage\earnings-estimates\snapshot_date=2026-07-26\ticker=KMI.json,27f291d1a5e82eade86eb66a85aab61bddf8d4845f71859fe75ca8a605ae5f58,2026-09-02T16:40:54+00:00
2026-07-26,KMI,2018Q3,ALPHA_VANTAGE,REVENUE_USD,3557790000.0,D:\Programming\python_example\Arcana\data-lake\bronze\consensus\alpha-vantage\earnings-estimates\snapshot_date=2026-07-26\ticker=KMI.json,27f291d1a5e82eade86eb66a85aab61bddf8d4845f71859fe75ca8a605ae5f58,2026-09-02T16:40:54+00:00
2026-07-26,KMI,2018Q2,ALPHA_VANTAGE,REVENUE_USD,3588670000.0,D:\Programming\python_example\Arcana\data-lake\bronze\consensus\alpha-vantage\earnings-estimates\snapshot_date=2026-07-26\ticker=KMI.json,27f291d1a5e82eade86eb66a85aab61bddf8d4845f71859fe75ca8a605ae5f58,2026-09-02T16:40:54+00:00
2026-07-26,KMI,2018Q1,ALPHA_VANTAGE,REVENUE_USD,3646960000.0,D:\Programming\python_example\Arcana\data-lake\bronze\consensus\alpha-vantage\earnings-estimates\snapshot_date=2026-07-26\ticker=KMI.json,27f291d1a5e82eade86eb66a85aab61bddf8d4845f71859fe75ca8a605ae5f58,2026-09-02T16:40:54+00:00
2026-07-26,KMI,2017Q4,ALPHA_VANTAGE,REVENUE_USD,3632000000.0,D:\Programming\python_example\Arcana\data-lake\bronze\consensus\alpha-vantage\earnings-estimates\snapshot_date=2026-07-26\ticker=KMI.json,27f291d1a5e82eade86eb66a85aab61bddf8d4845f71859fe75ca8a605ae5f58,2026-09-02T16:40:54+00:00
2026-07-26,KMI,2017Q3,ALPHA_VANTAGE,REVENUE_USD,3232060000.0,D:\Programming\python_example\Arcana\data-lake\bronze\consensus\alpha-vantage\earnings-estimates\snapshot_date=2026-07-26\ticker=KMI.json,27f291d1a5e82eade86eb66a85aab61bddf8d4845f71859fe75ca8a605ae5f58,2026-09-02T16:40:54+00:00
2026-07-26,KMI,2017Q2,ALPHA_VANTAGE,REVENUE_USD,3133270000.0,D:\Programming\python_example\Arcana\data-lake\bronze\consensus\alpha-vantage\earnings-estimates\snapshot_date=2026-07-26\ticker=KMI.json,27f291d1a5e82eade86eb66a85aab61bddf8d4845f71859fe75ca8a605ae5f58,2026-09-02T16:40:54+00:00
2026-07-26,WMB,2026Q3,ALPHA_VANTAGE,REVENUE_USD,2924902290.0,D:\Programming\python_example\Arcana\data-lake\bronze\consensus\alpha-vantage\earnings-estimates\snapshot_date=2026-07-26\ticker=WMB.json,6b2d776bd9b50ffe6463d2c64b856363bc49c5430b0f570286d8b3275eaefea7,2026-09-02T16:40:54+00:00
2026-07-26,WMB,2026Q2,ALPHA_VANTAGE,REVENUE_USD,2815632890.0,D:\Programming\python_example\Arcana\data-lake\bronze\consensus\alpha-vantage\earnings-estimates\snapshot_date=2026-07-26\ticker=WMB.json,6b2d776bd9b50ffe6463d2c64b856363bc49c5430b0f570286d8b3275eaefea7,2026-09-02T16:40:54+00:00
2026-07-26,WMB,2026Q1,ALPHA_VANTAGE,REVENUE_USD,3285974080.0,D:\Programming\python_example\Arcana\data-lake\bronze\consensus\alpha-vantage\earnings-estimates\snapshot_date=2026-07-26\ticker=WMB.json,6b2d776bd9b50ffe6463d2c64b856363bc49c5430b0f570286d8b3275eaefea7,2026-09-02T16:40:54+00:00
2026-07-26,WMB,2025Q4,ALPHA_VANTAGE,REVENUE_USD,3186089680.0,D:\Programming\python_example\Arcana\data-lake\bronze\consensus\alpha-vantage\earnings-estimates\snapshot_date=2026-07-26\ticker=WMB.json,6b2d776bd9b50ffe6463d2c64b856363bc49c5430b0f570286d8b3275eaefea7,2026-09-02T16:40:54+00:00
2026-07-26,WMB,2025Q3,ALPHA_VANTAGE,REVENUE_USD,2956578660.0,D:\Programming\python_example\Arcana\data-lake\bronze\consensus\alpha-vantage\earnings-estimates\snapshot_date=2026-07-26\ticker=WMB.json,6b2d776bd9b50ffe6463d2c64b856363bc49c5430b0f570286d8b3275eaefea7,2026-09-02T16:40:54+00:00
2026-07-26,WMB,2025Q2,ALPHA_VANTAGE,REVENUE_USD,2731462560.0,D:\Programming\python_example\Arcana\data-lake\bronze\consensus\alpha-vantage\earnings-estimates\snapshot_date=2026-07-26\ticker=WMB.json,6b2d776bd9b50ffe6463d2c64b856363bc49c5430b0f570286d8b3275eaefea7,2026-09-02T16:40:54+00:00
2026-07-26,WMB,2025Q1,ALPHA_VANTAGE,REVENUE_USD,2941960120.0,D:\Programming\python_example\Arcana\data-lake\bronze\consensus\alpha-vantage\earnings-estimates\snapshot_date=2026-07-26\ticker=WMB.json,6b2d776bd9b50ffe6463d2c64b856363bc49c5430b0f570286d8b3275eaefea7,2026-09-02T16:40:54+00:00
2026-07-26,WMB,2024Q4,ALPHA_VANTAGE,REVENUE_USD,2682026810.0,D:\Programming\python_example\Arcana\data-lake\bronze\consensus\alpha-vantage\earnings-estimates\snapshot_date=2026-07-26\ticker=WMB.json,6b2d776bd9b50ffe6463d2c64b856363bc49c5430b0f570286d8b3275eaefea7,2026-09-02T16:40:54+00:00
2026-07-26,WMB,2024Q3,ALPHA_VANTAGE,REVENUE_USD,2484970000.0,D:\Programming\python_example\Arcana\data-lake\bronze\consensus\alpha-vantage\earnings-estimates\snapshot_date=2026-07-26\ticker=WMB.json,6b2d776bd9b50ffe6463d2c64b856363bc49c5430b0f570286d8b3275eaefea7,2026-09-02T16:40:54+00:00
2026-07-26,WMB,2024Q2,ALPHA_VANTAGE,REVENUE_USD,2428410000.0,D:\Programming\python_example\Arcana\data-lake\bronze\consensus\alpha-vantage\earnings-estimates\snapshot_date=2026-07-26\ticker=WMB.json,6b2d776bd9b50ffe6463d2c64b856363bc49c5430b0f570286d8b3275eaefea7,2026-09-02T16:40:54+00:00
2026-07-26,WMB,2024Q1,ALPHA_VANTAGE,REVENUE_USD,2687210000.0,D:\Programming\python_example\Arcana\data-lake\bronze\consensus\alpha-vantage\earnings-estimates\snapshot_date=2026-07-26\ticker=WMB.json,6b2d776bd9b50ffe6463d2c64b856363bc49c5430b0f570286d8b3275eaefea7,2026-09-02T16:40:54+00:00
2026-07-26,WMB,2023Q4,ALPHA_VANTAGE,REVENUE_USD,2644560000.0,D:\Programming\python_example\Arcana\data-lake\bronze\consensus\alpha-vantage\earnings-estimates\snapshot_date=2026-07-26\ticker=WMB.json,6b2d776bd9b50ffe6463d2c64b856363bc49c5430b0f570286d8b3275eaefea7,2026-09-02T16:40:54+00:00
2026-07-26,WMB,2023Q3,ALPHA_VANTAGE,REVENUE_USD,2584510000.0,D:\Programming\python_example\Arcana\data-lake\bronze\consensus\alpha-vantage\earnings-estimates\snapshot_date=2026-07-26\ticker=WMB.json,6b2d776bd9b50ffe6463d2c64b856363bc49c5430b0f570286d8b3275eaefea7,2026-09-02T16:40:54+00:00
2026-07-26,WMB,2023Q2,ALPHA_VANTAGE,REVENUE_USD,2651250000.0,D:\Programming\python_example\Arcana\data-lake\bronze\consensus\alpha-vantage\earnings-estimates\snapshot_date=2026-07-26\ticker=WMB.json,6b2d776bd9b50ffe6463d2c64b856363bc49c5430b0f570286d8b3275eaefea7,2026-09-02T16:40:54+00:00
2026-07-26,WMB,2023Q1,ALPHA_VANTAGE,REVENUE_USD,2628550000.0,D:\Programming\python_example\Arcana\data-lake\bronze\consensus\alpha-vantage\earnings-estimates\snapshot_date=2026-07-26\ticker=WMB.json,6b2d776bd9b50ffe6463d2c64b856363bc49c5430b0f570286d8b3275eaefea7,2026-09-02T16:40:54+00:00
2026-07-26,WMB,2022Q4,ALPHA_VANTAGE,REVENUE_USD,2966060000.0,D:\Programming\python_example\Arcana\data-lake\bronze\consensus\alpha-vantage\earnings-estimates\snapshot_date=2026-07-26\ticker=WMB.json,6b2d776bd9b50ffe6463d2c64b856363bc49c5430b0f570286d8b3275eaefea7,2026-09-02T16:40:54+00:00
2026-07-26,WMB,2022Q3,ALPHA_VANTAGE,REVENUE_USD,2862840000.0,D:\Programming\python_example\Arcana\data-lake\bronze\consensus\alpha-vantage\earnings-estimates\snapshot_date=2026-07-26\ticker=WMB.json,6b2d776bd9b50ffe6463d2c64b856363bc49c5430b0f570286d8b3275eaefea7,2026-09-02T16:40:54+00:00
2026-07-26,WMB,2022Q2,ALPHA_VANTAGE,REVENUE_USD,2715420000.0,D:\Programming\python_example\Arcana\data-lake\bronze\consensus\alpha-vantage\earnings-estimates\snapshot_date=2026-07-26\ticker=WMB.json,6b2d776bd9b50ffe6463d2c64b856363bc49c5430b0f570286d8b3275eaefea7,2026-09-02T16:40:54+00:00
2026-07-26,WMB,2022Q1,ALPHA_VANTAGE,REVENUE_USD,2979960000.0,D:\Programming\python_example\Arcana\data-lake\bronze\consensus\alpha-vantage\earnings-estimates\snapshot_date=2026-07-26\ticker=WMB.json,6b2d776bd9b50ffe6463d2c64b856363bc49c5430b0f570286d8b3275eaefea7,2026-09-02T16:40:54+00:00
2026-07-26,WMB,2021Q4,ALPHA_VANTAGE,REVENUE_USD,2380220000.0,D:\Programming\python_example\Arcana\data-lake\bronze\consensus\alpha-vantage\earnings-estimates\snapshot_date=2026-07-26\ticker=WMB.json,6b2d776bd9b50ffe6463d2c64b856363bc49c5430b0f570286d8b3275eaefea7,2026-09-02T16:40:54+00:00
2026-07-26,WMB,2021Q3,ALPHA_VANTAGE,REVENUE_USD,2064610000.0,D:\Programming\python_example\Arcana\data-lake\bronze\consensus\alpha-vantage\earnings-estimates\snapshot_date=2026-07-26\ticker=WMB.json,6b2d776bd9b50ffe6463d2c64b856363bc49c5430b0f570286d8b3275eaefea7,2026-09-02T16:40:54+00:00
2026-07-26,WMB,2021Q2,ALPHA_VANTAGE,REVENUE_USD,2067760000.0,D:\Programming\python_example\Arcana\data-lake\bronze\consensus\alpha-vantage\earnings-estimates\snapshot_date=2026-07-26\ticker=WMB.json,6b2d776bd9b50ffe6463d2c64b856363bc49c5430b0f570286d8b3275eaefea7,2026-09-02T16:40:54+00:00
2026-07-26,WMB,2021Q1,ALPHA_VANTAGE,REVENUE_USD,1969830000.0,D:\Programming\python_example\Arcana\data-lake\bronze\consensus\alpha-vantage\earnings-estimates\snapshot_date=2026-07-26\ticker=WMB.json,6b2d776bd9b50ffe6463d2c64b856363bc49c5430b0f570286d8b3275eaefea7,2026-09-02T16:40:54+00:00
2026-07-26,WMB,2020Q4,ALPHA_VANTAGE,REVENUE_USD,1872770000.0,D:\Programming\python_example\Arcana\data-lake\bronze\consensus\alpha-vantage\earnings-estimates\snapshot_date=2026-07-26\ticker=WMB.json,6b2d776bd9b50ffe6463d2c64b856363bc49c5430b0f570286d8b3275eaefea7,2026-09-02T16:40:54+00:00
2026-07-26,WMB,2020Q3,ALPHA_VANTAGE,REVENUE_USD,1750640000.0,D:\Programming\python_example\Arcana\data-lake\bronze\consensus\alpha-vantage\earnings-estimates\snapshot_date=2026-07-26\ticker=WMB.json,6b2d776bd9b50ffe6463d2c64b856363bc49c5430b0f570286d8b3275eaefea7,2026-09-02T16:40:54+00:00
2026-07-26,WMB,2020Q2,ALPHA_VANTAGE,REVENUE_USD,1785220000.0,D:\Programming\python_example\Arcana\data-lake\bronze\consensus\alpha-vantage\earnings-estimates\snapshot_date=2026-07-26\ticker=WMB.json,6b2d776bd9b50ffe6463d2c64b856363bc49c5430b0f570286d8b3275eaefea7,2026-09-02T16:40:54+00:00
2026-07-26,WMB,2020Q1,ALPHA_VANTAGE,REVENUE_USD,2133900000.0,D:\Programming\python_example\Arcana\data-lake\bronze\consensus\alpha-vantage\earnings-estimates\snapshot_date=2026-07-26\ticker=WMB.json,6b2d776bd9b50ffe6463d2c64b856363bc49c5430b0f570286d8b3275eaefea7,2026-09-02T16:40:54+00:00
2026-07-26,WMB,2019Q4,ALPHA_VANTAGE,REVENUE_USD,2089090000.0,D:\Programming\python_example\Arcana\data-lake\bronze\consensus\alpha-vantage\earnings-estimates\snapshot_date=2026-07-26\ticker=WMB.json,6b2d776bd9b50ffe6463d2c64b856363bc49c5430b0f570286d8b3275eaefea7,2026-09-02T16:40:54+00:00
2026-07-26,WMB,2019Q3,ALPHA_VANTAGE,REVENUE_USD,2080100000.0,D:\Programming\python_example\Arcana\data-lake\bronze\consensus\alpha-vantage\earnings-estimates\snapshot_date=2026-07-26\ticker=WMB.json,6b2d776bd9b50ffe6463d2c64b856363bc49c5430b0f570286d8b3275eaefea7,2026-09-02T16:40:54+00:00
2026-07-26,WMB,2019Q2,ALPHA_VANTAGE,REVENUE_USD,2120030000.0,D:\Programming\python_example\Arcana\data-lake\bronze\consensus\alpha-vantage\earnings-estimates\snapshot_date=2026-07-26\ticker=WMB.json,6b2d776bd9b50ffe6463d2c64b856363bc49c5430b0f570286d8b3275eaefea7,2026-09-02T16:40:54+00:00
2026-07-26,WMB,2019Q1,ALPHA_VANTAGE,REVENUE_USD,2250810000.0,D:\Programming\python_example\Arcana\data-lake\bronze\consensus\alpha-vantage\earnings-estimates\snapshot_date=2026-07-26\ticker=WMB.json,6b2d776bd9b50ffe6463d2c64b856363bc49c5430b0f570286d8b3275eaefea7,2026-09-02T16:40:54+00:00
2026-07-26,WMB,2018Q4,ALPHA_VANTAGE,REVENUE_USD,2308970000.0,D:\Programming\python_example\Arcana\data-lake\bronze\consensus\alpha-vantage\earnings-estimates\snapshot_date=2026-07-26\ticker=WMB.json,6b2d776bd9b50ffe6463d2c64b856363bc49c5430b0f570286d8b3275eaefea7,2026-09-02T16:40:54+00:00
2026-07-26,WMB,2018Q3,ALPHA_VANTAGE,REVENUE_USD,2076050000.0,D:\Programming\python_example\Arcana\data-lake\bronze\consensus\alpha-vantage\earnings-estimates\snapshot_date=2026-07-26\ticker=WMB.json,6b2d776bd9b50ffe6463d2c64b856363bc49c5430b0f570286d8b3275eaefea7,2026-09-02T16:40:54+00:00
2026-07-26,WMB,2018Q2,ALPHA_VANTAGE,REVENUE_USD,1853650000.0,D:\Programming\python_example\Arcana\data-lake\bronze\consensus\alpha-vantage\earnings-estimates\snapshot_date=2026-07-26\ticker=WMB.json,6b2d776bd9b50ffe6463d2c64b856363bc49c5430b0f570286d8b3275eaefea7,2026-09-02T16:40:54+00:00
2026-07-26,WMB,2018Q1,ALPHA_VANTAGE,REVENUE_USD,1935270000.0,D:\Programming\python_example\Arcana\data-lake\bronze\consensus\alpha-vantage\earnings-estimates\snapshot_date=2026-07-26\ticker=WMB.json,6b2d776bd9b50ffe6463d2c64b856363bc49c5430b0f570286d8b3275eaefea7,2026-09-02T16:40:54+00:00
2026-07-26,WMB,2017Q4,ALPHA_VANTAGE,REVENUE_USD,1863040000.0,D:\Programming\python_example\Arcana\data-lake\bronze\consensus\alpha-vantage\earnings-estimates\snapshot_date=2026-07-26\ticker=WMB.json,6b2d776bd9b50ffe6463d2c64b856363bc49c5430b0f570286d8b3275eaefea7,2026-09-02T16:40:54+00:00
2026-07-26,WMB,2017Q3,ALPHA_VANTAGE,REVENUE_USD,1737680000.0,D:\Programming\python_example\Arcana\data-lake\bronze\consensus\alpha-vantage\earnings-estimates\snapshot_date=2026-07-26\ticker=WMB.json,6b2d776bd9b50ffe6463d2c64b856363bc49c5430b0f570286d8b3275eaefea7,2026-09-02T16:40:54+00:00
2026-07-26,WMB,2017Q2,ALPHA_VANTAGE,REVENUE_USD,1795540000.0,D:\Programming\python_example\Arcana\data-lake\bronze\consensus\alpha-vantage\earnings-estimates\snapshot_date=2026-07-26\ticker=WMB.json,6b2d776bd9b50ffe6463d2c64b856363bc49c5430b0f570286d8b3275eaefea7,2026-09-02T16:40:54+00:00
2026-07-26,EPD,2026Q3,ALPHA_VANTAGE,REVENUE_USD,13313356350.0,D:\Programming\python_example\Arcana\data-lake\bronze\consensus\alpha-vantage\earnings-estimates\snapshot_date=2026-07-26\ticker=EPD.json,fa25980eaf7d43d733af8f8b8dc27d9bee22e5079bc72b39521d05016d411c04,2026-09-02T16:40:54+00:00
2026-07-26,EPD,2026Q2,ALPHA_VANTAGE,REVENUE_USD,14064967640.0,D:\Programming\python_example\Arcana\data-lake\bronze\consensus\alpha-vantage\earnings-estimates\snapshot_date=2026-07-26\ticker=EPD.json,fa25980eaf7d43d733af8f8b8dc27d9bee22e5079bc72b39521d05016d411c04,2026-09-02T16:40:54+00:00
2026-07-26,EPD,2026Q1,ALPHA_VANTAGE,REVENUE_USD,13615779210.0,D:\Programming\python_example\Arcana\data-lake\bronze\consensus\alpha-vantage\earnings-estimates\snapshot_date=2026-07-26\ticker=EPD.json,fa25980eaf7d43d733af8f8b8dc27d9bee22e5079bc72b39521d05016d411c04,2026-09-02T16:40:54+00:00
2026-07-26,EPD,2025Q4,ALPHA_VANTAGE,REVENUE_USD,12364440390.0,D:\Programming\python_example\Arcana\data-lake\bronze\consensus\alpha-vantage\earnings-estimates\snapshot_date=2026-07-26\ticker=EPD.json,fa25980eaf7d43d733af8f8b8dc27d9bee22e5079bc72b39521d05016d411c04,2026-09-02T16:40:54+00:00
2026-07-26,EPD,2025Q3,ALPHA_VANTAGE,REVENUE_USD,11799308980.0,D:\Programming\python_example\Arcana\data-lake\bronze\consensus\alpha-vantage\earnings-estimates\snapshot_date=2026-07-26\ticker=EPD.json,fa25980eaf7d43d733af8f8b8dc27d9bee22e5079bc72b39521d05016d411c04,2026-09-02T16:40:54+00:00
2026-07-26,EPD,2025Q2,ALPHA_VANTAGE,REVENUE_USD,14175794630.0,D:\Programming\python_example\Arcana\data-lake\bronze\consensus\alpha-vantage\earnings-estimates\snapshot_date=2026-07-26\ticker=EPD.json,fa25980eaf7d43d733af8f8b8dc27d9bee22e5079bc72b39521d05016d411c04,2026-09-02T16:40:54+00:00
2026-07-26,EPD,2025Q1,ALPHA_VANTAGE,REVENUE_USD,13999551750.0,D:\Programming\python_example\Arcana\data-lake\bronze\consensus\alpha-vantage\earnings-estimates\snapshot_date=2026-07-26\ticker=EPD.json,fa25980eaf7d43d733af8f8b8dc27d9bee22e5079bc72b39521d05016d411c04,2026-09-02T16:40:54+00:00
2026-07-26,EPD,2024Q4,ALPHA_VANTAGE,REVENUE_USD,14126427720.0,D:\Programming\python_example\Arcana\data-lake\bronze\consensus\alpha-vantage\earnings-estimates\snapshot_date=2026-07-26\ticker=EPD.json,fa25980eaf7d43d733af8f8b8dc27d9bee22e5079bc72b39521d05016d411c04,2026-09-02T16:40:54+00:00
2026-07-26,EPD,2024Q3,ALPHA_VANTAGE,REVENUE_USD,13843300000.0,D:\Programming\python_example\Arcana\data-lake\bronze\consensus\alpha-vantage\earnings-estimates\snapshot_date=2026-07-26\ticker=EPD.json,fa25980eaf7d43d733af8f8b8dc27d9bee22e5079bc72b39521d05016d411c04,2026-09-02T16:40:54+00:00
2026-07-26,EPD,2024Q2,ALPHA_VANTAGE,REVENUE_USD,14270400000.0,D:\Programming\python_example\Arcana\data-lake\bronze\consensus\alpha-vantage\earnings-estimates\snapshot_date=2026-07-26\ticker=EPD.json,fa25980eaf7d43d733af8f8b8dc27d9bee22e5079bc72b39521d05016d411c04,2026-09-02T16:40:54+00:00
2026-07-26,EPD,2024Q1,ALPHA_VANTAGE,REVENUE_USD,14202000000.0,D:\Programming\python_example\Arcana\data-lake\bronze\consensus\alpha-vantage\earnings-estimates\snapshot_date=2026-07-26\ticker=EPD.json,fa25980eaf7d43d733af8f8b8dc27d9bee22e5079bc72b39521d05016d411c04,2026-09-02T16:40:54+00:00
2026-07-26,EPD,2023Q4,ALPHA_VANTAGE,REVENUE_USD,12431200000.0,D:\Programming\python_example\Arcana\data-lake\bronze\consensus\alpha-vantage\earnings-estimates\snapshot_date=2026-07-26\ticker=EPD.json,fa25980eaf7d43d733af8f8b8dc27d9bee22e5079bc72b39521d05016d411c04,2026-09-02T16:40:54+00:00
2026-07-26,EPD,2023Q3,ALPHA_VANTAGE,REVENUE_USD,12015600000.0,D:\Programming\python_example\Arcana\data-lake\bronze\consensus\alpha-vantage\earnings-estimates\snapshot_date=2026-07-26\ticker=EPD.json,fa25980eaf7d43d733af8f8b8dc27d9bee22e5079bc72b39521d05016d411c04,2026-09-02T16:40:54+00:00
2026-07-26,EPD,2023Q2,ALPHA_VANTAGE,REVENUE_USD,13026000000.0,D:\Programming\python_example\Arcana\data-lake\bronze\consensus\alpha-vantage\earnings-estimates\snapshot_date=2026-07-26\ticker=EPD.json,fa25980eaf7d43d733af8f8b8dc27d9bee22e5079bc72b39521d05016d411c04,2026-09-02T16:40:54+00:00
2026-07-26,EPD,2023Q1,ALPHA_VANTAGE,REVENUE_USD,14080500000.0,D:\Programming\python_example\Arcana\data-lake\bronze\consensus\alpha-vantage\earnings-estimates\snapshot_date=2026-07-26\ticker=EPD.json,fa25980eaf7d43d733af8f8b8dc27d9bee22e5079bc72b39521d05016d411c04,2026-09-02T16:40:54+00:00
2026-07-26,EPD,2022Q4,ALPHA_VANTAGE,REVENUE_USD,15159000000.0,D:\Programming\python_example\Arcana\data-lake\bronze\consensus\alpha-vantage\earnings-estimates\snapshot_date=2026-07-26\ticker=EPD.json,fa25980eaf7d43d733af8f8b8dc27d9bee22e5079bc72b39521d05016d411c04,2026-09-02T16:40:54+00:00
2026-07-26,EPD,2022Q3,ALPHA_VANTAGE,REVENUE_USD,14224800000.0,D:\Programming\python_example\Arcana\data-lake\bronze\consensus\alpha-vantage\earnings-estimates\snapshot_date=2026-07-26\ticker=EPD.json,fa25980eaf7d43d733af8f8b8dc27d9bee22e5079bc72b39521d05016d411c04,2026-09-02T16:40:54+00:00
2026-07-26,EPD,2022Q2,ALPHA_VANTAGE,REVENUE_USD,12329800000.0,D:\Programming\python_example\Arcana\data-lake\bronze\consensus\alpha-vantage\earnings-estimates\snapshot_date=2026-07-26\ticker=EPD.json,fa25980eaf7d43d733af8f8b8dc27d9bee22e5079bc72b39521d05016d411c04,2026-09-02T16:40:54+00:00
2026-07-26,EPD,2022Q1,ALPHA_VANTAGE,REVENUE_USD,10507000000.0,D:\Programming\python_example\Arcana\data-lake\bronze\consensus\alpha-vantage\earnings-estimates\snapshot_date=2026-07-26\ticker=EPD.json,fa25980eaf7d43d733af8f8b8dc27d9bee22e5079bc72b39521d05016d411c04,2026-09-02T16:40:54+00:00
2026-07-26,EPD,2021Q4,ALPHA_VANTAGE,REVENUE_USD,9996940000.0,D:\Programming\python_example\Arcana\data-lake\bronze\consensus\alpha-vantage\earnings-estimates\snapshot_date=2026-07-26\ticker=EPD.json,fa25980eaf7d43d733af8f8b8dc27d9bee22e5079bc72b39521d05016d411c04,2026-09-02T16:40:54+00:00
2026-07-26,EPD,2021Q3,ALPHA_VANTAGE,REVENUE_USD,8400730000.0,D:\Programming\python_example\Arcana\data-lake\bronze\consensus\alpha-vantage\earnings-estimates\snapshot_date=2026-07-26\ticker=EPD.json,fa25980eaf7d43d733af8f8b8dc27d9bee22e5079bc72b39521d05016d411c04,2026-09-02T16:40:54+00:00
2026-07-26,EPD,2021Q2,ALPHA_VANTAGE,REVENUE_USD,7555130000.0,D:\Programming\python_example\Arcana\data-lake\bronze\consensus\alpha-vantage\earnings-estimates\snapshot_date=2026-07-26\ticker=EPD.json,fa25980eaf7d43d733af8f8b8dc27d9bee22e5079bc72b39521d05016d411c04,2026-09-02T16:40:54+00:00
2026-07-26,EPD,2021Q1,ALPHA_VANTAGE,REVENUE_USD,7072780000.0,D:\Programming\python_example\Arcana\data-lake\bronze\consensus\alpha-vantage\earnings-estimates\snapshot_date=2026-07-26\ticker=EPD.json,fa25980eaf7d43d733af8f8b8dc27d9bee22e5079bc72b39521d05016d411c04,2026-09-02T16:40:54+00:00
2026-07-26,EPD,2020Q4,ALPHA_VANTAGE,REVENUE_USD,7225400000.0,D:\Programming\python_example\Arcana\data-lake\bronze\consensus\alpha-vantage\earnings-estimates\snapshot_date=2026-07-26\ticker=EPD.json,fa25980eaf7d43d733af8f8b8dc27d9bee22e5079bc72b39521d05016d411c04,2026-09-02T16:40:54+00:00
2026-07-26,EPD,2020Q3,ALPHA_VANTAGE,REVENUE_USD,7121380000.0,D:\Programming\python_example\Arcana\data-lake\bronze\consensus\alpha-vantage\earnings-estimates\snapshot_date=2026-07-26\ticker=EPD.json,fa25980eaf7d43d733af8f8b8dc27d9bee22e5079bc72b39521d05016d411c04,2026-09-02T16:40:54+00:00
2026-07-26,EPD,2020Q2,ALPHA_VANTAGE,REVENUE_USD,7489370000.0,D:\Programming\python_example\Arcana\data-lake\bronze\consensus\alpha-vantage\earnings-estimates\snapshot_date=2026-07-26\ticker=EPD.json,fa25980eaf7d43d733af8f8b8dc27d9bee22e5079bc72b39521d05016d411c04,2026-09-02T16:40:54+00:00
2026-07-26,EPD,2020Q1,ALPHA_VANTAGE,REVENUE_USD,8245620000.0,D:\Programming\python_example\Arcana\data-lake\bronze\consensus\alpha-vantage\earnings-estimates\snapshot_date=2026-07-26\ticker=EPD.json,fa25980eaf7d43d733af8f8b8dc27d9bee22e5079bc72b39521d05016d411c04,2026-09-02T16:40:54+00:00
2026-07-26,EPD,2019Q4,ALPHA_VANTAGE,REVENUE_USD,8570450000.0,D:\Programming\python_example\Arcana\data-lake\bronze\consensus\alpha-vantage\earnings-estimates\snapshot_date=2026-07-26\ticker=EPD.json,fa25980eaf7d43d733af8f8b8dc27d9bee22e5079bc72b39521d05016d411c04,2026-09-02T16:40:54+00:00
2026-07-26,EPD,2019Q3,ALPHA_VANTAGE,REVENUE_USD,8816780000.0,D:\Programming\python_example\Arcana\data-lake\bronze\consensus\alpha-vantage\earnings-estimates\snapshot_date=2026-07-26\ticker=EPD.json,fa25980eaf7d43d733af8f8b8dc27d9bee22e5079bc72b39521d05016d411c04,2026-09-02T16:40:54+00:00
2026-07-26,EPD,2019Q2,ALPHA_VANTAGE,REVENUE_USD,8671250000.0,D:\Programming\python_example\Arcana\data-lake\bronze\consensus\alpha-vantage\earnings-estimates\snapshot_date=2026-07-26\ticker=EPD.json,fa25980eaf7d43d733af8f8b8dc27d9bee22e5079bc72b39521d05016d411c04,2026-09-02T16:40:54+00:00
2026-07-26,EPD,2019Q1,ALPHA_VANTAGE,REVENUE_USD,9388380000.0,D:\Programming\python_example\Arcana\data-lake\bronze\consensus\alpha-vantage\earnings-estimates\snapshot_date=2026-07-26\ticker=EPD.json,fa25980eaf7d43d733af8f8b8dc27d9bee22e5079bc72b39521d05016d411c04,2026-09-02T16:40:54+00:00
2026-07-26,EPD,2018Q4,ALPHA_VANTAGE,REVENUE_USD,9331630000.0,D:\Programming\python_example\Arcana\data-lake\bronze\consensus\alpha-vantage\earnings-estimates\snapshot_date=2026-07-26\ticker=EPD.json,fa25980eaf7d43d733af8f8b8dc27d9bee22e5079bc72b39521d05016d411c04,2026-09-02T16:40:54+00:00
2026-07-26,EPD,2018Q3,ALPHA_VANTAGE,REVENUE_USD,9341830000.0,D:\Programming\python_example\Arcana\data-lake\bronze\consensus\alpha-vantage\earnings-estimates\snapshot_date=2026-07-26\ticker=EPD.json,fa25980eaf7d43d733af8f8b8dc27d9bee22e5079bc72b39521d05016d411c04,2026-09-02T16:40:54+00:00
2026-07-26,EPD,2018Q2,ALPHA_VANTAGE,REVENUE_USD,8900950000.0,D:\Programming\python_example\Arcana\data-lake\bronze\consensus\alpha-vantage\earnings-estimates\snapshot_date=2026-07-26\ticker=EPD.json,fa25980eaf7d43d733af8f8b8dc27d9bee22e5079bc72b39521d05016d411c04,2026-09-02T16:40:54+00:00
2026-07-26,EPD,2018Q1,ALPHA_VANTAGE,REVENUE_USD,7913880000.0,D:\Programming\python_example\Arcana\data-lake\bronze\consensus\alpha-vantage\earnings-estimates\snapshot_date=2026-07-26\ticker=EPD.json,fa25980eaf7d43d733af8f8b8dc27d9bee22e5079bc72b39521d05016d411c04,2026-09-02T16:40:54+00:00
2026-07-26,EPD,2017Q4,ALPHA_VANTAGE,REVENUE_USD,7049480000.0,D:\Programming\python_example\Arcana\data-lake\bronze\consensus\alpha-vantage\earnings-estimates\snapshot_date=2026-07-26\ticker=EPD.json,fa25980eaf7d43d733af8f8b8dc27d9bee22e5079bc72b39521d05016d411c04,2026-09-02T16:40:54+00:00
2026-07-26,EPD,2017Q3,ALPHA_VANTAGE,REVENUE_USD,6576740000.0,D:\Programming\python_example\Arcana\data-lake\bronze\consensus\alpha-vantage\earnings-estimates\snapshot_date=2026-07-26\ticker=EPD.json,fa25980eaf7d43d733af8f8b8dc27d9bee22e5079bc72b39521d05016d411c04,2026-09-02T16:40:54+00:00
2026-07-26,EPD,2017Q2,ALPHA_VANTAGE,REVENUE_USD,6596290000.0,D:\Programming\python_example\Arcana\data-lake\bronze\consensus\alpha-vantage\earnings-estimates\snapshot_date=2026-07-26\ticker=EPD.json,fa25980eaf7d43d733af8f8b8dc27d9bee22e5079bc72b39521d05016d411c04,2026-09-02T16:40:54+00:00
2026-07-26,SLB,2026Q4,ALPHA_VANTAGE,REVENUE_USD,9877000000.0,D:\Programming\python_example\Arcana\data-lake\bronze\consensus\alpha-vantage\earnings-estimates\snapshot_date=2026-07-26\ticker=SLB.json,aa1b28f056493b803aeaa2a7ecc9506d52902560eff16899574a0aaba89e3ac7,2026-09-02T16:40:54+00:00
2026-07-26,SLB,2026Q3,ALPHA_VANTAGE,REVENUE_USD,9098000000.0,D:\Programming\python_example\Arcana\data-lake\bronze\consensus\alpha-vantage\earnings-estimates\snapshot_date=2026-07-26\ticker=SLB.json,aa1b28f056493b803aeaa2a7ecc9506d52902560eff16899574a0aaba89e3ac7,2026-09-02T16:40:54+00:00
2026-07-26,SLB,2026Q2,ALPHA_VANTAGE,REVENUE_USD,8684742450.0,D:\Programming\python_example\Arcana\data-lake\bronze\consensus\alpha-vantage\earnings-estimates\snapshot_date=2026-07-26\ticker=SLB.json,aa1b28f056493b803aeaa2a7ecc9506d52902560eff16899574a0aaba89e3ac7,2026-09-02T16:40:54+00:00
2026-07-26,SLB,2026Q1,ALPHA_VANTAGE,REVENUE_USD,8656956270.0,D:\Programming\python_example\Arcana\data-lake\bronze\consensus\alpha-vantage\earnings-estimates\snapshot_date=2026-07-26\ticker=SLB.json,aa1b28f056493b803aeaa2a7ecc9506d52902560eff16899574a0aaba89e3ac7,2026-09-02T16:40:54+00:00
2026-07-26,SLB,2025Q4,ALPHA_VANTAGE,REVENUE_USD,9545825870.0,D:\Programming\python_example\Arcana\data-lake\bronze\consensus\alpha-vantage\earnings-estimates\snapshot_date=2026-07-26\ticker=SLB.json,aa1b28f056493b803aeaa2a7ecc9506d52902560eff16899574a0aaba89e3ac7,2026-09-02T16:40:54+00:00
2026-07-26,SLB,2025Q3,ALPHA_VANTAGE,REVENUE_USD,8921275980.0,D:\Programming\python_example\Arcana\data-lake\bronze\consensus\alpha-vantage\earnings-estimates\snapshot_date=2026-07-26\ticker=SLB.json,aa1b28f056493b803aeaa2a7ecc9506d52902560eff16899574a0aaba89e3ac7,2026-09-02T16:40:54+00:00
2026-07-26,SLB,2025Q2,ALPHA_VANTAGE,REVENUE_USD,8508210880.0,D:\Programming\python_example\Arcana\data-lake\bronze\consensus\alpha-vantage\earnings-estimates\snapshot_date=2026-07-26\ticker=SLB.json,aa1b28f056493b803aeaa2a7ecc9506d52902560eff16899574a0aaba89e3ac7,2026-09-02T16:40:54+00:00
2026-07-26,SLB,2025Q1,ALPHA_VANTAGE,REVENUE_USD,8592524740.0,D:\Programming\python_example\Arcana\data-lake\bronze\consensus\alpha-vantage\earnings-estimates\snapshot_date=2026-07-26\ticker=SLB.json,aa1b28f056493b803aeaa2a7ecc9506d52902560eff16899574a0aaba89e3ac7,2026-09-02T16:40:54+00:00
2026-07-26,SLB,2024Q4,ALPHA_VANTAGE,REVENUE_USD,9181134600.0,D:\Programming\python_example\Arcana\data-lake\bronze\consensus\alpha-vantage\earnings-estimates\snapshot_date=2026-07-26\ticker=SLB.json,aa1b28f056493b803aeaa2a7ecc9506d52902560eff16899574a0aaba89e3ac7,2026-09-02T16:40:54+00:00
2026-07-26,SLB,2024Q3,ALPHA_VANTAGE,REVENUE_USD,9249980000.0,D:\Programming\python_example\Arcana\data-lake\bronze\consensus\alpha-vantage\earnings-estimates\snapshot_date=2026-07-26\ticker=SLB.json,aa1b28f056493b803aeaa2a7ecc9506d52902560eff16899574a0aaba89e3ac7,2026-09-02T16:40:54+00:00
2026-07-26,SLB,2024Q2,ALPHA_VANTAGE,REVENUE_USD,9075960000.0,D:\Programming\python_example\Arcana\data-lake\bronze\consensus\alpha-vantage\earnings-estimates\snapshot_date=2026-07-26\ticker=SLB.json,aa1b28f056493b803aeaa2a7ecc9506d52902560eff16899574a0aaba89e3ac7,2026-09-02T16:40:54+00:00
2026-07-26,SLB,2024Q1,ALPHA_VANTAGE,REVENUE_USD,8693870000.0,D:\Programming\python_example\Arcana\data-lake\bronze\consensus\alpha-vantage\earnings-estimates\snapshot_date=2026-07-26\ticker=SLB.json,aa1b28f056493b803aeaa2a7ecc9506d52902560eff16899574a0aaba89e3ac7,2026-09-02T16:40:54+00:00
2026-07-26,SLB,2023Q4,ALPHA_VANTAGE,REVENUE_USD,8951580000.0,D:\Programming\python_example\Arcana\data-lake\bronze\consensus\alpha-vantage\earnings-estimates\snapshot_date=2026-07-26\ticker=SLB.json,aa1b28f056493b803aeaa2a7ecc9506d52902560eff16899574a0aaba89e3ac7,2026-09-02T16:40:54+00:00
2026-07-26,SLB,2023Q3,ALPHA_VANTAGE,REVENUE_USD,8328370000.0,D:\Programming\python_example\Arcana\data-lake\bronze\consensus\alpha-vantage\earnings-estimates\snapshot_date=2026-07-26\ticker=SLB.json,aa1b28f056493b803aeaa2a7ecc9506d52902560eff16899574a0aaba89e3ac7,2026-09-02T16:40:54+00:00
2026-07-26,SLB,2023Q2,ALPHA_VANTAGE,REVENUE_USD,8216740000.0,D:\Programming\python_example\Arcana\data-lake\bronze\consensus\alpha-vantage\earnings-estimates\snapshot_date=2026-07-26\ticker=SLB.json,aa1b28f056493b803aeaa2a7ecc9506d52902560eff16899574a0aaba89e3ac7,2026-09-02T16:40:54+00:00
2026-07-26,SLB,2023Q1,ALPHA_VANTAGE,REVENUE_USD,7442010000.0,D:\Programming\python_example\Arcana\data-lake\bronze\consensus\alpha-vantage\earnings-estimates\snapshot_date=2026-07-26\ticker=SLB.json,aa1b28f056493b803aeaa2a7ecc9506d52902560eff16899574a0aaba89e3ac7,2026-09-02T16:40:54+00:00
2026-07-26,SLB,2022Q4,ALPHA_VANTAGE,REVENUE_USD,7809130000.0,D:\Programming\python_example\Arcana\data-lake\bronze\consensus\alpha-vantage\earnings-estimates\snapshot_date=2026-07-26\ticker=SLB.json,aa1b28f056493b803aeaa2a7ecc9506d52902560eff16899574a0aaba89e3ac7,2026-09-02T16:40:54+00:00
2026-07-26,SLB,2022Q3,ALPHA_VANTAGE,REVENUE_USD,7055650000.0,D:\Programming\python_example\Arcana\data-lake\bronze\consensus\alpha-vantage\earnings-estimates\snapshot_date=2026-07-26\ticker=SLB.json,aa1b28f056493b803aeaa2a7ecc9506d52902560eff16899574a0aaba89e3ac7,2026-09-02T16:40:54+00:00
2026-07-26,SLB,2022Q2,ALPHA_VANTAGE,REVENUE_USD,6170160000.0,D:\Programming\python_example\Arcana\data-lake\bronze\consensus\alpha-vantage\earnings-estimates\snapshot_date=2026-07-26\ticker=SLB.json,aa1b28f056493b803aeaa2a7ecc9506d52902560eff16899574a0aaba89e3ac7,2026-09-02T16:40:54+00:00
2026-07-26,SLB,2022Q1,ALPHA_VANTAGE,REVENUE_USD,5436480000.0,D:\Programming\python_example\Arcana\data-lake\bronze\consensus\alpha-vantage\earnings-estimates\snapshot_date=2026-07-26\ticker=SLB.json,aa1b28f056493b803aeaa2a7ecc9506d52902560eff16899574a0aaba89e3ac7,2026-09-02T16:40:54+00:00
2026-07-26,SLB,2021Q4,ALPHA_VANTAGE,REVENUE_USD,5367660000.0,D:\Programming\python_example\Arcana\data-lake\bronze\consensus\alpha-vantage\earnings-estimates\snapshot_date=2026-07-26\ticker=SLB.json,aa1b28f056493b803aeaa2a7ecc9506d52902560eff16899574a0aaba89e3ac7,2026-09-02T16:40:54+00:00
2026-07-26,SLB,2021Q3,ALPHA_VANTAGE,REVENUE_USD,5944170000.0,D:\Programming\python_example\Arcana\data-lake\bronze\consensus\alpha-vantage\earnings-estimates\snapshot_date=2026-07-26\ticker=SLB.json,aa1b28f056493b803aeaa2a7ecc9506d52902560eff16899574a0aaba89e3ac7,2026-09-02T16:40:54+00:00
2026-07-26,SLB,2021Q2,ALPHA_VANTAGE,REVENUE_USD,5500260000.0,D:\Programming\python_example\Arcana\data-lake\bronze\consensus\alpha-vantage\earnings-estimates\snapshot_date=2026-07-26\ticker=SLB.json,aa1b28f056493b803aeaa2a7ecc9506d52902560eff16899574a0aaba89e3ac7,2026-09-02T16:40:54+00:00
2026-07-26,SLB,2021Q1,ALPHA_VANTAGE,REVENUE_USD,5092850000.0,D:\Programming\python_example\Arcana\data-lake\bronze\consensus\alpha-vantage\earnings-estimates\snapshot_date=2026-07-26\ticker=SLB.json,aa1b28f056493b803aeaa2a7ecc9506d52902560eff16899574a0aaba89e3ac7,2026-09-02T16:40:54+00:00
2026-07-26,SLB,2020Q4,ALPHA_VANTAGE,REVENUE_USD,5252230000.0,D:\Programming\python_example\Arcana\data-lake\bronze\consensus\alpha-vantage\earnings-estimates\snapshot_date=2026-07-26\ticker=SLB.json,aa1b28f056493b803aeaa2a7ecc9506d52902560eff16899574a0aaba89e3ac7,2026-09-02T16:40:54+00:00
2026-07-26,SLB,2020Q3,ALPHA_VANTAGE,REVENUE_USD,5381160000.0,D:\Programming\python_example\Arcana\data-lake\bronze\consensus\alpha-vantage\earnings-estimates\snapshot_date=2026-07-26\ticker=SLB.json,aa1b28f056493b803aeaa2a7ecc9506d52902560eff16899574a0aaba89e3ac7,2026-09-02T16:40:54+00:00
2026-07-26,SLB,2020Q2,ALPHA_VANTAGE,REVENUE_USD,5364850000.0,D:\Programming\python_example\Arcana\data-lake\bronze\consensus\alpha-vantage\earnings-estimates\snapshot_date=2026-07-26\ticker=SLB.json,aa1b28f056493b803aeaa2a7ecc9506d52902560eff16899574a0aaba89e3ac7,2026-09-02T16:40:54+00:00
2026-07-26,SLB,2020Q1,ALPHA_VANTAGE,REVENUE_USD,7520900000.0,D:\Programming\python_example\Arcana\data-lake\bronze\consensus\alpha-vantage\earnings-estimates\snapshot_date=2026-07-26\ticker=SLB.json,aa1b28f056493b803aeaa2a7ecc9506d52902560eff16899574a0aaba89e3ac7,2026-09-02T16:40:54+00:00
2026-07-26,SLB,2019Q4,ALPHA_VANTAGE,REVENUE_USD,8154230000.0,D:\Programming\python_example\Arcana\data-lake\bronze\consensus\alpha-vantage\earnings-estimates\snapshot_date=2026-07-26\ticker=SLB.json,aa1b28f056493b803aeaa2a7ecc9506d52902560eff16899574a0aaba89e3ac7,2026-09-02T16:40:54+00:00
2026-07-26,SLB,2019Q3,ALPHA_VANTAGE,REVENUE_USD,8502800000.0,D:\Programming\python_example\Arcana\data-lake\bronze\consensus\alpha-vantage\earnings-estimates\snapshot_date=2026-07-26\ticker=SLB.json,aa1b28f056493b803aeaa2a7ecc9506d52902560eff16899574a0aaba89e3ac7,2026-09-02T16:40:54+00:00
2026-07-26,SLB,2019Q2,ALPHA_VANTAGE,REVENUE_USD,8110670000.0,D:\Programming\python_example\Arcana\data-lake\bronze\consensus\alpha-vantage\earnings-estimates\snapshot_date=2026-07-26\ticker=SLB.json,aa1b28f056493b803aeaa2a7ecc9506d52902560eff16899574a0aaba89e3ac7,2026-09-02T16:40:54+00:00
2026-07-26,SLB,2019Q1,ALPHA_VANTAGE,REVENUE_USD,7814020000.0,D:\Programming\python_example\Arcana\data-lake\bronze\consensus\alpha-vantage\earnings-estimates\snapshot_date=2026-07-26\ticker=SLB.json,aa1b28f056493b803aeaa2a7ecc9506d52902560eff16899574a0aaba89e3ac7,2026-09-02T16:40:54+00:00
2026-07-26,SLB,2018Q4,ALPHA_VANTAGE,REVENUE_USD,8033490000.0,D:\Programming\python_example\Arcana\data-lake\bronze\consensus\alpha-vantage\earnings-estimates\snapshot_date=2026-07-26\ticker=SLB.json,aa1b28f056493b803aeaa2a7ecc9506d52902560eff16899574a0aaba89e3ac7,2026-09-02T16:40:54+00:00
2026-07-26,SLB,2018Q3,ALPHA_VANTAGE,REVENUE_USD,8591060000.0,D:\Programming\python_example\Arcana\data-lake\bronze\consensus\alpha-vantage\earnings-estimates\snapshot_date=2026-07-26\ticker=SLB.json,aa1b28f056493b803aeaa2a7ecc9506d52902560eff16899574a0aaba89e3ac7,2026-09-02T16:40:54+00:00
2026-07-26,SLB,2018Q2,ALPHA_VANTAGE,REVENUE_USD,8373100000.0,D:\Programming\python_example\Arcana\data-lake\bronze\consensus\alpha-vantage\earnings-estimates\snapshot_date=2026-07-26\ticker=SLB.json,aa1b28f056493b803aeaa2a7ecc9506d52902560eff16899574a0aaba89e3ac7,2026-09-02T16:40:54+00:00
2026-07-26,SLB,2018Q1,ALPHA_VANTAGE,REVENUE_USD,7814610000.0,D:\Programming\python_example\Arcana\data-lake\bronze\consensus\alpha-vantage\earnings-estimates\snapshot_date=2026-07-26\ticker=SLB.json,aa1b28f056493b803aeaa2a7ecc9506d52902560eff16899574a0aaba89e3ac7,2026-09-02T16:40:54+00:00
2026-07-26,HAL,2026Q4,ALPHA_VANTAGE,REVENUE_USD,5689245130.0,D:\Programming\python_example\Arcana\data-lake\bronze\consensus\alpha-vantage\earnings-estimates\snapshot_date=2026-07-26\ticker=HAL.json,bb79591baec7e9daf9c7f572df3f4534bd6d8fc31222c3e2323af2f54abd5a13,2026-09-02T16:40:54+00:00
2026-07-26,HAL,2026Q3,ALPHA_VANTAGE,REVENUE_USD,5592033530.0,D:\Programming\python_example\Arcana\data-lake\bronze\consensus\alpha-vantage\earnings-estimates\snapshot_date=2026-07-26\ticker=HAL.json,bb79591baec7e9daf9c7f572df3f4534bd6d8fc31222c3e2323af2f54abd5a13,2026-09-02T16:40:54+00:00
2026-07-26,HAL,2026Q2,ALPHA_VANTAGE,REVENUE_USD,5495440300.0,D:\Programming\python_example\Arcana\data-lake\bronze\consensus\alpha-vantage\earnings-estimates\snapshot_date=2026-07-26\ticker=HAL.json,bb79591baec7e9daf9c7f572df3f4534bd6d8fc31222c3e2323af2f54abd5a13,2026-09-02T16:40:54+00:00
2026-07-26,HAL,2026Q1,ALPHA_VANTAGE,REVENUE_USD,5304751770.0,D:\Programming\python_example\Arcana\data-lake\bronze\consensus\alpha-vantage\earnings-estimates\snapshot_date=2026-07-26\ticker=HAL.json,bb79591baec7e9daf9c7f572df3f4534bd6d8fc31222c3e2323af2f54abd5a13,2026-09-02T16:40:54+00:00
2026-07-26,HAL,2025Q4,ALPHA_VANTAGE,REVENUE_USD,5411410060.0,D:\Programming\python_example\Arcana\data-lake\bronze\consensus\alpha-vantage\earnings-estimates\snapshot_date=2026-07-26\ticker=HAL.json,bb79591baec7e9daf9c7f572df3f4534bd6d8fc31222c3e2323af2f54abd5a13,2026-09-02T16:40:54+00:00
2026-07-26,HAL,2025Q3,ALPHA_VANTAGE,REVENUE_USD,5389061350.0,D:\Programming\python_example\Arcana\data-lake\bronze\consensus\alpha-vantage\earnings-estimates\snapshot_date=2026-07-26\ticker=HAL.json,bb79591baec7e9daf9c7f572df3f4534bd6d8fc31222c3e2323af2f54abd5a13,2026-09-02T16:40:54+00:00
2026-07-26,HAL,2025Q2,ALPHA_VANTAGE,REVENUE_USD,5409239050.0,D:\Programming\python_example\Arcana\data-lake\bronze\consensus\alpha-vantage\earnings-estimates\snapshot_date=2026-07-26\ticker=HAL.json,bb79591baec7e9daf9c7f572df3f4534bd6d8fc31222c3e2323af2f54abd5a13,2026-09-02T16:40:54+00:00
2026-07-26,HAL,2025Q1,ALPHA_VANTAGE,REVENUE_USD,5280582440.0,D:\Programming\python_example\Arcana\data-lake\bronze\consensus\alpha-vantage\earnings-estimates\snapshot_date=2026-07-26\ticker=HAL.json,bb79591baec7e9daf9c7f572df3f4534bd6d8fc31222c3e2323af2f54abd5a13,2026-09-02T16:40:54+00:00
2026-07-26,HAL,2024Q4,ALPHA_VANTAGE,REVENUE_USD,5627930680.0,D:\Programming\python_example\Arcana\data-lake\bronze\consensus\alpha-vantage\earnings-estimates\snapshot_date=2026-07-26\ticker=HAL.json,bb79591baec7e9daf9c7f572df3f4534bd6d8fc31222c3e2323af2f54abd5a13,2026-09-02T16:40:54+00:00
2026-07-26,HAL,2024Q3,ALPHA_VANTAGE,REVENUE_USD,5827530000.0,D:\Programming\python_example\Arcana\data-lake\bronze\consensus\alpha-vantage\earnings-estimates\snapshot_date=2026-07-26\ticker=HAL.json,bb79591baec7e9daf9c7f572df3f4534bd6d8fc31222c3e2323af2f54abd5a13,2026-09-02T16:40:54+00:00
2026-07-26,HAL,2024Q2,ALPHA_VANTAGE,REVENUE_USD,5949250000.0,D:\Programming\python_example\Arcana\data-lake\bronze\consensus\alpha-vantage\earnings-estimates\snapshot_date=2026-07-26\ticker=HAL.json,bb79591baec7e9daf9c7f572df3f4534bd6d8fc31222c3e2323af2f54abd5a13,2026-09-02T16:40:54+00:00
2026-07-26,HAL,2024Q1,ALPHA_VANTAGE,REVENUE_USD,5668490000.0,D:\Programming\python_example\Arcana\data-lake\bronze\consensus\alpha-vantage\earnings-estimates\snapshot_date=2026-07-26\ticker=HAL.json,bb79591baec7e9daf9c7f572df3f4534bd6d8fc31222c3e2323af2f54abd5a13,2026-09-02T16:40:54+00:00
2026-07-26,HAL,2023Q4,ALPHA_VANTAGE,REVENUE_USD,5779830000.0,D:\Programming\python_example\Arcana\data-lake\bronze\consensus\alpha-vantage\earnings-estimates\snapshot_date=2026-07-26\ticker=HAL.json,bb79591baec7e9daf9c7f572df3f4534bd6d8fc31222c3e2323af2f54abd5a13,2026-09-02T16:40:54+00:00
2026-07-26,HAL,2023Q3,ALPHA_VANTAGE,REVENUE_USD,5855290000.0,D:\Programming\python_example\Arcana\data-lake\bronze\consensus\alpha-vantage\earnings-estimates\snapshot_date=2026-07-26\ticker=HAL.json,bb79591baec7e9daf9c7f572df3f4534bd6d8fc31222c3e2323af2f54abd5a13,2026-09-02T16:40:54+00:00
2026-07-26,HAL,2023Q2,ALPHA_VANTAGE,REVENUE_USD,5860190000.0,D:\Programming\python_example\Arcana\data-lake\bronze\consensus\alpha-vantage\earnings-estimates\snapshot_date=2026-07-26\ticker=HAL.json,bb79591baec7e9daf9c7f572df3f4534bd6d8fc31222c3e2323af2f54abd5a13,2026-09-02T16:40:54+00:00
2026-07-26,HAL,2023Q1,ALPHA_VANTAGE,REVENUE_USD,5495490000.0,D:\Programming\python_example\Arcana\data-lake\bronze\consensus\alpha-vantage\earnings-estimates\snapshot_date=2026-07-26\ticker=HAL.json,bb79591baec7e9daf9c7f572df3f4534bd6d8fc31222c3e2323af2f54abd5a13,2026-09-02T16:40:54+00:00
2026-07-26,HAL,2022Q4,ALPHA_VANTAGE,REVENUE_USD,5578450000.0,D:\Programming\python_example\Arcana\data-lake\bronze\consensus\alpha-vantage\earnings-estimates\snapshot_date=2026-07-26\ticker=HAL.json,bb79591baec7e9daf9c7f572df3f4534bd6d8fc31222c3e2323af2f54abd5a13,2026-09-02T16:40:54+00:00
2026-07-26,HAL,2022Q3,ALPHA_VANTAGE,REVENUE_USD,5340450000.0,D:\Programming\python_example\Arcana\data-lake\bronze\consensus\alpha-vantage\earnings-estimates\snapshot_date=2026-07-26\ticker=HAL.json,bb79591baec7e9daf9c7f572df3f4534bd6d8fc31222c3e2323af2f54abd5a13,2026-09-02T16:40:54+00:00
2026-07-26,HAL,2022Q2,ALPHA_VANTAGE,REVENUE_USD,4704990000.0,D:\Programming\python_example\Arcana\data-lake\bronze\consensus\alpha-vantage\earnings-estimates\snapshot_date=2026-07-26\ticker=HAL.json,bb79591baec7e9daf9c7f572df3f4534bd6d8fc31222c3e2323af2f54abd5a13,2026-09-02T16:40:54+00:00
2026-07-26,HAL,2022Q1,ALPHA_VANTAGE,REVENUE_USD,4205520000.0,D:\Programming\python_example\Arcana\data-lake\bronze\consensus\alpha-vantage\earnings-estimates\snapshot_date=2026-07-26\ticker=HAL.json,bb79591baec7e9daf9c7f572df3f4534bd6d8fc31222c3e2323af2f54abd5a13,2026-09-02T16:40:54+00:00
2026-07-26,HAL,2021Q4,ALPHA_VANTAGE,REVENUE_USD,4085500000.0,D:\Programming\python_example\Arcana\data-lake\bronze\consensus\alpha-vantage\earnings-estimates\snapshot_date=2026-07-26\ticker=HAL.json,bb79591baec7e9daf9c7f572df3f4534bd6d8fc31222c3e2323af2f54abd5a13,2026-09-02T16:40:54+00:00
2026-07-26,HAL,2021Q3,ALPHA_VANTAGE,REVENUE_USD,3908210000.0,D:\Programming\python_example\Arcana\data-lake\bronze\consensus\alpha-vantage\earnings-estimates\snapshot_date=2026-07-26\ticker=HAL.json,bb79591baec7e9daf9c7f572df3f4534bd6d8fc31222c3e2323af2f54abd5a13,2026-09-02T16:40:54+00:00
2026-07-26,HAL,2021Q2,ALPHA_VANTAGE,REVENUE_USD,3735570000.0,D:\Programming\python_example\Arcana\data-lake\bronze\consensus\alpha-vantage\earnings-estimates\snapshot_date=2026-07-26\ticker=HAL.json,bb79591baec7e9daf9c7f572df3f4534bd6d8fc31222c3e2323af2f54abd5a13,2026-09-02T16:40:54+00:00
2026-07-26,HAL,2021Q1,ALPHA_VANTAGE,REVENUE_USD,3359430000.0,D:\Programming\python_example\Arcana\data-lake\bronze\consensus\alpha-vantage\earnings-estimates\snapshot_date=2026-07-26\ticker=HAL.json,bb79591baec7e9daf9c7f572df3f4534bd6d8fc31222c3e2323af2f54abd5a13,2026-09-02T16:40:54+00:00
2026-07-26,HAL,2020Q4,ALPHA_VANTAGE,REVENUE_USD,3209740000.0,D:\Programming\python_example\Arcana\data-lake\bronze\consensus\alpha-vantage\earnings-estimates\snapshot_date=2026-07-26\ticker=HAL.json,bb79591baec7e9daf9c7f572df3f4534bd6d8fc31222c3e2323af2f54abd5a13,2026-09-02T16:40:54+00:00
2026-07-26,HAL,2020Q3,ALPHA_VANTAGE,REVENUE_USD,3088340000.0,D:\Programming\python_example\Arcana\data-lake\bronze\consensus\alpha-vantage\earnings-estimates\snapshot_date=2026-07-26\ticker=HAL.json,bb79591baec7e9daf9c7f572df3f4534bd6d8fc31222c3e2323af2f54abd5a13,2026-09-02T16:40:54+00:00
2026-07-26,HAL,2020Q2,ALPHA_VANTAGE,REVENUE_USD,3314920000.0,D:\Programming\python_example\Arcana\data-lake\bronze\consensus\alpha-vantage\earnings-estimates\snapshot_date=2026-07-26\ticker=HAL.json,bb79591baec7e9daf9c7f572df3f4534bd6d8fc31222c3e2323af2f54abd5a13,2026-09-02T16:40:54+00:00
2026-07-26,HAL,2020Q1,ALPHA_VANTAGE,REVENUE_USD,5007110000.0,D:\Programming\python_example\Arcana\data-lake\bronze\consensus\alpha-vantage\earnings-estimates\snapshot_date=2026-07-26\ticker=HAL.json,bb79591baec7e9daf9c7f572df3f4534bd6d8fc31222c3e2323af2f54abd5a13,2026-09-02T16:40:54+00:00
2026-07-26,HAL,2019Q4,ALPHA_VANTAGE,REVENUE_USD,5102710000.0,D:\Programming\python_example\Arcana\data-lake\bronze\consensus\alpha-vantage\earnings-estimates\snapshot_date=2026-07-26\ticker=HAL.json,bb79591baec7e9daf9c7f572df3f4534bd6d8fc31222c3e2323af2f54abd5a13,2026-09-02T16:40:54+00:00
2026-07-26,HAL,2019Q3,ALPHA_VANTAGE,REVENUE_USD,5810620000.0,D:\Programming\python_example\Arcana\data-lake\bronze\consensus\alpha-vantage\earnings-estimates\snapshot_date=2026-07-26\ticker=HAL.json,bb79591baec7e9daf9c7f572df3f4534bd6d8fc31222c3e2323af2f54abd5a13,2026-09-02T16:40:54+00:00
2026-07-26,HAL,2019Q2,ALPHA_VANTAGE,REVENUE_USD,5971150000.0,D:\Programming\python_example\Arcana\data-lake\bronze\consensus\alpha-vantage\earnings-estimates\snapshot_date=2026-07-26\ticker=HAL.json,bb79591baec7e9daf9c7f572df3f4534bd6d8fc31222c3e2323af2f54abd5a13,2026-09-02T16:40:54+00:00
2026-07-26,HAL,2019Q1,ALPHA_VANTAGE,REVENUE_USD,5523870000.0,D:\Programming\python_example\Arcana\data-lake\bronze\consensus\alpha-vantage\earnings-estimates\snapshot_date=2026-07-26\ticker=HAL.json,bb79591baec7e9daf9c7f572df3f4534bd6d8fc31222c3e2323af2f54abd5a13,2026-09-02T16:40:54+00:00
2026-07-26,HAL,2018Q4,ALPHA_VANTAGE,REVENUE_USD,5876000000.0,D:\Programming\python_example\Arcana\data-lake\bronze\consensus\alpha-vantage\earnings-estimates\snapshot_date=2026-07-26\ticker=HAL.json,bb79591baec7e9daf9c7f572df3f4534bd6d8fc31222c3e2323af2f54abd5a13,2026-09-02T16:40:54+00:00
2026-07-26,HAL,2018Q3,ALPHA_VANTAGE,REVENUE_USD,6132890000.0,D:\Programming\python_example\Arcana\data-lake\bronze\consensus\alpha-vantage\earnings-estimates\snapshot_date=2026-07-26\ticker=HAL.json,bb79591baec7e9daf9c7f572df3f4534bd6d8fc31222c3e2323af2f54abd5a13,2026-09-02T16:40:54+00:00
2026-07-26,HAL,2018Q2,ALPHA_VANTAGE,REVENUE_USD,6109360000.0,D:\Programming\python_example\Arcana\data-lake\bronze\consensus\alpha-vantage\earnings-estimates\snapshot_date=2026-07-26\ticker=HAL.json,bb79591baec7e9daf9c7f572df3f4534bd6d8fc31222c3e2323af2f54abd5a13,2026-09-02T16:40:54+00:00
2026-07-26,HAL,2018Q1,ALPHA_VANTAGE,REVENUE_USD,5749200000.0,D:\Programming\python_example\Arcana\data-lake\bronze\consensus\alpha-vantage\earnings-estimates\snapshot_date=2026-07-26\ticker=HAL.json,bb79591baec7e9daf9c7f572df3f4534bd6d8fc31222c3e2323af2f54abd5a13,2026-09-02T16:40:54+00:00
2026-07-26,HAL,2017Q4,ALPHA_VANTAGE,REVENUE_USD,5626860000.0,D:\Programming\python_example\Arcana\data-lake\bronze\consensus\alpha-vantage\earnings-estimates\snapshot_date=2026-07-26\ticker=HAL.json,bb79591baec7e9daf9c7f572df3f4534bd6d8fc31222c3e2323af2f54abd5a13,2026-09-02T16:40:54+00:00
2026-07-26,HAL,2017Q3,ALPHA_VANTAGE,REVENUE_USD,5349010000.0,D:\Programming\python_example\Arcana\data-lake\bronze\consensus\alpha-vantage\earnings-estimates\snapshot_date=2026-07-26\ticker=HAL.json,bb79591baec7e9daf9c7f572df3f4534bd6d8fc31222c3e2323af2f54abd5a13,2026-09-02T16:40:54+00:00
2026-07-26,HAL,2017Q2,ALPHA_VANTAGE,REVENUE_USD,4855450000.0,D:\Programming\python_example\Arcana\data-lake\bronze\consensus\alpha-vantage\earnings-estimates\snapshot_date=2026-07-26\ticker=HAL.json,bb79591baec7e9daf9c7f572df3f4534bd6d8fc31222c3e2323af2f54abd5a13,2026-09-02T16:40:54+00:00
2026-07-26,BKR,2026Q3,ALPHA_VANTAGE,REVENUE_USD,6883533360.0,D:\Programming\python_example\Arcana\data-lake\bronze\consensus\alpha-vantage\earnings-estimates\snapshot_date=2026-07-26\ticker=BKR.json,26576fa2d22b6c0a1e3094382cbfa72df23f28c0f5d8c7952fdc72f55df141ea,2026-09-02T16:40:54+00:00
2026-07-26,BKR,2026Q2,ALPHA_VANTAGE,REVENUE_USD,6505819050.0,D:\Programming\python_example\Arcana\data-lake\bronze\consensus\alpha-vantage\earnings-estimates\snapshot_date=2026-07-26\ticker=BKR.json,26576fa2d22b6c0a1e3094382cbfa72df23f28c0f5d8c7952fdc72f55df141ea,2026-09-02T16:40:54+00:00
2026-07-26,BKR,2026Q1,ALPHA_VANTAGE,REVENUE_USD,6328039680.0,D:\Programming\python_example\Arcana\data-lake\bronze\consensus\alpha-vantage\earnings-estimates\snapshot_date=2026-07-26\ticker=BKR.json,26576fa2d22b6c0a1e3094382cbfa72df23f28c0f5d8c7952fdc72f55df141ea,2026-09-02T16:40:54+00:00
2026-07-26,BKR,2025Q4,ALPHA_VANTAGE,REVENUE_USD,7081370200.0,D:\Programming\python_example\Arcana\data-lake\bronze\consensus\alpha-vantage\earnings-estimates\snapshot_date=2026-07-26\ticker=BKR.json,26576fa2d22b6c0a1e3094382cbfa72df23f28c0f5d8c7952fdc72f55df141ea,2026-09-02T16:40:54+00:00
2026-07-26,BKR,2025Q3,ALPHA_VANTAGE,REVENUE_USD,6830611390.0,D:\Programming\python_example\Arcana\data-lake\bronze\consensus\alpha-vantage\earnings-estimates\snapshot_date=2026-07-26\ticker=BKR.json,26576fa2d22b6c0a1e3094382cbfa72df23f28c0f5d8c7952fdc72f55df141ea,2026-09-02T16:40:54+00:00
2026-07-26,BKR,2025Q2,ALPHA_VANTAGE,REVENUE_USD,6630858880.0,D:\Programming\python_example\Arcana\data-lake\bronze\consensus\alpha-vantage\earnings-estimates\snapshot_date=2026-07-26\ticker=BKR.json,26576fa2d22b6c0a1e3094382cbfa72df23f28c0f5d8c7952fdc72f55df141ea,2026-09-02T16:40:54+00:00
2026-07-26,BKR,2025Q1,ALPHA_VANTAGE,REVENUE_USD,6501619720.0,D:\Programming\python_example\Arcana\data-lake\bronze\consensus\alpha-vantage\earnings-estimates\snapshot_date=2026-07-26\ticker=BKR.json,26576fa2d22b6c0a1e3094382cbfa72df23f28c0f5d8c7952fdc72f55df141ea,2026-09-02T16:40:54+00:00
2026-07-26,BKR,2024Q4,ALPHA_VANTAGE,REVENUE_USD,7070318330.0,D:\Programming\python_example\Arcana\data-lake\bronze\consensus\alpha-vantage\earnings-estimates\snapshot_date=2026-07-26\ticker=BKR.json,26576fa2d22b6c0a1e3094382cbfa72df23f28c0f5d8c7952fdc72f55df141ea,2026-09-02T16:40:54+00:00
2026-07-26,BKR,2024Q3,ALPHA_VANTAGE,REVENUE_USD,7216390000.0,D:\Programming\python_example\Arcana\data-lake\bronze\consensus\alpha-vantage\earnings-estimates\snapshot_date=2026-07-26\ticker=BKR.json,26576fa2d22b6c0a1e3094382cbfa72df23f28c0f5d8c7952fdc72f55df141ea,2026-09-02T16:40:54+00:00
2026-07-26,BKR,2024Q2,ALPHA_VANTAGE,REVENUE_USD,6805020000.0,D:\Programming\python_example\Arcana\data-lake\bronze\consensus\alpha-vantage\earnings-estimates\snapshot_date=2026-07-26\ticker=BKR.json,26576fa2d22b6c0a1e3094382cbfa72df23f28c0f5d8c7952fdc72f55df141ea,2026-09-02T16:40:54+00:00
2026-07-26,BKR,2024Q1,ALPHA_VANTAGE,REVENUE_USD,6368150000.0,D:\Programming\python_example\Arcana\data-lake\bronze\consensus\alpha-vantage\earnings-estimates\snapshot_date=2026-07-26\ticker=BKR.json,26576fa2d22b6c0a1e3094382cbfa72df23f28c0f5d8c7952fdc72f55df141ea,2026-09-02T16:40:54+00:00
2026-07-26,BKR,2023Q4,ALPHA_VANTAGE,REVENUE_USD,6915210000.0,D:\Programming\python_example\Arcana\data-lake\bronze\consensus\alpha-vantage\earnings-estimates\snapshot_date=2026-07-26\ticker=BKR.json,26576fa2d22b6c0a1e3094382cbfa72df23f28c0f5d8c7952fdc72f55df141ea,2026-09-02T16:40:54+00:00
2026-07-26,BKR,2023Q3,ALPHA_VANTAGE,REVENUE_USD,6530170000.0,D:\Programming\python_example\Arcana\data-lake\bronze\consensus\alpha-vantage\earnings-estimates\snapshot_date=2026-07-26\ticker=BKR.json,26576fa2d22b6c0a1e3094382cbfa72df23f28c0f5d8c7952fdc72f55df141ea,2026-09-02T16:40:54+00:00
2026-07-26,BKR,2023Q2,ALPHA_VANTAGE,REVENUE_USD,6264670000.0,D:\Programming\python_example\Arcana\data-lake\bronze\consensus\alpha-vantage\earnings-estimates\snapshot_date=2026-07-26\ticker=BKR.json,26576fa2d22b6c0a1e3094382cbfa72df23f28c0f5d8c7952fdc72f55df141ea,2026-09-02T16:40:54+00:00
2026-07-26,BKR,2023Q1,ALPHA_VANTAGE,REVENUE_USD,5511560000.0,D:\Programming\python_example\Arcana\data-lake\bronze\consensus\alpha-vantage\earnings-estimates\snapshot_date=2026-07-26\ticker=BKR.json,26576fa2d22b6c0a1e3094382cbfa72df23f28c0f5d8c7952fdc72f55df141ea,2026-09-02T16:40:54+00:00
2026-07-26,BKR,2022Q4,ALPHA_VANTAGE,REVENUE_USD,6061160000.0,D:\Programming\python_example\Arcana\data-lake\bronze\consensus\alpha-vantage\earnings-estimates\snapshot_date=2026-07-26\ticker=BKR.json,26576fa2d22b6c0a1e3094382cbfa72df23f28c0f5d8c7952fdc72f55df141ea,2026-09-02T16:40:54+00:00
2026-07-26,BKR,2022Q3,ALPHA_VANTAGE,REVENUE_USD,5433960000.0,D:\Programming\python_example\Arcana\data-lake\bronze\consensus\alpha-vantage\earnings-estimates\snapshot_date=2026-07-26\ticker=BKR.json,26576fa2d22b6c0a1e3094382cbfa72df23f28c0f5d8c7952fdc72f55df141ea,2026-09-02T16:40:54+00:00
2026-07-26,BKR,2022Q2,ALPHA_VANTAGE,REVENUE_USD,5342540000.0,D:\Programming\python_example\Arcana\data-lake\bronze\consensus\alpha-vantage\earnings-estimates\snapshot_date=2026-07-26\ticker=BKR.json,26576fa2d22b6c0a1e3094382cbfa72df23f28c0f5d8c7952fdc72f55df141ea,2026-09-02T16:40:54+00:00
2026-07-26,BKR,2022Q1,ALPHA_VANTAGE,REVENUE_USD,5020100000.0,D:\Programming\python_example\Arcana\data-lake\bronze\consensus\alpha-vantage\earnings-estimates\snapshot_date=2026-07-26\ticker=BKR.json,26576fa2d22b6c0a1e3094382cbfa72df23f28c0f5d8c7952fdc72f55df141ea,2026-09-02T16:40:54+00:00
2026-07-26,BKR,2021Q4,ALPHA_VANTAGE,REVENUE_USD,5492450000.0,D:\Programming\python_example\Arcana\data-lake\bronze\consensus\alpha-vantage\earnings-estimates\snapshot_date=2026-07-26\ticker=BKR.json,26576fa2d22b6c0a1e3094382cbfa72df23f28c0f5d8c7952fdc72f55df141ea,2026-09-02T16:40:54+00:00
2026-07-26,BKR,2021Q3,ALPHA_VANTAGE,REVENUE_USD,5331550000.0,D:\Programming\python_example\Arcana\data-lake\bronze\consensus\alpha-vantage\earnings-estimates\snapshot_date=2026-07-26\ticker=BKR.json,26576fa2d22b6c0a1e3094382cbfa72df23f28c0f5d8c7952fdc72f55df141ea,2026-09-02T16:40:54+00:00
2026-07-26,BKR,2021Q2,ALPHA_VANTAGE,REVENUE_USD,4949110000.0,D:\Programming\python_example\Arcana\data-lake\bronze\consensus\alpha-vantage\earnings-estimates\snapshot_date=2026-07-26\ticker=BKR.json,26576fa2d22b6c0a1e3094382cbfa72df23f28c0f5d8c7952fdc72f55df141ea,2026-09-02T16:40:54+00:00
2026-07-26,BKR,2021Q1,ALPHA_VANTAGE,REVENUE_USD,4799950000.0,D:\Programming\python_example\Arcana\data-lake\bronze\consensus\alpha-vantage\earnings-estimates\snapshot_date=2026-07-26\ticker=BKR.json,26576fa2d22b6c0a1e3094382cbfa72df23f28c0f5d8c7952fdc72f55df141ea,2026-09-02T16:40:54+00:00
2026-07-26,BKR,2020Q4,ALPHA_VANTAGE,REVENUE_USD,5422120000.0,D:\Programming\python_example\Arcana\data-lake\bronze\consensus\alpha-vantage\earnings-estimates\snapshot_date=2026-07-26\ticker=BKR.json,26576fa2d22b6c0a1e3094382cbfa72df23f28c0f5d8c7952fdc72f55df141ea,2026-09-02T16:40:54+00:00
2026-07-26,BKR,2020Q3,ALPHA_VANTAGE,REVENUE_USD,4778410000.0,D:\Programming\python_example\Arcana\data-lake\bronze\consensus\alpha-vantage\earnings-estimates\snapshot_date=2026-07-26\ticker=BKR.json,26576fa2d22b6c0a1e3094382cbfa72df23f28c0f5d8c7952fdc72f55df141ea,2026-09-02T16:40:54+00:00
2026-07-26,BKR,2020Q2,ALPHA_VANTAGE,REVENUE_USD,4798020000.0,D:\Programming\python_example\Arcana\data-lake\bronze\consensus\alpha-vantage\earnings-estimates\snapshot_date=2026-07-26\ticker=BKR.json,26576fa2d22b6c0a1e3094382cbfa72df23f28c0f5d8c7952fdc72f55df141ea,2026-09-02T16:40:54+00:00
2026-07-26,BKR,2020Q1,ALPHA_VANTAGE,REVENUE_USD,5626840000.0,D:\Programming\python_example\Arcana\data-lake\bronze\consensus\alpha-vantage\earnings-estimates\snapshot_date=2026-07-26\ticker=BKR.json,26576fa2d22b6c0a1e3094382cbfa72df23f28c0f5d8c7952fdc72f55df141ea,2026-09-02T16:40:54+00:00
2026-07-26,BKR,2019Q4,ALPHA_VANTAGE,REVENUE_USD,6466040000.0,D:\Programming\python_example\Arcana\data-lake\bronze\consensus\alpha-vantage\earnings-estimates\snapshot_date=2026-07-26\ticker=BKR.json,26576fa2d22b6c0a1e3094382cbfa72df23f28c0f5d8c7952fdc72f55df141ea,2026-09-02T16:40:54+00:00
2026-07-26,BKR,2019Q3,ALPHA_VANTAGE,REVENUE_USD,6107430000.0,D:\Programming\python_example\Arcana\data-lake\bronze\consensus\alpha-vantage\earnings-estimates\snapshot_date=2026-07-26\ticker=BKR.json,26576fa2d22b6c0a1e3094382cbfa72df23f28c0f5d8c7952fdc72f55df141ea,2026-09-02T16:40:54+00:00
