wti,henry_hub,crude_prod,gas_prod,bea_gross_output,wti_yoy,henry_yoy,crude_prod_yoy_l1,gas_prod_yoy_l1,bea_go_yoy_l1,ticker,quarter,revenue,revenue_yoy,revenue_yoy_l1,assets_yoy_l1,ppe_yoy_l1,debt_yoy_l1,shares_yoy_l1,goodwill_jump_l1,revenue_yoy_l1_clip,assets_yoy_l1_clip,ppe_yoy_l1_clip,debt_yoy_l1_clip,shares_yoy_l1_clip,goodwill_jump_l1_clip,ma_event,ma_window,ma_assets_interaction,ma_ppe_interaction,ma_debt_interaction,ma_shares_interaction,ma_goodwill_interaction,total_production,oil_production,gas_production,realized_oil_price,realized_gas_price,realized_combined_price,guidance_total_production,guidance_oil_production,total_prod_yoy,oil_prod_yoy,guidance_total_prod_yoy,total_prod_yoy_l1,oil_prod_yoy_l1,company_prod_yoy_proxy,has_company_prod,has_guidance,oil_share_l1,price_mix_yoy,realized_basis_l1,structural_revenue_yoy,structural_error
,,,,,,,,,,COP,2009Q2,,,,,,,,,,,,,,,0.0,0.0,,,,,,,,,,,,,,,,,,,,0.0,0.0,0.78,,,,
,,,,,,,,,,DVN,2009Q2,,,,,,,,,,,,,,,0.0,0.0,,,,,,,,,,,,,,,,,,,,0.0,0.0,0.4880597014925373,,,,
,,,,,,,,,,EOG,2009Q2,,,,,,,,,,,,,,,0.0,0.0,,,,,,,,,,,,,,,,,,,,0.0,0.0,0.78,,,,
,,,,,,,,,,COP,2009Q3,,,,,,,,,,,,,,,0.0,0.0,,,,,,,,,,,,,,,,,,,,0.0,0.0,0.78,,,,
,,,,,,,,,,DVN,2009Q3,,,,,,,,,,,,,,,0.0,0.0,,,,,,,,,,,,,,,,,,,,0.0,0.0,0.4880597014925373,,,,
,,,,,,,,,,EOG,2009Q3,,,,,,,,,,,,,,,0.0,0.0,,,,,,,,,,,,,,,,,,,,0.0,0.0,0.78,,,,
,,,,,,,,,,COP,2010Q1,,,,,,,,0.0,,,,,,0.0,0.0,0.0,,,,,0.0,,,,,,,,,,,,,,,0.0,0.0,0.78,,,,
,,,,,,,,,,DVN,2010Q1,,,,,,,,0.8094023727685997,,,,,,0.8094023727685997,0.0,0.0,,,,,0.0,,,,,,,,,,,,,,,0.0,0.0,0.4880597014925373,,,,
,,,,,,,,,,EOG,2010Q1,,,,,,,,,,,,,,,0.0,0.0,,,,,,,,,,,,,,,,,,,,0.0,0.0,0.78,,,,
,,,,,,,,,,COP,2010Q2,,,,,,,,-0.0524841399489591,,,,,,-0.0524841399489591,0.0,0.0,,,,,-0.0,,,,,,,,,,,,,,,0.0,0.0,0.78,,,,
,,,,,,,,,,DVN,2010Q2,,,,,,,,0.3162645250701823,,,,,,0.3162645250701823,0.0,0.0,,,,,0.0,,,,,,,,,,,,,,,0.0,0.0,0.4880597014925373,,,,
,,,,,,,,,,EOG,2010Q2,,,,,,,,,,,,,,,0.0,0.0,,,,,,,,,,,,,,,,,,,,0.0,0.0,0.78,,,,
,,,,,,,,,,COP,2010Q3,47208000000.0,,,,,,,0.0019378593114139,,,,,,0.0019378593114139,0.0,0.0,,,,,0.0,,,,,,,,,,,,,,,0.0,0.0,0.78,,,,
,,,,,,,,,,DVN,2010Q3,2353000000.0,,,,,,,-0.4107311666720996,,,,,,-0.4107311666720996,0.0,0.0,,,,,-0.0,,,,,,,,,,,,,,,0.0,0.0,0.4880597014925373,,,,
,,,,,,,,,,EOG,2010Q3,1582075000.0,,,,,,,,,,,,,,0.0,0.0,,,,,,,,,,,,,,,,,,,,0.0,0.0,0.78,,,,
,,,,,,,,,,COP,2010Q4,51726000000.0,,,3.4449357153379365,-5.709157580417081,,,-0.0006602577646313,,3.4449357153379365,-5.709157580417081,,,-0.0006602577646313,0.0,0.0,0.0,-0.0,,,-0.0,,,,,,,,,,,,,,,0.0,0.0,0.78,,,,
,,,,,,,,,,EOG,2010Q4,1789160000.0,,,17.20240511457162,23.375933031755636,31.148298324642383,,,,17.20240511457162,23.375933031755636,31.148298324642383,,,0.0,0.0,0.0,0.0,0.0,,,,,,,,,,,,,,,,,0.0,0.0,0.78,,,,
,,,,,,,,,,COP,2011Q1,56530000000.0,,,,,,,,,,,,,,0.0,0.0,,,,,,,,,,,,,,,,,,,,0.0,0.0,0.78,,,,
,,,,,,,,,,DVN,2011Q1,2147000000.0,,,16.34997101558314,0.6173199342891544,-42.57585379961258,,0.283607487237663,,16.34997101558314,0.6173199342891544,-42.57585379961258,,0.283607487237663,0.0,0.0,0.0,0.0,-0.0,,0.0,,,,,,,,,,,,,,,0.0,0.0,0.4880597014925373,,,,
,,,,,,,,,,EOG,2011Q1,1897106000.0,,,,,,,,,,,,,,0.0,0.0,,,,,,,,,,,,,,,,,,,,0.0,0.0,0.78,,,,
,,,,,,,,,,COP,2011Q2,65627000000.0,,,3.0741513734222266,-3.355011007495105,,,,,3.0741513734222266,-3.355011007495105,,,,0.0,0.0,0.0,-0.0,,,,,,,,,,,,,,,,,,0.0,0.0,0.78,,,,
,,,,,,,,,,DVN,2011Q2,3220000000.0,,,20.51799625561452,11.069281877279648,-43.10986557151373,,0.5460879389887958,,20.51799625561452,11.069281877279648,-43.10986557151373,,0.5460879389887958,0.0,0.0,0.0,0.0,-0.0,,0.0,,,,,,,,,,,,,,,0.0,0.0,0.4880597014925373,,,,
,,,,,,,,,,EOG,2011Q2,2570250000.0,,,24.067487960571874,15.525581655046638,59.51517864736454,,,,24.067487960571874,15.525581655046638,50.0,,,0.0,0.0,0.0,0.0,0.0,,,,,,,,,,,,,,,,,0.0,0.0,0.78,,,,
,,,,,,,,,,COP,2011Q3,62784000000.0,28.51368941880303,,5.530357122306982,3.623755623828088,,,-0.0150335435941444,,5.530357122306982,3.623755623828088,,,-0.0150335435941444,0.0,0.0,0.0,0.0,,,-0.0,,,,,,,,,,,,,,,0.0,0.0,0.78,,,,
,,,,,,,,,,DVN,2011Q3,3502000000.0,,,22.81056306069222,17.577062606135037,2.0825267977427977,,0.0723589001447178,,22.81056306069222,17.577062606135037,2.0825267977427977,,0.0723589001447178,0.0,0.0,0.0,0.0,0.0,,0.0,,,,,,,,,,,,,,,0.0,0.0,0.4880597014925373,,,,
,,,,,,,,,,EOG,2011Q3,2885744000.0,60.10454757629441,,20.770678564694244,13.77065942232254,29.31893434018471,,,,20.770678564694244,13.77065942232254,29.31893434018471,,,0.0,0.0,0.0,0.0,0.0,,,,,,,,,,,,,,,,,0.0,0.0,0.78,,,,
,,,,,,,,,,COP,2011Q4,59872000000.0,14.624839363583607,28.51368941880303,-0.4154549846795753,1.9812255456623435,,-8.727048074126555,0.0,28.51368941880303,-0.4154549846795753,1.9812255456623435,,-8.727048074126555,0.0,0.0,0.0,-0.0,0.0,,-0.0,0.0,,,,,,,,,,,,,,,0.0,0.0,0.78,,,,
,,,,,,,,,,EOG,2011Q4,2773015000.0,43.81889399567493,60.10454757629441,21.765761747614185,12.77261997199857,28.42722506862302,-684.9572440229751,,60.10454757629441,21.765761747614185,12.77261997199857,28.42722506862302,-50.0,,0.0,0.0,0.0,0.0,0.0,-0.0,,,,,,,,,,,,,,,,0.0,0.0,0.78,,,,
,,,,,,,,,,COP,2012Q1,56132000000.0,-0.7065410798310101,14.624839363583607,,,,,,14.624839363583607,,,,,,0.0,0.0,,,,,,,,,,,,,,,,,,,,0.0,0.0,0.78,,,,
,,,,,,,,,,DVN,2012Q1,2497000000.0,5.939890155241077,,28.52935828286246,31.90419489703676,6.900483814783444,,-0.5838544775151153,,28.52935828286246,31.90419489703676,6.900483814783444,,-0.5838544775151153,0.0,0.0,0.0,0.0,0.0,,-0.0,,,,,,,,,,,,,,,0.0,0.0,0.4880597014925373,,,,
,,,,,,,,,,EOG,2012Q1,2806651000.0,39.16623905293923,43.81889399567493,,,,,,43.81889399567493,,,,,,0.0,0.0,,,,,,,,,,,,,,,,,,,,0.0,0.0,0.78,,,,
,,,,,,,,,,COP,2012Q2,13988000000.0,-154.5787377436745,-0.7065410798310101,2.007980054590952,2.1190937295872514,,-10.9685803605481,,-0.7065410798310101,2.007980054590952,2.1190937295872514,,-10.9685803605481,,0.0,0.0,0.0,0.0,,-0.0,,,,,,,,,,,,,,,,0.0,0.0,0.78,,,,
,,,,,,,,,,DVN,2012Q2,2559000000.0,17.55450382810077,5.939890155241077,29.0526155272407,37.80773269836068,56.442716547325,,0.2909747654643054,5.939890155241077,29.0526155272407,37.80773269836068,50.0,,0.2909747654643054,0.0,0.0,0.0,0.0,0.0,,0.0,,,,,,,,,,,,,,,0.0,0.0,0.4880597014925373,,,,
,,,,,,,,,,EOG,2012Q2,2909319000.0,12.391586273705585,39.16623905293923,8.191831260736356,11.94654733510828,0.1157834663250388,4.397938715106476,,39.16623905293923,8.191831260736356,11.94654733510828,0.1157834663250388,4.397938715106476,,0.0,0.0,0.0,0.0,0.0,0.0,,,,,,,,,,,,,,,,0.0,0.0,0.78,,,,
,,,,,,,,,,COP,2012Q3,14520000000.0,-146.41732545462477,-154.5787377436745,-33.93301035759963,-16.81302362464084,,-11.431311150789664,,-100.0,-33.93301035759963,-16.81302362464084,,-11.431311150789664,,0.0,0.0,-0.0,-0.0,,-0.0,,,,,,,,,,,,,,,,0.0,0.0,0.78,,,,
,,,,,,,,,,DVN,2012Q3,1865000000.0,-54.61203064605381,17.55450382810077,22.96634947870218,25.635103044884943,79.97569156182035,,-0.1408285412510268,17.55450382810077,22.96634947870218,25.635103044884943,50.0,,-0.1408285412510268,0.0,0.0,0.0,0.0,0.0,,-0.0,,,,,,,,,,,,,,,0.0,0.0,0.4880597014925373,,,,
,,,,,,,,,,EOG,2012Q3,2954855000.0,2.36668279516433,12.391586273705585,8.168195104009675,12.633828310465578,0.1126356458140351,0.3919630175948544,,12.391586273705585,8.168195104009675,12.633828310465578,0.1126356458140351,0.3919630175948544,,0.0,0.0,0.0,0.0,0.0,0.0,,,,,,,,,,,,,,,,0.0,0.0,0.78,,,,
,,,,,,,,,,FANG,2012Q3,,,,,,,,,,,,,,,0.0,0.0,,,,,,,,,,,,,,,,,,,,0.0,0.0,0.5931289640591966,,,,
,,,,,,,,,,COP,2012Q4,14475000000.0,-141.97859266326202,-146.41732545462477,-29.328096254864167,-12.111630175394192,,-701.4325260391122,,-100.0,-29.328096254864167,-12.111630175394192,,-50.0,,0.0,0.0,-0.0,-0.0,,-0.0,,,,,,,,,,,,,,,,0.0,0.0,0.78,,,,
,,,,,,,,,,COP,2013Q1,14166000000.0,-137.68613325574583,-141.97859266326202,,,,,,-100.0,,,,,,0.0,0.0,,,,,,,,,,,,,,,,,,,,0.0,0.0,0.78,,,,
,,,,,,,,,,DVN,2013Q1,1972000000.0,-57.42859776832165,-54.61203064605381,12.224495926644096,19.096411573162136,34.8346119449084,,0.2461467678858983,-54.61203064605381,12.224495926644096,19.096411573162136,34.8346119449084,,0.2461467678858983,0.0,0.0,0.0,0.0,0.0,,0.0,,,,,,,,,,,,,,,0.0,0.0,0.4880597014925373,,,,
,,,,,,,,,,EOG,2013Q1,3356514000.0,19.09677594764273,2.36668279516433,12.273519692936956,13.30222859479981,23.040098817632853,691.482654894813,,2.36668279516433,12.273519692936956,13.30222859479981,23.040098817632853,50.0,,0.0,0.0,0.0,0.0,0.0,0.0,,,,,,,,,,,,,,,,0.0,0.0,0.78,,,,
,,,,,,,,,,FANG,2013Q1,,,,,,,,,,,,,,,0.0,0.0,,,,,,,,,,,,,,,,,,,,0.0,0.0,0.5931289640591966,,,,
,,,,,,,,,,COP,2013Q2,13350000000.0,-4.668343435487088,-137.68613325574583,-32.42013953160811,-23.13174481278126,,-695.0950962331503,,-100.0,-32.42013953160811,-23.13174481278126,,-50.0,,0.0,0.0,-0.0,-0.0,,-0.0,,,,,,,,,,,,,,,,0.0,0.0,0.78,,,,
,,,,,,,,,,DVN,2013Q2,3091000000.0,21.340465185234315,-57.42859776832165,4.214355102062282,12.982362098244318,28.722125260323743,,-0.2227427206760356,-57.42859776832165,4.214355102062282,12.982362098244318,28.722125260323743,,-0.2227427206760356,0.0,0.0,0.0,0.0,0.0,,-0.0,,,,,,,,,,,,,,,0.0,0.0,0.4880597014925373,,,,
,,,,,,,,,,EOG,2013Q2,3840185000.0,31.352858489968728,19.09677594764273,,,,,,19.09677594764273,,,,,,0.0,0.0,,,,,,,,,,,,,,,,,,,,0.0,0.0,0.78,,,,
,,,,,,,,,,FANG,2013Q2,,,,,,,,,,,,,,,0.0,0.0,,,,,,,,,,,,,,,,,,,,0.0,0.0,0.5931289640591966,,,,
,,,,,,,,,,COP,2013Q3,13643000000.0,-6.230043981591291,-4.668343435487088,2.5452219342229943,-2.5437691923819714,,-692.270830515018,,-4.668343435487088,2.5452219342229943,-2.5437691923819714,,-50.0,,0.0,0.0,0.0,-0.0,,-0.0,,,,,,,,,,,,,,,,0.0,0.0,0.78,,,,
,,,,,,,,,,DVN,2013Q3,2720000000.0,6.101532313025427,21.340465185234315,-6.259228812433191,1.361124854057573,16.89870270537129,,-0.2404886729835024,21.340465185234315,-6.259228812433191,1.361124854057573,16.89870270537129,,-0.2404886729835024,0.0,0.0,-0.0,0.0,0.0,,-0.0,,,,,,,,,,,,,,,0.0,0.0,0.4880597014925373,,,,
,,,,,,,,,,EOG,2013Q3,3541396000.0,19.66019665147857,31.352858489968728,12.909874477364005,10.484118490629298,16.44640388842557,1.245427788017388,,31.352858489968728,12.909874477364005,10.484118490629298,16.44640388842557,1.245427788017388,,0.0,0.0,0.0,0.0,0.0,0.0,,,,,,,,,,,,,,,,0.0,0.0,0.78,,,,
,,,,,,,,,,FANG,2013Q3,,,,,,,,,,,,,,,0.0,0.0,,,,,,,,,,,,,,,,,,,,0.0,0.0,0.5931289640591966,,,,
,,,,,,,,,,COP,2013Q4,13254000000.0,-8.812362979302378,-6.230043981591291,3.7354052974323504,-3.431292604198998,,0.8641237429824391,,-6.230043981591291,3.7354052974323504,-3.431292604198998,,0.8641237429824391,,0.0,0.0,0.0,-0.0,,0.0,,,,,,,,,,,,,,,,0.0,0.0,0.78,,,,
98.67819672131148,5.179672131147541,8170.666666666667,2039631.0,462.8,,,,,,COP,2014Q1,15415000000.0,8.449633400668272,-8.812362979302378,,,,,,-8.812362979302378,,,,,,0.0,0.0,,,,,,,,,,,,,,,,,,,,0.0,0.0,0.78,,,,
98.67819672131148,5.179672131147541,8170.666666666667,2039631.0,462.8,,,,,,DVN,2014Q1,3725000000.0,69.1805798735744,6.101532313025427,-6.226214770573459,2.6123254238613005,-6.083162135881786,,0.0924537731134432,6.101532313025427,-6.226214770573459,2.6123254238613005,-6.083162135881786,,0.0924537731134432,1.0,1.0,-6.226214770573459,2.6123254238613005,-6.083162135881786,,0.0924537731134432,,,,,,,,,,,,,,,0.0,0.0,0.4880597014925373,,,,
98.67819672131148,5.179672131147541,8170.666666666667,2039631.0,462.8,,,,,,EOG,2014Q1,4083671000.0,32.35467585010492,19.66019665147857,14.805256605539382,12.06490553830276,16.423873553293895,1.3388246763526583,,19.66019665147857,14.805256605539382,12.06490553830276,16.423873553293895,1.3388246763526583,,0.0,0.0,0.0,0.0,0.0,0.0,,,,,,,,,,,,,,,,0.0,0.0,0.78,,,,
98.67819672131148,5.179672131147541,8170.666666666667,2039631.0,462.8,,,,,,FANG,2014Q1,,,,,,,,,,,,,,,1.0,1.0,,,,,,,,,,,,,,,,,,,,0.0,0.0,0.5931289640591966,,,,
103.3468253968254,4.60578125,8630.0,2135617.0,485.2,,,,,,COP,2014Q2,13821000000.0,3.467278977563099,8.449633400668272,1.8881576900579284,8.651412567409936,,0.4655474685417376,,8.449633400668272,1.8881576900579284,8.651412567409936,,0.4655474685417376,,0.0,0.0,0.0,0.0,,0.0,,,,,,,,,,,,,,,,0.0,0.0,0.78,,,,
103.3468253968254,4.60578125,8630.0,2135617.0,485.2,,,,,,DVN,2014Q2,4510000000.0,82.72488973341432,69.1805798735744,19.198431410411995,32.121609914613444,32.81586495458415,,7.836752680801058,69.1805798735744,19.198431410411995,32.121609914613444,32.81586495458415,,7.836752680801058,0.0,1.0,19.198431410411995,32.121609914613444,32.81586495458415,,7.836752680801058,,,,,,,,,,,,,,,0.0,0.0,0.4880597014925373,,,,
103.3468253968254,4.60578125,8630.0,2135617.0,485.2,,,,,,EOG,2014Q2,4187556000.0,22.12143347966528,32.35467585010492,13.677720388277258,13.0875820756428,-6.593433707112991,70.50119780520738,,32.35467585010492,13.677720388277258,13.0875820756428,-6.593433707112991,50.0,,0.0,0.0,0.0,0.0,-0.0,0.0,,,,,,,,,,,,,,,,0.0,0.0,0.78,,,,
103.3468253968254,4.60578125,8630.0,2135617.0,485.2,,,,,,FANG,2014Q2,,,,183.94994837987716,188.8744281692398,,,,,50.0,50.0,,,,0.0,1.0,50.0,50.0,,,,,,,,,,,,,,,,,,0.0,0.0,0.5931289640591966,,,,
97.97603174603174,3.96375,8942.333333333334,2216386.6666666665,456.6,,,,,,COP,2014Q3,12080000000.0,-12.16753770740682,3.467278977563099,3.9410787772939777,8.269125865972494,,0.5096874970194305,,3.467278977563099,3.9410787772939777,8.269125865972494,,0.5096874970194305,,0.0,0.0,0.0,0.0,,0.0,,,,,,,,,,,,,,,,0.0,0.0,0.78,,,,
97.97603174603174,3.96375,8942.333333333334,2216386.6666666665,456.6,,,,,,DVN,2014Q3,5336000000.0,54.59816454633432,82.72488973341432,20.641061488778067,33.82089258252328,40.10556521447487,,-1.4157111721785274,82.72488973341432,20.641061488778067,33.82089258252328,40.10556521447487,,-1.4157111721785274,0.0,1.0,20.641061488778067,33.82089258252328,40.10556521447487,,-1.4157111721785274,,,,,,,,,,,,,,,0.0,0.0,0.4880597014925373,,,,
97.97603174603174,3.96375,8942.333333333334,2216386.6666666665,456.6,,,,,,EOG,2014Q3,5118616000.0,28.736354748791705,22.12143347966528,16.51526883212308,16.369404232774404,-0.0477262466828824,-620.6505005042393,,22.12143347966528,16.51526883212308,16.369404232774404,-0.0477262466828824,-50.0,,0.0,0.0,0.0,0.0,-0.0,-0.0,,,,,,,,,,,,,,,,0.0,0.0,0.78,,,,
97.97603174603174,3.96375,8942.333333333334,2216386.6666666665,456.6,,,,,,FANG,2014Q3,,,,114.97180965482148,114.20143827017132,,31.49303430691786,,,50.0,50.0,,31.49303430691786,,1.0,1.0,50.0,50.0,,31.49303430691786,,,,,,,,,,,,,,,,0.0,0.0,0.5931289640591966,,,,
72.64129032258064,3.77984375,9367.666666666666,2238234.0,378.4,,,,,,COP,2014Q4,11208000000.0,-16.76715846313293,-12.16753770740682,-0.6483900979625088,6.347122794297966,,0.5815457925809469,,-12.16753770740682,-0.6483900979625088,6.347122794297966,,0.5815457925809469,,0.0,0.0,-0.0,0.0,,0.0,,,,,,,,,,,,,,,,0.0,0.0,0.78,,,,
72.64129032258064,3.77984375,9367.666666666666,2238234.0,378.4,,,,,,DVN,2014Q4,,,54.59816454633432,23.92844474206836,26.71097897153486,24.46305015120185,0.98766234959121,-0.1917245426978382,54.59816454633432,23.92844474206836,26.71097897153486,24.46305015120185,0.98766234959121,-0.1917245426978382,0.0,1.0,23.92844474206836,26.71097897153486,24.46305015120185,0.98766234959121,-0.1917245426978382,,,,,,,,,,,,,,,0.0,0.0,0.4880597014925373,,,,
72.64129032258064,3.77984375,9367.666666666666,2238234.0,378.4,,,,,,EOG,2014Q4,,,28.736354748791705,17.103220676975457,17.279612657595894,-0.0504342214157771,70.04386181568289,,28.736354748791705,17.103220676975457,17.279612657595894,-0.0504342214157771,50.0,,0.0,0.0,0.0,0.0,-0.0,0.0,,,,,,,,,,,,,,,,0.0,0.0,0.78,,,,
72.64129032258064,3.77984375,9367.666666666666,2238234.0,378.4,,,,,,FANG,2014Q4,,,,126.1779924179776,134.94627573827822,,33.62692763661235,,,50.0,50.0,,33.62692763661235,,0.0,1.0,50.0,50.0,,33.62692763661235,,,,,,,,,,,,,,,,0.0,0.0,0.5931289640591966,,,,
48.48524590163935,2.8981967213114754,9480.666666666666,2213891.333333333,257.4,-71.06044740413388,-58.06530357782865,,,,COP,2015Q1,7716000000.0,-69.2044966294631,-16.76715846313293,,,,,,-16.76715846313293,,,,,,0.0,0.0,,,,,,,,,,,,,,,,,,,,0.0,0.0,0.78,-69.6309815832403,,,
48.48524590163935,2.8981967213114754,9480.666666666666,2213891.333333333,257.4,-71.06044740413388,-58.06530357782865,,,,DVN,2015Q1,3265000000.0,18.26278824204885,,,,,,,,,,,,,0.0,1.0,,,,,,,,,,,,,,,,,,,,0.0,0.0,0.4880597014925373,-67.73407849934082,,,
48.48524590163935,2.8981967213114754,9480.666666666666,2213891.333333333,257.4,-71.06044740413388,-58.06530357782865,,,,EOG,2015Q1,2318538000.0,-42.358418507019934,,,,,,,,,,,,,0.0,0.0,,,,,,,,,,,,,,,,,,,,0.0,0.0,0.78,-69.6309815832403,,,
48.48524590163935,2.8981967213114754,9480.666666666666,2213891.333333333,257.4,-71.06044740413388,-58.06530357782865,,,,FANG,2015Q1,,,,,,,,,,,,,,,0.0,1.0,,,,,,,,,,,,,,,,,,,,0.0,0.0,0.5931289640591966,-68.41677358872961,,,
57.85460317460318,2.7465079365079363,9489.333333333334,2257511.333333333,270.4,-58.01575473039713,-51.69820443924535,14.870413239232365,8.198284233797882,-58.666370015749536,COP,2015Q2,8293000000.0,-51.07773891528229,-69.2044966294631,-8.683794331678248,0.2630781644796485,,0.4704020655900728,,-69.2044966294631,-8.683794331678248,0.2630781644796485,,0.4704020655900728,,0.0,0.0,-0.0,0.0,,0.0,,,,,,,,,,,,,,,12.868774537602018,0.0,0.0,0.78,-57.32082419837043,,-44.45204966076841,-6.62568925451388
57.85460317460318,2.7465079365079363,9489.333333333334,2257511.333333333,270.4,-58.01575473039713,-51.69820443924535,14.870413239232365,8.198284233797882,-58.666370015749536,DVN,2015Q2,3393000000.0,-9.335236602942974,18.26278824204885,10.442485797167173,11.771150745636016,25.831461690983065,0.7416597655049619,-3.898581797438974,18.26278824204885,10.442485797167173,11.771150745636016,25.831461690983065,0.7416597655049619,-3.898581797438974,0.0,0.0,0.0,0.0,0.0,0.0,-0.0,,,,,,,,,,,,,,12.868774537602018,0.0,0.0,0.4880597014925373,-56.39865043945305,,-43.52987590185103,34.19463929890806
57.85460317460318,2.7465079365079363,9489.333333333334,2257511.333333333,270.4,-58.01575473039713,-51.69820443924535,14.870413239232365,8.198284233797882,-58.666370015749536,EOG,2015Q2,2469701000.0,-50.28992481003813,-42.358418507019934,14.04278275172872,14.931737588257173,7.925914293364126,70.06172412649441,,-42.358418507019934,14.04278275172872,14.931737588257173,7.925914293364126,50.0,,0.0,0.0,0.0,0.0,0.0,0.0,,,,,,,,,,,,,,,12.868774537602018,0.0,0.0,0.78,-57.32082419837043,,-44.45204966076841,-5.8378751492697205
57.85460317460318,2.7465079365079363,9489.333333333334,2257511.333333333,270.4,-58.01575473039713,-51.69820443924535,14.870413239232365,8.198284233797882,-58.666370015749536,FANG,2015Q2,,,,74.65070217580757,73.0437587482317,30.660768348198356,27.417214982618628,,,50.0,50.0,30.660768348198356,27.417214982618628,,0.0,1.0,50.0,50.0,30.660768348198356,27.417214982618628,,,,,,,,,,,,,,,12.868774537602018,0.0,0.0,0.5931289640591966,-56.73054061461261,,-43.861766077010586,
46.48609375,2.759090909090909,9435.666666666666,2281420.333333333,236.1,-74.5569666010961,-36.22893021632834,9.492385567357855,5.550742869469588,-58.46588329010862,COP,2015Q3,7262000000.0,-50.889591951452495,-51.07773891528229,-8.260597183543144,-1.3844331364741749,,0.4011982372076013,,-51.07773891528229,-8.260597183543144,-1.3844331364741749,,0.4011982372076013,,0.0,0.0,-0.0,-0.0,,0.0,,,,,,,,,,,,,,,8.309892757991374,0.0,0.0,0.78,-70.34088259877163,,-62.03098984078025,11.141397889327756
46.48609375,2.759090909090909,9435.666666666666,2281420.333333333,236.1,-74.5569666010961,-36.22893021632834,9.492385567357855,5.550742869469588,-58.46588329010862,DVN,2015Q3,3601000000.0,-22.50855688478488,-9.335236602942974,-26.1932253183004,-29.654684740998068,-3.149866705937105,0.2466092495193468,0.0463146751356358,-9.335236602942974,-26.1932253183004,-29.654684740998068,-3.149866705937105,0.2466092495193468,0.0463146751356358,0.0,0.0,-0.0,-0.0,-0.0,0.0,0.0,,,,,,,,,,,,,,8.309892757991374,0.0,0.0,0.4880597014925373,-64.74613340708464,,-56.436240649093264,33.927683764308384
46.48609375,2.759090909090909,9435.666666666666,2281420.333333333,236.1,-74.5569666010961,-36.22893021632834,9.492385567357855,5.550742869469588,-58.46588329010862,EOG,2015Q3,2172428000.0,-65.62718341298789,-50.28992481003813,5.280432558119709,10.459066373803426,7.988950009748436,0.5931352895719496,,-50.28992481003813,5.280432558119709,10.459066373803426,7.988950009748436,0.5931352895719496,,0.0,0.0,0.0,0.0,0.0,0.0,,,,,,,,,,,,,,,8.309892757991374,0.0,0.0,0.78,-70.34088259877163,,-62.03098984078025,-3.596193572207639
46.48609375,2.759090909090909,9435.666666666666,2281420.333333333,236.1,-74.5569666010961,-36.22893021632834,9.492385567357855,5.550742869469588,-58.46588329010862,FANG,2015Q3,,,,49.31042110610363,47.43138187450041,20.14447492201278,23.807063648103107,,,49.31042110610363,47.43138187450041,20.14447492201278,23.807063648103107,,0.0,1.0,49.31042110610363,47.43138187450041,20.14447492201278,23.807063648103107,,,,,,,,,,,,,,,8.309892757991374,0.0,0.0,0.5931289640591966,-66.75968266637246,,-58.44978990838108,
41.86000000000001,2.118484848484848,9330.666666666666,2268997.0,202.3,-55.120278036880485,-57.89815337408919,5.370028083314914,2.891995999624644,-65.9552290004228,COP,2015Q4,6293000000.0,-57.71899044899094,-50.889591951452495,-11.60479928763282,-5.369198564428632,,0.3137451628403478,,-50.889591951452495,-11.60479928763282,-5.369198564428632,,0.3137451628403478,,0.0,0.0,-0.0,-0.0,,0.0,,,,,,,,,,,,,,,4.626618458207832,0.0,0.0,0.78,-55.42584432397344,,-50.799225865765614,-6.919764583225323
41.86000000000001,2.118484848484848,9330.666666666666,2268997.0,202.3,-55.120278036880485,-57.89815337408919,5.370028083314914,2.891995999624644,-65.9552290004228,DVN,2015Q4,,,-22.50855688478488,-39.74468658828537,-48.52274421059386,-4.124295853404913,0.0,-1.413584199379402,-22.50855688478488,-39.74468658828537,-48.52274421059386,-4.124295853404913,0.0,-1.413584199379402,0.0,0.0,-0.0,-0.0,-0.0,0.0,-0.0,,,,,,,,,,,,,,4.626618458207832,0.0,0.0,0.4880597014925373,-55.83133120155406,,-51.20471274334623,
41.86000000000001,2.118484848484848,9330.666666666666,2268997.0,202.3,-55.120278036880485,-57.89815337408919,5.370028083314914,2.891995999624644,-65.9552290004228,EOG,2015Q4,,,-65.62718341298789,-19.9577575947752,-14.969925283470356,7.987179196127557,691.2936100087825,,-65.62718341298789,-19.9577575947752,-14.969925283470356,7.987179196127557,50.0,,0.0,0.0,-0.0,-0.0,0.0,0.0,,,,,,,,,,,,,,,4.626618458207832,0.0,0.0,0.78,-55.42584432397344,,-50.799225865765614,
41.86000000000001,2.118484848484848,9330.666666666666,2268997.0,202.3,-55.120278036880485,-57.89815337408919,5.370028083314914,2.891995999624644,-65.9552290004228,FANG,2015Q4,,,,37.92252198767592,36.2265520458872,-1.42134372500555,25.079787560184165,,,37.92252198767592,36.2265520458872,-1.42134372500555,25.079787560184165,,0.0,0.0,0.0,0.0,-0.0,0.0,,,,,,,,,,,,,,,4.626618458207832,0.0,0.0,0.5931289640591966,-55.68539654496274,,-51.05877808675491,
33.41274193548387,1.9915384615384613,9128.333333333334,2243432.0,159.7,-37.23222211428326,-37.51812870427111,-0.3957577141539053,1.365072156375939,-62.62000930040234,COP,2016Q1,5121000000.0,-40.99463625630693,-57.71899044899094,,,,,,-57.71899044899094,,,,,,0.0,0.0,,,,,,,,,,,,,,,,,,,0.13249124700504794,0.0,0.0,0.78,-37.263671839181924,,-37.131180592176875,-3.8634556641300577
33.41274193548387,1.9915384615384613,9128.333333333334,2243432.0,159.7,-37.23222211428326,-37.51812870427111,-0.3957577141539053,1.365072156375939,-62.62000930040234,DVN,2016Q1,2126000000.0,-92.02340286935664,,,,,,,,,,,,,0.0,0.0,,,,,,,,,,,,,,,,,,,0.13249124700504794,0.0,0.0,0.4880597014925373,-37.305405666795075,,-37.172914419790025,-54.85048844956662
33.41274193548387,1.9915384615384613,9128.333333333334,2243432.0,159.7,-37.23222211428326,-37.51812870427111,-0.3957577141539053,1.365072156375939,-62.62000930040234,EOG,2016Q1,1354349000.0,-132.9563193932795,,,,,,,,,,,,,0.0,0.0,,,,,,,,,,,,,,,,,,,0.13249124700504794,0.0,0.0,0.78,-37.263671839181924,,-37.131180592176875,-95.82513880110263
33.41274193548387,1.9915384615384613,9128.333333333334,2243432.0,159.7,-37.23222211428326,-37.51812870427111,-0.3957577141539053,1.365072156375939,-62.62000930040234,FANG,2016Q1,,,,,,,,,,,,,,,0.0,0.0,,,,,,,,,,,,,,,,,,,0.13249124700504794,0.0,0.0,0.5931289640591966,-37.290385669508595,,-37.157894422503546,
45.460625,2.1458461538461537,8799.333333333334,2211735.0,195.5,-24.10864546600925,-24.679631156521104,-3.78715077148198,1.3255084710753535,-47.73342399410596,COP,2016Q2,5348000000.0,-43.86891262293699,-40.99463625630693,-9.735330443879636,-11.737891360602598,,0.3030563834396103,,-40.99463625630693,-9.735330443879636,-11.737891360602598,,0.3030563834396103,,0.0,0.0,-0.0,-0.0,,0.0,,,,,,,,,,,,,,,-2.25335299871478,0.0,0.0,0.78,-24.17145389196555,,-26.42480689068033,-17.44410573225666
45.460625,2.1458461538461537,8799.333333333334,2211735.0,195.5,-24.10864546600925,-24.679631156521104,-3.78715077148198,1.3255084710753535,-47.73342399410596,DVN,2016Q2,2488000000.0,-27.17805878514613,-92.02340286935664,-57.3964188573696,-60.19269436313904,18.246916916413923,15.23941362524815,-4.704375418473989,-92.02340286935664,-50.0,-50.0,18.246916916413923,15.23941362524815,-4.704375418473989,0.0,0.0,-0.0,-0.0,0.0,0.0,-0.0,,,,,,,,,,,,,,-2.25335299871478,0.0,0.0,0.4880597014925373,-24.254800758431315,,-26.508153757146097,-0.6699050280000343
45.460625,2.1458461538461537,8799.333333333334,2211735.0,195.5,-24.10864546600925,-24.679631156521104,-3.78715077148198,1.3255084710753535,-47.73342399410596,EOG,2016Q2,1775740000.0,-26.67195771657496,-132.9563193932795,-26.995609430864132,-20.499922683156697,16.740979781344134,0.5007808217235111,,-100.0,-26.995609430864132,-20.499922683156697,16.740979781344134,0.5007808217235111,,0.0,0.0,-0.0,-0.0,0.0,0.0,,,,,,,,,,,,,,,-2.25335299871478,0.0,0.0,0.78,-24.17145389196555,,-26.42480689068033,-0.24715082589462867
45.460625,2.1458461538461537,8799.333333333334,2211735.0,195.5,-24.10864546600925,-24.679631156521104,-3.78715077148198,1.3255084710753535,-47.73342399410596,FANG,2016Q2,,,,4.248186369533199,-0.71511242236594,-19.46528690876542,25.295299741608066,,,4.248186369533199,-0.71511242236594,-19.46528690876542,25.295299741608066,,0.0,0.0,0.0,-0.0,-0.0,0.0,,,,,,,,,,,,,,,-2.25335299871478,0.0,0.0,0.5931289640591966,-24.224804235712217,,-26.478157234426995,
44.84476923076923,2.880151515151516,8637.0,2214797.333333333,212.6,-3.594625509969576,4.294165748450005,-7.549239973026181,-2.048575120072226,-32.43419647433885,COP,2016Q3,6415000000.0,-12.401627492454423,-43.86891262293699,-15.3615123326637,-15.533213934725609,,0.3110322316885363,,-43.86891262293699,-15.3615123326637,-15.533213934725609,,0.3110322316885363,,0.0,0.0,-0.0,-0.0,,0.0,,,,,,,,,,,,,,,-5.899040517139994,0.0,0.0,0.78,-2.7268584715434225,,-8.625898988683417,-3.775728503771006
44.84476923076923,2.880151515151516,8637.0,2214797.333333333,212.6,-3.594625509969576,4.294165748450005,-7.549239973026181,-2.048575120072226,-32.43419647433885,DVN,2016Q3,4233000000.0,22.11964757366936,-27.17805878514613,-50.94004418875658,-62.628660782976,18.198172622049707,24.36220826577505,0.0,-27.17805878514613,-50.0,-50.0,18.198172622049707,24.36220826577505,0.0,0.0,0.0,-0.0,-0.0,0.0,0.0,0.0,,,,,,,,,,,,,,-5.899040517139994,0.0,0.0,0.4880597014925373,-1.5753304341203849,,-7.474370951260379,29.59401852492974
44.84476923076923,2.880151515151516,8637.0,2214797.333333333,212.6,-3.594625509969576,4.294165748450005,-7.549239973026181,-2.048575120072226,-32.43419647433885,EOG,2016Q3,2118504000.0,-15.338691146975869,-26.67195771657496,-29.496476394231085,-24.717087135091443,8.763505276891516,0.4278921474879117,,-26.67195771657496,-29.496476394231085,-24.717087135091443,8.763505276891516,0.4278921474879117,,0.0,0.0,-0.0,-0.0,0.0,0.0,,,,,,,,,,,,,,,-5.899040517139994,0.0,0.0,0.78,-2.7268584715434225,,-8.625898988683417,-6.7127921582924515
44.84476923076923,2.880151515151516,8637.0,2214797.333333333,212.6,-3.594625509969576,4.294165748450005,-7.549239973026181,-2.048575120072226,-32.43419647433885,FANG,2016Q3,,,,-8.504463700784266,-12.390733397172903,-21.25475436305048,20.567509464830845,,,-8.504463700784266,-12.390733397172903,-21.25475436305048,20.567509464830845,,0.0,0.0,-0.0,-0.0,-0.0,0.0,,,,,,,,,,,,,,,-5.899040517139994,0.0,0.0,0.5931289640591966,-1.9897651741526117,,-7.888805691292606,
49.13555555555556,3.040769230769231,8845.666666666666,2194073.333333333,231.4,16.02522014499366,36.14093807896441,-8.844153492033119,-2.963730028339575,-10.484297818361972,COP,2016Q4,6809000000.0,7.88073619560331,-12.401627492454423,-11.664634227373467,-15.281736330101566,,0.3083497145497076,,-12.401627492454423,-11.664634227373467,-15.281736330101566,,0.3083497145497076,,0.0,0.0,-0.0,-0.0,,0.0,,,,,,,,,,,,,,,-7.080026452925056,0.0,0.0,0.78,18.23794911773044,,11.157922664805385,-3.277186469202075
49.13555555555556,3.040769230769231,8845.666666666666,2194073.333333333,231.4,16.02522014499366,36.14093807896441,-8.844153492033119,-2.963730028339575,-10.484297818361972,DVN,2016Q4,1457000000.0,-90.48320574536704,22.11964757366936,-41.5028994407038,-54.280312885424976,-3.315912177468599,24.93968821516343,-0.7194244604316548,22.11964757366936,-41.5028994407038,-50.0,-3.315912177468599,24.93968821516343,-0.7194244604316548,0.0,0.0,-0.0,-0.0,-0.0,0.0,-0.0,,,,,,,,,,,,,,-7.080026452925056,0.0,0.0,0.4880597014925373,21.174243466898112,,14.094217013973056,-104.5774227593401
49.13555555555556,3.040769230769231,8845.666666666666,2194073.333333333,231.4,16.02522014499366,36.14093807896441,-8.844153492033119,-2.963730028339575,-10.484297818361972,EOG,2016Q4,,,-15.338691146975869,-28.211585891698647,-28.04577208515579,8.764066060754157,0.4269484837209733,,-15.338691146975869,-28.211585891698647,-28.04577208515579,8.764066060754157,0.4269484837209733,,0.0,0.0,-0.0,-0.0,0.0,0.0,,,,,,,,,,,,,,,-7.080026452925056,0.0,0.0,0.78,18.23794911773044,,11.157922664805385,
49.13555555555556,3.040769230769231,8845.666666666666,2194073.333333333,231.4,16.02522014499366,36.14093807896441,-8.844153492033119,-2.963730028339575,-10.484297818361972,FANG,2016Q4,,,,10.588190640218563,9.003355319468616,-36.624506455013616,22.74449476886864,,,10.588190640218563,9.003355319468616,-36.624506455013616,22.74449476886864,,0.0,0.0,0.0,0.0,-0.0,0.0,,,,,,,,,,,,,,,-7.080026452925056,0.0,0.0,0.5931289640591966,20.117471642237497,,13.037445189312441,
51.62129032258064,3.015230769230769,9046.666666666666,2153014.6666666665,255.0,43.4996868234753,41.4768931323222,-5.337876947587585,-3.3578097842985626,13.439607058587637,COP,2017Q1,7518000000.0,38.39504126615731,7.88073619560331,,,,,,7.88073619560331,,,,,,0.0,0.0,,,,,,,,,,,,,,,,,,,-4.743856798600878,0.0,0.0,0.78,43.27717951744846,,38.53332271884758,-0.13828145269027203
51.62129032258064,3.015230769230769,9046.666666666666,2153014.6666666665,255.0,43.4996868234753,41.4768931323222,-5.337876947587585,-3.3578097842985626,13.439607058587637,DVN,2017Q1,3547000000.0,51.18598958717286,-90.48320574536704,,,,,,-90.48320574536704,,,,,,0.0,0.0,,,,,,,,,,,,,,,,,,,-4.743856798600878,0.0,0.0,0.4880597014925373,42.981912020441335,,38.238055221840455,12.947934365332408
51.62129032258064,3.015230769230769,9046.666666666666,2153014.6666666665,255.0,43.4996868234753,41.4768931323222,-5.337876947587585,-3.3578097842985626,13.439607058587637,EOG,2017Q1,2610565000.0,18.372123693682017,,,,,,,,,,,,,0.0,0.0,,,,,,,,,,,,,,,,,,,-4.743856798600878,0.0,0.0,0.78,43.27717951744846,,38.53332271884758,-20.161199025165562
51.62129032258064,3.015230769230769,9046.666666666666,2153014.6666666665,255.0,43.4996868234753,41.4768931323222,-5.337876947587585,-3.3578097842985626,13.439607058587637,FANG,2017Q1,,,,,,,,,,,,,,,1.0,1.0,,,,,,,,,,,,,,,,,,,-4.743856798600878,0.0,0.0,0.5931289640591966,43.088178741168306,,38.344321942567426,
48.10380952380952,3.076,9135.666666666666,2229228.6666666665,238.9,5.651480737466756,36.00960997315844,-0.8986763828961745,-4.1137805631676345,46.79664899374594,COP,2017Q2,6781000000.0,23.740192446200822,38.39504126615731,-12.647885744336516,-19.255556424316023,,-0.1026594678149824,,38.39504126615731,-12.647885744336516,-19.255556424316023,,-0.1026594678149824,,1.0,1.0,-12.647885744336516,-19.255556424316023,,-0.1026594678149824,,1578.0,,,36.08,,36.13,,,,,,,,-1.8632076369776125,0.0,0.0,0.78,8.990874953392842,,7.127667316415229,16.612525129785595
48.10380952380952,3.076,9135.666666666666,2229228.6666666665,238.9,5.651480737466756,36.00960997315844,-0.8986763828961745,-4.1137805631676345,46.79664899374594,DVN,2017Q2,3273000000.0,27.42278206421105,51.18598958717286,-9.146243943562048,-15.967706561671015,-16.104881945677523,9.646026618756231,,51.18598958717286,-9.146243943562048,-15.967706561671015,-16.104881945677523,9.646026618756231,,0.0,0.0,-0.0,-0.0,-0.0,0.0,,,,,,,,,,,,,,,-1.8632076369776125,0.0,0.0,0.4880597014925373,13.42225560899082,,11.559047972013207,15.863734092197841
48.10380952380952,3.076,9135.666666666666,2229228.6666666665,238.9,5.651480737466756,36.00960997315844,-0.8986763828961745,-4.1137805631676345,46.79664899374594,EOG,2017Q2,2612472000.0,65.69760034525325,18.372123693682017,6.852578225171105,5.338397269628433,8.77008036929134,5.004370462600808,,18.372123693682017,6.852578225171105,5.338397269628433,8.77008036929134,5.004370462600808,,0.0,0.0,0.0,0.0,0.0,0.0,,,,,,,,,,,,,,,-1.8632076369776125,0.0,0.0,0.78,8.990874953392842,,7.127667316415229,58.56993302883802
48.10380952380952,3.076,9135.666666666666,2229228.6666666665,238.9,5.651480737466756,36.00960997315844,-0.8986763828961745,-4.1137805631676345,46.79664899374594,FANG,2017Q2,,,,75.57593878837103,79.42118907797318,70.10768030319373,35.60878074233605,,,50.0,50.0,50.0,35.60878074233605,,0.0,1.0,50.0,50.0,50.0,35.60878074233605,,,,,,,,,,,,,,,-1.8632076369776125,0.0,0.0,0.5931289640591966,11.82740248314209,,9.964194846164476,
48.18177419354839,2.952153846153846,9345.0,2303912.333333333,240.0,7.177386715656228,2.4692119094377185,3.751020551177538,0.7878360852976471,20.048467490634348,COP,2017Q3,6688000000.0,4.167587771480072,23.740192446200822,-20.8150425898018,-30.708342987100465,,690.1258963036115,,23.740192446200822,-20.8150425898018,-30.708342987100465,,50.0,,0.0,1.0,-20.8150425898018,-30.708342987100465,,50.0,,1578.0,,,39.49,,37.1,,,,,,,,2.8620652114135705,0.0,0.0,0.78,6.659487486972192,-19.429203699768316,9.521552698385761,-5.3539649269056895
48.18177419354839,2.952153846153846,9345.0,2303912.333333333,240.0,7.177386715656228,2.4692119094377185,3.751020551177538,0.7878360852976471,20.048467490634348,DVN,2017Q3,3156000000.0,-29.360555855515884,27.42278206421105,-1.5909174199702467,0.0416208348012525,-15.733883772062892,0.9606221805439932,0.0,27.42278206421105,-1.5909174199702467,0.0416208348012525,-15.733883772062892,0.9606221805439932,0.0,0.0,0.0,-0.0,0.0,-0.0,0.0,0.0,,,,48.14,2.99,,,,,,,,,2.8620652114135705,0.0,0.0,0.4880597014925373,5.972234507795818,,8.834299719209389,-38.194855574725274
48.18177419354839,2.952153846153846,9345.0,2303912.333333333,240.0,7.177386715656228,2.4692119094377185,3.751020551177538,0.7878360852976471,20.048467490634348,EOG,2017Q3,2644844000.0,39.83948469082883,65.69760034525325,10.53161802059488,7.20712620688569,-8.968684056332195,4.946626948911761,,65.69760034525325,10.53161802059488,7.20712620688569,-8.968684056332195,4.946626948911761,,0.0,0.0,0.0,0.0,-0.0,0.0,,,,,,,,,,,,,,,2.8620652114135705,0.0,0.0,0.78,6.659487486972192,,9.521552698385761,30.31793199244307
48.18177419354839,2.952153846153846,9345.0,2303912.333333333,240.0,7.177386715656228,2.4692119094377185,3.751020551177538,0.7878360852976471,20.048467490634348,FANG,2017Q3,,,,83.5123205820387,91.4775766390375,86.33640778509756,32.33694023138534,,,50.0,50.0,50.0,32.33694023138534,,0.0,1.0,50.0,50.0,50.0,32.33694023138534,,,,,,,,,,,,,,,2.8620652114135705,0.0,0.0,0.5931289640591966,6.219576735257969,,9.081641946671539,
55.26587301587302,2.9075,9913.333333333334,2427372.0,282.0,11.757267507387814,-4.4816914436374935,7.87861406093776,3.94477903966969,12.12264574341438,COP,2017Q4,8119000000.0,17.59617273794798,4.167587771480072,-23.067844332585448,-27.83768761873995,,688.049456423275,,4.167587771480072,-23.067844332585448,-27.83768761873995,,50.0,,0.0,1.0,-23.067844332585448,-27.83768761873995,,50.0,,1578.0,,,,,46.1,,,,,,,,6.698463554557339,0.0,0.0,0.78,9.970982022775031,-17.243287944976327,16.669445577332368,0.9267271606156129
55.26587301587302,2.9075,9913.333333333334,2427372.0,282.0,11.757267507387814,-4.4816914436374935,7.87861406093776,3.94477903966969,12.12264574341438,DVN,2017Q4,,,-29.360555855515884,2.744231648390214,5.492944876627801,-5.808898974101127,0.3831422311556088,0.0,-29.360555855515884,2.744231648390214,5.492944876627801,-5.808898974101127,0.3831422311556088,0.0,0.0,0.0,0.0,0.0,-0.0,0.0,0.0,548.0,246.0,,55.49,2.93,,140.0,,,,,,,6.698463554557339,0.0,0.0,0.4880597014925373,7.6005787609686495,,14.299042315525988,
55.26587301587302,2.9075,9913.333333333334,2427372.0,282.0,11.757267507387814,-4.4816914436374935,7.87861406093776,3.94477903966969,12.12264574341438,EOG,2017Q4,,,39.83948469082883,10.9002136182958,10.27400509607657,-8.971159626164733,4.893153185636365,,39.83948469082883,10.9002136182958,10.27400509607657,-8.971159626164733,4.893153185636365,,0.0,0.0,0.0,0.0,-0.0,0.0,,,,,,,,,,,,,,,6.698463554557339,0.0,0.0,0.78,9.970982022775031,,16.669445577332368,
55.26587301587302,2.9075,9913.333333333334,2427372.0,282.0,11.757267507387814,-4.4816914436374935,7.87861406093776,3.94477903966969,12.12264574341438,FANG,2017Q4,,,,94.22408383181237,103.79911302036504,93.249962285303,31.36845582156256,,,50.0,50.0,50.0,31.36845582156256,,0.0,1.0,50.0,50.0,50.0,31.36845582156256,,,,,,,,,,,,,,,6.698463554557339,0.0,0.0,0.5931289640591966,8.453686481885889,,15.152150036443228,
62.90573770491803,3.08,10243.333333333334,2404373.0,315.4,19.77031884791748,2.125322936035157,11.395295544249812,10.104940486241258,19.775925617853733,COP,2018Q1,8798000000.0,15.722427778454184,17.59617273794798,,,,,,17.59617273794798,,,,,,0.0,1.0,,,,,,1593.0,,,50.49,,36.18,,,,,,,,11.008189026847246,0.0,0.0,0.78,17.829369297610423,-9.79458070824968,28.837558324457667,-13.115130546003483
62.90573770491803,3.08,10243.333333333334,2404373.0,315.4,19.77031884791748,2.125322936035157,11.395295544249812,10.104940486241258,19.775925617853733,DVN,2018Q1,3810000000.0,96.12496619255415,,,,,,,,,,,,,0.0,0.0,,,,,,,,,62.93,3.01,,,,,,,,,11.008189026847246,0.0,0.0,0.4489051094890511,14.908285302855015,,25.91647432970226,70.2084918628519
62.90573770491803,3.08,10243.333333333334,2404373.0,315.4,19.77031884791748,2.125322936035157,11.395295544249812,10.104940486241258,19.775925617853733,EOG,2018Q1,3681162000.0,55.25182839973461,,,,,,,,,,,,,0.0,0.0,,,,,,,,,,,,,,,,,,,11.008189026847246,0.0,0.0,0.78,17.829369297610423,,28.837558324457667,26.414270075276946
62.90573770491803,3.08,10243.333333333334,2404373.0,315.4,19.77031884791748,2.125322936035157,11.395295544249812,10.104940486241258,19.775925617853733,FANG,2018Q1,,,,,,,,,,,,,,,0.0,1.0,,,,,,,,,,,,,,,,,,,11.008189026847246,0.0,0.0,0.5931289640591966,16.18069996499808,,27.188888991845324,
68.06546875,2.85390625,10522.0,2485881.6666666665,335.0,34.71086436853505,-7.494138176177789,12.423072173567023,11.042013214802232,21.25781293705118,COP,2018Q2,8504000000.0,22.64120573379418,15.722427778454184,-21.82025538866047,-16.85230008122212,,-5.24148968716782,,15.722427778454184,-21.82025538866047,-16.85230008122212,,-5.24148968716782,,0.0,1.0,-21.82025538866047,-16.85230008122212,,-5.24148968716782,,1593.0,,,54.32,,52.37,,,0.9460808504228889,,,,,12.008754485937585,0.0,0.0,0.78,30.06831408861664,-37.64101713254411,42.077068574554225,-19.435862840760045
68.06546875,2.85390625,10522.0,2485881.6666666665,335.0,34.71086436853505,-7.494138176177789,12.423072173567023,11.042013214802232,21.25781293705118,DVN,2018Q2,2746000000.0,-25.595686844570544,96.12496619255415,,,,,-5.736782902137233,96.12496619255415,,,,,-5.736782902137233,0.0,0.0,,,,,-0.0,541.0,109.0,,67.83,2.8,,,,,,,,,12.008754485937585,0.0,0.0,0.4880597014925373,23.90764356791079,,35.916398053848376,-61.51208489841892
68.06546875,2.85390625,10522.0,2485881.6666666665,335.0,34.71086436853505,-7.494138176177789,12.423072173567023,11.042013214802232,21.25781293705118,EOG,2018Q2,4238077000.0,48.4542955625636,55.25182839973461,18.47516556026615,15.252924188851347,-13.935990489665931,4.973733657634773,,55.25182839973461,18.47516556026615,15.252924188851347,-13.935990489665931,4.973733657634773,,0.0,0.0,0.0,0.0,-0.0,0.0,,,,,,,,,,,,,,,12.008754485937585,0.0,0.0,0.78,30.06831408861664,,42.077068574554225,6.377226988009376
68.06546875,2.85390625,10522.0,2485881.6666666665,335.0,34.71086436853505,-7.494138176177789,12.423072173567023,11.042013214802232,21.25781293705118,FANG,2018Q2,,,,84.70913540761134,87.72274365870429,122.9283099420749,24.46368376018746,,,50.0,50.0,50.0,24.46368376018746,,0.0,0.0,0.0,0.0,0.0,0.0,,,,,,,,,,,,,,,12.008754485937585,0.0,0.0,0.5931289640591966,26.12486781490927,,38.13362230084685,
69.68730158730159,2.928730158730158,11247.666666666666,2630202.6666666665,368.1,36.90372936893596,-0.7966085123755635,14.1282136758187,10.89717558115252,33.80854774933026,COP,2018Q3,9449000000.0,34.55940400180884,22.64120573379418,-12.358156948852866,-1.1594083841711422,,-696.1273577450206,,22.64120573379418,-12.358156948852866,-1.1594083841711422,,-50.0,,0.0,0.0,-0.0,-0.0,,-0.0,,1593.0,,,57.71,,54.2,,,0.9460808504228889,,,0.9460808504228889,,0.9460808504228889,1.0,0.0,0.78,32.7566922019917,-16.15681583214513,33.702773052414585,0.8566309493942583
69.68730158730159,2.928730158730158,11247.666666666666,2630202.6666666665,368.1,36.90372936893596,-0.7966085123755635,14.1282136758187,10.89717558115252,33.80854774933026,DVN,2018Q3,2579000000.0,-23.830526861983568,-25.595686844570544,10.952646443265364,-15.089795242258536,-58.38449206262044,-1.3500687218902576,-5.25992632009824,-25.595686844570544,10.952646443265364,-15.089795242258536,-50.0,-1.3500687218902576,-5.25992632009824,1.0,1.0,10.952646443265364,-15.089795242258536,-50.0,-1.3500687218902576,-5.25992632009824,418.0,,,69.6,2.91,,,,,,,,,13.158902247418846,0.0,0.0,0.20147874306839186,21.851468773070366,,35.01037102048921,-58.840897882472774
69.68730158730159,2.928730158730158,11247.666666666666,2630202.6666666665,368.1,36.90372936893596,-0.7966085123755635,14.1282136758187,10.89717558115252,33.80854774933026,EOG,2018Q3,4781624000.0,60.44833382255875,48.4542955625636,9.40399250662735,5.867215221510641,-29.974091258843945,0.3825858745093933,,48.4542955625636,9.40399250662735,5.867215221510641,-29.974091258843945,0.3825858745093933,,0.0,0.0,0.0,0.0,-0.0,0.0,,,,,,,,,,,,,,,13.158902247418846,0.0,0.0,0.78,32.7566922019917,,45.91559444941054,14.53273937314821
69.68730158730159,2.928730158730158,11247.666666666666,2630202.6666666665,368.1,36.90372936893596,-0.7966085123755635,14.1282136758187,10.89717558115252,33.80854774933026,FANG,2018Q3,,,,34.05921004944098,31.26317905295646,69.08631459168545,5.688406017966199,,,34.05921004944098,31.26317905295646,50.0,5.688406017966199,,0.0,0.0,0.0,0.0,0.0,0.0,,,,,,,,,,,,,,,13.158902247418846,0.0,0.0,0.5931289640591966,29.234141604392192,,42.393043851811036,
59.96557377049181,3.7688524590163937,11783.666666666666,2737634.6666666665,368.0,8.161503351934885,25.94769621851422,18.531925882360472,13.245221044859631,42.77157170429843,COP,2018Q4,9666000000.0,17.44075795425829,34.55940400180884,-5.922633990659971,-4.230158607989124,,-694.9370435921152,,34.55940400180884,-5.922633990659971,-4.230158607989124,,-50.0,,0.0,0.0,-0.0,-0.0,,-0.0,,1593.0,,,,,53.0,,,0.9460808504228889,,,0.9460808504228889,,0.9460808504228889,1.0,0.0,0.78,10.117984567258612,-15.252462086484076,11.064065417681501,6.37669253657679
59.96557377049181,3.7688524590163937,11783.666666666666,2737634.6666666665,368.0,8.161503351934885,25.94769621851422,18.531925882360472,13.245221044859631,42.77157170429843,DVN,2018Q4,,,-23.830526861983568,-28.462863496489057,-16.930475378034373,-60.05788781577718,-6.721897459005086,0.0,-23.830526861983568,-28.462863496489057,-16.930475378034373,-50.0,-6.721897459005086,0.0,0.0,1.0,-28.462863496489057,-16.930475378034373,-50.0,-6.721897459005086,0.0,61.0,,,58.8,3.65,,,,-219.5401422774704,,,,,16.945914431110218,0.0,0.0,0.4880597014925373,12.714237794648849,,29.660152225759067,
59.96557377049181,3.7688524590163937,11783.666666666666,2737634.6666666665,368.0,8.161503351934885,25.94769621851422,18.531925882360472,13.245221044859631,42.77157170429843,EOG,2018Q4,,,60.44833382255875,13.930352819760822,8.851932241896456,-20.997335471404146,0.4888465252211031,,60.44833382255875,13.930352819760822,8.851932241896456,-20.997335471404146,0.4888465252211031,,0.0,0.0,0.0,0.0,-0.0,0.0,,,,,,,,,,,,,,,16.945914431110218,0.0,0.0,0.78,10.117984567258612,,27.063898998368828,
59.96557377049181,3.7688524590163937,11783.666666666666,2737634.6666666665,368.0,8.161503351934885,25.94769621851422,18.531925882360472,13.245221044859631,42.77157170429843,FANG,2018Q4,,,,36.851413152181365,29.18535039640728,70.5801735070456,0.5041173395886726,,,36.851413152181365,29.18535039640728,50.0,0.5041173395886726,,1.0,1.0,36.851413152181365,29.18535039640728,50.0,0.5041173395886726,,,,,,,,,,,,,,,16.945914431110218,0.0,0.0,0.5931289640591966,11.779846710468917,,28.725761141579135,
54.787619047619046,2.9266666666666667,11812.666666666666,2693824.0,324.0,-13.817314038018926,-5.106547800656753,17.28337394535994,12.028509658765868,26.617586723081743,COP,2019Q1,9150000000.0,3.922945636090188,17.44075795425829,,,,,,17.44075795425829,,,,,,0.0,0.0,,,,,,1269.0,,,,,50.59,,,-22.73898421956609,,,0.9460808504228889,,0.9460808504228889,1.0,0.0,0.78,-12.859129751909087,-5.114512666317427,-11.913048901486198,15.835994537576386
54.787619047619046,2.9266666666666667,11812.666666666666,2693824.0,324.0,-13.817314038018926,-5.106547800656753,17.28337394535994,12.028509658765868,26.617586723081743,DVN,2019Q1,791000000.0,-138.37627141981108,,,,,,,,,,,,,0.0,1.0,,,,,,162.0,,,54.88,3.15,,,,,,,-219.5401422774704,,-60.0,1.0,0.0,0.4880597014925373,-11.587617904126967,,-71.58761790412697,-66.7886535156841
54.787619047619046,2.9266666666666667,11812.666666666666,2693824.0,324.0,-13.817314038018926,-5.106547800656753,17.28337394535994,12.028509658765868,26.617586723081743,EOG,2019Q1,4058642000.0,42.82363505383139,,,,,,,,,,,,,0.0,0.0,,,,,,,,,,,,,,,,,,,15.706914659381718,0.0,0.0,0.78,-12.859129751909087,,2.847784907472631,39.97585014635876
54.787619047619046,2.9266666666666667,11812.666666666666,2693824.0,324.0,-13.817314038018926,-5.106547800656753,17.28337394535994,12.028509658765868,26.617586723081743,FANG,2019Q1,,,,,,,,,,,,,,,0.0,1.0,,,,,,,,,,,,,,,,,,,15.706914659381718,0.0,0.0,0.5931289640591966,-12.045234796602065,,3.6616798627796534,
59.85703125,2.5659375,12172.333333333334,2768140.0,321.6,-12.851111143349176,-10.63647609606488,14.25453145934842,11.367258278320335,2.6901841263391364,COP,2019Q2,7953000000.0,-6.698742506464864,3.922945636090188,1.0842081949310056,-0.1196445612002765,-9.65961766421978,-3.4781052958859964,,3.922945636090188,1.0842081949310056,-0.1196445612002765,-9.65961766421978,-3.4781052958859964,,0.0,0.0,0.0,-0.0,-0.0,-0.0,,1269.0,,,50.5,,50.55,,,-22.73898421956609,,,-22.73898421956609,,-22.73898421956609,1.0,0.0,0.78,-12.607501288147905,-0.20235890628120812,-35.34648550771399,28.64774300124913
59.85703125,2.5659375,12172.333333333334,2768140.0,321.6,-12.851111143349176,-10.63647609606488,14.25453145934842,11.367258278320335,2.6901841263391364,DVN,2019Q2,1921000000.0,-68.478330535219,-138.37627141981108,-42.16887490241964,-20.87297251106505,-58.47286467673736,-20.04582684831262,0.0,-100.0,-42.16887490241964,-20.87297251106505,-50.0,-20.04582684831262,0.0,1.0,1.0,-42.16887490241964,-20.87297251106505,-50.0,-20.04582684831262,0.0,149.0,153.0,,59.85,2.64,,,,-128.94729729010223,33.909003916329176,,,,13.388349505039995,0.0,0.0,0.4880597014925373,-12.28423067975327,,1.1041188252867258,-69.58244936050573
59.85703125,2.5659375,12172.333333333334,2768140.0,321.6,-12.851111143349176,-10.63647609606488,14.25453145934842,11.367258278320335,2.6901841263391364,EOG,2019Q2,4697630000.0,24.382966300896147,42.82363505383139,21.356916663270848,12.428703958555596,-21.112664972178703,0.4208376075322953,,42.82363505383139,21.356916663270848,12.428703958555596,-21.112664972178703,0.4208376075322953,,0.0,0.0,0.0,0.0,-0.0,0.0,,,,,,,,,,,,,,,13.388349505039995,0.0,0.0,0.78,-12.607501288147905,,0.7808482168920907,23.602118084004054
59.85703125,2.5659375,12172.333333333334,2768140.0,321.6,-12.851111143349176,-10.63647609606488,14.25453145934842,11.367258278320335,2.6901841263391364,FANG,2019Q2,1021000000.0,,,111.69807876418724,109.39280235085494,131.291813414244,51.86123137537356,,,50.0,50.0,50.0,50.0,,0.0,1.0,50.0,50.0,50.0,50.0,,,,,,,,,,,,,,,13.388349505039995,0.0,0.0,0.5931289640591966,-12.40057571538949,,0.9877737896505057,
56.3165625,2.3759375,12330.333333333334,2875418.333333333,304.6,-21.30294396418337,-20.91768397216396,14.569731360691833,10.754822244820378,-4.082199452025505,COP,2019Q3,7756000000.0,-19.744217842008347,-6.698742506464864,3.317065525991997,-4.351966529444109,6.92541806473244,-4.036707554158682,,-6.698742506464864,3.317065525991997,-4.351966529444109,6.92541806473244,-4.036707554158682,,0.0,0.0,0.0,-0.0,0.0,-0.0,,1269.0,,,47.07,,49.35,,,-22.73898421956609,,,-22.73898421956609,,-22.73898421956609,1.0,0.0,0.78,-21.260565365061233,-8.034520143416346,-43.99954958462732,24.25533174261897
56.3165625,2.3759375,12330.333333333334,2875418.333333333,304.6,-21.30294396418337,-20.91768397216396,14.569731360691833,10.754822244820378,-4.082199452025505,DVN,2019Q3,1847000000.0,-39.65826061286764,-68.478330535219,-56.57832875008886,-75.63179489758349,-80.74568204642361,-23.523559707923848,0.0,-68.478330535219,-50.0,-50.0,-50.0,-23.523559707923848,0.0,0.0,1.0,-50.0,-50.0,-50.0,-23.523559707923848,0.0,155.0,146.0,,56.34,2.23,27.73,,,-99.20563156055097,,,-128.94729729010223,33.909003916329176,-60.0,1.0,0.0,1.0,-21.30294396418337,,-81.30294396418337,41.64468335131573
56.3165625,2.3759375,12330.333333333334,2875418.333333333,304.6,-21.30294396418337,-20.91768397216396,14.569731360691833,10.754822244820378,-4.082199452025505,EOG,2019Q3,4303455000.0,1.5308559818961758,24.382966300896147,15.101069782604007,11.952814004257984,-37.68383600062085,0.2922216545746235,,24.382966300896147,15.101069782604007,11.952814004257984,-37.68383600062085,0.2922216545746235,,0.0,0.0,0.0,0.0,-0.0,0.0,,,,,,,,,,,,,,,13.425258625930397,0.0,0.0,0.78,-21.260565365061233,,-7.835306739130836,9.366162721027012
56.3165625,2.3759375,12330.333333333334,2875418.333333333,304.6,-21.30294396418337,-20.91768397216396,14.569731360691833,10.754822244820378,-4.082199452025505,FANG,2019Q3,975000000.0,,,103.57368172331653,102.49881361966018,96.6083410916098,51.43544719846063,,,50.0,50.0,50.0,50.0,,0.0,1.0,50.0,50.0,50.0,50.0,,,,,,,,,,,,,,,13.425258625930397,0.0,0.0,0.5931289640591966,-21.22456839815363,,-7.799309772223232,
56.90784615384616,2.392307692307692,12930.0,2962291.0,313.9,-5.233740169449453,-45.4512105872173,9.190165141330478,8.913726812072632,-18.93551999239141,COP,2019Q4,7708000000.0,-22.63558228707724,-19.744217842008347,-0.3066093703394307,-2.0825145598037347,9.099541598046768,-4.7973882584113,,-19.744217842008347,-0.3066093703394307,-2.0825145598037347,9.099541598046768,-4.7973882584113,,0.0,0.0,-0.0,-0.0,0.0,-0.0,,1269.0,,,,,47.01,,,-22.73898421956609,,,-22.73898421956609,,-22.73898421956609,1.0,0.0,0.78,-9.657661915403915,-4.526728072569841,-32.396646134970005,9.761063847892764
56.90784615384616,2.392307692307692,12930.0,2962291.0,313.9,-5.233740169449453,-45.4512105872173,9.190165141330478,8.913726812072632,-18.93551999239141,DVN,2019Q4,4479000000.0,55.199808032595534,-39.65826061286764,-70.59521599139956,-32.75327788773203,-29.86807361486852,-26.78159913658023,0.0,-39.65826061286764,-50.0,-32.75327788773203,-29.86807361486852,-26.78159913658023,0.0,0.0,1.0,-50.0,-32.75327788773203,-29.86807361486852,-26.78159913658023,0.0,584.0,156.0,,57.02,2.5,,,,225.90271186549157,,,-99.20563156055097,,-60.0,1.0,0.0,0.9419354838709677,-6.401344149320133,-50.76048897693286,-66.40134414932014,121.60115218191567
56.90784615384616,2.392307692307692,12930.0,2962291.0,313.9,-5.233740169449453,-45.4512105872173,9.190165141330478,8.913726812072632,-18.93551999239141,EOG,2019Q4,,,1.5308559818961758,12.985102657619535,10.64682111066824,-21.70455581763036,0.2953274923871948,,1.5308559818961758,12.985102657619535,10.64682111066824,-21.70455581763036,0.2953274923871948,,0.0,0.0,0.0,0.0,-0.0,0.0,,,,,,,,,,,,,,,9.107233642553124,0.0,0.0,0.78,-9.657661915403915,,-0.550428272850791,
56.90784615384616,2.392307692307692,12930.0,2962291.0,313.9,-5.233740169449453,-45.4512105872173,9.190165141330478,8.913726812072632,-18.93551999239141,FANG,2019Q4,1104000000.0,,,96.7108727676168,97.15669533858735,88.39105707708549,49.972934279104514,,,50.0,50.0,50.0,49.972934279104514,,0.0,1.0,50.0,50.0,50.0,49.972934279104514,,,,,,,,,,,,,,,9.107233642553124,0.0,0.0,0.5931289640591966,-13.415402095347362,,-4.308168452794238,
45.33516129032258,1.907540983606557,12844.666666666666,2913568.6666666665,259.9,-18.938131980436275,-42.8049149525226,9.283580096626732,7.8868668213818465,-15.900847432102315,COP,2020Q1,6158000000.0,-39.60018297851214,-22.63558228707724,,,,,,-22.63558228707724,,,,,,0.0,0.0,,,,,,1361.0,,,38.81,,50.59,,,6.999053493707851,,,-22.73898421956609,,-22.73898421956609,1.0,0.0,0.78,-21.56347810736577,-9.988924364921381,-44.30246232693186,4.702279348419722
45.33516129032258,1.907540983606557,12844.666666666666,2913568.6666666665,259.9,-18.938131980436275,-42.8049149525226,9.283580096626732,7.8868668213818465,-15.900847432102315,DVN,2020Q1,2087000000.0,97.01849393095468,55.199808032595534,,,,,,55.199808032595534,,,,,,0.0,1.0,,,,,,162.0,,,46.44,1.95,,,,0.0,,,225.90271186549157,,120.0,1.0,0.0,0.2671232876712329,-27.68383669965969,,92.3161633003403,4.7023306306143695
45.33516129032258,1.907540983606557,12844.666666666666,2913568.6666666665,259.9,-18.938131980436275,-42.8049149525226,9.283580096626732,7.8868668213818465,-15.900847432102315,EOG,2020Q1,4717692000.0,-1.346054080031512,,,,,,,,,,,,,0.0,0.0,,,,,,,,,,,,,,,,,,,8.864566114053266,0.0,0.0,0.78,-21.56347810736577,,-12.698911993312505,11.352857913280992
45.33516129032258,1.907540983606557,12844.666666666666,2913568.6666666665,259.9,-18.938131980436275,-42.8049149525226,9.283580096626732,7.8868668213818465,-15.900847432102315,FANG,2020Q1,899000000.0,,,,,,,,,,,,,,0.0,0.0,,,,,,,,,,,,,,,,,,,8.864566114053266,0.0,0.0,0.5931289640591966,-23.79348333664982,,-14.928917222596555,
27.96047619047619,1.704603174603175,10697.0,2762199.6666666665,144.0,-76.11669579531211,-40.89915674423783,8.375627772269082,7.841693027872178,-22.044657414488498,COP,2020Q2,2749000000.0,-106.23120067918894,-39.60018297851214,-9.477464390957282,-12.250390416050578,-8.038742058207852,-4.938180197321129,,-39.60018297851214,-9.477464390957282,-12.250390416050578,-8.038742058207852,-4.938180197321129,,0.0,0.0,-0.0,-0.0,-0.0,-0.0,,957.0,,,23.09,,32.15,,,-28.21810762614334,,,6.999053493707851,,6.999053493707851,1.0,0.0,0.78,-72.24276649969394,21.589326272600417,-65.2437130059861,-40.98748767320285
27.96047619047619,1.704603174603175,10697.0,2762199.6666666665,144.0,-76.11669579531211,-40.89915674423783,8.375627772269082,7.841693027872178,-22.044657414488498,DVN,2020Q2,755000000.0,-93.3883413519532,97.01849393095468,-48.37391755152128,-87.48918697290189,-29.798965111772457,-12.687800813378605,,97.01849393095468,-48.37391755152128,-50.0,-29.798965111772457,-12.687800813378605,,0.0,1.0,-48.37391755152128,-50.0,-29.798965111772457,-12.687800813378605,,24.0,,,28.42,1.71,,,,-182.58924755975136,,,0.0,,0.0,1.0,0.0,0.4880597014925373,-67.10205706805951,,-67.10205706805951,-26.286284283893693
27.96047619047619,1.704603174603175,10697.0,2762199.6666666665,144.0,-76.11669579531211,-40.89915674423783,8.375627772269082,7.841693027872178,-22.044657414488498,EOG,2020Q2,1103374000.0,-130.24756768555213,-1.346054080031512,11.226159713659309,6.061045030862281,-9.50166778356175,0.2090479737104889,,-1.346054080031512,11.226159713659309,6.061045030862281,-9.50166778356175,0.2090479737104889,,0.0,0.0,0.0,0.0,-0.0,0.0,,,,,,,,,,,,,,,8.21544734895001,0.0,0.0,0.78,-72.24276649969394,,-64.02731915074393,-66.22024853480819
27.96047619047619,1.704603174603175,10697.0,2762199.6666666665,144.0,-76.11669579531211,-40.89915674423783,8.375627772269082,7.841693027872178,-22.044657414488498,FANG,2020Q2,412000000.0,-90.75144688151391,,4.898688239686539,1.7567032862567913,19.52638525077833,-4.061299048940636,,,4.898688239686539,1.7567032862567913,19.52638525077833,-4.061299048940636,,0.0,0.0,0.0,0.0,0.0,-0.0,,,,,,,,,,,,,,,8.21544734895001,0.0,0.0,0.5931289640591966,-68.95219749681397,,-60.73675014786396,-30.014696733649956
40.89171875,1.99078125,10859.0,2780535.6666666665,199.8,-32.00611078331236,-17.686494680700115,-12.920228859153996,-0.2148271526150887,-80.34952377288108,COP,2020Q3,4386000000.0,-57.004908738470895,-106.23120067918894,-12.248457451189388,-7.525725588765591,2.977185820231764,686.2950917569902,,-100.0,-12.248457451189388,-7.525725588765591,2.977185820231764,50.0,,0.0,0.0,-0.0,-0.0,0.0,0.0,,1361.0,,,30.94,,31.76,,,6.999053493707851,,,-28.21810762614334,,-28.21810762614334,1.0,0.0,0.78,-30.430953012025014,23.606961535285787,-58.64906063816835,1.6441518996974551
40.89171875,1.99078125,10859.0,2780535.6666666665,199.8,-32.00611078331236,-17.686494680700115,-12.920228859153996,-0.2148271526150887,-80.34952377288108,DVN,2020Q3,1154000000.0,-47.032853313119496,-93.3883413519532,-47.46875349559733,-56.82712516028553,0.0465657749974196,-8.634802704822384,0.0,-93.3883413519532,-47.46875349559733,-50.0,0.0465657749974196,-8.634802704822384,0.0,0.0,0.0,-0.0,-0.0,0.0,-0.0,0.0,93.0,,,40.86,1.98,,,,-51.08256237659907,,,-182.58924755975136,,-60.0,1.0,0.0,0.4880597014925373,-28.340716512270568,,-88.34071651227057,41.30786319915108
40.89171875,1.99078125,10859.0,2780535.6666666665,199.8,-32.00611078331236,-17.686494680700115,-12.920228859153996,-0.2148271526150887,-80.34952377288108,EOG,2020Q3,2245484000.0,-73.81370380589594,-130.24756768555213,-1.2467191624174994,0.3579770189106825,9.890870240331031,0.261608591264827,,-100.0,-1.2467191624174994,0.3579770189106825,9.890870240331031,0.261608591264827,,0.0,0.0,-0.0,0.0,0.0,0.0,,,,,30.0,,,,,,,,,,-9.108608347192323,0.0,0.0,0.78,-30.430953012025014,,-39.53956135921734,-34.2741424466786
40.89171875,1.99078125,10859.0,2780535.6666666665,199.8,-32.00611078331236,-17.686494680700115,-12.920228859153996,-0.2148271526150887,-80.34952377288108,FANG,2020Q3,707000000.0,-32.14068051012745,-90.75144688151391,-13.045960965367346,-13.224271987805729,28.589156167799278,-4.345707150381066,,-90.75144688151391,-13.045960965367346,-13.224271987805729,28.589156167799278,-4.345707150381066,,0.0,0.0,-0.0,-0.0,0.0,-0.0,,290.0,178.0,,38.75,1.11,26.75,,,,,,,,-9.108608347192323,0.0,0.0,0.5931289640591966,-29.092992264340133,,-38.201600611532456,6.060920101405003
42.52492063492064,2.5220634920634923,10968.333333333334,2814072.333333333,240.6,-29.13429534021383,5.281895078509131,-12.70681219096722,-3.355457591820775,-42.16825742466084,COP,2020Q4,5491000000.0,-33.91483622553843,-57.004908738470895,-10.771693720319998,-5.984178821842074,3.7668829298903126,687.9227296887314,,-57.004908738470895,-10.771693720319998,-5.984178821842074,3.7668829298903126,50.0,,0.0,0.0,-0.0,-0.0,0.0,0.0,,395.0,,,,,33.21,,,-116.70987028132657,,,6.999053493707851,,6.999053493707851,1.0,0.0,0.78,-25.348514394154304,-15.772825473548913,-18.349460900446452,-15.565375325091978
42.52492063492064,2.5220634920634923,10968.333333333334,2814072.333333333,240.6,-29.13429534021383,5.281895078509131,-12.70681219096722,-3.355457591820775,-42.16825742466084,DVN,2020Q4,1397000000.0,-116.50727269503382,-47.032853313119496,-33.214646662815525,-60.52518473176972,0.0465549356639452,-4.410572184992302,0.0,-47.032853313119496,-33.214646662815525,-50.0,0.0465549356639452,-4.410572184992302,0.0,1.0,1.0,-33.214646662815525,-50.0,0.0465549356639452,-4.410572184992302,0.0,409.0,268.0,,42.65,2.67,,,,-35.61858267854254,54.11309732613196,,-51.08256237659907,,-51.08256237659907,1.0,0.0,0.4880597014925373,-20.324777941988472,,-71.40734031858754,-45.099932376446276
42.52492063492064,2.5220634920634923,10968.333333333334,2814072.333333333,240.6,-29.13429534021383,5.281895078509131,-12.70681219096722,-3.355457591820775,-42.16825742466084,EOG,2020Q4,2965450000.0,-37.2389396856272,-73.81370380589594,-1.9131625824984024,-3.740919189818349,17.2583317835749,0.2758288498204604,,-73.81370380589594,-1.9131625824984024,-3.740919189818349,17.2583317835749,0.2758288498204604,,0.0,0.0,-0.0,-0.0,0.0,0.0,,,,,18.0,,,,,,,,,,-9.901405811223286,0.0,0.0,0.78,-25.348514394154304,,-35.24992020537759,-1.9890194802496097
42.52492063492064,2.5220634920634923,10968.333333333334,2814072.333333333,240.6,-29.13429534021383,5.281895078509131,-12.70681219096722,-3.355457591820775,-42.16825742466084,FANG,2020Q4,754000000.0,-38.130285882908446,-32.14068051012745,-22.75262573061495,-23.451541104658634,17.225919838188997,-2.9405070126556714,,-32.14068051012745,-22.75262573061495,-23.451541104658634,17.225919838188997,-2.9405070126556714,,0.0,0.0,-0.0,-0.0,0.0,-0.0,,308.0,185.0,,38.64,1.35,27.41,,,,,,,,-9.901405811223286,0.0,0.0,0.6137931034482759,-22.488410293839742,-23.577683091645753,-32.389816105063026,-5.740469777845419
58.09344262295082,3.4996721311475407,10821.0,2724670.333333333,310.7,24.796987502011643,60.68543178387432,-16.453785954379335,-5.133029227825741,-26.593866030732933,COP,2021Q1,9826000000.0,46.72798842441478,-33.91483622553843,,,,,,-33.91483622553843,,,,,,1.0,1.0,,,,,,1527.0,,,65.19,4.33,,,,11.508530256716638,,,-116.70987028132657,,-60.0,1.0,0.0,0.78,28.744716373016537,-15.949034558624476,-31.255283626983463,77.98327205139825
58.09344262295082,3.4996721311475407,10821.0,2724670.333333333,310.7,24.796987502011643,60.68543178387432,-16.453785954379335,-5.133029227825741,-26.593866030732933,DVN,2021Q1,2290000000.0,9.28241894710845,-116.50727269503382,,,,,,-100.0,,,,,,1.0,1.0,,,,,,538.0,,,57.87,2.71,,,,120.02622249294004,,,-35.61858267854254,54.11309732613196,-35.61858267854254,1.0,0.0,0.6552567237163814,30.983137433237363,,-4.635445245305174,13.917864192413624
58.09344262295082,3.4996721311475407,10821.0,2724670.333333333,310.7,24.796987502011643,60.68543178387432,-16.453785954379335,-5.133029227825741,-26.593866030732933,EOG,2021Q1,3694000000.0,-24.46098151783693,-37.2389396856272,,,,,,-37.2389396856272,,,,,,0.0,0.0,,,,,,,,,,-3.0,,,,,,,,,-13.057558936413255,0.0,0.0,0.78,28.744716373016537,,15.687157436603282,-40.14813895444021
58.09344262295082,3.4996721311475407,10821.0,2724670.333333333,310.7,24.796987502011643,60.68543178387432,-16.453785954379335,-5.133029227825741,-26.593866030732933,FANG,2021Q1,1172000000.0,26.51839356653377,-38.130285882908446,,,,,,-38.130285882908446,,,,,,1.0,1.0,,,,,,350.0,222.0,,56.94,3.05,42.36,,,,,,,,-13.057558936413255,0.0,0.0,0.6006493506493507,31.963024266084872,-26.387110356647923,18.905465329671618,7.612928236862153
66.18666666666667,2.95,11393.666666666666,2855105.333333333,389.7,86.16870844346951,54.84728288731359,-17.143998920094713,-6.703123356556641,17.85308747515571,COP,2021Q2,9556000000.0,124.59320202804544,46.72798842441478,25.226050860776883,36.021155395644726,35.43744651326415,18.14773875874523,,46.72798842441478,25.226050860776883,36.021155395644726,35.43744651326415,18.14773875874523,,0.0,1.0,25.226050860776883,36.021155395644726,35.43744651326415,18.14773875874523,,794.0,,,60.59,4.5,50.03,,,-18.67199302058185,,,11.508530256716638,,11.508530256716638,1.0,0.0,0.78,82.72335163229236,,94.231881889009,30.361320139036437
66.18666666666667,2.95,11393.666666666666,2855105.333333333,389.7,86.16870844346951,54.84728288731359,-17.143998920094713,-6.703123356556641,17.85308747515571,DVN,2021Q2,3120000000.0,141.88705315545033,9.28241894710845,60.7423885729121,97.17483537819062,49.44406652966421,54.62644547605585,,9.28241894710845,50.0,50.0,49.44406652966421,50.0,,0.0,1.0,50.0,50.0,49.44406652966421,50.0,,358.0,291.0,,66.04,2.83,,,,270.24791560527547,,,120.02622249294004,,120.0,1.0,0.0,0.4880597014925373,78.15135846902065,,150.0,-8.112946844549668
66.18666666666667,2.95,11393.666666666666,2855105.333333333,389.7,86.16870844346951,54.84728288731359,-17.143998920094713,-6.703123356556641,17.85308747515571,EOG,2021Q2,,,-24.46098151783693,-3.9652436340911774,-3.5235072244328425,7.983045432075262,0.2655246186094063,,-24.46098151783693,-3.9652436340911774,-3.5235072244328425,7.983045432075262,0.2655246186094063,,0.0,0.0,-0.0,-0.0,0.0,0.0,,,,,,,,,,,,,,,-14.011736251033291,0.0,0.0,0.78,82.72335163229236,,68.71161538125907,
66.18666666666667,2.95,11393.666666666666,2855105.333333333,389.7,86.16870844346951,54.84728288731359,-17.143998920094713,-6.703123356556641,17.85308747515571,FANG,2021Q2,1667000000.0,139.77575334012676,26.51839356653377,-6.127693407255842,-5.114587786189112,27.380250680256463,3.646127384482656,,26.51839356653377,-6.127693407255842,-5.114587786189112,27.380250680256463,3.646127384482656,,0.0,1.0,-6.127693407255842,-5.114587786189112,27.380250680256463,3.646127384482656,,363.0,222.0,,63.22,2.4,45.63,390.5,234.0,,,,,,-14.011736251033291,0.0,0.0,0.6342857142857142,80.44136205605815,-16.427293832337885,66.42962580502487,73.34612753510189
70.57546875,4.35421875,11233.0,2918142.333333333,436.8,54.57550489901543,78.26180530742496,6.309431714273299,3.308139377988529,99.55639127686628,COP,2021Q3,11326000000.0,94.86833176959168,124.59320202804544,30.351661029765104,33.905713635603554,24.44263546394661,22.52317250033292,,100.0,30.351661029765104,33.905713635603554,24.44263546394661,22.52317250033292,,0.0,1.0,30.351661029765104,33.905713635603554,24.44263546394661,22.52317250033292,,790.0,,,61.9,4.07,56.92,,,-54.39420571903988,,,-18.67199302058185,,-18.67199302058185,1.0,0.0,0.78,57.180997943940476,-17.785663186886026,38.509004923358624,56.35932684623305
70.57546875,4.35421875,11233.0,2918142.333333333,436.8,54.57550489901543,78.26180530742496,6.309431714273299,3.308139377988529,99.55639127686628,DVN,2021Q3,3801000000.0,119.2030021921204,141.88705315545033,66.13143841121382,98.25644684270736,41.442546467515,57.95001421967171,0.0,100.0,50.0,50.0,41.442546467515,50.0,0.0,0.0,1.0,50.0,50.0,41.442546467515,50.0,0.0,583.0,,,70.64,4.02,,,,183.55876931972364,,,270.24791560527547,,120.0,1.0,0.0,0.8128491620111732,56.7919603841599,,150.0,-30.796997807879606
70.57546875,4.35421875,11233.0,2918142.333333333,436.8,54.57550489901543,78.26180530742496,6.309431714273299,3.308139377988529,99.55639127686628,EOG,2021Q3,4765000000.0,75.237644894773,,4.614341775993562,-1.9846584734781696,-11.45254086984084,,,,4.614341775993562,-1.9846584734781696,-11.45254086984084,,,0.0,0.0,0.0,-0.0,-0.0,,,,,,,,,,,,,,,,5.4090440133878674,0.0,0.0,0.78,57.180997943940476,,62.590041957328346,12.647602937444653
70.57546875,4.35421875,11233.0,2918142.333333333,436.8,54.57550489901543,78.26180530742496,6.309431714273299,3.308139377988529,99.55639127686628,FANG,2021Q3,1897000000.0,98.69983040384416,139.77575334012676,9.371306768714367,7.587636588411555,21.23326352099941,13.703458532685849,,100.0,9.371306768714367,7.587636588411555,21.23326352099941,13.703458532685849,,0.0,1.0,9.371306768714367,7.587636588411555,21.23326352099941,13.703458532685849,,370.0,223.0,,68.27,3.34,51.0,393.0,236.0,24.362208265775052,22.538822116803367,30.392868888874148,,,30.392868888874148,1.0,1.0,0.6115702479338843,59.17573679651645,-20.395018422717627,89.5686056853906,9.131224718453566
77.32730158730159,4.753492063492063,11757.0,3011840.333333333,542.7,59.79568112759858,63.38021066932765,3.386164542466891,4.830363162029245,78.21585582162422,COP,2021Q4,13442000000.0,89.52737452510385,94.86833176959168,32.37725909681523,31.7468575590364,19.133693861318275,21.23668804374563,,94.86833176959168,32.37725909681523,31.7468575590364,19.133693861318275,21.23668804374563,,1.0,1.0,32.37725909681523,31.7468575590364,19.133693861318275,21.23668804374563,,1289.0,,,65.19,4.33,,,,118.27362380380654,,,-54.39420571903988,,-54.39420571903988,1.0,0.0,0.78,60.18997937718878,-13.345245602721045,5.795773658148896,83.73160086695495
77.32730158730159,4.753492063492063,11757.0,3011840.333333333,542.7,59.79568112759858,63.38021066932765,3.386164542466891,4.830363162029245,78.21585582162422,DVN,2021Q4,4251000000.0,111.28271691018284,119.2030021921204,71.25680599589369,99.83583028974128,41.26535448594867,57.95001421967171,0.0,100.0,50.0,50.0,41.26535448594867,50.0,0.0,0.0,1.0,50.0,50.0,41.26535448594867,50.0,0.0,416.0,,,76.91,5.84,,,,1.6970104218461561,,,183.55876931972364,,120.0,1.0,0.0,0.4880597014925373,60.71321368939938,,150.0,-38.71728308981716
77.32730158730159,4.753492063492063,11757.0,3011840.333333333,542.7,59.79568112759858,63.38021066932765,3.386164542466891,4.830363162029245,78.21585582162422,EOG,2021Q4,6044000000.0,71.20372528191325,75.237644894773,5.809516124746217,-0.3078318942977502,2.574661341428959,0.3353292425888495,,75.237644894773,5.809516124746217,-0.3078318942977502,2.574661341428959,0.3353292425888495,,0.0,0.0,0.0,-0.0,0.0,0.0,,,,,,,,,,,,,,,3.819424128335597,0.0,0.0,0.78,60.18997937718878,,64.00940350552438,7.194321776388875
77.32730158730159,4.753492063492063,11757.0,3011840.333333333,542.7,59.79568112759858,63.38021066932765,3.386164542466891,4.830363162029245,78.21585582162422,FANG,2021Q4,2011000000.0,98.09950217646958,98.69983040384416,18.794713917009013,15.734929512549886,20.242112347913054,13.71086793882414,,98.69983040384416,18.794713917009013,15.734929512549886,20.242112347913054,13.71086793882414,,0.0,1.0,18.794713917009013,15.734929512549886,20.242112347913054,13.71086793882414,,369.0,222.0,,74.5,4.56,56.47,371.5,223.0,18.069686106695272,18.232155679395458,18.744908118423943,24.362208265775052,22.538822116803367,18.744908118423943,1.0,1.0,0.6027027027027027,60.507743077104216,-17.66569280556397,79.25265119552816,18.846850980941426
95.18032258064515,4.668709677419354,11601.333333333334,2889882.6666666665,577.9,49.37204309956151,28.821344587193405,6.943647464563119,6.7918635179940265,81.34208775287807,COP,2022Q1,14506000000.0,38.95304231947641,89.52737452510385,,,,,,89.52737452510385,,,,,,0.0,1.0,,,,,,967.0,,,76.99,,45.36,,,-45.686180976533805,,,118.27362380380654,,118.27362380380654,1.0,0.0,0.78,47.11146626320102,,150.0,-111.04695768052359
95.18032258064515,4.668709677419354,11601.333333333334,2889882.6666666665,577.9,49.37204309956151,28.821344587193405,6.943647464563119,6.7918635179940265,81.34208775287807,DVN,2022Q1,4495000000.0,67.44138503574352,111.28271691018284,,,,,,100.0,,,,,,0.0,1.0,,,,,,394.0,,,94.45,4.96,,,,-31.150765086385057,,,1.6970104218461561,,1.6970104218461561,1.0,0.0,0.4880597014925373,44.11167773408221,,45.808688155928365,21.632696879815157
95.18032258064515,4.668709677419354,11601.333333333334,2889882.6666666665,577.9,49.37204309956151,28.821344587193405,6.943647464563119,6.7918635179940265,81.34208775287807,EOG,2022Q1,,,71.20372528191325,,,,,,71.20372528191325,,,,,,0.0,0.0,,,,,,,,,,,,,,,,,,,6.8981122805923905,0.0,0.0,0.78,47.11146626320102,,54.00957854379341,
95.18032258064515,4.668709677419354,11601.333333333334,2889882.6666666665,577.9,49.37204309956151,28.821344587193405,6.943647464563119,6.7918635179940265,81.34208775287807,FANG,2022Q1,2389000000.0,71.21631771888516,98.09950217646958,,,,,,98.09950217646958,,,,,,0.0,1.0,,,,,,369.0,218.0,,97.03,3.61,69.6,372.5,220.0,5.286348955706781,-1.8182319083190475,6.230388333615484,18.069686106695272,18.232155679395458,6.230388333615484,1.0,1.0,0.6016260162601627,45.27861128205729,-16.50400481674108,51.50899961567278,19.707318103212387
108.83435483870969,7.495645161290323,11835.666666666666,2996353.6666666665,733.2,49.734801317671966,93.25170363895614,6.963134344615677,5.886845932739338,62.05730269247305,COP,2022Q2,16728000000.0,55.99147326627693,38.95304231947641,10.875050710734818,10.377697317326623,,690.8950373473426,,38.95304231947641,10.875050710734818,10.377697317326623,,50.0,,0.0,1.0,10.875050710734818,10.377697317326623,,50.0,,1720.0,,,88.57,4.33,82.7,,,77.2996108560363,,,-45.686180976533805,,-45.686180976533805,1.0,0.0,0.78,54.52166057301322,-48.33232526692816,8.835479596479416,47.15599366979751
108.83435483870969,7.495645161290323,11835.666666666666,2996353.6666666665,733.2,49.734801317671966,93.25170363895614,6.963134344615677,5.886845932739338,62.05730269247305,DVN,2022Q2,5796000000.0,61.9335022637045,67.44138503574352,6.257516371724359,-1.3180631044914208,-8.456156465773173,1.069528911674795,,67.44138503574352,6.257516371724359,-1.3180631044914208,-8.456156465773173,1.069528911674795,,0.0,0.0,0.0,-0.0,-0.0,0.0,,74.0,,,108.7,7.17,,,,-157.64678931965307,,,-31.150765086385057,,-31.150765086385057,1.0,0.0,0.4880597014925373,60.87382929991112,,29.723064213526065,32.21043805017843
108.83435483870969,7.495645161290323,11835.666666666666,2996353.6666666665,733.2,49.734801317671966,93.25170363895614,6.963134344615677,5.886845932739338,62.05730269247305,EOG,2022Q2,,,,5.187784607172268,-0.7141887239555762,-28.88606229712252,,,,5.187784607172268,-0.7141887239555762,-28.88606229712252,,,0.0,0.0,0.0,-0.0,-0.0,,,,,,,,,,,,,,,,6.640247821052775,0.0,0.0,0.78,54.52166057301322,,61.161908394065996,
108.83435483870969,7.495645161290323,11835.666666666666,2996353.6666666665,733.2,49.734801317671966,93.25170363895614,6.963134344615677,5.886845932739338,62.05730269247305,FANG,2022Q2,2752000000.0,50.130231630244026,71.21631771888516,5.892232973534761,3.64729283857098,-25.185040578268246,7.844035402374823,,71.21631771888516,5.892232973534761,3.64729283857098,-25.185040578268246,7.844035402374823,,0.0,0.0,0.0,0.0,-0.0,0.0,,374.0,220.0,,108.8,6.15,79.49,372.5,220.0,2.985296314968113,-0.9049835519917927,2.583420355476352,5.286348955706781,-1.8182319083190475,2.583420355476352,1.0,1.0,0.5907859078590786,58.63866615576669,-14.91579619883625,61.22208651124304,-11.091854880999016
93.0640625,8.02671875,12190.666666666666,3088981.6666666665,721.9,27.66054841072409,61.16306178309667,3.805992600709325,4.828736820717879,63.20413036208865,COP,2022Q3,15968000000.0,34.348575187749496,55.99147326627693,9.264225096042468,10.345631804487756,,-4.4614263057622745,,55.99147326627693,9.264225096042468,10.345631804487756,,-4.4614263057622745,,0.0,1.0,9.264225096042468,10.345631804487756,,-4.4614263057622745,,1731.0,,,83.07,,82.82,,,78.44216097151421,,,77.2996108560363,,77.2996108560363,1.0,0.0,0.78,31.345824881685072,-18.770020253631003,108.64543573772137,-74.29686054997188
93.0640625,8.02671875,12190.666666666666,3088981.6666666665,721.9,27.66054841072409,61.16306178309667,3.805992600709325,4.828736820717879,63.20413036208865,DVN,2022Q3,5184000000.0,31.03127690428619,61.9335022637045,14.491662081563137,-0.5016181067898154,-0.6325717305685222,-2.863797818752912,0.0,61.9335022637045,14.491662081563137,-0.5016181067898154,-0.6325717305685222,-2.863797818752912,0.0,0.0,0.0,0.0,-0.0,-0.0,-0.0,0.0,640.0,,,91.87,8.2,,,,9.328099000322519,,,-157.64678931965307,,-60.0,1.0,0.0,0.4880597014925373,36.23619175902543,,-23.76380824097457,54.79508514526076
93.0640625,8.02671875,12190.666666666666,3088981.6666666665,721.9,27.66054841072409,61.16306178309667,3.805992600709325,4.828736820717879,63.20413036208865,EOG,2022Q3,,,,3.3432416299829515,0.653847145601255,-28.912497950346083,,,,3.3432416299829515,0.653847145601255,-28.912497950346083,,,0.0,0.0,0.0,0.0,-0.0,,,,,,,,,,,,,,,,4.112815866711891,0.0,0.0,0.78,31.345824881685072,,35.45864074839696,
93.0640625,8.02671875,12190.666666666666,3088981.6666666665,721.9,27.66054841072409,61.16306178309667,3.805992600709325,4.828736820717879,63.20413036208865,FANG,2022Q3,2417000000.0,24.22534107684688,50.130231630244026,4.863024860450924,4.547543372342886,-30.947581113003075,-2.482935547183999,,50.130231630244026,4.863024860450924,4.547543372342886,-30.947581113003075,-2.482935547183999,,0.0,0.0,0.0,0.0,-0.0,-0.0,,385.0,223.0,,89.79,6.46,67.25,374.0,220.0,3.974032864951412,0.0,1.0752791776261696,2.985296314968113,-0.9049835519917927,1.0752791776261696,1.0,1.0,0.5882352941176471,34.55812469327139,-16.99737009867741,35.63340387089756,-11.408062794050679
82.84,5.54516129032258,12379.0,3109763.333333333,582.2,6.886395328701281,15.404618870163777,8.181475697463824,5.689425226790157,50.241120071442005,COP,2022Q4,13847000000.0,2.9684469124802733,34.348575187749496,8.27633476634159,11.618042248560691,,-5.111846180234058,,34.348575187749496,8.27633476634159,11.618042248560691,,-5.111846180234058,,0.0,1.0,8.27633476634159,11.618042248560691,,-5.111846180234058,,997.0,,,71.05,4.33,79.82,,,-25.68712329773491,,,78.44216097151421,,78.44216097151421,1.0,0.0,0.78,7.8233999182621545,-6.019484900081884,86.26556088977637,-83.29711397729609
82.84,5.54516129032258,12379.0,3109763.333333333,582.2,6.886395328701281,15.404618870163777,8.181475697463824,5.689425226790157,50.241120071442005,DVN,2022Q4,4352000000.0,2.348126017698841,31.03127690428619,11.218996979407525,16.55683937351892,-4.666672709772256,-3.3235687436158554,0.0,31.03127690428619,11.218996979407525,16.55683937351892,-4.666672709772256,-3.3235687436158554,0.0,0.0,0.0,0.0,0.0,-0.0,-0.0,0.0,407.0,316.0,,82.53,6.26,,,,-2.187207481866833,,,9.328099000322519,,9.328099000322519,1.0,0.0,0.4880597014925373,9.066806279986084,,18.394905280308603,-16.04677926260976
82.84,5.54516129032258,12379.0,3109763.333333333,582.2,6.886395328701281,15.404618870163777,8.181475697463824,5.689425226790157,50.241120071442005,EOG,2022Q4,6719000000.0,10.587328952751973,,8.542514523551564,1.929074843195496,-28.95871477528705,,,,8.542514523551564,1.929074843195496,-28.95871477528705,,,0.0,0.0,0.0,0.0,-0.0,,,,,,,,,,,,,,,,7.433860556261724,0.0,0.0,0.78,7.8233999182621545,,15.257260474523878,-4.669931521771906
82.84,5.54516129032258,12379.0,3109763.333333333,582.2,6.886395328701281,15.404618870163777,8.181475697463824,5.689425226790157,50.241120071442005,FANG,2022Q4,2008000000.0,-0.1492908961032177,24.22534107684688,5.181659045810131,7.0794638488944965,-25.860239610680768,-3.7260276858804926,,24.22534107684688,5.181659045810131,7.0794638488944965,-25.860239610680768,-3.7260276858804926,,0.0,0.0,0.0,0.0,-0.0,-0.0,,430.0,262.0,,80.37,3.2,55.76,389.5,226.0,15.298856464708082,16.566712188881734,5.406722127027579,3.974032864951412,0.0,5.406722127027579,1.0,1.0,0.5792207792207792,8.678541060801184,-19.76775985944885,14.085263187828762,-14.234554083931979
75.90524590163935,2.6406451612903226,12709.333333333334,3068715.0,496.5,-22.628742687457176,-56.98594665852561,5.155268066406916,3.199532633779008,7.025735024216371,COP,2023Q1,11964000000.0,-19.26602161735191,2.9684469124802733,,,,,,2.9684469124802733,,,,,,0.0,0.0,,,,,,1036.0,,,60.86,,76.99,,,6.892392736613413,,,-25.68712329773491,,-25.68712329773491,1.0,0.0,0.78,-26.408035124274704,3.143397175234286,-52.09515842200962,32.82913680465771
75.90524590163935,2.6406451612903226,12709.333333333334,3068715.0,496.5,-22.628742687457176,-56.98594665852561,5.155268066406916,3.199532633779008,7.025735024216371,DVN,2023Q1,3759000000.0,-17.881270334154266,2.348126017698841,,,,,,2.348126017698841,,,,,,0.0,0.0,,,,,,68.0,320.0,,76.17,3.44,,,,-175.68432041218273,,,-2.187207481866833,,-2.187207481866833,1.0,0.0,0.7764127764127764,-26.469658610512738,,-28.65686609237957,10.775595758225304
75.90524590163935,2.6406451612903226,12709.333333333334,3068715.0,496.5,-22.628742687457176,-56.98594665852561,5.155268066406916,3.199532633779008,7.025735024216371,EOG,2023Q1,,,10.587328952751973,,,,,,10.587328952751973,,,,,,0.0,0.0,,,,,,,,,,,,,,,,,,,4.568547436618544,0.0,0.0,0.78,-26.408035124274704,,-21.83948768765616,
75.90524590163935,2.6406451612903226,12709.333333333334,3068715.0,496.5,-22.628742687457176,-56.98594665852561,5.155268066406916,3.199532633779008,7.025735024216371,FANG,2023Q1,1902000000.0,-22.796890422047387,-0.1492908961032177,,,,,,-0.1492908961032177,,,,,,0.0,0.0,,,,,,430.0,256.0,,73.11,1.46,49.72,418.5,250.0,15.298856464708082,16.06823816904735,12.588024588900273,15.298856464708082,16.566712188881734,12.588024588900273,1.0,1.0,0.6093023255813953,-29.34038253296822,-22.99532775835106,-16.752357944067946,-6.044532477979441
73.53887096774193,2.1620967741935484,12751.0,3106982.333333333,427.3,-39.20129228375654,-124.3243727104413,9.121659765260828,6.0043005669508815,-15.181735983850498,COP,2023Q2,11015000000.0,-41.7825981872026,-19.26602161735191,-2.021189352657002,0.6906573256046891,,-6.481005237001702,,-19.26602161735191,-2.021189352657002,0.6906573256046891,,-6.481005237001702,,0.0,0.0,-0.0,0.0,,-0.0,,1798.0,,,,,54.5,,,4.435064522406681,,,6.892392736613413,,6.892392736613413,1.0,0.0,0.78,-48.564831130691864,11.099094401613186,-41.672438394078455,-0.11015979312414714
73.53887096774193,2.1620967741935484,12751.0,3106982.333333333,427.3,-39.20129228375654,-124.3243727104413,9.121659765260828,6.0043005669508815,-15.181735983850498,DVN,2023Q2,3530000000.0,-49.58701535132305,-17.881270334154266,7.269007224570198,20.560980894429782,-4.682177356108816,-1.6858636824416653,,-17.881270334154266,7.269007224570198,20.560980894429782,-4.682177356108816,-1.6858636824416653,,0.0,0.0,0.0,0.0,-0.0,-0.0,,420.0,323.0,,73.76,2.09,,,,173.6189618073244,,,-175.68432041218273,,-60.0,1.0,0.0,1.0,-39.20129228375654,,-99.20129228375654,49.61427693243349
73.53887096774193,2.1620967741935484,12751.0,3106982.333333333,427.3,-39.20129228375654,-124.3243727104413,9.121659765260828,6.0043005669508815,-15.181735983850498,EOG,2023Q2,,,,7.404609810114855,6.003335966128041,-0.762860466638227,,,,7.404609810114855,6.003335966128041,-0.762860466638227,,,0.0,0.0,0.0,0.0,-0.0,,,,,,,,,,,,,,,,8.186452005767844,0.0,0.0,0.78,-48.564831130691864,,-40.378379124924024,
73.53887096774193,2.1620967741935484,12751.0,3106982.333333333,427.3,-39.20129228375654,-124.3243727104413,9.121659765260828,6.0043005669508815,-15.181735983850498,FANG,2023Q2,1896000000.0,-37.25815162382672,-22.796890422047387,16.7634194175102,18.95752055726769,18.03666343682295,2.460401177236998,,-22.796890422047387,16.7634194175102,18.95752055726769,18.03666343682295,2.460401177236998,,0.0,0.0,0.0,0.0,0.0,0.0,,435.0,261.0,,71.33,0.94,46.31,433.0,259.5,15.109023367415213,17.08928609703318,14.648193058795789,15.298856464708082,16.06823816904735,14.648193058795789,1.0,1.0,0.5953488372093023,-56.42386902124857,-22.52111932794769,-41.77567596245278,4.51752433862606
82.25031746031746,2.5898412698412696,13029.666666666666,3163700.333333333,473.2,-12.352085075714648,-113.11792324810092,7.44921284275849,3.625583933756768,-53.99321733155706,COP,2023Q3,12599000000.0,-23.696927384061546,-41.7825981872026,-4.461235794821543,2.230897401882626,,-6.597528928231826,,-41.7825981872026,-4.461235794821543,2.230897401882626,,-6.597528928231826,,0.0,0.0,-0.0,0.0,,-0.0,,1747.0,,,,,,,,0.9200754957847309,,,4.435064522406681,,4.435064522406681,1.0,0.0,0.78,-23.436327274677137,-18.50659709475898,-19.001262752270456,-4.6956646317910895
82.25031746031746,2.5898412698412696,13029.666666666666,3163700.333333333,473.2,-12.352085075714648,-113.11792324810092,7.44921284275849,3.625583933756768,-53.99321733155706,DVN,2023Q3,4030000000.0,-25.181058309138194,-49.58701535132305,0.6917469419559913,21.6331544917254,-4.624735434852678,-2.320289707966387,0.0,-49.58701535132305,0.6917469419559913,21.6331544917254,-4.624735434852678,-2.320289707966387,0.0,0.0,0.0,0.0,0.0,-0.0,-0.0,0.0,640.0,321.0,,82.06,2.54,,,,0.0,,,173.6189618073244,,120.0,1.0,0.0,0.7690476190476191,-23.988140198002107,,96.0118598019979,-121.1929181111361
82.25031746031746,2.5898412698412696,13029.666666666666,3163700.333333333,473.2,-12.352085075714648,-113.11792324810092,7.44921284275849,3.625583933756768,-53.99321733155706,EOG,2023Q3,,,,8.414274451453585,6.907375473203126,-0.7642677864970715,,,,8.414274451453585,6.907375473203126,-0.7642677864970715,,,0.0,0.0,0.0,0.0,-0.0,,,,,,,,,,,,,,,,6.302124170057973,0.0,0.0,0.78,-23.436327274677137,,-17.134203104619164,
82.25031746031746,2.5898412698412696,13029.666666666666,3163700.333333333,473.2,-12.352085075714648,-113.11792324810092,7.44921284275849,3.625583933756768,-53.99321733155706,FANG,2023Q3,2340000000.0,-3.2376172351735857,-37.25815162382672,16.255944385958866,16.27177959596017,19.181165427684764,2.1309530706767643,,-37.25815162382672,16.255944385958866,16.27177959596017,19.181165427684764,2.1309530706767643,,0.0,0.0,0.0,0.0,0.0,0.0,,452.8,263.0,,81.57,1.62,54.37,442.5,263.5,16.220719260118894,16.498226071764584,13.919713016019998,15.109023367415213,17.08928609703318,13.919713016019998,1.0,1.0,0.6,-32.505252710191904,-24.434722115206853,-18.585539694171906,15.34792245899832
78.52672131147541,2.740806451612903,13275.333333333334,3211415.0,473.7,-5.347207078927442,-70.46735054027347,6.65581771851798,2.390085520361973,-42.236849304088366,COP,2023Q4,12944000000.0,-6.743624235644101,-23.696927384061546,-1.2584521584523378,2.9220396091614957,,-5.625933684857679,,-23.696927384061546,-1.2584521584523378,2.9220396091614957,,-5.625933684857679,,0.0,0.0,-0.0,0.0,,-0.0,,1826.0,,,,,58.21,,,60.513229119307546,,,0.9200754957847309,,0.9200754957847309,1.0,0.0,0.78,-12.510422859675504,,-11.590347363890773,4.846723128246672
78.52672131147541,2.740806451612903,13275.333333333334,3211415.0,473.7,-5.347207078927442,-70.46735054027347,6.65581771851798,2.390085520361973,-42.236849304088366,DVN,2023Q4,3821000000.0,-13.012334108887863,-25.181058309138194,2.862239826512885,6.72641070101911,-8.783335918715581,-1.8605187831034469,0.0,-25.181058309138194,2.862239826512885,6.72641070101911,-8.783335918715581,-1.8605187831034469,0.0,0.0,0.0,0.0,0.0,-0.0,-0.0,0.0,630.0,315.0,,78.48,2.88,,,,43.69066339429834,-0.3169574761279067,,0.0,,0.0,1.0,0.0,0.5015625,-21.576367832184772,,-21.576367832184772,8.564033723296909
78.52672131147541,2.740806451612903,13275.333333333334,3211415.0,473.7,-5.347207078927442,-70.46735054027347,6.65581771851798,2.390085520361973,-42.236849304088366,EOG,2023Q4,6357000000.0,-5.538276598374115,,7.515361647075279,8.62694319998888,-0.7921879295026367,,,,7.515361647075279,8.62694319998888,-0.7921879295026367,,,0.0,0.0,0.0,0.0,-0.0,,,,,,,,,,,,,,,,5.376098059071178,0.0,0.0,0.78,-12.510422859675504,,-7.134324800604326,1.596048202230211
78.52672131147541,2.740806451612903,13275.333333333334,3211415.0,473.7,-5.347207078927442,-70.46735054027347,6.65581771851798,2.390085520361973,-42.236849304088366,FANG,2023Q4,2228000000.0,10.396512023555474,-3.2376172351735857,16.24623075030507,14.67466572765949,15.284067683276724,2.528455169469105,,-3.2376172351735857,16.24623075030507,14.67466572765949,15.284067683276724,2.528455169469105,,0.0,0.0,0.0,0.0,0.0,0.0,,462.6,276.1,,76.42,1.29,50.87,457.5,271.0,7.307754110973076,5.241861517501189,6.19916760279678,16.220719260118894,16.498226071764584,6.19916760279678,1.0,1.0,0.5808303886925795,-18.995399690415383,-21.09776817881106,-12.796232087618602,23.192744111174076
77.56516666666667,2.147377049180328,12945.333333333334,3119603.0,454.4,2.163264527264129,-20.677614634286435,6.9906188118700445,3.2165025293748104,-20.62398213818168,COP,2024Q1,12307000000.0,2.826606542249798,-6.743624235644101,,,,,,-6.743624235644101,,,,,,0.0,0.0,,,,,,1902.0,,,,,56.6,,,60.75388202859072,,,60.513229119307546,,60.513229119307546,1.0,0.0,0.78,-0.3492321805064327,-18.811916629445946,60.16399693880111,-57.337390396551314
77.56516666666667,2.147377049180328,12945.333333333334,3119603.0,454.4,2.163264527264129,-20.677614634286435,6.9906188118700445,3.2165025293748104,-20.62398213818168,DVN,2024Q1,3741000000.0,-0.4800009216031893,-13.012334108887863,,,,,,-13.012334108887863,,,,,,0.0,0.0,,,,,,670.0,319.0,,77.01,2.25,,,,228.7770007208905,-0.31298930089277044,,43.69066339429834,-0.3169574761279067,43.69066339429834,1.0,0.0,0.5,-3.546955263123512,,40.143708131174826,-40.62370905277802
77.56516666666667,2.147377049180328,12945.333333333334,3119603.0,454.4,2.163264527264129,-20.677614634286435,6.9906188118700445,3.2165025293748104,-20.62398213818168,EOG,2024Q1,,,-5.538276598374115,,,,,,-5.538276598374115,,,,,,0.0,0.0,,,,,,,,,,,,,,,,,,,5.858383927121474,0.0,0.0,0.78,-0.3492321805064327,,5.509151746615041,
77.56516666666667,2.147377049180328,12945.333333333334,3119603.0,454.4,2.163264527264129,-20.677614634286435,6.9906188118700445,3.2165025293748104,-20.62398213818168,FANG,2024Q1,2227000000.0,15.774942415203205,10.396512023555474,,,,,,10.396512023555474,,,,,,0.0,0.0,,,,,,458.0,273.3,,75.06,0.99,50.07,461.0,272.0,6.308397542657687,6.53926484544599,6.961283430904036,7.307754110973076,5.241861517501189,6.961283430904036,1.0,1.0,0.5968439256377,-2.4409550616130655,-22.35401740059453,4.52032836929097,11.254614045912234
81.73564516129032,2.063650793650793,13274.0,3089750.0,466.4,10.56760768742219,-4.660183545433216,1.83987311515121,1.6446842935157877,-8.860561607828576,COP,2024Q2,12660000000.0,13.918943646172377,2.826606542249798,4.183940091274374,7.139485970300338,,-3.5286706367947187,,2.826606542249798,4.183940091274374,7.139485970300338,,-3.5286706367947187,,0.0,0.0,0.0,0.0,,-0.0,,1923.0,,,,,,,,6.721153055721425,,,60.75388202859072,,60.75388202859072,1.0,0.0,0.78,8.892550651808095,-19.6596375557615,69.64643268039882,-55.72748903422644
81.73564516129032,2.063650793650793,13274.0,3089750.0,466.4,10.56760768742219,-4.660183545433216,1.83987311515121,1.6446842935157877,-8.860561607828576,DVN,2024Q2,3894000000.0,9.81390360048025,-0.4800009216031893,6.440507927132201,5.613169196433962,-8.567256068560695,-2.345690035404309,,-0.4800009216031893,6.440507927132201,5.613169196433962,-8.567256068560695,-2.345690035404309,,0.0,0.0,0.0,0.0,-0.0,-0.0,,670.0,335.0,,80.62,1.89,,,,46.70230011075978,3.6478208602409876,,228.7770007208905,-0.31298930089277044,120.0,1.0,0.0,0.4761194029850746,6.57883550627872,,126.57883550627872,-116.76493190579848
81.73564516129032,2.063650793650793,13274.0,3089750.0,466.4,10.56760768742219,-4.660183545433216,1.83987311515121,1.6446842935157877,-8.860561607828576,EOG,2024Q2,,,,8.793721274429256,9.023495288201392,-0.7953382327825935,,,,8.793721274429256,9.023495288201392,-0.7953382327825935,,,0.0,0.0,0.0,0.0,-0.0,,,,,,,,,,,,,,,,1.7813164686605831,0.0,0.0,0.78,8.892550651808095,,10.673867120468678,
81.73564516129032,2.063650793650793,13274.0,3089750.0,466.4,10.56760768742219,-4.660183545433216,1.83987311515121,1.6446842935157877,-8.860561607828576,FANG,2024Q2,2483000000.0,26.97211026931995,15.774942415203205,7.339314621965036,5.749803894934598,-4.728769631744631,-1.948100946011056,,15.774942415203205,7.339314621965036,5.749803894934598,-4.728769631744631,-1.948100946011056,,0.0,0.0,0.0,0.0,-0.0,-0.0,,462.0,273.0,,79.51,0.1,50.33,462.5,273.0,6.021885999305467,4.495138786226627,6.130052586379588,6.308397542657687,6.53926484544599,6.130052586379588,1.0,1.0,0.5967248908296944,7.497113101495996,-22.40447492352401,13.627165687875584,13.344944581444365
76.4275,2.10890625,13264.666666666666,3163448.333333333,454.3,-7.342467028709938,-20.542713989630617,4.0197534822328285,-0.5561762821852778,8.75572923863033,COP,2024Q3,11703000000.0,-7.377222653586352,13.918943646172377,6.887456751927791,7.040156326531139,,-3.304250987446094,,13.918943646172377,6.887456751927791,7.040156326531139,,-3.304250987446094,,0.0,0.0,0.0,0.0,,-0.0,,1921.0,,,,,54.18,,,9.49458526345,,,6.721153055721425,,6.721153055721425,1.0,0.0,0.78,-8.794494194411213,,-2.0733411386897878,-5.303881514896564
76.4275,2.10890625,13264.666666666666,3163448.333333333,454.3,-7.342467028709938,-20.542713989630617,4.0197534822328285,-0.5561762821852778,8.75572923863033,DVN,2024Q3,3797000000.0,-5.955509470892636,9.81390360048025,7.45238259748678,5.303722933215012,-8.522985574753191,-1.7364287909336154,0.0,9.81390360048025,7.45238259748678,5.303722933215012,-8.522985574753191,-1.7364287909336154,0.0,0.0,0.0,0.0,0.0,-0.0,-0.0,0.0,811.0,335.0,,75.2,2.15,40.71,,,23.679987776169533,4.268940869505057,,46.70230011075978,3.6478208602409876,46.70230011075978,1.0,0.0,0.5,-10.642528768940107,,36.05977134181967,-42.015280812712305
76.4275,2.10890625,13264.666666666666,3163448.333333333,454.3,-7.342467028709938,-20.542713989630617,4.0197534822328285,-0.5561762821852778,8.75572923863033,EOG,2024Q3,5965000000.0,,,8.624779422235857,8.475497795616596,-15.106901328985025,,,,8.624779422235857,8.475497795616596,-15.106901328985025,,,0.0,0.0,0.0,0.0,-0.0,,,,,,,,,,,,,,,,2.6469745529073965,0.0,0.0,0.78,-8.794494194411213,,-6.147519641503816,
76.4275,2.10890625,13264.666666666666,3163448.333333333,454.3,-7.342467028709938,-20.542713989630617,4.0197534822328285,-0.5561762821852778,8.75572923863033,FANG,2024Q3,2645000000.0,12.252013594065264,26.97211026931995,25.60397767073324,7.483775721188817,60.48428167997015,-1.12229492621986,,26.97211026931995,25.60397767073324,7.483775721188817,50.0,-1.12229492621986,,1.0,1.0,25.60397767073324,7.483775721188817,50.0,-1.12229492621986,,587.0,321.0,,73.13,-0.26,44.8,462.5,273.0,25.95742929391232,19.92870909522514,2.1196030063506637,6.021885999305467,4.495138786226627,2.1196030063506637,1.0,1.0,0.5909090909090909,-10.042517543443712,-25.713631649767798,-7.922914537093048,20.17492813115831
70.8125,2.441904761904762,13454.333333333334,3202176.0,448.9,-10.340342694988388,-11.547382761193091,1.7875049669696348,-0.0079656734307824,-4.076035933887402,COP,2024Q4,12748000000.0,-1.5257963761045874,-7.377222653586352,3.2027954254462414,7.581811022515812,,-2.9962898113801906,,-7.377222653586352,3.2027954254462414,7.581811022515812,,-2.9962898113801906,,1.0,1.0,3.2027954254462414,7.581811022515812,,-2.9962898113801906,,1987.0,,,,,52.37,,,8.4498181396903,,,9.49458526345,,9.49458526345,1.0,0.0,0.78,-10.473117102270905,-21.944729488667647,-0.9785318388209046,-0.5472645372836829
70.8125,2.441904761904762,13454.333333333334,3202176.0,448.9,-10.340342694988388,-11.547382761193091,1.7875049669696348,-0.0079656734307824,-4.076035933887402,DVN,2024Q4,4487000000.0,16.067215852908348,-5.955509470892636,22.188042975039675,27.08045936626374,44.81813426647146,-2.535793559008169,0.0,-5.955509470892636,22.188042975039675,27.08045936626374,44.81813426647146,-2.535793559008169,0.0,0.0,0.0,0.0,0.0,0.0,-0.0,0.0,805.0,,,75.79,2.27,,,,24.51224580329849,,,23.679987776169533,4.268940869505057,23.679987776169533,1.0,0.0,0.4130702836004932,-10.694566536858574,-32.69292620076336,12.98542123931096,3.0817946135973884
70.8125,2.441904761904762,13454.333333333334,3202176.0,448.9,-10.340342694988388,-11.547382761193091,1.7875049669696348,-0.0079656734307824,-4.076035933887402,EOG,2024Q4,5585000000.0,-12.947213543310763,,5.5784077785114565,7.301758725700681,-0.7985136919313187,,,,5.5784077785114565,7.301758725700681,-0.7985136919313187,,,0.0,0.0,0.0,0.0,-0.0,,,,,,,,,,,,,,,,1.2488637748495095,0.0,0.0,0.78,-10.473117102270905,,-9.224253327421396,-3.7229602158893673
70.8125,2.441904761904762,13454.333333333334,3202176.0,448.9,-10.340342694988388,-11.547382761193091,1.7875049669696348,-0.0079656734307824,-4.076035933887402,FANG,2024Q4,3711000000.0,51.0197060013423,12.252013594065264,85.18610619311669,91.06053715450166,64.90929750246332,13.502157161698484,,12.252013594065264,50.0,50.0,50.0,13.502157161698484,,0.0,1.0,50.0,50.0,50.0,13.502157161698484,,598.0,498.0,,69.48,0.48,42.71,845.0,472.5,25.672800415329284,58.98369580885442,60.2473877559835,25.95742929391232,19.92870909522514,60.2473877559835,1.0,1.0,0.5468483816013628,-10.613828774724716,-29.318369991861548,49.63355898125879,1.3861470200835129
71.78333333333333,4.143606557377049,13277.666666666666,3165190.0,502.4,-7.746612041744536,65.73194374956968,1.339355840732396,-0.28810712721618,-5.377406414181965,COP,2025Q1,14479000000.0,16.253111760908503,-1.5257963761045874,,,,,,-1.5257963761045874,,,,,,0.0,1.0,,,,,,1462.0,,,,,53.34,,,-26.31006027956118,,,8.4498181396903,,8.4498181396903,1.0,0.0,0.78,0.33602909530002645,-18.97551401310408,8.785847234990328,7.467264525918175
71.78333333333333,4.143606557377049,13277.666666666666,3165190.0,502.4,-7.746612041744536,65.73194374956968,1.339355840732396,-0.28810712721618,-5.377406414181965,DVN,2025Q1,4550000000.0,19.577427759684998,16.067215852908348,,,,,,16.067215852908348,,,,,,0.0,0.0,,,,,,851.0,390.0,,71.5,3.65,42.45,,,23.913441618836238,20.09556363388475,,24.51224580329849,,24.51224580329849,1.0,0.0,0.4880597014925373,11.06170485110679,,35.57395065440528,-15.996522894720282
71.78333333333333,4.143606557377049,13277.666666666666,3165190.0,502.4,-7.746612041744536,65.73194374956968,1.339355840732396,-0.28810712721618,-5.377406414181965,EOG,2025Q1,5669000000.0,,-12.947213543310763,,,,,,-12.947213543310763,,,,,,0.0,0.0,,,,,,,,,,,,,,,,,,,0.8511169503478232,0.0,0.0,0.78,0.33602909530002645,,1.1871460456478498,
71.78333333333333,4.143606557377049,13277.666666666666,3165190.0,502.4,-7.746612041744536,65.73194374956968,1.339355840732396,-0.28810712721618,-5.377406414181965,FANG,2025Q1,4048000000.0,59.75675437099338,51.0197060013423,,,,,,51.0197060013423,,,,,,0.0,1.0,,,,,,857.0,475.9,,70.95,2.11,47.77,867.5,472.5,62.656873448359484,55.46376551930423,63.87463277068293,25.672800415329284,58.98369580885442,63.87463277068293,1.0,1.0,0.8327759197324415,-1.602920085949033,-26.47332217611752,62.2717126847339,-2.5149583137405216
64.56725806451612,3.1912903225806453,13507.666666666666,3244056.333333333,443.0,-23.578275880693973,43.594868066744034,2.53480629597067,1.4507335254396898,10.04187477470474,COP,2025Q2,12621000000.0,-0.3085323439536553,16.253111760908503,26.47945011450201,,,7.790020270770208,,16.253111760908503,26.47945011450201,,,7.790020270770208,,0.0,1.0,26.47945011450201,,,7.790020270770208,,1508.0,,,,,45.77,,,-24.31021970208783,,,-26.31006027956118,,-26.31006027956118,1.0,0.0,0.78,-16.189230046475792,-19.93629365954275,-42.49929032603697,42.19075798208331
64.56725806451612,3.1912903225806453,13507.666666666666,3244056.333333333,443.0,-23.578275880693973,43.594868066744034,2.53480629597067,1.4507335254396898,10.04187477470474,DVN,2025Q2,4048000000.0,3.878602503515645,19.577427759684998,21.366648502508163,24.74375510719424,39.27999687010701,2.0360922648915176,,19.577427759684998,21.366648502508163,24.74375510719424,39.27999687010701,2.0360922648915176,,0.0,0.0,0.0,0.0,0.0,0.0,,841.0,387.0,,63.95,3.44,36.3,815.0,,22.731394758793623,14.429416120471542,19.591040085585103,23.913441618836238,20.09556363388475,19.591040085585103,1.0,1.0,0.4582843713278496,-5.383904929008356,-28.98105162091631,14.207135156576747,-10.328532653061103
64.56725806451612,3.1912903225806453,13507.666666666666,3244056.333333333,443.0,-23.578275880693973,43.594868066744034,2.53480629597067,1.4507335254396898,10.04187477470474,EOG,2025Q2,5478000000.0,,,4.7645699911126425,4.593993333491678,-8.119677589164311,,,,4.7645699911126425,4.593993333491678,-8.119677589164311,,,0.0,0.0,0.0,0.0,-0.0,,,,,,75.72,2.27,,,,,,,,,2.2095844648113756,0.0,0.0,0.78,-16.189230046475792,,-13.979645581664418,
64.56725806451612,3.1912903225806453,13507.666666666666,3244056.333333333,443.0,-23.578275880693973,43.594868066744034,2.53480629597067,1.4507335254396898,10.04187477470474,FANG,2025Q2,3678000000.0,39.29016196560998,59.75675437099338,85.86273662059479,87.60606284632189,67.31876545475993,48.40823547401785,,59.75675437099338,50.0,50.0,50.0,48.40823547401785,,0.0,1.0,50.0,50.0,50.0,48.40823547401785,,890.0,495.7,,63.23,0.88,39.61,883.0,492.5,65.56565716444467,59.649910984156854,64.77603095222211,62.656873448359484,55.46376551930423,64.77603095222211,1.0,1.0,0.5553092182030338,-8.642636931820794,-29.605188319771123,56.13339402040132,-16.843232054791336
65.77953125,3.0321875,13781.666666666666,3321295.6666666665,444.7,-15.00338643414686,36.31148580759629,1.7450190760337962,4.8734320007201495,-5.147386499114688,COP,2025Q3,13337000000.0,13.069690844762832,-0.3085323439536553,24.46331773473644,,,7.367277510276833,,-0.3085323439536553,24.46331773473644,,,7.367277510276833,,0.0,1.0,24.46331773473644,,,7.367277510276833,,1902.0,,,,,,,,-0.9939919663221075,,,-24.31021970208783,,-24.31021970208783,1.0,0.0,0.78,-9.358750487555113,-23.167456492564366,-33.66897018964295,46.73866103440578
65.77953125,3.0321875,13781.666666666666,3321295.6666666665,444.7,-15.00338643414686,36.31148580759629,1.7450190760337962,4.8734320007201495,-5.147386499114688,DVN,2025Q3,4251000000.0,11.294296812698777,3.878602503515645,22.11544509249229,23.85412023646204,39.309113062072086,1.2658396871923463,0.0,3.878602503515645,22.11544509249229,23.85412023646204,39.309113062072086,1.2658396871923463,0.0,0.0,0.0,0.0,0.0,0.0,0.0,0.0,853.0,390.0,,64.92,3.07,36.46,,,5.049149337626611,15.201620729862569,,22.731394758793623,14.429416120471542,22.731394758793623,1.0,0.0,0.460166468489893,-1.1526420835217746,-30.546290805979204,21.57875267527185,-10.284455862573074
65.77953125,3.0321875,13781.666666666666,3321295.6666666665,444.7,-15.00338643414686,36.31148580759629,1.7450190760337962,4.8734320007201495,-5.147386499114688,EOG,2025Q3,5847000000.0,-1.998034635634604,,2.316840964110128,4.97747838123512,6.203539091945269,,,,2.316840964110128,4.97747838123512,6.203539091945269,,,1.0,1.0,2.316840964110128,4.97747838123512,6.203539091945269,,,,,,75.72,2.27,,,,,,,,,2.6835429534397024,0.0,0.0,0.78,-9.358750487555113,,-6.675207534115411,4.677172898480807
65.77953125,3.0321875,13781.666666666666,3321295.6666666665,444.7,-15.00338643414686,36.31148580759629,1.7450190760337962,4.8734320007201495,-5.147386499114688,FANG,2025Q3,3924000000.0,39.444047639285394,39.29016196560998,70.24619146679709,93.79230231448535,23.27136383107609,49.34120444351139,,39.29016196560998,50.0,50.0,23.27136383107609,49.34120444351139,,0.0,1.0,50.0,50.0,23.27136383107609,49.34120444351139,,910.0,503.8,,64.6,0.75,39.73,905.0,490.0,43.841977968279934,45.0738240788494,43.29101238718297,65.56565716444467,59.649910984156854,43.29101238718297,1.0,1.0,0.5569662921348314,-3.6362773752034183,-27.27898677280266,39.65473501197955,-0.21068737269415294
59.615967741935485,3.740333333333333,13770.0,3365360.333333333,428.1,-17.211208546662565,42.63963591256278,3.823534801707389,4.8692290490703325,-2.1357875248706923,COP,2025Q4,11387000000.0,-11.290204272662203,13.069690844762832,23.62793712856365,,,6.978315510285412,,13.069690844762832,23.62793712856365,,,6.978315510285412,,0.0,1.0,23.62793712856365,,,6.978315510285412,,1439.0,,,,,42.46,,,-32.267753566444895,,,-0.9939919663221075,,-0.9939919663221075,1.0,0.0,0.78,-10.627615656147778,,-11.621607622469886,0.33140334980768316
59.615967741935485,3.740333333333333,13770.0,3365360.333333333,428.1,-17.211208546662565,42.63963591256278,3.823534801707389,4.8692290490703325,-2.1357875248706923,DVN,2025Q4,3937000000.0,-13.07653150322459,11.294296812698777,3.1165101097837145,1.3495696381887468,-18.3718299457218,0.958473791298731,0.0,11.294296812698777,3.1165101097837145,1.3495696381887468,-18.3718299457218,0.958473791298731,0.0,0.0,0.0,0.0,0.0,-0.0,0.0,0.0,823.0,,,64.87,3.43,,,,2.211392325850644,,,5.049149337626611,15.201620729862569,5.049149337626611,1.0,0.0,0.45720984759671746,-0.9679840539185225,-31.123286753113135,4.0811652837080885,-17.15769678693268
59.615967741935485,3.740333333333333,13770.0,3365360.333333333,428.1,-17.211208546662565,42.63963591256278,3.823534801707389,4.8692290490703325,-2.1357875248706923,EOG,2025Q4,5638000000.0,0.944496017075686,-1.998034635634604,12.31447084304952,22.144252148797097,71.73051767248596,-4.163497265157734,,-1.998034635634604,12.31447084304952,22.144252148797097,50.0,-4.163497265157734,,0.0,1.0,12.31447084304952,22.144252148797097,50.0,-4.163497265157734,,,,,64.78,3.43,,,,,,,,,4.137243075916272,0.0,0.0,0.78,-10.627615656147778,,-6.490372580231506,7.434868597307192
59.615967741935485,3.740333333333333,13770.0,3365360.333333333,428.1,-17.211208546662565,42.63963591256278,3.823534801707389,4.8692290490703325,-2.1357875248706923,FANG,2025Q4,3376000000.0,-9.460980534474992,39.444047639285394,14.771800917550172,14.006598815121292,28.457400157225493,34.41323928027647,,39.444047639285394,14.771800917550172,14.006598815121292,28.457400157225493,34.41323928027647,,0.0,0.0,0.0,0.0,0.0,0.0,,926.0,512.8,,58.0,0.03,34.02,945.0,510.0,43.72834806955477,2.9285828581807243,45.7594173543111,43.841977968279934,45.0738240788494,45.7594173543111,1.0,1.0,0.5536263736263737,-3.853289305268426,-28.075319023062416,41.90612804904267,-51.36710858351766
72.73508196721312,4.707,13580.666666666666,3301021.0,512.0,1.3171503322224671,12.7484204687062,2.319107766486564,4.9704461367523445,-4.744333263698588,COP,2026Q1,13500000000.0,-7.000963835490086,-11.290204272662203,,,,,,-11.290204272662203,,,,,,0.0,0.0,,,,,,1453.0,,,,,50.36,,,-0.6174976739440874,,,-32.267753566444895,,-32.267753566444895,1.0,0.0,0.78,2.5745900472356777,-23.532463471582822,-29.693163519209218,22.69219968371913
72.73508196721312,4.707,13580.666666666666,3301021.0,512.0,1.3171503322224671,12.7484204687062,2.319107766486564,4.9704461367523445,-4.744333263698588,DVN,2026Q1,4508000000.0,-0.9273636785329216,-13.07653150322459,,,,,,-13.07653150322459,,,,,,0.0,0.0,,,,,,833.0,387.0,,72.1,5.05,,,,-2.13784864065314,-0.7722046093910278,,2.211392325850644,,2.211392325850644,1.0,0.0,0.4880597014925373,4.24321425521793,,6.454606581068575,-7.381970259601497
72.73508196721312,4.707,13580.666666666666,3301021.0,512.0,1.3171503322224671,12.7484204687062,2.319107766486564,4.9704461367523445,-4.744333263698588,EOG,2026Q1,6921000000.0,19.95475325175597,0.944496017075686,,,,,,0.944496017075686,,,,,,0.0,1.0,,,,,,,,,64.78,3.43,,,,,,,,,3.114509277566298,0.0,0.0,0.78,2.5745900472356777,,5.689099324801976,14.265653926953995
72.73508196721312,4.707,13580.666666666666,3301021.0,512.0,1.3171503322224671,12.7484204687062,2.319107766486564,4.9704461367523445,-4.744333263698588,FANG,2026Q1,4240000000.0,4.634033725870192,-9.460980534474992,,,,,,-9.460980534474992,,,,,,0.0,0.0,,,,,,972.0,521.0,,73.47,0.18,43.4,948.0,507.0,12.591788586265936,9.054229362630226,10.091658365724202,43.72834806955477,2.9285828581807243,10.091658365724202,1.0,1.0,0.55377969762419,3.8675827406431362,-33.709057803365816,13.959241106367339,-9.325207380497147
95.64967741935484,2.950483870967742,,,,39.29848821752853,-7.845614389186964,2.256378692776051,4.2018729169501485,1.892800988551886,COP,2026Q2,18088000000.0,35.98866416991752,-7.000963835490086,-1.2381777673387018,,,-3.9497627447626646,,-7.000963835490086,-1.2381777673387018,,,-3.9497627447626646,,0.0,0.0,-0.0,,,-0.0,,1479.0,,,,,62.33,,,-1.9418085857101628,,,-0.6174976739440874,,-0.6174976739440874,1.0,0.0,0.78,34.112636930789826,-25.767431816099606,33.49513925684574,2.4935249130717807
95.64967741935484,2.950483870967742,,,,39.29848821752853,-7.845614389186964,2.256378692776051,4.2018729169501485,1.892800988551886,DVN,2026Q2,7003000000.0,54.81156966882163,-0.9273636785329216,5.090036929778583,2.036376603174196,-12.79145919829034,-4.27618593380817,,-0.9273636785329216,5.090036929778583,2.036376603174196,-12.79145919829034,-4.27618593380817,,1.0,1.0,5.090036929778583,2.036376603174196,-12.79145919829034,-4.27618593380817,,1359.0,503.0,,88.09,2.9,,,,47.991275417819566,26.21654770699574,,-2.13784864065314,-0.7722046093910278,-2.13784864065314,1.0,0.0,0.4645858343337335,26.67767803589881,,24.539829395245672,30.27174027357596
95.64967741935484,2.950483870967742,,,,39.29848821752853,-7.845614389186964,2.256378692776051,4.2018729169501485,1.892800988551886,EOG,2026Q2,8620000000.0,45.33450138347154,19.95475325175597,12.763412642670517,20.88117253430124,82.4944969745378,-3.327478888487221,,19.95475325175597,12.763412642670517,20.88117253430124,50.0,-3.327478888487221,,0.0,1.0,12.763412642670517,20.88117253430124,50.0,-3.327478888487221,,,,,64.78,3.43,,,,,,,,,2.84002696002828,0.0,0.0,0.78,34.112636930789826,,36.95266389081811,8.381837492653432
95.64967741935484,2.950483870967742,,,,39.29848821752853,-7.845614389186964,2.256378692776051,4.2018729169501485,1.892800988551886,FANG,2026Q2,5562000000.0,41.35886296296438,4.634033725870192,0.0199791646519615,2.611376516477193,1.1704092297927997,-2.383045103803391,,4.634033725870192,0.0199791646519615,2.611376516477193,1.1704092297927997,-2.383045103803391,,0.0,0.0,0.0,0.0,0.0,-0.0,,1018.0,525.0,,96.82,-2.15,51.68,970.0,520.0,13.437373438428256,5.742735756509551,8.607460877124298,12.591788586265936,9.054229362630226,8.607460877124298,1.0,1.0,0.5360082304526749,28.36125042142324,-30.90076835858716,36.96871129854754,4.390151664416841
81.84666666666666,2.8356410256410256,,,,21.853886337521107,-6.701628327985944,2.256378692776051,4.2018729169501485,1.892800988551886,COP,2026Q3,,,35.98866416991752,1.3465325383212383,,,-3.566515119885937,,35.98866416991752,1.3465325383212383,,,-3.566515119885937,,0.0,0.0,0.0,,,-0.0,,,,,,,,,,,,,-1.9418085857101628,,-1.9418085857101628,1.0,0.0,0.78,18.712779724315332,-28.41846798561799,16.77097113860517,
81.84666666666666,2.8356410256410256,,,,21.853886337521107,-6.701628327985944,2.256378692776051,4.2018729169501485,1.892800988551886,DVN,2026Q3,,,54.81156966882163,81.46823272035444,92.1223796121762,16.422722765701316,39.068131192392734,0.0,54.81156966882163,50.0,50.0,16.422722765701316,39.068131192392734,0.0,0.0,1.0,50.0,50.0,16.422722765701316,39.068131192392734,0.0,,,,,,,1675.0,,,,67.48088967674877,47.991275417819566,26.21654770699574,67.48088967674877,1.0,1.0,0.37012509197939664,12.860685250812484,,80.34157492756125,
81.84666666666666,2.8356410256410256,,,,21.853886337521107,-6.701628327985944,2.256378692776051,4.2018729169501485,1.892800988551886,EOG,2026Q3,,,45.33450138347154,16.858359783391574,20.115647485846537,82.60457819211832,-3.180810719622561,,45.33450138347154,16.858359783391574,20.115647485846537,50.0,-3.180810719622561,,0.0,1.0,16.858359783391574,20.115647485846537,50.0,-3.180810719622561,,,,,,,,,,,,,,,2.84002696002828,0.0,0.0,0.78,18.712779724315332,,21.55280668434361,
81.84666666666666,2.8356410256410256,,,,21.853886337521107,-6.701628327985944,2.256378692776051,4.2018729169501485,1.892800988551886,FANG,2026Q3,,,41.35886296296438,-2.424165022279914,-3.6136018987528025,-31.20748865221461,-3.814275190763936,,41.35886296296438,-2.424165022279914,-3.6136018987528025,-31.20748865221461,-3.814275190763936,,0.0,0.0,-0.0,-0.0,-0.0,-0.0,,,,,,,,1005.0,522.0,,,9.929822098228048,13.437373438428256,5.742735756509551,9.929822098228048,1.0,1.0,0.5157170923379175,14.939412501521609,-33.373167253683356,24.869234599749657,
