wti,henry_hub,crude_prod,gas_prod,bea_gross_output,wti_yoy,henry_yoy,crude_prod_yoy_l1,gas_prod_yoy_l1,bea_go_yoy_l1,ticker,quarter,revenue,revenue_yoy,revenue_yoy_l1,assets_yoy_l1,ppe_yoy_l1,debt_yoy_l1,shares_yoy_l1,goodwill_jump_l1,revenue_yoy_l1_clip,assets_yoy_l1_clip,ppe_yoy_l1_clip,debt_yoy_l1_clip,shares_yoy_l1_clip,goodwill_jump_l1_clip,ma_event,ma_window,ma_assets_interaction,ma_ppe_interaction,ma_debt_interaction,ma_shares_interaction,ma_goodwill_interaction,total_production_raw,oil_production_raw,total_candidate,oil_candidate,total_oil_ratio,oil_qc_flag,mna_jump_allow,total_production_clean,total_qc_flag,production_qoq_log_raw,production_qoq_threshold,pending_regime_value,pending_regime_quarter,oil_production_clean,production_qc_flag,total_prod_yoy_raw,total_prod_yoy_clean,guidance_total_production,guidance_oil_production,total_prod_yoy,total_prod_yoy_l1,guidance_vs_actual_yoy,guidance_vs_guidance_yoy,company_prod_yoy_proxy,production_yoy_source,source_quality_score,has_guidance,has_company_prod,oil_share_l1,price_mix_yoy,structural_revenue_log_yoy,structural_revenue_yoy_pct,total_production,oil_production,ngl_production,gas_production,actual_data_quality,guidance_data_quality,actual_pair_quality_l1
,,,,,,,,,,COP,2009Q2,,,,,,,,,,,,,,,0.0,0.0,,,,,,,,,,,MISSING,0.0,,MISSING,,,,,,MISSING,,,,,,,,,,INDUSTRY_FALLBACK,0.35,0.0,0.0,0.78,,,,,,,,,,
,,,,,,,,,,DVN,2009Q2,,,,,,,,,,,,,,,0.0,0.0,,,,,,,,,,,MISSING,0.0,,MISSING,,,,,,MISSING,,,,,,,,,,INDUSTRY_FALLBACK,0.35,0.0,0.0,0.4586881580433052,,,,,,,,,,
,,,,,,,,,,EOG,2009Q2,,,,,,,,,,,,,,,0.0,0.0,,,,,,,,,,,MISSING,0.0,,MISSING,,,,,,MISSING,,,,,,,,,,INDUSTRY_FALLBACK,0.35,0.0,0.0,0.39,,,,,,,,0.0,0.0,
,,,,,,,,,,COP,2009Q3,,,,,,,,,,,,,,,0.0,0.0,,,,,,,,,,,MISSING,0.0,,MISSING,,,,,,MISSING,,,,,,,,,,INDUSTRY_FALLBACK,0.35,0.0,0.0,0.78,,,,,,,,,,
,,,,,,,,,,DVN,2009Q3,,,,,,,,,,,,,,,0.0,0.0,,,,,,,,,,,MISSING,0.0,,MISSING,,,,,,MISSING,,,,,,,,,,INDUSTRY_FALLBACK,0.35,0.0,0.0,0.4586881580433052,,,,,,,,,,
,,,,,,,,,,EOG,2009Q3,,,,,,,,,,,,,,,0.0,0.0,,,,,,,,,,,MISSING,0.0,,MISSING,,,,,,MISSING,,,,,,,,,,INDUSTRY_FALLBACK,0.35,0.0,0.0,0.39,,,,,,,,0.0,0.0,0.0
,,,,,,,,,,COP,2010Q1,,,,,,,,0.0,,,,,,0.0,0.0,0.0,,,,,0.0,,,,,,MISSING,0.0,,MISSING,,,,,,MISSING,,,,,,,,,,INDUSTRY_FALLBACK,0.35,0.0,0.0,0.78,,,,,,,,,,
,,,,,,,,,,DVN,2010Q1,,,,,,,,0.8094023727685997,,,,,,0.8094023727685997,0.0,0.0,,,,,0.0,,,,,,MISSING,0.0,,MISSING,,,,,,MISSING,,,,,,,,,,INDUSTRY_FALLBACK,0.35,0.0,0.0,0.4586881580433052,,,,,,,,,,
,,,,,,,,,,EOG,2010Q1,,,,,,,,,,,,,,,0.0,0.0,,,,,,,,,,,MISSING,0.0,,MISSING,,,,,,MISSING,,,,,,,,,,INDUSTRY_FALLBACK,0.35,0.0,0.0,0.39,,,,,,,,0.0,0.0,0.0
,,,,,,,,,,COP,2010Q2,,,,,,,,-0.0524841399489591,,,,,,-0.0524841399489591,0.0,0.0,,,,,-0.0,,,,,,MISSING,0.0,,MISSING,,,,,,MISSING,,,,,,,,,,INDUSTRY_FALLBACK,0.35,0.0,0.0,0.78,,,,,,,,,,
,,,,,,,,,,DVN,2010Q2,,,,,,,,0.3162645250701823,,,,,,0.3162645250701823,0.0,0.0,,,,,0.0,,,,,,MISSING,0.0,,MISSING,,,,,,MISSING,,,,,,,,,,INDUSTRY_FALLBACK,0.35,0.0,0.0,0.4586881580433052,,,,,,,,,,
,,,,,,,,,,EOG,2010Q2,,,,,,,,,,,,,,,0.0,0.0,,,,,,,,,,,MISSING,0.0,,MISSING,,,,,,MISSING,,,,,,,,,,INDUSTRY_FALLBACK,0.35,0.0,0.0,0.39,,,,,,,,0.0,0.0,0.0
,,,,,,,,,,COP,2010Q3,47208000000.0,,,,,,,0.0019378593114139,,,,,,0.0019378593114139,0.0,0.0,,,,,0.0,,,,,,MISSING,0.0,,MISSING,,,,,,MISSING,,,,,,,,,,INDUSTRY_FALLBACK,0.35,0.0,0.0,0.78,,,,,,,,,,
,,,,,,,,,,DVN,2010Q3,2353000000.0,,,,,,,-0.4107311666720996,,,,,,-0.4107311666720996,0.0,0.0,,,,,-0.0,,,,,,MISSING,0.0,,MISSING,,,,,,MISSING,,,,,,,,,,INDUSTRY_FALLBACK,0.35,0.0,0.0,0.4586881580433052,,,,,,,,,,
,,,,,,,,,,EOG,2010Q3,1582075000.0,,,,,,,,,,,,,,0.0,0.0,,,,,,,,,,,MISSING,0.0,,MISSING,,,,,,MISSING,,,,,,,,,,INDUSTRY_FALLBACK,0.35,0.0,0.0,0.39,,,,,,,,0.0,0.0,0.0
,,,,,,,,,,COP,2010Q4,51726000000.0,,,3.4449357153379365,-5.709157580417081,,,-0.0006602577646313,,3.4449357153379365,-5.709157580417081,,,-0.0006602577646313,0.0,0.0,0.0,-0.0,,,-0.0,,,,,,MISSING,0.0,,MISSING,,,,,,MISSING,,,,,,,,,,INDUSTRY_FALLBACK,0.35,0.0,0.0,0.78,,,,,,,,,,
,,,,,,,,,,EOG,2010Q4,1789160000.0,,,17.20240511457162,23.37593303175564,31.148298324642383,,,,17.20240511457162,23.37593303175564,31.148298324642383,,,0.0,0.0,0.0,0.0,0.0,,,,,,,,MISSING,0.0,,MISSING,,,,,,MISSING,,,,,,,,,,INDUSTRY_FALLBACK,0.35,0.0,0.0,0.39,,,,,,,,0.0,0.0,0.0
,,,,,,,,,,COP,2011Q1,56530000000.0,,,,,,,,,,,,,,0.0,0.0,,,,,,,,,,,MISSING,0.0,,MISSING,,,,,,MISSING,,,,,,,,,,INDUSTRY_FALLBACK,0.35,0.0,0.0,0.78,,,,,,,,,,
,,,,,,,,,,DVN,2011Q1,2147000000.0,,,16.34997101558314,0.6173199342891544,-42.57585379961258,,0.283607487237663,,16.34997101558314,0.6173199342891544,-42.57585379961258,,0.283607487237663,0.0,0.0,0.0,0.0,-0.0,,0.0,,,,,,MISSING,0.0,,MISSING,,,,,,MISSING,,,,,,,,,,INDUSTRY_FALLBACK,0.35,0.0,0.0,0.4586881580433052,,,,,,,,,,
,,,,,,,,,,EOG,2011Q1,1897106000.0,,,,,,,,,,,,,,0.0,0.0,,,,,,,,,,,MISSING,0.0,,MISSING,,,,,,MISSING,,,,,,,,,,INDUSTRY_FALLBACK,0.35,0.0,0.0,0.39,,,,,,,,0.0,0.0,0.0
,,,,,,,,,,COP,2011Q2,65627000000.0,,,3.0741513734222266,-3.355011007495105,,,,,3.0741513734222266,-3.355011007495105,,,,0.0,0.0,0.0,-0.0,,,,,,,,,MISSING,0.0,,MISSING,,,,,,MISSING,,,,,,,,,,INDUSTRY_FALLBACK,0.35,0.0,0.0,0.78,,,,,,,,,,
,,,,,,,,,,DVN,2011Q2,3220000000.0,,,20.51799625561452,11.069281877279648,-43.10986557151373,,0.5460879389887958,,20.51799625561452,11.069281877279648,-43.10986557151373,,0.5460879389887958,0.0,0.0,0.0,0.0,-0.0,,0.0,,,,,,MISSING,0.0,,MISSING,,,,,,MISSING,,,,,,,,,,INDUSTRY_FALLBACK,0.35,0.0,0.0,0.4586881580433052,,,,,,,,,,
,,,,,,,,,,EOG,2011Q2,2570250000.0,,,24.067487960571874,15.525581655046638,59.51517864736454,,,,24.067487960571874,15.525581655046638,50.0,,,0.0,0.0,0.0,0.0,0.0,,,,,,,,MISSING,0.0,,MISSING,,,,,,MISSING,,,,,,,,,,INDUSTRY_FALLBACK,0.35,0.0,0.0,0.39,,,,,,,,0.0,0.0,0.0
,,,,,,,,,,COP,2011Q3,62784000000.0,28.51368941880303,,5.530357122306982,3.623755623828088,,,-0.0150335435941444,,5.530357122306982,3.623755623828088,,,-0.0150335435941444,0.0,0.0,0.0,0.0,,,-0.0,,,,,,MISSING,0.0,,MISSING,,,,,,MISSING,,,,,,,,,,INDUSTRY_FALLBACK,0.35,0.0,0.0,0.78,,,,,,,,,,
,,,,,,,,,,DVN,2011Q3,3502000000.0,,,22.81056306069222,17.577062606135037,2.0825267977427977,,0.0723589001447178,,22.81056306069222,17.577062606135037,2.0825267977427977,,0.0723589001447178,0.0,0.0,0.0,0.0,0.0,,0.0,,,,,,MISSING,0.0,,MISSING,,,,,,MISSING,,,,,,,,,,INDUSTRY_FALLBACK,0.35,0.0,0.0,0.4586881580433052,,,,,,,,,,
,,,,,,,,,,EOG,2011Q3,2885744000.0,60.10454757629441,,20.770678564694244,13.77065942232254,29.31893434018471,,,,20.770678564694244,13.77065942232254,29.31893434018471,,,0.0,0.0,0.0,0.0,0.0,,,,,,,,MISSING,0.0,,MISSING,,,,,,MISSING,,,,,,,,,,INDUSTRY_FALLBACK,0.35,0.0,0.0,0.39,,,,,,,,0.0,0.0,0.0
,,,,,,,,,,COP,2011Q4,59872000000.0,14.624839363583607,28.51368941880303,-0.4154549846795753,1.9812255456623435,,-8.727048074126555,0.0,28.51368941880303,-0.4154549846795753,1.9812255456623435,,-8.727048074126555,0.0,0.0,0.0,-0.0,0.0,,-0.0,0.0,,,,,,MISSING,0.0,,MISSING,,,,,,MISSING,,,,,,,,,,INDUSTRY_FALLBACK,0.35,0.0,0.0,0.78,,,,,,,,,,
,,,,,,,,,,EOG,2011Q4,2773015000.0,43.81889399567493,60.10454757629441,21.765761747614185,12.77261997199857,28.42722506862302,-684.9572440229751,,60.10454757629441,21.765761747614185,12.77261997199857,28.42722506862302,-50.0,,0.0,0.0,0.0,0.0,0.0,-0.0,,,,,,,MISSING,0.0,,MISSING,,,,,,MISSING,,,,,,,,,,INDUSTRY_FALLBACK,0.35,0.0,0.0,0.39,,,,,,,,0.0,0.0,0.0
,,,,,,,,,,COP,2012Q1,56132000000.0,-0.7065410798310101,14.624839363583607,,,,,,14.624839363583607,,,,,,0.0,0.0,,,,,,,,,,,MISSING,0.0,,MISSING,,,,,,MISSING,,,,,,,,,,INDUSTRY_FALLBACK,0.35,0.0,0.0,0.78,,,,,,,,,,
,,,,,,,,,,DVN,2012Q1,2497000000.0,5.939890155241077,,28.52935828286246,31.90419489703676,6.900483814783444,,-0.5838544775151153,,28.52935828286246,31.90419489703676,6.900483814783444,,-0.5838544775151153,0.0,0.0,0.0,0.0,0.0,,-0.0,,,,,,MISSING,0.0,,MISSING,,,,,,MISSING,,,,,,,,,,INDUSTRY_FALLBACK,0.35,0.0,0.0,0.4586881580433052,,,,,,,,,,
,,,,,,,,,,EOG,2012Q1,2806651000.0,39.16623905293923,43.81889399567493,,,,,,43.81889399567493,,,,,,0.0,0.0,,,,,,,,,,,MISSING,0.0,,MISSING,,,,,,MISSING,,,,,,,,,,INDUSTRY_FALLBACK,0.35,0.0,0.0,0.39,,,,,,,,0.0,0.0,0.0
,,,,,,,,,,COP,2012Q2,13988000000.0,-154.5787377436745,-0.7065410798310101,2.007980054590952,2.1190937295872514,,-10.9685803605481,,-0.7065410798310101,2.007980054590952,2.1190937295872514,,-10.9685803605481,,0.0,0.0,0.0,0.0,,-0.0,,,,,,,MISSING,0.0,,MISSING,,,,,,MISSING,,,,,,,,,,INDUSTRY_FALLBACK,0.35,0.0,0.0,0.78,,,,,,,,,,
,,,,,,,,,,DVN,2012Q2,2559000000.0,17.55450382810077,5.939890155241077,29.0526155272407,37.80773269836068,56.442716547325,,0.2909747654643054,5.939890155241077,29.0526155272407,37.80773269836068,50.0,,0.2909747654643054,0.0,0.0,0.0,0.0,0.0,,0.0,,,,,,MISSING,0.0,,MISSING,,,,,,MISSING,,,,,,,,,,INDUSTRY_FALLBACK,0.35,0.0,0.0,0.4586881580433052,,,,,,,,,,
,,,,,,,,,,EOG,2012Q2,2909319000.0,12.391586273705585,39.16623905293923,8.191831260736356,11.94654733510828,0.1157834663250388,4.397938715106476,,39.16623905293923,8.191831260736356,11.94654733510828,0.1157834663250388,4.397938715106476,,0.0,0.0,0.0,0.0,0.0,0.0,,,,,,,MISSING,0.0,,MISSING,,,,,,MISSING,,,,,,,,,,INDUSTRY_FALLBACK,0.35,0.0,0.0,0.39,,,,,,,,0.0,0.0,0.0
,,,,,,,,,,COP,2012Q3,14520000000.0,-146.41732545462477,-154.5787377436745,-33.93301035759963,-16.81302362464084,,-11.431311150789664,,-100.0,-33.93301035759963,-16.81302362464084,,-11.431311150789664,,0.0,0.0,-0.0,-0.0,,-0.0,,,,,,,MISSING,0.0,,MISSING,,,,,,MISSING,,,,,,,,,,INDUSTRY_FALLBACK,0.35,0.0,0.0,0.78,,,,,,,,,,
,,,,,,,,,,DVN,2012Q3,1865000000.0,-54.61203064605381,17.55450382810077,22.96634947870218,25.635103044884943,79.97569156182035,,-0.1408285412510268,17.55450382810077,22.96634947870218,25.635103044884943,50.0,,-0.1408285412510268,0.0,0.0,0.0,0.0,0.0,,-0.0,,,,,,MISSING,0.0,,MISSING,,,,,,MISSING,,,,,,,,,,INDUSTRY_FALLBACK,0.35,0.0,0.0,0.4586881580433052,,,,,,,,,,
,,,,,,,,,,EOG,2012Q3,2954855000.0,2.36668279516433,12.391586273705585,8.168195104009675,12.633828310465578,0.1126356458140351,0.3919630175948544,,12.391586273705585,8.168195104009675,12.633828310465578,0.1126356458140351,0.3919630175948544,,0.0,0.0,0.0,0.0,0.0,0.0,,,,,,,MISSING,0.0,,MISSING,,,,,,MISSING,,,,,,,,,,INDUSTRY_FALLBACK,0.35,0.0,0.0,0.39,,,,,,,,0.0,0.0,0.0
,,,,,,,,,,FANG,2012Q3,,,,,,,,,,,,,,,0.0,0.0,,,,,,,,,,,MISSING,0.0,,MISSING,,,,,,MISSING,,,,,,,,,,INDUSTRY_FALLBACK,0.35,0.0,0.0,0.5847966214714382,,,,,,,,,,
,,,,,,,,,,COP,2012Q4,14475000000.0,-141.97859266326202,-146.41732545462477,-29.328096254864167,-12.111630175394192,,-701.4325260391122,,-100.0,-29.328096254864167,-12.111630175394192,,-50.0,,0.0,0.0,-0.0,-0.0,,-0.0,,,,,,,MISSING,0.0,,MISSING,,,,,,MISSING,,,,,,,,,,INDUSTRY_FALLBACK,0.35,0.0,0.0,0.78,,,,,,,,,,
,,,,,,,,,,COP,2013Q1,14166000000.0,-137.68613325574583,-141.97859266326202,,,,,,-100.0,,,,,,0.0,0.0,,,,,,,,,,,MISSING,0.0,,MISSING,,,,,,MISSING,,,,,,,,,,INDUSTRY_FALLBACK,0.35,0.0,0.0,0.78,,,,,,,,,,
,,,,,,,,,,DVN,2013Q1,1972000000.0,-57.42859776832165,-54.61203064605381,12.224495926644096,19.096411573162136,34.8346119449084,,0.2461467678858983,-54.61203064605381,12.224495926644096,19.096411573162136,34.8346119449084,,0.2461467678858983,0.0,0.0,0.0,0.0,0.0,,0.0,,,,,,MISSING,0.0,,MISSING,,,,,,MISSING,,,,,,,,,,INDUSTRY_FALLBACK,0.35,0.0,0.0,0.4586881580433052,,,,,,,,,,
,,,,,,,,,,EOG,2013Q1,3356514000.0,19.09677594764273,2.36668279516433,12.273519692936956,13.30222859479981,23.040098817632853,691.482654894813,,2.36668279516433,12.273519692936956,13.30222859479981,23.040098817632853,50.0,,0.0,0.0,0.0,0.0,0.0,0.0,,,,,,,MISSING,0.0,,MISSING,,,,,,MISSING,,,,,,,,,,INDUSTRY_FALLBACK,0.35,0.0,0.0,0.39,,,,,,,,0.0,0.0,0.0
,,,,,,,,,,FANG,2013Q1,,,,,,,,,,,,,,,0.0,0.0,,,,,,,,,,,MISSING,0.0,,MISSING,,,,,,MISSING,,,,,,,,,,INDUSTRY_FALLBACK,0.35,0.0,0.0,0.5847966214714382,,,,,,,,,,
,,,,,,,,,,COP,2013Q2,13350000000.0,-4.668343435487088,-137.68613325574583,-32.42013953160811,-23.13174481278126,,-695.0950962331503,,-100.0,-32.42013953160811,-23.13174481278126,,-50.0,,0.0,0.0,-0.0,-0.0,,-0.0,,,,,,,MISSING,0.0,,MISSING,,,,,,MISSING,,,,,,,,,,INDUSTRY_FALLBACK,0.35,0.0,0.0,0.78,,,,,,,,,,
,,,,,,,,,,DVN,2013Q2,3091000000.0,21.340465185234315,-57.42859776832165,4.214355102062282,12.982362098244318,28.722125260323743,,-0.2227427206760356,-57.42859776832165,4.214355102062282,12.982362098244318,28.722125260323743,,-0.2227427206760356,0.0,0.0,0.0,0.0,0.0,,-0.0,,,,,,MISSING,0.0,,MISSING,,,,,,MISSING,,,,,,,,,,INDUSTRY_FALLBACK,0.35,0.0,0.0,0.4586881580433052,,,,,,,,,,
,,,,,,,,,,EOG,2013Q2,3840185000.0,31.352858489968728,19.09677594764273,,,,,,19.09677594764273,,,,,,0.0,0.0,,,,,,,,,,,MISSING,0.0,,MISSING,,,,,,MISSING,,,,,,,,,,INDUSTRY_FALLBACK,0.35,0.0,0.0,0.39,,,,,,,,0.0,0.0,0.0
,,,,,,,,,,FANG,2013Q2,,,,,,,,,,,,,,,0.0,0.0,,,,,,,,,,,MISSING,0.0,,MISSING,,,,,,MISSING,,,,,,,,,,INDUSTRY_FALLBACK,0.35,0.0,0.0,0.5847966214714382,,,,,,,,,,
,,,,,,,,,,COP,2013Q3,13643000000.0,-6.230043981591291,-4.668343435487088,2.5452219342229943,-2.5437691923819714,,-692.270830515018,,-4.668343435487088,2.5452219342229943,-2.5437691923819714,,-50.0,,0.0,0.0,0.0,-0.0,,-0.0,,,,,,,MISSING,0.0,,MISSING,,,,,,MISSING,,,,,,,,,,INDUSTRY_FALLBACK,0.35,0.0,0.0,0.78,,,,,,,,,,
,,,,,,,,,,DVN,2013Q3,2720000000.0,6.101532313025427,21.340465185234315,-6.259228812433191,1.361124854057573,16.89870270537129,,-0.2404886729835024,21.340465185234315,-6.259228812433191,1.361124854057573,16.89870270537129,,-0.2404886729835024,0.0,0.0,-0.0,0.0,0.0,,-0.0,,,,,,MISSING,0.0,,MISSING,,,,,,MISSING,,,,,,,,,,INDUSTRY_FALLBACK,0.35,0.0,0.0,0.4586881580433052,,,,,,,,,,
,,,,,,,,,,EOG,2013Q3,3541396000.0,19.66019665147857,31.352858489968728,12.909874477364005,10.484118490629298,16.44640388842557,1.245427788017388,,31.352858489968728,12.909874477364005,10.484118490629298,16.44640388842557,1.245427788017388,,0.0,0.0,0.0,0.0,0.0,0.0,,,,,,,MISSING,0.0,,MISSING,,,,,,MISSING,,,,,,,,,,INDUSTRY_FALLBACK,0.35,0.0,0.0,0.39,,,,,,,,0.0,0.0,0.0
,,,,,,,,,,FANG,2013Q3,,,,,,,,,,,,,,,0.0,0.0,,,,,,,,,,,MISSING,0.0,,MISSING,,,,,,MISSING,,,,,,,,,,INDUSTRY_FALLBACK,0.35,0.0,0.0,0.5847966214714382,,,,,,,,,,
,,,,,,,,,,COP,2013Q4,13254000000.0,-8.812362979302378,-6.230043981591291,3.7354052974323504,-3.431292604198998,,0.8641237429824391,,-6.230043981591291,3.7354052974323504,-3.431292604198998,,0.8641237429824391,,0.0,0.0,0.0,-0.0,,0.0,,,,,,,MISSING,0.0,,MISSING,,,,,,MISSING,,,,,,,,,,INDUSTRY_FALLBACK,0.35,0.0,0.0,0.78,,,,,,,,,,
98.67819672131148,5.179672131147541,8170.666666666667,2039631.0,462.8,,,,,,COP,2014Q1,15415000000.0,8.449633400668272,-8.812362979302378,,,,,,-8.812362979302378,,,,,,0.0,0.0,,,,,,,,,,,MISSING,0.0,,MISSING,,,,,,MISSING,,,,,,,,,,INDUSTRY_FALLBACK,0.35,0.0,0.0,0.78,,,,,,,,,,
98.67819672131148,5.179672131147541,8170.666666666667,2039631.0,462.8,,,,,,DVN,2014Q1,3725000000.0,69.1805798735744,6.101532313025427,-6.226214770573459,2.6123254238613005,-6.083162135881786,,0.0924537731134432,6.101532313025427,-6.226214770573459,2.6123254238613005,-6.083162135881786,,0.0924537731134432,1.0,1.0,-6.226214770573459,2.6123254238613005,-6.083162135881786,,0.0924537731134432,,,,,,MISSING,1.0,,MISSING,,,,,,MISSING,,,,,,,,,,INDUSTRY_FALLBACK,0.35,0.0,0.0,0.4586881580433052,,,,,,,,,,
98.67819672131148,5.179672131147541,8170.666666666667,2039631.0,462.8,,,,,,EOG,2014Q1,4083671000.0,32.35467585010492,19.66019665147857,14.805256605539382,12.06490553830276,16.423873553293895,1.3388246763526583,,19.66019665147857,14.805256605539382,12.06490553830276,16.423873553293895,1.3388246763526583,,0.0,0.0,0.0,0.0,0.0,0.0,,,,,,,MISSING,0.0,,MISSING,,,,,,MISSING,,,,,,,,,,INDUSTRY_FALLBACK,0.35,0.0,0.0,0.39,,,,,,,,0.0,0.0,0.0
98.67819672131148,5.179672131147541,8170.666666666667,2039631.0,462.8,,,,,,FANG,2014Q1,,,,,,,,,,,,,,,1.0,1.0,,,,,,,,,,,MISSING,1.0,,MISSING,,,,,,MISSING,,,,,,,,,,INDUSTRY_FALLBACK,0.35,0.0,0.0,0.5847966214714382,,,,,,,,,,
103.3468253968254,4.60578125,8630.0,2135617.0,485.2,,,,,,COP,2014Q2,13821000000.0,3.467278977563099,8.449633400668272,1.8881576900579284,8.651412567409936,,0.4655474685417376,,8.449633400668272,1.8881576900579284,8.651412567409936,,0.4655474685417376,,0.0,0.0,0.0,0.0,,0.0,,,,,,,MISSING,0.0,,MISSING,,,,,,MISSING,,,,,,,,,,INDUSTRY_FALLBACK,0.35,0.0,0.0,0.78,,,,,,,,,,
103.3468253968254,4.60578125,8630.0,2135617.0,485.2,,,,,,DVN,2014Q2,4510000000.0,82.72488973341432,69.1805798735744,19.198431410411995,32.121609914613444,32.81586495458415,,7.836752680801058,69.1805798735744,19.198431410411995,32.121609914613444,32.81586495458415,,7.836752680801058,0.0,1.0,19.198431410411995,32.121609914613444,32.81586495458415,,7.836752680801058,,,,,,MISSING,1.0,,MISSING,,,,,,MISSING,,,,,,,,,,INDUSTRY_FALLBACK,0.35,0.0,0.0,0.4586881580433052,,,,,,,,,,
103.3468253968254,4.60578125,8630.0,2135617.0,485.2,,,,,,EOG,2014Q2,4187556000.0,22.12143347966528,32.35467585010492,13.677720388277258,13.0875820756428,-6.593433707112991,70.50119780520738,,32.35467585010492,13.677720388277258,13.0875820756428,-6.593433707112991,50.0,,0.0,0.0,0.0,0.0,-0.0,0.0,,,,,,,MISSING,0.0,,MISSING,,,,,,MISSING,,,,,,,,,,INDUSTRY_FALLBACK,0.35,0.0,0.0,0.39,,,,,,,,0.0,0.0,0.0
103.3468253968254,4.60578125,8630.0,2135617.0,485.2,,,,,,FANG,2014Q2,,,,183.9499483798772,188.8744281692398,,,,,50.0,50.0,,,,0.0,1.0,50.0,50.0,,,,,,,,,MISSING,1.0,,MISSING,,,,,,MISSING,,,,,,,,,,INDUSTRY_FALLBACK,0.35,0.0,0.0,0.5847966214714382,,,,,,,,,,
97.97603174603174,3.96375,8942.333333333334,2216386.6666666665,456.6,,,,,,COP,2014Q3,12080000000.0,-12.16753770740682,3.467278977563099,3.9410787772939777,8.269125865972494,,0.5096874970194305,,3.467278977563099,3.9410787772939777,8.269125865972494,,0.5096874970194305,,0.0,0.0,0.0,0.0,,0.0,,,,,,,MISSING,0.0,,MISSING,,,,,,MISSING,,,,,,,,,,INDUSTRY_FALLBACK,0.35,0.0,0.0,0.78,,,,,,,,,,
97.97603174603174,3.96375,8942.333333333334,2216386.6666666665,456.6,,,,,,DVN,2014Q3,5336000000.0,54.59816454633432,82.72488973341432,20.641061488778067,33.82089258252328,40.10556521447487,,-1.4157111721785274,82.72488973341432,20.641061488778067,33.82089258252328,40.10556521447487,,-1.4157111721785274,0.0,1.0,20.641061488778067,33.82089258252328,40.10556521447487,,-1.4157111721785274,,,,,,MISSING,1.0,,MISSING,,,,,,MISSING,,,,,,,,,,INDUSTRY_FALLBACK,0.35,0.0,0.0,0.4586881580433052,,,,,,,,,,
97.97603174603174,3.96375,8942.333333333334,2216386.6666666665,456.6,,,,,,EOG,2014Q3,5118616000.0,28.736354748791705,22.12143347966528,16.51526883212308,16.369404232774404,-0.0477262466828824,-620.6505005042393,,22.12143347966528,16.51526883212308,16.369404232774404,-0.0477262466828824,-50.0,,0.0,0.0,0.0,0.0,-0.0,-0.0,,,,,,,MISSING,0.0,,MISSING,,,,,,MISSING,,,,,,,,,,INDUSTRY_FALLBACK,0.35,0.0,0.0,0.39,,,,,,,,0.0,0.0,0.0
97.97603174603174,3.96375,8942.333333333334,2216386.6666666665,456.6,,,,,,FANG,2014Q3,,,,114.97180965482148,114.20143827017132,,31.49303430691786,,,50.0,50.0,,31.49303430691786,,1.0,1.0,50.0,50.0,,31.49303430691786,,,,,,,MISSING,1.0,,MISSING,,,,,,MISSING,,,,,,,,,,INDUSTRY_FALLBACK,0.35,0.0,0.0,0.5847966214714382,,,,,,,,,,
72.64129032258064,3.77984375,9367.666666666666,2238234.0,378.4,,,,,,COP,2014Q4,11208000000.0,-16.76715846313293,-12.16753770740682,-0.6483900979625088,6.347122794297966,,0.5815457925809469,,-12.16753770740682,-0.6483900979625088,6.347122794297966,,0.5815457925809469,,0.0,0.0,-0.0,0.0,,0.0,,,,,,,MISSING,0.0,,MISSING,,,,,,MISSING,,,,,,,,,,INDUSTRY_FALLBACK,0.35,0.0,0.0,0.78,,,,,,,,,,
72.64129032258064,3.77984375,9367.666666666666,2238234.0,378.4,,,,,,DVN,2014Q4,,,54.59816454633432,23.92844474206836,26.71097897153486,24.46305015120185,0.98766234959121,-0.1917245426978382,54.59816454633432,23.92844474206836,26.71097897153486,24.46305015120185,0.98766234959121,-0.1917245426978382,0.0,1.0,23.92844474206836,26.71097897153486,24.46305015120185,0.98766234959121,-0.1917245426978382,,,,,,MISSING,1.0,,MISSING,,,,,,MISSING,,,,,,,,,,INDUSTRY_FALLBACK,0.35,0.0,0.0,0.4586881580433052,,,,,,,,,,
72.64129032258064,3.77984375,9367.666666666666,2238234.0,378.4,,,,,,EOG,2014Q4,,,28.736354748791705,17.103220676975457,17.279612657595894,-0.0504342214157771,70.04386181568289,,28.736354748791705,17.103220676975457,17.279612657595894,-0.0504342214157771,50.0,,0.0,0.0,0.0,0.0,-0.0,0.0,,,,,,,MISSING,0.0,,MISSING,,,,,,MISSING,,,,,,,,,,INDUSTRY_FALLBACK,0.35,0.0,0.0,0.39,,,,,,,,0.0,0.0,0.0
72.64129032258064,3.77984375,9367.666666666666,2238234.0,378.4,,,,,,FANG,2014Q4,,,,126.1779924179776,134.94627573827822,,33.62692763661235,,,50.0,50.0,,33.62692763661235,,0.0,1.0,50.0,50.0,,33.62692763661235,,,,,,,MISSING,1.0,,MISSING,,,,,,MISSING,,,,,,,,,,INDUSTRY_FALLBACK,0.35,0.0,0.0,0.5847966214714382,,,,,,,,,,
48.48524590163935,2.8981967213114754,9480.666666666666,2213891.333333333,257.4,-71.06044740413388,-58.06530357782865,,,,COP,2015Q1,7716000000.0,-69.2044966294631,-16.76715846313293,,,,,,-16.76715846313293,,,,,,0.0,0.0,,,,,,,,,,,MISSING,0.0,,MISSING,,,,,,MISSING,,,,,,,,,,INDUSTRY_FALLBACK,0.35,0.0,0.0,0.78,-69.6309815832403,,,,,,,,,
48.48524590163935,2.8981967213114754,9480.666666666666,2213891.333333333,257.4,-71.06044740413388,-58.06530357782865,,,,DVN,2015Q1,3265000000.0,18.26278824204885,,,,,,,,,,,,,0.0,1.0,,,,,,,,,,,MISSING,1.0,,MISSING,,,,,,MISSING,,,,,,,,,,INDUSTRY_FALLBACK,0.35,0.0,0.0,0.4586881580433052,-67.54323478357915,,,,,,,,,
48.48524590163935,2.8981967213114754,9480.666666666666,2213891.333333333,257.4,-71.06044740413388,-58.06530357782865,,,,EOG,2015Q1,2318538000.0,-42.358418507019934,,,,,,,,,,,,,0.0,0.0,,,,,,,,,,,MISSING,0.0,,MISSING,,,,,,MISSING,,,,,,,,,,INDUSTRY_FALLBACK,0.35,0.0,0.0,0.39,-67.09692853711078,,,,,,,0.0,0.0,0.0
48.48524590163935,2.8981967213114754,9480.666666666666,2213891.333333333,257.4,-71.06044740413388,-58.06530357782865,,,,FANG,2015Q1,,,,,,,,,,,,,,,0.0,1.0,,,,,,,,,,,MISSING,1.0,,MISSING,,,,,,MISSING,,,,,,,,,,INDUSTRY_FALLBACK,0.35,0.0,0.0,0.5847966214714382,-68.36263359356063,,,,,,,,,
57.85460317460318,2.7465079365079363,9489.333333333334,2257511.333333333,270.4,-58.01575473039713,-51.69820443924535,14.870413239232365,8.198284233797882,-58.666370015749536,COP,2015Q2,8293000000.0,-51.07773891528229,-69.2044966294631,-8.683794331678248,0.2630781644796485,,0.4704020655900728,,-69.2044966294631,-8.683794331678248,0.2630781644796485,,0.4704020655900728,,0.0,0.0,-0.0,0.0,,0.0,,,,,,,MISSING,0.0,,MISSING,,,,,,MISSING,,,,,,,,,12.868774537602018,INDUSTRY_FALLBACK,0.35,0.0,0.0,0.78,-57.32082419837043,-44.45204966076841,-35.88683728713876,,,,,,,
57.85460317460318,2.7465079365079363,9489.333333333334,2257511.333333333,270.4,-58.01575473039713,-51.69820443924535,14.870413239232365,8.198284233797882,-58.666370015749536,DVN,2015Q2,3393000000.0,-9.335236602942974,18.26278824204885,10.442485797167173,11.771150745636016,25.831461690983065,0.7416597655049619,-3.898581797438974,18.26278824204885,10.442485797167173,11.771150745636016,25.831461690983065,0.7416597655049619,-3.898581797438974,0.0,0.0,0.0,0.0,0.0,0.0,-0.0,,,,,,MISSING,0.0,,MISSING,,,,,,MISSING,,,,,,,,,12.868774537602018,INDUSTRY_FALLBACK,0.35,0.0,0.0,0.4586881580433052,-56.30587233801842,-43.4370978004164,-35.23280611312172,,,,,,,
57.85460317460318,2.7465079365079363,9489.333333333334,2257511.333333333,270.4,-58.01575473039713,-51.69820443924535,14.870413239232365,8.198284233797882,-58.666370015749536,EOG,2015Q2,2469701000.0,-50.28992481003813,-42.358418507019934,14.04278275172872,14.931737588257173,7.925914293364126,70.06172412649441,,-42.358418507019934,14.04278275172872,14.931737588257173,7.925914293364126,50.0,,0.0,0.0,0.0,0.0,0.0,0.0,,,,,,,MISSING,0.0,,MISSING,,,,,,MISSING,,,,,,,,,12.868774537602018,INDUSTRY_FALLBACK,0.35,0.0,0.0,0.39,-56.08890189159584,-43.22012735399382,-35.09212788350684,,,,,0.0,0.0,0.0
57.85460317460318,2.7465079365079363,9489.333333333334,2257511.333333333,270.4,-58.01575473039713,-51.69820443924535,14.870413239232365,8.198284233797882,-58.666370015749536,FANG,2015Q2,,,,74.65070217580757,73.0437587482317,30.66076834819836,27.417214982618628,,,50.0,50.0,30.66076834819836,27.417214982618628,,0.0,1.0,50.0,50.0,30.66076834819836,27.417214982618628,,,,,,,MISSING,1.0,,MISSING,,,,,,MISSING,,,,,,,,,12.868774537602018,INDUSTRY_FALLBACK,0.35,0.0,0.0,0.5847966214714382,-56.70422061794197,-43.83544608033995,-35.49029193027812,,,,,,,
46.48609375,2.759090909090909,9435.666666666666,2281420.333333333,236.1,-74.5569666010961,-36.22893021632834,9.492385567357855,5.550742869469588,-58.46588329010862,COP,2015Q3,7262000000.0,-50.889591951452495,-51.07773891528229,-8.260597183543144,-1.3844331364741749,,0.4011982372076013,,-51.07773891528229,-8.260597183543144,-1.3844331364741749,,0.4011982372076013,,0.0,0.0,-0.0,-0.0,,0.0,,,,,,,MISSING,0.0,,MISSING,,,,,,MISSING,,,,,,,,,8.309892757991374,INDUSTRY_FALLBACK,0.35,0.0,0.0,0.78,-70.34088259877163,-62.03098984078025,-46.22222447013993,,,,,,,
46.48609375,2.759090909090909,9435.666666666666,2281420.333333333,236.1,-74.5569666010961,-36.22893021632834,9.492385567357855,5.550742869469588,-58.46588329010862,DVN,2015Q3,3601000000.0,-22.50855688478488,-9.335236602942974,-26.1932253183004,-29.654684740998068,-3.149866705937105,0.2466092495193468,0.0463146751356358,-9.335236602942974,-26.1932253183004,-29.654684740998068,-3.149866705937105,0.2466092495193468,0.0463146751356358,0.0,0.0,-0.0,-0.0,-0.0,0.0,0.0,,,,,,MISSING,0.0,,MISSING,,,,,,MISSING,,,,,,,,,8.309892757991374,INDUSTRY_FALLBACK,0.35,0.0,0.0,0.4586881580433052,-64.18325661408517,-55.87336385609379,-42.806712080989584,,,,,,,
46.48609375,2.759090909090909,9435.666666666666,2281420.333333333,236.1,-74.5569666010961,-36.22893021632834,9.492385567357855,5.550742869469588,-58.46588329010862,EOG,2015Q3,2172428000.0,-65.62718341298789,-50.28992481003813,5.280432558119709,10.459066373803426,7.988950009748436,0.5931352895719496,,-50.28992481003813,5.280432558119709,10.459066373803426,7.988950009748436,0.5931352895719496,,0.0,0.0,0.0,0.0,0.0,0.0,,,,,,,MISSING,0.0,,MISSING,,,,,,MISSING,,,,,,,,,8.309892757991374,INDUSTRY_FALLBACK,0.35,0.0,0.0,0.39,-62.866915503741936,-54.55702274575056,-42.048876411344935,,,,,0.0,0.0,0.0
46.48609375,2.759090909090909,9435.666666666666,2281420.333333333,236.1,-74.5569666010961,-36.22893021632834,9.492385567357855,5.550742869469588,-58.46588329010862,FANG,2015Q3,,,,49.31042110610363,47.43138187450041,20.14447492201278,23.807063648103107,,,49.31042110610363,47.43138187450041,20.14447492201278,23.807063648103107,,0.0,1.0,49.31042110610363,47.43138187450041,20.14447492201278,23.807063648103107,,,,,,,MISSING,1.0,,MISSING,,,,,,MISSING,,,,,,,,,8.309892757991374,INDUSTRY_FALLBACK,0.35,0.0,0.0,0.5847966214714382,-66.60000150143549,-58.29010874344411,-44.17235936885727,,,,,,,
41.86000000000001,2.118484848484848,9330.666666666666,2268997.0,202.3,-55.120278036880485,-57.89815337408919,5.370028083314914,2.891995999624644,-65.9552290004228,COP,2015Q4,6293000000.0,-57.71899044899094,-50.889591951452495,-11.60479928763282,-5.369198564428632,,0.3137451628403478,,-50.889591951452495,-11.60479928763282,-5.369198564428632,,0.3137451628403478,,0.0,0.0,-0.0,-0.0,,0.0,,,,,,,MISSING,0.0,,MISSING,,,,,,MISSING,,,,,,,,,4.626618458207832,INDUSTRY_FALLBACK,0.35,0.0,0.0,0.78,-55.42584432397344,-50.799225865765614,-39.82975702714224,,,,,,,
41.86000000000001,2.118484848484848,9330.666666666666,2268997.0,202.3,-55.120278036880485,-57.89815337408919,5.370028083314914,2.891995999624644,-65.9552290004228,DVN,2015Q4,,,-22.50855688478488,-39.74468658828537,-48.52274421059386,-4.124295853404913,0.0,-1.413584199379402,-22.50855688478488,-39.74468658828537,-48.52274421059386,-4.124295853404913,0.0,-1.413584199379402,0.0,0.0,-0.0,-0.0,-0.0,0.0,-0.0,,,,,,MISSING,0.0,,MISSING,,,,,,MISSING,,,,,,,,,4.626618458207832,INDUSTRY_FALLBACK,0.35,0.0,0.0,0.4586881580433052,-55.87212644463574,-51.24550798642791,-40.09768775532853,,,,,,,
41.86000000000001,2.118484848484848,9330.666666666666,2268997.0,202.3,-55.120278036880485,-57.89815337408919,5.370028083314914,2.891995999624644,-65.9552290004228,EOG,2015Q4,,,-65.62718341298789,-19.9577575947752,-14.969925283470356,7.987179196127557,691.2936100087825,,-65.62718341298789,-19.9577575947752,-14.969925283470356,7.987179196127557,50.0,,0.0,0.0,-0.0,-0.0,0.0,0.0,,,,,,,MISSING,0.0,,MISSING,,,,,,MISSING,,,,,,,,,4.626618458207832,INDUSTRY_FALLBACK,0.35,0.0,0.0,0.39,-55.96753001472914,-51.34091155652131,-40.154809447379094,,,,,0.0,0.0,0.0
41.86000000000001,2.118484848484848,9330.666666666666,2268997.0,202.3,-55.120278036880485,-57.89815337408919,5.370028083314914,2.891995999624644,-65.9552290004228,FANG,2015Q4,,,,37.92252198767592,36.2265520458872,-1.42134372500555,25.079787560184165,,,37.92252198767592,36.2265520458872,-1.42134372500555,25.079787560184165,,0.0,0.0,0.0,0.0,-0.0,0.0,,,,,,,MISSING,0.0,,MISSING,,,,,,MISSING,,,,,,,,,4.626618458207832,INDUSTRY_FALLBACK,0.35,0.0,0.0,0.5847966214714382,-55.696969649450594,-51.07035119124277,-39.99267284142887,,,,,,,
33.41274193548387,1.9915384615384613,9128.333333333334,2243432.0,159.7,-37.23222211428326,-37.51812870427111,-0.3957577141539053,1.365072156375939,-62.62000930040234,COP,2016Q1,5121000000.0,-40.99463625630693,-57.71899044899094,,,,,,-57.71899044899094,,,,,,0.0,0.0,,,,,,,,,,,MISSING,0.0,,MISSING,,,,,,MISSING,,,,,,,,,0.1324912470050479,INDUSTRY_FALLBACK,0.35,0.0,0.0,0.78,-37.26367183918192,-37.13118059217688,-31.017118468790795,,,,,,,
33.41274193548387,1.9915384615384613,9128.333333333334,2243432.0,159.7,-37.23222211428326,-37.51812870427111,-0.3957577141539053,1.365072156375939,-62.62000930040234,DVN,2016Q1,2126000000.0,-92.02340286935664,,,,,,,,,,,,,0.0,0.0,,,,,,,,,,,MISSING,0.0,,MISSING,,,,,,MISSING,,,,,,,,,0.1324912470050479,INDUSTRY_FALLBACK,0.35,0.0,0.0,0.4586881580433052,-37.3096044257102,-37.17711317870515,-31.048796814641044,,,,,,,
33.41274193548387,1.9915384615384613,9128.333333333334,2243432.0,159.7,-37.23222211428326,-37.51812870427111,-0.3957577141539053,1.365072156375939,-62.62000930040234,EOG,2016Q1,1354349000.0,-132.9563193932795,,,,,,,,,,,,,0.0,0.0,,,,,,,,,,,MISSING,0.0,,MISSING,,,,,,MISSING,,,,,,,,,0.13249124700504794,INDUSTRY_FALLBACK,0.35,0.0,0.0,0.39,-37.31942362422956,-37.18693237722451,-31.05556693777194,,,,,0.0,0.0,0.0
33.41274193548387,1.9915384615384613,9128.333333333334,2243432.0,159.7,-37.23222211428326,-37.51812870427111,-0.3957577141539053,1.365072156375939,-62.62000930040234,FANG,2016Q1,,,,,,,,,,,,,,,0.0,0.0,,,,,,,,,,,MISSING,0.0,,MISSING,,,,,,MISSING,,,,,,,,,0.1324912470050479,INDUSTRY_FALLBACK,0.35,0.0,0.0,0.5847966214714382,-37.29157680533653,-37.15908555833148,-31.03636543298023,,,,,,,
45.460625,2.1458461538461537,8799.333333333334,2211735.0,195.5,-24.10864546600925,-24.679631156521104,-3.78715077148198,1.3255084710753535,-47.73342399410596,COP,2016Q2,5348000000.0,-43.86891262293699,-40.99463625630693,-9.735330443879636,-11.737891360602598,,0.3030563834396103,,-40.99463625630693,-9.735330443879636,-11.737891360602598,,0.3030563834396103,,0.0,0.0,-0.0,-0.0,,0.0,,,,,,,MISSING,0.0,,MISSING,,,,,,MISSING,,,,,,,,,-2.25335299871478,INDUSTRY_FALLBACK,0.35,0.0,0.0,0.78,-24.17145389196555,-26.42480689068033,-23.221694707183627,,,,,,,
45.460625,2.1458461538461537,8799.333333333334,2211735.0,195.5,-24.10864546600925,-24.679631156521104,-3.78715077148198,1.3255084710753535,-47.73342399410596,DVN,2016Q2,2488000000.0,-27.17805878514613,-92.02340286935664,-57.3964188573696,-60.19269436313904,18.246916916413923,15.23941362524815,-4.704375418473989,-92.02340286935664,-50.0,-50.0,18.246916916413923,15.23941362524815,-4.704375418473989,0.0,0.0,-0.0,-0.0,0.0,0.0,-0.0,,,,,,MISSING,0.0,,MISSING,,,,,,MISSING,,,,,,,,,-2.25335299871478,INDUSTRY_FALLBACK,0.35,0.0,0.0,0.4586881580433052,-24.263186123940194,-26.516539122654976,-23.292092866463086,,,,,,,
45.460625,2.1458461538461537,8799.333333333334,2211735.0,195.5,-24.10864546600925,-24.679631156521104,-3.78715077148198,1.3255084710753535,-47.73342399410596,EOG,2016Q2,1775740000.0,-26.67195771657496,-132.9563193932795,-26.99560943086413,-20.499922683156697,16.740979781344134,0.5007808217235111,,-100.0,-26.99560943086413,-20.499922683156697,16.740979781344134,0.5007808217235111,,0.0,0.0,-0.0,-0.0,0.0,0.0,,,,,,,MISSING,0.0,,MISSING,,,,,,MISSING,,,,,,,,,-2.25335299871478,INDUSTRY_FALLBACK,0.35,0.0,0.0,0.39,-24.282796101615368,-26.53614910033015,-23.307133795117487,,,,,0.0,0.0,0.0
45.460625,2.1458461538461537,8799.333333333334,2211735.0,195.5,-24.10864546600925,-24.679631156521104,-3.78715077148198,1.3255084710753535,-47.73342399410596,FANG,2016Q2,,,,4.248186369533199,-0.71511242236594,-19.46528690876542,25.295299741608066,,,4.248186369533199,-0.71511242236594,-19.46528690876542,25.295299741608066,,0.0,0.0,0.0,-0.0,-0.0,0.0,,,,,,,MISSING,0.0,,MISSING,,,,,,MISSING,,,,,,,,,-2.25335299871478,INDUSTRY_FALLBACK,0.35,0.0,0.0,0.5847966214714382,-24.227183059905244,-26.480536058620025,-23.26447069742269,,,,,,,
44.84476923076923,2.880151515151516,8637.0,2214797.333333333,212.6,-3.594625509969576,4.294165748450005,-7.549239973026181,-2.048575120072226,-32.43419647433885,COP,2016Q3,6415000000.0,-12.401627492454423,-43.86891262293699,-15.3615123326637,-15.533213934725609,,0.3110322316885363,,-43.86891262293699,-15.3615123326637,-15.533213934725609,,0.3110322316885363,,0.0,0.0,-0.0,-0.0,,0.0,,,,,,,MISSING,0.0,,MISSING,,,,,,MISSING,,,,,,,,,-5.899040517139994,INDUSTRY_FALLBACK,0.35,0.0,0.0,0.78,-2.7268584715434225,-8.625898988683417,-8.264338563444307,,,,,,,
44.84476923076923,2.880151515151516,8637.0,2214797.333333333,212.6,-3.594625509969576,4.294165748450005,-7.549239973026181,-2.048575120072226,-32.43419647433885,DVN,2016Q3,4233000000.0,22.11964757366936,-27.17805878514613,-50.94004418875658,-62.628660782976,18.198172622049707,24.36220826577505,0.0,-27.17805878514613,-50.0,-50.0,18.198172622049707,24.36220826577505,0.0,0.0,0.0,-0.0,-0.0,0.0,0.0,0.0,,,,,,MISSING,0.0,,MISSING,,,,,,MISSING,,,,,,,,,-5.899040517139994,INDUSTRY_FALLBACK,0.35,0.0,0.0,0.4586881580433052,-1.4594774465160882,-7.358517963656082,-7.094299431708406,,,,,,,
44.84476923076923,2.880151515151516,8637.0,2214797.333333333,212.6,-3.594625509969576,4.294165748450005,-7.549239973026181,-2.048575120072226,-32.43419647433885,EOG,2016Q3,2118504000.0,-15.338691146975869,-26.67195771657496,-29.496476394231085,-24.717087135091443,8.763505276891516,0.4278921474879117,,-26.67195771657496,-29.496476394231085,-24.717087135091443,8.763505276891516,0.4278921474879117,,0.0,0.0,-0.0,-0.0,0.0,0.0,,552.1,1184.0,552.1,,0.4663006756756757,REJECT_OIL_RATIO,0.0,,PENDING_INITIAL_REGIME,,,552.1,2016Q3,,PENDING_INITIAL_REGIME,,,,,,,,,-5.899040517139994,INDUSTRY_FALLBACK,0.35,0.0,0.0,0.39,-1.1885441761516045,-7.087584693291599,-6.842245684256188,,,,,0.0,0.0,0.0
44.84476923076923,2.880151515151516,8637.0,2214797.333333333,212.6,-3.594625509969576,4.294165748450005,-7.549239973026181,-2.048575120072226,-32.43419647433885,FANG,2016Q3,,,,-8.504463700784266,-12.390733397172903,-21.25475436305048,20.567509464830845,,,-8.504463700784266,-12.390733397172903,-21.25475436305048,20.567509464830845,,0.0,0.0,-0.0,-0.0,-0.0,0.0,,,,,,,MISSING,0.0,,MISSING,,,,,,MISSING,,,,,,,,,-5.899040517139994,INDUSTRY_FALLBACK,0.35,0.0,0.0,0.5847966214714382,-1.9568991184683784,-7.855939635608372,-7.555285049124305,,,,,,,
49.13555555555556,3.040769230769231,8845.666666666666,2194073.333333333,231.4,16.02522014499366,36.14093807896441,-8.844153492033119,-2.963730028339575,-10.484297818361972,COP,2016Q4,6809000000.0,7.88073619560331,-12.401627492454423,-11.664634227373467,-15.281736330101566,,0.3083497145497076,,-12.401627492454423,-11.664634227373467,-15.281736330101566,,0.3083497145497076,,0.0,0.0,-0.0,-0.0,,0.0,,,,,,,MISSING,0.0,,MISSING,,,,,,MISSING,,,,,,,,,-7.080026452925056,INDUSTRY_FALLBACK,0.35,0.0,0.0,0.78,18.23794911773044,11.157922664805383,11.804231924206077,,,,,,,
49.13555555555556,3.040769230769231,8845.666666666666,2194073.333333333,231.4,16.02522014499366,36.14093807896441,-8.844153492033119,-2.963730028339575,-10.484297818361972,DVN,2016Q4,1457000000.0,-90.48320574536704,22.11964757366936,-41.5028994407038,-54.280312885424976,-3.315912177468599,24.93968821516343,-0.7194244604316548,22.11964757366936,-41.5028994407038,-50.0,-3.315912177468599,24.93968821516343,-0.7194244604316548,0.0,0.0,-0.0,-0.0,-0.0,0.0,-0.0,,244.0,,244.0,,OK,0.0,,MISSING,,,,,,MISSING,,,,,,,,,-7.080026452925056,INDUSTRY_FALLBACK,0.35,0.0,0.0,0.4586881580433052,21.46965830855317,14.389631855628116,15.476437468040992,,,,,,,
49.13555555555556,3.040769230769231,8845.666666666666,2194073.333333333,231.4,16.02522014499366,36.14093807896441,-8.844153492033119,-2.963730028339575,-10.484297818361972,EOG,2016Q4,,,-15.338691146975869,-28.211585891698647,-28.04577208515579,8.764066060754157,0.4269484837209733,,-15.338691146975869,-28.211585891698647,-28.04577208515579,8.764066060754157,0.4269484837209733,,0.0,0.0,-0.0,-0.0,0.0,0.0,,560.0,1175.0,560.0,,0.4765957446808511,REJECT_OIL_RATIO,0.0,560.0,INITIAL_REGIME_CONFIRMED,,,,,,INITIAL_REGIME_CONFIRMED,,,,,,,,,-7.080026452925056,INDUSTRY_FALLBACK,0.35,0.0,0.0,0.39,22.16051411485474,15.080487661929686,16.276975238017254,,,,,0.0,0.0,0.0
49.13555555555556,3.040769230769231,8845.666666666666,2194073.333333333,231.4,16.02522014499366,36.14093807896441,-8.844153492033119,-2.963730028339575,-10.484297818361972,FANG,2016Q4,,,,10.588190640218563,9.003355319468616,-36.624506455013616,22.74449476886864,,,10.588190640218563,9.003355319468616,-36.624506455013616,22.74449476886864,,0.0,0.0,0.0,0.0,-0.0,0.0,,,,,,,MISSING,0.0,,MISSING,,,,,,MISSING,,,,,,,,,-7.080026452925056,INDUSTRY_FALLBACK,0.35,0.0,0.0,0.5847966214714382,20.201277168849774,13.121250715924722,14.021005836872312,,,,,,,
51.62129032258064,3.015230769230769,9046.666666666666,2153014.6666666665,255.0,43.4996868234753,41.4768931323222,-5.337876947587585,-3.3578097842985626,13.439607058587637,COP,2017Q1,7518000000.0,38.39504126615731,7.88073619560331,,,,,,7.88073619560331,,,,,,0.0,0.0,,,,,,,,,,,MISSING,0.0,,MISSING,,,,,,MISSING,,,,,,,,,-4.743856798600878,INDUSTRY_FALLBACK,0.35,0.0,0.0,0.78,43.27717951744846,38.53332271884758,47.01041184919368,,,,,,,
51.62129032258064,3.015230769230769,9046.666666666666,2153014.6666666665,255.0,43.4996868234753,41.4768931323222,-5.337876947587585,-3.3578097842985626,13.439607058587637,DVN,2017Q1,3547000000.0,51.18598958717286,-90.48320574536704,,,,,,-90.48320574536704,,,,,,0.0,0.0,,,,,,,261.0,,261.0,,OK,0.0,,MISSING,,,,,,MISSING,,,,,,,,,-4.743856798600878,INDUSTRY_FALLBACK,0.35,0.0,0.0,0.4586881580433052,42.95220573404707,38.20834893544619,46.53344198508496,,,,,,,
51.62129032258064,3.015230769230769,9046.666666666666,2153014.6666666665,255.0,43.4996868234753,41.4768931323222,-5.337876947587585,-3.3578097842985626,13.439607058587637,EOG,2017Q1,2610565000.0,18.372123693682017,,,,,,,,,,,,,0.0,0.0,,,,,,560.3,1136.5,560.3,,0.4930048394192696,REJECT_OIL_RATIO,0.0,560.3,OK,0.0535570842043942,35.0,,,,OK,,,,1025.0,,,,,-4.743856798600878,INDUSTRY_FALLBACK,0.35,0.0,0.0,0.39,42.88273474767361,38.13887794907273,46.431679109500415,,,,,0.0,0.0,0.0
51.62129032258064,3.015230769230769,9046.666666666666,2153014.6666666665,255.0,43.4996868234753,41.4768931323222,-5.337876947587585,-3.3578097842985626,13.439607058587637,FANG,2017Q1,,,,,,,,,,,,,,,1.0,1.0,,,,,,,,,,,MISSING,1.0,,MISSING,,,,,,MISSING,,,,,,,,,-4.743856798600878,INDUSTRY_FALLBACK,0.35,0.0,0.0,0.5847966214714382,43.07975143615879,38.33589463755791,46.72045833279714,,,,,,,
48.10380952380952,3.076,9135.666666666666,2229228.6666666665,238.9,5.651480737466756,36.00960997315844,-0.8986763828961745,-4.1137805631676345,46.79664899374594,COP,2017Q2,6781000000.0,23.740192446200822,38.39504126615731,-12.647885744336516,-19.255556424316023,,-0.1026594678149824,,38.39504126615731,-12.647885744336516,-19.255556424316023,,-0.1026594678149824,,1.0,1.0,-12.647885744336516,-19.255556424316023,,-0.1026594678149824,,,,,,,MISSING,1.0,,MISSING,,,,,,MISSING,,,,,,,,,-1.8632076369776125,INDUSTRY_FALLBACK,0.35,0.0,0.0,0.78,8.990874953392842,7.127667316415229,7.387829807715174,,,,,,,
48.10380952380952,3.076,9135.666666666666,2229228.6666666665,238.9,5.651480737466756,36.00960997315844,-0.8986763828961745,-4.1137805631676345,46.79664899374594,DVN,2017Q2,3273000000.0,27.42278206421105,51.18598958717286,-9.146243943562048,-15.967706561671015,-16.104881945677523,9.646026618756231,,51.18598958717286,-9.146243943562048,-15.967706561671015,-16.104881945677523,9.646026618756231,,0.0,0.0,-0.0,-0.0,-0.0,0.0,,,,,,,MISSING,0.0,,MISSING,,,,,,MISSING,,,,,,,,,-1.8632076369776125,INDUSTRY_FALLBACK,0.35,0.0,0.0,0.4586881580433052,13.868088164932582,12.004880527954969,12.755188072125389,,,,,,,
48.10380952380952,3.076,9135.666666666666,2229228.6666666665,238.9,5.651480737466756,36.00960997315844,-0.8986763828961745,-4.1137805631676345,46.79664899374594,EOG,2017Q2,2612472000.0,65.69760034525325,18.372123693682017,6.852578225171105,5.338397269628433,8.77008036929134,5.004370462600808,,18.372123693682017,6.852578225171105,5.338397269628433,8.77008036929134,5.004370462600808,,0.0,0.0,0.0,0.0,0.0,0.0,,587.4,1145.0,587.4,,0.5130131004366812,REJECT_OIL_RATIO,0.0,587.4,OK,4.723366419328088,35.0,,,,OK,,,,1025.0,,,,,-1.8632076369776125,INDUSTRY_FALLBACK,0.35,0.0,0.0,0.39,14.910710154352719,13.047502517375106,13.93694839833255,,,,,0.0,0.0,0.0
48.10380952380952,3.076,9135.666666666666,2229228.6666666665,238.9,5.651480737466756,36.00960997315844,-0.8986763828961745,-4.1137805631676345,46.79664899374594,FANG,2017Q2,,,,75.57593878837103,79.42118907797318,70.10768030319373,35.60878074233605,,,50.0,50.0,50.0,35.60878074233605,,0.0,1.0,50.0,50.0,50.0,35.60878074233605,,,,,,,MISSING,1.0,,MISSING,,,,,,MISSING,,,,,,,,,-1.8632076369776125,INDUSTRY_FALLBACK,0.35,0.0,0.0,0.5847966214714382,11.953879649699704,10.09067201272209,10.61734532318026,,,,,,,
48.18177419354839,2.952153846153846,9345.0,2303912.333333333,240.0,7.177386715656228,2.4692119094377185,3.751020551177538,0.7878360852976471,20.048467490634348,COP,2017Q3,6688000000.0,4.167587771480072,23.740192446200822,-20.8150425898018,-30.708342987100465,,690.1258963036115,,23.740192446200822,-20.8150425898018,-30.708342987100465,,50.0,,0.0,1.0,-20.8150425898018,-30.708342987100465,,50.0,,,,,,,MISSING,1.0,,MISSING,,,,,,MISSING,,,,,,,,,2.8620652114135705,INDUSTRY_FALLBACK,0.35,0.0,0.0,0.78,6.659487486972192,9.52155269838576,9.98958868248665,,,,,,,
48.18177419354839,2.952153846153846,9345.0,2303912.333333333,240.0,7.177386715656228,2.4692119094377185,3.751020551177538,0.7878360852976471,20.048467490634348,DVN,2017Q3,3156000000.0,-29.360555855515884,27.42278206421105,-1.5909174199702467,0.0416208348012525,-15.733883772062892,0.9606221805439932,0.0,27.42278206421105,-1.5909174199702467,0.0416208348012525,-15.733883772062892,0.9606221805439932,0.0,0.0,0.0,-0.0,0.0,-0.0,0.0,0.0,,,,,,MISSING,0.0,,MISSING,,,,,,MISSING,,,,,,,,,2.8620652114135705,INDUSTRY_FALLBACK,0.35,0.0,0.0,0.4586881580433052,5.903091327352104,8.765156538765675,9.160770184984267,,,,,,,
48.18177419354839,2.952153846153846,9345.0,2303912.333333333,240.0,7.177386715656228,2.4692119094377185,3.751020551177538,0.7878360852976471,20.048467490634348,EOG,2017Q3,2644844000.0,39.83948469082883,65.69760034525325,10.53161802059488,7.20712620688569,-8.968684056332195,4.946626948911761,,65.69760034525325,10.53161802059488,7.20712620688569,-8.968684056332195,4.946626948911761,,0.0,0.0,0.0,0.0,-0.0,0.0,,591.0,1120.0,591.0,,0.5276785714285714,REJECT_OIL_RATIO,0.0,591.0,OK,0.6109998641578473,35.0,,,,OK,6.808682811609922,,,1046.0,,,,,2.8620652114135705,INDUSTRY_FALLBACK,0.35,0.0,0.0,0.39,5.741393399759583,8.603458611173153,8.984402112038525,,,,,0.0,0.0,0.0
48.18177419354839,2.952153846153846,9345.0,2303912.333333333,240.0,7.177386715656228,2.4692119094377185,3.751020551177538,0.7878360852976471,20.048467490634348,FANG,2017Q3,,,,83.5123205820387,91.4775766390375,86.33640778509756,32.33694023138534,,,50.0,50.0,50.0,32.33694023138534,,0.0,1.0,50.0,50.0,50.0,32.33694023138534,,,,,,,MISSING,1.0,,MISSING,,,,,,MISSING,,,,,,,,,2.8620652114135705,INDUSTRY_FALLBACK,0.35,0.0,0.0,0.5847966214714382,6.199961672533736,9.062026883947308,9.485317644458524,,,,,,,
55.26587301587302,2.9075,9913.333333333334,2427372.0,282.0,11.757267507387814,-4.4816914436374935,7.87861406093776,3.94477903966969,12.12264574341438,COP,2017Q4,8119000000.0,17.59617273794798,4.167587771480072,-23.067844332585448,-27.83768761873995,,688.049456423275,,4.167587771480072,-23.067844332585448,-27.83768761873995,,50.0,,0.0,1.0,-23.067844332585448,-27.83768761873995,,50.0,,,,,,,MISSING,1.0,,MISSING,,,,,,MISSING,,,,,,,,,6.698463554557339,INDUSTRY_FALLBACK,0.35,0.0,0.0,0.78,9.970982022775033,16.669445577332368,18.139324227230723,,,,,,,
55.26587301587302,2.9075,9913.333333333334,2427372.0,282.0,11.757267507387814,-4.4816914436374935,7.87861406093776,3.94477903966969,12.12264574341438,DVN,2017Q4,,,-29.360555855515884,2.744231648390214,5.492944876627801,-5.808898974101127,0.3831422311556088,0.0,-29.360555855515884,2.744231648390214,5.492944876627801,-5.808898974101127,0.3831422311556088,0.0,0.0,0.0,0.0,0.0,-0.0,0.0,0.0,548.0,,548.0,,,MISSING,0.0,,PENDING_INITIAL_REGIME,,,548.0,2017Q4,,PENDING_INITIAL_REGIME,,,,,,,,,6.698463554557339,INDUSTRY_FALLBACK,0.35,0.0,0.0,0.4586881580433052,7.36209711676848,14.06056067132582,15.097062337140477,,,,,,,
55.26587301587302,2.9075,9913.333333333334,2427372.0,282.0,11.757267507387814,-4.4816914436374935,7.87861406093776,3.94477903966969,12.12264574341438,EOG,2017Q4,,,39.83948469082883,10.9002136182958,10.27400509607657,-8.971159626164733,4.893153185636365,,39.83948469082883,10.9002136182958,10.27400509607657,-8.971159626164733,4.893153185636365,,0.0,0.0,0.0,0.0,-0.0,0.0,,608.9,1152.5,608.9,,0.5283297180043384,REJECT_OIL_RATIO,0.0,608.9,OK,2.983803320843009,35.0,,,,OK,8.371726688533347,8.371726688533347,,1137.5,,,,,6.698463554557339,INDUSTRY_FALLBACK,0.35,0.0,0.0,0.39,6.804385027325097,13.502848581882436,14.45693878831582,,,,,0.0,0.0,0.0
55.26587301587302,2.9075,9913.333333333334,2427372.0,282.0,11.757267507387814,-4.4816914436374935,7.87861406093776,3.94477903966969,12.12264574341438,FANG,2017Q4,,,,94.22408383181237,103.79911302036504,93.249962285303,31.36845582156256,,,50.0,50.0,50.0,31.36845582156256,,0.0,1.0,50.0,50.0,50.0,31.36845582156256,,,,,,,MISSING,1.0,,MISSING,,,,,,MISSING,,,,,,,,,6.698463554557339,INDUSTRY_FALLBACK,0.35,0.0,0.0,0.5847966214714382,8.386032197261645,15.084495751818984,16.28163581710482,,,,,,,
62.90573770491803,3.08,10243.333333333334,2404373.0,315.4,19.77031884791748,2.125322936035157,11.395295544249812,10.104940486241258,19.775925617853733,COP,2018Q1,8798000000.0,15.722427778454184,17.59617273794798,,,,,,17.59617273794798,,,,,,0.0,1.0,,,,,,,,,,,MISSING,1.0,,MISSING,,,,,,MISSING,,,,,,,,,11.008189026847246,INDUSTRY_FALLBACK,0.35,0.0,0.0,0.78,17.829369297610423,28.837558324457667,33.42583351026758,,,,,,,
62.90573770491803,3.08,10243.333333333334,2404373.0,315.4,19.77031884791748,2.125322936035157,11.395295544249812,10.104940486241258,19.775925617853733,DVN,2018Q1,3810000000.0,96.12496619255415,,,,,,,,,,,,,0.0,0.0,,,,,,,,,,,MISSING,0.0,,MISSING,,,,,,MISSING,,,,,,,,,11.008189026847246,INDUSTRY_FALLBACK,0.35,0.0,0.0,0.4586881580433052,14.994596228727794,26.00278525557504,29.696620998637613,,,,,,,
62.90573770491803,3.08,10243.333333333334,2404373.0,315.4,19.77031884791748,2.125322936035157,11.395295544249812,10.104940486241258,19.775925617853733,EOG,2018Q1,3681162000.0,55.25182839973461,,,,,,,,,,,,,0.0,0.0,,,,,,615.3,1117.0,615.3,,0.5508504923903312,REJECT_OIL_RATIO,0.0,615.3,OK,1.0455903131916209,35.0,,,,OK,9.36375991752058,9.36375991752058,,1178.0,,,,,11.008189026847246,INDUSTRY_FALLBACK,0.35,0.0,0.0,0.39,14.388595094793374,25.39678412164062,28.913034673735115,,,,,0.0,0.0,0.0
62.90573770491803,3.08,10243.333333333334,2404373.0,315.4,19.77031884791748,2.125322936035157,11.395295544249812,10.104940486241258,19.775925617853733,FANG,2018Q1,,,,,,,,,,,,,,,0.0,1.0,,,,,,,,,,,MISSING,1.0,,MISSING,,,,,,MISSING,,,,,,,,,11.008189026847246,INDUSTRY_FALLBACK,0.35,0.0,0.0,0.5847966214714382,16.10718788954938,27.115376916396627,31.147671955920607,,,,,,,
68.06546875,2.85390625,10522.0,2485881.6666666665,335.0,34.71086436853505,-7.494138176177789,12.423072173567023,11.042013214802232,21.25781293705118,COP,2018Q2,8504000000.0,22.64120573379418,15.722427778454184,-21.82025538866047,-16.85230008122212,,-5.24148968716782,,15.722427778454184,-21.82025538866047,-16.85230008122212,,-5.24148968716782,,0.0,1.0,-21.82025538866047,-16.85230008122212,,-5.24148968716782,,,,,,,MISSING,1.0,,MISSING,,,,,,MISSING,,,,,,,,,12.008754485937583,INDUSTRY_FALLBACK,0.35,0.0,0.0,0.78,30.06831408861664,42.07706857455423,52.31349618004422,,,,,,,
68.06546875,2.85390625,10522.0,2485881.6666666665,335.0,34.71086436853505,-7.494138176177789,12.423072173567023,11.042013214802232,21.25781293705118,DVN,2018Q2,2746000000.0,-25.595686844570544,96.12496619255415,,,,,-5.736782902137233,96.12496619255415,,,,,-5.736782902137233,0.0,0.0,,,,,-0.0,541.0,109.0,541.0,109.0,4.963302752293578,OK,0.0,541.0,INITIAL_REGIME_CONFIRMED,,,,,109.0,INITIAL_REGIME_CONFIRMED,,,,,,,,,12.008754485937583,INDUSTRY_FALLBACK,0.35,0.0,0.0,0.4586881580433052,23.287830534902294,35.296585020839885,42.328253780161496,,,,,,,
68.06546875,2.85390625,10522.0,2485881.6666666665,335.0,34.71086436853505,-7.494138176177789,12.423072173567023,11.042013214802232,21.25781293705118,EOG,2018Q2,4238077000.0,48.4542955625636,55.25182839973461,18.47516556026615,15.252924188851347,-13.935990489665931,4.973733657634773,,55.25182839973461,18.47516556026615,15.252924188851347,-13.935990489665931,4.973733657634773,,0.0,0.0,0.0,0.0,-0.0,0.0,,653.05,1162.0,653.05,,0.5620051635111876,REJECT_OIL_RATIO,0.0,653.05,OK,5.954374227708563,35.0,,,,OK,10.594767725901052,10.594767725901052,,1178.0,,,,,12.008754485937585,INDUSTRY_FALLBACK,0.35,0.0,0.0,0.39,21.838338592397633,33.84709307833522,40.28009700357866,,,,,0.0,0.0,0.0
68.06546875,2.85390625,10522.0,2485881.6666666665,335.0,34.71086436853505,-7.494138176177789,12.423072173567023,11.042013214802232,21.25781293705118,FANG,2018Q2,,,,84.70913540761134,87.72274365870429,122.9283099420749,24.46368376018746,,,50.0,50.0,50.0,24.46368376018746,,0.0,0.0,0.0,0.0,0.0,0.0,,,,,,,MISSING,0.0,,MISSING,,,,,,MISSING,,,,,,,,,12.008754485937583,INDUSTRY_FALLBACK,0.35,0.0,0.0,0.5847966214714382,25.94903454484939,37.95778903078698,46.16674751904864,,,,,,,
69.68730158730159,2.928730158730158,11247.666666666666,2630202.6666666665,368.1,36.90372936893596,-0.7966085123755635,14.1282136758187,10.89717558115252,33.80854774933026,COP,2018Q3,9449000000.0,34.55940400180884,22.64120573379418,-12.358156948852866,-1.1594083841711422,,-696.1273577450206,,22.64120573379418,-12.358156948852866,-1.1594083841711422,,-50.0,,0.0,0.0,-0.0,-0.0,,-0.0,,,,,,,MISSING,0.0,,MISSING,,,,,,MISSING,,,,,,,,,13.158902247418846,INDUSTRY_FALLBACK,0.35,0.0,0.0,0.78,32.7566922019917,45.91559444941054,58.27375027376522,,,,,,,
69.68730158730159,2.928730158730158,11247.666666666666,2630202.6666666665,368.1,36.90372936893596,-0.7966085123755635,14.1282136758187,10.89717558115252,33.80854774933026,DVN,2018Q3,2579000000.0,-23.830526861983568,-25.595686844570544,10.952646443265364,-15.089795242258536,-58.38449206262044,-1.3500687218902576,-5.25992632009824,-25.595686844570544,10.952646443265364,-15.089795242258536,-50.0,-1.3500687218902576,-5.25992632009824,1.0,1.0,10.952646443265364,-15.089795242258536,-50.0,-1.3500687218902576,-5.25992632009824,418.0,,418.0,,,MISSING,1.0,418.0,OK,-25.79378463217252,35.0,,,,OK,,,,,,,,,13.158902247418846,INDUSTRY_FALLBACK,0.35,0.0,0.0,0.2014787430683918,21.85146877307037,35.01037102048921,41.92147280113494,,,,,,,
69.68730158730159,2.928730158730158,11247.666666666666,2630202.6666666665,368.1,36.90372936893596,-0.7966085123755635,14.1282136758187,10.89717558115252,33.80854774933026,EOG,2018Q3,4781624000.0,60.44833382255875,48.4542955625636,9.40399250662735,5.867215221510641,-29.974091258843945,0.3825858745093933,,48.4542955625636,9.40399250662735,5.867215221510641,-29.974091258843945,0.3825858745093933,,0.0,0.0,0.0,0.0,-0.0,0.0,,673.45,1166.0,673.45,,0.577572898799314,REJECT_OIL_RATIO,0.0,673.45,OK,3.076005802129384,35.0,,,,OK,13.059773663872578,13.059773663872578,,1275.0,,,,,13.158902247418846,INDUSTRY_FALLBACK,0.35,0.0,0.0,0.39,25.40512631513595,38.564028562554796,47.05555956762861,,,,,0.0,0.0,0.0
69.68730158730159,2.928730158730158,11247.666666666666,2630202.6666666665,368.1,36.90372936893596,-0.7966085123755635,14.1282136758187,10.89717558115252,33.80854774933026,FANG,2018Q3,,,,34.05921004944098,31.26317905295646,69.08631459168545,5.688406017966199,,,34.05921004944098,31.26317905295646,50.0,5.688406017966199,,0.0,0.0,0.0,0.0,0.0,0.0,,,,,,,MISSING,0.0,,MISSING,,,,,,MISSING,,,,,,,,,13.158902247418846,INDUSTRY_FALLBACK,0.35,0.0,0.0,0.5847966214714382,29.07707553894153,42.23597778636037,52.55572877027414,,,,,,,
59.96557377049181,3.7688524590163937,11783.666666666666,2737634.6666666665,368.0,8.161503351934885,25.94769621851422,18.531925882360472,13.245221044859631,42.77157170429843,COP,2018Q4,9666000000.0,17.44075795425829,34.55940400180884,-5.922633990659971,-4.230158607989124,,-694.9370435921152,,34.55940400180884,-5.922633990659971,-4.230158607989124,,-50.0,,0.0,0.0,-0.0,-0.0,,-0.0,,,,,,,MISSING,0.0,,MISSING,,,,,,MISSING,,,,,,,,,16.945914431110218,INDUSTRY_FALLBACK,0.35,0.0,0.0,0.78,10.117984567258612,27.063898998368828,31.080177238783847,,,,,,,
59.96557377049181,3.7688524590163937,11783.666666666666,2737634.6666666665,368.0,8.161503351934885,25.94769621851422,18.531925882360472,13.245221044859631,42.77157170429843,DVN,2018Q4,,,-23.830526861983568,-28.462863496489057,-16.930475378034373,-60.05788781577718,-6.721897459005086,0.0,-23.830526861983568,-28.462863496489057,-16.930475378034373,-50.0,-6.721897459005086,0.0,0.0,1.0,-28.462863496489057,-16.930475378034373,-50.0,-6.721897459005086,0.0,61.0,,61.0,,,MISSING,1.0,61.0,MNA_JUMP_ACCEPTED,-192.4607568351445,35.0,,,,MNA_JUMP_ACCEPTED,-219.5401422774704,,,,,,,,16.945914431110218,INDUSTRY_FALLBACK,0.35,0.0,0.0,0.4586881580433052,12.975441762937429,29.921356194047647,34.87976445589271,,,,,,,
59.96557377049181,3.7688524590163937,11783.666666666666,2737634.6666666665,368.0,8.161503351934885,25.94769621851422,18.531925882360472,13.245221044859631,42.77157170429843,EOG,2018Q4,,,60.44833382255875,13.930352819760822,8.851932241896456,-20.997335471404146,0.4888465252211031,,60.44833382255875,13.930352819760822,8.851932241896456,-20.997335471404146,0.4888465252211031,,0.0,0.0,0.0,0.0,-0.0,0.0,,719.2,1219.0,719.2,,0.5899917965545529,REJECT_OIL_RATIO,0.0,719.2,OK,6.572572911258671,35.0,,,,OK,16.648543254288214,16.648543254288214,,1270.0,,,,,16.945914431110218,INDUSTRY_FALLBACK,0.35,0.0,0.0,0.39,13.586292176241582,30.5322066073518,35.70619962607522,,,,,0.0,0.0,0.0
59.96557377049181,3.7688524590163937,11783.666666666666,2737634.6666666665,368.0,8.161503351934885,25.94769621851422,18.531925882360472,13.245221044859631,42.77157170429843,FANG,2018Q4,,,,36.851413152181365,29.18535039640728,70.5801735070456,0.5041173395886726,,,36.851413152181365,29.18535039640728,50.0,0.5041173395886726,,1.0,1.0,36.851413152181365,29.18535039640728,50.0,0.5041173395886726,,,,,,,MISSING,1.0,,MISSING,,,,,,MISSING,,,,,,,,,16.945914431110218,INDUSTRY_FALLBACK,0.35,0.0,0.0,0.5847966214714382,11.853947036617058,28.79986146772728,33.37554564403582,,,,,,,
54.787619047619046,2.9266666666666667,11812.666666666666,2693824.0,324.0,-13.817314038018926,-5.106547800656753,17.28337394535994,12.028509658765868,26.617586723081743,COP,2019Q1,9150000000.0,3.922945636090188,17.44075795425829,,,,,,17.44075795425829,,,,,,0.0,0.0,,,,,,,,,,,MISSING,0.0,,MISSING,,,,,,MISSING,,,,,,,,,15.706914659381718,INDUSTRY_FALLBACK,0.35,0.0,0.0,0.78,-12.859129751909087,2.847784907472631,2.888721977818287,,,,,,,
54.787619047619046,2.9266666666666667,11812.666666666666,2693824.0,324.0,-13.817314038018926,-5.106547800656753,17.28337394535994,12.028509658765868,26.617586723081743,DVN,2019Q1,791000000.0,-138.37627141981108,,,,,,,,,,,,,0.0,1.0,,,,,,29.0,163.0,29.0,,0.1779141104294478,REJECT_OIL_RATIO,1.0,29.0,MNA_JUMP_ACCEPTED,-74.35780341868373,35.0,,,,MNA_JUMP_ACCEPTED,,,,,,,,,15.706914659381718,INDUSTRY_FALLBACK,0.35,0.0,0.0,0.4586881580433052,-11.459693579618571,4.247221079763145,4.338706107661294,,,,,,,
54.787619047619046,2.9266666666666667,11812.666666666666,2693824.0,324.0,-13.817314038018926,-5.106547800656753,17.28337394535994,12.028509658765868,26.617586723081743,EOG,2019Q1,4058642000.0,42.82363505383139,,,,,,,,,,,,,0.0,0.0,,,,,,716.75,1242.0,716.75,,0.5770933977455717,REJECT_OIL_RATIO,0.0,716.75,OK,-0.3412378393931388,35.0,,,,OK,15.261715101703476,15.261715101703476,,1270.0,,,,,15.706914659381718,INDUSTRY_FALLBACK,0.35,0.0,0.0,0.39,-11.160530335623465,4.546384323758254,4.651316540199302,,,,,0.0,0.0,0.0
54.787619047619046,2.9266666666666667,11812.666666666666,2693824.0,324.0,-13.817314038018926,-5.106547800656753,17.28337394535994,12.028509658765868,26.617586723081743,FANG,2019Q1,,,,,,,,,,,,,,,0.0,1.0,,,,,,,,,,,MISSING,1.0,,MISSING,,,,,,MISSING,,,,,,,,,15.706914659381718,INDUSTRY_FALLBACK,0.35,0.0,0.0,0.5847966214714382,-12.008944252356276,3.6979704070254416,3.767196010723284,,,,,,,
59.85703125,2.5659375,12172.333333333334,2768140.0,321.6,-12.851111143349176,-10.63647609606488,14.25453145934842,11.367258278320335,2.6901841263391364,COP,2019Q2,7953000000.0,-6.698742506464864,3.922945636090188,1.0842081949310056,-0.1196445612002765,-9.65961766421978,-3.4781052958859964,,3.922945636090188,1.0842081949310056,-0.1196445612002765,-9.65961766421978,-3.4781052958859964,,0.0,0.0,0.0,-0.0,-0.0,-0.0,,,,,,,MISSING,0.0,,MISSING,,,,,,MISSING,,,,,,,,,13.388349505039995,INDUSTRY_FALLBACK,0.35,0.0,0.0,0.78,-12.607501288147905,0.7808482168920907,0.7839047871263993,,,,,,,
59.85703125,2.5659375,12172.333333333334,2768140.0,321.6,-12.851111143349176,-10.63647609606488,14.25453145934842,11.367258278320335,2.6901841263391364,DVN,2019Q2,1921000000.0,-68.478330535219,-138.37627141981108,-42.16887490241964,-20.87297251106505,-58.47286467673736,-20.04582684831262,0.0,-100.0,-42.16887490241964,-20.87297251106505,-50.0,-20.04582684831262,0.0,1.0,1.0,-42.16887490241964,-20.87297251106505,-50.0,-20.04582684831262,0.0,149.0,153.0,149.0,,0.9738562091503268,REJECT_OIL_RATIO,1.0,149.0,MNA_JUMP_ACCEPTED,163.66504759589853,35.0,,,,MNA_JUMP_ACCEPTED,-128.94729729010223,-128.94729729010223,,,-128.94729729010223,,,,13.388349505039995,INDUSTRY_FALLBACK,0.35,0.0,0.0,0.4586881580433052,-12.25170705499552,1.1366424500444765,1.1431267749153706,,,,,,,
59.85703125,2.5659375,12172.333333333334,2768140.0,321.6,-12.851111143349176,-10.63647609606488,14.25453145934842,11.367258278320335,2.6901841263391364,EOG,2019Q2,4697630000.0,24.382966300896147,42.82363505383139,21.356916663270848,12.428703958555596,-21.112664972178703,0.4208376075322953,,42.82363505383139,21.356916663270848,12.428703958555596,-21.112664972178703,0.4208376075322953,,0.0,0.0,0.0,0.0,-0.0,0.0,,812.8,1356.0,812.8,,0.5994100294985251,REJECT_OIL_RATIO,0.0,812.8,OK,12.575797206073814,35.0,,,,OK,21.88313808006873,21.88313808006873,,1310.0,,,,,13.388349505039995,INDUSTRY_FALLBACK,0.35,0.0,0.0,0.39,-12.175647453927466,1.2127020511125295,1.2200850970344623,,,,,0.0,0.0,0.0
59.85703125,2.5659375,12172.333333333334,2768140.0,321.6,-12.851111143349176,-10.63647609606488,14.25453145934842,11.367258278320335,2.6901841263391364,FANG,2019Q2,1021000000.0,,,111.69807876418724,109.39280235085494,131.291813414244,51.86123137537356,,,50.0,50.0,50.0,50.0,,0.0,1.0,50.0,50.0,50.0,50.0,,,,,,,MISSING,1.0,,MISSING,,,,,,MISSING,,,,,,,,,13.388349505039995,INDUSTRY_FALLBACK,0.35,0.0,0.0,0.5847966214714382,-12.391349166429077,0.9970003386109204,1.0019869453711028,,,,,,,
56.3165625,2.3759375,12330.333333333334,2875418.333333333,304.6,-21.30294396418337,-20.91768397216396,14.569731360691833,10.754822244820378,-4.082199452025505,COP,2019Q3,7756000000.0,-19.744217842008347,-6.698742506464864,3.317065525991997,-4.351966529444109,6.92541806473244,-4.036707554158682,,-6.698742506464864,3.317065525991997,-4.351966529444109,6.92541806473244,-4.036707554158682,,0.0,0.0,0.0,-0.0,0.0,-0.0,,,,,,,MISSING,0.0,,MISSING,,,,,,MISSING,,,,,,,,,13.425258625930397,INDUSTRY_FALLBACK,0.35,0.0,0.0,0.78,-21.260565365061236,-7.835306739130836,-7.536209058892551,,,,,,,
56.3165625,2.3759375,12330.333333333334,2875418.333333333,304.6,-21.30294396418337,-20.91768397216396,14.569731360691833,10.754822244820378,-4.082199452025505,DVN,2019Q3,1847000000.0,-39.65826061286764,-68.478330535219,-56.57832875008886,-75.63179489758349,-80.74568204642361,-23.523559707923848,0.0,-68.478330535219,-50.0,-50.0,-50.0,-23.523559707923848,0.0,0.0,1.0,-50.0,-50.0,-50.0,-23.523559707923848,0.0,155.0,146.0,155.0,,1.0616438356164384,REJECT_OIL_RATIO,1.0,155.0,OK,3.947881097378742,35.0,,,,OK,-99.20563156055096,-99.20563156055096,,,-99.20563156055096,-128.94729729010223,,,-60.0,ACTUAL_VS_ACTUAL,0.9,0.0,1.0,0.4586881580433052,-21.198671066227245,-81.19867106622725,-55.60248606898553,,,,,,,
56.3165625,2.3759375,12330.333333333334,2875418.333333333,304.6,-21.30294396418337,-20.91768397216396,14.569731360691833,10.754822244820378,-4.082199452025505,EOG,2019Q3,4303455000.0,1.5308559818961758,24.382966300896147,15.101069782604007,11.952814004257984,-37.68383600062085,0.2922216545746235,,24.382966300896147,15.101069782604007,11.952814004257984,-37.68383600062085,0.2922216545746235,,0.0,0.0,0.0,0.0,-0.0,0.0,,834.2,1373.0,834.2,,0.6075746540422433,REJECT_OIL_RATIO,0.0,834.2,OK,2.5988104938627434,35.0,,,,OK,21.405942771802103,21.405942771802103,,1310.0,,,,,13.425258625930397,INDUSTRY_FALLBACK,0.35,0.0,0.0,0.39,-21.18543966661745,-7.760181040687055,-7.466718890921708,,,,,0.0,0.0,0.0
56.3165625,2.3759375,12330.333333333334,2875418.333333333,304.6,-21.30294396418337,-20.91768397216396,14.569731360691833,10.754822244820378,-4.082199452025505,FANG,2019Q3,975000000.0,,,103.57368172331653,102.49881361966018,96.6083410916098,51.43544719846063,,,50.0,50.0,50.0,50.0,,0.0,1.0,50.0,50.0,50.0,50.0,,,,,,,MISSING,1.0,,MISSING,,,,,,MISSING,,,,,,,,,13.425258625930397,INDUSTRY_FALLBACK,0.35,0.0,0.0,0.5847966214714382,-21.2229633390342,-7.797704713103801,-7.501434262553042,,,,,,,
56.90784615384616,2.392307692307692,12930.0,2962291.0,313.9,-5.233740169449453,-45.4512105872173,9.190165141330478,8.913726812072632,-18.93551999239141,COP,2019Q4,7708000000.0,-22.63558228707724,-19.744217842008347,-0.3066093703394307,-2.0825145598037347,9.099541598046768,-4.7973882584113,,-19.744217842008347,-0.3066093703394307,-2.0825145598037347,9.099541598046768,-4.7973882584113,,0.0,0.0,-0.0,-0.0,0.0,-0.0,,,,,,,MISSING,0.0,,MISSING,,,,,,MISSING,,,,,,,,,9.107233642553124,INDUSTRY_FALLBACK,0.35,0.0,0.0,0.78,-9.657661915403915,-0.550428272850791,-0.5489161920119168,,,,,,,
56.90784615384616,2.392307692307692,12930.0,2962291.0,313.9,-5.233740169449453,-45.4512105872173,9.190165141330478,8.913726812072632,-18.93551999239141,DVN,2019Q4,4479000000.0,55.199808032595534,-39.65826061286764,-70.59521599139956,-32.75327788773203,-29.86807361486852,-26.78159913658023,0.0,-39.65826061286764,-50.0,-32.75327788773203,-29.86807361486852,-26.78159913658023,0.0,0.0,1.0,-50.0,-32.75327788773203,-29.86807361486852,-26.78159913658023,0.0,584.0,156.0,584.0,156.0,3.743589743589744,OK,1.0,584.0,MNA_JUMP_ACCEPTED,132.64758659089804,35.0,,,156.0,MNA_JUMP_ACCEPTED,225.9027118654916,225.9027118654916,,,225.9027118654916,-99.20563156055096,,,-60.0,ACTUAL_VS_ACTUAL,0.9,0.0,1.0,0.4586881580433052,-16.11883666478985,-76.11883666478985,-53.28890020822217,,,,,,,
56.90784615384616,2.392307692307692,12930.0,2962291.0,313.9,-5.233740169449453,-45.4512105872173,9.190165141330478,8.913726812072632,-18.93551999239141,EOG,2019Q4,,,1.5308559818961758,12.985102657619535,10.64682111066824,-21.70455581763036,0.2953274923871948,,1.5308559818961758,12.985102657619535,10.64682111066824,-21.70455581763036,0.2953274923871948,,0.0,0.0,0.0,0.0,-0.0,0.0,,850.3,1425.0,850.3,,0.5967017543859648,REJECT_OIL_RATIO,0.0,850.3,OK,1.9116046628901824,35.0,,,,OK,16.744974523433623,16.744974523433623,,1391.0,,,,,9.107233642553124,INDUSTRY_FALLBACK,0.35,0.0,0.0,0.39,-17.500068646868645,-8.39283500431552,-8.050286433494836,,,,,0.0,0.0,0.0
56.90784615384616,2.392307692307692,12930.0,2962291.0,313.9,-5.233740169449453,-45.4512105872173,9.190165141330478,8.913726812072632,-18.93551999239141,FANG,2019Q4,1104000000.0,,,96.7108727676168,97.15669533858735,88.39105707708549,49.972934279104514,,,50.0,50.0,50.0,49.972934279104514,,0.0,1.0,50.0,50.0,50.0,49.972934279104514,,301.3,195.0,301.3,195.0,1.5451282051282051,OK,1.0,,PENDING_INITIAL_REGIME,,,301.3,2019Q4,,PENDING_INITIAL_REGIME,,,,,,,,,9.107233642553124,INDUSTRY_FALLBACK,0.35,0.0,0.0,0.5847966214714382,-13.582954966114302,-4.475721323561178,-4.377038645340903,,,,,,,
45.33516129032258,1.907540983606557,12844.666666666666,2913568.6666666665,259.9,-18.938131980436275,-42.8049149525226,9.283580096626732,7.8868668213818465,-15.900847432102315,COP,2020Q1,6158000000.0,-39.60018297851214,-22.63558228707724,,,,,,-22.63558228707724,,,,,,0.0,0.0,,,,,,,,,,,MISSING,0.0,,MISSING,,,,,,MISSING,,,,,,,,,8.864566114053266,INDUSTRY_FALLBACK,0.35,0.0,0.0,0.78,-21.56347810736577,-12.698911993312503,-11.925674490945717,,,,,,,
45.33516129032258,1.907540983606557,12844.666666666666,2913568.6666666665,259.9,-18.938131980436275,-42.8049149525226,9.283580096626732,7.8868668213818465,-15.900847432102315,DVN,2020Q1,2087000000.0,97.01849393095468,55.199808032595534,,,,,,55.199808032595534,,,,,,0.0,1.0,,,,,,162.0,,162.0,,,MISSING,1.0,162.0,MNA_JUMP_ACCEPTED,-128.2304647595843,35.0,,,,MNA_JUMP_ACCEPTED,172.03005052459102,172.03005052459102,,,172.03005052459102,225.9027118654916,,,120.0,ACTUAL_VS_ACTUAL,0.9,0.0,1.0,0.2671232876712329,-27.68383669965969,92.3161633003403,151.72363998128034,,,,,,,
45.33516129032258,1.907540983606557,12844.666666666666,2913568.6666666665,259.9,-18.938131980436275,-42.8049149525226,9.283580096626732,7.8868668213818465,-15.900847432102315,EOG,2020Q1,4717692000.0,-1.346054080031512,,,,,,,,,,,,,0.0,0.0,,,,,,874.1,1378.0,874.1,,0.6343251088534108,REJECT_OIL_RATIO,0.0,874.1,OK,2.76055571946956,35.0,,,,OK,19.846768082296304,19.846768082296304,,1375.0,,,,,8.864566114053266,INDUSTRY_FALLBACK,0.35,0.0,0.0,0.39,-26.217500786922606,-17.35293467286934,-15.930752077423971,,,,,0.0,0.0,0.0
45.33516129032258,1.907540983606557,12844.666666666666,2913568.6666666665,259.9,-18.938131980436275,-42.8049149525226,9.283580096626732,7.8868668213818465,-15.900847432102315,FANG,2020Q1,899000000.0,,,,,,,,,,,,,,0.0,0.0,,,,,,321.1,201.4,321.1,201.4,1.5943396226415094,OK,0.0,321.1,INITIAL_REGIME_CONFIRMED,,,,,201.4,INITIAL_REGIME_CONFIRMED,,,,,,,,,8.864566114053266,INDUSTRY_FALLBACK,0.35,0.0,0.0,0.5847966214714382,-23.89291644274537,-15.028350328692104,-13.9536002529286,,,,,,,
27.96047619047619,1.704603174603175,10697.0,2762199.6666666665,144.0,-76.11669579531211,-40.89915674423783,8.375627772269082,7.841693027872178,-22.044657414488498,COP,2020Q2,2749000000.0,-106.23120067918894,-39.60018297851214,-9.477464390957282,-12.250390416050578,-8.038742058207852,-4.938180197321129,,-39.60018297851214,-9.477464390957282,-12.250390416050578,-8.038742058207852,-4.938180197321129,,0.0,0.0,-0.0,-0.0,-0.0,-0.0,,,,,,,MISSING,0.0,,MISSING,,,,,,MISSING,,,,,,,,,8.21544734895001,INDUSTRY_FALLBACK,0.35,0.0,0.0,0.78,-72.24276649969394,-64.02731915074393,-47.2851608094063,,,,,,,
27.96047619047619,1.704603174603175,10697.0,2762199.6666666665,144.0,-76.11669579531211,-40.89915674423783,8.375627772269082,7.841693027872178,-22.044657414488498,DVN,2020Q2,755000000.0,-93.3883413519532,97.01849393095468,-48.37391755152128,-87.48918697290189,-29.798965111772457,-12.687800813378605,,97.01849393095468,-48.37391755152128,-50.0,-29.798965111772457,-12.687800813378605,,0.0,1.0,-48.37391755152128,-50.0,-29.798965111772457,-12.687800813378605,,24.0,,24.0,,,MISSING,1.0,24.0,MNA_JUMP_ACCEPTED,-190.95425048844385,35.0,,,,MNA_JUMP_ACCEPTED,-182.58924755975136,-182.58924755975136,,,-182.58924755975136,172.03005052459102,,,120.0,ACTUAL_VS_ACTUAL,0.9,0.0,1.0,0.4586881580433052,-66.58486032885268,53.41513967114732,70.59999106772301,,,,,,,
27.96047619047619,1.704603174603175,10697.0,2762199.6666666665,144.0,-76.11669579531211,-40.89915674423783,8.375627772269082,7.841693027872178,-22.044657414488498,EOG,2020Q2,1103374000.0,-130.24756768555213,-1.346054080031512,11.226159713659309,6.061045030862281,-9.50166778356175,0.2090479737104889,,-1.346054080031512,11.226159713659309,6.061045030862281,-9.50166778356175,0.2090479737104889,,0.0,0.0,0.0,0.0,-0.0,0.0,,623.4,1147.0,623.4,,0.5435047951176983,REJECT_OIL_RATIO,0.0,623.4,OK,-33.80064182532056,35.0,,,,OK,-26.529670949098072,-26.529670949098072,,1095.0,,,,,8.21544734895001,INDUSTRY_FALLBACK,0.35,0.0,0.0,0.39,-65.37534638473446,-57.15989903578445,-43.537810844995576,,,,,0.0,0.0,0.0
27.96047619047619,1.704603174603175,10697.0,2762199.6666666665,144.0,-76.11669579531211,-40.89915674423783,8.375627772269082,7.841693027872178,-22.044657414488498,FANG,2020Q2,412000000.0,-90.75144688151391,,4.898688239686539,1.7567032862567913,19.52638525077833,-4.061299048940636,,,4.898688239686539,1.7567032862567913,19.52638525077833,-4.061299048940636,,0.0,0.0,0.0,0.0,0.0,-0.0,,294.1,176.3,294.1,176.3,1.6681792399319342,OK,0.0,294.1,OK,-8.783275553551888,35.0,,,176.3,OK,,,,,,,,,8.21544734895001,INDUSTRY_FALLBACK,0.35,0.0,0.0,0.6272189349112426,-69.55247993667993,-61.33703258772992,-45.84773178965208,,,,,,,
40.89171875,1.99078125,10859.0,2780535.6666666665,199.8,-32.00611078331236,-17.686494680700115,-12.920228859153996,-0.2148271526150887,-80.34952377288108,COP,2020Q3,4386000000.0,-57.004908738470895,-106.23120067918894,-12.248457451189388,-7.525725588765591,2.977185820231764,686.2950917569902,,-100.0,-12.248457451189388,-7.525725588765591,2.977185820231764,50.0,,0.0,0.0,-0.0,-0.0,0.0,0.0,,,,,,,MISSING,0.0,,MISSING,,,,,,MISSING,,,,,,,,,-9.108608347192323,INDUSTRY_FALLBACK,0.35,0.0,0.0,0.78,-30.43095301202501,-39.53956135921734,-32.65864250195166,,,,,,,
40.89171875,1.99078125,10859.0,2780535.6666666665,199.8,-32.00611078331236,-17.686494680700115,-12.920228859153996,-0.2148271526150887,-80.34952377288108,DVN,2020Q3,1154000000.0,-47.032853313119496,-93.3883413519532,-47.46875349559733,-56.82712516028553,0.0465657749974196,-8.634802704822384,0.0,-93.3883413519532,-47.46875349559733,-50.0,0.0465657749974196,-8.634802704822384,0.0,0.0,0.0,-0.0,-0.0,0.0,-0.0,0.0,,,,,,MISSING,0.0,,MISSING,,,,,,MISSING,,,,,,-182.58924755975136,,,-60.0,ACTUAL_VS_ACTUAL,0.9,0.0,1.0,0.4586881580433052,-28.130421899003466,-88.13042189900347,-58.575770345168245,,,,,,,
40.89171875,1.99078125,10859.0,2780535.6666666665,199.8,-32.00611078331236,-17.686494680700115,-12.920228859153996,-0.2148271526150887,-80.34952377288108,EOG,2020Q3,2245484000.0,-73.81370380589594,-130.24756768555213,-1.2467191624174994,0.3579770189106825,9.890870240331031,0.261608591264827,,-100.0,-1.2467191624174994,0.3579770189106825,9.890870240331031,0.261608591264827,,0.0,0.0,-0.0,0.0,0.0,0.0,,716.0,1190.0,716.0,,0.6016806722689075,REJECT_OIL_RATIO,0.0,716.0,OK,13.849179962740884,35.0,,,,OK,-15.279301480219932,-15.279301480219932,,1125.0,,,,,-9.108608347192323,INDUSTRY_FALLBACK,0.35,0.0,0.0,0.39,-27.638627872015626,-36.74723621920795,-30.751753475846733,,,,,0.0,0.0,0.0
40.89171875,1.99078125,10859.0,2780535.6666666665,199.8,-32.00611078331236,-17.686494680700115,-12.920228859153996,-0.2148271526150887,-80.34952377288108,FANG,2020Q3,707000000.0,-32.14068051012745,-90.75144688151391,-13.045960965367346,-13.224271987805729,28.58915616779928,-4.345707150381066,,-90.75144688151391,-13.045960965367346,-13.224271987805729,28.58915616779928,-4.345707150381066,,0.0,0.0,-0.0,-0.0,0.0,-0.0,,287.3,170.0,287.3,170.0,1.6900000000000002,OK,0.0,287.3,OK,-2.339287957470546,35.0,,,170.0,OK,,,,,,,,,-9.108608347192323,INDUSTRY_FALLBACK,0.35,0.0,0.0,0.5994559673580415,-29.13829239349984,-38.24690074069217,-31.782496697796624,,,,,,,
42.52492063492064,2.5220634920634923,10968.333333333334,2814072.333333333,240.6,-29.13429534021383,5.281895078509131,-12.70681219096722,-3.355457591820775,-42.16825742466084,COP,2020Q4,5491000000.0,-33.91483622553843,-57.004908738470895,-10.771693720319998,-5.984178821842074,3.7668829298903126,687.9227296887314,,-57.004908738470895,-10.771693720319998,-5.984178821842074,3.7668829298903126,50.0,,0.0,0.0,-0.0,-0.0,0.0,0.0,,,,,,,MISSING,0.0,,MISSING,,,,,,MISSING,,,,,,,,,-9.901405811223286,INDUSTRY_FALLBACK,0.35,0.0,0.0,0.78,-25.348514394154304,-35.24992020537759,-29.707086928985994,,,,,,,
42.52492063492064,2.5220634920634923,10968.333333333334,2814072.333333333,240.6,-29.13429534021383,5.281895078509131,-12.70681219096722,-3.355457591820775,-42.16825742466084,DVN,2020Q4,1397000000.0,-116.50727269503382,-47.032853313119496,-33.214646662815525,-60.52518473176972,0.0465549356639452,-4.410572184992302,0.0,-47.032853313119496,-33.214646662815525,-50.0,0.0465549356639452,-4.410572184992302,0.0,1.0,1.0,-33.214646662815525,-50.0,0.0465549356639452,-4.410572184992302,0.0,409.0,,409.0,,,MISSING,1.0,409.0,MNA_JUMP_ACCEPTED,283.56613256948566,49.49747468305833,,,,MNA_JUMP_ACCEPTED,-35.61858267854254,-35.61858267854254,,,-35.61858267854254,,,,-9.901405811223286,INDUSTRY_FALLBACK,0.35,0.0,0.0,0.4586881580433052,-19.819349625868192,-29.72075543709148,-25.71101936669867,,,,,,,
42.52492063492064,2.5220634920634923,10968.333333333334,2814072.333333333,240.6,-29.13429534021383,5.281895078509131,-12.70681219096722,-3.355457591820775,-42.16825742466084,EOG,2020Q4,2965450000.0,-37.2389396856272,-73.81370380589594,-1.9131625824984024,-3.740919189818349,17.2583317835749,0.2758288498204604,,-73.81370380589594,-1.9131625824984024,-3.740919189818349,17.2583317835749,0.2758288498204604,,0.0,0.0,-0.0,-0.0,0.0,0.0,,801.5,1292.0,801.5,,0.6203560371517027,REJECT_OIL_RATIO,0.0,801.5,OK,11.2804805088962,35.0,,,,OK,-5.910425634213914,-5.910425634213914,,1230.0,,,,,-9.901405811223286,INDUSTRY_FALLBACK,0.35,0.0,0.0,0.39,-18.63735726250333,-28.538763073726614,-24.82771930298291,,,,,0.0,0.0,0.0
42.52492063492064,2.5220634920634923,10968.333333333334,2814072.333333333,240.6,-29.13429534021383,5.281895078509131,-12.70681219096722,-3.355457591820775,-42.16825742466084,FANG,2020Q4,754000000.0,-38.130285882908446,-32.14068051012745,-22.75262573061495,-23.451541104658634,17.225919838188997,-2.9405070126556714,,-32.14068051012745,-22.75262573061495,-23.451541104658634,17.225919838188997,-2.9405070126556714,,0.0,0.0,-0.0,-0.0,0.0,-0.0,,325.0,185.0,325.0,185.0,1.7567567567567568,OK,0.0,325.0,OK,12.32982163444936,35.0,,,185.0,OK,7.571873619348195,,,,,,,,-9.901405811223286,INDUSTRY_FALLBACK,0.35,0.0,0.0,0.591715976331361,-22.10850498846269,-32.009910799685976,-27.39229265366515,,,,,,,
58.09344262295082,3.4996721311475407,10821.0,2724670.333333333,310.7,24.796987502011643,60.68543178387432,-16.453785954379335,-5.133029227825741,-26.593866030732933,COP,2021Q1,9826000000.0,46.72798842441478,-33.91483622553843,,,,,,-33.91483622553843,,,,,,1.0,1.0,,,,,,,,,,,MISSING,1.0,,MISSING,,,,,,MISSING,,,,,,,,,-13.057558936413256,INDUSTRY_FALLBACK,0.35,0.0,0.0,0.78,28.744716373016537,15.687157436603282,16.98453661204993,,,,,,,
58.09344262295082,3.4996721311475407,10821.0,2724670.333333333,310.7,24.796987502011643,60.68543178387432,-16.453785954379335,-5.133029227825741,-26.593866030732933,DVN,2021Q1,2290000000.0,9.28241894710845,-116.50727269503382,,,,,,-100.0,,,,,,1.0,1.0,,,,,,,,,,,MISSING,1.0,,MISSING,,,,,,MISSING,,,,,,-35.61858267854254,,,-35.61858267854254,ACTUAL_VS_ACTUAL,0.9,0.0,1.0,0.4586881580433052,34.510407441599284,-1.1081752369432536,-1.1020575940855482,,,,,,,
58.09344262295082,3.4996721311475407,10821.0,2724670.333333333,310.7,24.796987502011643,60.68543178387432,-16.453785954379335,-5.133029227825741,-26.593866030732933,EOG,2021Q1,3694000000.0,-24.46098151783693,-37.2389396856272,,,,,,-37.2389396856272,,,,,,0.0,0.0,,,,,,778.9,1378.0,778.9,,0.5652394775036285,REJECT_OIL_RATIO,0.0,778.9,OK,-2.8602304123704814,35.0,,,,OK,-11.531211766053945,-11.531211766053945,,1310.0,,,,,-13.057558936413255,INDUSTRY_FALLBACK,0.35,0.0,0.0,0.39,35.74296300797976,22.685404071566506,25.464672723666084,,,,,0.0,0.0,0.0
58.09344262295082,3.4996721311475407,10821.0,2724670.333333333,310.7,24.796987502011643,60.68543178387432,-16.453785954379335,-5.133029227825741,-26.593866030732933,FANG,2021Q1,1172000000.0,26.51839356653377,-38.130285882908446,,,,,,-38.130285882908446,,,,,,1.0,1.0,,,,,,307.4,184.2,307.4,184.2,1.6688382193268188,OK,1.0,307.4,OK,-5.567535122524206,35.0,,,184.2,OK,-4.360276999097286,-4.360276999097286,,,-4.360276999097286,,,,-13.057558936413256,INDUSTRY_FALLBACK,0.35,0.0,0.0,0.5692307692307692,32.526806270412834,19.46924733399958,21.493730342288696,,,,,,,
66.18666666666667,2.95,11393.666666666666,2855105.333333333,389.7,86.16870844346951,54.84728288731359,-17.143998920094713,-6.703123356556641,17.85308747515571,COP,2021Q2,9556000000.0,124.59320202804544,46.72798842441478,25.226050860776883,36.021155395644726,35.43744651326415,18.14773875874523,,46.72798842441478,25.226050860776883,36.021155395644726,35.43744651326415,18.14773875874523,,0.0,1.0,25.226050860776883,36.021155395644726,35.43744651326415,18.14773875874523,,,,,,,MISSING,1.0,,MISSING,,,,,,MISSING,,,1520.0,,,,,,-14.011736251033293,INDUSTRY_FALLBACK,0.35,1.0,0.0,0.78,82.72335163229236,68.71161538125907,98.79742467762875,,,,,,,
66.18666666666667,2.95,11393.666666666666,2855105.333333333,389.7,86.16870844346951,54.84728288731359,-17.143998920094713,-6.703123356556641,17.85308747515571,DVN,2021Q2,3120000000.0,141.88705315545033,9.28241894710845,60.7423885729121,97.17483537819062,49.44406652966421,54.62644547605585,,9.28241894710845,50.0,50.0,49.44406652966421,50.0,,0.0,1.0,50.0,50.0,49.44406652966421,50.0,,358.0,291.0,358.0,291.0,1.2302405498281788,OK,1.0,358.0,OK,-13.31821696421014,49.49747468305833,,,291.0,OK,270.24791560527547,270.24791560527547,,,270.24791560527547,,,,-14.011736251033293,INDUSTRY_FALLBACK,0.35,0.0,0.0,0.4586881580433052,77.69137916321338,63.67964291218009,89.04150896701604,,,,,,,
66.18666666666667,2.95,11393.666666666666,2855105.333333333,389.7,86.16870844346951,54.84728288731359,-17.143998920094713,-6.703123356556641,17.85308747515571,EOG,2021Q2,,,-24.46098151783693,-3.9652436340911774,-3.5235072244328425,7.983045432075262,0.2655246186094063,,-24.46098151783693,-3.9652436340911774,-3.5235072244328425,7.983045432075262,0.2655246186094063,,0.0,0.0,-0.0,-0.0,0.0,0.0,,828.0,1445.0,828.0,,0.5730103806228374,REJECT_OIL_RATIO,0.0,828.0,OK,6.113048645935697,35.0,,,,OK,28.382478705202303,28.382478705202303,,,,,,,-14.011736251033291,INDUSTRY_FALLBACK,0.35,0.0,0.0,0.39,76.61567364884196,62.60393739780867,87.01887731461902,,,,,0.0,0.0,0.0
66.18666666666667,2.95,11393.666666666666,2855105.333333333,389.7,86.16870844346951,54.84728288731359,-17.143998920094713,-6.703123356556641,17.85308747515571,FANG,2021Q2,1667000000.0,139.77575334012676,26.51839356653377,-6.127693407255842,-5.114587786189112,27.380250680256463,3.646127384482656,,26.51839356653377,-6.127693407255842,-5.114587786189112,27.380250680256463,3.646127384482656,,0.0,1.0,-6.127693407255842,-5.114587786189112,27.380250680256463,3.646127384482656,,370.0,222.0,370.0,222.0,1.6666666666666667,OK,1.0,370.0,OK,18.535317453377463,35.0,,,222.0,OK,22.958316007832067,22.958316007832067,390.5,234.0,22.958316007832067,-4.360276999097286,28.35081237197913,,28.35081237197913,GUIDANCE_VS_ACTUAL,1.0,1.0,1.0,0.5992192582953806,79.89219636064843,108.24300873262756,195.1844081213728,,,,,,,
70.57546875,4.35421875,11233.0,2918142.333333333,436.8,54.57550489901543,78.26180530742496,6.309431714273299,3.308139377988529,99.55639127686628,COP,2021Q3,11326000000.0,94.86833176959168,124.59320202804544,30.351661029765104,33.905713635603554,24.44263546394661,22.52317250033292,,100.0,30.351661029765104,33.905713635603554,24.44263546394661,22.52317250033292,,0.0,1.0,30.351661029765104,33.905713635603554,24.44263546394661,22.52317250033292,,,,,,,MISSING,1.0,,MISSING,,,,,,MISSING,,,1500.0,,,,,,5.4090440133878674,INDUSTRY_FALLBACK,0.35,1.0,0.0,0.78,57.18099794394048,62.590041957328346,86.99289202326194,,,,,,,
70.57546875,4.35421875,11233.0,2918142.333333333,436.8,54.57550489901543,78.26180530742496,6.309431714273299,3.308139377988529,99.55639127686628,DVN,2021Q3,3801000000.0,119.2030021921204,141.88705315545033,66.13143841121382,98.25644684270736,41.442546467515,57.95001421967171,0.0,100.0,50.0,50.0,41.442546467515,50.0,0.0,0.0,1.0,50.0,50.0,41.442546467515,50.0,0.0,,,,,,MISSING,1.0,,MISSING,,,,,,MISSING,,,,,,270.24791560527547,,,120.0,ACTUAL_VS_ACTUAL,0.9,0.0,1.0,0.8128491620111732,56.7919603841599,150.0,348.1689070338065,,,,,,,
70.57546875,4.35421875,11233.0,2918142.333333333,436.8,54.57550489901543,78.26180530742496,6.309431714273299,3.308139377988529,99.55639127686628,EOG,2021Q3,4765000000.0,75.237644894773,,4.614341775993562,-1.9846584734781696,-11.45254086984084,,,,4.614341775993562,-1.9846584734781696,-11.45254086984084,,,0.0,0.0,0.0,-0.0,-0.0,,,844.4,1422.0,844.4,,0.5938115330520394,REJECT_OIL_RATIO,0.0,844.4,OK,1.9613161588905763,35.0,,,,OK,16.49461490135199,16.49461490135199,,,,,,,5.4090440133878674,INDUSTRY_FALLBACK,0.35,0.0,0.0,0.39,61.799826523580336,67.2088705369682,95.8323412456619,,,,,0.0,0.0,0.0
70.57546875,4.35421875,11233.0,2918142.333333333,436.8,54.57550489901543,78.26180530742496,6.309431714273299,3.308139377988529,99.55639127686628,FANG,2021Q3,1897000000.0,98.69983040384416,139.77575334012676,9.371306768714367,7.587636588411555,21.23326352099941,13.703458532685849,,100.0,9.371306768714367,7.587636588411555,21.23326352099941,13.703458532685849,,0.0,1.0,9.371306768714367,7.587636588411555,21.23326352099941,13.703458532685849,,372.0,223.0,372.0,223.0,1.6681614349775784,OK,1.0,372.0,OK,0.5390848634876373,35.0,,,223.0,OK,25.836688828790265,25.836688828790265,393.0,236.0,25.836688828790265,22.958316007832067,31.328264588401726,,31.328264588401726,GUIDANCE_VS_ACTUAL,1.0,1.0,1.0,0.6,59.31276498069734,90.64102956909906,147.5420537407656,,,,,,,
77.32730158730159,4.753492063492063,11757.0,3011840.333333333,542.7,59.79568112759858,63.38021066932765,3.386164542466891,4.830363162029245,78.21585582162422,COP,2021Q4,13442000000.0,89.52737452510385,94.86833176959168,32.37725909681523,31.7468575590364,19.133693861318275,21.23668804374563,,94.86833176959168,32.37725909681523,31.7468575590364,19.133693861318275,21.23668804374563,,1.0,1.0,32.37725909681523,31.7468575590364,19.133693861318275,21.23668804374563,,,,,,,MISSING,1.0,,MISSING,,,,,,MISSING,,,1550.0,,,,,,3.819424128335597,INDUSTRY_FALLBACK,0.35,1.0,0.0,0.78,60.18997937718878,64.00940350552438,89.66592233743714,,,,,,,
77.32730158730159,4.753492063492063,11757.0,3011840.333333333,542.7,59.79568112759858,63.38021066932765,3.386164542466891,4.830363162029245,78.21585582162422,DVN,2021Q4,4251000000.0,111.28271691018284,119.2030021921204,71.25680599589369,99.83583028974128,41.26535448594867,57.95001421967171,0.0,100.0,50.0,50.0,41.26535448594867,50.0,0.0,0.0,1.0,50.0,50.0,41.26535448594867,50.0,0.0,416.0,,416.0,,,MISSING,1.0,416.0,OK,15.015227386056306,49.49747468305833,,,,OK,1.697010421846156,1.697010421846156,,,1.697010421846156,,,,3.819424128335597,INDUSTRY_FALLBACK,0.35,0.0,0.0,0.4586881580433052,60.76585527198935,64.58527940032495,90.76131368496026,,,,,,,
77.32730158730159,4.753492063492063,11757.0,3011840.333333333,542.7,59.79568112759858,63.38021066932765,3.386164542466891,4.830363162029245,78.21585582162422,EOG,2021Q4,6044000000.0,71.20372528191325,75.237644894773,5.809516124746217,-0.3078318942977502,2.574661341428959,0.3353292425888495,,75.237644894773,5.809516124746217,-0.3078318942977502,2.574661341428959,0.3353292425888495,,0.0,0.0,0.0,-0.0,0.0,0.0,,302.5,1534.0,302.5,,0.1971968709256845,REJECT_OIL_RATIO,0.0,,REJECT_QOQ_JUMP_PENDING,-102.65450385032692,35.0,302.5,2021Q4,,REJECT_QOQ_JUMP_PENDING,-97.44036945787116,,,,,,,,3.819424128335597,INDUSTRY_FALLBACK,0.35,0.0,0.0,0.39,60.888962637825955,64.70838676616155,90.99629952603505,,,,,0.0,0.0,0.0
77.32730158730159,4.753492063492063,11757.0,3011840.333333333,542.7,59.79568112759858,63.38021066932765,3.386164542466891,4.830363162029245,78.21585582162422,FANG,2021Q4,2011000000.0,98.09950217646958,98.69983040384416,18.794713917009013,15.734929512549886,20.242112347913054,13.71086793882414,,98.69983040384416,18.794713917009013,15.734929512549886,20.242112347913054,13.71086793882414,,0.0,1.0,18.794713917009013,15.734929512549886,20.242112347913054,13.71086793882414,,376.0,222.0,376.0,222.0,1.6936936936936935,OK,1.0,376.0,OK,1.069528911674795,35.0,,,222.0,OK,14.576396106015704,14.576396106015704,371.0,222.5,14.576396106015704,25.836688828790265,13.237688027769773,,13.237688027769773,GUIDANCE_VS_ACTUAL,1.0,1.0,1.0,0.5994623655913979,60.51355061915454,73.75123864692432,109.07281166309843,,,,,,,
95.18032258064515,4.668709677419354,11601.333333333334,2889882.6666666665,577.9,49.37204309956151,28.821344587193405,6.943647464563119,6.7918635179940265,81.34208775287807,COP,2022Q1,14506000000.0,38.95304231947641,89.52737452510385,,,,,,89.52737452510385,,,,,,0.0,1.0,,,,,,,,,,,MISSING,1.0,,MISSING,,,,,,MISSING,,,,,,,,,6.898112280592391,INDUSTRY_FALLBACK,0.35,0.0,0.0,0.78,47.11146626320102,54.00957854379341,71.61712385259551,,,,,,,
95.18032258064515,4.668709677419354,11601.333333333334,2889882.6666666665,577.9,49.37204309956151,28.821344587193405,6.943647464563119,6.7918635179940265,81.34208775287807,DVN,2022Q1,4495000000.0,67.44138503574352,111.28271691018284,,,,,,100.0,,,,,,0.0,1.0,,,,,,394.0,,394.0,,,MISSING,1.0,394.0,OK,-5.43343509633295,35.0,,,,OK,,,,,,1.697010421846156,,,1.697010421846156,ACTUAL_VS_ACTUAL,0.9,0.0,1.0,0.4586881580433052,43.80987486694816,45.50688528879432,57.62819108594965,,,,,,,
95.18032258064515,4.668709677419354,11601.333333333334,2889882.6666666665,577.9,49.37204309956151,28.821344587193405,6.943647464563119,6.7918635179940265,81.34208775287807,EOG,2022Q1,,,71.20372528191325,,,,,,71.20372528191325,,,,,,0.0,0.0,,,,,,883.3,1458.0,883.3,,0.6058299039780521,REJECT_OIL_RATIO,0.0,883.3,OK,4.503857777692104,49.49747468305833,,,,OK,12.578222582518377,12.578222582518377,,,,,,,6.8981122805923905,INDUSTRY_FALLBACK,0.35,0.0,0.0,0.39,43.10408005328924,50.00219233388163,64.8757416571377,,,,,0.0,0.0,0.0
95.18032258064515,4.668709677419354,11601.333333333334,2889882.6666666665,577.9,49.37204309956151,28.821344587193405,6.943647464563119,6.7918635179940265,81.34208775287807,FANG,2022Q1,2389000000.0,71.21631771888516,98.09950217646958,,,,,,98.09950217646958,,,,,,0.0,1.0,,,,,,381.4,222.8,381.4,222.8,1.7118491921005383,OK,1.0,381.4,OK,1.425954977642402,35.0,,,222.8,OK,21.569886206182325,21.569886206182325,372.5,220.0,21.569886206182325,14.576396106015704,19.208720671511887,,19.208720671511887,GUIDANCE_VS_ACTUAL,1.0,1.0,1.0,0.5904255319148937,45.16352239357123,64.37224306508311,90.3553553461455,,,,,,,
108.83435483870969,7.495645161290323,11835.666666666666,2996353.6666666665,733.2,49.734801317671966,93.25170363895614,6.963134344615677,5.886845932739338,62.05730269247305,COP,2022Q2,16728000000.0,55.99147326627693,38.95304231947641,10.875050710734818,10.377697317326623,,690.8950373473426,,38.95304231947641,10.875050710734818,10.377697317326623,,50.0,,0.0,1.0,10.875050710734818,10.377697317326623,,50.0,,,,,,,MISSING,1.0,,MISSING,,,,,,MISSING,,,1700.0,,,,,11.19179162039854,11.19179162039854,GUIDANCE_VS_GUIDANCE,0.8,1.0,1.0,0.78,54.52166057301322,65.71345219341177,92.92561650797532,,,,,,,
108.83435483870969,7.495645161290323,11835.666666666666,2996353.6666666665,733.2,49.734801317671966,93.25170363895614,6.963134344615677,5.886845932739338,62.05730269247305,DVN,2022Q2,5796000000.0,61.9335022637045,67.44138503574352,6.257516371724359,-1.3180631044914208,-8.456156465773173,1.069528911674795,,67.44138503574352,6.257516371724359,-1.3180631044914208,-8.456156465773173,1.069528911674795,,0.0,0.0,0.0,-0.0,-0.0,0.0,,74.0,,74.0,,,MISSING,0.0,,REJECT_QOQ_JUMP_PENDING,-167.2285816093764,35.0,74.0,2022Q2,,REJECT_QOQ_JUMP_PENDING,-157.64678931965307,,,,,,,,6.640247821052775,INDUSTRY_FALLBACK,0.35,0.0,0.0,0.4586881580433052,61.51290859356392,68.15315641461669,97.6903168827764,,,,,,,
108.83435483870969,7.495645161290323,11835.666666666666,2996353.6666666665,733.2,49.734801317671966,93.25170363895614,6.963134344615677,5.886845932739338,62.05730269247305,EOG,2022Q2,,,,5.187784607172268,-0.7141887239555762,-28.88606229712252,,,,5.187784607172268,-0.7141887239555762,-28.88606229712252,,,0.0,0.0,0.0,-0.0,-0.0,,,920.7,1528.0,920.7,,0.6025523560209425,REJECT_OIL_RATIO,0.0,920.7,OK,4.146935654271381,35.0,,,,OK,10.612109590854056,10.612109590854056,,,,,,,6.640247821052775,INDUSTRY_FALLBACK,0.35,0.0,0.0,0.39,63.00745652566364,69.64770434671641,100.66708261188295,,,,,0.0,0.0,0.0
108.83435483870969,7.495645161290323,11835.666666666666,2996353.6666666665,733.2,49.734801317671966,93.25170363895614,6.963134344615677,5.886845932739338,62.05730269247305,FANG,2022Q2,2752000000.0,50.130231630244026,71.21631771888516,5.892232973534761,3.64729283857098,-25.185040578268246,7.844035402374823,,71.21631771888516,5.892232973534761,3.64729283857098,-25.185040578268246,7.844035402374823,,0.0,0.0,0.0,0.0,-0.0,0.0,,380.5,221.1,380.5,221.1,1.720940750791497,OK,0.0,380.5,OK,-0.2362515864578096,35.0,,,221.1,OK,2.798317166347044,2.798317166347044,372.5,220.0,2.798317166347044,21.569886206182325,0.673403218134412,-4.719093146012648,0.673403218134412,GUIDANCE_VS_ACTUAL,1.0,1.0,1.0,0.584163607760881,58.782757149024434,59.45616036715885,81.22362930495567,,,,,,,
93.0640625,8.02671875,12190.666666666666,3088981.6666666665,721.9,27.66054841072409,61.16306178309667,3.805992600709325,4.828736820717879,63.20413036208865,COP,2022Q3,15968000000.0,34.348575187749496,55.99147326627693,9.264225096042468,10.345631804487756,,-4.4614263057622745,,55.99147326627693,9.264225096042468,10.345631804487756,,-4.4614263057622745,,0.0,1.0,9.264225096042468,10.345631804487756,,-4.4614263057622745,,,,,,,MISSING,1.0,,MISSING,,,,,,MISSING,,,1730.0,,,,,14.26563004015232,14.26563004015232,GUIDANCE_VS_GUIDANCE,0.8,1.0,1.0,0.78,31.345824881685072,45.61145492183739,57.79310851868993,,,,,,,
93.0640625,8.02671875,12190.666666666666,3088981.6666666665,721.9,27.66054841072409,61.16306178309667,3.805992600709325,4.828736820717879,63.20413036208865,DVN,2022Q3,5184000000.0,31.03127690428619,61.9335022637045,14.491662081563137,-0.5016181067898154,-0.6325717305685222,-2.863797818752912,0.0,61.9335022637045,14.491662081563137,-0.5016181067898154,-0.6325717305685222,-2.863797818752912,0.0,0.0,0.0,0.0,-0.0,-0.0,-0.0,0.0,,,,,,MISSING,0.0,,MISSING,,,,,,MISSING,,,,,,,,,4.112815866711891,INDUSTRY_FALLBACK,0.35,0.0,0.0,0.4586881580433052,36.72820202261299,40.84101788932488,50.442411764975326,,,,,,,
93.0640625,8.02671875,12190.666666666666,3088981.6666666665,721.9,27.66054841072409,61.16306178309667,3.805992600709325,4.828736820717879,63.20413036208865,EOG,2022Q3,,,,3.3432416299829515,0.653847145601255,-28.912497950346083,,,,3.3432416299829515,0.653847145601255,-28.912497950346083,,,0.0,0.0,0.0,0.0,-0.0,,,919.2,1469.0,919.2,,0.6257317903335603,REJECT_OIL_RATIO,0.0,919.2,OK,-0.163052375925429,35.0,,,,OK,8.48774105603804,8.48774105603804,,,,,,,4.112815866711891,INDUSTRY_FALLBACK,0.35,0.0,0.0,0.39,37.87881498929773,41.99163085600962,52.18341857945221,,,,,0.0,0.0,0.0
93.0640625,8.02671875,12190.666666666666,3088981.6666666665,721.9,27.66054841072409,61.16306178309667,3.805992600709325,4.828736820717879,63.20413036208865,FANG,2022Q3,2417000000.0,24.22534107684688,50.130231630244026,4.863024860450924,4.547543372342886,-30.947581113003075,-2.482935547183999,,50.130231630244026,4.863024860450924,4.547543372342886,-30.947581113003075,-2.482935547183999,,0.0,0.0,0.0,0.0,-0.0,-0.0,,50.0,37.0,50.0,37.0,1.351351351351351,OK,0.0,,REJECT_QOQ_JUMP_PENDING,-202.94631718735943,35.0,50.0,2022Q3,,REJECT_QOQ_JUMP_PENDING,-200.68708488450005,,374.0,220.0,,2.798317166347044,0.5361943141385374,-4.955381445472935,0.5361943141385374,GUIDANCE_VS_ACTUAL,1.0,1.0,1.0,0.58107752956636,34.67802624456928,35.214220558707815,42.2110741432868,,,,,,,
82.84,5.54516129032258,12379.0,3109763.333333333,582.2,6.886395328701281,15.404618870163777,8.181475697463824,5.689425226790157,50.241120071442005,COP,2022Q4,13847000000.0,2.9684469124802733,34.348575187749496,8.27633476634159,11.618042248560691,,-5.111846180234058,,34.348575187749496,8.27633476634159,11.618042248560691,,-5.111846180234058,,0.0,1.0,8.27633476634159,11.618042248560691,,-5.111846180234058,,1758.0,,1758.0,,,MISSING,1.0,,PENDING_INITIAL_REGIME,,,1758.0,2022Q4,,PENDING_INITIAL_REGIME,,,1770.0,,,,,13.272461565458244,13.272461565458244,GUIDANCE_VS_GUIDANCE,0.8,1.0,1.0,0.78,7.823399918262154,21.0958614837204,23.486124907006342,,,,,,,
82.84,5.54516129032258,12379.0,3109763.333333333,582.2,6.886395328701281,15.404618870163777,8.181475697463824,5.689425226790157,50.241120071442005,DVN,2022Q4,4352000000.0,2.348126017698841,31.03127690428619,11.218996979407525,16.55683937351892,-4.666672709772256,-3.3235687436158554,0.0,31.03127690428619,11.218996979407525,16.55683937351892,-4.666672709772256,-3.3235687436158554,0.0,0.0,0.0,0.0,0.0,-0.0,-0.0,0.0,407.0,,407.0,,,MISSING,0.0,407.0,OK,3.24622761446611,55.0,,,,OK,-2.187207481866833,-2.187207481866833,,,-2.187207481866833,,,,7.433860556261724,INDUSTRY_FALLBACK,0.35,0.0,0.0,0.4586881580433052,9.191902966415253,16.625763522676976,18.087729812622875,,,,,,,
82.84,5.54516129032258,12379.0,3109763.333333333,582.2,6.886395328701281,15.404618870163777,8.181475697463824,5.689425226790157,50.241120071442005,EOG,2022Q4,6719000000.0,10.587328952751973,,8.542514523551564,1.929074843195496,-28.95871477528705,,,,8.542514523551564,1.929074843195496,-28.95871477528705,,,0.0,0.0,0.0,0.0,-0.0,,,331.5,1534.0,331.5,,0.2161016949152542,REJECT_OIL_RATIO,0.0,,REJECT_QOQ_JUMP_PENDING,-101.98759169086289,35.0,331.5,2022Q4,,REJECT_QOQ_JUMP_PENDING,9.154653215502105,,903.3,,,,,,7.433860556261724,INDUSTRY_FALLBACK,0.35,1.0,0.0,0.39,9.484453508847341,16.918314065109065,18.433701931638335,,,,,0.0,1.0,0.0
82.84,5.54516129032258,12379.0,3109763.333333333,582.2,6.886395328701281,15.404618870163777,8.181475697463824,5.689425226790157,50.241120071442005,FANG,2022Q4,2008000000.0,-0.1492908961032177,24.22534107684688,5.181659045810131,7.0794638488944965,-25.860239610680768,-3.7260276858804926,,24.22534107684688,5.181659045810131,7.0794638488944965,-25.860239610680768,-3.7260276858804926,,0.0,0.0,0.0,0.0,-0.0,-0.0,,440.0,262.0,440.0,262.0,1.6793893129770991,OK,0.0,440.0,OK,14.528854961056634,49.49747468305833,,,262.0,OK,15.718558352241237,15.718558352241237,389.5,226.0,15.718558352241237,,3.5274721920908374,4.866180270336785,3.5274721920908374,GUIDANCE_VS_ACTUAL,1.0,1.0,1.0,0.5847966214714382,8.65479292543966,12.182265117530497,12.955375898397836,,,,,,,
75.90524590163935,2.6406451612903226,12709.333333333334,3068715.0,496.5,-22.628742687457176,-56.98594665852561,5.155268066406916,3.199532633779008,7.025735024216371,COP,2023Q1,11964000000.0,-19.26602161735191,2.9684469124802733,,,,,,2.9684469124802733,,,,,,0.0,0.0,,,,,,1792.0,,1792.0,,,MISSING,0.0,1792.0,INITIAL_REGIME_CONFIRMED,,,,,,INITIAL_REGIME_CONFIRMED,,,,,,,,,4.568547436618544,INDUSTRY_FALLBACK,0.35,0.0,0.0,0.78,-26.408035124274704,-21.83948768765616,-19.619202619172604,,,,,,,
75.90524590163935,2.6406451612903226,12709.333333333334,3068715.0,496.5,-22.628742687457176,-56.98594665852561,5.155268066406916,3.199532633779008,7.025735024216371,DVN,2023Q1,3759000000.0,-17.881270334154266,2.348126017698841,,,,,,2.348126017698841,,,,,,0.0,0.0,,,,,,68.0,320.0,68.0,,0.2125,REJECT_OIL_RATIO,0.0,,REJECT_QOQ_JUMP_PENDING,-178.93054802664884,35.0,68.0,2023Q1,,REJECT_QOQ_JUMP_PENDING,-175.68432041218273,,,,,-2.187207481866833,,,-2.187207481866833,ACTUAL_VS_ACTUAL,0.9,0.0,1.0,0.4586881580433052,-31.92772337048764,-34.11493085235448,-28.90472510238917,,,,,,,
75.90524590163935,2.6406451612903226,12709.333333333334,3068715.0,496.5,-22.628742687457176,-56.98594665852561,5.155268066406916,3.199532633779008,7.025735024216371,EOG,2023Q1,,,10.587328952751973,,,,,,10.587328952751973,,,,,,0.0,0.0,,,,,,883.3,1458.0,883.3,,0.6058299039780521,REJECT_OIL_RATIO,0.0,883.3,OK,-3.9838832783459455,49.49747468305833,,,,OK,0.0,0.0,,,,,,,4.568547436618544,INDUSTRY_FALLBACK,0.35,0.0,0.0,0.39,-33.10768989863305,-28.539142462014503,-24.828004497270616,,,,,0.0,0.0,0.0
75.90524590163935,2.6406451612903226,12709.333333333334,3068715.0,496.5,-22.628742687457176,-56.98594665852561,5.155268066406916,3.199532633779008,7.025735024216371,FANG,2023Q1,1902000000.0,-22.796890422047387,-0.1492908961032177,,,,,,-0.1492908961032177,,,,,,0.0,0.0,,,,,,425.0,251.4,425.0,251.4,1.690533015115354,OK,0.0,425.0,OK,-3.4685557987889983,35.0,,,251.4,OK,10.82404757580982,10.82404757580982,418.5,250.0,10.82404757580982,15.718558352241237,9.282819676321132,11.64398521099158,9.282819676321132,GUIDANCE_VS_ACTUAL,1.0,1.0,1.0,0.5954545454545455,-29.57826803615057,-20.29544835982944,-18.368460368047767,,,,,,,
73.53887096774193,2.1620967741935484,12751.0,3106982.333333333,427.3,-39.20129228375654,-124.3243727104413,9.121659765260828,6.0043005669508815,-15.181735983850498,COP,2023Q2,11015000000.0,-41.7825981872026,-19.26602161735191,-2.021189352657002,0.6906573256046891,,-6.481005237001702,,-19.26602161735191,-2.021189352657002,0.6906573256046891,,-6.481005237001702,,0.0,0.0,-0.0,0.0,,-0.0,,1805.0,,1805.0,,,MISSING,0.0,1805.0,OK,0.722827723210542,35.0,,,,OK,,,1790.0,,,,,5.158736879049326,5.158736879049326,GUIDANCE_VS_GUIDANCE,0.8,1.0,1.0,0.78,-48.56483113069186,-43.406094251642536,-35.212722871477595,,,,,,,
73.53887096774193,2.1620967741935484,12751.0,3106982.333333333,427.3,-39.20129228375654,-124.3243727104413,9.121659765260828,6.0043005669508815,-15.181735983850498,DVN,2023Q2,3530000000.0,-49.58701535132305,-17.881270334154266,7.269007224570198,20.560980894429782,-4.682177356108816,-1.6858636824416653,,-17.881270334154266,7.269007224570198,20.560980894429782,-4.682177356108816,-1.6858636824416653,,0.0,0.0,0.0,0.0,-0.0,-0.0,,420.0,323.0,420.0,323.0,1.3003095975232195,OK,0.0,420.0,OK,3.144152583481909,49.49747468305833,,,323.0,OK,173.6189618073244,,,,,,,,8.186452005767844,INDUSTRY_FALLBACK,0.35,0.0,0.0,0.4586881580433052,-62.24035801315483,-54.053906007386985,-41.75657992880216,,,,,,,
73.53887096774193,2.1620967741935484,12751.0,3106982.333333333,427.3,-39.20129228375654,-124.3243727104413,9.121659765260828,6.0043005669508815,-15.181735983850498,EOG,2023Q2,,,,7.404609810114855,6.003335966128041,-0.762860466638227,,,,7.404609810114855,6.003335966128041,-0.762860466638227,,,0.0,0.0,0.0,0.0,-0.0,,,883.3,1458.0,883.3,,0.6058299039780521,REJECT_OIL_RATIO,0.0,883.3,OK,0.0,35.0,,,,OK,-4.146935654271374,-4.146935654271374,957.1,,,,,,8.186452005767844,INDUSTRY_FALLBACK,0.35,1.0,0.0,0.39,-65.1638318138954,-56.97737980812755,-43.43466238918434,,,,,0.0,1.0,0.0
73.53887096774193,2.1620967741935484,12751.0,3106982.333333333,427.3,-39.20129228375654,-124.3243727104413,9.121659765260828,6.0043005669508815,-15.181735983850498,FANG,2023Q2,1896000000.0,-37.25815162382672,-22.796890422047387,16.7634194175102,18.95752055726769,18.03666343682295,2.460401177236998,,-22.796890422047387,16.7634194175102,18.95752055726769,18.03666343682295,2.460401177236998,,0.0,0.0,0.0,0.0,0.0,0.0,,449.9,263.1,449.9,263.1,1.7099961991638155,OK,0.0,449.9,OK,5.693616692270973,35.0,,,263.1,OK,16.7539158545386,16.7539158545386,433.0,259.5,16.7539158545386,10.82404757580982,12.92515507007493,15.050069018287562,12.92515507007493,GUIDANCE_VS_ACTUAL,1.0,1.0,1.0,0.5915294117647059,-56.58642965090063,-43.6612745808257,-35.37783650017483,,,,,,,
82.25031746031746,2.5898412698412696,13029.666666666666,3163700.333333333,473.2,-12.352085075714648,-113.11792324810092,7.44921284275849,3.625583933756768,-53.99321733155706,COP,2023Q3,12599000000.0,-23.696927384061546,-41.7825981872026,-4.461235794821543,2.230897401882626,,-6.597528928231826,,-41.7825981872026,-4.461235794821543,2.230897401882626,,-6.597528928231826,,0.0,0.0,-0.0,0.0,,-0.0,,,,,,,MISSING,0.0,,MISSING,,,,,,MISSING,,,1800.0,,,,,3.966525639243136,3.966525639243136,GUIDANCE_VS_GUIDANCE,0.8,1.0,1.0,0.78,-23.436327274677137,-19.469801635434003,-17.691682181154732,,,,,,,
82.25031746031746,2.5898412698412696,13029.666666666666,3163700.333333333,473.2,-12.352085075714648,-113.11792324810092,7.44921284275849,3.625583933756768,-53.99321733155706,DVN,2023Q3,4030000000.0,-25.181058309138194,-49.58701535132305,0.6917469419559913,21.6331544917254,-4.624735434852678,-2.320289707966387,0.0,-49.58701535132305,0.6917469419559913,21.6331544917254,-4.624735434852678,-2.320289707966387,0.0,0.0,0.0,0.0,0.0,-0.0,-0.0,0.0,,321.0,,321.0,,OK,0.0,,MISSING,,,,,,MISSING,,,,,,,,,6.302124170057973,INDUSTRY_FALLBACK,0.35,0.0,0.0,0.7690476190476191,-23.988140198002107,-17.686016027944135,-16.21030523942133,,,,,,,
82.25031746031746,2.5898412698412696,13029.666666666666,3163700.333333333,473.2,-12.352085075714648,-113.11792324810092,7.44921284275849,3.625583933756768,-53.99321733155706,EOG,2023Q3,,,,8.414274451453585,6.907375473203126,-0.7642677864970715,,,,8.414274451453585,6.907375473203126,-0.7642677864970715,,,0.0,0.0,0.0,0.0,-0.0,,,883.3,1458.0,883.3,,0.6058299039780521,REJECT_OIL_RATIO,0.0,883.3,OK,0.0,35.0,,,,OK,-3.9838832783459455,-3.9838832783459455,,,,,,,6.302124170057973,INDUSTRY_FALLBACK,0.35,0.0,0.0,0.39,-43.08566571829246,-36.78354154823449,-30.77688971641892,,,,,0.0,0.0,0.0
82.25031746031746,2.5898412698412696,13029.666666666666,3163700.333333333,473.2,-12.352085075714648,-113.11792324810092,7.44921284275849,3.625583933756768,-53.99321733155706,FANG,2023Q3,2340000000.0,-3.2376172351735857,-37.25815162382672,16.255944385958866,16.27177959596017,19.181165427684764,2.1309530706767643,,-37.25815162382672,16.255944385958866,16.27177959596017,19.181165427684764,2.1309530706767643,,0.0,0.0,0.0,0.0,0.0,0.0,,452.8,266.1,452.8,266.1,1.7016159338594512,OK,0.0,452.8,OK,0.6425191041846547,35.0,,,266.1,OK,220.34275214608277,,442.5,263.5,,16.7539158545386,,16.818466703345223,16.818466703345223,GUIDANCE_VS_GUIDANCE,0.8,1.0,1.0,0.5847966214714382,-33.2712433004332,-16.452776597087976,-15.17057970947947,,,,,,,
78.52672131147541,2.740806451612903,13275.333333333334,3211415.0,473.7,-5.347207078927442,-70.46735054027347,6.65581771851798,2.390085520361973,-42.236849304088366,COP,2023Q4,12944000000.0,-6.743624235644101,-23.696927384061546,-1.2584521584523378,2.922039609161496,,-5.625933684857679,,-23.696927384061546,-1.2584521584523378,2.922039609161496,,-5.625933684857679,,0.0,0.0,-0.0,0.0,,-0.0,,1902.0,,1902.0,,,MISSING,0.0,1902.0,OK,5.234537233835442,49.49747468305833,,,,OK,7.8729164860213405,,1880.0,,,,,6.029223025612004,6.029223025612004,GUIDANCE_VS_GUIDANCE,0.8,1.0,1.0,0.78,-12.510422859675504,-6.4811998340635,-6.275634982335832,,,,,,,
78.52672131147541,2.740806451612903,13275.333333333334,3211415.0,473.7,-5.347207078927442,-70.46735054027347,6.65581771851798,2.390085520361973,-42.236849304088366,DVN,2023Q4,3821000000.0,-13.012334108887863,-25.181058309138194,2.862239826512885,6.72641070101911,-8.783335918715581,-1.8605187831034469,0.0,-25.181058309138194,2.862239826512885,6.72641070101911,-8.783335918715581,-1.8605187831034469,0.0,0.0,0.0,0.0,0.0,-0.0,-0.0,0.0,,,,,,MISSING,0.0,,MISSING,,,,,,MISSING,,,,,,,,,5.376098059071178,INDUSTRY_FALLBACK,0.35,0.0,0.0,0.4586881580433052,-22.97235948170016,-17.59626142262898,-16.135066369469786,,,,,,,
78.52672131147541,2.740806451612903,13275.333333333334,3211415.0,473.7,-5.347207078927442,-70.46735054027347,6.65581771851798,2.390085520361973,-42.236849304088366,EOG,2023Q4,6357000000.0,-5.538276598374115,,7.515361647075279,8.62694319998888,-0.7921879295026367,,,,7.515361647075279,8.62694319998888,-0.7921879295026367,,,0.0,0.0,0.0,0.0,-0.0,,,359.4,1458.0,359.4,,0.2465020576131687,REJECT_OIL_RATIO,0.0,,REJECT_QOQ_JUMP_PENDING,-89.9228919401628,35.0,359.4,2023Q4,,REJECT_QOQ_JUMP_PENDING,8.08081647235414,,1015.0,,,,,11.658916732008988,11.658916732008988,GUIDANCE_VS_GUIDANCE,0.8,1.0,1.0,0.39,-25.208850834637982,-13.549934102628994,-12.672026160332129,,,,,0.0,1.0,0.0
78.52672131147541,2.740806451612903,13275.333333333334,3211415.0,473.7,-5.347207078927442,-70.46735054027347,6.65581771851798,2.390085520361973,-42.236849304088366,FANG,2023Q4,2228000000.0,10.396512023555474,-3.2376172351735857,16.24623075030507,14.67466572765949,15.284067683276724,2.528455169469105,,-3.2376172351735857,16.24623075030507,14.67466572765949,15.284067683276724,2.528455169469105,,0.0,0.0,0.0,0.0,0.0,0.0,,466.0,275.0,466.0,275.0,1.6945454545454546,OK,0.0,466.0,OK,2.873510723667268,35.0,,,275.0,OK,5.741090721333902,5.741090721333902,457.5,271.0,5.741090721333902,,3.9002157803269175,16.091301940477308,3.9002157803269175,GUIDANCE_VS_ACTUAL,1.0,1.0,1.0,0.5876766784452297,-18.772484004980114,-14.872268224653196,-13.819192355703269,,,,,,,
77.56516666666667,2.147377049180328,12945.333333333334,3119603.0,454.4,2.163264527264129,-20.677614634286435,6.9906188118700445,3.2165025293748104,-20.62398213818168,COP,2024Q1,12307000000.0,2.826606542249798,-6.743624235644101,,,,,,-6.743624235644101,,,,,,0.0,0.0,,,,,,1902.0,,1902.0,,,MISSING,0.0,1902.0,OK,0.0,35.0,,,,OK,5.957364957045987,5.957364957045987,1900.0,,5.957364957045987,,5.852157161965611,,5.852157161965611,GUIDANCE_VS_ACTUAL,1.0,1.0,1.0,0.78,-0.3492321805064327,5.502924981459178,5.657151874454924,,,,,,,
77.56516666666667,2.147377049180328,12945.333333333334,3119603.0,454.4,2.163264527264129,-20.677614634286435,6.9906188118700445,3.2165025293748104,-20.62398213818168,DVN,2024Q1,3741000000.0,-0.4800009216031893,-13.012334108887863,,,,,,-13.012334108887863,,,,,,0.0,0.0,,,,,,,319.0,,319.0,,OK,0.0,,MISSING,,,,,,MISSING,,,,,,,,,5.858383927121474,INDUSTRY_FALLBACK,0.35,0.0,0.0,0.4586881580433052,-4.018754658160482,1.839629268960992,1.856654689490722,,,,,,,
77.56516666666667,2.147377049180328,12945.333333333334,3119603.0,454.4,2.163264527264129,-20.677614634286435,6.9906188118700445,3.2165025293748104,-20.62398213818168,EOG,2024Q1,,,-5.538276598374115,,,,,,-5.538276598374115,,,,,,0.0,0.0,,,,,,970.3,1668.0,970.3,,0.5817146282973621,REJECT_OIL_RATIO,0.0,970.3,OK,9.394040828016715,49.49747468305833,,,,OK,9.394040828016715,9.394040828016715,1020.1,,,,,,5.858383927121474,INDUSTRY_FALLBACK,0.35,1.0,0.0,0.39,-4.803203617008793,1.0551803101126804,1.0607669700348987,,,,,0.0,1.0,0.0
77.56516666666667,2.147377049180328,12945.333333333334,3119603.0,454.4,2.163264527264129,-20.677614634286435,6.9906188118700445,3.2165025293748104,-20.62398213818168,FANG,2024Q1,2227000000.0,15.774942415203205,10.396512023555474,,,,,,10.396512023555474,,,,,,0.0,0.0,,,,,,461.1,273.3,461.1,273.3,1.687156970362239,OK,0.0,461.1,OK,-1.0570694912985985,35.0,,,273.3,OK,8.15257702882431,8.15257702882431,461.0,272.0,8.15257702882431,5.741090721333902,8.13088740722317,9.67211530671186,8.13088740722317,GUIDANCE_VS_ACTUAL,1.0,1.0,1.0,0.5901287553648069,-2.5176452579892583,5.613242149233912,5.77377416733218,,,,,,,
81.73564516129032,2.063650793650793,13274.0,3089750.0,466.4,10.56760768742219,-4.660183545433216,1.83987311515121,1.6446842935157877,-8.860561607828576,COP,2024Q2,12660000000.0,13.918943646172377,2.826606542249798,4.183940091274374,7.139485970300338,,-3.5286706367947187,,2.826606542249798,4.183940091274374,7.139485970300338,,-3.5286706367947187,,0.0,0.0,0.0,0.0,,-0.0,,,,,,,MISSING,0.0,,MISSING,,,,,,MISSING,,,1930.0,,,5.957364957045987,6.695941113194995,7.530438306413058,6.695941113194995,GUIDANCE_VS_ACTUAL,1.0,1.0,1.0,0.78,8.892550651808095,15.588491765003091,16.86916995633514,,,,,,,
81.73564516129032,2.063650793650793,13274.0,3089750.0,466.4,10.56760768742219,-4.660183545433216,1.83987311515121,1.6446842935157877,-8.860561607828576,DVN,2024Q2,3894000000.0,9.81390360048025,-0.4800009216031893,6.440507927132201,5.613169196433962,-8.567256068560695,-2.345690035404309,,-0.4800009216031893,6.440507927132201,5.613169196433962,-8.567256068560695,-2.345690035404309,,0.0,0.0,0.0,0.0,-0.0,-0.0,,,,,,,MISSING,0.0,,MISSING,,,,,,MISSING,,,,,,,,,1.7813164686605831,INDUSTRY_FALLBACK,0.35,0.0,0.0,0.4586881580433052,6.446115826827704,8.227432295488287,8.575361612037957,,,,,,,
81.73564516129032,2.063650793650793,13274.0,3089750.0,466.4,10.56760768742219,-4.660183545433216,1.83987311515121,1.6446842935157877,-8.860561607828576,EOG,2024Q2,,,,8.793721274429256,9.023495288201392,-0.7953382327825935,,,,8.793721274429256,9.023495288201392,-0.7953382327825935,,,0.0,0.0,0.0,0.0,-0.0,,,970.3,1668.0,970.3,,0.5817146282973621,REJECT_OIL_RATIO,0.0,970.3,OK,0.0,35.0,,,,OK,9.394040828016715,9.394040828016715,1030.1,,,,,7.350328468778672,7.350328468778672,GUIDANCE_VS_GUIDANCE,0.8,1.0,1.0,0.39,5.923131361401292,13.273459830179963,14.194688346694683,,,,,0.0,1.0,0.0
81.73564516129032,2.063650793650793,13274.0,3089750.0,466.4,10.56760768742219,-4.660183545433216,1.83987311515121,1.6446842935157877,-8.860561607828576,FANG,2024Q2,2483000000.0,26.97211026931995,15.774942415203205,7.339314621965036,5.749803894934598,-4.728769631744631,-1.948100946011056,,15.774942415203205,7.339314621965036,5.749803894934598,-4.728769631744631,-1.948100946011056,,0.0,0.0,0.0,0.0,-0.0,-0.0,,474.7,276.1,474.7,276.1,1.7193045997826872,OK,0.0,474.7,OK,2.906808634461231,35.0,,,276.1,OK,5.365768971014577,5.365768971014577,462.5,273.0,5.365768971014577,8.15257702882431,2.762122110535329,6.590882894999002,2.762122110535329,GUIDANCE_VS_ACTUAL,1.0,1.0,1.0,0.5927130774235524,7.466567572989046,10.228689683524376,10.77012221199849,,,,,,,
76.4275,2.10890625,13264.666666666666,3163448.333333333,454.3,-7.342467028709938,-20.542713989630617,4.0197534822328285,-0.5561762821852778,8.75572923863033,COP,2024Q3,11703000000.0,-7.377222653586352,13.918943646172377,6.887456751927791,7.040156326531139,,-3.304250987446094,,13.918943646172377,6.887456751927791,7.040156326531139,,-3.304250987446094,,0.0,0.0,0.0,0.0,,-0.0,,1917.0,,1917.0,,,MISSING,0.0,1917.0,OK,0.7855499940308832,49.49747468305833,,,,OK,,,1890.0,,,,,4.879016416943205,4.879016416943205,GUIDANCE_VS_GUIDANCE,0.8,1.0,1.0,0.78,-8.794494194411213,-3.915477777468008,-3.839813696885952,,,,,,,
76.4275,2.10890625,13264.666666666666,3163448.333333333,454.3,-7.342467028709938,-20.542713989630617,4.0197534822328285,-0.5561762821852778,8.75572923863033,DVN,2024Q3,3797000000.0,-5.955509470892636,9.81390360048025,7.45238259748678,5.303722933215012,-8.522985574753191,-1.7364287909336154,0.0,9.81390360048025,7.45238259748678,5.303722933215012,-8.522985574753191,-1.7364287909336154,0.0,0.0,0.0,0.0,0.0,-0.0,-0.0,0.0,,,,,,MISSING,0.0,,MISSING,,,,,,MISSING,,,,,,,,,2.6469745529073965,INDUSTRY_FALLBACK,0.35,0.0,0.0,0.4586881580433052,-10.915192027059554,-8.268217474152157,-7.935629545002731,,,,,,,
76.4275,2.10890625,13264.666666666666,3163448.333333333,454.3,-7.342467028709938,-20.542713989630617,4.0197534822328285,-0.5561762821852778,8.75572923863033,EOG,2024Q3,5965000000.0,,,8.624779422235857,8.475497795616596,-15.106901328985025,,,,8.624779422235857,8.475497795616596,-15.106901328985025,,,0.0,0.0,0.0,0.0,-0.0,,,970.3,1668.0,970.3,,0.5817146282973621,REJECT_OIL_RATIO,0.0,970.3,OK,0.0,35.0,,,,OK,9.394040828016715,9.394040828016715,,,,,,,2.6469745529073965,INDUSTRY_FALLBACK,0.35,0.0,0.0,0.39,-11.368542351790746,-8.721567798883349,-8.352059012024437,,,,,0.0,0.0,0.0
76.4275,2.10890625,13264.666666666666,3163448.333333333,454.3,-7.342467028709938,-20.542713989630617,4.0197534822328285,-0.5561762821852778,8.75572923863033,FANG,2024Q3,2645000000.0,12.252013594065264,26.97211026931995,25.60397767073324,7.483775721188817,60.48428167997015,-1.12229492621986,,26.97211026931995,25.60397767073324,7.483775721188817,50.0,-1.12229492621986,,1.0,1.0,25.60397767073324,7.483775721188817,50.0,-1.12229492621986,,571.1,321.1,571.1,321.1,1.7785736530675802,OK,1.0,571.1,OK,18.48813001135449,35.0,,,321.1,OK,23.211379878184413,23.211379878184413,462.5,273.0,23.211379878184413,5.365768971014577,2.119603006350664,4.42060925044957,2.119603006350664,GUIDANCE_VS_ACTUAL,1.0,1.0,1.0,0.5816305034758795,-10.103757366227155,-7.9841543598764915,-7.673736832958077,,,,,,,
70.8125,2.441904761904762,13454.333333333334,3202176.0,448.9,-10.340342694988388,-11.547382761193091,1.7875049669696348,-0.0079656734307824,-4.076035933887402,COP,2024Q4,12748000000.0,-1.5257963761045874,-7.377222653586352,3.2027954254462414,7.581811022515812,,-2.9962898113801906,,-7.377222653586352,3.2027954254462414,7.581811022515812,,-2.9962898113801906,,1.0,1.0,3.2027954254462414,7.581811022515812,,-2.9962898113801906,,2183.0,,2183.0,,,MISSING,1.0,2183.0,OK,12.993861350429947,35.0,,,,OK,13.779411344460826,13.779411344460826,2010.0,,13.779411344460826,,5.522875794778591,6.686294522912646,5.522875794778591,GUIDANCE_VS_ACTUAL,1.0,1.0,1.0,0.78,-10.473117102270905,-4.950241307492314,-4.829713839661832,,,,,,,
70.8125,2.441904761904762,13454.333333333334,3202176.0,448.9,-10.340342694988388,-11.547382761193091,1.7875049669696348,-0.0079656734307824,-4.076035933887402,DVN,2024Q4,4487000000.0,16.067215852908348,-5.955509470892636,22.188042975039675,27.08045936626374,44.81813426647146,-2.535793559008169,0.0,-5.955509470892636,22.188042975039675,27.08045936626374,44.81813426647146,-2.535793559008169,0.0,0.0,0.0,0.0,0.0,0.0,-0.0,0.0,,,,,,MISSING,0.0,,MISSING,,,,,,MISSING,,,,,,,,,1.2488637748495095,INDUSTRY_FALLBACK,0.35,0.0,0.0,0.4586881580433052,-10.667035235764788,-9.418171460915278,-8.988263440764332,,,,,,,
70.8125,2.441904761904762,13454.333333333334,3202176.0,448.9,-10.340342694988388,-11.547382761193091,1.7875049669696348,-0.0079656734307824,-4.076035933887402,EOG,2024Q4,5585000000.0,-12.947213543310763,,5.5784077785114565,7.301758725700681,-0.7985136919313187,,,,5.5784077785114565,7.301758725700681,-0.7985136919313187,,,0.0,0.0,0.0,0.0,-0.0,,,388.7,1668.0,388.7,,0.2330335731414868,REJECT_OIL_RATIO,0.0,,REJECT_QOQ_JUMP_PENDING,-91.47974641730762,35.0,388.7,2024Q4,,REJECT_QOQ_JUMP_PENDING,7.837186350871879,,,,,,,,1.2488637748495095,INDUSTRY_FALLBACK,0.35,0.0,0.0,0.39,-10.708489915180824,-9.459626140331315,-9.025984245326446,,,,,0.0,0.0,0.0
70.8125,2.441904761904762,13454.333333333334,3202176.0,448.9,-10.340342694988388,-11.547382761193091,1.7875049669696348,-0.0079656734307824,-4.076035933887402,FANG,2024Q4,3711000000.0,51.0197060013423,12.252013594065264,85.18610619311669,91.06053715450166,64.90929750246332,13.502157161698484,,12.252013594065264,50.0,50.0,50.0,13.502157161698484,,0.0,1.0,50.0,50.0,50.0,13.502157161698484,,909.0,498.0,909.0,498.0,1.8253012048192767,OK,1.0,909.0,MNA_JUMP_ACCEPTED,46.47807685066616,35.0,,,498.0,MNA_JUMP_ACCEPTED,66.81594600518329,66.81594600518329,845.0,472.5,66.81594600518329,23.211379878184413,59.51509932315279,61.35597426415978,59.51509932315279,GUIDANCE_VS_ACTUAL,1.0,1.0,1.0,0.5622482927683418,-10.60453461982745,48.910564703325335,63.08570057249461,,,,,,,
71.78333333333333,4.143606557377049,13277.666666666666,3165190.0,502.4,-7.746612041744536,65.73194374956968,1.339355840732396,-0.28810712721618,-5.377406414181965,COP,2025Q1,14479000000.0,16.253111760908503,-1.5257963761045874,,,,,,-1.5257963761045874,,,,,,0.0,1.0,,,,,,2389.0,,2389.0,,,MISSING,1.0,2389.0,OK,9.017479077586572,35.0,,,,OK,22.79689042204739,22.79689042204739,2360.0,,22.79689042204739,13.779411344460826,21.57556549143202,21.6807732865124,21.57556549143202,GUIDANCE_VS_ACTUAL,1.0,1.0,1.0,0.78,0.3360290953000264,21.911594586732047,24.49756180973077,,,,,,,
71.78333333333333,4.143606557377049,13277.666666666666,3165190.0,502.4,-7.746612041744536,65.73194374956968,1.339355840732396,-0.28810712721618,-5.377406414181965,DVN,2025Q1,4550000000.0,19.577427759685,16.067215852908348,,,,,,16.067215852908348,,,,,,0.0,0.0,,,,,,851.0,390.0,851.0,390.0,2.182051282051282,OK,0.0,,REJECT_QOQ_JUMP_PENDING,70.61574172959601,55.0,851.0,2025Q1,,REJECT_QOQ_JUMP_PENDING,,,,,,,,,0.8511169503478232,INDUSTRY_FALLBACK,0.35,0.0,0.0,0.4586881580433052,12.140794148112498,12.99191109846032,13.8736268343584,,,,,,,
71.78333333333333,4.143606557377049,13277.666666666666,3165190.0,502.4,-7.746612041744536,65.73194374956968,1.339355840732396,-0.28810712721618,-5.377406414181965,EOG,2025Q1,5669000000.0,,-12.947213543310763,,,,,,-12.947213543310763,,,,,,0.0,0.0,,,,,,1047.5,1872.0,1047.5,,0.5595619658119658,REJECT_OIL_RATIO,0.0,1047.5,OK,7.655634976503905,49.49747468305833,,,,OK,7.655634976503905,7.655634976503905,,,,,,,0.8511169503478232,INDUSTRY_FALLBACK,0.35,0.0,0.0,0.39,14.664347474606299,15.515464424954121,16.78385466571397,,,,,0.0,0.0,0.0
71.78333333333333,4.143606557377049,13277.666666666666,3165190.0,502.4,-7.746612041744536,65.73194374956968,1.339355840732396,-0.28810712721618,-5.377406414181965,FANG,2025Q1,4048000000.0,59.75675437099338,51.0197060013423,,,,,,51.0197060013423,,,,,,0.0,1.0,,,,,,850.7,475.9,850.7,475.9,1.7875604118512294,OK,1.0,850.7,OK,-6.628555419564018,35.0,,,475.9,OK,61.24446007691788,61.24446007691788,867.5,472.5,61.24446007691788,66.81594600518329,63.20005726083543,63.22174688243658,63.20005726083543,GUIDANCE_VS_ACTUAL,1.0,1.0,1.0,0.5478547854785478,8.864876643750593,72.06493390458603,105.5767667555271,,,,,,,
64.56725806451612,3.1912903225806453,13507.666666666666,3244056.333333333,443.0,-23.578275880693973,43.594868066744034,2.53480629597067,1.4507335254396898,10.04187477470474,COP,2025Q2,12621000000.0,-0.3085323439536553,16.253111760908503,26.47945011450201,,,7.790020270770208,,16.253111760908503,26.47945011450201,,,7.790020270770208,,0.0,1.0,26.47945011450201,,,7.790020270770208,,2391.0,,2391.0,,,MISSING,1.0,2391.0,OK,0.0836820132515281,35.0,,,,OK,,,2360.0,,,22.79689042204739,,20.114161612072444,20.114161612072444,GUIDANCE_VS_GUIDANCE,0.8,1.0,1.0,0.78,-16.189230046475792,3.9249315655966512,4.002974702821027,,,,,,,
64.56725806451612,3.1912903225806453,13507.666666666666,3244056.333333333,443.0,-23.578275880693973,43.594868066744034,2.53480629597067,1.4507335254396898,10.04187477470474,DVN,2025Q2,4048000000.0,3.878602503515645,19.577427759685,21.366648502508163,24.74375510719424,39.27999687010701,2.0360922648915176,,19.577427759685,21.366648502508163,24.74375510719424,39.27999687010701,2.0360922648915176,,0.0,0.0,0.0,0.0,0.0,0.0,,841.0,387.0,841.0,387.0,2.1731266149870803,OK,0.0,841.0,NEW_REGIME_CONFIRMED,69.4336948695534,55.0,,,387.0,NEW_REGIME_CONFIRMED,,,,,,,,,2.209584464811376,INDUSTRY_FALLBACK,0.35,0.0,0.0,0.4586881580433052,-5.397466740589037,-3.1878822757776613,-3.1376049853085064,,,,,,,
64.56725806451612,3.1912903225806453,13507.666666666666,3244056.333333333,443.0,-23.578275880693973,43.594868066744034,2.53480629597067,1.4507335254396898,10.04187477470474,EOG,2025Q2,5478000000.0,,,4.7645699911126425,4.593993333491678,-8.119677589164311,,,,4.7645699911126425,4.593993333491678,-8.119677589164311,,,0.0,0.0,0.0,0.0,-0.0,,,1062.1,1948.0,1062.1,,0.5452258726899384,REJECT_OIL_RATIO,0.0,1062.1,OK,1.3841707531201048,35.0,,,,OK,9.039805729624009,9.039805729624009,,,,,,,2.2095844648113756,INDUSTRY_FALLBACK,0.35,0.0,0.0,0.39,-3.0904669767253807,-0.8808825119140051,-0.8770141089432748,,,,,0.0,0.0,0.0
64.56725806451612,3.1912903225806453,13507.666666666666,3244056.333333333,443.0,-23.578275880693973,43.594868066744034,2.53480629597067,1.4507335254396898,10.04187477470474,FANG,2025Q2,3678000000.0,39.29016196560998,59.75675437099338,85.86273662059479,87.60606284632189,67.31876545475993,48.40823547401785,,59.75675437099338,50.0,50.0,50.0,48.40823547401785,,0.0,1.0,50.0,50.0,50.0,48.40823547401785,,919.9,495.7,919.9,495.7,1.8557595319749849,OK,1.0,919.9,OK,7.820542850127282,35.0,,,495.7,OK,66.15819429258391,66.15819429258391,883.0,492.5,66.15819429258391,61.24446007691788,62.06421750466876,64.66786436514802,62.06421750466876,GUIDANCE_VS_ACTUAL,1.0,1.0,1.0,0.5594216527565534,-8.78075951093979,53.28345799372897,70.37548998364669,,,,,,,
65.77953125,3.0321875,13781.666666666666,3321295.6666666665,444.7,-15.00338643414686,36.31148580759629,1.7450190760337962,4.8734320007201495,-5.147386499114688,COP,2025Q3,13337000000.0,13.069690844762832,-0.3085323439536553,24.46331773473644,,,7.367277510276833,,-0.3085323439536553,24.46331773473644,,,7.367277510276833,,0.0,1.0,24.46331773473644,,,7.367277510276833,,,,,,,MISSING,1.0,,MISSING,,,,,,MISSING,,,2350.0,,,,20.36538640925602,21.783849908451668,20.36538640925602,GUIDANCE_VS_ACTUAL,1.0,1.0,1.0,0.78,-9.358750487555112,11.006635921700903,11.635214825543638,,,,,,,
65.77953125,3.0321875,13781.666666666666,3321295.6666666665,444.7,-15.00338643414686,36.31148580759629,1.7450190760337962,4.8734320007201495,-5.147386499114688,DVN,2025Q3,4251000000.0,11.294296812698777,3.878602503515645,22.11544509249229,23.85412023646204,39.309113062072086,1.2658396871923463,0.0,3.878602503515645,22.11544509249229,23.85412023646204,39.309113062072086,1.2658396871923463,0.0,0.0,0.0,0.0,0.0,0.0,0.0,0.0,853.0,390.0,853.0,390.0,2.187179487179487,OK,0.0,853.0,OK,1.4167887518731108,35.0,,,390.0,OK,,,,,,,,,2.6835429534397024,INDUSTRY_FALLBACK,0.35,0.0,0.0,0.460166468489893,-1.1526420835217746,1.5309008699179278,1.5426791853062172,,,,,,,
65.77953125,3.0321875,13781.666666666666,3321295.6666666665,444.7,-15.00338643414686,36.31148580759629,1.7450190760337962,4.8734320007201495,-5.147386499114688,EOG,2025Q3,5847000000.0,-1.998034635634604,,2.316840964110128,4.97747838123512,6.203539091945269,,,,2.316840964110128,4.97747838123512,6.203539091945269,,,1.0,1.0,2.316840964110128,4.97747838123512,6.203539091945269,,,1062.1,1948.0,1062.1,,0.5452258726899384,REJECT_OIL_RATIO,1.0,1062.1,OK,0.0,35.0,,,,OK,9.039805729624009,9.039805729624009,,,,,,,2.6835429534397024,INDUSTRY_FALLBACK,0.35,0.0,0.0,0.39,0.6476495995848008,3.3311925530245032,3.3872980327482427,,,,,0.0,0.0,0.0
65.77953125,3.0321875,13781.666666666666,3321295.6666666665,444.7,-15.00338643414686,36.31148580759629,1.7450190760337962,4.8734320007201495,-5.147386499114688,FANG,2025Q3,3924000000.0,39.444047639285394,39.29016196560998,70.24619146679709,93.79230231448535,23.27136383107609,49.34120444351139,,39.29016196560998,50.0,50.0,23.27136383107609,49.34120444351139,,0.0,1.0,50.0,50.0,23.27136383107609,49.34120444351139,,942.9,503.8,942.9,503.8,1.871576022231044,OK,1.0,942.9,OK,2.4695263988520098,35.0,,,503.8,OK,50.13959068008143,50.13959068008143,905.0,490.0,50.13959068008143,66.15819429258391,46.03706180291088,67.12883867474463,46.03706180291088,GUIDANCE_VS_ACTUAL,1.0,1.0,1.0,0.5388629198825959,-3.171791258069325,42.86527054484156,53.51877794529778,,,,,,,
59.615967741935485,3.740333333333333,13770.0,3365360.333333333,428.1,-17.211208546662565,42.63963591256278,3.823534801707389,4.8692290490703325,-2.1357875248706923,COP,2025Q4,11387000000.0,-11.290204272662203,13.069690844762832,23.62793712856365,,,6.978315510285412,,13.069690844762832,23.62793712856365,,,6.978315510285412,,0.0,1.0,23.62793712856365,,,6.978315510285412,,2320.0,,2320.0,,,MISSING,1.0,2320.0,OK,-3.014450279796913,49.49747468305833,,,,OK,6.0867108110411685,6.0867108110411685,2320.0,,6.0867108110411685,,6.0867108110411685,14.343246360723429,6.0867108110411685,GUIDANCE_VS_ACTUAL,1.0,1.0,1.0,0.78,-10.627615656147778,-4.54090484510661,-4.439348748791794,,,,,,,
59.615967741935485,3.740333333333333,13770.0,3365360.333333333,428.1,-17.211208546662565,42.63963591256278,3.823534801707389,4.8692290490703325,-2.1357875248706923,DVN,2025Q4,3937000000.0,-13.07653150322459,11.294296812698777,3.1165101097837145,1.3495696381887468,-18.3718299457218,0.958473791298731,0.0,11.294296812698777,3.1165101097837145,1.3495696381887468,-18.3718299457218,0.958473791298731,0.0,0.0,0.0,0.0,0.0,-0.0,0.0,0.0,,,,,,MISSING,0.0,,MISSING,,,,,,MISSING,,,,,,,,,4.137243075916272,INDUSTRY_FALLBACK,0.35,0.0,0.0,0.4572098475967174,-0.9679840539185224,3.1692590219977497,3.220014810779559,,,,,,,
59.615967741935485,3.740333333333333,13770.0,3365360.333333333,428.1,-17.211208546662565,42.63963591256278,3.823534801707389,4.8692290490703325,-2.1357875248706923,EOG,2025Q4,5638000000.0,0.944496017075686,-1.998034635634604,12.31447084304952,22.144252148797097,71.73051767248596,-4.163497265157734,,-1.998034635634604,12.31447084304952,22.144252148797097,50.0,-4.163497265157734,,0.0,1.0,12.31447084304952,22.144252148797097,50.0,-4.163497265157734,,1232.2,1948.0,1232.2,,0.6325462012320329,REJECT_OIL_RATIO,1.0,1232.2,OK,14.855310925297646,35.0,,,,OK,115.37486307222927,,1102.1,,,,,,4.137243075916272,INDUSTRY_FALLBACK,0.35,1.0,0.0,0.39,1.043299013401164,5.180542089317436,5.317079754188603,,,,,0.0,0.7,0.0
59.615967741935485,3.740333333333333,13770.0,3365360.333333333,428.1,-17.211208546662565,42.63963591256278,3.823534801707389,4.8692290490703325,-2.1357875248706923,FANG,2025Q4,3376000000.0,-9.460980534474992,39.444047639285394,14.771800917550172,14.006598815121292,28.457400157225493,34.41323928027647,,39.444047639285394,14.771800917550172,14.006598815121292,28.457400157225493,34.41323928027647,,0.0,0.0,0.0,0.0,0.0,0.0,,969.1,512.8,969.1,512.8,1.889820592823713,OK,0.0,969.1,OK,2.740757326887289,35.0,,,512.8,OK,6.402271156302564,6.402271156302564,915.0,496.5,6.402271156302564,50.13959068008143,0.6578971098042561,7.9587437918347455,0.6578971098042561,GUIDANCE_VS_ACTUAL,1.0,1.0,1.0,0.5343090465584898,-3.275210136414474,-2.617313026610218,-2.58335826830266,,,,,,,
72.73508196721312,4.707,13580.666666666666,3301021.0,512.0,1.3171503322224671,12.7484204687062,2.319107766486564,4.9704461367523445,-4.744333263698588,COP,2026Q1,13500000000.0,-7.000963835490086,-11.290204272662203,,,,,,-11.290204272662203,,,,,,0.0,0.0,,,,,,2309.0,,2309.0,,,MISSING,0.0,2309.0,OK,-0.475265530586025,35.0,,,,OK,-3.4060337971314234,-3.4060337971314234,2320.0,,-3.4060337971314234,6.0867108110411685,-2.9307682665453925,-1.7094433359300067,-2.9307682665453925,GUIDANCE_VS_ACTUAL,1.0,1.0,1.0,0.78,2.5745900472356777,-0.3561782193097147,-0.3555446571168907,,,,,,,
72.73508196721312,4.707,13580.666666666666,3301021.0,512.0,1.3171503322224671,12.7484204687062,2.319107766486564,4.9704461367523445,-4.744333263698588,DVN,2026Q1,4508000000.0,-0.9273636785329216,-13.07653150322459,,,,,,-13.07653150322459,,,,,,0.0,0.0,,,,,,833.0,387.0,833.0,387.0,2.152454780361757,OK,0.0,833.0,OK,-2.3725905324836454,49.49747468305833,,,387.0,OK,-2.13784864065314,,,,,,,,3.114509277566298,INDUSTRY_FALLBACK,0.35,0.0,0.0,0.4586881580433052,4.411091278964751,7.525600556531049,7.816013055067583,,,,,,,
72.73508196721312,4.707,13580.666666666666,3301021.0,512.0,1.3171503322224671,12.7484204687062,2.319107766486564,4.9704461367523445,-4.744333263698588,EOG,2026Q1,6921000000.0,19.95475325175597,0.944496017075686,,,,,,0.944496017075686,,,,,,0.0,1.0,,,,,,1232.2,1948.0,1232.2,,0.6325462012320329,REJECT_OIL_RATIO,1.0,1232.2,OK,0.0,35.0,,,,OK,16.239481678417754,16.239481678417754,,,,,,,3.114509277566298,INDUSTRY_FALLBACK,0.35,0.0,0.0,0.39,4.803687723850006,7.918197001416304,8.240126872477838,,,,,0.0,0.0,0.0
72.73508196721312,4.707,13580.666666666666,3301021.0,512.0,1.3171503322224671,12.7484204687062,2.319107766486564,4.9704461367523445,-4.744333263698588,FANG,2026Q1,4240000000.0,4.634033725870192,-9.460980534474992,,,,,,-9.460980534474992,,,,,,0.0,0.0,,,,,,979.4,521.0,979.4,521.0,1.8798464491362763,OK,0.0,979.4,OK,1.0572333527712567,35.0,,,521.0,OK,14.088059928637827,14.088059928637827,948.0,507.0,14.088059928637827,6.402271156302564,10.829496227318316,8.873899043400762,10.829496227318316,GUIDANCE_VS_ACTUAL,1.0,1.0,1.0,0.529150758435662,4.008352769162684,14.837848996481,15.99518434216034,,,,,,,
95.64967741935484,2.950483870967742,,,,39.29848821752853,-7.845614389186964,2.256378692776051,4.2018729169501485,1.892800988551886,COP,2026Q2,18088000000.0,35.98866416991752,-7.000963835490086,-1.2381777673387018,,,-3.9497627447626646,,-7.000963835490086,-1.2381777673387018,,,-3.9497627447626646,,0.0,0.0,-0.0,,,-0.0,,2248.0,,2248.0,,,MISSING,0.0,2248.0,OK,-2.6773598340913645,35.0,,,,OK,-6.167075644474298,-6.167075644474298,2200.0,,-6.167075644474298,-3.4060337971314234,-8.325432811191751,-7.020425867324858,-8.325432811191751,GUIDANCE_VS_ACTUAL,1.0,1.0,1.0,0.78,34.112636930789826,25.787204119598076,29.41732071729584,,,,,,,
95.64967741935484,2.950483870967742,,,,39.29848821752853,-7.845614389186964,2.256378692776051,4.2018729169501485,1.892800988551886,DVN,2026Q2,7003000000.0,54.81156966882163,-0.9273636785329216,5.090036929778583,2.036376603174196,-12.79145919829034,-4.27618593380817,,-0.9273636785329216,5.090036929778583,2.036376603174196,-12.79145919829034,-4.27618593380817,,1.0,1.0,5.090036929778583,2.036376603174196,-12.79145919829034,-4.27618593380817,,1359.0,503.0,1359.0,503.0,2.701789264413519,OK,1.0,1359.0,MNA_JUMP_ACCEPTED,48.9470771984301,35.0,,,503.0,MNA_JUMP_ACCEPTED,47.991275417819566,47.991275417819566,,,47.991275417819566,,,,2.84002696002828,INDUSTRY_FALLBACK,0.35,0.0,0.0,0.4645858343337335,26.67767803589881,29.51770499592709,34.33641802059017,,,,,,,
95.64967741935484,2.950483870967742,,,,39.29848821752853,-7.845614389186964,2.256378692776051,4.2018729169501485,1.892800988551886,EOG,2026Q2,8620000000.0,45.33450138347154,19.95475325175597,12.763412642670517,20.88117253430124,82.4944969745378,-3.327478888487221,,19.95475325175597,12.763412642670517,20.88117253430124,50.0,-3.327478888487221,,0.0,1.0,12.763412642670517,20.88117253430124,50.0,-3.327478888487221,,1232.2,1948.0,1232.2,,0.6325462012320329,REJECT_OIL_RATIO,1.0,1232.2,OK,0.0,35.0,,,,OK,14.855310925297646,14.855310925297646,,,,,,,2.84002696002828,INDUSTRY_FALLBACK,0.35,0.0,0.0,0.39,24.919536922480308,27.759563882508587,31.995235179938653,,,,,0.0,0.0,0.0
95.64967741935484,2.950483870967742,,,,39.29848821752853,-7.845614389186964,2.256378692776051,4.2018729169501485,1.892800988551886,FANG,2026Q2,5562000000.0,41.35886296296438,4.634033725870192,0.0199791646519615,2.611376516477193,1.1704092297927997,-2.383045103803391,,4.634033725870192,0.0199791646519615,2.611376516477193,1.1704092297927997,-2.383045103803391,,0.0,0.0,0.0,0.0,0.0,-0.0,,1018.0,525.0,1018.0,525.0,1.9390476190476191,OK,0.0,1018.0,OK,3.8655057842251073,35.0,,,525.0,OK,10.13302286273566,10.13302286273566,,,10.13302286273566,14.088059928637827,,,14.088059928637827,ACTUAL_VS_ACTUAL,0.9,0.0,1.0,0.531958341841944,28.265786239318206,42.35384616795604,52.735649752952064,,,,,,,
81.84666666666666,2.8356410256410256,,,,21.853886337521107,-6.701628327985944,2.256378692776051,4.2018729169501485,1.892800988551886,COP,2026Q3,,,35.98866416991752,1.3465325383212383,,,-3.566515119885937,,35.98866416991752,1.3465325383212383,,,-3.566515119885937,,0.0,0.0,0.0,,,-0.0,,,,,,,MISSING,0.0,,MISSING,,,,,,MISSING,,,2305.0,,,-6.167075644474298,,-1.9334651707455723,-1.9334651707455723,GUIDANCE_VS_GUIDANCE,0.8,1.0,1.0,0.78,18.71277972431533,16.779314553569762,18.26919402353675,,,,,,,
81.84666666666666,2.8356410256410256,,,,21.853886337521107,-6.701628327985944,2.256378692776051,4.2018729169501485,1.892800988551886,DVN,2026Q3,,,54.81156966882163,81.46823272035444,92.1223796121762,16.422722765701316,39.068131192392734,0.0,54.81156966882163,50.0,50.0,16.422722765701316,39.068131192392734,0.0,0.0,1.0,50.0,50.0,16.422722765701316,39.068131192392734,0.0,,,,,,MISSING,1.0,,MISSING,,,,,,MISSING,,,1675.0,,,47.991275417819566,67.48088967674877,,67.48088967674877,GUIDANCE_VS_ACTUAL,1.0,1.0,1.0,0.3701250919793966,12.860685250812484,80.34157492756125,123.31558161765663,,,,,,,
81.84666666666666,2.8356410256410256,,,,21.853886337521107,-6.701628327985944,2.256378692776051,4.2018729169501485,1.892800988551886,EOG,2026Q3,,,45.33450138347154,16.858359783391574,20.115647485846537,82.60457819211832,-3.180810719622561,,45.33450138347154,16.858359783391574,20.115647485846537,50.0,-3.180810719622561,,0.0,1.0,16.858359783391574,20.115647485846537,50.0,-3.180810719622561,,,,,,,MISSING,1.0,,MISSING,,,,,,MISSING,,,1412.2,,,,,,2.84002696002828,INDUSTRY_FALLBACK,0.35,1.0,0.0,0.39,13.144454364541458,15.984481324569739,17.332877177866045,,,,,0.0,1.0,0.0
81.84666666666666,2.8356410256410256,,,,21.853886337521107,-6.701628327985944,2.256378692776051,4.2018729169501485,1.892800988551886,FANG,2026Q3,,,41.35886296296438,-2.424165022279914,-3.6136018987528025,-31.20748865221461,-3.814275190763936,,41.35886296296438,-2.424165022279914,-3.6136018987528025,-31.20748865221461,-3.814275190763936,,0.0,0.0,-0.0,-0.0,-0.0,-0.0,,,,,,,MISSING,0.0,,MISSING,,,,,,MISSING,,,1005.0,522.0,,10.13302286273566,6.378258802154459,10.480787679324994,6.378258802154459,GUIDANCE_VS_ACTUAL,1.0,1.0,1.0,0.5157170923379175,14.939412501521607,21.317671303676068,23.76033325643141,,,,,,,
