form,filing_date,report_date,accession_number,family,present,matched_concept_count,matched_concepts,source_url,source_sha256,coverage_denominator_policy,applicable,present_when_applicable
10-K,2020-02-13,2019-12-31,0001501585-20-000011,statement_revenue_operating_income_tax,True,9,hii:AdvancePaymentsandBillingsinExcessofRevenuesPolicyTextBlock|us-gaap:DeferredFederalIncomeTaxExpenseBenefit|us-gaap:DeferredIncomeTaxExpenseBenefit|us-gaap:DeferredStateAndLocalIncomeTaxExpenseBenefit|us-gaap:IncomeTaxExpenseBenefit|us-gaap:IncomeTaxReconciliationIncomeTaxExpenseBenefitAtFederalStatutoryIncomeTaxRate|us-gaap:OperatingIncomeLoss|us-gaap:Revenues|us-gaap:ScheduleOfComponentsOfIncomeTaxExpenseBenefitTableTextBlock,https://www.sec.gov/Archives/edgar/data/1501585/000150158520000011/hii-20191231.htm,4589650f60e0ff9b1861743c4ceccc9826678b355e8dccf0fbc5f9efa41450a1,ALL_PERIODIC_FILINGS,True,True
10-K,2020-02-13,2019-12-31,0001501585-20-000011,statement_cash_flow_capex_depreciation,True,10,us-gaap:AccumulatedDepreciationDepletionAndAmortizationPropertyPlantAndEquipment|us-gaap:Depreciation|us-gaap:DepreciationDepletionAndAmortization|us-gaap:NetCashProvidedByUsedInFinancingActivities|us-gaap:NetCashProvidedByUsedInInvestingActivities|us-gaap:NetCashProvidedByUsedInOperatingActivities|us-gaap:PaymentsToAcquireBusinessesNetOfCashAcquired|us-gaap:PaymentsToAcquireProductiveAssets|us-gaap:PaymentsToAcquirePropertyPlantAndEquipment|us-gaap:RestructuringReserveAcceleratedDepreciation,https://www.sec.gov/Archives/edgar/data/1501585/000150158520000011/hii-20191231.htm,4589650f60e0ff9b1861743c4ceccc9826678b355e8dccf0fbc5f9efa41450a1,ALL_PERIODIC_FILINGS,True,True
10-K,2020-02-13,2019-12-31,0001501585-20-000011,statement_working_capital,True,8,us-gaap:AccountsPayableCurrent|us-gaap:GovernmentContractorsInventoryPolicyPolicyTextBlock|us-gaap:IncreaseDecreaseInInventoryForLongTermContractsOrPrograms|us-gaap:InventoryDisclosureTextBlock|us-gaap:InventoryNetOfAllowancesCustomerAdvancesAndProgressBillings|us-gaap:InventoryRawMaterialsNetOfReserves|us-gaap:InventoryWorkInProcessNetOfReserves|us-gaap:ScheduleOfInventoryCurrentTableTextBlock,https://www.sec.gov/Archives/edgar/data/1501585/000150158520000011/hii-20191231.htm,4589650f60e0ff9b1861743c4ceccc9826678b355e8dccf0fbc5f9efa41450a1,ALL_PERIODIC_FILINGS,True,True
10-K,2020-02-13,2019-12-31,0001501585-20-000011,note_segments,True,1,us-gaap:SegmentReportingDisclosureTextBlock,https://www.sec.gov/Archives/edgar/data/1501585/000150158520000011/hii-20191231.htm,4589650f60e0ff9b1861743c4ceccc9826678b355e8dccf0fbc5f9efa41450a1,ALL_PERIODIC_FILINGS,True,True
10-K,2020-02-13,2019-12-31,0001501585-20-000011,note_revenue_and_contracts,True,3,us-gaap:ContractWithCustomerAssetNet|us-gaap:ContractWithCustomerLiabilityRevenueRecognized|us-gaap:IncreaseDecreaseInContractWithCustomerAsset,https://www.sec.gov/Archives/edgar/data/1501585/000150158520000011/hii-20191231.htm,4589650f60e0ff9b1861743c4ceccc9826678b355e8dccf0fbc5f9efa41450a1,ALL_PERIODIC_FILINGS,True,True
10-K,2020-02-13,2019-12-31,0001501585-20-000011,note_contract_assets_liabilities,True,3,us-gaap:ContractWithCustomerAssetNet|us-gaap:ContractWithCustomerLiabilityRevenueRecognized|us-gaap:IncreaseDecreaseInContractWithCustomerAsset,https://www.sec.gov/Archives/edgar/data/1501585/000150158520000011/hii-20191231.htm,4589650f60e0ff9b1861743c4ceccc9826678b355e8dccf0fbc5f9efa41450a1,ALL_PERIODIC_FILINGS,True,True
10-K,2020-02-13,2019-12-31,0001501585-20-000011,note_remaining_performance_obligation,True,1,us-gaap:RevenueRemainingPerformanceObligation,https://www.sec.gov/Archives/edgar/data/1501585/000150158520000011/hii-20191231.htm,4589650f60e0ff9b1861743c4ceccc9826678b355e8dccf0fbc5f9efa41450a1,ALL_PERIODIC_FILINGS,True,True
10-K,2020-02-13,2019-12-31,0001501585-20-000011,note_program_accounting,True,2,us-gaap:IncreaseDecreaseInInventoryForLongTermContractsOrPrograms|us-gaap:StockRepurchaseProgramAuthorizedAmount1,https://www.sec.gov/Archives/edgar/data/1501585/000150158520000011/hii-20191231.htm,4589650f60e0ff9b1861743c4ceccc9826678b355e8dccf0fbc5f9efa41450a1,ALL_PERIODIC_FILINGS,True,True
10-K,2020-02-13,2019-12-31,0001501585-20-000011,note_pension,True,20,hii:DeferredTaxAssetTaxDeferredExpenseCompensationAndBenefitsPensionAndPostretirementBenefits|hii:OtherComprehensiveIncomeLossPensionAndOtherPostretirementBenefitPlansOtherAdjustmentsBeforeTax|us-gaap:DefinedBenefitPensionPlanLiabilitiesNoncurrent|us-gaap:DefinedBenefitPlanPensionPlanWithProjectedBenefitObligationInExcessOfPlanAssetsPlanAssets|us-gaap:DefinedBenefitPlanPensionPlanWithProjectedBenefitObligationInExcessOfPlanAssetsProjectedBenefitObligation|us-gaap:DefinedBenefitPlanPensionPlansWithAccumulatedBenefitObligationsInExcessOfPlanAssetsAggregateAccumulatedBenefitObligation|us-gaap:DefinedBenefitPlanPensionPlansWithAccumulatedBenefitObligationsInExcessOfPlanAssetsAggregateFairValueOfPlanAssets|us-gaap:IncreaseDecreaseInPensionAndPostretirementObligations|us-gaap:OtherComprehensiveIncomeLossAmortizationAdjustmentFromAOCIPensionAndOtherPostretirementBenefitPlansForNetPriorServiceCostCreditBeforeTax|us-gaap:OtherComprehensiveIncomeLossPensionAndOtherPostretirementBenefitPlansAdjustmentBeforeTax|us-gaap:OtherComprehensiveIncomeLossPensionAndOtherPostretirementBenefitPlansNetUnamortizedGainLossArisingDuringPeriodBeforeTax|us-gaap:OtherComprehensiveIncomeLossReclassificationAdjustmentFromAOCIPensionAndOtherPostretirementBenefitPlansForNetGainLossBeforeTax|us-gaap:PensionAndOtherPostretirementAndPostemploymentBenefitPlansLiabilitiesCurrent|us-gaap:PensionAndOtherPostretirementBenefitContributions|us-gaap:PensionAndOtherPostretirementBenefitsDisclosureTextBlock|us-gaap:PensionAndOtherPostretirementDefinedBenefitPlansCurrentLiabilities|us-gaap:PensionAndOtherPostretirementDefinedBenefitPlansLiabilitiesCurrentAndNoncurrent|us-gaap:PensionAndOtherPostretirementDefinedBenefitPlansLiabilitiesNoncurrent|us-gaap:PensionAndOtherPostretirementPlansPolicy|us-gaap:PensionContributions,https://www.sec.gov/Archives/edgar/data/1501585/000150158520000011/hii-20191231.htm,4589650f60e0ff9b1861743c4ceccc9826678b355e8dccf0fbc5f9efa41450a1,ANNUAL_10K_ONLY,True,True
10-K,2020-02-13,2019-12-31,0001501585-20-000011,note_goodwill_intangibles,True,21,us-gaap:AcquiredFiniteLivedIntangibleAssetsWeightedAverageUsefulLife|us-gaap:AmortizationOfIntangibleAssets|us-gaap:DeferredTaxLiabilitiesGoodwillAndIntangibleAssetsIntangibleAssets|us-gaap:DisposalGroupIncludingDiscontinuedOperationIntangibleAssetsCurrent|us-gaap:FiniteLivedIntangibleAssetsAccumulatedAmortization|us-gaap:FiniteLivedIntangibleAssetsAmortizationExpenseNextTwelveMonths|us-gaap:FiniteLivedIntangibleAssetsAmortizationExpenseYearFive|us-gaap:FiniteLivedIntangibleAssetsAmortizationExpenseYearFour|us-gaap:FiniteLivedIntangibleAssetsAmortizationExpenseYearThree|us-gaap:FiniteLivedIntangibleAssetsAmortizationExpenseYearTwo|us-gaap:FiniteLivedIntangibleAssetsNet|us-gaap:Goodwill|us-gaap:GoodwillAcquiredDuringPeriod|us-gaap:GoodwillAndIntangibleAssetImpairment|us-gaap:GoodwillAndIntangibleAssetsDisclosureTextBlock|us-gaap:GoodwillAndIntangibleAssetsPolicyTextBlock|us-gaap:GoodwillImpairedAccumulatedImpairmentLoss|us-gaap:GoodwillImpairmentLoss|us-gaap:GoodwillPurchaseAccountingAdjustments|us-gaap:GoodwillTranslationAndPurchaseAccountingAdjustments|us-gaap:ScheduleOfGoodwillTextBlock,https://www.sec.gov/Archives/edgar/data/1501585/000150158520000011/hii-20191231.htm,4589650f60e0ff9b1861743c4ceccc9826678b355e8dccf0fbc5f9efa41450a1,ANNUAL_10K_ONLY,True,True
10-K,2020-02-13,2019-12-31,0001501585-20-000011,note_debt,True,7,us-gaap:DebtDisclosureTextBlock|us-gaap:LongTermDebt|us-gaap:LongTermDebtFairValue|us-gaap:LongTermDebtMaturitiesRepaymentsOfPrincipalInYearFive|us-gaap:LongTermDebtNoncurrent|us-gaap:ProceedsFromIssuanceOfLongTermDebt|us-gaap:RepaymentsOfLongTermDebt,https://www.sec.gov/Archives/edgar/data/1501585/000150158520000011/hii-20191231.htm,4589650f60e0ff9b1861743c4ceccc9826678b355e8dccf0fbc5f9efa41450a1,ALL_PERIODIC_FILINGS,True,True
10-K,2020-02-13,2019-12-31,0001501585-20-000011,note_income_taxes,True,4,us-gaap:EffectiveIncomeTaxRateContinuingOperations|us-gaap:EffectiveIncomeTaxRateReconciliationAtFederalStatutoryIncomeTaxRate|us-gaap:IncomeTaxDisclosureTextBlock|us-gaap:ScheduleOfEffectiveIncomeTaxRateReconciliationTableTextBlock,https://www.sec.gov/Archives/edgar/data/1501585/000150158520000011/hii-20191231.htm,4589650f60e0ff9b1861743c4ceccc9826678b355e8dccf0fbc5f9efa41450a1,ALL_PERIODIC_FILINGS,True,True
10-K,2020-02-13,2019-12-31,0001501585-20-000011,capital_structure,True,14,hii:CashAndCashEquivalentsMaturityPeriod|us-gaap:CashAndCashEquivalentsAtCarryingValue|us-gaap:CashAndCashEquivalentsPeriodIncreaseDecrease|us-gaap:CashAndCashEquivalentsPolicyTextBlock|us-gaap:LiabilitiesAndStockholdersEquity|us-gaap:LongTermDebt|us-gaap:LongTermDebtFairValue|us-gaap:LongTermDebtMaturitiesRepaymentsOfPrincipalInYearFive|us-gaap:LongTermDebtNoncurrent|us-gaap:ProceedsFromIssuanceOfLongTermDebt|us-gaap:RepaymentsOfLongTermDebt|us-gaap:StockholdersEquity|us-gaap:StockholdersEquityIncludingPortionAttributableToNoncontrollingInterest|us-gaap:StockholdersEquityNoteDisclosureTextBlock,https://www.sec.gov/Archives/edgar/data/1501585/000150158520000011/hii-20191231.htm,4589650f60e0ff9b1861743c4ceccc9826678b355e8dccf0fbc5f9efa41450a1,ALL_PERIODIC_FILINGS,True,True
10-Q,2020-05-07,2020-03-31,0001501585-20-000019,statement_revenue_operating_income_tax,True,4,us-gaap:DeferredStateAndLocalIncomeTaxExpenseBenefit|us-gaap:IncomeTaxExpenseBenefit|us-gaap:OperatingIncomeLoss|us-gaap:Revenues,https://www.sec.gov/Archives/edgar/data/1501585/000150158520000019/hii-20200331.htm,5357376f593d4530980fd68f1bc38d743217dc7eb582daed4dc93c1b37144fe9,ALL_PERIODIC_FILINGS,True,True
10-Q,2020-05-07,2020-03-31,0001501585-20-000019,statement_cash_flow_capex_depreciation,True,7,us-gaap:AccumulatedDepreciationDepletionAndAmortizationPropertyPlantAndEquipment|us-gaap:Depreciation|us-gaap:NetCashProvidedByUsedInFinancingActivities|us-gaap:NetCashProvidedByUsedInInvestingActivities|us-gaap:NetCashProvidedByUsedInOperatingActivities|us-gaap:PaymentsToAcquireBusinessesNetOfCashAcquired|us-gaap:PaymentsToAcquirePropertyPlantAndEquipment,https://www.sec.gov/Archives/edgar/data/1501585/000150158520000019/hii-20200331.htm,5357376f593d4530980fd68f1bc38d743217dc7eb582daed4dc93c1b37144fe9,ALL_PERIODIC_FILINGS,True,True
10-Q,2020-05-07,2020-03-31,0001501585-20-000019,statement_working_capital,True,7,hii:InventoryWorkInProcessAndGeneralAndAdministrativeCostsIncludedInInventoryNetOfReserves|us-gaap:AccountsPayableCurrent|us-gaap:IncreaseDecreaseInInventoryForLongTermContractsOrPrograms|us-gaap:InventoryDisclosureTextBlock|us-gaap:InventoryNetOfAllowancesCustomerAdvancesAndProgressBillings|us-gaap:InventoryRawMaterialsNetOfReserves|us-gaap:ScheduleOfInventoryCurrentTableTextBlock,https://www.sec.gov/Archives/edgar/data/1501585/000150158520000019/hii-20200331.htm,5357376f593d4530980fd68f1bc38d743217dc7eb582daed4dc93c1b37144fe9,ALL_PERIODIC_FILINGS,True,True
10-Q,2020-05-07,2020-03-31,0001501585-20-000019,note_segments,True,2,us-gaap:ScheduleOfSegmentReportingInformationBySegmentTextBlock|us-gaap:SegmentReportingDisclosureTextBlock,https://www.sec.gov/Archives/edgar/data/1501585/000150158520000019/hii-20200331.htm,5357376f593d4530980fd68f1bc38d743217dc7eb582daed4dc93c1b37144fe9,ALL_PERIODIC_FILINGS,True,True
10-Q,2020-05-07,2020-03-31,0001501585-20-000019,note_revenue_and_contracts,True,5,us-gaap:ContractWithCustomerAssetNet|us-gaap:ContractWithCustomerLiabilityCurrent|us-gaap:ContractWithCustomerLiabilityRevenueRecognized|us-gaap:IncreaseDecreaseInContractWithCustomerAsset|us-gaap:RevenueFromContractWithCustomerTextBlock,https://www.sec.gov/Archives/edgar/data/1501585/000150158520000019/hii-20200331.htm,5357376f593d4530980fd68f1bc38d743217dc7eb582daed4dc93c1b37144fe9,ALL_PERIODIC_FILINGS,True,True
10-Q,2020-05-07,2020-03-31,0001501585-20-000019,note_contract_assets_liabilities,True,4,us-gaap:ContractWithCustomerAssetNet|us-gaap:ContractWithCustomerLiabilityCurrent|us-gaap:ContractWithCustomerLiabilityRevenueRecognized|us-gaap:IncreaseDecreaseInContractWithCustomerAsset,https://www.sec.gov/Archives/edgar/data/1501585/000150158520000019/hii-20200331.htm,5357376f593d4530980fd68f1bc38d743217dc7eb582daed4dc93c1b37144fe9,ALL_PERIODIC_FILINGS,True,True
10-Q,2020-05-07,2020-03-31,0001501585-20-000019,note_remaining_performance_obligation,True,1,us-gaap:RevenueRemainingPerformanceObligation,https://www.sec.gov/Archives/edgar/data/1501585/000150158520000019/hii-20200331.htm,5357376f593d4530980fd68f1bc38d743217dc7eb582daed4dc93c1b37144fe9,ALL_PERIODIC_FILINGS,True,True
10-Q,2020-05-07,2020-03-31,0001501585-20-000019,note_program_accounting,True,2,us-gaap:IncreaseDecreaseInInventoryForLongTermContractsOrPrograms|us-gaap:StockRepurchaseProgramAuthorizedAmount1,https://www.sec.gov/Archives/edgar/data/1501585/000150158520000019/hii-20200331.htm,5357376f593d4530980fd68f1bc38d743217dc7eb582daed4dc93c1b37144fe9,ALL_PERIODIC_FILINGS,True,True
10-Q,2020-05-07,2020-03-31,0001501585-20-000019,note_pension,True,8,us-gaap:DefinedBenefitPensionPlanLiabilitiesNoncurrent|us-gaap:IncreaseDecreaseInPensionAndPostretirementObligations|us-gaap:OtherComprehensiveIncomeLossAmortizationAdjustmentFromAOCIPensionAndOtherPostretirementBenefitPlansForNetPriorServiceCostCreditBeforeTax|us-gaap:OtherComprehensiveIncomeLossReclassificationAdjustmentFromAOCIPensionAndOtherPostretirementBenefitPlansForNetGainLossBeforeTax|us-gaap:PensionAndOtherPostretirementAndPostemploymentBenefitPlansLiabilitiesCurrent|us-gaap:PensionAndOtherPostretirementBenefitContributions|us-gaap:PensionAndOtherPostretirementBenefitsDisclosureTextBlock|us-gaap:PensionContributions,https://www.sec.gov/Archives/edgar/data/1501585/000150158520000019/hii-20200331.htm,5357376f593d4530980fd68f1bc38d743217dc7eb582daed4dc93c1b37144fe9,ANNUAL_10K_ONLY,False,False
10-Q,2020-05-07,2020-03-31,0001501585-20-000019,note_goodwill_intangibles,True,19,hii:BusinessCombinationRecognizedIdentifiableAssetsAcquiredAndLiabilitiesAssumedFiniteLivedIntangiblesAndGoodwill|us-gaap:AcquiredFiniteLivedIntangibleAssetsWeightedAverageUsefulLife|us-gaap:AmortizationOfIntangibleAssets|us-gaap:DisposalGroupIncludingDiscontinuedOperationGoodwill1|us-gaap:DisposalGroupIncludingDiscontinuedOperationIntangibleAssetsCurrent|us-gaap:FiniteLivedIntangibleAssetsAccumulatedAmortization|us-gaap:FiniteLivedIntangibleAssetsAmortizationExpenseNextTwelveMonths|us-gaap:FiniteLivedIntangibleAssetsAmortizationExpenseYearFive|us-gaap:FiniteLivedIntangibleAssetsAmortizationExpenseYearFour|us-gaap:FiniteLivedIntangibleAssetsAmortizationExpenseYearThree|us-gaap:FiniteLivedIntangibleAssetsAmortizationExpenseYearTwo|us-gaap:FiniteLivedIntangibleAssetsNet|us-gaap:Goodwill|us-gaap:GoodwillAcquiredDuringPeriod|us-gaap:GoodwillAndIntangibleAssetsDisclosureTextBlock|us-gaap:GoodwillImpairedAccumulatedImpairmentLoss|us-gaap:GoodwillPurchaseAccountingAdjustments|us-gaap:GoodwillTranslationAndPurchaseAccountingAdjustments|us-gaap:ScheduleOfGoodwillTextBlock,https://www.sec.gov/Archives/edgar/data/1501585/000150158520000019/hii-20200331.htm,5357376f593d4530980fd68f1bc38d743217dc7eb582daed4dc93c1b37144fe9,ANNUAL_10K_ONLY,False,False
10-Q,2020-05-07,2020-03-31,0001501585-20-000019,note_debt,True,6,us-gaap:DebtDisclosureTextBlock|us-gaap:LongTermDebt|us-gaap:LongTermDebtFairValue|us-gaap:LongTermDebtMaturitiesRepaymentsOfPrincipalInYearFive|us-gaap:LongTermDebtMaturitiesRepaymentsOfPrincipalInYearThree|us-gaap:LongTermDebtNoncurrent,https://www.sec.gov/Archives/edgar/data/1501585/000150158520000019/hii-20200331.htm,5357376f593d4530980fd68f1bc38d743217dc7eb582daed4dc93c1b37144fe9,ALL_PERIODIC_FILINGS,True,True
10-Q,2020-05-07,2020-03-31,0001501585-20-000019,note_income_taxes,True,3,us-gaap:EffectiveIncomeTaxRateContinuingOperations|us-gaap:EffectiveIncomeTaxRateReconciliationAtFederalStatutoryIncomeTaxRate|us-gaap:IncomeTaxDisclosureTextBlock,https://www.sec.gov/Archives/edgar/data/1501585/000150158520000019/hii-20200331.htm,5357376f593d4530980fd68f1bc38d743217dc7eb582daed4dc93c1b37144fe9,ALL_PERIODIC_FILINGS,True,True
10-Q,2020-05-07,2020-03-31,0001501585-20-000019,capital_structure,True,10,us-gaap:CashAndCashEquivalentsAtCarryingValue|us-gaap:CashAndCashEquivalentsPeriodIncreaseDecrease|us-gaap:LiabilitiesAndStockholdersEquity|us-gaap:LongTermDebt|us-gaap:LongTermDebtFairValue|us-gaap:LongTermDebtMaturitiesRepaymentsOfPrincipalInYearFive|us-gaap:LongTermDebtMaturitiesRepaymentsOfPrincipalInYearThree|us-gaap:LongTermDebtNoncurrent|us-gaap:StockholdersEquityIncludingPortionAttributableToNoncontrollingInterest|us-gaap:StockholdersEquityNoteDisclosureTextBlock,https://www.sec.gov/Archives/edgar/data/1501585/000150158520000019/hii-20200331.htm,5357376f593d4530980fd68f1bc38d743217dc7eb582daed4dc93c1b37144fe9,ALL_PERIODIC_FILINGS,True,True
10-Q,2020-08-06,2020-06-30,0001501585-20-000035,statement_revenue_operating_income_tax,True,4,us-gaap:DeferredStateAndLocalIncomeTaxExpenseBenefit|us-gaap:IncomeTaxExpenseBenefit|us-gaap:OperatingIncomeLoss|us-gaap:Revenues,https://www.sec.gov/Archives/edgar/data/1501585/000150158520000035/hii-20200630.htm,26a8cd1c0cf3300e699c7c5aec8b35d587671db4883c895183b3014d2f1616a8,ALL_PERIODIC_FILINGS,True,True
10-Q,2020-08-06,2020-06-30,0001501585-20-000035,statement_cash_flow_capex_depreciation,True,7,us-gaap:AccumulatedDepreciationDepletionAndAmortizationPropertyPlantAndEquipment|us-gaap:Depreciation|us-gaap:NetCashProvidedByUsedInFinancingActivities|us-gaap:NetCashProvidedByUsedInInvestingActivities|us-gaap:NetCashProvidedByUsedInOperatingActivities|us-gaap:PaymentsToAcquireBusinessesNetOfCashAcquired|us-gaap:PaymentsToAcquirePropertyPlantAndEquipment,https://www.sec.gov/Archives/edgar/data/1501585/000150158520000035/hii-20200630.htm,26a8cd1c0cf3300e699c7c5aec8b35d587671db4883c895183b3014d2f1616a8,ALL_PERIODIC_FILINGS,True,True
10-Q,2020-08-06,2020-06-30,0001501585-20-000035,statement_working_capital,True,7,hii:InventoryWorkInProcessAndGeneralAndAdministrativeCostsIncludedInInventoryNetOfReserves|us-gaap:AccountsPayableCurrent|us-gaap:IncreaseDecreaseInInventoryForLongTermContractsOrPrograms|us-gaap:InventoryDisclosureTextBlock|us-gaap:InventoryNetOfAllowancesCustomerAdvancesAndProgressBillings|us-gaap:InventoryRawMaterialsNetOfReserves|us-gaap:ScheduleOfInventoryCurrentTableTextBlock,https://www.sec.gov/Archives/edgar/data/1501585/000150158520000035/hii-20200630.htm,26a8cd1c0cf3300e699c7c5aec8b35d587671db4883c895183b3014d2f1616a8,ALL_PERIODIC_FILINGS,True,True
10-Q,2020-08-06,2020-06-30,0001501585-20-000035,note_segments,True,2,us-gaap:ScheduleOfSegmentReportingInformationBySegmentTextBlock|us-gaap:SegmentReportingDisclosureTextBlock,https://www.sec.gov/Archives/edgar/data/1501585/000150158520000035/hii-20200630.htm,26a8cd1c0cf3300e699c7c5aec8b35d587671db4883c895183b3014d2f1616a8,ALL_PERIODIC_FILINGS,True,True
10-Q,2020-08-06,2020-06-30,0001501585-20-000035,note_revenue_and_contracts,True,5,us-gaap:ContractWithCustomerAssetNet|us-gaap:ContractWithCustomerLiabilityCurrent|us-gaap:ContractWithCustomerLiabilityRevenueRecognized|us-gaap:IncreaseDecreaseInContractWithCustomerAsset|us-gaap:RevenueFromContractWithCustomerTextBlock,https://www.sec.gov/Archives/edgar/data/1501585/000150158520000035/hii-20200630.htm,26a8cd1c0cf3300e699c7c5aec8b35d587671db4883c895183b3014d2f1616a8,ALL_PERIODIC_FILINGS,True,True
10-Q,2020-08-06,2020-06-30,0001501585-20-000035,note_contract_assets_liabilities,True,4,us-gaap:ContractWithCustomerAssetNet|us-gaap:ContractWithCustomerLiabilityCurrent|us-gaap:ContractWithCustomerLiabilityRevenueRecognized|us-gaap:IncreaseDecreaseInContractWithCustomerAsset,https://www.sec.gov/Archives/edgar/data/1501585/000150158520000035/hii-20200630.htm,26a8cd1c0cf3300e699c7c5aec8b35d587671db4883c895183b3014d2f1616a8,ALL_PERIODIC_FILINGS,True,True
10-Q,2020-08-06,2020-06-30,0001501585-20-000035,note_remaining_performance_obligation,True,1,us-gaap:RevenueRemainingPerformanceObligation,https://www.sec.gov/Archives/edgar/data/1501585/000150158520000035/hii-20200630.htm,26a8cd1c0cf3300e699c7c5aec8b35d587671db4883c895183b3014d2f1616a8,ALL_PERIODIC_FILINGS,True,True
10-Q,2020-08-06,2020-06-30,0001501585-20-000035,note_program_accounting,True,2,us-gaap:IncreaseDecreaseInInventoryForLongTermContractsOrPrograms|us-gaap:StockRepurchaseProgramAuthorizedAmount1,https://www.sec.gov/Archives/edgar/data/1501585/000150158520000035/hii-20200630.htm,26a8cd1c0cf3300e699c7c5aec8b35d587671db4883c895183b3014d2f1616a8,ALL_PERIODIC_FILINGS,True,True
10-Q,2020-08-06,2020-06-30,0001501585-20-000035,note_pension,True,8,us-gaap:DefinedBenefitPensionPlanLiabilitiesNoncurrent|us-gaap:IncreaseDecreaseInPensionAndPostretirementObligations|us-gaap:OtherComprehensiveIncomeLossAmortizationAdjustmentFromAOCIPensionAndOtherPostretirementBenefitPlansForNetPriorServiceCostCreditBeforeTax|us-gaap:OtherComprehensiveIncomeLossReclassificationAdjustmentFromAOCIPensionAndOtherPostretirementBenefitPlansForNetGainLossBeforeTax|us-gaap:PensionAndOtherPostretirementAndPostemploymentBenefitPlansLiabilitiesCurrent|us-gaap:PensionAndOtherPostretirementBenefitContributions|us-gaap:PensionAndOtherPostretirementBenefitsDisclosureTextBlock|us-gaap:PensionContributions,https://www.sec.gov/Archives/edgar/data/1501585/000150158520000035/hii-20200630.htm,26a8cd1c0cf3300e699c7c5aec8b35d587671db4883c895183b3014d2f1616a8,ANNUAL_10K_ONLY,False,False
10-Q,2020-08-06,2020-06-30,0001501585-20-000035,note_goodwill_intangibles,True,18,us-gaap:AcquiredFiniteLivedIntangibleAssetsWeightedAverageUsefulLife|us-gaap:AmortizationOfIntangibleAssets|us-gaap:DisposalGroupIncludingDiscontinuedOperationGoodwill1|us-gaap:DisposalGroupIncludingDiscontinuedOperationIntangibleAssetsCurrent|us-gaap:FiniteLivedIntangibleAssetsAccumulatedAmortization|us-gaap:FiniteLivedIntangibleAssetsAmortizationExpenseNextTwelveMonths|us-gaap:FiniteLivedIntangibleAssetsAmortizationExpenseYearFive|us-gaap:FiniteLivedIntangibleAssetsAmortizationExpenseYearFour|us-gaap:FiniteLivedIntangibleAssetsAmortizationExpenseYearThree|us-gaap:FiniteLivedIntangibleAssetsAmortizationExpenseYearTwo|us-gaap:FiniteLivedIntangibleAssetsNet|us-gaap:Goodwill|us-gaap:GoodwillAcquiredDuringPeriod|us-gaap:GoodwillAndIntangibleAssetsDisclosureTextBlock|us-gaap:GoodwillImpairedAccumulatedImpairmentLoss|us-gaap:GoodwillPurchaseAccountingAdjustments|us-gaap:GoodwillTranslationAndPurchaseAccountingAdjustments|us-gaap:ScheduleOfGoodwillTextBlock,https://www.sec.gov/Archives/edgar/data/1501585/000150158520000035/hii-20200630.htm,26a8cd1c0cf3300e699c7c5aec8b35d587671db4883c895183b3014d2f1616a8,ANNUAL_10K_ONLY,False,False
10-Q,2020-08-06,2020-06-30,0001501585-20-000035,note_debt,True,7,us-gaap:DebtDisclosureTextBlock|us-gaap:LongTermDebt|us-gaap:LongTermDebtFairValue|us-gaap:LongTermDebtMaturitiesRepaymentsOfPrincipalInYearFive|us-gaap:LongTermDebtMaturitiesRepaymentsOfPrincipalInYearFour|us-gaap:LongTermDebtNoncurrent|us-gaap:ProceedsFromIssuanceOfLongTermDebt,https://www.sec.gov/Archives/edgar/data/1501585/000150158520000035/hii-20200630.htm,26a8cd1c0cf3300e699c7c5aec8b35d587671db4883c895183b3014d2f1616a8,ALL_PERIODIC_FILINGS,True,True
10-Q,2020-08-06,2020-06-30,0001501585-20-000035,note_income_taxes,True,3,us-gaap:EffectiveIncomeTaxRateContinuingOperations|us-gaap:EffectiveIncomeTaxRateReconciliationAtFederalStatutoryIncomeTaxRate|us-gaap:IncomeTaxDisclosureTextBlock,https://www.sec.gov/Archives/edgar/data/1501585/000150158520000035/hii-20200630.htm,26a8cd1c0cf3300e699c7c5aec8b35d587671db4883c895183b3014d2f1616a8,ALL_PERIODIC_FILINGS,True,True
10-Q,2020-08-06,2020-06-30,0001501585-20-000035,capital_structure,True,11,us-gaap:CashAndCashEquivalentsAtCarryingValue|us-gaap:CashAndCashEquivalentsPeriodIncreaseDecrease|us-gaap:LiabilitiesAndStockholdersEquity|us-gaap:LongTermDebt|us-gaap:LongTermDebtFairValue|us-gaap:LongTermDebtMaturitiesRepaymentsOfPrincipalInYearFive|us-gaap:LongTermDebtMaturitiesRepaymentsOfPrincipalInYearFour|us-gaap:LongTermDebtNoncurrent|us-gaap:ProceedsFromIssuanceOfLongTermDebt|us-gaap:StockholdersEquityIncludingPortionAttributableToNoncontrollingInterest|us-gaap:StockholdersEquityNoteDisclosureTextBlock,https://www.sec.gov/Archives/edgar/data/1501585/000150158520000035/hii-20200630.htm,26a8cd1c0cf3300e699c7c5aec8b35d587671db4883c895183b3014d2f1616a8,ALL_PERIODIC_FILINGS,True,True
10-Q,2020-11-05,2020-09-30,0001501585-20-000042,statement_revenue_operating_income_tax,True,4,us-gaap:DeferredStateAndLocalIncomeTaxExpenseBenefit|us-gaap:IncomeTaxExpenseBenefit|us-gaap:OperatingIncomeLoss|us-gaap:Revenues,https://www.sec.gov/Archives/edgar/data/1501585/000150158520000042/hii-20200930.htm,99ba70d2164893b5aed993a656ad04f02c99efffe2ef1e13b93a0c2e376431ec,ALL_PERIODIC_FILINGS,True,True
10-Q,2020-11-05,2020-09-30,0001501585-20-000042,statement_cash_flow_capex_depreciation,True,7,us-gaap:AccumulatedDepreciationDepletionAndAmortizationPropertyPlantAndEquipment|us-gaap:Depreciation|us-gaap:NetCashProvidedByUsedInFinancingActivities|us-gaap:NetCashProvidedByUsedInInvestingActivities|us-gaap:NetCashProvidedByUsedInOperatingActivities|us-gaap:PaymentsToAcquireBusinessesNetOfCashAcquired|us-gaap:PaymentsToAcquirePropertyPlantAndEquipment,https://www.sec.gov/Archives/edgar/data/1501585/000150158520000042/hii-20200930.htm,99ba70d2164893b5aed993a656ad04f02c99efffe2ef1e13b93a0c2e376431ec,ALL_PERIODIC_FILINGS,True,True
10-Q,2020-11-05,2020-09-30,0001501585-20-000042,statement_working_capital,True,7,hii:InventoryWorkInProcessAndGeneralAndAdministrativeCostsIncludedInInventoryNetOfReserves|us-gaap:AccountsPayableCurrent|us-gaap:IncreaseDecreaseInInventoryForLongTermContractsOrPrograms|us-gaap:InventoryDisclosureTextBlock|us-gaap:InventoryNetOfAllowancesCustomerAdvancesAndProgressBillings|us-gaap:InventoryRawMaterialsNetOfReserves|us-gaap:ScheduleOfInventoryCurrentTableTextBlock,https://www.sec.gov/Archives/edgar/data/1501585/000150158520000042/hii-20200930.htm,99ba70d2164893b5aed993a656ad04f02c99efffe2ef1e13b93a0c2e376431ec,ALL_PERIODIC_FILINGS,True,True
10-Q,2020-11-05,2020-09-30,0001501585-20-000042,note_segments,True,2,us-gaap:ScheduleOfSegmentReportingInformationBySegmentTextBlock|us-gaap:SegmentReportingDisclosureTextBlock,https://www.sec.gov/Archives/edgar/data/1501585/000150158520000042/hii-20200930.htm,99ba70d2164893b5aed993a656ad04f02c99efffe2ef1e13b93a0c2e376431ec,ALL_PERIODIC_FILINGS,True,True
10-Q,2020-11-05,2020-09-30,0001501585-20-000042,note_revenue_and_contracts,True,5,us-gaap:ContractWithCustomerAssetNet|us-gaap:ContractWithCustomerLiabilityCurrent|us-gaap:ContractWithCustomerLiabilityRevenueRecognized|us-gaap:IncreaseDecreaseInContractWithCustomerAsset|us-gaap:RevenueFromContractWithCustomerTextBlock,https://www.sec.gov/Archives/edgar/data/1501585/000150158520000042/hii-20200930.htm,99ba70d2164893b5aed993a656ad04f02c99efffe2ef1e13b93a0c2e376431ec,ALL_PERIODIC_FILINGS,True,True
10-Q,2020-11-05,2020-09-30,0001501585-20-000042,note_contract_assets_liabilities,True,4,us-gaap:ContractWithCustomerAssetNet|us-gaap:ContractWithCustomerLiabilityCurrent|us-gaap:ContractWithCustomerLiabilityRevenueRecognized|us-gaap:IncreaseDecreaseInContractWithCustomerAsset,https://www.sec.gov/Archives/edgar/data/1501585/000150158520000042/hii-20200930.htm,99ba70d2164893b5aed993a656ad04f02c99efffe2ef1e13b93a0c2e376431ec,ALL_PERIODIC_FILINGS,True,True
10-Q,2020-11-05,2020-09-30,0001501585-20-000042,note_remaining_performance_obligation,True,1,us-gaap:RevenueRemainingPerformanceObligation,https://www.sec.gov/Archives/edgar/data/1501585/000150158520000042/hii-20200930.htm,99ba70d2164893b5aed993a656ad04f02c99efffe2ef1e13b93a0c2e376431ec,ALL_PERIODIC_FILINGS,True,True
10-Q,2020-11-05,2020-09-30,0001501585-20-000042,note_program_accounting,True,2,us-gaap:IncreaseDecreaseInInventoryForLongTermContractsOrPrograms|us-gaap:StockRepurchaseProgramAuthorizedAmount1,https://www.sec.gov/Archives/edgar/data/1501585/000150158520000042/hii-20200930.htm,99ba70d2164893b5aed993a656ad04f02c99efffe2ef1e13b93a0c2e376431ec,ALL_PERIODIC_FILINGS,True,True
10-Q,2020-11-05,2020-09-30,0001501585-20-000042,note_pension,True,8,us-gaap:DefinedBenefitPensionPlanLiabilitiesNoncurrent|us-gaap:IncreaseDecreaseInPensionAndPostretirementObligations|us-gaap:OtherComprehensiveIncomeLossAmortizationAdjustmentFromAOCIPensionAndOtherPostretirementBenefitPlansForNetPriorServiceCostCreditBeforeTax|us-gaap:OtherComprehensiveIncomeLossReclassificationAdjustmentFromAOCIPensionAndOtherPostretirementBenefitPlansForNetGainLossBeforeTax|us-gaap:PensionAndOtherPostretirementAndPostemploymentBenefitPlansLiabilitiesCurrent|us-gaap:PensionAndOtherPostretirementBenefitContributions|us-gaap:PensionAndOtherPostretirementBenefitsDisclosureTextBlock|us-gaap:PensionContributions,https://www.sec.gov/Archives/edgar/data/1501585/000150158520000042/hii-20200930.htm,99ba70d2164893b5aed993a656ad04f02c99efffe2ef1e13b93a0c2e376431ec,ANNUAL_10K_ONLY,False,False
10-Q,2020-11-05,2020-09-30,0001501585-20-000042,note_goodwill_intangibles,True,17,us-gaap:AcquiredFiniteLivedIntangibleAssetsWeightedAverageUsefulLife|us-gaap:AmortizationOfIntangibleAssets|us-gaap:DisposalGroupIncludingDiscontinuedOperationGoodwill1|us-gaap:DisposalGroupIncludingDiscontinuedOperationIntangibleAssetsCurrent|us-gaap:FiniteLivedIntangibleAssetsAccumulatedAmortization|us-gaap:FiniteLivedIntangibleAssetsAmortizationExpenseNextTwelveMonths|us-gaap:FiniteLivedIntangibleAssetsAmortizationExpenseYearFive|us-gaap:FiniteLivedIntangibleAssetsAmortizationExpenseYearFour|us-gaap:FiniteLivedIntangibleAssetsAmortizationExpenseYearThree|us-gaap:FiniteLivedIntangibleAssetsAmortizationExpenseYearTwo|us-gaap:FiniteLivedIntangibleAssetsNet|us-gaap:Goodwill|us-gaap:GoodwillAcquiredDuringPeriod|us-gaap:GoodwillAndIntangibleAssetsDisclosureTextBlock|us-gaap:GoodwillImpairedAccumulatedImpairmentLoss|us-gaap:GoodwillPurchaseAccountingAdjustments|us-gaap:ScheduleOfGoodwillTextBlock,https://www.sec.gov/Archives/edgar/data/1501585/000150158520000042/hii-20200930.htm,99ba70d2164893b5aed993a656ad04f02c99efffe2ef1e13b93a0c2e376431ec,ANNUAL_10K_ONLY,False,False
10-Q,2020-11-05,2020-09-30,0001501585-20-000042,note_debt,True,7,us-gaap:DebtDisclosureTextBlock|us-gaap:LongTermDebt|us-gaap:LongTermDebtFairValue|us-gaap:LongTermDebtMaturitiesRepaymentsOfPrincipalInYearFive|us-gaap:LongTermDebtMaturitiesRepaymentsOfPrincipalInYearFour|us-gaap:LongTermDebtNoncurrent|us-gaap:ProceedsFromIssuanceOfLongTermDebt,https://www.sec.gov/Archives/edgar/data/1501585/000150158520000042/hii-20200930.htm,99ba70d2164893b5aed993a656ad04f02c99efffe2ef1e13b93a0c2e376431ec,ALL_PERIODIC_FILINGS,True,True
10-Q,2020-11-05,2020-09-30,0001501585-20-000042,note_income_taxes,True,3,us-gaap:EffectiveIncomeTaxRateContinuingOperations|us-gaap:EffectiveIncomeTaxRateReconciliationAtFederalStatutoryIncomeTaxRate|us-gaap:IncomeTaxDisclosureTextBlock,https://www.sec.gov/Archives/edgar/data/1501585/000150158520000042/hii-20200930.htm,99ba70d2164893b5aed993a656ad04f02c99efffe2ef1e13b93a0c2e376431ec,ALL_PERIODIC_FILINGS,True,True
10-Q,2020-11-05,2020-09-30,0001501585-20-000042,capital_structure,True,11,us-gaap:CashAndCashEquivalentsAtCarryingValue|us-gaap:CashAndCashEquivalentsPeriodIncreaseDecrease|us-gaap:LiabilitiesAndStockholdersEquity|us-gaap:LongTermDebt|us-gaap:LongTermDebtFairValue|us-gaap:LongTermDebtMaturitiesRepaymentsOfPrincipalInYearFive|us-gaap:LongTermDebtMaturitiesRepaymentsOfPrincipalInYearFour|us-gaap:LongTermDebtNoncurrent|us-gaap:ProceedsFromIssuanceOfLongTermDebt|us-gaap:StockholdersEquityIncludingPortionAttributableToNoncontrollingInterest|us-gaap:StockholdersEquityNoteDisclosureTextBlock,https://www.sec.gov/Archives/edgar/data/1501585/000150158520000042/hii-20200930.htm,99ba70d2164893b5aed993a656ad04f02c99efffe2ef1e13b93a0c2e376431ec,ALL_PERIODIC_FILINGS,True,True
10-K,2021-02-11,2020-12-31,0001501585-21-000008,statement_revenue_operating_income_tax,True,9,hii:AdvancePaymentsandBillingsinExcessofRevenuesPolicyTextBlock|us-gaap:DeferredFederalIncomeTaxExpenseBenefit|us-gaap:DeferredIncomeTaxExpenseBenefit|us-gaap:DeferredStateAndLocalIncomeTaxExpenseBenefit|us-gaap:IncomeTaxExpenseBenefit|us-gaap:IncomeTaxReconciliationIncomeTaxExpenseBenefitAtFederalStatutoryIncomeTaxRate|us-gaap:OperatingIncomeLoss|us-gaap:Revenues|us-gaap:ScheduleOfComponentsOfIncomeTaxExpenseBenefitTableTextBlock,https://www.sec.gov/Archives/edgar/data/1501585/000150158521000008/hii-20201231.htm,c36fb47b2ccff954dee7a6dea7f83b6d16bced0de0451ba8b50c964590a018c8,ALL_PERIODIC_FILINGS,True,True
10-K,2021-02-11,2020-12-31,0001501585-21-000008,statement_cash_flow_capex_depreciation,True,10,us-gaap:AccumulatedDepreciationDepletionAndAmortizationPropertyPlantAndEquipment|us-gaap:Depreciation|us-gaap:DepreciationDepletionAndAmortization|us-gaap:NetCashProvidedByUsedInFinancingActivities|us-gaap:NetCashProvidedByUsedInInvestingActivities|us-gaap:NetCashProvidedByUsedInOperatingActivities|us-gaap:PaymentsToAcquireBusinessesGross|us-gaap:PaymentsToAcquireBusinessesNetOfCashAcquired|us-gaap:PaymentsToAcquireProductiveAssets|us-gaap:PaymentsToAcquirePropertyPlantAndEquipment,https://www.sec.gov/Archives/edgar/data/1501585/000150158521000008/hii-20201231.htm,c36fb47b2ccff954dee7a6dea7f83b6d16bced0de0451ba8b50c964590a018c8,ALL_PERIODIC_FILINGS,True,True
10-K,2021-02-11,2020-12-31,0001501585-21-000008,statement_working_capital,True,8,us-gaap:AccountsPayableCurrent|us-gaap:GovernmentContractorsInventoryPolicyPolicyTextBlock|us-gaap:IncreaseDecreaseInInventoryForLongTermContractsOrPrograms|us-gaap:InventoryDisclosureTextBlock|us-gaap:InventoryNetOfAllowancesCustomerAdvancesAndProgressBillings|us-gaap:InventoryRawMaterialsNetOfReserves|us-gaap:InventoryWorkInProcessNetOfReserves|us-gaap:ScheduleOfInventoryCurrentTableTextBlock,https://www.sec.gov/Archives/edgar/data/1501585/000150158521000008/hii-20201231.htm,c36fb47b2ccff954dee7a6dea7f83b6d16bced0de0451ba8b50c964590a018c8,ALL_PERIODIC_FILINGS,True,True
10-K,2021-02-11,2020-12-31,0001501585-21-000008,note_segments,True,1,us-gaap:SegmentReportingDisclosureTextBlock,https://www.sec.gov/Archives/edgar/data/1501585/000150158521000008/hii-20201231.htm,c36fb47b2ccff954dee7a6dea7f83b6d16bced0de0451ba8b50c964590a018c8,ALL_PERIODIC_FILINGS,True,True
10-K,2021-02-11,2020-12-31,0001501585-21-000008,note_revenue_and_contracts,True,3,us-gaap:ContractWithCustomerAssetNet|us-gaap:ContractWithCustomerLiabilityRevenueRecognized|us-gaap:IncreaseDecreaseInContractWithCustomerAsset,https://www.sec.gov/Archives/edgar/data/1501585/000150158521000008/hii-20201231.htm,c36fb47b2ccff954dee7a6dea7f83b6d16bced0de0451ba8b50c964590a018c8,ALL_PERIODIC_FILINGS,True,True
10-K,2021-02-11,2020-12-31,0001501585-21-000008,note_contract_assets_liabilities,True,3,us-gaap:ContractWithCustomerAssetNet|us-gaap:ContractWithCustomerLiabilityRevenueRecognized|us-gaap:IncreaseDecreaseInContractWithCustomerAsset,https://www.sec.gov/Archives/edgar/data/1501585/000150158521000008/hii-20201231.htm,c36fb47b2ccff954dee7a6dea7f83b6d16bced0de0451ba8b50c964590a018c8,ALL_PERIODIC_FILINGS,True,True
10-K,2021-02-11,2020-12-31,0001501585-21-000008,note_remaining_performance_obligation,True,1,us-gaap:RevenueRemainingPerformanceObligation,https://www.sec.gov/Archives/edgar/data/1501585/000150158521000008/hii-20201231.htm,c36fb47b2ccff954dee7a6dea7f83b6d16bced0de0451ba8b50c964590a018c8,ALL_PERIODIC_FILINGS,True,True
10-K,2021-02-11,2020-12-31,0001501585-21-000008,note_program_accounting,True,2,us-gaap:IncreaseDecreaseInInventoryForLongTermContractsOrPrograms|us-gaap:StockRepurchaseProgramAuthorizedAmount1,https://www.sec.gov/Archives/edgar/data/1501585/000150158521000008/hii-20201231.htm,c36fb47b2ccff954dee7a6dea7f83b6d16bced0de0451ba8b50c964590a018c8,ALL_PERIODIC_FILINGS,True,True
10-K,2021-02-11,2020-12-31,0001501585-21-000008,note_pension,True,20,hii:DeferredTaxAssetTaxDeferredExpenseCompensationAndBenefitsPensionAndPostretirementBenefits|hii:OtherComprehensiveIncomeLossPensionAndOtherPostretirementBenefitPlansOtherAdjustmentsBeforeTax|us-gaap:DefinedBenefitPensionPlanLiabilitiesNoncurrent|us-gaap:DefinedBenefitPlanPensionPlanWithProjectedBenefitObligationInExcessOfPlanAssetsPlanAssets|us-gaap:DefinedBenefitPlanPensionPlanWithProjectedBenefitObligationInExcessOfPlanAssetsProjectedBenefitObligation|us-gaap:DefinedBenefitPlanPensionPlansWithAccumulatedBenefitObligationsInExcessOfPlanAssetsAggregateAccumulatedBenefitObligation|us-gaap:DefinedBenefitPlanPensionPlansWithAccumulatedBenefitObligationsInExcessOfPlanAssetsAggregateFairValueOfPlanAssets|us-gaap:IncreaseDecreaseInPensionAndPostretirementObligations|us-gaap:OtherComprehensiveIncomeLossAmortizationAdjustmentFromAOCIPensionAndOtherPostretirementBenefitPlansForNetPriorServiceCostCreditBeforeTax|us-gaap:OtherComprehensiveIncomeLossPensionAndOtherPostretirementBenefitPlansAdjustmentBeforeTax|us-gaap:OtherComprehensiveIncomeLossPensionAndOtherPostretirementBenefitPlansNetUnamortizedGainLossArisingDuringPeriodBeforeTax|us-gaap:OtherComprehensiveIncomeLossReclassificationAdjustmentFromAOCIPensionAndOtherPostretirementBenefitPlansForNetGainLossBeforeTax|us-gaap:PensionAndOtherPostretirementAndPostemploymentBenefitPlansLiabilitiesCurrent|us-gaap:PensionAndOtherPostretirementBenefitContributions|us-gaap:PensionAndOtherPostretirementBenefitsDisclosureTextBlock|us-gaap:PensionAndOtherPostretirementDefinedBenefitPlansCurrentLiabilities|us-gaap:PensionAndOtherPostretirementDefinedBenefitPlansLiabilitiesCurrentAndNoncurrent|us-gaap:PensionAndOtherPostretirementDefinedBenefitPlansLiabilitiesNoncurrent|us-gaap:PensionAndOtherPostretirementPlansPolicy|us-gaap:PensionContributions,https://www.sec.gov/Archives/edgar/data/1501585/000150158521000008/hii-20201231.htm,c36fb47b2ccff954dee7a6dea7f83b6d16bced0de0451ba8b50c964590a018c8,ANNUAL_10K_ONLY,True,True
10-K,2021-02-11,2020-12-31,0001501585-21-000008,note_goodwill_intangibles,True,22,us-gaap:AcquiredFiniteLivedIntangibleAssetsWeightedAverageUsefulLife|us-gaap:AmortizationOfIntangibleAssets|us-gaap:DeferredTaxLiabilitiesGoodwillAndIntangibleAssetsIntangibleAssets|us-gaap:DisposalGroupIncludingDiscontinuedOperationGoodwill1|us-gaap:DisposalGroupIncludingDiscontinuedOperationIntangibleAssetsCurrent|us-gaap:FiniteLivedIntangibleAssetsAccumulatedAmortization|us-gaap:FiniteLivedIntangibleAssetsAmortizationExpenseNextTwelveMonths|us-gaap:FiniteLivedIntangibleAssetsAmortizationExpenseYearFive|us-gaap:FiniteLivedIntangibleAssetsAmortizationExpenseYearFour|us-gaap:FiniteLivedIntangibleAssetsAmortizationExpenseYearThree|us-gaap:FiniteLivedIntangibleAssetsAmortizationExpenseYearTwo|us-gaap:FiniteLivedIntangibleAssetsNet|us-gaap:Goodwill|us-gaap:GoodwillAcquiredDuringPeriod|us-gaap:GoodwillAndIntangibleAssetImpairment|us-gaap:GoodwillAndIntangibleAssetsDisclosureTextBlock|us-gaap:GoodwillAndIntangibleAssetsPolicyTextBlock|us-gaap:GoodwillImpairedAccumulatedImpairmentLoss|us-gaap:GoodwillImpairmentLoss|us-gaap:GoodwillPurchaseAccountingAdjustments|us-gaap:GoodwillTranslationAndPurchaseAccountingAdjustments|us-gaap:ScheduleOfGoodwillTextBlock,https://www.sec.gov/Archives/edgar/data/1501585/000150158521000008/hii-20201231.htm,c36fb47b2ccff954dee7a6dea7f83b6d16bced0de0451ba8b50c964590a018c8,ANNUAL_10K_ONLY,True,True
10-K,2021-02-11,2020-12-31,0001501585-21-000008,note_debt,True,8,us-gaap:DebtDisclosureTextBlock|us-gaap:LongTermDebt|us-gaap:LongTermDebtFairValue|us-gaap:LongTermDebtMaturitiesRepaymentsOfPrincipalInYearFive|us-gaap:LongTermDebtMaturitiesRepaymentsOfPrincipalInYearFour|us-gaap:LongTermDebtNoncurrent|us-gaap:ProceedsFromIssuanceOfLongTermDebt|us-gaap:RepaymentsOfLongTermDebt,https://www.sec.gov/Archives/edgar/data/1501585/000150158521000008/hii-20201231.htm,c36fb47b2ccff954dee7a6dea7f83b6d16bced0de0451ba8b50c964590a018c8,ALL_PERIODIC_FILINGS,True,True
10-K,2021-02-11,2020-12-31,0001501585-21-000008,note_income_taxes,True,3,us-gaap:EffectiveIncomeTaxRateContinuingOperations|us-gaap:IncomeTaxDisclosureTextBlock|us-gaap:ScheduleOfEffectiveIncomeTaxRateReconciliationTableTextBlock,https://www.sec.gov/Archives/edgar/data/1501585/000150158521000008/hii-20201231.htm,c36fb47b2ccff954dee7a6dea7f83b6d16bced0de0451ba8b50c964590a018c8,ALL_PERIODIC_FILINGS,True,True
10-K,2021-02-11,2020-12-31,0001501585-21-000008,capital_structure,True,15,hii:CashAndCashEquivalentsMaturityPeriod|us-gaap:CashAndCashEquivalentsAtCarryingValue|us-gaap:CashAndCashEquivalentsPeriodIncreaseDecrease|us-gaap:CashAndCashEquivalentsPolicyTextBlock|us-gaap:LiabilitiesAndStockholdersEquity|us-gaap:LongTermDebt|us-gaap:LongTermDebtFairValue|us-gaap:LongTermDebtMaturitiesRepaymentsOfPrincipalInYearFive|us-gaap:LongTermDebtMaturitiesRepaymentsOfPrincipalInYearFour|us-gaap:LongTermDebtNoncurrent|us-gaap:ProceedsFromIssuanceOfLongTermDebt|us-gaap:RepaymentsOfLongTermDebt|us-gaap:StockholdersEquity|us-gaap:StockholdersEquityIncludingPortionAttributableToNoncontrollingInterest|us-gaap:StockholdersEquityNoteDisclosureTextBlock,https://www.sec.gov/Archives/edgar/data/1501585/000150158521000008/hii-20201231.htm,c36fb47b2ccff954dee7a6dea7f83b6d16bced0de0451ba8b50c964590a018c8,ALL_PERIODIC_FILINGS,True,True
10-Q,2021-05-06,2021-03-31,0001501585-21-000018,statement_revenue_operating_income_tax,True,4,us-gaap:DeferredStateAndLocalIncomeTaxExpenseBenefit|us-gaap:IncomeTaxExpenseBenefit|us-gaap:OperatingIncomeLoss|us-gaap:Revenues,https://www.sec.gov/Archives/edgar/data/1501585/000150158521000018/hii-20210331.htm,d214a14aa150b01157d383205dc3c2564c50833b33db3ce5d7f1629c4785fdc1,ALL_PERIODIC_FILINGS,True,True
10-Q,2021-05-06,2021-03-31,0001501585-21-000018,statement_cash_flow_capex_depreciation,True,7,us-gaap:AccumulatedDepreciationDepletionAndAmortizationPropertyPlantAndEquipment|us-gaap:Depreciation|us-gaap:NetCashProvidedByUsedInFinancingActivities|us-gaap:NetCashProvidedByUsedInInvestingActivities|us-gaap:NetCashProvidedByUsedInOperatingActivities|us-gaap:PaymentsToAcquireBusinessesNetOfCashAcquired|us-gaap:PaymentsToAcquirePropertyPlantAndEquipment,https://www.sec.gov/Archives/edgar/data/1501585/000150158521000018/hii-20210331.htm,d214a14aa150b01157d383205dc3c2564c50833b33db3ce5d7f1629c4785fdc1,ALL_PERIODIC_FILINGS,True,True
10-Q,2021-05-06,2021-03-31,0001501585-21-000018,statement_working_capital,True,7,hii:InventoryWorkInProcessAndGeneralAndAdministrativeCostsIncludedInInventoryNetOfReserves|us-gaap:AccountsPayableCurrent|us-gaap:IncreaseDecreaseInInventoryForLongTermContractsOrPrograms|us-gaap:InventoryDisclosureTextBlock|us-gaap:InventoryNetOfAllowancesCustomerAdvancesAndProgressBillings|us-gaap:InventoryRawMaterialsNetOfReserves|us-gaap:ScheduleOfInventoryCurrentTableTextBlock,https://www.sec.gov/Archives/edgar/data/1501585/000150158521000018/hii-20210331.htm,d214a14aa150b01157d383205dc3c2564c50833b33db3ce5d7f1629c4785fdc1,ALL_PERIODIC_FILINGS,True,True
10-Q,2021-05-06,2021-03-31,0001501585-21-000018,note_segments,True,2,us-gaap:ScheduleOfSegmentReportingInformationBySegmentTextBlock|us-gaap:SegmentReportingDisclosureTextBlock,https://www.sec.gov/Archives/edgar/data/1501585/000150158521000018/hii-20210331.htm,d214a14aa150b01157d383205dc3c2564c50833b33db3ce5d7f1629c4785fdc1,ALL_PERIODIC_FILINGS,True,True
10-Q,2021-05-06,2021-03-31,0001501585-21-000018,note_revenue_and_contracts,True,5,us-gaap:ContractWithCustomerAssetNet|us-gaap:ContractWithCustomerLiabilityCurrent|us-gaap:ContractWithCustomerLiabilityRevenueRecognized|us-gaap:IncreaseDecreaseInContractWithCustomerAsset|us-gaap:RevenueFromContractWithCustomerTextBlock,https://www.sec.gov/Archives/edgar/data/1501585/000150158521000018/hii-20210331.htm,d214a14aa150b01157d383205dc3c2564c50833b33db3ce5d7f1629c4785fdc1,ALL_PERIODIC_FILINGS,True,True
10-Q,2021-05-06,2021-03-31,0001501585-21-000018,note_contract_assets_liabilities,True,4,us-gaap:ContractWithCustomerAssetNet|us-gaap:ContractWithCustomerLiabilityCurrent|us-gaap:ContractWithCustomerLiabilityRevenueRecognized|us-gaap:IncreaseDecreaseInContractWithCustomerAsset,https://www.sec.gov/Archives/edgar/data/1501585/000150158521000018/hii-20210331.htm,d214a14aa150b01157d383205dc3c2564c50833b33db3ce5d7f1629c4785fdc1,ALL_PERIODIC_FILINGS,True,True
10-Q,2021-05-06,2021-03-31,0001501585-21-000018,note_remaining_performance_obligation,True,1,us-gaap:RevenueRemainingPerformanceObligation,https://www.sec.gov/Archives/edgar/data/1501585/000150158521000018/hii-20210331.htm,d214a14aa150b01157d383205dc3c2564c50833b33db3ce5d7f1629c4785fdc1,ALL_PERIODIC_FILINGS,True,True
10-Q,2021-05-06,2021-03-31,0001501585-21-000018,note_program_accounting,True,2,us-gaap:IncreaseDecreaseInInventoryForLongTermContractsOrPrograms|us-gaap:StockRepurchaseProgramAuthorizedAmount1,https://www.sec.gov/Archives/edgar/data/1501585/000150158521000018/hii-20210331.htm,d214a14aa150b01157d383205dc3c2564c50833b33db3ce5d7f1629c4785fdc1,ALL_PERIODIC_FILINGS,True,True
10-Q,2021-05-06,2021-03-31,0001501585-21-000018,note_pension,True,8,us-gaap:DefinedBenefitPensionPlanLiabilitiesNoncurrent|us-gaap:IncreaseDecreaseInPensionAndPostretirementObligations|us-gaap:OtherComprehensiveIncomeLossAmortizationAdjustmentFromAOCIPensionAndOtherPostretirementBenefitPlansForNetPriorServiceCostCreditBeforeTax|us-gaap:OtherComprehensiveIncomeLossReclassificationAdjustmentFromAOCIPensionAndOtherPostretirementBenefitPlansForNetGainLossBeforeTax|us-gaap:PensionAndOtherPostretirementAndPostemploymentBenefitPlansLiabilitiesCurrent|us-gaap:PensionAndOtherPostretirementBenefitContributions|us-gaap:PensionAndOtherPostretirementBenefitsDisclosureTextBlock|us-gaap:PensionContributions,https://www.sec.gov/Archives/edgar/data/1501585/000150158521000018/hii-20210331.htm,d214a14aa150b01157d383205dc3c2564c50833b33db3ce5d7f1629c4785fdc1,ANNUAL_10K_ONLY,False,False
10-Q,2021-05-06,2021-03-31,0001501585-21-000018,note_goodwill_intangibles,True,15,us-gaap:AcquiredFiniteLivedIntangibleAssetsWeightedAverageUsefulLife|us-gaap:AmortizationOfIntangibleAssets|us-gaap:FiniteLivedIntangibleAssetsAccumulatedAmortization|us-gaap:FiniteLivedIntangibleAssetsAmortizationExpenseNextTwelveMonths|us-gaap:FiniteLivedIntangibleAssetsAmortizationExpenseYearFive|us-gaap:FiniteLivedIntangibleAssetsAmortizationExpenseYearFour|us-gaap:FiniteLivedIntangibleAssetsAmortizationExpenseYearThree|us-gaap:FiniteLivedIntangibleAssetsAmortizationExpenseYearTwo|us-gaap:FiniteLivedIntangibleAssetsNet|us-gaap:Goodwill|us-gaap:GoodwillAcquiredDuringPeriod|us-gaap:GoodwillAndIntangibleAssetsDisclosureTextBlock|us-gaap:GoodwillImpairedAccumulatedImpairmentLoss|us-gaap:GoodwillPurchaseAccountingAdjustments|us-gaap:ScheduleOfGoodwillTextBlock,https://www.sec.gov/Archives/edgar/data/1501585/000150158521000018/hii-20210331.htm,d214a14aa150b01157d383205dc3c2564c50833b33db3ce5d7f1629c4785fdc1,ANNUAL_10K_ONLY,False,False
10-Q,2021-05-06,2021-03-31,0001501585-21-000018,note_debt,True,6,us-gaap:DebtDisclosureTextBlock|us-gaap:LongTermDebt|us-gaap:LongTermDebtFairValue|us-gaap:LongTermDebtMaturitiesRepaymentsOfPrincipalInYearFive|us-gaap:LongTermDebtMaturitiesRepaymentsOfPrincipalInYearFour|us-gaap:LongTermDebtNoncurrent,https://www.sec.gov/Archives/edgar/data/1501585/000150158521000018/hii-20210331.htm,d214a14aa150b01157d383205dc3c2564c50833b33db3ce5d7f1629c4785fdc1,ALL_PERIODIC_FILINGS,True,True
10-Q,2021-05-06,2021-03-31,0001501585-21-000018,note_income_taxes,True,4,us-gaap:EffectiveIncomeTaxRateContinuingOperations|us-gaap:EffectiveIncomeTaxRateReconciliationAtFederalStatutoryIncomeTaxRate|us-gaap:EffectiveIncomeTaxRateReconciliationDispositionOfBusiness|us-gaap:IncomeTaxDisclosureTextBlock,https://www.sec.gov/Archives/edgar/data/1501585/000150158521000018/hii-20210331.htm,d214a14aa150b01157d383205dc3c2564c50833b33db3ce5d7f1629c4785fdc1,ALL_PERIODIC_FILINGS,True,True
10-Q,2021-05-06,2021-03-31,0001501585-21-000018,capital_structure,True,10,us-gaap:CashAndCashEquivalentsAtCarryingValue|us-gaap:CashAndCashEquivalentsPeriodIncreaseDecrease|us-gaap:LiabilitiesAndStockholdersEquity|us-gaap:LongTermDebt|us-gaap:LongTermDebtFairValue|us-gaap:LongTermDebtMaturitiesRepaymentsOfPrincipalInYearFive|us-gaap:LongTermDebtMaturitiesRepaymentsOfPrincipalInYearFour|us-gaap:LongTermDebtNoncurrent|us-gaap:StockholdersEquityIncludingPortionAttributableToNoncontrollingInterest|us-gaap:StockholdersEquityNoteDisclosureTextBlock,https://www.sec.gov/Archives/edgar/data/1501585/000150158521000018/hii-20210331.htm,d214a14aa150b01157d383205dc3c2564c50833b33db3ce5d7f1629c4785fdc1,ALL_PERIODIC_FILINGS,True,True
10-Q,2021-08-05,2021-06-30,0001501585-21-000029,statement_revenue_operating_income_tax,True,4,us-gaap:DeferredStateAndLocalIncomeTaxExpenseBenefit|us-gaap:IncomeTaxExpenseBenefit|us-gaap:OperatingIncomeLoss|us-gaap:Revenues,https://www.sec.gov/Archives/edgar/data/1501585/000150158521000029/hii-20210630.htm,ca03ac808581a53939e1004e5252217d4f8d7d1a6a792fd6a021aa4d79f90e7a,ALL_PERIODIC_FILINGS,True,True
10-Q,2021-08-05,2021-06-30,0001501585-21-000029,statement_cash_flow_capex_depreciation,True,7,us-gaap:AccumulatedDepreciationDepletionAndAmortizationPropertyPlantAndEquipment|us-gaap:Depreciation|us-gaap:NetCashProvidedByUsedInFinancingActivities|us-gaap:NetCashProvidedByUsedInInvestingActivities|us-gaap:NetCashProvidedByUsedInOperatingActivities|us-gaap:PaymentsToAcquireBusinessesNetOfCashAcquired|us-gaap:PaymentsToAcquirePropertyPlantAndEquipment,https://www.sec.gov/Archives/edgar/data/1501585/000150158521000029/hii-20210630.htm,ca03ac808581a53939e1004e5252217d4f8d7d1a6a792fd6a021aa4d79f90e7a,ALL_PERIODIC_FILINGS,True,True
10-Q,2021-08-05,2021-06-30,0001501585-21-000029,statement_working_capital,True,7,hii:InventoryWorkInProcessAndGeneralAndAdministrativeCostsIncludedInInventoryNetOfReserves|us-gaap:AccountsPayableCurrent|us-gaap:IncreaseDecreaseInInventoryForLongTermContractsOrPrograms|us-gaap:InventoryDisclosureTextBlock|us-gaap:InventoryNetOfAllowancesCustomerAdvancesAndProgressBillings|us-gaap:InventoryRawMaterialsNetOfReserves|us-gaap:ScheduleOfInventoryCurrentTableTextBlock,https://www.sec.gov/Archives/edgar/data/1501585/000150158521000029/hii-20210630.htm,ca03ac808581a53939e1004e5252217d4f8d7d1a6a792fd6a021aa4d79f90e7a,ALL_PERIODIC_FILINGS,True,True
10-Q,2021-08-05,2021-06-30,0001501585-21-000029,note_segments,True,2,us-gaap:ScheduleOfSegmentReportingInformationBySegmentTextBlock|us-gaap:SegmentReportingDisclosureTextBlock,https://www.sec.gov/Archives/edgar/data/1501585/000150158521000029/hii-20210630.htm,ca03ac808581a53939e1004e5252217d4f8d7d1a6a792fd6a021aa4d79f90e7a,ALL_PERIODIC_FILINGS,True,True
10-Q,2021-08-05,2021-06-30,0001501585-21-000029,note_revenue_and_contracts,True,5,us-gaap:ContractWithCustomerAssetNet|us-gaap:ContractWithCustomerLiabilityCurrent|us-gaap:ContractWithCustomerLiabilityRevenueRecognized|us-gaap:IncreaseDecreaseInContractWithCustomerAsset|us-gaap:RevenueFromContractWithCustomerTextBlock,https://www.sec.gov/Archives/edgar/data/1501585/000150158521000029/hii-20210630.htm,ca03ac808581a53939e1004e5252217d4f8d7d1a6a792fd6a021aa4d79f90e7a,ALL_PERIODIC_FILINGS,True,True
10-Q,2021-08-05,2021-06-30,0001501585-21-000029,note_contract_assets_liabilities,True,4,us-gaap:ContractWithCustomerAssetNet|us-gaap:ContractWithCustomerLiabilityCurrent|us-gaap:ContractWithCustomerLiabilityRevenueRecognized|us-gaap:IncreaseDecreaseInContractWithCustomerAsset,https://www.sec.gov/Archives/edgar/data/1501585/000150158521000029/hii-20210630.htm,ca03ac808581a53939e1004e5252217d4f8d7d1a6a792fd6a021aa4d79f90e7a,ALL_PERIODIC_FILINGS,True,True
10-Q,2021-08-05,2021-06-30,0001501585-21-000029,note_remaining_performance_obligation,True,1,us-gaap:RevenueRemainingPerformanceObligation,https://www.sec.gov/Archives/edgar/data/1501585/000150158521000029/hii-20210630.htm,ca03ac808581a53939e1004e5252217d4f8d7d1a6a792fd6a021aa4d79f90e7a,ALL_PERIODIC_FILINGS,True,True
10-Q,2021-08-05,2021-06-30,0001501585-21-000029,note_program_accounting,True,2,us-gaap:IncreaseDecreaseInInventoryForLongTermContractsOrPrograms|us-gaap:StockRepurchaseProgramAuthorizedAmount1,https://www.sec.gov/Archives/edgar/data/1501585/000150158521000029/hii-20210630.htm,ca03ac808581a53939e1004e5252217d4f8d7d1a6a792fd6a021aa4d79f90e7a,ALL_PERIODIC_FILINGS,True,True
10-Q,2021-08-05,2021-06-30,0001501585-21-000029,note_pension,True,8,us-gaap:DefinedBenefitPensionPlanLiabilitiesNoncurrent|us-gaap:IncreaseDecreaseInPensionAndPostretirementObligations|us-gaap:OtherComprehensiveIncomeLossAmortizationAdjustmentFromAOCIPensionAndOtherPostretirementBenefitPlansForNetPriorServiceCostCreditBeforeTax|us-gaap:OtherComprehensiveIncomeLossReclassificationAdjustmentFromAOCIPensionAndOtherPostretirementBenefitPlansForNetGainLossBeforeTax|us-gaap:PensionAndOtherPostretirementAndPostemploymentBenefitPlansLiabilitiesCurrent|us-gaap:PensionAndOtherPostretirementBenefitContributions|us-gaap:PensionAndOtherPostretirementBenefitsDisclosureTextBlock|us-gaap:PensionContributions,https://www.sec.gov/Archives/edgar/data/1501585/000150158521000029/hii-20210630.htm,ca03ac808581a53939e1004e5252217d4f8d7d1a6a792fd6a021aa4d79f90e7a,ANNUAL_10K_ONLY,False,False
10-Q,2021-08-05,2021-06-30,0001501585-21-000029,note_goodwill_intangibles,True,15,us-gaap:AcquiredFiniteLivedIntangibleAssetsWeightedAverageUsefulLife|us-gaap:AmortizationOfIntangibleAssets|us-gaap:FiniteLivedIntangibleAssetsAccumulatedAmortization|us-gaap:FiniteLivedIntangibleAssetsAmortizationExpenseNextTwelveMonths|us-gaap:FiniteLivedIntangibleAssetsAmortizationExpenseYearFive|us-gaap:FiniteLivedIntangibleAssetsAmortizationExpenseYearFour|us-gaap:FiniteLivedIntangibleAssetsAmortizationExpenseYearThree|us-gaap:FiniteLivedIntangibleAssetsAmortizationExpenseYearTwo|us-gaap:FiniteLivedIntangibleAssetsNet|us-gaap:Goodwill|us-gaap:GoodwillAcquiredDuringPeriod|us-gaap:GoodwillAndIntangibleAssetsDisclosureTextBlock|us-gaap:GoodwillImpairedAccumulatedImpairmentLoss|us-gaap:GoodwillPurchaseAccountingAdjustments|us-gaap:ScheduleOfGoodwillTextBlock,https://www.sec.gov/Archives/edgar/data/1501585/000150158521000029/hii-20210630.htm,ca03ac808581a53939e1004e5252217d4f8d7d1a6a792fd6a021aa4d79f90e7a,ANNUAL_10K_ONLY,False,False
10-Q,2021-08-05,2021-06-30,0001501585-21-000029,note_debt,True,8,us-gaap:DebtDisclosureTextBlock|us-gaap:LongTermDebt|us-gaap:LongTermDebtFairValue|us-gaap:LongTermDebtMaturitiesRepaymentsOfPrincipalInYearFour|us-gaap:LongTermDebtMaturitiesRepaymentsOfPrincipalInYearThree|us-gaap:LongTermDebtNoncurrent|us-gaap:LongTermDebtTerm|us-gaap:ProceedsFromIssuanceOfLongTermDebt,https://www.sec.gov/Archives/edgar/data/1501585/000150158521000029/hii-20210630.htm,ca03ac808581a53939e1004e5252217d4f8d7d1a6a792fd6a021aa4d79f90e7a,ALL_PERIODIC_FILINGS,True,True
10-Q,2021-08-05,2021-06-30,0001501585-21-000029,note_income_taxes,True,2,us-gaap:EffectiveIncomeTaxRateContinuingOperations|us-gaap:IncomeTaxDisclosureTextBlock,https://www.sec.gov/Archives/edgar/data/1501585/000150158521000029/hii-20210630.htm,ca03ac808581a53939e1004e5252217d4f8d7d1a6a792fd6a021aa4d79f90e7a,ALL_PERIODIC_FILINGS,True,True
10-Q,2021-08-05,2021-06-30,0001501585-21-000029,capital_structure,True,12,us-gaap:CashAndCashEquivalentsAtCarryingValue|us-gaap:CashAndCashEquivalentsPeriodIncreaseDecrease|us-gaap:LiabilitiesAndStockholdersEquity|us-gaap:LongTermDebt|us-gaap:LongTermDebtFairValue|us-gaap:LongTermDebtMaturitiesRepaymentsOfPrincipalInYearFour|us-gaap:LongTermDebtMaturitiesRepaymentsOfPrincipalInYearThree|us-gaap:LongTermDebtNoncurrent|us-gaap:LongTermDebtTerm|us-gaap:ProceedsFromIssuanceOfLongTermDebt|us-gaap:StockholdersEquityIncludingPortionAttributableToNoncontrollingInterest|us-gaap:StockholdersEquityNoteDisclosureTextBlock,https://www.sec.gov/Archives/edgar/data/1501585/000150158521000029/hii-20210630.htm,ca03ac808581a53939e1004e5252217d4f8d7d1a6a792fd6a021aa4d79f90e7a,ALL_PERIODIC_FILINGS,True,True
10-Q,2021-11-04,2021-09-30,0001501585-21-000036,statement_revenue_operating_income_tax,True,4,us-gaap:DeferredStateAndLocalIncomeTaxExpenseBenefit|us-gaap:IncomeTaxExpenseBenefit|us-gaap:OperatingIncomeLoss|us-gaap:Revenues,https://www.sec.gov/Archives/edgar/data/1501585/000150158521000036/hii-20210930.htm,29ff7b69ce5c53055d5b4167ea0e8ee828fb375fd0986e47579d87d5dfc330c1,ALL_PERIODIC_FILINGS,True,True
10-Q,2021-11-04,2021-09-30,0001501585-21-000036,statement_cash_flow_capex_depreciation,True,8,us-gaap:AccumulatedDepreciationDepletionAndAmortizationPropertyPlantAndEquipment|us-gaap:Depreciation|us-gaap:NetCashProvidedByUsedInFinancingActivities|us-gaap:NetCashProvidedByUsedInInvestingActivities|us-gaap:NetCashProvidedByUsedInOperatingActivities|us-gaap:PaymentsToAcquireBusinessesGross|us-gaap:PaymentsToAcquireBusinessesNetOfCashAcquired|us-gaap:PaymentsToAcquirePropertyPlantAndEquipment,https://www.sec.gov/Archives/edgar/data/1501585/000150158521000036/hii-20210930.htm,29ff7b69ce5c53055d5b4167ea0e8ee828fb375fd0986e47579d87d5dfc330c1,ALL_PERIODIC_FILINGS,True,True
10-Q,2021-11-04,2021-09-30,0001501585-21-000036,statement_working_capital,True,7,hii:InventoryWorkInProcessAndGeneralAndAdministrativeCostsIncludedInInventoryNetOfReserves|us-gaap:AccountsPayableCurrent|us-gaap:IncreaseDecreaseInInventoryForLongTermContractsOrPrograms|us-gaap:InventoryDisclosureTextBlock|us-gaap:InventoryNetOfAllowancesCustomerAdvancesAndProgressBillings|us-gaap:InventoryRawMaterialsNetOfReserves|us-gaap:ScheduleOfInventoryCurrentTableTextBlock,https://www.sec.gov/Archives/edgar/data/1501585/000150158521000036/hii-20210930.htm,29ff7b69ce5c53055d5b4167ea0e8ee828fb375fd0986e47579d87d5dfc330c1,ALL_PERIODIC_FILINGS,True,True
10-Q,2021-11-04,2021-09-30,0001501585-21-000036,note_segments,True,2,us-gaap:ScheduleOfSegmentReportingInformationBySegmentTextBlock|us-gaap:SegmentReportingDisclosureTextBlock,https://www.sec.gov/Archives/edgar/data/1501585/000150158521000036/hii-20210930.htm,29ff7b69ce5c53055d5b4167ea0e8ee828fb375fd0986e47579d87d5dfc330c1,ALL_PERIODIC_FILINGS,True,True
10-Q,2021-11-04,2021-09-30,0001501585-21-000036,note_revenue_and_contracts,True,5,us-gaap:ContractWithCustomerAssetNet|us-gaap:ContractWithCustomerLiabilityCurrent|us-gaap:ContractWithCustomerLiabilityRevenueRecognized|us-gaap:IncreaseDecreaseInContractWithCustomerAsset|us-gaap:RevenueFromContractWithCustomerTextBlock,https://www.sec.gov/Archives/edgar/data/1501585/000150158521000036/hii-20210930.htm,29ff7b69ce5c53055d5b4167ea0e8ee828fb375fd0986e47579d87d5dfc330c1,ALL_PERIODIC_FILINGS,True,True
10-Q,2021-11-04,2021-09-30,0001501585-21-000036,note_contract_assets_liabilities,True,4,us-gaap:ContractWithCustomerAssetNet|us-gaap:ContractWithCustomerLiabilityCurrent|us-gaap:ContractWithCustomerLiabilityRevenueRecognized|us-gaap:IncreaseDecreaseInContractWithCustomerAsset,https://www.sec.gov/Archives/edgar/data/1501585/000150158521000036/hii-20210930.htm,29ff7b69ce5c53055d5b4167ea0e8ee828fb375fd0986e47579d87d5dfc330c1,ALL_PERIODIC_FILINGS,True,True
10-Q,2021-11-04,2021-09-30,0001501585-21-000036,note_remaining_performance_obligation,True,1,us-gaap:RevenueRemainingPerformanceObligation,https://www.sec.gov/Archives/edgar/data/1501585/000150158521000036/hii-20210930.htm,29ff7b69ce5c53055d5b4167ea0e8ee828fb375fd0986e47579d87d5dfc330c1,ALL_PERIODIC_FILINGS,True,True
10-Q,2021-11-04,2021-09-30,0001501585-21-000036,note_program_accounting,True,2,us-gaap:IncreaseDecreaseInInventoryForLongTermContractsOrPrograms|us-gaap:StockRepurchaseProgramAuthorizedAmount1,https://www.sec.gov/Archives/edgar/data/1501585/000150158521000036/hii-20210930.htm,29ff7b69ce5c53055d5b4167ea0e8ee828fb375fd0986e47579d87d5dfc330c1,ALL_PERIODIC_FILINGS,True,True
10-Q,2021-11-04,2021-09-30,0001501585-21-000036,note_pension,True,8,us-gaap:DefinedBenefitPensionPlanLiabilitiesNoncurrent|us-gaap:IncreaseDecreaseInPensionAndPostretirementObligations|us-gaap:OtherComprehensiveIncomeLossAmortizationAdjustmentFromAOCIPensionAndOtherPostretirementBenefitPlansForNetPriorServiceCostCreditBeforeTax|us-gaap:OtherComprehensiveIncomeLossReclassificationAdjustmentFromAOCIPensionAndOtherPostretirementBenefitPlansForNetGainLossBeforeTax|us-gaap:PensionAndOtherPostretirementAndPostemploymentBenefitPlansLiabilitiesCurrent|us-gaap:PensionAndOtherPostretirementBenefitContributions|us-gaap:PensionAndOtherPostretirementBenefitsDisclosureTextBlock|us-gaap:PensionContributions,https://www.sec.gov/Archives/edgar/data/1501585/000150158521000036/hii-20210930.htm,29ff7b69ce5c53055d5b4167ea0e8ee828fb375fd0986e47579d87d5dfc330c1,ANNUAL_10K_ONLY,False,False
10-Q,2021-11-04,2021-09-30,0001501585-21-000036,note_goodwill_intangibles,True,15,us-gaap:AcquiredFiniteLivedIntangibleAssetsWeightedAverageUsefulLife|us-gaap:AmortizationOfIntangibleAssets|us-gaap:FiniteLivedIntangibleAssetsAccumulatedAmortization|us-gaap:FiniteLivedIntangibleAssetsAmortizationExpenseNextTwelveMonths|us-gaap:FiniteLivedIntangibleAssetsAmortizationExpenseYearFive|us-gaap:FiniteLivedIntangibleAssetsAmortizationExpenseYearFour|us-gaap:FiniteLivedIntangibleAssetsAmortizationExpenseYearThree|us-gaap:FiniteLivedIntangibleAssetsAmortizationExpenseYearTwo|us-gaap:FiniteLivedIntangibleAssetsNet|us-gaap:Goodwill|us-gaap:GoodwillAcquiredDuringPeriod|us-gaap:GoodwillAndIntangibleAssetsDisclosureTextBlock|us-gaap:GoodwillImpairedAccumulatedImpairmentLoss|us-gaap:GoodwillPurchaseAccountingAdjustments|us-gaap:ScheduleOfGoodwillTextBlock,https://www.sec.gov/Archives/edgar/data/1501585/000150158521000036/hii-20210930.htm,29ff7b69ce5c53055d5b4167ea0e8ee828fb375fd0986e47579d87d5dfc330c1,ANNUAL_10K_ONLY,False,False
10-Q,2021-11-04,2021-09-30,0001501585-21-000036,note_debt,True,8,us-gaap:DebtDisclosureTextBlock|us-gaap:LongTermDebt|us-gaap:LongTermDebtFairValue|us-gaap:LongTermDebtMaturitiesRepaymentsOfPrincipalInYearFour|us-gaap:LongTermDebtMaturitiesRepaymentsOfPrincipalInYearThree|us-gaap:LongTermDebtMaturitiesRepaymentsOfPrincipalInYearTwo|us-gaap:LongTermDebtNoncurrent|us-gaap:ProceedsFromIssuanceOfLongTermDebt,https://www.sec.gov/Archives/edgar/data/1501585/000150158521000036/hii-20210930.htm,29ff7b69ce5c53055d5b4167ea0e8ee828fb375fd0986e47579d87d5dfc330c1,ALL_PERIODIC_FILINGS,True,True
10-Q,2021-11-04,2021-09-30,0001501585-21-000036,note_income_taxes,True,2,us-gaap:EffectiveIncomeTaxRateContinuingOperations|us-gaap:IncomeTaxDisclosureTextBlock,https://www.sec.gov/Archives/edgar/data/1501585/000150158521000036/hii-20210930.htm,29ff7b69ce5c53055d5b4167ea0e8ee828fb375fd0986e47579d87d5dfc330c1,ALL_PERIODIC_FILINGS,True,True
10-Q,2021-11-04,2021-09-30,0001501585-21-000036,capital_structure,True,12,us-gaap:CashAndCashEquivalentsAtCarryingValue|us-gaap:CashAndCashEquivalentsPeriodIncreaseDecrease|us-gaap:LiabilitiesAndStockholdersEquity|us-gaap:LongTermDebt|us-gaap:LongTermDebtFairValue|us-gaap:LongTermDebtMaturitiesRepaymentsOfPrincipalInYearFour|us-gaap:LongTermDebtMaturitiesRepaymentsOfPrincipalInYearThree|us-gaap:LongTermDebtMaturitiesRepaymentsOfPrincipalInYearTwo|us-gaap:LongTermDebtNoncurrent|us-gaap:ProceedsFromIssuanceOfLongTermDebt|us-gaap:StockholdersEquityIncludingPortionAttributableToNoncontrollingInterest|us-gaap:StockholdersEquityNoteDisclosureTextBlock,https://www.sec.gov/Archives/edgar/data/1501585/000150158521000036/hii-20210930.htm,29ff7b69ce5c53055d5b4167ea0e8ee828fb375fd0986e47579d87d5dfc330c1,ALL_PERIODIC_FILINGS,True,True
10-K,2022-02-10,2021-12-31,0001501585-22-000007,statement_revenue_operating_income_tax,True,9,hii:AdvancePaymentsandBillingsinExcessofRevenuesPolicyTextBlock|us-gaap:DeferredFederalIncomeTaxExpenseBenefit|us-gaap:DeferredIncomeTaxExpenseBenefit|us-gaap:DeferredStateAndLocalIncomeTaxExpenseBenefit|us-gaap:IncomeTaxExpenseBenefit|us-gaap:IncomeTaxReconciliationIncomeTaxExpenseBenefitAtFederalStatutoryIncomeTaxRate|us-gaap:OperatingIncomeLoss|us-gaap:Revenues|us-gaap:ScheduleOfComponentsOfIncomeTaxExpenseBenefitTableTextBlock,https://www.sec.gov/Archives/edgar/data/1501585/000150158522000007/hii-20211231.htm,044bbc3f603b93031cf93d2d5b0c79964518807a8b543e9897e74767e666a693,ALL_PERIODIC_FILINGS,True,True
10-K,2022-02-10,2021-12-31,0001501585-22-000007,statement_cash_flow_capex_depreciation,True,10,us-gaap:AccumulatedDepreciationDepletionAndAmortizationPropertyPlantAndEquipment|us-gaap:Depreciation|us-gaap:DepreciationDepletionAndAmortization|us-gaap:NetCashProvidedByUsedInFinancingActivities|us-gaap:NetCashProvidedByUsedInInvestingActivities|us-gaap:NetCashProvidedByUsedInOperatingActivities|us-gaap:PaymentsToAcquireBusinessesGross|us-gaap:PaymentsToAcquireBusinessesNetOfCashAcquired|us-gaap:PaymentsToAcquireProductiveAssets|us-gaap:PaymentsToAcquirePropertyPlantAndEquipment,https://www.sec.gov/Archives/edgar/data/1501585/000150158522000007/hii-20211231.htm,044bbc3f603b93031cf93d2d5b0c79964518807a8b543e9897e74767e666a693,ALL_PERIODIC_FILINGS,True,True
10-K,2022-02-10,2021-12-31,0001501585-22-000007,statement_working_capital,True,8,us-gaap:AccountsPayableCurrent|us-gaap:GovernmentContractorsInventoryPolicyPolicyTextBlock|us-gaap:IncreaseDecreaseInInventoryForLongTermContractsOrPrograms|us-gaap:InventoryDisclosureTextBlock|us-gaap:InventoryNetOfAllowancesCustomerAdvancesAndProgressBillings|us-gaap:InventoryRawMaterialsNetOfReserves|us-gaap:InventoryWorkInProcessNetOfReserves|us-gaap:ScheduleOfInventoryCurrentTableTextBlock,https://www.sec.gov/Archives/edgar/data/1501585/000150158522000007/hii-20211231.htm,044bbc3f603b93031cf93d2d5b0c79964518807a8b543e9897e74767e666a693,ALL_PERIODIC_FILINGS,True,True
10-K,2022-02-10,2021-12-31,0001501585-22-000007,note_segments,True,1,us-gaap:SegmentReportingDisclosureTextBlock,https://www.sec.gov/Archives/edgar/data/1501585/000150158522000007/hii-20211231.htm,044bbc3f603b93031cf93d2d5b0c79964518807a8b543e9897e74767e666a693,ALL_PERIODIC_FILINGS,True,True
10-K,2022-02-10,2021-12-31,0001501585-22-000007,note_revenue_and_contracts,True,4,hii:BusinessCombinationRecognizedIdentifiableAssetsAcquiredAndLiabilitiesAssumedContractWithCustomerAssetAfterAllowanceForCreditLoss|us-gaap:ContractWithCustomerAssetNet|us-gaap:ContractWithCustomerLiabilityRevenueRecognized|us-gaap:IncreaseDecreaseInContractWithCustomerAsset,https://www.sec.gov/Archives/edgar/data/1501585/000150158522000007/hii-20211231.htm,044bbc3f603b93031cf93d2d5b0c79964518807a8b543e9897e74767e666a693,ALL_PERIODIC_FILINGS,True,True
10-K,2022-02-10,2021-12-31,0001501585-22-000007,note_contract_assets_liabilities,True,4,hii:BusinessCombinationRecognizedIdentifiableAssetsAcquiredAndLiabilitiesAssumedContractWithCustomerAssetAfterAllowanceForCreditLoss|us-gaap:ContractWithCustomerAssetNet|us-gaap:ContractWithCustomerLiabilityRevenueRecognized|us-gaap:IncreaseDecreaseInContractWithCustomerAsset,https://www.sec.gov/Archives/edgar/data/1501585/000150158522000007/hii-20211231.htm,044bbc3f603b93031cf93d2d5b0c79964518807a8b543e9897e74767e666a693,ALL_PERIODIC_FILINGS,True,True
10-K,2022-02-10,2021-12-31,0001501585-22-000007,note_remaining_performance_obligation,True,1,us-gaap:RevenueRemainingPerformanceObligation,https://www.sec.gov/Archives/edgar/data/1501585/000150158522000007/hii-20211231.htm,044bbc3f603b93031cf93d2d5b0c79964518807a8b543e9897e74767e666a693,ALL_PERIODIC_FILINGS,True,True
10-K,2022-02-10,2021-12-31,0001501585-22-000007,note_program_accounting,True,2,us-gaap:IncreaseDecreaseInInventoryForLongTermContractsOrPrograms|us-gaap:StockRepurchaseProgramAuthorizedAmount1,https://www.sec.gov/Archives/edgar/data/1501585/000150158522000007/hii-20211231.htm,044bbc3f603b93031cf93d2d5b0c79964518807a8b543e9897e74767e666a693,ALL_PERIODIC_FILINGS,True,True
10-K,2022-02-10,2021-12-31,0001501585-22-000007,note_pension,True,20,hii:DeferredTaxAssetTaxDeferredExpenseCompensationAndBenefitsPensionAndPostretirementBenefits|hii:OtherComprehensiveIncomeLossPensionAndOtherPostretirementBenefitPlansOtherAdjustmentsBeforeTax|us-gaap:DefinedBenefitPensionPlanLiabilitiesNoncurrent|us-gaap:DefinedBenefitPlanPensionPlanWithProjectedBenefitObligationInExcessOfPlanAssetsPlanAssets|us-gaap:DefinedBenefitPlanPensionPlanWithProjectedBenefitObligationInExcessOfPlanAssetsProjectedBenefitObligation|us-gaap:DefinedBenefitPlanPensionPlansWithAccumulatedBenefitObligationsInExcessOfPlanAssetsAggregateAccumulatedBenefitObligation|us-gaap:DefinedBenefitPlanPensionPlansWithAccumulatedBenefitObligationsInExcessOfPlanAssetsAggregateFairValueOfPlanAssets|us-gaap:IncreaseDecreaseInPensionAndPostretirementObligations|us-gaap:OtherComprehensiveIncomeLossAmortizationAdjustmentFromAOCIPensionAndOtherPostretirementBenefitPlansForNetPriorServiceCostCreditBeforeTax|us-gaap:OtherComprehensiveIncomeLossPensionAndOtherPostretirementBenefitPlansAdjustmentBeforeTax|us-gaap:OtherComprehensiveIncomeLossPensionAndOtherPostretirementBenefitPlansNetUnamortizedGainLossArisingDuringPeriodBeforeTax|us-gaap:OtherComprehensiveIncomeLossReclassificationAdjustmentFromAOCIPensionAndOtherPostretirementBenefitPlansForNetGainLossBeforeTax|us-gaap:PensionAndOtherPostretirementAndPostemploymentBenefitPlansLiabilitiesCurrent|us-gaap:PensionAndOtherPostretirementBenefitContributions|us-gaap:PensionAndOtherPostretirementBenefitsDisclosureTextBlock|us-gaap:PensionAndOtherPostretirementDefinedBenefitPlansCurrentLiabilities|us-gaap:PensionAndOtherPostretirementDefinedBenefitPlansLiabilitiesCurrentAndNoncurrent|us-gaap:PensionAndOtherPostretirementDefinedBenefitPlansLiabilitiesNoncurrent|us-gaap:PensionAndOtherPostretirementPlansPolicy|us-gaap:PensionContributions,https://www.sec.gov/Archives/edgar/data/1501585/000150158522000007/hii-20211231.htm,044bbc3f603b93031cf93d2d5b0c79964518807a8b543e9897e74767e666a693,ANNUAL_10K_ONLY,True,True
10-K,2022-02-10,2021-12-31,0001501585-22-000007,note_goodwill_intangibles,True,21,us-gaap:AcquiredFiniteLivedIntangibleAssetsWeightedAverageUsefulLife|us-gaap:AmortizationOfIntangibleAssets|us-gaap:DeferredTaxLiabilitiesGoodwillAndIntangibleAssetsIntangibleAssets|us-gaap:DisposalGroupIncludingDiscontinuedOperationGoodwill1|us-gaap:FiniteLivedIntangibleAssetsAccumulatedAmortization|us-gaap:FiniteLivedIntangibleAssetsAmortizationExpenseNextTwelveMonths|us-gaap:FiniteLivedIntangibleAssetsAmortizationExpenseYearFive|us-gaap:FiniteLivedIntangibleAssetsAmortizationExpenseYearFour|us-gaap:FiniteLivedIntangibleAssetsAmortizationExpenseYearThree|us-gaap:FiniteLivedIntangibleAssetsAmortizationExpenseYearTwo|us-gaap:FiniteLivedIntangibleAssetsNet|us-gaap:Goodwill|us-gaap:GoodwillAcquiredDuringPeriod|us-gaap:GoodwillAndIntangibleAssetImpairment|us-gaap:GoodwillAndIntangibleAssetsDisclosureTextBlock|us-gaap:GoodwillAndIntangibleAssetsPolicyTextBlock|us-gaap:GoodwillImpairedAccumulatedImpairmentLoss|us-gaap:GoodwillImpairmentLoss|us-gaap:GoodwillPurchaseAccountingAdjustments|us-gaap:GoodwillTranslationAndPurchaseAccountingAdjustments|us-gaap:ScheduleOfGoodwillTextBlock,https://www.sec.gov/Archives/edgar/data/1501585/000150158522000007/hii-20211231.htm,044bbc3f603b93031cf93d2d5b0c79964518807a8b543e9897e74767e666a693,ANNUAL_10K_ONLY,True,True
10-K,2022-02-10,2021-12-31,0001501585-22-000007,note_debt,True,9,us-gaap:DebtDisclosureTextBlock|us-gaap:LongTermDebt|us-gaap:LongTermDebtFairValue|us-gaap:LongTermDebtMaturitiesRepaymentsOfPrincipalInYearFour|us-gaap:LongTermDebtMaturitiesRepaymentsOfPrincipalInYearThree|us-gaap:LongTermDebtMaturitiesRepaymentsOfPrincipalInYearTwo|us-gaap:LongTermDebtNoncurrent|us-gaap:ProceedsFromIssuanceOfLongTermDebt|us-gaap:RepaymentsOfLongTermDebt,https://www.sec.gov/Archives/edgar/data/1501585/000150158522000007/hii-20211231.htm,044bbc3f603b93031cf93d2d5b0c79964518807a8b543e9897e74767e666a693,ALL_PERIODIC_FILINGS,True,True
10-K,2022-02-10,2021-12-31,0001501585-22-000007,note_income_taxes,True,3,us-gaap:EffectiveIncomeTaxRateContinuingOperations|us-gaap:IncomeTaxDisclosureTextBlock|us-gaap:ScheduleOfEffectiveIncomeTaxRateReconciliationTableTextBlock,https://www.sec.gov/Archives/edgar/data/1501585/000150158522000007/hii-20211231.htm,044bbc3f603b93031cf93d2d5b0c79964518807a8b543e9897e74767e666a693,ALL_PERIODIC_FILINGS,True,True
10-K,2022-02-10,2021-12-31,0001501585-22-000007,capital_structure,True,16,hii:CashAndCashEquivalentsMaturityPeriod|us-gaap:CashAndCashEquivalentsAtCarryingValue|us-gaap:CashAndCashEquivalentsPeriodIncreaseDecrease|us-gaap:CashAndCashEquivalentsPolicyTextBlock|us-gaap:LiabilitiesAndStockholdersEquity|us-gaap:LongTermDebt|us-gaap:LongTermDebtFairValue|us-gaap:LongTermDebtMaturitiesRepaymentsOfPrincipalInYearFour|us-gaap:LongTermDebtMaturitiesRepaymentsOfPrincipalInYearThree|us-gaap:LongTermDebtMaturitiesRepaymentsOfPrincipalInYearTwo|us-gaap:LongTermDebtNoncurrent|us-gaap:ProceedsFromIssuanceOfLongTermDebt|us-gaap:RepaymentsOfLongTermDebt|us-gaap:StockholdersEquity|us-gaap:StockholdersEquityIncludingPortionAttributableToNoncontrollingInterest|us-gaap:StockholdersEquityNoteDisclosureTextBlock,https://www.sec.gov/Archives/edgar/data/1501585/000150158522000007/hii-20211231.htm,044bbc3f603b93031cf93d2d5b0c79964518807a8b543e9897e74767e666a693,ALL_PERIODIC_FILINGS,True,True
10-Q,2022-05-05,2022-03-31,0001501585-22-000013,statement_revenue_operating_income_tax,True,4,us-gaap:DeferredStateAndLocalIncomeTaxExpenseBenefit|us-gaap:IncomeTaxExpenseBenefit|us-gaap:OperatingIncomeLoss|us-gaap:Revenues,https://www.sec.gov/Archives/edgar/data/1501585/000150158522000013/hii-20220331.htm,96a62a56e1834c7bb671cad2d29f436e668ae020b3abe4064a2b666789b79cce,ALL_PERIODIC_FILINGS,True,True
10-Q,2022-05-05,2022-03-31,0001501585-22-000013,statement_cash_flow_capex_depreciation,True,7,us-gaap:AccumulatedDepreciationDepletionAndAmortizationPropertyPlantAndEquipment|us-gaap:Depreciation|us-gaap:NetCashProvidedByUsedInFinancingActivities|us-gaap:NetCashProvidedByUsedInInvestingActivities|us-gaap:NetCashProvidedByUsedInOperatingActivities|us-gaap:PaymentsToAcquireBusinessesGross|us-gaap:PaymentsToAcquirePropertyPlantAndEquipment,https://www.sec.gov/Archives/edgar/data/1501585/000150158522000013/hii-20220331.htm,96a62a56e1834c7bb671cad2d29f436e668ae020b3abe4064a2b666789b79cce,ALL_PERIODIC_FILINGS,True,True
10-Q,2022-05-05,2022-03-31,0001501585-22-000013,statement_working_capital,True,7,hii:InventoryWorkInProcessAndGeneralAndAdministrativeCostsIncludedInInventoryNetOfReserves|us-gaap:AccountsPayableCurrent|us-gaap:IncreaseDecreaseInInventoryForLongTermContractsOrPrograms|us-gaap:InventoryDisclosureTextBlock|us-gaap:InventoryNetOfAllowancesCustomerAdvancesAndProgressBillings|us-gaap:InventoryRawMaterialsNetOfReserves|us-gaap:ScheduleOfInventoryCurrentTableTextBlock,https://www.sec.gov/Archives/edgar/data/1501585/000150158522000013/hii-20220331.htm,96a62a56e1834c7bb671cad2d29f436e668ae020b3abe4064a2b666789b79cce,ALL_PERIODIC_FILINGS,True,True
10-Q,2022-05-05,2022-03-31,0001501585-22-000013,note_segments,True,2,us-gaap:ScheduleOfSegmentReportingInformationBySegmentTextBlock|us-gaap:SegmentReportingDisclosureTextBlock,https://www.sec.gov/Archives/edgar/data/1501585/000150158522000013/hii-20220331.htm,96a62a56e1834c7bb671cad2d29f436e668ae020b3abe4064a2b666789b79cce,ALL_PERIODIC_FILINGS,True,True
10-Q,2022-05-05,2022-03-31,0001501585-22-000013,note_revenue_and_contracts,True,5,us-gaap:ContractWithCustomerAssetNet|us-gaap:ContractWithCustomerLiabilityCurrent|us-gaap:ContractWithCustomerLiabilityRevenueRecognized|us-gaap:IncreaseDecreaseInContractWithCustomerAsset|us-gaap:RevenueFromContractWithCustomerTextBlock,https://www.sec.gov/Archives/edgar/data/1501585/000150158522000013/hii-20220331.htm,96a62a56e1834c7bb671cad2d29f436e668ae020b3abe4064a2b666789b79cce,ALL_PERIODIC_FILINGS,True,True
10-Q,2022-05-05,2022-03-31,0001501585-22-000013,note_contract_assets_liabilities,True,4,us-gaap:ContractWithCustomerAssetNet|us-gaap:ContractWithCustomerLiabilityCurrent|us-gaap:ContractWithCustomerLiabilityRevenueRecognized|us-gaap:IncreaseDecreaseInContractWithCustomerAsset,https://www.sec.gov/Archives/edgar/data/1501585/000150158522000013/hii-20220331.htm,96a62a56e1834c7bb671cad2d29f436e668ae020b3abe4064a2b666789b79cce,ALL_PERIODIC_FILINGS,True,True
10-Q,2022-05-05,2022-03-31,0001501585-22-000013,note_remaining_performance_obligation,True,1,us-gaap:RevenueRemainingPerformanceObligation,https://www.sec.gov/Archives/edgar/data/1501585/000150158522000013/hii-20220331.htm,96a62a56e1834c7bb671cad2d29f436e668ae020b3abe4064a2b666789b79cce,ALL_PERIODIC_FILINGS,True,True
10-Q,2022-05-05,2022-03-31,0001501585-22-000013,note_program_accounting,True,2,us-gaap:IncreaseDecreaseInInventoryForLongTermContractsOrPrograms|us-gaap:StockRepurchaseProgramAuthorizedAmount1,https://www.sec.gov/Archives/edgar/data/1501585/000150158522000013/hii-20220331.htm,96a62a56e1834c7bb671cad2d29f436e668ae020b3abe4064a2b666789b79cce,ALL_PERIODIC_FILINGS,True,True
10-Q,2022-05-05,2022-03-31,0001501585-22-000013,note_pension,True,8,us-gaap:DefinedBenefitPensionPlanLiabilitiesNoncurrent|us-gaap:IncreaseDecreaseInPensionAndPostretirementObligations|us-gaap:OtherComprehensiveIncomeLossAmortizationAdjustmentFromAOCIPensionAndOtherPostretirementBenefitPlansForNetPriorServiceCostCreditBeforeTax|us-gaap:OtherComprehensiveIncomeLossReclassificationAdjustmentFromAOCIPensionAndOtherPostretirementBenefitPlansForNetGainLossBeforeTax|us-gaap:PensionAndOtherPostretirementAndPostemploymentBenefitPlansLiabilitiesCurrent|us-gaap:PensionAndOtherPostretirementBenefitContributions|us-gaap:PensionAndOtherPostretirementBenefitsDisclosureTextBlock|us-gaap:PensionContributions,https://www.sec.gov/Archives/edgar/data/1501585/000150158522000013/hii-20220331.htm,96a62a56e1834c7bb671cad2d29f436e668ae020b3abe4064a2b666789b79cce,ANNUAL_10K_ONLY,False,False
10-Q,2022-05-05,2022-03-31,0001501585-22-000013,note_goodwill_intangibles,True,7,us-gaap:AcquiredFiniteLivedIntangibleAssetsWeightedAverageUsefulLife|us-gaap:AmortizationOfIntangibleAssets|us-gaap:FiniteLivedIntangibleAssetsAccumulatedAmortization|us-gaap:FiniteLivedIntangibleAssetsNet|us-gaap:Goodwill|us-gaap:GoodwillAcquiredDuringPeriod|us-gaap:IntangibleAssetsDisclosureTextBlock,https://www.sec.gov/Archives/edgar/data/1501585/000150158522000013/hii-20220331.htm,96a62a56e1834c7bb671cad2d29f436e668ae020b3abe4064a2b666789b79cce,ANNUAL_10K_ONLY,False,False
10-Q,2022-05-05,2022-03-31,0001501585-22-000013,note_debt,True,3,us-gaap:LongTermDebtFairValue|us-gaap:LongTermDebtNoncurrent|us-gaap:RepaymentsOfLongTermDebt,https://www.sec.gov/Archives/edgar/data/1501585/000150158522000013/hii-20220331.htm,96a62a56e1834c7bb671cad2d29f436e668ae020b3abe4064a2b666789b79cce,ALL_PERIODIC_FILINGS,True,True
10-Q,2022-05-05,2022-03-31,0001501585-22-000013,note_income_taxes,True,3,us-gaap:EffectiveIncomeTaxRateContinuingOperations|us-gaap:EffectiveIncomeTaxRateReconciliationAtFederalStatutoryIncomeTaxRate|us-gaap:IncomeTaxDisclosureTextBlock,https://www.sec.gov/Archives/edgar/data/1501585/000150158522000013/hii-20220331.htm,96a62a56e1834c7bb671cad2d29f436e668ae020b3abe4064a2b666789b79cce,ALL_PERIODIC_FILINGS,True,True
10-Q,2022-05-05,2022-03-31,0001501585-22-000013,capital_structure,True,8,us-gaap:CashAndCashEquivalentsAtCarryingValue|us-gaap:CashAndCashEquivalentsPeriodIncreaseDecrease|us-gaap:LiabilitiesAndStockholdersEquity|us-gaap:LongTermDebtFairValue|us-gaap:LongTermDebtNoncurrent|us-gaap:RepaymentsOfLongTermDebt|us-gaap:StockholdersEquityIncludingPortionAttributableToNoncontrollingInterest|us-gaap:StockholdersEquityNoteDisclosureTextBlock,https://www.sec.gov/Archives/edgar/data/1501585/000150158522000013/hii-20220331.htm,96a62a56e1834c7bb671cad2d29f436e668ae020b3abe4064a2b666789b79cce,ALL_PERIODIC_FILINGS,True,True
10-Q,2022-08-04,2022-06-30,0001501585-22-000026,statement_revenue_operating_income_tax,True,4,us-gaap:DeferredStateAndLocalIncomeTaxExpenseBenefit|us-gaap:IncomeTaxExpenseBenefit|us-gaap:OperatingIncomeLoss|us-gaap:Revenues,https://www.sec.gov/Archives/edgar/data/1501585/000150158522000026/hii-20220630.htm,6b4376c95b627882e6a1b1a4637b62f7c8ea430d28acce8f2e0e82c4d5b781b6,ALL_PERIODIC_FILINGS,True,True
10-Q,2022-08-04,2022-06-30,0001501585-22-000026,statement_cash_flow_capex_depreciation,True,7,us-gaap:AccumulatedDepreciationDepletionAndAmortizationPropertyPlantAndEquipment|us-gaap:Depreciation|us-gaap:NetCashProvidedByUsedInFinancingActivities|us-gaap:NetCashProvidedByUsedInInvestingActivities|us-gaap:NetCashProvidedByUsedInOperatingActivities|us-gaap:PaymentsToAcquireBusinessesGross|us-gaap:PaymentsToAcquirePropertyPlantAndEquipment,https://www.sec.gov/Archives/edgar/data/1501585/000150158522000026/hii-20220630.htm,6b4376c95b627882e6a1b1a4637b62f7c8ea430d28acce8f2e0e82c4d5b781b6,ALL_PERIODIC_FILINGS,True,True
10-Q,2022-08-04,2022-06-30,0001501585-22-000026,statement_working_capital,True,3,us-gaap:AccountsPayableCurrent|us-gaap:IncreaseDecreaseInInventoryForLongTermContractsOrPrograms|us-gaap:InventoryNetOfAllowancesCustomerAdvancesAndProgressBillings,https://www.sec.gov/Archives/edgar/data/1501585/000150158522000026/hii-20220630.htm,6b4376c95b627882e6a1b1a4637b62f7c8ea430d28acce8f2e0e82c4d5b781b6,ALL_PERIODIC_FILINGS,True,True
10-Q,2022-08-04,2022-06-30,0001501585-22-000026,note_segments,True,2,us-gaap:ScheduleOfSegmentReportingInformationBySegmentTextBlock|us-gaap:SegmentReportingDisclosureTextBlock,https://www.sec.gov/Archives/edgar/data/1501585/000150158522000026/hii-20220630.htm,6b4376c95b627882e6a1b1a4637b62f7c8ea430d28acce8f2e0e82c4d5b781b6,ALL_PERIODIC_FILINGS,True,True
10-Q,2022-08-04,2022-06-30,0001501585-22-000026,note_revenue_and_contracts,True,5,us-gaap:ContractWithCustomerAssetNet|us-gaap:ContractWithCustomerLiabilityCurrent|us-gaap:ContractWithCustomerLiabilityRevenueRecognized|us-gaap:IncreaseDecreaseInContractWithCustomerAsset|us-gaap:RevenueFromContractWithCustomerTextBlock,https://www.sec.gov/Archives/edgar/data/1501585/000150158522000026/hii-20220630.htm,6b4376c95b627882e6a1b1a4637b62f7c8ea430d28acce8f2e0e82c4d5b781b6,ALL_PERIODIC_FILINGS,True,True
10-Q,2022-08-04,2022-06-30,0001501585-22-000026,note_contract_assets_liabilities,True,4,us-gaap:ContractWithCustomerAssetNet|us-gaap:ContractWithCustomerLiabilityCurrent|us-gaap:ContractWithCustomerLiabilityRevenueRecognized|us-gaap:IncreaseDecreaseInContractWithCustomerAsset,https://www.sec.gov/Archives/edgar/data/1501585/000150158522000026/hii-20220630.htm,6b4376c95b627882e6a1b1a4637b62f7c8ea430d28acce8f2e0e82c4d5b781b6,ALL_PERIODIC_FILINGS,True,True
10-Q,2022-08-04,2022-06-30,0001501585-22-000026,note_remaining_performance_obligation,True,1,us-gaap:RevenueRemainingPerformanceObligation,https://www.sec.gov/Archives/edgar/data/1501585/000150158522000026/hii-20220630.htm,6b4376c95b627882e6a1b1a4637b62f7c8ea430d28acce8f2e0e82c4d5b781b6,ALL_PERIODIC_FILINGS,True,True
10-Q,2022-08-04,2022-06-30,0001501585-22-000026,note_program_accounting,True,2,us-gaap:IncreaseDecreaseInInventoryForLongTermContractsOrPrograms|us-gaap:StockRepurchaseProgramAuthorizedAmount1,https://www.sec.gov/Archives/edgar/data/1501585/000150158522000026/hii-20220630.htm,6b4376c95b627882e6a1b1a4637b62f7c8ea430d28acce8f2e0e82c4d5b781b6,ALL_PERIODIC_FILINGS,True,True
10-Q,2022-08-04,2022-06-30,0001501585-22-000026,note_pension,True,8,us-gaap:DefinedBenefitPensionPlanLiabilitiesNoncurrent|us-gaap:IncreaseDecreaseInPensionAndPostretirementObligations|us-gaap:OtherComprehensiveIncomeLossAmortizationAdjustmentFromAOCIPensionAndOtherPostretirementBenefitPlansForNetPriorServiceCostCreditBeforeTax|us-gaap:OtherComprehensiveIncomeLossReclassificationAdjustmentFromAOCIPensionAndOtherPostretirementBenefitPlansForNetGainLossBeforeTax|us-gaap:PensionAndOtherPostretirementAndPostemploymentBenefitPlansLiabilitiesCurrent|us-gaap:PensionAndOtherPostretirementBenefitContributions|us-gaap:PensionAndOtherPostretirementBenefitsDisclosureTextBlock|us-gaap:PensionContributions,https://www.sec.gov/Archives/edgar/data/1501585/000150158522000026/hii-20220630.htm,6b4376c95b627882e6a1b1a4637b62f7c8ea430d28acce8f2e0e82c4d5b781b6,ANNUAL_10K_ONLY,False,False
10-Q,2022-08-04,2022-06-30,0001501585-22-000026,note_goodwill_intangibles,True,6,us-gaap:AmortizationOfIntangibleAssets|us-gaap:FiniteLivedIntangibleAssetsAccumulatedAmortization|us-gaap:FiniteLivedIntangibleAssetsNet|us-gaap:Goodwill|us-gaap:GoodwillAcquiredDuringPeriod|us-gaap:GoodwillPurchaseAccountingAdjustments,https://www.sec.gov/Archives/edgar/data/1501585/000150158522000026/hii-20220630.htm,6b4376c95b627882e6a1b1a4637b62f7c8ea430d28acce8f2e0e82c4d5b781b6,ANNUAL_10K_ONLY,False,False
10-Q,2022-08-04,2022-06-30,0001501585-22-000026,note_debt,True,4,us-gaap:LongTermDebt|us-gaap:LongTermDebtFairValue|us-gaap:LongTermDebtNoncurrent|us-gaap:RepaymentsOfLongTermDebt,https://www.sec.gov/Archives/edgar/data/1501585/000150158522000026/hii-20220630.htm,6b4376c95b627882e6a1b1a4637b62f7c8ea430d28acce8f2e0e82c4d5b781b6,ALL_PERIODIC_FILINGS,True,True
10-Q,2022-08-04,2022-06-30,0001501585-22-000026,note_income_taxes,True,3,us-gaap:EffectiveIncomeTaxRateContinuingOperations|us-gaap:EffectiveIncomeTaxRateReconciliationAtFederalStatutoryIncomeTaxRate|us-gaap:IncomeTaxDisclosureTextBlock,https://www.sec.gov/Archives/edgar/data/1501585/000150158522000026/hii-20220630.htm,6b4376c95b627882e6a1b1a4637b62f7c8ea430d28acce8f2e0e82c4d5b781b6,ALL_PERIODIC_FILINGS,True,True
10-Q,2022-08-04,2022-06-30,0001501585-22-000026,capital_structure,True,9,us-gaap:CashAndCashEquivalentsAtCarryingValue|us-gaap:CashAndCashEquivalentsPeriodIncreaseDecrease|us-gaap:LiabilitiesAndStockholdersEquity|us-gaap:LongTermDebt|us-gaap:LongTermDebtFairValue|us-gaap:LongTermDebtNoncurrent|us-gaap:RepaymentsOfLongTermDebt|us-gaap:StockholdersEquityIncludingPortionAttributableToNoncontrollingInterest|us-gaap:StockholdersEquityNoteDisclosureTextBlock,https://www.sec.gov/Archives/edgar/data/1501585/000150158522000026/hii-20220630.htm,6b4376c95b627882e6a1b1a4637b62f7c8ea430d28acce8f2e0e82c4d5b781b6,ALL_PERIODIC_FILINGS,True,True
10-Q,2022-11-03,2022-09-30,0001501585-22-000034,statement_revenue_operating_income_tax,True,4,us-gaap:DeferredStateAndLocalIncomeTaxExpenseBenefit|us-gaap:IncomeTaxExpenseBenefit|us-gaap:OperatingIncomeLoss|us-gaap:Revenues,https://www.sec.gov/Archives/edgar/data/1501585/000150158522000034/hii-20220930.htm,57998b25458f3a20d8ab189f4d1d7fc62bf7ae7299f006de9dae780a4081f114,ALL_PERIODIC_FILINGS,True,True
10-Q,2022-11-03,2022-09-30,0001501585-22-000034,statement_cash_flow_capex_depreciation,True,8,us-gaap:AccumulatedDepreciationDepletionAndAmortizationPropertyPlantAndEquipment|us-gaap:Depreciation|us-gaap:NetCashProvidedByUsedInFinancingActivities|us-gaap:NetCashProvidedByUsedInInvestingActivities|us-gaap:NetCashProvidedByUsedInOperatingActivities|us-gaap:PaymentsToAcquireBusinessesGross|us-gaap:PaymentsToAcquireBusinessesNetOfCashAcquired|us-gaap:PaymentsToAcquirePropertyPlantAndEquipment,https://www.sec.gov/Archives/edgar/data/1501585/000150158522000034/hii-20220930.htm,57998b25458f3a20d8ab189f4d1d7fc62bf7ae7299f006de9dae780a4081f114,ALL_PERIODIC_FILINGS,True,True
10-Q,2022-11-03,2022-09-30,0001501585-22-000034,statement_working_capital,True,3,us-gaap:AccountsPayableCurrent|us-gaap:IncreaseDecreaseInInventoryForLongTermContractsOrPrograms|us-gaap:InventoryNetOfAllowancesCustomerAdvancesAndProgressBillings,https://www.sec.gov/Archives/edgar/data/1501585/000150158522000034/hii-20220930.htm,57998b25458f3a20d8ab189f4d1d7fc62bf7ae7299f006de9dae780a4081f114,ALL_PERIODIC_FILINGS,True,True
10-Q,2022-11-03,2022-09-30,0001501585-22-000034,note_segments,True,2,us-gaap:ScheduleOfSegmentReportingInformationBySegmentTextBlock|us-gaap:SegmentReportingDisclosureTextBlock,https://www.sec.gov/Archives/edgar/data/1501585/000150158522000034/hii-20220930.htm,57998b25458f3a20d8ab189f4d1d7fc62bf7ae7299f006de9dae780a4081f114,ALL_PERIODIC_FILINGS,True,True
10-Q,2022-11-03,2022-09-30,0001501585-22-000034,note_revenue_and_contracts,True,5,us-gaap:ContractWithCustomerAssetNet|us-gaap:ContractWithCustomerLiabilityCurrent|us-gaap:ContractWithCustomerLiabilityRevenueRecognized|us-gaap:IncreaseDecreaseInContractWithCustomerAsset|us-gaap:RevenueFromContractWithCustomerTextBlock,https://www.sec.gov/Archives/edgar/data/1501585/000150158522000034/hii-20220930.htm,57998b25458f3a20d8ab189f4d1d7fc62bf7ae7299f006de9dae780a4081f114,ALL_PERIODIC_FILINGS,True,True
10-Q,2022-11-03,2022-09-30,0001501585-22-000034,note_contract_assets_liabilities,True,4,us-gaap:ContractWithCustomerAssetNet|us-gaap:ContractWithCustomerLiabilityCurrent|us-gaap:ContractWithCustomerLiabilityRevenueRecognized|us-gaap:IncreaseDecreaseInContractWithCustomerAsset,https://www.sec.gov/Archives/edgar/data/1501585/000150158522000034/hii-20220930.htm,57998b25458f3a20d8ab189f4d1d7fc62bf7ae7299f006de9dae780a4081f114,ALL_PERIODIC_FILINGS,True,True
10-Q,2022-11-03,2022-09-30,0001501585-22-000034,note_remaining_performance_obligation,True,1,us-gaap:RevenueRemainingPerformanceObligation,https://www.sec.gov/Archives/edgar/data/1501585/000150158522000034/hii-20220930.htm,57998b25458f3a20d8ab189f4d1d7fc62bf7ae7299f006de9dae780a4081f114,ALL_PERIODIC_FILINGS,True,True
10-Q,2022-11-03,2022-09-30,0001501585-22-000034,note_program_accounting,True,2,us-gaap:IncreaseDecreaseInInventoryForLongTermContractsOrPrograms|us-gaap:StockRepurchaseProgramAuthorizedAmount1,https://www.sec.gov/Archives/edgar/data/1501585/000150158522000034/hii-20220930.htm,57998b25458f3a20d8ab189f4d1d7fc62bf7ae7299f006de9dae780a4081f114,ALL_PERIODIC_FILINGS,True,True
10-Q,2022-11-03,2022-09-30,0001501585-22-000034,note_pension,True,9,us-gaap:DefinedBenefitPensionPlanLiabilitiesNoncurrent|us-gaap:IncreaseDecreaseInPensionAndPostretirementObligations|us-gaap:OtherComprehensiveIncomeLossAmortizationAdjustmentFromAOCIPensionAndOtherPostretirementBenefitPlansForNetPriorServiceCostCreditBeforeTax|us-gaap:OtherComprehensiveIncomeLossFinalizationOfPensionAndNonPensionPostretirementPlanValuationBeforeTax|us-gaap:OtherComprehensiveIncomeLossReclassificationAdjustmentFromAOCIPensionAndOtherPostretirementBenefitPlansForNetGainLossBeforeTax|us-gaap:PensionAndOtherPostretirementAndPostemploymentBenefitPlansLiabilitiesCurrent|us-gaap:PensionAndOtherPostretirementBenefitContributions|us-gaap:PensionAndOtherPostretirementBenefitsDisclosureTextBlock|us-gaap:PensionContributions,https://www.sec.gov/Archives/edgar/data/1501585/000150158522000034/hii-20220930.htm,57998b25458f3a20d8ab189f4d1d7fc62bf7ae7299f006de9dae780a4081f114,ANNUAL_10K_ONLY,False,False
10-Q,2022-11-03,2022-09-30,0001501585-22-000034,note_goodwill_intangibles,True,7,us-gaap:AmortizationOfIntangibleAssets|us-gaap:FiniteLivedIntangibleAssetsAccumulatedAmortization|us-gaap:FiniteLivedIntangibleAssetsNet|us-gaap:Goodwill|us-gaap:GoodwillAcquiredDuringPeriod|us-gaap:GoodwillDisclosureTextBlock|us-gaap:GoodwillPurchaseAccountingAdjustments,https://www.sec.gov/Archives/edgar/data/1501585/000150158522000034/hii-20220930.htm,57998b25458f3a20d8ab189f4d1d7fc62bf7ae7299f006de9dae780a4081f114,ANNUAL_10K_ONLY,False,False
10-Q,2022-11-03,2022-09-30,0001501585-22-000034,note_debt,True,7,hii:LongTermDebtCurrentMaturitiesFairValue|us-gaap:LongTermDebt|us-gaap:LongTermDebtCurrent|us-gaap:LongTermDebtFairValue|us-gaap:LongTermDebtNoncurrent|us-gaap:ProceedsFromIssuanceOfLongTermDebt|us-gaap:RepaymentsOfLongTermDebt,https://www.sec.gov/Archives/edgar/data/1501585/000150158522000034/hii-20220930.htm,57998b25458f3a20d8ab189f4d1d7fc62bf7ae7299f006de9dae780a4081f114,ALL_PERIODIC_FILINGS,True,True
10-Q,2022-11-03,2022-09-30,0001501585-22-000034,note_income_taxes,True,2,us-gaap:EffectiveIncomeTaxRateContinuingOperations|us-gaap:IncomeTaxDisclosureTextBlock,https://www.sec.gov/Archives/edgar/data/1501585/000150158522000034/hii-20220930.htm,57998b25458f3a20d8ab189f4d1d7fc62bf7ae7299f006de9dae780a4081f114,ALL_PERIODIC_FILINGS,True,True
10-Q,2022-11-03,2022-09-30,0001501585-22-000034,capital_structure,True,11,hii:LongTermDebtCurrentMaturitiesFairValue|us-gaap:CashAndCashEquivalentsAtCarryingValue|us-gaap:LiabilitiesAndStockholdersEquity|us-gaap:LongTermDebt|us-gaap:LongTermDebtCurrent|us-gaap:LongTermDebtFairValue|us-gaap:LongTermDebtNoncurrent|us-gaap:ProceedsFromIssuanceOfLongTermDebt|us-gaap:RepaymentsOfLongTermDebt|us-gaap:StockholdersEquityIncludingPortionAttributableToNoncontrollingInterest|us-gaap:StockholdersEquityNoteDisclosureTextBlock,https://www.sec.gov/Archives/edgar/data/1501585/000150158522000034/hii-20220930.htm,57998b25458f3a20d8ab189f4d1d7fc62bf7ae7299f006de9dae780a4081f114,ALL_PERIODIC_FILINGS,True,True
10-K,2023-02-09,2022-12-31,0001501585-23-000010,statement_revenue_operating_income_tax,True,9,hii:AdvancePaymentsandBillingsinExcessofRevenuesPolicyTextBlock|us-gaap:DeferredFederalIncomeTaxExpenseBenefit|us-gaap:DeferredIncomeTaxExpenseBenefit|us-gaap:DeferredStateAndLocalIncomeTaxExpenseBenefit|us-gaap:IncomeTaxExpenseBenefit|us-gaap:IncomeTaxReconciliationIncomeTaxExpenseBenefitAtFederalStatutoryIncomeTaxRate|us-gaap:OperatingIncomeLoss|us-gaap:Revenues|us-gaap:ScheduleOfComponentsOfIncomeTaxExpenseBenefitTableTextBlock,https://www.sec.gov/Archives/edgar/data/1501585/000150158523000010/hii-20221231.htm,cfcc6f7fd5211d6d8f36fcd6ed2a9b9a8d27927356fe1913e9b42f534685bf8e,ALL_PERIODIC_FILINGS,True,True
10-K,2023-02-09,2022-12-31,0001501585-23-000010,statement_cash_flow_capex_depreciation,True,10,us-gaap:AccumulatedDepreciationDepletionAndAmortizationPropertyPlantAndEquipment|us-gaap:Depreciation|us-gaap:DepreciationDepletionAndAmortization|us-gaap:NetCashProvidedByUsedInFinancingActivities|us-gaap:NetCashProvidedByUsedInInvestingActivities|us-gaap:NetCashProvidedByUsedInOperatingActivities|us-gaap:PaymentsToAcquireBusinessesGross|us-gaap:PaymentsToAcquireBusinessesNetOfCashAcquired|us-gaap:PaymentsToAcquireProductiveAssets|us-gaap:PaymentsToAcquirePropertyPlantAndEquipment,https://www.sec.gov/Archives/edgar/data/1501585/000150158523000010/hii-20221231.htm,cfcc6f7fd5211d6d8f36fcd6ed2a9b9a8d27927356fe1913e9b42f534685bf8e,ALL_PERIODIC_FILINGS,True,True
10-K,2023-02-09,2022-12-31,0001501585-23-000010,statement_working_capital,True,8,us-gaap:AccountsPayableCurrent|us-gaap:GovernmentContractorsInventoryPolicyPolicyTextBlock|us-gaap:IncreaseDecreaseInInventoryForLongTermContractsOrPrograms|us-gaap:InventoryDisclosureTextBlock|us-gaap:InventoryNetOfAllowancesCustomerAdvancesAndProgressBillings|us-gaap:InventoryRawMaterialsNetOfReserves|us-gaap:InventoryWorkInProcessNetOfReserves|us-gaap:ScheduleOfInventoryCurrentTableTextBlock,https://www.sec.gov/Archives/edgar/data/1501585/000150158523000010/hii-20221231.htm,cfcc6f7fd5211d6d8f36fcd6ed2a9b9a8d27927356fe1913e9b42f534685bf8e,ALL_PERIODIC_FILINGS,True,True
10-K,2023-02-09,2022-12-31,0001501585-23-000010,note_segments,True,1,us-gaap:SegmentReportingDisclosureTextBlock,https://www.sec.gov/Archives/edgar/data/1501585/000150158523000010/hii-20221231.htm,cfcc6f7fd5211d6d8f36fcd6ed2a9b9a8d27927356fe1913e9b42f534685bf8e,ALL_PERIODIC_FILINGS,True,True
10-K,2023-02-09,2022-12-31,0001501585-23-000010,note_revenue_and_contracts,True,5,us-gaap:ContractWithCustomerAssetNet|us-gaap:ContractWithCustomerLiabilityCurrent|us-gaap:ContractWithCustomerLiabilityRevenueRecognized|us-gaap:IncreaseDecreaseInContractWithCustomerAsset|us-gaap:RevenueFromContractWithCustomerTextBlock,https://www.sec.gov/Archives/edgar/data/1501585/000150158523000010/hii-20221231.htm,cfcc6f7fd5211d6d8f36fcd6ed2a9b9a8d27927356fe1913e9b42f534685bf8e,ALL_PERIODIC_FILINGS,True,True
10-K,2023-02-09,2022-12-31,0001501585-23-000010,note_contract_assets_liabilities,True,4,us-gaap:ContractWithCustomerAssetNet|us-gaap:ContractWithCustomerLiabilityCurrent|us-gaap:ContractWithCustomerLiabilityRevenueRecognized|us-gaap:IncreaseDecreaseInContractWithCustomerAsset,https://www.sec.gov/Archives/edgar/data/1501585/000150158523000010/hii-20221231.htm,cfcc6f7fd5211d6d8f36fcd6ed2a9b9a8d27927356fe1913e9b42f534685bf8e,ALL_PERIODIC_FILINGS,True,True
10-K,2023-02-09,2022-12-31,0001501585-23-000010,note_remaining_performance_obligation,True,1,us-gaap:RevenueRemainingPerformanceObligation,https://www.sec.gov/Archives/edgar/data/1501585/000150158523000010/hii-20221231.htm,cfcc6f7fd5211d6d8f36fcd6ed2a9b9a8d27927356fe1913e9b42f534685bf8e,ALL_PERIODIC_FILINGS,True,True
10-K,2023-02-09,2022-12-31,0001501585-23-000010,note_program_accounting,True,2,us-gaap:IncreaseDecreaseInInventoryForLongTermContractsOrPrograms|us-gaap:StockRepurchaseProgramAuthorizedAmount1,https://www.sec.gov/Archives/edgar/data/1501585/000150158523000010/hii-20221231.htm,cfcc6f7fd5211d6d8f36fcd6ed2a9b9a8d27927356fe1913e9b42f534685bf8e,ALL_PERIODIC_FILINGS,True,True
10-K,2023-02-09,2022-12-31,0001501585-23-000010,note_pension,True,20,hii:DeferredTaxAssetTaxDeferredExpenseCompensationAndBenefitsPensionAndPostretirementBenefits|hii:OtherComprehensiveIncomeLossPensionAndOtherPostretirementBenefitPlansOtherAdjustmentsBeforeTax|us-gaap:DefinedBenefitPensionPlanLiabilitiesNoncurrent|us-gaap:DefinedBenefitPlanPensionPlanWithProjectedBenefitObligationInExcessOfPlanAssetsPlanAssets|us-gaap:DefinedBenefitPlanPensionPlanWithProjectedBenefitObligationInExcessOfPlanAssetsProjectedBenefitObligation|us-gaap:DefinedBenefitPlanPensionPlansWithAccumulatedBenefitObligationsInExcessOfPlanAssetsAggregateAccumulatedBenefitObligation|us-gaap:IncreaseDecreaseInPensionAndPostretirementObligations|us-gaap:OtherComprehensiveIncomeLossAmortizationAdjustmentFromAOCIPensionAndOtherPostretirementBenefitPlansForNetPriorServiceCostCreditBeforeTax|us-gaap:OtherComprehensiveIncomeLossFinalizationOfPensionAndNonPensionPostretirementPlanValuationBeforeTax|us-gaap:OtherComprehensiveIncomeLossPensionAndOtherPostretirementBenefitPlansAdjustmentBeforeTax|us-gaap:OtherComprehensiveIncomeLossPensionAndOtherPostretirementBenefitPlansNetUnamortizedGainLossArisingDuringPeriodBeforeTax|us-gaap:OtherComprehensiveIncomeLossReclassificationAdjustmentFromAOCIPensionAndOtherPostretirementBenefitPlansForNetGainLossBeforeTax|us-gaap:PensionAndOtherPostretirementAndPostemploymentBenefitPlansLiabilitiesCurrent|us-gaap:PensionAndOtherPostretirementBenefitContributions|us-gaap:PensionAndOtherPostretirementBenefitsDisclosureTextBlock|us-gaap:PensionAndOtherPostretirementDefinedBenefitPlansCurrentLiabilities|us-gaap:PensionAndOtherPostretirementDefinedBenefitPlansLiabilitiesCurrentAndNoncurrent|us-gaap:PensionAndOtherPostretirementDefinedBenefitPlansLiabilitiesNoncurrent|us-gaap:PensionAndOtherPostretirementPlansPolicy|us-gaap:PensionContributions,https://www.sec.gov/Archives/edgar/data/1501585/000150158523000010/hii-20221231.htm,cfcc6f7fd5211d6d8f36fcd6ed2a9b9a8d27927356fe1913e9b42f534685bf8e,ANNUAL_10K_ONLY,True,True
10-K,2023-02-09,2022-12-31,0001501585-23-000010,note_goodwill_intangibles,True,18,us-gaap:AcquiredFiniteLivedIntangibleAssetsWeightedAverageUsefulLife|us-gaap:AmortizationOfIntangibleAssets|us-gaap:DeferredTaxLiabilitiesGoodwillAndIntangibleAssetsIntangibleAssets|us-gaap:FiniteLivedIntangibleAssetsAccumulatedAmortization|us-gaap:FiniteLivedIntangibleAssetsAmortizationExpenseNextTwelveMonths|us-gaap:FiniteLivedIntangibleAssetsAmortizationExpenseYearFive|us-gaap:FiniteLivedIntangibleAssetsAmortizationExpenseYearFour|us-gaap:FiniteLivedIntangibleAssetsAmortizationExpenseYearThree|us-gaap:FiniteLivedIntangibleAssetsAmortizationExpenseYearTwo|us-gaap:FiniteLivedIntangibleAssetsNet|us-gaap:Goodwill|us-gaap:GoodwillAcquiredDuringPeriod|us-gaap:GoodwillAndIntangibleAssetsDisclosureTextBlock|us-gaap:GoodwillAndIntangibleAssetsPolicyTextBlock|us-gaap:GoodwillImpairedAccumulatedImpairmentLoss|us-gaap:GoodwillPurchaseAccountingAdjustments|us-gaap:GoodwillTranslationAndPurchaseAccountingAdjustments|us-gaap:ScheduleOfGoodwillTextBlock,https://www.sec.gov/Archives/edgar/data/1501585/000150158523000010/hii-20221231.htm,cfcc6f7fd5211d6d8f36fcd6ed2a9b9a8d27927356fe1913e9b42f534685bf8e,ANNUAL_10K_ONLY,True,True
10-K,2023-02-09,2022-12-31,0001501585-23-000010,note_debt,True,12,hii:LongTermDebtCurrentMaturitiesFairValue|us-gaap:DebtDisclosureTextBlock|us-gaap:LongTermDebt|us-gaap:LongTermDebtCurrent|us-gaap:LongTermDebtFairValue|us-gaap:LongTermDebtMaturitiesRepaymentsOfPrincipalInNextTwelveMonths|us-gaap:LongTermDebtMaturitiesRepaymentsOfPrincipalInYearFive|us-gaap:LongTermDebtMaturitiesRepaymentsOfPrincipalInYearThree|us-gaap:LongTermDebtMaturitiesRepaymentsOfPrincipalInYearTwo|us-gaap:LongTermDebtNoncurrent|us-gaap:ProceedsFromIssuanceOfLongTermDebt|us-gaap:RepaymentsOfLongTermDebt,https://www.sec.gov/Archives/edgar/data/1501585/000150158523000010/hii-20221231.htm,cfcc6f7fd5211d6d8f36fcd6ed2a9b9a8d27927356fe1913e9b42f534685bf8e,ALL_PERIODIC_FILINGS,True,True
10-K,2023-02-09,2022-12-31,0001501585-23-000010,note_income_taxes,True,3,us-gaap:EffectiveIncomeTaxRateContinuingOperations|us-gaap:IncomeTaxDisclosureTextBlock|us-gaap:ScheduleOfEffectiveIncomeTaxRateReconciliationTableTextBlock,https://www.sec.gov/Archives/edgar/data/1501585/000150158523000010/hii-20221231.htm,cfcc6f7fd5211d6d8f36fcd6ed2a9b9a8d27927356fe1913e9b42f534685bf8e,ALL_PERIODIC_FILINGS,True,True
10-K,2023-02-09,2022-12-31,0001501585-23-000010,capital_structure,True,17,hii:CashAndCashEquivalentsMaturityPeriod|hii:LongTermDebtCurrentMaturitiesFairValue|us-gaap:CashAndCashEquivalentsPolicyTextBlock|us-gaap:LiabilitiesAndStockholdersEquity|us-gaap:LongTermDebt|us-gaap:LongTermDebtCurrent|us-gaap:LongTermDebtFairValue|us-gaap:LongTermDebtMaturitiesRepaymentsOfPrincipalInNextTwelveMonths|us-gaap:LongTermDebtMaturitiesRepaymentsOfPrincipalInYearFive|us-gaap:LongTermDebtMaturitiesRepaymentsOfPrincipalInYearThree|us-gaap:LongTermDebtMaturitiesRepaymentsOfPrincipalInYearTwo|us-gaap:LongTermDebtNoncurrent|us-gaap:ProceedsFromIssuanceOfLongTermDebt|us-gaap:RepaymentsOfLongTermDebt|us-gaap:StockholdersEquity|us-gaap:StockholdersEquityIncludingPortionAttributableToNoncontrollingInterest|us-gaap:StockholdersEquityNoteDisclosureTextBlock,https://www.sec.gov/Archives/edgar/data/1501585/000150158523000010/hii-20221231.htm,cfcc6f7fd5211d6d8f36fcd6ed2a9b9a8d27927356fe1913e9b42f534685bf8e,ALL_PERIODIC_FILINGS,True,True
10-Q,2023-05-04,2023-03-31,0001501585-23-000016,statement_revenue_operating_income_tax,True,4,us-gaap:DeferredStateAndLocalIncomeTaxExpenseBenefit|us-gaap:IncomeTaxExpenseBenefit|us-gaap:OperatingIncomeLoss|us-gaap:Revenues,https://www.sec.gov/Archives/edgar/data/1501585/000150158523000016/hii-20230331.htm,7677040d91a50e08f5092f2204c472ddc90d8ad7f1bdb3eca371625d64954a79,ALL_PERIODIC_FILINGS,True,True
10-Q,2023-05-04,2023-03-31,0001501585-23-000016,statement_cash_flow_capex_depreciation,True,6,us-gaap:AccumulatedDepreciationDepletionAndAmortizationPropertyPlantAndEquipment|us-gaap:Depreciation|us-gaap:NetCashProvidedByUsedInFinancingActivities|us-gaap:NetCashProvidedByUsedInInvestingActivities|us-gaap:NetCashProvidedByUsedInOperatingActivities|us-gaap:PaymentsToAcquirePropertyPlantAndEquipment,https://www.sec.gov/Archives/edgar/data/1501585/000150158523000016/hii-20230331.htm,7677040d91a50e08f5092f2204c472ddc90d8ad7f1bdb3eca371625d64954a79,ALL_PERIODIC_FILINGS,True,True
10-Q,2023-05-04,2023-03-31,0001501585-23-000016,statement_working_capital,True,3,us-gaap:AccountsPayableCurrent|us-gaap:IncreaseDecreaseInInventoryForLongTermContractsOrPrograms|us-gaap:InventoryNetOfAllowancesCustomerAdvancesAndProgressBillings,https://www.sec.gov/Archives/edgar/data/1501585/000150158523000016/hii-20230331.htm,7677040d91a50e08f5092f2204c472ddc90d8ad7f1bdb3eca371625d64954a79,ALL_PERIODIC_FILINGS,True,True
10-Q,2023-05-04,2023-03-31,0001501585-23-000016,note_segments,True,2,us-gaap:ScheduleOfSegmentReportingInformationBySegmentTextBlock|us-gaap:SegmentReportingDisclosureTextBlock,https://www.sec.gov/Archives/edgar/data/1501585/000150158523000016/hii-20230331.htm,7677040d91a50e08f5092f2204c472ddc90d8ad7f1bdb3eca371625d64954a79,ALL_PERIODIC_FILINGS,True,True
10-Q,2023-05-04,2023-03-31,0001501585-23-000016,note_revenue_and_contracts,True,5,us-gaap:ContractWithCustomerAssetNet|us-gaap:ContractWithCustomerLiabilityCurrent|us-gaap:ContractWithCustomerLiabilityRevenueRecognized|us-gaap:IncreaseDecreaseInContractWithCustomerAsset|us-gaap:RevenueFromContractWithCustomerTextBlock,https://www.sec.gov/Archives/edgar/data/1501585/000150158523000016/hii-20230331.htm,7677040d91a50e08f5092f2204c472ddc90d8ad7f1bdb3eca371625d64954a79,ALL_PERIODIC_FILINGS,True,True
10-Q,2023-05-04,2023-03-31,0001501585-23-000016,note_contract_assets_liabilities,True,4,us-gaap:ContractWithCustomerAssetNet|us-gaap:ContractWithCustomerLiabilityCurrent|us-gaap:ContractWithCustomerLiabilityRevenueRecognized|us-gaap:IncreaseDecreaseInContractWithCustomerAsset,https://www.sec.gov/Archives/edgar/data/1501585/000150158523000016/hii-20230331.htm,7677040d91a50e08f5092f2204c472ddc90d8ad7f1bdb3eca371625d64954a79,ALL_PERIODIC_FILINGS,True,True
10-Q,2023-05-04,2023-03-31,0001501585-23-000016,note_remaining_performance_obligation,True,1,us-gaap:RevenueRemainingPerformanceObligation,https://www.sec.gov/Archives/edgar/data/1501585/000150158523000016/hii-20230331.htm,7677040d91a50e08f5092f2204c472ddc90d8ad7f1bdb3eca371625d64954a79,ALL_PERIODIC_FILINGS,True,True
10-Q,2023-05-04,2023-03-31,0001501585-23-000016,note_program_accounting,True,2,us-gaap:IncreaseDecreaseInInventoryForLongTermContractsOrPrograms|us-gaap:StockRepurchaseProgramAuthorizedAmount1,https://www.sec.gov/Archives/edgar/data/1501585/000150158523000016/hii-20230331.htm,7677040d91a50e08f5092f2204c472ddc90d8ad7f1bdb3eca371625d64954a79,ALL_PERIODIC_FILINGS,True,True
10-Q,2023-05-04,2023-03-31,0001501585-23-000016,note_pension,True,8,us-gaap:DefinedBenefitPensionPlanLiabilitiesNoncurrent|us-gaap:IncreaseDecreaseInPensionAndPostretirementObligations|us-gaap:OtherComprehensiveIncomeLossAmortizationAdjustmentFromAOCIPensionAndOtherPostretirementBenefitPlansForNetPriorServiceCostCreditBeforeTax|us-gaap:OtherComprehensiveIncomeLossReclassificationAdjustmentFromAOCIPensionAndOtherPostretirementBenefitPlansForNetGainLossBeforeTax|us-gaap:PensionAndOtherPostretirementAndPostemploymentBenefitPlansLiabilitiesCurrent|us-gaap:PensionAndOtherPostretirementBenefitContributions|us-gaap:PensionAndOtherPostretirementBenefitsDisclosureTextBlock|us-gaap:PensionContributions,https://www.sec.gov/Archives/edgar/data/1501585/000150158523000016/hii-20230331.htm,7677040d91a50e08f5092f2204c472ddc90d8ad7f1bdb3eca371625d64954a79,ANNUAL_10K_ONLY,False,False
10-Q,2023-05-04,2023-03-31,0001501585-23-000016,note_goodwill_intangibles,True,4,us-gaap:AmortizationOfIntangibleAssets|us-gaap:FiniteLivedIntangibleAssetsAccumulatedAmortization|us-gaap:FiniteLivedIntangibleAssetsNet|us-gaap:Goodwill,https://www.sec.gov/Archives/edgar/data/1501585/000150158523000016/hii-20230331.htm,7677040d91a50e08f5092f2204c472ddc90d8ad7f1bdb3eca371625d64954a79,ANNUAL_10K_ONLY,False,False
10-Q,2023-05-04,2023-03-31,0001501585-23-000016,note_debt,True,6,hii:LongTermDebtCurrentMaturitiesFairValue|us-gaap:LongTermDebt|us-gaap:LongTermDebtCurrent|us-gaap:LongTermDebtFairValue|us-gaap:LongTermDebtNoncurrent|us-gaap:RepaymentsOfLongTermDebt,https://www.sec.gov/Archives/edgar/data/1501585/000150158523000016/hii-20230331.htm,7677040d91a50e08f5092f2204c472ddc90d8ad7f1bdb3eca371625d64954a79,ALL_PERIODIC_FILINGS,True,True
10-Q,2023-05-04,2023-03-31,0001501585-23-000016,note_income_taxes,True,3,us-gaap:EffectiveIncomeTaxRateContinuingOperations|us-gaap:EffectiveIncomeTaxRateReconciliationAtFederalStatutoryIncomeTaxRate|us-gaap:IncomeTaxDisclosureTextBlock,https://www.sec.gov/Archives/edgar/data/1501585/000150158523000016/hii-20230331.htm,7677040d91a50e08f5092f2204c472ddc90d8ad7f1bdb3eca371625d64954a79,ALL_PERIODIC_FILINGS,True,True
10-Q,2023-05-04,2023-03-31,0001501585-23-000016,capital_structure,True,10,hii:LongTermDebtCurrentMaturitiesFairValue|us-gaap:CashAndCashEquivalentsAtCarryingValue|us-gaap:LiabilitiesAndStockholdersEquity|us-gaap:LongTermDebt|us-gaap:LongTermDebtCurrent|us-gaap:LongTermDebtFairValue|us-gaap:LongTermDebtNoncurrent|us-gaap:RepaymentsOfLongTermDebt|us-gaap:StockholdersEquityIncludingPortionAttributableToNoncontrollingInterest|us-gaap:StockholdersEquityNoteDisclosureTextBlock,https://www.sec.gov/Archives/edgar/data/1501585/000150158523000016/hii-20230331.htm,7677040d91a50e08f5092f2204c472ddc90d8ad7f1bdb3eca371625d64954a79,ALL_PERIODIC_FILINGS,True,True
10-Q,2023-08-03,2023-06-30,0001501585-23-000026,statement_revenue_operating_income_tax,True,4,us-gaap:DeferredStateAndLocalIncomeTaxExpenseBenefit|us-gaap:IncomeTaxExpenseBenefit|us-gaap:OperatingIncomeLoss|us-gaap:Revenues,https://www.sec.gov/Archives/edgar/data/1501585/000150158523000026/hii-20230630.htm,240c989517686f107b5ebdb4e8faab041462605487b47ef2d93bb505ef3201e3,ALL_PERIODIC_FILINGS,True,True
10-Q,2023-08-03,2023-06-30,0001501585-23-000026,statement_cash_flow_capex_depreciation,True,6,us-gaap:AccumulatedDepreciationDepletionAndAmortizationPropertyPlantAndEquipment|us-gaap:Depreciation|us-gaap:NetCashProvidedByUsedInFinancingActivities|us-gaap:NetCashProvidedByUsedInInvestingActivities|us-gaap:NetCashProvidedByUsedInOperatingActivities|us-gaap:PaymentsToAcquirePropertyPlantAndEquipment,https://www.sec.gov/Archives/edgar/data/1501585/000150158523000026/hii-20230630.htm,240c989517686f107b5ebdb4e8faab041462605487b47ef2d93bb505ef3201e3,ALL_PERIODIC_FILINGS,True,True
10-Q,2023-08-03,2023-06-30,0001501585-23-000026,statement_working_capital,True,3,us-gaap:AccountsPayableCurrent|us-gaap:IncreaseDecreaseInInventoryForLongTermContractsOrPrograms|us-gaap:InventoryNetOfAllowancesCustomerAdvancesAndProgressBillings,https://www.sec.gov/Archives/edgar/data/1501585/000150158523000026/hii-20230630.htm,240c989517686f107b5ebdb4e8faab041462605487b47ef2d93bb505ef3201e3,ALL_PERIODIC_FILINGS,True,True
10-Q,2023-08-03,2023-06-30,0001501585-23-000026,note_segments,True,2,us-gaap:ScheduleOfSegmentReportingInformationBySegmentTextBlock|us-gaap:SegmentReportingDisclosureTextBlock,https://www.sec.gov/Archives/edgar/data/1501585/000150158523000026/hii-20230630.htm,240c989517686f107b5ebdb4e8faab041462605487b47ef2d93bb505ef3201e3,ALL_PERIODIC_FILINGS,True,True
10-Q,2023-08-03,2023-06-30,0001501585-23-000026,note_revenue_and_contracts,True,5,us-gaap:ContractWithCustomerAssetNet|us-gaap:ContractWithCustomerLiabilityCurrent|us-gaap:ContractWithCustomerLiabilityRevenueRecognized|us-gaap:IncreaseDecreaseInContractWithCustomerAsset|us-gaap:RevenueFromContractWithCustomerTextBlock,https://www.sec.gov/Archives/edgar/data/1501585/000150158523000026/hii-20230630.htm,240c989517686f107b5ebdb4e8faab041462605487b47ef2d93bb505ef3201e3,ALL_PERIODIC_FILINGS,True,True
10-Q,2023-08-03,2023-06-30,0001501585-23-000026,note_contract_assets_liabilities,True,4,us-gaap:ContractWithCustomerAssetNet|us-gaap:ContractWithCustomerLiabilityCurrent|us-gaap:ContractWithCustomerLiabilityRevenueRecognized|us-gaap:IncreaseDecreaseInContractWithCustomerAsset,https://www.sec.gov/Archives/edgar/data/1501585/000150158523000026/hii-20230630.htm,240c989517686f107b5ebdb4e8faab041462605487b47ef2d93bb505ef3201e3,ALL_PERIODIC_FILINGS,True,True
10-Q,2023-08-03,2023-06-30,0001501585-23-000026,note_remaining_performance_obligation,True,1,us-gaap:RevenueRemainingPerformanceObligation,https://www.sec.gov/Archives/edgar/data/1501585/000150158523000026/hii-20230630.htm,240c989517686f107b5ebdb4e8faab041462605487b47ef2d93bb505ef3201e3,ALL_PERIODIC_FILINGS,True,True
10-Q,2023-08-03,2023-06-30,0001501585-23-000026,note_program_accounting,True,2,us-gaap:IncreaseDecreaseInInventoryForLongTermContractsOrPrograms|us-gaap:StockRepurchaseProgramAuthorizedAmount1,https://www.sec.gov/Archives/edgar/data/1501585/000150158523000026/hii-20230630.htm,240c989517686f107b5ebdb4e8faab041462605487b47ef2d93bb505ef3201e3,ALL_PERIODIC_FILINGS,True,True
10-Q,2023-08-03,2023-06-30,0001501585-23-000026,note_pension,True,8,us-gaap:DefinedBenefitPensionPlanLiabilitiesNoncurrent|us-gaap:IncreaseDecreaseInPensionAndPostretirementObligations|us-gaap:OtherComprehensiveIncomeLossAmortizationAdjustmentFromAOCIPensionAndOtherPostretirementBenefitPlansForNetPriorServiceCostCreditBeforeTax|us-gaap:OtherComprehensiveIncomeLossReclassificationAdjustmentFromAOCIPensionAndOtherPostretirementBenefitPlansForNetGainLossBeforeTax|us-gaap:PensionAndOtherPostretirementAndPostemploymentBenefitPlansLiabilitiesCurrent|us-gaap:PensionAndOtherPostretirementBenefitContributions|us-gaap:PensionAndOtherPostretirementBenefitsDisclosureTextBlock|us-gaap:PensionContributions,https://www.sec.gov/Archives/edgar/data/1501585/000150158523000026/hii-20230630.htm,240c989517686f107b5ebdb4e8faab041462605487b47ef2d93bb505ef3201e3,ANNUAL_10K_ONLY,False,False
10-Q,2023-08-03,2023-06-30,0001501585-23-000026,note_goodwill_intangibles,True,5,us-gaap:AmortizationOfIntangibleAssets|us-gaap:FiniteLivedIntangibleAssetsAccumulatedAmortization|us-gaap:FiniteLivedIntangibleAssetsNet|us-gaap:Goodwill|us-gaap:GoodwillAndIntangibleAssetsPolicyTextBlock,https://www.sec.gov/Archives/edgar/data/1501585/000150158523000026/hii-20230630.htm,240c989517686f107b5ebdb4e8faab041462605487b47ef2d93bb505ef3201e3,ANNUAL_10K_ONLY,False,False
10-Q,2023-08-03,2023-06-30,0001501585-23-000026,note_debt,True,6,hii:LongTermDebtCurrentMaturitiesFairValue|us-gaap:LongTermDebt|us-gaap:LongTermDebtCurrent|us-gaap:LongTermDebtFairValue|us-gaap:LongTermDebtNoncurrent|us-gaap:RepaymentsOfLongTermDebt,https://www.sec.gov/Archives/edgar/data/1501585/000150158523000026/hii-20230630.htm,240c989517686f107b5ebdb4e8faab041462605487b47ef2d93bb505ef3201e3,ALL_PERIODIC_FILINGS,True,True
10-Q,2023-08-03,2023-06-30,0001501585-23-000026,note_income_taxes,True,3,us-gaap:EffectiveIncomeTaxRateContinuingOperations|us-gaap:EffectiveIncomeTaxRateReconciliationAtFederalStatutoryIncomeTaxRate|us-gaap:IncomeTaxDisclosureTextBlock,https://www.sec.gov/Archives/edgar/data/1501585/000150158523000026/hii-20230630.htm,240c989517686f107b5ebdb4e8faab041462605487b47ef2d93bb505ef3201e3,ALL_PERIODIC_FILINGS,True,True
10-Q,2023-08-03,2023-06-30,0001501585-23-000026,capital_structure,True,10,hii:LongTermDebtCurrentMaturitiesFairValue|us-gaap:CashAndCashEquivalentsAtCarryingValue|us-gaap:LiabilitiesAndStockholdersEquity|us-gaap:LongTermDebt|us-gaap:LongTermDebtCurrent|us-gaap:LongTermDebtFairValue|us-gaap:LongTermDebtNoncurrent|us-gaap:RepaymentsOfLongTermDebt|us-gaap:StockholdersEquityIncludingPortionAttributableToNoncontrollingInterest|us-gaap:StockholdersEquityNoteDisclosureTextBlock,https://www.sec.gov/Archives/edgar/data/1501585/000150158523000026/hii-20230630.htm,240c989517686f107b5ebdb4e8faab041462605487b47ef2d93bb505ef3201e3,ALL_PERIODIC_FILINGS,True,True
10-Q,2023-11-02,2023-09-30,0001501585-23-000033,statement_revenue_operating_income_tax,True,4,us-gaap:DeferredStateAndLocalIncomeTaxExpenseBenefit|us-gaap:IncomeTaxExpenseBenefit|us-gaap:OperatingIncomeLoss|us-gaap:Revenues,https://www.sec.gov/Archives/edgar/data/1501585/000150158523000033/hii-20230930.htm,a978dd437797961c49f196e72ddcadbe80d8301e189d7eabf45e54dceab92f1e,ALL_PERIODIC_FILINGS,True,True
10-Q,2023-11-02,2023-09-30,0001501585-23-000033,statement_cash_flow_capex_depreciation,True,6,us-gaap:AccumulatedDepreciationDepletionAndAmortizationPropertyPlantAndEquipment|us-gaap:Depreciation|us-gaap:NetCashProvidedByUsedInFinancingActivities|us-gaap:NetCashProvidedByUsedInInvestingActivities|us-gaap:NetCashProvidedByUsedInOperatingActivities|us-gaap:PaymentsToAcquirePropertyPlantAndEquipment,https://www.sec.gov/Archives/edgar/data/1501585/000150158523000033/hii-20230930.htm,a978dd437797961c49f196e72ddcadbe80d8301e189d7eabf45e54dceab92f1e,ALL_PERIODIC_FILINGS,True,True
10-Q,2023-11-02,2023-09-30,0001501585-23-000033,statement_working_capital,True,3,us-gaap:AccountsPayableCurrent|us-gaap:IncreaseDecreaseInInventoryForLongTermContractsOrPrograms|us-gaap:InventoryNetOfAllowancesCustomerAdvancesAndProgressBillings,https://www.sec.gov/Archives/edgar/data/1501585/000150158523000033/hii-20230930.htm,a978dd437797961c49f196e72ddcadbe80d8301e189d7eabf45e54dceab92f1e,ALL_PERIODIC_FILINGS,True,True
10-Q,2023-11-02,2023-09-30,0001501585-23-000033,note_segments,True,2,us-gaap:ScheduleOfSegmentReportingInformationBySegmentTextBlock|us-gaap:SegmentReportingDisclosureTextBlock,https://www.sec.gov/Archives/edgar/data/1501585/000150158523000033/hii-20230930.htm,a978dd437797961c49f196e72ddcadbe80d8301e189d7eabf45e54dceab92f1e,ALL_PERIODIC_FILINGS,True,True
10-Q,2023-11-02,2023-09-30,0001501585-23-000033,note_revenue_and_contracts,True,5,us-gaap:ContractWithCustomerAssetNet|us-gaap:ContractWithCustomerLiabilityCurrent|us-gaap:ContractWithCustomerLiabilityRevenueRecognized|us-gaap:IncreaseDecreaseInContractWithCustomerAsset|us-gaap:RevenueFromContractWithCustomerTextBlock,https://www.sec.gov/Archives/edgar/data/1501585/000150158523000033/hii-20230930.htm,a978dd437797961c49f196e72ddcadbe80d8301e189d7eabf45e54dceab92f1e,ALL_PERIODIC_FILINGS,True,True
10-Q,2023-11-02,2023-09-30,0001501585-23-000033,note_contract_assets_liabilities,True,4,us-gaap:ContractWithCustomerAssetNet|us-gaap:ContractWithCustomerLiabilityCurrent|us-gaap:ContractWithCustomerLiabilityRevenueRecognized|us-gaap:IncreaseDecreaseInContractWithCustomerAsset,https://www.sec.gov/Archives/edgar/data/1501585/000150158523000033/hii-20230930.htm,a978dd437797961c49f196e72ddcadbe80d8301e189d7eabf45e54dceab92f1e,ALL_PERIODIC_FILINGS,True,True
10-Q,2023-11-02,2023-09-30,0001501585-23-000033,note_remaining_performance_obligation,True,1,us-gaap:RevenueRemainingPerformanceObligation,https://www.sec.gov/Archives/edgar/data/1501585/000150158523000033/hii-20230930.htm,a978dd437797961c49f196e72ddcadbe80d8301e189d7eabf45e54dceab92f1e,ALL_PERIODIC_FILINGS,True,True
10-Q,2023-11-02,2023-09-30,0001501585-23-000033,note_program_accounting,True,2,us-gaap:IncreaseDecreaseInInventoryForLongTermContractsOrPrograms|us-gaap:StockRepurchaseProgramAuthorizedAmount1,https://www.sec.gov/Archives/edgar/data/1501585/000150158523000033/hii-20230930.htm,a978dd437797961c49f196e72ddcadbe80d8301e189d7eabf45e54dceab92f1e,ALL_PERIODIC_FILINGS,True,True
10-Q,2023-11-02,2023-09-30,0001501585-23-000033,note_pension,True,9,us-gaap:DefinedBenefitPensionPlanLiabilitiesNoncurrent|us-gaap:IncreaseDecreaseInPensionAndPostretirementObligations|us-gaap:OtherComprehensiveIncomeLossAmortizationAdjustmentFromAOCIPensionAndOtherPostretirementBenefitPlansForNetPriorServiceCostCreditBeforeTax|us-gaap:OtherComprehensiveIncomeLossFinalizationOfPensionAndNonPensionPostretirementPlanValuationBeforeTax|us-gaap:OtherComprehensiveIncomeLossReclassificationAdjustmentFromAOCIPensionAndOtherPostretirementBenefitPlansForNetGainLossBeforeTax|us-gaap:PensionAndOtherPostretirementAndPostemploymentBenefitPlansLiabilitiesCurrent|us-gaap:PensionAndOtherPostretirementBenefitContributions|us-gaap:PensionAndOtherPostretirementBenefitsDisclosureTextBlock|us-gaap:PensionContributions,https://www.sec.gov/Archives/edgar/data/1501585/000150158523000033/hii-20230930.htm,a978dd437797961c49f196e72ddcadbe80d8301e189d7eabf45e54dceab92f1e,ANNUAL_10K_ONLY,False,False
10-Q,2023-11-02,2023-09-30,0001501585-23-000033,note_goodwill_intangibles,True,5,us-gaap:AmortizationOfIntangibleAssets|us-gaap:FiniteLivedIntangibleAssetsAccumulatedAmortization|us-gaap:FiniteLivedIntangibleAssetsNet|us-gaap:Goodwill|us-gaap:GoodwillAndIntangibleAssetsGoodwillPolicy,https://www.sec.gov/Archives/edgar/data/1501585/000150158523000033/hii-20230930.htm,a978dd437797961c49f196e72ddcadbe80d8301e189d7eabf45e54dceab92f1e,ANNUAL_10K_ONLY,False,False
10-Q,2023-11-02,2023-09-30,0001501585-23-000033,note_debt,True,5,hii:LongTermDebtCurrentMaturitiesFairValue|us-gaap:LongTermDebtCurrent|us-gaap:LongTermDebtFairValue|us-gaap:LongTermDebtNoncurrent|us-gaap:RepaymentsOfLongTermDebt,https://www.sec.gov/Archives/edgar/data/1501585/000150158523000033/hii-20230930.htm,a978dd437797961c49f196e72ddcadbe80d8301e189d7eabf45e54dceab92f1e,ALL_PERIODIC_FILINGS,True,True
10-Q,2023-11-02,2023-09-30,0001501585-23-000033,note_income_taxes,True,2,us-gaap:EffectiveIncomeTaxRateContinuingOperations|us-gaap:IncomeTaxDisclosureTextBlock,https://www.sec.gov/Archives/edgar/data/1501585/000150158523000033/hii-20230930.htm,a978dd437797961c49f196e72ddcadbe80d8301e189d7eabf45e54dceab92f1e,ALL_PERIODIC_FILINGS,True,True
10-Q,2023-11-02,2023-09-30,0001501585-23-000033,capital_structure,True,9,hii:LongTermDebtCurrentMaturitiesFairValue|us-gaap:CashAndCashEquivalentsAtCarryingValue|us-gaap:LiabilitiesAndStockholdersEquity|us-gaap:LongTermDebtCurrent|us-gaap:LongTermDebtFairValue|us-gaap:LongTermDebtNoncurrent|us-gaap:RepaymentsOfLongTermDebt|us-gaap:StockholdersEquityIncludingPortionAttributableToNoncontrollingInterest|us-gaap:StockholdersEquityNoteDisclosureTextBlock,https://www.sec.gov/Archives/edgar/data/1501585/000150158523000033/hii-20230930.htm,a978dd437797961c49f196e72ddcadbe80d8301e189d7eabf45e54dceab92f1e,ALL_PERIODIC_FILINGS,True,True
10-K,2024-02-01,2023-12-31,0001501585-24-000007,statement_revenue_operating_income_tax,True,9,hii:AdvancePaymentsandBillingsinExcessofRevenuesPolicyTextBlock|us-gaap:DeferredFederalIncomeTaxExpenseBenefit|us-gaap:DeferredIncomeTaxExpenseBenefit|us-gaap:DeferredStateAndLocalIncomeTaxExpenseBenefit|us-gaap:IncomeTaxExpenseBenefit|us-gaap:IncomeTaxReconciliationIncomeTaxExpenseBenefitAtFederalStatutoryIncomeTaxRate|us-gaap:OperatingIncomeLoss|us-gaap:Revenues|us-gaap:ScheduleOfComponentsOfIncomeTaxExpenseBenefitTableTextBlock,https://www.sec.gov/Archives/edgar/data/1501585/000150158524000007/hii-20231231.htm,0b3d953af66e8986f467784154cf686e260e45e7a548fc9f7d2ee216d54c771b,ALL_PERIODIC_FILINGS,True,True
10-K,2024-02-01,2023-12-31,0001501585-24-000007,statement_cash_flow_capex_depreciation,True,10,us-gaap:AccumulatedDepreciationDepletionAndAmortizationPropertyPlantAndEquipment|us-gaap:Depreciation|us-gaap:DepreciationDepletionAndAmortization|us-gaap:NetCashProvidedByUsedInFinancingActivities|us-gaap:NetCashProvidedByUsedInInvestingActivities|us-gaap:NetCashProvidedByUsedInOperatingActivities|us-gaap:PaymentsToAcquireBusinessesGross|us-gaap:PaymentsToAcquireBusinessesNetOfCashAcquired|us-gaap:PaymentsToAcquireProductiveAssets|us-gaap:PaymentsToAcquirePropertyPlantAndEquipment,https://www.sec.gov/Archives/edgar/data/1501585/000150158524000007/hii-20231231.htm,0b3d953af66e8986f467784154cf686e260e45e7a548fc9f7d2ee216d54c771b,ALL_PERIODIC_FILINGS,True,True
10-K,2024-02-01,2023-12-31,0001501585-24-000007,statement_working_capital,True,8,us-gaap:AccountsPayableCurrent|us-gaap:GovernmentContractorsInventoryPolicyPolicyTextBlock|us-gaap:IncreaseDecreaseInInventoryForLongTermContractsOrPrograms|us-gaap:InventoryDisclosureTextBlock|us-gaap:InventoryNetOfAllowancesCustomerAdvancesAndProgressBillings|us-gaap:InventoryRawMaterialsNetOfReserves|us-gaap:InventoryWorkInProcessNetOfReserves|us-gaap:ScheduleOfInventoryCurrentTableTextBlock,https://www.sec.gov/Archives/edgar/data/1501585/000150158524000007/hii-20231231.htm,0b3d953af66e8986f467784154cf686e260e45e7a548fc9f7d2ee216d54c771b,ALL_PERIODIC_FILINGS,True,True
10-K,2024-02-01,2023-12-31,0001501585-24-000007,note_segments,True,1,us-gaap:SegmentReportingDisclosureTextBlock,https://www.sec.gov/Archives/edgar/data/1501585/000150158524000007/hii-20231231.htm,0b3d953af66e8986f467784154cf686e260e45e7a548fc9f7d2ee216d54c771b,ALL_PERIODIC_FILINGS,True,True
10-K,2024-02-01,2023-12-31,0001501585-24-000007,note_revenue_and_contracts,True,8,us-gaap:ContractWithCustomerAssetAndLiabilityTableTextBlock|us-gaap:ContractWithCustomerAssetNet|us-gaap:ContractWithCustomerLiabilityCurrent|us-gaap:ContractWithCustomerLiabilityRevenueRecognized|us-gaap:IncreaseDecreaseInContractWithCustomerAsset|us-gaap:IncreaseDecreaseInContractWithCustomerLiability|us-gaap:RevenueFromContractWithCustomerPolicyTextBlock|us-gaap:RevenueFromContractWithCustomerTextBlock,https://www.sec.gov/Archives/edgar/data/1501585/000150158524000007/hii-20231231.htm,0b3d953af66e8986f467784154cf686e260e45e7a548fc9f7d2ee216d54c771b,ALL_PERIODIC_FILINGS,True,True
10-K,2024-02-01,2023-12-31,0001501585-24-000007,note_contract_assets_liabilities,True,6,us-gaap:ContractWithCustomerAssetAndLiabilityTableTextBlock|us-gaap:ContractWithCustomerAssetNet|us-gaap:ContractWithCustomerLiabilityCurrent|us-gaap:ContractWithCustomerLiabilityRevenueRecognized|us-gaap:IncreaseDecreaseInContractWithCustomerAsset|us-gaap:IncreaseDecreaseInContractWithCustomerLiability,https://www.sec.gov/Archives/edgar/data/1501585/000150158524000007/hii-20231231.htm,0b3d953af66e8986f467784154cf686e260e45e7a548fc9f7d2ee216d54c771b,ALL_PERIODIC_FILINGS,True,True
10-K,2024-02-01,2023-12-31,0001501585-24-000007,note_remaining_performance_obligation,True,1,us-gaap:RevenueRemainingPerformanceObligation,https://www.sec.gov/Archives/edgar/data/1501585/000150158524000007/hii-20231231.htm,0b3d953af66e8986f467784154cf686e260e45e7a548fc9f7d2ee216d54c771b,ALL_PERIODIC_FILINGS,True,True
10-K,2024-02-01,2023-12-31,0001501585-24-000007,note_program_accounting,True,2,us-gaap:IncreaseDecreaseInInventoryForLongTermContractsOrPrograms|us-gaap:StockRepurchaseProgramAuthorizedAmount1,https://www.sec.gov/Archives/edgar/data/1501585/000150158524000007/hii-20231231.htm,0b3d953af66e8986f467784154cf686e260e45e7a548fc9f7d2ee216d54c771b,ALL_PERIODIC_FILINGS,True,True
10-K,2024-02-01,2023-12-31,0001501585-24-000007,note_pension,True,21,hii:DeferredTaxAssetTaxDeferredExpenseCompensationAndBenefitsPensionAndPostretirementBenefits|hii:DeferredTaxLiabilitiesCompensationAndBenefitsPensionAndPostretirementBenefits|hii:OtherComprehensiveIncomeLossPensionAndOtherPostretirementBenefitPlansOtherAdjustmentsBeforeTax|us-gaap:DefinedBenefitPensionPlanLiabilitiesNoncurrent|us-gaap:DefinedBenefitPlanPensionPlanWithProjectedBenefitObligationInExcessOfPlanAssetsPlanAssets|us-gaap:DefinedBenefitPlanPensionPlanWithProjectedBenefitObligationInExcessOfPlanAssetsProjectedBenefitObligation|us-gaap:DefinedBenefitPlanPensionPlansWithAccumulatedBenefitObligationsInExcessOfPlanAssetsAggregateAccumulatedBenefitObligation|us-gaap:IncreaseDecreaseInPensionAndPostretirementObligations|us-gaap:OtherComprehensiveIncomeLossAmortizationAdjustmentFromAOCIPensionAndOtherPostretirementBenefitPlansForNetPriorServiceCostCreditBeforeTax|us-gaap:OtherComprehensiveIncomeLossFinalizationOfPensionAndNonPensionPostretirementPlanValuationBeforeTax|us-gaap:OtherComprehensiveIncomeLossPensionAndOtherPostretirementBenefitPlansAdjustmentBeforeTax|us-gaap:OtherComprehensiveIncomeLossPensionAndOtherPostretirementBenefitPlansNetUnamortizedGainLossArisingDuringPeriodBeforeTax|us-gaap:OtherComprehensiveIncomeLossReclassificationAdjustmentFromAOCIPensionAndOtherPostretirementBenefitPlansForNetGainLossBeforeTax|us-gaap:PensionAndOtherPostretirementAndPostemploymentBenefitPlansLiabilitiesCurrent|us-gaap:PensionAndOtherPostretirementBenefitContributions|us-gaap:PensionAndOtherPostretirementBenefitsDisclosureTextBlock|us-gaap:PensionAndOtherPostretirementDefinedBenefitPlansCurrentLiabilities|us-gaap:PensionAndOtherPostretirementDefinedBenefitPlansLiabilitiesCurrentAndNoncurrent|us-gaap:PensionAndOtherPostretirementDefinedBenefitPlansLiabilitiesNoncurrent|us-gaap:PensionAndOtherPostretirementPlansPolicy|us-gaap:PensionContributions,https://www.sec.gov/Archives/edgar/data/1501585/000150158524000007/hii-20231231.htm,0b3d953af66e8986f467784154cf686e260e45e7a548fc9f7d2ee216d54c771b,ANNUAL_10K_ONLY,True,True
10-K,2024-02-01,2023-12-31,0001501585-24-000007,note_goodwill_intangibles,True,17,us-gaap:AcquiredFiniteLivedIntangibleAssetsWeightedAverageUsefulLife|us-gaap:AmortizationOfIntangibleAssets|us-gaap:DeferredTaxLiabilitiesGoodwillAndIntangibleAssetsIntangibleAssets|us-gaap:FiniteLivedIntangibleAssetsAccumulatedAmortization|us-gaap:FiniteLivedIntangibleAssetsAmortizationExpenseNextTwelveMonths|us-gaap:FiniteLivedIntangibleAssetsAmortizationExpenseYearFive|us-gaap:FiniteLivedIntangibleAssetsAmortizationExpenseYearFour|us-gaap:FiniteLivedIntangibleAssetsAmortizationExpenseYearThree|us-gaap:FiniteLivedIntangibleAssetsAmortizationExpenseYearTwo|us-gaap:FiniteLivedIntangibleAssetsNet|us-gaap:Goodwill|us-gaap:GoodwillAndIntangibleAssetsDisclosureTextBlock|us-gaap:GoodwillAndIntangibleAssetsPolicyTextBlock|us-gaap:GoodwillImpairedAccumulatedImpairmentLoss|us-gaap:GoodwillPurchaseAccountingAdjustments|us-gaap:GoodwillTranslationAndPurchaseAccountingAdjustments|us-gaap:ScheduleOfGoodwillTextBlock,https://www.sec.gov/Archives/edgar/data/1501585/000150158524000007/hii-20231231.htm,0b3d953af66e8986f467784154cf686e260e45e7a548fc9f7d2ee216d54c771b,ANNUAL_10K_ONLY,True,True
10-K,2024-02-01,2023-12-31,0001501585-24-000007,note_debt,True,15,hii:LongTermDebtCurrentMaturitiesFairValue|us-gaap:DebtDisclosureTextBlock|us-gaap:LongTermDebt|us-gaap:LongTermDebtAndCapitalLeaseObligations|us-gaap:LongTermDebtAndCapitalLeaseObligationsCurrent|us-gaap:LongTermDebtAndCapitalLeaseObligationsIncludingCurrentMaturities|us-gaap:LongTermDebtCurrent|us-gaap:LongTermDebtFairValue|us-gaap:LongTermDebtMaturitiesRepaymentsOfPrincipalInNextTwelveMonths|us-gaap:LongTermDebtMaturitiesRepaymentsOfPrincipalInYearFive|us-gaap:LongTermDebtMaturitiesRepaymentsOfPrincipalInYearFour|us-gaap:LongTermDebtMaturitiesRepaymentsOfPrincipalInYearTwo|us-gaap:LongTermDebtNoncurrent|us-gaap:ProceedsFromIssuanceOfLongTermDebt|us-gaap:RepaymentsOfLongTermDebt,https://www.sec.gov/Archives/edgar/data/1501585/000150158524000007/hii-20231231.htm,0b3d953af66e8986f467784154cf686e260e45e7a548fc9f7d2ee216d54c771b,ALL_PERIODIC_FILINGS,True,True
10-K,2024-02-01,2023-12-31,0001501585-24-000007,note_income_taxes,True,3,us-gaap:EffectiveIncomeTaxRateContinuingOperations|us-gaap:IncomeTaxDisclosureTextBlock|us-gaap:ScheduleOfEffectiveIncomeTaxRateReconciliationTableTextBlock,https://www.sec.gov/Archives/edgar/data/1501585/000150158524000007/hii-20231231.htm,0b3d953af66e8986f467784154cf686e260e45e7a548fc9f7d2ee216d54c771b,ALL_PERIODIC_FILINGS,True,True
10-K,2024-02-01,2023-12-31,0001501585-24-000007,capital_structure,True,20,hii:CashAndCashEquivalentsMaturityPeriod|hii:LongTermDebtCurrentMaturitiesFairValue|us-gaap:CashAndCashEquivalentsPolicyTextBlock|us-gaap:LiabilitiesAndStockholdersEquity|us-gaap:LongTermDebt|us-gaap:LongTermDebtAndCapitalLeaseObligations|us-gaap:LongTermDebtAndCapitalLeaseObligationsCurrent|us-gaap:LongTermDebtAndCapitalLeaseObligationsIncludingCurrentMaturities|us-gaap:LongTermDebtCurrent|us-gaap:LongTermDebtFairValue|us-gaap:LongTermDebtMaturitiesRepaymentsOfPrincipalInNextTwelveMonths|us-gaap:LongTermDebtMaturitiesRepaymentsOfPrincipalInYearFive|us-gaap:LongTermDebtMaturitiesRepaymentsOfPrincipalInYearFour|us-gaap:LongTermDebtMaturitiesRepaymentsOfPrincipalInYearTwo|us-gaap:LongTermDebtNoncurrent|us-gaap:ProceedsFromIssuanceOfLongTermDebt|us-gaap:RepaymentsOfLongTermDebt|us-gaap:StockholdersEquity|us-gaap:StockholdersEquityIncludingPortionAttributableToNoncontrollingInterest|us-gaap:StockholdersEquityNoteDisclosureTextBlock,https://www.sec.gov/Archives/edgar/data/1501585/000150158524000007/hii-20231231.htm,0b3d953af66e8986f467784154cf686e260e45e7a548fc9f7d2ee216d54c771b,ALL_PERIODIC_FILINGS,True,True
10-Q,2024-05-02,2024-03-31,0001501585-24-000013,statement_revenue_operating_income_tax,True,4,us-gaap:DeferredStateAndLocalIncomeTaxExpenseBenefit|us-gaap:IncomeTaxExpenseBenefit|us-gaap:OperatingIncomeLoss|us-gaap:Revenues,https://www.sec.gov/Archives/edgar/data/1501585/000150158524000013/hii-20240331.htm,4fa47c55238b6f0d1cbaaa8e5eda90085126d50b324357ebebba460643ff2d3c,ALL_PERIODIC_FILINGS,True,True
10-Q,2024-05-02,2024-03-31,0001501585-24-000013,statement_cash_flow_capex_depreciation,True,6,us-gaap:AccumulatedDepreciationDepletionAndAmortizationPropertyPlantAndEquipment|us-gaap:Depreciation|us-gaap:NetCashProvidedByUsedInFinancingActivities|us-gaap:NetCashProvidedByUsedInInvestingActivities|us-gaap:NetCashProvidedByUsedInOperatingActivities|us-gaap:PaymentsToAcquirePropertyPlantAndEquipment,https://www.sec.gov/Archives/edgar/data/1501585/000150158524000013/hii-20240331.htm,4fa47c55238b6f0d1cbaaa8e5eda90085126d50b324357ebebba460643ff2d3c,ALL_PERIODIC_FILINGS,True,True
10-Q,2024-05-02,2024-03-31,0001501585-24-000013,statement_working_capital,True,3,us-gaap:AccountsPayableCurrent|us-gaap:IncreaseDecreaseInInventoryForLongTermContractsOrPrograms|us-gaap:InventoryNetOfAllowancesCustomerAdvancesAndProgressBillings,https://www.sec.gov/Archives/edgar/data/1501585/000150158524000013/hii-20240331.htm,4fa47c55238b6f0d1cbaaa8e5eda90085126d50b324357ebebba460643ff2d3c,ALL_PERIODIC_FILINGS,True,True
10-Q,2024-05-02,2024-03-31,0001501585-24-000013,note_segments,True,2,us-gaap:ScheduleOfSegmentReportingInformationBySegmentTextBlock|us-gaap:SegmentReportingDisclosureTextBlock,https://www.sec.gov/Archives/edgar/data/1501585/000150158524000013/hii-20240331.htm,4fa47c55238b6f0d1cbaaa8e5eda90085126d50b324357ebebba460643ff2d3c,ALL_PERIODIC_FILINGS,True,True
10-Q,2024-05-02,2024-03-31,0001501585-24-000013,note_revenue_and_contracts,True,6,us-gaap:ContractWithCustomerAssetAndLiabilityTableTextBlock|us-gaap:ContractWithCustomerAssetNet|us-gaap:ContractWithCustomerLiabilityCurrent|us-gaap:ContractWithCustomerLiabilityRevenueRecognized|us-gaap:IncreaseDecreaseInContractWithCustomerAsset|us-gaap:RevenueFromContractWithCustomerTextBlock,https://www.sec.gov/Archives/edgar/data/1501585/000150158524000013/hii-20240331.htm,4fa47c55238b6f0d1cbaaa8e5eda90085126d50b324357ebebba460643ff2d3c,ALL_PERIODIC_FILINGS,True,True
10-Q,2024-05-02,2024-03-31,0001501585-24-000013,note_contract_assets_liabilities,True,5,us-gaap:ContractWithCustomerAssetAndLiabilityTableTextBlock|us-gaap:ContractWithCustomerAssetNet|us-gaap:ContractWithCustomerLiabilityCurrent|us-gaap:ContractWithCustomerLiabilityRevenueRecognized|us-gaap:IncreaseDecreaseInContractWithCustomerAsset,https://www.sec.gov/Archives/edgar/data/1501585/000150158524000013/hii-20240331.htm,4fa47c55238b6f0d1cbaaa8e5eda90085126d50b324357ebebba460643ff2d3c,ALL_PERIODIC_FILINGS,True,True
10-Q,2024-05-02,2024-03-31,0001501585-24-000013,note_remaining_performance_obligation,True,1,us-gaap:RevenueRemainingPerformanceObligation,https://www.sec.gov/Archives/edgar/data/1501585/000150158524000013/hii-20240331.htm,4fa47c55238b6f0d1cbaaa8e5eda90085126d50b324357ebebba460643ff2d3c,ALL_PERIODIC_FILINGS,True,True
10-Q,2024-05-02,2024-03-31,0001501585-24-000013,note_program_accounting,True,2,us-gaap:IncreaseDecreaseInInventoryForLongTermContractsOrPrograms|us-gaap:StockRepurchaseProgramAuthorizedAmount1,https://www.sec.gov/Archives/edgar/data/1501585/000150158524000013/hii-20240331.htm,4fa47c55238b6f0d1cbaaa8e5eda90085126d50b324357ebebba460643ff2d3c,ALL_PERIODIC_FILINGS,True,True
10-Q,2024-05-02,2024-03-31,0001501585-24-000013,note_pension,True,8,us-gaap:DefinedBenefitPensionPlanLiabilitiesNoncurrent|us-gaap:IncreaseDecreaseInPensionAndPostretirementObligations|us-gaap:OtherComprehensiveIncomeLossAmortizationAdjustmentFromAOCIPensionAndOtherPostretirementBenefitPlansForNetPriorServiceCostCreditBeforeTax|us-gaap:OtherComprehensiveIncomeLossReclassificationAdjustmentFromAOCIPensionAndOtherPostretirementBenefitPlansForNetGainLossBeforeTax|us-gaap:PensionAndOtherPostretirementAndPostemploymentBenefitPlansLiabilitiesCurrent|us-gaap:PensionAndOtherPostretirementBenefitContributions|us-gaap:PensionAndOtherPostretirementBenefitsDisclosureTextBlock|us-gaap:PensionContributions,https://www.sec.gov/Archives/edgar/data/1501585/000150158524000013/hii-20240331.htm,4fa47c55238b6f0d1cbaaa8e5eda90085126d50b324357ebebba460643ff2d3c,ANNUAL_10K_ONLY,False,False
10-Q,2024-05-02,2024-03-31,0001501585-24-000013,note_goodwill_intangibles,True,4,us-gaap:AmortizationOfIntangibleAssets|us-gaap:FiniteLivedIntangibleAssetsAccumulatedAmortization|us-gaap:FiniteLivedIntangibleAssetsNet|us-gaap:Goodwill,https://www.sec.gov/Archives/edgar/data/1501585/000150158524000013/hii-20240331.htm,4fa47c55238b6f0d1cbaaa8e5eda90085126d50b324357ebebba460643ff2d3c,ANNUAL_10K_ONLY,False,False
10-Q,2024-05-02,2024-03-31,0001501585-24-000013,note_debt,True,6,hii:LongTermDebtCurrentMaturitiesFairValue|hii:ShortTermDebtAndLongTermDebtCurrentMaturities|us-gaap:LongTermDebt|us-gaap:LongTermDebtFairValue|us-gaap:LongTermDebtNoncurrent|us-gaap:RepaymentsOfLongTermDebt,https://www.sec.gov/Archives/edgar/data/1501585/000150158524000013/hii-20240331.htm,4fa47c55238b6f0d1cbaaa8e5eda90085126d50b324357ebebba460643ff2d3c,ALL_PERIODIC_FILINGS,True,True
10-Q,2024-05-02,2024-03-31,0001501585-24-000013,note_income_taxes,True,2,us-gaap:EffectiveIncomeTaxRateContinuingOperations|us-gaap:IncomeTaxDisclosureTextBlock,https://www.sec.gov/Archives/edgar/data/1501585/000150158524000013/hii-20240331.htm,4fa47c55238b6f0d1cbaaa8e5eda90085126d50b324357ebebba460643ff2d3c,ALL_PERIODIC_FILINGS,True,True
10-Q,2024-05-02,2024-03-31,0001501585-24-000013,capital_structure,True,10,hii:LongTermDebtCurrentMaturitiesFairValue|hii:ShortTermDebtAndLongTermDebtCurrentMaturities|us-gaap:CashAndCashEquivalentsAtCarryingValue|us-gaap:LiabilitiesAndStockholdersEquity|us-gaap:LongTermDebt|us-gaap:LongTermDebtFairValue|us-gaap:LongTermDebtNoncurrent|us-gaap:RepaymentsOfLongTermDebt|us-gaap:StockholdersEquityIncludingPortionAttributableToNoncontrollingInterest|us-gaap:StockholdersEquityNoteDisclosureTextBlock,https://www.sec.gov/Archives/edgar/data/1501585/000150158524000013/hii-20240331.htm,4fa47c55238b6f0d1cbaaa8e5eda90085126d50b324357ebebba460643ff2d3c,ALL_PERIODIC_FILINGS,True,True
10-Q,2024-08-01,2024-06-30,0001501585-24-000036,statement_revenue_operating_income_tax,True,4,us-gaap:DeferredStateAndLocalIncomeTaxExpenseBenefit|us-gaap:IncomeTaxExpenseBenefit|us-gaap:OperatingIncomeLoss|us-gaap:Revenues,https://www.sec.gov/Archives/edgar/data/1501585/000150158524000036/hii-20240630.htm,be9966ba3f35be49eab21b4c8839977cef91e77537bd2cea51bbc6544200634d,ALL_PERIODIC_FILINGS,True,True
10-Q,2024-08-01,2024-06-30,0001501585-24-000036,statement_cash_flow_capex_depreciation,True,6,us-gaap:AccumulatedDepreciationDepletionAndAmortizationPropertyPlantAndEquipment|us-gaap:Depreciation|us-gaap:NetCashProvidedByUsedInFinancingActivities|us-gaap:NetCashProvidedByUsedInInvestingActivities|us-gaap:NetCashProvidedByUsedInOperatingActivities|us-gaap:PaymentsToAcquirePropertyPlantAndEquipment,https://www.sec.gov/Archives/edgar/data/1501585/000150158524000036/hii-20240630.htm,be9966ba3f35be49eab21b4c8839977cef91e77537bd2cea51bbc6544200634d,ALL_PERIODIC_FILINGS,True,True
10-Q,2024-08-01,2024-06-30,0001501585-24-000036,statement_working_capital,True,3,us-gaap:AccountsPayableCurrent|us-gaap:IncreaseDecreaseInInventoryForLongTermContractsOrPrograms|us-gaap:InventoryNetOfAllowancesCustomerAdvancesAndProgressBillings,https://www.sec.gov/Archives/edgar/data/1501585/000150158524000036/hii-20240630.htm,be9966ba3f35be49eab21b4c8839977cef91e77537bd2cea51bbc6544200634d,ALL_PERIODIC_FILINGS,True,True
10-Q,2024-08-01,2024-06-30,0001501585-24-000036,note_segments,True,2,us-gaap:ScheduleOfSegmentReportingInformationBySegmentTextBlock|us-gaap:SegmentReportingDisclosureTextBlock,https://www.sec.gov/Archives/edgar/data/1501585/000150158524000036/hii-20240630.htm,be9966ba3f35be49eab21b4c8839977cef91e77537bd2cea51bbc6544200634d,ALL_PERIODIC_FILINGS,True,True
10-Q,2024-08-01,2024-06-30,0001501585-24-000036,note_revenue_and_contracts,True,6,us-gaap:ContractWithCustomerAssetAndLiabilityTableTextBlock|us-gaap:ContractWithCustomerAssetNet|us-gaap:ContractWithCustomerLiabilityCurrent|us-gaap:ContractWithCustomerLiabilityRevenueRecognized|us-gaap:IncreaseDecreaseInContractWithCustomerAsset|us-gaap:RevenueFromContractWithCustomerTextBlock,https://www.sec.gov/Archives/edgar/data/1501585/000150158524000036/hii-20240630.htm,be9966ba3f35be49eab21b4c8839977cef91e77537bd2cea51bbc6544200634d,ALL_PERIODIC_FILINGS,True,True
10-Q,2024-08-01,2024-06-30,0001501585-24-000036,note_contract_assets_liabilities,True,5,us-gaap:ContractWithCustomerAssetAndLiabilityTableTextBlock|us-gaap:ContractWithCustomerAssetNet|us-gaap:ContractWithCustomerLiabilityCurrent|us-gaap:ContractWithCustomerLiabilityRevenueRecognized|us-gaap:IncreaseDecreaseInContractWithCustomerAsset,https://www.sec.gov/Archives/edgar/data/1501585/000150158524000036/hii-20240630.htm,be9966ba3f35be49eab21b4c8839977cef91e77537bd2cea51bbc6544200634d,ALL_PERIODIC_FILINGS,True,True
10-Q,2024-08-01,2024-06-30,0001501585-24-000036,note_remaining_performance_obligation,True,1,us-gaap:RevenueRemainingPerformanceObligation,https://www.sec.gov/Archives/edgar/data/1501585/000150158524000036/hii-20240630.htm,be9966ba3f35be49eab21b4c8839977cef91e77537bd2cea51bbc6544200634d,ALL_PERIODIC_FILINGS,True,True
10-Q,2024-08-01,2024-06-30,0001501585-24-000036,note_program_accounting,True,2,us-gaap:IncreaseDecreaseInInventoryForLongTermContractsOrPrograms|us-gaap:StockRepurchaseProgramAuthorizedAmount1,https://www.sec.gov/Archives/edgar/data/1501585/000150158524000036/hii-20240630.htm,be9966ba3f35be49eab21b4c8839977cef91e77537bd2cea51bbc6544200634d,ALL_PERIODIC_FILINGS,True,True
10-Q,2024-08-01,2024-06-30,0001501585-24-000036,note_pension,True,8,us-gaap:DefinedBenefitPensionPlanLiabilitiesNoncurrent|us-gaap:IncreaseDecreaseInPensionAndPostretirementObligations|us-gaap:OtherComprehensiveIncomeLossAmortizationAdjustmentFromAOCIPensionAndOtherPostretirementBenefitPlansForNetPriorServiceCostCreditBeforeTax|us-gaap:OtherComprehensiveIncomeLossReclassificationAdjustmentFromAOCIPensionAndOtherPostretirementBenefitPlansForNetGainLossBeforeTax|us-gaap:PensionAndOtherPostretirementAndPostemploymentBenefitPlansLiabilitiesCurrent|us-gaap:PensionAndOtherPostretirementBenefitContributions|us-gaap:PensionAndOtherPostretirementBenefitsDisclosureTextBlock|us-gaap:PensionContributions,https://www.sec.gov/Archives/edgar/data/1501585/000150158524000036/hii-20240630.htm,be9966ba3f35be49eab21b4c8839977cef91e77537bd2cea51bbc6544200634d,ANNUAL_10K_ONLY,False,False
10-Q,2024-08-01,2024-06-30,0001501585-24-000036,note_goodwill_intangibles,True,4,us-gaap:AmortizationOfIntangibleAssets|us-gaap:FiniteLivedIntangibleAssetsAccumulatedAmortization|us-gaap:FiniteLivedIntangibleAssetsNet|us-gaap:Goodwill,https://www.sec.gov/Archives/edgar/data/1501585/000150158524000036/hii-20240630.htm,be9966ba3f35be49eab21b4c8839977cef91e77537bd2cea51bbc6544200634d,ANNUAL_10K_ONLY,False,False
10-Q,2024-08-01,2024-06-30,0001501585-24-000036,note_debt,True,5,hii:LongTermDebtCurrentMaturitiesFairValue|hii:ShortTermDebtAndLongTermDebtCurrentMaturities|us-gaap:LongTermDebtFairValue|us-gaap:LongTermDebtNoncurrent|us-gaap:RepaymentsOfLongTermDebt,https://www.sec.gov/Archives/edgar/data/1501585/000150158524000036/hii-20240630.htm,be9966ba3f35be49eab21b4c8839977cef91e77537bd2cea51bbc6544200634d,ALL_PERIODIC_FILINGS,True,True
10-Q,2024-08-01,2024-06-30,0001501585-24-000036,note_income_taxes,True,3,us-gaap:EffectiveIncomeTaxRateContinuingOperations|us-gaap:EffectiveIncomeTaxRateReconciliationAtFederalStatutoryIncomeTaxRate|us-gaap:IncomeTaxDisclosureTextBlock,https://www.sec.gov/Archives/edgar/data/1501585/000150158524000036/hii-20240630.htm,be9966ba3f35be49eab21b4c8839977cef91e77537bd2cea51bbc6544200634d,ALL_PERIODIC_FILINGS,True,True
10-Q,2024-08-01,2024-06-30,0001501585-24-000036,capital_structure,True,8,hii:LongTermDebtCurrentMaturitiesFairValue|hii:ShortTermDebtAndLongTermDebtCurrentMaturities|us-gaap:LiabilitiesAndStockholdersEquity|us-gaap:LongTermDebtFairValue|us-gaap:LongTermDebtNoncurrent|us-gaap:RepaymentsOfLongTermDebt|us-gaap:StockholdersEquityIncludingPortionAttributableToNoncontrollingInterest|us-gaap:StockholdersEquityNoteDisclosureTextBlock,https://www.sec.gov/Archives/edgar/data/1501585/000150158524000036/hii-20240630.htm,be9966ba3f35be49eab21b4c8839977cef91e77537bd2cea51bbc6544200634d,ALL_PERIODIC_FILINGS,True,True
10-Q,2024-10-31,2024-09-30,0001501585-24-000042,statement_revenue_operating_income_tax,True,4,us-gaap:DeferredStateAndLocalIncomeTaxExpenseBenefit|us-gaap:IncomeTaxExpenseBenefit|us-gaap:OperatingIncomeLoss|us-gaap:Revenues,https://www.sec.gov/Archives/edgar/data/1501585/000150158524000042/hii-20240930.htm,a97548189124c42ee0911ff7c7ced36c6a4efc1e1ea10025c2afdcd823b729e1,ALL_PERIODIC_FILINGS,True,True
10-Q,2024-10-31,2024-09-30,0001501585-24-000042,statement_cash_flow_capex_depreciation,True,6,us-gaap:AccumulatedDepreciationDepletionAndAmortizationPropertyPlantAndEquipment|us-gaap:Depreciation|us-gaap:NetCashProvidedByUsedInFinancingActivities|us-gaap:NetCashProvidedByUsedInInvestingActivities|us-gaap:NetCashProvidedByUsedInOperatingActivities|us-gaap:PaymentsToAcquirePropertyPlantAndEquipment,https://www.sec.gov/Archives/edgar/data/1501585/000150158524000042/hii-20240930.htm,a97548189124c42ee0911ff7c7ced36c6a4efc1e1ea10025c2afdcd823b729e1,ALL_PERIODIC_FILINGS,True,True
10-Q,2024-10-31,2024-09-30,0001501585-24-000042,statement_working_capital,True,3,us-gaap:AccountsPayableCurrent|us-gaap:IncreaseDecreaseInInventoryForLongTermContractsOrPrograms|us-gaap:InventoryNetOfAllowancesCustomerAdvancesAndProgressBillings,https://www.sec.gov/Archives/edgar/data/1501585/000150158524000042/hii-20240930.htm,a97548189124c42ee0911ff7c7ced36c6a4efc1e1ea10025c2afdcd823b729e1,ALL_PERIODIC_FILINGS,True,True
10-Q,2024-10-31,2024-09-30,0001501585-24-000042,note_segments,True,2,us-gaap:ScheduleOfSegmentReportingInformationBySegmentTextBlock|us-gaap:SegmentReportingDisclosureTextBlock,https://www.sec.gov/Archives/edgar/data/1501585/000150158524000042/hii-20240930.htm,a97548189124c42ee0911ff7c7ced36c6a4efc1e1ea10025c2afdcd823b729e1,ALL_PERIODIC_FILINGS,True,True
10-Q,2024-10-31,2024-09-30,0001501585-24-000042,note_revenue_and_contracts,True,6,us-gaap:ContractWithCustomerAssetAndLiabilityTableTextBlock|us-gaap:ContractWithCustomerAssetNet|us-gaap:ContractWithCustomerLiabilityCurrent|us-gaap:ContractWithCustomerLiabilityRevenueRecognized|us-gaap:IncreaseDecreaseInContractWithCustomerAsset|us-gaap:RevenueFromContractWithCustomerTextBlock,https://www.sec.gov/Archives/edgar/data/1501585/000150158524000042/hii-20240930.htm,a97548189124c42ee0911ff7c7ced36c6a4efc1e1ea10025c2afdcd823b729e1,ALL_PERIODIC_FILINGS,True,True
10-Q,2024-10-31,2024-09-30,0001501585-24-000042,note_contract_assets_liabilities,True,5,us-gaap:ContractWithCustomerAssetAndLiabilityTableTextBlock|us-gaap:ContractWithCustomerAssetNet|us-gaap:ContractWithCustomerLiabilityCurrent|us-gaap:ContractWithCustomerLiabilityRevenueRecognized|us-gaap:IncreaseDecreaseInContractWithCustomerAsset,https://www.sec.gov/Archives/edgar/data/1501585/000150158524000042/hii-20240930.htm,a97548189124c42ee0911ff7c7ced36c6a4efc1e1ea10025c2afdcd823b729e1,ALL_PERIODIC_FILINGS,True,True
10-Q,2024-10-31,2024-09-30,0001501585-24-000042,note_remaining_performance_obligation,True,1,us-gaap:RevenueRemainingPerformanceObligation,https://www.sec.gov/Archives/edgar/data/1501585/000150158524000042/hii-20240930.htm,a97548189124c42ee0911ff7c7ced36c6a4efc1e1ea10025c2afdcd823b729e1,ALL_PERIODIC_FILINGS,True,True
10-Q,2024-10-31,2024-09-30,0001501585-24-000042,note_program_accounting,True,2,srt:StockRepurchaseProgramAuthorizedAmount1|us-gaap:IncreaseDecreaseInInventoryForLongTermContractsOrPrograms,https://www.sec.gov/Archives/edgar/data/1501585/000150158524000042/hii-20240930.htm,a97548189124c42ee0911ff7c7ced36c6a4efc1e1ea10025c2afdcd823b729e1,ALL_PERIODIC_FILINGS,True,True
10-Q,2024-10-31,2024-09-30,0001501585-24-000042,note_pension,True,8,us-gaap:DefinedBenefitPensionPlanLiabilitiesNoncurrent|us-gaap:IncreaseDecreaseInPensionAndPostretirementObligations|us-gaap:OtherComprehensiveIncomeLossAmortizationAdjustmentFromAOCIPensionAndOtherPostretirementBenefitPlansForNetPriorServiceCostCreditBeforeTax|us-gaap:OtherComprehensiveIncomeLossReclassificationAdjustmentFromAOCIPensionAndOtherPostretirementBenefitPlansForNetGainLossBeforeTax|us-gaap:PensionAndOtherPostretirementAndPostemploymentBenefitPlansLiabilitiesCurrent|us-gaap:PensionAndOtherPostretirementBenefitContributions|us-gaap:PensionAndOtherPostretirementBenefitsDisclosureTextBlock|us-gaap:PensionContributions,https://www.sec.gov/Archives/edgar/data/1501585/000150158524000042/hii-20240930.htm,a97548189124c42ee0911ff7c7ced36c6a4efc1e1ea10025c2afdcd823b729e1,ANNUAL_10K_ONLY,False,False
10-Q,2024-10-31,2024-09-30,0001501585-24-000042,note_goodwill_intangibles,True,4,us-gaap:AmortizationOfIntangibleAssets|us-gaap:FiniteLivedIntangibleAssetsAccumulatedAmortization|us-gaap:FiniteLivedIntangibleAssetsNet|us-gaap:Goodwill,https://www.sec.gov/Archives/edgar/data/1501585/000150158524000042/hii-20240930.htm,a97548189124c42ee0911ff7c7ced36c6a4efc1e1ea10025c2afdcd823b729e1,ANNUAL_10K_ONLY,False,False
10-Q,2024-10-31,2024-09-30,0001501585-24-000042,note_debt,True,5,hii:LongTermDebtCurrentMaturitiesFairValue|hii:ShortTermDebtAndLongTermDebtCurrentMaturities|us-gaap:LongTermDebtFairValue|us-gaap:LongTermDebtNoncurrent|us-gaap:RepaymentsOfLongTermDebt,https://www.sec.gov/Archives/edgar/data/1501585/000150158524000042/hii-20240930.htm,a97548189124c42ee0911ff7c7ced36c6a4efc1e1ea10025c2afdcd823b729e1,ALL_PERIODIC_FILINGS,True,True
10-Q,2024-10-31,2024-09-30,0001501585-24-000042,note_income_taxes,True,3,us-gaap:EffectiveIncomeTaxRateContinuingOperations|us-gaap:EffectiveIncomeTaxRateReconciliationAtFederalStatutoryIncomeTaxRate|us-gaap:IncomeTaxDisclosureTextBlock,https://www.sec.gov/Archives/edgar/data/1501585/000150158524000042/hii-20240930.htm,a97548189124c42ee0911ff7c7ced36c6a4efc1e1ea10025c2afdcd823b729e1,ALL_PERIODIC_FILINGS,True,True
10-Q,2024-10-31,2024-09-30,0001501585-24-000042,capital_structure,True,8,hii:LongTermDebtCurrentMaturitiesFairValue|hii:ShortTermDebtAndLongTermDebtCurrentMaturities|us-gaap:LiabilitiesAndStockholdersEquity|us-gaap:LongTermDebtFairValue|us-gaap:LongTermDebtNoncurrent|us-gaap:RepaymentsOfLongTermDebt|us-gaap:StockholdersEquityIncludingPortionAttributableToNoncontrollingInterest|us-gaap:StockholdersEquityNoteDisclosureTextBlock,https://www.sec.gov/Archives/edgar/data/1501585/000150158524000042/hii-20240930.htm,a97548189124c42ee0911ff7c7ced36c6a4efc1e1ea10025c2afdcd823b729e1,ALL_PERIODIC_FILINGS,True,True
10-K,2025-02-06,2024-12-31,0001501585-25-000006,statement_revenue_operating_income_tax,True,9,hii:AdvancePaymentsandBillingsinExcessofRevenuesPolicyTextBlock|us-gaap:DeferredFederalIncomeTaxExpenseBenefit|us-gaap:DeferredIncomeTaxExpenseBenefit|us-gaap:DeferredStateAndLocalIncomeTaxExpenseBenefit|us-gaap:IncomeTaxExpenseBenefit|us-gaap:IncomeTaxReconciliationIncomeTaxExpenseBenefitAtFederalStatutoryIncomeTaxRate|us-gaap:OperatingIncomeLoss|us-gaap:Revenues|us-gaap:ScheduleOfComponentsOfIncomeTaxExpenseBenefitTableTextBlock,https://www.sec.gov/Archives/edgar/data/1501585/000150158525000006/hii-20241231.htm,db9afdddcf4eac67785bb07386819b59aa3c2a28addf94448fad93d2a661c5c3,ALL_PERIODIC_FILINGS,True,True
10-K,2025-02-06,2024-12-31,0001501585-25-000006,statement_cash_flow_capex_depreciation,True,9,us-gaap:AccumulatedDepreciationDepletionAndAmortizationPropertyPlantAndEquipment|us-gaap:Depreciation|us-gaap:DepreciationDepletionAndAmortization|us-gaap:NetCashProvidedByUsedInFinancingActivities|us-gaap:NetCashProvidedByUsedInInvestingActivities|us-gaap:NetCashProvidedByUsedInOperatingActivities|us-gaap:PaymentsToAcquireBusinessesGross|us-gaap:PaymentsToAcquireProductiveAssets|us-gaap:PaymentsToAcquirePropertyPlantAndEquipment,https://www.sec.gov/Archives/edgar/data/1501585/000150158525000006/hii-20241231.htm,db9afdddcf4eac67785bb07386819b59aa3c2a28addf94448fad93d2a661c5c3,ALL_PERIODIC_FILINGS,True,True
10-K,2025-02-06,2024-12-31,0001501585-25-000006,statement_working_capital,True,8,us-gaap:AccountsPayableCurrent|us-gaap:GovernmentContractorsInventoryPolicyPolicyTextBlock|us-gaap:IncreaseDecreaseInInventoryForLongTermContractsOrPrograms|us-gaap:InventoryDisclosureTextBlock|us-gaap:InventoryNetOfAllowancesCustomerAdvancesAndProgressBillings|us-gaap:InventoryRawMaterialsNetOfReserves|us-gaap:InventoryWorkInProcessNetOfReserves|us-gaap:ScheduleOfInventoryCurrentTableTextBlock,https://www.sec.gov/Archives/edgar/data/1501585/000150158525000006/hii-20241231.htm,db9afdddcf4eac67785bb07386819b59aa3c2a28addf94448fad93d2a661c5c3,ALL_PERIODIC_FILINGS,True,True
10-K,2025-02-06,2024-12-31,0001501585-25-000006,note_segments,True,2,us-gaap:SegmentReportingDisclosureTextBlock|us-gaap:SegmentReportingOtherItemAmount,https://www.sec.gov/Archives/edgar/data/1501585/000150158525000006/hii-20241231.htm,db9afdddcf4eac67785bb07386819b59aa3c2a28addf94448fad93d2a661c5c3,ALL_PERIODIC_FILINGS,True,True
10-K,2025-02-06,2024-12-31,0001501585-25-000006,note_revenue_and_contracts,True,7,us-gaap:ContractWithCustomerAssetAndLiabilityTableTextBlock|us-gaap:ContractWithCustomerAssetNet|us-gaap:ContractWithCustomerLiabilityCurrent|us-gaap:ContractWithCustomerLiabilityRevenueRecognized|us-gaap:IncreaseDecreaseInContractWithCustomerAsset|us-gaap:RevenueFromContractWithCustomerPolicyTextBlock|us-gaap:RevenueFromContractWithCustomerTextBlock,https://www.sec.gov/Archives/edgar/data/1501585/000150158525000006/hii-20241231.htm,db9afdddcf4eac67785bb07386819b59aa3c2a28addf94448fad93d2a661c5c3,ALL_PERIODIC_FILINGS,True,True
10-K,2025-02-06,2024-12-31,0001501585-25-000006,note_contract_assets_liabilities,True,5,us-gaap:ContractWithCustomerAssetAndLiabilityTableTextBlock|us-gaap:ContractWithCustomerAssetNet|us-gaap:ContractWithCustomerLiabilityCurrent|us-gaap:ContractWithCustomerLiabilityRevenueRecognized|us-gaap:IncreaseDecreaseInContractWithCustomerAsset,https://www.sec.gov/Archives/edgar/data/1501585/000150158525000006/hii-20241231.htm,db9afdddcf4eac67785bb07386819b59aa3c2a28addf94448fad93d2a661c5c3,ALL_PERIODIC_FILINGS,True,True
10-K,2025-02-06,2024-12-31,0001501585-25-000006,note_remaining_performance_obligation,True,1,us-gaap:RevenueRemainingPerformanceObligation,https://www.sec.gov/Archives/edgar/data/1501585/000150158525000006/hii-20241231.htm,db9afdddcf4eac67785bb07386819b59aa3c2a28addf94448fad93d2a661c5c3,ALL_PERIODIC_FILINGS,True,True
10-K,2025-02-06,2024-12-31,0001501585-25-000006,note_program_accounting,True,3,srt:StockRepurchaseProgramAuthorizedAmount1|us-gaap:IncreaseDecreaseInInventoryForLongTermContractsOrPrograms|us-gaap:ShareRepurchaseProgramExciseTax,https://www.sec.gov/Archives/edgar/data/1501585/000150158525000006/hii-20241231.htm,db9afdddcf4eac67785bb07386819b59aa3c2a28addf94448fad93d2a661c5c3,ALL_PERIODIC_FILINGS,True,True
10-K,2025-02-06,2024-12-31,0001501585-25-000006,note_pension,True,20,hii:DeferredTaxLiabilitiesCompensationAndBenefitsPensionAndPostretirementBenefits|hii:OtherComprehensiveIncomeLossPensionAndOtherPostretirementBenefitPlansOtherAdjustmentsBeforeTax|us-gaap:DefinedBenefitPensionPlanLiabilitiesNoncurrent|us-gaap:DefinedBenefitPlanPensionPlanWithProjectedBenefitObligationInExcessOfPlanAssetsPlanAssets|us-gaap:DefinedBenefitPlanPensionPlanWithProjectedBenefitObligationInExcessOfPlanAssetsProjectedBenefitObligation|us-gaap:DefinedBenefitPlanPensionPlansWithAccumulatedBenefitObligationsInExcessOfPlanAssetsAggregateAccumulatedBenefitObligation|us-gaap:IncreaseDecreaseInPensionAndPostretirementObligations|us-gaap:OtherComprehensiveIncomeLossAmortizationAdjustmentFromAOCIPensionAndOtherPostretirementBenefitPlansForNetPriorServiceCostCreditBeforeTax|us-gaap:OtherComprehensiveIncomeLossFinalizationOfPensionAndNonPensionPostretirementPlanValuationBeforeTax|us-gaap:OtherComprehensiveIncomeLossPensionAndOtherPostretirementBenefitPlansAdjustmentBeforeTax|us-gaap:OtherComprehensiveIncomeLossPensionAndOtherPostretirementBenefitPlansNetUnamortizedGainLossArisingDuringPeriodBeforeTax|us-gaap:OtherComprehensiveIncomeLossReclassificationAdjustmentFromAOCIPensionAndOtherPostretirementBenefitPlansForNetGainLossBeforeTax|us-gaap:PensionAndOtherPostretirementAndPostemploymentBenefitPlansLiabilitiesCurrent|us-gaap:PensionAndOtherPostretirementBenefitContributions|us-gaap:PensionAndOtherPostretirementBenefitsDisclosureTextBlock|us-gaap:PensionAndOtherPostretirementDefinedBenefitPlansCurrentLiabilities|us-gaap:PensionAndOtherPostretirementDefinedBenefitPlansLiabilitiesCurrentAndNoncurrent|us-gaap:PensionAndOtherPostretirementDefinedBenefitPlansLiabilitiesNoncurrent|us-gaap:PensionAndOtherPostretirementPlansPolicy|us-gaap:PensionContributions,https://www.sec.gov/Archives/edgar/data/1501585/000150158525000006/hii-20241231.htm,db9afdddcf4eac67785bb07386819b59aa3c2a28addf94448fad93d2a661c5c3,ANNUAL_10K_ONLY,True,True
10-K,2025-02-06,2024-12-31,0001501585-25-000006,note_goodwill_intangibles,True,15,us-gaap:AcquiredFiniteLivedIntangibleAssetsWeightedAverageUsefulLife|us-gaap:AmortizationOfIntangibleAssets|us-gaap:DeferredTaxLiabilitiesGoodwillAndIntangibleAssetsIntangibleAssets|us-gaap:FiniteLivedIntangibleAssetsAccumulatedAmortization|us-gaap:FiniteLivedIntangibleAssetsAmortizationExpenseNextTwelveMonths|us-gaap:FiniteLivedIntangibleAssetsAmortizationExpenseYearFive|us-gaap:FiniteLivedIntangibleAssetsAmortizationExpenseYearFour|us-gaap:FiniteLivedIntangibleAssetsAmortizationExpenseYearThree|us-gaap:FiniteLivedIntangibleAssetsAmortizationExpenseYearTwo|us-gaap:FiniteLivedIntangibleAssetsNet|us-gaap:Goodwill|us-gaap:GoodwillAndIntangibleAssetsDisclosureTextBlock|us-gaap:GoodwillAndIntangibleAssetsPolicyTextBlock|us-gaap:GoodwillImpairedAccumulatedImpairmentLoss|us-gaap:ScheduleOfGoodwillTextBlock,https://www.sec.gov/Archives/edgar/data/1501585/000150158525000006/hii-20241231.htm,db9afdddcf4eac67785bb07386819b59aa3c2a28addf94448fad93d2a661c5c3,ANNUAL_10K_ONLY,True,True
10-K,2025-02-06,2024-12-31,0001501585-25-000006,note_debt,True,12,hii:LongTermDebtCurrentMaturitiesFairValue|us-gaap:DebtDisclosureTextBlock|us-gaap:LongTermDebt|us-gaap:LongTermDebtAndCapitalLeaseObligations|us-gaap:LongTermDebtAndCapitalLeaseObligationsCurrent|us-gaap:LongTermDebtAndCapitalLeaseObligationsIncludingCurrentMaturities|us-gaap:LongTermDebtFairValue|us-gaap:LongTermDebtMaturitiesRepaymentsOfPrincipalInNextTwelveMonths|us-gaap:LongTermDebtMaturitiesRepaymentsOfPrincipalInYearFour|us-gaap:LongTermDebtMaturitiesRepaymentsOfPrincipalInYearThree|us-gaap:ProceedsFromIssuanceOfLongTermDebt|us-gaap:RepaymentsOfLongTermDebt,https://www.sec.gov/Archives/edgar/data/1501585/000150158525000006/hii-20241231.htm,db9afdddcf4eac67785bb07386819b59aa3c2a28addf94448fad93d2a661c5c3,ALL_PERIODIC_FILINGS,True,True
10-K,2025-02-06,2024-12-31,0001501585-25-000006,note_income_taxes,True,13,us-gaap:EffectiveIncomeTaxRateContinuingOperations|us-gaap:EffectiveIncomeTaxRateReconciliationAtFederalStatutoryIncomeTaxRate|us-gaap:EffectiveIncomeTaxRateReconciliationCrossBorderTaxEffectAmount|us-gaap:EffectiveIncomeTaxRateReconciliationCrossBorderTaxEffectPercent|us-gaap:EffectiveIncomeTaxRateReconciliationForeignIncomeTaxRateDifferential|us-gaap:EffectiveIncomeTaxRateReconciliationNondeductibleExpense|us-gaap:EffectiveIncomeTaxRateReconciliationOtherAdjustments|us-gaap:EffectiveIncomeTaxRateReconciliationOtherReconcilingItemsPercent|us-gaap:EffectiveIncomeTaxRateReconciliationTaxContingencies|us-gaap:EffectiveIncomeTaxRateReconciliationTaxCreditsOther|us-gaap:EffectiveIncomeTaxRateReconciliationTaxCreditsResearch|us-gaap:IncomeTaxDisclosureTextBlock|us-gaap:ScheduleOfEffectiveIncomeTaxRateReconciliationTableTextBlock,https://www.sec.gov/Archives/edgar/data/1501585/000150158525000006/hii-20241231.htm,db9afdddcf4eac67785bb07386819b59aa3c2a28addf94448fad93d2a661c5c3,ALL_PERIODIC_FILINGS,True,True
10-K,2025-02-06,2024-12-31,0001501585-25-000006,capital_structure,True,17,hii:CashAndCashEquivalentsMaturityPeriod|hii:LongTermDebtCurrentMaturitiesFairValue|us-gaap:CashAndCashEquivalentsPolicyTextBlock|us-gaap:LiabilitiesAndStockholdersEquity|us-gaap:LongTermDebt|us-gaap:LongTermDebtAndCapitalLeaseObligations|us-gaap:LongTermDebtAndCapitalLeaseObligationsCurrent|us-gaap:LongTermDebtAndCapitalLeaseObligationsIncludingCurrentMaturities|us-gaap:LongTermDebtFairValue|us-gaap:LongTermDebtMaturitiesRepaymentsOfPrincipalInNextTwelveMonths|us-gaap:LongTermDebtMaturitiesRepaymentsOfPrincipalInYearFour|us-gaap:LongTermDebtMaturitiesRepaymentsOfPrincipalInYearThree|us-gaap:ProceedsFromIssuanceOfLongTermDebt|us-gaap:RepaymentsOfLongTermDebt|us-gaap:StockholdersEquity|us-gaap:StockholdersEquityIncludingPortionAttributableToNoncontrollingInterest|us-gaap:StockholdersEquityNoteDisclosureTextBlock,https://www.sec.gov/Archives/edgar/data/1501585/000150158525000006/hii-20241231.htm,db9afdddcf4eac67785bb07386819b59aa3c2a28addf94448fad93d2a661c5c3,ALL_PERIODIC_FILINGS,True,True
10-Q,2025-05-01,2025-03-31,0001501585-25-000037,statement_revenue_operating_income_tax,True,4,us-gaap:DeferredStateAndLocalIncomeTaxExpenseBenefit|us-gaap:IncomeTaxExpenseBenefit|us-gaap:OperatingIncomeLoss|us-gaap:Revenues,https://www.sec.gov/Archives/edgar/data/1501585/000150158525000037/hii-20250331.htm,b1efdc3fd2c325117b31607fef86e968de29049cfdf95f6d8adb9e108cc70786,ALL_PERIODIC_FILINGS,True,True
10-Q,2025-05-01,2025-03-31,0001501585-25-000037,statement_cash_flow_capex_depreciation,True,10,us-gaap:AccumulatedDepreciationDepletionAndAmortizationPropertyPlantAndEquipment|us-gaap:Depreciation|us-gaap:DepreciationDepletionAndAmortization|us-gaap:NetCashProvidedByUsedInFinancingActivities|us-gaap:NetCashProvidedByUsedInInvestingActivities|us-gaap:NetCashProvidedByUsedInOperatingActivities|us-gaap:PaymentsToAcquireBusinessesGross|us-gaap:PaymentsToAcquireBusinessesNetOfCashAcquired|us-gaap:PaymentsToAcquireProductiveAssets|us-gaap:PaymentsToAcquirePropertyPlantAndEquipment,https://www.sec.gov/Archives/edgar/data/1501585/000150158525000037/hii-20250331.htm,b1efdc3fd2c325117b31607fef86e968de29049cfdf95f6d8adb9e108cc70786,ALL_PERIODIC_FILINGS,True,True
10-Q,2025-05-01,2025-03-31,0001501585-25-000037,statement_working_capital,True,3,us-gaap:AccountsPayableCurrent|us-gaap:IncreaseDecreaseInInventoryForLongTermContractsOrPrograms|us-gaap:InventoryNetOfAllowancesCustomerAdvancesAndProgressBillings,https://www.sec.gov/Archives/edgar/data/1501585/000150158525000037/hii-20250331.htm,b1efdc3fd2c325117b31607fef86e968de29049cfdf95f6d8adb9e108cc70786,ALL_PERIODIC_FILINGS,True,True
10-Q,2025-05-01,2025-03-31,0001501585-25-000037,note_segments,True,2,us-gaap:SegmentReportingDisclosureTextBlock|us-gaap:SegmentReportingOtherItemAmount,https://www.sec.gov/Archives/edgar/data/1501585/000150158525000037/hii-20250331.htm,b1efdc3fd2c325117b31607fef86e968de29049cfdf95f6d8adb9e108cc70786,ALL_PERIODIC_FILINGS,True,True
10-Q,2025-05-01,2025-03-31,0001501585-25-000037,note_revenue_and_contracts,True,6,us-gaap:ContractWithCustomerAssetAndLiabilityTableTextBlock|us-gaap:ContractWithCustomerAssetNet|us-gaap:ContractWithCustomerLiabilityCurrent|us-gaap:ContractWithCustomerLiabilityRevenueRecognized|us-gaap:IncreaseDecreaseInContractWithCustomerAsset|us-gaap:RevenueFromContractWithCustomerTextBlock,https://www.sec.gov/Archives/edgar/data/1501585/000150158525000037/hii-20250331.htm,b1efdc3fd2c325117b31607fef86e968de29049cfdf95f6d8adb9e108cc70786,ALL_PERIODIC_FILINGS,True,True
10-Q,2025-05-01,2025-03-31,0001501585-25-000037,note_contract_assets_liabilities,True,5,us-gaap:ContractWithCustomerAssetAndLiabilityTableTextBlock|us-gaap:ContractWithCustomerAssetNet|us-gaap:ContractWithCustomerLiabilityCurrent|us-gaap:ContractWithCustomerLiabilityRevenueRecognized|us-gaap:IncreaseDecreaseInContractWithCustomerAsset,https://www.sec.gov/Archives/edgar/data/1501585/000150158525000037/hii-20250331.htm,b1efdc3fd2c325117b31607fef86e968de29049cfdf95f6d8adb9e108cc70786,ALL_PERIODIC_FILINGS,True,True
10-Q,2025-05-01,2025-03-31,0001501585-25-000037,note_remaining_performance_obligation,True,1,us-gaap:RevenueRemainingPerformanceObligation,https://www.sec.gov/Archives/edgar/data/1501585/000150158525000037/hii-20250331.htm,b1efdc3fd2c325117b31607fef86e968de29049cfdf95f6d8adb9e108cc70786,ALL_PERIODIC_FILINGS,True,True
10-Q,2025-05-01,2025-03-31,0001501585-25-000037,note_program_accounting,True,3,srt:StockRepurchaseProgramAuthorizedAmount1|us-gaap:IncreaseDecreaseInInventoryForLongTermContractsOrPrograms|us-gaap:ShareRepurchaseProgramExciseTax,https://www.sec.gov/Archives/edgar/data/1501585/000150158525000037/hii-20250331.htm,b1efdc3fd2c325117b31607fef86e968de29049cfdf95f6d8adb9e108cc70786,ALL_PERIODIC_FILINGS,True,True
10-Q,2025-05-01,2025-03-31,0001501585-25-000037,note_pension,True,8,us-gaap:DefinedBenefitPensionPlanLiabilitiesNoncurrent|us-gaap:IncreaseDecreaseInPensionAndPostretirementObligations|us-gaap:OtherComprehensiveIncomeLossAmortizationAdjustmentFromAOCIPensionAndOtherPostretirementBenefitPlansForNetPriorServiceCostCreditBeforeTax|us-gaap:OtherComprehensiveIncomeLossReclassificationAdjustmentFromAOCIPensionAndOtherPostretirementBenefitPlansForNetGainLossBeforeTax|us-gaap:PensionAndOtherPostretirementAndPostemploymentBenefitPlansLiabilitiesCurrent|us-gaap:PensionAndOtherPostretirementBenefitContributions|us-gaap:PensionAndOtherPostretirementBenefitsDisclosureTextBlock|us-gaap:PensionContributions,https://www.sec.gov/Archives/edgar/data/1501585/000150158525000037/hii-20250331.htm,b1efdc3fd2c325117b31607fef86e968de29049cfdf95f6d8adb9e108cc70786,ANNUAL_10K_ONLY,False,False
10-Q,2025-05-01,2025-03-31,0001501585-25-000037,note_goodwill_intangibles,True,5,us-gaap:AmortizationOfIntangibleAssets|us-gaap:FiniteLivedIntangibleAssetsAccumulatedAmortization|us-gaap:FiniteLivedIntangibleAssetsNet|us-gaap:Goodwill|us-gaap:GoodwillAcquiredDuringPeriod,https://www.sec.gov/Archives/edgar/data/1501585/000150158525000037/hii-20250331.htm,b1efdc3fd2c325117b31607fef86e968de29049cfdf95f6d8adb9e108cc70786,ANNUAL_10K_ONLY,False,False
10-Q,2025-05-01,2025-03-31,0001501585-25-000037,note_debt,True,6,hii:LongTermDebtCurrentMaturitiesFairValue|hii:ShortTermDebtAndLongTermDebtCurrentMaturities|us-gaap:LongTermDebt|us-gaap:LongTermDebtFairValue|us-gaap:LongTermDebtNoncurrent|us-gaap:RepaymentsOfLongTermDebt,https://www.sec.gov/Archives/edgar/data/1501585/000150158525000037/hii-20250331.htm,b1efdc3fd2c325117b31607fef86e968de29049cfdf95f6d8adb9e108cc70786,ALL_PERIODIC_FILINGS,True,True
10-Q,2025-05-01,2025-03-31,0001501585-25-000037,note_income_taxes,True,3,us-gaap:EffectiveIncomeTaxRateContinuingOperations|us-gaap:EffectiveIncomeTaxRateReconciliationAtFederalStatutoryIncomeTaxRate|us-gaap:IncomeTaxDisclosureTextBlock,https://www.sec.gov/Archives/edgar/data/1501585/000150158525000037/hii-20250331.htm,b1efdc3fd2c325117b31607fef86e968de29049cfdf95f6d8adb9e108cc70786,ALL_PERIODIC_FILINGS,True,True
10-Q,2025-05-01,2025-03-31,0001501585-25-000037,capital_structure,True,9,hii:LongTermDebtCurrentMaturitiesFairValue|hii:ShortTermDebtAndLongTermDebtCurrentMaturities|us-gaap:LiabilitiesAndStockholdersEquity|us-gaap:LongTermDebt|us-gaap:LongTermDebtFairValue|us-gaap:LongTermDebtNoncurrent|us-gaap:RepaymentsOfLongTermDebt|us-gaap:StockholdersEquityIncludingPortionAttributableToNoncontrollingInterest|us-gaap:StockholdersEquityNoteDisclosureTextBlock,https://www.sec.gov/Archives/edgar/data/1501585/000150158525000037/hii-20250331.htm,b1efdc3fd2c325117b31607fef86e968de29049cfdf95f6d8adb9e108cc70786,ALL_PERIODIC_FILINGS,True,True
10-Q,2025-07-31,2025-06-30,0001501585-25-000099,statement_revenue_operating_income_tax,True,4,us-gaap:DeferredStateAndLocalIncomeTaxExpenseBenefit|us-gaap:IncomeTaxExpenseBenefit|us-gaap:OperatingIncomeLoss|us-gaap:Revenues,https://www.sec.gov/Archives/edgar/data/1501585/000150158525000099/hii-20250630.htm,9f28d3329cea57d5f484b236d530e6e9b5b8e9e3968dc050213ac298aa952b84,ALL_PERIODIC_FILINGS,True,True
10-Q,2025-07-31,2025-06-30,0001501585-25-000099,statement_cash_flow_capex_depreciation,True,10,us-gaap:AccumulatedDepreciationDepletionAndAmortizationPropertyPlantAndEquipment|us-gaap:Depreciation|us-gaap:DepreciationDepletionAndAmortization|us-gaap:NetCashProvidedByUsedInFinancingActivities|us-gaap:NetCashProvidedByUsedInInvestingActivities|us-gaap:NetCashProvidedByUsedInOperatingActivities|us-gaap:PaymentsToAcquireBusinessesGross|us-gaap:PaymentsToAcquireBusinessesNetOfCashAcquired|us-gaap:PaymentsToAcquireProductiveAssets|us-gaap:PaymentsToAcquirePropertyPlantAndEquipment,https://www.sec.gov/Archives/edgar/data/1501585/000150158525000099/hii-20250630.htm,9f28d3329cea57d5f484b236d530e6e9b5b8e9e3968dc050213ac298aa952b84,ALL_PERIODIC_FILINGS,True,True
10-Q,2025-07-31,2025-06-30,0001501585-25-000099,statement_working_capital,True,3,us-gaap:AccountsPayableCurrent|us-gaap:IncreaseDecreaseInInventoryForLongTermContractsOrPrograms|us-gaap:InventoryNetOfAllowancesCustomerAdvancesAndProgressBillings,https://www.sec.gov/Archives/edgar/data/1501585/000150158525000099/hii-20250630.htm,9f28d3329cea57d5f484b236d530e6e9b5b8e9e3968dc050213ac298aa952b84,ALL_PERIODIC_FILINGS,True,True
10-Q,2025-07-31,2025-06-30,0001501585-25-000099,note_segments,True,2,us-gaap:SegmentReportingDisclosureTextBlock|us-gaap:SegmentReportingOtherItemAmount,https://www.sec.gov/Archives/edgar/data/1501585/000150158525000099/hii-20250630.htm,9f28d3329cea57d5f484b236d530e6e9b5b8e9e3968dc050213ac298aa952b84,ALL_PERIODIC_FILINGS,True,True
10-Q,2025-07-31,2025-06-30,0001501585-25-000099,note_revenue_and_contracts,True,6,us-gaap:ContractWithCustomerAssetAndLiabilityTableTextBlock|us-gaap:ContractWithCustomerAssetNet|us-gaap:ContractWithCustomerLiabilityCurrent|us-gaap:ContractWithCustomerLiabilityRevenueRecognized|us-gaap:IncreaseDecreaseInContractWithCustomerAsset|us-gaap:RevenueFromContractWithCustomerTextBlock,https://www.sec.gov/Archives/edgar/data/1501585/000150158525000099/hii-20250630.htm,9f28d3329cea57d5f484b236d530e6e9b5b8e9e3968dc050213ac298aa952b84,ALL_PERIODIC_FILINGS,True,True
10-Q,2025-07-31,2025-06-30,0001501585-25-000099,note_contract_assets_liabilities,True,5,us-gaap:ContractWithCustomerAssetAndLiabilityTableTextBlock|us-gaap:ContractWithCustomerAssetNet|us-gaap:ContractWithCustomerLiabilityCurrent|us-gaap:ContractWithCustomerLiabilityRevenueRecognized|us-gaap:IncreaseDecreaseInContractWithCustomerAsset,https://www.sec.gov/Archives/edgar/data/1501585/000150158525000099/hii-20250630.htm,9f28d3329cea57d5f484b236d530e6e9b5b8e9e3968dc050213ac298aa952b84,ALL_PERIODIC_FILINGS,True,True
10-Q,2025-07-31,2025-06-30,0001501585-25-000099,note_remaining_performance_obligation,True,1,us-gaap:RevenueRemainingPerformanceObligation,https://www.sec.gov/Archives/edgar/data/1501585/000150158525000099/hii-20250630.htm,9f28d3329cea57d5f484b236d530e6e9b5b8e9e3968dc050213ac298aa952b84,ALL_PERIODIC_FILINGS,True,True
10-Q,2025-07-31,2025-06-30,0001501585-25-000099,note_program_accounting,True,3,srt:StockRepurchaseProgramAuthorizedAmount1|us-gaap:IncreaseDecreaseInInventoryForLongTermContractsOrPrograms|us-gaap:ShareRepurchaseProgramExciseTax,https://www.sec.gov/Archives/edgar/data/1501585/000150158525000099/hii-20250630.htm,9f28d3329cea57d5f484b236d530e6e9b5b8e9e3968dc050213ac298aa952b84,ALL_PERIODIC_FILINGS,True,True
10-Q,2025-07-31,2025-06-30,0001501585-25-000099,note_pension,True,8,us-gaap:DefinedBenefitPensionPlanLiabilitiesNoncurrent|us-gaap:IncreaseDecreaseInPensionAndPostretirementObligations|us-gaap:OtherComprehensiveIncomeLossAmortizationAdjustmentFromAOCIPensionAndOtherPostretirementBenefitPlansForNetPriorServiceCostCreditBeforeTax|us-gaap:OtherComprehensiveIncomeLossReclassificationAdjustmentFromAOCIPensionAndOtherPostretirementBenefitPlansForNetGainLossBeforeTax|us-gaap:PensionAndOtherPostretirementAndPostemploymentBenefitPlansLiabilitiesCurrent|us-gaap:PensionAndOtherPostretirementBenefitContributions|us-gaap:PensionAndOtherPostretirementBenefitsDisclosureTextBlock|us-gaap:PensionContributions,https://www.sec.gov/Archives/edgar/data/1501585/000150158525000099/hii-20250630.htm,9f28d3329cea57d5f484b236d530e6e9b5b8e9e3968dc050213ac298aa952b84,ANNUAL_10K_ONLY,False,False
10-Q,2025-07-31,2025-06-30,0001501585-25-000099,note_goodwill_intangibles,True,5,us-gaap:AmortizationOfIntangibleAssets|us-gaap:FiniteLivedIntangibleAssetsAccumulatedAmortization|us-gaap:FiniteLivedIntangibleAssetsNet|us-gaap:Goodwill|us-gaap:GoodwillAcquiredDuringPeriod,https://www.sec.gov/Archives/edgar/data/1501585/000150158525000099/hii-20250630.htm,9f28d3329cea57d5f484b236d530e6e9b5b8e9e3968dc050213ac298aa952b84,ANNUAL_10K_ONLY,False,False
10-Q,2025-07-31,2025-06-30,0001501585-25-000099,note_debt,True,6,hii:LongTermDebtCurrentMaturitiesFairValue|hii:ShortTermDebtAndLongTermDebtCurrentMaturities|us-gaap:LongTermDebt|us-gaap:LongTermDebtFairValue|us-gaap:LongTermDebtNoncurrent|us-gaap:RepaymentsOfLongTermDebt,https://www.sec.gov/Archives/edgar/data/1501585/000150158525000099/hii-20250630.htm,9f28d3329cea57d5f484b236d530e6e9b5b8e9e3968dc050213ac298aa952b84,ALL_PERIODIC_FILINGS,True,True
10-Q,2025-07-31,2025-06-30,0001501585-25-000099,note_income_taxes,True,3,us-gaap:EffectiveIncomeTaxRateContinuingOperations|us-gaap:EffectiveIncomeTaxRateReconciliationAtFederalStatutoryIncomeTaxRate|us-gaap:IncomeTaxDisclosureTextBlock,https://www.sec.gov/Archives/edgar/data/1501585/000150158525000099/hii-20250630.htm,9f28d3329cea57d5f484b236d530e6e9b5b8e9e3968dc050213ac298aa952b84,ALL_PERIODIC_FILINGS,True,True
10-Q,2025-07-31,2025-06-30,0001501585-25-000099,capital_structure,True,9,hii:LongTermDebtCurrentMaturitiesFairValue|hii:ShortTermDebtAndLongTermDebtCurrentMaturities|us-gaap:LiabilitiesAndStockholdersEquity|us-gaap:LongTermDebt|us-gaap:LongTermDebtFairValue|us-gaap:LongTermDebtNoncurrent|us-gaap:RepaymentsOfLongTermDebt|us-gaap:StockholdersEquityIncludingPortionAttributableToNoncontrollingInterest|us-gaap:StockholdersEquityNoteDisclosureTextBlock,https://www.sec.gov/Archives/edgar/data/1501585/000150158525000099/hii-20250630.htm,9f28d3329cea57d5f484b236d530e6e9b5b8e9e3968dc050213ac298aa952b84,ALL_PERIODIC_FILINGS,True,True
10-Q,2025-10-30,2025-09-30,0001501585-25-000112,statement_revenue_operating_income_tax,True,5,us-gaap:CurrentIncomeTaxExpenseBenefit|us-gaap:DeferredStateAndLocalIncomeTaxExpenseBenefit|us-gaap:IncomeTaxExpenseBenefit|us-gaap:OperatingIncomeLoss|us-gaap:Revenues,https://www.sec.gov/Archives/edgar/data/1501585/000150158525000112/hii-20250930.htm,85ab8d8d07fd834c3e7182d97d540b714b3f719ad7d2bdbe371d9cacdbfb35e5,ALL_PERIODIC_FILINGS,True,True
10-Q,2025-10-30,2025-09-30,0001501585-25-000112,statement_cash_flow_capex_depreciation,True,10,us-gaap:AccumulatedDepreciationDepletionAndAmortizationPropertyPlantAndEquipment|us-gaap:Depreciation|us-gaap:DepreciationDepletionAndAmortization|us-gaap:NetCashProvidedByUsedInFinancingActivities|us-gaap:NetCashProvidedByUsedInInvestingActivities|us-gaap:NetCashProvidedByUsedInOperatingActivities|us-gaap:PaymentsToAcquireBusinessesGross|us-gaap:PaymentsToAcquireBusinessesNetOfCashAcquired|us-gaap:PaymentsToAcquireProductiveAssets|us-gaap:PaymentsToAcquirePropertyPlantAndEquipment,https://www.sec.gov/Archives/edgar/data/1501585/000150158525000112/hii-20250930.htm,85ab8d8d07fd834c3e7182d97d540b714b3f719ad7d2bdbe371d9cacdbfb35e5,ALL_PERIODIC_FILINGS,True,True
10-Q,2025-10-30,2025-09-30,0001501585-25-000112,statement_working_capital,True,3,us-gaap:AccountsPayableCurrent|us-gaap:IncreaseDecreaseInInventoryForLongTermContractsOrPrograms|us-gaap:InventoryNetOfAllowancesCustomerAdvancesAndProgressBillings,https://www.sec.gov/Archives/edgar/data/1501585/000150158525000112/hii-20250930.htm,85ab8d8d07fd834c3e7182d97d540b714b3f719ad7d2bdbe371d9cacdbfb35e5,ALL_PERIODIC_FILINGS,True,True
10-Q,2025-10-30,2025-09-30,0001501585-25-000112,note_segments,True,2,us-gaap:SegmentReportingDisclosureTextBlock|us-gaap:SegmentReportingOtherItemAmount,https://www.sec.gov/Archives/edgar/data/1501585/000150158525000112/hii-20250930.htm,85ab8d8d07fd834c3e7182d97d540b714b3f719ad7d2bdbe371d9cacdbfb35e5,ALL_PERIODIC_FILINGS,True,True
10-Q,2025-10-30,2025-09-30,0001501585-25-000112,note_revenue_and_contracts,True,6,us-gaap:ContractWithCustomerAssetAndLiabilityTableTextBlock|us-gaap:ContractWithCustomerAssetNet|us-gaap:ContractWithCustomerLiabilityCurrent|us-gaap:ContractWithCustomerLiabilityRevenueRecognized|us-gaap:IncreaseDecreaseInContractWithCustomerAsset|us-gaap:RevenueFromContractWithCustomerTextBlock,https://www.sec.gov/Archives/edgar/data/1501585/000150158525000112/hii-20250930.htm,85ab8d8d07fd834c3e7182d97d540b714b3f719ad7d2bdbe371d9cacdbfb35e5,ALL_PERIODIC_FILINGS,True,True
10-Q,2025-10-30,2025-09-30,0001501585-25-000112,note_contract_assets_liabilities,True,5,us-gaap:ContractWithCustomerAssetAndLiabilityTableTextBlock|us-gaap:ContractWithCustomerAssetNet|us-gaap:ContractWithCustomerLiabilityCurrent|us-gaap:ContractWithCustomerLiabilityRevenueRecognized|us-gaap:IncreaseDecreaseInContractWithCustomerAsset,https://www.sec.gov/Archives/edgar/data/1501585/000150158525000112/hii-20250930.htm,85ab8d8d07fd834c3e7182d97d540b714b3f719ad7d2bdbe371d9cacdbfb35e5,ALL_PERIODIC_FILINGS,True,True
10-Q,2025-10-30,2025-09-30,0001501585-25-000112,note_remaining_performance_obligation,True,1,us-gaap:RevenueRemainingPerformanceObligation,https://www.sec.gov/Archives/edgar/data/1501585/000150158525000112/hii-20250930.htm,85ab8d8d07fd834c3e7182d97d540b714b3f719ad7d2bdbe371d9cacdbfb35e5,ALL_PERIODIC_FILINGS,True,True
10-Q,2025-10-30,2025-09-30,0001501585-25-000112,note_program_accounting,True,3,srt:StockRepurchaseProgramAuthorizedAmount1|us-gaap:IncreaseDecreaseInInventoryForLongTermContractsOrPrograms|us-gaap:ShareRepurchaseProgramExciseTax,https://www.sec.gov/Archives/edgar/data/1501585/000150158525000112/hii-20250930.htm,85ab8d8d07fd834c3e7182d97d540b714b3f719ad7d2bdbe371d9cacdbfb35e5,ALL_PERIODIC_FILINGS,True,True
10-Q,2025-10-30,2025-09-30,0001501585-25-000112,note_pension,True,8,us-gaap:DefinedBenefitPensionPlanLiabilitiesNoncurrent|us-gaap:IncreaseDecreaseInPensionAndPostretirementObligations|us-gaap:OtherComprehensiveIncomeLossAmortizationAdjustmentFromAOCIPensionAndOtherPostretirementBenefitPlansForNetPriorServiceCostCreditBeforeTax|us-gaap:OtherComprehensiveIncomeLossReclassificationAdjustmentFromAOCIPensionAndOtherPostretirementBenefitPlansForNetGainLossBeforeTax|us-gaap:PensionAndOtherPostretirementAndPostemploymentBenefitPlansLiabilitiesCurrent|us-gaap:PensionAndOtherPostretirementBenefitContributions|us-gaap:PensionAndOtherPostretirementBenefitsDisclosureTextBlock|us-gaap:PensionContributions,https://www.sec.gov/Archives/edgar/data/1501585/000150158525000112/hii-20250930.htm,85ab8d8d07fd834c3e7182d97d540b714b3f719ad7d2bdbe371d9cacdbfb35e5,ANNUAL_10K_ONLY,False,False
10-Q,2025-10-30,2025-09-30,0001501585-25-000112,note_goodwill_intangibles,True,5,us-gaap:AmortizationOfIntangibleAssets|us-gaap:FiniteLivedIntangibleAssetsAccumulatedAmortization|us-gaap:FiniteLivedIntangibleAssetsNet|us-gaap:Goodwill|us-gaap:GoodwillAcquiredDuringPeriod,https://www.sec.gov/Archives/edgar/data/1501585/000150158525000112/hii-20250930.htm,85ab8d8d07fd834c3e7182d97d540b714b3f719ad7d2bdbe371d9cacdbfb35e5,ANNUAL_10K_ONLY,False,False
10-Q,2025-10-30,2025-09-30,0001501585-25-000112,note_debt,True,6,hii:LongTermDebtCurrentMaturitiesFairValue|us-gaap:LongTermDebt|us-gaap:LongTermDebtCurrent|us-gaap:LongTermDebtFairValue|us-gaap:LongTermDebtNoncurrent|us-gaap:RepaymentsOfLongTermDebt,https://www.sec.gov/Archives/edgar/data/1501585/000150158525000112/hii-20250930.htm,85ab8d8d07fd834c3e7182d97d540b714b3f719ad7d2bdbe371d9cacdbfb35e5,ALL_PERIODIC_FILINGS,True,True
10-Q,2025-10-30,2025-09-30,0001501585-25-000112,note_income_taxes,True,3,us-gaap:EffectiveIncomeTaxRateContinuingOperations|us-gaap:EffectiveIncomeTaxRateReconciliationAtFederalStatutoryIncomeTaxRate|us-gaap:IncomeTaxDisclosureTextBlock,https://www.sec.gov/Archives/edgar/data/1501585/000150158525000112/hii-20250930.htm,85ab8d8d07fd834c3e7182d97d540b714b3f719ad7d2bdbe371d9cacdbfb35e5,ALL_PERIODIC_FILINGS,True,True
10-Q,2025-10-30,2025-09-30,0001501585-25-000112,capital_structure,True,10,hii:LongTermDebtCurrentMaturitiesFairValue|us-gaap:LiabilitiesAndStockholdersEquity|us-gaap:LongTermDebt|us-gaap:LongTermDebtCurrent|us-gaap:LongTermDebtFairValue|us-gaap:LongTermDebtNoncurrent|us-gaap:RepaymentsOfLongTermDebt|us-gaap:StockholdersEquity|us-gaap:StockholdersEquityIncludingPortionAttributableToNoncontrollingInterest|us-gaap:StockholdersEquityNoteDisclosureTextBlock,https://www.sec.gov/Archives/edgar/data/1501585/000150158525000112/hii-20250930.htm,85ab8d8d07fd834c3e7182d97d540b714b3f719ad7d2bdbe371d9cacdbfb35e5,ALL_PERIODIC_FILINGS,True,True
10-K,2026-02-05,2025-12-31,0001501585-26-000006,statement_revenue_operating_income_tax,True,10,hii:AdvancePaymentsandBillingsinExcessofRevenuesPolicyTextBlock|us-gaap:CurrentIncomeTaxExpenseBenefit|us-gaap:DeferredFederalIncomeTaxExpenseBenefit|us-gaap:DeferredIncomeTaxExpenseBenefit|us-gaap:DeferredStateAndLocalIncomeTaxExpenseBenefit|us-gaap:IncomeTaxExpenseBenefit|us-gaap:IncomeTaxReconciliationIncomeTaxExpenseBenefitAtFederalStatutoryIncomeTaxRate|us-gaap:OperatingIncomeLoss|us-gaap:Revenues|us-gaap:ScheduleOfComponentsOfIncomeTaxExpenseBenefitTableTextBlock,https://www.sec.gov/Archives/edgar/data/1501585/000150158526000006/hii-20251231.htm,e9c2363b3b156a5e2e0ceb49d9548f25fbf60ef9da574ac270867e9ead3b3a82,ALL_PERIODIC_FILINGS,True,True
10-K,2026-02-05,2025-12-31,0001501585-26-000006,statement_cash_flow_capex_depreciation,True,10,us-gaap:AccumulatedDepreciationDepletionAndAmortizationPropertyPlantAndEquipment|us-gaap:Depreciation|us-gaap:DepreciationDepletionAndAmortization|us-gaap:NetCashProvidedByUsedInFinancingActivities|us-gaap:NetCashProvidedByUsedInInvestingActivities|us-gaap:NetCashProvidedByUsedInOperatingActivities|us-gaap:PaymentsToAcquireBusinessesGross|us-gaap:PaymentsToAcquireBusinessesNetOfCashAcquired|us-gaap:PaymentsToAcquireProductiveAssets|us-gaap:PaymentsToAcquirePropertyPlantAndEquipment,https://www.sec.gov/Archives/edgar/data/1501585/000150158526000006/hii-20251231.htm,e9c2363b3b156a5e2e0ceb49d9548f25fbf60ef9da574ac270867e9ead3b3a82,ALL_PERIODIC_FILINGS,True,True
10-K,2026-02-05,2025-12-31,0001501585-26-000006,statement_working_capital,True,8,us-gaap:AccountsPayableCurrent|us-gaap:GovernmentContractorsInventoryPolicyPolicyTextBlock|us-gaap:IncreaseDecreaseInInventoryForLongTermContractsOrPrograms|us-gaap:InventoryDisclosureTextBlock|us-gaap:InventoryNetOfAllowancesCustomerAdvancesAndProgressBillings|us-gaap:InventoryRawMaterialsNetOfReserves|us-gaap:InventoryWorkInProcessNetOfReserves|us-gaap:ScheduleOfInventoryCurrentTableTextBlock,https://www.sec.gov/Archives/edgar/data/1501585/000150158526000006/hii-20251231.htm,e9c2363b3b156a5e2e0ceb49d9548f25fbf60ef9da574ac270867e9ead3b3a82,ALL_PERIODIC_FILINGS,True,True
10-K,2026-02-05,2025-12-31,0001501585-26-000006,note_segments,True,2,us-gaap:SegmentReportingDisclosureTextBlock|us-gaap:SegmentReportingOtherItemAmount,https://www.sec.gov/Archives/edgar/data/1501585/000150158526000006/hii-20251231.htm,e9c2363b3b156a5e2e0ceb49d9548f25fbf60ef9da574ac270867e9ead3b3a82,ALL_PERIODIC_FILINGS,True,True
10-K,2026-02-05,2025-12-31,0001501585-26-000006,note_revenue_and_contracts,True,7,us-gaap:ContractWithCustomerAssetAndLiabilityTableTextBlock|us-gaap:ContractWithCustomerAssetNet|us-gaap:ContractWithCustomerLiabilityCurrent|us-gaap:ContractWithCustomerLiabilityRevenueRecognized|us-gaap:IncreaseDecreaseInContractWithCustomerAsset|us-gaap:RevenueFromContractWithCustomerPolicyTextBlock|us-gaap:RevenueFromContractWithCustomerTextBlock,https://www.sec.gov/Archives/edgar/data/1501585/000150158526000006/hii-20251231.htm,e9c2363b3b156a5e2e0ceb49d9548f25fbf60ef9da574ac270867e9ead3b3a82,ALL_PERIODIC_FILINGS,True,True
10-K,2026-02-05,2025-12-31,0001501585-26-000006,note_contract_assets_liabilities,True,5,us-gaap:ContractWithCustomerAssetAndLiabilityTableTextBlock|us-gaap:ContractWithCustomerAssetNet|us-gaap:ContractWithCustomerLiabilityCurrent|us-gaap:ContractWithCustomerLiabilityRevenueRecognized|us-gaap:IncreaseDecreaseInContractWithCustomerAsset,https://www.sec.gov/Archives/edgar/data/1501585/000150158526000006/hii-20251231.htm,e9c2363b3b156a5e2e0ceb49d9548f25fbf60ef9da574ac270867e9ead3b3a82,ALL_PERIODIC_FILINGS,True,True
10-K,2026-02-05,2025-12-31,0001501585-26-000006,note_remaining_performance_obligation,True,1,us-gaap:RevenueRemainingPerformanceObligation,https://www.sec.gov/Archives/edgar/data/1501585/000150158526000006/hii-20251231.htm,e9c2363b3b156a5e2e0ceb49d9548f25fbf60ef9da574ac270867e9ead3b3a82,ALL_PERIODIC_FILINGS,True,True
10-K,2026-02-05,2025-12-31,0001501585-26-000006,note_program_accounting,True,3,srt:StockRepurchaseProgramAuthorizedAmount1|us-gaap:IncreaseDecreaseInInventoryForLongTermContractsOrPrograms|us-gaap:ShareRepurchaseProgramExciseTax,https://www.sec.gov/Archives/edgar/data/1501585/000150158526000006/hii-20251231.htm,e9c2363b3b156a5e2e0ceb49d9548f25fbf60ef9da574ac270867e9ead3b3a82,ALL_PERIODIC_FILINGS,True,True
10-K,2026-02-05,2025-12-31,0001501585-26-000006,note_pension,True,18,hii:DeferredTaxLiabilitiesCompensationAndBenefitsPensionAndPostretirementBenefits|hii:OtherComprehensiveIncomeLossPensionAndOtherPostretirementBenefitPlansOtherAdjustmentsBeforeTax|us-gaap:DefinedBenefitPensionPlanLiabilitiesNoncurrent|us-gaap:DefinedBenefitPlanPensionPlanWithProjectedBenefitObligationInExcessOfPlanAssetsProjectedBenefitObligation|us-gaap:DefinedBenefitPlanPensionPlansWithAccumulatedBenefitObligationsInExcessOfPlanAssetsAggregateAccumulatedBenefitObligation|us-gaap:IncreaseDecreaseInPensionAndPostretirementObligations|us-gaap:OtherComprehensiveIncomeLossAmortizationAdjustmentFromAOCIPensionAndOtherPostretirementBenefitPlansForNetPriorServiceCostCreditBeforeTax|us-gaap:OtherComprehensiveIncomeLossPensionAndOtherPostretirementBenefitPlansAdjustmentBeforeTax|us-gaap:OtherComprehensiveIncomeLossPensionAndOtherPostretirementBenefitPlansNetUnamortizedGainLossArisingDuringPeriodBeforeTax|us-gaap:OtherComprehensiveIncomeLossReclassificationAdjustmentFromAOCIPensionAndOtherPostretirementBenefitPlansForNetGainLossBeforeTax|us-gaap:PensionAndOtherPostretirementAndPostemploymentBenefitPlansLiabilitiesCurrent|us-gaap:PensionAndOtherPostretirementBenefitContributions|us-gaap:PensionAndOtherPostretirementBenefitsDisclosureTextBlock|us-gaap:PensionAndOtherPostretirementDefinedBenefitPlansCurrentLiabilities|us-gaap:PensionAndOtherPostretirementDefinedBenefitPlansLiabilitiesCurrentAndNoncurrent|us-gaap:PensionAndOtherPostretirementDefinedBenefitPlansLiabilitiesNoncurrent|us-gaap:PensionAndOtherPostretirementPlansPolicy|us-gaap:PensionContributions,https://www.sec.gov/Archives/edgar/data/1501585/000150158526000006/hii-20251231.htm,e9c2363b3b156a5e2e0ceb49d9548f25fbf60ef9da574ac270867e9ead3b3a82,ANNUAL_10K_ONLY,True,True
10-K,2026-02-05,2025-12-31,0001501585-26-000006,note_goodwill_intangibles,True,17,us-gaap:AcquiredFiniteLivedIntangibleAssetsWeightedAverageUsefulLife|us-gaap:AmortizationOfIntangibleAssets|us-gaap:DeferredTaxLiabilitiesGoodwillAndIntangibleAssetsIntangibleAssets|us-gaap:FiniteLivedIntangibleAssetsAccumulatedAmortization|us-gaap:FiniteLivedIntangibleAssetsAmortizationExpenseNextTwelveMonths|us-gaap:FiniteLivedIntangibleAssetsAmortizationExpenseYearFive|us-gaap:FiniteLivedIntangibleAssetsAmortizationExpenseYearFour|us-gaap:FiniteLivedIntangibleAssetsAmortizationExpenseYearThree|us-gaap:FiniteLivedIntangibleAssetsAmortizationExpenseYearTwo|us-gaap:FiniteLivedIntangibleAssetsNet|us-gaap:Goodwill|us-gaap:GoodwillAcquiredDuringPeriod|us-gaap:GoodwillAndIntangibleAssetsDisclosureTextBlock|us-gaap:GoodwillAndIntangibleAssetsPolicyTextBlock|us-gaap:GoodwillImpairedAccumulatedImpairmentLoss|us-gaap:GoodwillTranslationAndPurchaseAccountingAdjustments|us-gaap:ScheduleOfGoodwillTextBlock,https://www.sec.gov/Archives/edgar/data/1501585/000150158526000006/hii-20251231.htm,e9c2363b3b156a5e2e0ceb49d9548f25fbf60ef9da574ac270867e9ead3b3a82,ANNUAL_10K_ONLY,True,True
10-K,2026-02-05,2025-12-31,0001501585-26-000006,note_debt,True,12,hii:LongTermDebtCurrentMaturitiesFairValue|us-gaap:DebtDisclosureTextBlock|us-gaap:LongTermDebt|us-gaap:LongTermDebtAndCapitalLeaseObligations|us-gaap:LongTermDebtAndCapitalLeaseObligationsCurrent|us-gaap:LongTermDebtAndCapitalLeaseObligationsIncludingCurrentMaturities|us-gaap:LongTermDebtFairValue|us-gaap:LongTermDebtMaturitiesRepaymentsOfPrincipalInYearFive|us-gaap:LongTermDebtMaturitiesRepaymentsOfPrincipalInYearThree|us-gaap:LongTermDebtMaturitiesRepaymentsOfPrincipalInYearTwo|us-gaap:ProceedsFromIssuanceOfLongTermDebt|us-gaap:RepaymentsOfLongTermDebt,https://www.sec.gov/Archives/edgar/data/1501585/000150158526000006/hii-20251231.htm,e9c2363b3b156a5e2e0ceb49d9548f25fbf60ef9da574ac270867e9ead3b3a82,ALL_PERIODIC_FILINGS,True,True
10-K,2026-02-05,2025-12-31,0001501585-26-000006,note_income_taxes,True,13,us-gaap:EffectiveIncomeTaxRateContinuingOperations|us-gaap:EffectiveIncomeTaxRateReconciliationAtFederalStatutoryIncomeTaxRate|us-gaap:EffectiveIncomeTaxRateReconciliationCrossBorderTaxEffectAmount|us-gaap:EffectiveIncomeTaxRateReconciliationCrossBorderTaxEffectPercent|us-gaap:EffectiveIncomeTaxRateReconciliationForeignIncomeTaxRateDifferential|us-gaap:EffectiveIncomeTaxRateReconciliationNondeductibleExpense|us-gaap:EffectiveIncomeTaxRateReconciliationOtherAdjustments|us-gaap:EffectiveIncomeTaxRateReconciliationOtherReconcilingItemsPercent|us-gaap:EffectiveIncomeTaxRateReconciliationTaxContingencies|us-gaap:EffectiveIncomeTaxRateReconciliationTaxCreditsOther|us-gaap:EffectiveIncomeTaxRateReconciliationTaxCreditsResearch|us-gaap:IncomeTaxDisclosureTextBlock|us-gaap:ScheduleOfEffectiveIncomeTaxRateReconciliationTableTextBlock,https://www.sec.gov/Archives/edgar/data/1501585/000150158526000006/hii-20251231.htm,e9c2363b3b156a5e2e0ceb49d9548f25fbf60ef9da574ac270867e9ead3b3a82,ALL_PERIODIC_FILINGS,True,True
10-K,2026-02-05,2025-12-31,0001501585-26-000006,capital_structure,True,17,hii:CashAndCashEquivalentsMaturityPeriod|hii:LongTermDebtCurrentMaturitiesFairValue|us-gaap:CashAndCashEquivalentsPolicyTextBlock|us-gaap:LiabilitiesAndStockholdersEquity|us-gaap:LongTermDebt|us-gaap:LongTermDebtAndCapitalLeaseObligations|us-gaap:LongTermDebtAndCapitalLeaseObligationsCurrent|us-gaap:LongTermDebtAndCapitalLeaseObligationsIncludingCurrentMaturities|us-gaap:LongTermDebtFairValue|us-gaap:LongTermDebtMaturitiesRepaymentsOfPrincipalInYearFive|us-gaap:LongTermDebtMaturitiesRepaymentsOfPrincipalInYearThree|us-gaap:LongTermDebtMaturitiesRepaymentsOfPrincipalInYearTwo|us-gaap:ProceedsFromIssuanceOfLongTermDebt|us-gaap:RepaymentsOfLongTermDebt|us-gaap:StockholdersEquity|us-gaap:StockholdersEquityIncludingPortionAttributableToNoncontrollingInterest|us-gaap:StockholdersEquityNoteDisclosureTextBlock,https://www.sec.gov/Archives/edgar/data/1501585/000150158526000006/hii-20251231.htm,e9c2363b3b156a5e2e0ceb49d9548f25fbf60ef9da574ac270867e9ead3b3a82,ALL_PERIODIC_FILINGS,True,True
10-Q,2026-05-05,2026-03-31,0001501585-26-000029,statement_revenue_operating_income_tax,True,4,us-gaap:DeferredStateAndLocalIncomeTaxExpenseBenefit|us-gaap:IncomeTaxExpenseBenefit|us-gaap:OperatingIncomeLoss|us-gaap:Revenues,https://www.sec.gov/Archives/edgar/data/1501585/000150158526000029/hii-20260331.htm,517eb40c506fdafa020e4e4f8f7b4c2524632345fbe735b0b85c3c2d4653b85a,ALL_PERIODIC_FILINGS,True,True
10-Q,2026-05-05,2026-03-31,0001501585-26-000029,statement_cash_flow_capex_depreciation,True,9,us-gaap:AccumulatedDepreciationDepletionAndAmortizationPropertyPlantAndEquipment|us-gaap:Depreciation|us-gaap:DepreciationDepletionAndAmortization|us-gaap:NetCashProvidedByUsedInFinancingActivities|us-gaap:NetCashProvidedByUsedInInvestingActivities|us-gaap:NetCashProvidedByUsedInOperatingActivities|us-gaap:PaymentsToAcquireBusinessesNetOfCashAcquired|us-gaap:PaymentsToAcquireProductiveAssets|us-gaap:PaymentsToAcquirePropertyPlantAndEquipment,https://www.sec.gov/Archives/edgar/data/1501585/000150158526000029/hii-20260331.htm,517eb40c506fdafa020e4e4f8f7b4c2524632345fbe735b0b85c3c2d4653b85a,ALL_PERIODIC_FILINGS,True,True
10-Q,2026-05-05,2026-03-31,0001501585-26-000029,statement_working_capital,True,3,us-gaap:AccountsPayableCurrent|us-gaap:IncreaseDecreaseInInventoryForLongTermContractsOrPrograms|us-gaap:InventoryNetOfAllowancesCustomerAdvancesAndProgressBillings,https://www.sec.gov/Archives/edgar/data/1501585/000150158526000029/hii-20260331.htm,517eb40c506fdafa020e4e4f8f7b4c2524632345fbe735b0b85c3c2d4653b85a,ALL_PERIODIC_FILINGS,True,True
10-Q,2026-05-05,2026-03-31,0001501585-26-000029,note_segments,True,2,us-gaap:SegmentReportingDisclosureTextBlock|us-gaap:SegmentReportingOtherItemAmount,https://www.sec.gov/Archives/edgar/data/1501585/000150158526000029/hii-20260331.htm,517eb40c506fdafa020e4e4f8f7b4c2524632345fbe735b0b85c3c2d4653b85a,ALL_PERIODIC_FILINGS,True,True
10-Q,2026-05-05,2026-03-31,0001501585-26-000029,note_revenue_and_contracts,True,6,us-gaap:ContractWithCustomerAssetAndLiabilityTableTextBlock|us-gaap:ContractWithCustomerAssetNet|us-gaap:ContractWithCustomerLiabilityCurrent|us-gaap:ContractWithCustomerLiabilityRevenueRecognized|us-gaap:IncreaseDecreaseInContractWithCustomerAsset|us-gaap:RevenueFromContractWithCustomerTextBlock,https://www.sec.gov/Archives/edgar/data/1501585/000150158526000029/hii-20260331.htm,517eb40c506fdafa020e4e4f8f7b4c2524632345fbe735b0b85c3c2d4653b85a,ALL_PERIODIC_FILINGS,True,True
10-Q,2026-05-05,2026-03-31,0001501585-26-000029,note_contract_assets_liabilities,True,5,us-gaap:ContractWithCustomerAssetAndLiabilityTableTextBlock|us-gaap:ContractWithCustomerAssetNet|us-gaap:ContractWithCustomerLiabilityCurrent|us-gaap:ContractWithCustomerLiabilityRevenueRecognized|us-gaap:IncreaseDecreaseInContractWithCustomerAsset,https://www.sec.gov/Archives/edgar/data/1501585/000150158526000029/hii-20260331.htm,517eb40c506fdafa020e4e4f8f7b4c2524632345fbe735b0b85c3c2d4653b85a,ALL_PERIODIC_FILINGS,True,True
10-Q,2026-05-05,2026-03-31,0001501585-26-000029,note_remaining_performance_obligation,True,1,us-gaap:RevenueRemainingPerformanceObligation,https://www.sec.gov/Archives/edgar/data/1501585/000150158526000029/hii-20260331.htm,517eb40c506fdafa020e4e4f8f7b4c2524632345fbe735b0b85c3c2d4653b85a,ALL_PERIODIC_FILINGS,True,True
10-Q,2026-05-05,2026-03-31,0001501585-26-000029,note_program_accounting,True,2,srt:StockRepurchaseProgramAuthorizedAmount1|us-gaap:IncreaseDecreaseInInventoryForLongTermContractsOrPrograms,https://www.sec.gov/Archives/edgar/data/1501585/000150158526000029/hii-20260331.htm,517eb40c506fdafa020e4e4f8f7b4c2524632345fbe735b0b85c3c2d4653b85a,ALL_PERIODIC_FILINGS,True,True
10-Q,2026-05-05,2026-03-31,0001501585-26-000029,note_pension,True,8,us-gaap:DefinedBenefitPensionPlanLiabilitiesNoncurrent|us-gaap:IncreaseDecreaseInPensionAndPostretirementObligations|us-gaap:OtherComprehensiveIncomeLossAmortizationAdjustmentFromAOCIPensionAndOtherPostretirementBenefitPlansForNetPriorServiceCostCreditBeforeTax|us-gaap:OtherComprehensiveIncomeLossReclassificationAdjustmentFromAOCIPensionAndOtherPostretirementBenefitPlansForNetGainLossBeforeTax|us-gaap:PensionAndOtherPostretirementAndPostemploymentBenefitPlansLiabilitiesCurrent|us-gaap:PensionAndOtherPostretirementBenefitContributions|us-gaap:PensionAndOtherPostretirementBenefitsDisclosureTextBlock|us-gaap:PensionContributions,https://www.sec.gov/Archives/edgar/data/1501585/000150158526000029/hii-20260331.htm,517eb40c506fdafa020e4e4f8f7b4c2524632345fbe735b0b85c3c2d4653b85a,ANNUAL_10K_ONLY,False,False
10-Q,2026-05-05,2026-03-31,0001501585-26-000029,note_goodwill_intangibles,True,4,us-gaap:AmortizationOfIntangibleAssets|us-gaap:FiniteLivedIntangibleAssetsAccumulatedAmortization|us-gaap:FiniteLivedIntangibleAssetsNet|us-gaap:Goodwill,https://www.sec.gov/Archives/edgar/data/1501585/000150158526000029/hii-20260331.htm,517eb40c506fdafa020e4e4f8f7b4c2524632345fbe735b0b85c3c2d4653b85a,ANNUAL_10K_ONLY,False,False
10-Q,2026-05-05,2026-03-31,0001501585-26-000029,note_debt,True,2,us-gaap:LongTermDebtFairValue|us-gaap:LongTermDebtNoncurrent,https://www.sec.gov/Archives/edgar/data/1501585/000150158526000029/hii-20260331.htm,517eb40c506fdafa020e4e4f8f7b4c2524632345fbe735b0b85c3c2d4653b85a,ALL_PERIODIC_FILINGS,True,True
10-Q,2026-05-05,2026-03-31,0001501585-26-000029,note_income_taxes,True,3,us-gaap:EffectiveIncomeTaxRateContinuingOperations|us-gaap:EffectiveIncomeTaxRateReconciliationAtFederalStatutoryIncomeTaxRate|us-gaap:IncomeTaxDisclosureTextBlock,https://www.sec.gov/Archives/edgar/data/1501585/000150158526000029/hii-20260331.htm,517eb40c506fdafa020e4e4f8f7b4c2524632345fbe735b0b85c3c2d4653b85a,ALL_PERIODIC_FILINGS,True,True
10-Q,2026-05-05,2026-03-31,0001501585-26-000029,capital_structure,True,5,us-gaap:LiabilitiesAndStockholdersEquity|us-gaap:LongTermDebtFairValue|us-gaap:LongTermDebtNoncurrent|us-gaap:StockholdersEquityIncludingPortionAttributableToNoncontrollingInterest|us-gaap:StockholdersEquityNoteDisclosureTextBlock,https://www.sec.gov/Archives/edgar/data/1501585/000150158526000029/hii-20260331.htm,517eb40c506fdafa020e4e4f8f7b4c2524632345fbe735b0b85c3c2d4653b85a,ALL_PERIODIC_FILINGS,True,True
10-Q,2026-07-30,2026-06-30,0001501585-26-000047,statement_revenue_operating_income_tax,True,4,us-gaap:DeferredStateAndLocalIncomeTaxExpenseBenefit|us-gaap:IncomeTaxExpenseBenefit|us-gaap:OperatingIncomeLoss|us-gaap:Revenues,https://www.sec.gov/Archives/edgar/data/1501585/000150158526000047/hii-20260630.htm,cc018dfd509fe4bc6db1fdd5fc2bd89cfb56c4f601faf2bd09e4fdfaa7400191,ALL_PERIODIC_FILINGS,True,True
10-Q,2026-07-30,2026-06-30,0001501585-26-000047,statement_cash_flow_capex_depreciation,True,8,us-gaap:AccumulatedDepreciationDepletionAndAmortizationPropertyPlantAndEquipment|us-gaap:Depreciation|us-gaap:DepreciationDepletionAndAmortization|us-gaap:NetCashProvidedByUsedInFinancingActivities|us-gaap:NetCashProvidedByUsedInInvestingActivities|us-gaap:NetCashProvidedByUsedInOperatingActivities|us-gaap:PaymentsToAcquireBusinessesNetOfCashAcquired|us-gaap:PaymentsToAcquirePropertyPlantAndEquipment,https://www.sec.gov/Archives/edgar/data/1501585/000150158526000047/hii-20260630.htm,cc018dfd509fe4bc6db1fdd5fc2bd89cfb56c4f601faf2bd09e4fdfaa7400191,ALL_PERIODIC_FILINGS,True,True
10-Q,2026-07-30,2026-06-30,0001501585-26-000047,statement_working_capital,True,3,us-gaap:AccountsPayableCurrent|us-gaap:IncreaseDecreaseInInventoryForLongTermContractsOrPrograms|us-gaap:InventoryNetOfAllowancesCustomerAdvancesAndProgressBillings,https://www.sec.gov/Archives/edgar/data/1501585/000150158526000047/hii-20260630.htm,cc018dfd509fe4bc6db1fdd5fc2bd89cfb56c4f601faf2bd09e4fdfaa7400191,ALL_PERIODIC_FILINGS,True,True
10-Q,2026-07-30,2026-06-30,0001501585-26-000047,note_segments,True,2,us-gaap:SegmentReportingDisclosureTextBlock|us-gaap:SegmentReportingOtherItemAmount,https://www.sec.gov/Archives/edgar/data/1501585/000150158526000047/hii-20260630.htm,cc018dfd509fe4bc6db1fdd5fc2bd89cfb56c4f601faf2bd09e4fdfaa7400191,ALL_PERIODIC_FILINGS,True,True
10-Q,2026-07-30,2026-06-30,0001501585-26-000047,note_revenue_and_contracts,True,6,us-gaap:ContractWithCustomerAssetAndLiabilityTableTextBlock|us-gaap:ContractWithCustomerAssetNet|us-gaap:ContractWithCustomerLiabilityCurrent|us-gaap:ContractWithCustomerLiabilityRevenueRecognized|us-gaap:IncreaseDecreaseInContractWithCustomerAsset|us-gaap:RevenueFromContractWithCustomerTextBlock,https://www.sec.gov/Archives/edgar/data/1501585/000150158526000047/hii-20260630.htm,cc018dfd509fe4bc6db1fdd5fc2bd89cfb56c4f601faf2bd09e4fdfaa7400191,ALL_PERIODIC_FILINGS,True,True
10-Q,2026-07-30,2026-06-30,0001501585-26-000047,note_contract_assets_liabilities,True,5,us-gaap:ContractWithCustomerAssetAndLiabilityTableTextBlock|us-gaap:ContractWithCustomerAssetNet|us-gaap:ContractWithCustomerLiabilityCurrent|us-gaap:ContractWithCustomerLiabilityRevenueRecognized|us-gaap:IncreaseDecreaseInContractWithCustomerAsset,https://www.sec.gov/Archives/edgar/data/1501585/000150158526000047/hii-20260630.htm,cc018dfd509fe4bc6db1fdd5fc2bd89cfb56c4f601faf2bd09e4fdfaa7400191,ALL_PERIODIC_FILINGS,True,True
10-Q,2026-07-30,2026-06-30,0001501585-26-000047,note_remaining_performance_obligation,True,1,us-gaap:RevenueRemainingPerformanceObligation,https://www.sec.gov/Archives/edgar/data/1501585/000150158526000047/hii-20260630.htm,cc018dfd509fe4bc6db1fdd5fc2bd89cfb56c4f601faf2bd09e4fdfaa7400191,ALL_PERIODIC_FILINGS,True,True
10-Q,2026-07-30,2026-06-30,0001501585-26-000047,note_program_accounting,True,2,srt:StockRepurchaseProgramAuthorizedAmount1|us-gaap:IncreaseDecreaseInInventoryForLongTermContractsOrPrograms,https://www.sec.gov/Archives/edgar/data/1501585/000150158526000047/hii-20260630.htm,cc018dfd509fe4bc6db1fdd5fc2bd89cfb56c4f601faf2bd09e4fdfaa7400191,ALL_PERIODIC_FILINGS,True,True
10-Q,2026-07-30,2026-06-30,0001501585-26-000047,note_pension,True,8,us-gaap:DefinedBenefitPensionPlanLiabilitiesNoncurrent|us-gaap:IncreaseDecreaseInPensionAndPostretirementObligations|us-gaap:OtherComprehensiveIncomeLossAmortizationAdjustmentFromAOCIPensionAndOtherPostretirementBenefitPlansForNetPriorServiceCostCreditBeforeTax|us-gaap:OtherComprehensiveIncomeLossReclassificationAdjustmentFromAOCIPensionAndOtherPostretirementBenefitPlansForNetGainLossBeforeTax|us-gaap:PensionAndOtherPostretirementAndPostemploymentBenefitPlansLiabilitiesCurrent|us-gaap:PensionAndOtherPostretirementBenefitContributions|us-gaap:PensionAndOtherPostretirementBenefitsDisclosureTextBlock|us-gaap:PensionContributions,https://www.sec.gov/Archives/edgar/data/1501585/000150158526000047/hii-20260630.htm,cc018dfd509fe4bc6db1fdd5fc2bd89cfb56c4f601faf2bd09e4fdfaa7400191,ANNUAL_10K_ONLY,False,False
10-Q,2026-07-30,2026-06-30,0001501585-26-000047,note_goodwill_intangibles,True,4,us-gaap:AmortizationOfIntangibleAssets|us-gaap:FiniteLivedIntangibleAssetsAccumulatedAmortization|us-gaap:FiniteLivedIntangibleAssetsNet|us-gaap:Goodwill,https://www.sec.gov/Archives/edgar/data/1501585/000150158526000047/hii-20260630.htm,cc018dfd509fe4bc6db1fdd5fc2bd89cfb56c4f601faf2bd09e4fdfaa7400191,ANNUAL_10K_ONLY,False,False
10-Q,2026-07-30,2026-06-30,0001501585-26-000047,note_debt,True,3,us-gaap:LongTermDebtFairValue|us-gaap:LongTermDebtNoncurrent|us-gaap:RepaymentsOfLongTermDebt,https://www.sec.gov/Archives/edgar/data/1501585/000150158526000047/hii-20260630.htm,cc018dfd509fe4bc6db1fdd5fc2bd89cfb56c4f601faf2bd09e4fdfaa7400191,ALL_PERIODIC_FILINGS,True,True
10-Q,2026-07-30,2026-06-30,0001501585-26-000047,note_income_taxes,True,3,us-gaap:EffectiveIncomeTaxRateContinuingOperations|us-gaap:EffectiveIncomeTaxRateReconciliationAtFederalStatutoryIncomeTaxRate|us-gaap:IncomeTaxDisclosureTextBlock,https://www.sec.gov/Archives/edgar/data/1501585/000150158526000047/hii-20260630.htm,cc018dfd509fe4bc6db1fdd5fc2bd89cfb56c4f601faf2bd09e4fdfaa7400191,ALL_PERIODIC_FILINGS,True,True
10-Q,2026-07-30,2026-06-30,0001501585-26-000047,capital_structure,True,7,us-gaap:LiabilitiesAndStockholdersEquity|us-gaap:LongTermDebtFairValue|us-gaap:LongTermDebtNoncurrent|us-gaap:RepaymentsOfLongTermDebt|us-gaap:StockholdersEquity|us-gaap:StockholdersEquityIncludingPortionAttributableToNoncontrollingInterest|us-gaap:StockholdersEquityNoteDisclosureTextBlock,https://www.sec.gov/Archives/edgar/data/1501585/000150158526000047/hii-20260630.htm,cc018dfd509fe4bc6db1fdd5fc2bd89cfb56c4f601faf2bd09e4fdfaa7400191,ALL_PERIODIC_FILINGS,True,True
