source,dataset,series_id,observation_period,vintage_value,release_date,available_at,revision_number,source_hash,vintage_status,pit_eligible,report_period,source_path,value_changed_from_prior_vintage
BLS_PPI_ARCHIVED_DETAILED_REPORT_XLSX,PPI_AS_RELEASED_VINTAGE,WPU102,2021-09,334.229,2022-02-15,2022-02-15T13:30:00+00:00,,8536504b7a2fce58841f72c542f3e9d10f7d827b8a408aa88427ab1f91ae2d52,LEFT_CENSORED_KNOWN_AS_OF_RELEASE,True,2022-01,D:\Programming\python_example\ForecastTest\data-lake\bronze\industrials\v1_5\bls\ppi_detailed_reports\ppi-detailed-report-january-2022.xlsx,False
BLS_PPI_ARCHIVED_DETAILED_REPORT_XLSX,PPI_AS_RELEASED_VINTAGE,WPU102,2021-10,336.539,2022-02-15,2022-02-15T13:30:00+00:00,,8536504b7a2fce58841f72c542f3e9d10f7d827b8a408aa88427ab1f91ae2d52,LEFT_CENSORED_KNOWN_AS_OF_RELEASE,True,2022-01,D:\Programming\python_example\ForecastTest\data-lake\bronze\industrials\v1_5\bls\ppi_detailed_reports\ppi-detailed-report-january-2022.xlsx,False
BLS_PPI_ARCHIVED_DETAILED_REPORT_XLSX,PPI_AS_RELEASED_VINTAGE,WPU102,2021-10,336.244,2022-03-15,2022-03-15T12:30:00+00:00,,bf71d6534990a2d820999b827e1e3e96d9acc65247607fa6a2e534aa3478d0a7,LEFT_CENSORED_KNOWN_AS_OF_RELEASE,True,2022-02,D:\Programming\python_example\ForecastTest\data-lake\bronze\industrials\v1_5\bls\ppi_detailed_reports\ppi-detailed-report-february-2022.xlsx,True
BLS_PPI_ARCHIVED_DETAILED_REPORT_XLSX,PPI_AS_RELEASED_VINTAGE,WPU102,2021-11,339.55,2022-02-15,2022-02-15T13:30:00+00:00,,8536504b7a2fce58841f72c542f3e9d10f7d827b8a408aa88427ab1f91ae2d52,LEFT_CENSORED_KNOWN_AS_OF_RELEASE,True,2022-01,D:\Programming\python_example\ForecastTest\data-lake\bronze\industrials\v1_5\bls\ppi_detailed_reports\ppi-detailed-report-january-2022.xlsx,False
BLS_PPI_ARCHIVED_DETAILED_REPORT_XLSX,PPI_AS_RELEASED_VINTAGE,WPU102,2021-11,339.355,2022-03-15,2022-03-15T12:30:00+00:00,,bf71d6534990a2d820999b827e1e3e96d9acc65247607fa6a2e534aa3478d0a7,LEFT_CENSORED_KNOWN_AS_OF_RELEASE,True,2022-02,D:\Programming\python_example\ForecastTest\data-lake\bronze\industrials\v1_5\bls\ppi_detailed_reports\ppi-detailed-report-february-2022.xlsx,True
BLS_PPI_ARCHIVED_DETAILED_REPORT_XLSX,PPI_AS_RELEASED_VINTAGE,WPU102,2021-11,339.35,2022-04-13,2022-04-13T12:30:00+00:00,,78c5588e2babc576ecb233e05089ef0f0295094805c24a02f91575c66a9b98d3,LEFT_CENSORED_KNOWN_AS_OF_RELEASE,True,2022-03,D:\Programming\python_example\ForecastTest\data-lake\bronze\industrials\v1_5\bls\ppi_detailed_reports\ppi-detailed-report-march-2022.xlsx,True
BLS_PPI_ARCHIVED_DETAILED_REPORT_XLSX,PPI_AS_RELEASED_VINTAGE,WPU102,2021-12,331.282,2022-02-15,2022-02-15T13:30:00+00:00,,8536504b7a2fce58841f72c542f3e9d10f7d827b8a408aa88427ab1f91ae2d52,LEFT_CENSORED_KNOWN_AS_OF_RELEASE,True,2022-01,D:\Programming\python_example\ForecastTest\data-lake\bronze\industrials\v1_5\bls\ppi_detailed_reports\ppi-detailed-report-january-2022.xlsx,False
BLS_PPI_ARCHIVED_DETAILED_REPORT_XLSX,PPI_AS_RELEASED_VINTAGE,WPU102,2021-12,330.83,2022-03-15,2022-03-15T12:30:00+00:00,,bf71d6534990a2d820999b827e1e3e96d9acc65247607fa6a2e534aa3478d0a7,LEFT_CENSORED_KNOWN_AS_OF_RELEASE,True,2022-02,D:\Programming\python_example\ForecastTest\data-lake\bronze\industrials\v1_5\bls\ppi_detailed_reports\ppi-detailed-report-february-2022.xlsx,True
BLS_PPI_ARCHIVED_DETAILED_REPORT_XLSX,PPI_AS_RELEASED_VINTAGE,WPU102,2021-12,330.893,2022-04-13,2022-04-13T12:30:00+00:00,,78c5588e2babc576ecb233e05089ef0f0295094805c24a02f91575c66a9b98d3,LEFT_CENSORED_KNOWN_AS_OF_RELEASE,True,2022-03,D:\Programming\python_example\ForecastTest\data-lake\bronze\industrials\v1_5\bls\ppi_detailed_reports\ppi-detailed-report-march-2022.xlsx,True
BLS_PPI_ARCHIVED_DETAILED_REPORT_XLSX,PPI_AS_RELEASED_VINTAGE,WPU102,2021-12,330.859,2022-05-12,2022-05-12T12:30:00+00:00,,0477e083c1af817c03cc331c32670ed62789cc840a14a30d4239ee02975d8e50,LEFT_CENSORED_KNOWN_AS_OF_RELEASE,True,2022-04,D:\Programming\python_example\ForecastTest\data-lake\bronze\industrials\v1_5\bls\ppi_detailed_reports\ppi-detailed-report-april-2022.xlsx,True
BLS_PPI_ARCHIVED_DETAILED_REPORT_XLSX,PPI_AS_RELEASED_VINTAGE,WPU102,2022-01,344.36,2022-02-15,2022-02-15T13:30:00+00:00,0,8536504b7a2fce58841f72c542f3e9d10f7d827b8a408aa88427ab1f91ae2d52,INITIAL_RELEASE,True,2022-01,D:\Programming\python_example\ForecastTest\data-lake\bronze\industrials\v1_5\bls\ppi_detailed_reports\ppi-detailed-report-january-2022.xlsx,False
BLS_PPI_ARCHIVED_DETAILED_REPORT_XLSX,PPI_AS_RELEASED_VINTAGE,WPU102,2022-01,341.645,2022-03-15,2022-03-15T12:30:00+00:00,1,bf71d6534990a2d820999b827e1e3e96d9acc65247607fa6a2e534aa3478d0a7,SUBSEQUENT_PUBLICATION,True,2022-02,D:\Programming\python_example\ForecastTest\data-lake\bronze\industrials\v1_5\bls\ppi_detailed_reports\ppi-detailed-report-february-2022.xlsx,True
BLS_PPI_ARCHIVED_DETAILED_REPORT_XLSX,PPI_AS_RELEASED_VINTAGE,WPU102,2022-01,341.686,2022-04-13,2022-04-13T12:30:00+00:00,2,78c5588e2babc576ecb233e05089ef0f0295094805c24a02f91575c66a9b98d3,SUBSEQUENT_PUBLICATION,True,2022-03,D:\Programming\python_example\ForecastTest\data-lake\bronze\industrials\v1_5\bls\ppi_detailed_reports\ppi-detailed-report-march-2022.xlsx,True
BLS_PPI_ARCHIVED_DETAILED_REPORT_XLSX,PPI_AS_RELEASED_VINTAGE,WPU102,2022-01,344.181,2022-05-12,2022-05-12T12:30:00+00:00,3,0477e083c1af817c03cc331c32670ed62789cc840a14a30d4239ee02975d8e50,SUBSEQUENT_PUBLICATION,True,2022-04,D:\Programming\python_example\ForecastTest\data-lake\bronze\industrials\v1_5\bls\ppi_detailed_reports\ppi-detailed-report-april-2022.xlsx,True
BLS_PPI_ARCHIVED_DETAILED_REPORT_XLSX,PPI_AS_RELEASED_VINTAGE,WPU102,2022-01,344.181,2022-06-14,2022-06-14T12:30:00+00:00,4,74b58cd041d47bb6220fe60b3a11e6914d381560245bf0bdc4d523bb9180e7f8,SUBSEQUENT_PUBLICATION,True,2022-05,D:\Programming\python_example\ForecastTest\data-lake\bronze\industrials\v1_5\bls\ppi_detailed_reports\ppi-detailed-report-may-2022.xlsx,False
BLS_PPI_ARCHIVED_DETAILED_REPORT_XLSX,PPI_AS_RELEASED_VINTAGE,WPU102,2022-02,351.92,2022-03-15,2022-03-15T12:30:00+00:00,0,bf71d6534990a2d820999b827e1e3e96d9acc65247607fa6a2e534aa3478d0a7,INITIAL_RELEASE,True,2022-02,D:\Programming\python_example\ForecastTest\data-lake\bronze\industrials\v1_5\bls\ppi_detailed_reports\ppi-detailed-report-february-2022.xlsx,False
BLS_PPI_ARCHIVED_DETAILED_REPORT_XLSX,PPI_AS_RELEASED_VINTAGE,WPU102,2022-02,353.341,2022-04-13,2022-04-13T12:30:00+00:00,1,78c5588e2babc576ecb233e05089ef0f0295094805c24a02f91575c66a9b98d3,SUBSEQUENT_PUBLICATION,True,2022-03,D:\Programming\python_example\ForecastTest\data-lake\bronze\industrials\v1_5\bls\ppi_detailed_reports\ppi-detailed-report-march-2022.xlsx,True
BLS_PPI_ARCHIVED_DETAILED_REPORT_XLSX,PPI_AS_RELEASED_VINTAGE,WPU102,2022-02,355.695,2022-05-12,2022-05-12T12:30:00+00:00,2,0477e083c1af817c03cc331c32670ed62789cc840a14a30d4239ee02975d8e50,SUBSEQUENT_PUBLICATION,True,2022-04,D:\Programming\python_example\ForecastTest\data-lake\bronze\industrials\v1_5\bls\ppi_detailed_reports\ppi-detailed-report-april-2022.xlsx,True
BLS_PPI_ARCHIVED_DETAILED_REPORT_XLSX,PPI_AS_RELEASED_VINTAGE,WPU102,2022-02,355.865,2022-06-14,2022-06-14T12:30:00+00:00,3,74b58cd041d47bb6220fe60b3a11e6914d381560245bf0bdc4d523bb9180e7f8,SUBSEQUENT_PUBLICATION,True,2022-05,D:\Programming\python_example\ForecastTest\data-lake\bronze\industrials\v1_5\bls\ppi_detailed_reports\ppi-detailed-report-may-2022.xlsx,True
BLS_PPI_ARCHIVED_DETAILED_REPORT_XLSX,PPI_AS_RELEASED_VINTAGE,WPU102,2022-02,355.94,2022-07-14,2022-07-14T12:30:00+00:00,4,64ec087ba7a1d739c2a6c2d50c104f4aa61dc779bfdf0ad9f5cf64feeb98a117,SUBSEQUENT_PUBLICATION,True,2022-06,D:\Programming\python_example\ForecastTest\data-lake\bronze\industrials\v1_5\bls\ppi_detailed_reports\ppi-detailed-report-june-2022.xlsx,True
BLS_PPI_ARCHIVED_DETAILED_REPORT_XLSX,PPI_AS_RELEASED_VINTAGE,WPU102,2022-03,367.517,2022-04-13,2022-04-13T12:30:00+00:00,0,78c5588e2babc576ecb233e05089ef0f0295094805c24a02f91575c66a9b98d3,INITIAL_RELEASE,True,2022-03,D:\Programming\python_example\ForecastTest\data-lake\bronze\industrials\v1_5\bls\ppi_detailed_reports\ppi-detailed-report-march-2022.xlsx,False
BLS_PPI_ARCHIVED_DETAILED_REPORT_XLSX,PPI_AS_RELEASED_VINTAGE,WPU102,2022-03,370.044,2022-05-12,2022-05-12T12:30:00+00:00,1,0477e083c1af817c03cc331c32670ed62789cc840a14a30d4239ee02975d8e50,SUBSEQUENT_PUBLICATION,True,2022-04,D:\Programming\python_example\ForecastTest\data-lake\bronze\industrials\v1_5\bls\ppi_detailed_reports\ppi-detailed-report-april-2022.xlsx,True
BLS_PPI_ARCHIVED_DETAILED_REPORT_XLSX,PPI_AS_RELEASED_VINTAGE,WPU102,2022-03,369.689,2022-06-14,2022-06-14T12:30:00+00:00,2,74b58cd041d47bb6220fe60b3a11e6914d381560245bf0bdc4d523bb9180e7f8,SUBSEQUENT_PUBLICATION,True,2022-05,D:\Programming\python_example\ForecastTest\data-lake\bronze\industrials\v1_5\bls\ppi_detailed_reports\ppi-detailed-report-may-2022.xlsx,True
BLS_PPI_ARCHIVED_DETAILED_REPORT_XLSX,PPI_AS_RELEASED_VINTAGE,WPU102,2022-03,369.723,2022-07-14,2022-07-14T12:30:00+00:00,3,64ec087ba7a1d739c2a6c2d50c104f4aa61dc779bfdf0ad9f5cf64feeb98a117,SUBSEQUENT_PUBLICATION,True,2022-06,D:\Programming\python_example\ForecastTest\data-lake\bronze\industrials\v1_5\bls\ppi_detailed_reports\ppi-detailed-report-june-2022.xlsx,True
BLS_PPI_ARCHIVED_DETAILED_REPORT_XLSX,PPI_AS_RELEASED_VINTAGE,WPU102,2022-03,370.666,2022-08-11,2022-08-11T12:30:00+00:00,4,ae34da19289a63408a2fb3bff85b8cabd280953a7d9ed34b96640f91d09a2474,SUBSEQUENT_PUBLICATION,True,2022-07,D:\Programming\python_example\ForecastTest\data-lake\bronze\industrials\v1_5\bls\ppi_detailed_reports\ppi-detailed-report-july-2022.xlsx,True
BLS_PPI_ARCHIVED_DETAILED_REPORT_XLSX,PPI_AS_RELEASED_VINTAGE,WPU102,2022-04,377.341,2022-05-12,2022-05-12T12:30:00+00:00,0,0477e083c1af817c03cc331c32670ed62789cc840a14a30d4239ee02975d8e50,INITIAL_RELEASE,True,2022-04,D:\Programming\python_example\ForecastTest\data-lake\bronze\industrials\v1_5\bls\ppi_detailed_reports\ppi-detailed-report-april-2022.xlsx,False
BLS_PPI_ARCHIVED_DETAILED_REPORT_XLSX,PPI_AS_RELEASED_VINTAGE,WPU102,2022-04,378.257,2022-06-14,2022-06-14T12:30:00+00:00,1,74b58cd041d47bb6220fe60b3a11e6914d381560245bf0bdc4d523bb9180e7f8,SUBSEQUENT_PUBLICATION,True,2022-05,D:\Programming\python_example\ForecastTest\data-lake\bronze\industrials\v1_5\bls\ppi_detailed_reports\ppi-detailed-report-may-2022.xlsx,True
BLS_PPI_ARCHIVED_DETAILED_REPORT_XLSX,PPI_AS_RELEASED_VINTAGE,WPU102,2022-04,378.221,2022-07-14,2022-07-14T12:30:00+00:00,2,64ec087ba7a1d739c2a6c2d50c104f4aa61dc779bfdf0ad9f5cf64feeb98a117,SUBSEQUENT_PUBLICATION,True,2022-06,D:\Programming\python_example\ForecastTest\data-lake\bronze\industrials\v1_5\bls\ppi_detailed_reports\ppi-detailed-report-june-2022.xlsx,True
BLS_PPI_ARCHIVED_DETAILED_REPORT_XLSX,PPI_AS_RELEASED_VINTAGE,WPU102,2022-04,376.17,2022-08-11,2022-08-11T12:30:00+00:00,3,ae34da19289a63408a2fb3bff85b8cabd280953a7d9ed34b96640f91d09a2474,SUBSEQUENT_PUBLICATION,True,2022-07,D:\Programming\python_example\ForecastTest\data-lake\bronze\industrials\v1_5\bls\ppi_detailed_reports\ppi-detailed-report-july-2022.xlsx,True
BLS_PPI_ARCHIVED_DETAILED_REPORT_XLSX,PPI_AS_RELEASED_VINTAGE,WPU102,2022-04,376.168,2022-09-14,2022-09-14T12:30:00+00:00,4,c2c292e8acbcd398e4dc492fd658f1faf4f12cbb18a82397057efed5b8861d4f,SUBSEQUENT_PUBLICATION,True,2022-08,D:\Programming\python_example\ForecastTest\data-lake\bronze\industrials\v1_5\bls\ppi_detailed_reports\ppi-detailed-report-august-2022.xlsx,False
BLS_PPI_ARCHIVED_DETAILED_REPORT_XLSX,PPI_AS_RELEASED_VINTAGE,WPU102,2022-05,362.072,2022-06-14,2022-06-14T12:30:00+00:00,0,74b58cd041d47bb6220fe60b3a11e6914d381560245bf0bdc4d523bb9180e7f8,INITIAL_RELEASE,True,2022-05,D:\Programming\python_example\ForecastTest\data-lake\bronze\industrials\v1_5\bls\ppi_detailed_reports\ppi-detailed-report-may-2022.xlsx,False
BLS_PPI_ARCHIVED_DETAILED_REPORT_XLSX,PPI_AS_RELEASED_VINTAGE,WPU102,2022-05,361.432,2022-07-14,2022-07-14T12:30:00+00:00,1,64ec087ba7a1d739c2a6c2d50c104f4aa61dc779bfdf0ad9f5cf64feeb98a117,SUBSEQUENT_PUBLICATION,True,2022-06,D:\Programming\python_example\ForecastTest\data-lake\bronze\industrials\v1_5\bls\ppi_detailed_reports\ppi-detailed-report-june-2022.xlsx,True
BLS_PPI_ARCHIVED_DETAILED_REPORT_XLSX,PPI_AS_RELEASED_VINTAGE,WPU102,2022-05,359.714,2022-08-11,2022-08-11T12:30:00+00:00,2,ae34da19289a63408a2fb3bff85b8cabd280953a7d9ed34b96640f91d09a2474,SUBSEQUENT_PUBLICATION,True,2022-07,D:\Programming\python_example\ForecastTest\data-lake\bronze\industrials\v1_5\bls\ppi_detailed_reports\ppi-detailed-report-july-2022.xlsx,True
BLS_PPI_ARCHIVED_DETAILED_REPORT_XLSX,PPI_AS_RELEASED_VINTAGE,WPU102,2022-05,359.657,2022-09-14,2022-09-14T12:30:00+00:00,3,c2c292e8acbcd398e4dc492fd658f1faf4f12cbb18a82397057efed5b8861d4f,SUBSEQUENT_PUBLICATION,True,2022-08,D:\Programming\python_example\ForecastTest\data-lake\bronze\industrials\v1_5\bls\ppi_detailed_reports\ppi-detailed-report-august-2022.xlsx,True
BLS_PPI_ARCHIVED_DETAILED_REPORT_XLSX,PPI_AS_RELEASED_VINTAGE,WPU102,2022-05,359.643,2022-10-12,2022-10-12T12:30:00+00:00,4,614d88726979e134f312823a9895b7949677c42e26428eea8f3b62d639ee71ea,SUBSEQUENT_PUBLICATION,True,2022-09,D:\Programming\python_example\ForecastTest\data-lake\bronze\industrials\v1_5\bls\ppi_detailed_reports\ppi-detailed-report-september-2022.xlsx,True
BLS_PPI_ARCHIVED_DETAILED_REPORT_XLSX,PPI_AS_RELEASED_VINTAGE,WPU102,2022-06,352.225,2022-07-14,2022-07-14T12:30:00+00:00,0,64ec087ba7a1d739c2a6c2d50c104f4aa61dc779bfdf0ad9f5cf64feeb98a117,INITIAL_RELEASE,True,2022-06,D:\Programming\python_example\ForecastTest\data-lake\bronze\industrials\v1_5\bls\ppi_detailed_reports\ppi-detailed-report-june-2022.xlsx,False
BLS_PPI_ARCHIVED_DETAILED_REPORT_XLSX,PPI_AS_RELEASED_VINTAGE,WPU102,2022-06,350.415,2022-08-11,2022-08-11T12:30:00+00:00,1,ae34da19289a63408a2fb3bff85b8cabd280953a7d9ed34b96640f91d09a2474,SUBSEQUENT_PUBLICATION,True,2022-07,D:\Programming\python_example\ForecastTest\data-lake\bronze\industrials\v1_5\bls\ppi_detailed_reports\ppi-detailed-report-july-2022.xlsx,True
BLS_PPI_ARCHIVED_DETAILED_REPORT_XLSX,PPI_AS_RELEASED_VINTAGE,WPU102,2022-06,349.833,2022-09-14,2022-09-14T12:30:00+00:00,2,c2c292e8acbcd398e4dc492fd658f1faf4f12cbb18a82397057efed5b8861d4f,SUBSEQUENT_PUBLICATION,True,2022-08,D:\Programming\python_example\ForecastTest\data-lake\bronze\industrials\v1_5\bls\ppi_detailed_reports\ppi-detailed-report-august-2022.xlsx,True
BLS_PPI_ARCHIVED_DETAILED_REPORT_XLSX,PPI_AS_RELEASED_VINTAGE,WPU102,2022-06,350.045,2022-10-12,2022-10-12T12:30:00+00:00,3,614d88726979e134f312823a9895b7949677c42e26428eea8f3b62d639ee71ea,SUBSEQUENT_PUBLICATION,True,2022-09,D:\Programming\python_example\ForecastTest\data-lake\bronze\industrials\v1_5\bls\ppi_detailed_reports\ppi-detailed-report-september-2022.xlsx,True
BLS_PPI_ARCHIVED_DETAILED_REPORT_XLSX,PPI_AS_RELEASED_VINTAGE,WPU102,2022-06,349.943,2022-11-15,2022-11-15T13:30:00+00:00,4,1d0847f74fc6cf1cee99b18e45b51749b5401eddcec41a0d56c17e0a3fcbbfd0,SUBSEQUENT_PUBLICATION,True,2022-10,D:\Programming\python_example\ForecastTest\data-lake\bronze\industrials\v1_5\bls\ppi_detailed_reports\ppi-detailed-report-october-2022.xlsx,True
BLS_PPI_ARCHIVED_DETAILED_REPORT_XLSX,PPI_AS_RELEASED_VINTAGE,WPU102,2022-07,328.377,2022-08-11,2022-08-11T12:30:00+00:00,0,ae34da19289a63408a2fb3bff85b8cabd280953a7d9ed34b96640f91d09a2474,INITIAL_RELEASE,True,2022-07,D:\Programming\python_example\ForecastTest\data-lake\bronze\industrials\v1_5\bls\ppi_detailed_reports\ppi-detailed-report-july-2022.xlsx,False
BLS_PPI_ARCHIVED_DETAILED_REPORT_XLSX,PPI_AS_RELEASED_VINTAGE,WPU102,2022-07,326.785,2022-09-14,2022-09-14T12:30:00+00:00,1,c2c292e8acbcd398e4dc492fd658f1faf4f12cbb18a82397057efed5b8861d4f,SUBSEQUENT_PUBLICATION,True,2022-08,D:\Programming\python_example\ForecastTest\data-lake\bronze\industrials\v1_5\bls\ppi_detailed_reports\ppi-detailed-report-august-2022.xlsx,True
BLS_PPI_ARCHIVED_DETAILED_REPORT_XLSX,PPI_AS_RELEASED_VINTAGE,WPU102,2022-07,328.022,2022-10-12,2022-10-12T12:30:00+00:00,2,614d88726979e134f312823a9895b7949677c42e26428eea8f3b62d639ee71ea,SUBSEQUENT_PUBLICATION,True,2022-09,D:\Programming\python_example\ForecastTest\data-lake\bronze\industrials\v1_5\bls\ppi_detailed_reports\ppi-detailed-report-september-2022.xlsx,True
BLS_PPI_ARCHIVED_DETAILED_REPORT_XLSX,PPI_AS_RELEASED_VINTAGE,WPU102,2022-07,327.772,2022-11-15,2022-11-15T13:30:00+00:00,3,1d0847f74fc6cf1cee99b18e45b51749b5401eddcec41a0d56c17e0a3fcbbfd0,SUBSEQUENT_PUBLICATION,True,2022-10,D:\Programming\python_example\ForecastTest\data-lake\bronze\industrials\v1_5\bls\ppi_detailed_reports\ppi-detailed-report-october-2022.xlsx,True
BLS_PPI_ARCHIVED_DETAILED_REPORT_XLSX,PPI_AS_RELEASED_VINTAGE,WPU102,2022-07,327.86,2022-12-09,2022-12-09T13:30:00+00:00,4,c406aa946e99ed3b0f20abed36b5bc186c8d5be4981f688307a005c60cc1fa3e,SUBSEQUENT_PUBLICATION,True,2022-11,D:\Programming\python_example\ForecastTest\data-lake\bronze\industrials\v1_5\bls\ppi_detailed_reports\ppi-detailed-report-november-2022.xlsx,True
BLS_PPI_ARCHIVED_DETAILED_REPORT_XLSX,PPI_AS_RELEASED_VINTAGE,WPU102,2022-08,331.175,2022-09-14,2022-09-14T12:30:00+00:00,0,c2c292e8acbcd398e4dc492fd658f1faf4f12cbb18a82397057efed5b8861d4f,INITIAL_RELEASE,True,2022-08,D:\Programming\python_example\ForecastTest\data-lake\bronze\industrials\v1_5\bls\ppi_detailed_reports\ppi-detailed-report-august-2022.xlsx,False
BLS_PPI_ARCHIVED_DETAILED_REPORT_XLSX,PPI_AS_RELEASED_VINTAGE,WPU102,2022-08,330.912,2022-10-12,2022-10-12T12:30:00+00:00,1,614d88726979e134f312823a9895b7949677c42e26428eea8f3b62d639ee71ea,SUBSEQUENT_PUBLICATION,True,2022-09,D:\Programming\python_example\ForecastTest\data-lake\bronze\industrials\v1_5\bls\ppi_detailed_reports\ppi-detailed-report-september-2022.xlsx,True
BLS_PPI_ARCHIVED_DETAILED_REPORT_XLSX,PPI_AS_RELEASED_VINTAGE,WPU102,2022-08,331.368,2022-11-15,2022-11-15T13:30:00+00:00,2,1d0847f74fc6cf1cee99b18e45b51749b5401eddcec41a0d56c17e0a3fcbbfd0,SUBSEQUENT_PUBLICATION,True,2022-10,D:\Programming\python_example\ForecastTest\data-lake\bronze\industrials\v1_5\bls\ppi_detailed_reports\ppi-detailed-report-october-2022.xlsx,True
BLS_PPI_ARCHIVED_DETAILED_REPORT_XLSX,PPI_AS_RELEASED_VINTAGE,WPU102,2022-08,331.48,2022-12-09,2022-12-09T13:30:00+00:00,3,c406aa946e99ed3b0f20abed36b5bc186c8d5be4981f688307a005c60cc1fa3e,SUBSEQUENT_PUBLICATION,True,2022-11,D:\Programming\python_example\ForecastTest\data-lake\bronze\industrials\v1_5\bls\ppi_detailed_reports\ppi-detailed-report-november-2022.xlsx,True
BLS_PPI_ARCHIVED_DETAILED_REPORT_XLSX,PPI_AS_RELEASED_VINTAGE,WPU102,2022-08,331.685,2023-01-18,2023-01-18T13:30:00+00:00,4,dcb3e876948240c0dcdca3376e89f8822a831e0a2e0ef2848afaaefb5fd7985a,SUBSEQUENT_PUBLICATION,True,2022-12,D:\Programming\python_example\ForecastTest\data-lake\bronze\industrials\v1_5\bls\ppi_detailed_reports\ppi-detailed-report-december-2022.xlsx,True
BLS_PPI_ARCHIVED_DETAILED_REPORT_XLSX,PPI_AS_RELEASED_VINTAGE,WPU102,2022-09,325.511,2022-10-12,2022-10-12T12:30:00+00:00,0,614d88726979e134f312823a9895b7949677c42e26428eea8f3b62d639ee71ea,INITIAL_RELEASE,True,2022-09,D:\Programming\python_example\ForecastTest\data-lake\bronze\industrials\v1_5\bls\ppi_detailed_reports\ppi-detailed-report-september-2022.xlsx,False
BLS_PPI_ARCHIVED_DETAILED_REPORT_XLSX,PPI_AS_RELEASED_VINTAGE,WPU102,2022-09,325.632,2022-11-15,2022-11-15T13:30:00+00:00,1,1d0847f74fc6cf1cee99b18e45b51749b5401eddcec41a0d56c17e0a3fcbbfd0,SUBSEQUENT_PUBLICATION,True,2022-10,D:\Programming\python_example\ForecastTest\data-lake\bronze\industrials\v1_5\bls\ppi_detailed_reports\ppi-detailed-report-october-2022.xlsx,True
BLS_PPI_ARCHIVED_DETAILED_REPORT_XLSX,PPI_AS_RELEASED_VINTAGE,WPU102,2022-09,325.716,2022-12-09,2022-12-09T13:30:00+00:00,2,c406aa946e99ed3b0f20abed36b5bc186c8d5be4981f688307a005c60cc1fa3e,SUBSEQUENT_PUBLICATION,True,2022-11,D:\Programming\python_example\ForecastTest\data-lake\bronze\industrials\v1_5\bls\ppi_detailed_reports\ppi-detailed-report-november-2022.xlsx,True
BLS_PPI_ARCHIVED_DETAILED_REPORT_XLSX,PPI_AS_RELEASED_VINTAGE,WPU102,2022-09,326.194,2023-01-18,2023-01-18T13:30:00+00:00,3,dcb3e876948240c0dcdca3376e89f8822a831e0a2e0ef2848afaaefb5fd7985a,SUBSEQUENT_PUBLICATION,True,2022-12,D:\Programming\python_example\ForecastTest\data-lake\bronze\industrials\v1_5\bls\ppi_detailed_reports\ppi-detailed-report-december-2022.xlsx,True
BLS_PPI_ARCHIVED_DETAILED_REPORT_XLSX,PPI_AS_RELEASED_VINTAGE,WPU102,2022-09,326.154,2023-02-16,2023-02-16T13:30:00+00:00,4,1983283f6a28ac421d35c1050626f9497eb41713cacb2db4371e3dd94f1609ee,SUBSEQUENT_PUBLICATION,True,2023-01,D:\Programming\python_example\ForecastTest\data-lake\bronze\industrials\v1_5\bls\ppi_detailed_reports\ppi-detailed-report-january-2023.xlsx,True
BLS_PPI_ARCHIVED_DETAILED_REPORT_XLSX,PPI_AS_RELEASED_VINTAGE,WPU102,2022-10,315.994,2022-11-15,2022-11-15T13:30:00+00:00,0,1d0847f74fc6cf1cee99b18e45b51749b5401eddcec41a0d56c17e0a3fcbbfd0,INITIAL_RELEASE,True,2022-10,D:\Programming\python_example\ForecastTest\data-lake\bronze\industrials\v1_5\bls\ppi_detailed_reports\ppi-detailed-report-october-2022.xlsx,False
BLS_PPI_ARCHIVED_DETAILED_REPORT_XLSX,PPI_AS_RELEASED_VINTAGE,WPU102,2022-10,315.864,2022-12-09,2022-12-09T13:30:00+00:00,1,c406aa946e99ed3b0f20abed36b5bc186c8d5be4981f688307a005c60cc1fa3e,SUBSEQUENT_PUBLICATION,True,2022-11,D:\Programming\python_example\ForecastTest\data-lake\bronze\industrials\v1_5\bls\ppi_detailed_reports\ppi-detailed-report-november-2022.xlsx,True
BLS_PPI_ARCHIVED_DETAILED_REPORT_XLSX,PPI_AS_RELEASED_VINTAGE,WPU102,2022-10,316.182,2023-01-18,2023-01-18T13:30:00+00:00,2,dcb3e876948240c0dcdca3376e89f8822a831e0a2e0ef2848afaaefb5fd7985a,SUBSEQUENT_PUBLICATION,True,2022-12,D:\Programming\python_example\ForecastTest\data-lake\bronze\industrials\v1_5\bls\ppi_detailed_reports\ppi-detailed-report-december-2022.xlsx,True
BLS_PPI_ARCHIVED_DETAILED_REPORT_XLSX,PPI_AS_RELEASED_VINTAGE,WPU102,2022-10,316.289,2023-02-16,2023-02-16T13:30:00+00:00,3,1983283f6a28ac421d35c1050626f9497eb41713cacb2db4371e3dd94f1609ee,SUBSEQUENT_PUBLICATION,True,2023-01,D:\Programming\python_example\ForecastTest\data-lake\bronze\industrials\v1_5\bls\ppi_detailed_reports\ppi-detailed-report-january-2023.xlsx,True
BLS_PPI_ARCHIVED_DETAILED_REPORT_XLSX,PPI_AS_RELEASED_VINTAGE,WPU102,2022-10,316.042,2023-03-15,2023-03-15T12:30:00+00:00,4,f858e0328d56c306478f71547caa2691bea64e4a658dc9a9b55fa76cbd1af744,SUBSEQUENT_PUBLICATION,True,2023-02,D:\Programming\python_example\ForecastTest\data-lake\bronze\industrials\v1_5\bls\ppi_detailed_reports\ppi-detailed-report-february-2023.xlsx,True
BLS_PPI_ARCHIVED_DETAILED_REPORT_XLSX,PPI_AS_RELEASED_VINTAGE,WPU102,2022-11,323.7,2022-12-09,2022-12-09T13:30:00+00:00,0,c406aa946e99ed3b0f20abed36b5bc186c8d5be4981f688307a005c60cc1fa3e,INITIAL_RELEASE,True,2022-11,D:\Programming\python_example\ForecastTest\data-lake\bronze\industrials\v1_5\bls\ppi_detailed_reports\ppi-detailed-report-november-2022.xlsx,False
BLS_PPI_ARCHIVED_DETAILED_REPORT_XLSX,PPI_AS_RELEASED_VINTAGE,WPU102,2022-11,325.171,2023-01-18,2023-01-18T13:30:00+00:00,1,dcb3e876948240c0dcdca3376e89f8822a831e0a2e0ef2848afaaefb5fd7985a,SUBSEQUENT_PUBLICATION,True,2022-12,D:\Programming\python_example\ForecastTest\data-lake\bronze\industrials\v1_5\bls\ppi_detailed_reports\ppi-detailed-report-december-2022.xlsx,True
BLS_PPI_ARCHIVED_DETAILED_REPORT_XLSX,PPI_AS_RELEASED_VINTAGE,WPU102,2022-11,325.519,2023-02-16,2023-02-16T13:30:00+00:00,2,1983283f6a28ac421d35c1050626f9497eb41713cacb2db4371e3dd94f1609ee,SUBSEQUENT_PUBLICATION,True,2023-01,D:\Programming\python_example\ForecastTest\data-lake\bronze\industrials\v1_5\bls\ppi_detailed_reports\ppi-detailed-report-january-2023.xlsx,True
BLS_PPI_ARCHIVED_DETAILED_REPORT_XLSX,PPI_AS_RELEASED_VINTAGE,WPU102,2022-11,325.689,2023-03-15,2023-03-15T12:30:00+00:00,3,f858e0328d56c306478f71547caa2691bea64e4a658dc9a9b55fa76cbd1af744,SUBSEQUENT_PUBLICATION,True,2023-02,D:\Programming\python_example\ForecastTest\data-lake\bronze\industrials\v1_5\bls\ppi_detailed_reports\ppi-detailed-report-february-2023.xlsx,True
BLS_PPI_ARCHIVED_DETAILED_REPORT_XLSX,PPI_AS_RELEASED_VINTAGE,WPU102,2022-11,325.882,2023-04-13,2023-04-13T12:30:00+00:00,4,b34e516e2b9b99d1e4386e3b675d6bc6fae54bd1bccb9d27c85e367258443d3a,SUBSEQUENT_PUBLICATION,True,2023-03,D:\Programming\python_example\ForecastTest\data-lake\bronze\industrials\v1_5\bls\ppi_detailed_reports\ppi-detailed-report-march-2023.xlsx,True
BLS_PPI_ARCHIVED_DETAILED_REPORT_XLSX,PPI_AS_RELEASED_VINTAGE,WPU102,2022-12,329.678,2023-01-18,2023-01-18T13:30:00+00:00,0,dcb3e876948240c0dcdca3376e89f8822a831e0a2e0ef2848afaaefb5fd7985a,INITIAL_RELEASE,True,2022-12,D:\Programming\python_example\ForecastTest\data-lake\bronze\industrials\v1_5\bls\ppi_detailed_reports\ppi-detailed-report-december-2022.xlsx,False
BLS_PPI_ARCHIVED_DETAILED_REPORT_XLSX,PPI_AS_RELEASED_VINTAGE,WPU102,2022-12,326.881,2023-02-16,2023-02-16T13:30:00+00:00,1,1983283f6a28ac421d35c1050626f9497eb41713cacb2db4371e3dd94f1609ee,SUBSEQUENT_PUBLICATION,True,2023-01,D:\Programming\python_example\ForecastTest\data-lake\bronze\industrials\v1_5\bls\ppi_detailed_reports\ppi-detailed-report-january-2023.xlsx,True
BLS_PPI_ARCHIVED_DETAILED_REPORT_XLSX,PPI_AS_RELEASED_VINTAGE,WPU102,2022-12,328.267,2023-03-15,2023-03-15T12:30:00+00:00,2,f858e0328d56c306478f71547caa2691bea64e4a658dc9a9b55fa76cbd1af744,SUBSEQUENT_PUBLICATION,True,2023-02,D:\Programming\python_example\ForecastTest\data-lake\bronze\industrials\v1_5\bls\ppi_detailed_reports\ppi-detailed-report-february-2023.xlsx,True
BLS_PPI_ARCHIVED_DETAILED_REPORT_XLSX,PPI_AS_RELEASED_VINTAGE,WPU102,2022-12,328.473,2023-04-13,2023-04-13T12:30:00+00:00,3,b34e516e2b9b99d1e4386e3b675d6bc6fae54bd1bccb9d27c85e367258443d3a,SUBSEQUENT_PUBLICATION,True,2023-03,D:\Programming\python_example\ForecastTest\data-lake\bronze\industrials\v1_5\bls\ppi_detailed_reports\ppi-detailed-report-march-2023.xlsx,True
BLS_PPI_ARCHIVED_DETAILED_REPORT_XLSX,PPI_AS_RELEASED_VINTAGE,WPU102,2022-12,328.928,2023-05-11,2023-05-11T12:30:00+00:00,4,07e4f16c517f3c9214ff433b58ade38598d65a03b952a16d7d4db45d5e8b3f82,SUBSEQUENT_PUBLICATION,True,2023-04,D:\Programming\python_example\ForecastTest\data-lake\bronze\industrials\v1_5\bls\ppi_detailed_reports\ppi-detailed-report-april-2023.xlsx,True
BLS_PPI_ARCHIVED_DETAILED_REPORT_XLSX,PPI_AS_RELEASED_VINTAGE,WPU102,2023-01,334.626,2023-02-16,2023-02-16T13:30:00+00:00,0,1983283f6a28ac421d35c1050626f9497eb41713cacb2db4371e3dd94f1609ee,INITIAL_RELEASE,True,2023-01,D:\Programming\python_example\ForecastTest\data-lake\bronze\industrials\v1_5\bls\ppi_detailed_reports\ppi-detailed-report-january-2023.xlsx,False
BLS_PPI_ARCHIVED_DETAILED_REPORT_XLSX,PPI_AS_RELEASED_VINTAGE,WPU102,2023-01,336.908,2023-03-15,2023-03-15T12:30:00+00:00,1,f858e0328d56c306478f71547caa2691bea64e4a658dc9a9b55fa76cbd1af744,SUBSEQUENT_PUBLICATION,True,2023-02,D:\Programming\python_example\ForecastTest\data-lake\bronze\industrials\v1_5\bls\ppi_detailed_reports\ppi-detailed-report-february-2023.xlsx,True
BLS_PPI_ARCHIVED_DETAILED_REPORT_XLSX,PPI_AS_RELEASED_VINTAGE,WPU102,2023-01,336.917,2023-04-13,2023-04-13T12:30:00+00:00,2,b34e516e2b9b99d1e4386e3b675d6bc6fae54bd1bccb9d27c85e367258443d3a,SUBSEQUENT_PUBLICATION,True,2023-03,D:\Programming\python_example\ForecastTest\data-lake\bronze\industrials\v1_5\bls\ppi_detailed_reports\ppi-detailed-report-march-2023.xlsx,True
BLS_PPI_ARCHIVED_DETAILED_REPORT_XLSX,PPI_AS_RELEASED_VINTAGE,WPU102,2023-01,339.738,2023-05-11,2023-05-11T12:30:00+00:00,3,07e4f16c517f3c9214ff433b58ade38598d65a03b952a16d7d4db45d5e8b3f82,SUBSEQUENT_PUBLICATION,True,2023-04,D:\Programming\python_example\ForecastTest\data-lake\bronze\industrials\v1_5\bls\ppi_detailed_reports\ppi-detailed-report-april-2023.xlsx,True
BLS_PPI_ARCHIVED_DETAILED_REPORT_XLSX,PPI_AS_RELEASED_VINTAGE,WPU102,2023-01,339.605,2023-06-14,2023-06-14T12:30:00+00:00,4,2afba21c6d15e2e8d87d952f68e707473fb5aab63f9e5b3c30ea322f683a82af,SUBSEQUENT_PUBLICATION,True,2023-05,D:\Programming\python_example\ForecastTest\data-lake\bronze\industrials\v1_5\bls\ppi_detailed_reports\ppi-detailed-report-may-2023.xlsx,True
BLS_PPI_ARCHIVED_DETAILED_REPORT_XLSX,PPI_AS_RELEASED_VINTAGE,WPU102,2023-02,339.167,2023-03-15,2023-03-15T12:30:00+00:00,0,f858e0328d56c306478f71547caa2691bea64e4a658dc9a9b55fa76cbd1af744,INITIAL_RELEASE,True,2023-02,D:\Programming\python_example\ForecastTest\data-lake\bronze\industrials\v1_5\bls\ppi_detailed_reports\ppi-detailed-report-february-2023.xlsx,False
BLS_PPI_ARCHIVED_DETAILED_REPORT_XLSX,PPI_AS_RELEASED_VINTAGE,WPU102,2023-02,336.258,2023-04-13,2023-04-13T12:30:00+00:00,1,b34e516e2b9b99d1e4386e3b675d6bc6fae54bd1bccb9d27c85e367258443d3a,SUBSEQUENT_PUBLICATION,True,2023-03,D:\Programming\python_example\ForecastTest\data-lake\bronze\industrials\v1_5\bls\ppi_detailed_reports\ppi-detailed-report-march-2023.xlsx,True
BLS_PPI_ARCHIVED_DETAILED_REPORT_XLSX,PPI_AS_RELEASED_VINTAGE,WPU102,2023-02,338.315,2023-05-11,2023-05-11T12:30:00+00:00,2,07e4f16c517f3c9214ff433b58ade38598d65a03b952a16d7d4db45d5e8b3f82,SUBSEQUENT_PUBLICATION,True,2023-04,D:\Programming\python_example\ForecastTest\data-lake\bronze\industrials\v1_5\bls\ppi_detailed_reports\ppi-detailed-report-april-2023.xlsx,True
BLS_PPI_ARCHIVED_DETAILED_REPORT_XLSX,PPI_AS_RELEASED_VINTAGE,WPU102,2023-02,335.683,2023-06-14,2023-06-14T12:30:00+00:00,3,2afba21c6d15e2e8d87d952f68e707473fb5aab63f9e5b3c30ea322f683a82af,SUBSEQUENT_PUBLICATION,True,2023-05,D:\Programming\python_example\ForecastTest\data-lake\bronze\industrials\v1_5\bls\ppi_detailed_reports\ppi-detailed-report-may-2023.xlsx,True
BLS_PPI_ARCHIVED_DETAILED_REPORT_XLSX,PPI_AS_RELEASED_VINTAGE,WPU102,2023-02,335.647,2023-07-13,2023-07-13T12:30:00+00:00,4,ea8e905a688e14ee5e2775c235b92ab43781961616c81e8dca253daef8704686,SUBSEQUENT_PUBLICATION,True,2023-06,D:\Programming\python_example\ForecastTest\data-lake\bronze\industrials\v1_5\bls\ppi_detailed_reports\ppi-detailed-report-june-2023.xlsx,True
BLS_PPI_ARCHIVED_DETAILED_REPORT_XLSX,PPI_AS_RELEASED_VINTAGE,WPU102,2023-03,336.814,2023-04-13,2023-04-13T12:30:00+00:00,0,b34e516e2b9b99d1e4386e3b675d6bc6fae54bd1bccb9d27c85e367258443d3a,INITIAL_RELEASE,True,2023-03,D:\Programming\python_example\ForecastTest\data-lake\bronze\industrials\v1_5\bls\ppi_detailed_reports\ppi-detailed-report-march-2023.xlsx,False
BLS_PPI_ARCHIVED_DETAILED_REPORT_XLSX,PPI_AS_RELEASED_VINTAGE,WPU102,2023-03,337.385,2023-05-11,2023-05-11T12:30:00+00:00,1,07e4f16c517f3c9214ff433b58ade38598d65a03b952a16d7d4db45d5e8b3f82,SUBSEQUENT_PUBLICATION,True,2023-04,D:\Programming\python_example\ForecastTest\data-lake\bronze\industrials\v1_5\bls\ppi_detailed_reports\ppi-detailed-report-april-2023.xlsx,True
BLS_PPI_ARCHIVED_DETAILED_REPORT_XLSX,PPI_AS_RELEASED_VINTAGE,WPU102,2023-03,334.985,2023-06-14,2023-06-14T12:30:00+00:00,2,2afba21c6d15e2e8d87d952f68e707473fb5aab63f9e5b3c30ea322f683a82af,SUBSEQUENT_PUBLICATION,True,2023-05,D:\Programming\python_example\ForecastTest\data-lake\bronze\industrials\v1_5\bls\ppi_detailed_reports\ppi-detailed-report-may-2023.xlsx,True
BLS_PPI_ARCHIVED_DETAILED_REPORT_XLSX,PPI_AS_RELEASED_VINTAGE,WPU102,2023-03,335.147,2023-07-13,2023-07-13T12:30:00+00:00,3,ea8e905a688e14ee5e2775c235b92ab43781961616c81e8dca253daef8704686,SUBSEQUENT_PUBLICATION,True,2023-06,D:\Programming\python_example\ForecastTest\data-lake\bronze\industrials\v1_5\bls\ppi_detailed_reports\ppi-detailed-report-june-2023.xlsx,True
BLS_PPI_ARCHIVED_DETAILED_REPORT_XLSX,PPI_AS_RELEASED_VINTAGE,WPU102,2023-03,335.171,2023-08-11,2023-08-11T12:30:00+00:00,4,2146fe7cb012b301739dd5df583325d33c87cf35a6465220708993c85aa9396c,SUBSEQUENT_PUBLICATION,True,2023-07,D:\Programming\python_example\ForecastTest\data-lake\bronze\industrials\v1_5\bls\ppi_detailed_reports\ppi-detailed-report-july-2023.xlsx,True
BLS_PPI_ARCHIVED_DETAILED_REPORT_XLSX,PPI_AS_RELEASED_VINTAGE,WPU102,2023-04,337.436,2023-05-11,2023-05-11T12:30:00+00:00,0,07e4f16c517f3c9214ff433b58ade38598d65a03b952a16d7d4db45d5e8b3f82,INITIAL_RELEASE,True,2023-04,D:\Programming\python_example\ForecastTest\data-lake\bronze\industrials\v1_5\bls\ppi_detailed_reports\ppi-detailed-report-april-2023.xlsx,False
BLS_PPI_ARCHIVED_DETAILED_REPORT_XLSX,PPI_AS_RELEASED_VINTAGE,WPU102,2023-04,334.613,2023-06-14,2023-06-14T12:30:00+00:00,1,2afba21c6d15e2e8d87d952f68e707473fb5aab63f9e5b3c30ea322f683a82af,SUBSEQUENT_PUBLICATION,True,2023-05,D:\Programming\python_example\ForecastTest\data-lake\bronze\industrials\v1_5\bls\ppi_detailed_reports\ppi-detailed-report-may-2023.xlsx,True
BLS_PPI_ARCHIVED_DETAILED_REPORT_XLSX,PPI_AS_RELEASED_VINTAGE,WPU102,2023-04,334.921,2023-07-13,2023-07-13T12:30:00+00:00,2,ea8e905a688e14ee5e2775c235b92ab43781961616c81e8dca253daef8704686,SUBSEQUENT_PUBLICATION,True,2023-06,D:\Programming\python_example\ForecastTest\data-lake\bronze\industrials\v1_5\bls\ppi_detailed_reports\ppi-detailed-report-june-2023.xlsx,True
BLS_PPI_ARCHIVED_DETAILED_REPORT_XLSX,PPI_AS_RELEASED_VINTAGE,WPU102,2023-04,334.954,2023-08-11,2023-08-11T12:30:00+00:00,3,2146fe7cb012b301739dd5df583325d33c87cf35a6465220708993c85aa9396c,SUBSEQUENT_PUBLICATION,True,2023-07,D:\Programming\python_example\ForecastTest\data-lake\bronze\industrials\v1_5\bls\ppi_detailed_reports\ppi-detailed-report-july-2023.xlsx,True
BLS_PPI_ARCHIVED_DETAILED_REPORT_XLSX,PPI_AS_RELEASED_VINTAGE,WPU102,2023-04,334.946,2023-09-14,2023-09-14T12:30:00+00:00,4,ab4916855f87fbb2837c4b9509a9518a11a2120ba7d4c0428414215a435bab02,SUBSEQUENT_PUBLICATION,True,2023-08,D:\Programming\python_example\ForecastTest\data-lake\bronze\industrials\v1_5\bls\ppi_detailed_reports\ppi-detailed-report-august-2023.xlsx,True
BLS_PPI_ARCHIVED_DETAILED_REPORT_XLSX,PPI_AS_RELEASED_VINTAGE,WPU102,2023-05,333.322,2023-06-14,2023-06-14T12:30:00+00:00,0,2afba21c6d15e2e8d87d952f68e707473fb5aab63f9e5b3c30ea322f683a82af,INITIAL_RELEASE,True,2023-05,D:\Programming\python_example\ForecastTest\data-lake\bronze\industrials\v1_5\bls\ppi_detailed_reports\ppi-detailed-report-may-2023.xlsx,False
BLS_PPI_ARCHIVED_DETAILED_REPORT_XLSX,PPI_AS_RELEASED_VINTAGE,WPU102,2023-05,333.835,2023-07-13,2023-07-13T12:30:00+00:00,1,ea8e905a688e14ee5e2775c235b92ab43781961616c81e8dca253daef8704686,SUBSEQUENT_PUBLICATION,True,2023-06,D:\Programming\python_example\ForecastTest\data-lake\bronze\industrials\v1_5\bls\ppi_detailed_reports\ppi-detailed-report-june-2023.xlsx,True
BLS_PPI_ARCHIVED_DETAILED_REPORT_XLSX,PPI_AS_RELEASED_VINTAGE,WPU102,2023-05,333.542,2023-08-11,2023-08-11T12:30:00+00:00,2,2146fe7cb012b301739dd5df583325d33c87cf35a6465220708993c85aa9396c,SUBSEQUENT_PUBLICATION,True,2023-07,D:\Programming\python_example\ForecastTest\data-lake\bronze\industrials\v1_5\bls\ppi_detailed_reports\ppi-detailed-report-july-2023.xlsx,True
BLS_PPI_ARCHIVED_DETAILED_REPORT_XLSX,PPI_AS_RELEASED_VINTAGE,WPU102,2023-05,334.482,2023-09-14,2023-09-14T12:30:00+00:00,3,ab4916855f87fbb2837c4b9509a9518a11a2120ba7d4c0428414215a435bab02,SUBSEQUENT_PUBLICATION,True,2023-08,D:\Programming\python_example\ForecastTest\data-lake\bronze\industrials\v1_5\bls\ppi_detailed_reports\ppi-detailed-report-august-2023.xlsx,True
BLS_PPI_ARCHIVED_DETAILED_REPORT_XLSX,PPI_AS_RELEASED_VINTAGE,WPU102,2023-05,333.473,2023-10-11,2023-10-11T12:30:00+00:00,4,af361ce61b71e4562f7de2bd3702fa0117334e9a0170eef8893d852d9652727e,SUBSEQUENT_PUBLICATION,True,2023-09,D:\Programming\python_example\ForecastTest\data-lake\bronze\industrials\v1_5\bls\ppi_detailed_reports\ppi-detailed-report-september-2023.xlsx,True
BLS_PPI_ARCHIVED_DETAILED_REPORT_XLSX,PPI_AS_RELEASED_VINTAGE,WPU102,2023-06,325.906,2023-07-13,2023-07-13T12:30:00+00:00,0,ea8e905a688e14ee5e2775c235b92ab43781961616c81e8dca253daef8704686,INITIAL_RELEASE,True,2023-06,D:\Programming\python_example\ForecastTest\data-lake\bronze\industrials\v1_5\bls\ppi_detailed_reports\ppi-detailed-report-june-2023.xlsx,False
BLS_PPI_ARCHIVED_DETAILED_REPORT_XLSX,PPI_AS_RELEASED_VINTAGE,WPU102,2023-06,327.429,2023-08-11,2023-08-11T12:30:00+00:00,1,2146fe7cb012b301739dd5df583325d33c87cf35a6465220708993c85aa9396c,SUBSEQUENT_PUBLICATION,True,2023-07,D:\Programming\python_example\ForecastTest\data-lake\bronze\industrials\v1_5\bls\ppi_detailed_reports\ppi-detailed-report-july-2023.xlsx,True
BLS_PPI_ARCHIVED_DETAILED_REPORT_XLSX,PPI_AS_RELEASED_VINTAGE,WPU102,2023-06,328.941,2023-09-14,2023-09-14T12:30:00+00:00,2,ab4916855f87fbb2837c4b9509a9518a11a2120ba7d4c0428414215a435bab02,SUBSEQUENT_PUBLICATION,True,2023-08,D:\Programming\python_example\ForecastTest\data-lake\bronze\industrials\v1_5\bls\ppi_detailed_reports\ppi-detailed-report-august-2023.xlsx,True
BLS_PPI_ARCHIVED_DETAILED_REPORT_XLSX,PPI_AS_RELEASED_VINTAGE,WPU102,2023-06,328.889,2023-10-11,2023-10-11T12:30:00+00:00,3,af361ce61b71e4562f7de2bd3702fa0117334e9a0170eef8893d852d9652727e,SUBSEQUENT_PUBLICATION,True,2023-09,D:\Programming\python_example\ForecastTest\data-lake\bronze\industrials\v1_5\bls\ppi_detailed_reports\ppi-detailed-report-september-2023.xlsx,True
BLS_PPI_ARCHIVED_DETAILED_REPORT_XLSX,PPI_AS_RELEASED_VINTAGE,WPU102,2023-06,328.912,2023-11-15,2023-11-15T13:30:00+00:00,4,d8274ecc9f5b83e06e54ac4cb8376fef44e6e4c77e389e727414d19d557381e4,SUBSEQUENT_PUBLICATION,True,2023-10,D:\Programming\python_example\ForecastTest\data-lake\bronze\industrials\v1_5\bls\ppi_detailed_reports\ppi-detailed-report-october-2023.xlsx,True
BLS_PPI_ARCHIVED_DETAILED_REPORT_XLSX,PPI_AS_RELEASED_VINTAGE,WPU102,2023-07,322.077,2023-08-11,2023-08-11T12:30:00+00:00,0,2146fe7cb012b301739dd5df583325d33c87cf35a6465220708993c85aa9396c,INITIAL_RELEASE,True,2023-07,D:\Programming\python_example\ForecastTest\data-lake\bronze\industrials\v1_5\bls\ppi_detailed_reports\ppi-detailed-report-july-2023.xlsx,False
BLS_PPI_ARCHIVED_DETAILED_REPORT_XLSX,PPI_AS_RELEASED_VINTAGE,WPU102,2023-07,323.996,2023-09-14,2023-09-14T12:30:00+00:00,1,ab4916855f87fbb2837c4b9509a9518a11a2120ba7d4c0428414215a435bab02,SUBSEQUENT_PUBLICATION,True,2023-08,D:\Programming\python_example\ForecastTest\data-lake\bronze\industrials\v1_5\bls\ppi_detailed_reports\ppi-detailed-report-august-2023.xlsx,True
BLS_PPI_ARCHIVED_DETAILED_REPORT_XLSX,PPI_AS_RELEASED_VINTAGE,WPU102,2023-07,324.934,2023-10-11,2023-10-11T12:30:00+00:00,2,af361ce61b71e4562f7de2bd3702fa0117334e9a0170eef8893d852d9652727e,SUBSEQUENT_PUBLICATION,True,2023-09,D:\Programming\python_example\ForecastTest\data-lake\bronze\industrials\v1_5\bls\ppi_detailed_reports\ppi-detailed-report-september-2023.xlsx,True
BLS_PPI_ARCHIVED_DETAILED_REPORT_XLSX,PPI_AS_RELEASED_VINTAGE,WPU102,2023-07,324.56,2023-11-15,2023-11-15T13:30:00+00:00,3,d8274ecc9f5b83e06e54ac4cb8376fef44e6e4c77e389e727414d19d557381e4,SUBSEQUENT_PUBLICATION,True,2023-10,D:\Programming\python_example\ForecastTest\data-lake\bronze\industrials\v1_5\bls\ppi_detailed_reports\ppi-detailed-report-october-2023.xlsx,True
BLS_PPI_ARCHIVED_DETAILED_REPORT_XLSX,PPI_AS_RELEASED_VINTAGE,WPU102,2023-07,324.854,2023-12-13,2023-12-13T13:30:00+00:00,4,39b3ac396833790a657d26cf0f9b7e0576fea88619db619ca65c877dafe85d76,SUBSEQUENT_PUBLICATION,True,2023-11,D:\Programming\python_example\ForecastTest\data-lake\bronze\industrials\v1_5\bls\ppi_detailed_reports\ppi-detailed-report-november-2023.xlsx,True
BLS_PPI_ARCHIVED_DETAILED_REPORT_XLSX,PPI_AS_RELEASED_VINTAGE,WPU102,2023-08,321.303,2023-09-14,2023-09-14T12:30:00+00:00,0,ab4916855f87fbb2837c4b9509a9518a11a2120ba7d4c0428414215a435bab02,INITIAL_RELEASE,True,2023-08,D:\Programming\python_example\ForecastTest\data-lake\bronze\industrials\v1_5\bls\ppi_detailed_reports\ppi-detailed-report-august-2023.xlsx,False
BLS_PPI_ARCHIVED_DETAILED_REPORT_XLSX,PPI_AS_RELEASED_VINTAGE,WPU102,2023-08,321.832,2023-10-11,2023-10-11T12:30:00+00:00,1,af361ce61b71e4562f7de2bd3702fa0117334e9a0170eef8893d852d9652727e,SUBSEQUENT_PUBLICATION,True,2023-09,D:\Programming\python_example\ForecastTest\data-lake\bronze\industrials\v1_5\bls\ppi_detailed_reports\ppi-detailed-report-september-2023.xlsx,True
BLS_PPI_ARCHIVED_DETAILED_REPORT_XLSX,PPI_AS_RELEASED_VINTAGE,WPU102,2023-08,321.9,2023-11-15,2023-11-15T13:30:00+00:00,2,d8274ecc9f5b83e06e54ac4cb8376fef44e6e4c77e389e727414d19d557381e4,SUBSEQUENT_PUBLICATION,True,2023-10,D:\Programming\python_example\ForecastTest\data-lake\bronze\industrials\v1_5\bls\ppi_detailed_reports\ppi-detailed-report-october-2023.xlsx,True
BLS_PPI_ARCHIVED_DETAILED_REPORT_XLSX,PPI_AS_RELEASED_VINTAGE,WPU102,2023-08,322.222,2023-12-13,2023-12-13T13:30:00+00:00,3,39b3ac396833790a657d26cf0f9b7e0576fea88619db619ca65c877dafe85d76,SUBSEQUENT_PUBLICATION,True,2023-11,D:\Programming\python_example\ForecastTest\data-lake\bronze\industrials\v1_5\bls\ppi_detailed_reports\ppi-detailed-report-november-2023.xlsx,True
BLS_PPI_ARCHIVED_DETAILED_REPORT_XLSX,PPI_AS_RELEASED_VINTAGE,WPU102,2023-08,322.229,2024-01-12,2024-01-12T13:30:00+00:00,4,a9dcbf2af4f3af9fd547b824b03b6c3856dcf2bfb19da4da6fcf3d8ef68a79d3,SUBSEQUENT_PUBLICATION,True,2023-12,D:\Programming\python_example\ForecastTest\data-lake\bronze\industrials\v1_5\bls\ppi_detailed_reports\ppi-detailed-report-december-2023.xlsx,True
BLS_PPI_ARCHIVED_DETAILED_REPORT_XLSX,PPI_AS_RELEASED_VINTAGE,WPU102,2023-09,320.732,2023-10-11,2023-10-11T12:30:00+00:00,0,af361ce61b71e4562f7de2bd3702fa0117334e9a0170eef8893d852d9652727e,INITIAL_RELEASE,True,2023-09,D:\Programming\python_example\ForecastTest\data-lake\bronze\industrials\v1_5\bls\ppi_detailed_reports\ppi-detailed-report-september-2023.xlsx,False
BLS_PPI_ARCHIVED_DETAILED_REPORT_XLSX,PPI_AS_RELEASED_VINTAGE,WPU102,2023-09,320.585,2023-11-15,2023-11-15T13:30:00+00:00,1,d8274ecc9f5b83e06e54ac4cb8376fef44e6e4c77e389e727414d19d557381e4,SUBSEQUENT_PUBLICATION,True,2023-10,D:\Programming\python_example\ForecastTest\data-lake\bronze\industrials\v1_5\bls\ppi_detailed_reports\ppi-detailed-report-october-2023.xlsx,True
BLS_PPI_ARCHIVED_DETAILED_REPORT_XLSX,PPI_AS_RELEASED_VINTAGE,WPU102,2023-09,320.878,2023-12-13,2023-12-13T13:30:00+00:00,2,39b3ac396833790a657d26cf0f9b7e0576fea88619db619ca65c877dafe85d76,SUBSEQUENT_PUBLICATION,True,2023-11,D:\Programming\python_example\ForecastTest\data-lake\bronze\industrials\v1_5\bls\ppi_detailed_reports\ppi-detailed-report-november-2023.xlsx,True
BLS_PPI_ARCHIVED_DETAILED_REPORT_XLSX,PPI_AS_RELEASED_VINTAGE,WPU102,2023-09,320.867,2024-01-12,2024-01-12T13:30:00+00:00,3,a9dcbf2af4f3af9fd547b824b03b6c3856dcf2bfb19da4da6fcf3d8ef68a79d3,SUBSEQUENT_PUBLICATION,True,2023-12,D:\Programming\python_example\ForecastTest\data-lake\bronze\industrials\v1_5\bls\ppi_detailed_reports\ppi-detailed-report-december-2023.xlsx,True
BLS_PPI_ARCHIVED_DETAILED_REPORT_XLSX,PPI_AS_RELEASED_VINTAGE,WPU102,2023-09,320.944,2024-02-16,2024-02-16T13:30:00+00:00,4,85dfbbd26349b5ac4733938c870b4446b0101e3022b5fa3241e3820ac3201eb5,SUBSEQUENT_PUBLICATION,True,2024-01,D:\Programming\python_example\ForecastTest\data-lake\bronze\industrials\v1_5\bls\ppi_detailed_reports\ppi-detailed-report-january-2024.xlsx,True
BLS_PPI_ARCHIVED_DETAILED_REPORT_XLSX,PPI_AS_RELEASED_VINTAGE,WPU102,2023-10,318.888,2023-11-15,2023-11-15T13:30:00+00:00,0,d8274ecc9f5b83e06e54ac4cb8376fef44e6e4c77e389e727414d19d557381e4,INITIAL_RELEASE,True,2023-10,D:\Programming\python_example\ForecastTest\data-lake\bronze\industrials\v1_5\bls\ppi_detailed_reports\ppi-detailed-report-october-2023.xlsx,False
BLS_PPI_ARCHIVED_DETAILED_REPORT_XLSX,PPI_AS_RELEASED_VINTAGE,WPU102,2023-10,319.504,2023-12-13,2023-12-13T13:30:00+00:00,1,39b3ac396833790a657d26cf0f9b7e0576fea88619db619ca65c877dafe85d76,SUBSEQUENT_PUBLICATION,True,2023-11,D:\Programming\python_example\ForecastTest\data-lake\bronze\industrials\v1_5\bls\ppi_detailed_reports\ppi-detailed-report-november-2023.xlsx,True
BLS_PPI_ARCHIVED_DETAILED_REPORT_XLSX,PPI_AS_RELEASED_VINTAGE,WPU102,2023-10,319.662,2024-01-12,2024-01-12T13:30:00+00:00,2,a9dcbf2af4f3af9fd547b824b03b6c3856dcf2bfb19da4da6fcf3d8ef68a79d3,SUBSEQUENT_PUBLICATION,True,2023-12,D:\Programming\python_example\ForecastTest\data-lake\bronze\industrials\v1_5\bls\ppi_detailed_reports\ppi-detailed-report-december-2023.xlsx,True
BLS_PPI_ARCHIVED_DETAILED_REPORT_XLSX,PPI_AS_RELEASED_VINTAGE,WPU102,2023-10,319.777,2024-02-16,2024-02-16T13:30:00+00:00,3,85dfbbd26349b5ac4733938c870b4446b0101e3022b5fa3241e3820ac3201eb5,SUBSEQUENT_PUBLICATION,True,2024-01,D:\Programming\python_example\ForecastTest\data-lake\bronze\industrials\v1_5\bls\ppi_detailed_reports\ppi-detailed-report-january-2024.xlsx,True
BLS_PPI_ARCHIVED_DETAILED_REPORT_XLSX,PPI_AS_RELEASED_VINTAGE,WPU102,2023-10,319.798,2024-03-14,2024-03-14T12:30:00+00:00,4,712ef199314b0b8da4fef7fcdc6910571ac1a79ff56a3c1deb5312ce72969a4c,SUBSEQUENT_PUBLICATION,True,2024-02,D:\Programming\python_example\ForecastTest\data-lake\bronze\industrials\v1_5\bls\ppi_detailed_reports\ppi-detailed-report-february-2024.xlsx,True
BLS_PPI_ARCHIVED_DETAILED_REPORT_XLSX,PPI_AS_RELEASED_VINTAGE,WPU102,2023-11,318.876,2023-12-13,2023-12-13T13:30:00+00:00,0,39b3ac396833790a657d26cf0f9b7e0576fea88619db619ca65c877dafe85d76,INITIAL_RELEASE,True,2023-11,D:\Programming\python_example\ForecastTest\data-lake\bronze\industrials\v1_5\bls\ppi_detailed_reports\ppi-detailed-report-november-2023.xlsx,False
BLS_PPI_ARCHIVED_DETAILED_REPORT_XLSX,PPI_AS_RELEASED_VINTAGE,WPU102,2023-11,321.371,2024-01-12,2024-01-12T13:30:00+00:00,1,a9dcbf2af4f3af9fd547b824b03b6c3856dcf2bfb19da4da6fcf3d8ef68a79d3,SUBSEQUENT_PUBLICATION,True,2023-12,D:\Programming\python_example\ForecastTest\data-lake\bronze\industrials\v1_5\bls\ppi_detailed_reports\ppi-detailed-report-december-2023.xlsx,True
BLS_PPI_ARCHIVED_DETAILED_REPORT_XLSX,PPI_AS_RELEASED_VINTAGE,WPU102,2023-11,321.351,2024-02-16,2024-02-16T13:30:00+00:00,2,85dfbbd26349b5ac4733938c870b4446b0101e3022b5fa3241e3820ac3201eb5,SUBSEQUENT_PUBLICATION,True,2024-01,D:\Programming\python_example\ForecastTest\data-lake\bronze\industrials\v1_5\bls\ppi_detailed_reports\ppi-detailed-report-january-2024.xlsx,True
BLS_PPI_ARCHIVED_DETAILED_REPORT_XLSX,PPI_AS_RELEASED_VINTAGE,WPU102,2023-11,320.609,2024-03-14,2024-03-14T12:30:00+00:00,3,712ef199314b0b8da4fef7fcdc6910571ac1a79ff56a3c1deb5312ce72969a4c,SUBSEQUENT_PUBLICATION,True,2024-02,D:\Programming\python_example\ForecastTest\data-lake\bronze\industrials\v1_5\bls\ppi_detailed_reports\ppi-detailed-report-february-2024.xlsx,True
BLS_PPI_ARCHIVED_DETAILED_REPORT_XLSX,PPI_AS_RELEASED_VINTAGE,WPU102,2023-11,320.644,2024-04-11,2024-04-11T12:30:00+00:00,4,c3c9f4d66951acd1f403d494a508924bef8e1a60e80097360bfb6cc1e38a57c4,SUBSEQUENT_PUBLICATION,True,2024-03,D:\Programming\python_example\ForecastTest\data-lake\bronze\industrials\v1_5\bls\ppi_detailed_reports\ppi-detailed-report-march-2024.xlsx,True
BLS_PPI_ARCHIVED_DETAILED_REPORT_XLSX,PPI_AS_RELEASED_VINTAGE,WPU102,2023-12,325.131,2024-01-12,2024-01-12T13:30:00+00:00,0,a9dcbf2af4f3af9fd547b824b03b6c3856dcf2bfb19da4da6fcf3d8ef68a79d3,INITIAL_RELEASE,True,2023-12,D:\Programming\python_example\ForecastTest\data-lake\bronze\industrials\v1_5\bls\ppi_detailed_reports\ppi-detailed-report-december-2023.xlsx,False
BLS_PPI_ARCHIVED_DETAILED_REPORT_XLSX,PPI_AS_RELEASED_VINTAGE,WPU102,2023-12,324.101,2024-02-16,2024-02-16T13:30:00+00:00,1,85dfbbd26349b5ac4733938c870b4446b0101e3022b5fa3241e3820ac3201eb5,SUBSEQUENT_PUBLICATION,True,2024-01,D:\Programming\python_example\ForecastTest\data-lake\bronze\industrials\v1_5\bls\ppi_detailed_reports\ppi-detailed-report-january-2024.xlsx,True
BLS_PPI_ARCHIVED_DETAILED_REPORT_XLSX,PPI_AS_RELEASED_VINTAGE,WPU102,2023-12,323.062,2024-03-14,2024-03-14T12:30:00+00:00,2,712ef199314b0b8da4fef7fcdc6910571ac1a79ff56a3c1deb5312ce72969a4c,SUBSEQUENT_PUBLICATION,True,2024-02,D:\Programming\python_example\ForecastTest\data-lake\bronze\industrials\v1_5\bls\ppi_detailed_reports\ppi-detailed-report-february-2024.xlsx,True
BLS_PPI_ARCHIVED_DETAILED_REPORT_XLSX,PPI_AS_RELEASED_VINTAGE,WPU102,2023-12,323.146,2024-04-11,2024-04-11T12:30:00+00:00,3,c3c9f4d66951acd1f403d494a508924bef8e1a60e80097360bfb6cc1e38a57c4,SUBSEQUENT_PUBLICATION,True,2024-03,D:\Programming\python_example\ForecastTest\data-lake\bronze\industrials\v1_5\bls\ppi_detailed_reports\ppi-detailed-report-march-2024.xlsx,True
BLS_PPI_ARCHIVED_DETAILED_REPORT_XLSX,PPI_AS_RELEASED_VINTAGE,WPU102,2023-12,323.022,2024-05-14,2024-05-14T12:30:00+00:00,4,d6e4a8b49906b7ecc8701547fae82f1cded20402aaac3f7cb0364014af7f559a,SUBSEQUENT_PUBLICATION,True,2024-04,D:\Programming\python_example\ForecastTest\data-lake\bronze\industrials\v1_5\bls\ppi_detailed_reports\ppi-detailed-report-april-2024.xlsx,True
BLS_PPI_ARCHIVED_DETAILED_REPORT_XLSX,PPI_AS_RELEASED_VINTAGE,WPU102,2024-01,321.841,2024-02-16,2024-02-16T13:30:00+00:00,0,85dfbbd26349b5ac4733938c870b4446b0101e3022b5fa3241e3820ac3201eb5,INITIAL_RELEASE,True,2024-01,D:\Programming\python_example\ForecastTest\data-lake\bronze\industrials\v1_5\bls\ppi_detailed_reports\ppi-detailed-report-january-2024.xlsx,False
BLS_PPI_ARCHIVED_DETAILED_REPORT_XLSX,PPI_AS_RELEASED_VINTAGE,WPU102,2024-01,321.562,2024-03-14,2024-03-14T12:30:00+00:00,1,712ef199314b0b8da4fef7fcdc6910571ac1a79ff56a3c1deb5312ce72969a4c,SUBSEQUENT_PUBLICATION,True,2024-02,D:\Programming\python_example\ForecastTest\data-lake\bronze\industrials\v1_5\bls\ppi_detailed_reports\ppi-detailed-report-february-2024.xlsx,True
BLS_PPI_ARCHIVED_DETAILED_REPORT_XLSX,PPI_AS_RELEASED_VINTAGE,WPU102,2024-01,321.9,2024-04-11,2024-04-11T12:30:00+00:00,2,c3c9f4d66951acd1f403d494a508924bef8e1a60e80097360bfb6cc1e38a57c4,SUBSEQUENT_PUBLICATION,True,2024-03,D:\Programming\python_example\ForecastTest\data-lake\bronze\industrials\v1_5\bls\ppi_detailed_reports\ppi-detailed-report-march-2024.xlsx,True
BLS_PPI_ARCHIVED_DETAILED_REPORT_XLSX,PPI_AS_RELEASED_VINTAGE,WPU102,2024-01,321.669,2024-05-14,2024-05-14T12:30:00+00:00,3,d6e4a8b49906b7ecc8701547fae82f1cded20402aaac3f7cb0364014af7f559a,SUBSEQUENT_PUBLICATION,True,2024-04,D:\Programming\python_example\ForecastTest\data-lake\bronze\industrials\v1_5\bls\ppi_detailed_reports\ppi-detailed-report-april-2024.xlsx,True
BLS_PPI_ARCHIVED_DETAILED_REPORT_XLSX,PPI_AS_RELEASED_VINTAGE,WPU102,2024-01,321.658,2024-06-13,2024-06-13T12:30:00+00:00,4,be7202915b3545cf08d4f4b571515a43e4ca0ee0239bd9e138bb2bd0fcfea517,SUBSEQUENT_PUBLICATION,True,2024-05,D:\Programming\python_example\ForecastTest\data-lake\bronze\industrials\v1_5\bls\ppi_detailed_reports\ppi-detailed-report-may-2024.xlsx,True
BLS_PPI_ARCHIVED_DETAILED_REPORT_XLSX,PPI_AS_RELEASED_VINTAGE,WPU102,2024-02,321.425,2024-03-14,2024-03-14T12:30:00+00:00,0,712ef199314b0b8da4fef7fcdc6910571ac1a79ff56a3c1deb5312ce72969a4c,INITIAL_RELEASE,True,2024-02,D:\Programming\python_example\ForecastTest\data-lake\bronze\industrials\v1_5\bls\ppi_detailed_reports\ppi-detailed-report-february-2024.xlsx,False
BLS_PPI_ARCHIVED_DETAILED_REPORT_XLSX,PPI_AS_RELEASED_VINTAGE,WPU102,2024-02,322.02,2024-04-11,2024-04-11T12:30:00+00:00,1,c3c9f4d66951acd1f403d494a508924bef8e1a60e80097360bfb6cc1e38a57c4,SUBSEQUENT_PUBLICATION,True,2024-03,D:\Programming\python_example\ForecastTest\data-lake\bronze\industrials\v1_5\bls\ppi_detailed_reports\ppi-detailed-report-march-2024.xlsx,True
BLS_PPI_ARCHIVED_DETAILED_REPORT_XLSX,PPI_AS_RELEASED_VINTAGE,WPU102,2024-02,321.357,2024-05-14,2024-05-14T12:30:00+00:00,2,d6e4a8b49906b7ecc8701547fae82f1cded20402aaac3f7cb0364014af7f559a,SUBSEQUENT_PUBLICATION,True,2024-04,D:\Programming\python_example\ForecastTest\data-lake\bronze\industrials\v1_5\bls\ppi_detailed_reports\ppi-detailed-report-april-2024.xlsx,True
BLS_PPI_ARCHIVED_DETAILED_REPORT_XLSX,PPI_AS_RELEASED_VINTAGE,WPU102,2024-02,321.495,2024-06-13,2024-06-13T12:30:00+00:00,3,be7202915b3545cf08d4f4b571515a43e4ca0ee0239bd9e138bb2bd0fcfea517,SUBSEQUENT_PUBLICATION,True,2024-05,D:\Programming\python_example\ForecastTest\data-lake\bronze\industrials\v1_5\bls\ppi_detailed_reports\ppi-detailed-report-may-2024.xlsx,True
BLS_PPI_ARCHIVED_DETAILED_REPORT_XLSX,PPI_AS_RELEASED_VINTAGE,WPU102,2024-02,322.158,2024-07-12,2024-07-12T12:30:00+00:00,4,8eaaf8cd7eefb875e7d59c29aa28db9460a963ae145625d66f89f2e58f2d1b63,SUBSEQUENT_PUBLICATION,True,2024-06,D:\Programming\python_example\ForecastTest\data-lake\bronze\industrials\v1_5\bls\ppi_detailed_reports\ppi-detailed-report-june-2024.xlsx,True
BLS_PPI_ARCHIVED_DETAILED_REPORT_XLSX,PPI_AS_RELEASED_VINTAGE,WPU102,2024-03,330.828,2024-04-11,2024-04-11T12:30:00+00:00,0,c3c9f4d66951acd1f403d494a508924bef8e1a60e80097360bfb6cc1e38a57c4,INITIAL_RELEASE,True,2024-03,D:\Programming\python_example\ForecastTest\data-lake\bronze\industrials\v1_5\bls\ppi_detailed_reports\ppi-detailed-report-march-2024.xlsx,False
BLS_PPI_ARCHIVED_DETAILED_REPORT_XLSX,PPI_AS_RELEASED_VINTAGE,WPU102,2024-03,326.565,2024-05-14,2024-05-14T12:30:00+00:00,1,d6e4a8b49906b7ecc8701547fae82f1cded20402aaac3f7cb0364014af7f559a,SUBSEQUENT_PUBLICATION,True,2024-04,D:\Programming\python_example\ForecastTest\data-lake\bronze\industrials\v1_5\bls\ppi_detailed_reports\ppi-detailed-report-april-2024.xlsx,True
BLS_PPI_ARCHIVED_DETAILED_REPORT_XLSX,PPI_AS_RELEASED_VINTAGE,WPU102,2024-03,326.669,2024-06-13,2024-06-13T12:30:00+00:00,2,be7202915b3545cf08d4f4b571515a43e4ca0ee0239bd9e138bb2bd0fcfea517,SUBSEQUENT_PUBLICATION,True,2024-05,D:\Programming\python_example\ForecastTest\data-lake\bronze\industrials\v1_5\bls\ppi_detailed_reports\ppi-detailed-report-may-2024.xlsx,True
BLS_PPI_ARCHIVED_DETAILED_REPORT_XLSX,PPI_AS_RELEASED_VINTAGE,WPU102,2024-03,327.753,2024-07-12,2024-07-12T12:30:00+00:00,3,8eaaf8cd7eefb875e7d59c29aa28db9460a963ae145625d66f89f2e58f2d1b63,SUBSEQUENT_PUBLICATION,True,2024-06,D:\Programming\python_example\ForecastTest\data-lake\bronze\industrials\v1_5\bls\ppi_detailed_reports\ppi-detailed-report-june-2024.xlsx,True
BLS_PPI_ARCHIVED_DETAILED_REPORT_XLSX,PPI_AS_RELEASED_VINTAGE,WPU102,2024-03,327.703,2024-08-13,2024-08-13T12:30:00+00:00,4,b2310fc2f2a8768eb9b4cdbcfe2c3fa150618d02da750bbccd5e9d4210c77658,SUBSEQUENT_PUBLICATION,True,2024-07,D:\Programming\python_example\ForecastTest\data-lake\bronze\industrials\v1_5\bls\ppi_detailed_reports\ppi-detailed-report-july-2024.xlsx,True
BLS_PPI_ARCHIVED_DETAILED_REPORT_XLSX,PPI_AS_RELEASED_VINTAGE,WPU102,2024-04,335.102,2024-05-14,2024-05-14T12:30:00+00:00,0,d6e4a8b49906b7ecc8701547fae82f1cded20402aaac3f7cb0364014af7f559a,INITIAL_RELEASE,True,2024-04,D:\Programming\python_example\ForecastTest\data-lake\bronze\industrials\v1_5\bls\ppi_detailed_reports\ppi-detailed-report-april-2024.xlsx,False
BLS_PPI_ARCHIVED_DETAILED_REPORT_XLSX,PPI_AS_RELEASED_VINTAGE,WPU102,2024-04,335.107,2024-06-13,2024-06-13T12:30:00+00:00,1,be7202915b3545cf08d4f4b571515a43e4ca0ee0239bd9e138bb2bd0fcfea517,SUBSEQUENT_PUBLICATION,True,2024-05,D:\Programming\python_example\ForecastTest\data-lake\bronze\industrials\v1_5\bls\ppi_detailed_reports\ppi-detailed-report-may-2024.xlsx,True
BLS_PPI_ARCHIVED_DETAILED_REPORT_XLSX,PPI_AS_RELEASED_VINTAGE,WPU102,2024-04,336.151,2024-07-12,2024-07-12T12:30:00+00:00,2,8eaaf8cd7eefb875e7d59c29aa28db9460a963ae145625d66f89f2e58f2d1b63,SUBSEQUENT_PUBLICATION,True,2024-06,D:\Programming\python_example\ForecastTest\data-lake\bronze\industrials\v1_5\bls\ppi_detailed_reports\ppi-detailed-report-june-2024.xlsx,True
BLS_PPI_ARCHIVED_DETAILED_REPORT_XLSX,PPI_AS_RELEASED_VINTAGE,WPU102,2024-04,336.744,2024-08-13,2024-08-13T12:30:00+00:00,3,b2310fc2f2a8768eb9b4cdbcfe2c3fa150618d02da750bbccd5e9d4210c77658,SUBSEQUENT_PUBLICATION,True,2024-07,D:\Programming\python_example\ForecastTest\data-lake\bronze\industrials\v1_5\bls\ppi_detailed_reports\ppi-detailed-report-july-2024.xlsx,True
BLS_PPI_ARCHIVED_DETAILED_REPORT_XLSX,PPI_AS_RELEASED_VINTAGE,WPU102,2024-04,336.562,2024-09-12,2024-09-12T12:30:00+00:00,4,713cea4beabca9f3d121ececd99a3aba4ef5a9065c7b14f6fea32acf89152bd6,SUBSEQUENT_PUBLICATION,True,2024-08,D:\Programming\python_example\ForecastTest\data-lake\bronze\industrials\v1_5\bls\ppi_detailed_reports\ppi-detailed-report-august-2024.xlsx,True
BLS_PPI_ARCHIVED_DETAILED_REPORT_XLSX,PPI_AS_RELEASED_VINTAGE,WPU102,2024-05,350.624,2024-06-13,2024-06-13T12:30:00+00:00,0,be7202915b3545cf08d4f4b571515a43e4ca0ee0239bd9e138bb2bd0fcfea517,INITIAL_RELEASE,True,2024-05,D:\Programming\python_example\ForecastTest\data-lake\bronze\industrials\v1_5\bls\ppi_detailed_reports\ppi-detailed-report-may-2024.xlsx,False
BLS_PPI_ARCHIVED_DETAILED_REPORT_XLSX,PPI_AS_RELEASED_VINTAGE,WPU102,2024-05,350.99,2024-07-12,2024-07-12T12:30:00+00:00,1,8eaaf8cd7eefb875e7d59c29aa28db9460a963ae145625d66f89f2e58f2d1b63,SUBSEQUENT_PUBLICATION,True,2024-06,D:\Programming\python_example\ForecastTest\data-lake\bronze\industrials\v1_5\bls\ppi_detailed_reports\ppi-detailed-report-june-2024.xlsx,True
BLS_PPI_ARCHIVED_DETAILED_REPORT_XLSX,PPI_AS_RELEASED_VINTAGE,WPU102,2024-05,351.131,2024-08-13,2024-08-13T12:30:00+00:00,2,b2310fc2f2a8768eb9b4cdbcfe2c3fa150618d02da750bbccd5e9d4210c77658,SUBSEQUENT_PUBLICATION,True,2024-07,D:\Programming\python_example\ForecastTest\data-lake\bronze\industrials\v1_5\bls\ppi_detailed_reports\ppi-detailed-report-july-2024.xlsx,True
BLS_PPI_ARCHIVED_DETAILED_REPORT_XLSX,PPI_AS_RELEASED_VINTAGE,WPU102,2024-05,351.2,2024-09-12,2024-09-12T12:30:00+00:00,3,713cea4beabca9f3d121ececd99a3aba4ef5a9065c7b14f6fea32acf89152bd6,SUBSEQUENT_PUBLICATION,True,2024-08,D:\Programming\python_example\ForecastTest\data-lake\bronze\industrials\v1_5\bls\ppi_detailed_reports\ppi-detailed-report-august-2024.xlsx,True
BLS_PPI_ARCHIVED_DETAILED_REPORT_XLSX,PPI_AS_RELEASED_VINTAGE,WPU102,2024-05,351.2,2024-10-11,2024-10-11T12:30:00+00:00,4,ba18db08f7a057be631caab5bf8e6312b62d947dd5dbe2685f968ab3bf8a6915,SUBSEQUENT_PUBLICATION,True,2024-09,D:\Programming\python_example\ForecastTest\data-lake\bronze\industrials\v1_5\bls\ppi_detailed_reports\ppi-detailed-report-september-2024.xlsx,False
BLS_PPI_ARCHIVED_DETAILED_REPORT_XLSX,PPI_AS_RELEASED_VINTAGE,WPU102,2024-06,352.141,2024-07-12,2024-07-12T12:30:00+00:00,0,8eaaf8cd7eefb875e7d59c29aa28db9460a963ae145625d66f89f2e58f2d1b63,INITIAL_RELEASE,True,2024-06,D:\Programming\python_example\ForecastTest\data-lake\bronze\industrials\v1_5\bls\ppi_detailed_reports\ppi-detailed-report-june-2024.xlsx,False
BLS_PPI_ARCHIVED_DETAILED_REPORT_XLSX,PPI_AS_RELEASED_VINTAGE,WPU102,2024-06,352.207,2024-08-13,2024-08-13T12:30:00+00:00,1,b2310fc2f2a8768eb9b4cdbcfe2c3fa150618d02da750bbccd5e9d4210c77658,SUBSEQUENT_PUBLICATION,True,2024-07,D:\Programming\python_example\ForecastTest\data-lake\bronze\industrials\v1_5\bls\ppi_detailed_reports\ppi-detailed-report-july-2024.xlsx,True
BLS_PPI_ARCHIVED_DETAILED_REPORT_XLSX,PPI_AS_RELEASED_VINTAGE,WPU102,2024-06,351.999,2024-09-12,2024-09-12T12:30:00+00:00,2,713cea4beabca9f3d121ececd99a3aba4ef5a9065c7b14f6fea32acf89152bd6,SUBSEQUENT_PUBLICATION,True,2024-08,D:\Programming\python_example\ForecastTest\data-lake\bronze\industrials\v1_5\bls\ppi_detailed_reports\ppi-detailed-report-august-2024.xlsx,True
BLS_PPI_ARCHIVED_DETAILED_REPORT_XLSX,PPI_AS_RELEASED_VINTAGE,WPU102,2024-06,351.99,2024-10-11,2024-10-11T12:30:00+00:00,3,ba18db08f7a057be631caab5bf8e6312b62d947dd5dbe2685f968ab3bf8a6915,SUBSEQUENT_PUBLICATION,True,2024-09,D:\Programming\python_example\ForecastTest\data-lake\bronze\industrials\v1_5\bls\ppi_detailed_reports\ppi-detailed-report-september-2024.xlsx,True
BLS_PPI_ARCHIVED_DETAILED_REPORT_XLSX,PPI_AS_RELEASED_VINTAGE,WPU102,2024-06,351.993,2024-11-14,2024-11-14T13:30:00+00:00,4,3628bbcb5f41d0ff242c3ab4009ab1b4b2df4d8a465ca2d7e4c7ace5c950e492,SUBSEQUENT_PUBLICATION,True,2024-10,D:\Programming\python_example\ForecastTest\data-lake\bronze\industrials\v1_5\bls\ppi_detailed_reports\ppi-detailed-report-october-2024.xlsx,False
BLS_PPI_ARCHIVED_DETAILED_REPORT_XLSX,PPI_AS_RELEASED_VINTAGE,WPU102,2024-07,352.569,2024-08-13,2024-08-13T12:30:00+00:00,0,b2310fc2f2a8768eb9b4cdbcfe2c3fa150618d02da750bbccd5e9d4210c77658,INITIAL_RELEASE,True,2024-07,D:\Programming\python_example\ForecastTest\data-lake\bronze\industrials\v1_5\bls\ppi_detailed_reports\ppi-detailed-report-july-2024.xlsx,False
BLS_PPI_ARCHIVED_DETAILED_REPORT_XLSX,PPI_AS_RELEASED_VINTAGE,WPU102,2024-07,352.119,2024-09-12,2024-09-12T12:30:00+00:00,1,713cea4beabca9f3d121ececd99a3aba4ef5a9065c7b14f6fea32acf89152bd6,SUBSEQUENT_PUBLICATION,True,2024-08,D:\Programming\python_example\ForecastTest\data-lake\bronze\industrials\v1_5\bls\ppi_detailed_reports\ppi-detailed-report-august-2024.xlsx,True
BLS_PPI_ARCHIVED_DETAILED_REPORT_XLSX,PPI_AS_RELEASED_VINTAGE,WPU102,2024-07,352.123,2024-10-11,2024-10-11T12:30:00+00:00,2,ba18db08f7a057be631caab5bf8e6312b62d947dd5dbe2685f968ab3bf8a6915,SUBSEQUENT_PUBLICATION,True,2024-09,D:\Programming\python_example\ForecastTest\data-lake\bronze\industrials\v1_5\bls\ppi_detailed_reports\ppi-detailed-report-september-2024.xlsx,True
BLS_PPI_ARCHIVED_DETAILED_REPORT_XLSX,PPI_AS_RELEASED_VINTAGE,WPU102,2024-07,351.455,2024-11-14,2024-11-14T13:30:00+00:00,3,3628bbcb5f41d0ff242c3ab4009ab1b4b2df4d8a465ca2d7e4c7ace5c950e492,SUBSEQUENT_PUBLICATION,True,2024-10,D:\Programming\python_example\ForecastTest\data-lake\bronze\industrials\v1_5\bls\ppi_detailed_reports\ppi-detailed-report-october-2024.xlsx,True
BLS_PPI_ARCHIVED_DETAILED_REPORT_XLSX,PPI_AS_RELEASED_VINTAGE,WPU102,2024-07,351.282,2024-12-12,2024-12-12T13:30:00+00:00,4,086d5eda715c4cc5f0aeed6ff27ad11177ed4b234fa124405c57d2896877e444,SUBSEQUENT_PUBLICATION,True,2024-11,D:\Programming\python_example\ForecastTest\data-lake\bronze\industrials\v1_5\bls\ppi_detailed_reports\ppi-detailed-report-november-2024.xlsx,True
BLS_PPI_ARCHIVED_DETAILED_REPORT_XLSX,PPI_AS_RELEASED_VINTAGE,WPU102,2024-08,342.995,2024-09-12,2024-09-12T12:30:00+00:00,0,713cea4beabca9f3d121ececd99a3aba4ef5a9065c7b14f6fea32acf89152bd6,INITIAL_RELEASE,True,2024-08,D:\Programming\python_example\ForecastTest\data-lake\bronze\industrials\v1_5\bls\ppi_detailed_reports\ppi-detailed-report-august-2024.xlsx,False
BLS_PPI_ARCHIVED_DETAILED_REPORT_XLSX,PPI_AS_RELEASED_VINTAGE,WPU102,2024-08,342.867,2024-10-11,2024-10-11T12:30:00+00:00,1,ba18db08f7a057be631caab5bf8e6312b62d947dd5dbe2685f968ab3bf8a6915,SUBSEQUENT_PUBLICATION,True,2024-09,D:\Programming\python_example\ForecastTest\data-lake\bronze\industrials\v1_5\bls\ppi_detailed_reports\ppi-detailed-report-september-2024.xlsx,True
BLS_PPI_ARCHIVED_DETAILED_REPORT_XLSX,PPI_AS_RELEASED_VINTAGE,WPU102,2024-08,342.31,2024-11-14,2024-11-14T13:30:00+00:00,2,3628bbcb5f41d0ff242c3ab4009ab1b4b2df4d8a465ca2d7e4c7ace5c950e492,SUBSEQUENT_PUBLICATION,True,2024-10,D:\Programming\python_example\ForecastTest\data-lake\bronze\industrials\v1_5\bls\ppi_detailed_reports\ppi-detailed-report-october-2024.xlsx,True
BLS_PPI_ARCHIVED_DETAILED_REPORT_XLSX,PPI_AS_RELEASED_VINTAGE,WPU102,2024-08,342.036,2024-12-12,2024-12-12T13:30:00+00:00,3,086d5eda715c4cc5f0aeed6ff27ad11177ed4b234fa124405c57d2896877e444,SUBSEQUENT_PUBLICATION,True,2024-11,D:\Programming\python_example\ForecastTest\data-lake\bronze\industrials\v1_5\bls\ppi_detailed_reports\ppi-detailed-report-november-2024.xlsx,True
BLS_PPI_ARCHIVED_DETAILED_REPORT_XLSX,PPI_AS_RELEASED_VINTAGE,WPU102,2024-08,342.036,2025-01-14,2025-01-14T13:30:00+00:00,4,ac676c86586db5717a51452661bfbf6b1f2a9d9a8280db6370e19256d09f3717,SUBSEQUENT_PUBLICATION,True,2024-12,D:\Programming\python_example\ForecastTest\data-lake\bronze\industrials\v1_5\bls\ppi_detailed_reports\ppi-detailed-report-december-2024.xlsx,False
BLS_PPI_ARCHIVED_DETAILED_REPORT_XLSX,PPI_AS_RELEASED_VINTAGE,WPU102,2024-09,345.973,2024-10-11,2024-10-11T12:30:00+00:00,0,ba18db08f7a057be631caab5bf8e6312b62d947dd5dbe2685f968ab3bf8a6915,INITIAL_RELEASE,True,2024-09,D:\Programming\python_example\ForecastTest\data-lake\bronze\industrials\v1_5\bls\ppi_detailed_reports\ppi-detailed-report-september-2024.xlsx,False
BLS_PPI_ARCHIVED_DETAILED_REPORT_XLSX,PPI_AS_RELEASED_VINTAGE,WPU102,2024-09,346.021,2024-11-14,2024-11-14T13:30:00+00:00,1,3628bbcb5f41d0ff242c3ab4009ab1b4b2df4d8a465ca2d7e4c7ace5c950e492,SUBSEQUENT_PUBLICATION,True,2024-10,D:\Programming\python_example\ForecastTest\data-lake\bronze\industrials\v1_5\bls\ppi_detailed_reports\ppi-detailed-report-october-2024.xlsx,True
BLS_PPI_ARCHIVED_DETAILED_REPORT_XLSX,PPI_AS_RELEASED_VINTAGE,WPU102,2024-09,345.685,2024-12-12,2024-12-12T13:30:00+00:00,2,086d5eda715c4cc5f0aeed6ff27ad11177ed4b234fa124405c57d2896877e444,SUBSEQUENT_PUBLICATION,True,2024-11,D:\Programming\python_example\ForecastTest\data-lake\bronze\industrials\v1_5\bls\ppi_detailed_reports\ppi-detailed-report-november-2024.xlsx,True
BLS_PPI_ARCHIVED_DETAILED_REPORT_XLSX,PPI_AS_RELEASED_VINTAGE,WPU102,2024-09,345.675,2025-01-14,2025-01-14T13:30:00+00:00,3,ac676c86586db5717a51452661bfbf6b1f2a9d9a8280db6370e19256d09f3717,SUBSEQUENT_PUBLICATION,True,2024-12,D:\Programming\python_example\ForecastTest\data-lake\bronze\industrials\v1_5\bls\ppi_detailed_reports\ppi-detailed-report-december-2024.xlsx,True
BLS_PPI_ARCHIVED_DETAILED_REPORT_XLSX,PPI_AS_RELEASED_VINTAGE,WPU102,2024-09,345.676,2025-02-13,2025-02-13T13:30:00+00:00,4,c6101c92fb37efa6db99ea1532255026099bf805eaaafc706844b6c6ae18a5c2,SUBSEQUENT_PUBLICATION,True,2025-01,D:\Programming\python_example\ForecastTest\data-lake\bronze\industrials\v1_5\bls\ppi_detailed_reports\ppi-detailed-report-january-2025.xlsx,False
BLS_PPI_ARCHIVED_DETAILED_REPORT_XLSX,PPI_AS_RELEASED_VINTAGE,WPU102,2024-10,355.271,2024-11-14,2024-11-14T13:30:00+00:00,0,3628bbcb5f41d0ff242c3ab4009ab1b4b2df4d8a465ca2d7e4c7ace5c950e492,INITIAL_RELEASE,True,2024-10,D:\Programming\python_example\ForecastTest\data-lake\bronze\industrials\v1_5\bls\ppi_detailed_reports\ppi-detailed-report-october-2024.xlsx,False
BLS_PPI_ARCHIVED_DETAILED_REPORT_XLSX,PPI_AS_RELEASED_VINTAGE,WPU102,2024-10,354.195,2024-12-12,2024-12-12T13:30:00+00:00,1,086d5eda715c4cc5f0aeed6ff27ad11177ed4b234fa124405c57d2896877e444,SUBSEQUENT_PUBLICATION,True,2024-11,D:\Programming\python_example\ForecastTest\data-lake\bronze\industrials\v1_5\bls\ppi_detailed_reports\ppi-detailed-report-november-2024.xlsx,True
BLS_PPI_ARCHIVED_DETAILED_REPORT_XLSX,PPI_AS_RELEASED_VINTAGE,WPU102,2024-10,354.021,2025-01-14,2025-01-14T13:30:00+00:00,2,ac676c86586db5717a51452661bfbf6b1f2a9d9a8280db6370e19256d09f3717,SUBSEQUENT_PUBLICATION,True,2024-12,D:\Programming\python_example\ForecastTest\data-lake\bronze\industrials\v1_5\bls\ppi_detailed_reports\ppi-detailed-report-december-2024.xlsx,True
BLS_PPI_ARCHIVED_DETAILED_REPORT_XLSX,PPI_AS_RELEASED_VINTAGE,WPU102,2024-10,354.083,2025-02-13,2025-02-13T13:30:00+00:00,3,c6101c92fb37efa6db99ea1532255026099bf805eaaafc706844b6c6ae18a5c2,SUBSEQUENT_PUBLICATION,True,2025-01,D:\Programming\python_example\ForecastTest\data-lake\bronze\industrials\v1_5\bls\ppi_detailed_reports\ppi-detailed-report-january-2025.xlsx,True
BLS_PPI_ARCHIVED_DETAILED_REPORT_XLSX,PPI_AS_RELEASED_VINTAGE,WPU102,2024-10,353.984,2025-03-13,2025-03-13T12:30:00+00:00,4,f3b0ea8bb6e999d51e398066fc58c77d8facbdc50647cadb51239f99b0b08563,SUBSEQUENT_PUBLICATION,True,2025-02,D:\Programming\python_example\ForecastTest\data-lake\bronze\industrials\v1_5\bls\ppi_detailed_reports\ppi-detailed-report-february-2025.xlsx,True
BLS_PPI_ARCHIVED_DETAILED_REPORT_XLSX,PPI_AS_RELEASED_VINTAGE,WPU102,2024-11,352.632,2024-12-12,2024-12-12T13:30:00+00:00,0,086d5eda715c4cc5f0aeed6ff27ad11177ed4b234fa124405c57d2896877e444,INITIAL_RELEASE,True,2024-11,D:\Programming\python_example\ForecastTest\data-lake\bronze\industrials\v1_5\bls\ppi_detailed_reports\ppi-detailed-report-november-2024.xlsx,False
BLS_PPI_ARCHIVED_DETAILED_REPORT_XLSX,PPI_AS_RELEASED_VINTAGE,WPU102,2024-11,352.516,2025-01-14,2025-01-14T13:30:00+00:00,1,ac676c86586db5717a51452661bfbf6b1f2a9d9a8280db6370e19256d09f3717,SUBSEQUENT_PUBLICATION,True,2024-12,D:\Programming\python_example\ForecastTest\data-lake\bronze\industrials\v1_5\bls\ppi_detailed_reports\ppi-detailed-report-december-2024.xlsx,True
BLS_PPI_ARCHIVED_DETAILED_REPORT_XLSX,PPI_AS_RELEASED_VINTAGE,WPU102,2024-11,352.704,2025-02-13,2025-02-13T13:30:00+00:00,2,c6101c92fb37efa6db99ea1532255026099bf805eaaafc706844b6c6ae18a5c2,SUBSEQUENT_PUBLICATION,True,2025-01,D:\Programming\python_example\ForecastTest\data-lake\bronze\industrials\v1_5\bls\ppi_detailed_reports\ppi-detailed-report-january-2025.xlsx,True
BLS_PPI_ARCHIVED_DETAILED_REPORT_XLSX,PPI_AS_RELEASED_VINTAGE,WPU102,2024-11,352.474,2025-03-13,2025-03-13T12:30:00+00:00,3,f3b0ea8bb6e999d51e398066fc58c77d8facbdc50647cadb51239f99b0b08563,SUBSEQUENT_PUBLICATION,True,2025-02,D:\Programming\python_example\ForecastTest\data-lake\bronze\industrials\v1_5\bls\ppi_detailed_reports\ppi-detailed-report-february-2025.xlsx,True
BLS_PPI_ARCHIVED_DETAILED_REPORT_XLSX,PPI_AS_RELEASED_VINTAGE,WPU102,2024-11,352.474,2025-04-11,2025-04-11T12:30:00+00:00,4,dd1558c482e727a3399010861b8acf40c69fd2745598568aa33bc6728e6e1d4f,SUBSEQUENT_PUBLICATION,True,2025-03,D:\Programming\python_example\ForecastTest\data-lake\bronze\industrials\v1_5\bls\ppi_detailed_reports\ppi-detailed-report-march-2025.xlsx,False
BLS_PPI_ARCHIVED_DETAILED_REPORT_XLSX,PPI_AS_RELEASED_VINTAGE,WPU102,2024-12,351.185,2025-01-14,2025-01-14T13:30:00+00:00,0,ac676c86586db5717a51452661bfbf6b1f2a9d9a8280db6370e19256d09f3717,INITIAL_RELEASE,True,2024-12,D:\Programming\python_example\ForecastTest\data-lake\bronze\industrials\v1_5\bls\ppi_detailed_reports\ppi-detailed-report-december-2024.xlsx,False
BLS_PPI_ARCHIVED_DETAILED_REPORT_XLSX,PPI_AS_RELEASED_VINTAGE,WPU102,2024-12,351.251,2025-02-13,2025-02-13T13:30:00+00:00,1,c6101c92fb37efa6db99ea1532255026099bf805eaaafc706844b6c6ae18a5c2,SUBSEQUENT_PUBLICATION,True,2025-01,D:\Programming\python_example\ForecastTest\data-lake\bronze\industrials\v1_5\bls\ppi_detailed_reports\ppi-detailed-report-january-2025.xlsx,True
BLS_PPI_ARCHIVED_DETAILED_REPORT_XLSX,PPI_AS_RELEASED_VINTAGE,WPU102,2024-12,350.983,2025-03-13,2025-03-13T12:30:00+00:00,2,f3b0ea8bb6e999d51e398066fc58c77d8facbdc50647cadb51239f99b0b08563,SUBSEQUENT_PUBLICATION,True,2025-02,D:\Programming\python_example\ForecastTest\data-lake\bronze\industrials\v1_5\bls\ppi_detailed_reports\ppi-detailed-report-february-2025.xlsx,True
BLS_PPI_ARCHIVED_DETAILED_REPORT_XLSX,PPI_AS_RELEASED_VINTAGE,WPU102,2024-12,350.983,2025-04-11,2025-04-11T12:30:00+00:00,3,dd1558c482e727a3399010861b8acf40c69fd2745598568aa33bc6728e6e1d4f,SUBSEQUENT_PUBLICATION,True,2025-03,D:\Programming\python_example\ForecastTest\data-lake\bronze\industrials\v1_5\bls\ppi_detailed_reports\ppi-detailed-report-march-2025.xlsx,False
BLS_PPI_ARCHIVED_DETAILED_REPORT_XLSX,PPI_AS_RELEASED_VINTAGE,WPU102,2024-12,351.086,2025-05-15,2025-05-15T12:30:00+00:00,4,c9ceac6cd66a6ce7893a8858877ba537ffc652eb43d8a320846ca99c2487aa6c,SUBSEQUENT_PUBLICATION,True,2025-04,D:\Programming\python_example\ForecastTest\data-lake\bronze\industrials\v1_5\bls\ppi_detailed_reports\ppi-detailed-report-april-2025.xlsx,True
BLS_PPI_ARCHIVED_DETAILED_REPORT_XLSX,PPI_AS_RELEASED_VINTAGE,WPU102,2025-01,356.528,2025-02-13,2025-02-13T13:30:00+00:00,0,c6101c92fb37efa6db99ea1532255026099bf805eaaafc706844b6c6ae18a5c2,INITIAL_RELEASE,True,2025-01,D:\Programming\python_example\ForecastTest\data-lake\bronze\industrials\v1_5\bls\ppi_detailed_reports\ppi-detailed-report-january-2025.xlsx,False
BLS_PPI_ARCHIVED_DETAILED_REPORT_XLSX,PPI_AS_RELEASED_VINTAGE,WPU102,2025-01,356.123,2025-03-13,2025-03-13T12:30:00+00:00,1,f3b0ea8bb6e999d51e398066fc58c77d8facbdc50647cadb51239f99b0b08563,SUBSEQUENT_PUBLICATION,True,2025-02,D:\Programming\python_example\ForecastTest\data-lake\bronze\industrials\v1_5\bls\ppi_detailed_reports\ppi-detailed-report-february-2025.xlsx,True
BLS_PPI_ARCHIVED_DETAILED_REPORT_XLSX,PPI_AS_RELEASED_VINTAGE,WPU102,2025-01,356.07,2025-04-11,2025-04-11T12:30:00+00:00,2,dd1558c482e727a3399010861b8acf40c69fd2745598568aa33bc6728e6e1d4f,SUBSEQUENT_PUBLICATION,True,2025-03,D:\Programming\python_example\ForecastTest\data-lake\bronze\industrials\v1_5\bls\ppi_detailed_reports\ppi-detailed-report-march-2025.xlsx,True
BLS_PPI_ARCHIVED_DETAILED_REPORT_XLSX,PPI_AS_RELEASED_VINTAGE,WPU102,2025-01,356.365,2025-05-15,2025-05-15T12:30:00+00:00,3,c9ceac6cd66a6ce7893a8858877ba537ffc652eb43d8a320846ca99c2487aa6c,SUBSEQUENT_PUBLICATION,True,2025-04,D:\Programming\python_example\ForecastTest\data-lake\bronze\industrials\v1_5\bls\ppi_detailed_reports\ppi-detailed-report-april-2025.xlsx,True
BLS_PPI_ARCHIVED_DETAILED_REPORT_XLSX,PPI_AS_RELEASED_VINTAGE,WPU102,2025-01,356.366,2025-06-12,2025-06-12T12:30:00+00:00,4,a7f453f119bd50c1207f322ab82182dba95b8b30954fdeb8443964315f06113c,SUBSEQUENT_PUBLICATION,True,2025-05,D:\Programming\python_example\ForecastTest\data-lake\bronze\industrials\v1_5\bls\ppi_detailed_reports\ppi-detailed-report-may-2025.xlsx,False
BLS_PPI_ARCHIVED_DETAILED_REPORT_XLSX,PPI_AS_RELEASED_VINTAGE,WPU102,2025-02,363.634,2025-03-13,2025-03-13T12:30:00+00:00,0,f3b0ea8bb6e999d51e398066fc58c77d8facbdc50647cadb51239f99b0b08563,INITIAL_RELEASE,True,2025-02,D:\Programming\python_example\ForecastTest\data-lake\bronze\industrials\v1_5\bls\ppi_detailed_reports\ppi-detailed-report-february-2025.xlsx,False
BLS_PPI_ARCHIVED_DETAILED_REPORT_XLSX,PPI_AS_RELEASED_VINTAGE,WPU102,2025-02,365.409,2025-04-11,2025-04-11T12:30:00+00:00,1,dd1558c482e727a3399010861b8acf40c69fd2745598568aa33bc6728e6e1d4f,SUBSEQUENT_PUBLICATION,True,2025-03,D:\Programming\python_example\ForecastTest\data-lake\bronze\industrials\v1_5\bls\ppi_detailed_reports\ppi-detailed-report-march-2025.xlsx,True
BLS_PPI_ARCHIVED_DETAILED_REPORT_XLSX,PPI_AS_RELEASED_VINTAGE,WPU102,2025-02,363.374,2025-05-15,2025-05-15T12:30:00+00:00,2,c9ceac6cd66a6ce7893a8858877ba537ffc652eb43d8a320846ca99c2487aa6c,SUBSEQUENT_PUBLICATION,True,2025-04,D:\Programming\python_example\ForecastTest\data-lake\bronze\industrials\v1_5\bls\ppi_detailed_reports\ppi-detailed-report-april-2025.xlsx,True
BLS_PPI_ARCHIVED_DETAILED_REPORT_XLSX,PPI_AS_RELEASED_VINTAGE,WPU102,2025-02,363.25,2025-06-12,2025-06-12T12:30:00+00:00,3,a7f453f119bd50c1207f322ab82182dba95b8b30954fdeb8443964315f06113c,SUBSEQUENT_PUBLICATION,True,2025-05,D:\Programming\python_example\ForecastTest\data-lake\bronze\industrials\v1_5\bls\ppi_detailed_reports\ppi-detailed-report-may-2025.xlsx,True
BLS_PPI_ARCHIVED_DETAILED_REPORT_XLSX,PPI_AS_RELEASED_VINTAGE,WPU102,2025-02,363.269,2025-07-16,2025-07-16T12:30:00+00:00,4,7f91f72e7ef9a34b643795ae6b9932217c5a01e54c99e80f78505e9f80f0aec5,SUBSEQUENT_PUBLICATION,True,2025-06,D:\Programming\python_example\ForecastTest\data-lake\bronze\industrials\v1_5\bls\ppi_detailed_reports\ppi-detailed-report-june-2025.xlsx,True
BLS_PPI_ARCHIVED_DETAILED_REPORT_XLSX,PPI_AS_RELEASED_VINTAGE,WPU102,2025-03,375.248,2025-04-11,2025-04-11T12:30:00+00:00,0,dd1558c482e727a3399010861b8acf40c69fd2745598568aa33bc6728e6e1d4f,INITIAL_RELEASE,True,2025-03,D:\Programming\python_example\ForecastTest\data-lake\bronze\industrials\v1_5\bls\ppi_detailed_reports\ppi-detailed-report-march-2025.xlsx,False
BLS_PPI_ARCHIVED_DETAILED_REPORT_XLSX,PPI_AS_RELEASED_VINTAGE,WPU102,2025-03,370.873,2025-05-15,2025-05-15T12:30:00+00:00,1,c9ceac6cd66a6ce7893a8858877ba537ffc652eb43d8a320846ca99c2487aa6c,SUBSEQUENT_PUBLICATION,True,2025-04,D:\Programming\python_example\ForecastTest\data-lake\bronze\industrials\v1_5\bls\ppi_detailed_reports\ppi-detailed-report-april-2025.xlsx,True
BLS_PPI_ARCHIVED_DETAILED_REPORT_XLSX,PPI_AS_RELEASED_VINTAGE,WPU102,2025-03,373.768,2025-06-12,2025-06-12T12:30:00+00:00,2,a7f453f119bd50c1207f322ab82182dba95b8b30954fdeb8443964315f06113c,SUBSEQUENT_PUBLICATION,True,2025-05,D:\Programming\python_example\ForecastTest\data-lake\bronze\industrials\v1_5\bls\ppi_detailed_reports\ppi-detailed-report-may-2025.xlsx,True
BLS_PPI_ARCHIVED_DETAILED_REPORT_XLSX,PPI_AS_RELEASED_VINTAGE,WPU102,2025-03,373.879,2025-07-16,2025-07-16T12:30:00+00:00,3,7f91f72e7ef9a34b643795ae6b9932217c5a01e54c99e80f78505e9f80f0aec5,SUBSEQUENT_PUBLICATION,True,2025-06,D:\Programming\python_example\ForecastTest\data-lake\bronze\industrials\v1_5\bls\ppi_detailed_reports\ppi-detailed-report-june-2025.xlsx,True
BLS_PPI_ARCHIVED_DETAILED_REPORT_XLSX,PPI_AS_RELEASED_VINTAGE,WPU102,2025-03,374.205,2025-08-14,2025-08-14T12:30:00+00:00,4,5183cf009fff9a13be134816dc70d0b84e7b44d1a92471af1365b5e69f7386c4,SUBSEQUENT_PUBLICATION,True,2025-07,D:\Programming\python_example\ForecastTest\data-lake\bronze\industrials\v1_5\bls\ppi_detailed_reports\ppi-detailed-report-july-2025.xlsx,True
BLS_PPI_ARCHIVED_DETAILED_REPORT_XLSX,PPI_AS_RELEASED_VINTAGE,WPU102,2025-04,377.925,2025-05-15,2025-05-15T12:30:00+00:00,0,c9ceac6cd66a6ce7893a8858877ba537ffc652eb43d8a320846ca99c2487aa6c,INITIAL_RELEASE,True,2025-04,D:\Programming\python_example\ForecastTest\data-lake\bronze\industrials\v1_5\bls\ppi_detailed_reports\ppi-detailed-report-april-2025.xlsx,False
BLS_PPI_ARCHIVED_DETAILED_REPORT_XLSX,PPI_AS_RELEASED_VINTAGE,WPU102,2025-04,379.395,2025-06-12,2025-06-12T12:30:00+00:00,1,a7f453f119bd50c1207f322ab82182dba95b8b30954fdeb8443964315f06113c,SUBSEQUENT_PUBLICATION,True,2025-05,D:\Programming\python_example\ForecastTest\data-lake\bronze\industrials\v1_5\bls\ppi_detailed_reports\ppi-detailed-report-may-2025.xlsx,True
BLS_PPI_ARCHIVED_DETAILED_REPORT_XLSX,PPI_AS_RELEASED_VINTAGE,WPU102,2025-04,379.237,2025-07-16,2025-07-16T12:30:00+00:00,2,7f91f72e7ef9a34b643795ae6b9932217c5a01e54c99e80f78505e9f80f0aec5,SUBSEQUENT_PUBLICATION,True,2025-06,D:\Programming\python_example\ForecastTest\data-lake\bronze\industrials\v1_5\bls\ppi_detailed_reports\ppi-detailed-report-june-2025.xlsx,True
BLS_PPI_ARCHIVED_DETAILED_REPORT_XLSX,PPI_AS_RELEASED_VINTAGE,WPU102,2025-04,380.254,2025-08-14,2025-08-14T12:30:00+00:00,3,5183cf009fff9a13be134816dc70d0b84e7b44d1a92471af1365b5e69f7386c4,SUBSEQUENT_PUBLICATION,True,2025-07,D:\Programming\python_example\ForecastTest\data-lake\bronze\industrials\v1_5\bls\ppi_detailed_reports\ppi-detailed-report-july-2025.xlsx,True
BLS_PPI_ARCHIVED_DETAILED_REPORT_XLSX,PPI_AS_RELEASED_VINTAGE,WPU102,2025-04,380.484,2025-09-10,2025-09-10T12:30:00+00:00,4,e808284f9133c19472a78d5343003bcbd2d2e08718e5987997a0d0baa673079b,SUBSEQUENT_PUBLICATION,True,2025-08,D:\Programming\python_example\ForecastTest\data-lake\bronze\industrials\v1_5\bls\ppi_detailed_reports\ppi-detailed-report-august-2025.xlsx,True
BLS_PPI_ARCHIVED_DETAILED_REPORT_XLSX,PPI_AS_RELEASED_VINTAGE,WPU102,2025-05,379.351,2025-06-12,2025-06-12T12:30:00+00:00,0,a7f453f119bd50c1207f322ab82182dba95b8b30954fdeb8443964315f06113c,INITIAL_RELEASE,True,2025-05,D:\Programming\python_example\ForecastTest\data-lake\bronze\industrials\v1_5\bls\ppi_detailed_reports\ppi-detailed-report-may-2025.xlsx,False
BLS_PPI_ARCHIVED_DETAILED_REPORT_XLSX,PPI_AS_RELEASED_VINTAGE,WPU102,2025-05,379.381,2025-07-16,2025-07-16T12:30:00+00:00,1,7f91f72e7ef9a34b643795ae6b9932217c5a01e54c99e80f78505e9f80f0aec5,SUBSEQUENT_PUBLICATION,True,2025-06,D:\Programming\python_example\ForecastTest\data-lake\bronze\industrials\v1_5\bls\ppi_detailed_reports\ppi-detailed-report-june-2025.xlsx,True
BLS_PPI_ARCHIVED_DETAILED_REPORT_XLSX,PPI_AS_RELEASED_VINTAGE,WPU102,2025-05,380.277,2025-08-14,2025-08-14T12:30:00+00:00,2,5183cf009fff9a13be134816dc70d0b84e7b44d1a92471af1365b5e69f7386c4,SUBSEQUENT_PUBLICATION,True,2025-07,D:\Programming\python_example\ForecastTest\data-lake\bronze\industrials\v1_5\bls\ppi_detailed_reports\ppi-detailed-report-july-2025.xlsx,True
BLS_PPI_ARCHIVED_DETAILED_REPORT_XLSX,PPI_AS_RELEASED_VINTAGE,WPU102,2025-05,380.474,2025-09-10,2025-09-10T12:30:00+00:00,3,e808284f9133c19472a78d5343003bcbd2d2e08718e5987997a0d0baa673079b,SUBSEQUENT_PUBLICATION,True,2025-08,D:\Programming\python_example\ForecastTest\data-lake\bronze\industrials\v1_5\bls\ppi_detailed_reports\ppi-detailed-report-august-2025.xlsx,True
BLS_PPI_ARCHIVED_DETAILED_REPORT_XLSX,PPI_AS_RELEASED_VINTAGE,WPU102,2025-05,380.518,2025-11-25,2025-11-25T13:30:00+00:00,4,52693d6b405f13a44527ac830e7efe6826a4858417d80669421a202758b381bf,SUBSEQUENT_PUBLICATION,True,2025-09,D:\Programming\python_example\ForecastTest\data-lake\bronze\industrials\v1_5\bls\ppi_detailed_reports\ppi-detailed-report-september-2025.xlsx,True
BLS_PPI_ARCHIVED_DETAILED_REPORT_XLSX,PPI_AS_RELEASED_VINTAGE,WPU102,2025-06,383.462,2025-07-16,2025-07-16T12:30:00+00:00,0,7f91f72e7ef9a34b643795ae6b9932217c5a01e54c99e80f78505e9f80f0aec5,INITIAL_RELEASE,True,2025-06,D:\Programming\python_example\ForecastTest\data-lake\bronze\industrials\v1_5\bls\ppi_detailed_reports\ppi-detailed-report-june-2025.xlsx,False
BLS_PPI_ARCHIVED_DETAILED_REPORT_XLSX,PPI_AS_RELEASED_VINTAGE,WPU102,2025-06,385.208,2025-08-14,2025-08-14T12:30:00+00:00,1,5183cf009fff9a13be134816dc70d0b84e7b44d1a92471af1365b5e69f7386c4,SUBSEQUENT_PUBLICATION,True,2025-07,D:\Programming\python_example\ForecastTest\data-lake\bronze\industrials\v1_5\bls\ppi_detailed_reports\ppi-detailed-report-july-2025.xlsx,True
BLS_PPI_ARCHIVED_DETAILED_REPORT_XLSX,PPI_AS_RELEASED_VINTAGE,WPU102,2025-06,385.291,2025-09-10,2025-09-10T12:30:00+00:00,2,e808284f9133c19472a78d5343003bcbd2d2e08718e5987997a0d0baa673079b,SUBSEQUENT_PUBLICATION,True,2025-08,D:\Programming\python_example\ForecastTest\data-lake\bronze\industrials\v1_5\bls\ppi_detailed_reports\ppi-detailed-report-august-2025.xlsx,True
BLS_PPI_ARCHIVED_DETAILED_REPORT_XLSX,PPI_AS_RELEASED_VINTAGE,WPU102,2025-06,385.369,2025-11-25,2025-11-25T13:30:00+00:00,3,52693d6b405f13a44527ac830e7efe6826a4858417d80669421a202758b381bf,SUBSEQUENT_PUBLICATION,True,2025-09,D:\Programming\python_example\ForecastTest\data-lake\bronze\industrials\v1_5\bls\ppi_detailed_reports\ppi-detailed-report-september-2025.xlsx,True
BLS_PPI_ARCHIVED_DETAILED_REPORT_XLSX,PPI_AS_RELEASED_VINTAGE,WPU102,2025-07,400.924,2025-08-14,2025-08-14T12:30:00+00:00,0,5183cf009fff9a13be134816dc70d0b84e7b44d1a92471af1365b5e69f7386c4,INITIAL_RELEASE,True,2025-07,D:\Programming\python_example\ForecastTest\data-lake\bronze\industrials\v1_5\bls\ppi_detailed_reports\ppi-detailed-report-july-2025.xlsx,False
BLS_PPI_ARCHIVED_DETAILED_REPORT_XLSX,PPI_AS_RELEASED_VINTAGE,WPU102,2025-07,403.846,2025-09-10,2025-09-10T12:30:00+00:00,1,e808284f9133c19472a78d5343003bcbd2d2e08718e5987997a0d0baa673079b,SUBSEQUENT_PUBLICATION,True,2025-08,D:\Programming\python_example\ForecastTest\data-lake\bronze\industrials\v1_5\bls\ppi_detailed_reports\ppi-detailed-report-august-2025.xlsx,True
BLS_PPI_ARCHIVED_DETAILED_REPORT_XLSX,PPI_AS_RELEASED_VINTAGE,WPU102,2025-07,399.088,2025-11-25,2025-11-25T13:30:00+00:00,2,52693d6b405f13a44527ac830e7efe6826a4858417d80669421a202758b381bf,SUBSEQUENT_PUBLICATION,True,2025-09,D:\Programming\python_example\ForecastTest\data-lake\bronze\industrials\v1_5\bls\ppi_detailed_reports\ppi-detailed-report-september-2025.xlsx,True
BLS_PPI_ARCHIVED_DETAILED_REPORT_XLSX,PPI_AS_RELEASED_VINTAGE,WPU102,2025-07,398.809,2026-01-14,2026-01-14T13:30:00+00:00,3,049809c20df24c4ed66f0a2ff2f5197c5385c111143bd71d966d55e7777892db,SUBSEQUENT_PUBLICATION,True,2025-11,D:\Programming\python_example\ForecastTest\data-lake\bronze\industrials\v1_5\bls\ppi_detailed_reports\ppi-detailed-report-november-2025.xlsx,True
BLS_PPI_ARCHIVED_DETAILED_REPORT_XLSX,PPI_AS_RELEASED_VINTAGE,WPU102,2025-08,403.041,2025-09-10,2025-09-10T12:30:00+00:00,0,e808284f9133c19472a78d5343003bcbd2d2e08718e5987997a0d0baa673079b,INITIAL_RELEASE,True,2025-08,D:\Programming\python_example\ForecastTest\data-lake\bronze\industrials\v1_5\bls\ppi_detailed_reports\ppi-detailed-report-august-2025.xlsx,False
BLS_PPI_ARCHIVED_DETAILED_REPORT_XLSX,PPI_AS_RELEASED_VINTAGE,WPU102,2025-08,399.87,2025-11-25,2025-11-25T13:30:00+00:00,1,52693d6b405f13a44527ac830e7efe6826a4858417d80669421a202758b381bf,SUBSEQUENT_PUBLICATION,True,2025-09,D:\Programming\python_example\ForecastTest\data-lake\bronze\industrials\v1_5\bls\ppi_detailed_reports\ppi-detailed-report-september-2025.xlsx,True
BLS_PPI_ARCHIVED_DETAILED_REPORT_XLSX,PPI_AS_RELEASED_VINTAGE,WPU102,2025-08,400.525,2026-01-14,2026-01-14T13:30:00+00:00,2,049809c20df24c4ed66f0a2ff2f5197c5385c111143bd71d966d55e7777892db,SUBSEQUENT_PUBLICATION,True,2025-11,D:\Programming\python_example\ForecastTest\data-lake\bronze\industrials\v1_5\bls\ppi_detailed_reports\ppi-detailed-report-november-2025.xlsx,True
BLS_PPI_ARCHIVED_DETAILED_REPORT_XLSX,PPI_AS_RELEASED_VINTAGE,WPU102,2025-08,399.736,2026-01-30,2026-01-30T13:30:00+00:00,3,803b55f7efc846a6e81e4bd3a625b67bc2941f68c09abcd1d2268e5dee0c65e1,SUBSEQUENT_PUBLICATION,True,2025-12,D:\Programming\python_example\ForecastTest\data-lake\bronze\industrials\v1_5\bls\ppi_detailed_reports\ppi-detailed-report-december-2025.xlsx,True
BLS_PPI_ARCHIVED_DETAILED_REPORT_XLSX,PPI_AS_RELEASED_VINTAGE,WPU102,2025-09,399.379,2025-11-25,2025-11-25T13:30:00+00:00,0,52693d6b405f13a44527ac830e7efe6826a4858417d80669421a202758b381bf,INITIAL_RELEASE,True,2025-09,D:\Programming\python_example\ForecastTest\data-lake\bronze\industrials\v1_5\bls\ppi_detailed_reports\ppi-detailed-report-september-2025.xlsx,False
BLS_PPI_ARCHIVED_DETAILED_REPORT_XLSX,PPI_AS_RELEASED_VINTAGE,WPU102,2025-09,397.222,2026-01-14,2026-01-14T13:30:00+00:00,1,049809c20df24c4ed66f0a2ff2f5197c5385c111143bd71d966d55e7777892db,SUBSEQUENT_PUBLICATION,True,2025-11,D:\Programming\python_example\ForecastTest\data-lake\bronze\industrials\v1_5\bls\ppi_detailed_reports\ppi-detailed-report-november-2025.xlsx,True
BLS_PPI_ARCHIVED_DETAILED_REPORT_XLSX,PPI_AS_RELEASED_VINTAGE,WPU102,2025-09,400.625,2026-01-30,2026-01-30T13:30:00+00:00,2,803b55f7efc846a6e81e4bd3a625b67bc2941f68c09abcd1d2268e5dee0c65e1,SUBSEQUENT_PUBLICATION,True,2025-12,D:\Programming\python_example\ForecastTest\data-lake\bronze\industrials\v1_5\bls\ppi_detailed_reports\ppi-detailed-report-december-2025.xlsx,True
BLS_PPI_ARCHIVED_DETAILED_REPORT_XLSX,PPI_AS_RELEASED_VINTAGE,WPU102,2025-09,400.443,2026-02-27,2026-02-27T13:30:00+00:00,3,011a1e5c5f74c66a24c11d51319e3c99fb18878b820fdfbad87706091690198f,SUBSEQUENT_PUBLICATION,True,2026-01,D:\Programming\python_example\ForecastTest\data-lake\bronze\industrials\v1_5\bls\ppi_detailed_reports\ppi-detailed-report-january-2026.xlsx,True
BLS_PPI_ARCHIVED_DETAILED_REPORT_XLSX,PPI_AS_RELEASED_VINTAGE,WPU102,2025-10,419.574,2026-01-14,2026-01-14T13:30:00+00:00,,049809c20df24c4ed66f0a2ff2f5197c5385c111143bd71d966d55e7777892db,LEFT_CENSORED_KNOWN_AS_OF_RELEASE,True,2025-11,D:\Programming\python_example\ForecastTest\data-lake\bronze\industrials\v1_5\bls\ppi_detailed_reports\ppi-detailed-report-november-2025.xlsx,False
BLS_PPI_ARCHIVED_DETAILED_REPORT_XLSX,PPI_AS_RELEASED_VINTAGE,WPU102,2025-10,424.629,2026-01-30,2026-01-30T13:30:00+00:00,,803b55f7efc846a6e81e4bd3a625b67bc2941f68c09abcd1d2268e5dee0c65e1,LEFT_CENSORED_KNOWN_AS_OF_RELEASE,True,2025-12,D:\Programming\python_example\ForecastTest\data-lake\bronze\industrials\v1_5\bls\ppi_detailed_reports\ppi-detailed-report-december-2025.xlsx,True
BLS_PPI_ARCHIVED_DETAILED_REPORT_XLSX,PPI_AS_RELEASED_VINTAGE,WPU102,2025-10,423.809,2026-02-27,2026-02-27T13:30:00+00:00,,011a1e5c5f74c66a24c11d51319e3c99fb18878b820fdfbad87706091690198f,LEFT_CENSORED_KNOWN_AS_OF_RELEASE,True,2026-01,D:\Programming\python_example\ForecastTest\data-lake\bronze\industrials\v1_5\bls\ppi_detailed_reports\ppi-detailed-report-january-2026.xlsx,True
BLS_PPI_ARCHIVED_DETAILED_REPORT_XLSX,PPI_AS_RELEASED_VINTAGE,WPU102,2025-10,424.068,2026-03-18,2026-03-18T12:30:00+00:00,,8165247a276b2aa90872b6be768164b5d471e6c698f04888554a16db37e056cf,LEFT_CENSORED_KNOWN_AS_OF_RELEASE,True,2026-02,D:\Programming\python_example\ForecastTest\data-lake\bronze\industrials\v1_5\bls\ppi_detailed_reports\ppi-detailed-report-february-2026.xlsx,True
BLS_PPI_ARCHIVED_DETAILED_REPORT_XLSX,PPI_AS_RELEASED_VINTAGE,WPU102,2025-11,430.578,2026-01-14,2026-01-14T13:30:00+00:00,0,049809c20df24c4ed66f0a2ff2f5197c5385c111143bd71d966d55e7777892db,INITIAL_RELEASE,True,2025-11,D:\Programming\python_example\ForecastTest\data-lake\bronze\industrials\v1_5\bls\ppi_detailed_reports\ppi-detailed-report-november-2025.xlsx,False
BLS_PPI_ARCHIVED_DETAILED_REPORT_XLSX,PPI_AS_RELEASED_VINTAGE,WPU102,2025-11,434.365,2026-01-30,2026-01-30T13:30:00+00:00,1,803b55f7efc846a6e81e4bd3a625b67bc2941f68c09abcd1d2268e5dee0c65e1,SUBSEQUENT_PUBLICATION,True,2025-12,D:\Programming\python_example\ForecastTest\data-lake\bronze\industrials\v1_5\bls\ppi_detailed_reports\ppi-detailed-report-december-2025.xlsx,True
BLS_PPI_ARCHIVED_DETAILED_REPORT_XLSX,PPI_AS_RELEASED_VINTAGE,WPU102,2025-11,433.563,2026-02-27,2026-02-27T13:30:00+00:00,2,011a1e5c5f74c66a24c11d51319e3c99fb18878b820fdfbad87706091690198f,SUBSEQUENT_PUBLICATION,True,2026-01,D:\Programming\python_example\ForecastTest\data-lake\bronze\industrials\v1_5\bls\ppi_detailed_reports\ppi-detailed-report-january-2026.xlsx,True
BLS_PPI_ARCHIVED_DETAILED_REPORT_XLSX,PPI_AS_RELEASED_VINTAGE,WPU102,2025-11,433.841,2026-03-18,2026-03-18T12:30:00+00:00,3,8165247a276b2aa90872b6be768164b5d471e6c698f04888554a16db37e056cf,SUBSEQUENT_PUBLICATION,True,2026-02,D:\Programming\python_example\ForecastTest\data-lake\bronze\industrials\v1_5\bls\ppi_detailed_reports\ppi-detailed-report-february-2026.xlsx,True
BLS_PPI_ARCHIVED_DETAILED_REPORT_XLSX,PPI_AS_RELEASED_VINTAGE,WPU102,2025-11,449.973,2026-04-14,2026-04-14T12:30:00+00:00,4,59c2ac86ae0fdc507e6b9e1606cb148f69ed62a5279c572dcfc4fd068962f74d,SUBSEQUENT_PUBLICATION,True,2026-03,D:\Programming\python_example\ForecastTest\data-lake\bronze\industrials\v1_5\bls\ppi_detailed_reports\ppi-detailed-report-march-2026.xlsx,True
BLS_PPI_ARCHIVED_DETAILED_REPORT_XLSX,PPI_AS_RELEASED_VINTAGE,WPU102,2025-12,454.479,2026-01-30,2026-01-30T13:30:00+00:00,0,803b55f7efc846a6e81e4bd3a625b67bc2941f68c09abcd1d2268e5dee0c65e1,INITIAL_RELEASE,True,2025-12,D:\Programming\python_example\ForecastTest\data-lake\bronze\industrials\v1_5\bls\ppi_detailed_reports\ppi-detailed-report-december-2025.xlsx,False
BLS_PPI_ARCHIVED_DETAILED_REPORT_XLSX,PPI_AS_RELEASED_VINTAGE,WPU102,2025-12,451.845,2026-02-27,2026-02-27T13:30:00+00:00,1,011a1e5c5f74c66a24c11d51319e3c99fb18878b820fdfbad87706091690198f,SUBSEQUENT_PUBLICATION,True,2026-01,D:\Programming\python_example\ForecastTest\data-lake\bronze\industrials\v1_5\bls\ppi_detailed_reports\ppi-detailed-report-january-2026.xlsx,True
BLS_PPI_ARCHIVED_DETAILED_REPORT_XLSX,PPI_AS_RELEASED_VINTAGE,WPU102,2025-12,456.378,2026-03-18,2026-03-18T12:30:00+00:00,2,8165247a276b2aa90872b6be768164b5d471e6c698f04888554a16db37e056cf,SUBSEQUENT_PUBLICATION,True,2026-02,D:\Programming\python_example\ForecastTest\data-lake\bronze\industrials\v1_5\bls\ppi_detailed_reports\ppi-detailed-report-february-2026.xlsx,True
BLS_PPI_ARCHIVED_DETAILED_REPORT_XLSX,PPI_AS_RELEASED_VINTAGE,WPU102,2025-12,472.739,2026-04-14,2026-04-14T12:30:00+00:00,3,59c2ac86ae0fdc507e6b9e1606cb148f69ed62a5279c572dcfc4fd068962f74d,SUBSEQUENT_PUBLICATION,True,2026-03,D:\Programming\python_example\ForecastTest\data-lake\bronze\industrials\v1_5\bls\ppi_detailed_reports\ppi-detailed-report-march-2026.xlsx,True
BLS_PPI_ARCHIVED_DETAILED_REPORT_XLSX,PPI_AS_RELEASED_VINTAGE,WPU102,2025-12,472.8,2026-05-13,2026-05-13T12:30:00+00:00,4,eb878a1935316a83773b53d56a60988830a4b5da948d6a2f483c5afd1f4229df,SUBSEQUENT_PUBLICATION,True,2026-04,D:\Programming\python_example\ForecastTest\data-lake\bronze\industrials\v1_5\bls\ppi_detailed_reports\ppi-detailed-report-april-2026.xlsx,True
BLS_PPI_ARCHIVED_DETAILED_REPORT_XLSX,PPI_AS_RELEASED_VINTAGE,WPU102,2026-01,473.662,2026-02-27,2026-02-27T13:30:00+00:00,0,011a1e5c5f74c66a24c11d51319e3c99fb18878b820fdfbad87706091690198f,INITIAL_RELEASE,True,2026-01,D:\Programming\python_example\ForecastTest\data-lake\bronze\industrials\v1_5\bls\ppi_detailed_reports\ppi-detailed-report-january-2026.xlsx,False
BLS_PPI_ARCHIVED_DETAILED_REPORT_XLSX,PPI_AS_RELEASED_VINTAGE,WPU102,2026-01,481.945,2026-03-18,2026-03-18T12:30:00+00:00,1,8165247a276b2aa90872b6be768164b5d471e6c698f04888554a16db37e056cf,SUBSEQUENT_PUBLICATION,True,2026-02,D:\Programming\python_example\ForecastTest\data-lake\bronze\industrials\v1_5\bls\ppi_detailed_reports\ppi-detailed-report-february-2026.xlsx,True
BLS_PPI_ARCHIVED_DETAILED_REPORT_XLSX,PPI_AS_RELEASED_VINTAGE,WPU102,2026-01,500.461,2026-04-14,2026-04-14T12:30:00+00:00,2,59c2ac86ae0fdc507e6b9e1606cb148f69ed62a5279c572dcfc4fd068962f74d,SUBSEQUENT_PUBLICATION,True,2026-03,D:\Programming\python_example\ForecastTest\data-lake\bronze\industrials\v1_5\bls\ppi_detailed_reports\ppi-detailed-report-march-2026.xlsx,True
BLS_PPI_ARCHIVED_DETAILED_REPORT_XLSX,PPI_AS_RELEASED_VINTAGE,WPU102,2026-01,501.613,2026-05-13,2026-05-13T12:30:00+00:00,3,eb878a1935316a83773b53d56a60988830a4b5da948d6a2f483c5afd1f4229df,SUBSEQUENT_PUBLICATION,True,2026-04,D:\Programming\python_example\ForecastTest\data-lake\bronze\industrials\v1_5\bls\ppi_detailed_reports\ppi-detailed-report-april-2026.xlsx,True
BLS_PPI_ARCHIVED_DETAILED_REPORT_XLSX,PPI_AS_RELEASED_VINTAGE,WPU102,2026-01,503.044,2026-06-11,2026-06-11T12:30:00+00:00,4,e8c25f548bb26d1860655f205eaa055c327f2197a845795163e7c3d71e9eaf3b,SUBSEQUENT_PUBLICATION,True,2026-05,D:\Programming\python_example\ForecastTest\data-lake\bronze\industrials\v1_5\bls\ppi_detailed_reports\ppi-detailed-report-may-2026.xlsx,True
BLS_PPI_ARCHIVED_DETAILED_REPORT_XLSX,PPI_AS_RELEASED_VINTAGE,WPU102,2026-02,488.184,2026-03-18,2026-03-18T12:30:00+00:00,0,8165247a276b2aa90872b6be768164b5d471e6c698f04888554a16db37e056cf,INITIAL_RELEASE,True,2026-02,D:\Programming\python_example\ForecastTest\data-lake\bronze\industrials\v1_5\bls\ppi_detailed_reports\ppi-detailed-report-february-2026.xlsx,False
BLS_PPI_ARCHIVED_DETAILED_REPORT_XLSX,PPI_AS_RELEASED_VINTAGE,WPU102,2026-02,507.256,2026-04-14,2026-04-14T12:30:00+00:00,1,59c2ac86ae0fdc507e6b9e1606cb148f69ed62a5279c572dcfc4fd068962f74d,SUBSEQUENT_PUBLICATION,True,2026-03,D:\Programming\python_example\ForecastTest\data-lake\bronze\industrials\v1_5\bls\ppi_detailed_reports\ppi-detailed-report-march-2026.xlsx,True
BLS_PPI_ARCHIVED_DETAILED_REPORT_XLSX,PPI_AS_RELEASED_VINTAGE,WPU102,2026-02,507.525,2026-05-13,2026-05-13T12:30:00+00:00,2,eb878a1935316a83773b53d56a60988830a4b5da948d6a2f483c5afd1f4229df,SUBSEQUENT_PUBLICATION,True,2026-04,D:\Programming\python_example\ForecastTest\data-lake\bronze\industrials\v1_5\bls\ppi_detailed_reports\ppi-detailed-report-april-2026.xlsx,True
BLS_PPI_ARCHIVED_DETAILED_REPORT_XLSX,PPI_AS_RELEASED_VINTAGE,WPU102,2026-02,509.956,2026-06-11,2026-06-11T12:30:00+00:00,3,e8c25f548bb26d1860655f205eaa055c327f2197a845795163e7c3d71e9eaf3b,SUBSEQUENT_PUBLICATION,True,2026-05,D:\Programming\python_example\ForecastTest\data-lake\bronze\industrials\v1_5\bls\ppi_detailed_reports\ppi-detailed-report-may-2026.xlsx,True
BLS_PPI_ARCHIVED_DETAILED_REPORT_XLSX,PPI_AS_RELEASED_VINTAGE,WPU102,2026-02,510.2,2026-07-15,2026-07-15T12:30:00+00:00,4,b61d24f70fb7403a9c4e4b9fc54a04ce7647a9d95ce07093411e10b7302d13f9,SUBSEQUENT_PUBLICATION,True,2026-06,D:\Programming\python_example\ForecastTest\data-lake\bronze\industrials\v1_5\bls\ppi_detailed_reports\ppi-detailed-report-june-2026.xlsx,True
BLS_PPI_ARCHIVED_DETAILED_REPORT_XLSX,PPI_AS_RELEASED_VINTAGE,WPU102,2026-03,511.553,2026-04-14,2026-04-14T12:30:00+00:00,0,59c2ac86ae0fdc507e6b9e1606cb148f69ed62a5279c572dcfc4fd068962f74d,INITIAL_RELEASE,True,2026-03,D:\Programming\python_example\ForecastTest\data-lake\bronze\industrials\v1_5\bls\ppi_detailed_reports\ppi-detailed-report-march-2026.xlsx,False
BLS_PPI_ARCHIVED_DETAILED_REPORT_XLSX,PPI_AS_RELEASED_VINTAGE,WPU102,2026-03,516.456,2026-05-13,2026-05-13T12:30:00+00:00,1,eb878a1935316a83773b53d56a60988830a4b5da948d6a2f483c5afd1f4229df,SUBSEQUENT_PUBLICATION,True,2026-04,D:\Programming\python_example\ForecastTest\data-lake\bronze\industrials\v1_5\bls\ppi_detailed_reports\ppi-detailed-report-april-2026.xlsx,True
BLS_PPI_ARCHIVED_DETAILED_REPORT_XLSX,PPI_AS_RELEASED_VINTAGE,WPU102,2026-03,517.591,2026-06-11,2026-06-11T12:30:00+00:00,2,e8c25f548bb26d1860655f205eaa055c327f2197a845795163e7c3d71e9eaf3b,SUBSEQUENT_PUBLICATION,True,2026-05,D:\Programming\python_example\ForecastTest\data-lake\bronze\industrials\v1_5\bls\ppi_detailed_reports\ppi-detailed-report-may-2026.xlsx,True
BLS_PPI_ARCHIVED_DETAILED_REPORT_XLSX,PPI_AS_RELEASED_VINTAGE,WPU102,2026-03,517.866,2026-07-15,2026-07-15T12:30:00+00:00,3,b61d24f70fb7403a9c4e4b9fc54a04ce7647a9d95ce07093411e10b7302d13f9,SUBSEQUENT_PUBLICATION,True,2026-06,D:\Programming\python_example\ForecastTest\data-lake\bronze\industrials\v1_5\bls\ppi_detailed_reports\ppi-detailed-report-june-2026.xlsx,True
BLS_PPI_ARCHIVED_DETAILED_REPORT_XLSX,PPI_AS_RELEASED_VINTAGE,WPU102,2026-03,518.227,2026-08-13,2026-08-13T12:30:00+00:00,4,a455bea5d305ccdc6c683059406ccdb194e0d9ee528912ce72c36c43a79a5640,SUBSEQUENT_PUBLICATION,True,2026-07,D:\Programming\python_example\ForecastTest\data-lake\bronze\industrials\v1_5\bls\ppi_detailed_reports\ppi-detailed-report-july-2026.xlsx,True
BLS_PPI_ARCHIVED_DETAILED_REPORT_XLSX,PPI_AS_RELEASED_VINTAGE,WPU102,2026-04,515.854,2026-05-13,2026-05-13T12:30:00+00:00,0,eb878a1935316a83773b53d56a60988830a4b5da948d6a2f483c5afd1f4229df,INITIAL_RELEASE,True,2026-04,D:\Programming\python_example\ForecastTest\data-lake\bronze\industrials\v1_5\bls\ppi_detailed_reports\ppi-detailed-report-april-2026.xlsx,False
BLS_PPI_ARCHIVED_DETAILED_REPORT_XLSX,PPI_AS_RELEASED_VINTAGE,WPU102,2026-04,518.559,2026-06-11,2026-06-11T12:30:00+00:00,1,e8c25f548bb26d1860655f205eaa055c327f2197a845795163e7c3d71e9eaf3b,SUBSEQUENT_PUBLICATION,True,2026-05,D:\Programming\python_example\ForecastTest\data-lake\bronze\industrials\v1_5\bls\ppi_detailed_reports\ppi-detailed-report-may-2026.xlsx,True
BLS_PPI_ARCHIVED_DETAILED_REPORT_XLSX,PPI_AS_RELEASED_VINTAGE,WPU102,2026-04,519.035,2026-07-15,2026-07-15T12:30:00+00:00,2,b61d24f70fb7403a9c4e4b9fc54a04ce7647a9d95ce07093411e10b7302d13f9,SUBSEQUENT_PUBLICATION,True,2026-06,D:\Programming\python_example\ForecastTest\data-lake\bronze\industrials\v1_5\bls\ppi_detailed_reports\ppi-detailed-report-june-2026.xlsx,True
BLS_PPI_ARCHIVED_DETAILED_REPORT_XLSX,PPI_AS_RELEASED_VINTAGE,WPU102,2026-04,519.839,2026-08-13,2026-08-13T12:30:00+00:00,3,a455bea5d305ccdc6c683059406ccdb194e0d9ee528912ce72c36c43a79a5640,SUBSEQUENT_PUBLICATION,True,2026-07,D:\Programming\python_example\ForecastTest\data-lake\bronze\industrials\v1_5\bls\ppi_detailed_reports\ppi-detailed-report-july-2026.xlsx,True
BLS_PPI_ARCHIVED_DETAILED_REPORT_XLSX,PPI_AS_RELEASED_VINTAGE,WPU102,2026-05,533.238,2026-06-11,2026-06-11T12:30:00+00:00,0,e8c25f548bb26d1860655f205eaa055c327f2197a845795163e7c3d71e9eaf3b,INITIAL_RELEASE,True,2026-05,D:\Programming\python_example\ForecastTest\data-lake\bronze\industrials\v1_5\bls\ppi_detailed_reports\ppi-detailed-report-may-2026.xlsx,False
BLS_PPI_ARCHIVED_DETAILED_REPORT_XLSX,PPI_AS_RELEASED_VINTAGE,WPU102,2026-05,531.991,2026-07-15,2026-07-15T12:30:00+00:00,1,b61d24f70fb7403a9c4e4b9fc54a04ce7647a9d95ce07093411e10b7302d13f9,SUBSEQUENT_PUBLICATION,True,2026-06,D:\Programming\python_example\ForecastTest\data-lake\bronze\industrials\v1_5\bls\ppi_detailed_reports\ppi-detailed-report-june-2026.xlsx,True
BLS_PPI_ARCHIVED_DETAILED_REPORT_XLSX,PPI_AS_RELEASED_VINTAGE,WPU102,2026-05,535.182,2026-08-13,2026-08-13T12:30:00+00:00,2,a455bea5d305ccdc6c683059406ccdb194e0d9ee528912ce72c36c43a79a5640,SUBSEQUENT_PUBLICATION,True,2026-07,D:\Programming\python_example\ForecastTest\data-lake\bronze\industrials\v1_5\bls\ppi_detailed_reports\ppi-detailed-report-july-2026.xlsx,True
BLS_PPI_ARCHIVED_DETAILED_REPORT_XLSX,PPI_AS_RELEASED_VINTAGE,WPU102,2026-06,533.825,2026-07-15,2026-07-15T12:30:00+00:00,0,b61d24f70fb7403a9c4e4b9fc54a04ce7647a9d95ce07093411e10b7302d13f9,INITIAL_RELEASE,True,2026-06,D:\Programming\python_example\ForecastTest\data-lake\bronze\industrials\v1_5\bls\ppi_detailed_reports\ppi-detailed-report-june-2026.xlsx,False
BLS_PPI_ARCHIVED_DETAILED_REPORT_XLSX,PPI_AS_RELEASED_VINTAGE,WPU102,2026-06,535.062,2026-08-13,2026-08-13T12:30:00+00:00,1,a455bea5d305ccdc6c683059406ccdb194e0d9ee528912ce72c36c43a79a5640,SUBSEQUENT_PUBLICATION,True,2026-07,D:\Programming\python_example\ForecastTest\data-lake\bronze\industrials\v1_5\bls\ppi_detailed_reports\ppi-detailed-report-july-2026.xlsx,True
BLS_PPI_ARCHIVED_DETAILED_REPORT_XLSX,PPI_AS_RELEASED_VINTAGE,WPU102,2026-07,526.133,2026-08-13,2026-08-13T12:30:00+00:00,0,a455bea5d305ccdc6c683059406ccdb194e0d9ee528912ce72c36c43a79a5640,INITIAL_RELEASE,True,2026-07,D:\Programming\python_example\ForecastTest\data-lake\bronze\industrials\v1_5\bls\ppi_detailed_reports\ppi-detailed-report-july-2026.xlsx,False
BLS_PPI_ARCHIVED_DETAILED_REPORT_XLSX,PPI_AS_RELEASED_VINTAGE,WPU107,2021-09,325.666,2022-02-15,2022-02-15T13:30:00+00:00,,8536504b7a2fce58841f72c542f3e9d10f7d827b8a408aa88427ab1f91ae2d52,LEFT_CENSORED_KNOWN_AS_OF_RELEASE,True,2022-01,D:\Programming\python_example\ForecastTest\data-lake\bronze\industrials\v1_5\bls\ppi_detailed_reports\ppi-detailed-report-january-2022.xlsx,False
BLS_PPI_ARCHIVED_DETAILED_REPORT_XLSX,PPI_AS_RELEASED_VINTAGE,WPU107,2021-10,331.375,2022-02-15,2022-02-15T13:30:00+00:00,,8536504b7a2fce58841f72c542f3e9d10f7d827b8a408aa88427ab1f91ae2d52,LEFT_CENSORED_KNOWN_AS_OF_RELEASE,True,2022-01,D:\Programming\python_example\ForecastTest\data-lake\bronze\industrials\v1_5\bls\ppi_detailed_reports\ppi-detailed-report-january-2022.xlsx,False
BLS_PPI_ARCHIVED_DETAILED_REPORT_XLSX,PPI_AS_RELEASED_VINTAGE,WPU107,2021-10,331.374,2022-03-15,2022-03-15T12:30:00+00:00,,bf71d6534990a2d820999b827e1e3e96d9acc65247607fa6a2e534aa3478d0a7,LEFT_CENSORED_KNOWN_AS_OF_RELEASE,True,2022-02,D:\Programming\python_example\ForecastTest\data-lake\bronze\industrials\v1_5\bls\ppi_detailed_reports\ppi-detailed-report-february-2022.xlsx,False
BLS_PPI_ARCHIVED_DETAILED_REPORT_XLSX,PPI_AS_RELEASED_VINTAGE,WPU107,2021-11,340.894,2022-02-15,2022-02-15T13:30:00+00:00,,8536504b7a2fce58841f72c542f3e9d10f7d827b8a408aa88427ab1f91ae2d52,LEFT_CENSORED_KNOWN_AS_OF_RELEASE,True,2022-01,D:\Programming\python_example\ForecastTest\data-lake\bronze\industrials\v1_5\bls\ppi_detailed_reports\ppi-detailed-report-january-2022.xlsx,False
BLS_PPI_ARCHIVED_DETAILED_REPORT_XLSX,PPI_AS_RELEASED_VINTAGE,WPU107,2021-11,340.808,2022-03-15,2022-03-15T12:30:00+00:00,,bf71d6534990a2d820999b827e1e3e96d9acc65247607fa6a2e534aa3478d0a7,LEFT_CENSORED_KNOWN_AS_OF_RELEASE,True,2022-02,D:\Programming\python_example\ForecastTest\data-lake\bronze\industrials\v1_5\bls\ppi_detailed_reports\ppi-detailed-report-february-2022.xlsx,True
BLS_PPI_ARCHIVED_DETAILED_REPORT_XLSX,PPI_AS_RELEASED_VINTAGE,WPU107,2021-11,341.086,2022-04-13,2022-04-13T12:30:00+00:00,,78c5588e2babc576ecb233e05089ef0f0295094805c24a02f91575c66a9b98d3,LEFT_CENSORED_KNOWN_AS_OF_RELEASE,True,2022-03,D:\Programming\python_example\ForecastTest\data-lake\bronze\industrials\v1_5\bls\ppi_detailed_reports\ppi-detailed-report-march-2022.xlsx,True
BLS_PPI_ARCHIVED_DETAILED_REPORT_XLSX,PPI_AS_RELEASED_VINTAGE,WPU107,2021-12,346.959,2022-02-15,2022-02-15T13:30:00+00:00,,8536504b7a2fce58841f72c542f3e9d10f7d827b8a408aa88427ab1f91ae2d52,LEFT_CENSORED_KNOWN_AS_OF_RELEASE,True,2022-01,D:\Programming\python_example\ForecastTest\data-lake\bronze\industrials\v1_5\bls\ppi_detailed_reports\ppi-detailed-report-january-2022.xlsx,False
BLS_PPI_ARCHIVED_DETAILED_REPORT_XLSX,PPI_AS_RELEASED_VINTAGE,WPU107,2021-12,346.427,2022-03-15,2022-03-15T12:30:00+00:00,,bf71d6534990a2d820999b827e1e3e96d9acc65247607fa6a2e534aa3478d0a7,LEFT_CENSORED_KNOWN_AS_OF_RELEASE,True,2022-02,D:\Programming\python_example\ForecastTest\data-lake\bronze\industrials\v1_5\bls\ppi_detailed_reports\ppi-detailed-report-february-2022.xlsx,True
BLS_PPI_ARCHIVED_DETAILED_REPORT_XLSX,PPI_AS_RELEASED_VINTAGE,WPU107,2021-12,346.246,2022-04-13,2022-04-13T12:30:00+00:00,,78c5588e2babc576ecb233e05089ef0f0295094805c24a02f91575c66a9b98d3,LEFT_CENSORED_KNOWN_AS_OF_RELEASE,True,2022-03,D:\Programming\python_example\ForecastTest\data-lake\bronze\industrials\v1_5\bls\ppi_detailed_reports\ppi-detailed-report-march-2022.xlsx,True
BLS_PPI_ARCHIVED_DETAILED_REPORT_XLSX,PPI_AS_RELEASED_VINTAGE,WPU107,2021-12,346.224,2022-05-12,2022-05-12T12:30:00+00:00,,0477e083c1af817c03cc331c32670ed62789cc840a14a30d4239ee02975d8e50,LEFT_CENSORED_KNOWN_AS_OF_RELEASE,True,2022-04,D:\Programming\python_example\ForecastTest\data-lake\bronze\industrials\v1_5\bls\ppi_detailed_reports\ppi-detailed-report-april-2022.xlsx,True
BLS_PPI_ARCHIVED_DETAILED_REPORT_XLSX,PPI_AS_RELEASED_VINTAGE,WPU107,2022-01,349.743,2022-02-15,2022-02-15T13:30:00+00:00,0,8536504b7a2fce58841f72c542f3e9d10f7d827b8a408aa88427ab1f91ae2d52,INITIAL_RELEASE,True,2022-01,D:\Programming\python_example\ForecastTest\data-lake\bronze\industrials\v1_5\bls\ppi_detailed_reports\ppi-detailed-report-january-2022.xlsx,False
BLS_PPI_ARCHIVED_DETAILED_REPORT_XLSX,PPI_AS_RELEASED_VINTAGE,WPU107,2022-01,349.318,2022-03-15,2022-03-15T12:30:00+00:00,1,bf71d6534990a2d820999b827e1e3e96d9acc65247607fa6a2e534aa3478d0a7,SUBSEQUENT_PUBLICATION,True,2022-02,D:\Programming\python_example\ForecastTest\data-lake\bronze\industrials\v1_5\bls\ppi_detailed_reports\ppi-detailed-report-february-2022.xlsx,True
BLS_PPI_ARCHIVED_DETAILED_REPORT_XLSX,PPI_AS_RELEASED_VINTAGE,WPU107,2022-01,349.213,2022-04-13,2022-04-13T12:30:00+00:00,2,78c5588e2babc576ecb233e05089ef0f0295094805c24a02f91575c66a9b98d3,SUBSEQUENT_PUBLICATION,True,2022-03,D:\Programming\python_example\ForecastTest\data-lake\bronze\industrials\v1_5\bls\ppi_detailed_reports\ppi-detailed-report-march-2022.xlsx,True
BLS_PPI_ARCHIVED_DETAILED_REPORT_XLSX,PPI_AS_RELEASED_VINTAGE,WPU107,2022-01,349.031,2022-05-12,2022-05-12T12:30:00+00:00,3,0477e083c1af817c03cc331c32670ed62789cc840a14a30d4239ee02975d8e50,SUBSEQUENT_PUBLICATION,True,2022-04,D:\Programming\python_example\ForecastTest\data-lake\bronze\industrials\v1_5\bls\ppi_detailed_reports\ppi-detailed-report-april-2022.xlsx,True
BLS_PPI_ARCHIVED_DETAILED_REPORT_XLSX,PPI_AS_RELEASED_VINTAGE,WPU107,2022-01,350.142,2022-06-14,2022-06-14T12:30:00+00:00,4,74b58cd041d47bb6220fe60b3a11e6914d381560245bf0bdc4d523bb9180e7f8,SUBSEQUENT_PUBLICATION,True,2022-05,D:\Programming\python_example\ForecastTest\data-lake\bronze\industrials\v1_5\bls\ppi_detailed_reports\ppi-detailed-report-may-2022.xlsx,True
BLS_PPI_ARCHIVED_DETAILED_REPORT_XLSX,PPI_AS_RELEASED_VINTAGE,WPU107,2022-02,353.584,2022-03-15,2022-03-15T12:30:00+00:00,0,bf71d6534990a2d820999b827e1e3e96d9acc65247607fa6a2e534aa3478d0a7,INITIAL_RELEASE,True,2022-02,D:\Programming\python_example\ForecastTest\data-lake\bronze\industrials\v1_5\bls\ppi_detailed_reports\ppi-detailed-report-february-2022.xlsx,False
BLS_PPI_ARCHIVED_DETAILED_REPORT_XLSX,PPI_AS_RELEASED_VINTAGE,WPU107,2022-02,354.404,2022-04-13,2022-04-13T12:30:00+00:00,1,78c5588e2babc576ecb233e05089ef0f0295094805c24a02f91575c66a9b98d3,SUBSEQUENT_PUBLICATION,True,2022-03,D:\Programming\python_example\ForecastTest\data-lake\bronze\industrials\v1_5\bls\ppi_detailed_reports\ppi-detailed-report-march-2022.xlsx,True
BLS_PPI_ARCHIVED_DETAILED_REPORT_XLSX,PPI_AS_RELEASED_VINTAGE,WPU107,2022-02,355.018,2022-05-12,2022-05-12T12:30:00+00:00,2,0477e083c1af817c03cc331c32670ed62789cc840a14a30d4239ee02975d8e50,SUBSEQUENT_PUBLICATION,True,2022-04,D:\Programming\python_example\ForecastTest\data-lake\bronze\industrials\v1_5\bls\ppi_detailed_reports\ppi-detailed-report-april-2022.xlsx,True
BLS_PPI_ARCHIVED_DETAILED_REPORT_XLSX,PPI_AS_RELEASED_VINTAGE,WPU107,2022-02,355.143,2022-06-14,2022-06-14T12:30:00+00:00,3,74b58cd041d47bb6220fe60b3a11e6914d381560245bf0bdc4d523bb9180e7f8,SUBSEQUENT_PUBLICATION,True,2022-05,D:\Programming\python_example\ForecastTest\data-lake\bronze\industrials\v1_5\bls\ppi_detailed_reports\ppi-detailed-report-may-2022.xlsx,True
BLS_PPI_ARCHIVED_DETAILED_REPORT_XLSX,PPI_AS_RELEASED_VINTAGE,WPU107,2022-02,355.049,2022-07-14,2022-07-14T12:30:00+00:00,4,64ec087ba7a1d739c2a6c2d50c104f4aa61dc779bfdf0ad9f5cf64feeb98a117,SUBSEQUENT_PUBLICATION,True,2022-06,D:\Programming\python_example\ForecastTest\data-lake\bronze\industrials\v1_5\bls\ppi_detailed_reports\ppi-detailed-report-june-2022.xlsx,True
BLS_PPI_ARCHIVED_DETAILED_REPORT_XLSX,PPI_AS_RELEASED_VINTAGE,WPU107,2022-03,358.128,2022-04-13,2022-04-13T12:30:00+00:00,0,78c5588e2babc576ecb233e05089ef0f0295094805c24a02f91575c66a9b98d3,INITIAL_RELEASE,True,2022-03,D:\Programming\python_example\ForecastTest\data-lake\bronze\industrials\v1_5\bls\ppi_detailed_reports\ppi-detailed-report-march-2022.xlsx,False
BLS_PPI_ARCHIVED_DETAILED_REPORT_XLSX,PPI_AS_RELEASED_VINTAGE,WPU107,2022-03,359.26,2022-05-12,2022-05-12T12:30:00+00:00,1,0477e083c1af817c03cc331c32670ed62789cc840a14a30d4239ee02975d8e50,SUBSEQUENT_PUBLICATION,True,2022-04,D:\Programming\python_example\ForecastTest\data-lake\bronze\industrials\v1_5\bls\ppi_detailed_reports\ppi-detailed-report-april-2022.xlsx,True
BLS_PPI_ARCHIVED_DETAILED_REPORT_XLSX,PPI_AS_RELEASED_VINTAGE,WPU107,2022-03,361.328,2022-06-14,2022-06-14T12:30:00+00:00,2,74b58cd041d47bb6220fe60b3a11e6914d381560245bf0bdc4d523bb9180e7f8,SUBSEQUENT_PUBLICATION,True,2022-05,D:\Programming\python_example\ForecastTest\data-lake\bronze\industrials\v1_5\bls\ppi_detailed_reports\ppi-detailed-report-may-2022.xlsx,True
BLS_PPI_ARCHIVED_DETAILED_REPORT_XLSX,PPI_AS_RELEASED_VINTAGE,WPU107,2022-03,361.114,2022-07-14,2022-07-14T12:30:00+00:00,3,64ec087ba7a1d739c2a6c2d50c104f4aa61dc779bfdf0ad9f5cf64feeb98a117,SUBSEQUENT_PUBLICATION,True,2022-06,D:\Programming\python_example\ForecastTest\data-lake\bronze\industrials\v1_5\bls\ppi_detailed_reports\ppi-detailed-report-june-2022.xlsx,True
BLS_PPI_ARCHIVED_DETAILED_REPORT_XLSX,PPI_AS_RELEASED_VINTAGE,WPU107,2022-03,361.026,2022-08-11,2022-08-11T12:30:00+00:00,4,ae34da19289a63408a2fb3bff85b8cabd280953a7d9ed34b96640f91d09a2474,SUBSEQUENT_PUBLICATION,True,2022-07,D:\Programming\python_example\ForecastTest\data-lake\bronze\industrials\v1_5\bls\ppi_detailed_reports\ppi-detailed-report-july-2022.xlsx,True
BLS_PPI_ARCHIVED_DETAILED_REPORT_XLSX,PPI_AS_RELEASED_VINTAGE,WPU107,2022-04,367.309,2022-05-12,2022-05-12T12:30:00+00:00,0,0477e083c1af817c03cc331c32670ed62789cc840a14a30d4239ee02975d8e50,INITIAL_RELEASE,True,2022-04,D:\Programming\python_example\ForecastTest\data-lake\bronze\industrials\v1_5\bls\ppi_detailed_reports\ppi-detailed-report-april-2022.xlsx,False
BLS_PPI_ARCHIVED_DETAILED_REPORT_XLSX,PPI_AS_RELEASED_VINTAGE,WPU107,2022-04,367.819,2022-06-14,2022-06-14T12:30:00+00:00,1,74b58cd041d47bb6220fe60b3a11e6914d381560245bf0bdc4d523bb9180e7f8,SUBSEQUENT_PUBLICATION,True,2022-05,D:\Programming\python_example\ForecastTest\data-lake\bronze\industrials\v1_5\bls\ppi_detailed_reports\ppi-detailed-report-may-2022.xlsx,True
BLS_PPI_ARCHIVED_DETAILED_REPORT_XLSX,PPI_AS_RELEASED_VINTAGE,WPU107,2022-04,367.384,2022-07-14,2022-07-14T12:30:00+00:00,2,64ec087ba7a1d739c2a6c2d50c104f4aa61dc779bfdf0ad9f5cf64feeb98a117,SUBSEQUENT_PUBLICATION,True,2022-06,D:\Programming\python_example\ForecastTest\data-lake\bronze\industrials\v1_5\bls\ppi_detailed_reports\ppi-detailed-report-june-2022.xlsx,True
BLS_PPI_ARCHIVED_DETAILED_REPORT_XLSX,PPI_AS_RELEASED_VINTAGE,WPU107,2022-04,367.427,2022-08-11,2022-08-11T12:30:00+00:00,3,ae34da19289a63408a2fb3bff85b8cabd280953a7d9ed34b96640f91d09a2474,SUBSEQUENT_PUBLICATION,True,2022-07,D:\Programming\python_example\ForecastTest\data-lake\bronze\industrials\v1_5\bls\ppi_detailed_reports\ppi-detailed-report-july-2022.xlsx,True
BLS_PPI_ARCHIVED_DETAILED_REPORT_XLSX,PPI_AS_RELEASED_VINTAGE,WPU107,2022-04,367.465,2022-09-14,2022-09-14T12:30:00+00:00,4,c2c292e8acbcd398e4dc492fd658f1faf4f12cbb18a82397057efed5b8861d4f,SUBSEQUENT_PUBLICATION,True,2022-08,D:\Programming\python_example\ForecastTest\data-lake\bronze\industrials\v1_5\bls\ppi_detailed_reports\ppi-detailed-report-august-2022.xlsx,True
BLS_PPI_ARCHIVED_DETAILED_REPORT_XLSX,PPI_AS_RELEASED_VINTAGE,WPU107,2022-05,373.623,2022-06-14,2022-06-14T12:30:00+00:00,0,74b58cd041d47bb6220fe60b3a11e6914d381560245bf0bdc4d523bb9180e7f8,INITIAL_RELEASE,True,2022-05,D:\Programming\python_example\ForecastTest\data-lake\bronze\industrials\v1_5\bls\ppi_detailed_reports\ppi-detailed-report-may-2022.xlsx,False
BLS_PPI_ARCHIVED_DETAILED_REPORT_XLSX,PPI_AS_RELEASED_VINTAGE,WPU107,2022-05,373.134,2022-07-14,2022-07-14T12:30:00+00:00,1,64ec087ba7a1d739c2a6c2d50c104f4aa61dc779bfdf0ad9f5cf64feeb98a117,SUBSEQUENT_PUBLICATION,True,2022-06,D:\Programming\python_example\ForecastTest\data-lake\bronze\industrials\v1_5\bls\ppi_detailed_reports\ppi-detailed-report-june-2022.xlsx,True
BLS_PPI_ARCHIVED_DETAILED_REPORT_XLSX,PPI_AS_RELEASED_VINTAGE,WPU107,2022-05,372.756,2022-08-11,2022-08-11T12:30:00+00:00,2,ae34da19289a63408a2fb3bff85b8cabd280953a7d9ed34b96640f91d09a2474,SUBSEQUENT_PUBLICATION,True,2022-07,D:\Programming\python_example\ForecastTest\data-lake\bronze\industrials\v1_5\bls\ppi_detailed_reports\ppi-detailed-report-july-2022.xlsx,True
BLS_PPI_ARCHIVED_DETAILED_REPORT_XLSX,PPI_AS_RELEASED_VINTAGE,WPU107,2022-05,372.761,2022-09-14,2022-09-14T12:30:00+00:00,3,c2c292e8acbcd398e4dc492fd658f1faf4f12cbb18a82397057efed5b8861d4f,SUBSEQUENT_PUBLICATION,True,2022-08,D:\Programming\python_example\ForecastTest\data-lake\bronze\industrials\v1_5\bls\ppi_detailed_reports\ppi-detailed-report-august-2022.xlsx,True
BLS_PPI_ARCHIVED_DETAILED_REPORT_XLSX,PPI_AS_RELEASED_VINTAGE,WPU107,2022-05,372.742,2022-10-12,2022-10-12T12:30:00+00:00,4,614d88726979e134f312823a9895b7949677c42e26428eea8f3b62d639ee71ea,SUBSEQUENT_PUBLICATION,True,2022-09,D:\Programming\python_example\ForecastTest\data-lake\bronze\industrials\v1_5\bls\ppi_detailed_reports\ppi-detailed-report-september-2022.xlsx,True
BLS_PPI_ARCHIVED_DETAILED_REPORT_XLSX,PPI_AS_RELEASED_VINTAGE,WPU107,2022-06,375.585,2022-07-14,2022-07-14T12:30:00+00:00,0,64ec087ba7a1d739c2a6c2d50c104f4aa61dc779bfdf0ad9f5cf64feeb98a117,INITIAL_RELEASE,True,2022-06,D:\Programming\python_example\ForecastTest\data-lake\bronze\industrials\v1_5\bls\ppi_detailed_reports\ppi-detailed-report-june-2022.xlsx,False
BLS_PPI_ARCHIVED_DETAILED_REPORT_XLSX,PPI_AS_RELEASED_VINTAGE,WPU107,2022-06,374.882,2022-08-11,2022-08-11T12:30:00+00:00,1,ae34da19289a63408a2fb3bff85b8cabd280953a7d9ed34b96640f91d09a2474,SUBSEQUENT_PUBLICATION,True,2022-07,D:\Programming\python_example\ForecastTest\data-lake\bronze\industrials\v1_5\bls\ppi_detailed_reports\ppi-detailed-report-july-2022.xlsx,True
BLS_PPI_ARCHIVED_DETAILED_REPORT_XLSX,PPI_AS_RELEASED_VINTAGE,WPU107,2022-06,375.189,2022-09-14,2022-09-14T12:30:00+00:00,2,c2c292e8acbcd398e4dc492fd658f1faf4f12cbb18a82397057efed5b8861d4f,SUBSEQUENT_PUBLICATION,True,2022-08,D:\Programming\python_example\ForecastTest\data-lake\bronze\industrials\v1_5\bls\ppi_detailed_reports\ppi-detailed-report-august-2022.xlsx,True
BLS_PPI_ARCHIVED_DETAILED_REPORT_XLSX,PPI_AS_RELEASED_VINTAGE,WPU107,2022-06,374.743,2022-10-12,2022-10-12T12:30:00+00:00,3,614d88726979e134f312823a9895b7949677c42e26428eea8f3b62d639ee71ea,SUBSEQUENT_PUBLICATION,True,2022-09,D:\Programming\python_example\ForecastTest\data-lake\bronze\industrials\v1_5\bls\ppi_detailed_reports\ppi-detailed-report-september-2022.xlsx,True
BLS_PPI_ARCHIVED_DETAILED_REPORT_XLSX,PPI_AS_RELEASED_VINTAGE,WPU107,2022-06,374.512,2022-11-15,2022-11-15T13:30:00+00:00,4,1d0847f74fc6cf1cee99b18e45b51749b5401eddcec41a0d56c17e0a3fcbbfd0,SUBSEQUENT_PUBLICATION,True,2022-10,D:\Programming\python_example\ForecastTest\data-lake\bronze\industrials\v1_5\bls\ppi_detailed_reports\ppi-detailed-report-october-2022.xlsx,True
BLS_PPI_ARCHIVED_DETAILED_REPORT_XLSX,PPI_AS_RELEASED_VINTAGE,WPU107,2022-07,372.965,2022-08-11,2022-08-11T12:30:00+00:00,0,ae34da19289a63408a2fb3bff85b8cabd280953a7d9ed34b96640f91d09a2474,INITIAL_RELEASE,True,2022-07,D:\Programming\python_example\ForecastTest\data-lake\bronze\industrials\v1_5\bls\ppi_detailed_reports\ppi-detailed-report-july-2022.xlsx,False
BLS_PPI_ARCHIVED_DETAILED_REPORT_XLSX,PPI_AS_RELEASED_VINTAGE,WPU107,2022-07,374.229,2022-09-14,2022-09-14T12:30:00+00:00,1,c2c292e8acbcd398e4dc492fd658f1faf4f12cbb18a82397057efed5b8861d4f,SUBSEQUENT_PUBLICATION,True,2022-08,D:\Programming\python_example\ForecastTest\data-lake\bronze\industrials\v1_5\bls\ppi_detailed_reports\ppi-detailed-report-august-2022.xlsx,True
BLS_PPI_ARCHIVED_DETAILED_REPORT_XLSX,PPI_AS_RELEASED_VINTAGE,WPU107,2022-07,373.189,2022-10-12,2022-10-12T12:30:00+00:00,2,614d88726979e134f312823a9895b7949677c42e26428eea8f3b62d639ee71ea,SUBSEQUENT_PUBLICATION,True,2022-09,D:\Programming\python_example\ForecastTest\data-lake\bronze\industrials\v1_5\bls\ppi_detailed_reports\ppi-detailed-report-september-2022.xlsx,True
BLS_PPI_ARCHIVED_DETAILED_REPORT_XLSX,PPI_AS_RELEASED_VINTAGE,WPU107,2022-07,372.886,2022-11-15,2022-11-15T13:30:00+00:00,3,1d0847f74fc6cf1cee99b18e45b51749b5401eddcec41a0d56c17e0a3fcbbfd0,SUBSEQUENT_PUBLICATION,True,2022-10,D:\Programming\python_example\ForecastTest\data-lake\bronze\industrials\v1_5\bls\ppi_detailed_reports\ppi-detailed-report-october-2022.xlsx,True
BLS_PPI_ARCHIVED_DETAILED_REPORT_XLSX,PPI_AS_RELEASED_VINTAGE,WPU107,2022-07,372.886,2022-12-09,2022-12-09T13:30:00+00:00,4,c406aa946e99ed3b0f20abed36b5bc186c8d5be4981f688307a005c60cc1fa3e,SUBSEQUENT_PUBLICATION,True,2022-11,D:\Programming\python_example\ForecastTest\data-lake\bronze\industrials\v1_5\bls\ppi_detailed_reports\ppi-detailed-report-november-2022.xlsx,False
BLS_PPI_ARCHIVED_DETAILED_REPORT_XLSX,PPI_AS_RELEASED_VINTAGE,WPU107,2022-08,374.172,2022-09-14,2022-09-14T12:30:00+00:00,0,c2c292e8acbcd398e4dc492fd658f1faf4f12cbb18a82397057efed5b8861d4f,INITIAL_RELEASE,True,2022-08,D:\Programming\python_example\ForecastTest\data-lake\bronze\industrials\v1_5\bls\ppi_detailed_reports\ppi-detailed-report-august-2022.xlsx,False
BLS_PPI_ARCHIVED_DETAILED_REPORT_XLSX,PPI_AS_RELEASED_VINTAGE,WPU107,2022-08,373.527,2022-10-12,2022-10-12T12:30:00+00:00,1,614d88726979e134f312823a9895b7949677c42e26428eea8f3b62d639ee71ea,SUBSEQUENT_PUBLICATION,True,2022-09,D:\Programming\python_example\ForecastTest\data-lake\bronze\industrials\v1_5\bls\ppi_detailed_reports\ppi-detailed-report-september-2022.xlsx,True
BLS_PPI_ARCHIVED_DETAILED_REPORT_XLSX,PPI_AS_RELEASED_VINTAGE,WPU107,2022-08,373.202,2022-11-15,2022-11-15T13:30:00+00:00,2,1d0847f74fc6cf1cee99b18e45b51749b5401eddcec41a0d56c17e0a3fcbbfd0,SUBSEQUENT_PUBLICATION,True,2022-10,D:\Programming\python_example\ForecastTest\data-lake\bronze\industrials\v1_5\bls\ppi_detailed_reports\ppi-detailed-report-october-2022.xlsx,True
BLS_PPI_ARCHIVED_DETAILED_REPORT_XLSX,PPI_AS_RELEASED_VINTAGE,WPU107,2022-08,373.202,2022-12-09,2022-12-09T13:30:00+00:00,3,c406aa946e99ed3b0f20abed36b5bc186c8d5be4981f688307a005c60cc1fa3e,SUBSEQUENT_PUBLICATION,True,2022-11,D:\Programming\python_example\ForecastTest\data-lake\bronze\industrials\v1_5\bls\ppi_detailed_reports\ppi-detailed-report-november-2022.xlsx,False
BLS_PPI_ARCHIVED_DETAILED_REPORT_XLSX,PPI_AS_RELEASED_VINTAGE,WPU107,2022-08,372.271,2023-01-18,2023-01-18T13:30:00+00:00,4,dcb3e876948240c0dcdca3376e89f8822a831e0a2e0ef2848afaaefb5fd7985a,SUBSEQUENT_PUBLICATION,True,2022-12,D:\Programming\python_example\ForecastTest\data-lake\bronze\industrials\v1_5\bls\ppi_detailed_reports\ppi-detailed-report-december-2022.xlsx,True
BLS_PPI_ARCHIVED_DETAILED_REPORT_XLSX,PPI_AS_RELEASED_VINTAGE,WPU107,2022-09,371.245,2022-10-12,2022-10-12T12:30:00+00:00,0,614d88726979e134f312823a9895b7949677c42e26428eea8f3b62d639ee71ea,INITIAL_RELEASE,True,2022-09,D:\Programming\python_example\ForecastTest\data-lake\bronze\industrials\v1_5\bls\ppi_detailed_reports\ppi-detailed-report-september-2022.xlsx,False
BLS_PPI_ARCHIVED_DETAILED_REPORT_XLSX,PPI_AS_RELEASED_VINTAGE,WPU107,2022-09,370.554,2022-11-15,2022-11-15T13:30:00+00:00,1,1d0847f74fc6cf1cee99b18e45b51749b5401eddcec41a0d56c17e0a3fcbbfd0,SUBSEQUENT_PUBLICATION,True,2022-10,D:\Programming\python_example\ForecastTest\data-lake\bronze\industrials\v1_5\bls\ppi_detailed_reports\ppi-detailed-report-october-2022.xlsx,True
BLS_PPI_ARCHIVED_DETAILED_REPORT_XLSX,PPI_AS_RELEASED_VINTAGE,WPU107,2022-09,370.974,2022-12-09,2022-12-09T13:30:00+00:00,2,c406aa946e99ed3b0f20abed36b5bc186c8d5be4981f688307a005c60cc1fa3e,SUBSEQUENT_PUBLICATION,True,2022-11,D:\Programming\python_example\ForecastTest\data-lake\bronze\industrials\v1_5\bls\ppi_detailed_reports\ppi-detailed-report-november-2022.xlsx,True
BLS_PPI_ARCHIVED_DETAILED_REPORT_XLSX,PPI_AS_RELEASED_VINTAGE,WPU107,2022-09,369.278,2023-01-18,2023-01-18T13:30:00+00:00,3,dcb3e876948240c0dcdca3376e89f8822a831e0a2e0ef2848afaaefb5fd7985a,SUBSEQUENT_PUBLICATION,True,2022-12,D:\Programming\python_example\ForecastTest\data-lake\bronze\industrials\v1_5\bls\ppi_detailed_reports\ppi-detailed-report-december-2022.xlsx,True
BLS_PPI_ARCHIVED_DETAILED_REPORT_XLSX,PPI_AS_RELEASED_VINTAGE,WPU107,2022-09,369.311,2023-02-16,2023-02-16T13:30:00+00:00,4,1983283f6a28ac421d35c1050626f9497eb41713cacb2db4371e3dd94f1609ee,SUBSEQUENT_PUBLICATION,True,2023-01,D:\Programming\python_example\ForecastTest\data-lake\bronze\industrials\v1_5\bls\ppi_detailed_reports\ppi-detailed-report-january-2023.xlsx,True
BLS_PPI_ARCHIVED_DETAILED_REPORT_XLSX,PPI_AS_RELEASED_VINTAGE,WPU107,2022-10,367.726,2022-11-15,2022-11-15T13:30:00+00:00,0,1d0847f74fc6cf1cee99b18e45b51749b5401eddcec41a0d56c17e0a3fcbbfd0,INITIAL_RELEASE,True,2022-10,D:\Programming\python_example\ForecastTest\data-lake\bronze\industrials\v1_5\bls\ppi_detailed_reports\ppi-detailed-report-october-2022.xlsx,False
BLS_PPI_ARCHIVED_DETAILED_REPORT_XLSX,PPI_AS_RELEASED_VINTAGE,WPU107,2022-10,369.216,2022-12-09,2022-12-09T13:30:00+00:00,1,c406aa946e99ed3b0f20abed36b5bc186c8d5be4981f688307a005c60cc1fa3e,SUBSEQUENT_PUBLICATION,True,2022-11,D:\Programming\python_example\ForecastTest\data-lake\bronze\industrials\v1_5\bls\ppi_detailed_reports\ppi-detailed-report-november-2022.xlsx,True
BLS_PPI_ARCHIVED_DETAILED_REPORT_XLSX,PPI_AS_RELEASED_VINTAGE,WPU107,2022-10,366.733,2023-01-18,2023-01-18T13:30:00+00:00,2,dcb3e876948240c0dcdca3376e89f8822a831e0a2e0ef2848afaaefb5fd7985a,SUBSEQUENT_PUBLICATION,True,2022-12,D:\Programming\python_example\ForecastTest\data-lake\bronze\industrials\v1_5\bls\ppi_detailed_reports\ppi-detailed-report-december-2022.xlsx,True
BLS_PPI_ARCHIVED_DETAILED_REPORT_XLSX,PPI_AS_RELEASED_VINTAGE,WPU107,2022-10,366.77,2023-02-16,2023-02-16T13:30:00+00:00,3,1983283f6a28ac421d35c1050626f9497eb41713cacb2db4371e3dd94f1609ee,SUBSEQUENT_PUBLICATION,True,2023-01,D:\Programming\python_example\ForecastTest\data-lake\bronze\industrials\v1_5\bls\ppi_detailed_reports\ppi-detailed-report-january-2023.xlsx,True
BLS_PPI_ARCHIVED_DETAILED_REPORT_XLSX,PPI_AS_RELEASED_VINTAGE,WPU107,2022-10,366.801,2023-03-15,2023-03-15T12:30:00+00:00,4,f858e0328d56c306478f71547caa2691bea64e4a658dc9a9b55fa76cbd1af744,SUBSEQUENT_PUBLICATION,True,2023-02,D:\Programming\python_example\ForecastTest\data-lake\bronze\industrials\v1_5\bls\ppi_detailed_reports\ppi-detailed-report-february-2023.xlsx,True
BLS_PPI_ARCHIVED_DETAILED_REPORT_XLSX,PPI_AS_RELEASED_VINTAGE,WPU107,2022-11,367.486,2022-12-09,2022-12-09T13:30:00+00:00,0,c406aa946e99ed3b0f20abed36b5bc186c8d5be4981f688307a005c60cc1fa3e,INITIAL_RELEASE,True,2022-11,D:\Programming\python_example\ForecastTest\data-lake\bronze\industrials\v1_5\bls\ppi_detailed_reports\ppi-detailed-report-november-2022.xlsx,False
BLS_PPI_ARCHIVED_DETAILED_REPORT_XLSX,PPI_AS_RELEASED_VINTAGE,WPU107,2022-11,363.714,2023-01-18,2023-01-18T13:30:00+00:00,1,dcb3e876948240c0dcdca3376e89f8822a831e0a2e0ef2848afaaefb5fd7985a,SUBSEQUENT_PUBLICATION,True,2022-12,D:\Programming\python_example\ForecastTest\data-lake\bronze\industrials\v1_5\bls\ppi_detailed_reports\ppi-detailed-report-december-2022.xlsx,True
BLS_PPI_ARCHIVED_DETAILED_REPORT_XLSX,PPI_AS_RELEASED_VINTAGE,WPU107,2022-11,363.651,2023-02-16,2023-02-16T13:30:00+00:00,2,1983283f6a28ac421d35c1050626f9497eb41713cacb2db4371e3dd94f1609ee,SUBSEQUENT_PUBLICATION,True,2023-01,D:\Programming\python_example\ForecastTest\data-lake\bronze\industrials\v1_5\bls\ppi_detailed_reports\ppi-detailed-report-january-2023.xlsx,True
BLS_PPI_ARCHIVED_DETAILED_REPORT_XLSX,PPI_AS_RELEASED_VINTAGE,WPU107,2022-11,363.682,2023-03-15,2023-03-15T12:30:00+00:00,3,f858e0328d56c306478f71547caa2691bea64e4a658dc9a9b55fa76cbd1af744,SUBSEQUENT_PUBLICATION,True,2023-02,D:\Programming\python_example\ForecastTest\data-lake\bronze\industrials\v1_5\bls\ppi_detailed_reports\ppi-detailed-report-february-2023.xlsx,True
BLS_PPI_ARCHIVED_DETAILED_REPORT_XLSX,PPI_AS_RELEASED_VINTAGE,WPU107,2022-11,363.14,2023-04-13,2023-04-13T12:30:00+00:00,4,b34e516e2b9b99d1e4386e3b675d6bc6fae54bd1bccb9d27c85e367258443d3a,SUBSEQUENT_PUBLICATION,True,2023-03,D:\Programming\python_example\ForecastTest\data-lake\bronze\industrials\v1_5\bls\ppi_detailed_reports\ppi-detailed-report-march-2023.xlsx,True
BLS_PPI_ARCHIVED_DETAILED_REPORT_XLSX,PPI_AS_RELEASED_VINTAGE,WPU107,2022-12,362.488,2023-01-18,2023-01-18T13:30:00+00:00,0,dcb3e876948240c0dcdca3376e89f8822a831e0a2e0ef2848afaaefb5fd7985a,INITIAL_RELEASE,True,2022-12,D:\Programming\python_example\ForecastTest\data-lake\bronze\industrials\v1_5\bls\ppi_detailed_reports\ppi-detailed-report-december-2022.xlsx,False
BLS_PPI_ARCHIVED_DETAILED_REPORT_XLSX,PPI_AS_RELEASED_VINTAGE,WPU107,2022-12,362.129,2023-02-16,2023-02-16T13:30:00+00:00,1,1983283f6a28ac421d35c1050626f9497eb41713cacb2db4371e3dd94f1609ee,SUBSEQUENT_PUBLICATION,True,2023-01,D:\Programming\python_example\ForecastTest\data-lake\bronze\industrials\v1_5\bls\ppi_detailed_reports\ppi-detailed-report-january-2023.xlsx,True
BLS_PPI_ARCHIVED_DETAILED_REPORT_XLSX,PPI_AS_RELEASED_VINTAGE,WPU107,2022-12,362.561,2023-03-15,2023-03-15T12:30:00+00:00,2,f858e0328d56c306478f71547caa2691bea64e4a658dc9a9b55fa76cbd1af744,SUBSEQUENT_PUBLICATION,True,2023-02,D:\Programming\python_example\ForecastTest\data-lake\bronze\industrials\v1_5\bls\ppi_detailed_reports\ppi-detailed-report-february-2023.xlsx,True
BLS_PPI_ARCHIVED_DETAILED_REPORT_XLSX,PPI_AS_RELEASED_VINTAGE,WPU107,2022-12,362.077,2023-04-13,2023-04-13T12:30:00+00:00,3,b34e516e2b9b99d1e4386e3b675d6bc6fae54bd1bccb9d27c85e367258443d3a,SUBSEQUENT_PUBLICATION,True,2023-03,D:\Programming\python_example\ForecastTest\data-lake\bronze\industrials\v1_5\bls\ppi_detailed_reports\ppi-detailed-report-march-2023.xlsx,True
BLS_PPI_ARCHIVED_DETAILED_REPORT_XLSX,PPI_AS_RELEASED_VINTAGE,WPU107,2022-12,361.24,2023-05-11,2023-05-11T12:30:00+00:00,4,07e4f16c517f3c9214ff433b58ade38598d65a03b952a16d7d4db45d5e8b3f82,SUBSEQUENT_PUBLICATION,True,2023-04,D:\Programming\python_example\ForecastTest\data-lake\bronze\industrials\v1_5\bls\ppi_detailed_reports\ppi-detailed-report-april-2023.xlsx,True
BLS_PPI_ARCHIVED_DETAILED_REPORT_XLSX,PPI_AS_RELEASED_VINTAGE,WPU107,2023-01,361.321,2023-02-16,2023-02-16T13:30:00+00:00,0,1983283f6a28ac421d35c1050626f9497eb41713cacb2db4371e3dd94f1609ee,INITIAL_RELEASE,True,2023-01,D:\Programming\python_example\ForecastTest\data-lake\bronze\industrials\v1_5\bls\ppi_detailed_reports\ppi-detailed-report-january-2023.xlsx,False
BLS_PPI_ARCHIVED_DETAILED_REPORT_XLSX,PPI_AS_RELEASED_VINTAGE,WPU107,2023-01,362.835,2023-03-15,2023-03-15T12:30:00+00:00,1,f858e0328d56c306478f71547caa2691bea64e4a658dc9a9b55fa76cbd1af744,SUBSEQUENT_PUBLICATION,True,2023-02,D:\Programming\python_example\ForecastTest\data-lake\bronze\industrials\v1_5\bls\ppi_detailed_reports\ppi-detailed-report-february-2023.xlsx,True
BLS_PPI_ARCHIVED_DETAILED_REPORT_XLSX,PPI_AS_RELEASED_VINTAGE,WPU107,2023-01,362.531,2023-04-13,2023-04-13T12:30:00+00:00,2,b34e516e2b9b99d1e4386e3b675d6bc6fae54bd1bccb9d27c85e367258443d3a,SUBSEQUENT_PUBLICATION,True,2023-03,D:\Programming\python_example\ForecastTest\data-lake\bronze\industrials\v1_5\bls\ppi_detailed_reports\ppi-detailed-report-march-2023.xlsx,True
BLS_PPI_ARCHIVED_DETAILED_REPORT_XLSX,PPI_AS_RELEASED_VINTAGE,WPU107,2023-01,362.041,2023-05-11,2023-05-11T12:30:00+00:00,3,07e4f16c517f3c9214ff433b58ade38598d65a03b952a16d7d4db45d5e8b3f82,SUBSEQUENT_PUBLICATION,True,2023-04,D:\Programming\python_example\ForecastTest\data-lake\bronze\industrials\v1_5\bls\ppi_detailed_reports\ppi-detailed-report-april-2023.xlsx,True
BLS_PPI_ARCHIVED_DETAILED_REPORT_XLSX,PPI_AS_RELEASED_VINTAGE,WPU107,2023-01,362.054,2023-06-14,2023-06-14T12:30:00+00:00,4,2afba21c6d15e2e8d87d952f68e707473fb5aab63f9e5b3c30ea322f683a82af,SUBSEQUENT_PUBLICATION,True,2023-05,D:\Programming\python_example\ForecastTest\data-lake\bronze\industrials\v1_5\bls\ppi_detailed_reports\ppi-detailed-report-may-2023.xlsx,True
BLS_PPI_ARCHIVED_DETAILED_REPORT_XLSX,PPI_AS_RELEASED_VINTAGE,WPU107,2023-02,363.334,2023-03-15,2023-03-15T12:30:00+00:00,0,f858e0328d56c306478f71547caa2691bea64e4a658dc9a9b55fa76cbd1af744,INITIAL_RELEASE,True,2023-02,D:\Programming\python_example\ForecastTest\data-lake\bronze\industrials\v1_5\bls\ppi_detailed_reports\ppi-detailed-report-february-2023.xlsx,False
BLS_PPI_ARCHIVED_DETAILED_REPORT_XLSX,PPI_AS_RELEASED_VINTAGE,WPU107,2023-02,363.077,2023-04-13,2023-04-13T12:30:00+00:00,1,b34e516e2b9b99d1e4386e3b675d6bc6fae54bd1bccb9d27c85e367258443d3a,SUBSEQUENT_PUBLICATION,True,2023-03,D:\Programming\python_example\ForecastTest\data-lake\bronze\industrials\v1_5\bls\ppi_detailed_reports\ppi-detailed-report-march-2023.xlsx,True
BLS_PPI_ARCHIVED_DETAILED_REPORT_XLSX,PPI_AS_RELEASED_VINTAGE,WPU107,2023-02,361.901,2023-05-11,2023-05-11T12:30:00+00:00,2,07e4f16c517f3c9214ff433b58ade38598d65a03b952a16d7d4db45d5e8b3f82,SUBSEQUENT_PUBLICATION,True,2023-04,D:\Programming\python_example\ForecastTest\data-lake\bronze\industrials\v1_5\bls\ppi_detailed_reports\ppi-detailed-report-april-2023.xlsx,True
BLS_PPI_ARCHIVED_DETAILED_REPORT_XLSX,PPI_AS_RELEASED_VINTAGE,WPU107,2023-02,361.888,2023-06-14,2023-06-14T12:30:00+00:00,3,2afba21c6d15e2e8d87d952f68e707473fb5aab63f9e5b3c30ea322f683a82af,SUBSEQUENT_PUBLICATION,True,2023-05,D:\Programming\python_example\ForecastTest\data-lake\bronze\industrials\v1_5\bls\ppi_detailed_reports\ppi-detailed-report-may-2023.xlsx,True
BLS_PPI_ARCHIVED_DETAILED_REPORT_XLSX,PPI_AS_RELEASED_VINTAGE,WPU107,2023-02,361.88,2023-07-13,2023-07-13T12:30:00+00:00,4,ea8e905a688e14ee5e2775c235b92ab43781961616c81e8dca253daef8704686,SUBSEQUENT_PUBLICATION,True,2023-06,D:\Programming\python_example\ForecastTest\data-lake\bronze\industrials\v1_5\bls\ppi_detailed_reports\ppi-detailed-report-june-2023.xlsx,True
BLS_PPI_ARCHIVED_DETAILED_REPORT_XLSX,PPI_AS_RELEASED_VINTAGE,WPU107,2023-03,368.132,2023-04-13,2023-04-13T12:30:00+00:00,0,b34e516e2b9b99d1e4386e3b675d6bc6fae54bd1bccb9d27c85e367258443d3a,INITIAL_RELEASE,True,2023-03,D:\Programming\python_example\ForecastTest\data-lake\bronze\industrials\v1_5\bls\ppi_detailed_reports\ppi-detailed-report-march-2023.xlsx,False
BLS_PPI_ARCHIVED_DETAILED_REPORT_XLSX,PPI_AS_RELEASED_VINTAGE,WPU107,2023-03,366.48,2023-05-11,2023-05-11T12:30:00+00:00,1,07e4f16c517f3c9214ff433b58ade38598d65a03b952a16d7d4db45d5e8b3f82,SUBSEQUENT_PUBLICATION,True,2023-04,D:\Programming\python_example\ForecastTest\data-lake\bronze\industrials\v1_5\bls\ppi_detailed_reports\ppi-detailed-report-april-2023.xlsx,True
BLS_PPI_ARCHIVED_DETAILED_REPORT_XLSX,PPI_AS_RELEASED_VINTAGE,WPU107,2023-03,365.541,2023-06-14,2023-06-14T12:30:00+00:00,2,2afba21c6d15e2e8d87d952f68e707473fb5aab63f9e5b3c30ea322f683a82af,SUBSEQUENT_PUBLICATION,True,2023-05,D:\Programming\python_example\ForecastTest\data-lake\bronze\industrials\v1_5\bls\ppi_detailed_reports\ppi-detailed-report-may-2023.xlsx,True
BLS_PPI_ARCHIVED_DETAILED_REPORT_XLSX,PPI_AS_RELEASED_VINTAGE,WPU107,2023-03,365.452,2023-07-13,2023-07-13T12:30:00+00:00,3,ea8e905a688e14ee5e2775c235b92ab43781961616c81e8dca253daef8704686,SUBSEQUENT_PUBLICATION,True,2023-06,D:\Programming\python_example\ForecastTest\data-lake\bronze\industrials\v1_5\bls\ppi_detailed_reports\ppi-detailed-report-june-2023.xlsx,True
BLS_PPI_ARCHIVED_DETAILED_REPORT_XLSX,PPI_AS_RELEASED_VINTAGE,WPU107,2023-03,365.356,2023-08-11,2023-08-11T12:30:00+00:00,4,2146fe7cb012b301739dd5df583325d33c87cf35a6465220708993c85aa9396c,SUBSEQUENT_PUBLICATION,True,2023-07,D:\Programming\python_example\ForecastTest\data-lake\bronze\industrials\v1_5\bls\ppi_detailed_reports\ppi-detailed-report-july-2023.xlsx,True
BLS_PPI_ARCHIVED_DETAILED_REPORT_XLSX,PPI_AS_RELEASED_VINTAGE,WPU107,2023-04,367.759,2023-05-11,2023-05-11T12:30:00+00:00,0,07e4f16c517f3c9214ff433b58ade38598d65a03b952a16d7d4db45d5e8b3f82,INITIAL_RELEASE,True,2023-04,D:\Programming\python_example\ForecastTest\data-lake\bronze\industrials\v1_5\bls\ppi_detailed_reports\ppi-detailed-report-april-2023.xlsx,False
BLS_PPI_ARCHIVED_DETAILED_REPORT_XLSX,PPI_AS_RELEASED_VINTAGE,WPU107,2023-04,367.34,2023-06-14,2023-06-14T12:30:00+00:00,1,2afba21c6d15e2e8d87d952f68e707473fb5aab63f9e5b3c30ea322f683a82af,SUBSEQUENT_PUBLICATION,True,2023-05,D:\Programming\python_example\ForecastTest\data-lake\bronze\industrials\v1_5\bls\ppi_detailed_reports\ppi-detailed-report-may-2023.xlsx,True
BLS_PPI_ARCHIVED_DETAILED_REPORT_XLSX,PPI_AS_RELEASED_VINTAGE,WPU107,2023-04,367.916,2023-07-13,2023-07-13T12:30:00+00:00,2,ea8e905a688e14ee5e2775c235b92ab43781961616c81e8dca253daef8704686,SUBSEQUENT_PUBLICATION,True,2023-06,D:\Programming\python_example\ForecastTest\data-lake\bronze\industrials\v1_5\bls\ppi_detailed_reports\ppi-detailed-report-june-2023.xlsx,True
BLS_PPI_ARCHIVED_DETAILED_REPORT_XLSX,PPI_AS_RELEASED_VINTAGE,WPU107,2023-04,367.865,2023-08-11,2023-08-11T12:30:00+00:00,3,2146fe7cb012b301739dd5df583325d33c87cf35a6465220708993c85aa9396c,SUBSEQUENT_PUBLICATION,True,2023-07,D:\Programming\python_example\ForecastTest\data-lake\bronze\industrials\v1_5\bls\ppi_detailed_reports\ppi-detailed-report-july-2023.xlsx,True
BLS_PPI_ARCHIVED_DETAILED_REPORT_XLSX,PPI_AS_RELEASED_VINTAGE,WPU107,2023-04,367.371,2023-09-14,2023-09-14T12:30:00+00:00,4,ab4916855f87fbb2837c4b9509a9518a11a2120ba7d4c0428414215a435bab02,SUBSEQUENT_PUBLICATION,True,2023-08,D:\Programming\python_example\ForecastTest\data-lake\bronze\industrials\v1_5\bls\ppi_detailed_reports\ppi-detailed-report-august-2023.xlsx,True
BLS_PPI_ARCHIVED_DETAILED_REPORT_XLSX,PPI_AS_RELEASED_VINTAGE,WPU107,2023-05,366.178,2023-06-14,2023-06-14T12:30:00+00:00,0,2afba21c6d15e2e8d87d952f68e707473fb5aab63f9e5b3c30ea322f683a82af,INITIAL_RELEASE,True,2023-05,D:\Programming\python_example\ForecastTest\data-lake\bronze\industrials\v1_5\bls\ppi_detailed_reports\ppi-detailed-report-may-2023.xlsx,False
BLS_PPI_ARCHIVED_DETAILED_REPORT_XLSX,PPI_AS_RELEASED_VINTAGE,WPU107,2023-05,366.695,2023-07-13,2023-07-13T12:30:00+00:00,1,ea8e905a688e14ee5e2775c235b92ab43781961616c81e8dca253daef8704686,SUBSEQUENT_PUBLICATION,True,2023-06,D:\Programming\python_example\ForecastTest\data-lake\bronze\industrials\v1_5\bls\ppi_detailed_reports\ppi-detailed-report-june-2023.xlsx,True
BLS_PPI_ARCHIVED_DETAILED_REPORT_XLSX,PPI_AS_RELEASED_VINTAGE,WPU107,2023-05,366.561,2023-08-11,2023-08-11T12:30:00+00:00,2,2146fe7cb012b301739dd5df583325d33c87cf35a6465220708993c85aa9396c,SUBSEQUENT_PUBLICATION,True,2023-07,D:\Programming\python_example\ForecastTest\data-lake\bronze\industrials\v1_5\bls\ppi_detailed_reports\ppi-detailed-report-july-2023.xlsx,True
BLS_PPI_ARCHIVED_DETAILED_REPORT_XLSX,PPI_AS_RELEASED_VINTAGE,WPU107,2023-05,366.112,2023-09-14,2023-09-14T12:30:00+00:00,3,ab4916855f87fbb2837c4b9509a9518a11a2120ba7d4c0428414215a435bab02,SUBSEQUENT_PUBLICATION,True,2023-08,D:\Programming\python_example\ForecastTest\data-lake\bronze\industrials\v1_5\bls\ppi_detailed_reports\ppi-detailed-report-august-2023.xlsx,True
BLS_PPI_ARCHIVED_DETAILED_REPORT_XLSX,PPI_AS_RELEASED_VINTAGE,WPU107,2023-05,364.501,2023-10-11,2023-10-11T12:30:00+00:00,4,af361ce61b71e4562f7de2bd3702fa0117334e9a0170eef8893d852d9652727e,SUBSEQUENT_PUBLICATION,True,2023-09,D:\Programming\python_example\ForecastTest\data-lake\bronze\industrials\v1_5\bls\ppi_detailed_reports\ppi-detailed-report-september-2023.xlsx,True
BLS_PPI_ARCHIVED_DETAILED_REPORT_XLSX,PPI_AS_RELEASED_VINTAGE,WPU107,2023-06,366.903,2023-07-13,2023-07-13T12:30:00+00:00,0,ea8e905a688e14ee5e2775c235b92ab43781961616c81e8dca253daef8704686,INITIAL_RELEASE,True,2023-06,D:\Programming\python_example\ForecastTest\data-lake\bronze\industrials\v1_5\bls\ppi_detailed_reports\ppi-detailed-report-june-2023.xlsx,False
BLS_PPI_ARCHIVED_DETAILED_REPORT_XLSX,PPI_AS_RELEASED_VINTAGE,WPU107,2023-06,366.319,2023-08-11,2023-08-11T12:30:00+00:00,1,2146fe7cb012b301739dd5df583325d33c87cf35a6465220708993c85aa9396c,SUBSEQUENT_PUBLICATION,True,2023-07,D:\Programming\python_example\ForecastTest\data-lake\bronze\industrials\v1_5\bls\ppi_detailed_reports\ppi-detailed-report-july-2023.xlsx,True
BLS_PPI_ARCHIVED_DETAILED_REPORT_XLSX,PPI_AS_RELEASED_VINTAGE,WPU107,2023-06,366.348,2023-09-14,2023-09-14T12:30:00+00:00,2,ab4916855f87fbb2837c4b9509a9518a11a2120ba7d4c0428414215a435bab02,SUBSEQUENT_PUBLICATION,True,2023-08,D:\Programming\python_example\ForecastTest\data-lake\bronze\industrials\v1_5\bls\ppi_detailed_reports\ppi-detailed-report-august-2023.xlsx,True
BLS_PPI_ARCHIVED_DETAILED_REPORT_XLSX,PPI_AS_RELEASED_VINTAGE,WPU107,2023-06,364.899,2023-10-11,2023-10-11T12:30:00+00:00,3,af361ce61b71e4562f7de2bd3702fa0117334e9a0170eef8893d852d9652727e,SUBSEQUENT_PUBLICATION,True,2023-09,D:\Programming\python_example\ForecastTest\data-lake\bronze\industrials\v1_5\bls\ppi_detailed_reports\ppi-detailed-report-september-2023.xlsx,True
BLS_PPI_ARCHIVED_DETAILED_REPORT_XLSX,PPI_AS_RELEASED_VINTAGE,WPU107,2023-06,364.888,2023-11-15,2023-11-15T13:30:00+00:00,4,d8274ecc9f5b83e06e54ac4cb8376fef44e6e4c77e389e727414d19d557381e4,SUBSEQUENT_PUBLICATION,True,2023-10,D:\Programming\python_example\ForecastTest\data-lake\bronze\industrials\v1_5\bls\ppi_detailed_reports\ppi-detailed-report-october-2023.xlsx,True
BLS_PPI_ARCHIVED_DETAILED_REPORT_XLSX,PPI_AS_RELEASED_VINTAGE,WPU107,2023-07,365.324,2023-08-11,2023-08-11T12:30:00+00:00,0,2146fe7cb012b301739dd5df583325d33c87cf35a6465220708993c85aa9396c,INITIAL_RELEASE,True,2023-07,D:\Programming\python_example\ForecastTest\data-lake\bronze\industrials\v1_5\bls\ppi_detailed_reports\ppi-detailed-report-july-2023.xlsx,False
BLS_PPI_ARCHIVED_DETAILED_REPORT_XLSX,PPI_AS_RELEASED_VINTAGE,WPU107,2023-07,366.472,2023-09-14,2023-09-14T12:30:00+00:00,1,ab4916855f87fbb2837c4b9509a9518a11a2120ba7d4c0428414215a435bab02,SUBSEQUENT_PUBLICATION,True,2023-08,D:\Programming\python_example\ForecastTest\data-lake\bronze\industrials\v1_5\bls\ppi_detailed_reports\ppi-detailed-report-august-2023.xlsx,True
BLS_PPI_ARCHIVED_DETAILED_REPORT_XLSX,PPI_AS_RELEASED_VINTAGE,WPU107,2023-07,365.031,2023-10-11,2023-10-11T12:30:00+00:00,2,af361ce61b71e4562f7de2bd3702fa0117334e9a0170eef8893d852d9652727e,SUBSEQUENT_PUBLICATION,True,2023-09,D:\Programming\python_example\ForecastTest\data-lake\bronze\industrials\v1_5\bls\ppi_detailed_reports\ppi-detailed-report-september-2023.xlsx,True
BLS_PPI_ARCHIVED_DETAILED_REPORT_XLSX,PPI_AS_RELEASED_VINTAGE,WPU107,2023-07,365.015,2023-11-15,2023-11-15T13:30:00+00:00,3,d8274ecc9f5b83e06e54ac4cb8376fef44e6e4c77e389e727414d19d557381e4,SUBSEQUENT_PUBLICATION,True,2023-10,D:\Programming\python_example\ForecastTest\data-lake\bronze\industrials\v1_5\bls\ppi_detailed_reports\ppi-detailed-report-october-2023.xlsx,True
BLS_PPI_ARCHIVED_DETAILED_REPORT_XLSX,PPI_AS_RELEASED_VINTAGE,WPU107,2023-07,365.015,2023-12-13,2023-12-13T13:30:00+00:00,4,39b3ac396833790a657d26cf0f9b7e0576fea88619db619ca65c877dafe85d76,SUBSEQUENT_PUBLICATION,True,2023-11,D:\Programming\python_example\ForecastTest\data-lake\bronze\industrials\v1_5\bls\ppi_detailed_reports\ppi-detailed-report-november-2023.xlsx,False
BLS_PPI_ARCHIVED_DETAILED_REPORT_XLSX,PPI_AS_RELEASED_VINTAGE,WPU107,2023-08,366.762,2023-09-14,2023-09-14T12:30:00+00:00,0,ab4916855f87fbb2837c4b9509a9518a11a2120ba7d4c0428414215a435bab02,INITIAL_RELEASE,True,2023-08,D:\Programming\python_example\ForecastTest\data-lake\bronze\industrials\v1_5\bls\ppi_detailed_reports\ppi-detailed-report-august-2023.xlsx,False
BLS_PPI_ARCHIVED_DETAILED_REPORT_XLSX,PPI_AS_RELEASED_VINTAGE,WPU107,2023-08,365.55,2023-10-11,2023-10-11T12:30:00+00:00,1,af361ce61b71e4562f7de2bd3702fa0117334e9a0170eef8893d852d9652727e,SUBSEQUENT_PUBLICATION,True,2023-09,D:\Programming\python_example\ForecastTest\data-lake\bronze\industrials\v1_5\bls\ppi_detailed_reports\ppi-detailed-report-september-2023.xlsx,True
BLS_PPI_ARCHIVED_DETAILED_REPORT_XLSX,PPI_AS_RELEASED_VINTAGE,WPU107,2023-08,365.337,2023-11-15,2023-11-15T13:30:00+00:00,2,d8274ecc9f5b83e06e54ac4cb8376fef44e6e4c77e389e727414d19d557381e4,SUBSEQUENT_PUBLICATION,True,2023-10,D:\Programming\python_example\ForecastTest\data-lake\bronze\industrials\v1_5\bls\ppi_detailed_reports\ppi-detailed-report-october-2023.xlsx,True
BLS_PPI_ARCHIVED_DETAILED_REPORT_XLSX,PPI_AS_RELEASED_VINTAGE,WPU107,2023-08,365.303,2023-12-13,2023-12-13T13:30:00+00:00,3,39b3ac396833790a657d26cf0f9b7e0576fea88619db619ca65c877dafe85d76,SUBSEQUENT_PUBLICATION,True,2023-11,D:\Programming\python_example\ForecastTest\data-lake\bronze\industrials\v1_5\bls\ppi_detailed_reports\ppi-detailed-report-november-2023.xlsx,True
BLS_PPI_ARCHIVED_DETAILED_REPORT_XLSX,PPI_AS_RELEASED_VINTAGE,WPU107,2023-08,365.374,2024-01-12,2024-01-12T13:30:00+00:00,4,a9dcbf2af4f3af9fd547b824b03b6c3856dcf2bfb19da4da6fcf3d8ef68a79d3,SUBSEQUENT_PUBLICATION,True,2023-12,D:\Programming\python_example\ForecastTest\data-lake\bronze\industrials\v1_5\bls\ppi_detailed_reports\ppi-detailed-report-december-2023.xlsx,True
BLS_PPI_ARCHIVED_DETAILED_REPORT_XLSX,PPI_AS_RELEASED_VINTAGE,WPU107,2023-09,364.17,2023-10-11,2023-10-11T12:30:00+00:00,0,af361ce61b71e4562f7de2bd3702fa0117334e9a0170eef8893d852d9652727e,INITIAL_RELEASE,True,2023-09,D:\Programming\python_example\ForecastTest\data-lake\bronze\industrials\v1_5\bls\ppi_detailed_reports\ppi-detailed-report-september-2023.xlsx,False
BLS_PPI_ARCHIVED_DETAILED_REPORT_XLSX,PPI_AS_RELEASED_VINTAGE,WPU107,2023-09,364.148,2023-11-15,2023-11-15T13:30:00+00:00,1,d8274ecc9f5b83e06e54ac4cb8376fef44e6e4c77e389e727414d19d557381e4,SUBSEQUENT_PUBLICATION,True,2023-10,D:\Programming\python_example\ForecastTest\data-lake\bronze\industrials\v1_5\bls\ppi_detailed_reports\ppi-detailed-report-october-2023.xlsx,True
BLS_PPI_ARCHIVED_DETAILED_REPORT_XLSX,PPI_AS_RELEASED_VINTAGE,WPU107,2023-09,364.953,2023-12-13,2023-12-13T13:30:00+00:00,2,39b3ac396833790a657d26cf0f9b7e0576fea88619db619ca65c877dafe85d76,SUBSEQUENT_PUBLICATION,True,2023-11,D:\Programming\python_example\ForecastTest\data-lake\bronze\industrials\v1_5\bls\ppi_detailed_reports\ppi-detailed-report-november-2023.xlsx,True
BLS_PPI_ARCHIVED_DETAILED_REPORT_XLSX,PPI_AS_RELEASED_VINTAGE,WPU107,2023-09,365.088,2024-01-12,2024-01-12T13:30:00+00:00,3,a9dcbf2af4f3af9fd547b824b03b6c3856dcf2bfb19da4da6fcf3d8ef68a79d3,SUBSEQUENT_PUBLICATION,True,2023-12,D:\Programming\python_example\ForecastTest\data-lake\bronze\industrials\v1_5\bls\ppi_detailed_reports\ppi-detailed-report-december-2023.xlsx,True
BLS_PPI_ARCHIVED_DETAILED_REPORT_XLSX,PPI_AS_RELEASED_VINTAGE,WPU107,2023-09,365.128,2024-02-16,2024-02-16T13:30:00+00:00,4,85dfbbd26349b5ac4733938c870b4446b0101e3022b5fa3241e3820ac3201eb5,SUBSEQUENT_PUBLICATION,True,2024-01,D:\Programming\python_example\ForecastTest\data-lake\bronze\industrials\v1_5\bls\ppi_detailed_reports\ppi-detailed-report-january-2024.xlsx,True
BLS_PPI_ARCHIVED_DETAILED_REPORT_XLSX,PPI_AS_RELEASED_VINTAGE,WPU107,2023-10,364.396,2023-11-15,2023-11-15T13:30:00+00:00,0,d8274ecc9f5b83e06e54ac4cb8376fef44e6e4c77e389e727414d19d557381e4,INITIAL_RELEASE,True,2023-10,D:\Programming\python_example\ForecastTest\data-lake\bronze\industrials\v1_5\bls\ppi_detailed_reports\ppi-detailed-report-october-2023.xlsx,False
BLS_PPI_ARCHIVED_DETAILED_REPORT_XLSX,PPI_AS_RELEASED_VINTAGE,WPU107,2023-10,365.027,2023-12-13,2023-12-13T13:30:00+00:00,1,39b3ac396833790a657d26cf0f9b7e0576fea88619db619ca65c877dafe85d76,SUBSEQUENT_PUBLICATION,True,2023-11,D:\Programming\python_example\ForecastTest\data-lake\bronze\industrials\v1_5\bls\ppi_detailed_reports\ppi-detailed-report-november-2023.xlsx,True
BLS_PPI_ARCHIVED_DETAILED_REPORT_XLSX,PPI_AS_RELEASED_VINTAGE,WPU107,2023-10,364.511,2024-01-12,2024-01-12T13:30:00+00:00,2,a9dcbf2af4f3af9fd547b824b03b6c3856dcf2bfb19da4da6fcf3d8ef68a79d3,SUBSEQUENT_PUBLICATION,True,2023-12,D:\Programming\python_example\ForecastTest\data-lake\bronze\industrials\v1_5\bls\ppi_detailed_reports\ppi-detailed-report-december-2023.xlsx,True
BLS_PPI_ARCHIVED_DETAILED_REPORT_XLSX,PPI_AS_RELEASED_VINTAGE,WPU107,2023-10,364.808,2024-02-16,2024-02-16T13:30:00+00:00,3,85dfbbd26349b5ac4733938c870b4446b0101e3022b5fa3241e3820ac3201eb5,SUBSEQUENT_PUBLICATION,True,2024-01,D:\Programming\python_example\ForecastTest\data-lake\bronze\industrials\v1_5\bls\ppi_detailed_reports\ppi-detailed-report-january-2024.xlsx,True
BLS_PPI_ARCHIVED_DETAILED_REPORT_XLSX,PPI_AS_RELEASED_VINTAGE,WPU107,2023-10,364.505,2024-03-14,2024-03-14T12:30:00+00:00,4,712ef199314b0b8da4fef7fcdc6910571ac1a79ff56a3c1deb5312ce72969a4c,SUBSEQUENT_PUBLICATION,True,2024-02,D:\Programming\python_example\ForecastTest\data-lake\bronze\industrials\v1_5\bls\ppi_detailed_reports\ppi-detailed-report-february-2024.xlsx,True
BLS_PPI_ARCHIVED_DETAILED_REPORT_XLSX,PPI_AS_RELEASED_VINTAGE,WPU107,2023-11,365.627,2023-12-13,2023-12-13T13:30:00+00:00,0,39b3ac396833790a657d26cf0f9b7e0576fea88619db619ca65c877dafe85d76,INITIAL_RELEASE,True,2023-11,D:\Programming\python_example\ForecastTest\data-lake\bronze\industrials\v1_5\bls\ppi_detailed_reports\ppi-detailed-report-november-2023.xlsx,False
BLS_PPI_ARCHIVED_DETAILED_REPORT_XLSX,PPI_AS_RELEASED_VINTAGE,WPU107,2023-11,365.281,2024-01-12,2024-01-12T13:30:00+00:00,1,a9dcbf2af4f3af9fd547b824b03b6c3856dcf2bfb19da4da6fcf3d8ef68a79d3,SUBSEQUENT_PUBLICATION,True,2023-12,D:\Programming\python_example\ForecastTest\data-lake\bronze\industrials\v1_5\bls\ppi_detailed_reports\ppi-detailed-report-december-2023.xlsx,True
BLS_PPI_ARCHIVED_DETAILED_REPORT_XLSX,PPI_AS_RELEASED_VINTAGE,WPU107,2023-11,365.474,2024-02-16,2024-02-16T13:30:00+00:00,2,85dfbbd26349b5ac4733938c870b4446b0101e3022b5fa3241e3820ac3201eb5,SUBSEQUENT_PUBLICATION,True,2024-01,D:\Programming\python_example\ForecastTest\data-lake\bronze\industrials\v1_5\bls\ppi_detailed_reports\ppi-detailed-report-january-2024.xlsx,True
BLS_PPI_ARCHIVED_DETAILED_REPORT_XLSX,PPI_AS_RELEASED_VINTAGE,WPU107,2023-11,364.874,2024-03-14,2024-03-14T12:30:00+00:00,3,712ef199314b0b8da4fef7fcdc6910571ac1a79ff56a3c1deb5312ce72969a4c,SUBSEQUENT_PUBLICATION,True,2024-02,D:\Programming\python_example\ForecastTest\data-lake\bronze\industrials\v1_5\bls\ppi_detailed_reports\ppi-detailed-report-february-2024.xlsx,True
BLS_PPI_ARCHIVED_DETAILED_REPORT_XLSX,PPI_AS_RELEASED_VINTAGE,WPU107,2023-11,364.874,2024-04-11,2024-04-11T12:30:00+00:00,4,c3c9f4d66951acd1f403d494a508924bef8e1a60e80097360bfb6cc1e38a57c4,SUBSEQUENT_PUBLICATION,True,2024-03,D:\Programming\python_example\ForecastTest\data-lake\bronze\industrials\v1_5\bls\ppi_detailed_reports\ppi-detailed-report-march-2024.xlsx,False
BLS_PPI_ARCHIVED_DETAILED_REPORT_XLSX,PPI_AS_RELEASED_VINTAGE,WPU107,2023-12,370.116,2024-01-12,2024-01-12T13:30:00+00:00,0,a9dcbf2af4f3af9fd547b824b03b6c3856dcf2bfb19da4da6fcf3d8ef68a79d3,INITIAL_RELEASE,True,2023-12,D:\Programming\python_example\ForecastTest\data-lake\bronze\industrials\v1_5\bls\ppi_detailed_reports\ppi-detailed-report-december-2023.xlsx,False
BLS_PPI_ARCHIVED_DETAILED_REPORT_XLSX,PPI_AS_RELEASED_VINTAGE,WPU107,2023-12,369.235,2024-02-16,2024-02-16T13:30:00+00:00,1,85dfbbd26349b5ac4733938c870b4446b0101e3022b5fa3241e3820ac3201eb5,SUBSEQUENT_PUBLICATION,True,2024-01,D:\Programming\python_example\ForecastTest\data-lake\bronze\industrials\v1_5\bls\ppi_detailed_reports\ppi-detailed-report-january-2024.xlsx,True
BLS_PPI_ARCHIVED_DETAILED_REPORT_XLSX,PPI_AS_RELEASED_VINTAGE,WPU107,2023-12,368.607,2024-03-14,2024-03-14T12:30:00+00:00,2,712ef199314b0b8da4fef7fcdc6910571ac1a79ff56a3c1deb5312ce72969a4c,SUBSEQUENT_PUBLICATION,True,2024-02,D:\Programming\python_example\ForecastTest\data-lake\bronze\industrials\v1_5\bls\ppi_detailed_reports\ppi-detailed-report-february-2024.xlsx,True
BLS_PPI_ARCHIVED_DETAILED_REPORT_XLSX,PPI_AS_RELEASED_VINTAGE,WPU107,2023-12,368.818,2024-04-11,2024-04-11T12:30:00+00:00,3,c3c9f4d66951acd1f403d494a508924bef8e1a60e80097360bfb6cc1e38a57c4,SUBSEQUENT_PUBLICATION,True,2024-03,D:\Programming\python_example\ForecastTest\data-lake\bronze\industrials\v1_5\bls\ppi_detailed_reports\ppi-detailed-report-march-2024.xlsx,True
BLS_PPI_ARCHIVED_DETAILED_REPORT_XLSX,PPI_AS_RELEASED_VINTAGE,WPU107,2023-12,368.814,2024-05-14,2024-05-14T12:30:00+00:00,4,d6e4a8b49906b7ecc8701547fae82f1cded20402aaac3f7cb0364014af7f559a,SUBSEQUENT_PUBLICATION,True,2024-04,D:\Programming\python_example\ForecastTest\data-lake\bronze\industrials\v1_5\bls\ppi_detailed_reports\ppi-detailed-report-april-2024.xlsx,True
BLS_PPI_ARCHIVED_DETAILED_REPORT_XLSX,PPI_AS_RELEASED_VINTAGE,WPU107,2024-01,370.604,2024-02-16,2024-02-16T13:30:00+00:00,0,85dfbbd26349b5ac4733938c870b4446b0101e3022b5fa3241e3820ac3201eb5,INITIAL_RELEASE,True,2024-01,D:\Programming\python_example\ForecastTest\data-lake\bronze\industrials\v1_5\bls\ppi_detailed_reports\ppi-detailed-report-january-2024.xlsx,False
BLS_PPI_ARCHIVED_DETAILED_REPORT_XLSX,PPI_AS_RELEASED_VINTAGE,WPU107,2024-01,370.723,2024-03-14,2024-03-14T12:30:00+00:00,1,712ef199314b0b8da4fef7fcdc6910571ac1a79ff56a3c1deb5312ce72969a4c,SUBSEQUENT_PUBLICATION,True,2024-02,D:\Programming\python_example\ForecastTest\data-lake\bronze\industrials\v1_5\bls\ppi_detailed_reports\ppi-detailed-report-february-2024.xlsx,True
BLS_PPI_ARCHIVED_DETAILED_REPORT_XLSX,PPI_AS_RELEASED_VINTAGE,WPU107,2024-01,370.642,2024-04-11,2024-04-11T12:30:00+00:00,2,c3c9f4d66951acd1f403d494a508924bef8e1a60e80097360bfb6cc1e38a57c4,SUBSEQUENT_PUBLICATION,True,2024-03,D:\Programming\python_example\ForecastTest\data-lake\bronze\industrials\v1_5\bls\ppi_detailed_reports\ppi-detailed-report-march-2024.xlsx,True
BLS_PPI_ARCHIVED_DETAILED_REPORT_XLSX,PPI_AS_RELEASED_VINTAGE,WPU107,2024-01,371.138,2024-05-14,2024-05-14T12:30:00+00:00,3,d6e4a8b49906b7ecc8701547fae82f1cded20402aaac3f7cb0364014af7f559a,SUBSEQUENT_PUBLICATION,True,2024-04,D:\Programming\python_example\ForecastTest\data-lake\bronze\industrials\v1_5\bls\ppi_detailed_reports\ppi-detailed-report-april-2024.xlsx,True
BLS_PPI_ARCHIVED_DETAILED_REPORT_XLSX,PPI_AS_RELEASED_VINTAGE,WPU107,2024-01,371.166,2024-06-13,2024-06-13T12:30:00+00:00,4,be7202915b3545cf08d4f4b571515a43e4ca0ee0239bd9e138bb2bd0fcfea517,SUBSEQUENT_PUBLICATION,True,2024-05,D:\Programming\python_example\ForecastTest\data-lake\bronze\industrials\v1_5\bls\ppi_detailed_reports\ppi-detailed-report-may-2024.xlsx,True
BLS_PPI_ARCHIVED_DETAILED_REPORT_XLSX,PPI_AS_RELEASED_VINTAGE,WPU107,2024-02,370.399,2024-03-14,2024-03-14T12:30:00+00:00,0,712ef199314b0b8da4fef7fcdc6910571ac1a79ff56a3c1deb5312ce72969a4c,INITIAL_RELEASE,True,2024-02,D:\Programming\python_example\ForecastTest\data-lake\bronze\industrials\v1_5\bls\ppi_detailed_reports\ppi-detailed-report-february-2024.xlsx,False
BLS_PPI_ARCHIVED_DETAILED_REPORT_XLSX,PPI_AS_RELEASED_VINTAGE,WPU107,2024-02,369.388,2024-04-11,2024-04-11T12:30:00+00:00,1,c3c9f4d66951acd1f403d494a508924bef8e1a60e80097360bfb6cc1e38a57c4,SUBSEQUENT_PUBLICATION,True,2024-03,D:\Programming\python_example\ForecastTest\data-lake\bronze\industrials\v1_5\bls\ppi_detailed_reports\ppi-detailed-report-march-2024.xlsx,True
BLS_PPI_ARCHIVED_DETAILED_REPORT_XLSX,PPI_AS_RELEASED_VINTAGE,WPU107,2024-02,369.959,2024-05-14,2024-05-14T12:30:00+00:00,2,d6e4a8b49906b7ecc8701547fae82f1cded20402aaac3f7cb0364014af7f559a,SUBSEQUENT_PUBLICATION,True,2024-04,D:\Programming\python_example\ForecastTest\data-lake\bronze\industrials\v1_5\bls\ppi_detailed_reports\ppi-detailed-report-april-2024.xlsx,True
BLS_PPI_ARCHIVED_DETAILED_REPORT_XLSX,PPI_AS_RELEASED_VINTAGE,WPU107,2024-02,370.228,2024-06-13,2024-06-13T12:30:00+00:00,3,be7202915b3545cf08d4f4b571515a43e4ca0ee0239bd9e138bb2bd0fcfea517,SUBSEQUENT_PUBLICATION,True,2024-05,D:\Programming\python_example\ForecastTest\data-lake\bronze\industrials\v1_5\bls\ppi_detailed_reports\ppi-detailed-report-may-2024.xlsx,True
BLS_PPI_ARCHIVED_DETAILED_REPORT_XLSX,PPI_AS_RELEASED_VINTAGE,WPU107,2024-02,370.473,2024-07-12,2024-07-12T12:30:00+00:00,4,8eaaf8cd7eefb875e7d59c29aa28db9460a963ae145625d66f89f2e58f2d1b63,SUBSEQUENT_PUBLICATION,True,2024-06,D:\Programming\python_example\ForecastTest\data-lake\bronze\industrials\v1_5\bls\ppi_detailed_reports\ppi-detailed-report-june-2024.xlsx,True
BLS_PPI_ARCHIVED_DETAILED_REPORT_XLSX,PPI_AS_RELEASED_VINTAGE,WPU107,2024-03,369.569,2024-04-11,2024-04-11T12:30:00+00:00,0,c3c9f4d66951acd1f403d494a508924bef8e1a60e80097360bfb6cc1e38a57c4,INITIAL_RELEASE,True,2024-03,D:\Programming\python_example\ForecastTest\data-lake\bronze\industrials\v1_5\bls\ppi_detailed_reports\ppi-detailed-report-march-2024.xlsx,False
BLS_PPI_ARCHIVED_DETAILED_REPORT_XLSX,PPI_AS_RELEASED_VINTAGE,WPU107,2024-03,369.955,2024-05-14,2024-05-14T12:30:00+00:00,1,d6e4a8b49906b7ecc8701547fae82f1cded20402aaac3f7cb0364014af7f559a,SUBSEQUENT_PUBLICATION,True,2024-04,D:\Programming\python_example\ForecastTest\data-lake\bronze\industrials\v1_5\bls\ppi_detailed_reports\ppi-detailed-report-april-2024.xlsx,True
BLS_PPI_ARCHIVED_DETAILED_REPORT_XLSX,PPI_AS_RELEASED_VINTAGE,WPU107,2024-03,370.034,2024-06-13,2024-06-13T12:30:00+00:00,2,be7202915b3545cf08d4f4b571515a43e4ca0ee0239bd9e138bb2bd0fcfea517,SUBSEQUENT_PUBLICATION,True,2024-05,D:\Programming\python_example\ForecastTest\data-lake\bronze\industrials\v1_5\bls\ppi_detailed_reports\ppi-detailed-report-may-2024.xlsx,True
BLS_PPI_ARCHIVED_DETAILED_REPORT_XLSX,PPI_AS_RELEASED_VINTAGE,WPU107,2024-03,359.464,2024-07-12,2024-07-12T12:30:00+00:00,3,8eaaf8cd7eefb875e7d59c29aa28db9460a963ae145625d66f89f2e58f2d1b63,SUBSEQUENT_PUBLICATION,True,2024-06,D:\Programming\python_example\ForecastTest\data-lake\bronze\industrials\v1_5\bls\ppi_detailed_reports\ppi-detailed-report-june-2024.xlsx,True
BLS_PPI_ARCHIVED_DETAILED_REPORT_XLSX,PPI_AS_RELEASED_VINTAGE,WPU107,2024-03,361.173,2024-08-13,2024-08-13T12:30:00+00:00,4,b2310fc2f2a8768eb9b4cdbcfe2c3fa150618d02da750bbccd5e9d4210c77658,SUBSEQUENT_PUBLICATION,True,2024-07,D:\Programming\python_example\ForecastTest\data-lake\bronze\industrials\v1_5\bls\ppi_detailed_reports\ppi-detailed-report-july-2024.xlsx,True
BLS_PPI_ARCHIVED_DETAILED_REPORT_XLSX,PPI_AS_RELEASED_VINTAGE,WPU107,2024-04,371.515,2024-05-14,2024-05-14T12:30:00+00:00,0,d6e4a8b49906b7ecc8701547fae82f1cded20402aaac3f7cb0364014af7f559a,INITIAL_RELEASE,True,2024-04,D:\Programming\python_example\ForecastTest\data-lake\bronze\industrials\v1_5\bls\ppi_detailed_reports\ppi-detailed-report-april-2024.xlsx,False
BLS_PPI_ARCHIVED_DETAILED_REPORT_XLSX,PPI_AS_RELEASED_VINTAGE,WPU107,2024-04,370.536,2024-06-13,2024-06-13T12:30:00+00:00,1,be7202915b3545cf08d4f4b571515a43e4ca0ee0239bd9e138bb2bd0fcfea517,SUBSEQUENT_PUBLICATION,True,2024-05,D:\Programming\python_example\ForecastTest\data-lake\bronze\industrials\v1_5\bls\ppi_detailed_reports\ppi-detailed-report-may-2024.xlsx,True
BLS_PPI_ARCHIVED_DETAILED_REPORT_XLSX,PPI_AS_RELEASED_VINTAGE,WPU107,2024-04,359.783,2024-07-12,2024-07-12T12:30:00+00:00,2,8eaaf8cd7eefb875e7d59c29aa28db9460a963ae145625d66f89f2e58f2d1b63,SUBSEQUENT_PUBLICATION,True,2024-06,D:\Programming\python_example\ForecastTest\data-lake\bronze\industrials\v1_5\bls\ppi_detailed_reports\ppi-detailed-report-june-2024.xlsx,True
BLS_PPI_ARCHIVED_DETAILED_REPORT_XLSX,PPI_AS_RELEASED_VINTAGE,WPU107,2024-04,361.492,2024-08-13,2024-08-13T12:30:00+00:00,3,b2310fc2f2a8768eb9b4cdbcfe2c3fa150618d02da750bbccd5e9d4210c77658,SUBSEQUENT_PUBLICATION,True,2024-07,D:\Programming\python_example\ForecastTest\data-lake\bronze\industrials\v1_5\bls\ppi_detailed_reports\ppi-detailed-report-july-2024.xlsx,True
BLS_PPI_ARCHIVED_DETAILED_REPORT_XLSX,PPI_AS_RELEASED_VINTAGE,WPU107,2024-04,361.488,2024-09-12,2024-09-12T12:30:00+00:00,4,713cea4beabca9f3d121ececd99a3aba4ef5a9065c7b14f6fea32acf89152bd6,SUBSEQUENT_PUBLICATION,True,2024-08,D:\Programming\python_example\ForecastTest\data-lake\bronze\industrials\v1_5\bls\ppi_detailed_reports\ppi-detailed-report-august-2024.xlsx,True
BLS_PPI_ARCHIVED_DETAILED_REPORT_XLSX,PPI_AS_RELEASED_VINTAGE,WPU107,2024-05,371.47,2024-06-13,2024-06-13T12:30:00+00:00,0,be7202915b3545cf08d4f4b571515a43e4ca0ee0239bd9e138bb2bd0fcfea517,INITIAL_RELEASE,True,2024-05,D:\Programming\python_example\ForecastTest\data-lake\bronze\industrials\v1_5\bls\ppi_detailed_reports\ppi-detailed-report-may-2024.xlsx,False
BLS_PPI_ARCHIVED_DETAILED_REPORT_XLSX,PPI_AS_RELEASED_VINTAGE,WPU107,2024-05,360.935,2024-07-12,2024-07-12T12:30:00+00:00,1,8eaaf8cd7eefb875e7d59c29aa28db9460a963ae145625d66f89f2e58f2d1b63,SUBSEQUENT_PUBLICATION,True,2024-06,D:\Programming\python_example\ForecastTest\data-lake\bronze\industrials\v1_5\bls\ppi_detailed_reports\ppi-detailed-report-june-2024.xlsx,True
BLS_PPI_ARCHIVED_DETAILED_REPORT_XLSX,PPI_AS_RELEASED_VINTAGE,WPU107,2024-05,362.689,2024-08-13,2024-08-13T12:30:00+00:00,2,b2310fc2f2a8768eb9b4cdbcfe2c3fa150618d02da750bbccd5e9d4210c77658,SUBSEQUENT_PUBLICATION,True,2024-07,D:\Programming\python_example\ForecastTest\data-lake\bronze\industrials\v1_5\bls\ppi_detailed_reports\ppi-detailed-report-july-2024.xlsx,True
BLS_PPI_ARCHIVED_DETAILED_REPORT_XLSX,PPI_AS_RELEASED_VINTAGE,WPU107,2024-05,362.689,2024-09-12,2024-09-12T12:30:00+00:00,3,713cea4beabca9f3d121ececd99a3aba4ef5a9065c7b14f6fea32acf89152bd6,SUBSEQUENT_PUBLICATION,True,2024-08,D:\Programming\python_example\ForecastTest\data-lake\bronze\industrials\v1_5\bls\ppi_detailed_reports\ppi-detailed-report-august-2024.xlsx,False
BLS_PPI_ARCHIVED_DETAILED_REPORT_XLSX,PPI_AS_RELEASED_VINTAGE,WPU107,2024-05,362.689,2024-10-11,2024-10-11T12:30:00+00:00,4,ba18db08f7a057be631caab5bf8e6312b62d947dd5dbe2685f968ab3bf8a6915,SUBSEQUENT_PUBLICATION,True,2024-09,D:\Programming\python_example\ForecastTest\data-lake\bronze\industrials\v1_5\bls\ppi_detailed_reports\ppi-detailed-report-september-2024.xlsx,False
BLS_PPI_ARCHIVED_DETAILED_REPORT_XLSX,PPI_AS_RELEASED_VINTAGE,WPU107,2024-06,359.721,2024-07-12,2024-07-12T12:30:00+00:00,0,8eaaf8cd7eefb875e7d59c29aa28db9460a963ae145625d66f89f2e58f2d1b63,INITIAL_RELEASE,True,2024-06,D:\Programming\python_example\ForecastTest\data-lake\bronze\industrials\v1_5\bls\ppi_detailed_reports\ppi-detailed-report-june-2024.xlsx,False
BLS_PPI_ARCHIVED_DETAILED_REPORT_XLSX,PPI_AS_RELEASED_VINTAGE,WPU107,2024-06,361.638,2024-08-13,2024-08-13T12:30:00+00:00,1,b2310fc2f2a8768eb9b4cdbcfe2c3fa150618d02da750bbccd5e9d4210c77658,SUBSEQUENT_PUBLICATION,True,2024-07,D:\Programming\python_example\ForecastTest\data-lake\bronze\industrials\v1_5\bls\ppi_detailed_reports\ppi-detailed-report-july-2024.xlsx,True
BLS_PPI_ARCHIVED_DETAILED_REPORT_XLSX,PPI_AS_RELEASED_VINTAGE,WPU107,2024-06,361.658,2024-09-12,2024-09-12T12:30:00+00:00,2,713cea4beabca9f3d121ececd99a3aba4ef5a9065c7b14f6fea32acf89152bd6,SUBSEQUENT_PUBLICATION,True,2024-08,D:\Programming\python_example\ForecastTest\data-lake\bronze\industrials\v1_5\bls\ppi_detailed_reports\ppi-detailed-report-august-2024.xlsx,True
BLS_PPI_ARCHIVED_DETAILED_REPORT_XLSX,PPI_AS_RELEASED_VINTAGE,WPU107,2024-06,361.617,2024-10-11,2024-10-11T12:30:00+00:00,3,ba18db08f7a057be631caab5bf8e6312b62d947dd5dbe2685f968ab3bf8a6915,SUBSEQUENT_PUBLICATION,True,2024-09,D:\Programming\python_example\ForecastTest\data-lake\bronze\industrials\v1_5\bls\ppi_detailed_reports\ppi-detailed-report-september-2024.xlsx,True
BLS_PPI_ARCHIVED_DETAILED_REPORT_XLSX,PPI_AS_RELEASED_VINTAGE,WPU107,2024-06,361.635,2024-11-14,2024-11-14T13:30:00+00:00,4,3628bbcb5f41d0ff242c3ab4009ab1b4b2df4d8a465ca2d7e4c7ace5c950e492,SUBSEQUENT_PUBLICATION,True,2024-10,D:\Programming\python_example\ForecastTest\data-lake\bronze\industrials\v1_5\bls\ppi_detailed_reports\ppi-detailed-report-october-2024.xlsx,True
BLS_PPI_ARCHIVED_DETAILED_REPORT_XLSX,PPI_AS_RELEASED_VINTAGE,WPU107,2024-07,361.221,2024-08-13,2024-08-13T12:30:00+00:00,0,b2310fc2f2a8768eb9b4cdbcfe2c3fa150618d02da750bbccd5e9d4210c77658,INITIAL_RELEASE,True,2024-07,D:\Programming\python_example\ForecastTest\data-lake\bronze\industrials\v1_5\bls\ppi_detailed_reports\ppi-detailed-report-july-2024.xlsx,False
BLS_PPI_ARCHIVED_DETAILED_REPORT_XLSX,PPI_AS_RELEASED_VINTAGE,WPU107,2024-07,361.903,2024-09-12,2024-09-12T12:30:00+00:00,1,713cea4beabca9f3d121ececd99a3aba4ef5a9065c7b14f6fea32acf89152bd6,SUBSEQUENT_PUBLICATION,True,2024-08,D:\Programming\python_example\ForecastTest\data-lake\bronze\industrials\v1_5\bls\ppi_detailed_reports\ppi-detailed-report-august-2024.xlsx,True
BLS_PPI_ARCHIVED_DETAILED_REPORT_XLSX,PPI_AS_RELEASED_VINTAGE,WPU107,2024-07,361.974,2024-10-11,2024-10-11T12:30:00+00:00,2,ba18db08f7a057be631caab5bf8e6312b62d947dd5dbe2685f968ab3bf8a6915,SUBSEQUENT_PUBLICATION,True,2024-09,D:\Programming\python_example\ForecastTest\data-lake\bronze\industrials\v1_5\bls\ppi_detailed_reports\ppi-detailed-report-september-2024.xlsx,True
BLS_PPI_ARCHIVED_DETAILED_REPORT_XLSX,PPI_AS_RELEASED_VINTAGE,WPU107,2024-07,361.859,2024-11-14,2024-11-14T13:30:00+00:00,3,3628bbcb5f41d0ff242c3ab4009ab1b4b2df4d8a465ca2d7e4c7ace5c950e492,SUBSEQUENT_PUBLICATION,True,2024-10,D:\Programming\python_example\ForecastTest\data-lake\bronze\industrials\v1_5\bls\ppi_detailed_reports\ppi-detailed-report-october-2024.xlsx,True
BLS_PPI_ARCHIVED_DETAILED_REPORT_XLSX,PPI_AS_RELEASED_VINTAGE,WPU107,2024-07,361.879,2024-12-12,2024-12-12T13:30:00+00:00,4,086d5eda715c4cc5f0aeed6ff27ad11177ed4b234fa124405c57d2896877e444,SUBSEQUENT_PUBLICATION,True,2024-11,D:\Programming\python_example\ForecastTest\data-lake\bronze\industrials\v1_5\bls\ppi_detailed_reports\ppi-detailed-report-november-2024.xlsx,True
BLS_PPI_ARCHIVED_DETAILED_REPORT_XLSX,PPI_AS_RELEASED_VINTAGE,WPU107,2024-08,365.254,2024-09-12,2024-09-12T12:30:00+00:00,0,713cea4beabca9f3d121ececd99a3aba4ef5a9065c7b14f6fea32acf89152bd6,INITIAL_RELEASE,True,2024-08,D:\Programming\python_example\ForecastTest\data-lake\bronze\industrials\v1_5\bls\ppi_detailed_reports\ppi-detailed-report-august-2024.xlsx,False
BLS_PPI_ARCHIVED_DETAILED_REPORT_XLSX,PPI_AS_RELEASED_VINTAGE,WPU107,2024-08,364.879,2024-10-11,2024-10-11T12:30:00+00:00,1,ba18db08f7a057be631caab5bf8e6312b62d947dd5dbe2685f968ab3bf8a6915,SUBSEQUENT_PUBLICATION,True,2024-09,D:\Programming\python_example\ForecastTest\data-lake\bronze\industrials\v1_5\bls\ppi_detailed_reports\ppi-detailed-report-september-2024.xlsx,True
BLS_PPI_ARCHIVED_DETAILED_REPORT_XLSX,PPI_AS_RELEASED_VINTAGE,WPU107,2024-08,363.814,2024-11-14,2024-11-14T13:30:00+00:00,2,3628bbcb5f41d0ff242c3ab4009ab1b4b2df4d8a465ca2d7e4c7ace5c950e492,SUBSEQUENT_PUBLICATION,True,2024-10,D:\Programming\python_example\ForecastTest\data-lake\bronze\industrials\v1_5\bls\ppi_detailed_reports\ppi-detailed-report-october-2024.xlsx,True
BLS_PPI_ARCHIVED_DETAILED_REPORT_XLSX,PPI_AS_RELEASED_VINTAGE,WPU107,2024-08,365.201,2024-12-12,2024-12-12T13:30:00+00:00,3,086d5eda715c4cc5f0aeed6ff27ad11177ed4b234fa124405c57d2896877e444,SUBSEQUENT_PUBLICATION,True,2024-11,D:\Programming\python_example\ForecastTest\data-lake\bronze\industrials\v1_5\bls\ppi_detailed_reports\ppi-detailed-report-november-2024.xlsx,True
BLS_PPI_ARCHIVED_DETAILED_REPORT_XLSX,PPI_AS_RELEASED_VINTAGE,WPU107,2024-08,365.209,2025-01-14,2025-01-14T13:30:00+00:00,4,ac676c86586db5717a51452661bfbf6b1f2a9d9a8280db6370e19256d09f3717,SUBSEQUENT_PUBLICATION,True,2024-12,D:\Programming\python_example\ForecastTest\data-lake\bronze\industrials\v1_5\bls\ppi_detailed_reports\ppi-detailed-report-december-2024.xlsx,True
BLS_PPI_ARCHIVED_DETAILED_REPORT_XLSX,PPI_AS_RELEASED_VINTAGE,WPU107,2024-09,364.777,2024-10-11,2024-10-11T12:30:00+00:00,0,ba18db08f7a057be631caab5bf8e6312b62d947dd5dbe2685f968ab3bf8a6915,INITIAL_RELEASE,True,2024-09,D:\Programming\python_example\ForecastTest\data-lake\bronze\industrials\v1_5\bls\ppi_detailed_reports\ppi-detailed-report-september-2024.xlsx,False
BLS_PPI_ARCHIVED_DETAILED_REPORT_XLSX,PPI_AS_RELEASED_VINTAGE,WPU107,2024-09,363.568,2024-11-14,2024-11-14T13:30:00+00:00,1,3628bbcb5f41d0ff242c3ab4009ab1b4b2df4d8a465ca2d7e4c7ace5c950e492,SUBSEQUENT_PUBLICATION,True,2024-10,D:\Programming\python_example\ForecastTest\data-lake\bronze\industrials\v1_5\bls\ppi_detailed_reports\ppi-detailed-report-october-2024.xlsx,True
BLS_PPI_ARCHIVED_DETAILED_REPORT_XLSX,PPI_AS_RELEASED_VINTAGE,WPU107,2024-09,364.274,2024-12-12,2024-12-12T13:30:00+00:00,2,086d5eda715c4cc5f0aeed6ff27ad11177ed4b234fa124405c57d2896877e444,SUBSEQUENT_PUBLICATION,True,2024-11,D:\Programming\python_example\ForecastTest\data-lake\bronze\industrials\v1_5\bls\ppi_detailed_reports\ppi-detailed-report-november-2024.xlsx,True
BLS_PPI_ARCHIVED_DETAILED_REPORT_XLSX,PPI_AS_RELEASED_VINTAGE,WPU107,2024-09,364.291,2025-01-14,2025-01-14T13:30:00+00:00,3,ac676c86586db5717a51452661bfbf6b1f2a9d9a8280db6370e19256d09f3717,SUBSEQUENT_PUBLICATION,True,2024-12,D:\Programming\python_example\ForecastTest\data-lake\bronze\industrials\v1_5\bls\ppi_detailed_reports\ppi-detailed-report-december-2024.xlsx,True
BLS_PPI_ARCHIVED_DETAILED_REPORT_XLSX,PPI_AS_RELEASED_VINTAGE,WPU107,2024-09,364.217,2025-02-13,2025-02-13T13:30:00+00:00,4,c6101c92fb37efa6db99ea1532255026099bf805eaaafc706844b6c6ae18a5c2,SUBSEQUENT_PUBLICATION,True,2025-01,D:\Programming\python_example\ForecastTest\data-lake\bronze\industrials\v1_5\bls\ppi_detailed_reports\ppi-detailed-report-january-2025.xlsx,True
BLS_PPI_ARCHIVED_DETAILED_REPORT_XLSX,PPI_AS_RELEASED_VINTAGE,WPU107,2024-10,362.841,2024-11-14,2024-11-14T13:30:00+00:00,0,3628bbcb5f41d0ff242c3ab4009ab1b4b2df4d8a465ca2d7e4c7ace5c950e492,INITIAL_RELEASE,True,2024-10,D:\Programming\python_example\ForecastTest\data-lake\bronze\industrials\v1_5\bls\ppi_detailed_reports\ppi-detailed-report-october-2024.xlsx,False
BLS_PPI_ARCHIVED_DETAILED_REPORT_XLSX,PPI_AS_RELEASED_VINTAGE,WPU107,2024-10,365.377,2024-12-12,2024-12-12T13:30:00+00:00,1,086d5eda715c4cc5f0aeed6ff27ad11177ed4b234fa124405c57d2896877e444,SUBSEQUENT_PUBLICATION,True,2024-11,D:\Programming\python_example\ForecastTest\data-lake\bronze\industrials\v1_5\bls\ppi_detailed_reports\ppi-detailed-report-november-2024.xlsx,True
BLS_PPI_ARCHIVED_DETAILED_REPORT_XLSX,PPI_AS_RELEASED_VINTAGE,WPU107,2024-10,365.377,2025-01-14,2025-01-14T13:30:00+00:00,2,ac676c86586db5717a51452661bfbf6b1f2a9d9a8280db6370e19256d09f3717,SUBSEQUENT_PUBLICATION,True,2024-12,D:\Programming\python_example\ForecastTest\data-lake\bronze\industrials\v1_5\bls\ppi_detailed_reports\ppi-detailed-report-december-2024.xlsx,False
BLS_PPI_ARCHIVED_DETAILED_REPORT_XLSX,PPI_AS_RELEASED_VINTAGE,WPU107,2024-10,365.289,2025-02-13,2025-02-13T13:30:00+00:00,3,c6101c92fb37efa6db99ea1532255026099bf805eaaafc706844b6c6ae18a5c2,SUBSEQUENT_PUBLICATION,True,2025-01,D:\Programming\python_example\ForecastTest\data-lake\bronze\industrials\v1_5\bls\ppi_detailed_reports\ppi-detailed-report-january-2025.xlsx,True
BLS_PPI_ARCHIVED_DETAILED_REPORT_XLSX,PPI_AS_RELEASED_VINTAGE,WPU107,2024-10,364.748,2025-03-13,2025-03-13T12:30:00+00:00,4,f3b0ea8bb6e999d51e398066fc58c77d8facbdc50647cadb51239f99b0b08563,SUBSEQUENT_PUBLICATION,True,2025-02,D:\Programming\python_example\ForecastTest\data-lake\bronze\industrials\v1_5\bls\ppi_detailed_reports\ppi-detailed-report-february-2025.xlsx,True
BLS_PPI_ARCHIVED_DETAILED_REPORT_XLSX,PPI_AS_RELEASED_VINTAGE,WPU107,2024-11,367.028,2024-12-12,2024-12-12T13:30:00+00:00,0,086d5eda715c4cc5f0aeed6ff27ad11177ed4b234fa124405c57d2896877e444,INITIAL_RELEASE,True,2024-11,D:\Programming\python_example\ForecastTest\data-lake\bronze\industrials\v1_5\bls\ppi_detailed_reports\ppi-detailed-report-november-2024.xlsx,False
BLS_PPI_ARCHIVED_DETAILED_REPORT_XLSX,PPI_AS_RELEASED_VINTAGE,WPU107,2024-11,366.986,2025-01-14,2025-01-14T13:30:00+00:00,1,ac676c86586db5717a51452661bfbf6b1f2a9d9a8280db6370e19256d09f3717,SUBSEQUENT_PUBLICATION,True,2024-12,D:\Programming\python_example\ForecastTest\data-lake\bronze\industrials\v1_5\bls\ppi_detailed_reports\ppi-detailed-report-december-2024.xlsx,True
BLS_PPI_ARCHIVED_DETAILED_REPORT_XLSX,PPI_AS_RELEASED_VINTAGE,WPU107,2024-11,366.661,2025-02-13,2025-02-13T13:30:00+00:00,2,c6101c92fb37efa6db99ea1532255026099bf805eaaafc706844b6c6ae18a5c2,SUBSEQUENT_PUBLICATION,True,2025-01,D:\Programming\python_example\ForecastTest\data-lake\bronze\industrials\v1_5\bls\ppi_detailed_reports\ppi-detailed-report-january-2025.xlsx,True
BLS_PPI_ARCHIVED_DETAILED_REPORT_XLSX,PPI_AS_RELEASED_VINTAGE,WPU107,2024-11,364.874,2025-03-13,2025-03-13T12:30:00+00:00,3,f3b0ea8bb6e999d51e398066fc58c77d8facbdc50647cadb51239f99b0b08563,SUBSEQUENT_PUBLICATION,True,2025-02,D:\Programming\python_example\ForecastTest\data-lake\bronze\industrials\v1_5\bls\ppi_detailed_reports\ppi-detailed-report-february-2025.xlsx,True
BLS_PPI_ARCHIVED_DETAILED_REPORT_XLSX,PPI_AS_RELEASED_VINTAGE,WPU107,2024-11,364.925,2025-04-11,2025-04-11T12:30:00+00:00,4,dd1558c482e727a3399010861b8acf40c69fd2745598568aa33bc6728e6e1d4f,SUBSEQUENT_PUBLICATION,True,2025-03,D:\Programming\python_example\ForecastTest\data-lake\bronze\industrials\v1_5\bls\ppi_detailed_reports\ppi-detailed-report-march-2025.xlsx,True
BLS_PPI_ARCHIVED_DETAILED_REPORT_XLSX,PPI_AS_RELEASED_VINTAGE,WPU107,2024-12,366.82,2025-01-14,2025-01-14T13:30:00+00:00,0,ac676c86586db5717a51452661bfbf6b1f2a9d9a8280db6370e19256d09f3717,INITIAL_RELEASE,True,2024-12,D:\Programming\python_example\ForecastTest\data-lake\bronze\industrials\v1_5\bls\ppi_detailed_reports\ppi-detailed-report-december-2024.xlsx,False
BLS_PPI_ARCHIVED_DETAILED_REPORT_XLSX,PPI_AS_RELEASED_VINTAGE,WPU107,2024-12,366.628,2025-02-13,2025-02-13T13:30:00+00:00,1,c6101c92fb37efa6db99ea1532255026099bf805eaaafc706844b6c6ae18a5c2,SUBSEQUENT_PUBLICATION,True,2025-01,D:\Programming\python_example\ForecastTest\data-lake\bronze\industrials\v1_5\bls\ppi_detailed_reports\ppi-detailed-report-january-2025.xlsx,True
BLS_PPI_ARCHIVED_DETAILED_REPORT_XLSX,PPI_AS_RELEASED_VINTAGE,WPU107,2024-12,364.838,2025-03-13,2025-03-13T12:30:00+00:00,2,f3b0ea8bb6e999d51e398066fc58c77d8facbdc50647cadb51239f99b0b08563,SUBSEQUENT_PUBLICATION,True,2025-02,D:\Programming\python_example\ForecastTest\data-lake\bronze\industrials\v1_5\bls\ppi_detailed_reports\ppi-detailed-report-february-2025.xlsx,True
BLS_PPI_ARCHIVED_DETAILED_REPORT_XLSX,PPI_AS_RELEASED_VINTAGE,WPU107,2024-12,364.756,2025-04-11,2025-04-11T12:30:00+00:00,3,dd1558c482e727a3399010861b8acf40c69fd2745598568aa33bc6728e6e1d4f,SUBSEQUENT_PUBLICATION,True,2025-03,D:\Programming\python_example\ForecastTest\data-lake\bronze\industrials\v1_5\bls\ppi_detailed_reports\ppi-detailed-report-march-2025.xlsx,True
BLS_PPI_ARCHIVED_DETAILED_REPORT_XLSX,PPI_AS_RELEASED_VINTAGE,WPU107,2024-12,364.756,2025-05-15,2025-05-15T12:30:00+00:00,4,c9ceac6cd66a6ce7893a8858877ba537ffc652eb43d8a320846ca99c2487aa6c,SUBSEQUENT_PUBLICATION,True,2025-04,D:\Programming\python_example\ForecastTest\data-lake\bronze\industrials\v1_5\bls\ppi_detailed_reports\ppi-detailed-report-april-2025.xlsx,False
BLS_PPI_ARCHIVED_DETAILED_REPORT_XLSX,PPI_AS_RELEASED_VINTAGE,WPU107,2025-01,366.694,2025-02-13,2025-02-13T13:30:00+00:00,0,c6101c92fb37efa6db99ea1532255026099bf805eaaafc706844b6c6ae18a5c2,INITIAL_RELEASE,True,2025-01,D:\Programming\python_example\ForecastTest\data-lake\bronze\industrials\v1_5\bls\ppi_detailed_reports\ppi-detailed-report-january-2025.xlsx,False
BLS_PPI_ARCHIVED_DETAILED_REPORT_XLSX,PPI_AS_RELEASED_VINTAGE,WPU107,2025-01,365.244,2025-03-13,2025-03-13T12:30:00+00:00,1,f3b0ea8bb6e999d51e398066fc58c77d8facbdc50647cadb51239f99b0b08563,SUBSEQUENT_PUBLICATION,True,2025-02,D:\Programming\python_example\ForecastTest\data-lake\bronze\industrials\v1_5\bls\ppi_detailed_reports\ppi-detailed-report-february-2025.xlsx,True
BLS_PPI_ARCHIVED_DETAILED_REPORT_XLSX,PPI_AS_RELEASED_VINTAGE,WPU107,2025-01,365.073,2025-04-11,2025-04-11T12:30:00+00:00,2,dd1558c482e727a3399010861b8acf40c69fd2745598568aa33bc6728e6e1d4f,SUBSEQUENT_PUBLICATION,True,2025-03,D:\Programming\python_example\ForecastTest\data-lake\bronze\industrials\v1_5\bls\ppi_detailed_reports\ppi-detailed-report-march-2025.xlsx,True
BLS_PPI_ARCHIVED_DETAILED_REPORT_XLSX,PPI_AS_RELEASED_VINTAGE,WPU107,2025-01,365.074,2025-05-15,2025-05-15T12:30:00+00:00,3,c9ceac6cd66a6ce7893a8858877ba537ffc652eb43d8a320846ca99c2487aa6c,SUBSEQUENT_PUBLICATION,True,2025-04,D:\Programming\python_example\ForecastTest\data-lake\bronze\industrials\v1_5\bls\ppi_detailed_reports\ppi-detailed-report-april-2025.xlsx,False
BLS_PPI_ARCHIVED_DETAILED_REPORT_XLSX,PPI_AS_RELEASED_VINTAGE,WPU107,2025-01,365.431,2025-06-12,2025-06-12T12:30:00+00:00,4,a7f453f119bd50c1207f322ab82182dba95b8b30954fdeb8443964315f06113c,SUBSEQUENT_PUBLICATION,True,2025-05,D:\Programming\python_example\ForecastTest\data-lake\bronze\industrials\v1_5\bls\ppi_detailed_reports\ppi-detailed-report-may-2025.xlsx,True
BLS_PPI_ARCHIVED_DETAILED_REPORT_XLSX,PPI_AS_RELEASED_VINTAGE,WPU107,2025-02,367.055,2025-03-13,2025-03-13T12:30:00+00:00,0,f3b0ea8bb6e999d51e398066fc58c77d8facbdc50647cadb51239f99b0b08563,INITIAL_RELEASE,True,2025-02,D:\Programming\python_example\ForecastTest\data-lake\bronze\industrials\v1_5\bls\ppi_detailed_reports\ppi-detailed-report-february-2025.xlsx,False
BLS_PPI_ARCHIVED_DETAILED_REPORT_XLSX,PPI_AS_RELEASED_VINTAGE,WPU107,2025-02,366.912,2025-04-11,2025-04-11T12:30:00+00:00,1,dd1558c482e727a3399010861b8acf40c69fd2745598568aa33bc6728e6e1d4f,SUBSEQUENT_PUBLICATION,True,2025-03,D:\Programming\python_example\ForecastTest\data-lake\bronze\industrials\v1_5\bls\ppi_detailed_reports\ppi-detailed-report-march-2025.xlsx,True
BLS_PPI_ARCHIVED_DETAILED_REPORT_XLSX,PPI_AS_RELEASED_VINTAGE,WPU107,2025-02,366.898,2025-05-15,2025-05-15T12:30:00+00:00,2,c9ceac6cd66a6ce7893a8858877ba537ffc652eb43d8a320846ca99c2487aa6c,SUBSEQUENT_PUBLICATION,True,2025-04,D:\Programming\python_example\ForecastTest\data-lake\bronze\industrials\v1_5\bls\ppi_detailed_reports\ppi-detailed-report-april-2025.xlsx,True
BLS_PPI_ARCHIVED_DETAILED_REPORT_XLSX,PPI_AS_RELEASED_VINTAGE,WPU107,2025-02,368.299,2025-06-12,2025-06-12T12:30:00+00:00,3,a7f453f119bd50c1207f322ab82182dba95b8b30954fdeb8443964315f06113c,SUBSEQUENT_PUBLICATION,True,2025-05,D:\Programming\python_example\ForecastTest\data-lake\bronze\industrials\v1_5\bls\ppi_detailed_reports\ppi-detailed-report-may-2025.xlsx,True
BLS_PPI_ARCHIVED_DETAILED_REPORT_XLSX,PPI_AS_RELEASED_VINTAGE,WPU107,2025-02,368.206,2025-07-16,2025-07-16T12:30:00+00:00,4,7f91f72e7ef9a34b643795ae6b9932217c5a01e54c99e80f78505e9f80f0aec5,SUBSEQUENT_PUBLICATION,True,2025-06,D:\Programming\python_example\ForecastTest\data-lake\bronze\industrials\v1_5\bls\ppi_detailed_reports\ppi-detailed-report-june-2025.xlsx,True
BLS_PPI_ARCHIVED_DETAILED_REPORT_XLSX,PPI_AS_RELEASED_VINTAGE,WPU107,2025-03,377.333,2025-04-11,2025-04-11T12:30:00+00:00,0,dd1558c482e727a3399010861b8acf40c69fd2745598568aa33bc6728e6e1d4f,INITIAL_RELEASE,True,2025-03,D:\Programming\python_example\ForecastTest\data-lake\bronze\industrials\v1_5\bls\ppi_detailed_reports\ppi-detailed-report-march-2025.xlsx,False
BLS_PPI_ARCHIVED_DETAILED_REPORT_XLSX,PPI_AS_RELEASED_VINTAGE,WPU107,2025-03,375.368,2025-05-15,2025-05-15T12:30:00+00:00,1,c9ceac6cd66a6ce7893a8858877ba537ffc652eb43d8a320846ca99c2487aa6c,SUBSEQUENT_PUBLICATION,True,2025-04,D:\Programming\python_example\ForecastTest\data-lake\bronze\industrials\v1_5\bls\ppi_detailed_reports\ppi-detailed-report-april-2025.xlsx,True
BLS_PPI_ARCHIVED_DETAILED_REPORT_XLSX,PPI_AS_RELEASED_VINTAGE,WPU107,2025-03,376.53,2025-06-12,2025-06-12T12:30:00+00:00,2,a7f453f119bd50c1207f322ab82182dba95b8b30954fdeb8443964315f06113c,SUBSEQUENT_PUBLICATION,True,2025-05,D:\Programming\python_example\ForecastTest\data-lake\bronze\industrials\v1_5\bls\ppi_detailed_reports\ppi-detailed-report-may-2025.xlsx,True
BLS_PPI_ARCHIVED_DETAILED_REPORT_XLSX,PPI_AS_RELEASED_VINTAGE,WPU107,2025-03,376.177,2025-07-16,2025-07-16T12:30:00+00:00,3,7f91f72e7ef9a34b643795ae6b9932217c5a01e54c99e80f78505e9f80f0aec5,SUBSEQUENT_PUBLICATION,True,2025-06,D:\Programming\python_example\ForecastTest\data-lake\bronze\industrials\v1_5\bls\ppi_detailed_reports\ppi-detailed-report-june-2025.xlsx,True
BLS_PPI_ARCHIVED_DETAILED_REPORT_XLSX,PPI_AS_RELEASED_VINTAGE,WPU107,2025-03,376.614,2025-08-14,2025-08-14T12:30:00+00:00,4,5183cf009fff9a13be134816dc70d0b84e7b44d1a92471af1365b5e69f7386c4,SUBSEQUENT_PUBLICATION,True,2025-07,D:\Programming\python_example\ForecastTest\data-lake\bronze\industrials\v1_5\bls\ppi_detailed_reports\ppi-detailed-report-july-2025.xlsx,True
BLS_PPI_ARCHIVED_DETAILED_REPORT_XLSX,PPI_AS_RELEASED_VINTAGE,WPU107,2025-04,378.172,2025-05-15,2025-05-15T12:30:00+00:00,0,c9ceac6cd66a6ce7893a8858877ba537ffc652eb43d8a320846ca99c2487aa6c,INITIAL_RELEASE,True,2025-04,D:\Programming\python_example\ForecastTest\data-lake\bronze\industrials\v1_5\bls\ppi_detailed_reports\ppi-detailed-report-april-2025.xlsx,False
BLS_PPI_ARCHIVED_DETAILED_REPORT_XLSX,PPI_AS_RELEASED_VINTAGE,WPU107,2025-04,379.091,2025-06-12,2025-06-12T12:30:00+00:00,1,a7f453f119bd50c1207f322ab82182dba95b8b30954fdeb8443964315f06113c,SUBSEQUENT_PUBLICATION,True,2025-05,D:\Programming\python_example\ForecastTest\data-lake\bronze\industrials\v1_5\bls\ppi_detailed_reports\ppi-detailed-report-may-2025.xlsx,True
BLS_PPI_ARCHIVED_DETAILED_REPORT_XLSX,PPI_AS_RELEASED_VINTAGE,WPU107,2025-04,378.58,2025-07-16,2025-07-16T12:30:00+00:00,2,7f91f72e7ef9a34b643795ae6b9932217c5a01e54c99e80f78505e9f80f0aec5,SUBSEQUENT_PUBLICATION,True,2025-06,D:\Programming\python_example\ForecastTest\data-lake\bronze\industrials\v1_5\bls\ppi_detailed_reports\ppi-detailed-report-june-2025.xlsx,True
BLS_PPI_ARCHIVED_DETAILED_REPORT_XLSX,PPI_AS_RELEASED_VINTAGE,WPU107,2025-04,378.973,2025-08-14,2025-08-14T12:30:00+00:00,3,5183cf009fff9a13be134816dc70d0b84e7b44d1a92471af1365b5e69f7386c4,SUBSEQUENT_PUBLICATION,True,2025-07,D:\Programming\python_example\ForecastTest\data-lake\bronze\industrials\v1_5\bls\ppi_detailed_reports\ppi-detailed-report-july-2025.xlsx,True
BLS_PPI_ARCHIVED_DETAILED_REPORT_XLSX,PPI_AS_RELEASED_VINTAGE,WPU107,2025-04,378.878,2025-09-10,2025-09-10T12:30:00+00:00,4,e808284f9133c19472a78d5343003bcbd2d2e08718e5987997a0d0baa673079b,SUBSEQUENT_PUBLICATION,True,2025-08,D:\Programming\python_example\ForecastTest\data-lake\bronze\industrials\v1_5\bls\ppi_detailed_reports\ppi-detailed-report-august-2025.xlsx,True
BLS_PPI_ARCHIVED_DETAILED_REPORT_XLSX,PPI_AS_RELEASED_VINTAGE,WPU107,2025-05,380.138,2025-06-12,2025-06-12T12:30:00+00:00,0,a7f453f119bd50c1207f322ab82182dba95b8b30954fdeb8443964315f06113c,INITIAL_RELEASE,True,2025-05,D:\Programming\python_example\ForecastTest\data-lake\bronze\industrials\v1_5\bls\ppi_detailed_reports\ppi-detailed-report-may-2025.xlsx,False
BLS_PPI_ARCHIVED_DETAILED_REPORT_XLSX,PPI_AS_RELEASED_VINTAGE,WPU107,2025-05,379.741,2025-07-16,2025-07-16T12:30:00+00:00,1,7f91f72e7ef9a34b643795ae6b9932217c5a01e54c99e80f78505e9f80f0aec5,SUBSEQUENT_PUBLICATION,True,2025-06,D:\Programming\python_example\ForecastTest\data-lake\bronze\industrials\v1_5\bls\ppi_detailed_reports\ppi-detailed-report-june-2025.xlsx,True
BLS_PPI_ARCHIVED_DETAILED_REPORT_XLSX,PPI_AS_RELEASED_VINTAGE,WPU107,2025-05,380.426,2025-08-14,2025-08-14T12:30:00+00:00,2,5183cf009fff9a13be134816dc70d0b84e7b44d1a92471af1365b5e69f7386c4,SUBSEQUENT_PUBLICATION,True,2025-07,D:\Programming\python_example\ForecastTest\data-lake\bronze\industrials\v1_5\bls\ppi_detailed_reports\ppi-detailed-report-july-2025.xlsx,True
BLS_PPI_ARCHIVED_DETAILED_REPORT_XLSX,PPI_AS_RELEASED_VINTAGE,WPU107,2025-05,380.088,2025-09-10,2025-09-10T12:30:00+00:00,3,e808284f9133c19472a78d5343003bcbd2d2e08718e5987997a0d0baa673079b,SUBSEQUENT_PUBLICATION,True,2025-08,D:\Programming\python_example\ForecastTest\data-lake\bronze\industrials\v1_5\bls\ppi_detailed_reports\ppi-detailed-report-august-2025.xlsx,True
BLS_PPI_ARCHIVED_DETAILED_REPORT_XLSX,PPI_AS_RELEASED_VINTAGE,WPU107,2025-05,381.62,2025-11-25,2025-11-25T13:30:00+00:00,4,52693d6b405f13a44527ac830e7efe6826a4858417d80669421a202758b381bf,SUBSEQUENT_PUBLICATION,True,2025-09,D:\Programming\python_example\ForecastTest\data-lake\bronze\industrials\v1_5\bls\ppi_detailed_reports\ppi-detailed-report-september-2025.xlsx,True
BLS_PPI_ARCHIVED_DETAILED_REPORT_XLSX,PPI_AS_RELEASED_VINTAGE,WPU107,2025-06,382.537,2025-07-16,2025-07-16T12:30:00+00:00,0,7f91f72e7ef9a34b643795ae6b9932217c5a01e54c99e80f78505e9f80f0aec5,INITIAL_RELEASE,True,2025-06,D:\Programming\python_example\ForecastTest\data-lake\bronze\industrials\v1_5\bls\ppi_detailed_reports\ppi-detailed-report-june-2025.xlsx,False
BLS_PPI_ARCHIVED_DETAILED_REPORT_XLSX,PPI_AS_RELEASED_VINTAGE,WPU107,2025-06,383.141,2025-08-14,2025-08-14T12:30:00+00:00,1,5183cf009fff9a13be134816dc70d0b84e7b44d1a92471af1365b5e69f7386c4,SUBSEQUENT_PUBLICATION,True,2025-07,D:\Programming\python_example\ForecastTest\data-lake\bronze\industrials\v1_5\bls\ppi_detailed_reports\ppi-detailed-report-july-2025.xlsx,True
BLS_PPI_ARCHIVED_DETAILED_REPORT_XLSX,PPI_AS_RELEASED_VINTAGE,WPU107,2025-06,382.797,2025-09-10,2025-09-10T12:30:00+00:00,2,e808284f9133c19472a78d5343003bcbd2d2e08718e5987997a0d0baa673079b,SUBSEQUENT_PUBLICATION,True,2025-08,D:\Programming\python_example\ForecastTest\data-lake\bronze\industrials\v1_5\bls\ppi_detailed_reports\ppi-detailed-report-august-2025.xlsx,True
BLS_PPI_ARCHIVED_DETAILED_REPORT_XLSX,PPI_AS_RELEASED_VINTAGE,WPU107,2025-06,384.064,2025-11-25,2025-11-25T13:30:00+00:00,3,52693d6b405f13a44527ac830e7efe6826a4858417d80669421a202758b381bf,SUBSEQUENT_PUBLICATION,True,2025-09,D:\Programming\python_example\ForecastTest\data-lake\bronze\industrials\v1_5\bls\ppi_detailed_reports\ppi-detailed-report-september-2025.xlsx,True
BLS_PPI_ARCHIVED_DETAILED_REPORT_XLSX,PPI_AS_RELEASED_VINTAGE,WPU107,2025-07,383.185,2025-08-14,2025-08-14T12:30:00+00:00,0,5183cf009fff9a13be134816dc70d0b84e7b44d1a92471af1365b5e69f7386c4,INITIAL_RELEASE,True,2025-07,D:\Programming\python_example\ForecastTest\data-lake\bronze\industrials\v1_5\bls\ppi_detailed_reports\ppi-detailed-report-july-2025.xlsx,False
BLS_PPI_ARCHIVED_DETAILED_REPORT_XLSX,PPI_AS_RELEASED_VINTAGE,WPU107,2025-07,382.969,2025-09-10,2025-09-10T12:30:00+00:00,1,e808284f9133c19472a78d5343003bcbd2d2e08718e5987997a0d0baa673079b,SUBSEQUENT_PUBLICATION,True,2025-08,D:\Programming\python_example\ForecastTest\data-lake\bronze\industrials\v1_5\bls\ppi_detailed_reports\ppi-detailed-report-august-2025.xlsx,True
BLS_PPI_ARCHIVED_DETAILED_REPORT_XLSX,PPI_AS_RELEASED_VINTAGE,WPU107,2025-07,384.2,2025-11-25,2025-11-25T13:30:00+00:00,2,52693d6b405f13a44527ac830e7efe6826a4858417d80669421a202758b381bf,SUBSEQUENT_PUBLICATION,True,2025-09,D:\Programming\python_example\ForecastTest\data-lake\bronze\industrials\v1_5\bls\ppi_detailed_reports\ppi-detailed-report-september-2025.xlsx,True
BLS_PPI_ARCHIVED_DETAILED_REPORT_XLSX,PPI_AS_RELEASED_VINTAGE,WPU107,2025-07,385.045,2026-01-14,2026-01-14T13:30:00+00:00,3,049809c20df24c4ed66f0a2ff2f5197c5385c111143bd71d966d55e7777892db,SUBSEQUENT_PUBLICATION,True,2025-11,D:\Programming\python_example\ForecastTest\data-lake\bronze\industrials\v1_5\bls\ppi_detailed_reports\ppi-detailed-report-november-2025.xlsx,True
BLS_PPI_ARCHIVED_DETAILED_REPORT_XLSX,PPI_AS_RELEASED_VINTAGE,WPU107,2025-08,386.764,2025-09-10,2025-09-10T12:30:00+00:00,0,e808284f9133c19472a78d5343003bcbd2d2e08718e5987997a0d0baa673079b,INITIAL_RELEASE,True,2025-08,D:\Programming\python_example\ForecastTest\data-lake\bronze\industrials\v1_5\bls\ppi_detailed_reports\ppi-detailed-report-august-2025.xlsx,False
BLS_PPI_ARCHIVED_DETAILED_REPORT_XLSX,PPI_AS_RELEASED_VINTAGE,WPU107,2025-08,387.558,2025-11-25,2025-11-25T13:30:00+00:00,1,52693d6b405f13a44527ac830e7efe6826a4858417d80669421a202758b381bf,SUBSEQUENT_PUBLICATION,True,2025-09,D:\Programming\python_example\ForecastTest\data-lake\bronze\industrials\v1_5\bls\ppi_detailed_reports\ppi-detailed-report-september-2025.xlsx,True
BLS_PPI_ARCHIVED_DETAILED_REPORT_XLSX,PPI_AS_RELEASED_VINTAGE,WPU107,2025-08,388.407,2026-01-14,2026-01-14T13:30:00+00:00,2,049809c20df24c4ed66f0a2ff2f5197c5385c111143bd71d966d55e7777892db,SUBSEQUENT_PUBLICATION,True,2025-11,D:\Programming\python_example\ForecastTest\data-lake\bronze\industrials\v1_5\bls\ppi_detailed_reports\ppi-detailed-report-november-2025.xlsx,True
BLS_PPI_ARCHIVED_DETAILED_REPORT_XLSX,PPI_AS_RELEASED_VINTAGE,WPU107,2025-08,388.407,2026-01-30,2026-01-30T13:30:00+00:00,3,803b55f7efc846a6e81e4bd3a625b67bc2941f68c09abcd1d2268e5dee0c65e1,SUBSEQUENT_PUBLICATION,True,2025-12,D:\Programming\python_example\ForecastTest\data-lake\bronze\industrials\v1_5\bls\ppi_detailed_reports\ppi-detailed-report-december-2025.xlsx,False
BLS_PPI_ARCHIVED_DETAILED_REPORT_XLSX,PPI_AS_RELEASED_VINTAGE,WPU107,2025-09,388.571,2025-11-25,2025-11-25T13:30:00+00:00,0,52693d6b405f13a44527ac830e7efe6826a4858417d80669421a202758b381bf,INITIAL_RELEASE,True,2025-09,D:\Programming\python_example\ForecastTest\data-lake\bronze\industrials\v1_5\bls\ppi_detailed_reports\ppi-detailed-report-september-2025.xlsx,False
BLS_PPI_ARCHIVED_DETAILED_REPORT_XLSX,PPI_AS_RELEASED_VINTAGE,WPU107,2025-09,389.391,2026-01-14,2026-01-14T13:30:00+00:00,1,049809c20df24c4ed66f0a2ff2f5197c5385c111143bd71d966d55e7777892db,SUBSEQUENT_PUBLICATION,True,2025-11,D:\Programming\python_example\ForecastTest\data-lake\bronze\industrials\v1_5\bls\ppi_detailed_reports\ppi-detailed-report-november-2025.xlsx,True
BLS_PPI_ARCHIVED_DETAILED_REPORT_XLSX,PPI_AS_RELEASED_VINTAGE,WPU107,2025-09,389.391,2026-01-30,2026-01-30T13:30:00+00:00,2,803b55f7efc846a6e81e4bd3a625b67bc2941f68c09abcd1d2268e5dee0c65e1,SUBSEQUENT_PUBLICATION,True,2025-12,D:\Programming\python_example\ForecastTest\data-lake\bronze\industrials\v1_5\bls\ppi_detailed_reports\ppi-detailed-report-december-2025.xlsx,False
BLS_PPI_ARCHIVED_DETAILED_REPORT_XLSX,PPI_AS_RELEASED_VINTAGE,WPU107,2025-09,389.391,2026-02-27,2026-02-27T13:30:00+00:00,3,011a1e5c5f74c66a24c11d51319e3c99fb18878b820fdfbad87706091690198f,SUBSEQUENT_PUBLICATION,True,2026-01,D:\Programming\python_example\ForecastTest\data-lake\bronze\industrials\v1_5\bls\ppi_detailed_reports\ppi-detailed-report-january-2026.xlsx,False
BLS_PPI_ARCHIVED_DETAILED_REPORT_XLSX,PPI_AS_RELEASED_VINTAGE,WPU107,2025-10,392.342,2026-01-14,2026-01-14T13:30:00+00:00,,049809c20df24c4ed66f0a2ff2f5197c5385c111143bd71d966d55e7777892db,LEFT_CENSORED_KNOWN_AS_OF_RELEASE,True,2025-11,D:\Programming\python_example\ForecastTest\data-lake\bronze\industrials\v1_5\bls\ppi_detailed_reports\ppi-detailed-report-november-2025.xlsx,False
BLS_PPI_ARCHIVED_DETAILED_REPORT_XLSX,PPI_AS_RELEASED_VINTAGE,WPU107,2025-10,392.53,2026-01-30,2026-01-30T13:30:00+00:00,,803b55f7efc846a6e81e4bd3a625b67bc2941f68c09abcd1d2268e5dee0c65e1,LEFT_CENSORED_KNOWN_AS_OF_RELEASE,True,2025-12,D:\Programming\python_example\ForecastTest\data-lake\bronze\industrials\v1_5\bls\ppi_detailed_reports\ppi-detailed-report-december-2025.xlsx,True
BLS_PPI_ARCHIVED_DETAILED_REPORT_XLSX,PPI_AS_RELEASED_VINTAGE,WPU107,2025-10,392.529,2026-02-27,2026-02-27T13:30:00+00:00,,011a1e5c5f74c66a24c11d51319e3c99fb18878b820fdfbad87706091690198f,LEFT_CENSORED_KNOWN_AS_OF_RELEASE,True,2026-01,D:\Programming\python_example\ForecastTest\data-lake\bronze\industrials\v1_5\bls\ppi_detailed_reports\ppi-detailed-report-january-2026.xlsx,False
BLS_PPI_ARCHIVED_DETAILED_REPORT_XLSX,PPI_AS_RELEASED_VINTAGE,WPU107,2025-10,392.529,2026-03-18,2026-03-18T12:30:00+00:00,,8165247a276b2aa90872b6be768164b5d471e6c698f04888554a16db37e056cf,LEFT_CENSORED_KNOWN_AS_OF_RELEASE,True,2026-02,D:\Programming\python_example\ForecastTest\data-lake\bronze\industrials\v1_5\bls\ppi_detailed_reports\ppi-detailed-report-february-2026.xlsx,False
BLS_PPI_ARCHIVED_DETAILED_REPORT_XLSX,PPI_AS_RELEASED_VINTAGE,WPU107,2025-11,395.125,2026-01-14,2026-01-14T13:30:00+00:00,0,049809c20df24c4ed66f0a2ff2f5197c5385c111143bd71d966d55e7777892db,INITIAL_RELEASE,True,2025-11,D:\Programming\python_example\ForecastTest\data-lake\bronze\industrials\v1_5\bls\ppi_detailed_reports\ppi-detailed-report-november-2025.xlsx,False
BLS_PPI_ARCHIVED_DETAILED_REPORT_XLSX,PPI_AS_RELEASED_VINTAGE,WPU107,2025-11,395.139,2026-01-30,2026-01-30T13:30:00+00:00,1,803b55f7efc846a6e81e4bd3a625b67bc2941f68c09abcd1d2268e5dee0c65e1,SUBSEQUENT_PUBLICATION,True,2025-12,D:\Programming\python_example\ForecastTest\data-lake\bronze\industrials\v1_5\bls\ppi_detailed_reports\ppi-detailed-report-december-2025.xlsx,True
BLS_PPI_ARCHIVED_DETAILED_REPORT_XLSX,PPI_AS_RELEASED_VINTAGE,WPU107,2025-11,395.193,2026-02-27,2026-02-27T13:30:00+00:00,2,011a1e5c5f74c66a24c11d51319e3c99fb18878b820fdfbad87706091690198f,SUBSEQUENT_PUBLICATION,True,2026-01,D:\Programming\python_example\ForecastTest\data-lake\bronze\industrials\v1_5\bls\ppi_detailed_reports\ppi-detailed-report-january-2026.xlsx,True
BLS_PPI_ARCHIVED_DETAILED_REPORT_XLSX,PPI_AS_RELEASED_VINTAGE,WPU107,2025-11,395.756,2026-03-18,2026-03-18T12:30:00+00:00,3,8165247a276b2aa90872b6be768164b5d471e6c698f04888554a16db37e056cf,SUBSEQUENT_PUBLICATION,True,2026-02,D:\Programming\python_example\ForecastTest\data-lake\bronze\industrials\v1_5\bls\ppi_detailed_reports\ppi-detailed-report-february-2026.xlsx,True
BLS_PPI_ARCHIVED_DETAILED_REPORT_XLSX,PPI_AS_RELEASED_VINTAGE,WPU107,2025-11,395.104,2026-04-14,2026-04-14T12:30:00+00:00,4,59c2ac86ae0fdc507e6b9e1606cb148f69ed62a5279c572dcfc4fd068962f74d,SUBSEQUENT_PUBLICATION,True,2026-03,D:\Programming\python_example\ForecastTest\data-lake\bronze\industrials\v1_5\bls\ppi_detailed_reports\ppi-detailed-report-march-2026.xlsx,True
BLS_PPI_ARCHIVED_DETAILED_REPORT_XLSX,PPI_AS_RELEASED_VINTAGE,WPU107,2025-12,396.32,2026-01-30,2026-01-30T13:30:00+00:00,0,803b55f7efc846a6e81e4bd3a625b67bc2941f68c09abcd1d2268e5dee0c65e1,INITIAL_RELEASE,True,2025-12,D:\Programming\python_example\ForecastTest\data-lake\bronze\industrials\v1_5\bls\ppi_detailed_reports\ppi-detailed-report-december-2025.xlsx,False
BLS_PPI_ARCHIVED_DETAILED_REPORT_XLSX,PPI_AS_RELEASED_VINTAGE,WPU107,2025-12,396.299,2026-02-27,2026-02-27T13:30:00+00:00,1,011a1e5c5f74c66a24c11d51319e3c99fb18878b820fdfbad87706091690198f,SUBSEQUENT_PUBLICATION,True,2026-01,D:\Programming\python_example\ForecastTest\data-lake\bronze\industrials\v1_5\bls\ppi_detailed_reports\ppi-detailed-report-january-2026.xlsx,True
BLS_PPI_ARCHIVED_DETAILED_REPORT_XLSX,PPI_AS_RELEASED_VINTAGE,WPU107,2025-12,396.868,2026-03-18,2026-03-18T12:30:00+00:00,2,8165247a276b2aa90872b6be768164b5d471e6c698f04888554a16db37e056cf,SUBSEQUENT_PUBLICATION,True,2026-02,D:\Programming\python_example\ForecastTest\data-lake\bronze\industrials\v1_5\bls\ppi_detailed_reports\ppi-detailed-report-february-2026.xlsx,True
BLS_PPI_ARCHIVED_DETAILED_REPORT_XLSX,PPI_AS_RELEASED_VINTAGE,WPU107,2025-12,396.225,2026-04-14,2026-04-14T12:30:00+00:00,3,59c2ac86ae0fdc507e6b9e1606cb148f69ed62a5279c572dcfc4fd068962f74d,SUBSEQUENT_PUBLICATION,True,2026-03,D:\Programming\python_example\ForecastTest\data-lake\bronze\industrials\v1_5\bls\ppi_detailed_reports\ppi-detailed-report-march-2026.xlsx,True
BLS_PPI_ARCHIVED_DETAILED_REPORT_XLSX,PPI_AS_RELEASED_VINTAGE,WPU107,2025-12,396.139,2026-05-13,2026-05-13T12:30:00+00:00,4,eb878a1935316a83773b53d56a60988830a4b5da948d6a2f483c5afd1f4229df,SUBSEQUENT_PUBLICATION,True,2026-04,D:\Programming\python_example\ForecastTest\data-lake\bronze\industrials\v1_5\bls\ppi_detailed_reports\ppi-detailed-report-april-2026.xlsx,True
BLS_PPI_ARCHIVED_DETAILED_REPORT_XLSX,PPI_AS_RELEASED_VINTAGE,WPU107,2026-01,396.933,2026-02-27,2026-02-27T13:30:00+00:00,0,011a1e5c5f74c66a24c11d51319e3c99fb18878b820fdfbad87706091690198f,INITIAL_RELEASE,True,2026-01,D:\Programming\python_example\ForecastTest\data-lake\bronze\industrials\v1_5\bls\ppi_detailed_reports\ppi-detailed-report-january-2026.xlsx,False
BLS_PPI_ARCHIVED_DETAILED_REPORT_XLSX,PPI_AS_RELEASED_VINTAGE,WPU107,2026-01,397.971,2026-03-18,2026-03-18T12:30:00+00:00,1,8165247a276b2aa90872b6be768164b5d471e6c698f04888554a16db37e056cf,SUBSEQUENT_PUBLICATION,True,2026-02,D:\Programming\python_example\ForecastTest\data-lake\bronze\industrials\v1_5\bls\ppi_detailed_reports\ppi-detailed-report-february-2026.xlsx,True
BLS_PPI_ARCHIVED_DETAILED_REPORT_XLSX,PPI_AS_RELEASED_VINTAGE,WPU107,2026-01,397.762,2026-04-14,2026-04-14T12:30:00+00:00,2,59c2ac86ae0fdc507e6b9e1606cb148f69ed62a5279c572dcfc4fd068962f74d,SUBSEQUENT_PUBLICATION,True,2026-03,D:\Programming\python_example\ForecastTest\data-lake\bronze\industrials\v1_5\bls\ppi_detailed_reports\ppi-detailed-report-march-2026.xlsx,True
BLS_PPI_ARCHIVED_DETAILED_REPORT_XLSX,PPI_AS_RELEASED_VINTAGE,WPU107,2026-01,397.656,2026-05-13,2026-05-13T12:30:00+00:00,3,eb878a1935316a83773b53d56a60988830a4b5da948d6a2f483c5afd1f4229df,SUBSEQUENT_PUBLICATION,True,2026-04,D:\Programming\python_example\ForecastTest\data-lake\bronze\industrials\v1_5\bls\ppi_detailed_reports\ppi-detailed-report-april-2026.xlsx,True
BLS_PPI_ARCHIVED_DETAILED_REPORT_XLSX,PPI_AS_RELEASED_VINTAGE,WPU107,2026-01,397.584,2026-06-11,2026-06-11T12:30:00+00:00,4,e8c25f548bb26d1860655f205eaa055c327f2197a845795163e7c3d71e9eaf3b,SUBSEQUENT_PUBLICATION,True,2026-05,D:\Programming\python_example\ForecastTest\data-lake\bronze\industrials\v1_5\bls\ppi_detailed_reports\ppi-detailed-report-may-2026.xlsx,True
BLS_PPI_ARCHIVED_DETAILED_REPORT_XLSX,PPI_AS_RELEASED_VINTAGE,WPU107,2026-02,401.254,2026-03-18,2026-03-18T12:30:00+00:00,0,8165247a276b2aa90872b6be768164b5d471e6c698f04888554a16db37e056cf,INITIAL_RELEASE,True,2026-02,D:\Programming\python_example\ForecastTest\data-lake\bronze\industrials\v1_5\bls\ppi_detailed_reports\ppi-detailed-report-february-2026.xlsx,False
BLS_PPI_ARCHIVED_DETAILED_REPORT_XLSX,PPI_AS_RELEASED_VINTAGE,WPU107,2026-02,400.764,2026-04-14,2026-04-14T12:30:00+00:00,1,59c2ac86ae0fdc507e6b9e1606cb148f69ed62a5279c572dcfc4fd068962f74d,SUBSEQUENT_PUBLICATION,True,2026-03,D:\Programming\python_example\ForecastTest\data-lake\bronze\industrials\v1_5\bls\ppi_detailed_reports\ppi-detailed-report-march-2026.xlsx,True
BLS_PPI_ARCHIVED_DETAILED_REPORT_XLSX,PPI_AS_RELEASED_VINTAGE,WPU107,2026-02,400.755,2026-05-13,2026-05-13T12:30:00+00:00,2,eb878a1935316a83773b53d56a60988830a4b5da948d6a2f483c5afd1f4229df,SUBSEQUENT_PUBLICATION,True,2026-04,D:\Programming\python_example\ForecastTest\data-lake\bronze\industrials\v1_5\bls\ppi_detailed_reports\ppi-detailed-report-april-2026.xlsx,True
BLS_PPI_ARCHIVED_DETAILED_REPORT_XLSX,PPI_AS_RELEASED_VINTAGE,WPU107,2026-02,401.421,2026-06-11,2026-06-11T12:30:00+00:00,3,e8c25f548bb26d1860655f205eaa055c327f2197a845795163e7c3d71e9eaf3b,SUBSEQUENT_PUBLICATION,True,2026-05,D:\Programming\python_example\ForecastTest\data-lake\bronze\industrials\v1_5\bls\ppi_detailed_reports\ppi-detailed-report-may-2026.xlsx,True
BLS_PPI_ARCHIVED_DETAILED_REPORT_XLSX,PPI_AS_RELEASED_VINTAGE,WPU107,2026-02,401.48,2026-07-15,2026-07-15T12:30:00+00:00,4,b61d24f70fb7403a9c4e4b9fc54a04ce7647a9d95ce07093411e10b7302d13f9,SUBSEQUENT_PUBLICATION,True,2026-06,D:\Programming\python_example\ForecastTest\data-lake\bronze\industrials\v1_5\bls\ppi_detailed_reports\ppi-detailed-report-june-2026.xlsx,True
BLS_PPI_ARCHIVED_DETAILED_REPORT_XLSX,PPI_AS_RELEASED_VINTAGE,WPU107,2026-03,404.939,2026-04-14,2026-04-14T12:30:00+00:00,0,59c2ac86ae0fdc507e6b9e1606cb148f69ed62a5279c572dcfc4fd068962f74d,INITIAL_RELEASE,True,2026-03,D:\Programming\python_example\ForecastTest\data-lake\bronze\industrials\v1_5\bls\ppi_detailed_reports\ppi-detailed-report-march-2026.xlsx,False
BLS_PPI_ARCHIVED_DETAILED_REPORT_XLSX,PPI_AS_RELEASED_VINTAGE,WPU107,2026-03,404.269,2026-05-13,2026-05-13T12:30:00+00:00,1,eb878a1935316a83773b53d56a60988830a4b5da948d6a2f483c5afd1f4229df,SUBSEQUENT_PUBLICATION,True,2026-04,D:\Programming\python_example\ForecastTest\data-lake\bronze\industrials\v1_5\bls\ppi_detailed_reports\ppi-detailed-report-april-2026.xlsx,True
BLS_PPI_ARCHIVED_DETAILED_REPORT_XLSX,PPI_AS_RELEASED_VINTAGE,WPU107,2026-03,405.284,2026-06-11,2026-06-11T12:30:00+00:00,2,e8c25f548bb26d1860655f205eaa055c327f2197a845795163e7c3d71e9eaf3b,SUBSEQUENT_PUBLICATION,True,2026-05,D:\Programming\python_example\ForecastTest\data-lake\bronze\industrials\v1_5\bls\ppi_detailed_reports\ppi-detailed-report-may-2026.xlsx,True
BLS_PPI_ARCHIVED_DETAILED_REPORT_XLSX,PPI_AS_RELEASED_VINTAGE,WPU107,2026-03,403.564,2026-07-15,2026-07-15T12:30:00+00:00,3,b61d24f70fb7403a9c4e4b9fc54a04ce7647a9d95ce07093411e10b7302d13f9,SUBSEQUENT_PUBLICATION,True,2026-06,D:\Programming\python_example\ForecastTest\data-lake\bronze\industrials\v1_5\bls\ppi_detailed_reports\ppi-detailed-report-june-2026.xlsx,True
BLS_PPI_ARCHIVED_DETAILED_REPORT_XLSX,PPI_AS_RELEASED_VINTAGE,WPU107,2026-03,403.642,2026-08-13,2026-08-13T12:30:00+00:00,4,a455bea5d305ccdc6c683059406ccdb194e0d9ee528912ce72c36c43a79a5640,SUBSEQUENT_PUBLICATION,True,2026-07,D:\Programming\python_example\ForecastTest\data-lake\bronze\industrials\v1_5\bls\ppi_detailed_reports\ppi-detailed-report-july-2026.xlsx,True
BLS_PPI_ARCHIVED_DETAILED_REPORT_XLSX,PPI_AS_RELEASED_VINTAGE,WPU107,2026-04,407.319,2026-05-13,2026-05-13T12:30:00+00:00,0,eb878a1935316a83773b53d56a60988830a4b5da948d6a2f483c5afd1f4229df,INITIAL_RELEASE,True,2026-04,D:\Programming\python_example\ForecastTest\data-lake\bronze\industrials\v1_5\bls\ppi_detailed_reports\ppi-detailed-report-april-2026.xlsx,False
BLS_PPI_ARCHIVED_DETAILED_REPORT_XLSX,PPI_AS_RELEASED_VINTAGE,WPU107,2026-04,408.29,2026-06-11,2026-06-11T12:30:00+00:00,1,e8c25f548bb26d1860655f205eaa055c327f2197a845795163e7c3d71e9eaf3b,SUBSEQUENT_PUBLICATION,True,2026-05,D:\Programming\python_example\ForecastTest\data-lake\bronze\industrials\v1_5\bls\ppi_detailed_reports\ppi-detailed-report-may-2026.xlsx,True
BLS_PPI_ARCHIVED_DETAILED_REPORT_XLSX,PPI_AS_RELEASED_VINTAGE,WPU107,2026-04,404.856,2026-07-15,2026-07-15T12:30:00+00:00,2,b61d24f70fb7403a9c4e4b9fc54a04ce7647a9d95ce07093411e10b7302d13f9,SUBSEQUENT_PUBLICATION,True,2026-06,D:\Programming\python_example\ForecastTest\data-lake\bronze\industrials\v1_5\bls\ppi_detailed_reports\ppi-detailed-report-june-2026.xlsx,True
BLS_PPI_ARCHIVED_DETAILED_REPORT_XLSX,PPI_AS_RELEASED_VINTAGE,WPU107,2026-04,404.898,2026-08-13,2026-08-13T12:30:00+00:00,3,a455bea5d305ccdc6c683059406ccdb194e0d9ee528912ce72c36c43a79a5640,SUBSEQUENT_PUBLICATION,True,2026-07,D:\Programming\python_example\ForecastTest\data-lake\bronze\industrials\v1_5\bls\ppi_detailed_reports\ppi-detailed-report-july-2026.xlsx,True
BLS_PPI_ARCHIVED_DETAILED_REPORT_XLSX,PPI_AS_RELEASED_VINTAGE,WPU107,2026-05,412.645,2026-06-11,2026-06-11T12:30:00+00:00,0,e8c25f548bb26d1860655f205eaa055c327f2197a845795163e7c3d71e9eaf3b,INITIAL_RELEASE,True,2026-05,D:\Programming\python_example\ForecastTest\data-lake\bronze\industrials\v1_5\bls\ppi_detailed_reports\ppi-detailed-report-may-2026.xlsx,False
BLS_PPI_ARCHIVED_DETAILED_REPORT_XLSX,PPI_AS_RELEASED_VINTAGE,WPU107,2026-05,405.982,2026-07-15,2026-07-15T12:30:00+00:00,1,b61d24f70fb7403a9c4e4b9fc54a04ce7647a9d95ce07093411e10b7302d13f9,SUBSEQUENT_PUBLICATION,True,2026-06,D:\Programming\python_example\ForecastTest\data-lake\bronze\industrials\v1_5\bls\ppi_detailed_reports\ppi-detailed-report-june-2026.xlsx,True
BLS_PPI_ARCHIVED_DETAILED_REPORT_XLSX,PPI_AS_RELEASED_VINTAGE,WPU107,2026-05,405.165,2026-08-13,2026-08-13T12:30:00+00:00,2,a455bea5d305ccdc6c683059406ccdb194e0d9ee528912ce72c36c43a79a5640,SUBSEQUENT_PUBLICATION,True,2026-07,D:\Programming\python_example\ForecastTest\data-lake\bronze\industrials\v1_5\bls\ppi_detailed_reports\ppi-detailed-report-july-2026.xlsx,True
BLS_PPI_ARCHIVED_DETAILED_REPORT_XLSX,PPI_AS_RELEASED_VINTAGE,WPU107,2026-06,408.277,2026-07-15,2026-07-15T12:30:00+00:00,0,b61d24f70fb7403a9c4e4b9fc54a04ce7647a9d95ce07093411e10b7302d13f9,INITIAL_RELEASE,True,2026-06,D:\Programming\python_example\ForecastTest\data-lake\bronze\industrials\v1_5\bls\ppi_detailed_reports\ppi-detailed-report-june-2026.xlsx,False
BLS_PPI_ARCHIVED_DETAILED_REPORT_XLSX,PPI_AS_RELEASED_VINTAGE,WPU107,2026-06,407.644,2026-08-13,2026-08-13T12:30:00+00:00,1,a455bea5d305ccdc6c683059406ccdb194e0d9ee528912ce72c36c43a79a5640,SUBSEQUENT_PUBLICATION,True,2026-07,D:\Programming\python_example\ForecastTest\data-lake\bronze\industrials\v1_5\bls\ppi_detailed_reports\ppi-detailed-report-july-2026.xlsx,True
BLS_PPI_ARCHIVED_DETAILED_REPORT_XLSX,PPI_AS_RELEASED_VINTAGE,WPU107,2026-07,408.901,2026-08-13,2026-08-13T12:30:00+00:00,0,a455bea5d305ccdc6c683059406ccdb194e0d9ee528912ce72c36c43a79a5640,INITIAL_RELEASE,True,2026-07,D:\Programming\python_example\ForecastTest\data-lake\bronze\industrials\v1_5\bls\ppi_detailed_reports\ppi-detailed-report-july-2026.xlsx,False
BLS_PPI_ARCHIVED_DETAILED_REPORT_XLSX,PPI_AS_RELEASED_VINTAGE,WPU117,2021-09,121.955,2022-02-15,2022-02-15T13:30:00+00:00,,8536504b7a2fce58841f72c542f3e9d10f7d827b8a408aa88427ab1f91ae2d52,LEFT_CENSORED_KNOWN_AS_OF_RELEASE,True,2022-01,D:\Programming\python_example\ForecastTest\data-lake\bronze\industrials\v1_5\bls\ppi_detailed_reports\ppi-detailed-report-january-2022.xlsx,False
BLS_PPI_ARCHIVED_DETAILED_REPORT_XLSX,PPI_AS_RELEASED_VINTAGE,WPU117,2021-10,122.553,2022-02-15,2022-02-15T13:30:00+00:00,,8536504b7a2fce58841f72c542f3e9d10f7d827b8a408aa88427ab1f91ae2d52,LEFT_CENSORED_KNOWN_AS_OF_RELEASE,True,2022-01,D:\Programming\python_example\ForecastTest\data-lake\bronze\industrials\v1_5\bls\ppi_detailed_reports\ppi-detailed-report-january-2022.xlsx,False
BLS_PPI_ARCHIVED_DETAILED_REPORT_XLSX,PPI_AS_RELEASED_VINTAGE,WPU117,2021-10,122.536,2022-03-15,2022-03-15T12:30:00+00:00,,bf71d6534990a2d820999b827e1e3e96d9acc65247607fa6a2e534aa3478d0a7,LEFT_CENSORED_KNOWN_AS_OF_RELEASE,True,2022-02,D:\Programming\python_example\ForecastTest\data-lake\bronze\industrials\v1_5\bls\ppi_detailed_reports\ppi-detailed-report-february-2022.xlsx,True
BLS_PPI_ARCHIVED_DETAILED_REPORT_XLSX,PPI_AS_RELEASED_VINTAGE,WPU117,2021-11,123.371,2022-02-15,2022-02-15T13:30:00+00:00,,8536504b7a2fce58841f72c542f3e9d10f7d827b8a408aa88427ab1f91ae2d52,LEFT_CENSORED_KNOWN_AS_OF_RELEASE,True,2022-01,D:\Programming\python_example\ForecastTest\data-lake\bronze\industrials\v1_5\bls\ppi_detailed_reports\ppi-detailed-report-january-2022.xlsx,False
BLS_PPI_ARCHIVED_DETAILED_REPORT_XLSX,PPI_AS_RELEASED_VINTAGE,WPU117,2021-11,123.298,2022-03-15,2022-03-15T12:30:00+00:00,,bf71d6534990a2d820999b827e1e3e96d9acc65247607fa6a2e534aa3478d0a7,LEFT_CENSORED_KNOWN_AS_OF_RELEASE,True,2022-02,D:\Programming\python_example\ForecastTest\data-lake\bronze\industrials\v1_5\bls\ppi_detailed_reports\ppi-detailed-report-february-2022.xlsx,True
BLS_PPI_ARCHIVED_DETAILED_REPORT_XLSX,PPI_AS_RELEASED_VINTAGE,WPU117,2021-11,123.319,2022-04-13,2022-04-13T12:30:00+00:00,,78c5588e2babc576ecb233e05089ef0f0295094805c24a02f91575c66a9b98d3,LEFT_CENSORED_KNOWN_AS_OF_RELEASE,True,2022-03,D:\Programming\python_example\ForecastTest\data-lake\bronze\industrials\v1_5\bls\ppi_detailed_reports\ppi-detailed-report-march-2022.xlsx,True
BLS_PPI_ARCHIVED_DETAILED_REPORT_XLSX,PPI_AS_RELEASED_VINTAGE,WPU117,2021-12,123.931,2022-02-15,2022-02-15T13:30:00+00:00,,8536504b7a2fce58841f72c542f3e9d10f7d827b8a408aa88427ab1f91ae2d52,LEFT_CENSORED_KNOWN_AS_OF_RELEASE,True,2022-01,D:\Programming\python_example\ForecastTest\data-lake\bronze\industrials\v1_5\bls\ppi_detailed_reports\ppi-detailed-report-january-2022.xlsx,False
BLS_PPI_ARCHIVED_DETAILED_REPORT_XLSX,PPI_AS_RELEASED_VINTAGE,WPU117,2021-12,123.81,2022-03-15,2022-03-15T12:30:00+00:00,,bf71d6534990a2d820999b827e1e3e96d9acc65247607fa6a2e534aa3478d0a7,LEFT_CENSORED_KNOWN_AS_OF_RELEASE,True,2022-02,D:\Programming\python_example\ForecastTest\data-lake\bronze\industrials\v1_5\bls\ppi_detailed_reports\ppi-detailed-report-february-2022.xlsx,True
BLS_PPI_ARCHIVED_DETAILED_REPORT_XLSX,PPI_AS_RELEASED_VINTAGE,WPU117,2021-12,123.827,2022-04-13,2022-04-13T12:30:00+00:00,,78c5588e2babc576ecb233e05089ef0f0295094805c24a02f91575c66a9b98d3,LEFT_CENSORED_KNOWN_AS_OF_RELEASE,True,2022-03,D:\Programming\python_example\ForecastTest\data-lake\bronze\industrials\v1_5\bls\ppi_detailed_reports\ppi-detailed-report-march-2022.xlsx,True
BLS_PPI_ARCHIVED_DETAILED_REPORT_XLSX,PPI_AS_RELEASED_VINTAGE,WPU117,2021-12,123.825,2022-05-12,2022-05-12T12:30:00+00:00,,0477e083c1af817c03cc331c32670ed62789cc840a14a30d4239ee02975d8e50,LEFT_CENSORED_KNOWN_AS_OF_RELEASE,True,2022-04,D:\Programming\python_example\ForecastTest\data-lake\bronze\industrials\v1_5\bls\ppi_detailed_reports\ppi-detailed-report-april-2022.xlsx,True
BLS_PPI_ARCHIVED_DETAILED_REPORT_XLSX,PPI_AS_RELEASED_VINTAGE,WPU117,2022-01,125.817,2022-02-15,2022-02-15T13:30:00+00:00,0,8536504b7a2fce58841f72c542f3e9d10f7d827b8a408aa88427ab1f91ae2d52,INITIAL_RELEASE,True,2022-01,D:\Programming\python_example\ForecastTest\data-lake\bronze\industrials\v1_5\bls\ppi_detailed_reports\ppi-detailed-report-january-2022.xlsx,False
BLS_PPI_ARCHIVED_DETAILED_REPORT_XLSX,PPI_AS_RELEASED_VINTAGE,WPU117,2022-01,125.655,2022-03-15,2022-03-15T12:30:00+00:00,1,bf71d6534990a2d820999b827e1e3e96d9acc65247607fa6a2e534aa3478d0a7,SUBSEQUENT_PUBLICATION,True,2022-02,D:\Programming\python_example\ForecastTest\data-lake\bronze\industrials\v1_5\bls\ppi_detailed_reports\ppi-detailed-report-february-2022.xlsx,True
BLS_PPI_ARCHIVED_DETAILED_REPORT_XLSX,PPI_AS_RELEASED_VINTAGE,WPU117,2022-01,125.61,2022-04-13,2022-04-13T12:30:00+00:00,2,78c5588e2babc576ecb233e05089ef0f0295094805c24a02f91575c66a9b98d3,SUBSEQUENT_PUBLICATION,True,2022-03,D:\Programming\python_example\ForecastTest\data-lake\bronze\industrials\v1_5\bls\ppi_detailed_reports\ppi-detailed-report-march-2022.xlsx,True
BLS_PPI_ARCHIVED_DETAILED_REPORT_XLSX,PPI_AS_RELEASED_VINTAGE,WPU117,2022-01,125.697,2022-05-12,2022-05-12T12:30:00+00:00,3,0477e083c1af817c03cc331c32670ed62789cc840a14a30d4239ee02975d8e50,SUBSEQUENT_PUBLICATION,True,2022-04,D:\Programming\python_example\ForecastTest\data-lake\bronze\industrials\v1_5\bls\ppi_detailed_reports\ppi-detailed-report-april-2022.xlsx,True
BLS_PPI_ARCHIVED_DETAILED_REPORT_XLSX,PPI_AS_RELEASED_VINTAGE,WPU117,2022-01,125.904,2022-06-14,2022-06-14T12:30:00+00:00,4,74b58cd041d47bb6220fe60b3a11e6914d381560245bf0bdc4d523bb9180e7f8,SUBSEQUENT_PUBLICATION,True,2022-05,D:\Programming\python_example\ForecastTest\data-lake\bronze\industrials\v1_5\bls\ppi_detailed_reports\ppi-detailed-report-may-2022.xlsx,True
BLS_PPI_ARCHIVED_DETAILED_REPORT_XLSX,PPI_AS_RELEASED_VINTAGE,WPU117,2022-02,126.463,2022-03-15,2022-03-15T12:30:00+00:00,0,bf71d6534990a2d820999b827e1e3e96d9acc65247607fa6a2e534aa3478d0a7,INITIAL_RELEASE,True,2022-02,D:\Programming\python_example\ForecastTest\data-lake\bronze\industrials\v1_5\bls\ppi_detailed_reports\ppi-detailed-report-february-2022.xlsx,False
BLS_PPI_ARCHIVED_DETAILED_REPORT_XLSX,PPI_AS_RELEASED_VINTAGE,WPU117,2022-02,126.337,2022-04-13,2022-04-13T12:30:00+00:00,1,78c5588e2babc576ecb233e05089ef0f0295094805c24a02f91575c66a9b98d3,SUBSEQUENT_PUBLICATION,True,2022-03,D:\Programming\python_example\ForecastTest\data-lake\bronze\industrials\v1_5\bls\ppi_detailed_reports\ppi-detailed-report-march-2022.xlsx,True
BLS_PPI_ARCHIVED_DETAILED_REPORT_XLSX,PPI_AS_RELEASED_VINTAGE,WPU117,2022-02,126.518,2022-05-12,2022-05-12T12:30:00+00:00,2,0477e083c1af817c03cc331c32670ed62789cc840a14a30d4239ee02975d8e50,SUBSEQUENT_PUBLICATION,True,2022-04,D:\Programming\python_example\ForecastTest\data-lake\bronze\industrials\v1_5\bls\ppi_detailed_reports\ppi-detailed-report-april-2022.xlsx,True
BLS_PPI_ARCHIVED_DETAILED_REPORT_XLSX,PPI_AS_RELEASED_VINTAGE,WPU117,2022-02,126.766,2022-06-14,2022-06-14T12:30:00+00:00,3,74b58cd041d47bb6220fe60b3a11e6914d381560245bf0bdc4d523bb9180e7f8,SUBSEQUENT_PUBLICATION,True,2022-05,D:\Programming\python_example\ForecastTest\data-lake\bronze\industrials\v1_5\bls\ppi_detailed_reports\ppi-detailed-report-may-2022.xlsx,True
BLS_PPI_ARCHIVED_DETAILED_REPORT_XLSX,PPI_AS_RELEASED_VINTAGE,WPU117,2022-02,126.76,2022-07-14,2022-07-14T12:30:00+00:00,4,64ec087ba7a1d739c2a6c2d50c104f4aa61dc779bfdf0ad9f5cf64feeb98a117,SUBSEQUENT_PUBLICATION,True,2022-06,D:\Programming\python_example\ForecastTest\data-lake\bronze\industrials\v1_5\bls\ppi_detailed_reports\ppi-detailed-report-june-2022.xlsx,True
BLS_PPI_ARCHIVED_DETAILED_REPORT_XLSX,PPI_AS_RELEASED_VINTAGE,WPU117,2022-03,127.415,2022-04-13,2022-04-13T12:30:00+00:00,0,78c5588e2babc576ecb233e05089ef0f0295094805c24a02f91575c66a9b98d3,INITIAL_RELEASE,True,2022-03,D:\Programming\python_example\ForecastTest\data-lake\bronze\industrials\v1_5\bls\ppi_detailed_reports\ppi-detailed-report-march-2022.xlsx,False
BLS_PPI_ARCHIVED_DETAILED_REPORT_XLSX,PPI_AS_RELEASED_VINTAGE,WPU117,2022-03,127.313,2022-05-12,2022-05-12T12:30:00+00:00,1,0477e083c1af817c03cc331c32670ed62789cc840a14a30d4239ee02975d8e50,SUBSEQUENT_PUBLICATION,True,2022-04,D:\Programming\python_example\ForecastTest\data-lake\bronze\industrials\v1_5\bls\ppi_detailed_reports\ppi-detailed-report-april-2022.xlsx,True
BLS_PPI_ARCHIVED_DETAILED_REPORT_XLSX,PPI_AS_RELEASED_VINTAGE,WPU117,2022-03,127.472,2022-06-14,2022-06-14T12:30:00+00:00,2,74b58cd041d47bb6220fe60b3a11e6914d381560245bf0bdc4d523bb9180e7f8,SUBSEQUENT_PUBLICATION,True,2022-05,D:\Programming\python_example\ForecastTest\data-lake\bronze\industrials\v1_5\bls\ppi_detailed_reports\ppi-detailed-report-may-2022.xlsx,True
BLS_PPI_ARCHIVED_DETAILED_REPORT_XLSX,PPI_AS_RELEASED_VINTAGE,WPU117,2022-03,127.459,2022-07-14,2022-07-14T12:30:00+00:00,3,64ec087ba7a1d739c2a6c2d50c104f4aa61dc779bfdf0ad9f5cf64feeb98a117,SUBSEQUENT_PUBLICATION,True,2022-06,D:\Programming\python_example\ForecastTest\data-lake\bronze\industrials\v1_5\bls\ppi_detailed_reports\ppi-detailed-report-june-2022.xlsx,True
BLS_PPI_ARCHIVED_DETAILED_REPORT_XLSX,PPI_AS_RELEASED_VINTAGE,WPU117,2022-03,127.511,2022-08-11,2022-08-11T12:30:00+00:00,4,ae34da19289a63408a2fb3bff85b8cabd280953a7d9ed34b96640f91d09a2474,SUBSEQUENT_PUBLICATION,True,2022-07,D:\Programming\python_example\ForecastTest\data-lake\bronze\industrials\v1_5\bls\ppi_detailed_reports\ppi-detailed-report-july-2022.xlsx,True
BLS_PPI_ARCHIVED_DETAILED_REPORT_XLSX,PPI_AS_RELEASED_VINTAGE,WPU117,2022-04,128.106,2022-05-12,2022-05-12T12:30:00+00:00,0,0477e083c1af817c03cc331c32670ed62789cc840a14a30d4239ee02975d8e50,INITIAL_RELEASE,True,2022-04,D:\Programming\python_example\ForecastTest\data-lake\bronze\industrials\v1_5\bls\ppi_detailed_reports\ppi-detailed-report-april-2022.xlsx,False
BLS_PPI_ARCHIVED_DETAILED_REPORT_XLSX,PPI_AS_RELEASED_VINTAGE,WPU117,2022-04,127.606,2022-06-14,2022-06-14T12:30:00+00:00,1,74b58cd041d47bb6220fe60b3a11e6914d381560245bf0bdc4d523bb9180e7f8,SUBSEQUENT_PUBLICATION,True,2022-05,D:\Programming\python_example\ForecastTest\data-lake\bronze\industrials\v1_5\bls\ppi_detailed_reports\ppi-detailed-report-may-2022.xlsx,True
BLS_PPI_ARCHIVED_DETAILED_REPORT_XLSX,PPI_AS_RELEASED_VINTAGE,WPU117,2022-04,127.713,2022-07-14,2022-07-14T12:30:00+00:00,2,64ec087ba7a1d739c2a6c2d50c104f4aa61dc779bfdf0ad9f5cf64feeb98a117,SUBSEQUENT_PUBLICATION,True,2022-06,D:\Programming\python_example\ForecastTest\data-lake\bronze\industrials\v1_5\bls\ppi_detailed_reports\ppi-detailed-report-june-2022.xlsx,True
BLS_PPI_ARCHIVED_DETAILED_REPORT_XLSX,PPI_AS_RELEASED_VINTAGE,WPU117,2022-04,127.853,2022-08-11,2022-08-11T12:30:00+00:00,3,ae34da19289a63408a2fb3bff85b8cabd280953a7d9ed34b96640f91d09a2474,SUBSEQUENT_PUBLICATION,True,2022-07,D:\Programming\python_example\ForecastTest\data-lake\bronze\industrials\v1_5\bls\ppi_detailed_reports\ppi-detailed-report-july-2022.xlsx,True
BLS_PPI_ARCHIVED_DETAILED_REPORT_XLSX,PPI_AS_RELEASED_VINTAGE,WPU117,2022-04,127.926,2022-09-14,2022-09-14T12:30:00+00:00,4,c2c292e8acbcd398e4dc492fd658f1faf4f12cbb18a82397057efed5b8861d4f,SUBSEQUENT_PUBLICATION,True,2022-08,D:\Programming\python_example\ForecastTest\data-lake\bronze\industrials\v1_5\bls\ppi_detailed_reports\ppi-detailed-report-august-2022.xlsx,True
BLS_PPI_ARCHIVED_DETAILED_REPORT_XLSX,PPI_AS_RELEASED_VINTAGE,WPU117,2022-05,128.275,2022-06-14,2022-06-14T12:30:00+00:00,0,74b58cd041d47bb6220fe60b3a11e6914d381560245bf0bdc4d523bb9180e7f8,INITIAL_RELEASE,True,2022-05,D:\Programming\python_example\ForecastTest\data-lake\bronze\industrials\v1_5\bls\ppi_detailed_reports\ppi-detailed-report-may-2022.xlsx,False
BLS_PPI_ARCHIVED_DETAILED_REPORT_XLSX,PPI_AS_RELEASED_VINTAGE,WPU117,2022-05,128.303,2022-07-14,2022-07-14T12:30:00+00:00,1,64ec087ba7a1d739c2a6c2d50c104f4aa61dc779bfdf0ad9f5cf64feeb98a117,SUBSEQUENT_PUBLICATION,True,2022-06,D:\Programming\python_example\ForecastTest\data-lake\bronze\industrials\v1_5\bls\ppi_detailed_reports\ppi-detailed-report-june-2022.xlsx,True
BLS_PPI_ARCHIVED_DETAILED_REPORT_XLSX,PPI_AS_RELEASED_VINTAGE,WPU117,2022-05,128.654,2022-08-11,2022-08-11T12:30:00+00:00,2,ae34da19289a63408a2fb3bff85b8cabd280953a7d9ed34b96640f91d09a2474,SUBSEQUENT_PUBLICATION,True,2022-07,D:\Programming\python_example\ForecastTest\data-lake\bronze\industrials\v1_5\bls\ppi_detailed_reports\ppi-detailed-report-july-2022.xlsx,True
BLS_PPI_ARCHIVED_DETAILED_REPORT_XLSX,PPI_AS_RELEASED_VINTAGE,WPU117,2022-05,128.709,2022-09-14,2022-09-14T12:30:00+00:00,3,c2c292e8acbcd398e4dc492fd658f1faf4f12cbb18a82397057efed5b8861d4f,SUBSEQUENT_PUBLICATION,True,2022-08,D:\Programming\python_example\ForecastTest\data-lake\bronze\industrials\v1_5\bls\ppi_detailed_reports\ppi-detailed-report-august-2022.xlsx,True
BLS_PPI_ARCHIVED_DETAILED_REPORT_XLSX,PPI_AS_RELEASED_VINTAGE,WPU117,2022-05,128.709,2022-10-12,2022-10-12T12:30:00+00:00,4,614d88726979e134f312823a9895b7949677c42e26428eea8f3b62d639ee71ea,SUBSEQUENT_PUBLICATION,True,2022-09,D:\Programming\python_example\ForecastTest\data-lake\bronze\industrials\v1_5\bls\ppi_detailed_reports\ppi-detailed-report-september-2022.xlsx,False
BLS_PPI_ARCHIVED_DETAILED_REPORT_XLSX,PPI_AS_RELEASED_VINTAGE,WPU117,2022-06,129.29,2022-07-14,2022-07-14T12:30:00+00:00,0,64ec087ba7a1d739c2a6c2d50c104f4aa61dc779bfdf0ad9f5cf64feeb98a117,INITIAL_RELEASE,True,2022-06,D:\Programming\python_example\ForecastTest\data-lake\bronze\industrials\v1_5\bls\ppi_detailed_reports\ppi-detailed-report-june-2022.xlsx,False
BLS_PPI_ARCHIVED_DETAILED_REPORT_XLSX,PPI_AS_RELEASED_VINTAGE,WPU117,2022-06,129.758,2022-08-11,2022-08-11T12:30:00+00:00,1,ae34da19289a63408a2fb3bff85b8cabd280953a7d9ed34b96640f91d09a2474,SUBSEQUENT_PUBLICATION,True,2022-07,D:\Programming\python_example\ForecastTest\data-lake\bronze\industrials\v1_5\bls\ppi_detailed_reports\ppi-detailed-report-july-2022.xlsx,True
BLS_PPI_ARCHIVED_DETAILED_REPORT_XLSX,PPI_AS_RELEASED_VINTAGE,WPU117,2022-06,129.802,2022-09-14,2022-09-14T12:30:00+00:00,2,c2c292e8acbcd398e4dc492fd658f1faf4f12cbb18a82397057efed5b8861d4f,SUBSEQUENT_PUBLICATION,True,2022-08,D:\Programming\python_example\ForecastTest\data-lake\bronze\industrials\v1_5\bls\ppi_detailed_reports\ppi-detailed-report-august-2022.xlsx,True
BLS_PPI_ARCHIVED_DETAILED_REPORT_XLSX,PPI_AS_RELEASED_VINTAGE,WPU117,2022-06,129.801,2022-10-12,2022-10-12T12:30:00+00:00,3,614d88726979e134f312823a9895b7949677c42e26428eea8f3b62d639ee71ea,SUBSEQUENT_PUBLICATION,True,2022-09,D:\Programming\python_example\ForecastTest\data-lake\bronze\industrials\v1_5\bls\ppi_detailed_reports\ppi-detailed-report-september-2022.xlsx,False
BLS_PPI_ARCHIVED_DETAILED_REPORT_XLSX,PPI_AS_RELEASED_VINTAGE,WPU117,2022-06,129.789,2022-11-15,2022-11-15T13:30:00+00:00,4,1d0847f74fc6cf1cee99b18e45b51749b5401eddcec41a0d56c17e0a3fcbbfd0,SUBSEQUENT_PUBLICATION,True,2022-10,D:\Programming\python_example\ForecastTest\data-lake\bronze\industrials\v1_5\bls\ppi_detailed_reports\ppi-detailed-report-october-2022.xlsx,True
BLS_PPI_ARCHIVED_DETAILED_REPORT_XLSX,PPI_AS_RELEASED_VINTAGE,WPU117,2022-07,130.762,2022-08-11,2022-08-11T12:30:00+00:00,0,ae34da19289a63408a2fb3bff85b8cabd280953a7d9ed34b96640f91d09a2474,INITIAL_RELEASE,True,2022-07,D:\Programming\python_example\ForecastTest\data-lake\bronze\industrials\v1_5\bls\ppi_detailed_reports\ppi-detailed-report-july-2022.xlsx,False
BLS_PPI_ARCHIVED_DETAILED_REPORT_XLSX,PPI_AS_RELEASED_VINTAGE,WPU117,2022-07,130.758,2022-09-14,2022-09-14T12:30:00+00:00,1,c2c292e8acbcd398e4dc492fd658f1faf4f12cbb18a82397057efed5b8861d4f,SUBSEQUENT_PUBLICATION,True,2022-08,D:\Programming\python_example\ForecastTest\data-lake\bronze\industrials\v1_5\bls\ppi_detailed_reports\ppi-detailed-report-august-2022.xlsx,True
BLS_PPI_ARCHIVED_DETAILED_REPORT_XLSX,PPI_AS_RELEASED_VINTAGE,WPU117,2022-07,130.656,2022-10-12,2022-10-12T12:30:00+00:00,2,614d88726979e134f312823a9895b7949677c42e26428eea8f3b62d639ee71ea,SUBSEQUENT_PUBLICATION,True,2022-09,D:\Programming\python_example\ForecastTest\data-lake\bronze\industrials\v1_5\bls\ppi_detailed_reports\ppi-detailed-report-september-2022.xlsx,True
BLS_PPI_ARCHIVED_DETAILED_REPORT_XLSX,PPI_AS_RELEASED_VINTAGE,WPU117,2022-07,130.484,2022-11-15,2022-11-15T13:30:00+00:00,3,1d0847f74fc6cf1cee99b18e45b51749b5401eddcec41a0d56c17e0a3fcbbfd0,SUBSEQUENT_PUBLICATION,True,2022-10,D:\Programming\python_example\ForecastTest\data-lake\bronze\industrials\v1_5\bls\ppi_detailed_reports\ppi-detailed-report-october-2022.xlsx,True
BLS_PPI_ARCHIVED_DETAILED_REPORT_XLSX,PPI_AS_RELEASED_VINTAGE,WPU117,2022-07,130.485,2022-12-09,2022-12-09T13:30:00+00:00,4,c406aa946e99ed3b0f20abed36b5bc186c8d5be4981f688307a005c60cc1fa3e,SUBSEQUENT_PUBLICATION,True,2022-11,D:\Programming\python_example\ForecastTest\data-lake\bronze\industrials\v1_5\bls\ppi_detailed_reports\ppi-detailed-report-november-2022.xlsx,False
BLS_PPI_ARCHIVED_DETAILED_REPORT_XLSX,PPI_AS_RELEASED_VINTAGE,WPU117,2022-08,131.196,2022-09-14,2022-09-14T12:30:00+00:00,0,c2c292e8acbcd398e4dc492fd658f1faf4f12cbb18a82397057efed5b8861d4f,INITIAL_RELEASE,True,2022-08,D:\Programming\python_example\ForecastTest\data-lake\bronze\industrials\v1_5\bls\ppi_detailed_reports\ppi-detailed-report-august-2022.xlsx,False
BLS_PPI_ARCHIVED_DETAILED_REPORT_XLSX,PPI_AS_RELEASED_VINTAGE,WPU117,2022-08,131.098,2022-10-12,2022-10-12T12:30:00+00:00,1,614d88726979e134f312823a9895b7949677c42e26428eea8f3b62d639ee71ea,SUBSEQUENT_PUBLICATION,True,2022-09,D:\Programming\python_example\ForecastTest\data-lake\bronze\industrials\v1_5\bls\ppi_detailed_reports\ppi-detailed-report-september-2022.xlsx,True
BLS_PPI_ARCHIVED_DETAILED_REPORT_XLSX,PPI_AS_RELEASED_VINTAGE,WPU117,2022-08,130.952,2022-11-15,2022-11-15T13:30:00+00:00,2,1d0847f74fc6cf1cee99b18e45b51749b5401eddcec41a0d56c17e0a3fcbbfd0,SUBSEQUENT_PUBLICATION,True,2022-10,D:\Programming\python_example\ForecastTest\data-lake\bronze\industrials\v1_5\bls\ppi_detailed_reports\ppi-detailed-report-october-2022.xlsx,True
BLS_PPI_ARCHIVED_DETAILED_REPORT_XLSX,PPI_AS_RELEASED_VINTAGE,WPU117,2022-08,130.952,2022-12-09,2022-12-09T13:30:00+00:00,3,c406aa946e99ed3b0f20abed36b5bc186c8d5be4981f688307a005c60cc1fa3e,SUBSEQUENT_PUBLICATION,True,2022-11,D:\Programming\python_example\ForecastTest\data-lake\bronze\industrials\v1_5\bls\ppi_detailed_reports\ppi-detailed-report-november-2022.xlsx,False
BLS_PPI_ARCHIVED_DETAILED_REPORT_XLSX,PPI_AS_RELEASED_VINTAGE,WPU117,2022-08,130.969,2023-01-18,2023-01-18T13:30:00+00:00,4,dcb3e876948240c0dcdca3376e89f8822a831e0a2e0ef2848afaaefb5fd7985a,SUBSEQUENT_PUBLICATION,True,2022-12,D:\Programming\python_example\ForecastTest\data-lake\bronze\industrials\v1_5\bls\ppi_detailed_reports\ppi-detailed-report-december-2022.xlsx,True
BLS_PPI_ARCHIVED_DETAILED_REPORT_XLSX,PPI_AS_RELEASED_VINTAGE,WPU117,2022-09,131.457,2022-10-12,2022-10-12T12:30:00+00:00,0,614d88726979e134f312823a9895b7949677c42e26428eea8f3b62d639ee71ea,INITIAL_RELEASE,True,2022-09,D:\Programming\python_example\ForecastTest\data-lake\bronze\industrials\v1_5\bls\ppi_detailed_reports\ppi-detailed-report-september-2022.xlsx,False
BLS_PPI_ARCHIVED_DETAILED_REPORT_XLSX,PPI_AS_RELEASED_VINTAGE,WPU117,2022-09,131.225,2022-11-15,2022-11-15T13:30:00+00:00,1,1d0847f74fc6cf1cee99b18e45b51749b5401eddcec41a0d56c17e0a3fcbbfd0,SUBSEQUENT_PUBLICATION,True,2022-10,D:\Programming\python_example\ForecastTest\data-lake\bronze\industrials\v1_5\bls\ppi_detailed_reports\ppi-detailed-report-october-2022.xlsx,True
BLS_PPI_ARCHIVED_DETAILED_REPORT_XLSX,PPI_AS_RELEASED_VINTAGE,WPU117,2022-09,131.271,2022-12-09,2022-12-09T13:30:00+00:00,2,c406aa946e99ed3b0f20abed36b5bc186c8d5be4981f688307a005c60cc1fa3e,SUBSEQUENT_PUBLICATION,True,2022-11,D:\Programming\python_example\ForecastTest\data-lake\bronze\industrials\v1_5\bls\ppi_detailed_reports\ppi-detailed-report-november-2022.xlsx,True
BLS_PPI_ARCHIVED_DETAILED_REPORT_XLSX,PPI_AS_RELEASED_VINTAGE,WPU117,2022-09,131.313,2023-01-18,2023-01-18T13:30:00+00:00,3,dcb3e876948240c0dcdca3376e89f8822a831e0a2e0ef2848afaaefb5fd7985a,SUBSEQUENT_PUBLICATION,True,2022-12,D:\Programming\python_example\ForecastTest\data-lake\bronze\industrials\v1_5\bls\ppi_detailed_reports\ppi-detailed-report-december-2022.xlsx,True
BLS_PPI_ARCHIVED_DETAILED_REPORT_XLSX,PPI_AS_RELEASED_VINTAGE,WPU117,2022-09,131.312,2023-02-16,2023-02-16T13:30:00+00:00,4,1983283f6a28ac421d35c1050626f9497eb41713cacb2db4371e3dd94f1609ee,SUBSEQUENT_PUBLICATION,True,2023-01,D:\Programming\python_example\ForecastTest\data-lake\bronze\industrials\v1_5\bls\ppi_detailed_reports\ppi-detailed-report-january-2023.xlsx,False
BLS_PPI_ARCHIVED_DETAILED_REPORT_XLSX,PPI_AS_RELEASED_VINTAGE,WPU117,2022-10,131.468,2022-11-15,2022-11-15T13:30:00+00:00,0,1d0847f74fc6cf1cee99b18e45b51749b5401eddcec41a0d56c17e0a3fcbbfd0,INITIAL_RELEASE,True,2022-10,D:\Programming\python_example\ForecastTest\data-lake\bronze\industrials\v1_5\bls\ppi_detailed_reports\ppi-detailed-report-october-2022.xlsx,False
BLS_PPI_ARCHIVED_DETAILED_REPORT_XLSX,PPI_AS_RELEASED_VINTAGE,WPU117,2022-10,131.502,2022-12-09,2022-12-09T13:30:00+00:00,1,c406aa946e99ed3b0f20abed36b5bc186c8d5be4981f688307a005c60cc1fa3e,SUBSEQUENT_PUBLICATION,True,2022-11,D:\Programming\python_example\ForecastTest\data-lake\bronze\industrials\v1_5\bls\ppi_detailed_reports\ppi-detailed-report-november-2022.xlsx,True
BLS_PPI_ARCHIVED_DETAILED_REPORT_XLSX,PPI_AS_RELEASED_VINTAGE,WPU117,2022-10,131.558,2023-01-18,2023-01-18T13:30:00+00:00,2,dcb3e876948240c0dcdca3376e89f8822a831e0a2e0ef2848afaaefb5fd7985a,SUBSEQUENT_PUBLICATION,True,2022-12,D:\Programming\python_example\ForecastTest\data-lake\bronze\industrials\v1_5\bls\ppi_detailed_reports\ppi-detailed-report-december-2022.xlsx,True
BLS_PPI_ARCHIVED_DETAILED_REPORT_XLSX,PPI_AS_RELEASED_VINTAGE,WPU117,2022-10,131.611,2023-02-16,2023-02-16T13:30:00+00:00,3,1983283f6a28ac421d35c1050626f9497eb41713cacb2db4371e3dd94f1609ee,SUBSEQUENT_PUBLICATION,True,2023-01,D:\Programming\python_example\ForecastTest\data-lake\bronze\industrials\v1_5\bls\ppi_detailed_reports\ppi-detailed-report-january-2023.xlsx,True
BLS_PPI_ARCHIVED_DETAILED_REPORT_XLSX,PPI_AS_RELEASED_VINTAGE,WPU117,2022-10,131.658,2023-03-15,2023-03-15T12:30:00+00:00,4,f858e0328d56c306478f71547caa2691bea64e4a658dc9a9b55fa76cbd1af744,SUBSEQUENT_PUBLICATION,True,2023-02,D:\Programming\python_example\ForecastTest\data-lake\bronze\industrials\v1_5\bls\ppi_detailed_reports\ppi-detailed-report-february-2023.xlsx,True
BLS_PPI_ARCHIVED_DETAILED_REPORT_XLSX,PPI_AS_RELEASED_VINTAGE,WPU117,2022-11,132.197,2022-12-09,2022-12-09T13:30:00+00:00,0,c406aa946e99ed3b0f20abed36b5bc186c8d5be4981f688307a005c60cc1fa3e,INITIAL_RELEASE,True,2022-11,D:\Programming\python_example\ForecastTest\data-lake\bronze\industrials\v1_5\bls\ppi_detailed_reports\ppi-detailed-report-november-2022.xlsx,False
BLS_PPI_ARCHIVED_DETAILED_REPORT_XLSX,PPI_AS_RELEASED_VINTAGE,WPU117,2022-11,132.122,2023-01-18,2023-01-18T13:30:00+00:00,1,dcb3e876948240c0dcdca3376e89f8822a831e0a2e0ef2848afaaefb5fd7985a,SUBSEQUENT_PUBLICATION,True,2022-12,D:\Programming\python_example\ForecastTest\data-lake\bronze\industrials\v1_5\bls\ppi_detailed_reports\ppi-detailed-report-december-2022.xlsx,True
BLS_PPI_ARCHIVED_DETAILED_REPORT_XLSX,PPI_AS_RELEASED_VINTAGE,WPU117,2022-11,132.058,2023-02-16,2023-02-16T13:30:00+00:00,2,1983283f6a28ac421d35c1050626f9497eb41713cacb2db4371e3dd94f1609ee,SUBSEQUENT_PUBLICATION,True,2023-01,D:\Programming\python_example\ForecastTest\data-lake\bronze\industrials\v1_5\bls\ppi_detailed_reports\ppi-detailed-report-january-2023.xlsx,True
BLS_PPI_ARCHIVED_DETAILED_REPORT_XLSX,PPI_AS_RELEASED_VINTAGE,WPU117,2022-11,132.137,2023-03-15,2023-03-15T12:30:00+00:00,3,f858e0328d56c306478f71547caa2691bea64e4a658dc9a9b55fa76cbd1af744,SUBSEQUENT_PUBLICATION,True,2023-02,D:\Programming\python_example\ForecastTest\data-lake\bronze\industrials\v1_5\bls\ppi_detailed_reports\ppi-detailed-report-february-2023.xlsx,True
BLS_PPI_ARCHIVED_DETAILED_REPORT_XLSX,PPI_AS_RELEASED_VINTAGE,WPU117,2022-11,132.147,2023-04-13,2023-04-13T12:30:00+00:00,4,b34e516e2b9b99d1e4386e3b675d6bc6fae54bd1bccb9d27c85e367258443d3a,SUBSEQUENT_PUBLICATION,True,2023-03,D:\Programming\python_example\ForecastTest\data-lake\bronze\industrials\v1_5\bls\ppi_detailed_reports\ppi-detailed-report-march-2023.xlsx,True
BLS_PPI_ARCHIVED_DETAILED_REPORT_XLSX,PPI_AS_RELEASED_VINTAGE,WPU117,2022-12,132.542,2023-01-18,2023-01-18T13:30:00+00:00,0,dcb3e876948240c0dcdca3376e89f8822a831e0a2e0ef2848afaaefb5fd7985a,INITIAL_RELEASE,True,2022-12,D:\Programming\python_example\ForecastTest\data-lake\bronze\industrials\v1_5\bls\ppi_detailed_reports\ppi-detailed-report-december-2022.xlsx,False
BLS_PPI_ARCHIVED_DETAILED_REPORT_XLSX,PPI_AS_RELEASED_VINTAGE,WPU117,2022-12,132.468,2023-02-16,2023-02-16T13:30:00+00:00,1,1983283f6a28ac421d35c1050626f9497eb41713cacb2db4371e3dd94f1609ee,SUBSEQUENT_PUBLICATION,True,2023-01,D:\Programming\python_example\ForecastTest\data-lake\bronze\industrials\v1_5\bls\ppi_detailed_reports\ppi-detailed-report-january-2023.xlsx,True
BLS_PPI_ARCHIVED_DETAILED_REPORT_XLSX,PPI_AS_RELEASED_VINTAGE,WPU117,2022-12,132.516,2023-03-15,2023-03-15T12:30:00+00:00,2,f858e0328d56c306478f71547caa2691bea64e4a658dc9a9b55fa76cbd1af744,SUBSEQUENT_PUBLICATION,True,2023-02,D:\Programming\python_example\ForecastTest\data-lake\bronze\industrials\v1_5\bls\ppi_detailed_reports\ppi-detailed-report-february-2023.xlsx,True
BLS_PPI_ARCHIVED_DETAILED_REPORT_XLSX,PPI_AS_RELEASED_VINTAGE,WPU117,2022-12,132.533,2023-04-13,2023-04-13T12:30:00+00:00,3,b34e516e2b9b99d1e4386e3b675d6bc6fae54bd1bccb9d27c85e367258443d3a,SUBSEQUENT_PUBLICATION,True,2023-03,D:\Programming\python_example\ForecastTest\data-lake\bronze\industrials\v1_5\bls\ppi_detailed_reports\ppi-detailed-report-march-2023.xlsx,True
BLS_PPI_ARCHIVED_DETAILED_REPORT_XLSX,PPI_AS_RELEASED_VINTAGE,WPU117,2022-12,132.565,2023-05-11,2023-05-11T12:30:00+00:00,4,07e4f16c517f3c9214ff433b58ade38598d65a03b952a16d7d4db45d5e8b3f82,SUBSEQUENT_PUBLICATION,True,2023-04,D:\Programming\python_example\ForecastTest\data-lake\bronze\industrials\v1_5\bls\ppi_detailed_reports\ppi-detailed-report-april-2023.xlsx,True
BLS_PPI_ARCHIVED_DETAILED_REPORT_XLSX,PPI_AS_RELEASED_VINTAGE,WPU117,2023-01,133.009,2023-02-16,2023-02-16T13:30:00+00:00,0,1983283f6a28ac421d35c1050626f9497eb41713cacb2db4371e3dd94f1609ee,INITIAL_RELEASE,True,2023-01,D:\Programming\python_example\ForecastTest\data-lake\bronze\industrials\v1_5\bls\ppi_detailed_reports\ppi-detailed-report-january-2023.xlsx,False
BLS_PPI_ARCHIVED_DETAILED_REPORT_XLSX,PPI_AS_RELEASED_VINTAGE,WPU117,2023-01,133.851,2023-03-15,2023-03-15T12:30:00+00:00,1,f858e0328d56c306478f71547caa2691bea64e4a658dc9a9b55fa76cbd1af744,SUBSEQUENT_PUBLICATION,True,2023-02,D:\Programming\python_example\ForecastTest\data-lake\bronze\industrials\v1_5\bls\ppi_detailed_reports\ppi-detailed-report-february-2023.xlsx,True
BLS_PPI_ARCHIVED_DETAILED_REPORT_XLSX,PPI_AS_RELEASED_VINTAGE,WPU117,2023-01,133.732,2023-04-13,2023-04-13T12:30:00+00:00,2,b34e516e2b9b99d1e4386e3b675d6bc6fae54bd1bccb9d27c85e367258443d3a,SUBSEQUENT_PUBLICATION,True,2023-03,D:\Programming\python_example\ForecastTest\data-lake\bronze\industrials\v1_5\bls\ppi_detailed_reports\ppi-detailed-report-march-2023.xlsx,True
BLS_PPI_ARCHIVED_DETAILED_REPORT_XLSX,PPI_AS_RELEASED_VINTAGE,WPU117,2023-01,133.735,2023-05-11,2023-05-11T12:30:00+00:00,3,07e4f16c517f3c9214ff433b58ade38598d65a03b952a16d7d4db45d5e8b3f82,SUBSEQUENT_PUBLICATION,True,2023-04,D:\Programming\python_example\ForecastTest\data-lake\bronze\industrials\v1_5\bls\ppi_detailed_reports\ppi-detailed-report-april-2023.xlsx,True
BLS_PPI_ARCHIVED_DETAILED_REPORT_XLSX,PPI_AS_RELEASED_VINTAGE,WPU117,2023-01,133.728,2023-06-14,2023-06-14T12:30:00+00:00,4,2afba21c6d15e2e8d87d952f68e707473fb5aab63f9e5b3c30ea322f683a82af,SUBSEQUENT_PUBLICATION,True,2023-05,D:\Programming\python_example\ForecastTest\data-lake\bronze\industrials\v1_5\bls\ppi_detailed_reports\ppi-detailed-report-may-2023.xlsx,True
BLS_PPI_ARCHIVED_DETAILED_REPORT_XLSX,PPI_AS_RELEASED_VINTAGE,WPU117,2023-02,133.686,2023-03-15,2023-03-15T12:30:00+00:00,0,f858e0328d56c306478f71547caa2691bea64e4a658dc9a9b55fa76cbd1af744,INITIAL_RELEASE,True,2023-02,D:\Programming\python_example\ForecastTest\data-lake\bronze\industrials\v1_5\bls\ppi_detailed_reports\ppi-detailed-report-february-2023.xlsx,False
BLS_PPI_ARCHIVED_DETAILED_REPORT_XLSX,PPI_AS_RELEASED_VINTAGE,WPU117,2023-02,133.655,2023-04-13,2023-04-13T12:30:00+00:00,1,b34e516e2b9b99d1e4386e3b675d6bc6fae54bd1bccb9d27c85e367258443d3a,SUBSEQUENT_PUBLICATION,True,2023-03,D:\Programming\python_example\ForecastTest\data-lake\bronze\industrials\v1_5\bls\ppi_detailed_reports\ppi-detailed-report-march-2023.xlsx,True
BLS_PPI_ARCHIVED_DETAILED_REPORT_XLSX,PPI_AS_RELEASED_VINTAGE,WPU117,2023-02,133.772,2023-05-11,2023-05-11T12:30:00+00:00,2,07e4f16c517f3c9214ff433b58ade38598d65a03b952a16d7d4db45d5e8b3f82,SUBSEQUENT_PUBLICATION,True,2023-04,D:\Programming\python_example\ForecastTest\data-lake\bronze\industrials\v1_5\bls\ppi_detailed_reports\ppi-detailed-report-april-2023.xlsx,True
BLS_PPI_ARCHIVED_DETAILED_REPORT_XLSX,PPI_AS_RELEASED_VINTAGE,WPU117,2023-02,133.781,2023-06-14,2023-06-14T12:30:00+00:00,3,2afba21c6d15e2e8d87d952f68e707473fb5aab63f9e5b3c30ea322f683a82af,SUBSEQUENT_PUBLICATION,True,2023-05,D:\Programming\python_example\ForecastTest\data-lake\bronze\industrials\v1_5\bls\ppi_detailed_reports\ppi-detailed-report-may-2023.xlsx,True
BLS_PPI_ARCHIVED_DETAILED_REPORT_XLSX,PPI_AS_RELEASED_VINTAGE,WPU117,2023-02,133.778,2023-07-13,2023-07-13T12:30:00+00:00,4,ea8e905a688e14ee5e2775c235b92ab43781961616c81e8dca253daef8704686,SUBSEQUENT_PUBLICATION,True,2023-06,D:\Programming\python_example\ForecastTest\data-lake\bronze\industrials\v1_5\bls\ppi_detailed_reports\ppi-detailed-report-june-2023.xlsx,True
BLS_PPI_ARCHIVED_DETAILED_REPORT_XLSX,PPI_AS_RELEASED_VINTAGE,WPU117,2023-03,133.847,2023-04-13,2023-04-13T12:30:00+00:00,0,b34e516e2b9b99d1e4386e3b675d6bc6fae54bd1bccb9d27c85e367258443d3a,INITIAL_RELEASE,True,2023-03,D:\Programming\python_example\ForecastTest\data-lake\bronze\industrials\v1_5\bls\ppi_detailed_reports\ppi-detailed-report-march-2023.xlsx,False
BLS_PPI_ARCHIVED_DETAILED_REPORT_XLSX,PPI_AS_RELEASED_VINTAGE,WPU117,2023-03,133.911,2023-05-11,2023-05-11T12:30:00+00:00,1,07e4f16c517f3c9214ff433b58ade38598d65a03b952a16d7d4db45d5e8b3f82,SUBSEQUENT_PUBLICATION,True,2023-04,D:\Programming\python_example\ForecastTest\data-lake\bronze\industrials\v1_5\bls\ppi_detailed_reports\ppi-detailed-report-april-2023.xlsx,True
BLS_PPI_ARCHIVED_DETAILED_REPORT_XLSX,PPI_AS_RELEASED_VINTAGE,WPU117,2023-03,133.938,2023-06-14,2023-06-14T12:30:00+00:00,2,2afba21c6d15e2e8d87d952f68e707473fb5aab63f9e5b3c30ea322f683a82af,SUBSEQUENT_PUBLICATION,True,2023-05,D:\Programming\python_example\ForecastTest\data-lake\bronze\industrials\v1_5\bls\ppi_detailed_reports\ppi-detailed-report-may-2023.xlsx,True
BLS_PPI_ARCHIVED_DETAILED_REPORT_XLSX,PPI_AS_RELEASED_VINTAGE,WPU117,2023-03,133.934,2023-07-13,2023-07-13T12:30:00+00:00,3,ea8e905a688e14ee5e2775c235b92ab43781961616c81e8dca253daef8704686,SUBSEQUENT_PUBLICATION,True,2023-06,D:\Programming\python_example\ForecastTest\data-lake\bronze\industrials\v1_5\bls\ppi_detailed_reports\ppi-detailed-report-june-2023.xlsx,True
BLS_PPI_ARCHIVED_DETAILED_REPORT_XLSX,PPI_AS_RELEASED_VINTAGE,WPU117,2023-03,133.933,2023-08-11,2023-08-11T12:30:00+00:00,4,2146fe7cb012b301739dd5df583325d33c87cf35a6465220708993c85aa9396c,SUBSEQUENT_PUBLICATION,True,2023-07,D:\Programming\python_example\ForecastTest\data-lake\bronze\industrials\v1_5\bls\ppi_detailed_reports\ppi-detailed-report-july-2023.xlsx,False
BLS_PPI_ARCHIVED_DETAILED_REPORT_XLSX,PPI_AS_RELEASED_VINTAGE,WPU117,2023-04,133.845,2023-05-11,2023-05-11T12:30:00+00:00,0,07e4f16c517f3c9214ff433b58ade38598d65a03b952a16d7d4db45d5e8b3f82,INITIAL_RELEASE,True,2023-04,D:\Programming\python_example\ForecastTest\data-lake\bronze\industrials\v1_5\bls\ppi_detailed_reports\ppi-detailed-report-april-2023.xlsx,False
BLS_PPI_ARCHIVED_DETAILED_REPORT_XLSX,PPI_AS_RELEASED_VINTAGE,WPU117,2023-04,133.884,2023-06-14,2023-06-14T12:30:00+00:00,1,2afba21c6d15e2e8d87d952f68e707473fb5aab63f9e5b3c30ea322f683a82af,SUBSEQUENT_PUBLICATION,True,2023-05,D:\Programming\python_example\ForecastTest\data-lake\bronze\industrials\v1_5\bls\ppi_detailed_reports\ppi-detailed-report-may-2023.xlsx,True
BLS_PPI_ARCHIVED_DETAILED_REPORT_XLSX,PPI_AS_RELEASED_VINTAGE,WPU117,2023-04,134.047,2023-07-13,2023-07-13T12:30:00+00:00,2,ea8e905a688e14ee5e2775c235b92ab43781961616c81e8dca253daef8704686,SUBSEQUENT_PUBLICATION,True,2023-06,D:\Programming\python_example\ForecastTest\data-lake\bronze\industrials\v1_5\bls\ppi_detailed_reports\ppi-detailed-report-june-2023.xlsx,True
BLS_PPI_ARCHIVED_DETAILED_REPORT_XLSX,PPI_AS_RELEASED_VINTAGE,WPU117,2023-04,134.025,2023-08-11,2023-08-11T12:30:00+00:00,3,2146fe7cb012b301739dd5df583325d33c87cf35a6465220708993c85aa9396c,SUBSEQUENT_PUBLICATION,True,2023-07,D:\Programming\python_example\ForecastTest\data-lake\bronze\industrials\v1_5\bls\ppi_detailed_reports\ppi-detailed-report-july-2023.xlsx,True
BLS_PPI_ARCHIVED_DETAILED_REPORT_XLSX,PPI_AS_RELEASED_VINTAGE,WPU117,2023-04,134.06,2023-09-14,2023-09-14T12:30:00+00:00,4,ab4916855f87fbb2837c4b9509a9518a11a2120ba7d4c0428414215a435bab02,SUBSEQUENT_PUBLICATION,True,2023-08,D:\Programming\python_example\ForecastTest\data-lake\bronze\industrials\v1_5\bls\ppi_detailed_reports\ppi-detailed-report-august-2023.xlsx,True
BLS_PPI_ARCHIVED_DETAILED_REPORT_XLSX,PPI_AS_RELEASED_VINTAGE,WPU117,2023-05,133.517,2023-06-14,2023-06-14T12:30:00+00:00,0,2afba21c6d15e2e8d87d952f68e707473fb5aab63f9e5b3c30ea322f683a82af,INITIAL_RELEASE,True,2023-05,D:\Programming\python_example\ForecastTest\data-lake\bronze\industrials\v1_5\bls\ppi_detailed_reports\ppi-detailed-report-may-2023.xlsx,False
BLS_PPI_ARCHIVED_DETAILED_REPORT_XLSX,PPI_AS_RELEASED_VINTAGE,WPU117,2023-05,133.695,2023-07-13,2023-07-13T12:30:00+00:00,1,ea8e905a688e14ee5e2775c235b92ab43781961616c81e8dca253daef8704686,SUBSEQUENT_PUBLICATION,True,2023-06,D:\Programming\python_example\ForecastTest\data-lake\bronze\industrials\v1_5\bls\ppi_detailed_reports\ppi-detailed-report-june-2023.xlsx,True
BLS_PPI_ARCHIVED_DETAILED_REPORT_XLSX,PPI_AS_RELEASED_VINTAGE,WPU117,2023-05,133.695,2023-08-11,2023-08-11T12:30:00+00:00,2,2146fe7cb012b301739dd5df583325d33c87cf35a6465220708993c85aa9396c,SUBSEQUENT_PUBLICATION,True,2023-07,D:\Programming\python_example\ForecastTest\data-lake\bronze\industrials\v1_5\bls\ppi_detailed_reports\ppi-detailed-report-july-2023.xlsx,False
BLS_PPI_ARCHIVED_DETAILED_REPORT_XLSX,PPI_AS_RELEASED_VINTAGE,WPU117,2023-05,133.754,2023-09-14,2023-09-14T12:30:00+00:00,3,ab4916855f87fbb2837c4b9509a9518a11a2120ba7d4c0428414215a435bab02,SUBSEQUENT_PUBLICATION,True,2023-08,D:\Programming\python_example\ForecastTest\data-lake\bronze\industrials\v1_5\bls\ppi_detailed_reports\ppi-detailed-report-august-2023.xlsx,True
BLS_PPI_ARCHIVED_DETAILED_REPORT_XLSX,PPI_AS_RELEASED_VINTAGE,WPU117,2023-05,133.386,2023-10-11,2023-10-11T12:30:00+00:00,4,af361ce61b71e4562f7de2bd3702fa0117334e9a0170eef8893d852d9652727e,SUBSEQUENT_PUBLICATION,True,2023-09,D:\Programming\python_example\ForecastTest\data-lake\bronze\industrials\v1_5\bls\ppi_detailed_reports\ppi-detailed-report-september-2023.xlsx,True
BLS_PPI_ARCHIVED_DETAILED_REPORT_XLSX,PPI_AS_RELEASED_VINTAGE,WPU117,2023-06,134.209,2023-07-13,2023-07-13T12:30:00+00:00,0,ea8e905a688e14ee5e2775c235b92ab43781961616c81e8dca253daef8704686,INITIAL_RELEASE,True,2023-06,D:\Programming\python_example\ForecastTest\data-lake\bronze\industrials\v1_5\bls\ppi_detailed_reports\ppi-detailed-report-june-2023.xlsx,False
BLS_PPI_ARCHIVED_DETAILED_REPORT_XLSX,PPI_AS_RELEASED_VINTAGE,WPU117,2023-06,134.157,2023-08-11,2023-08-11T12:30:00+00:00,1,2146fe7cb012b301739dd5df583325d33c87cf35a6465220708993c85aa9396c,SUBSEQUENT_PUBLICATION,True,2023-07,D:\Programming\python_example\ForecastTest\data-lake\bronze\industrials\v1_5\bls\ppi_detailed_reports\ppi-detailed-report-july-2023.xlsx,True
BLS_PPI_ARCHIVED_DETAILED_REPORT_XLSX,PPI_AS_RELEASED_VINTAGE,WPU117,2023-06,134.192,2023-09-14,2023-09-14T12:30:00+00:00,2,ab4916855f87fbb2837c4b9509a9518a11a2120ba7d4c0428414215a435bab02,SUBSEQUENT_PUBLICATION,True,2023-08,D:\Programming\python_example\ForecastTest\data-lake\bronze\industrials\v1_5\bls\ppi_detailed_reports\ppi-detailed-report-august-2023.xlsx,True
BLS_PPI_ARCHIVED_DETAILED_REPORT_XLSX,PPI_AS_RELEASED_VINTAGE,WPU117,2023-06,133.724,2023-10-11,2023-10-11T12:30:00+00:00,3,af361ce61b71e4562f7de2bd3702fa0117334e9a0170eef8893d852d9652727e,SUBSEQUENT_PUBLICATION,True,2023-09,D:\Programming\python_example\ForecastTest\data-lake\bronze\industrials\v1_5\bls\ppi_detailed_reports\ppi-detailed-report-september-2023.xlsx,True
BLS_PPI_ARCHIVED_DETAILED_REPORT_XLSX,PPI_AS_RELEASED_VINTAGE,WPU117,2023-06,133.752,2023-11-15,2023-11-15T13:30:00+00:00,4,d8274ecc9f5b83e06e54ac4cb8376fef44e6e4c77e389e727414d19d557381e4,SUBSEQUENT_PUBLICATION,True,2023-10,D:\Programming\python_example\ForecastTest\data-lake\bronze\industrials\v1_5\bls\ppi_detailed_reports\ppi-detailed-report-october-2023.xlsx,True
BLS_PPI_ARCHIVED_DETAILED_REPORT_XLSX,PPI_AS_RELEASED_VINTAGE,WPU117,2023-07,134.79,2023-08-11,2023-08-11T12:30:00+00:00,0,2146fe7cb012b301739dd5df583325d33c87cf35a6465220708993c85aa9396c,INITIAL_RELEASE,True,2023-07,D:\Programming\python_example\ForecastTest\data-lake\bronze\industrials\v1_5\bls\ppi_detailed_reports\ppi-detailed-report-july-2023.xlsx,False
BLS_PPI_ARCHIVED_DETAILED_REPORT_XLSX,PPI_AS_RELEASED_VINTAGE,WPU117,2023-07,134.623,2023-09-14,2023-09-14T12:30:00+00:00,1,ab4916855f87fbb2837c4b9509a9518a11a2120ba7d4c0428414215a435bab02,SUBSEQUENT_PUBLICATION,True,2023-08,D:\Programming\python_example\ForecastTest\data-lake\bronze\industrials\v1_5\bls\ppi_detailed_reports\ppi-detailed-report-august-2023.xlsx,True
BLS_PPI_ARCHIVED_DETAILED_REPORT_XLSX,PPI_AS_RELEASED_VINTAGE,WPU117,2023-07,133.979,2023-10-11,2023-10-11T12:30:00+00:00,2,af361ce61b71e4562f7de2bd3702fa0117334e9a0170eef8893d852d9652727e,SUBSEQUENT_PUBLICATION,True,2023-09,D:\Programming\python_example\ForecastTest\data-lake\bronze\industrials\v1_5\bls\ppi_detailed_reports\ppi-detailed-report-september-2023.xlsx,True
BLS_PPI_ARCHIVED_DETAILED_REPORT_XLSX,PPI_AS_RELEASED_VINTAGE,WPU117,2023-07,134.013,2023-11-15,2023-11-15T13:30:00+00:00,3,d8274ecc9f5b83e06e54ac4cb8376fef44e6e4c77e389e727414d19d557381e4,SUBSEQUENT_PUBLICATION,True,2023-10,D:\Programming\python_example\ForecastTest\data-lake\bronze\industrials\v1_5\bls\ppi_detailed_reports\ppi-detailed-report-october-2023.xlsx,True
BLS_PPI_ARCHIVED_DETAILED_REPORT_XLSX,PPI_AS_RELEASED_VINTAGE,WPU117,2023-07,134.094,2023-12-13,2023-12-13T13:30:00+00:00,4,39b3ac396833790a657d26cf0f9b7e0576fea88619db619ca65c877dafe85d76,SUBSEQUENT_PUBLICATION,True,2023-11,D:\Programming\python_example\ForecastTest\data-lake\bronze\industrials\v1_5\bls\ppi_detailed_reports\ppi-detailed-report-november-2023.xlsx,True
BLS_PPI_ARCHIVED_DETAILED_REPORT_XLSX,PPI_AS_RELEASED_VINTAGE,WPU117,2023-08,134.945,2023-09-14,2023-09-14T12:30:00+00:00,0,ab4916855f87fbb2837c4b9509a9518a11a2120ba7d4c0428414215a435bab02,INITIAL_RELEASE,True,2023-08,D:\Programming\python_example\ForecastTest\data-lake\bronze\industrials\v1_5\bls\ppi_detailed_reports\ppi-detailed-report-august-2023.xlsx,False
BLS_PPI_ARCHIVED_DETAILED_REPORT_XLSX,PPI_AS_RELEASED_VINTAGE,WPU117,2023-08,134.26,2023-10-11,2023-10-11T12:30:00+00:00,1,af361ce61b71e4562f7de2bd3702fa0117334e9a0170eef8893d852d9652727e,SUBSEQUENT_PUBLICATION,True,2023-09,D:\Programming\python_example\ForecastTest\data-lake\bronze\industrials\v1_5\bls\ppi_detailed_reports\ppi-detailed-report-september-2023.xlsx,True
BLS_PPI_ARCHIVED_DETAILED_REPORT_XLSX,PPI_AS_RELEASED_VINTAGE,WPU117,2023-08,134.293,2023-11-15,2023-11-15T13:30:00+00:00,2,d8274ecc9f5b83e06e54ac4cb8376fef44e6e4c77e389e727414d19d557381e4,SUBSEQUENT_PUBLICATION,True,2023-10,D:\Programming\python_example\ForecastTest\data-lake\bronze\industrials\v1_5\bls\ppi_detailed_reports\ppi-detailed-report-october-2023.xlsx,True
BLS_PPI_ARCHIVED_DETAILED_REPORT_XLSX,PPI_AS_RELEASED_VINTAGE,WPU117,2023-08,134.361,2023-12-13,2023-12-13T13:30:00+00:00,3,39b3ac396833790a657d26cf0f9b7e0576fea88619db619ca65c877dafe85d76,SUBSEQUENT_PUBLICATION,True,2023-11,D:\Programming\python_example\ForecastTest\data-lake\bronze\industrials\v1_5\bls\ppi_detailed_reports\ppi-detailed-report-november-2023.xlsx,True
BLS_PPI_ARCHIVED_DETAILED_REPORT_XLSX,PPI_AS_RELEASED_VINTAGE,WPU117,2023-08,134.357,2024-01-12,2024-01-12T13:30:00+00:00,4,a9dcbf2af4f3af9fd547b824b03b6c3856dcf2bfb19da4da6fcf3d8ef68a79d3,SUBSEQUENT_PUBLICATION,True,2023-12,D:\Programming\python_example\ForecastTest\data-lake\bronze\industrials\v1_5\bls\ppi_detailed_reports\ppi-detailed-report-december-2023.xlsx,True
BLS_PPI_ARCHIVED_DETAILED_REPORT_XLSX,PPI_AS_RELEASED_VINTAGE,WPU117,2023-09,134.234,2023-10-11,2023-10-11T12:30:00+00:00,0,af361ce61b71e4562f7de2bd3702fa0117334e9a0170eef8893d852d9652727e,INITIAL_RELEASE,True,2023-09,D:\Programming\python_example\ForecastTest\data-lake\bronze\industrials\v1_5\bls\ppi_detailed_reports\ppi-detailed-report-september-2023.xlsx,False
BLS_PPI_ARCHIVED_DETAILED_REPORT_XLSX,PPI_AS_RELEASED_VINTAGE,WPU117,2023-09,134.262,2023-11-15,2023-11-15T13:30:00+00:00,1,d8274ecc9f5b83e06e54ac4cb8376fef44e6e4c77e389e727414d19d557381e4,SUBSEQUENT_PUBLICATION,True,2023-10,D:\Programming\python_example\ForecastTest\data-lake\bronze\industrials\v1_5\bls\ppi_detailed_reports\ppi-detailed-report-october-2023.xlsx,True
BLS_PPI_ARCHIVED_DETAILED_REPORT_XLSX,PPI_AS_RELEASED_VINTAGE,WPU117,2023-09,134.371,2023-12-13,2023-12-13T13:30:00+00:00,2,39b3ac396833790a657d26cf0f9b7e0576fea88619db619ca65c877dafe85d76,SUBSEQUENT_PUBLICATION,True,2023-11,D:\Programming\python_example\ForecastTest\data-lake\bronze\industrials\v1_5\bls\ppi_detailed_reports\ppi-detailed-report-november-2023.xlsx,True
BLS_PPI_ARCHIVED_DETAILED_REPORT_XLSX,PPI_AS_RELEASED_VINTAGE,WPU117,2023-09,134.366,2024-01-12,2024-01-12T13:30:00+00:00,3,a9dcbf2af4f3af9fd547b824b03b6c3856dcf2bfb19da4da6fcf3d8ef68a79d3,SUBSEQUENT_PUBLICATION,True,2023-12,D:\Programming\python_example\ForecastTest\data-lake\bronze\industrials\v1_5\bls\ppi_detailed_reports\ppi-detailed-report-december-2023.xlsx,True
BLS_PPI_ARCHIVED_DETAILED_REPORT_XLSX,PPI_AS_RELEASED_VINTAGE,WPU117,2023-09,134.518,2024-02-16,2024-02-16T13:30:00+00:00,4,85dfbbd26349b5ac4733938c870b4446b0101e3022b5fa3241e3820ac3201eb5,SUBSEQUENT_PUBLICATION,True,2024-01,D:\Programming\python_example\ForecastTest\data-lake\bronze\industrials\v1_5\bls\ppi_detailed_reports\ppi-detailed-report-january-2024.xlsx,True
BLS_PPI_ARCHIVED_DETAILED_REPORT_XLSX,PPI_AS_RELEASED_VINTAGE,WPU117,2023-10,134.366,2023-11-15,2023-11-15T13:30:00+00:00,0,d8274ecc9f5b83e06e54ac4cb8376fef44e6e4c77e389e727414d19d557381e4,INITIAL_RELEASE,True,2023-10,D:\Programming\python_example\ForecastTest\data-lake\bronze\industrials\v1_5\bls\ppi_detailed_reports\ppi-detailed-report-october-2023.xlsx,False
BLS_PPI_ARCHIVED_DETAILED_REPORT_XLSX,PPI_AS_RELEASED_VINTAGE,WPU117,2023-10,134.499,2023-12-13,2023-12-13T13:30:00+00:00,1,39b3ac396833790a657d26cf0f9b7e0576fea88619db619ca65c877dafe85d76,SUBSEQUENT_PUBLICATION,True,2023-11,D:\Programming\python_example\ForecastTest\data-lake\bronze\industrials\v1_5\bls\ppi_detailed_reports\ppi-detailed-report-november-2023.xlsx,True
BLS_PPI_ARCHIVED_DETAILED_REPORT_XLSX,PPI_AS_RELEASED_VINTAGE,WPU117,2023-10,134.47,2024-01-12,2024-01-12T13:30:00+00:00,2,a9dcbf2af4f3af9fd547b824b03b6c3856dcf2bfb19da4da6fcf3d8ef68a79d3,SUBSEQUENT_PUBLICATION,True,2023-12,D:\Programming\python_example\ForecastTest\data-lake\bronze\industrials\v1_5\bls\ppi_detailed_reports\ppi-detailed-report-december-2023.xlsx,True
BLS_PPI_ARCHIVED_DETAILED_REPORT_XLSX,PPI_AS_RELEASED_VINTAGE,WPU117,2023-10,134.634,2024-02-16,2024-02-16T13:30:00+00:00,3,85dfbbd26349b5ac4733938c870b4446b0101e3022b5fa3241e3820ac3201eb5,SUBSEQUENT_PUBLICATION,True,2024-01,D:\Programming\python_example\ForecastTest\data-lake\bronze\industrials\v1_5\bls\ppi_detailed_reports\ppi-detailed-report-january-2024.xlsx,True
BLS_PPI_ARCHIVED_DETAILED_REPORT_XLSX,PPI_AS_RELEASED_VINTAGE,WPU117,2023-10,134.645,2024-03-14,2024-03-14T12:30:00+00:00,4,712ef199314b0b8da4fef7fcdc6910571ac1a79ff56a3c1deb5312ce72969a4c,SUBSEQUENT_PUBLICATION,True,2024-02,D:\Programming\python_example\ForecastTest\data-lake\bronze\industrials\v1_5\bls\ppi_detailed_reports\ppi-detailed-report-february-2024.xlsx,True
BLS_PPI_ARCHIVED_DETAILED_REPORT_XLSX,PPI_AS_RELEASED_VINTAGE,WPU117,2023-11,134.74,2023-12-13,2023-12-13T13:30:00+00:00,0,39b3ac396833790a657d26cf0f9b7e0576fea88619db619ca65c877dafe85d76,INITIAL_RELEASE,True,2023-11,D:\Programming\python_example\ForecastTest\data-lake\bronze\industrials\v1_5\bls\ppi_detailed_reports\ppi-detailed-report-november-2023.xlsx,False
BLS_PPI_ARCHIVED_DETAILED_REPORT_XLSX,PPI_AS_RELEASED_VINTAGE,WPU117,2023-11,134.601,2024-01-12,2024-01-12T13:30:00+00:00,1,a9dcbf2af4f3af9fd547b824b03b6c3856dcf2bfb19da4da6fcf3d8ef68a79d3,SUBSEQUENT_PUBLICATION,True,2023-12,D:\Programming\python_example\ForecastTest\data-lake\bronze\industrials\v1_5\bls\ppi_detailed_reports\ppi-detailed-report-december-2023.xlsx,True
BLS_PPI_ARCHIVED_DETAILED_REPORT_XLSX,PPI_AS_RELEASED_VINTAGE,WPU117,2023-11,134.842,2024-02-16,2024-02-16T13:30:00+00:00,2,85dfbbd26349b5ac4733938c870b4446b0101e3022b5fa3241e3820ac3201eb5,SUBSEQUENT_PUBLICATION,True,2024-01,D:\Programming\python_example\ForecastTest\data-lake\bronze\industrials\v1_5\bls\ppi_detailed_reports\ppi-detailed-report-january-2024.xlsx,True
BLS_PPI_ARCHIVED_DETAILED_REPORT_XLSX,PPI_AS_RELEASED_VINTAGE,WPU117,2023-11,134.863,2024-03-14,2024-03-14T12:30:00+00:00,3,712ef199314b0b8da4fef7fcdc6910571ac1a79ff56a3c1deb5312ce72969a4c,SUBSEQUENT_PUBLICATION,True,2024-02,D:\Programming\python_example\ForecastTest\data-lake\bronze\industrials\v1_5\bls\ppi_detailed_reports\ppi-detailed-report-february-2024.xlsx,True
BLS_PPI_ARCHIVED_DETAILED_REPORT_XLSX,PPI_AS_RELEASED_VINTAGE,WPU117,2023-11,134.879,2024-04-11,2024-04-11T12:30:00+00:00,4,c3c9f4d66951acd1f403d494a508924bef8e1a60e80097360bfb6cc1e38a57c4,SUBSEQUENT_PUBLICATION,True,2024-03,D:\Programming\python_example\ForecastTest\data-lake\bronze\industrials\v1_5\bls\ppi_detailed_reports\ppi-detailed-report-march-2024.xlsx,True
BLS_PPI_ARCHIVED_DETAILED_REPORT_XLSX,PPI_AS_RELEASED_VINTAGE,WPU117,2023-12,134.611,2024-01-12,2024-01-12T13:30:00+00:00,0,a9dcbf2af4f3af9fd547b824b03b6c3856dcf2bfb19da4da6fcf3d8ef68a79d3,INITIAL_RELEASE,True,2023-12,D:\Programming\python_example\ForecastTest\data-lake\bronze\industrials\v1_5\bls\ppi_detailed_reports\ppi-detailed-report-december-2023.xlsx,False
BLS_PPI_ARCHIVED_DETAILED_REPORT_XLSX,PPI_AS_RELEASED_VINTAGE,WPU117,2023-12,134.863,2024-02-16,2024-02-16T13:30:00+00:00,1,85dfbbd26349b5ac4733938c870b4446b0101e3022b5fa3241e3820ac3201eb5,SUBSEQUENT_PUBLICATION,True,2024-01,D:\Programming\python_example\ForecastTest\data-lake\bronze\industrials\v1_5\bls\ppi_detailed_reports\ppi-detailed-report-january-2024.xlsx,True
BLS_PPI_ARCHIVED_DETAILED_REPORT_XLSX,PPI_AS_RELEASED_VINTAGE,WPU117,2023-12,134.869,2024-03-14,2024-03-14T12:30:00+00:00,2,712ef199314b0b8da4fef7fcdc6910571ac1a79ff56a3c1deb5312ce72969a4c,SUBSEQUENT_PUBLICATION,True,2024-02,D:\Programming\python_example\ForecastTest\data-lake\bronze\industrials\v1_5\bls\ppi_detailed_reports\ppi-detailed-report-february-2024.xlsx,True
BLS_PPI_ARCHIVED_DETAILED_REPORT_XLSX,PPI_AS_RELEASED_VINTAGE,WPU117,2023-12,134.879,2024-04-11,2024-04-11T12:30:00+00:00,3,c3c9f4d66951acd1f403d494a508924bef8e1a60e80097360bfb6cc1e38a57c4,SUBSEQUENT_PUBLICATION,True,2024-03,D:\Programming\python_example\ForecastTest\data-lake\bronze\industrials\v1_5\bls\ppi_detailed_reports\ppi-detailed-report-march-2024.xlsx,True
BLS_PPI_ARCHIVED_DETAILED_REPORT_XLSX,PPI_AS_RELEASED_VINTAGE,WPU117,2023-12,134.879,2024-05-14,2024-05-14T12:30:00+00:00,4,d6e4a8b49906b7ecc8701547fae82f1cded20402aaac3f7cb0364014af7f559a,SUBSEQUENT_PUBLICATION,True,2024-04,D:\Programming\python_example\ForecastTest\data-lake\bronze\industrials\v1_5\bls\ppi_detailed_reports\ppi-detailed-report-april-2024.xlsx,False
BLS_PPI_ARCHIVED_DETAILED_REPORT_XLSX,PPI_AS_RELEASED_VINTAGE,WPU117,2024-01,136.498,2024-02-16,2024-02-16T13:30:00+00:00,0,85dfbbd26349b5ac4733938c870b4446b0101e3022b5fa3241e3820ac3201eb5,INITIAL_RELEASE,True,2024-01,D:\Programming\python_example\ForecastTest\data-lake\bronze\industrials\v1_5\bls\ppi_detailed_reports\ppi-detailed-report-january-2024.xlsx,False
BLS_PPI_ARCHIVED_DETAILED_REPORT_XLSX,PPI_AS_RELEASED_VINTAGE,WPU117,2024-01,136.499,2024-03-14,2024-03-14T12:30:00+00:00,1,712ef199314b0b8da4fef7fcdc6910571ac1a79ff56a3c1deb5312ce72969a4c,SUBSEQUENT_PUBLICATION,True,2024-02,D:\Programming\python_example\ForecastTest\data-lake\bronze\industrials\v1_5\bls\ppi_detailed_reports\ppi-detailed-report-february-2024.xlsx,False
BLS_PPI_ARCHIVED_DETAILED_REPORT_XLSX,PPI_AS_RELEASED_VINTAGE,WPU117,2024-01,136.418,2024-04-11,2024-04-11T12:30:00+00:00,2,c3c9f4d66951acd1f403d494a508924bef8e1a60e80097360bfb6cc1e38a57c4,SUBSEQUENT_PUBLICATION,True,2024-03,D:\Programming\python_example\ForecastTest\data-lake\bronze\industrials\v1_5\bls\ppi_detailed_reports\ppi-detailed-report-march-2024.xlsx,True
BLS_PPI_ARCHIVED_DETAILED_REPORT_XLSX,PPI_AS_RELEASED_VINTAGE,WPU117,2024-01,136.403,2024-05-14,2024-05-14T12:30:00+00:00,3,d6e4a8b49906b7ecc8701547fae82f1cded20402aaac3f7cb0364014af7f559a,SUBSEQUENT_PUBLICATION,True,2024-04,D:\Programming\python_example\ForecastTest\data-lake\bronze\industrials\v1_5\bls\ppi_detailed_reports\ppi-detailed-report-april-2024.xlsx,True
BLS_PPI_ARCHIVED_DETAILED_REPORT_XLSX,PPI_AS_RELEASED_VINTAGE,WPU117,2024-01,136.386,2024-06-13,2024-06-13T12:30:00+00:00,4,be7202915b3545cf08d4f4b571515a43e4ca0ee0239bd9e138bb2bd0fcfea517,SUBSEQUENT_PUBLICATION,True,2024-05,D:\Programming\python_example\ForecastTest\data-lake\bronze\industrials\v1_5\bls\ppi_detailed_reports\ppi-detailed-report-may-2024.xlsx,True
BLS_PPI_ARCHIVED_DETAILED_REPORT_XLSX,PPI_AS_RELEASED_VINTAGE,WPU117,2024-02,136.759,2024-03-14,2024-03-14T12:30:00+00:00,0,712ef199314b0b8da4fef7fcdc6910571ac1a79ff56a3c1deb5312ce72969a4c,INITIAL_RELEASE,True,2024-02,D:\Programming\python_example\ForecastTest\data-lake\bronze\industrials\v1_5\bls\ppi_detailed_reports\ppi-detailed-report-february-2024.xlsx,False
BLS_PPI_ARCHIVED_DETAILED_REPORT_XLSX,PPI_AS_RELEASED_VINTAGE,WPU117,2024-02,136.643,2024-04-11,2024-04-11T12:30:00+00:00,1,c3c9f4d66951acd1f403d494a508924bef8e1a60e80097360bfb6cc1e38a57c4,SUBSEQUENT_PUBLICATION,True,2024-03,D:\Programming\python_example\ForecastTest\data-lake\bronze\industrials\v1_5\bls\ppi_detailed_reports\ppi-detailed-report-march-2024.xlsx,True
BLS_PPI_ARCHIVED_DETAILED_REPORT_XLSX,PPI_AS_RELEASED_VINTAGE,WPU117,2024-02,136.757,2024-05-14,2024-05-14T12:30:00+00:00,2,d6e4a8b49906b7ecc8701547fae82f1cded20402aaac3f7cb0364014af7f559a,SUBSEQUENT_PUBLICATION,True,2024-04,D:\Programming\python_example\ForecastTest\data-lake\bronze\industrials\v1_5\bls\ppi_detailed_reports\ppi-detailed-report-april-2024.xlsx,True
BLS_PPI_ARCHIVED_DETAILED_REPORT_XLSX,PPI_AS_RELEASED_VINTAGE,WPU117,2024-02,136.743,2024-06-13,2024-06-13T12:30:00+00:00,3,be7202915b3545cf08d4f4b571515a43e4ca0ee0239bd9e138bb2bd0fcfea517,SUBSEQUENT_PUBLICATION,True,2024-05,D:\Programming\python_example\ForecastTest\data-lake\bronze\industrials\v1_5\bls\ppi_detailed_reports\ppi-detailed-report-may-2024.xlsx,True
BLS_PPI_ARCHIVED_DETAILED_REPORT_XLSX,PPI_AS_RELEASED_VINTAGE,WPU117,2024-02,136.762,2024-07-12,2024-07-12T12:30:00+00:00,4,8eaaf8cd7eefb875e7d59c29aa28db9460a963ae145625d66f89f2e58f2d1b63,SUBSEQUENT_PUBLICATION,True,2024-06,D:\Programming\python_example\ForecastTest\data-lake\bronze\industrials\v1_5\bls\ppi_detailed_reports\ppi-detailed-report-june-2024.xlsx,True
BLS_PPI_ARCHIVED_DETAILED_REPORT_XLSX,PPI_AS_RELEASED_VINTAGE,WPU117,2024-03,137.121,2024-04-11,2024-04-11T12:30:00+00:00,0,c3c9f4d66951acd1f403d494a508924bef8e1a60e80097360bfb6cc1e38a57c4,INITIAL_RELEASE,True,2024-03,D:\Programming\python_example\ForecastTest\data-lake\bronze\industrials\v1_5\bls\ppi_detailed_reports\ppi-detailed-report-march-2024.xlsx,False
BLS_PPI_ARCHIVED_DETAILED_REPORT_XLSX,PPI_AS_RELEASED_VINTAGE,WPU117,2024-03,137.014,2024-05-14,2024-05-14T12:30:00+00:00,1,d6e4a8b49906b7ecc8701547fae82f1cded20402aaac3f7cb0364014af7f559a,SUBSEQUENT_PUBLICATION,True,2024-04,D:\Programming\python_example\ForecastTest\data-lake\bronze\industrials\v1_5\bls\ppi_detailed_reports\ppi-detailed-report-april-2024.xlsx,True
BLS_PPI_ARCHIVED_DETAILED_REPORT_XLSX,PPI_AS_RELEASED_VINTAGE,WPU117,2024-03,137.001,2024-06-13,2024-06-13T12:30:00+00:00,2,be7202915b3545cf08d4f4b571515a43e4ca0ee0239bd9e138bb2bd0fcfea517,SUBSEQUENT_PUBLICATION,True,2024-05,D:\Programming\python_example\ForecastTest\data-lake\bronze\industrials\v1_5\bls\ppi_detailed_reports\ppi-detailed-report-may-2024.xlsx,True
BLS_PPI_ARCHIVED_DETAILED_REPORT_XLSX,PPI_AS_RELEASED_VINTAGE,WPU117,2024-03,137.018,2024-07-12,2024-07-12T12:30:00+00:00,3,8eaaf8cd7eefb875e7d59c29aa28db9460a963ae145625d66f89f2e58f2d1b63,SUBSEQUENT_PUBLICATION,True,2024-06,D:\Programming\python_example\ForecastTest\data-lake\bronze\industrials\v1_5\bls\ppi_detailed_reports\ppi-detailed-report-june-2024.xlsx,True
BLS_PPI_ARCHIVED_DETAILED_REPORT_XLSX,PPI_AS_RELEASED_VINTAGE,WPU117,2024-03,137.011,2024-08-13,2024-08-13T12:30:00+00:00,4,b2310fc2f2a8768eb9b4cdbcfe2c3fa150618d02da750bbccd5e9d4210c77658,SUBSEQUENT_PUBLICATION,True,2024-07,D:\Programming\python_example\ForecastTest\data-lake\bronze\industrials\v1_5\bls\ppi_detailed_reports\ppi-detailed-report-july-2024.xlsx,True
BLS_PPI_ARCHIVED_DETAILED_REPORT_XLSX,PPI_AS_RELEASED_VINTAGE,WPU117,2024-04,137.217,2024-05-14,2024-05-14T12:30:00+00:00,0,d6e4a8b49906b7ecc8701547fae82f1cded20402aaac3f7cb0364014af7f559a,INITIAL_RELEASE,True,2024-04,D:\Programming\python_example\ForecastTest\data-lake\bronze\industrials\v1_5\bls\ppi_detailed_reports\ppi-detailed-report-april-2024.xlsx,False
BLS_PPI_ARCHIVED_DETAILED_REPORT_XLSX,PPI_AS_RELEASED_VINTAGE,WPU117,2024-04,137.108,2024-06-13,2024-06-13T12:30:00+00:00,1,be7202915b3545cf08d4f4b571515a43e4ca0ee0239bd9e138bb2bd0fcfea517,SUBSEQUENT_PUBLICATION,True,2024-05,D:\Programming\python_example\ForecastTest\data-lake\bronze\industrials\v1_5\bls\ppi_detailed_reports\ppi-detailed-report-may-2024.xlsx,True
BLS_PPI_ARCHIVED_DETAILED_REPORT_XLSX,PPI_AS_RELEASED_VINTAGE,WPU117,2024-04,137.135,2024-07-12,2024-07-12T12:30:00+00:00,2,8eaaf8cd7eefb875e7d59c29aa28db9460a963ae145625d66f89f2e58f2d1b63,SUBSEQUENT_PUBLICATION,True,2024-06,D:\Programming\python_example\ForecastTest\data-lake\bronze\industrials\v1_5\bls\ppi_detailed_reports\ppi-detailed-report-june-2024.xlsx,True
BLS_PPI_ARCHIVED_DETAILED_REPORT_XLSX,PPI_AS_RELEASED_VINTAGE,WPU117,2024-04,137.125,2024-08-13,2024-08-13T12:30:00+00:00,3,b2310fc2f2a8768eb9b4cdbcfe2c3fa150618d02da750bbccd5e9d4210c77658,SUBSEQUENT_PUBLICATION,True,2024-07,D:\Programming\python_example\ForecastTest\data-lake\bronze\industrials\v1_5\bls\ppi_detailed_reports\ppi-detailed-report-july-2024.xlsx,True
BLS_PPI_ARCHIVED_DETAILED_REPORT_XLSX,PPI_AS_RELEASED_VINTAGE,WPU117,2024-04,137.132,2024-09-12,2024-09-12T12:30:00+00:00,4,713cea4beabca9f3d121ececd99a3aba4ef5a9065c7b14f6fea32acf89152bd6,SUBSEQUENT_PUBLICATION,True,2024-08,D:\Programming\python_example\ForecastTest\data-lake\bronze\industrials\v1_5\bls\ppi_detailed_reports\ppi-detailed-report-august-2024.xlsx,True
BLS_PPI_ARCHIVED_DETAILED_REPORT_XLSX,PPI_AS_RELEASED_VINTAGE,WPU117,2024-05,136.898,2024-06-13,2024-06-13T12:30:00+00:00,0,be7202915b3545cf08d4f4b571515a43e4ca0ee0239bd9e138bb2bd0fcfea517,INITIAL_RELEASE,True,2024-05,D:\Programming\python_example\ForecastTest\data-lake\bronze\industrials\v1_5\bls\ppi_detailed_reports\ppi-detailed-report-may-2024.xlsx,False
BLS_PPI_ARCHIVED_DETAILED_REPORT_XLSX,PPI_AS_RELEASED_VINTAGE,WPU117,2024-05,137.183,2024-07-12,2024-07-12T12:30:00+00:00,1,8eaaf8cd7eefb875e7d59c29aa28db9460a963ae145625d66f89f2e58f2d1b63,SUBSEQUENT_PUBLICATION,True,2024-06,D:\Programming\python_example\ForecastTest\data-lake\bronze\industrials\v1_5\bls\ppi_detailed_reports\ppi-detailed-report-june-2024.xlsx,True
BLS_PPI_ARCHIVED_DETAILED_REPORT_XLSX,PPI_AS_RELEASED_VINTAGE,WPU117,2024-05,137.195,2024-08-13,2024-08-13T12:30:00+00:00,2,b2310fc2f2a8768eb9b4cdbcfe2c3fa150618d02da750bbccd5e9d4210c77658,SUBSEQUENT_PUBLICATION,True,2024-07,D:\Programming\python_example\ForecastTest\data-lake\bronze\industrials\v1_5\bls\ppi_detailed_reports\ppi-detailed-report-july-2024.xlsx,True
BLS_PPI_ARCHIVED_DETAILED_REPORT_XLSX,PPI_AS_RELEASED_VINTAGE,WPU117,2024-05,137.209,2024-09-12,2024-09-12T12:30:00+00:00,3,713cea4beabca9f3d121ececd99a3aba4ef5a9065c7b14f6fea32acf89152bd6,SUBSEQUENT_PUBLICATION,True,2024-08,D:\Programming\python_example\ForecastTest\data-lake\bronze\industrials\v1_5\bls\ppi_detailed_reports\ppi-detailed-report-august-2024.xlsx,True
BLS_PPI_ARCHIVED_DETAILED_REPORT_XLSX,PPI_AS_RELEASED_VINTAGE,WPU117,2024-05,137.305,2024-10-11,2024-10-11T12:30:00+00:00,4,ba18db08f7a057be631caab5bf8e6312b62d947dd5dbe2685f968ab3bf8a6915,SUBSEQUENT_PUBLICATION,True,2024-09,D:\Programming\python_example\ForecastTest\data-lake\bronze\industrials\v1_5\bls\ppi_detailed_reports\ppi-detailed-report-september-2024.xlsx,True
BLS_PPI_ARCHIVED_DETAILED_REPORT_XLSX,PPI_AS_RELEASED_VINTAGE,WPU117,2024-06,137.129,2024-07-12,2024-07-12T12:30:00+00:00,0,8eaaf8cd7eefb875e7d59c29aa28db9460a963ae145625d66f89f2e58f2d1b63,INITIAL_RELEASE,True,2024-06,D:\Programming\python_example\ForecastTest\data-lake\bronze\industrials\v1_5\bls\ppi_detailed_reports\ppi-detailed-report-june-2024.xlsx,False
BLS_PPI_ARCHIVED_DETAILED_REPORT_XLSX,PPI_AS_RELEASED_VINTAGE,WPU117,2024-06,137.154,2024-08-13,2024-08-13T12:30:00+00:00,1,b2310fc2f2a8768eb9b4cdbcfe2c3fa150618d02da750bbccd5e9d4210c77658,SUBSEQUENT_PUBLICATION,True,2024-07,D:\Programming\python_example\ForecastTest\data-lake\bronze\industrials\v1_5\bls\ppi_detailed_reports\ppi-detailed-report-july-2024.xlsx,True
BLS_PPI_ARCHIVED_DETAILED_REPORT_XLSX,PPI_AS_RELEASED_VINTAGE,WPU117,2024-06,137.245,2024-09-12,2024-09-12T12:30:00+00:00,2,713cea4beabca9f3d121ececd99a3aba4ef5a9065c7b14f6fea32acf89152bd6,SUBSEQUENT_PUBLICATION,True,2024-08,D:\Programming\python_example\ForecastTest\data-lake\bronze\industrials\v1_5\bls\ppi_detailed_reports\ppi-detailed-report-august-2024.xlsx,True
BLS_PPI_ARCHIVED_DETAILED_REPORT_XLSX,PPI_AS_RELEASED_VINTAGE,WPU117,2024-06,137.55,2024-10-11,2024-10-11T12:30:00+00:00,3,ba18db08f7a057be631caab5bf8e6312b62d947dd5dbe2685f968ab3bf8a6915,SUBSEQUENT_PUBLICATION,True,2024-09,D:\Programming\python_example\ForecastTest\data-lake\bronze\industrials\v1_5\bls\ppi_detailed_reports\ppi-detailed-report-september-2024.xlsx,True
BLS_PPI_ARCHIVED_DETAILED_REPORT_XLSX,PPI_AS_RELEASED_VINTAGE,WPU117,2024-06,137.54,2024-11-14,2024-11-14T13:30:00+00:00,4,3628bbcb5f41d0ff242c3ab4009ab1b4b2df4d8a465ca2d7e4c7ace5c950e492,SUBSEQUENT_PUBLICATION,True,2024-10,D:\Programming\python_example\ForecastTest\data-lake\bronze\industrials\v1_5\bls\ppi_detailed_reports\ppi-detailed-report-october-2024.xlsx,True
BLS_PPI_ARCHIVED_DETAILED_REPORT_XLSX,PPI_AS_RELEASED_VINTAGE,WPU117,2024-07,137.263,2024-08-13,2024-08-13T12:30:00+00:00,0,b2310fc2f2a8768eb9b4cdbcfe2c3fa150618d02da750bbccd5e9d4210c77658,INITIAL_RELEASE,True,2024-07,D:\Programming\python_example\ForecastTest\data-lake\bronze\industrials\v1_5\bls\ppi_detailed_reports\ppi-detailed-report-july-2024.xlsx,False
BLS_PPI_ARCHIVED_DETAILED_REPORT_XLSX,PPI_AS_RELEASED_VINTAGE,WPU117,2024-07,137.062,2024-09-12,2024-09-12T12:30:00+00:00,1,713cea4beabca9f3d121ececd99a3aba4ef5a9065c7b14f6fea32acf89152bd6,SUBSEQUENT_PUBLICATION,True,2024-08,D:\Programming\python_example\ForecastTest\data-lake\bronze\industrials\v1_5\bls\ppi_detailed_reports\ppi-detailed-report-august-2024.xlsx,True
BLS_PPI_ARCHIVED_DETAILED_REPORT_XLSX,PPI_AS_RELEASED_VINTAGE,WPU117,2024-07,137.35,2024-10-11,2024-10-11T12:30:00+00:00,2,ba18db08f7a057be631caab5bf8e6312b62d947dd5dbe2685f968ab3bf8a6915,SUBSEQUENT_PUBLICATION,True,2024-09,D:\Programming\python_example\ForecastTest\data-lake\bronze\industrials\v1_5\bls\ppi_detailed_reports\ppi-detailed-report-september-2024.xlsx,True
BLS_PPI_ARCHIVED_DETAILED_REPORT_XLSX,PPI_AS_RELEASED_VINTAGE,WPU117,2024-07,137.336,2024-11-14,2024-11-14T13:30:00+00:00,3,3628bbcb5f41d0ff242c3ab4009ab1b4b2df4d8a465ca2d7e4c7ace5c950e492,SUBSEQUENT_PUBLICATION,True,2024-10,D:\Programming\python_example\ForecastTest\data-lake\bronze\industrials\v1_5\bls\ppi_detailed_reports\ppi-detailed-report-october-2024.xlsx,True
BLS_PPI_ARCHIVED_DETAILED_REPORT_XLSX,PPI_AS_RELEASED_VINTAGE,WPU117,2024-07,137.351,2024-12-12,2024-12-12T13:30:00+00:00,4,086d5eda715c4cc5f0aeed6ff27ad11177ed4b234fa124405c57d2896877e444,SUBSEQUENT_PUBLICATION,True,2024-11,D:\Programming\python_example\ForecastTest\data-lake\bronze\industrials\v1_5\bls\ppi_detailed_reports\ppi-detailed-report-november-2024.xlsx,True
BLS_PPI_ARCHIVED_DETAILED_REPORT_XLSX,PPI_AS_RELEASED_VINTAGE,WPU117,2024-08,136.915,2024-09-12,2024-09-12T12:30:00+00:00,0,713cea4beabca9f3d121ececd99a3aba4ef5a9065c7b14f6fea32acf89152bd6,INITIAL_RELEASE,True,2024-08,D:\Programming\python_example\ForecastTest\data-lake\bronze\industrials\v1_5\bls\ppi_detailed_reports\ppi-detailed-report-august-2024.xlsx,False
BLS_PPI_ARCHIVED_DETAILED_REPORT_XLSX,PPI_AS_RELEASED_VINTAGE,WPU117,2024-08,137.255,2024-10-11,2024-10-11T12:30:00+00:00,1,ba18db08f7a057be631caab5bf8e6312b62d947dd5dbe2685f968ab3bf8a6915,SUBSEQUENT_PUBLICATION,True,2024-09,D:\Programming\python_example\ForecastTest\data-lake\bronze\industrials\v1_5\bls\ppi_detailed_reports\ppi-detailed-report-september-2024.xlsx,True
BLS_PPI_ARCHIVED_DETAILED_REPORT_XLSX,PPI_AS_RELEASED_VINTAGE,WPU117,2024-08,137.247,2024-11-14,2024-11-14T13:30:00+00:00,2,3628bbcb5f41d0ff242c3ab4009ab1b4b2df4d8a465ca2d7e4c7ace5c950e492,SUBSEQUENT_PUBLICATION,True,2024-10,D:\Programming\python_example\ForecastTest\data-lake\bronze\industrials\v1_5\bls\ppi_detailed_reports\ppi-detailed-report-october-2024.xlsx,True
BLS_PPI_ARCHIVED_DETAILED_REPORT_XLSX,PPI_AS_RELEASED_VINTAGE,WPU117,2024-08,137.271,2024-12-12,2024-12-12T13:30:00+00:00,3,086d5eda715c4cc5f0aeed6ff27ad11177ed4b234fa124405c57d2896877e444,SUBSEQUENT_PUBLICATION,True,2024-11,D:\Programming\python_example\ForecastTest\data-lake\bronze\industrials\v1_5\bls\ppi_detailed_reports\ppi-detailed-report-november-2024.xlsx,True
BLS_PPI_ARCHIVED_DETAILED_REPORT_XLSX,PPI_AS_RELEASED_VINTAGE,WPU117,2024-08,137.444,2025-01-14,2025-01-14T13:30:00+00:00,4,ac676c86586db5717a51452661bfbf6b1f2a9d9a8280db6370e19256d09f3717,SUBSEQUENT_PUBLICATION,True,2024-12,D:\Programming\python_example\ForecastTest\data-lake\bronze\industrials\v1_5\bls\ppi_detailed_reports\ppi-detailed-report-december-2024.xlsx,True
BLS_PPI_ARCHIVED_DETAILED_REPORT_XLSX,PPI_AS_RELEASED_VINTAGE,WPU117,2024-09,137.569,2024-10-11,2024-10-11T12:30:00+00:00,0,ba18db08f7a057be631caab5bf8e6312b62d947dd5dbe2685f968ab3bf8a6915,INITIAL_RELEASE,True,2024-09,D:\Programming\python_example\ForecastTest\data-lake\bronze\industrials\v1_5\bls\ppi_detailed_reports\ppi-detailed-report-september-2024.xlsx,False
BLS_PPI_ARCHIVED_DETAILED_REPORT_XLSX,PPI_AS_RELEASED_VINTAGE,WPU117,2024-09,137.508,2024-11-14,2024-11-14T13:30:00+00:00,1,3628bbcb5f41d0ff242c3ab4009ab1b4b2df4d8a465ca2d7e4c7ace5c950e492,SUBSEQUENT_PUBLICATION,True,2024-10,D:\Programming\python_example\ForecastTest\data-lake\bronze\industrials\v1_5\bls\ppi_detailed_reports\ppi-detailed-report-october-2024.xlsx,True
BLS_PPI_ARCHIVED_DETAILED_REPORT_XLSX,PPI_AS_RELEASED_VINTAGE,WPU117,2024-09,137.535,2024-12-12,2024-12-12T13:30:00+00:00,2,086d5eda715c4cc5f0aeed6ff27ad11177ed4b234fa124405c57d2896877e444,SUBSEQUENT_PUBLICATION,True,2024-11,D:\Programming\python_example\ForecastTest\data-lake\bronze\industrials\v1_5\bls\ppi_detailed_reports\ppi-detailed-report-november-2024.xlsx,True
BLS_PPI_ARCHIVED_DETAILED_REPORT_XLSX,PPI_AS_RELEASED_VINTAGE,WPU117,2024-09,137.725,2025-01-14,2025-01-14T13:30:00+00:00,3,ac676c86586db5717a51452661bfbf6b1f2a9d9a8280db6370e19256d09f3717,SUBSEQUENT_PUBLICATION,True,2024-12,D:\Programming\python_example\ForecastTest\data-lake\bronze\industrials\v1_5\bls\ppi_detailed_reports\ppi-detailed-report-december-2024.xlsx,True
BLS_PPI_ARCHIVED_DETAILED_REPORT_XLSX,PPI_AS_RELEASED_VINTAGE,WPU117,2024-09,137.724,2025-02-13,2025-02-13T13:30:00+00:00,4,c6101c92fb37efa6db99ea1532255026099bf805eaaafc706844b6c6ae18a5c2,SUBSEQUENT_PUBLICATION,True,2025-01,D:\Programming\python_example\ForecastTest\data-lake\bronze\industrials\v1_5\bls\ppi_detailed_reports\ppi-detailed-report-january-2025.xlsx,False
BLS_PPI_ARCHIVED_DETAILED_REPORT_XLSX,PPI_AS_RELEASED_VINTAGE,WPU117,2024-10,137.9,2024-11-14,2024-11-14T13:30:00+00:00,0,3628bbcb5f41d0ff242c3ab4009ab1b4b2df4d8a465ca2d7e4c7ace5c950e492,INITIAL_RELEASE,True,2024-10,D:\Programming\python_example\ForecastTest\data-lake\bronze\industrials\v1_5\bls\ppi_detailed_reports\ppi-detailed-report-october-2024.xlsx,False
BLS_PPI_ARCHIVED_DETAILED_REPORT_XLSX,PPI_AS_RELEASED_VINTAGE,WPU117,2024-10,137.785,2024-12-12,2024-12-12T13:30:00+00:00,1,086d5eda715c4cc5f0aeed6ff27ad11177ed4b234fa124405c57d2896877e444,SUBSEQUENT_PUBLICATION,True,2024-11,D:\Programming\python_example\ForecastTest\data-lake\bronze\industrials\v1_5\bls\ppi_detailed_reports\ppi-detailed-report-november-2024.xlsx,True
BLS_PPI_ARCHIVED_DETAILED_REPORT_XLSX,PPI_AS_RELEASED_VINTAGE,WPU117,2024-10,137.947,2025-01-14,2025-01-14T13:30:00+00:00,2,ac676c86586db5717a51452661bfbf6b1f2a9d9a8280db6370e19256d09f3717,SUBSEQUENT_PUBLICATION,True,2024-12,D:\Programming\python_example\ForecastTest\data-lake\bronze\industrials\v1_5\bls\ppi_detailed_reports\ppi-detailed-report-december-2024.xlsx,True
BLS_PPI_ARCHIVED_DETAILED_REPORT_XLSX,PPI_AS_RELEASED_VINTAGE,WPU117,2024-10,137.949,2025-02-13,2025-02-13T13:30:00+00:00,3,c6101c92fb37efa6db99ea1532255026099bf805eaaafc706844b6c6ae18a5c2,SUBSEQUENT_PUBLICATION,True,2025-01,D:\Programming\python_example\ForecastTest\data-lake\bronze\industrials\v1_5\bls\ppi_detailed_reports\ppi-detailed-report-january-2025.xlsx,True
BLS_PPI_ARCHIVED_DETAILED_REPORT_XLSX,PPI_AS_RELEASED_VINTAGE,WPU117,2024-10,137.945,2025-03-13,2025-03-13T12:30:00+00:00,4,f3b0ea8bb6e999d51e398066fc58c77d8facbdc50647cadb51239f99b0b08563,SUBSEQUENT_PUBLICATION,True,2025-02,D:\Programming\python_example\ForecastTest\data-lake\bronze\industrials\v1_5\bls\ppi_detailed_reports\ppi-detailed-report-february-2025.xlsx,True
BLS_PPI_ARCHIVED_DETAILED_REPORT_XLSX,PPI_AS_RELEASED_VINTAGE,WPU117,2024-11,138.118,2024-12-12,2024-12-12T13:30:00+00:00,0,086d5eda715c4cc5f0aeed6ff27ad11177ed4b234fa124405c57d2896877e444,INITIAL_RELEASE,True,2024-11,D:\Programming\python_example\ForecastTest\data-lake\bronze\industrials\v1_5\bls\ppi_detailed_reports\ppi-detailed-report-november-2024.xlsx,False
BLS_PPI_ARCHIVED_DETAILED_REPORT_XLSX,PPI_AS_RELEASED_VINTAGE,WPU117,2024-11,138.6,2025-01-14,2025-01-14T13:30:00+00:00,1,ac676c86586db5717a51452661bfbf6b1f2a9d9a8280db6370e19256d09f3717,SUBSEQUENT_PUBLICATION,True,2024-12,D:\Programming\python_example\ForecastTest\data-lake\bronze\industrials\v1_5\bls\ppi_detailed_reports\ppi-detailed-report-december-2024.xlsx,True
BLS_PPI_ARCHIVED_DETAILED_REPORT_XLSX,PPI_AS_RELEASED_VINTAGE,WPU117,2024-11,138.602,2025-02-13,2025-02-13T13:30:00+00:00,2,c6101c92fb37efa6db99ea1532255026099bf805eaaafc706844b6c6ae18a5c2,SUBSEQUENT_PUBLICATION,True,2025-01,D:\Programming\python_example\ForecastTest\data-lake\bronze\industrials\v1_5\bls\ppi_detailed_reports\ppi-detailed-report-january-2025.xlsx,True
BLS_PPI_ARCHIVED_DETAILED_REPORT_XLSX,PPI_AS_RELEASED_VINTAGE,WPU117,2024-11,138.59,2025-03-13,2025-03-13T12:30:00+00:00,3,f3b0ea8bb6e999d51e398066fc58c77d8facbdc50647cadb51239f99b0b08563,SUBSEQUENT_PUBLICATION,True,2025-02,D:\Programming\python_example\ForecastTest\data-lake\bronze\industrials\v1_5\bls\ppi_detailed_reports\ppi-detailed-report-february-2025.xlsx,True
BLS_PPI_ARCHIVED_DETAILED_REPORT_XLSX,PPI_AS_RELEASED_VINTAGE,WPU117,2024-11,138.594,2025-04-11,2025-04-11T12:30:00+00:00,4,dd1558c482e727a3399010861b8acf40c69fd2745598568aa33bc6728e6e1d4f,SUBSEQUENT_PUBLICATION,True,2025-03,D:\Programming\python_example\ForecastTest\data-lake\bronze\industrials\v1_5\bls\ppi_detailed_reports\ppi-detailed-report-march-2025.xlsx,True
BLS_PPI_ARCHIVED_DETAILED_REPORT_XLSX,PPI_AS_RELEASED_VINTAGE,WPU117,2024-12,138.874,2025-01-14,2025-01-14T13:30:00+00:00,0,ac676c86586db5717a51452661bfbf6b1f2a9d9a8280db6370e19256d09f3717,INITIAL_RELEASE,True,2024-12,D:\Programming\python_example\ForecastTest\data-lake\bronze\industrials\v1_5\bls\ppi_detailed_reports\ppi-detailed-report-december-2024.xlsx,False
BLS_PPI_ARCHIVED_DETAILED_REPORT_XLSX,PPI_AS_RELEASED_VINTAGE,WPU117,2024-12,138.829,2025-02-13,2025-02-13T13:30:00+00:00,1,c6101c92fb37efa6db99ea1532255026099bf805eaaafc706844b6c6ae18a5c2,SUBSEQUENT_PUBLICATION,True,2025-01,D:\Programming\python_example\ForecastTest\data-lake\bronze\industrials\v1_5\bls\ppi_detailed_reports\ppi-detailed-report-january-2025.xlsx,True
BLS_PPI_ARCHIVED_DETAILED_REPORT_XLSX,PPI_AS_RELEASED_VINTAGE,WPU117,2024-12,138.797,2025-03-13,2025-03-13T12:30:00+00:00,2,f3b0ea8bb6e999d51e398066fc58c77d8facbdc50647cadb51239f99b0b08563,SUBSEQUENT_PUBLICATION,True,2025-02,D:\Programming\python_example\ForecastTest\data-lake\bronze\industrials\v1_5\bls\ppi_detailed_reports\ppi-detailed-report-february-2025.xlsx,True
BLS_PPI_ARCHIVED_DETAILED_REPORT_XLSX,PPI_AS_RELEASED_VINTAGE,WPU117,2024-12,138.801,2025-04-11,2025-04-11T12:30:00+00:00,3,dd1558c482e727a3399010861b8acf40c69fd2745598568aa33bc6728e6e1d4f,SUBSEQUENT_PUBLICATION,True,2025-03,D:\Programming\python_example\ForecastTest\data-lake\bronze\industrials\v1_5\bls\ppi_detailed_reports\ppi-detailed-report-march-2025.xlsx,True
BLS_PPI_ARCHIVED_DETAILED_REPORT_XLSX,PPI_AS_RELEASED_VINTAGE,WPU117,2024-12,138.687,2025-05-15,2025-05-15T12:30:00+00:00,4,c9ceac6cd66a6ce7893a8858877ba537ffc652eb43d8a320846ca99c2487aa6c,SUBSEQUENT_PUBLICATION,True,2025-04,D:\Programming\python_example\ForecastTest\data-lake\bronze\industrials\v1_5\bls\ppi_detailed_reports\ppi-detailed-report-april-2025.xlsx,True
BLS_PPI_ARCHIVED_DETAILED_REPORT_XLSX,PPI_AS_RELEASED_VINTAGE,WPU117,2025-01,139.669,2025-02-13,2025-02-13T13:30:00+00:00,0,c6101c92fb37efa6db99ea1532255026099bf805eaaafc706844b6c6ae18a5c2,INITIAL_RELEASE,True,2025-01,D:\Programming\python_example\ForecastTest\data-lake\bronze\industrials\v1_5\bls\ppi_detailed_reports\ppi-detailed-report-january-2025.xlsx,False
BLS_PPI_ARCHIVED_DETAILED_REPORT_XLSX,PPI_AS_RELEASED_VINTAGE,WPU117,2025-01,139.619,2025-03-13,2025-03-13T12:30:00+00:00,1,f3b0ea8bb6e999d51e398066fc58c77d8facbdc50647cadb51239f99b0b08563,SUBSEQUENT_PUBLICATION,True,2025-02,D:\Programming\python_example\ForecastTest\data-lake\bronze\industrials\v1_5\bls\ppi_detailed_reports\ppi-detailed-report-february-2025.xlsx,True
BLS_PPI_ARCHIVED_DETAILED_REPORT_XLSX,PPI_AS_RELEASED_VINTAGE,WPU117,2025-01,139.59,2025-04-11,2025-04-11T12:30:00+00:00,2,dd1558c482e727a3399010861b8acf40c69fd2745598568aa33bc6728e6e1d4f,SUBSEQUENT_PUBLICATION,True,2025-03,D:\Programming\python_example\ForecastTest\data-lake\bronze\industrials\v1_5\bls\ppi_detailed_reports\ppi-detailed-report-march-2025.xlsx,True
BLS_PPI_ARCHIVED_DETAILED_REPORT_XLSX,PPI_AS_RELEASED_VINTAGE,WPU117,2025-01,139.351,2025-05-15,2025-05-15T12:30:00+00:00,3,c9ceac6cd66a6ce7893a8858877ba537ffc652eb43d8a320846ca99c2487aa6c,SUBSEQUENT_PUBLICATION,True,2025-04,D:\Programming\python_example\ForecastTest\data-lake\bronze\industrials\v1_5\bls\ppi_detailed_reports\ppi-detailed-report-april-2025.xlsx,True
BLS_PPI_ARCHIVED_DETAILED_REPORT_XLSX,PPI_AS_RELEASED_VINTAGE,WPU117,2025-01,139.346,2025-06-12,2025-06-12T12:30:00+00:00,4,a7f453f119bd50c1207f322ab82182dba95b8b30954fdeb8443964315f06113c,SUBSEQUENT_PUBLICATION,True,2025-05,D:\Programming\python_example\ForecastTest\data-lake\bronze\industrials\v1_5\bls\ppi_detailed_reports\ppi-detailed-report-may-2025.xlsx,True
BLS_PPI_ARCHIVED_DETAILED_REPORT_XLSX,PPI_AS_RELEASED_VINTAGE,WPU117,2025-02,139.598,2025-03-13,2025-03-13T12:30:00+00:00,0,f3b0ea8bb6e999d51e398066fc58c77d8facbdc50647cadb51239f99b0b08563,INITIAL_RELEASE,True,2025-02,D:\Programming\python_example\ForecastTest\data-lake\bronze\industrials\v1_5\bls\ppi_detailed_reports\ppi-detailed-report-february-2025.xlsx,False
BLS_PPI_ARCHIVED_DETAILED_REPORT_XLSX,PPI_AS_RELEASED_VINTAGE,WPU117,2025-02,139.564,2025-04-11,2025-04-11T12:30:00+00:00,1,dd1558c482e727a3399010861b8acf40c69fd2745598568aa33bc6728e6e1d4f,SUBSEQUENT_PUBLICATION,True,2025-03,D:\Programming\python_example\ForecastTest\data-lake\bronze\industrials\v1_5\bls\ppi_detailed_reports\ppi-detailed-report-march-2025.xlsx,True
BLS_PPI_ARCHIVED_DETAILED_REPORT_XLSX,PPI_AS_RELEASED_VINTAGE,WPU117,2025-02,139.296,2025-05-15,2025-05-15T12:30:00+00:00,2,c9ceac6cd66a6ce7893a8858877ba537ffc652eb43d8a320846ca99c2487aa6c,SUBSEQUENT_PUBLICATION,True,2025-04,D:\Programming\python_example\ForecastTest\data-lake\bronze\industrials\v1_5\bls\ppi_detailed_reports\ppi-detailed-report-april-2025.xlsx,True
BLS_PPI_ARCHIVED_DETAILED_REPORT_XLSX,PPI_AS_RELEASED_VINTAGE,WPU117,2025-02,139.33,2025-06-12,2025-06-12T12:30:00+00:00,3,a7f453f119bd50c1207f322ab82182dba95b8b30954fdeb8443964315f06113c,SUBSEQUENT_PUBLICATION,True,2025-05,D:\Programming\python_example\ForecastTest\data-lake\bronze\industrials\v1_5\bls\ppi_detailed_reports\ppi-detailed-report-may-2025.xlsx,True
BLS_PPI_ARCHIVED_DETAILED_REPORT_XLSX,PPI_AS_RELEASED_VINTAGE,WPU117,2025-02,139.337,2025-07-16,2025-07-16T12:30:00+00:00,4,7f91f72e7ef9a34b643795ae6b9932217c5a01e54c99e80f78505e9f80f0aec5,SUBSEQUENT_PUBLICATION,True,2025-06,D:\Programming\python_example\ForecastTest\data-lake\bronze\industrials\v1_5\bls\ppi_detailed_reports\ppi-detailed-report-june-2025.xlsx,True
BLS_PPI_ARCHIVED_DETAILED_REPORT_XLSX,PPI_AS_RELEASED_VINTAGE,WPU117,2025-03,140.056,2025-04-11,2025-04-11T12:30:00+00:00,0,dd1558c482e727a3399010861b8acf40c69fd2745598568aa33bc6728e6e1d4f,INITIAL_RELEASE,True,2025-03,D:\Programming\python_example\ForecastTest\data-lake\bronze\industrials\v1_5\bls\ppi_detailed_reports\ppi-detailed-report-march-2025.xlsx,False
BLS_PPI_ARCHIVED_DETAILED_REPORT_XLSX,PPI_AS_RELEASED_VINTAGE,WPU117,2025-03,139.924,2025-05-15,2025-05-15T12:30:00+00:00,1,c9ceac6cd66a6ce7893a8858877ba537ffc652eb43d8a320846ca99c2487aa6c,SUBSEQUENT_PUBLICATION,True,2025-04,D:\Programming\python_example\ForecastTest\data-lake\bronze\industrials\v1_5\bls\ppi_detailed_reports\ppi-detailed-report-april-2025.xlsx,True
BLS_PPI_ARCHIVED_DETAILED_REPORT_XLSX,PPI_AS_RELEASED_VINTAGE,WPU117,2025-03,139.933,2025-06-12,2025-06-12T12:30:00+00:00,2,a7f453f119bd50c1207f322ab82182dba95b8b30954fdeb8443964315f06113c,SUBSEQUENT_PUBLICATION,True,2025-05,D:\Programming\python_example\ForecastTest\data-lake\bronze\industrials\v1_5\bls\ppi_detailed_reports\ppi-detailed-report-may-2025.xlsx,True
BLS_PPI_ARCHIVED_DETAILED_REPORT_XLSX,PPI_AS_RELEASED_VINTAGE,WPU117,2025-03,139.929,2025-07-16,2025-07-16T12:30:00+00:00,3,7f91f72e7ef9a34b643795ae6b9932217c5a01e54c99e80f78505e9f80f0aec5,SUBSEQUENT_PUBLICATION,True,2025-06,D:\Programming\python_example\ForecastTest\data-lake\bronze\industrials\v1_5\bls\ppi_detailed_reports\ppi-detailed-report-june-2025.xlsx,True
BLS_PPI_ARCHIVED_DETAILED_REPORT_XLSX,PPI_AS_RELEASED_VINTAGE,WPU117,2025-03,139.903,2025-08-14,2025-08-14T12:30:00+00:00,4,5183cf009fff9a13be134816dc70d0b84e7b44d1a92471af1365b5e69f7386c4,SUBSEQUENT_PUBLICATION,True,2025-07,D:\Programming\python_example\ForecastTest\data-lake\bronze\industrials\v1_5\bls\ppi_detailed_reports\ppi-detailed-report-july-2025.xlsx,True
BLS_PPI_ARCHIVED_DETAILED_REPORT_XLSX,PPI_AS_RELEASED_VINTAGE,WPU117,2025-04,140.973,2025-05-15,2025-05-15T12:30:00+00:00,0,c9ceac6cd66a6ce7893a8858877ba537ffc652eb43d8a320846ca99c2487aa6c,INITIAL_RELEASE,True,2025-04,D:\Programming\python_example\ForecastTest\data-lake\bronze\industrials\v1_5\bls\ppi_detailed_reports\ppi-detailed-report-april-2025.xlsx,False
BLS_PPI_ARCHIVED_DETAILED_REPORT_XLSX,PPI_AS_RELEASED_VINTAGE,WPU117,2025-04,140.888,2025-06-12,2025-06-12T12:30:00+00:00,1,a7f453f119bd50c1207f322ab82182dba95b8b30954fdeb8443964315f06113c,SUBSEQUENT_PUBLICATION,True,2025-05,D:\Programming\python_example\ForecastTest\data-lake\bronze\industrials\v1_5\bls\ppi_detailed_reports\ppi-detailed-report-may-2025.xlsx,True
BLS_PPI_ARCHIVED_DETAILED_REPORT_XLSX,PPI_AS_RELEASED_VINTAGE,WPU117,2025-04,141.184,2025-07-16,2025-07-16T12:30:00+00:00,2,7f91f72e7ef9a34b643795ae6b9932217c5a01e54c99e80f78505e9f80f0aec5,SUBSEQUENT_PUBLICATION,True,2025-06,D:\Programming\python_example\ForecastTest\data-lake\bronze\industrials\v1_5\bls\ppi_detailed_reports\ppi-detailed-report-june-2025.xlsx,True
BLS_PPI_ARCHIVED_DETAILED_REPORT_XLSX,PPI_AS_RELEASED_VINTAGE,WPU117,2025-04,141.13,2025-08-14,2025-08-14T12:30:00+00:00,3,5183cf009fff9a13be134816dc70d0b84e7b44d1a92471af1365b5e69f7386c4,SUBSEQUENT_PUBLICATION,True,2025-07,D:\Programming\python_example\ForecastTest\data-lake\bronze\industrials\v1_5\bls\ppi_detailed_reports\ppi-detailed-report-july-2025.xlsx,True
BLS_PPI_ARCHIVED_DETAILED_REPORT_XLSX,PPI_AS_RELEASED_VINTAGE,WPU117,2025-04,141.141,2025-09-10,2025-09-10T12:30:00+00:00,4,e808284f9133c19472a78d5343003bcbd2d2e08718e5987997a0d0baa673079b,SUBSEQUENT_PUBLICATION,True,2025-08,D:\Programming\python_example\ForecastTest\data-lake\bronze\industrials\v1_5\bls\ppi_detailed_reports\ppi-detailed-report-august-2025.xlsx,True
BLS_PPI_ARCHIVED_DETAILED_REPORT_XLSX,PPI_AS_RELEASED_VINTAGE,WPU117,2025-05,141.665,2025-06-12,2025-06-12T12:30:00+00:00,0,a7f453f119bd50c1207f322ab82182dba95b8b30954fdeb8443964315f06113c,INITIAL_RELEASE,True,2025-05,D:\Programming\python_example\ForecastTest\data-lake\bronze\industrials\v1_5\bls\ppi_detailed_reports\ppi-detailed-report-may-2025.xlsx,False
BLS_PPI_ARCHIVED_DETAILED_REPORT_XLSX,PPI_AS_RELEASED_VINTAGE,WPU117,2025-05,141.8,2025-07-16,2025-07-16T12:30:00+00:00,1,7f91f72e7ef9a34b643795ae6b9932217c5a01e54c99e80f78505e9f80f0aec5,SUBSEQUENT_PUBLICATION,True,2025-06,D:\Programming\python_example\ForecastTest\data-lake\bronze\industrials\v1_5\bls\ppi_detailed_reports\ppi-detailed-report-june-2025.xlsx,True
BLS_PPI_ARCHIVED_DETAILED_REPORT_XLSX,PPI_AS_RELEASED_VINTAGE,WPU117,2025-05,141.678,2025-08-14,2025-08-14T12:30:00+00:00,2,5183cf009fff9a13be134816dc70d0b84e7b44d1a92471af1365b5e69f7386c4,SUBSEQUENT_PUBLICATION,True,2025-07,D:\Programming\python_example\ForecastTest\data-lake\bronze\industrials\v1_5\bls\ppi_detailed_reports\ppi-detailed-report-july-2025.xlsx,True
BLS_PPI_ARCHIVED_DETAILED_REPORT_XLSX,PPI_AS_RELEASED_VINTAGE,WPU117,2025-05,141.685,2025-09-10,2025-09-10T12:30:00+00:00,3,e808284f9133c19472a78d5343003bcbd2d2e08718e5987997a0d0baa673079b,SUBSEQUENT_PUBLICATION,True,2025-08,D:\Programming\python_example\ForecastTest\data-lake\bronze\industrials\v1_5\bls\ppi_detailed_reports\ppi-detailed-report-august-2025.xlsx,True
BLS_PPI_ARCHIVED_DETAILED_REPORT_XLSX,PPI_AS_RELEASED_VINTAGE,WPU117,2025-05,141.702,2025-11-25,2025-11-25T13:30:00+00:00,4,52693d6b405f13a44527ac830e7efe6826a4858417d80669421a202758b381bf,SUBSEQUENT_PUBLICATION,True,2025-09,D:\Programming\python_example\ForecastTest\data-lake\bronze\industrials\v1_5\bls\ppi_detailed_reports\ppi-detailed-report-september-2025.xlsx,True
BLS_PPI_ARCHIVED_DETAILED_REPORT_XLSX,PPI_AS_RELEASED_VINTAGE,WPU117,2025-06,141.913,2025-07-16,2025-07-16T12:30:00+00:00,0,7f91f72e7ef9a34b643795ae6b9932217c5a01e54c99e80f78505e9f80f0aec5,INITIAL_RELEASE,True,2025-06,D:\Programming\python_example\ForecastTest\data-lake\bronze\industrials\v1_5\bls\ppi_detailed_reports\ppi-detailed-report-june-2025.xlsx,False
BLS_PPI_ARCHIVED_DETAILED_REPORT_XLSX,PPI_AS_RELEASED_VINTAGE,WPU117,2025-06,141.546,2025-08-14,2025-08-14T12:30:00+00:00,1,5183cf009fff9a13be134816dc70d0b84e7b44d1a92471af1365b5e69f7386c4,SUBSEQUENT_PUBLICATION,True,2025-07,D:\Programming\python_example\ForecastTest\data-lake\bronze\industrials\v1_5\bls\ppi_detailed_reports\ppi-detailed-report-july-2025.xlsx,True
BLS_PPI_ARCHIVED_DETAILED_REPORT_XLSX,PPI_AS_RELEASED_VINTAGE,WPU117,2025-06,141.496,2025-09-10,2025-09-10T12:30:00+00:00,2,e808284f9133c19472a78d5343003bcbd2d2e08718e5987997a0d0baa673079b,SUBSEQUENT_PUBLICATION,True,2025-08,D:\Programming\python_example\ForecastTest\data-lake\bronze\industrials\v1_5\bls\ppi_detailed_reports\ppi-detailed-report-august-2025.xlsx,True
BLS_PPI_ARCHIVED_DETAILED_REPORT_XLSX,PPI_AS_RELEASED_VINTAGE,WPU117,2025-06,141.532,2025-11-25,2025-11-25T13:30:00+00:00,3,52693d6b405f13a44527ac830e7efe6826a4858417d80669421a202758b381bf,SUBSEQUENT_PUBLICATION,True,2025-09,D:\Programming\python_example\ForecastTest\data-lake\bronze\industrials\v1_5\bls\ppi_detailed_reports\ppi-detailed-report-september-2025.xlsx,True
BLS_PPI_ARCHIVED_DETAILED_REPORT_XLSX,PPI_AS_RELEASED_VINTAGE,WPU117,2025-07,142.102,2025-08-14,2025-08-14T12:30:00+00:00,0,5183cf009fff9a13be134816dc70d0b84e7b44d1a92471af1365b5e69f7386c4,INITIAL_RELEASE,True,2025-07,D:\Programming\python_example\ForecastTest\data-lake\bronze\industrials\v1_5\bls\ppi_detailed_reports\ppi-detailed-report-july-2025.xlsx,False
BLS_PPI_ARCHIVED_DETAILED_REPORT_XLSX,PPI_AS_RELEASED_VINTAGE,WPU117,2025-07,141.922,2025-09-10,2025-09-10T12:30:00+00:00,1,e808284f9133c19472a78d5343003bcbd2d2e08718e5987997a0d0baa673079b,SUBSEQUENT_PUBLICATION,True,2025-08,D:\Programming\python_example\ForecastTest\data-lake\bronze\industrials\v1_5\bls\ppi_detailed_reports\ppi-detailed-report-august-2025.xlsx,True
BLS_PPI_ARCHIVED_DETAILED_REPORT_XLSX,PPI_AS_RELEASED_VINTAGE,WPU117,2025-07,141.993,2025-11-25,2025-11-25T13:30:00+00:00,2,52693d6b405f13a44527ac830e7efe6826a4858417d80669421a202758b381bf,SUBSEQUENT_PUBLICATION,True,2025-09,D:\Programming\python_example\ForecastTest\data-lake\bronze\industrials\v1_5\bls\ppi_detailed_reports\ppi-detailed-report-september-2025.xlsx,True
BLS_PPI_ARCHIVED_DETAILED_REPORT_XLSX,PPI_AS_RELEASED_VINTAGE,WPU117,2025-07,141.641,2026-01-14,2026-01-14T13:30:00+00:00,3,049809c20df24c4ed66f0a2ff2f5197c5385c111143bd71d966d55e7777892db,SUBSEQUENT_PUBLICATION,True,2025-11,D:\Programming\python_example\ForecastTest\data-lake\bronze\industrials\v1_5\bls\ppi_detailed_reports\ppi-detailed-report-november-2025.xlsx,True
BLS_PPI_ARCHIVED_DETAILED_REPORT_XLSX,PPI_AS_RELEASED_VINTAGE,WPU117,2025-08,143.919,2025-09-10,2025-09-10T12:30:00+00:00,0,e808284f9133c19472a78d5343003bcbd2d2e08718e5987997a0d0baa673079b,INITIAL_RELEASE,True,2025-08,D:\Programming\python_example\ForecastTest\data-lake\bronze\industrials\v1_5\bls\ppi_detailed_reports\ppi-detailed-report-august-2025.xlsx,False
BLS_PPI_ARCHIVED_DETAILED_REPORT_XLSX,PPI_AS_RELEASED_VINTAGE,WPU117,2025-08,143.582,2025-11-25,2025-11-25T13:30:00+00:00,1,52693d6b405f13a44527ac830e7efe6826a4858417d80669421a202758b381bf,SUBSEQUENT_PUBLICATION,True,2025-09,D:\Programming\python_example\ForecastTest\data-lake\bronze\industrials\v1_5\bls\ppi_detailed_reports\ppi-detailed-report-september-2025.xlsx,True
BLS_PPI_ARCHIVED_DETAILED_REPORT_XLSX,PPI_AS_RELEASED_VINTAGE,WPU117,2025-08,143.2,2026-01-14,2026-01-14T13:30:00+00:00,2,049809c20df24c4ed66f0a2ff2f5197c5385c111143bd71d966d55e7777892db,SUBSEQUENT_PUBLICATION,True,2025-11,D:\Programming\python_example\ForecastTest\data-lake\bronze\industrials\v1_5\bls\ppi_detailed_reports\ppi-detailed-report-november-2025.xlsx,True
BLS_PPI_ARCHIVED_DETAILED_REPORT_XLSX,PPI_AS_RELEASED_VINTAGE,WPU117,2025-08,143.199,2026-01-30,2026-01-30T13:30:00+00:00,3,803b55f7efc846a6e81e4bd3a625b67bc2941f68c09abcd1d2268e5dee0c65e1,SUBSEQUENT_PUBLICATION,True,2025-12,D:\Programming\python_example\ForecastTest\data-lake\bronze\industrials\v1_5\bls\ppi_detailed_reports\ppi-detailed-report-december-2025.xlsx,False
BLS_PPI_ARCHIVED_DETAILED_REPORT_XLSX,PPI_AS_RELEASED_VINTAGE,WPU117,2025-09,144.021,2025-11-25,2025-11-25T13:30:00+00:00,0,52693d6b405f13a44527ac830e7efe6826a4858417d80669421a202758b381bf,INITIAL_RELEASE,True,2025-09,D:\Programming\python_example\ForecastTest\data-lake\bronze\industrials\v1_5\bls\ppi_detailed_reports\ppi-detailed-report-september-2025.xlsx,False
BLS_PPI_ARCHIVED_DETAILED_REPORT_XLSX,PPI_AS_RELEASED_VINTAGE,WPU117,2025-09,143.688,2026-01-14,2026-01-14T13:30:00+00:00,1,049809c20df24c4ed66f0a2ff2f5197c5385c111143bd71d966d55e7777892db,SUBSEQUENT_PUBLICATION,True,2025-11,D:\Programming\python_example\ForecastTest\data-lake\bronze\industrials\v1_5\bls\ppi_detailed_reports\ppi-detailed-report-november-2025.xlsx,True
BLS_PPI_ARCHIVED_DETAILED_REPORT_XLSX,PPI_AS_RELEASED_VINTAGE,WPU117,2025-09,143.691,2026-01-30,2026-01-30T13:30:00+00:00,2,803b55f7efc846a6e81e4bd3a625b67bc2941f68c09abcd1d2268e5dee0c65e1,SUBSEQUENT_PUBLICATION,True,2025-12,D:\Programming\python_example\ForecastTest\data-lake\bronze\industrials\v1_5\bls\ppi_detailed_reports\ppi-detailed-report-december-2025.xlsx,True
BLS_PPI_ARCHIVED_DETAILED_REPORT_XLSX,PPI_AS_RELEASED_VINTAGE,WPU117,2025-09,143.706,2026-02-27,2026-02-27T13:30:00+00:00,3,011a1e5c5f74c66a24c11d51319e3c99fb18878b820fdfbad87706091690198f,SUBSEQUENT_PUBLICATION,True,2026-01,D:\Programming\python_example\ForecastTest\data-lake\bronze\industrials\v1_5\bls\ppi_detailed_reports\ppi-detailed-report-january-2026.xlsx,True
BLS_PPI_ARCHIVED_DETAILED_REPORT_XLSX,PPI_AS_RELEASED_VINTAGE,WPU117,2025-10,144.454,2026-01-14,2026-01-14T13:30:00+00:00,,049809c20df24c4ed66f0a2ff2f5197c5385c111143bd71d966d55e7777892db,LEFT_CENSORED_KNOWN_AS_OF_RELEASE,True,2025-11,D:\Programming\python_example\ForecastTest\data-lake\bronze\industrials\v1_5\bls\ppi_detailed_reports\ppi-detailed-report-november-2025.xlsx,False
BLS_PPI_ARCHIVED_DETAILED_REPORT_XLSX,PPI_AS_RELEASED_VINTAGE,WPU117,2025-10,144.459,2026-01-30,2026-01-30T13:30:00+00:00,,803b55f7efc846a6e81e4bd3a625b67bc2941f68c09abcd1d2268e5dee0c65e1,LEFT_CENSORED_KNOWN_AS_OF_RELEASE,True,2025-12,D:\Programming\python_example\ForecastTest\data-lake\bronze\industrials\v1_5\bls\ppi_detailed_reports\ppi-detailed-report-december-2025.xlsx,True
BLS_PPI_ARCHIVED_DETAILED_REPORT_XLSX,PPI_AS_RELEASED_VINTAGE,WPU117,2025-10,144.464,2026-02-27,2026-02-27T13:30:00+00:00,,011a1e5c5f74c66a24c11d51319e3c99fb18878b820fdfbad87706091690198f,LEFT_CENSORED_KNOWN_AS_OF_RELEASE,True,2026-01,D:\Programming\python_example\ForecastTest\data-lake\bronze\industrials\v1_5\bls\ppi_detailed_reports\ppi-detailed-report-january-2026.xlsx,True
BLS_PPI_ARCHIVED_DETAILED_REPORT_XLSX,PPI_AS_RELEASED_VINTAGE,WPU117,2025-10,144.416,2026-03-18,2026-03-18T12:30:00+00:00,,8165247a276b2aa90872b6be768164b5d471e6c698f04888554a16db37e056cf,LEFT_CENSORED_KNOWN_AS_OF_RELEASE,True,2026-02,D:\Programming\python_example\ForecastTest\data-lake\bronze\industrials\v1_5\bls\ppi_detailed_reports\ppi-detailed-report-february-2026.xlsx,True
BLS_PPI_ARCHIVED_DETAILED_REPORT_XLSX,PPI_AS_RELEASED_VINTAGE,WPU117,2025-11,145.09,2026-01-14,2026-01-14T13:30:00+00:00,0,049809c20df24c4ed66f0a2ff2f5197c5385c111143bd71d966d55e7777892db,INITIAL_RELEASE,True,2025-11,D:\Programming\python_example\ForecastTest\data-lake\bronze\industrials\v1_5\bls\ppi_detailed_reports\ppi-detailed-report-november-2025.xlsx,False
BLS_PPI_ARCHIVED_DETAILED_REPORT_XLSX,PPI_AS_RELEASED_VINTAGE,WPU117,2025-11,145.021,2026-01-30,2026-01-30T13:30:00+00:00,1,803b55f7efc846a6e81e4bd3a625b67bc2941f68c09abcd1d2268e5dee0c65e1,SUBSEQUENT_PUBLICATION,True,2025-12,D:\Programming\python_example\ForecastTest\data-lake\bronze\industrials\v1_5\bls\ppi_detailed_reports\ppi-detailed-report-december-2025.xlsx,True
BLS_PPI_ARCHIVED_DETAILED_REPORT_XLSX,PPI_AS_RELEASED_VINTAGE,WPU117,2025-11,145.109,2026-02-27,2026-02-27T13:30:00+00:00,2,011a1e5c5f74c66a24c11d51319e3c99fb18878b820fdfbad87706091690198f,SUBSEQUENT_PUBLICATION,True,2026-01,D:\Programming\python_example\ForecastTest\data-lake\bronze\industrials\v1_5\bls\ppi_detailed_reports\ppi-detailed-report-january-2026.xlsx,True
BLS_PPI_ARCHIVED_DETAILED_REPORT_XLSX,PPI_AS_RELEASED_VINTAGE,WPU117,2025-11,145.06,2026-03-18,2026-03-18T12:30:00+00:00,3,8165247a276b2aa90872b6be768164b5d471e6c698f04888554a16db37e056cf,SUBSEQUENT_PUBLICATION,True,2026-02,D:\Programming\python_example\ForecastTest\data-lake\bronze\industrials\v1_5\bls\ppi_detailed_reports\ppi-detailed-report-february-2026.xlsx,True
BLS_PPI_ARCHIVED_DETAILED_REPORT_XLSX,PPI_AS_RELEASED_VINTAGE,WPU117,2025-11,145.044,2026-04-14,2026-04-14T12:30:00+00:00,4,59c2ac86ae0fdc507e6b9e1606cb148f69ed62a5279c572dcfc4fd068962f74d,SUBSEQUENT_PUBLICATION,True,2026-03,D:\Programming\python_example\ForecastTest\data-lake\bronze\industrials\v1_5\bls\ppi_detailed_reports\ppi-detailed-report-march-2026.xlsx,True
BLS_PPI_ARCHIVED_DETAILED_REPORT_XLSX,PPI_AS_RELEASED_VINTAGE,WPU117,2025-12,145.389,2026-01-30,2026-01-30T13:30:00+00:00,0,803b55f7efc846a6e81e4bd3a625b67bc2941f68c09abcd1d2268e5dee0c65e1,INITIAL_RELEASE,True,2025-12,D:\Programming\python_example\ForecastTest\data-lake\bronze\industrials\v1_5\bls\ppi_detailed_reports\ppi-detailed-report-december-2025.xlsx,False
BLS_PPI_ARCHIVED_DETAILED_REPORT_XLSX,PPI_AS_RELEASED_VINTAGE,WPU117,2025-12,145.72,2026-02-27,2026-02-27T13:30:00+00:00,1,011a1e5c5f74c66a24c11d51319e3c99fb18878b820fdfbad87706091690198f,SUBSEQUENT_PUBLICATION,True,2026-01,D:\Programming\python_example\ForecastTest\data-lake\bronze\industrials\v1_5\bls\ppi_detailed_reports\ppi-detailed-report-january-2026.xlsx,True
BLS_PPI_ARCHIVED_DETAILED_REPORT_XLSX,PPI_AS_RELEASED_VINTAGE,WPU117,2025-12,145.668,2026-03-18,2026-03-18T12:30:00+00:00,2,8165247a276b2aa90872b6be768164b5d471e6c698f04888554a16db37e056cf,SUBSEQUENT_PUBLICATION,True,2026-02,D:\Programming\python_example\ForecastTest\data-lake\bronze\industrials\v1_5\bls\ppi_detailed_reports\ppi-detailed-report-february-2026.xlsx,True
BLS_PPI_ARCHIVED_DETAILED_REPORT_XLSX,PPI_AS_RELEASED_VINTAGE,WPU117,2025-12,145.644,2026-04-14,2026-04-14T12:30:00+00:00,3,59c2ac86ae0fdc507e6b9e1606cb148f69ed62a5279c572dcfc4fd068962f74d,SUBSEQUENT_PUBLICATION,True,2026-03,D:\Programming\python_example\ForecastTest\data-lake\bronze\industrials\v1_5\bls\ppi_detailed_reports\ppi-detailed-report-march-2026.xlsx,True
BLS_PPI_ARCHIVED_DETAILED_REPORT_XLSX,PPI_AS_RELEASED_VINTAGE,WPU117,2025-12,145.628,2026-05-13,2026-05-13T12:30:00+00:00,4,eb878a1935316a83773b53d56a60988830a4b5da948d6a2f483c5afd1f4229df,SUBSEQUENT_PUBLICATION,True,2026-04,D:\Programming\python_example\ForecastTest\data-lake\bronze\industrials\v1_5\bls\ppi_detailed_reports\ppi-detailed-report-april-2026.xlsx,True
BLS_PPI_ARCHIVED_DETAILED_REPORT_XLSX,PPI_AS_RELEASED_VINTAGE,WPU117,2026-01,150.519,2026-02-27,2026-02-27T13:30:00+00:00,0,011a1e5c5f74c66a24c11d51319e3c99fb18878b820fdfbad87706091690198f,INITIAL_RELEASE,True,2026-01,D:\Programming\python_example\ForecastTest\data-lake\bronze\industrials\v1_5\bls\ppi_detailed_reports\ppi-detailed-report-january-2026.xlsx,False
BLS_PPI_ARCHIVED_DETAILED_REPORT_XLSX,PPI_AS_RELEASED_VINTAGE,WPU117,2026-01,150.638,2026-03-18,2026-03-18T12:30:00+00:00,1,8165247a276b2aa90872b6be768164b5d471e6c698f04888554a16db37e056cf,SUBSEQUENT_PUBLICATION,True,2026-02,D:\Programming\python_example\ForecastTest\data-lake\bronze\industrials\v1_5\bls\ppi_detailed_reports\ppi-detailed-report-february-2026.xlsx,True
BLS_PPI_ARCHIVED_DETAILED_REPORT_XLSX,PPI_AS_RELEASED_VINTAGE,WPU117,2026-01,150.571,2026-04-14,2026-04-14T12:30:00+00:00,2,59c2ac86ae0fdc507e6b9e1606cb148f69ed62a5279c572dcfc4fd068962f74d,SUBSEQUENT_PUBLICATION,True,2026-03,D:\Programming\python_example\ForecastTest\data-lake\bronze\industrials\v1_5\bls\ppi_detailed_reports\ppi-detailed-report-march-2026.xlsx,True
BLS_PPI_ARCHIVED_DETAILED_REPORT_XLSX,PPI_AS_RELEASED_VINTAGE,WPU117,2026-01,150.399,2026-05-13,2026-05-13T12:30:00+00:00,3,eb878a1935316a83773b53d56a60988830a4b5da948d6a2f483c5afd1f4229df,SUBSEQUENT_PUBLICATION,True,2026-04,D:\Programming\python_example\ForecastTest\data-lake\bronze\industrials\v1_5\bls\ppi_detailed_reports\ppi-detailed-report-april-2026.xlsx,True
BLS_PPI_ARCHIVED_DETAILED_REPORT_XLSX,PPI_AS_RELEASED_VINTAGE,WPU117,2026-01,150.438,2026-06-11,2026-06-11T12:30:00+00:00,4,e8c25f548bb26d1860655f205eaa055c327f2197a845795163e7c3d71e9eaf3b,SUBSEQUENT_PUBLICATION,True,2026-05,D:\Programming\python_example\ForecastTest\data-lake\bronze\industrials\v1_5\bls\ppi_detailed_reports\ppi-detailed-report-may-2026.xlsx,True
BLS_PPI_ARCHIVED_DETAILED_REPORT_XLSX,PPI_AS_RELEASED_VINTAGE,WPU117,2026-02,154.943,2026-03-18,2026-03-18T12:30:00+00:00,0,8165247a276b2aa90872b6be768164b5d471e6c698f04888554a16db37e056cf,INITIAL_RELEASE,True,2026-02,D:\Programming\python_example\ForecastTest\data-lake\bronze\industrials\v1_5\bls\ppi_detailed_reports\ppi-detailed-report-february-2026.xlsx,False
BLS_PPI_ARCHIVED_DETAILED_REPORT_XLSX,PPI_AS_RELEASED_VINTAGE,WPU117,2026-02,154.705,2026-04-14,2026-04-14T12:30:00+00:00,1,59c2ac86ae0fdc507e6b9e1606cb148f69ed62a5279c572dcfc4fd068962f74d,SUBSEQUENT_PUBLICATION,True,2026-03,D:\Programming\python_example\ForecastTest\data-lake\bronze\industrials\v1_5\bls\ppi_detailed_reports\ppi-detailed-report-march-2026.xlsx,True
BLS_PPI_ARCHIVED_DETAILED_REPORT_XLSX,PPI_AS_RELEASED_VINTAGE,WPU117,2026-02,154.445,2026-05-13,2026-05-13T12:30:00+00:00,2,eb878a1935316a83773b53d56a60988830a4b5da948d6a2f483c5afd1f4229df,SUBSEQUENT_PUBLICATION,True,2026-04,D:\Programming\python_example\ForecastTest\data-lake\bronze\industrials\v1_5\bls\ppi_detailed_reports\ppi-detailed-report-april-2026.xlsx,True
BLS_PPI_ARCHIVED_DETAILED_REPORT_XLSX,PPI_AS_RELEASED_VINTAGE,WPU117,2026-02,154.504,2026-06-11,2026-06-11T12:30:00+00:00,3,e8c25f548bb26d1860655f205eaa055c327f2197a845795163e7c3d71e9eaf3b,SUBSEQUENT_PUBLICATION,True,2026-05,D:\Programming\python_example\ForecastTest\data-lake\bronze\industrials\v1_5\bls\ppi_detailed_reports\ppi-detailed-report-may-2026.xlsx,True
BLS_PPI_ARCHIVED_DETAILED_REPORT_XLSX,PPI_AS_RELEASED_VINTAGE,WPU117,2026-02,154.504,2026-07-15,2026-07-15T12:30:00+00:00,4,b61d24f70fb7403a9c4e4b9fc54a04ce7647a9d95ce07093411e10b7302d13f9,SUBSEQUENT_PUBLICATION,True,2026-06,D:\Programming\python_example\ForecastTest\data-lake\bronze\industrials\v1_5\bls\ppi_detailed_reports\ppi-detailed-report-june-2026.xlsx,False
BLS_PPI_ARCHIVED_DETAILED_REPORT_XLSX,PPI_AS_RELEASED_VINTAGE,WPU117,2026-03,155.94,2026-04-14,2026-04-14T12:30:00+00:00,0,59c2ac86ae0fdc507e6b9e1606cb148f69ed62a5279c572dcfc4fd068962f74d,INITIAL_RELEASE,True,2026-03,D:\Programming\python_example\ForecastTest\data-lake\bronze\industrials\v1_5\bls\ppi_detailed_reports\ppi-detailed-report-march-2026.xlsx,False
BLS_PPI_ARCHIVED_DETAILED_REPORT_XLSX,PPI_AS_RELEASED_VINTAGE,WPU117,2026-03,155.609,2026-05-13,2026-05-13T12:30:00+00:00,1,eb878a1935316a83773b53d56a60988830a4b5da948d6a2f483c5afd1f4229df,SUBSEQUENT_PUBLICATION,True,2026-04,D:\Programming\python_example\ForecastTest\data-lake\bronze\industrials\v1_5\bls\ppi_detailed_reports\ppi-detailed-report-april-2026.xlsx,True
BLS_PPI_ARCHIVED_DETAILED_REPORT_XLSX,PPI_AS_RELEASED_VINTAGE,WPU117,2026-03,155.716,2026-06-11,2026-06-11T12:30:00+00:00,2,e8c25f548bb26d1860655f205eaa055c327f2197a845795163e7c3d71e9eaf3b,SUBSEQUENT_PUBLICATION,True,2026-05,D:\Programming\python_example\ForecastTest\data-lake\bronze\industrials\v1_5\bls\ppi_detailed_reports\ppi-detailed-report-may-2026.xlsx,True
BLS_PPI_ARCHIVED_DETAILED_REPORT_XLSX,PPI_AS_RELEASED_VINTAGE,WPU117,2026-03,155.537,2026-07-15,2026-07-15T12:30:00+00:00,3,b61d24f70fb7403a9c4e4b9fc54a04ce7647a9d95ce07093411e10b7302d13f9,SUBSEQUENT_PUBLICATION,True,2026-06,D:\Programming\python_example\ForecastTest\data-lake\bronze\industrials\v1_5\bls\ppi_detailed_reports\ppi-detailed-report-june-2026.xlsx,True
BLS_PPI_ARCHIVED_DETAILED_REPORT_XLSX,PPI_AS_RELEASED_VINTAGE,WPU117,2026-03,155.663,2026-08-13,2026-08-13T12:30:00+00:00,4,a455bea5d305ccdc6c683059406ccdb194e0d9ee528912ce72c36c43a79a5640,SUBSEQUENT_PUBLICATION,True,2026-07,D:\Programming\python_example\ForecastTest\data-lake\bronze\industrials\v1_5\bls\ppi_detailed_reports\ppi-detailed-report-july-2026.xlsx,True
BLS_PPI_ARCHIVED_DETAILED_REPORT_XLSX,PPI_AS_RELEASED_VINTAGE,WPU117,2026-04,159.938,2026-05-13,2026-05-13T12:30:00+00:00,0,eb878a1935316a83773b53d56a60988830a4b5da948d6a2f483c5afd1f4229df,INITIAL_RELEASE,True,2026-04,D:\Programming\python_example\ForecastTest\data-lake\bronze\industrials\v1_5\bls\ppi_detailed_reports\ppi-detailed-report-april-2026.xlsx,False
BLS_PPI_ARCHIVED_DETAILED_REPORT_XLSX,PPI_AS_RELEASED_VINTAGE,WPU117,2026-04,160.1,2026-06-11,2026-06-11T12:30:00+00:00,1,e8c25f548bb26d1860655f205eaa055c327f2197a845795163e7c3d71e9eaf3b,SUBSEQUENT_PUBLICATION,True,2026-05,D:\Programming\python_example\ForecastTest\data-lake\bronze\industrials\v1_5\bls\ppi_detailed_reports\ppi-detailed-report-may-2026.xlsx,True
BLS_PPI_ARCHIVED_DETAILED_REPORT_XLSX,PPI_AS_RELEASED_VINTAGE,WPU117,2026-04,159.751,2026-07-15,2026-07-15T12:30:00+00:00,2,b61d24f70fb7403a9c4e4b9fc54a04ce7647a9d95ce07093411e10b7302d13f9,SUBSEQUENT_PUBLICATION,True,2026-06,D:\Programming\python_example\ForecastTest\data-lake\bronze\industrials\v1_5\bls\ppi_detailed_reports\ppi-detailed-report-june-2026.xlsx,True
BLS_PPI_ARCHIVED_DETAILED_REPORT_XLSX,PPI_AS_RELEASED_VINTAGE,WPU117,2026-04,159.725,2026-08-13,2026-08-13T12:30:00+00:00,3,a455bea5d305ccdc6c683059406ccdb194e0d9ee528912ce72c36c43a79a5640,SUBSEQUENT_PUBLICATION,True,2026-07,D:\Programming\python_example\ForecastTest\data-lake\bronze\industrials\v1_5\bls\ppi_detailed_reports\ppi-detailed-report-july-2026.xlsx,True
BLS_PPI_ARCHIVED_DETAILED_REPORT_XLSX,PPI_AS_RELEASED_VINTAGE,WPU117,2026-05,160.031,2026-06-11,2026-06-11T12:30:00+00:00,0,e8c25f548bb26d1860655f205eaa055c327f2197a845795163e7c3d71e9eaf3b,INITIAL_RELEASE,True,2026-05,D:\Programming\python_example\ForecastTest\data-lake\bronze\industrials\v1_5\bls\ppi_detailed_reports\ppi-detailed-report-may-2026.xlsx,False
BLS_PPI_ARCHIVED_DETAILED_REPORT_XLSX,PPI_AS_RELEASED_VINTAGE,WPU117,2026-05,159.618,2026-07-15,2026-07-15T12:30:00+00:00,1,b61d24f70fb7403a9c4e4b9fc54a04ce7647a9d95ce07093411e10b7302d13f9,SUBSEQUENT_PUBLICATION,True,2026-06,D:\Programming\python_example\ForecastTest\data-lake\bronze\industrials\v1_5\bls\ppi_detailed_reports\ppi-detailed-report-june-2026.xlsx,True
BLS_PPI_ARCHIVED_DETAILED_REPORT_XLSX,PPI_AS_RELEASED_VINTAGE,WPU117,2026-05,159.6,2026-08-13,2026-08-13T12:30:00+00:00,2,a455bea5d305ccdc6c683059406ccdb194e0d9ee528912ce72c36c43a79a5640,SUBSEQUENT_PUBLICATION,True,2026-07,D:\Programming\python_example\ForecastTest\data-lake\bronze\industrials\v1_5\bls\ppi_detailed_reports\ppi-detailed-report-july-2026.xlsx,True
BLS_PPI_ARCHIVED_DETAILED_REPORT_XLSX,PPI_AS_RELEASED_VINTAGE,WPU117,2026-06,159.563,2026-07-15,2026-07-15T12:30:00+00:00,0,b61d24f70fb7403a9c4e4b9fc54a04ce7647a9d95ce07093411e10b7302d13f9,INITIAL_RELEASE,True,2026-06,D:\Programming\python_example\ForecastTest\data-lake\bronze\industrials\v1_5\bls\ppi_detailed_reports\ppi-detailed-report-june-2026.xlsx,False
BLS_PPI_ARCHIVED_DETAILED_REPORT_XLSX,PPI_AS_RELEASED_VINTAGE,WPU117,2026-06,160.055,2026-08-13,2026-08-13T12:30:00+00:00,1,a455bea5d305ccdc6c683059406ccdb194e0d9ee528912ce72c36c43a79a5640,SUBSEQUENT_PUBLICATION,True,2026-07,D:\Programming\python_example\ForecastTest\data-lake\bronze\industrials\v1_5\bls\ppi_detailed_reports\ppi-detailed-report-july-2026.xlsx,True
BLS_PPI_ARCHIVED_DETAILED_REPORT_XLSX,PPI_AS_RELEASED_VINTAGE,WPU117,2026-07,160.394,2026-08-13,2026-08-13T12:30:00+00:00,0,a455bea5d305ccdc6c683059406ccdb194e0d9ee528912ce72c36c43a79a5640,INITIAL_RELEASE,True,2026-07,D:\Programming\python_example\ForecastTest\data-lake\bronze\industrials\v1_5\bls\ppi_detailed_reports\ppi-detailed-report-july-2026.xlsx,False
