form,period,filing_date,accession_number,metric,value_usd,available,selected_concept,selected_context_ref,source_url,source_sha256,evidence_layer,selection_rule,derived_value,coverage_denominator_policy,source_concept_present,applicable,available_when_applicable
10-K,2019Q4,2020-02-13,0001501585-20-000011,revenue_usd,8899000000.0,True,us-gaap:Revenues,id4756bc70a0d4b4caa5673ca65bd57bf_D20190101-20191231,https://www.sec.gov/Archives/edgar/data/1501585/000150158520000011/hii-20191231.htm,4589650f60e0ff9b1861743c4ceccc9826678b355e8dccf0fbc5f9efa41450a1,FINANCIAL_STATEMENT,CONSOLIDATED_NO_DIMENSION_REPORT_DATE_CONTEXT,False,ALL_PERIODIC_FILINGS,True,True,True
10-K,2019Q4,2020-02-13,0001501585-20-000011,operating_income_usd,736000000.0,True,us-gaap:OperatingIncomeLoss,id4756bc70a0d4b4caa5673ca65bd57bf_D20190101-20191231,https://www.sec.gov/Archives/edgar/data/1501585/000150158520000011/hii-20191231.htm,4589650f60e0ff9b1861743c4ceccc9826678b355e8dccf0fbc5f9efa41450a1,FINANCIAL_STATEMENT,CONSOLIDATED_NO_DIMENSION_REPORT_DATE_CONTEXT,False,ALL_PERIODIC_FILINGS,True,True,True
10-K,2019Q4,2020-02-13,0001501585-20-000011,pretax_income_usd,683000000.0,True,us-gaap:IncomeLossFromContinuingOperationsBeforeIncomeTaxesExtraordinaryItemsNoncontrollingInterest,id4756bc70a0d4b4caa5673ca65bd57bf_D20190101-20191231,https://www.sec.gov/Archives/edgar/data/1501585/000150158520000011/hii-20191231.htm,4589650f60e0ff9b1861743c4ceccc9826678b355e8dccf0fbc5f9efa41450a1,FINANCIAL_STATEMENT,CONSOLIDATED_NO_DIMENSION_REPORT_DATE_CONTEXT,False,ALL_PERIODIC_FILINGS,True,True,True
10-K,2019Q4,2020-02-13,0001501585-20-000011,income_tax_usd,134000000.0,True,us-gaap:IncomeTaxExpenseBenefit,id4756bc70a0d4b4caa5673ca65bd57bf_D20190101-20191231,https://www.sec.gov/Archives/edgar/data/1501585/000150158520000011/hii-20191231.htm,4589650f60e0ff9b1861743c4ceccc9826678b355e8dccf0fbc5f9efa41450a1,FINANCIAL_STATEMENT,CONSOLIDATED_NO_DIMENSION_REPORT_DATE_CONTEXT,False,ALL_PERIODIC_FILINGS,True,True,True
10-K,2019Q4,2020-02-13,0001501585-20-000011,cfo_usd,896000000.0,True,us-gaap:NetCashProvidedByUsedInOperatingActivities,id4756bc70a0d4b4caa5673ca65bd57bf_D20190101-20191231,https://www.sec.gov/Archives/edgar/data/1501585/000150158520000011/hii-20191231.htm,4589650f60e0ff9b1861743c4ceccc9826678b355e8dccf0fbc5f9efa41450a1,FINANCIAL_STATEMENT,CONSOLIDATED_NO_DIMENSION_REPORT_DATE_CONTEXT,False,ALL_PERIODIC_FILINGS,True,True,True
10-K,2019Q4,2020-02-13,0001501585-20-000011,capex_usd,436000000.0,True,us-gaap:PaymentsToAcquireProductiveAssets,id4756bc70a0d4b4caa5673ca65bd57bf_D20190101-20191231,https://www.sec.gov/Archives/edgar/data/1501585/000150158520000011/hii-20191231.htm,4589650f60e0ff9b1861743c4ceccc9826678b355e8dccf0fbc5f9efa41450a1,FINANCIAL_STATEMENT,CONSOLIDATED_NO_DIMENSION_REPORT_DATE_CONTEXT,False,ALL_PERIODIC_FILINGS,True,True,True
10-K,2019Q4,2020-02-13,0001501585-20-000011,depreciation_amortization_usd,180000000.0,True,us-gaap:Depreciation,id4756bc70a0d4b4caa5673ca65bd57bf_D20190101-20191231,https://www.sec.gov/Archives/edgar/data/1501585/000150158520000011/hii-20191231.htm,4589650f60e0ff9b1861743c4ceccc9826678b355e8dccf0fbc5f9efa41450a1,FINANCIAL_STATEMENT,CONSOLIDATED_NO_DIMENSION_REPORT_DATE_CONTEXT,False,ALL_PERIODIC_FILINGS,True,True,True
10-K,2019Q4,2020-02-13,0001501585-20-000011,research_development_usd,23000000.0,True,us-gaap:ResearchAndDevelopmentExpense,id4756bc70a0d4b4caa5673ca65bd57bf_D20190101-20191231,https://www.sec.gov/Archives/edgar/data/1501585/000150158520000011/hii-20191231.htm,4589650f60e0ff9b1861743c4ceccc9826678b355e8dccf0fbc5f9efa41450a1,NOTE,CONSOLIDATED_NO_DIMENSION_REPORT_DATE_CONTEXT,False,ANNUAL_10K_ONLY,True,True,True
10-K,2019Q4,2020-02-13,0001501585-20-000011,business_acquisitions_usd,195000000.0,True,us-gaap:PaymentsToAcquireBusinessesNetOfCashAcquired,id4756bc70a0d4b4caa5673ca65bd57bf_D20190101-20191231,https://www.sec.gov/Archives/edgar/data/1501585/000150158520000011/hii-20191231.htm,4589650f60e0ff9b1861743c4ceccc9826678b355e8dccf0fbc5f9efa41450a1,NOTE,CONSOLIDATED_NO_DIMENSION_REPORT_DATE_CONTEXT,False,EVENT_CONDITIONAL_NOT_SCORED,True,False,False
10-K,2019Q4,2020-02-13,0001501585-20-000011,receivables_usd,,False,,,https://www.sec.gov/Archives/edgar/data/1501585/000150158520000011/hii-20191231.htm,4589650f60e0ff9b1861743c4ceccc9826678b355e8dccf0fbc5f9efa41450a1,FINANCIAL_STATEMENT,CONSOLIDATED_NO_DIMENSION_REPORT_DATE_CONTEXT,False,ALL_PERIODIC_FILINGS,False,True,False
10-K,2019Q4,2020-02-13,0001501585-20-000011,inventory_usd,136000000.0,True,us-gaap:InventoryNetOfAllowancesCustomerAdvancesAndProgressBillings,i88f0143507644611bb16596af24b8254_I20191231,https://www.sec.gov/Archives/edgar/data/1501585/000150158520000011/hii-20191231.htm,4589650f60e0ff9b1861743c4ceccc9826678b355e8dccf0fbc5f9efa41450a1,FINANCIAL_STATEMENT,CONSOLIDATED_NO_DIMENSION_REPORT_DATE_CONTEXT,False,ALL_PERIODIC_FILINGS,True,True,True
10-K,2019Q4,2020-02-13,0001501585-20-000011,accounts_payable_usd,497000000.0,True,us-gaap:AccountsPayableCurrent,i88f0143507644611bb16596af24b8254_I20191231,https://www.sec.gov/Archives/edgar/data/1501585/000150158520000011/hii-20191231.htm,4589650f60e0ff9b1861743c4ceccc9826678b355e8dccf0fbc5f9efa41450a1,FINANCIAL_STATEMENT,CONSOLIDATED_NO_DIMENSION_REPORT_DATE_CONTEXT,False,ALL_PERIODIC_FILINGS,True,True,True
10-K,2019Q4,2020-02-13,0001501585-20-000011,contract_assets_usd,989000000.0,True,us-gaap:ContractWithCustomerAssetNet,i88f0143507644611bb16596af24b8254_I20191231,https://www.sec.gov/Archives/edgar/data/1501585/000150158520000011/hii-20191231.htm,4589650f60e0ff9b1861743c4ceccc9826678b355e8dccf0fbc5f9efa41450a1,NOTE,CONSOLIDATED_NO_DIMENSION_REPORT_DATE_CONTEXT,False,ALL_PERIODIC_FILINGS,True,True,True
10-K,2019Q4,2020-02-13,0001501585-20-000011,contract_liabilities_usd,,False,,,https://www.sec.gov/Archives/edgar/data/1501585/000150158520000011/hii-20191231.htm,4589650f60e0ff9b1861743c4ceccc9826678b355e8dccf0fbc5f9efa41450a1,NOTE,CONSOLIDATED_NO_DIMENSION_REPORT_DATE_CONTEXT,False,ALL_PERIODIC_FILINGS,False,True,False
10-K,2019Q4,2020-02-13,0001501585-20-000011,remaining_performance_obligation_usd,46500000000.0,True,us-gaap:RevenueRemainingPerformanceObligation,i88f0143507644611bb16596af24b8254_I20191231,https://www.sec.gov/Archives/edgar/data/1501585/000150158520000011/hii-20191231.htm,4589650f60e0ff9b1861743c4ceccc9826678b355e8dccf0fbc5f9efa41450a1,NOTE,CONSOLIDATED_NO_DIMENSION_REPORT_DATE_CONTEXT,False,ALL_PERIODIC_FILINGS,True,True,True
10-K,2019Q4,2020-02-13,0001501585-20-000011,program_gains_losses_usd,,False,,,https://www.sec.gov/Archives/edgar/data/1501585/000150158520000011/hii-20191231.htm,4589650f60e0ff9b1861743c4ceccc9826678b355e8dccf0fbc5f9efa41450a1,NOTE,CONSOLIDATED_NO_DIMENSION_REPORT_DATE_CONTEXT,False,EVENT_CONDITIONAL_NOT_SCORED,False,False,False
10-K,2019Q4,2020-02-13,0001501585-20-000011,cash_usd,75000000.0,True,us-gaap:CashAndCashEquivalentsAtCarryingValue,i88f0143507644611bb16596af24b8254_I20191231,https://www.sec.gov/Archives/edgar/data/1501585/000150158520000011/hii-20191231.htm,4589650f60e0ff9b1861743c4ceccc9826678b355e8dccf0fbc5f9efa41450a1,FINANCIAL_STATEMENT,CONSOLIDATED_NO_DIMENSION_REPORT_DATE_CONTEXT,False,ALL_PERIODIC_FILINGS,True,True,True
10-K,2019Q4,2020-02-13,0001501585-20-000011,debt_current_usd,0.0,True,DERIVED:CURRENT_DEBT_ZERO_WHEN_NOT_REPORTED,i88f0143507644611bb16596af24b8254_I20191231,https://www.sec.gov/Archives/edgar/data/1501585/000150158520000011/hii-20191231.htm,4589650f60e0ff9b1861743c4ceccc9826678b355e8dccf0fbc5f9efa41450a1,FINANCIAL_STATEMENT,ZERO_WHEN_CURRENT_DEBT_NOT_REPORTED_AND_NONCURRENT_DEBT_IS_REPORTED,True,ALL_PERIODIC_FILINGS,False,True,True
10-K,2019Q4,2020-02-13,0001501585-20-000011,debt_noncurrent_usd,1286000000.0,True,us-gaap:LongTermDebtNoncurrent,i88f0143507644611bb16596af24b8254_I20191231,https://www.sec.gov/Archives/edgar/data/1501585/000150158520000011/hii-20191231.htm,4589650f60e0ff9b1861743c4ceccc9826678b355e8dccf0fbc5f9efa41450a1,FINANCIAL_STATEMENT,CONSOLIDATED_NO_DIMENSION_REPORT_DATE_CONTEXT,False,ALL_PERIODIC_FILINGS,True,True,True
10-K,2019Q4,2020-02-13,0001501585-20-000011,equity_usd,1588000000.0,True,us-gaap:StockholdersEquity,i88f0143507644611bb16596af24b8254_I20191231,https://www.sec.gov/Archives/edgar/data/1501585/000150158520000011/hii-20191231.htm,4589650f60e0ff9b1861743c4ceccc9826678b355e8dccf0fbc5f9efa41450a1,FINANCIAL_STATEMENT,CONSOLIDATED_NO_DIMENSION_REPORT_DATE_CONTEXT,False,ALL_PERIODIC_FILINGS,True,True,True
10-K,2019Q4,2020-02-13,0001501585-20-000011,goodwill_usd,1373000000.0,True,us-gaap:Goodwill,i88f0143507644611bb16596af24b8254_I20191231,https://www.sec.gov/Archives/edgar/data/1501585/000150158520000011/hii-20191231.htm,4589650f60e0ff9b1861743c4ceccc9826678b355e8dccf0fbc5f9efa41450a1,FINANCIAL_STATEMENT,CONSOLIDATED_NO_DIMENSION_REPORT_DATE_CONTEXT,False,ALL_PERIODIC_FILINGS,True,True,True
10-K,2019Q4,2020-02-13,0001501585-20-000011,intangibles_ex_goodwill_usd,,False,,,https://www.sec.gov/Archives/edgar/data/1501585/000150158520000011/hii-20191231.htm,4589650f60e0ff9b1861743c4ceccc9826678b355e8dccf0fbc5f9efa41450a1,FINANCIAL_STATEMENT,CONSOLIDATED_NO_DIMENSION_REPORT_DATE_CONTEXT,False,ALL_PERIODIC_FILINGS,False,True,False
10-K,2019Q4,2020-02-13,0001501585-20-000011,pension_liability_usd,975000000.0,True,us-gaap:DefinedBenefitPensionPlanLiabilitiesNoncurrent,i88f0143507644611bb16596af24b8254_I20191231,https://www.sec.gov/Archives/edgar/data/1501585/000150158520000011/hii-20191231.htm,4589650f60e0ff9b1861743c4ceccc9826678b355e8dccf0fbc5f9efa41450a1,NOTE,CONSOLIDATED_NO_DIMENSION_REPORT_DATE_CONTEXT,False,ALL_PERIODIC_FILINGS,True,True,True
10-K,2019Q4,2020-02-13,0001501585-20-000011,fas_cas_pension_adjustment_usd,,False,,,https://www.sec.gov/Archives/edgar/data/1501585/000150158520000011/hii-20191231.htm,4589650f60e0ff9b1861743c4ceccc9826678b355e8dccf0fbc5f9efa41450a1,NOTE,CONSOLIDATED_NO_DIMENSION_REPORT_DATE_CONTEXT,False,DISCLOSURE_REGIME_ONLY,False,False,False
10-Q,2020Q1,2020-05-07,0001501585-20-000019,revenue_usd,2263000000.0,True,us-gaap:Revenues,id745bf51593a4c1bb9ec491b9dabc64a_D20200101-20200331,https://www.sec.gov/Archives/edgar/data/1501585/000150158520000019/hii-20200331.htm,5357376f593d4530980fd68f1bc38d743217dc7eb582daed4dc93c1b37144fe9,FINANCIAL_STATEMENT,CONSOLIDATED_NO_DIMENSION_REPORT_DATE_CONTEXT,False,ALL_PERIODIC_FILINGS,True,True,True
10-Q,2020Q1,2020-05-07,0001501585-20-000019,operating_income_usd,215000000.0,True,us-gaap:OperatingIncomeLoss,id745bf51593a4c1bb9ec491b9dabc64a_D20200101-20200331,https://www.sec.gov/Archives/edgar/data/1501585/000150158520000019/hii-20200331.htm,5357376f593d4530980fd68f1bc38d743217dc7eb582daed4dc93c1b37144fe9,FINANCIAL_STATEMENT,CONSOLIDATED_NO_DIMENSION_REPORT_DATE_CONTEXT,False,ALL_PERIODIC_FILINGS,True,True,True
10-Q,2020Q1,2020-05-07,0001501585-20-000019,pretax_income_usd,216000000.0,True,us-gaap:IncomeLossFromContinuingOperationsBeforeIncomeTaxesExtraordinaryItemsNoncontrollingInterest,id745bf51593a4c1bb9ec491b9dabc64a_D20200101-20200331,https://www.sec.gov/Archives/edgar/data/1501585/000150158520000019/hii-20200331.htm,5357376f593d4530980fd68f1bc38d743217dc7eb582daed4dc93c1b37144fe9,FINANCIAL_STATEMENT,CONSOLIDATED_NO_DIMENSION_REPORT_DATE_CONTEXT,False,ALL_PERIODIC_FILINGS,True,True,True
10-Q,2020Q1,2020-05-07,0001501585-20-000019,income_tax_usd,44000000.0,True,us-gaap:IncomeTaxExpenseBenefit,id745bf51593a4c1bb9ec491b9dabc64a_D20200101-20200331,https://www.sec.gov/Archives/edgar/data/1501585/000150158520000019/hii-20200331.htm,5357376f593d4530980fd68f1bc38d743217dc7eb582daed4dc93c1b37144fe9,FINANCIAL_STATEMENT,CONSOLIDATED_NO_DIMENSION_REPORT_DATE_CONTEXT,False,ALL_PERIODIC_FILINGS,True,True,True
10-Q,2020Q1,2020-05-07,0001501585-20-000019,cfo_usd,68000000.0,True,us-gaap:NetCashProvidedByUsedInOperatingActivities,id745bf51593a4c1bb9ec491b9dabc64a_D20200101-20200331,https://www.sec.gov/Archives/edgar/data/1501585/000150158520000019/hii-20200331.htm,5357376f593d4530980fd68f1bc38d743217dc7eb582daed4dc93c1b37144fe9,FINANCIAL_STATEMENT,CONSOLIDATED_NO_DIMENSION_REPORT_DATE_CONTEXT,False,ALL_PERIODIC_FILINGS,True,True,True
10-Q,2020Q1,2020-05-07,0001501585-20-000019,capex_usd,71000000.0,True,us-gaap:PaymentsToAcquirePropertyPlantAndEquipment,id745bf51593a4c1bb9ec491b9dabc64a_D20200101-20200331,https://www.sec.gov/Archives/edgar/data/1501585/000150158520000019/hii-20200331.htm,5357376f593d4530980fd68f1bc38d743217dc7eb582daed4dc93c1b37144fe9,FINANCIAL_STATEMENT,CONSOLIDATED_NO_DIMENSION_REPORT_DATE_CONTEXT,False,ALL_PERIODIC_FILINGS,True,True,True
10-Q,2020Q1,2020-05-07,0001501585-20-000019,depreciation_amortization_usd,47000000.0,True,us-gaap:Depreciation,id745bf51593a4c1bb9ec491b9dabc64a_D20200101-20200331,https://www.sec.gov/Archives/edgar/data/1501585/000150158520000019/hii-20200331.htm,5357376f593d4530980fd68f1bc38d743217dc7eb582daed4dc93c1b37144fe9,FINANCIAL_STATEMENT,CONSOLIDATED_NO_DIMENSION_REPORT_DATE_CONTEXT,False,ALL_PERIODIC_FILINGS,True,True,True
10-Q,2020Q1,2020-05-07,0001501585-20-000019,research_development_usd,,False,,,https://www.sec.gov/Archives/edgar/data/1501585/000150158520000019/hii-20200331.htm,5357376f593d4530980fd68f1bc38d743217dc7eb582daed4dc93c1b37144fe9,NOTE,CONSOLIDATED_NO_DIMENSION_REPORT_DATE_CONTEXT,False,ANNUAL_10K_ONLY,False,False,False
10-Q,2020Q1,2020-05-07,0001501585-20-000019,business_acquisitions_usd,378000000.0,True,us-gaap:PaymentsToAcquireBusinessesNetOfCashAcquired,id745bf51593a4c1bb9ec491b9dabc64a_D20200101-20200331,https://www.sec.gov/Archives/edgar/data/1501585/000150158520000019/hii-20200331.htm,5357376f593d4530980fd68f1bc38d743217dc7eb582daed4dc93c1b37144fe9,NOTE,CONSOLIDATED_NO_DIMENSION_REPORT_DATE_CONTEXT,False,EVENT_CONDITIONAL_NOT_SCORED,True,False,False
10-Q,2020Q1,2020-05-07,0001501585-20-000019,receivables_usd,,False,,,https://www.sec.gov/Archives/edgar/data/1501585/000150158520000019/hii-20200331.htm,5357376f593d4530980fd68f1bc38d743217dc7eb582daed4dc93c1b37144fe9,FINANCIAL_STATEMENT,CONSOLIDATED_NO_DIMENSION_REPORT_DATE_CONTEXT,False,ALL_PERIODIC_FILINGS,False,True,False
10-Q,2020Q1,2020-05-07,0001501585-20-000019,inventory_usd,154000000.0,True,us-gaap:InventoryNetOfAllowancesCustomerAdvancesAndProgressBillings,i7358f11747f64266af61968c7393c4fc_I20200331,https://www.sec.gov/Archives/edgar/data/1501585/000150158520000019/hii-20200331.htm,5357376f593d4530980fd68f1bc38d743217dc7eb582daed4dc93c1b37144fe9,FINANCIAL_STATEMENT,CONSOLIDATED_NO_DIMENSION_REPORT_DATE_CONTEXT,False,ALL_PERIODIC_FILINGS,True,True,True
10-Q,2020Q1,2020-05-07,0001501585-20-000019,accounts_payable_usd,536000000.0,True,us-gaap:AccountsPayableCurrent,i7358f11747f64266af61968c7393c4fc_I20200331,https://www.sec.gov/Archives/edgar/data/1501585/000150158520000019/hii-20200331.htm,5357376f593d4530980fd68f1bc38d743217dc7eb582daed4dc93c1b37144fe9,FINANCIAL_STATEMENT,CONSOLIDATED_NO_DIMENSION_REPORT_DATE_CONTEXT,False,ALL_PERIODIC_FILINGS,True,True,True
10-Q,2020Q1,2020-05-07,0001501585-20-000019,contract_assets_usd,1211000000.0,True,us-gaap:ContractWithCustomerAssetNet,i7358f11747f64266af61968c7393c4fc_I20200331,https://www.sec.gov/Archives/edgar/data/1501585/000150158520000019/hii-20200331.htm,5357376f593d4530980fd68f1bc38d743217dc7eb582daed4dc93c1b37144fe9,NOTE,CONSOLIDATED_NO_DIMENSION_REPORT_DATE_CONTEXT,False,ALL_PERIODIC_FILINGS,True,True,True
10-Q,2020Q1,2020-05-07,0001501585-20-000019,contract_liabilities_usd,387000000.0,True,us-gaap:ContractWithCustomerLiabilityCurrent,i7358f11747f64266af61968c7393c4fc_I20200331,https://www.sec.gov/Archives/edgar/data/1501585/000150158520000019/hii-20200331.htm,5357376f593d4530980fd68f1bc38d743217dc7eb582daed4dc93c1b37144fe9,NOTE,CONSOLIDATED_NO_DIMENSION_REPORT_DATE_CONTEXT,False,ALL_PERIODIC_FILINGS,True,True,True
10-Q,2020Q1,2020-05-07,0001501585-20-000019,remaining_performance_obligation_usd,45200000000.0,True,us-gaap:RevenueRemainingPerformanceObligation,i7358f11747f64266af61968c7393c4fc_I20200331,https://www.sec.gov/Archives/edgar/data/1501585/000150158520000019/hii-20200331.htm,5357376f593d4530980fd68f1bc38d743217dc7eb582daed4dc93c1b37144fe9,NOTE,CONSOLIDATED_NO_DIMENSION_REPORT_DATE_CONTEXT,False,ALL_PERIODIC_FILINGS,True,True,True
10-Q,2020Q1,2020-05-07,0001501585-20-000019,program_gains_losses_usd,,False,,,https://www.sec.gov/Archives/edgar/data/1501585/000150158520000019/hii-20200331.htm,5357376f593d4530980fd68f1bc38d743217dc7eb582daed4dc93c1b37144fe9,NOTE,CONSOLIDATED_NO_DIMENSION_REPORT_DATE_CONTEXT,False,EVENT_CONDITIONAL_NOT_SCORED,False,False,False
10-Q,2020Q1,2020-05-07,0001501585-20-000019,cash_usd,28000000.0,True,us-gaap:CashAndCashEquivalentsAtCarryingValue,i7358f11747f64266af61968c7393c4fc_I20200331,https://www.sec.gov/Archives/edgar/data/1501585/000150158520000019/hii-20200331.htm,5357376f593d4530980fd68f1bc38d743217dc7eb582daed4dc93c1b37144fe9,FINANCIAL_STATEMENT,CONSOLIDATED_NO_DIMENSION_REPORT_DATE_CONTEXT,False,ALL_PERIODIC_FILINGS,True,True,True
10-Q,2020Q1,2020-05-07,0001501585-20-000019,debt_current_usd,0.0,True,DERIVED:CURRENT_DEBT_ZERO_WHEN_NOT_REPORTED,i7358f11747f64266af61968c7393c4fc_I20200331,https://www.sec.gov/Archives/edgar/data/1501585/000150158520000019/hii-20200331.htm,5357376f593d4530980fd68f1bc38d743217dc7eb582daed4dc93c1b37144fe9,FINANCIAL_STATEMENT,ZERO_WHEN_CURRENT_DEBT_NOT_REPORTED_AND_NONCURRENT_DEBT_IS_REPORTED,True,ALL_PERIODIC_FILINGS,False,True,True
10-Q,2020Q1,2020-05-07,0001501585-20-000019,debt_noncurrent_usd,1667000000.0,True,us-gaap:LongTermDebtNoncurrent,i7358f11747f64266af61968c7393c4fc_I20200331,https://www.sec.gov/Archives/edgar/data/1501585/000150158520000019/hii-20200331.htm,5357376f593d4530980fd68f1bc38d743217dc7eb582daed4dc93c1b37144fe9,FINANCIAL_STATEMENT,CONSOLIDATED_NO_DIMENSION_REPORT_DATE_CONTEXT,False,ALL_PERIODIC_FILINGS,True,True,True
10-Q,2020Q1,2020-05-07,0001501585-20-000019,equity_usd,,False,,,https://www.sec.gov/Archives/edgar/data/1501585/000150158520000019/hii-20200331.htm,5357376f593d4530980fd68f1bc38d743217dc7eb582daed4dc93c1b37144fe9,FINANCIAL_STATEMENT,CONSOLIDATED_NO_DIMENSION_REPORT_DATE_CONTEXT,False,ALL_PERIODIC_FILINGS,False,True,False
10-Q,2020Q1,2020-05-07,0001501585-20-000019,goodwill_usd,1648000000.0,True,us-gaap:Goodwill,i7358f11747f64266af61968c7393c4fc_I20200331,https://www.sec.gov/Archives/edgar/data/1501585/000150158520000019/hii-20200331.htm,5357376f593d4530980fd68f1bc38d743217dc7eb582daed4dc93c1b37144fe9,FINANCIAL_STATEMENT,CONSOLIDATED_NO_DIMENSION_REPORT_DATE_CONTEXT,False,ALL_PERIODIC_FILINGS,True,True,True
10-Q,2020Q1,2020-05-07,0001501585-20-000019,intangibles_ex_goodwill_usd,,False,,,https://www.sec.gov/Archives/edgar/data/1501585/000150158520000019/hii-20200331.htm,5357376f593d4530980fd68f1bc38d743217dc7eb582daed4dc93c1b37144fe9,FINANCIAL_STATEMENT,CONSOLIDATED_NO_DIMENSION_REPORT_DATE_CONTEXT,False,ALL_PERIODIC_FILINGS,False,True,False
10-Q,2020Q1,2020-05-07,0001501585-20-000019,pension_liability_usd,941000000.0,True,us-gaap:DefinedBenefitPensionPlanLiabilitiesNoncurrent,i7358f11747f64266af61968c7393c4fc_I20200331,https://www.sec.gov/Archives/edgar/data/1501585/000150158520000019/hii-20200331.htm,5357376f593d4530980fd68f1bc38d743217dc7eb582daed4dc93c1b37144fe9,NOTE,CONSOLIDATED_NO_DIMENSION_REPORT_DATE_CONTEXT,False,ALL_PERIODIC_FILINGS,True,True,True
10-Q,2020Q1,2020-05-07,0001501585-20-000019,fas_cas_pension_adjustment_usd,,False,,,https://www.sec.gov/Archives/edgar/data/1501585/000150158520000019/hii-20200331.htm,5357376f593d4530980fd68f1bc38d743217dc7eb582daed4dc93c1b37144fe9,NOTE,CONSOLIDATED_NO_DIMENSION_REPORT_DATE_CONTEXT,False,DISCLOSURE_REGIME_ONLY,False,False,False
10-Q,2020Q2,2020-08-06,0001501585-20-000035,revenue_usd,4290000000.0,True,us-gaap:Revenues,i1db3c7cec9a8482fa2f0d4d4b42f3efd_D20200101-20200630,https://www.sec.gov/Archives/edgar/data/1501585/000150158520000035/hii-20200630.htm,26a8cd1c0cf3300e699c7c5aec8b35d587671db4883c895183b3014d2f1616a8,FINANCIAL_STATEMENT,CONSOLIDATED_NO_DIMENSION_REPORT_DATE_CONTEXT,False,ALL_PERIODIC_FILINGS,True,True,True
10-Q,2020Q2,2020-08-06,0001501585-20-000035,operating_income_usd,272000000.0,True,us-gaap:OperatingIncomeLoss,i1db3c7cec9a8482fa2f0d4d4b42f3efd_D20200101-20200630,https://www.sec.gov/Archives/edgar/data/1501585/000150158520000035/hii-20200630.htm,26a8cd1c0cf3300e699c7c5aec8b35d587671db4883c895183b3014d2f1616a8,FINANCIAL_STATEMENT,CONSOLIDATED_NO_DIMENSION_REPORT_DATE_CONTEXT,False,ALL_PERIODIC_FILINGS,True,True,True
10-Q,2020Q2,2020-08-06,0001501585-20-000035,pretax_income_usd,281000000.0,True,us-gaap:IncomeLossFromContinuingOperationsBeforeIncomeTaxesExtraordinaryItemsNoncontrollingInterest,i1db3c7cec9a8482fa2f0d4d4b42f3efd_D20200101-20200630,https://www.sec.gov/Archives/edgar/data/1501585/000150158520000035/hii-20200630.htm,26a8cd1c0cf3300e699c7c5aec8b35d587671db4883c895183b3014d2f1616a8,FINANCIAL_STATEMENT,CONSOLIDATED_NO_DIMENSION_REPORT_DATE_CONTEXT,False,ALL_PERIODIC_FILINGS,True,True,True
10-Q,2020Q2,2020-08-06,0001501585-20-000035,income_tax_usd,56000000.0,True,us-gaap:IncomeTaxExpenseBenefit,i1db3c7cec9a8482fa2f0d4d4b42f3efd_D20200101-20200630,https://www.sec.gov/Archives/edgar/data/1501585/000150158520000035/hii-20200630.htm,26a8cd1c0cf3300e699c7c5aec8b35d587671db4883c895183b3014d2f1616a8,FINANCIAL_STATEMENT,CONSOLIDATED_NO_DIMENSION_REPORT_DATE_CONTEXT,False,ALL_PERIODIC_FILINGS,True,True,True
10-Q,2020Q2,2020-08-06,0001501585-20-000035,cfo_usd,269000000.0,True,us-gaap:NetCashProvidedByUsedInOperatingActivities,i1db3c7cec9a8482fa2f0d4d4b42f3efd_D20200101-20200630,https://www.sec.gov/Archives/edgar/data/1501585/000150158520000035/hii-20200630.htm,26a8cd1c0cf3300e699c7c5aec8b35d587671db4883c895183b3014d2f1616a8,FINANCIAL_STATEMENT,CONSOLIDATED_NO_DIMENSION_REPORT_DATE_CONTEXT,False,ALL_PERIODIC_FILINGS,True,True,True
10-Q,2020Q2,2020-08-06,0001501585-20-000035,capex_usd,150000000.0,True,us-gaap:PaymentsToAcquirePropertyPlantAndEquipment,i1db3c7cec9a8482fa2f0d4d4b42f3efd_D20200101-20200630,https://www.sec.gov/Archives/edgar/data/1501585/000150158520000035/hii-20200630.htm,26a8cd1c0cf3300e699c7c5aec8b35d587671db4883c895183b3014d2f1616a8,FINANCIAL_STATEMENT,CONSOLIDATED_NO_DIMENSION_REPORT_DATE_CONTEXT,False,ALL_PERIODIC_FILINGS,True,True,True
10-Q,2020Q2,2020-08-06,0001501585-20-000035,depreciation_amortization_usd,92000000.0,True,us-gaap:Depreciation,i1db3c7cec9a8482fa2f0d4d4b42f3efd_D20200101-20200630,https://www.sec.gov/Archives/edgar/data/1501585/000150158520000035/hii-20200630.htm,26a8cd1c0cf3300e699c7c5aec8b35d587671db4883c895183b3014d2f1616a8,FINANCIAL_STATEMENT,CONSOLIDATED_NO_DIMENSION_REPORT_DATE_CONTEXT,False,ALL_PERIODIC_FILINGS,True,True,True
10-Q,2020Q2,2020-08-06,0001501585-20-000035,research_development_usd,,False,,,https://www.sec.gov/Archives/edgar/data/1501585/000150158520000035/hii-20200630.htm,26a8cd1c0cf3300e699c7c5aec8b35d587671db4883c895183b3014d2f1616a8,NOTE,CONSOLIDATED_NO_DIMENSION_REPORT_DATE_CONTEXT,False,ANNUAL_10K_ONLY,False,False,False
10-Q,2020Q2,2020-08-06,0001501585-20-000035,business_acquisitions_usd,378000000.0,True,us-gaap:PaymentsToAcquireBusinessesNetOfCashAcquired,i1db3c7cec9a8482fa2f0d4d4b42f3efd_D20200101-20200630,https://www.sec.gov/Archives/edgar/data/1501585/000150158520000035/hii-20200630.htm,26a8cd1c0cf3300e699c7c5aec8b35d587671db4883c895183b3014d2f1616a8,NOTE,CONSOLIDATED_NO_DIMENSION_REPORT_DATE_CONTEXT,False,EVENT_CONDITIONAL_NOT_SCORED,True,False,False
10-Q,2020Q2,2020-08-06,0001501585-20-000035,receivables_usd,,False,,,https://www.sec.gov/Archives/edgar/data/1501585/000150158520000035/hii-20200630.htm,26a8cd1c0cf3300e699c7c5aec8b35d587671db4883c895183b3014d2f1616a8,FINANCIAL_STATEMENT,CONSOLIDATED_NO_DIMENSION_REPORT_DATE_CONTEXT,False,ALL_PERIODIC_FILINGS,False,True,False
10-Q,2020Q2,2020-08-06,0001501585-20-000035,inventory_usd,160000000.0,True,us-gaap:InventoryNetOfAllowancesCustomerAdvancesAndProgressBillings,i242b491145af47bb8bd5b1e82def2736_I20200630,https://www.sec.gov/Archives/edgar/data/1501585/000150158520000035/hii-20200630.htm,26a8cd1c0cf3300e699c7c5aec8b35d587671db4883c895183b3014d2f1616a8,FINANCIAL_STATEMENT,CONSOLIDATED_NO_DIMENSION_REPORT_DATE_CONTEXT,False,ALL_PERIODIC_FILINGS,True,True,True
10-Q,2020Q2,2020-08-06,0001501585-20-000035,accounts_payable_usd,437000000.0,True,us-gaap:AccountsPayableCurrent,i242b491145af47bb8bd5b1e82def2736_I20200630,https://www.sec.gov/Archives/edgar/data/1501585/000150158520000035/hii-20200630.htm,26a8cd1c0cf3300e699c7c5aec8b35d587671db4883c895183b3014d2f1616a8,FINANCIAL_STATEMENT,CONSOLIDATED_NO_DIMENSION_REPORT_DATE_CONTEXT,False,ALL_PERIODIC_FILINGS,True,True,True
10-Q,2020Q2,2020-08-06,0001501585-20-000035,contract_assets_usd,1134000000.0,True,us-gaap:ContractWithCustomerAssetNet,i242b491145af47bb8bd5b1e82def2736_I20200630,https://www.sec.gov/Archives/edgar/data/1501585/000150158520000035/hii-20200630.htm,26a8cd1c0cf3300e699c7c5aec8b35d587671db4883c895183b3014d2f1616a8,NOTE,CONSOLIDATED_NO_DIMENSION_REPORT_DATE_CONTEXT,False,ALL_PERIODIC_FILINGS,True,True,True
10-Q,2020Q2,2020-08-06,0001501585-20-000035,contract_liabilities_usd,573000000.0,True,us-gaap:ContractWithCustomerLiabilityCurrent,i242b491145af47bb8bd5b1e82def2736_I20200630,https://www.sec.gov/Archives/edgar/data/1501585/000150158520000035/hii-20200630.htm,26a8cd1c0cf3300e699c7c5aec8b35d587671db4883c895183b3014d2f1616a8,NOTE,CONSOLIDATED_NO_DIMENSION_REPORT_DATE_CONTEXT,False,ALL_PERIODIC_FILINGS,True,True,True
10-Q,2020Q2,2020-08-06,0001501585-20-000035,remaining_performance_obligation_usd,46100000000.0,True,us-gaap:RevenueRemainingPerformanceObligation,i242b491145af47bb8bd5b1e82def2736_I20200630,https://www.sec.gov/Archives/edgar/data/1501585/000150158520000035/hii-20200630.htm,26a8cd1c0cf3300e699c7c5aec8b35d587671db4883c895183b3014d2f1616a8,NOTE,CONSOLIDATED_NO_DIMENSION_REPORT_DATE_CONTEXT,False,ALL_PERIODIC_FILINGS,True,True,True
10-Q,2020Q2,2020-08-06,0001501585-20-000035,program_gains_losses_usd,,False,,,https://www.sec.gov/Archives/edgar/data/1501585/000150158520000035/hii-20200630.htm,26a8cd1c0cf3300e699c7c5aec8b35d587671db4883c895183b3014d2f1616a8,NOTE,CONSOLIDATED_NO_DIMENSION_REPORT_DATE_CONTEXT,False,EVENT_CONDITIONAL_NOT_SCORED,False,False,False
10-Q,2020Q2,2020-08-06,0001501585-20-000035,cash_usd,631000000.0,True,us-gaap:CashAndCashEquivalentsAtCarryingValue,i242b491145af47bb8bd5b1e82def2736_I20200630,https://www.sec.gov/Archives/edgar/data/1501585/000150158520000035/hii-20200630.htm,26a8cd1c0cf3300e699c7c5aec8b35d587671db4883c895183b3014d2f1616a8,FINANCIAL_STATEMENT,CONSOLIDATED_NO_DIMENSION_REPORT_DATE_CONTEXT,False,ALL_PERIODIC_FILINGS,True,True,True
10-Q,2020Q2,2020-08-06,0001501585-20-000035,debt_current_usd,0.0,True,DERIVED:CURRENT_DEBT_ZERO_WHEN_NOT_REPORTED,i242b491145af47bb8bd5b1e82def2736_I20200630,https://www.sec.gov/Archives/edgar/data/1501585/000150158520000035/hii-20200630.htm,26a8cd1c0cf3300e699c7c5aec8b35d587671db4883c895183b3014d2f1616a8,FINANCIAL_STATEMENT,ZERO_WHEN_CURRENT_DEBT_NOT_REPORTED_AND_NONCURRENT_DEBT_IS_REPORTED,True,ALL_PERIODIC_FILINGS,False,True,True
10-Q,2020Q2,2020-08-06,0001501585-20-000035,debt_noncurrent_usd,2276000000.0,True,us-gaap:LongTermDebtNoncurrent,i242b491145af47bb8bd5b1e82def2736_I20200630,https://www.sec.gov/Archives/edgar/data/1501585/000150158520000035/hii-20200630.htm,26a8cd1c0cf3300e699c7c5aec8b35d587671db4883c895183b3014d2f1616a8,FINANCIAL_STATEMENT,CONSOLIDATED_NO_DIMENSION_REPORT_DATE_CONTEXT,False,ALL_PERIODIC_FILINGS,True,True,True
10-Q,2020Q2,2020-08-06,0001501585-20-000035,equity_usd,,False,,,https://www.sec.gov/Archives/edgar/data/1501585/000150158520000035/hii-20200630.htm,26a8cd1c0cf3300e699c7c5aec8b35d587671db4883c895183b3014d2f1616a8,FINANCIAL_STATEMENT,CONSOLIDATED_NO_DIMENSION_REPORT_DATE_CONTEXT,False,ALL_PERIODIC_FILINGS,False,True,False
10-Q,2020Q2,2020-08-06,0001501585-20-000035,goodwill_usd,1576000000.0,True,us-gaap:Goodwill,i242b491145af47bb8bd5b1e82def2736_I20200630,https://www.sec.gov/Archives/edgar/data/1501585/000150158520000035/hii-20200630.htm,26a8cd1c0cf3300e699c7c5aec8b35d587671db4883c895183b3014d2f1616a8,FINANCIAL_STATEMENT,CONSOLIDATED_NO_DIMENSION_REPORT_DATE_CONTEXT,False,ALL_PERIODIC_FILINGS,True,True,True
10-Q,2020Q2,2020-08-06,0001501585-20-000035,intangibles_ex_goodwill_usd,,False,,,https://www.sec.gov/Archives/edgar/data/1501585/000150158520000035/hii-20200630.htm,26a8cd1c0cf3300e699c7c5aec8b35d587671db4883c895183b3014d2f1616a8,FINANCIAL_STATEMENT,CONSOLIDATED_NO_DIMENSION_REPORT_DATE_CONTEXT,False,ALL_PERIODIC_FILINGS,False,True,False
10-Q,2020Q2,2020-08-06,0001501585-20-000035,pension_liability_usd,882000000.0,True,us-gaap:DefinedBenefitPensionPlanLiabilitiesNoncurrent,i242b491145af47bb8bd5b1e82def2736_I20200630,https://www.sec.gov/Archives/edgar/data/1501585/000150158520000035/hii-20200630.htm,26a8cd1c0cf3300e699c7c5aec8b35d587671db4883c895183b3014d2f1616a8,NOTE,CONSOLIDATED_NO_DIMENSION_REPORT_DATE_CONTEXT,False,ALL_PERIODIC_FILINGS,True,True,True
10-Q,2020Q2,2020-08-06,0001501585-20-000035,fas_cas_pension_adjustment_usd,,False,,,https://www.sec.gov/Archives/edgar/data/1501585/000150158520000035/hii-20200630.htm,26a8cd1c0cf3300e699c7c5aec8b35d587671db4883c895183b3014d2f1616a8,NOTE,CONSOLIDATED_NO_DIMENSION_REPORT_DATE_CONTEXT,False,DISCLOSURE_REGIME_ONLY,False,False,False
10-Q,2020Q3,2020-11-05,0001501585-20-000042,revenue_usd,6604000000.0,True,us-gaap:Revenues,i66885642ee6647e1b32c028c205450f7_D20200101-20200930,https://www.sec.gov/Archives/edgar/data/1501585/000150158520000042/hii-20200930.htm,99ba70d2164893b5aed993a656ad04f02c99efffe2ef1e13b93a0c2e376431ec,FINANCIAL_STATEMENT,CONSOLIDATED_NO_DIMENSION_REPORT_DATE_CONTEXT,False,ALL_PERIODIC_FILINGS,True,True,True
10-Q,2020Q3,2020-11-05,0001501585-20-000042,operating_income_usd,494000000.0,True,us-gaap:OperatingIncomeLoss,i66885642ee6647e1b32c028c205450f7_D20200101-20200930,https://www.sec.gov/Archives/edgar/data/1501585/000150158520000042/hii-20200930.htm,99ba70d2164893b5aed993a656ad04f02c99efffe2ef1e13b93a0c2e376431ec,FINANCIAL_STATEMENT,CONSOLIDATED_NO_DIMENSION_REPORT_DATE_CONTEXT,False,ALL_PERIODIC_FILINGS,True,True,True
10-Q,2020Q3,2020-11-05,0001501585-20-000042,pretax_income_usd,507000000.0,True,us-gaap:IncomeLossFromContinuingOperationsBeforeIncomeTaxesExtraordinaryItemsNoncontrollingInterest,i66885642ee6647e1b32c028c205450f7_D20200101-20200930,https://www.sec.gov/Archives/edgar/data/1501585/000150158520000042/hii-20200930.htm,99ba70d2164893b5aed993a656ad04f02c99efffe2ef1e13b93a0c2e376431ec,FINANCIAL_STATEMENT,CONSOLIDATED_NO_DIMENSION_REPORT_DATE_CONTEXT,False,ALL_PERIODIC_FILINGS,True,True,True
10-Q,2020Q3,2020-11-05,0001501585-20-000042,income_tax_usd,60000000.0,True,us-gaap:IncomeTaxExpenseBenefit,i66885642ee6647e1b32c028c205450f7_D20200101-20200930,https://www.sec.gov/Archives/edgar/data/1501585/000150158520000042/hii-20200930.htm,99ba70d2164893b5aed993a656ad04f02c99efffe2ef1e13b93a0c2e376431ec,FINANCIAL_STATEMENT,CONSOLIDATED_NO_DIMENSION_REPORT_DATE_CONTEXT,False,ALL_PERIODIC_FILINGS,True,True,True
10-Q,2020Q3,2020-11-05,0001501585-20-000042,cfo_usd,491000000.0,True,us-gaap:NetCashProvidedByUsedInOperatingActivities,i66885642ee6647e1b32c028c205450f7_D20200101-20200930,https://www.sec.gov/Archives/edgar/data/1501585/000150158520000042/hii-20200930.htm,99ba70d2164893b5aed993a656ad04f02c99efffe2ef1e13b93a0c2e376431ec,FINANCIAL_STATEMENT,CONSOLIDATED_NO_DIMENSION_REPORT_DATE_CONTEXT,False,ALL_PERIODIC_FILINGS,True,True,True
10-Q,2020Q3,2020-11-05,0001501585-20-000042,capex_usd,220000000.0,True,us-gaap:PaymentsToAcquirePropertyPlantAndEquipment,i66885642ee6647e1b32c028c205450f7_D20200101-20200930,https://www.sec.gov/Archives/edgar/data/1501585/000150158520000042/hii-20200930.htm,99ba70d2164893b5aed993a656ad04f02c99efffe2ef1e13b93a0c2e376431ec,FINANCIAL_STATEMENT,CONSOLIDATED_NO_DIMENSION_REPORT_DATE_CONTEXT,False,ALL_PERIODIC_FILINGS,True,True,True
10-Q,2020Q3,2020-11-05,0001501585-20-000042,depreciation_amortization_usd,136000000.0,True,us-gaap:Depreciation,i66885642ee6647e1b32c028c205450f7_D20200101-20200930,https://www.sec.gov/Archives/edgar/data/1501585/000150158520000042/hii-20200930.htm,99ba70d2164893b5aed993a656ad04f02c99efffe2ef1e13b93a0c2e376431ec,FINANCIAL_STATEMENT,CONSOLIDATED_NO_DIMENSION_REPORT_DATE_CONTEXT,False,ALL_PERIODIC_FILINGS,True,True,True
10-Q,2020Q3,2020-11-05,0001501585-20-000042,research_development_usd,,False,,,https://www.sec.gov/Archives/edgar/data/1501585/000150158520000042/hii-20200930.htm,99ba70d2164893b5aed993a656ad04f02c99efffe2ef1e13b93a0c2e376431ec,NOTE,CONSOLIDATED_NO_DIMENSION_REPORT_DATE_CONTEXT,False,ANNUAL_10K_ONLY,False,False,False
10-Q,2020Q3,2020-11-05,0001501585-20-000042,business_acquisitions_usd,377000000.0,True,us-gaap:PaymentsToAcquireBusinessesNetOfCashAcquired,i66885642ee6647e1b32c028c205450f7_D20200101-20200930,https://www.sec.gov/Archives/edgar/data/1501585/000150158520000042/hii-20200930.htm,99ba70d2164893b5aed993a656ad04f02c99efffe2ef1e13b93a0c2e376431ec,NOTE,CONSOLIDATED_NO_DIMENSION_REPORT_DATE_CONTEXT,False,EVENT_CONDITIONAL_NOT_SCORED,True,False,False
10-Q,2020Q3,2020-11-05,0001501585-20-000042,receivables_usd,,False,,,https://www.sec.gov/Archives/edgar/data/1501585/000150158520000042/hii-20200930.htm,99ba70d2164893b5aed993a656ad04f02c99efffe2ef1e13b93a0c2e376431ec,FINANCIAL_STATEMENT,CONSOLIDATED_NO_DIMENSION_REPORT_DATE_CONTEXT,False,ALL_PERIODIC_FILINGS,False,True,False
10-Q,2020Q3,2020-11-05,0001501585-20-000042,inventory_usd,152000000.0,True,us-gaap:InventoryNetOfAllowancesCustomerAdvancesAndProgressBillings,i45270b2868024eea913be455fb509cb4_I20200930,https://www.sec.gov/Archives/edgar/data/1501585/000150158520000042/hii-20200930.htm,99ba70d2164893b5aed993a656ad04f02c99efffe2ef1e13b93a0c2e376431ec,FINANCIAL_STATEMENT,CONSOLIDATED_NO_DIMENSION_REPORT_DATE_CONTEXT,False,ALL_PERIODIC_FILINGS,True,True,True
10-Q,2020Q3,2020-11-05,0001501585-20-000042,accounts_payable_usd,429000000.0,True,us-gaap:AccountsPayableCurrent,i45270b2868024eea913be455fb509cb4_I20200930,https://www.sec.gov/Archives/edgar/data/1501585/000150158520000042/hii-20200930.htm,99ba70d2164893b5aed993a656ad04f02c99efffe2ef1e13b93a0c2e376431ec,FINANCIAL_STATEMENT,CONSOLIDATED_NO_DIMENSION_REPORT_DATE_CONTEXT,False,ALL_PERIODIC_FILINGS,True,True,True
10-Q,2020Q3,2020-11-05,0001501585-20-000042,contract_assets_usd,1134000000.0,True,us-gaap:ContractWithCustomerAssetNet,i45270b2868024eea913be455fb509cb4_I20200930,https://www.sec.gov/Archives/edgar/data/1501585/000150158520000042/hii-20200930.htm,99ba70d2164893b5aed993a656ad04f02c99efffe2ef1e13b93a0c2e376431ec,NOTE,CONSOLIDATED_NO_DIMENSION_REPORT_DATE_CONTEXT,False,ALL_PERIODIC_FILINGS,True,True,True
10-Q,2020Q3,2020-11-05,0001501585-20-000042,contract_liabilities_usd,604000000.0,True,us-gaap:ContractWithCustomerLiabilityCurrent,i45270b2868024eea913be455fb509cb4_I20200930,https://www.sec.gov/Archives/edgar/data/1501585/000150158520000042/hii-20200930.htm,99ba70d2164893b5aed993a656ad04f02c99efffe2ef1e13b93a0c2e376431ec,NOTE,CONSOLIDATED_NO_DIMENSION_REPORT_DATE_CONTEXT,False,ALL_PERIODIC_FILINGS,True,True,True
10-Q,2020Q3,2020-11-05,0001501585-20-000042,remaining_performance_obligation_usd,45300000000.0,True,us-gaap:RevenueRemainingPerformanceObligation,i45270b2868024eea913be455fb509cb4_I20200930,https://www.sec.gov/Archives/edgar/data/1501585/000150158520000042/hii-20200930.htm,99ba70d2164893b5aed993a656ad04f02c99efffe2ef1e13b93a0c2e376431ec,NOTE,CONSOLIDATED_NO_DIMENSION_REPORT_DATE_CONTEXT,False,ALL_PERIODIC_FILINGS,True,True,True
10-Q,2020Q3,2020-11-05,0001501585-20-000042,program_gains_losses_usd,,False,,,https://www.sec.gov/Archives/edgar/data/1501585/000150158520000042/hii-20200930.htm,99ba70d2164893b5aed993a656ad04f02c99efffe2ef1e13b93a0c2e376431ec,NOTE,CONSOLIDATED_NO_DIMENSION_REPORT_DATE_CONTEXT,False,EVENT_CONDITIONAL_NOT_SCORED,False,False,False
10-Q,2020Q3,2020-11-05,0001501585-20-000042,cash_usd,744000000.0,True,us-gaap:CashAndCashEquivalentsAtCarryingValue,i45270b2868024eea913be455fb509cb4_I20200930,https://www.sec.gov/Archives/edgar/data/1501585/000150158520000042/hii-20200930.htm,99ba70d2164893b5aed993a656ad04f02c99efffe2ef1e13b93a0c2e376431ec,FINANCIAL_STATEMENT,CONSOLIDATED_NO_DIMENSION_REPORT_DATE_CONTEXT,False,ALL_PERIODIC_FILINGS,True,True,True
10-Q,2020Q3,2020-11-05,0001501585-20-000042,debt_current_usd,0.0,True,DERIVED:CURRENT_DEBT_ZERO_WHEN_NOT_REPORTED,i45270b2868024eea913be455fb509cb4_I20200930,https://www.sec.gov/Archives/edgar/data/1501585/000150158520000042/hii-20200930.htm,99ba70d2164893b5aed993a656ad04f02c99efffe2ef1e13b93a0c2e376431ec,FINANCIAL_STATEMENT,ZERO_WHEN_CURRENT_DEBT_NOT_REPORTED_AND_NONCURRENT_DEBT_IS_REPORTED,True,ALL_PERIODIC_FILINGS,False,True,True
10-Q,2020Q3,2020-11-05,0001501585-20-000042,debt_noncurrent_usd,2278000000.0,True,us-gaap:LongTermDebtNoncurrent,i45270b2868024eea913be455fb509cb4_I20200930,https://www.sec.gov/Archives/edgar/data/1501585/000150158520000042/hii-20200930.htm,99ba70d2164893b5aed993a656ad04f02c99efffe2ef1e13b93a0c2e376431ec,FINANCIAL_STATEMENT,CONSOLIDATED_NO_DIMENSION_REPORT_DATE_CONTEXT,False,ALL_PERIODIC_FILINGS,True,True,True
10-Q,2020Q3,2020-11-05,0001501585-20-000042,equity_usd,,False,,,https://www.sec.gov/Archives/edgar/data/1501585/000150158520000042/hii-20200930.htm,99ba70d2164893b5aed993a656ad04f02c99efffe2ef1e13b93a0c2e376431ec,FINANCIAL_STATEMENT,CONSOLIDATED_NO_DIMENSION_REPORT_DATE_CONTEXT,False,ALL_PERIODIC_FILINGS,False,True,False
10-Q,2020Q3,2020-11-05,0001501585-20-000042,goodwill_usd,1577000000.0,True,us-gaap:Goodwill,i45270b2868024eea913be455fb509cb4_I20200930,https://www.sec.gov/Archives/edgar/data/1501585/000150158520000042/hii-20200930.htm,99ba70d2164893b5aed993a656ad04f02c99efffe2ef1e13b93a0c2e376431ec,FINANCIAL_STATEMENT,CONSOLIDATED_NO_DIMENSION_REPORT_DATE_CONTEXT,False,ALL_PERIODIC_FILINGS,True,True,True
10-Q,2020Q3,2020-11-05,0001501585-20-000042,intangibles_ex_goodwill_usd,,False,,,https://www.sec.gov/Archives/edgar/data/1501585/000150158520000042/hii-20200930.htm,99ba70d2164893b5aed993a656ad04f02c99efffe2ef1e13b93a0c2e376431ec,FINANCIAL_STATEMENT,CONSOLIDATED_NO_DIMENSION_REPORT_DATE_CONTEXT,False,ALL_PERIODIC_FILINGS,False,True,False
10-Q,2020Q3,2020-11-05,0001501585-20-000042,pension_liability_usd,728000000.0,True,us-gaap:DefinedBenefitPensionPlanLiabilitiesNoncurrent,i45270b2868024eea913be455fb509cb4_I20200930,https://www.sec.gov/Archives/edgar/data/1501585/000150158520000042/hii-20200930.htm,99ba70d2164893b5aed993a656ad04f02c99efffe2ef1e13b93a0c2e376431ec,NOTE,CONSOLIDATED_NO_DIMENSION_REPORT_DATE_CONTEXT,False,ALL_PERIODIC_FILINGS,True,True,True
10-Q,2020Q3,2020-11-05,0001501585-20-000042,fas_cas_pension_adjustment_usd,,False,,,https://www.sec.gov/Archives/edgar/data/1501585/000150158520000042/hii-20200930.htm,99ba70d2164893b5aed993a656ad04f02c99efffe2ef1e13b93a0c2e376431ec,NOTE,CONSOLIDATED_NO_DIMENSION_REPORT_DATE_CONTEXT,False,DISCLOSURE_REGIME_ONLY,False,False,False
10-K,2020Q4,2021-02-11,0001501585-21-000008,revenue_usd,9361000000.0,True,us-gaap:Revenues,ie8311fe04ada44c48d9ec73178fc5844_D20200101-20201231,https://www.sec.gov/Archives/edgar/data/1501585/000150158521000008/hii-20201231.htm,c36fb47b2ccff954dee7a6dea7f83b6d16bced0de0451ba8b50c964590a018c8,FINANCIAL_STATEMENT,CONSOLIDATED_NO_DIMENSION_REPORT_DATE_CONTEXT,False,ALL_PERIODIC_FILINGS,True,True,True
10-K,2020Q4,2021-02-11,0001501585-21-000008,operating_income_usd,799000000.0,True,us-gaap:OperatingIncomeLoss,ie8311fe04ada44c48d9ec73178fc5844_D20200101-20201231,https://www.sec.gov/Archives/edgar/data/1501585/000150158521000008/hii-20201231.htm,c36fb47b2ccff954dee7a6dea7f83b6d16bced0de0451ba8b50c964590a018c8,FINANCIAL_STATEMENT,CONSOLIDATED_NO_DIMENSION_REPORT_DATE_CONTEXT,False,ALL_PERIODIC_FILINGS,True,True,True
10-K,2020Q4,2021-02-11,0001501585-21-000008,pretax_income_usd,810000000.0,True,us-gaap:IncomeLossFromContinuingOperationsBeforeIncomeTaxesExtraordinaryItemsNoncontrollingInterest,ie8311fe04ada44c48d9ec73178fc5844_D20200101-20201231,https://www.sec.gov/Archives/edgar/data/1501585/000150158521000008/hii-20201231.htm,c36fb47b2ccff954dee7a6dea7f83b6d16bced0de0451ba8b50c964590a018c8,FINANCIAL_STATEMENT,CONSOLIDATED_NO_DIMENSION_REPORT_DATE_CONTEXT,False,ALL_PERIODIC_FILINGS,True,True,True
10-K,2020Q4,2021-02-11,0001501585-21-000008,income_tax_usd,114000000.0,True,us-gaap:IncomeTaxExpenseBenefit,ie8311fe04ada44c48d9ec73178fc5844_D20200101-20201231,https://www.sec.gov/Archives/edgar/data/1501585/000150158521000008/hii-20201231.htm,c36fb47b2ccff954dee7a6dea7f83b6d16bced0de0451ba8b50c964590a018c8,FINANCIAL_STATEMENT,CONSOLIDATED_NO_DIMENSION_REPORT_DATE_CONTEXT,False,ALL_PERIODIC_FILINGS,True,True,True
10-K,2020Q4,2021-02-11,0001501585-21-000008,cfo_usd,1093000000.0,True,us-gaap:NetCashProvidedByUsedInOperatingActivities,ie8311fe04ada44c48d9ec73178fc5844_D20200101-20201231,https://www.sec.gov/Archives/edgar/data/1501585/000150158521000008/hii-20201231.htm,c36fb47b2ccff954dee7a6dea7f83b6d16bced0de0451ba8b50c964590a018c8,FINANCIAL_STATEMENT,CONSOLIDATED_NO_DIMENSION_REPORT_DATE_CONTEXT,False,ALL_PERIODIC_FILINGS,True,True,True
10-K,2020Q4,2021-02-11,0001501585-21-000008,capex_usd,336000000.0,True,us-gaap:PaymentsToAcquireProductiveAssets,ie8311fe04ada44c48d9ec73178fc5844_D20200101-20201231,https://www.sec.gov/Archives/edgar/data/1501585/000150158521000008/hii-20201231.htm,c36fb47b2ccff954dee7a6dea7f83b6d16bced0de0451ba8b50c964590a018c8,FINANCIAL_STATEMENT,CONSOLIDATED_NO_DIMENSION_REPORT_DATE_CONTEXT,False,ALL_PERIODIC_FILINGS,True,True,True
10-K,2020Q4,2021-02-11,0001501585-21-000008,depreciation_amortization_usd,191000000.0,True,us-gaap:Depreciation,ie8311fe04ada44c48d9ec73178fc5844_D20200101-20201231,https://www.sec.gov/Archives/edgar/data/1501585/000150158521000008/hii-20201231.htm,c36fb47b2ccff954dee7a6dea7f83b6d16bced0de0451ba8b50c964590a018c8,FINANCIAL_STATEMENT,CONSOLIDATED_NO_DIMENSION_REPORT_DATE_CONTEXT,False,ALL_PERIODIC_FILINGS,True,True,True
10-K,2020Q4,2021-02-11,0001501585-21-000008,research_development_usd,31000000.0,True,us-gaap:ResearchAndDevelopmentExpense,ie8311fe04ada44c48d9ec73178fc5844_D20200101-20201231,https://www.sec.gov/Archives/edgar/data/1501585/000150158521000008/hii-20201231.htm,c36fb47b2ccff954dee7a6dea7f83b6d16bced0de0451ba8b50c964590a018c8,NOTE,CONSOLIDATED_NO_DIMENSION_REPORT_DATE_CONTEXT,False,ANNUAL_10K_ONLY,True,True,True
10-K,2020Q4,2021-02-11,0001501585-21-000008,business_acquisitions_usd,417000000.0,True,us-gaap:PaymentsToAcquireBusinessesNetOfCashAcquired,ie8311fe04ada44c48d9ec73178fc5844_D20200101-20201231,https://www.sec.gov/Archives/edgar/data/1501585/000150158521000008/hii-20201231.htm,c36fb47b2ccff954dee7a6dea7f83b6d16bced0de0451ba8b50c964590a018c8,NOTE,CONSOLIDATED_NO_DIMENSION_REPORT_DATE_CONTEXT,False,EVENT_CONDITIONAL_NOT_SCORED,True,False,False
10-K,2020Q4,2021-02-11,0001501585-21-000008,receivables_usd,,False,,,https://www.sec.gov/Archives/edgar/data/1501585/000150158521000008/hii-20201231.htm,c36fb47b2ccff954dee7a6dea7f83b6d16bced0de0451ba8b50c964590a018c8,FINANCIAL_STATEMENT,CONSOLIDATED_NO_DIMENSION_REPORT_DATE_CONTEXT,False,ALL_PERIODIC_FILINGS,False,True,False
10-K,2020Q4,2021-02-11,0001501585-21-000008,inventory_usd,137000000.0,True,us-gaap:InventoryNetOfAllowancesCustomerAdvancesAndProgressBillings,i64658d716cbd44c5a3ea0e016b2561a6_I20201231,https://www.sec.gov/Archives/edgar/data/1501585/000150158521000008/hii-20201231.htm,c36fb47b2ccff954dee7a6dea7f83b6d16bced0de0451ba8b50c964590a018c8,FINANCIAL_STATEMENT,CONSOLIDATED_NO_DIMENSION_REPORT_DATE_CONTEXT,False,ALL_PERIODIC_FILINGS,True,True,True
10-K,2020Q4,2021-02-11,0001501585-21-000008,accounts_payable_usd,460000000.0,True,us-gaap:AccountsPayableCurrent,i64658d716cbd44c5a3ea0e016b2561a6_I20201231,https://www.sec.gov/Archives/edgar/data/1501585/000150158521000008/hii-20201231.htm,c36fb47b2ccff954dee7a6dea7f83b6d16bced0de0451ba8b50c964590a018c8,FINANCIAL_STATEMENT,CONSOLIDATED_NO_DIMENSION_REPORT_DATE_CONTEXT,False,ALL_PERIODIC_FILINGS,True,True,True
10-K,2020Q4,2021-02-11,0001501585-21-000008,contract_assets_usd,1049000000.0,True,us-gaap:ContractWithCustomerAssetNet,i64658d716cbd44c5a3ea0e016b2561a6_I20201231,https://www.sec.gov/Archives/edgar/data/1501585/000150158521000008/hii-20201231.htm,c36fb47b2ccff954dee7a6dea7f83b6d16bced0de0451ba8b50c964590a018c8,NOTE,CONSOLIDATED_NO_DIMENSION_REPORT_DATE_CONTEXT,False,ALL_PERIODIC_FILINGS,True,True,True
10-K,2020Q4,2021-02-11,0001501585-21-000008,contract_liabilities_usd,,False,,,https://www.sec.gov/Archives/edgar/data/1501585/000150158521000008/hii-20201231.htm,c36fb47b2ccff954dee7a6dea7f83b6d16bced0de0451ba8b50c964590a018c8,NOTE,CONSOLIDATED_NO_DIMENSION_REPORT_DATE_CONTEXT,False,ALL_PERIODIC_FILINGS,False,True,False
10-K,2020Q4,2021-02-11,0001501585-21-000008,remaining_performance_obligation_usd,46000000000.0,True,us-gaap:RevenueRemainingPerformanceObligation,i64658d716cbd44c5a3ea0e016b2561a6_I20201231,https://www.sec.gov/Archives/edgar/data/1501585/000150158521000008/hii-20201231.htm,c36fb47b2ccff954dee7a6dea7f83b6d16bced0de0451ba8b50c964590a018c8,NOTE,CONSOLIDATED_NO_DIMENSION_REPORT_DATE_CONTEXT,False,ALL_PERIODIC_FILINGS,True,True,True
10-K,2020Q4,2021-02-11,0001501585-21-000008,program_gains_losses_usd,,False,,,https://www.sec.gov/Archives/edgar/data/1501585/000150158521000008/hii-20201231.htm,c36fb47b2ccff954dee7a6dea7f83b6d16bced0de0451ba8b50c964590a018c8,NOTE,CONSOLIDATED_NO_DIMENSION_REPORT_DATE_CONTEXT,False,EVENT_CONDITIONAL_NOT_SCORED,False,False,False
10-K,2020Q4,2021-02-11,0001501585-21-000008,cash_usd,512000000.0,True,us-gaap:CashAndCashEquivalentsAtCarryingValue,i64658d716cbd44c5a3ea0e016b2561a6_I20201231,https://www.sec.gov/Archives/edgar/data/1501585/000150158521000008/hii-20201231.htm,c36fb47b2ccff954dee7a6dea7f83b6d16bced0de0451ba8b50c964590a018c8,FINANCIAL_STATEMENT,CONSOLIDATED_NO_DIMENSION_REPORT_DATE_CONTEXT,False,ALL_PERIODIC_FILINGS,True,True,True
10-K,2020Q4,2021-02-11,0001501585-21-000008,debt_current_usd,0.0,True,DERIVED:CURRENT_DEBT_ZERO_WHEN_NOT_REPORTED,i64658d716cbd44c5a3ea0e016b2561a6_I20201231,https://www.sec.gov/Archives/edgar/data/1501585/000150158521000008/hii-20201231.htm,c36fb47b2ccff954dee7a6dea7f83b6d16bced0de0451ba8b50c964590a018c8,FINANCIAL_STATEMENT,ZERO_WHEN_CURRENT_DEBT_NOT_REPORTED_AND_NONCURRENT_DEBT_IS_REPORTED,True,ALL_PERIODIC_FILINGS,False,True,True
10-K,2020Q4,2021-02-11,0001501585-21-000008,debt_noncurrent_usd,1686000000.0,True,us-gaap:LongTermDebtNoncurrent,i64658d716cbd44c5a3ea0e016b2561a6_I20201231,https://www.sec.gov/Archives/edgar/data/1501585/000150158521000008/hii-20201231.htm,c36fb47b2ccff954dee7a6dea7f83b6d16bced0de0451ba8b50c964590a018c8,FINANCIAL_STATEMENT,CONSOLIDATED_NO_DIMENSION_REPORT_DATE_CONTEXT,False,ALL_PERIODIC_FILINGS,True,True,True
10-K,2020Q4,2021-02-11,0001501585-21-000008,equity_usd,1901000000.0,True,us-gaap:StockholdersEquity,i64658d716cbd44c5a3ea0e016b2561a6_I20201231,https://www.sec.gov/Archives/edgar/data/1501585/000150158521000008/hii-20201231.htm,c36fb47b2ccff954dee7a6dea7f83b6d16bced0de0451ba8b50c964590a018c8,FINANCIAL_STATEMENT,CONSOLIDATED_NO_DIMENSION_REPORT_DATE_CONTEXT,False,ALL_PERIODIC_FILINGS,True,True,True
10-K,2020Q4,2021-02-11,0001501585-21-000008,goodwill_usd,1617000000.0,True,us-gaap:Goodwill,i64658d716cbd44c5a3ea0e016b2561a6_I20201231,https://www.sec.gov/Archives/edgar/data/1501585/000150158521000008/hii-20201231.htm,c36fb47b2ccff954dee7a6dea7f83b6d16bced0de0451ba8b50c964590a018c8,FINANCIAL_STATEMENT,CONSOLIDATED_NO_DIMENSION_REPORT_DATE_CONTEXT,False,ALL_PERIODIC_FILINGS,True,True,True
10-K,2020Q4,2021-02-11,0001501585-21-000008,intangibles_ex_goodwill_usd,,False,,,https://www.sec.gov/Archives/edgar/data/1501585/000150158521000008/hii-20201231.htm,c36fb47b2ccff954dee7a6dea7f83b6d16bced0de0451ba8b50c964590a018c8,FINANCIAL_STATEMENT,CONSOLIDATED_NO_DIMENSION_REPORT_DATE_CONTEXT,False,ALL_PERIODIC_FILINGS,False,True,False
10-K,2020Q4,2021-02-11,0001501585-21-000008,pension_liability_usd,960000000.0,True,us-gaap:DefinedBenefitPensionPlanLiabilitiesNoncurrent,i64658d716cbd44c5a3ea0e016b2561a6_I20201231,https://www.sec.gov/Archives/edgar/data/1501585/000150158521000008/hii-20201231.htm,c36fb47b2ccff954dee7a6dea7f83b6d16bced0de0451ba8b50c964590a018c8,NOTE,CONSOLIDATED_NO_DIMENSION_REPORT_DATE_CONTEXT,False,ALL_PERIODIC_FILINGS,True,True,True
10-K,2020Q4,2021-02-11,0001501585-21-000008,fas_cas_pension_adjustment_usd,,False,,,https://www.sec.gov/Archives/edgar/data/1501585/000150158521000008/hii-20201231.htm,c36fb47b2ccff954dee7a6dea7f83b6d16bced0de0451ba8b50c964590a018c8,NOTE,CONSOLIDATED_NO_DIMENSION_REPORT_DATE_CONTEXT,False,DISCLOSURE_REGIME_ONLY,False,False,False
10-Q,2021Q1,2021-05-06,0001501585-21-000018,revenue_usd,2278000000.0,True,us-gaap:Revenues,ice094f17a0074d5c9ea7435540bc5b89_D20210101-20210331,https://www.sec.gov/Archives/edgar/data/1501585/000150158521000018/hii-20210331.htm,d214a14aa150b01157d383205dc3c2564c50833b33db3ce5d7f1629c4785fdc1,FINANCIAL_STATEMENT,CONSOLIDATED_NO_DIMENSION_REPORT_DATE_CONTEXT,False,ALL_PERIODIC_FILINGS,True,True,True
10-Q,2021Q1,2021-05-06,0001501585-21-000018,operating_income_usd,147000000.0,True,us-gaap:OperatingIncomeLoss,ice094f17a0074d5c9ea7435540bc5b89_D20210101-20210331,https://www.sec.gov/Archives/edgar/data/1501585/000150158521000018/hii-20210331.htm,d214a14aa150b01157d383205dc3c2564c50833b33db3ce5d7f1629c4785fdc1,FINANCIAL_STATEMENT,CONSOLIDATED_NO_DIMENSION_REPORT_DATE_CONTEXT,False,ALL_PERIODIC_FILINGS,True,True,True
10-Q,2021Q1,2021-05-06,0001501585-21-000018,pretax_income_usd,173000000.0,True,us-gaap:IncomeLossFromContinuingOperationsBeforeIncomeTaxesExtraordinaryItemsNoncontrollingInterest,ice094f17a0074d5c9ea7435540bc5b89_D20210101-20210331,https://www.sec.gov/Archives/edgar/data/1501585/000150158521000018/hii-20210331.htm,d214a14aa150b01157d383205dc3c2564c50833b33db3ce5d7f1629c4785fdc1,FINANCIAL_STATEMENT,CONSOLIDATED_NO_DIMENSION_REPORT_DATE_CONTEXT,False,ALL_PERIODIC_FILINGS,True,True,True
10-Q,2021Q1,2021-05-06,0001501585-21-000018,income_tax_usd,25000000.0,True,us-gaap:IncomeTaxExpenseBenefit,ice094f17a0074d5c9ea7435540bc5b89_D20210101-20210331,https://www.sec.gov/Archives/edgar/data/1501585/000150158521000018/hii-20210331.htm,d214a14aa150b01157d383205dc3c2564c50833b33db3ce5d7f1629c4785fdc1,FINANCIAL_STATEMENT,CONSOLIDATED_NO_DIMENSION_REPORT_DATE_CONTEXT,False,ALL_PERIODIC_FILINGS,True,True,True
10-Q,2021Q1,2021-05-06,0001501585-21-000018,cfo_usd,43000000.0,True,us-gaap:NetCashProvidedByUsedInOperatingActivities,ice094f17a0074d5c9ea7435540bc5b89_D20210101-20210331,https://www.sec.gov/Archives/edgar/data/1501585/000150158521000018/hii-20210331.htm,d214a14aa150b01157d383205dc3c2564c50833b33db3ce5d7f1629c4785fdc1,FINANCIAL_STATEMENT,CONSOLIDATED_NO_DIMENSION_REPORT_DATE_CONTEXT,False,ALL_PERIODIC_FILINGS,True,True,True
10-Q,2021Q1,2021-05-06,0001501585-21-000018,capex_usd,60000000.0,True,us-gaap:PaymentsToAcquirePropertyPlantAndEquipment,ice094f17a0074d5c9ea7435540bc5b89_D20210101-20210331,https://www.sec.gov/Archives/edgar/data/1501585/000150158521000018/hii-20210331.htm,d214a14aa150b01157d383205dc3c2564c50833b33db3ce5d7f1629c4785fdc1,FINANCIAL_STATEMENT,CONSOLIDATED_NO_DIMENSION_REPORT_DATE_CONTEXT,False,ALL_PERIODIC_FILINGS,True,True,True
10-Q,2021Q1,2021-05-06,0001501585-21-000018,depreciation_amortization_usd,52000000.0,True,us-gaap:Depreciation,ice094f17a0074d5c9ea7435540bc5b89_D20210101-20210331,https://www.sec.gov/Archives/edgar/data/1501585/000150158521000018/hii-20210331.htm,d214a14aa150b01157d383205dc3c2564c50833b33db3ce5d7f1629c4785fdc1,FINANCIAL_STATEMENT,CONSOLIDATED_NO_DIMENSION_REPORT_DATE_CONTEXT,False,ALL_PERIODIC_FILINGS,True,True,True
10-Q,2021Q1,2021-05-06,0001501585-21-000018,research_development_usd,,False,,,https://www.sec.gov/Archives/edgar/data/1501585/000150158521000018/hii-20210331.htm,d214a14aa150b01157d383205dc3c2564c50833b33db3ce5d7f1629c4785fdc1,NOTE,CONSOLIDATED_NO_DIMENSION_REPORT_DATE_CONTEXT,False,ANNUAL_10K_ONLY,False,False,False
10-Q,2021Q1,2021-05-06,0001501585-21-000018,business_acquisitions_usd,,False,,,https://www.sec.gov/Archives/edgar/data/1501585/000150158521000018/hii-20210331.htm,d214a14aa150b01157d383205dc3c2564c50833b33db3ce5d7f1629c4785fdc1,NOTE,CONSOLIDATED_NO_DIMENSION_REPORT_DATE_CONTEXT,False,EVENT_CONDITIONAL_NOT_SCORED,True,False,False
10-Q,2021Q1,2021-05-06,0001501585-21-000018,receivables_usd,,False,,,https://www.sec.gov/Archives/edgar/data/1501585/000150158521000018/hii-20210331.htm,d214a14aa150b01157d383205dc3c2564c50833b33db3ce5d7f1629c4785fdc1,FINANCIAL_STATEMENT,CONSOLIDATED_NO_DIMENSION_REPORT_DATE_CONTEXT,False,ALL_PERIODIC_FILINGS,False,True,False
10-Q,2021Q1,2021-05-06,0001501585-21-000018,inventory_usd,142000000.0,True,us-gaap:InventoryNetOfAllowancesCustomerAdvancesAndProgressBillings,ic0ba7b51b2914d0ab18a1b17569f879b_I20210331,https://www.sec.gov/Archives/edgar/data/1501585/000150158521000018/hii-20210331.htm,d214a14aa150b01157d383205dc3c2564c50833b33db3ce5d7f1629c4785fdc1,FINANCIAL_STATEMENT,CONSOLIDATED_NO_DIMENSION_REPORT_DATE_CONTEXT,False,ALL_PERIODIC_FILINGS,True,True,True
10-Q,2021Q1,2021-05-06,0001501585-21-000018,accounts_payable_usd,397000000.0,True,us-gaap:AccountsPayableCurrent,ic0ba7b51b2914d0ab18a1b17569f879b_I20210331,https://www.sec.gov/Archives/edgar/data/1501585/000150158521000018/hii-20210331.htm,d214a14aa150b01157d383205dc3c2564c50833b33db3ce5d7f1629c4785fdc1,FINANCIAL_STATEMENT,CONSOLIDATED_NO_DIMENSION_REPORT_DATE_CONTEXT,False,ALL_PERIODIC_FILINGS,True,True,True
10-Q,2021Q1,2021-05-06,0001501585-21-000018,contract_assets_usd,1288000000.0,True,us-gaap:ContractWithCustomerAssetNet,ic0ba7b51b2914d0ab18a1b17569f879b_I20210331,https://www.sec.gov/Archives/edgar/data/1501585/000150158521000018/hii-20210331.htm,d214a14aa150b01157d383205dc3c2564c50833b33db3ce5d7f1629c4785fdc1,NOTE,CONSOLIDATED_NO_DIMENSION_REPORT_DATE_CONTEXT,False,ALL_PERIODIC_FILINGS,True,True,True
10-Q,2021Q1,2021-05-06,0001501585-21-000018,contract_liabilities_usd,700000000.0,True,us-gaap:ContractWithCustomerLiabilityCurrent,ic0ba7b51b2914d0ab18a1b17569f879b_I20210331,https://www.sec.gov/Archives/edgar/data/1501585/000150158521000018/hii-20210331.htm,d214a14aa150b01157d383205dc3c2564c50833b33db3ce5d7f1629c4785fdc1,NOTE,CONSOLIDATED_NO_DIMENSION_REPORT_DATE_CONTEXT,False,ALL_PERIODIC_FILINGS,True,True,True
10-Q,2021Q1,2021-05-06,0001501585-21-000018,remaining_performance_obligation_usd,48800000000.0,True,us-gaap:RevenueRemainingPerformanceObligation,ic0ba7b51b2914d0ab18a1b17569f879b_I20210331,https://www.sec.gov/Archives/edgar/data/1501585/000150158521000018/hii-20210331.htm,d214a14aa150b01157d383205dc3c2564c50833b33db3ce5d7f1629c4785fdc1,NOTE,CONSOLIDATED_NO_DIMENSION_REPORT_DATE_CONTEXT,False,ALL_PERIODIC_FILINGS,True,True,True
10-Q,2021Q1,2021-05-06,0001501585-21-000018,program_gains_losses_usd,,False,,,https://www.sec.gov/Archives/edgar/data/1501585/000150158521000018/hii-20210331.htm,d214a14aa150b01157d383205dc3c2564c50833b33db3ce5d7f1629c4785fdc1,NOTE,CONSOLIDATED_NO_DIMENSION_REPORT_DATE_CONTEXT,False,EVENT_CONDITIONAL_NOT_SCORED,False,False,False
10-Q,2021Q1,2021-05-06,0001501585-21-000018,cash_usd,407000000.0,True,us-gaap:CashAndCashEquivalentsAtCarryingValue,ic0ba7b51b2914d0ab18a1b17569f879b_I20210331,https://www.sec.gov/Archives/edgar/data/1501585/000150158521000018/hii-20210331.htm,d214a14aa150b01157d383205dc3c2564c50833b33db3ce5d7f1629c4785fdc1,FINANCIAL_STATEMENT,CONSOLIDATED_NO_DIMENSION_REPORT_DATE_CONTEXT,False,ALL_PERIODIC_FILINGS,True,True,True
10-Q,2021Q1,2021-05-06,0001501585-21-000018,debt_current_usd,0.0,True,DERIVED:CURRENT_DEBT_ZERO_WHEN_NOT_REPORTED,ic0ba7b51b2914d0ab18a1b17569f879b_I20210331,https://www.sec.gov/Archives/edgar/data/1501585/000150158521000018/hii-20210331.htm,d214a14aa150b01157d383205dc3c2564c50833b33db3ce5d7f1629c4785fdc1,FINANCIAL_STATEMENT,ZERO_WHEN_CURRENT_DEBT_NOT_REPORTED_AND_NONCURRENT_DEBT_IS_REPORTED,True,ALL_PERIODIC_FILINGS,False,True,True
10-Q,2021Q1,2021-05-06,0001501585-21-000018,debt_noncurrent_usd,1688000000.0,True,us-gaap:LongTermDebtNoncurrent,ic0ba7b51b2914d0ab18a1b17569f879b_I20210331,https://www.sec.gov/Archives/edgar/data/1501585/000150158521000018/hii-20210331.htm,d214a14aa150b01157d383205dc3c2564c50833b33db3ce5d7f1629c4785fdc1,FINANCIAL_STATEMENT,CONSOLIDATED_NO_DIMENSION_REPORT_DATE_CONTEXT,False,ALL_PERIODIC_FILINGS,True,True,True
10-Q,2021Q1,2021-05-06,0001501585-21-000018,equity_usd,,False,,,https://www.sec.gov/Archives/edgar/data/1501585/000150158521000018/hii-20210331.htm,d214a14aa150b01157d383205dc3c2564c50833b33db3ce5d7f1629c4785fdc1,FINANCIAL_STATEMENT,CONSOLIDATED_NO_DIMENSION_REPORT_DATE_CONTEXT,False,ALL_PERIODIC_FILINGS,False,True,False
10-Q,2021Q1,2021-05-06,0001501585-21-000018,goodwill_usd,1604000000.0,True,us-gaap:Goodwill,ic0ba7b51b2914d0ab18a1b17569f879b_I20210331,https://www.sec.gov/Archives/edgar/data/1501585/000150158521000018/hii-20210331.htm,d214a14aa150b01157d383205dc3c2564c50833b33db3ce5d7f1629c4785fdc1,FINANCIAL_STATEMENT,CONSOLIDATED_NO_DIMENSION_REPORT_DATE_CONTEXT,False,ALL_PERIODIC_FILINGS,True,True,True
10-Q,2021Q1,2021-05-06,0001501585-21-000018,intangibles_ex_goodwill_usd,,False,,,https://www.sec.gov/Archives/edgar/data/1501585/000150158521000018/hii-20210331.htm,d214a14aa150b01157d383205dc3c2564c50833b33db3ce5d7f1629c4785fdc1,FINANCIAL_STATEMENT,CONSOLIDATED_NO_DIMENSION_REPORT_DATE_CONTEXT,False,ALL_PERIODIC_FILINGS,False,True,False
10-Q,2021Q1,2021-05-06,0001501585-21-000018,pension_liability_usd,869000000.0,True,us-gaap:DefinedBenefitPensionPlanLiabilitiesNoncurrent,ic0ba7b51b2914d0ab18a1b17569f879b_I20210331,https://www.sec.gov/Archives/edgar/data/1501585/000150158521000018/hii-20210331.htm,d214a14aa150b01157d383205dc3c2564c50833b33db3ce5d7f1629c4785fdc1,NOTE,CONSOLIDATED_NO_DIMENSION_REPORT_DATE_CONTEXT,False,ALL_PERIODIC_FILINGS,True,True,True
10-Q,2021Q1,2021-05-06,0001501585-21-000018,fas_cas_pension_adjustment_usd,,False,,,https://www.sec.gov/Archives/edgar/data/1501585/000150158521000018/hii-20210331.htm,d214a14aa150b01157d383205dc3c2564c50833b33db3ce5d7f1629c4785fdc1,NOTE,CONSOLIDATED_NO_DIMENSION_REPORT_DATE_CONTEXT,False,DISCLOSURE_REGIME_ONLY,False,False,False
10-Q,2021Q2,2021-08-05,0001501585-21-000029,revenue_usd,4509000000.0,True,us-gaap:Revenues,i01f666f5a7264fea9438bc312a56c266_D20210101-20210630,https://www.sec.gov/Archives/edgar/data/1501585/000150158521000029/hii-20210630.htm,ca03ac808581a53939e1004e5252217d4f8d7d1a6a792fd6a021aa4d79f90e7a,FINANCIAL_STATEMENT,CONSOLIDATED_NO_DIMENSION_REPORT_DATE_CONTEXT,False,ALL_PERIODIC_FILINGS,True,True,True
10-Q,2021Q2,2021-08-05,0001501585-21-000029,operating_income_usd,275000000.0,True,us-gaap:OperatingIncomeLoss,i01f666f5a7264fea9438bc312a56c266_D20210101-20210630,https://www.sec.gov/Archives/edgar/data/1501585/000150158521000029/hii-20210630.htm,ca03ac808581a53939e1004e5252217d4f8d7d1a6a792fd6a021aa4d79f90e7a,FINANCIAL_STATEMENT,CONSOLIDATED_NO_DIMENSION_REPORT_DATE_CONTEXT,False,ALL_PERIODIC_FILINGS,True,True,True
10-Q,2021Q2,2021-08-05,0001501585-21-000029,pretax_income_usd,334000000.0,True,us-gaap:IncomeLossFromContinuingOperationsBeforeIncomeTaxesExtraordinaryItemsNoncontrollingInterest,i01f666f5a7264fea9438bc312a56c266_D20210101-20210630,https://www.sec.gov/Archives/edgar/data/1501585/000150158521000029/hii-20210630.htm,ca03ac808581a53939e1004e5252217d4f8d7d1a6a792fd6a021aa4d79f90e7a,FINANCIAL_STATEMENT,CONSOLIDATED_NO_DIMENSION_REPORT_DATE_CONTEXT,False,ALL_PERIODIC_FILINGS,True,True,True
10-Q,2021Q2,2021-08-05,0001501585-21-000029,income_tax_usd,57000000.0,True,us-gaap:IncomeTaxExpenseBenefit,i01f666f5a7264fea9438bc312a56c266_D20210101-20210630,https://www.sec.gov/Archives/edgar/data/1501585/000150158521000029/hii-20210630.htm,ca03ac808581a53939e1004e5252217d4f8d7d1a6a792fd6a021aa4d79f90e7a,FINANCIAL_STATEMENT,CONSOLIDATED_NO_DIMENSION_REPORT_DATE_CONTEXT,False,ALL_PERIODIC_FILINGS,True,True,True
10-Q,2021Q2,2021-08-05,0001501585-21-000029,cfo_usd,139000000.0,True,us-gaap:NetCashProvidedByUsedInOperatingActivities,i01f666f5a7264fea9438bc312a56c266_D20210101-20210630,https://www.sec.gov/Archives/edgar/data/1501585/000150158521000029/hii-20210630.htm,ca03ac808581a53939e1004e5252217d4f8d7d1a6a792fd6a021aa4d79f90e7a,FINANCIAL_STATEMENT,CONSOLIDATED_NO_DIMENSION_REPORT_DATE_CONTEXT,False,ALL_PERIODIC_FILINGS,True,True,True
10-Q,2021Q2,2021-08-05,0001501585-21-000029,capex_usd,134000000.0,True,us-gaap:PaymentsToAcquirePropertyPlantAndEquipment,i01f666f5a7264fea9438bc312a56c266_D20210101-20210630,https://www.sec.gov/Archives/edgar/data/1501585/000150158521000029/hii-20210630.htm,ca03ac808581a53939e1004e5252217d4f8d7d1a6a792fd6a021aa4d79f90e7a,FINANCIAL_STATEMENT,CONSOLIDATED_NO_DIMENSION_REPORT_DATE_CONTEXT,False,ALL_PERIODIC_FILINGS,True,True,True
10-Q,2021Q2,2021-08-05,0001501585-21-000029,depreciation_amortization_usd,102000000.0,True,us-gaap:Depreciation,i01f666f5a7264fea9438bc312a56c266_D20210101-20210630,https://www.sec.gov/Archives/edgar/data/1501585/000150158521000029/hii-20210630.htm,ca03ac808581a53939e1004e5252217d4f8d7d1a6a792fd6a021aa4d79f90e7a,FINANCIAL_STATEMENT,CONSOLIDATED_NO_DIMENSION_REPORT_DATE_CONTEXT,False,ALL_PERIODIC_FILINGS,True,True,True
10-Q,2021Q2,2021-08-05,0001501585-21-000029,research_development_usd,,False,,,https://www.sec.gov/Archives/edgar/data/1501585/000150158521000029/hii-20210630.htm,ca03ac808581a53939e1004e5252217d4f8d7d1a6a792fd6a021aa4d79f90e7a,NOTE,CONSOLIDATED_NO_DIMENSION_REPORT_DATE_CONTEXT,False,ANNUAL_10K_ONLY,False,False,False
10-Q,2021Q2,2021-08-05,0001501585-21-000029,business_acquisitions_usd,,False,,,https://www.sec.gov/Archives/edgar/data/1501585/000150158521000029/hii-20210630.htm,ca03ac808581a53939e1004e5252217d4f8d7d1a6a792fd6a021aa4d79f90e7a,NOTE,CONSOLIDATED_NO_DIMENSION_REPORT_DATE_CONTEXT,False,EVENT_CONDITIONAL_NOT_SCORED,True,False,False
10-Q,2021Q2,2021-08-05,0001501585-21-000029,receivables_usd,,False,,,https://www.sec.gov/Archives/edgar/data/1501585/000150158521000029/hii-20210630.htm,ca03ac808581a53939e1004e5252217d4f8d7d1a6a792fd6a021aa4d79f90e7a,FINANCIAL_STATEMENT,CONSOLIDATED_NO_DIMENSION_REPORT_DATE_CONTEXT,False,ALL_PERIODIC_FILINGS,False,True,False
10-Q,2021Q2,2021-08-05,0001501585-21-000029,inventory_usd,139000000.0,True,us-gaap:InventoryNetOfAllowancesCustomerAdvancesAndProgressBillings,ieab01adce1314df2b8c9bb52b372a918_I20210630,https://www.sec.gov/Archives/edgar/data/1501585/000150158521000029/hii-20210630.htm,ca03ac808581a53939e1004e5252217d4f8d7d1a6a792fd6a021aa4d79f90e7a,FINANCIAL_STATEMENT,CONSOLIDATED_NO_DIMENSION_REPORT_DATE_CONTEXT,False,ALL_PERIODIC_FILINGS,True,True,True
10-Q,2021Q2,2021-08-05,0001501585-21-000029,accounts_payable_usd,349000000.0,True,us-gaap:AccountsPayableCurrent,ieab01adce1314df2b8c9bb52b372a918_I20210630,https://www.sec.gov/Archives/edgar/data/1501585/000150158521000029/hii-20210630.htm,ca03ac808581a53939e1004e5252217d4f8d7d1a6a792fd6a021aa4d79f90e7a,FINANCIAL_STATEMENT,CONSOLIDATED_NO_DIMENSION_REPORT_DATE_CONTEXT,False,ALL_PERIODIC_FILINGS,True,True,True
10-Q,2021Q2,2021-08-05,0001501585-21-000029,contract_assets_usd,1182000000.0,True,us-gaap:ContractWithCustomerAssetNet,ieab01adce1314df2b8c9bb52b372a918_I20210630,https://www.sec.gov/Archives/edgar/data/1501585/000150158521000029/hii-20210630.htm,ca03ac808581a53939e1004e5252217d4f8d7d1a6a792fd6a021aa4d79f90e7a,NOTE,CONSOLIDATED_NO_DIMENSION_REPORT_DATE_CONTEXT,False,ALL_PERIODIC_FILINGS,True,True,True
10-Q,2021Q2,2021-08-05,0001501585-21-000029,contract_liabilities_usd,660000000.0,True,us-gaap:ContractWithCustomerLiabilityCurrent,ieab01adce1314df2b8c9bb52b372a918_I20210630,https://www.sec.gov/Archives/edgar/data/1501585/000150158521000029/hii-20210630.htm,ca03ac808581a53939e1004e5252217d4f8d7d1a6a792fd6a021aa4d79f90e7a,NOTE,CONSOLIDATED_NO_DIMENSION_REPORT_DATE_CONTEXT,False,ALL_PERIODIC_FILINGS,True,True,True
10-Q,2021Q2,2021-08-05,0001501585-21-000029,remaining_performance_obligation_usd,47700000000.0,True,us-gaap:RevenueRemainingPerformanceObligation,ieab01adce1314df2b8c9bb52b372a918_I20210630,https://www.sec.gov/Archives/edgar/data/1501585/000150158521000029/hii-20210630.htm,ca03ac808581a53939e1004e5252217d4f8d7d1a6a792fd6a021aa4d79f90e7a,NOTE,CONSOLIDATED_NO_DIMENSION_REPORT_DATE_CONTEXT,False,ALL_PERIODIC_FILINGS,True,True,True
10-Q,2021Q2,2021-08-05,0001501585-21-000029,program_gains_losses_usd,,False,,,https://www.sec.gov/Archives/edgar/data/1501585/000150158521000029/hii-20210630.htm,ca03ac808581a53939e1004e5252217d4f8d7d1a6a792fd6a021aa4d79f90e7a,NOTE,CONSOLIDATED_NO_DIMENSION_REPORT_DATE_CONTEXT,False,EVENT_CONDITIONAL_NOT_SCORED,False,False,False
10-Q,2021Q2,2021-08-05,0001501585-21-000029,cash_usd,348000000.0,True,us-gaap:CashAndCashEquivalentsAtCarryingValue,ieab01adce1314df2b8c9bb52b372a918_I20210630,https://www.sec.gov/Archives/edgar/data/1501585/000150158521000029/hii-20210630.htm,ca03ac808581a53939e1004e5252217d4f8d7d1a6a792fd6a021aa4d79f90e7a,FINANCIAL_STATEMENT,CONSOLIDATED_NO_DIMENSION_REPORT_DATE_CONTEXT,False,ALL_PERIODIC_FILINGS,True,True,True
10-Q,2021Q2,2021-08-05,0001501585-21-000029,debt_current_usd,0.0,True,DERIVED:CURRENT_DEBT_ZERO_WHEN_NOT_REPORTED,ieab01adce1314df2b8c9bb52b372a918_I20210630,https://www.sec.gov/Archives/edgar/data/1501585/000150158521000029/hii-20210630.htm,ca03ac808581a53939e1004e5252217d4f8d7d1a6a792fd6a021aa4d79f90e7a,FINANCIAL_STATEMENT,ZERO_WHEN_CURRENT_DEBT_NOT_REPORTED_AND_NONCURRENT_DEBT_IS_REPORTED,True,ALL_PERIODIC_FILINGS,False,True,True
10-Q,2021Q2,2021-08-05,0001501585-21-000029,debt_noncurrent_usd,1689000000.0,True,us-gaap:LongTermDebtNoncurrent,ieab01adce1314df2b8c9bb52b372a918_I20210630,https://www.sec.gov/Archives/edgar/data/1501585/000150158521000029/hii-20210630.htm,ca03ac808581a53939e1004e5252217d4f8d7d1a6a792fd6a021aa4d79f90e7a,FINANCIAL_STATEMENT,CONSOLIDATED_NO_DIMENSION_REPORT_DATE_CONTEXT,False,ALL_PERIODIC_FILINGS,True,True,True
10-Q,2021Q2,2021-08-05,0001501585-21-000029,equity_usd,,False,,,https://www.sec.gov/Archives/edgar/data/1501585/000150158521000029/hii-20210630.htm,ca03ac808581a53939e1004e5252217d4f8d7d1a6a792fd6a021aa4d79f90e7a,FINANCIAL_STATEMENT,CONSOLIDATED_NO_DIMENSION_REPORT_DATE_CONTEXT,False,ALL_PERIODIC_FILINGS,False,True,False
10-Q,2021Q2,2021-08-05,0001501585-21-000029,goodwill_usd,1604000000.0,True,us-gaap:Goodwill,ieab01adce1314df2b8c9bb52b372a918_I20210630,https://www.sec.gov/Archives/edgar/data/1501585/000150158521000029/hii-20210630.htm,ca03ac808581a53939e1004e5252217d4f8d7d1a6a792fd6a021aa4d79f90e7a,FINANCIAL_STATEMENT,CONSOLIDATED_NO_DIMENSION_REPORT_DATE_CONTEXT,False,ALL_PERIODIC_FILINGS,True,True,True
10-Q,2021Q2,2021-08-05,0001501585-21-000029,intangibles_ex_goodwill_usd,,False,,,https://www.sec.gov/Archives/edgar/data/1501585/000150158521000029/hii-20210630.htm,ca03ac808581a53939e1004e5252217d4f8d7d1a6a792fd6a021aa4d79f90e7a,FINANCIAL_STATEMENT,CONSOLIDATED_NO_DIMENSION_REPORT_DATE_CONTEXT,False,ALL_PERIODIC_FILINGS,False,True,False
10-Q,2021Q2,2021-08-05,0001501585-21-000029,pension_liability_usd,853000000.0,True,us-gaap:DefinedBenefitPensionPlanLiabilitiesNoncurrent,ieab01adce1314df2b8c9bb52b372a918_I20210630,https://www.sec.gov/Archives/edgar/data/1501585/000150158521000029/hii-20210630.htm,ca03ac808581a53939e1004e5252217d4f8d7d1a6a792fd6a021aa4d79f90e7a,NOTE,CONSOLIDATED_NO_DIMENSION_REPORT_DATE_CONTEXT,False,ALL_PERIODIC_FILINGS,True,True,True
10-Q,2021Q2,2021-08-05,0001501585-21-000029,fas_cas_pension_adjustment_usd,,False,,,https://www.sec.gov/Archives/edgar/data/1501585/000150158521000029/hii-20210630.htm,ca03ac808581a53939e1004e5252217d4f8d7d1a6a792fd6a021aa4d79f90e7a,NOTE,CONSOLIDATED_NO_DIMENSION_REPORT_DATE_CONTEXT,False,DISCLOSURE_REGIME_ONLY,False,False,False
10-Q,2021Q3,2021-11-04,0001501585-21-000036,revenue_usd,6847000000.0,True,us-gaap:Revenues,ibef12677c71d430798b3fd7e0a8dc694_D20210101-20210930,https://www.sec.gov/Archives/edgar/data/1501585/000150158521000036/hii-20210930.htm,29ff7b69ce5c53055d5b4167ea0e8ee828fb375fd0986e47579d87d5dfc330c1,FINANCIAL_STATEMENT,CONSOLIDATED_NO_DIMENSION_REPORT_DATE_CONTEXT,False,ALL_PERIODIC_FILINGS,True,True,True
10-Q,2021Q3,2021-11-04,0001501585-21-000036,operating_income_usd,393000000.0,True,us-gaap:OperatingIncomeLoss,ibef12677c71d430798b3fd7e0a8dc694_D20210101-20210930,https://www.sec.gov/Archives/edgar/data/1501585/000150158521000036/hii-20210930.htm,29ff7b69ce5c53055d5b4167ea0e8ee828fb375fd0986e47579d87d5dfc330c1,FINANCIAL_STATEMENT,CONSOLIDATED_NO_DIMENSION_REPORT_DATE_CONTEXT,False,ALL_PERIODIC_FILINGS,True,True,True
10-Q,2021Q3,2021-11-04,0001501585-21-000036,pretax_income_usd,475000000.0,True,us-gaap:IncomeLossFromContinuingOperationsBeforeIncomeTaxesExtraordinaryItemsNoncontrollingInterest,ibef12677c71d430798b3fd7e0a8dc694_D20210101-20210930,https://www.sec.gov/Archives/edgar/data/1501585/000150158521000036/hii-20210930.htm,29ff7b69ce5c53055d5b4167ea0e8ee828fb375fd0986e47579d87d5dfc330c1,FINANCIAL_STATEMENT,CONSOLIDATED_NO_DIMENSION_REPORT_DATE_CONTEXT,False,ALL_PERIODIC_FILINGS,True,True,True
10-Q,2021Q3,2021-11-04,0001501585-21-000036,income_tax_usd,51000000.0,True,us-gaap:IncomeTaxExpenseBenefit,ibef12677c71d430798b3fd7e0a8dc694_D20210101-20210930,https://www.sec.gov/Archives/edgar/data/1501585/000150158521000036/hii-20210930.htm,29ff7b69ce5c53055d5b4167ea0e8ee828fb375fd0986e47579d87d5dfc330c1,FINANCIAL_STATEMENT,CONSOLIDATED_NO_DIMENSION_REPORT_DATE_CONTEXT,False,ALL_PERIODIC_FILINGS,True,True,True
10-Q,2021Q3,2021-11-04,0001501585-21-000036,cfo_usd,489000000.0,True,us-gaap:NetCashProvidedByUsedInOperatingActivities,ibef12677c71d430798b3fd7e0a8dc694_D20210101-20210930,https://www.sec.gov/Archives/edgar/data/1501585/000150158521000036/hii-20210930.htm,29ff7b69ce5c53055d5b4167ea0e8ee828fb375fd0986e47579d87d5dfc330c1,FINANCIAL_STATEMENT,CONSOLIDATED_NO_DIMENSION_REPORT_DATE_CONTEXT,False,ALL_PERIODIC_FILINGS,True,True,True
10-Q,2021Q3,2021-11-04,0001501585-21-000036,capex_usd,216000000.0,True,us-gaap:PaymentsToAcquirePropertyPlantAndEquipment,ibef12677c71d430798b3fd7e0a8dc694_D20210101-20210930,https://www.sec.gov/Archives/edgar/data/1501585/000150158521000036/hii-20210930.htm,29ff7b69ce5c53055d5b4167ea0e8ee828fb375fd0986e47579d87d5dfc330c1,FINANCIAL_STATEMENT,CONSOLIDATED_NO_DIMENSION_REPORT_DATE_CONTEXT,False,ALL_PERIODIC_FILINGS,True,True,True
10-Q,2021Q3,2021-11-04,0001501585-21-000036,depreciation_amortization_usd,154000000.0,True,us-gaap:Depreciation,ibef12677c71d430798b3fd7e0a8dc694_D20210101-20210930,https://www.sec.gov/Archives/edgar/data/1501585/000150158521000036/hii-20210930.htm,29ff7b69ce5c53055d5b4167ea0e8ee828fb375fd0986e47579d87d5dfc330c1,FINANCIAL_STATEMENT,CONSOLIDATED_NO_DIMENSION_REPORT_DATE_CONTEXT,False,ALL_PERIODIC_FILINGS,True,True,True
10-Q,2021Q3,2021-11-04,0001501585-21-000036,research_development_usd,,False,,,https://www.sec.gov/Archives/edgar/data/1501585/000150158521000036/hii-20210930.htm,29ff7b69ce5c53055d5b4167ea0e8ee828fb375fd0986e47579d87d5dfc330c1,NOTE,CONSOLIDATED_NO_DIMENSION_REPORT_DATE_CONTEXT,False,ANNUAL_10K_ONLY,False,False,False
10-Q,2021Q3,2021-11-04,0001501585-21-000036,business_acquisitions_usd,1636000000.0,True,us-gaap:PaymentsToAcquireBusinessesNetOfCashAcquired,ibef12677c71d430798b3fd7e0a8dc694_D20210101-20210930,https://www.sec.gov/Archives/edgar/data/1501585/000150158521000036/hii-20210930.htm,29ff7b69ce5c53055d5b4167ea0e8ee828fb375fd0986e47579d87d5dfc330c1,NOTE,CONSOLIDATED_NO_DIMENSION_REPORT_DATE_CONTEXT,False,EVENT_CONDITIONAL_NOT_SCORED,True,False,False
10-Q,2021Q3,2021-11-04,0001501585-21-000036,receivables_usd,,False,,,https://www.sec.gov/Archives/edgar/data/1501585/000150158521000036/hii-20210930.htm,29ff7b69ce5c53055d5b4167ea0e8ee828fb375fd0986e47579d87d5dfc330c1,FINANCIAL_STATEMENT,CONSOLIDATED_NO_DIMENSION_REPORT_DATE_CONTEXT,False,ALL_PERIODIC_FILINGS,False,True,False
10-Q,2021Q3,2021-11-04,0001501585-21-000036,inventory_usd,143000000.0,True,us-gaap:InventoryNetOfAllowancesCustomerAdvancesAndProgressBillings,ifaace755861848aab47e0acb36dc72c6_I20210930,https://www.sec.gov/Archives/edgar/data/1501585/000150158521000036/hii-20210930.htm,29ff7b69ce5c53055d5b4167ea0e8ee828fb375fd0986e47579d87d5dfc330c1,FINANCIAL_STATEMENT,CONSOLIDATED_NO_DIMENSION_REPORT_DATE_CONTEXT,False,ALL_PERIODIC_FILINGS,True,True,True
10-Q,2021Q3,2021-11-04,0001501585-21-000036,accounts_payable_usd,508000000.0,True,us-gaap:AccountsPayableCurrent,ifaace755861848aab47e0acb36dc72c6_I20210930,https://www.sec.gov/Archives/edgar/data/1501585/000150158521000036/hii-20210930.htm,29ff7b69ce5c53055d5b4167ea0e8ee828fb375fd0986e47579d87d5dfc330c1,FINANCIAL_STATEMENT,CONSOLIDATED_NO_DIMENSION_REPORT_DATE_CONTEXT,False,ALL_PERIODIC_FILINGS,True,True,True
10-Q,2021Q3,2021-11-04,0001501585-21-000036,contract_assets_usd,1363000000.0,True,us-gaap:ContractWithCustomerAssetNet,ifaace755861848aab47e0acb36dc72c6_I20210930,https://www.sec.gov/Archives/edgar/data/1501585/000150158521000036/hii-20210930.htm,29ff7b69ce5c53055d5b4167ea0e8ee828fb375fd0986e47579d87d5dfc330c1,NOTE,CONSOLIDATED_NO_DIMENSION_REPORT_DATE_CONTEXT,False,ALL_PERIODIC_FILINGS,True,True,True
10-Q,2021Q3,2021-11-04,0001501585-21-000036,contract_liabilities_usd,674000000.0,True,us-gaap:ContractWithCustomerLiabilityCurrent,ifaace755861848aab47e0acb36dc72c6_I20210930,https://www.sec.gov/Archives/edgar/data/1501585/000150158521000036/hii-20210930.htm,29ff7b69ce5c53055d5b4167ea0e8ee828fb375fd0986e47579d87d5dfc330c1,NOTE,CONSOLIDATED_NO_DIMENSION_REPORT_DATE_CONTEXT,False,ALL_PERIODIC_FILINGS,True,True,True
10-Q,2021Q3,2021-11-04,0001501585-21-000036,remaining_performance_obligation_usd,50100000000.0,True,us-gaap:RevenueRemainingPerformanceObligation,ifaace755861848aab47e0acb36dc72c6_I20210930,https://www.sec.gov/Archives/edgar/data/1501585/000150158521000036/hii-20210930.htm,29ff7b69ce5c53055d5b4167ea0e8ee828fb375fd0986e47579d87d5dfc330c1,NOTE,CONSOLIDATED_NO_DIMENSION_REPORT_DATE_CONTEXT,False,ALL_PERIODIC_FILINGS,True,True,True
10-Q,2021Q3,2021-11-04,0001501585-21-000036,program_gains_losses_usd,,False,,,https://www.sec.gov/Archives/edgar/data/1501585/000150158521000036/hii-20210930.htm,29ff7b69ce5c53055d5b4167ea0e8ee828fb375fd0986e47579d87d5dfc330c1,NOTE,CONSOLIDATED_NO_DIMENSION_REPORT_DATE_CONTEXT,False,EVENT_CONDITIONAL_NOT_SCORED,False,False,False
10-Q,2021Q3,2021-11-04,0001501585-21-000036,cash_usd,555000000.0,True,us-gaap:CashAndCashEquivalentsAtCarryingValue,ifaace755861848aab47e0acb36dc72c6_I20210930,https://www.sec.gov/Archives/edgar/data/1501585/000150158521000036/hii-20210930.htm,29ff7b69ce5c53055d5b4167ea0e8ee828fb375fd0986e47579d87d5dfc330c1,FINANCIAL_STATEMENT,CONSOLIDATED_NO_DIMENSION_REPORT_DATE_CONTEXT,False,ALL_PERIODIC_FILINGS,True,True,True
10-Q,2021Q3,2021-11-04,0001501585-21-000036,debt_current_usd,0.0,True,DERIVED:CURRENT_DEBT_ZERO_WHEN_NOT_REPORTED,ifaace755861848aab47e0acb36dc72c6_I20210930,https://www.sec.gov/Archives/edgar/data/1501585/000150158521000036/hii-20210930.htm,29ff7b69ce5c53055d5b4167ea0e8ee828fb375fd0986e47579d87d5dfc330c1,FINANCIAL_STATEMENT,ZERO_WHEN_CURRENT_DEBT_NOT_REPORTED_AND_NONCURRENT_DEBT_IS_REPORTED,True,ALL_PERIODIC_FILINGS,False,True,True
10-Q,2021Q3,2021-11-04,0001501585-21-000036,debt_noncurrent_usd,3321000000.0,True,us-gaap:LongTermDebtNoncurrent,ifaace755861848aab47e0acb36dc72c6_I20210930,https://www.sec.gov/Archives/edgar/data/1501585/000150158521000036/hii-20210930.htm,29ff7b69ce5c53055d5b4167ea0e8ee828fb375fd0986e47579d87d5dfc330c1,FINANCIAL_STATEMENT,CONSOLIDATED_NO_DIMENSION_REPORT_DATE_CONTEXT,False,ALL_PERIODIC_FILINGS,True,True,True
10-Q,2021Q3,2021-11-04,0001501585-21-000036,equity_usd,,False,,,https://www.sec.gov/Archives/edgar/data/1501585/000150158521000036/hii-20210930.htm,29ff7b69ce5c53055d5b4167ea0e8ee828fb375fd0986e47579d87d5dfc330c1,FINANCIAL_STATEMENT,CONSOLIDATED_NO_DIMENSION_REPORT_DATE_CONTEXT,False,ALL_PERIODIC_FILINGS,False,True,False
10-Q,2021Q3,2021-11-04,0001501585-21-000036,goodwill_usd,2684000000.0,True,us-gaap:Goodwill,ifaace755861848aab47e0acb36dc72c6_I20210930,https://www.sec.gov/Archives/edgar/data/1501585/000150158521000036/hii-20210930.htm,29ff7b69ce5c53055d5b4167ea0e8ee828fb375fd0986e47579d87d5dfc330c1,FINANCIAL_STATEMENT,CONSOLIDATED_NO_DIMENSION_REPORT_DATE_CONTEXT,False,ALL_PERIODIC_FILINGS,True,True,True
10-Q,2021Q3,2021-11-04,0001501585-21-000036,intangibles_ex_goodwill_usd,,False,,,https://www.sec.gov/Archives/edgar/data/1501585/000150158521000036/hii-20210930.htm,29ff7b69ce5c53055d5b4167ea0e8ee828fb375fd0986e47579d87d5dfc330c1,FINANCIAL_STATEMENT,CONSOLIDATED_NO_DIMENSION_REPORT_DATE_CONTEXT,False,ALL_PERIODIC_FILINGS,False,True,False
10-Q,2021Q3,2021-11-04,0001501585-21-000036,pension_liability_usd,833000000.0,True,us-gaap:DefinedBenefitPensionPlanLiabilitiesNoncurrent,ifaace755861848aab47e0acb36dc72c6_I20210930,https://www.sec.gov/Archives/edgar/data/1501585/000150158521000036/hii-20210930.htm,29ff7b69ce5c53055d5b4167ea0e8ee828fb375fd0986e47579d87d5dfc330c1,NOTE,CONSOLIDATED_NO_DIMENSION_REPORT_DATE_CONTEXT,False,ALL_PERIODIC_FILINGS,True,True,True
10-Q,2021Q3,2021-11-04,0001501585-21-000036,fas_cas_pension_adjustment_usd,,False,,,https://www.sec.gov/Archives/edgar/data/1501585/000150158521000036/hii-20210930.htm,29ff7b69ce5c53055d5b4167ea0e8ee828fb375fd0986e47579d87d5dfc330c1,NOTE,CONSOLIDATED_NO_DIMENSION_REPORT_DATE_CONTEXT,False,DISCLOSURE_REGIME_ONLY,False,False,False
10-K,2021Q4,2022-02-10,0001501585-22-000007,revenue_usd,9524000000.0,True,us-gaap:Revenues,i5a6833ce3f464759971a364a661fd7b1_D20210101-20211231,https://www.sec.gov/Archives/edgar/data/1501585/000150158522000007/hii-20211231.htm,044bbc3f603b93031cf93d2d5b0c79964518807a8b543e9897e74767e666a693,FINANCIAL_STATEMENT,CONSOLIDATED_NO_DIMENSION_REPORT_DATE_CONTEXT,False,ALL_PERIODIC_FILINGS,True,True,True
10-K,2021Q4,2022-02-10,0001501585-22-000007,operating_income_usd,513000000.0,True,us-gaap:OperatingIncomeLoss,i5a6833ce3f464759971a364a661fd7b1_D20210101-20211231,https://www.sec.gov/Archives/edgar/data/1501585/000150158522000007/hii-20211231.htm,044bbc3f603b93031cf93d2d5b0c79964518807a8b543e9897e74767e666a693,FINANCIAL_STATEMENT,CONSOLIDATED_NO_DIMENSION_REPORT_DATE_CONTEXT,False,ALL_PERIODIC_FILINGS,True,True,True
10-K,2021Q4,2022-02-10,0001501585-22-000007,pretax_income_usd,622000000.0,True,us-gaap:IncomeLossFromContinuingOperationsBeforeIncomeTaxesExtraordinaryItemsNoncontrollingInterest,i5a6833ce3f464759971a364a661fd7b1_D20210101-20211231,https://www.sec.gov/Archives/edgar/data/1501585/000150158522000007/hii-20211231.htm,044bbc3f603b93031cf93d2d5b0c79964518807a8b543e9897e74767e666a693,FINANCIAL_STATEMENT,CONSOLIDATED_NO_DIMENSION_REPORT_DATE_CONTEXT,False,ALL_PERIODIC_FILINGS,True,True,True
10-K,2021Q4,2022-02-10,0001501585-22-000007,income_tax_usd,78000000.0,True,us-gaap:IncomeTaxExpenseBenefit,i5a6833ce3f464759971a364a661fd7b1_D20210101-20211231,https://www.sec.gov/Archives/edgar/data/1501585/000150158522000007/hii-20211231.htm,044bbc3f603b93031cf93d2d5b0c79964518807a8b543e9897e74767e666a693,FINANCIAL_STATEMENT,CONSOLIDATED_NO_DIMENSION_REPORT_DATE_CONTEXT,False,ALL_PERIODIC_FILINGS,True,True,True
10-K,2021Q4,2022-02-10,0001501585-22-000007,cfo_usd,760000000.0,True,us-gaap:NetCashProvidedByUsedInOperatingActivities,i5a6833ce3f464759971a364a661fd7b1_D20210101-20211231,https://www.sec.gov/Archives/edgar/data/1501585/000150158522000007/hii-20211231.htm,044bbc3f603b93031cf93d2d5b0c79964518807a8b543e9897e74767e666a693,FINANCIAL_STATEMENT,CONSOLIDATED_NO_DIMENSION_REPORT_DATE_CONTEXT,False,ALL_PERIODIC_FILINGS,True,True,True
10-K,2021Q4,2022-02-10,0001501585-22-000007,capex_usd,311000000.0,True,us-gaap:PaymentsToAcquireProductiveAssets,i5a6833ce3f464759971a364a661fd7b1_D20210101-20211231,https://www.sec.gov/Archives/edgar/data/1501585/000150158522000007/hii-20211231.htm,044bbc3f603b93031cf93d2d5b0c79964518807a8b543e9897e74767e666a693,FINANCIAL_STATEMENT,CONSOLIDATED_NO_DIMENSION_REPORT_DATE_CONTEXT,False,ALL_PERIODIC_FILINGS,True,True,True
10-K,2021Q4,2022-02-10,0001501585-22-000007,depreciation_amortization_usd,207000000.0,True,us-gaap:Depreciation,i5a6833ce3f464759971a364a661fd7b1_D20210101-20211231,https://www.sec.gov/Archives/edgar/data/1501585/000150158522000007/hii-20211231.htm,044bbc3f603b93031cf93d2d5b0c79964518807a8b543e9897e74767e666a693,FINANCIAL_STATEMENT,CONSOLIDATED_NO_DIMENSION_REPORT_DATE_CONTEXT,False,ALL_PERIODIC_FILINGS,True,True,True
10-K,2021Q4,2022-02-10,0001501585-22-000007,research_development_usd,34000000.0,True,us-gaap:ResearchAndDevelopmentExpense,i5a6833ce3f464759971a364a661fd7b1_D20210101-20211231,https://www.sec.gov/Archives/edgar/data/1501585/000150158522000007/hii-20211231.htm,044bbc3f603b93031cf93d2d5b0c79964518807a8b543e9897e74767e666a693,NOTE,CONSOLIDATED_NO_DIMENSION_REPORT_DATE_CONTEXT,False,ANNUAL_10K_ONLY,True,True,True
10-K,2021Q4,2022-02-10,0001501585-22-000007,business_acquisitions_usd,1643000000.0,True,us-gaap:PaymentsToAcquireBusinessesNetOfCashAcquired,i5a6833ce3f464759971a364a661fd7b1_D20210101-20211231,https://www.sec.gov/Archives/edgar/data/1501585/000150158522000007/hii-20211231.htm,044bbc3f603b93031cf93d2d5b0c79964518807a8b543e9897e74767e666a693,NOTE,CONSOLIDATED_NO_DIMENSION_REPORT_DATE_CONTEXT,False,EVENT_CONDITIONAL_NOT_SCORED,True,False,False
10-K,2021Q4,2022-02-10,0001501585-22-000007,receivables_usd,,False,,,https://www.sec.gov/Archives/edgar/data/1501585/000150158522000007/hii-20211231.htm,044bbc3f603b93031cf93d2d5b0c79964518807a8b543e9897e74767e666a693,FINANCIAL_STATEMENT,CONSOLIDATED_NO_DIMENSION_REPORT_DATE_CONTEXT,False,ALL_PERIODIC_FILINGS,False,True,False
10-K,2021Q4,2022-02-10,0001501585-22-000007,inventory_usd,161000000.0,True,us-gaap:InventoryNetOfAllowancesCustomerAdvancesAndProgressBillings,i484a7b82751e42f7a1e9bcceaa5f9d09_I20211231,https://www.sec.gov/Archives/edgar/data/1501585/000150158522000007/hii-20211231.htm,044bbc3f603b93031cf93d2d5b0c79964518807a8b543e9897e74767e666a693,FINANCIAL_STATEMENT,CONSOLIDATED_NO_DIMENSION_REPORT_DATE_CONTEXT,False,ALL_PERIODIC_FILINGS,True,True,True
10-K,2021Q4,2022-02-10,0001501585-22-000007,accounts_payable_usd,603000000.0,True,us-gaap:AccountsPayableCurrent,i484a7b82751e42f7a1e9bcceaa5f9d09_I20211231,https://www.sec.gov/Archives/edgar/data/1501585/000150158522000007/hii-20211231.htm,044bbc3f603b93031cf93d2d5b0c79964518807a8b543e9897e74767e666a693,FINANCIAL_STATEMENT,CONSOLIDATED_NO_DIMENSION_REPORT_DATE_CONTEXT,False,ALL_PERIODIC_FILINGS,True,True,True
10-K,2021Q4,2022-02-10,0001501585-22-000007,contract_assets_usd,1310000000.0,True,us-gaap:ContractWithCustomerAssetNet,i484a7b82751e42f7a1e9bcceaa5f9d09_I20211231,https://www.sec.gov/Archives/edgar/data/1501585/000150158522000007/hii-20211231.htm,044bbc3f603b93031cf93d2d5b0c79964518807a8b543e9897e74767e666a693,NOTE,CONSOLIDATED_NO_DIMENSION_REPORT_DATE_CONTEXT,False,ALL_PERIODIC_FILINGS,True,True,True
10-K,2021Q4,2022-02-10,0001501585-22-000007,contract_liabilities_usd,,False,,,https://www.sec.gov/Archives/edgar/data/1501585/000150158522000007/hii-20211231.htm,044bbc3f603b93031cf93d2d5b0c79964518807a8b543e9897e74767e666a693,NOTE,CONSOLIDATED_NO_DIMENSION_REPORT_DATE_CONTEXT,False,ALL_PERIODIC_FILINGS,False,True,False
10-K,2021Q4,2022-02-10,0001501585-22-000007,remaining_performance_obligation_usd,48500000000.0,True,us-gaap:RevenueRemainingPerformanceObligation,i484a7b82751e42f7a1e9bcceaa5f9d09_I20211231,https://www.sec.gov/Archives/edgar/data/1501585/000150158522000007/hii-20211231.htm,044bbc3f603b93031cf93d2d5b0c79964518807a8b543e9897e74767e666a693,NOTE,CONSOLIDATED_NO_DIMENSION_REPORT_DATE_CONTEXT,False,ALL_PERIODIC_FILINGS,True,True,True
10-K,2021Q4,2022-02-10,0001501585-22-000007,program_gains_losses_usd,,False,,,https://www.sec.gov/Archives/edgar/data/1501585/000150158522000007/hii-20211231.htm,044bbc3f603b93031cf93d2d5b0c79964518807a8b543e9897e74767e666a693,NOTE,CONSOLIDATED_NO_DIMENSION_REPORT_DATE_CONTEXT,False,EVENT_CONDITIONAL_NOT_SCORED,False,False,False
10-K,2021Q4,2022-02-10,0001501585-22-000007,cash_usd,627000000.0,True,us-gaap:CashAndCashEquivalentsAtCarryingValue,i484a7b82751e42f7a1e9bcceaa5f9d09_I20211231,https://www.sec.gov/Archives/edgar/data/1501585/000150158522000007/hii-20211231.htm,044bbc3f603b93031cf93d2d5b0c79964518807a8b543e9897e74767e666a693,FINANCIAL_STATEMENT,CONSOLIDATED_NO_DIMENSION_REPORT_DATE_CONTEXT,False,ALL_PERIODIC_FILINGS,True,True,True
10-K,2021Q4,2022-02-10,0001501585-22-000007,debt_current_usd,0.0,True,DERIVED:CURRENT_DEBT_ZERO_WHEN_NOT_REPORTED,i484a7b82751e42f7a1e9bcceaa5f9d09_I20211231,https://www.sec.gov/Archives/edgar/data/1501585/000150158522000007/hii-20211231.htm,044bbc3f603b93031cf93d2d5b0c79964518807a8b543e9897e74767e666a693,FINANCIAL_STATEMENT,ZERO_WHEN_CURRENT_DEBT_NOT_REPORTED_AND_NONCURRENT_DEBT_IS_REPORTED,True,ALL_PERIODIC_FILINGS,False,True,True
10-K,2021Q4,2022-02-10,0001501585-22-000007,debt_noncurrent_usd,3298000000.0,True,us-gaap:LongTermDebtNoncurrent,i484a7b82751e42f7a1e9bcceaa5f9d09_I20211231,https://www.sec.gov/Archives/edgar/data/1501585/000150158522000007/hii-20211231.htm,044bbc3f603b93031cf93d2d5b0c79964518807a8b543e9897e74767e666a693,FINANCIAL_STATEMENT,CONSOLIDATED_NO_DIMENSION_REPORT_DATE_CONTEXT,False,ALL_PERIODIC_FILINGS,True,True,True
10-K,2021Q4,2022-02-10,0001501585-22-000007,equity_usd,2808000000.0,True,us-gaap:StockholdersEquity,i484a7b82751e42f7a1e9bcceaa5f9d09_I20211231,https://www.sec.gov/Archives/edgar/data/1501585/000150158522000007/hii-20211231.htm,044bbc3f603b93031cf93d2d5b0c79964518807a8b543e9897e74767e666a693,FINANCIAL_STATEMENT,CONSOLIDATED_NO_DIMENSION_REPORT_DATE_CONTEXT,False,ALL_PERIODIC_FILINGS,True,True,True
10-K,2021Q4,2022-02-10,0001501585-22-000007,goodwill_usd,2628000000.0,True,us-gaap:Goodwill,i484a7b82751e42f7a1e9bcceaa5f9d09_I20211231,https://www.sec.gov/Archives/edgar/data/1501585/000150158522000007/hii-20211231.htm,044bbc3f603b93031cf93d2d5b0c79964518807a8b543e9897e74767e666a693,FINANCIAL_STATEMENT,CONSOLIDATED_NO_DIMENSION_REPORT_DATE_CONTEXT,False,ALL_PERIODIC_FILINGS,True,True,True
10-K,2021Q4,2022-02-10,0001501585-22-000007,intangibles_ex_goodwill_usd,,False,,,https://www.sec.gov/Archives/edgar/data/1501585/000150158522000007/hii-20211231.htm,044bbc3f603b93031cf93d2d5b0c79964518807a8b543e9897e74767e666a693,FINANCIAL_STATEMENT,CONSOLIDATED_NO_DIMENSION_REPORT_DATE_CONTEXT,False,ALL_PERIODIC_FILINGS,False,True,False
10-K,2021Q4,2022-02-10,0001501585-22-000007,pension_liability_usd,351000000.0,True,us-gaap:DefinedBenefitPensionPlanLiabilitiesNoncurrent,i484a7b82751e42f7a1e9bcceaa5f9d09_I20211231,https://www.sec.gov/Archives/edgar/data/1501585/000150158522000007/hii-20211231.htm,044bbc3f603b93031cf93d2d5b0c79964518807a8b543e9897e74767e666a693,NOTE,CONSOLIDATED_NO_DIMENSION_REPORT_DATE_CONTEXT,False,ALL_PERIODIC_FILINGS,True,True,True
10-K,2021Q4,2022-02-10,0001501585-22-000007,fas_cas_pension_adjustment_usd,,False,,,https://www.sec.gov/Archives/edgar/data/1501585/000150158522000007/hii-20211231.htm,044bbc3f603b93031cf93d2d5b0c79964518807a8b543e9897e74767e666a693,NOTE,CONSOLIDATED_NO_DIMENSION_REPORT_DATE_CONTEXT,False,DISCLOSURE_REGIME_ONLY,False,False,False
10-Q,2022Q1,2022-05-05,0001501585-22-000013,revenue_usd,2576000000.0,True,us-gaap:Revenues,i08d8c9b47cf54bd2a48f9440838085a4_D20220101-20220331,https://www.sec.gov/Archives/edgar/data/1501585/000150158522000013/hii-20220331.htm,96a62a56e1834c7bb671cad2d29f436e668ae020b3abe4064a2b666789b79cce,FINANCIAL_STATEMENT,CONSOLIDATED_NO_DIMENSION_REPORT_DATE_CONTEXT,False,ALL_PERIODIC_FILINGS,True,True,True
10-Q,2022Q1,2022-05-05,0001501585-22-000013,operating_income_usd,138000000.0,True,us-gaap:OperatingIncomeLoss,i08d8c9b47cf54bd2a48f9440838085a4_D20220101-20220331,https://www.sec.gov/Archives/edgar/data/1501585/000150158522000013/hii-20220331.htm,96a62a56e1834c7bb671cad2d29f436e668ae020b3abe4064a2b666789b79cce,FINANCIAL_STATEMENT,CONSOLIDATED_NO_DIMENSION_REPORT_DATE_CONTEXT,False,ALL_PERIODIC_FILINGS,True,True,True
10-Q,2022Q1,2022-05-05,0001501585-22-000013,pretax_income_usd,176000000.0,True,us-gaap:IncomeLossFromContinuingOperationsBeforeIncomeTaxesExtraordinaryItemsNoncontrollingInterest,i08d8c9b47cf54bd2a48f9440838085a4_D20220101-20220331,https://www.sec.gov/Archives/edgar/data/1501585/000150158522000013/hii-20220331.htm,96a62a56e1834c7bb671cad2d29f436e668ae020b3abe4064a2b666789b79cce,FINANCIAL_STATEMENT,CONSOLIDATED_NO_DIMENSION_REPORT_DATE_CONTEXT,False,ALL_PERIODIC_FILINGS,True,True,True
10-Q,2022Q1,2022-05-05,0001501585-22-000013,income_tax_usd,36000000.0,True,us-gaap:IncomeTaxExpenseBenefit,i08d8c9b47cf54bd2a48f9440838085a4_D20220101-20220331,https://www.sec.gov/Archives/edgar/data/1501585/000150158522000013/hii-20220331.htm,96a62a56e1834c7bb671cad2d29f436e668ae020b3abe4064a2b666789b79cce,FINANCIAL_STATEMENT,CONSOLIDATED_NO_DIMENSION_REPORT_DATE_CONTEXT,False,ALL_PERIODIC_FILINGS,True,True,True
10-Q,2022Q1,2022-05-05,0001501585-22-000013,cfo_usd,-83000000.0,True,us-gaap:NetCashProvidedByUsedInOperatingActivities,i08d8c9b47cf54bd2a48f9440838085a4_D20220101-20220331,https://www.sec.gov/Archives/edgar/data/1501585/000150158522000013/hii-20220331.htm,96a62a56e1834c7bb671cad2d29f436e668ae020b3abe4064a2b666789b79cce,FINANCIAL_STATEMENT,CONSOLIDATED_NO_DIMENSION_REPORT_DATE_CONTEXT,False,ALL_PERIODIC_FILINGS,True,True,True
10-Q,2022Q1,2022-05-05,0001501585-22-000013,capex_usd,43000000.0,True,us-gaap:PaymentsToAcquirePropertyPlantAndEquipment,i08d8c9b47cf54bd2a48f9440838085a4_D20220101-20220331,https://www.sec.gov/Archives/edgar/data/1501585/000150158522000013/hii-20220331.htm,96a62a56e1834c7bb671cad2d29f436e668ae020b3abe4064a2b666789b79cce,FINANCIAL_STATEMENT,CONSOLIDATED_NO_DIMENSION_REPORT_DATE_CONTEXT,False,ALL_PERIODIC_FILINGS,True,True,True
10-Q,2022Q1,2022-05-05,0001501585-22-000013,depreciation_amortization_usd,52000000.0,True,us-gaap:Depreciation,i08d8c9b47cf54bd2a48f9440838085a4_D20220101-20220331,https://www.sec.gov/Archives/edgar/data/1501585/000150158522000013/hii-20220331.htm,96a62a56e1834c7bb671cad2d29f436e668ae020b3abe4064a2b666789b79cce,FINANCIAL_STATEMENT,CONSOLIDATED_NO_DIMENSION_REPORT_DATE_CONTEXT,False,ALL_PERIODIC_FILINGS,True,True,True
10-Q,2022Q1,2022-05-05,0001501585-22-000013,research_development_usd,,False,,,https://www.sec.gov/Archives/edgar/data/1501585/000150158522000013/hii-20220331.htm,96a62a56e1834c7bb671cad2d29f436e668ae020b3abe4064a2b666789b79cce,NOTE,CONSOLIDATED_NO_DIMENSION_REPORT_DATE_CONTEXT,False,ANNUAL_10K_ONLY,False,False,False
10-Q,2022Q1,2022-05-05,0001501585-22-000013,business_acquisitions_usd,,False,,,https://www.sec.gov/Archives/edgar/data/1501585/000150158522000013/hii-20220331.htm,96a62a56e1834c7bb671cad2d29f436e668ae020b3abe4064a2b666789b79cce,NOTE,CONSOLIDATED_NO_DIMENSION_REPORT_DATE_CONTEXT,False,EVENT_CONDITIONAL_NOT_SCORED,True,False,False
10-Q,2022Q1,2022-05-05,0001501585-22-000013,receivables_usd,,False,,,https://www.sec.gov/Archives/edgar/data/1501585/000150158522000013/hii-20220331.htm,96a62a56e1834c7bb671cad2d29f436e668ae020b3abe4064a2b666789b79cce,FINANCIAL_STATEMENT,CONSOLIDATED_NO_DIMENSION_REPORT_DATE_CONTEXT,False,ALL_PERIODIC_FILINGS,False,True,False
10-Q,2022Q1,2022-05-05,0001501585-22-000013,inventory_usd,188000000.0,True,us-gaap:InventoryNetOfAllowancesCustomerAdvancesAndProgressBillings,i7179186e4030407fbf4fa2cf2dc2a70c_I20220331,https://www.sec.gov/Archives/edgar/data/1501585/000150158522000013/hii-20220331.htm,96a62a56e1834c7bb671cad2d29f436e668ae020b3abe4064a2b666789b79cce,FINANCIAL_STATEMENT,CONSOLIDATED_NO_DIMENSION_REPORT_DATE_CONTEXT,False,ALL_PERIODIC_FILINGS,True,True,True
10-Q,2022Q1,2022-05-05,0001501585-22-000013,accounts_payable_usd,544000000.0,True,us-gaap:AccountsPayableCurrent,i7179186e4030407fbf4fa2cf2dc2a70c_I20220331,https://www.sec.gov/Archives/edgar/data/1501585/000150158522000013/hii-20220331.htm,96a62a56e1834c7bb671cad2d29f436e668ae020b3abe4064a2b666789b79cce,FINANCIAL_STATEMENT,CONSOLIDATED_NO_DIMENSION_REPORT_DATE_CONTEXT,False,ALL_PERIODIC_FILINGS,True,True,True
10-Q,2022Q1,2022-05-05,0001501585-22-000013,contract_assets_usd,1349000000.0,True,us-gaap:ContractWithCustomerAssetNet,i7179186e4030407fbf4fa2cf2dc2a70c_I20220331,https://www.sec.gov/Archives/edgar/data/1501585/000150158522000013/hii-20220331.htm,96a62a56e1834c7bb671cad2d29f436e668ae020b3abe4064a2b666789b79cce,NOTE,CONSOLIDATED_NO_DIMENSION_REPORT_DATE_CONTEXT,False,ALL_PERIODIC_FILINGS,True,True,True
10-Q,2022Q1,2022-05-05,0001501585-22-000013,contract_liabilities_usd,685000000.0,True,us-gaap:ContractWithCustomerLiabilityCurrent,i7179186e4030407fbf4fa2cf2dc2a70c_I20220331,https://www.sec.gov/Archives/edgar/data/1501585/000150158522000013/hii-20220331.htm,96a62a56e1834c7bb671cad2d29f436e668ae020b3abe4064a2b666789b79cce,NOTE,CONSOLIDATED_NO_DIMENSION_REPORT_DATE_CONTEXT,False,ALL_PERIODIC_FILINGS,True,True,True
10-Q,2022Q1,2022-05-05,0001501585-22-000013,remaining_performance_obligation_usd,47900000000.0,True,us-gaap:RevenueRemainingPerformanceObligation,i7179186e4030407fbf4fa2cf2dc2a70c_I20220331,https://www.sec.gov/Archives/edgar/data/1501585/000150158522000013/hii-20220331.htm,96a62a56e1834c7bb671cad2d29f436e668ae020b3abe4064a2b666789b79cce,NOTE,CONSOLIDATED_NO_DIMENSION_REPORT_DATE_CONTEXT,False,ALL_PERIODIC_FILINGS,True,True,True
10-Q,2022Q1,2022-05-05,0001501585-22-000013,program_gains_losses_usd,,False,,,https://www.sec.gov/Archives/edgar/data/1501585/000150158522000013/hii-20220331.htm,96a62a56e1834c7bb671cad2d29f436e668ae020b3abe4064a2b666789b79cce,NOTE,CONSOLIDATED_NO_DIMENSION_REPORT_DATE_CONTEXT,False,EVENT_CONDITIONAL_NOT_SCORED,False,False,False
10-Q,2022Q1,2022-05-05,0001501585-22-000013,cash_usd,330000000.0,True,us-gaap:CashAndCashEquivalentsAtCarryingValue,i7179186e4030407fbf4fa2cf2dc2a70c_I20220331,https://www.sec.gov/Archives/edgar/data/1501585/000150158522000013/hii-20220331.htm,96a62a56e1834c7bb671cad2d29f436e668ae020b3abe4064a2b666789b79cce,FINANCIAL_STATEMENT,CONSOLIDATED_NO_DIMENSION_REPORT_DATE_CONTEXT,False,ALL_PERIODIC_FILINGS,True,True,True
10-Q,2022Q1,2022-05-05,0001501585-22-000013,debt_current_usd,0.0,True,DERIVED:CURRENT_DEBT_ZERO_WHEN_NOT_REPORTED,i7179186e4030407fbf4fa2cf2dc2a70c_I20220331,https://www.sec.gov/Archives/edgar/data/1501585/000150158522000013/hii-20220331.htm,96a62a56e1834c7bb671cad2d29f436e668ae020b3abe4064a2b666789b79cce,FINANCIAL_STATEMENT,ZERO_WHEN_CURRENT_DEBT_NOT_REPORTED_AND_NONCURRENT_DEBT_IS_REPORTED,True,ALL_PERIODIC_FILINGS,False,True,True
10-Q,2022Q1,2022-05-05,0001501585-22-000013,debt_noncurrent_usd,3200000000.0,True,us-gaap:LongTermDebtNoncurrent,i7179186e4030407fbf4fa2cf2dc2a70c_I20220331,https://www.sec.gov/Archives/edgar/data/1501585/000150158522000013/hii-20220331.htm,96a62a56e1834c7bb671cad2d29f436e668ae020b3abe4064a2b666789b79cce,FINANCIAL_STATEMENT,CONSOLIDATED_NO_DIMENSION_REPORT_DATE_CONTEXT,False,ALL_PERIODIC_FILINGS,True,True,True
10-Q,2022Q1,2022-05-05,0001501585-22-000013,equity_usd,,False,,,https://www.sec.gov/Archives/edgar/data/1501585/000150158522000013/hii-20220331.htm,96a62a56e1834c7bb671cad2d29f436e668ae020b3abe4064a2b666789b79cce,FINANCIAL_STATEMENT,CONSOLIDATED_NO_DIMENSION_REPORT_DATE_CONTEXT,False,ALL_PERIODIC_FILINGS,False,True,False
10-Q,2022Q1,2022-05-05,0001501585-22-000013,goodwill_usd,2628000000.0,True,us-gaap:Goodwill,i7179186e4030407fbf4fa2cf2dc2a70c_I20220331,https://www.sec.gov/Archives/edgar/data/1501585/000150158522000013/hii-20220331.htm,96a62a56e1834c7bb671cad2d29f436e668ae020b3abe4064a2b666789b79cce,FINANCIAL_STATEMENT,CONSOLIDATED_NO_DIMENSION_REPORT_DATE_CONTEXT,False,ALL_PERIODIC_FILINGS,True,True,True
10-Q,2022Q1,2022-05-05,0001501585-22-000013,intangibles_ex_goodwill_usd,,False,,,https://www.sec.gov/Archives/edgar/data/1501585/000150158522000013/hii-20220331.htm,96a62a56e1834c7bb671cad2d29f436e668ae020b3abe4064a2b666789b79cce,FINANCIAL_STATEMENT,CONSOLIDATED_NO_DIMENSION_REPORT_DATE_CONTEXT,False,ALL_PERIODIC_FILINGS,False,True,False
10-Q,2022Q1,2022-05-05,0001501585-22-000013,pension_liability_usd,398000000.0,True,us-gaap:DefinedBenefitPensionPlanLiabilitiesNoncurrent,i7179186e4030407fbf4fa2cf2dc2a70c_I20220331,https://www.sec.gov/Archives/edgar/data/1501585/000150158522000013/hii-20220331.htm,96a62a56e1834c7bb671cad2d29f436e668ae020b3abe4064a2b666789b79cce,NOTE,CONSOLIDATED_NO_DIMENSION_REPORT_DATE_CONTEXT,False,ALL_PERIODIC_FILINGS,True,True,True
10-Q,2022Q1,2022-05-05,0001501585-22-000013,fas_cas_pension_adjustment_usd,,False,,,https://www.sec.gov/Archives/edgar/data/1501585/000150158522000013/hii-20220331.htm,96a62a56e1834c7bb671cad2d29f436e668ae020b3abe4064a2b666789b79cce,NOTE,CONSOLIDATED_NO_DIMENSION_REPORT_DATE_CONTEXT,False,DISCLOSURE_REGIME_ONLY,False,False,False
10-Q,2022Q2,2022-08-04,0001501585-22-000026,revenue_usd,5238000000.0,True,us-gaap:Revenues,i93a5aa7511ab48e9a70db0775df57213_D20220101-20220630,https://www.sec.gov/Archives/edgar/data/1501585/000150158522000026/hii-20220630.htm,6b4376c95b627882e6a1b1a4637b62f7c8ea430d28acce8f2e0e82c4d5b781b6,FINANCIAL_STATEMENT,CONSOLIDATED_NO_DIMENSION_REPORT_DATE_CONTEXT,False,ALL_PERIODIC_FILINGS,True,True,True
10-Q,2022Q2,2022-08-04,0001501585-22-000026,operating_income_usd,329000000.0,True,us-gaap:OperatingIncomeLoss,i93a5aa7511ab48e9a70db0775df57213_D20220101-20220630,https://www.sec.gov/Archives/edgar/data/1501585/000150158522000026/hii-20220630.htm,6b4376c95b627882e6a1b1a4637b62f7c8ea430d28acce8f2e0e82c4d5b781b6,FINANCIAL_STATEMENT,CONSOLIDATED_NO_DIMENSION_REPORT_DATE_CONTEXT,False,ALL_PERIODIC_FILINGS,True,True,True
10-Q,2022Q2,2022-08-04,0001501585-22-000026,pretax_income_usd,398000000.0,True,us-gaap:IncomeLossFromContinuingOperationsBeforeIncomeTaxesExtraordinaryItemsNoncontrollingInterest,i93a5aa7511ab48e9a70db0775df57213_D20220101-20220630,https://www.sec.gov/Archives/edgar/data/1501585/000150158522000026/hii-20220630.htm,6b4376c95b627882e6a1b1a4637b62f7c8ea430d28acce8f2e0e82c4d5b781b6,FINANCIAL_STATEMENT,CONSOLIDATED_NO_DIMENSION_REPORT_DATE_CONTEXT,False,ALL_PERIODIC_FILINGS,True,True,True
10-Q,2022Q2,2022-08-04,0001501585-22-000026,income_tax_usd,80000000.0,True,us-gaap:IncomeTaxExpenseBenefit,i93a5aa7511ab48e9a70db0775df57213_D20220101-20220630,https://www.sec.gov/Archives/edgar/data/1501585/000150158522000026/hii-20220630.htm,6b4376c95b627882e6a1b1a4637b62f7c8ea430d28acce8f2e0e82c4d5b781b6,FINANCIAL_STATEMENT,CONSOLIDATED_NO_DIMENSION_REPORT_DATE_CONTEXT,False,ALL_PERIODIC_FILINGS,True,True,True
10-Q,2022Q2,2022-08-04,0001501585-22-000026,cfo_usd,184000000.0,True,us-gaap:NetCashProvidedByUsedInOperatingActivities,i93a5aa7511ab48e9a70db0775df57213_D20220101-20220630,https://www.sec.gov/Archives/edgar/data/1501585/000150158522000026/hii-20220630.htm,6b4376c95b627882e6a1b1a4637b62f7c8ea430d28acce8f2e0e82c4d5b781b6,FINANCIAL_STATEMENT,CONSOLIDATED_NO_DIMENSION_REPORT_DATE_CONTEXT,False,ALL_PERIODIC_FILINGS,True,True,True
10-Q,2022Q2,2022-08-04,0001501585-22-000026,capex_usd,102000000.0,True,us-gaap:PaymentsToAcquirePropertyPlantAndEquipment,i93a5aa7511ab48e9a70db0775df57213_D20220101-20220630,https://www.sec.gov/Archives/edgar/data/1501585/000150158522000026/hii-20220630.htm,6b4376c95b627882e6a1b1a4637b62f7c8ea430d28acce8f2e0e82c4d5b781b6,FINANCIAL_STATEMENT,CONSOLIDATED_NO_DIMENSION_REPORT_DATE_CONTEXT,False,ALL_PERIODIC_FILINGS,True,True,True
10-Q,2022Q2,2022-08-04,0001501585-22-000026,depreciation_amortization_usd,104000000.0,True,us-gaap:Depreciation,i93a5aa7511ab48e9a70db0775df57213_D20220101-20220630,https://www.sec.gov/Archives/edgar/data/1501585/000150158522000026/hii-20220630.htm,6b4376c95b627882e6a1b1a4637b62f7c8ea430d28acce8f2e0e82c4d5b781b6,FINANCIAL_STATEMENT,CONSOLIDATED_NO_DIMENSION_REPORT_DATE_CONTEXT,False,ALL_PERIODIC_FILINGS,True,True,True
10-Q,2022Q2,2022-08-04,0001501585-22-000026,research_development_usd,,False,,,https://www.sec.gov/Archives/edgar/data/1501585/000150158522000026/hii-20220630.htm,6b4376c95b627882e6a1b1a4637b62f7c8ea430d28acce8f2e0e82c4d5b781b6,NOTE,CONSOLIDATED_NO_DIMENSION_REPORT_DATE_CONTEXT,False,ANNUAL_10K_ONLY,False,False,False
10-Q,2022Q2,2022-08-04,0001501585-22-000026,business_acquisitions_usd,,False,,,https://www.sec.gov/Archives/edgar/data/1501585/000150158522000026/hii-20220630.htm,6b4376c95b627882e6a1b1a4637b62f7c8ea430d28acce8f2e0e82c4d5b781b6,NOTE,CONSOLIDATED_NO_DIMENSION_REPORT_DATE_CONTEXT,False,EVENT_CONDITIONAL_NOT_SCORED,True,False,False
10-Q,2022Q2,2022-08-04,0001501585-22-000026,receivables_usd,,False,,,https://www.sec.gov/Archives/edgar/data/1501585/000150158522000026/hii-20220630.htm,6b4376c95b627882e6a1b1a4637b62f7c8ea430d28acce8f2e0e82c4d5b781b6,FINANCIAL_STATEMENT,CONSOLIDATED_NO_DIMENSION_REPORT_DATE_CONTEXT,False,ALL_PERIODIC_FILINGS,False,True,False
10-Q,2022Q2,2022-08-04,0001501585-22-000026,inventory_usd,196000000.0,True,us-gaap:InventoryNetOfAllowancesCustomerAdvancesAndProgressBillings,i384a897e89fa4a619aab2187072aeade_I20220630,https://www.sec.gov/Archives/edgar/data/1501585/000150158522000026/hii-20220630.htm,6b4376c95b627882e6a1b1a4637b62f7c8ea430d28acce8f2e0e82c4d5b781b6,FINANCIAL_STATEMENT,CONSOLIDATED_NO_DIMENSION_REPORT_DATE_CONTEXT,False,ALL_PERIODIC_FILINGS,True,True,True
10-Q,2022Q2,2022-08-04,0001501585-22-000026,accounts_payable_usd,528000000.0,True,us-gaap:AccountsPayableCurrent,i384a897e89fa4a619aab2187072aeade_I20220630,https://www.sec.gov/Archives/edgar/data/1501585/000150158522000026/hii-20220630.htm,6b4376c95b627882e6a1b1a4637b62f7c8ea430d28acce8f2e0e82c4d5b781b6,FINANCIAL_STATEMENT,CONSOLIDATED_NO_DIMENSION_REPORT_DATE_CONTEXT,False,ALL_PERIODIC_FILINGS,True,True,True
10-Q,2022Q2,2022-08-04,0001501585-22-000026,contract_assets_usd,1366000000.0,True,us-gaap:ContractWithCustomerAssetNet,i384a897e89fa4a619aab2187072aeade_I20220630,https://www.sec.gov/Archives/edgar/data/1501585/000150158522000026/hii-20220630.htm,6b4376c95b627882e6a1b1a4637b62f7c8ea430d28acce8f2e0e82c4d5b781b6,NOTE,CONSOLIDATED_NO_DIMENSION_REPORT_DATE_CONTEXT,False,ALL_PERIODIC_FILINGS,True,True,True
10-Q,2022Q2,2022-08-04,0001501585-22-000026,contract_liabilities_usd,757000000.0,True,us-gaap:ContractWithCustomerLiabilityCurrent,i384a897e89fa4a619aab2187072aeade_I20220630,https://www.sec.gov/Archives/edgar/data/1501585/000150158522000026/hii-20220630.htm,6b4376c95b627882e6a1b1a4637b62f7c8ea430d28acce8f2e0e82c4d5b781b6,NOTE,CONSOLIDATED_NO_DIMENSION_REPORT_DATE_CONTEXT,False,ALL_PERIODIC_FILINGS,True,True,True
10-Q,2022Q2,2022-08-04,0001501585-22-000026,remaining_performance_obligation_usd,47200000000.0,True,us-gaap:RevenueRemainingPerformanceObligation,i384a897e89fa4a619aab2187072aeade_I20220630,https://www.sec.gov/Archives/edgar/data/1501585/000150158522000026/hii-20220630.htm,6b4376c95b627882e6a1b1a4637b62f7c8ea430d28acce8f2e0e82c4d5b781b6,NOTE,CONSOLIDATED_NO_DIMENSION_REPORT_DATE_CONTEXT,False,ALL_PERIODIC_FILINGS,True,True,True
10-Q,2022Q2,2022-08-04,0001501585-22-000026,program_gains_losses_usd,,False,,,https://www.sec.gov/Archives/edgar/data/1501585/000150158522000026/hii-20220630.htm,6b4376c95b627882e6a1b1a4637b62f7c8ea430d28acce8f2e0e82c4d5b781b6,NOTE,CONSOLIDATED_NO_DIMENSION_REPORT_DATE_CONTEXT,False,EVENT_CONDITIONAL_NOT_SCORED,False,False,False
10-Q,2022Q2,2022-08-04,0001501585-22-000026,cash_usd,375000000.0,True,us-gaap:CashAndCashEquivalentsAtCarryingValue,i384a897e89fa4a619aab2187072aeade_I20220630,https://www.sec.gov/Archives/edgar/data/1501585/000150158522000026/hii-20220630.htm,6b4376c95b627882e6a1b1a4637b62f7c8ea430d28acce8f2e0e82c4d5b781b6,FINANCIAL_STATEMENT,CONSOLIDATED_NO_DIMENSION_REPORT_DATE_CONTEXT,False,ALL_PERIODIC_FILINGS,True,True,True
10-Q,2022Q2,2022-08-04,0001501585-22-000026,debt_current_usd,0.0,True,DERIVED:CURRENT_DEBT_ZERO_WHEN_NOT_REPORTED,i384a897e89fa4a619aab2187072aeade_I20220630,https://www.sec.gov/Archives/edgar/data/1501585/000150158522000026/hii-20220630.htm,6b4376c95b627882e6a1b1a4637b62f7c8ea430d28acce8f2e0e82c4d5b781b6,FINANCIAL_STATEMENT,ZERO_WHEN_CURRENT_DEBT_NOT_REPORTED_AND_NONCURRENT_DEBT_IS_REPORTED,True,ALL_PERIODIC_FILINGS,False,True,True
10-Q,2022Q2,2022-08-04,0001501585-22-000026,debt_noncurrent_usd,3102000000.0,True,us-gaap:LongTermDebtNoncurrent,i384a897e89fa4a619aab2187072aeade_I20220630,https://www.sec.gov/Archives/edgar/data/1501585/000150158522000026/hii-20220630.htm,6b4376c95b627882e6a1b1a4637b62f7c8ea430d28acce8f2e0e82c4d5b781b6,FINANCIAL_STATEMENT,CONSOLIDATED_NO_DIMENSION_REPORT_DATE_CONTEXT,False,ALL_PERIODIC_FILINGS,True,True,True
10-Q,2022Q2,2022-08-04,0001501585-22-000026,equity_usd,,False,,,https://www.sec.gov/Archives/edgar/data/1501585/000150158522000026/hii-20220630.htm,6b4376c95b627882e6a1b1a4637b62f7c8ea430d28acce8f2e0e82c4d5b781b6,FINANCIAL_STATEMENT,CONSOLIDATED_NO_DIMENSION_REPORT_DATE_CONTEXT,False,ALL_PERIODIC_FILINGS,False,True,False
10-Q,2022Q2,2022-08-04,0001501585-22-000026,goodwill_usd,2634000000.0,True,us-gaap:Goodwill,i384a897e89fa4a619aab2187072aeade_I20220630,https://www.sec.gov/Archives/edgar/data/1501585/000150158522000026/hii-20220630.htm,6b4376c95b627882e6a1b1a4637b62f7c8ea430d28acce8f2e0e82c4d5b781b6,FINANCIAL_STATEMENT,CONSOLIDATED_NO_DIMENSION_REPORT_DATE_CONTEXT,False,ALL_PERIODIC_FILINGS,True,True,True
10-Q,2022Q2,2022-08-04,0001501585-22-000026,intangibles_ex_goodwill_usd,,False,,,https://www.sec.gov/Archives/edgar/data/1501585/000150158522000026/hii-20220630.htm,6b4376c95b627882e6a1b1a4637b62f7c8ea430d28acce8f2e0e82c4d5b781b6,FINANCIAL_STATEMENT,CONSOLIDATED_NO_DIMENSION_REPORT_DATE_CONTEXT,False,ALL_PERIODIC_FILINGS,False,True,False
10-Q,2022Q2,2022-08-04,0001501585-22-000026,pension_liability_usd,396000000.0,True,us-gaap:DefinedBenefitPensionPlanLiabilitiesNoncurrent,i384a897e89fa4a619aab2187072aeade_I20220630,https://www.sec.gov/Archives/edgar/data/1501585/000150158522000026/hii-20220630.htm,6b4376c95b627882e6a1b1a4637b62f7c8ea430d28acce8f2e0e82c4d5b781b6,NOTE,CONSOLIDATED_NO_DIMENSION_REPORT_DATE_CONTEXT,False,ALL_PERIODIC_FILINGS,True,True,True
10-Q,2022Q2,2022-08-04,0001501585-22-000026,fas_cas_pension_adjustment_usd,,False,,,https://www.sec.gov/Archives/edgar/data/1501585/000150158522000026/hii-20220630.htm,6b4376c95b627882e6a1b1a4637b62f7c8ea430d28acce8f2e0e82c4d5b781b6,NOTE,CONSOLIDATED_NO_DIMENSION_REPORT_DATE_CONTEXT,False,DISCLOSURE_REGIME_ONLY,False,False,False
10-Q,2022Q3,2022-11-03,0001501585-22-000034,revenue_usd,7864000000.0,True,us-gaap:Revenues,i65cd930b27f94f0e92e597e9be36b1c0_D20220101-20220930,https://www.sec.gov/Archives/edgar/data/1501585/000150158522000034/hii-20220930.htm,57998b25458f3a20d8ab189f4d1d7fc62bf7ae7299f006de9dae780a4081f114,FINANCIAL_STATEMENT,CONSOLIDATED_NO_DIMENSION_REPORT_DATE_CONTEXT,False,ALL_PERIODIC_FILINGS,True,True,True
10-Q,2022Q3,2022-11-03,0001501585-22-000034,operating_income_usd,460000000.0,True,us-gaap:OperatingIncomeLoss,i65cd930b27f94f0e92e597e9be36b1c0_D20220101-20220930,https://www.sec.gov/Archives/edgar/data/1501585/000150158522000034/hii-20220930.htm,57998b25458f3a20d8ab189f4d1d7fc62bf7ae7299f006de9dae780a4081f114,FINANCIAL_STATEMENT,CONSOLIDATED_NO_DIMENSION_REPORT_DATE_CONTEXT,False,ALL_PERIODIC_FILINGS,True,True,True
10-Q,2022Q3,2022-11-03,0001501585-22-000034,pretax_income_usd,560000000.0,True,us-gaap:IncomeLossFromContinuingOperationsBeforeIncomeTaxesExtraordinaryItemsNoncontrollingInterest,i65cd930b27f94f0e92e597e9be36b1c0_D20220101-20220930,https://www.sec.gov/Archives/edgar/data/1501585/000150158522000034/hii-20220930.htm,57998b25458f3a20d8ab189f4d1d7fc62bf7ae7299f006de9dae780a4081f114,FINANCIAL_STATEMENT,CONSOLIDATED_NO_DIMENSION_REPORT_DATE_CONTEXT,False,ALL_PERIODIC_FILINGS,True,True,True
10-Q,2022Q3,2022-11-03,0001501585-22-000034,income_tax_usd,104000000.0,True,us-gaap:IncomeTaxExpenseBenefit,i65cd930b27f94f0e92e597e9be36b1c0_D20220101-20220930,https://www.sec.gov/Archives/edgar/data/1501585/000150158522000034/hii-20220930.htm,57998b25458f3a20d8ab189f4d1d7fc62bf7ae7299f006de9dae780a4081f114,FINANCIAL_STATEMENT,CONSOLIDATED_NO_DIMENSION_REPORT_DATE_CONTEXT,False,ALL_PERIODIC_FILINGS,True,True,True
10-Q,2022Q3,2022-11-03,0001501585-22-000034,cfo_usd,165000000.0,True,us-gaap:NetCashProvidedByUsedInOperatingActivities,i65cd930b27f94f0e92e597e9be36b1c0_D20220101-20220930,https://www.sec.gov/Archives/edgar/data/1501585/000150158522000034/hii-20220930.htm,57998b25458f3a20d8ab189f4d1d7fc62bf7ae7299f006de9dae780a4081f114,FINANCIAL_STATEMENT,CONSOLIDATED_NO_DIMENSION_REPORT_DATE_CONTEXT,False,ALL_PERIODIC_FILINGS,True,True,True
10-Q,2022Q3,2022-11-03,0001501585-22-000034,capex_usd,179000000.0,True,us-gaap:PaymentsToAcquirePropertyPlantAndEquipment,i65cd930b27f94f0e92e597e9be36b1c0_D20220101-20220930,https://www.sec.gov/Archives/edgar/data/1501585/000150158522000034/hii-20220930.htm,57998b25458f3a20d8ab189f4d1d7fc62bf7ae7299f006de9dae780a4081f114,FINANCIAL_STATEMENT,CONSOLIDATED_NO_DIMENSION_REPORT_DATE_CONTEXT,False,ALL_PERIODIC_FILINGS,True,True,True
10-Q,2022Q3,2022-11-03,0001501585-22-000034,depreciation_amortization_usd,158000000.0,True,us-gaap:Depreciation,i65cd930b27f94f0e92e597e9be36b1c0_D20220101-20220930,https://www.sec.gov/Archives/edgar/data/1501585/000150158522000034/hii-20220930.htm,57998b25458f3a20d8ab189f4d1d7fc62bf7ae7299f006de9dae780a4081f114,FINANCIAL_STATEMENT,CONSOLIDATED_NO_DIMENSION_REPORT_DATE_CONTEXT,False,ALL_PERIODIC_FILINGS,True,True,True
10-Q,2022Q3,2022-11-03,0001501585-22-000034,research_development_usd,,False,,,https://www.sec.gov/Archives/edgar/data/1501585/000150158522000034/hii-20220930.htm,57998b25458f3a20d8ab189f4d1d7fc62bf7ae7299f006de9dae780a4081f114,NOTE,CONSOLIDATED_NO_DIMENSION_REPORT_DATE_CONTEXT,False,ANNUAL_10K_ONLY,False,False,False
10-Q,2022Q3,2022-11-03,0001501585-22-000034,business_acquisitions_usd,,False,,,https://www.sec.gov/Archives/edgar/data/1501585/000150158522000034/hii-20220930.htm,57998b25458f3a20d8ab189f4d1d7fc62bf7ae7299f006de9dae780a4081f114,NOTE,CONSOLIDATED_NO_DIMENSION_REPORT_DATE_CONTEXT,False,EVENT_CONDITIONAL_NOT_SCORED,True,False,False
10-Q,2022Q3,2022-11-03,0001501585-22-000034,receivables_usd,,False,,,https://www.sec.gov/Archives/edgar/data/1501585/000150158522000034/hii-20220930.htm,57998b25458f3a20d8ab189f4d1d7fc62bf7ae7299f006de9dae780a4081f114,FINANCIAL_STATEMENT,CONSOLIDATED_NO_DIMENSION_REPORT_DATE_CONTEXT,False,ALL_PERIODIC_FILINGS,False,True,False
10-Q,2022Q3,2022-11-03,0001501585-22-000034,inventory_usd,174000000.0,True,us-gaap:InventoryNetOfAllowancesCustomerAdvancesAndProgressBillings,ie1002b0bd2954319b04832d95363547d_I20220930,https://www.sec.gov/Archives/edgar/data/1501585/000150158522000034/hii-20220930.htm,57998b25458f3a20d8ab189f4d1d7fc62bf7ae7299f006de9dae780a4081f114,FINANCIAL_STATEMENT,CONSOLIDATED_NO_DIMENSION_REPORT_DATE_CONTEXT,False,ALL_PERIODIC_FILINGS,True,True,True
10-Q,2022Q3,2022-11-03,0001501585-22-000034,accounts_payable_usd,539000000.0,True,us-gaap:AccountsPayableCurrent,ie1002b0bd2954319b04832d95363547d_I20220930,https://www.sec.gov/Archives/edgar/data/1501585/000150158522000034/hii-20220930.htm,57998b25458f3a20d8ab189f4d1d7fc62bf7ae7299f006de9dae780a4081f114,FINANCIAL_STATEMENT,CONSOLIDATED_NO_DIMENSION_REPORT_DATE_CONTEXT,False,ALL_PERIODIC_FILINGS,True,True,True
10-Q,2022Q3,2022-11-03,0001501585-22-000034,contract_assets_usd,1564000000.0,True,us-gaap:ContractWithCustomerAssetNet,ie1002b0bd2954319b04832d95363547d_I20220930,https://www.sec.gov/Archives/edgar/data/1501585/000150158522000034/hii-20220930.htm,57998b25458f3a20d8ab189f4d1d7fc62bf7ae7299f006de9dae780a4081f114,NOTE,CONSOLIDATED_NO_DIMENSION_REPORT_DATE_CONTEXT,False,ALL_PERIODIC_FILINGS,True,True,True
10-Q,2022Q3,2022-11-03,0001501585-22-000034,contract_liabilities_usd,768000000.0,True,us-gaap:ContractWithCustomerLiabilityCurrent,ie1002b0bd2954319b04832d95363547d_I20220930,https://www.sec.gov/Archives/edgar/data/1501585/000150158522000034/hii-20220930.htm,57998b25458f3a20d8ab189f4d1d7fc62bf7ae7299f006de9dae780a4081f114,NOTE,CONSOLIDATED_NO_DIMENSION_REPORT_DATE_CONTEXT,False,ALL_PERIODIC_FILINGS,True,True,True
10-Q,2022Q3,2022-11-03,0001501585-22-000034,remaining_performance_obligation_usd,46700000000.0,True,us-gaap:RevenueRemainingPerformanceObligation,ie1002b0bd2954319b04832d95363547d_I20220930,https://www.sec.gov/Archives/edgar/data/1501585/000150158522000034/hii-20220930.htm,57998b25458f3a20d8ab189f4d1d7fc62bf7ae7299f006de9dae780a4081f114,NOTE,CONSOLIDATED_NO_DIMENSION_REPORT_DATE_CONTEXT,False,ALL_PERIODIC_FILINGS,True,True,True
10-Q,2022Q3,2022-11-03,0001501585-22-000034,program_gains_losses_usd,,False,,,https://www.sec.gov/Archives/edgar/data/1501585/000150158522000034/hii-20220930.htm,57998b25458f3a20d8ab189f4d1d7fc62bf7ae7299f006de9dae780a4081f114,NOTE,CONSOLIDATED_NO_DIMENSION_REPORT_DATE_CONTEXT,False,EVENT_CONDITIONAL_NOT_SCORED,False,False,False
10-Q,2022Q3,2022-11-03,0001501585-22-000034,cash_usd,117000000.0,True,us-gaap:CashAndCashEquivalentsAtCarryingValue,ie1002b0bd2954319b04832d95363547d_I20220930,https://www.sec.gov/Archives/edgar/data/1501585/000150158522000034/hii-20220930.htm,57998b25458f3a20d8ab189f4d1d7fc62bf7ae7299f006de9dae780a4081f114,FINANCIAL_STATEMENT,CONSOLIDATED_NO_DIMENSION_REPORT_DATE_CONTEXT,False,ALL_PERIODIC_FILINGS,True,True,True
10-Q,2022Q3,2022-11-03,0001501585-22-000034,debt_current_usd,399000000.0,True,us-gaap:LongTermDebtCurrent,ie1002b0bd2954319b04832d95363547d_I20220930,https://www.sec.gov/Archives/edgar/data/1501585/000150158522000034/hii-20220930.htm,57998b25458f3a20d8ab189f4d1d7fc62bf7ae7299f006de9dae780a4081f114,FINANCIAL_STATEMENT,CONSOLIDATED_NO_DIMENSION_REPORT_DATE_CONTEXT,False,ALL_PERIODIC_FILINGS,True,True,True
10-Q,2022Q3,2022-11-03,0001501585-22-000034,debt_noncurrent_usd,2605000000.0,True,us-gaap:LongTermDebtNoncurrent,ie1002b0bd2954319b04832d95363547d_I20220930,https://www.sec.gov/Archives/edgar/data/1501585/000150158522000034/hii-20220930.htm,57998b25458f3a20d8ab189f4d1d7fc62bf7ae7299f006de9dae780a4081f114,FINANCIAL_STATEMENT,CONSOLIDATED_NO_DIMENSION_REPORT_DATE_CONTEXT,False,ALL_PERIODIC_FILINGS,True,True,True
10-Q,2022Q3,2022-11-03,0001501585-22-000034,equity_usd,,False,,,https://www.sec.gov/Archives/edgar/data/1501585/000150158522000034/hii-20220930.htm,57998b25458f3a20d8ab189f4d1d7fc62bf7ae7299f006de9dae780a4081f114,FINANCIAL_STATEMENT,CONSOLIDATED_NO_DIMENSION_REPORT_DATE_CONTEXT,False,ALL_PERIODIC_FILINGS,False,True,False
10-Q,2022Q3,2022-11-03,0001501585-22-000034,goodwill_usd,2618000000.0,True,us-gaap:Goodwill,ie1002b0bd2954319b04832d95363547d_I20220930,https://www.sec.gov/Archives/edgar/data/1501585/000150158522000034/hii-20220930.htm,57998b25458f3a20d8ab189f4d1d7fc62bf7ae7299f006de9dae780a4081f114,FINANCIAL_STATEMENT,CONSOLIDATED_NO_DIMENSION_REPORT_DATE_CONTEXT,False,ALL_PERIODIC_FILINGS,True,True,True
10-Q,2022Q3,2022-11-03,0001501585-22-000034,intangibles_ex_goodwill_usd,,False,,,https://www.sec.gov/Archives/edgar/data/1501585/000150158522000034/hii-20220930.htm,57998b25458f3a20d8ab189f4d1d7fc62bf7ae7299f006de9dae780a4081f114,FINANCIAL_STATEMENT,CONSOLIDATED_NO_DIMENSION_REPORT_DATE_CONTEXT,False,ALL_PERIODIC_FILINGS,False,True,False
10-Q,2022Q3,2022-11-03,0001501585-22-000034,pension_liability_usd,394000000.0,True,us-gaap:DefinedBenefitPensionPlanLiabilitiesNoncurrent,ie1002b0bd2954319b04832d95363547d_I20220930,https://www.sec.gov/Archives/edgar/data/1501585/000150158522000034/hii-20220930.htm,57998b25458f3a20d8ab189f4d1d7fc62bf7ae7299f006de9dae780a4081f114,NOTE,CONSOLIDATED_NO_DIMENSION_REPORT_DATE_CONTEXT,False,ALL_PERIODIC_FILINGS,True,True,True
10-Q,2022Q3,2022-11-03,0001501585-22-000034,fas_cas_pension_adjustment_usd,,False,,,https://www.sec.gov/Archives/edgar/data/1501585/000150158522000034/hii-20220930.htm,57998b25458f3a20d8ab189f4d1d7fc62bf7ae7299f006de9dae780a4081f114,NOTE,CONSOLIDATED_NO_DIMENSION_REPORT_DATE_CONTEXT,False,DISCLOSURE_REGIME_ONLY,False,False,False
10-K,2022Q4,2023-02-09,0001501585-23-000010,revenue_usd,10676000000.0,True,us-gaap:Revenues,i00cb54c84aeb49af85513a61d4c03984_D20220101-20221231,https://www.sec.gov/Archives/edgar/data/1501585/000150158523000010/hii-20221231.htm,cfcc6f7fd5211d6d8f36fcd6ed2a9b9a8d27927356fe1913e9b42f534685bf8e,FINANCIAL_STATEMENT,CONSOLIDATED_NO_DIMENSION_REPORT_DATE_CONTEXT,False,ALL_PERIODIC_FILINGS,True,True,True
10-K,2022Q4,2023-02-09,0001501585-23-000010,operating_income_usd,565000000.0,True,us-gaap:OperatingIncomeLoss,i00cb54c84aeb49af85513a61d4c03984_D20220101-20221231,https://www.sec.gov/Archives/edgar/data/1501585/000150158523000010/hii-20221231.htm,cfcc6f7fd5211d6d8f36fcd6ed2a9b9a8d27927356fe1913e9b42f534685bf8e,FINANCIAL_STATEMENT,CONSOLIDATED_NO_DIMENSION_REPORT_DATE_CONTEXT,False,ALL_PERIODIC_FILINGS,True,True,True
10-K,2022Q4,2023-02-09,0001501585-23-000010,pretax_income_usd,719000000.0,True,us-gaap:IncomeLossFromContinuingOperationsBeforeIncomeTaxesExtraordinaryItemsNoncontrollingInterest,i00cb54c84aeb49af85513a61d4c03984_D20220101-20221231,https://www.sec.gov/Archives/edgar/data/1501585/000150158523000010/hii-20221231.htm,cfcc6f7fd5211d6d8f36fcd6ed2a9b9a8d27927356fe1913e9b42f534685bf8e,FINANCIAL_STATEMENT,CONSOLIDATED_NO_DIMENSION_REPORT_DATE_CONTEXT,False,ALL_PERIODIC_FILINGS,True,True,True
10-K,2022Q4,2023-02-09,0001501585-23-000010,income_tax_usd,140000000.0,True,us-gaap:IncomeTaxExpenseBenefit,i00cb54c84aeb49af85513a61d4c03984_D20220101-20221231,https://www.sec.gov/Archives/edgar/data/1501585/000150158523000010/hii-20221231.htm,cfcc6f7fd5211d6d8f36fcd6ed2a9b9a8d27927356fe1913e9b42f534685bf8e,FINANCIAL_STATEMENT,CONSOLIDATED_NO_DIMENSION_REPORT_DATE_CONTEXT,False,ALL_PERIODIC_FILINGS,True,True,True
10-K,2022Q4,2023-02-09,0001501585-23-000010,cfo_usd,766000000.0,True,us-gaap:NetCashProvidedByUsedInOperatingActivities,i00cb54c84aeb49af85513a61d4c03984_D20220101-20221231,https://www.sec.gov/Archives/edgar/data/1501585/000150158523000010/hii-20221231.htm,cfcc6f7fd5211d6d8f36fcd6ed2a9b9a8d27927356fe1913e9b42f534685bf8e,FINANCIAL_STATEMENT,CONSOLIDATED_NO_DIMENSION_REPORT_DATE_CONTEXT,False,ALL_PERIODIC_FILINGS,True,True,True
10-K,2022Q4,2023-02-09,0001501585-23-000010,capex_usd,272000000.0,True,us-gaap:PaymentsToAcquireProductiveAssets,i00cb54c84aeb49af85513a61d4c03984_D20220101-20221231,https://www.sec.gov/Archives/edgar/data/1501585/000150158523000010/hii-20221231.htm,cfcc6f7fd5211d6d8f36fcd6ed2a9b9a8d27927356fe1913e9b42f534685bf8e,FINANCIAL_STATEMENT,CONSOLIDATED_NO_DIMENSION_REPORT_DATE_CONTEXT,False,ALL_PERIODIC_FILINGS,True,True,True
10-K,2022Q4,2023-02-09,0001501585-23-000010,depreciation_amortization_usd,218000000.0,True,us-gaap:Depreciation,i00cb54c84aeb49af85513a61d4c03984_D20220101-20221231,https://www.sec.gov/Archives/edgar/data/1501585/000150158523000010/hii-20221231.htm,cfcc6f7fd5211d6d8f36fcd6ed2a9b9a8d27927356fe1913e9b42f534685bf8e,FINANCIAL_STATEMENT,CONSOLIDATED_NO_DIMENSION_REPORT_DATE_CONTEXT,False,ALL_PERIODIC_FILINGS,True,True,True
10-K,2022Q4,2023-02-09,0001501585-23-000010,research_development_usd,40000000.0,True,us-gaap:ResearchAndDevelopmentExpense,i00cb54c84aeb49af85513a61d4c03984_D20220101-20221231,https://www.sec.gov/Archives/edgar/data/1501585/000150158523000010/hii-20221231.htm,cfcc6f7fd5211d6d8f36fcd6ed2a9b9a8d27927356fe1913e9b42f534685bf8e,NOTE,CONSOLIDATED_NO_DIMENSION_REPORT_DATE_CONTEXT,False,ANNUAL_10K_ONLY,True,True,True
10-K,2022Q4,2023-02-09,0001501585-23-000010,business_acquisitions_usd,,False,,,https://www.sec.gov/Archives/edgar/data/1501585/000150158523000010/hii-20221231.htm,cfcc6f7fd5211d6d8f36fcd6ed2a9b9a8d27927356fe1913e9b42f534685bf8e,NOTE,CONSOLIDATED_NO_DIMENSION_REPORT_DATE_CONTEXT,False,EVENT_CONDITIONAL_NOT_SCORED,True,False,False
10-K,2022Q4,2023-02-09,0001501585-23-000010,receivables_usd,,False,,,https://www.sec.gov/Archives/edgar/data/1501585/000150158523000010/hii-20221231.htm,cfcc6f7fd5211d6d8f36fcd6ed2a9b9a8d27927356fe1913e9b42f534685bf8e,FINANCIAL_STATEMENT,CONSOLIDATED_NO_DIMENSION_REPORT_DATE_CONTEXT,False,ALL_PERIODIC_FILINGS,False,True,False
10-K,2022Q4,2023-02-09,0001501585-23-000010,inventory_usd,183000000.0,True,us-gaap:InventoryNetOfAllowancesCustomerAdvancesAndProgressBillings,i4f068b02c746496f8f86f05608fd8085_I20221231,https://www.sec.gov/Archives/edgar/data/1501585/000150158523000010/hii-20221231.htm,cfcc6f7fd5211d6d8f36fcd6ed2a9b9a8d27927356fe1913e9b42f534685bf8e,FINANCIAL_STATEMENT,CONSOLIDATED_NO_DIMENSION_REPORT_DATE_CONTEXT,False,ALL_PERIODIC_FILINGS,True,True,True
10-K,2022Q4,2023-02-09,0001501585-23-000010,accounts_payable_usd,642000000.0,True,us-gaap:AccountsPayableCurrent,i4f068b02c746496f8f86f05608fd8085_I20221231,https://www.sec.gov/Archives/edgar/data/1501585/000150158523000010/hii-20221231.htm,cfcc6f7fd5211d6d8f36fcd6ed2a9b9a8d27927356fe1913e9b42f534685bf8e,FINANCIAL_STATEMENT,CONSOLIDATED_NO_DIMENSION_REPORT_DATE_CONTEXT,False,ALL_PERIODIC_FILINGS,True,True,True
10-K,2022Q4,2023-02-09,0001501585-23-000010,contract_assets_usd,1240000000.0,True,us-gaap:ContractWithCustomerAssetNet,i4f068b02c746496f8f86f05608fd8085_I20221231,https://www.sec.gov/Archives/edgar/data/1501585/000150158523000010/hii-20221231.htm,cfcc6f7fd5211d6d8f36fcd6ed2a9b9a8d27927356fe1913e9b42f534685bf8e,NOTE,CONSOLIDATED_NO_DIMENSION_REPORT_DATE_CONTEXT,False,ALL_PERIODIC_FILINGS,True,True,True
10-K,2022Q4,2023-02-09,0001501585-23-000010,contract_liabilities_usd,766000000.0,True,us-gaap:ContractWithCustomerLiabilityCurrent,i4f068b02c746496f8f86f05608fd8085_I20221231,https://www.sec.gov/Archives/edgar/data/1501585/000150158523000010/hii-20221231.htm,cfcc6f7fd5211d6d8f36fcd6ed2a9b9a8d27927356fe1913e9b42f534685bf8e,NOTE,CONSOLIDATED_NO_DIMENSION_REPORT_DATE_CONTEXT,False,ALL_PERIODIC_FILINGS,True,True,True
10-K,2022Q4,2023-02-09,0001501585-23-000010,remaining_performance_obligation_usd,47100000000.0,True,us-gaap:RevenueRemainingPerformanceObligation,i4f068b02c746496f8f86f05608fd8085_I20221231,https://www.sec.gov/Archives/edgar/data/1501585/000150158523000010/hii-20221231.htm,cfcc6f7fd5211d6d8f36fcd6ed2a9b9a8d27927356fe1913e9b42f534685bf8e,NOTE,CONSOLIDATED_NO_DIMENSION_REPORT_DATE_CONTEXT,False,ALL_PERIODIC_FILINGS,True,True,True
10-K,2022Q4,2023-02-09,0001501585-23-000010,program_gains_losses_usd,,False,,,https://www.sec.gov/Archives/edgar/data/1501585/000150158523000010/hii-20221231.htm,cfcc6f7fd5211d6d8f36fcd6ed2a9b9a8d27927356fe1913e9b42f534685bf8e,NOTE,CONSOLIDATED_NO_DIMENSION_REPORT_DATE_CONTEXT,False,EVENT_CONDITIONAL_NOT_SCORED,False,False,False
10-K,2022Q4,2023-02-09,0001501585-23-000010,cash_usd,467000000.0,True,us-gaap:CashCashEquivalentsRestrictedCashAndRestrictedCashEquivalents,i4f068b02c746496f8f86f05608fd8085_I20221231,https://www.sec.gov/Archives/edgar/data/1501585/000150158523000010/hii-20221231.htm,cfcc6f7fd5211d6d8f36fcd6ed2a9b9a8d27927356fe1913e9b42f534685bf8e,FINANCIAL_STATEMENT,CONSOLIDATED_NO_DIMENSION_REPORT_DATE_CONTEXT,False,ALL_PERIODIC_FILINGS,True,True,True
10-K,2022Q4,2023-02-09,0001501585-23-000010,debt_current_usd,399000000.0,True,us-gaap:LongTermDebtCurrent,i4f068b02c746496f8f86f05608fd8085_I20221231,https://www.sec.gov/Archives/edgar/data/1501585/000150158523000010/hii-20221231.htm,cfcc6f7fd5211d6d8f36fcd6ed2a9b9a8d27927356fe1913e9b42f534685bf8e,FINANCIAL_STATEMENT,CONSOLIDATED_NO_DIMENSION_REPORT_DATE_CONTEXT,False,ALL_PERIODIC_FILINGS,True,True,True
10-K,2022Q4,2023-02-09,0001501585-23-000010,debt_noncurrent_usd,2506000000.0,True,us-gaap:LongTermDebtNoncurrent,i4f068b02c746496f8f86f05608fd8085_I20221231,https://www.sec.gov/Archives/edgar/data/1501585/000150158523000010/hii-20221231.htm,cfcc6f7fd5211d6d8f36fcd6ed2a9b9a8d27927356fe1913e9b42f534685bf8e,FINANCIAL_STATEMENT,CONSOLIDATED_NO_DIMENSION_REPORT_DATE_CONTEXT,False,ALL_PERIODIC_FILINGS,True,True,True
10-K,2022Q4,2023-02-09,0001501585-23-000010,equity_usd,3489000000.0,True,us-gaap:StockholdersEquity,i4f068b02c746496f8f86f05608fd8085_I20221231,https://www.sec.gov/Archives/edgar/data/1501585/000150158523000010/hii-20221231.htm,cfcc6f7fd5211d6d8f36fcd6ed2a9b9a8d27927356fe1913e9b42f534685bf8e,FINANCIAL_STATEMENT,CONSOLIDATED_NO_DIMENSION_REPORT_DATE_CONTEXT,False,ALL_PERIODIC_FILINGS,True,True,True
10-K,2022Q4,2023-02-09,0001501585-23-000010,goodwill_usd,2618000000.0,True,us-gaap:Goodwill,i4f068b02c746496f8f86f05608fd8085_I20221231,https://www.sec.gov/Archives/edgar/data/1501585/000150158523000010/hii-20221231.htm,cfcc6f7fd5211d6d8f36fcd6ed2a9b9a8d27927356fe1913e9b42f534685bf8e,FINANCIAL_STATEMENT,CONSOLIDATED_NO_DIMENSION_REPORT_DATE_CONTEXT,False,ALL_PERIODIC_FILINGS,True,True,True
10-K,2022Q4,2023-02-09,0001501585-23-000010,intangibles_ex_goodwill_usd,,False,,,https://www.sec.gov/Archives/edgar/data/1501585/000150158523000010/hii-20221231.htm,cfcc6f7fd5211d6d8f36fcd6ed2a9b9a8d27927356fe1913e9b42f534685bf8e,FINANCIAL_STATEMENT,CONSOLIDATED_NO_DIMENSION_REPORT_DATE_CONTEXT,False,ALL_PERIODIC_FILINGS,False,True,False
10-K,2022Q4,2023-02-09,0001501585-23-000010,pension_liability_usd,214000000.0,True,us-gaap:DefinedBenefitPensionPlanLiabilitiesNoncurrent,i4f068b02c746496f8f86f05608fd8085_I20221231,https://www.sec.gov/Archives/edgar/data/1501585/000150158523000010/hii-20221231.htm,cfcc6f7fd5211d6d8f36fcd6ed2a9b9a8d27927356fe1913e9b42f534685bf8e,NOTE,CONSOLIDATED_NO_DIMENSION_REPORT_DATE_CONTEXT,False,ALL_PERIODIC_FILINGS,True,True,True
10-K,2022Q4,2023-02-09,0001501585-23-000010,fas_cas_pension_adjustment_usd,,False,,,https://www.sec.gov/Archives/edgar/data/1501585/000150158523000010/hii-20221231.htm,cfcc6f7fd5211d6d8f36fcd6ed2a9b9a8d27927356fe1913e9b42f534685bf8e,NOTE,CONSOLIDATED_NO_DIMENSION_REPORT_DATE_CONTEXT,False,DISCLOSURE_REGIME_ONLY,False,False,False
10-Q,2023Q1,2023-05-04,0001501585-23-000016,revenue_usd,2674000000.0,True,us-gaap:Revenues,id468232c99ca43978b1622c2284b82f1_D20230101-20230331,https://www.sec.gov/Archives/edgar/data/1501585/000150158523000016/hii-20230331.htm,7677040d91a50e08f5092f2204c472ddc90d8ad7f1bdb3eca371625d64954a79,FINANCIAL_STATEMENT,CONSOLIDATED_NO_DIMENSION_REPORT_DATE_CONTEXT,False,ALL_PERIODIC_FILINGS,True,True,True
10-Q,2023Q1,2023-05-04,0001501585-23-000016,operating_income_usd,141000000.0,True,us-gaap:OperatingIncomeLoss,id468232c99ca43978b1622c2284b82f1_D20230101-20230331,https://www.sec.gov/Archives/edgar/data/1501585/000150158523000016/hii-20230331.htm,7677040d91a50e08f5092f2204c472ddc90d8ad7f1bdb3eca371625d64954a79,FINANCIAL_STATEMENT,CONSOLIDATED_NO_DIMENSION_REPORT_DATE_CONTEXT,False,ALL_PERIODIC_FILINGS,True,True,True
10-Q,2023Q1,2023-05-04,0001501585-23-000016,pretax_income_usd,163000000.0,True,us-gaap:IncomeLossFromContinuingOperationsBeforeIncomeTaxesExtraordinaryItemsNoncontrollingInterest,id468232c99ca43978b1622c2284b82f1_D20230101-20230331,https://www.sec.gov/Archives/edgar/data/1501585/000150158523000016/hii-20230331.htm,7677040d91a50e08f5092f2204c472ddc90d8ad7f1bdb3eca371625d64954a79,FINANCIAL_STATEMENT,CONSOLIDATED_NO_DIMENSION_REPORT_DATE_CONTEXT,False,ALL_PERIODIC_FILINGS,True,True,True
10-Q,2023Q1,2023-05-04,0001501585-23-000016,income_tax_usd,34000000.0,True,us-gaap:IncomeTaxExpenseBenefit,id468232c99ca43978b1622c2284b82f1_D20230101-20230331,https://www.sec.gov/Archives/edgar/data/1501585/000150158523000016/hii-20230331.htm,7677040d91a50e08f5092f2204c472ddc90d8ad7f1bdb3eca371625d64954a79,FINANCIAL_STATEMENT,CONSOLIDATED_NO_DIMENSION_REPORT_DATE_CONTEXT,False,ALL_PERIODIC_FILINGS,True,True,True
10-Q,2023Q1,2023-05-04,0001501585-23-000016,cfo_usd,-9000000.0,True,us-gaap:NetCashProvidedByUsedInOperatingActivities,id468232c99ca43978b1622c2284b82f1_D20230101-20230331,https://www.sec.gov/Archives/edgar/data/1501585/000150158523000016/hii-20230331.htm,7677040d91a50e08f5092f2204c472ddc90d8ad7f1bdb3eca371625d64954a79,FINANCIAL_STATEMENT,CONSOLIDATED_NO_DIMENSION_REPORT_DATE_CONTEXT,False,ALL_PERIODIC_FILINGS,True,True,True
10-Q,2023Q1,2023-05-04,0001501585-23-000016,capex_usd,43000000.0,True,us-gaap:PaymentsToAcquirePropertyPlantAndEquipment,id468232c99ca43978b1622c2284b82f1_D20230101-20230331,https://www.sec.gov/Archives/edgar/data/1501585/000150158523000016/hii-20230331.htm,7677040d91a50e08f5092f2204c472ddc90d8ad7f1bdb3eca371625d64954a79,FINANCIAL_STATEMENT,CONSOLIDATED_NO_DIMENSION_REPORT_DATE_CONTEXT,False,ALL_PERIODIC_FILINGS,True,True,True
10-Q,2023Q1,2023-05-04,0001501585-23-000016,depreciation_amortization_usd,55000000.0,True,us-gaap:Depreciation,id468232c99ca43978b1622c2284b82f1_D20230101-20230331,https://www.sec.gov/Archives/edgar/data/1501585/000150158523000016/hii-20230331.htm,7677040d91a50e08f5092f2204c472ddc90d8ad7f1bdb3eca371625d64954a79,FINANCIAL_STATEMENT,CONSOLIDATED_NO_DIMENSION_REPORT_DATE_CONTEXT,False,ALL_PERIODIC_FILINGS,True,True,True
10-Q,2023Q1,2023-05-04,0001501585-23-000016,research_development_usd,,False,,,https://www.sec.gov/Archives/edgar/data/1501585/000150158523000016/hii-20230331.htm,7677040d91a50e08f5092f2204c472ddc90d8ad7f1bdb3eca371625d64954a79,NOTE,CONSOLIDATED_NO_DIMENSION_REPORT_DATE_CONTEXT,False,ANNUAL_10K_ONLY,False,False,False
10-Q,2023Q1,2023-05-04,0001501585-23-000016,business_acquisitions_usd,,False,,,https://www.sec.gov/Archives/edgar/data/1501585/000150158523000016/hii-20230331.htm,7677040d91a50e08f5092f2204c472ddc90d8ad7f1bdb3eca371625d64954a79,NOTE,CONSOLIDATED_NO_DIMENSION_REPORT_DATE_CONTEXT,False,EVENT_CONDITIONAL_NOT_SCORED,False,False,False
10-Q,2023Q1,2023-05-04,0001501585-23-000016,receivables_usd,,False,,,https://www.sec.gov/Archives/edgar/data/1501585/000150158523000016/hii-20230331.htm,7677040d91a50e08f5092f2204c472ddc90d8ad7f1bdb3eca371625d64954a79,FINANCIAL_STATEMENT,CONSOLIDATED_NO_DIMENSION_REPORT_DATE_CONTEXT,False,ALL_PERIODIC_FILINGS,False,True,False
10-Q,2023Q1,2023-05-04,0001501585-23-000016,inventory_usd,190000000.0,True,us-gaap:InventoryNetOfAllowancesCustomerAdvancesAndProgressBillings,ifb0ddd2dd2e940a78abf79616943e3c0_I20230331,https://www.sec.gov/Archives/edgar/data/1501585/000150158523000016/hii-20230331.htm,7677040d91a50e08f5092f2204c472ddc90d8ad7f1bdb3eca371625d64954a79,FINANCIAL_STATEMENT,CONSOLIDATED_NO_DIMENSION_REPORT_DATE_CONTEXT,False,ALL_PERIODIC_FILINGS,True,True,True
10-Q,2023Q1,2023-05-04,0001501585-23-000016,accounts_payable_usd,505000000.0,True,us-gaap:AccountsPayableCurrent,ifb0ddd2dd2e940a78abf79616943e3c0_I20230331,https://www.sec.gov/Archives/edgar/data/1501585/000150158523000016/hii-20230331.htm,7677040d91a50e08f5092f2204c472ddc90d8ad7f1bdb3eca371625d64954a79,FINANCIAL_STATEMENT,CONSOLIDATED_NO_DIMENSION_REPORT_DATE_CONTEXT,False,ALL_PERIODIC_FILINGS,True,True,True
10-Q,2023Q1,2023-05-04,0001501585-23-000016,contract_assets_usd,1298000000.0,True,us-gaap:ContractWithCustomerAssetNet,ifb0ddd2dd2e940a78abf79616943e3c0_I20230331,https://www.sec.gov/Archives/edgar/data/1501585/000150158523000016/hii-20230331.htm,7677040d91a50e08f5092f2204c472ddc90d8ad7f1bdb3eca371625d64954a79,NOTE,CONSOLIDATED_NO_DIMENSION_REPORT_DATE_CONTEXT,False,ALL_PERIODIC_FILINGS,True,True,True
10-Q,2023Q1,2023-05-04,0001501585-23-000016,contract_liabilities_usd,810000000.0,True,us-gaap:ContractWithCustomerLiabilityCurrent,ifb0ddd2dd2e940a78abf79616943e3c0_I20230331,https://www.sec.gov/Archives/edgar/data/1501585/000150158523000016/hii-20230331.htm,7677040d91a50e08f5092f2204c472ddc90d8ad7f1bdb3eca371625d64954a79,NOTE,CONSOLIDATED_NO_DIMENSION_REPORT_DATE_CONTEXT,False,ALL_PERIODIC_FILINGS,True,True,True
10-Q,2023Q1,2023-05-04,0001501585-23-000016,remaining_performance_obligation_usd,47000000000.0,True,us-gaap:RevenueRemainingPerformanceObligation,ifb0ddd2dd2e940a78abf79616943e3c0_I20230331,https://www.sec.gov/Archives/edgar/data/1501585/000150158523000016/hii-20230331.htm,7677040d91a50e08f5092f2204c472ddc90d8ad7f1bdb3eca371625d64954a79,NOTE,CONSOLIDATED_NO_DIMENSION_REPORT_DATE_CONTEXT,False,ALL_PERIODIC_FILINGS,True,True,True
10-Q,2023Q1,2023-05-04,0001501585-23-000016,program_gains_losses_usd,,False,,,https://www.sec.gov/Archives/edgar/data/1501585/000150158523000016/hii-20230331.htm,7677040d91a50e08f5092f2204c472ddc90d8ad7f1bdb3eca371625d64954a79,NOTE,CONSOLIDATED_NO_DIMENSION_REPORT_DATE_CONTEXT,False,EVENT_CONDITIONAL_NOT_SCORED,False,False,False
10-Q,2023Q1,2023-05-04,0001501585-23-000016,cash_usd,318000000.0,True,us-gaap:CashAndCashEquivalentsAtCarryingValue,ifb0ddd2dd2e940a78abf79616943e3c0_I20230331,https://www.sec.gov/Archives/edgar/data/1501585/000150158523000016/hii-20230331.htm,7677040d91a50e08f5092f2204c472ddc90d8ad7f1bdb3eca371625d64954a79,FINANCIAL_STATEMENT,CONSOLIDATED_NO_DIMENSION_REPORT_DATE_CONTEXT,False,ALL_PERIODIC_FILINGS,True,True,True
10-Q,2023Q1,2023-05-04,0001501585-23-000016,debt_current_usd,399000000.0,True,us-gaap:LongTermDebtCurrent,ifb0ddd2dd2e940a78abf79616943e3c0_I20230331,https://www.sec.gov/Archives/edgar/data/1501585/000150158523000016/hii-20230331.htm,7677040d91a50e08f5092f2204c472ddc90d8ad7f1bdb3eca371625d64954a79,FINANCIAL_STATEMENT,CONSOLIDATED_NO_DIMENSION_REPORT_DATE_CONTEXT,False,ALL_PERIODIC_FILINGS,True,True,True
10-Q,2023Q1,2023-05-04,0001501585-23-000016,debt_noncurrent_usd,2498000000.0,True,us-gaap:LongTermDebtNoncurrent,ifb0ddd2dd2e940a78abf79616943e3c0_I20230331,https://www.sec.gov/Archives/edgar/data/1501585/000150158523000016/hii-20230331.htm,7677040d91a50e08f5092f2204c472ddc90d8ad7f1bdb3eca371625d64954a79,FINANCIAL_STATEMENT,CONSOLIDATED_NO_DIMENSION_REPORT_DATE_CONTEXT,False,ALL_PERIODIC_FILINGS,True,True,True
10-Q,2023Q1,2023-05-04,0001501585-23-000016,equity_usd,,False,,,https://www.sec.gov/Archives/edgar/data/1501585/000150158523000016/hii-20230331.htm,7677040d91a50e08f5092f2204c472ddc90d8ad7f1bdb3eca371625d64954a79,FINANCIAL_STATEMENT,CONSOLIDATED_NO_DIMENSION_REPORT_DATE_CONTEXT,False,ALL_PERIODIC_FILINGS,False,True,False
10-Q,2023Q1,2023-05-04,0001501585-23-000016,goodwill_usd,2618000000.0,True,us-gaap:Goodwill,ifb0ddd2dd2e940a78abf79616943e3c0_I20230331,https://www.sec.gov/Archives/edgar/data/1501585/000150158523000016/hii-20230331.htm,7677040d91a50e08f5092f2204c472ddc90d8ad7f1bdb3eca371625d64954a79,FINANCIAL_STATEMENT,CONSOLIDATED_NO_DIMENSION_REPORT_DATE_CONTEXT,False,ALL_PERIODIC_FILINGS,True,True,True
10-Q,2023Q1,2023-05-04,0001501585-23-000016,intangibles_ex_goodwill_usd,,False,,,https://www.sec.gov/Archives/edgar/data/1501585/000150158523000016/hii-20230331.htm,7677040d91a50e08f5092f2204c472ddc90d8ad7f1bdb3eca371625d64954a79,FINANCIAL_STATEMENT,CONSOLIDATED_NO_DIMENSION_REPORT_DATE_CONTEXT,False,ALL_PERIODIC_FILINGS,False,True,False
10-Q,2023Q1,2023-05-04,0001501585-23-000016,pension_liability_usd,216000000.0,True,us-gaap:DefinedBenefitPensionPlanLiabilitiesNoncurrent,ifb0ddd2dd2e940a78abf79616943e3c0_I20230331,https://www.sec.gov/Archives/edgar/data/1501585/000150158523000016/hii-20230331.htm,7677040d91a50e08f5092f2204c472ddc90d8ad7f1bdb3eca371625d64954a79,NOTE,CONSOLIDATED_NO_DIMENSION_REPORT_DATE_CONTEXT,False,ALL_PERIODIC_FILINGS,True,True,True
10-Q,2023Q1,2023-05-04,0001501585-23-000016,fas_cas_pension_adjustment_usd,,False,,,https://www.sec.gov/Archives/edgar/data/1501585/000150158523000016/hii-20230331.htm,7677040d91a50e08f5092f2204c472ddc90d8ad7f1bdb3eca371625d64954a79,NOTE,CONSOLIDATED_NO_DIMENSION_REPORT_DATE_CONTEXT,False,DISCLOSURE_REGIME_ONLY,False,False,False
10-Q,2023Q2,2023-08-03,0001501585-23-000026,revenue_usd,5461000000.0,True,us-gaap:Revenues,c-1,https://www.sec.gov/Archives/edgar/data/1501585/000150158523000026/hii-20230630.htm,240c989517686f107b5ebdb4e8faab041462605487b47ef2d93bb505ef3201e3,FINANCIAL_STATEMENT,CONSOLIDATED_NO_DIMENSION_REPORT_DATE_CONTEXT,False,ALL_PERIODIC_FILINGS,True,True,True
10-Q,2023Q2,2023-08-03,0001501585-23-000026,operating_income_usd,297000000.0,True,us-gaap:OperatingIncomeLoss,c-1,https://www.sec.gov/Archives/edgar/data/1501585/000150158523000026/hii-20230630.htm,240c989517686f107b5ebdb4e8faab041462605487b47ef2d93bb505ef3201e3,FINANCIAL_STATEMENT,CONSOLIDATED_NO_DIMENSION_REPORT_DATE_CONTEXT,False,ALL_PERIODIC_FILINGS,True,True,True
10-Q,2023Q2,2023-08-03,0001501585-23-000026,pretax_income_usd,332000000.0,True,us-gaap:IncomeLossFromContinuingOperationsBeforeIncomeTaxesExtraordinaryItemsNoncontrollingInterest,c-1,https://www.sec.gov/Archives/edgar/data/1501585/000150158523000026/hii-20230630.htm,240c989517686f107b5ebdb4e8faab041462605487b47ef2d93bb505ef3201e3,FINANCIAL_STATEMENT,CONSOLIDATED_NO_DIMENSION_REPORT_DATE_CONTEXT,False,ALL_PERIODIC_FILINGS,True,True,True
10-Q,2023Q2,2023-08-03,0001501585-23-000026,income_tax_usd,73000000.0,True,us-gaap:IncomeTaxExpenseBenefit,c-1,https://www.sec.gov/Archives/edgar/data/1501585/000150158523000026/hii-20230630.htm,240c989517686f107b5ebdb4e8faab041462605487b47ef2d93bb505ef3201e3,FINANCIAL_STATEMENT,CONSOLIDATED_NO_DIMENSION_REPORT_DATE_CONTEXT,False,ALL_PERIODIC_FILINGS,True,True,True
10-Q,2023Q2,2023-08-03,0001501585-23-000026,cfo_usd,73000000.0,True,us-gaap:NetCashProvidedByUsedInOperatingActivities,c-1,https://www.sec.gov/Archives/edgar/data/1501585/000150158523000026/hii-20230630.htm,240c989517686f107b5ebdb4e8faab041462605487b47ef2d93bb505ef3201e3,FINANCIAL_STATEMENT,CONSOLIDATED_NO_DIMENSION_REPORT_DATE_CONTEXT,False,ALL_PERIODIC_FILINGS,True,True,True
10-Q,2023Q2,2023-08-03,0001501585-23-000026,capex_usd,111000000.0,True,us-gaap:PaymentsToAcquirePropertyPlantAndEquipment,c-1,https://www.sec.gov/Archives/edgar/data/1501585/000150158523000026/hii-20230630.htm,240c989517686f107b5ebdb4e8faab041462605487b47ef2d93bb505ef3201e3,FINANCIAL_STATEMENT,CONSOLIDATED_NO_DIMENSION_REPORT_DATE_CONTEXT,False,ALL_PERIODIC_FILINGS,True,True,True
10-Q,2023Q2,2023-08-03,0001501585-23-000026,depreciation_amortization_usd,110000000.0,True,us-gaap:Depreciation,c-1,https://www.sec.gov/Archives/edgar/data/1501585/000150158523000026/hii-20230630.htm,240c989517686f107b5ebdb4e8faab041462605487b47ef2d93bb505ef3201e3,FINANCIAL_STATEMENT,CONSOLIDATED_NO_DIMENSION_REPORT_DATE_CONTEXT,False,ALL_PERIODIC_FILINGS,True,True,True
10-Q,2023Q2,2023-08-03,0001501585-23-000026,research_development_usd,,False,,,https://www.sec.gov/Archives/edgar/data/1501585/000150158523000026/hii-20230630.htm,240c989517686f107b5ebdb4e8faab041462605487b47ef2d93bb505ef3201e3,NOTE,CONSOLIDATED_NO_DIMENSION_REPORT_DATE_CONTEXT,False,ANNUAL_10K_ONLY,False,False,False
10-Q,2023Q2,2023-08-03,0001501585-23-000026,business_acquisitions_usd,,False,,,https://www.sec.gov/Archives/edgar/data/1501585/000150158523000026/hii-20230630.htm,240c989517686f107b5ebdb4e8faab041462605487b47ef2d93bb505ef3201e3,NOTE,CONSOLIDATED_NO_DIMENSION_REPORT_DATE_CONTEXT,False,EVENT_CONDITIONAL_NOT_SCORED,False,False,False
10-Q,2023Q2,2023-08-03,0001501585-23-000026,receivables_usd,,False,,,https://www.sec.gov/Archives/edgar/data/1501585/000150158523000026/hii-20230630.htm,240c989517686f107b5ebdb4e8faab041462605487b47ef2d93bb505ef3201e3,FINANCIAL_STATEMENT,CONSOLIDATED_NO_DIMENSION_REPORT_DATE_CONTEXT,False,ALL_PERIODIC_FILINGS,False,True,False
10-Q,2023Q2,2023-08-03,0001501585-23-000026,inventory_usd,190000000.0,True,us-gaap:InventoryNetOfAllowancesCustomerAdvancesAndProgressBillings,c-14,https://www.sec.gov/Archives/edgar/data/1501585/000150158523000026/hii-20230630.htm,240c989517686f107b5ebdb4e8faab041462605487b47ef2d93bb505ef3201e3,FINANCIAL_STATEMENT,CONSOLIDATED_NO_DIMENSION_REPORT_DATE_CONTEXT,False,ALL_PERIODIC_FILINGS,True,True,True
10-Q,2023Q2,2023-08-03,0001501585-23-000026,accounts_payable_usd,519000000.0,True,us-gaap:AccountsPayableCurrent,c-14,https://www.sec.gov/Archives/edgar/data/1501585/000150158523000026/hii-20230630.htm,240c989517686f107b5ebdb4e8faab041462605487b47ef2d93bb505ef3201e3,FINANCIAL_STATEMENT,CONSOLIDATED_NO_DIMENSION_REPORT_DATE_CONTEXT,False,ALL_PERIODIC_FILINGS,True,True,True
10-Q,2023Q2,2023-08-03,0001501585-23-000026,contract_assets_usd,1266000000.0,True,us-gaap:ContractWithCustomerAssetNet,c-14,https://www.sec.gov/Archives/edgar/data/1501585/000150158523000026/hii-20230630.htm,240c989517686f107b5ebdb4e8faab041462605487b47ef2d93bb505ef3201e3,NOTE,CONSOLIDATED_NO_DIMENSION_REPORT_DATE_CONTEXT,False,ALL_PERIODIC_FILINGS,True,True,True
10-Q,2023Q2,2023-08-03,0001501585-23-000026,contract_liabilities_usd,833000000.0,True,us-gaap:ContractWithCustomerLiabilityCurrent,c-14,https://www.sec.gov/Archives/edgar/data/1501585/000150158523000026/hii-20230630.htm,240c989517686f107b5ebdb4e8faab041462605487b47ef2d93bb505ef3201e3,NOTE,CONSOLIDATED_NO_DIMENSION_REPORT_DATE_CONTEXT,False,ALL_PERIODIC_FILINGS,True,True,True
10-Q,2023Q2,2023-08-03,0001501585-23-000026,remaining_performance_obligation_usd,46900000000.0,True,us-gaap:RevenueRemainingPerformanceObligation,c-14,https://www.sec.gov/Archives/edgar/data/1501585/000150158523000026/hii-20230630.htm,240c989517686f107b5ebdb4e8faab041462605487b47ef2d93bb505ef3201e3,NOTE,CONSOLIDATED_NO_DIMENSION_REPORT_DATE_CONTEXT,False,ALL_PERIODIC_FILINGS,True,True,True
10-Q,2023Q2,2023-08-03,0001501585-23-000026,program_gains_losses_usd,,False,,,https://www.sec.gov/Archives/edgar/data/1501585/000150158523000026/hii-20230630.htm,240c989517686f107b5ebdb4e8faab041462605487b47ef2d93bb505ef3201e3,NOTE,CONSOLIDATED_NO_DIMENSION_REPORT_DATE_CONTEXT,False,EVENT_CONDITIONAL_NOT_SCORED,False,False,False
10-Q,2023Q2,2023-08-03,0001501585-23-000026,cash_usd,313000000.0,True,us-gaap:CashAndCashEquivalentsAtCarryingValue,c-14,https://www.sec.gov/Archives/edgar/data/1501585/000150158523000026/hii-20230630.htm,240c989517686f107b5ebdb4e8faab041462605487b47ef2d93bb505ef3201e3,FINANCIAL_STATEMENT,CONSOLIDATED_NO_DIMENSION_REPORT_DATE_CONTEXT,False,ALL_PERIODIC_FILINGS,True,True,True
10-Q,2023Q2,2023-08-03,0001501585-23-000026,debt_current_usd,484000000.0,True,us-gaap:LongTermDebtCurrent,c-14,https://www.sec.gov/Archives/edgar/data/1501585/000150158523000026/hii-20230630.htm,240c989517686f107b5ebdb4e8faab041462605487b47ef2d93bb505ef3201e3,FINANCIAL_STATEMENT,CONSOLIDATED_NO_DIMENSION_REPORT_DATE_CONTEXT,False,ALL_PERIODIC_FILINGS,True,True,True
10-Q,2023Q2,2023-08-03,0001501585-23-000026,debt_noncurrent_usd,2396000000.0,True,us-gaap:LongTermDebtNoncurrent,c-14,https://www.sec.gov/Archives/edgar/data/1501585/000150158523000026/hii-20230630.htm,240c989517686f107b5ebdb4e8faab041462605487b47ef2d93bb505ef3201e3,FINANCIAL_STATEMENT,CONSOLIDATED_NO_DIMENSION_REPORT_DATE_CONTEXT,False,ALL_PERIODIC_FILINGS,True,True,True
10-Q,2023Q2,2023-08-03,0001501585-23-000026,equity_usd,,False,,,https://www.sec.gov/Archives/edgar/data/1501585/000150158523000026/hii-20230630.htm,240c989517686f107b5ebdb4e8faab041462605487b47ef2d93bb505ef3201e3,FINANCIAL_STATEMENT,CONSOLIDATED_NO_DIMENSION_REPORT_DATE_CONTEXT,False,ALL_PERIODIC_FILINGS,False,True,False
10-Q,2023Q2,2023-08-03,0001501585-23-000026,goodwill_usd,2618000000.0,True,us-gaap:Goodwill,c-14,https://www.sec.gov/Archives/edgar/data/1501585/000150158523000026/hii-20230630.htm,240c989517686f107b5ebdb4e8faab041462605487b47ef2d93bb505ef3201e3,FINANCIAL_STATEMENT,CONSOLIDATED_NO_DIMENSION_REPORT_DATE_CONTEXT,False,ALL_PERIODIC_FILINGS,True,True,True
10-Q,2023Q2,2023-08-03,0001501585-23-000026,intangibles_ex_goodwill_usd,,False,,,https://www.sec.gov/Archives/edgar/data/1501585/000150158523000026/hii-20230630.htm,240c989517686f107b5ebdb4e8faab041462605487b47ef2d93bb505ef3201e3,FINANCIAL_STATEMENT,CONSOLIDATED_NO_DIMENSION_REPORT_DATE_CONTEXT,False,ALL_PERIODIC_FILINGS,False,True,False
10-Q,2023Q2,2023-08-03,0001501585-23-000026,pension_liability_usd,218000000.0,True,us-gaap:DefinedBenefitPensionPlanLiabilitiesNoncurrent,c-14,https://www.sec.gov/Archives/edgar/data/1501585/000150158523000026/hii-20230630.htm,240c989517686f107b5ebdb4e8faab041462605487b47ef2d93bb505ef3201e3,NOTE,CONSOLIDATED_NO_DIMENSION_REPORT_DATE_CONTEXT,False,ALL_PERIODIC_FILINGS,True,True,True
10-Q,2023Q2,2023-08-03,0001501585-23-000026,fas_cas_pension_adjustment_usd,,False,,,https://www.sec.gov/Archives/edgar/data/1501585/000150158523000026/hii-20230630.htm,240c989517686f107b5ebdb4e8faab041462605487b47ef2d93bb505ef3201e3,NOTE,CONSOLIDATED_NO_DIMENSION_REPORT_DATE_CONTEXT,False,DISCLOSURE_REGIME_ONLY,False,False,False
10-Q,2023Q3,2023-11-02,0001501585-23-000033,revenue_usd,8277000000.0,True,us-gaap:Revenues,c-1,https://www.sec.gov/Archives/edgar/data/1501585/000150158523000033/hii-20230930.htm,a978dd437797961c49f196e72ddcadbe80d8301e189d7eabf45e54dceab92f1e,FINANCIAL_STATEMENT,CONSOLIDATED_NO_DIMENSION_REPORT_DATE_CONTEXT,False,ALL_PERIODIC_FILINGS,True,True,True
10-Q,2023Q3,2023-11-02,0001501585-23-000033,operating_income_usd,469000000.0,True,us-gaap:OperatingIncomeLoss,c-1,https://www.sec.gov/Archives/edgar/data/1501585/000150158523000033/hii-20230930.htm,a978dd437797961c49f196e72ddcadbe80d8301e189d7eabf45e54dceab92f1e,FINANCIAL_STATEMENT,CONSOLIDATED_NO_DIMENSION_REPORT_DATE_CONTEXT,False,ALL_PERIODIC_FILINGS,True,True,True
10-Q,2023Q3,2023-11-02,0001501585-23-000033,pretax_income_usd,521000000.0,True,us-gaap:IncomeLossFromContinuingOperationsBeforeIncomeTaxesExtraordinaryItemsNoncontrollingInterest,c-1,https://www.sec.gov/Archives/edgar/data/1501585/000150158523000033/hii-20230930.htm,a978dd437797961c49f196e72ddcadbe80d8301e189d7eabf45e54dceab92f1e,FINANCIAL_STATEMENT,CONSOLIDATED_NO_DIMENSION_REPORT_DATE_CONTEXT,False,ALL_PERIODIC_FILINGS,True,True,True
10-Q,2023Q3,2023-11-02,0001501585-23-000033,income_tax_usd,114000000.0,True,us-gaap:IncomeTaxExpenseBenefit,c-1,https://www.sec.gov/Archives/edgar/data/1501585/000150158523000033/hii-20230930.htm,a978dd437797961c49f196e72ddcadbe80d8301e189d7eabf45e54dceab92f1e,FINANCIAL_STATEMENT,CONSOLIDATED_NO_DIMENSION_REPORT_DATE_CONTEXT,False,ALL_PERIODIC_FILINGS,True,True,True
10-Q,2023Q3,2023-11-02,0001501585-23-000033,cfo_usd,408000000.0,True,us-gaap:NetCashProvidedByUsedInOperatingActivities,c-1,https://www.sec.gov/Archives/edgar/data/1501585/000150158523000033/hii-20230930.htm,a978dd437797961c49f196e72ddcadbe80d8301e189d7eabf45e54dceab92f1e,FINANCIAL_STATEMENT,CONSOLIDATED_NO_DIMENSION_REPORT_DATE_CONTEXT,False,ALL_PERIODIC_FILINGS,True,True,True
10-Q,2023Q3,2023-11-02,0001501585-23-000033,capex_usd,164000000.0,True,us-gaap:PaymentsToAcquirePropertyPlantAndEquipment,c-1,https://www.sec.gov/Archives/edgar/data/1501585/000150158523000033/hii-20230930.htm,a978dd437797961c49f196e72ddcadbe80d8301e189d7eabf45e54dceab92f1e,FINANCIAL_STATEMENT,CONSOLIDATED_NO_DIMENSION_REPORT_DATE_CONTEXT,False,ALL_PERIODIC_FILINGS,True,True,True
10-Q,2023Q3,2023-11-02,0001501585-23-000033,depreciation_amortization_usd,163000000.0,True,us-gaap:Depreciation,c-1,https://www.sec.gov/Archives/edgar/data/1501585/000150158523000033/hii-20230930.htm,a978dd437797961c49f196e72ddcadbe80d8301e189d7eabf45e54dceab92f1e,FINANCIAL_STATEMENT,CONSOLIDATED_NO_DIMENSION_REPORT_DATE_CONTEXT,False,ALL_PERIODIC_FILINGS,True,True,True
10-Q,2023Q3,2023-11-02,0001501585-23-000033,research_development_usd,,False,,,https://www.sec.gov/Archives/edgar/data/1501585/000150158523000033/hii-20230930.htm,a978dd437797961c49f196e72ddcadbe80d8301e189d7eabf45e54dceab92f1e,NOTE,CONSOLIDATED_NO_DIMENSION_REPORT_DATE_CONTEXT,False,ANNUAL_10K_ONLY,False,False,False
10-Q,2023Q3,2023-11-02,0001501585-23-000033,business_acquisitions_usd,,False,,,https://www.sec.gov/Archives/edgar/data/1501585/000150158523000033/hii-20230930.htm,a978dd437797961c49f196e72ddcadbe80d8301e189d7eabf45e54dceab92f1e,NOTE,CONSOLIDATED_NO_DIMENSION_REPORT_DATE_CONTEXT,False,EVENT_CONDITIONAL_NOT_SCORED,False,False,False
10-Q,2023Q3,2023-11-02,0001501585-23-000033,receivables_usd,,False,,,https://www.sec.gov/Archives/edgar/data/1501585/000150158523000033/hii-20230930.htm,a978dd437797961c49f196e72ddcadbe80d8301e189d7eabf45e54dceab92f1e,FINANCIAL_STATEMENT,CONSOLIDATED_NO_DIMENSION_REPORT_DATE_CONTEXT,False,ALL_PERIODIC_FILINGS,False,True,False
10-Q,2023Q3,2023-11-02,0001501585-23-000033,inventory_usd,194000000.0,True,us-gaap:InventoryNetOfAllowancesCustomerAdvancesAndProgressBillings,c-14,https://www.sec.gov/Archives/edgar/data/1501585/000150158523000033/hii-20230930.htm,a978dd437797961c49f196e72ddcadbe80d8301e189d7eabf45e54dceab92f1e,FINANCIAL_STATEMENT,CONSOLIDATED_NO_DIMENSION_REPORT_DATE_CONTEXT,False,ALL_PERIODIC_FILINGS,True,True,True
10-Q,2023Q3,2023-11-02,0001501585-23-000033,accounts_payable_usd,535000000.0,True,us-gaap:AccountsPayableCurrent,c-14,https://www.sec.gov/Archives/edgar/data/1501585/000150158523000033/hii-20230930.htm,a978dd437797961c49f196e72ddcadbe80d8301e189d7eabf45e54dceab92f1e,FINANCIAL_STATEMENT,CONSOLIDATED_NO_DIMENSION_REPORT_DATE_CONTEXT,False,ALL_PERIODIC_FILINGS,True,True,True
10-Q,2023Q3,2023-11-02,0001501585-23-000033,contract_assets_usd,1300000000.0,True,us-gaap:ContractWithCustomerAssetNet,c-14,https://www.sec.gov/Archives/edgar/data/1501585/000150158523000033/hii-20230930.htm,a978dd437797961c49f196e72ddcadbe80d8301e189d7eabf45e54dceab92f1e,NOTE,CONSOLIDATED_NO_DIMENSION_REPORT_DATE_CONTEXT,False,ALL_PERIODIC_FILINGS,True,True,True
10-Q,2023Q3,2023-11-02,0001501585-23-000033,contract_liabilities_usd,878000000.0,True,us-gaap:ContractWithCustomerLiabilityCurrent,c-14,https://www.sec.gov/Archives/edgar/data/1501585/000150158523000033/hii-20230930.htm,a978dd437797961c49f196e72ddcadbe80d8301e189d7eabf45e54dceab92f1e,NOTE,CONSOLIDATED_NO_DIMENSION_REPORT_DATE_CONTEXT,False,ALL_PERIODIC_FILINGS,True,True,True
10-Q,2023Q3,2023-11-02,0001501585-23-000033,remaining_performance_obligation_usd,49400000000.0,True,us-gaap:RevenueRemainingPerformanceObligation,c-14,https://www.sec.gov/Archives/edgar/data/1501585/000150158523000033/hii-20230930.htm,a978dd437797961c49f196e72ddcadbe80d8301e189d7eabf45e54dceab92f1e,NOTE,CONSOLIDATED_NO_DIMENSION_REPORT_DATE_CONTEXT,False,ALL_PERIODIC_FILINGS,True,True,True
10-Q,2023Q3,2023-11-02,0001501585-23-000033,program_gains_losses_usd,,False,,,https://www.sec.gov/Archives/edgar/data/1501585/000150158523000033/hii-20230930.htm,a978dd437797961c49f196e72ddcadbe80d8301e189d7eabf45e54dceab92f1e,NOTE,CONSOLIDATED_NO_DIMENSION_REPORT_DATE_CONTEXT,False,EVENT_CONDITIONAL_NOT_SCORED,False,False,False
10-Q,2023Q3,2023-11-02,0001501585-23-000033,cash_usd,109000000.0,True,us-gaap:CashAndCashEquivalentsAtCarryingValue,c-14,https://www.sec.gov/Archives/edgar/data/1501585/000150158523000033/hii-20230930.htm,a978dd437797961c49f196e72ddcadbe80d8301e189d7eabf45e54dceab92f1e,FINANCIAL_STATEMENT,CONSOLIDATED_NO_DIMENSION_REPORT_DATE_CONTEXT,False,ALL_PERIODIC_FILINGS,True,True,True
10-Q,2023Q3,2023-11-02,0001501585-23-000033,debt_current_usd,255000000.0,True,us-gaap:LongTermDebtCurrent,c-14,https://www.sec.gov/Archives/edgar/data/1501585/000150158523000033/hii-20230930.htm,a978dd437797961c49f196e72ddcadbe80d8301e189d7eabf45e54dceab92f1e,FINANCIAL_STATEMENT,CONSOLIDATED_NO_DIMENSION_REPORT_DATE_CONTEXT,False,ALL_PERIODIC_FILINGS,True,True,True
10-Q,2023Q3,2023-11-02,0001501585-23-000033,debt_noncurrent_usd,2213000000.0,True,us-gaap:LongTermDebtNoncurrent,c-14,https://www.sec.gov/Archives/edgar/data/1501585/000150158523000033/hii-20230930.htm,a978dd437797961c49f196e72ddcadbe80d8301e189d7eabf45e54dceab92f1e,FINANCIAL_STATEMENT,CONSOLIDATED_NO_DIMENSION_REPORT_DATE_CONTEXT,False,ALL_PERIODIC_FILINGS,True,True,True
10-Q,2023Q3,2023-11-02,0001501585-23-000033,equity_usd,,False,,,https://www.sec.gov/Archives/edgar/data/1501585/000150158523000033/hii-20230930.htm,a978dd437797961c49f196e72ddcadbe80d8301e189d7eabf45e54dceab92f1e,FINANCIAL_STATEMENT,CONSOLIDATED_NO_DIMENSION_REPORT_DATE_CONTEXT,False,ALL_PERIODIC_FILINGS,False,True,False
10-Q,2023Q3,2023-11-02,0001501585-23-000033,goodwill_usd,2618000000.0,True,us-gaap:Goodwill,c-14,https://www.sec.gov/Archives/edgar/data/1501585/000150158523000033/hii-20230930.htm,a978dd437797961c49f196e72ddcadbe80d8301e189d7eabf45e54dceab92f1e,FINANCIAL_STATEMENT,CONSOLIDATED_NO_DIMENSION_REPORT_DATE_CONTEXT,False,ALL_PERIODIC_FILINGS,True,True,True
10-Q,2023Q3,2023-11-02,0001501585-23-000033,intangibles_ex_goodwill_usd,,False,,,https://www.sec.gov/Archives/edgar/data/1501585/000150158523000033/hii-20230930.htm,a978dd437797961c49f196e72ddcadbe80d8301e189d7eabf45e54dceab92f1e,FINANCIAL_STATEMENT,CONSOLIDATED_NO_DIMENSION_REPORT_DATE_CONTEXT,False,ALL_PERIODIC_FILINGS,False,True,False
10-Q,2023Q3,2023-11-02,0001501585-23-000033,pension_liability_usd,219000000.0,True,us-gaap:DefinedBenefitPensionPlanLiabilitiesNoncurrent,c-14,https://www.sec.gov/Archives/edgar/data/1501585/000150158523000033/hii-20230930.htm,a978dd437797961c49f196e72ddcadbe80d8301e189d7eabf45e54dceab92f1e,NOTE,CONSOLIDATED_NO_DIMENSION_REPORT_DATE_CONTEXT,False,ALL_PERIODIC_FILINGS,True,True,True
10-Q,2023Q3,2023-11-02,0001501585-23-000033,fas_cas_pension_adjustment_usd,,False,,,https://www.sec.gov/Archives/edgar/data/1501585/000150158523000033/hii-20230930.htm,a978dd437797961c49f196e72ddcadbe80d8301e189d7eabf45e54dceab92f1e,NOTE,CONSOLIDATED_NO_DIMENSION_REPORT_DATE_CONTEXT,False,DISCLOSURE_REGIME_ONLY,False,False,False
10-K,2023Q4,2024-02-01,0001501585-24-000007,revenue_usd,11454000000.0,True,us-gaap:Revenues,c-1,https://www.sec.gov/Archives/edgar/data/1501585/000150158524000007/hii-20231231.htm,0b3d953af66e8986f467784154cf686e260e45e7a548fc9f7d2ee216d54c771b,FINANCIAL_STATEMENT,CONSOLIDATED_NO_DIMENSION_REPORT_DATE_CONTEXT,False,ALL_PERIODIC_FILINGS,True,True,True
10-K,2023Q4,2024-02-01,0001501585-24-000007,operating_income_usd,781000000.0,True,us-gaap:OperatingIncomeLoss,c-1,https://www.sec.gov/Archives/edgar/data/1501585/000150158524000007/hii-20231231.htm,0b3d953af66e8986f467784154cf686e260e45e7a548fc9f7d2ee216d54c771b,FINANCIAL_STATEMENT,CONSOLIDATED_NO_DIMENSION_REPORT_DATE_CONTEXT,False,ALL_PERIODIC_FILINGS,True,True,True
10-K,2023Q4,2024-02-01,0001501585-24-000007,pretax_income_usd,853000000.0,True,us-gaap:IncomeLossFromContinuingOperationsBeforeIncomeTaxesExtraordinaryItemsNoncontrollingInterest,c-1,https://www.sec.gov/Archives/edgar/data/1501585/000150158524000007/hii-20231231.htm,0b3d953af66e8986f467784154cf686e260e45e7a548fc9f7d2ee216d54c771b,FINANCIAL_STATEMENT,CONSOLIDATED_NO_DIMENSION_REPORT_DATE_CONTEXT,False,ALL_PERIODIC_FILINGS,True,True,True
10-K,2023Q4,2024-02-01,0001501585-24-000007,income_tax_usd,172000000.0,True,us-gaap:IncomeTaxExpenseBenefit,c-1,https://www.sec.gov/Archives/edgar/data/1501585/000150158524000007/hii-20231231.htm,0b3d953af66e8986f467784154cf686e260e45e7a548fc9f7d2ee216d54c771b,FINANCIAL_STATEMENT,CONSOLIDATED_NO_DIMENSION_REPORT_DATE_CONTEXT,False,ALL_PERIODIC_FILINGS,True,True,True
10-K,2023Q4,2024-02-01,0001501585-24-000007,cfo_usd,970000000.0,True,us-gaap:NetCashProvidedByUsedInOperatingActivities,c-1,https://www.sec.gov/Archives/edgar/data/1501585/000150158524000007/hii-20231231.htm,0b3d953af66e8986f467784154cf686e260e45e7a548fc9f7d2ee216d54c771b,FINANCIAL_STATEMENT,CONSOLIDATED_NO_DIMENSION_REPORT_DATE_CONTEXT,False,ALL_PERIODIC_FILINGS,True,True,True
10-K,2023Q4,2024-02-01,0001501585-24-000007,capex_usd,278000000.0,True,us-gaap:PaymentsToAcquireProductiveAssets,c-1,https://www.sec.gov/Archives/edgar/data/1501585/000150158524000007/hii-20231231.htm,0b3d953af66e8986f467784154cf686e260e45e7a548fc9f7d2ee216d54c771b,FINANCIAL_STATEMENT,CONSOLIDATED_NO_DIMENSION_REPORT_DATE_CONTEXT,False,ALL_PERIODIC_FILINGS,True,True,True
10-K,2023Q4,2024-02-01,0001501585-24-000007,depreciation_amortization_usd,219000000.0,True,us-gaap:Depreciation,c-1,https://www.sec.gov/Archives/edgar/data/1501585/000150158524000007/hii-20231231.htm,0b3d953af66e8986f467784154cf686e260e45e7a548fc9f7d2ee216d54c771b,FINANCIAL_STATEMENT,CONSOLIDATED_NO_DIMENSION_REPORT_DATE_CONTEXT,False,ALL_PERIODIC_FILINGS,True,True,True
10-K,2023Q4,2024-02-01,0001501585-24-000007,research_development_usd,35000000.0,True,us-gaap:ResearchAndDevelopmentExpense,c-1,https://www.sec.gov/Archives/edgar/data/1501585/000150158524000007/hii-20231231.htm,0b3d953af66e8986f467784154cf686e260e45e7a548fc9f7d2ee216d54c771b,NOTE,CONSOLIDATED_NO_DIMENSION_REPORT_DATE_CONTEXT,False,ANNUAL_10K_ONLY,True,True,True
10-K,2023Q4,2024-02-01,0001501585-24-000007,business_acquisitions_usd,,False,,,https://www.sec.gov/Archives/edgar/data/1501585/000150158524000007/hii-20231231.htm,0b3d953af66e8986f467784154cf686e260e45e7a548fc9f7d2ee216d54c771b,NOTE,CONSOLIDATED_NO_DIMENSION_REPORT_DATE_CONTEXT,False,EVENT_CONDITIONAL_NOT_SCORED,True,False,False
10-K,2023Q4,2024-02-01,0001501585-24-000007,receivables_usd,,False,,,https://www.sec.gov/Archives/edgar/data/1501585/000150158524000007/hii-20231231.htm,0b3d953af66e8986f467784154cf686e260e45e7a548fc9f7d2ee216d54c771b,FINANCIAL_STATEMENT,CONSOLIDATED_NO_DIMENSION_REPORT_DATE_CONTEXT,False,ALL_PERIODIC_FILINGS,False,True,False
10-K,2023Q4,2024-02-01,0001501585-24-000007,inventory_usd,186000000.0,True,us-gaap:InventoryNetOfAllowancesCustomerAdvancesAndProgressBillings,c-5,https://www.sec.gov/Archives/edgar/data/1501585/000150158524000007/hii-20231231.htm,0b3d953af66e8986f467784154cf686e260e45e7a548fc9f7d2ee216d54c771b,FINANCIAL_STATEMENT,CONSOLIDATED_NO_DIMENSION_REPORT_DATE_CONTEXT,False,ALL_PERIODIC_FILINGS,True,True,True
10-K,2023Q4,2024-02-01,0001501585-24-000007,accounts_payable_usd,554000000.0,True,us-gaap:AccountsPayableCurrent,c-5,https://www.sec.gov/Archives/edgar/data/1501585/000150158524000007/hii-20231231.htm,0b3d953af66e8986f467784154cf686e260e45e7a548fc9f7d2ee216d54c771b,FINANCIAL_STATEMENT,CONSOLIDATED_NO_DIMENSION_REPORT_DATE_CONTEXT,False,ALL_PERIODIC_FILINGS,True,True,True
10-K,2023Q4,2024-02-01,0001501585-24-000007,contract_assets_usd,1537000000.0,True,us-gaap:ContractWithCustomerAssetNet,c-5,https://www.sec.gov/Archives/edgar/data/1501585/000150158524000007/hii-20231231.htm,0b3d953af66e8986f467784154cf686e260e45e7a548fc9f7d2ee216d54c771b,NOTE,CONSOLIDATED_NO_DIMENSION_REPORT_DATE_CONTEXT,False,ALL_PERIODIC_FILINGS,True,True,True
10-K,2023Q4,2024-02-01,0001501585-24-000007,contract_liabilities_usd,1063000000.0,True,us-gaap:ContractWithCustomerLiabilityCurrent,c-5,https://www.sec.gov/Archives/edgar/data/1501585/000150158524000007/hii-20231231.htm,0b3d953af66e8986f467784154cf686e260e45e7a548fc9f7d2ee216d54c771b,NOTE,CONSOLIDATED_NO_DIMENSION_REPORT_DATE_CONTEXT,False,ALL_PERIODIC_FILINGS,True,True,True
10-K,2023Q4,2024-02-01,0001501585-24-000007,remaining_performance_obligation_usd,48100000000.0,True,us-gaap:RevenueRemainingPerformanceObligation,c-5,https://www.sec.gov/Archives/edgar/data/1501585/000150158524000007/hii-20231231.htm,0b3d953af66e8986f467784154cf686e260e45e7a548fc9f7d2ee216d54c771b,NOTE,CONSOLIDATED_NO_DIMENSION_REPORT_DATE_CONTEXT,False,ALL_PERIODIC_FILINGS,True,True,True
10-K,2023Q4,2024-02-01,0001501585-24-000007,program_gains_losses_usd,,False,,,https://www.sec.gov/Archives/edgar/data/1501585/000150158524000007/hii-20231231.htm,0b3d953af66e8986f467784154cf686e260e45e7a548fc9f7d2ee216d54c771b,NOTE,CONSOLIDATED_NO_DIMENSION_REPORT_DATE_CONTEXT,False,EVENT_CONDITIONAL_NOT_SCORED,False,False,False
10-K,2023Q4,2024-02-01,0001501585-24-000007,cash_usd,430000000.0,True,us-gaap:CashCashEquivalentsRestrictedCashAndRestrictedCashEquivalents,c-5,https://www.sec.gov/Archives/edgar/data/1501585/000150158524000007/hii-20231231.htm,0b3d953af66e8986f467784154cf686e260e45e7a548fc9f7d2ee216d54c771b,FINANCIAL_STATEMENT,CONSOLIDATED_NO_DIMENSION_REPORT_DATE_CONTEXT,False,ALL_PERIODIC_FILINGS,True,True,True
10-K,2023Q4,2024-02-01,0001501585-24-000007,debt_current_usd,231000000.0,True,us-gaap:LongTermDebtCurrent,c-5,https://www.sec.gov/Archives/edgar/data/1501585/000150158524000007/hii-20231231.htm,0b3d953af66e8986f467784154cf686e260e45e7a548fc9f7d2ee216d54c771b,FINANCIAL_STATEMENT,CONSOLIDATED_NO_DIMENSION_REPORT_DATE_CONTEXT,False,ALL_PERIODIC_FILINGS,True,True,True
10-K,2023Q4,2024-02-01,0001501585-24-000007,debt_noncurrent_usd,2214000000.0,True,us-gaap:LongTermDebtNoncurrent,c-5,https://www.sec.gov/Archives/edgar/data/1501585/000150158524000007/hii-20231231.htm,0b3d953af66e8986f467784154cf686e260e45e7a548fc9f7d2ee216d54c771b,FINANCIAL_STATEMENT,CONSOLIDATED_NO_DIMENSION_REPORT_DATE_CONTEXT,False,ALL_PERIODIC_FILINGS,True,True,True
10-K,2023Q4,2024-02-01,0001501585-24-000007,equity_usd,4093000000.0,True,us-gaap:StockholdersEquity,c-5,https://www.sec.gov/Archives/edgar/data/1501585/000150158524000007/hii-20231231.htm,0b3d953af66e8986f467784154cf686e260e45e7a548fc9f7d2ee216d54c771b,FINANCIAL_STATEMENT,CONSOLIDATED_NO_DIMENSION_REPORT_DATE_CONTEXT,False,ALL_PERIODIC_FILINGS,True,True,True
10-K,2023Q4,2024-02-01,0001501585-24-000007,goodwill_usd,2618000000.0,True,us-gaap:Goodwill,c-5,https://www.sec.gov/Archives/edgar/data/1501585/000150158524000007/hii-20231231.htm,0b3d953af66e8986f467784154cf686e260e45e7a548fc9f7d2ee216d54c771b,FINANCIAL_STATEMENT,CONSOLIDATED_NO_DIMENSION_REPORT_DATE_CONTEXT,False,ALL_PERIODIC_FILINGS,True,True,True
10-K,2023Q4,2024-02-01,0001501585-24-000007,intangibles_ex_goodwill_usd,,False,,,https://www.sec.gov/Archives/edgar/data/1501585/000150158524000007/hii-20231231.htm,0b3d953af66e8986f467784154cf686e260e45e7a548fc9f7d2ee216d54c771b,FINANCIAL_STATEMENT,CONSOLIDATED_NO_DIMENSION_REPORT_DATE_CONTEXT,False,ALL_PERIODIC_FILINGS,False,True,False
10-K,2023Q4,2024-02-01,0001501585-24-000007,pension_liability_usd,212000000.0,True,us-gaap:DefinedBenefitPensionPlanLiabilitiesNoncurrent,c-5,https://www.sec.gov/Archives/edgar/data/1501585/000150158524000007/hii-20231231.htm,0b3d953af66e8986f467784154cf686e260e45e7a548fc9f7d2ee216d54c771b,NOTE,CONSOLIDATED_NO_DIMENSION_REPORT_DATE_CONTEXT,False,ALL_PERIODIC_FILINGS,True,True,True
10-K,2023Q4,2024-02-01,0001501585-24-000007,fas_cas_pension_adjustment_usd,,False,,,https://www.sec.gov/Archives/edgar/data/1501585/000150158524000007/hii-20231231.htm,0b3d953af66e8986f467784154cf686e260e45e7a548fc9f7d2ee216d54c771b,NOTE,CONSOLIDATED_NO_DIMENSION_REPORT_DATE_CONTEXT,False,DISCLOSURE_REGIME_ONLY,False,False,False
10-Q,2024Q1,2024-05-02,0001501585-24-000013,revenue_usd,2805000000.0,True,us-gaap:Revenues,c-1,https://www.sec.gov/Archives/edgar/data/1501585/000150158524000013/hii-20240331.htm,4fa47c55238b6f0d1cbaaa8e5eda90085126d50b324357ebebba460643ff2d3c,FINANCIAL_STATEMENT,CONSOLIDATED_NO_DIMENSION_REPORT_DATE_CONTEXT,False,ALL_PERIODIC_FILINGS,True,True,True
10-Q,2024Q1,2024-05-02,0001501585-24-000013,operating_income_usd,154000000.0,True,us-gaap:OperatingIncomeLoss,c-1,https://www.sec.gov/Archives/edgar/data/1501585/000150158524000013/hii-20240331.htm,4fa47c55238b6f0d1cbaaa8e5eda90085126d50b324357ebebba460643ff2d3c,FINANCIAL_STATEMENT,CONSOLIDATED_NO_DIMENSION_REPORT_DATE_CONTEXT,False,ALL_PERIODIC_FILINGS,True,True,True
10-Q,2024Q1,2024-05-02,0001501585-24-000013,pretax_income_usd,184000000.0,True,us-gaap:IncomeLossFromContinuingOperationsBeforeIncomeTaxesExtraordinaryItemsNoncontrollingInterest,c-1,https://www.sec.gov/Archives/edgar/data/1501585/000150158524000013/hii-20240331.htm,4fa47c55238b6f0d1cbaaa8e5eda90085126d50b324357ebebba460643ff2d3c,FINANCIAL_STATEMENT,CONSOLIDATED_NO_DIMENSION_REPORT_DATE_CONTEXT,False,ALL_PERIODIC_FILINGS,True,True,True
10-Q,2024Q1,2024-05-02,0001501585-24-000013,income_tax_usd,31000000.0,True,us-gaap:IncomeTaxExpenseBenefit,c-1,https://www.sec.gov/Archives/edgar/data/1501585/000150158524000013/hii-20240331.htm,4fa47c55238b6f0d1cbaaa8e5eda90085126d50b324357ebebba460643ff2d3c,FINANCIAL_STATEMENT,CONSOLIDATED_NO_DIMENSION_REPORT_DATE_CONTEXT,False,ALL_PERIODIC_FILINGS,True,True,True
10-Q,2024Q1,2024-05-02,0001501585-24-000013,cfo_usd,-202000000.0,True,us-gaap:NetCashProvidedByUsedInOperatingActivities,c-1,https://www.sec.gov/Archives/edgar/data/1501585/000150158524000013/hii-20240331.htm,4fa47c55238b6f0d1cbaaa8e5eda90085126d50b324357ebebba460643ff2d3c,FINANCIAL_STATEMENT,CONSOLIDATED_NO_DIMENSION_REPORT_DATE_CONTEXT,False,ALL_PERIODIC_FILINGS,True,True,True
10-Q,2024Q1,2024-05-02,0001501585-24-000013,capex_usd,75000000.0,True,us-gaap:PaymentsToAcquirePropertyPlantAndEquipment,c-1,https://www.sec.gov/Archives/edgar/data/1501585/000150158524000013/hii-20240331.htm,4fa47c55238b6f0d1cbaaa8e5eda90085126d50b324357ebebba460643ff2d3c,FINANCIAL_STATEMENT,CONSOLIDATED_NO_DIMENSION_REPORT_DATE_CONTEXT,False,ALL_PERIODIC_FILINGS,True,True,True
10-Q,2024Q1,2024-05-02,0001501585-24-000013,depreciation_amortization_usd,53000000.0,True,us-gaap:Depreciation,c-1,https://www.sec.gov/Archives/edgar/data/1501585/000150158524000013/hii-20240331.htm,4fa47c55238b6f0d1cbaaa8e5eda90085126d50b324357ebebba460643ff2d3c,FINANCIAL_STATEMENT,CONSOLIDATED_NO_DIMENSION_REPORT_DATE_CONTEXT,False,ALL_PERIODIC_FILINGS,True,True,True
10-Q,2024Q1,2024-05-02,0001501585-24-000013,research_development_usd,,False,,,https://www.sec.gov/Archives/edgar/data/1501585/000150158524000013/hii-20240331.htm,4fa47c55238b6f0d1cbaaa8e5eda90085126d50b324357ebebba460643ff2d3c,NOTE,CONSOLIDATED_NO_DIMENSION_REPORT_DATE_CONTEXT,False,ANNUAL_10K_ONLY,False,False,False
10-Q,2024Q1,2024-05-02,0001501585-24-000013,business_acquisitions_usd,,False,,,https://www.sec.gov/Archives/edgar/data/1501585/000150158524000013/hii-20240331.htm,4fa47c55238b6f0d1cbaaa8e5eda90085126d50b324357ebebba460643ff2d3c,NOTE,CONSOLIDATED_NO_DIMENSION_REPORT_DATE_CONTEXT,False,EVENT_CONDITIONAL_NOT_SCORED,False,False,False
10-Q,2024Q1,2024-05-02,0001501585-24-000013,receivables_usd,,False,,,https://www.sec.gov/Archives/edgar/data/1501585/000150158524000013/hii-20240331.htm,4fa47c55238b6f0d1cbaaa8e5eda90085126d50b324357ebebba460643ff2d3c,FINANCIAL_STATEMENT,CONSOLIDATED_NO_DIMENSION_REPORT_DATE_CONTEXT,False,ALL_PERIODIC_FILINGS,False,True,False
10-Q,2024Q1,2024-05-02,0001501585-24-000013,inventory_usd,199000000.0,True,us-gaap:InventoryNetOfAllowancesCustomerAdvancesAndProgressBillings,c-8,https://www.sec.gov/Archives/edgar/data/1501585/000150158524000013/hii-20240331.htm,4fa47c55238b6f0d1cbaaa8e5eda90085126d50b324357ebebba460643ff2d3c,FINANCIAL_STATEMENT,CONSOLIDATED_NO_DIMENSION_REPORT_DATE_CONTEXT,False,ALL_PERIODIC_FILINGS,True,True,True
10-Q,2024Q1,2024-05-02,0001501585-24-000013,accounts_payable_usd,608000000.0,True,us-gaap:AccountsPayableCurrent,c-8,https://www.sec.gov/Archives/edgar/data/1501585/000150158524000013/hii-20240331.htm,4fa47c55238b6f0d1cbaaa8e5eda90085126d50b324357ebebba460643ff2d3c,FINANCIAL_STATEMENT,CONSOLIDATED_NO_DIMENSION_REPORT_DATE_CONTEXT,False,ALL_PERIODIC_FILINGS,True,True,True
10-Q,2024Q1,2024-05-02,0001501585-24-000013,contract_assets_usd,1661000000.0,True,us-gaap:ContractWithCustomerAssetNet,c-8,https://www.sec.gov/Archives/edgar/data/1501585/000150158524000013/hii-20240331.htm,4fa47c55238b6f0d1cbaaa8e5eda90085126d50b324357ebebba460643ff2d3c,NOTE,CONSOLIDATED_NO_DIMENSION_REPORT_DATE_CONTEXT,False,ALL_PERIODIC_FILINGS,True,True,True
10-Q,2024Q1,2024-05-02,0001501585-24-000013,contract_liabilities_usd,936000000.0,True,us-gaap:ContractWithCustomerLiabilityCurrent,c-8,https://www.sec.gov/Archives/edgar/data/1501585/000150158524000013/hii-20240331.htm,4fa47c55238b6f0d1cbaaa8e5eda90085126d50b324357ebebba460643ff2d3c,NOTE,CONSOLIDATED_NO_DIMENSION_REPORT_DATE_CONTEXT,False,ALL_PERIODIC_FILINGS,True,True,True
10-Q,2024Q1,2024-05-02,0001501585-24-000013,remaining_performance_obligation_usd,48400000000.0,True,us-gaap:RevenueRemainingPerformanceObligation,c-8,https://www.sec.gov/Archives/edgar/data/1501585/000150158524000013/hii-20240331.htm,4fa47c55238b6f0d1cbaaa8e5eda90085126d50b324357ebebba460643ff2d3c,NOTE,CONSOLIDATED_NO_DIMENSION_REPORT_DATE_CONTEXT,False,ALL_PERIODIC_FILINGS,True,True,True
10-Q,2024Q1,2024-05-02,0001501585-24-000013,program_gains_losses_usd,,False,,,https://www.sec.gov/Archives/edgar/data/1501585/000150158524000013/hii-20240331.htm,4fa47c55238b6f0d1cbaaa8e5eda90085126d50b324357ebebba460643ff2d3c,NOTE,CONSOLIDATED_NO_DIMENSION_REPORT_DATE_CONTEXT,False,EVENT_CONDITIONAL_NOT_SCORED,False,False,False
10-Q,2024Q1,2024-05-02,0001501585-24-000013,cash_usd,10000000.0,True,us-gaap:CashAndCashEquivalentsAtCarryingValue,c-8,https://www.sec.gov/Archives/edgar/data/1501585/000150158524000013/hii-20240331.htm,4fa47c55238b6f0d1cbaaa8e5eda90085126d50b324357ebebba460643ff2d3c,FINANCIAL_STATEMENT,CONSOLIDATED_NO_DIMENSION_REPORT_DATE_CONTEXT,False,ALL_PERIODIC_FILINGS,True,True,True
10-Q,2024Q1,2024-05-02,0001501585-24-000013,debt_current_usd,0.0,True,DERIVED:CURRENT_DEBT_ZERO_WHEN_NOT_REPORTED,c-8,https://www.sec.gov/Archives/edgar/data/1501585/000150158524000013/hii-20240331.htm,4fa47c55238b6f0d1cbaaa8e5eda90085126d50b324357ebebba460643ff2d3c,FINANCIAL_STATEMENT,ZERO_WHEN_CURRENT_DEBT_NOT_REPORTED_AND_NONCURRENT_DEBT_IS_REPORTED,True,ALL_PERIODIC_FILINGS,False,True,True
10-Q,2024Q1,2024-05-02,0001501585-24-000013,debt_noncurrent_usd,2235000000.0,True,us-gaap:LongTermDebtNoncurrent,c-8,https://www.sec.gov/Archives/edgar/data/1501585/000150158524000013/hii-20240331.htm,4fa47c55238b6f0d1cbaaa8e5eda90085126d50b324357ebebba460643ff2d3c,FINANCIAL_STATEMENT,CONSOLIDATED_NO_DIMENSION_REPORT_DATE_CONTEXT,False,ALL_PERIODIC_FILINGS,True,True,True
10-Q,2024Q1,2024-05-02,0001501585-24-000013,equity_usd,,False,,,https://www.sec.gov/Archives/edgar/data/1501585/000150158524000013/hii-20240331.htm,4fa47c55238b6f0d1cbaaa8e5eda90085126d50b324357ebebba460643ff2d3c,FINANCIAL_STATEMENT,CONSOLIDATED_NO_DIMENSION_REPORT_DATE_CONTEXT,False,ALL_PERIODIC_FILINGS,False,True,False
10-Q,2024Q1,2024-05-02,0001501585-24-000013,goodwill_usd,2618000000.0,True,us-gaap:Goodwill,c-8,https://www.sec.gov/Archives/edgar/data/1501585/000150158524000013/hii-20240331.htm,4fa47c55238b6f0d1cbaaa8e5eda90085126d50b324357ebebba460643ff2d3c,FINANCIAL_STATEMENT,CONSOLIDATED_NO_DIMENSION_REPORT_DATE_CONTEXT,False,ALL_PERIODIC_FILINGS,True,True,True
10-Q,2024Q1,2024-05-02,0001501585-24-000013,intangibles_ex_goodwill_usd,,False,,,https://www.sec.gov/Archives/edgar/data/1501585/000150158524000013/hii-20240331.htm,4fa47c55238b6f0d1cbaaa8e5eda90085126d50b324357ebebba460643ff2d3c,FINANCIAL_STATEMENT,CONSOLIDATED_NO_DIMENSION_REPORT_DATE_CONTEXT,False,ALL_PERIODIC_FILINGS,False,True,False
10-Q,2024Q1,2024-05-02,0001501585-24-000013,pension_liability_usd,214000000.0,True,us-gaap:DefinedBenefitPensionPlanLiabilitiesNoncurrent,c-8,https://www.sec.gov/Archives/edgar/data/1501585/000150158524000013/hii-20240331.htm,4fa47c55238b6f0d1cbaaa8e5eda90085126d50b324357ebebba460643ff2d3c,NOTE,CONSOLIDATED_NO_DIMENSION_REPORT_DATE_CONTEXT,False,ALL_PERIODIC_FILINGS,True,True,True
10-Q,2024Q1,2024-05-02,0001501585-24-000013,fas_cas_pension_adjustment_usd,,False,,,https://www.sec.gov/Archives/edgar/data/1501585/000150158524000013/hii-20240331.htm,4fa47c55238b6f0d1cbaaa8e5eda90085126d50b324357ebebba460643ff2d3c,NOTE,CONSOLIDATED_NO_DIMENSION_REPORT_DATE_CONTEXT,False,DISCLOSURE_REGIME_ONLY,False,False,False
10-Q,2024Q2,2024-08-01,0001501585-24-000036,revenue_usd,5782000000.0,True,us-gaap:Revenues,c-1,https://www.sec.gov/Archives/edgar/data/1501585/000150158524000036/hii-20240630.htm,be9966ba3f35be49eab21b4c8839977cef91e77537bd2cea51bbc6544200634d,FINANCIAL_STATEMENT,CONSOLIDATED_NO_DIMENSION_REPORT_DATE_CONTEXT,False,ALL_PERIODIC_FILINGS,True,True,True
10-Q,2024Q2,2024-08-01,0001501585-24-000036,operating_income_usd,343000000.0,True,us-gaap:OperatingIncomeLoss,c-1,https://www.sec.gov/Archives/edgar/data/1501585/000150158524000036/hii-20240630.htm,be9966ba3f35be49eab21b4c8839977cef91e77537bd2cea51bbc6544200634d,FINANCIAL_STATEMENT,CONSOLIDATED_NO_DIMENSION_REPORT_DATE_CONTEXT,False,ALL_PERIODIC_FILINGS,True,True,True
10-Q,2024Q2,2024-08-01,0001501585-24-000036,pretax_income_usd,400000000.0,True,us-gaap:IncomeLossFromContinuingOperationsBeforeIncomeTaxesExtraordinaryItemsNoncontrollingInterest,c-1,https://www.sec.gov/Archives/edgar/data/1501585/000150158524000036/hii-20240630.htm,be9966ba3f35be49eab21b4c8839977cef91e77537bd2cea51bbc6544200634d,FINANCIAL_STATEMENT,CONSOLIDATED_NO_DIMENSION_REPORT_DATE_CONTEXT,False,ALL_PERIODIC_FILINGS,True,True,True
10-Q,2024Q2,2024-08-01,0001501585-24-000036,income_tax_usd,74000000.0,True,us-gaap:IncomeTaxExpenseBenefit,c-1,https://www.sec.gov/Archives/edgar/data/1501585/000150158524000036/hii-20240630.htm,be9966ba3f35be49eab21b4c8839977cef91e77537bd2cea51bbc6544200634d,FINANCIAL_STATEMENT,CONSOLIDATED_NO_DIMENSION_REPORT_DATE_CONTEXT,False,ALL_PERIODIC_FILINGS,True,True,True
10-Q,2024Q2,2024-08-01,0001501585-24-000036,cfo_usd,-211000000.0,True,us-gaap:NetCashProvidedByUsedInOperatingActivities,c-1,https://www.sec.gov/Archives/edgar/data/1501585/000150158524000036/hii-20240630.htm,be9966ba3f35be49eab21b4c8839977cef91e77537bd2cea51bbc6544200634d,FINANCIAL_STATEMENT,CONSOLIDATED_NO_DIMENSION_REPORT_DATE_CONTEXT,False,ALL_PERIODIC_FILINGS,True,True,True
10-Q,2024Q2,2024-08-01,0001501585-24-000036,capex_usd,165000000.0,True,us-gaap:PaymentsToAcquirePropertyPlantAndEquipment,c-1,https://www.sec.gov/Archives/edgar/data/1501585/000150158524000036/hii-20240630.htm,be9966ba3f35be49eab21b4c8839977cef91e77537bd2cea51bbc6544200634d,FINANCIAL_STATEMENT,CONSOLIDATED_NO_DIMENSION_REPORT_DATE_CONTEXT,False,ALL_PERIODIC_FILINGS,True,True,True
10-Q,2024Q2,2024-08-01,0001501585-24-000036,depreciation_amortization_usd,106000000.0,True,us-gaap:Depreciation,c-1,https://www.sec.gov/Archives/edgar/data/1501585/000150158524000036/hii-20240630.htm,be9966ba3f35be49eab21b4c8839977cef91e77537bd2cea51bbc6544200634d,FINANCIAL_STATEMENT,CONSOLIDATED_NO_DIMENSION_REPORT_DATE_CONTEXT,False,ALL_PERIODIC_FILINGS,True,True,True
10-Q,2024Q2,2024-08-01,0001501585-24-000036,research_development_usd,,False,,,https://www.sec.gov/Archives/edgar/data/1501585/000150158524000036/hii-20240630.htm,be9966ba3f35be49eab21b4c8839977cef91e77537bd2cea51bbc6544200634d,NOTE,CONSOLIDATED_NO_DIMENSION_REPORT_DATE_CONTEXT,False,ANNUAL_10K_ONLY,False,False,False
10-Q,2024Q2,2024-08-01,0001501585-24-000036,business_acquisitions_usd,,False,,,https://www.sec.gov/Archives/edgar/data/1501585/000150158524000036/hii-20240630.htm,be9966ba3f35be49eab21b4c8839977cef91e77537bd2cea51bbc6544200634d,NOTE,CONSOLIDATED_NO_DIMENSION_REPORT_DATE_CONTEXT,False,EVENT_CONDITIONAL_NOT_SCORED,False,False,False
10-Q,2024Q2,2024-08-01,0001501585-24-000036,receivables_usd,,False,,,https://www.sec.gov/Archives/edgar/data/1501585/000150158524000036/hii-20240630.htm,be9966ba3f35be49eab21b4c8839977cef91e77537bd2cea51bbc6544200634d,FINANCIAL_STATEMENT,CONSOLIDATED_NO_DIMENSION_REPORT_DATE_CONTEXT,False,ALL_PERIODIC_FILINGS,False,True,False
10-Q,2024Q2,2024-08-01,0001501585-24-000036,inventory_usd,198000000.0,True,us-gaap:InventoryNetOfAllowancesCustomerAdvancesAndProgressBillings,c-14,https://www.sec.gov/Archives/edgar/data/1501585/000150158524000036/hii-20240630.htm,be9966ba3f35be49eab21b4c8839977cef91e77537bd2cea51bbc6544200634d,FINANCIAL_STATEMENT,CONSOLIDATED_NO_DIMENSION_REPORT_DATE_CONTEXT,False,ALL_PERIODIC_FILINGS,True,True,True
10-Q,2024Q2,2024-08-01,0001501585-24-000036,accounts_payable_usd,652000000.0,True,us-gaap:AccountsPayableCurrent,c-14,https://www.sec.gov/Archives/edgar/data/1501585/000150158524000036/hii-20240630.htm,be9966ba3f35be49eab21b4c8839977cef91e77537bd2cea51bbc6544200634d,FINANCIAL_STATEMENT,CONSOLIDATED_NO_DIMENSION_REPORT_DATE_CONTEXT,False,ALL_PERIODIC_FILINGS,True,True,True
10-Q,2024Q2,2024-08-01,0001501585-24-000036,contract_assets_usd,1694000000.0,True,us-gaap:ContractWithCustomerAssetNet,c-14,https://www.sec.gov/Archives/edgar/data/1501585/000150158524000036/hii-20240630.htm,be9966ba3f35be49eab21b4c8839977cef91e77537bd2cea51bbc6544200634d,NOTE,CONSOLIDATED_NO_DIMENSION_REPORT_DATE_CONTEXT,False,ALL_PERIODIC_FILINGS,True,True,True
10-Q,2024Q2,2024-08-01,0001501585-24-000036,contract_liabilities_usd,886000000.0,True,us-gaap:ContractWithCustomerLiabilityCurrent,c-14,https://www.sec.gov/Archives/edgar/data/1501585/000150158524000036/hii-20240630.htm,be9966ba3f35be49eab21b4c8839977cef91e77537bd2cea51bbc6544200634d,NOTE,CONSOLIDATED_NO_DIMENSION_REPORT_DATE_CONTEXT,False,ALL_PERIODIC_FILINGS,True,True,True
10-Q,2024Q2,2024-08-01,0001501585-24-000036,remaining_performance_obligation_usd,48500000000.0,True,us-gaap:RevenueRemainingPerformanceObligation,c-14,https://www.sec.gov/Archives/edgar/data/1501585/000150158524000036/hii-20240630.htm,be9966ba3f35be49eab21b4c8839977cef91e77537bd2cea51bbc6544200634d,NOTE,CONSOLIDATED_NO_DIMENSION_REPORT_DATE_CONTEXT,False,ALL_PERIODIC_FILINGS,True,True,True
10-Q,2024Q2,2024-08-01,0001501585-24-000036,program_gains_losses_usd,,False,,,https://www.sec.gov/Archives/edgar/data/1501585/000150158524000036/hii-20240630.htm,be9966ba3f35be49eab21b4c8839977cef91e77537bd2cea51bbc6544200634d,NOTE,CONSOLIDATED_NO_DIMENSION_REPORT_DATE_CONTEXT,False,EVENT_CONDITIONAL_NOT_SCORED,False,False,False
10-Q,2024Q2,2024-08-01,0001501585-24-000036,cash_usd,11000000.0,True,us-gaap:CashCashEquivalentsRestrictedCashAndRestrictedCashEquivalents,c-14,https://www.sec.gov/Archives/edgar/data/1501585/000150158524000036/hii-20240630.htm,be9966ba3f35be49eab21b4c8839977cef91e77537bd2cea51bbc6544200634d,FINANCIAL_STATEMENT,CONSOLIDATED_NO_DIMENSION_REPORT_DATE_CONTEXT,False,ALL_PERIODIC_FILINGS,True,True,True
10-Q,2024Q2,2024-08-01,0001501585-24-000036,debt_current_usd,0.0,True,DERIVED:CURRENT_DEBT_ZERO_WHEN_NOT_REPORTED,c-14,https://www.sec.gov/Archives/edgar/data/1501585/000150158524000036/hii-20240630.htm,be9966ba3f35be49eab21b4c8839977cef91e77537bd2cea51bbc6544200634d,FINANCIAL_STATEMENT,ZERO_WHEN_CURRENT_DEBT_NOT_REPORTED_AND_NONCURRENT_DEBT_IS_REPORTED,True,ALL_PERIODIC_FILINGS,False,True,True
10-Q,2024Q2,2024-08-01,0001501585-24-000036,debt_noncurrent_usd,1715000000.0,True,us-gaap:LongTermDebtNoncurrent,c-14,https://www.sec.gov/Archives/edgar/data/1501585/000150158524000036/hii-20240630.htm,be9966ba3f35be49eab21b4c8839977cef91e77537bd2cea51bbc6544200634d,FINANCIAL_STATEMENT,CONSOLIDATED_NO_DIMENSION_REPORT_DATE_CONTEXT,False,ALL_PERIODIC_FILINGS,True,True,True
10-Q,2024Q2,2024-08-01,0001501585-24-000036,equity_usd,,False,,,https://www.sec.gov/Archives/edgar/data/1501585/000150158524000036/hii-20240630.htm,be9966ba3f35be49eab21b4c8839977cef91e77537bd2cea51bbc6544200634d,FINANCIAL_STATEMENT,CONSOLIDATED_NO_DIMENSION_REPORT_DATE_CONTEXT,False,ALL_PERIODIC_FILINGS,False,True,False
10-Q,2024Q2,2024-08-01,0001501585-24-000036,goodwill_usd,2618000000.0,True,us-gaap:Goodwill,c-14,https://www.sec.gov/Archives/edgar/data/1501585/000150158524000036/hii-20240630.htm,be9966ba3f35be49eab21b4c8839977cef91e77537bd2cea51bbc6544200634d,FINANCIAL_STATEMENT,CONSOLIDATED_NO_DIMENSION_REPORT_DATE_CONTEXT,False,ALL_PERIODIC_FILINGS,True,True,True
10-Q,2024Q2,2024-08-01,0001501585-24-000036,intangibles_ex_goodwill_usd,,False,,,https://www.sec.gov/Archives/edgar/data/1501585/000150158524000036/hii-20240630.htm,be9966ba3f35be49eab21b4c8839977cef91e77537bd2cea51bbc6544200634d,FINANCIAL_STATEMENT,CONSOLIDATED_NO_DIMENSION_REPORT_DATE_CONTEXT,False,ALL_PERIODIC_FILINGS,False,True,False
10-Q,2024Q2,2024-08-01,0001501585-24-000036,pension_liability_usd,216000000.0,True,us-gaap:DefinedBenefitPensionPlanLiabilitiesNoncurrent,c-14,https://www.sec.gov/Archives/edgar/data/1501585/000150158524000036/hii-20240630.htm,be9966ba3f35be49eab21b4c8839977cef91e77537bd2cea51bbc6544200634d,NOTE,CONSOLIDATED_NO_DIMENSION_REPORT_DATE_CONTEXT,False,ALL_PERIODIC_FILINGS,True,True,True
10-Q,2024Q2,2024-08-01,0001501585-24-000036,fas_cas_pension_adjustment_usd,,False,,,https://www.sec.gov/Archives/edgar/data/1501585/000150158524000036/hii-20240630.htm,be9966ba3f35be49eab21b4c8839977cef91e77537bd2cea51bbc6544200634d,NOTE,CONSOLIDATED_NO_DIMENSION_REPORT_DATE_CONTEXT,False,DISCLOSURE_REGIME_ONLY,False,False,False
10-Q,2024Q3,2024-10-31,0001501585-24-000042,revenue_usd,8531000000.0,True,us-gaap:Revenues,c-1,https://www.sec.gov/Archives/edgar/data/1501585/000150158524000042/hii-20240930.htm,a97548189124c42ee0911ff7c7ced36c6a4efc1e1ea10025c2afdcd823b729e1,FINANCIAL_STATEMENT,CONSOLIDATED_NO_DIMENSION_REPORT_DATE_CONTEXT,False,ALL_PERIODIC_FILINGS,True,True,True
10-Q,2024Q3,2024-10-31,0001501585-24-000042,operating_income_usd,425000000.0,True,us-gaap:OperatingIncomeLoss,c-1,https://www.sec.gov/Archives/edgar/data/1501585/000150158524000042/hii-20240930.htm,a97548189124c42ee0911ff7c7ced36c6a4efc1e1ea10025c2afdcd823b729e1,FINANCIAL_STATEMENT,CONSOLIDATED_NO_DIMENSION_REPORT_DATE_CONTEXT,False,ALL_PERIODIC_FILINGS,True,True,True
10-Q,2024Q3,2024-10-31,0001501585-24-000042,pretax_income_usd,512000000.0,True,us-gaap:IncomeLossFromContinuingOperationsBeforeIncomeTaxesExtraordinaryItemsNoncontrollingInterest,c-1,https://www.sec.gov/Archives/edgar/data/1501585/000150158524000042/hii-20240930.htm,a97548189124c42ee0911ff7c7ced36c6a4efc1e1ea10025c2afdcd823b729e1,FINANCIAL_STATEMENT,CONSOLIDATED_NO_DIMENSION_REPORT_DATE_CONTEXT,False,ALL_PERIODIC_FILINGS,True,True,True
10-Q,2024Q3,2024-10-31,0001501585-24-000042,income_tax_usd,85000000.0,True,us-gaap:IncomeTaxExpenseBenefit,c-1,https://www.sec.gov/Archives/edgar/data/1501585/000150158524000042/hii-20240930.htm,a97548189124c42ee0911ff7c7ced36c6a4efc1e1ea10025c2afdcd823b729e1,FINANCIAL_STATEMENT,CONSOLIDATED_NO_DIMENSION_REPORT_DATE_CONTEXT,False,ALL_PERIODIC_FILINGS,True,True,True
10-Q,2024Q3,2024-10-31,0001501585-24-000042,cfo_usd,2000000.0,True,us-gaap:NetCashProvidedByUsedInOperatingActivities,c-1,https://www.sec.gov/Archives/edgar/data/1501585/000150158524000042/hii-20240930.htm,a97548189124c42ee0911ff7c7ced36c6a4efc1e1ea10025c2afdcd823b729e1,FINANCIAL_STATEMENT,CONSOLIDATED_NO_DIMENSION_REPORT_DATE_CONTEXT,False,ALL_PERIODIC_FILINGS,True,True,True
10-Q,2024Q3,2024-10-31,0001501585-24-000042,capex_usd,253000000.0,True,us-gaap:PaymentsToAcquirePropertyPlantAndEquipment,c-1,https://www.sec.gov/Archives/edgar/data/1501585/000150158524000042/hii-20240930.htm,a97548189124c42ee0911ff7c7ced36c6a4efc1e1ea10025c2afdcd823b729e1,FINANCIAL_STATEMENT,CONSOLIDATED_NO_DIMENSION_REPORT_DATE_CONTEXT,False,ALL_PERIODIC_FILINGS,True,True,True
10-Q,2024Q3,2024-10-31,0001501585-24-000042,depreciation_amortization_usd,160000000.0,True,us-gaap:Depreciation,c-1,https://www.sec.gov/Archives/edgar/data/1501585/000150158524000042/hii-20240930.htm,a97548189124c42ee0911ff7c7ced36c6a4efc1e1ea10025c2afdcd823b729e1,FINANCIAL_STATEMENT,CONSOLIDATED_NO_DIMENSION_REPORT_DATE_CONTEXT,False,ALL_PERIODIC_FILINGS,True,True,True
10-Q,2024Q3,2024-10-31,0001501585-24-000042,research_development_usd,,False,,,https://www.sec.gov/Archives/edgar/data/1501585/000150158524000042/hii-20240930.htm,a97548189124c42ee0911ff7c7ced36c6a4efc1e1ea10025c2afdcd823b729e1,NOTE,CONSOLIDATED_NO_DIMENSION_REPORT_DATE_CONTEXT,False,ANNUAL_10K_ONLY,False,False,False
10-Q,2024Q3,2024-10-31,0001501585-24-000042,business_acquisitions_usd,,False,,,https://www.sec.gov/Archives/edgar/data/1501585/000150158524000042/hii-20240930.htm,a97548189124c42ee0911ff7c7ced36c6a4efc1e1ea10025c2afdcd823b729e1,NOTE,CONSOLIDATED_NO_DIMENSION_REPORT_DATE_CONTEXT,False,EVENT_CONDITIONAL_NOT_SCORED,False,False,False
10-Q,2024Q3,2024-10-31,0001501585-24-000042,receivables_usd,,False,,,https://www.sec.gov/Archives/edgar/data/1501585/000150158524000042/hii-20240930.htm,a97548189124c42ee0911ff7c7ced36c6a4efc1e1ea10025c2afdcd823b729e1,FINANCIAL_STATEMENT,CONSOLIDATED_NO_DIMENSION_REPORT_DATE_CONTEXT,False,ALL_PERIODIC_FILINGS,False,True,False
10-Q,2024Q3,2024-10-31,0001501585-24-000042,inventory_usd,205000000.0,True,us-gaap:InventoryNetOfAllowancesCustomerAdvancesAndProgressBillings,c-14,https://www.sec.gov/Archives/edgar/data/1501585/000150158524000042/hii-20240930.htm,a97548189124c42ee0911ff7c7ced36c6a4efc1e1ea10025c2afdcd823b729e1,FINANCIAL_STATEMENT,CONSOLIDATED_NO_DIMENSION_REPORT_DATE_CONTEXT,False,ALL_PERIODIC_FILINGS,True,True,True
10-Q,2024Q3,2024-10-31,0001501585-24-000042,accounts_payable_usd,579000000.0,True,us-gaap:AccountsPayableCurrent,c-14,https://www.sec.gov/Archives/edgar/data/1501585/000150158524000042/hii-20240930.htm,a97548189124c42ee0911ff7c7ced36c6a4efc1e1ea10025c2afdcd823b729e1,FINANCIAL_STATEMENT,CONSOLIDATED_NO_DIMENSION_REPORT_DATE_CONTEXT,False,ALL_PERIODIC_FILINGS,True,True,True
10-Q,2024Q3,2024-10-31,0001501585-24-000042,contract_assets_usd,1714000000.0,True,us-gaap:ContractWithCustomerAssetNet,c-14,https://www.sec.gov/Archives/edgar/data/1501585/000150158524000042/hii-20240930.htm,a97548189124c42ee0911ff7c7ced36c6a4efc1e1ea10025c2afdcd823b729e1,NOTE,CONSOLIDATED_NO_DIMENSION_REPORT_DATE_CONTEXT,False,ALL_PERIODIC_FILINGS,True,True,True
10-Q,2024Q3,2024-10-31,0001501585-24-000042,contract_liabilities_usd,743000000.0,True,us-gaap:ContractWithCustomerLiabilityCurrent,c-14,https://www.sec.gov/Archives/edgar/data/1501585/000150158524000042/hii-20240930.htm,a97548189124c42ee0911ff7c7ced36c6a4efc1e1ea10025c2afdcd823b729e1,NOTE,CONSOLIDATED_NO_DIMENSION_REPORT_DATE_CONTEXT,False,ALL_PERIODIC_FILINGS,True,True,True
10-Q,2024Q3,2024-10-31,0001501585-24-000042,remaining_performance_obligation_usd,49400000000.0,True,us-gaap:RevenueRemainingPerformanceObligation,c-14,https://www.sec.gov/Archives/edgar/data/1501585/000150158524000042/hii-20240930.htm,a97548189124c42ee0911ff7c7ced36c6a4efc1e1ea10025c2afdcd823b729e1,NOTE,CONSOLIDATED_NO_DIMENSION_REPORT_DATE_CONTEXT,False,ALL_PERIODIC_FILINGS,True,True,True
10-Q,2024Q3,2024-10-31,0001501585-24-000042,program_gains_losses_usd,,False,,,https://www.sec.gov/Archives/edgar/data/1501585/000150158524000042/hii-20240930.htm,a97548189124c42ee0911ff7c7ced36c6a4efc1e1ea10025c2afdcd823b729e1,NOTE,CONSOLIDATED_NO_DIMENSION_REPORT_DATE_CONTEXT,False,EVENT_CONDITIONAL_NOT_SCORED,False,False,False
10-Q,2024Q3,2024-10-31,0001501585-24-000042,cash_usd,10000000.0,True,us-gaap:CashCashEquivalentsRestrictedCashAndRestrictedCashEquivalents,c-14,https://www.sec.gov/Archives/edgar/data/1501585/000150158524000042/hii-20240930.htm,a97548189124c42ee0911ff7c7ced36c6a4efc1e1ea10025c2afdcd823b729e1,FINANCIAL_STATEMENT,CONSOLIDATED_NO_DIMENSION_REPORT_DATE_CONTEXT,False,ALL_PERIODIC_FILINGS,True,True,True
10-Q,2024Q3,2024-10-31,0001501585-24-000042,debt_current_usd,0.0,True,DERIVED:CURRENT_DEBT_ZERO_WHEN_NOT_REPORTED,c-14,https://www.sec.gov/Archives/edgar/data/1501585/000150158524000042/hii-20240930.htm,a97548189124c42ee0911ff7c7ced36c6a4efc1e1ea10025c2afdcd823b729e1,FINANCIAL_STATEMENT,ZERO_WHEN_CURRENT_DEBT_NOT_REPORTED_AND_NONCURRENT_DEBT_IS_REPORTED,True,ALL_PERIODIC_FILINGS,False,True,True
10-Q,2024Q3,2024-10-31,0001501585-24-000042,debt_noncurrent_usd,1709000000.0,True,us-gaap:LongTermDebtNoncurrent,c-14,https://www.sec.gov/Archives/edgar/data/1501585/000150158524000042/hii-20240930.htm,a97548189124c42ee0911ff7c7ced36c6a4efc1e1ea10025c2afdcd823b729e1,FINANCIAL_STATEMENT,CONSOLIDATED_NO_DIMENSION_REPORT_DATE_CONTEXT,False,ALL_PERIODIC_FILINGS,True,True,True
10-Q,2024Q3,2024-10-31,0001501585-24-000042,equity_usd,,False,,,https://www.sec.gov/Archives/edgar/data/1501585/000150158524000042/hii-20240930.htm,a97548189124c42ee0911ff7c7ced36c6a4efc1e1ea10025c2afdcd823b729e1,FINANCIAL_STATEMENT,CONSOLIDATED_NO_DIMENSION_REPORT_DATE_CONTEXT,False,ALL_PERIODIC_FILINGS,False,True,False
10-Q,2024Q3,2024-10-31,0001501585-24-000042,goodwill_usd,2618000000.0,True,us-gaap:Goodwill,c-14,https://www.sec.gov/Archives/edgar/data/1501585/000150158524000042/hii-20240930.htm,a97548189124c42ee0911ff7c7ced36c6a4efc1e1ea10025c2afdcd823b729e1,FINANCIAL_STATEMENT,CONSOLIDATED_NO_DIMENSION_REPORT_DATE_CONTEXT,False,ALL_PERIODIC_FILINGS,True,True,True
10-Q,2024Q3,2024-10-31,0001501585-24-000042,intangibles_ex_goodwill_usd,,False,,,https://www.sec.gov/Archives/edgar/data/1501585/000150158524000042/hii-20240930.htm,a97548189124c42ee0911ff7c7ced36c6a4efc1e1ea10025c2afdcd823b729e1,FINANCIAL_STATEMENT,CONSOLIDATED_NO_DIMENSION_REPORT_DATE_CONTEXT,False,ALL_PERIODIC_FILINGS,False,True,False
10-Q,2024Q3,2024-10-31,0001501585-24-000042,pension_liability_usd,219000000.0,True,us-gaap:DefinedBenefitPensionPlanLiabilitiesNoncurrent,c-14,https://www.sec.gov/Archives/edgar/data/1501585/000150158524000042/hii-20240930.htm,a97548189124c42ee0911ff7c7ced36c6a4efc1e1ea10025c2afdcd823b729e1,NOTE,CONSOLIDATED_NO_DIMENSION_REPORT_DATE_CONTEXT,False,ALL_PERIODIC_FILINGS,True,True,True
10-Q,2024Q3,2024-10-31,0001501585-24-000042,fas_cas_pension_adjustment_usd,,False,,,https://www.sec.gov/Archives/edgar/data/1501585/000150158524000042/hii-20240930.htm,a97548189124c42ee0911ff7c7ced36c6a4efc1e1ea10025c2afdcd823b729e1,NOTE,CONSOLIDATED_NO_DIMENSION_REPORT_DATE_CONTEXT,False,DISCLOSURE_REGIME_ONLY,False,False,False
10-K,2024Q4,2025-02-06,0001501585-25-000006,revenue_usd,11535000000.0,True,us-gaap:Revenues,c-1,https://www.sec.gov/Archives/edgar/data/1501585/000150158525000006/hii-20241231.htm,db9afdddcf4eac67785bb07386819b59aa3c2a28addf94448fad93d2a661c5c3,FINANCIAL_STATEMENT,CONSOLIDATED_NO_DIMENSION_REPORT_DATE_CONTEXT,False,ALL_PERIODIC_FILINGS,True,True,True
10-K,2024Q4,2025-02-06,0001501585-25-000006,operating_income_usd,535000000.0,True,us-gaap:OperatingIncomeLoss,c-1,https://www.sec.gov/Archives/edgar/data/1501585/000150158525000006/hii-20241231.htm,db9afdddcf4eac67785bb07386819b59aa3c2a28addf94448fad93d2a661c5c3,FINANCIAL_STATEMENT,CONSOLIDATED_NO_DIMENSION_REPORT_DATE_CONTEXT,False,ALL_PERIODIC_FILINGS,True,True,True
10-K,2024Q4,2025-02-06,0001501585-25-000006,pretax_income_usd,643000000.0,True,us-gaap:IncomeLossFromContinuingOperationsBeforeIncomeTaxesExtraordinaryItemsNoncontrollingInterest,c-1,https://www.sec.gov/Archives/edgar/data/1501585/000150158525000006/hii-20241231.htm,db9afdddcf4eac67785bb07386819b59aa3c2a28addf94448fad93d2a661c5c3,FINANCIAL_STATEMENT,CONSOLIDATED_NO_DIMENSION_REPORT_DATE_CONTEXT,False,ALL_PERIODIC_FILINGS,True,True,True
10-K,2024Q4,2025-02-06,0001501585-25-000006,income_tax_usd,93000000.0,True,us-gaap:IncomeTaxExpenseBenefit,c-1,https://www.sec.gov/Archives/edgar/data/1501585/000150158525000006/hii-20241231.htm,db9afdddcf4eac67785bb07386819b59aa3c2a28addf94448fad93d2a661c5c3,FINANCIAL_STATEMENT,CONSOLIDATED_NO_DIMENSION_REPORT_DATE_CONTEXT,False,ALL_PERIODIC_FILINGS,True,True,True
10-K,2024Q4,2025-02-06,0001501585-25-000006,cfo_usd,393000000.0,True,us-gaap:NetCashProvidedByUsedInOperatingActivities,c-1,https://www.sec.gov/Archives/edgar/data/1501585/000150158525000006/hii-20241231.htm,db9afdddcf4eac67785bb07386819b59aa3c2a28addf94448fad93d2a661c5c3,FINANCIAL_STATEMENT,CONSOLIDATED_NO_DIMENSION_REPORT_DATE_CONTEXT,False,ALL_PERIODIC_FILINGS,True,True,True
10-K,2024Q4,2025-02-06,0001501585-25-000006,capex_usd,353000000.0,True,us-gaap:PaymentsToAcquireProductiveAssets,c-1,https://www.sec.gov/Archives/edgar/data/1501585/000150158525000006/hii-20241231.htm,db9afdddcf4eac67785bb07386819b59aa3c2a28addf94448fad93d2a661c5c3,FINANCIAL_STATEMENT,CONSOLIDATED_NO_DIMENSION_REPORT_DATE_CONTEXT,False,ALL_PERIODIC_FILINGS,True,True,True
10-K,2024Q4,2025-02-06,0001501585-25-000006,depreciation_amortization_usd,217000000.0,True,us-gaap:Depreciation,c-1,https://www.sec.gov/Archives/edgar/data/1501585/000150158525000006/hii-20241231.htm,db9afdddcf4eac67785bb07386819b59aa3c2a28addf94448fad93d2a661c5c3,FINANCIAL_STATEMENT,CONSOLIDATED_NO_DIMENSION_REPORT_DATE_CONTEXT,False,ALL_PERIODIC_FILINGS,True,True,True
10-K,2024Q4,2025-02-06,0001501585-25-000006,research_development_usd,27000000.0,True,us-gaap:ResearchAndDevelopmentExpense,c-1,https://www.sec.gov/Archives/edgar/data/1501585/000150158525000006/hii-20241231.htm,db9afdddcf4eac67785bb07386819b59aa3c2a28addf94448fad93d2a661c5c3,NOTE,CONSOLIDATED_NO_DIMENSION_REPORT_DATE_CONTEXT,False,ANNUAL_10K_ONLY,True,True,True
10-K,2024Q4,2025-02-06,0001501585-25-000006,business_acquisitions_usd,,False,,,https://www.sec.gov/Archives/edgar/data/1501585/000150158525000006/hii-20241231.htm,db9afdddcf4eac67785bb07386819b59aa3c2a28addf94448fad93d2a661c5c3,NOTE,CONSOLIDATED_NO_DIMENSION_REPORT_DATE_CONTEXT,False,EVENT_CONDITIONAL_NOT_SCORED,True,False,False
10-K,2024Q4,2025-02-06,0001501585-25-000006,receivables_usd,,False,,,https://www.sec.gov/Archives/edgar/data/1501585/000150158525000006/hii-20241231.htm,db9afdddcf4eac67785bb07386819b59aa3c2a28addf94448fad93d2a661c5c3,FINANCIAL_STATEMENT,CONSOLIDATED_NO_DIMENSION_REPORT_DATE_CONTEXT,False,ALL_PERIODIC_FILINGS,False,True,False
10-K,2024Q4,2025-02-06,0001501585-25-000006,inventory_usd,208000000.0,True,us-gaap:InventoryNetOfAllowancesCustomerAdvancesAndProgressBillings,c-5,https://www.sec.gov/Archives/edgar/data/1501585/000150158525000006/hii-20241231.htm,db9afdddcf4eac67785bb07386819b59aa3c2a28addf94448fad93d2a661c5c3,FINANCIAL_STATEMENT,CONSOLIDATED_NO_DIMENSION_REPORT_DATE_CONTEXT,False,ALL_PERIODIC_FILINGS,True,True,True
10-K,2024Q4,2025-02-06,0001501585-25-000006,accounts_payable_usd,598000000.0,True,us-gaap:AccountsPayableCurrent,c-5,https://www.sec.gov/Archives/edgar/data/1501585/000150158525000006/hii-20241231.htm,db9afdddcf4eac67785bb07386819b59aa3c2a28addf94448fad93d2a661c5c3,FINANCIAL_STATEMENT,CONSOLIDATED_NO_DIMENSION_REPORT_DATE_CONTEXT,False,ALL_PERIODIC_FILINGS,True,True,True
10-K,2024Q4,2025-02-06,0001501585-25-000006,contract_assets_usd,1683000000.0,True,us-gaap:ContractWithCustomerAssetNet,c-5,https://www.sec.gov/Archives/edgar/data/1501585/000150158525000006/hii-20241231.htm,db9afdddcf4eac67785bb07386819b59aa3c2a28addf94448fad93d2a661c5c3,NOTE,CONSOLIDATED_NO_DIMENSION_REPORT_DATE_CONTEXT,False,ALL_PERIODIC_FILINGS,True,True,True
10-K,2024Q4,2025-02-06,0001501585-25-000006,contract_liabilities_usd,774000000.0,True,us-gaap:ContractWithCustomerLiabilityCurrent,c-5,https://www.sec.gov/Archives/edgar/data/1501585/000150158525000006/hii-20241231.htm,db9afdddcf4eac67785bb07386819b59aa3c2a28addf94448fad93d2a661c5c3,NOTE,CONSOLIDATED_NO_DIMENSION_REPORT_DATE_CONTEXT,False,ALL_PERIODIC_FILINGS,True,True,True
10-K,2024Q4,2025-02-06,0001501585-25-000006,remaining_performance_obligation_usd,48700000000.0,True,us-gaap:RevenueRemainingPerformanceObligation,c-5,https://www.sec.gov/Archives/edgar/data/1501585/000150158525000006/hii-20241231.htm,db9afdddcf4eac67785bb07386819b59aa3c2a28addf94448fad93d2a661c5c3,NOTE,CONSOLIDATED_NO_DIMENSION_REPORT_DATE_CONTEXT,False,ALL_PERIODIC_FILINGS,True,True,True
10-K,2024Q4,2025-02-06,0001501585-25-000006,program_gains_losses_usd,,False,,,https://www.sec.gov/Archives/edgar/data/1501585/000150158525000006/hii-20241231.htm,db9afdddcf4eac67785bb07386819b59aa3c2a28addf94448fad93d2a661c5c3,NOTE,CONSOLIDATED_NO_DIMENSION_REPORT_DATE_CONTEXT,False,EVENT_CONDITIONAL_NOT_SCORED,False,False,False
10-K,2024Q4,2025-02-06,0001501585-25-000006,cash_usd,831000000.0,True,us-gaap:CashCashEquivalentsRestrictedCashAndRestrictedCashEquivalents,c-5,https://www.sec.gov/Archives/edgar/data/1501585/000150158525000006/hii-20241231.htm,db9afdddcf4eac67785bb07386819b59aa3c2a28addf94448fad93d2a661c5c3,FINANCIAL_STATEMENT,CONSOLIDATED_NO_DIMENSION_REPORT_DATE_CONTEXT,False,ALL_PERIODIC_FILINGS,True,True,True
10-K,2024Q4,2025-02-06,0001501585-25-000006,debt_current_usd,,False,,,https://www.sec.gov/Archives/edgar/data/1501585/000150158525000006/hii-20241231.htm,db9afdddcf4eac67785bb07386819b59aa3c2a28addf94448fad93d2a661c5c3,FINANCIAL_STATEMENT,CONSOLIDATED_NO_DIMENSION_REPORT_DATE_CONTEXT,False,ALL_PERIODIC_FILINGS,False,True,False
10-K,2024Q4,2025-02-06,0001501585-25-000006,debt_noncurrent_usd,,False,,,https://www.sec.gov/Archives/edgar/data/1501585/000150158525000006/hii-20241231.htm,db9afdddcf4eac67785bb07386819b59aa3c2a28addf94448fad93d2a661c5c3,FINANCIAL_STATEMENT,CONSOLIDATED_NO_DIMENSION_REPORT_DATE_CONTEXT,False,ALL_PERIODIC_FILINGS,False,True,False
10-K,2024Q4,2025-02-06,0001501585-25-000006,equity_usd,4666000000.0,True,us-gaap:StockholdersEquity,c-5,https://www.sec.gov/Archives/edgar/data/1501585/000150158525000006/hii-20241231.htm,db9afdddcf4eac67785bb07386819b59aa3c2a28addf94448fad93d2a661c5c3,FINANCIAL_STATEMENT,CONSOLIDATED_NO_DIMENSION_REPORT_DATE_CONTEXT,False,ALL_PERIODIC_FILINGS,True,True,True
10-K,2024Q4,2025-02-06,0001501585-25-000006,goodwill_usd,2618000000.0,True,us-gaap:Goodwill,c-5,https://www.sec.gov/Archives/edgar/data/1501585/000150158525000006/hii-20241231.htm,db9afdddcf4eac67785bb07386819b59aa3c2a28addf94448fad93d2a661c5c3,FINANCIAL_STATEMENT,CONSOLIDATED_NO_DIMENSION_REPORT_DATE_CONTEXT,False,ALL_PERIODIC_FILINGS,True,True,True
10-K,2024Q4,2025-02-06,0001501585-25-000006,intangibles_ex_goodwill_usd,,False,,,https://www.sec.gov/Archives/edgar/data/1501585/000150158525000006/hii-20241231.htm,db9afdddcf4eac67785bb07386819b59aa3c2a28addf94448fad93d2a661c5c3,FINANCIAL_STATEMENT,CONSOLIDATED_NO_DIMENSION_REPORT_DATE_CONTEXT,False,ALL_PERIODIC_FILINGS,False,True,False
10-K,2024Q4,2025-02-06,0001501585-25-000006,pension_liability_usd,142000000.0,True,us-gaap:DefinedBenefitPensionPlanLiabilitiesNoncurrent,c-5,https://www.sec.gov/Archives/edgar/data/1501585/000150158525000006/hii-20241231.htm,db9afdddcf4eac67785bb07386819b59aa3c2a28addf94448fad93d2a661c5c3,NOTE,CONSOLIDATED_NO_DIMENSION_REPORT_DATE_CONTEXT,False,ALL_PERIODIC_FILINGS,True,True,True
10-K,2024Q4,2025-02-06,0001501585-25-000006,fas_cas_pension_adjustment_usd,,False,,,https://www.sec.gov/Archives/edgar/data/1501585/000150158525000006/hii-20241231.htm,db9afdddcf4eac67785bb07386819b59aa3c2a28addf94448fad93d2a661c5c3,NOTE,CONSOLIDATED_NO_DIMENSION_REPORT_DATE_CONTEXT,False,DISCLOSURE_REGIME_ONLY,False,False,False
10-Q,2025Q1,2025-05-01,0001501585-25-000037,revenue_usd,2734000000.0,True,us-gaap:Revenues,c-1,https://www.sec.gov/Archives/edgar/data/1501585/000150158525000037/hii-20250331.htm,b1efdc3fd2c325117b31607fef86e968de29049cfdf95f6d8adb9e108cc70786,FINANCIAL_STATEMENT,CONSOLIDATED_NO_DIMENSION_REPORT_DATE_CONTEXT,False,ALL_PERIODIC_FILINGS,True,True,True
10-Q,2025Q1,2025-05-01,0001501585-25-000037,operating_income_usd,161000000.0,True,us-gaap:OperatingIncomeLoss,c-1,https://www.sec.gov/Archives/edgar/data/1501585/000150158525000037/hii-20250331.htm,b1efdc3fd2c325117b31607fef86e968de29049cfdf95f6d8adb9e108cc70786,FINANCIAL_STATEMENT,CONSOLIDATED_NO_DIMENSION_REPORT_DATE_CONTEXT,False,ALL_PERIODIC_FILINGS,True,True,True
10-Q,2025Q1,2025-05-01,0001501585-25-000037,pretax_income_usd,187000000.0,True,us-gaap:IncomeLossFromContinuingOperationsBeforeIncomeTaxesExtraordinaryItemsNoncontrollingInterest,c-1,https://www.sec.gov/Archives/edgar/data/1501585/000150158525000037/hii-20250331.htm,b1efdc3fd2c325117b31607fef86e968de29049cfdf95f6d8adb9e108cc70786,FINANCIAL_STATEMENT,CONSOLIDATED_NO_DIMENSION_REPORT_DATE_CONTEXT,False,ALL_PERIODIC_FILINGS,True,True,True
10-Q,2025Q1,2025-05-01,0001501585-25-000037,income_tax_usd,38000000.0,True,us-gaap:IncomeTaxExpenseBenefit,c-1,https://www.sec.gov/Archives/edgar/data/1501585/000150158525000037/hii-20250331.htm,b1efdc3fd2c325117b31607fef86e968de29049cfdf95f6d8adb9e108cc70786,FINANCIAL_STATEMENT,CONSOLIDATED_NO_DIMENSION_REPORT_DATE_CONTEXT,False,ALL_PERIODIC_FILINGS,True,True,True
10-Q,2025Q1,2025-05-01,0001501585-25-000037,cfo_usd,-395000000.0,True,us-gaap:NetCashProvidedByUsedInOperatingActivities,c-1,https://www.sec.gov/Archives/edgar/data/1501585/000150158525000037/hii-20250331.htm,b1efdc3fd2c325117b31607fef86e968de29049cfdf95f6d8adb9e108cc70786,FINANCIAL_STATEMENT,CONSOLIDATED_NO_DIMENSION_REPORT_DATE_CONTEXT,False,ALL_PERIODIC_FILINGS,True,True,True
10-Q,2025Q1,2025-05-01,0001501585-25-000037,capex_usd,67000000.0,True,us-gaap:PaymentsToAcquireProductiveAssets,c-1,https://www.sec.gov/Archives/edgar/data/1501585/000150158525000037/hii-20250331.htm,b1efdc3fd2c325117b31607fef86e968de29049cfdf95f6d8adb9e108cc70786,FINANCIAL_STATEMENT,CONSOLIDATED_NO_DIMENSION_REPORT_DATE_CONTEXT,False,ALL_PERIODIC_FILINGS,True,True,True
10-Q,2025Q1,2025-05-01,0001501585-25-000037,depreciation_amortization_usd,54000000.0,True,us-gaap:Depreciation,c-1,https://www.sec.gov/Archives/edgar/data/1501585/000150158525000037/hii-20250331.htm,b1efdc3fd2c325117b31607fef86e968de29049cfdf95f6d8adb9e108cc70786,FINANCIAL_STATEMENT,CONSOLIDATED_NO_DIMENSION_REPORT_DATE_CONTEXT,False,ALL_PERIODIC_FILINGS,True,True,True
10-Q,2025Q1,2025-05-01,0001501585-25-000037,research_development_usd,,False,,,https://www.sec.gov/Archives/edgar/data/1501585/000150158525000037/hii-20250331.htm,b1efdc3fd2c325117b31607fef86e968de29049cfdf95f6d8adb9e108cc70786,NOTE,CONSOLIDATED_NO_DIMENSION_REPORT_DATE_CONTEXT,False,ANNUAL_10K_ONLY,False,False,False
10-Q,2025Q1,2025-05-01,0001501585-25-000037,business_acquisitions_usd,133000000.0,True,us-gaap:PaymentsToAcquireBusinessesNetOfCashAcquired,c-1,https://www.sec.gov/Archives/edgar/data/1501585/000150158525000037/hii-20250331.htm,b1efdc3fd2c325117b31607fef86e968de29049cfdf95f6d8adb9e108cc70786,NOTE,CONSOLIDATED_NO_DIMENSION_REPORT_DATE_CONTEXT,False,EVENT_CONDITIONAL_NOT_SCORED,True,False,False
10-Q,2025Q1,2025-05-01,0001501585-25-000037,receivables_usd,,False,,,https://www.sec.gov/Archives/edgar/data/1501585/000150158525000037/hii-20250331.htm,b1efdc3fd2c325117b31607fef86e968de29049cfdf95f6d8adb9e108cc70786,FINANCIAL_STATEMENT,CONSOLIDATED_NO_DIMENSION_REPORT_DATE_CONTEXT,False,ALL_PERIODIC_FILINGS,False,True,False
10-Q,2025Q1,2025-05-01,0001501585-25-000037,inventory_usd,215000000.0,True,us-gaap:InventoryNetOfAllowancesCustomerAdvancesAndProgressBillings,c-8,https://www.sec.gov/Archives/edgar/data/1501585/000150158525000037/hii-20250331.htm,b1efdc3fd2c325117b31607fef86e968de29049cfdf95f6d8adb9e108cc70786,FINANCIAL_STATEMENT,CONSOLIDATED_NO_DIMENSION_REPORT_DATE_CONTEXT,False,ALL_PERIODIC_FILINGS,True,True,True
10-Q,2025Q1,2025-05-01,0001501585-25-000037,accounts_payable_usd,602000000.0,True,us-gaap:AccountsPayableCurrent,c-8,https://www.sec.gov/Archives/edgar/data/1501585/000150158525000037/hii-20250331.htm,b1efdc3fd2c325117b31607fef86e968de29049cfdf95f6d8adb9e108cc70786,FINANCIAL_STATEMENT,CONSOLIDATED_NO_DIMENSION_REPORT_DATE_CONTEXT,False,ALL_PERIODIC_FILINGS,True,True,True
10-Q,2025Q1,2025-05-01,0001501585-25-000037,contract_assets_usd,2017000000.0,True,us-gaap:ContractWithCustomerAssetNet,c-8,https://www.sec.gov/Archives/edgar/data/1501585/000150158525000037/hii-20250331.htm,b1efdc3fd2c325117b31607fef86e968de29049cfdf95f6d8adb9e108cc70786,NOTE,CONSOLIDATED_NO_DIMENSION_REPORT_DATE_CONTEXT,False,ALL_PERIODIC_FILINGS,True,True,True
10-Q,2025Q1,2025-05-01,0001501585-25-000037,contract_liabilities_usd,647000000.0,True,us-gaap:ContractWithCustomerLiabilityCurrent,c-8,https://www.sec.gov/Archives/edgar/data/1501585/000150158525000037/hii-20250331.htm,b1efdc3fd2c325117b31607fef86e968de29049cfdf95f6d8adb9e108cc70786,NOTE,CONSOLIDATED_NO_DIMENSION_REPORT_DATE_CONTEXT,False,ALL_PERIODIC_FILINGS,True,True,True
10-Q,2025Q1,2025-05-01,0001501585-25-000037,remaining_performance_obligation_usd,48000000000.0,True,us-gaap:RevenueRemainingPerformanceObligation,c-8,https://www.sec.gov/Archives/edgar/data/1501585/000150158525000037/hii-20250331.htm,b1efdc3fd2c325117b31607fef86e968de29049cfdf95f6d8adb9e108cc70786,NOTE,CONSOLIDATED_NO_DIMENSION_REPORT_DATE_CONTEXT,False,ALL_PERIODIC_FILINGS,True,True,True
10-Q,2025Q1,2025-05-01,0001501585-25-000037,program_gains_losses_usd,,False,,,https://www.sec.gov/Archives/edgar/data/1501585/000150158525000037/hii-20250331.htm,b1efdc3fd2c325117b31607fef86e968de29049cfdf95f6d8adb9e108cc70786,NOTE,CONSOLIDATED_NO_DIMENSION_REPORT_DATE_CONTEXT,False,EVENT_CONDITIONAL_NOT_SCORED,False,False,False
10-Q,2025Q1,2025-05-01,0001501585-25-000037,cash_usd,167000000.0,True,us-gaap:CashCashEquivalentsRestrictedCashAndRestrictedCashEquivalents,c-8,https://www.sec.gov/Archives/edgar/data/1501585/000150158525000037/hii-20250331.htm,b1efdc3fd2c325117b31607fef86e968de29049cfdf95f6d8adb9e108cc70786,FINANCIAL_STATEMENT,CONSOLIDATED_NO_DIMENSION_REPORT_DATE_CONTEXT,False,ALL_PERIODIC_FILINGS,True,True,True
10-Q,2025Q1,2025-05-01,0001501585-25-000037,debt_current_usd,0.0,True,DERIVED:CURRENT_DEBT_ZERO_WHEN_NOT_REPORTED,c-8,https://www.sec.gov/Archives/edgar/data/1501585/000150158525000037/hii-20250331.htm,b1efdc3fd2c325117b31607fef86e968de29049cfdf95f6d8adb9e108cc70786,FINANCIAL_STATEMENT,ZERO_WHEN_CURRENT_DEBT_NOT_REPORTED_AND_NONCURRENT_DEBT_IS_REPORTED,True,ALL_PERIODIC_FILINGS,False,True,True
10-Q,2025Q1,2025-05-01,0001501585-25-000037,debt_noncurrent_usd,2699000000.0,True,us-gaap:LongTermDebtNoncurrent,c-8,https://www.sec.gov/Archives/edgar/data/1501585/000150158525000037/hii-20250331.htm,b1efdc3fd2c325117b31607fef86e968de29049cfdf95f6d8adb9e108cc70786,FINANCIAL_STATEMENT,CONSOLIDATED_NO_DIMENSION_REPORT_DATE_CONTEXT,False,ALL_PERIODIC_FILINGS,True,True,True
10-Q,2025Q1,2025-05-01,0001501585-25-000037,equity_usd,,False,,,https://www.sec.gov/Archives/edgar/data/1501585/000150158525000037/hii-20250331.htm,b1efdc3fd2c325117b31607fef86e968de29049cfdf95f6d8adb9e108cc70786,FINANCIAL_STATEMENT,CONSOLIDATED_NO_DIMENSION_REPORT_DATE_CONTEXT,False,ALL_PERIODIC_FILINGS,False,True,False
10-Q,2025Q1,2025-05-01,0001501585-25-000037,goodwill_usd,2651000000.0,True,us-gaap:Goodwill,c-8,https://www.sec.gov/Archives/edgar/data/1501585/000150158525000037/hii-20250331.htm,b1efdc3fd2c325117b31607fef86e968de29049cfdf95f6d8adb9e108cc70786,FINANCIAL_STATEMENT,CONSOLIDATED_NO_DIMENSION_REPORT_DATE_CONTEXT,False,ALL_PERIODIC_FILINGS,True,True,True
10-Q,2025Q1,2025-05-01,0001501585-25-000037,intangibles_ex_goodwill_usd,,False,,,https://www.sec.gov/Archives/edgar/data/1501585/000150158525000037/hii-20250331.htm,b1efdc3fd2c325117b31607fef86e968de29049cfdf95f6d8adb9e108cc70786,FINANCIAL_STATEMENT,CONSOLIDATED_NO_DIMENSION_REPORT_DATE_CONTEXT,False,ALL_PERIODIC_FILINGS,False,True,False
10-Q,2025Q1,2025-05-01,0001501585-25-000037,pension_liability_usd,142000000.0,True,us-gaap:DefinedBenefitPensionPlanLiabilitiesNoncurrent,c-8,https://www.sec.gov/Archives/edgar/data/1501585/000150158525000037/hii-20250331.htm,b1efdc3fd2c325117b31607fef86e968de29049cfdf95f6d8adb9e108cc70786,NOTE,CONSOLIDATED_NO_DIMENSION_REPORT_DATE_CONTEXT,False,ALL_PERIODIC_FILINGS,True,True,True
10-Q,2025Q1,2025-05-01,0001501585-25-000037,fas_cas_pension_adjustment_usd,,False,,,https://www.sec.gov/Archives/edgar/data/1501585/000150158525000037/hii-20250331.htm,b1efdc3fd2c325117b31607fef86e968de29049cfdf95f6d8adb9e108cc70786,NOTE,CONSOLIDATED_NO_DIMENSION_REPORT_DATE_CONTEXT,False,DISCLOSURE_REGIME_ONLY,False,False,False
10-Q,2025Q2,2025-07-31,0001501585-25-000099,revenue_usd,5816000000.0,True,us-gaap:Revenues,c-1,https://www.sec.gov/Archives/edgar/data/1501585/000150158525000099/hii-20250630.htm,9f28d3329cea57d5f484b236d530e6e9b5b8e9e3968dc050213ac298aa952b84,FINANCIAL_STATEMENT,CONSOLIDATED_NO_DIMENSION_REPORT_DATE_CONTEXT,False,ALL_PERIODIC_FILINGS,True,True,True
10-Q,2025Q2,2025-07-31,0001501585-25-000099,operating_income_usd,324000000.0,True,us-gaap:OperatingIncomeLoss,c-1,https://www.sec.gov/Archives/edgar/data/1501585/000150158525000099/hii-20250630.htm,9f28d3329cea57d5f484b236d530e6e9b5b8e9e3968dc050213ac298aa952b84,FINANCIAL_STATEMENT,CONSOLIDATED_NO_DIMENSION_REPORT_DATE_CONTEXT,False,ALL_PERIODIC_FILINGS,True,True,True
10-Q,2025Q2,2025-07-31,0001501585-25-000099,pretax_income_usd,375000000.0,True,us-gaap:IncomeLossFromContinuingOperationsBeforeIncomeTaxesExtraordinaryItemsNoncontrollingInterest,c-1,https://www.sec.gov/Archives/edgar/data/1501585/000150158525000099/hii-20250630.htm,9f28d3329cea57d5f484b236d530e6e9b5b8e9e3968dc050213ac298aa952b84,FINANCIAL_STATEMENT,CONSOLIDATED_NO_DIMENSION_REPORT_DATE_CONTEXT,False,ALL_PERIODIC_FILINGS,True,True,True
10-Q,2025Q2,2025-07-31,0001501585-25-000099,income_tax_usd,74000000.0,True,us-gaap:IncomeTaxExpenseBenefit,c-1,https://www.sec.gov/Archives/edgar/data/1501585/000150158525000099/hii-20250630.htm,9f28d3329cea57d5f484b236d530e6e9b5b8e9e3968dc050213ac298aa952b84,FINANCIAL_STATEMENT,CONSOLIDATED_NO_DIMENSION_REPORT_DATE_CONTEXT,False,ALL_PERIODIC_FILINGS,True,True,True
10-Q,2025Q2,2025-07-31,0001501585-25-000099,cfo_usd,428000000.0,True,us-gaap:NetCashProvidedByUsedInOperatingActivities,c-1,https://www.sec.gov/Archives/edgar/data/1501585/000150158525000099/hii-20250630.htm,9f28d3329cea57d5f484b236d530e6e9b5b8e9e3968dc050213ac298aa952b84,FINANCIAL_STATEMENT,CONSOLIDATED_NO_DIMENSION_REPORT_DATE_CONTEXT,False,ALL_PERIODIC_FILINGS,True,True,True
10-Q,2025Q2,2025-07-31,0001501585-25-000099,capex_usd,160000000.0,True,us-gaap:PaymentsToAcquireProductiveAssets,c-1,https://www.sec.gov/Archives/edgar/data/1501585/000150158525000099/hii-20250630.htm,9f28d3329cea57d5f484b236d530e6e9b5b8e9e3968dc050213ac298aa952b84,FINANCIAL_STATEMENT,CONSOLIDATED_NO_DIMENSION_REPORT_DATE_CONTEXT,False,ALL_PERIODIC_FILINGS,True,True,True
10-Q,2025Q2,2025-07-31,0001501585-25-000099,depreciation_amortization_usd,110000000.0,True,us-gaap:Depreciation,c-1,https://www.sec.gov/Archives/edgar/data/1501585/000150158525000099/hii-20250630.htm,9f28d3329cea57d5f484b236d530e6e9b5b8e9e3968dc050213ac298aa952b84,FINANCIAL_STATEMENT,CONSOLIDATED_NO_DIMENSION_REPORT_DATE_CONTEXT,False,ALL_PERIODIC_FILINGS,True,True,True
10-Q,2025Q2,2025-07-31,0001501585-25-000099,research_development_usd,,False,,,https://www.sec.gov/Archives/edgar/data/1501585/000150158525000099/hii-20250630.htm,9f28d3329cea57d5f484b236d530e6e9b5b8e9e3968dc050213ac298aa952b84,NOTE,CONSOLIDATED_NO_DIMENSION_REPORT_DATE_CONTEXT,False,ANNUAL_10K_ONLY,False,False,False
10-Q,2025Q2,2025-07-31,0001501585-25-000099,business_acquisitions_usd,133000000.0,True,us-gaap:PaymentsToAcquireBusinessesNetOfCashAcquired,c-1,https://www.sec.gov/Archives/edgar/data/1501585/000150158525000099/hii-20250630.htm,9f28d3329cea57d5f484b236d530e6e9b5b8e9e3968dc050213ac298aa952b84,NOTE,CONSOLIDATED_NO_DIMENSION_REPORT_DATE_CONTEXT,False,EVENT_CONDITIONAL_NOT_SCORED,True,False,False
10-Q,2025Q2,2025-07-31,0001501585-25-000099,receivables_usd,,False,,,https://www.sec.gov/Archives/edgar/data/1501585/000150158525000099/hii-20250630.htm,9f28d3329cea57d5f484b236d530e6e9b5b8e9e3968dc050213ac298aa952b84,FINANCIAL_STATEMENT,CONSOLIDATED_NO_DIMENSION_REPORT_DATE_CONTEXT,False,ALL_PERIODIC_FILINGS,False,True,False
10-Q,2025Q2,2025-07-31,0001501585-25-000099,inventory_usd,215000000.0,True,us-gaap:InventoryNetOfAllowancesCustomerAdvancesAndProgressBillings,c-14,https://www.sec.gov/Archives/edgar/data/1501585/000150158525000099/hii-20250630.htm,9f28d3329cea57d5f484b236d530e6e9b5b8e9e3968dc050213ac298aa952b84,FINANCIAL_STATEMENT,CONSOLIDATED_NO_DIMENSION_REPORT_DATE_CONTEXT,False,ALL_PERIODIC_FILINGS,True,True,True
10-Q,2025Q2,2025-07-31,0001501585-25-000099,accounts_payable_usd,650000000.0,True,us-gaap:AccountsPayableCurrent,c-14,https://www.sec.gov/Archives/edgar/data/1501585/000150158525000099/hii-20250630.htm,9f28d3329cea57d5f484b236d530e6e9b5b8e9e3968dc050213ac298aa952b84,FINANCIAL_STATEMENT,CONSOLIDATED_NO_DIMENSION_REPORT_DATE_CONTEXT,False,ALL_PERIODIC_FILINGS,True,True,True
10-Q,2025Q2,2025-07-31,0001501585-25-000099,contract_assets_usd,1811000000.0,True,us-gaap:ContractWithCustomerAssetNet,c-14,https://www.sec.gov/Archives/edgar/data/1501585/000150158525000099/hii-20250630.htm,9f28d3329cea57d5f484b236d530e6e9b5b8e9e3968dc050213ac298aa952b84,NOTE,CONSOLIDATED_NO_DIMENSION_REPORT_DATE_CONTEXT,False,ALL_PERIODIC_FILINGS,True,True,True
10-Q,2025Q2,2025-07-31,0001501585-25-000099,contract_liabilities_usd,969000000.0,True,us-gaap:ContractWithCustomerLiabilityCurrent,c-14,https://www.sec.gov/Archives/edgar/data/1501585/000150158525000099/hii-20250630.htm,9f28d3329cea57d5f484b236d530e6e9b5b8e9e3968dc050213ac298aa952b84,NOTE,CONSOLIDATED_NO_DIMENSION_REPORT_DATE_CONTEXT,False,ALL_PERIODIC_FILINGS,True,True,True
10-Q,2025Q2,2025-07-31,0001501585-25-000099,remaining_performance_obligation_usd,56900000000.0,True,us-gaap:RevenueRemainingPerformanceObligation,c-14,https://www.sec.gov/Archives/edgar/data/1501585/000150158525000099/hii-20250630.htm,9f28d3329cea57d5f484b236d530e6e9b5b8e9e3968dc050213ac298aa952b84,NOTE,CONSOLIDATED_NO_DIMENSION_REPORT_DATE_CONTEXT,False,ALL_PERIODIC_FILINGS,True,True,True
10-Q,2025Q2,2025-07-31,0001501585-25-000099,program_gains_losses_usd,,False,,,https://www.sec.gov/Archives/edgar/data/1501585/000150158525000099/hii-20250630.htm,9f28d3329cea57d5f484b236d530e6e9b5b8e9e3968dc050213ac298aa952b84,NOTE,CONSOLIDATED_NO_DIMENSION_REPORT_DATE_CONTEXT,False,EVENT_CONDITIONAL_NOT_SCORED,False,False,False
10-Q,2025Q2,2025-07-31,0001501585-25-000099,cash_usd,343000000.0,True,us-gaap:CashCashEquivalentsRestrictedCashAndRestrictedCashEquivalents,c-14,https://www.sec.gov/Archives/edgar/data/1501585/000150158525000099/hii-20250630.htm,9f28d3329cea57d5f484b236d530e6e9b5b8e9e3968dc050213ac298aa952b84,FINANCIAL_STATEMENT,CONSOLIDATED_NO_DIMENSION_REPORT_DATE_CONTEXT,False,ALL_PERIODIC_FILINGS,True,True,True
10-Q,2025Q2,2025-07-31,0001501585-25-000099,debt_current_usd,0.0,True,DERIVED:CURRENT_DEBT_ZERO_WHEN_NOT_REPORTED,c-14,https://www.sec.gov/Archives/edgar/data/1501585/000150158525000099/hii-20250630.htm,9f28d3329cea57d5f484b236d530e6e9b5b8e9e3968dc050213ac298aa952b84,FINANCIAL_STATEMENT,ZERO_WHEN_CURRENT_DEBT_NOT_REPORTED_AND_NONCURRENT_DEBT_IS_REPORTED,True,ALL_PERIODIC_FILINGS,False,True,True
10-Q,2025Q2,2025-07-31,0001501585-25-000099,debt_noncurrent_usd,2700000000.0,True,us-gaap:LongTermDebtNoncurrent,c-14,https://www.sec.gov/Archives/edgar/data/1501585/000150158525000099/hii-20250630.htm,9f28d3329cea57d5f484b236d530e6e9b5b8e9e3968dc050213ac298aa952b84,FINANCIAL_STATEMENT,CONSOLIDATED_NO_DIMENSION_REPORT_DATE_CONTEXT,False,ALL_PERIODIC_FILINGS,True,True,True
10-Q,2025Q2,2025-07-31,0001501585-25-000099,equity_usd,,False,,,https://www.sec.gov/Archives/edgar/data/1501585/000150158525000099/hii-20250630.htm,9f28d3329cea57d5f484b236d530e6e9b5b8e9e3968dc050213ac298aa952b84,FINANCIAL_STATEMENT,CONSOLIDATED_NO_DIMENSION_REPORT_DATE_CONTEXT,False,ALL_PERIODIC_FILINGS,False,True,False
10-Q,2025Q2,2025-07-31,0001501585-25-000099,goodwill_usd,2651000000.0,True,us-gaap:Goodwill,c-14,https://www.sec.gov/Archives/edgar/data/1501585/000150158525000099/hii-20250630.htm,9f28d3329cea57d5f484b236d530e6e9b5b8e9e3968dc050213ac298aa952b84,FINANCIAL_STATEMENT,CONSOLIDATED_NO_DIMENSION_REPORT_DATE_CONTEXT,False,ALL_PERIODIC_FILINGS,True,True,True
10-Q,2025Q2,2025-07-31,0001501585-25-000099,intangibles_ex_goodwill_usd,,False,,,https://www.sec.gov/Archives/edgar/data/1501585/000150158525000099/hii-20250630.htm,9f28d3329cea57d5f484b236d530e6e9b5b8e9e3968dc050213ac298aa952b84,FINANCIAL_STATEMENT,CONSOLIDATED_NO_DIMENSION_REPORT_DATE_CONTEXT,False,ALL_PERIODIC_FILINGS,False,True,False
10-Q,2025Q2,2025-07-31,0001501585-25-000099,pension_liability_usd,142000000.0,True,us-gaap:DefinedBenefitPensionPlanLiabilitiesNoncurrent,c-14,https://www.sec.gov/Archives/edgar/data/1501585/000150158525000099/hii-20250630.htm,9f28d3329cea57d5f484b236d530e6e9b5b8e9e3968dc050213ac298aa952b84,NOTE,CONSOLIDATED_NO_DIMENSION_REPORT_DATE_CONTEXT,False,ALL_PERIODIC_FILINGS,True,True,True
10-Q,2025Q2,2025-07-31,0001501585-25-000099,fas_cas_pension_adjustment_usd,,False,,,https://www.sec.gov/Archives/edgar/data/1501585/000150158525000099/hii-20250630.htm,9f28d3329cea57d5f484b236d530e6e9b5b8e9e3968dc050213ac298aa952b84,NOTE,CONSOLIDATED_NO_DIMENSION_REPORT_DATE_CONTEXT,False,DISCLOSURE_REGIME_ONLY,False,False,False
10-Q,2025Q3,2025-10-30,0001501585-25-000112,revenue_usd,9008000000.0,True,us-gaap:Revenues,c-1,https://www.sec.gov/Archives/edgar/data/1501585/000150158525000112/hii-20250930.htm,85ab8d8d07fd834c3e7182d97d540b714b3f719ad7d2bdbe371d9cacdbfb35e5,FINANCIAL_STATEMENT,CONSOLIDATED_NO_DIMENSION_REPORT_DATE_CONTEXT,False,ALL_PERIODIC_FILINGS,True,True,True
10-Q,2025Q3,2025-10-30,0001501585-25-000112,operating_income_usd,485000000.0,True,us-gaap:OperatingIncomeLoss,c-1,https://www.sec.gov/Archives/edgar/data/1501585/000150158525000112/hii-20250930.htm,85ab8d8d07fd834c3e7182d97d540b714b3f719ad7d2bdbe371d9cacdbfb35e5,FINANCIAL_STATEMENT,CONSOLIDATED_NO_DIMENSION_REPORT_DATE_CONTEXT,False,ALL_PERIODIC_FILINGS,True,True,True
10-Q,2025Q3,2025-10-30,0001501585-25-000112,pretax_income_usd,579000000.0,True,us-gaap:IncomeLossFromContinuingOperationsBeforeIncomeTaxesExtraordinaryItemsNoncontrollingInterest,c-1,https://www.sec.gov/Archives/edgar/data/1501585/000150158525000112/hii-20250930.htm,85ab8d8d07fd834c3e7182d97d540b714b3f719ad7d2bdbe371d9cacdbfb35e5,FINANCIAL_STATEMENT,CONSOLIDATED_NO_DIMENSION_REPORT_DATE_CONTEXT,False,ALL_PERIODIC_FILINGS,True,True,True
10-Q,2025Q3,2025-10-30,0001501585-25-000112,income_tax_usd,133000000.0,True,us-gaap:IncomeTaxExpenseBenefit,c-1,https://www.sec.gov/Archives/edgar/data/1501585/000150158525000112/hii-20250930.htm,85ab8d8d07fd834c3e7182d97d540b714b3f719ad7d2bdbe371d9cacdbfb35e5,FINANCIAL_STATEMENT,CONSOLIDATED_NO_DIMENSION_REPORT_DATE_CONTEXT,False,ALL_PERIODIC_FILINGS,True,True,True
10-Q,2025Q3,2025-10-30,0001501585-25-000112,cfo_usd,546000000.0,True,us-gaap:NetCashProvidedByUsedInOperatingActivities,c-1,https://www.sec.gov/Archives/edgar/data/1501585/000150158525000112/hii-20250930.htm,85ab8d8d07fd834c3e7182d97d540b714b3f719ad7d2bdbe371d9cacdbfb35e5,FINANCIAL_STATEMENT,CONSOLIDATED_NO_DIMENSION_REPORT_DATE_CONTEXT,False,ALL_PERIODIC_FILINGS,True,True,True
10-Q,2025Q3,2025-10-30,0001501585-25-000112,capex_usd,262000000.0,True,us-gaap:PaymentsToAcquireProductiveAssets,c-1,https://www.sec.gov/Archives/edgar/data/1501585/000150158525000112/hii-20250930.htm,85ab8d8d07fd834c3e7182d97d540b714b3f719ad7d2bdbe371d9cacdbfb35e5,FINANCIAL_STATEMENT,CONSOLIDATED_NO_DIMENSION_REPORT_DATE_CONTEXT,False,ALL_PERIODIC_FILINGS,True,True,True
10-Q,2025Q3,2025-10-30,0001501585-25-000112,depreciation_amortization_usd,164000000.0,True,us-gaap:Depreciation,c-1,https://www.sec.gov/Archives/edgar/data/1501585/000150158525000112/hii-20250930.htm,85ab8d8d07fd834c3e7182d97d540b714b3f719ad7d2bdbe371d9cacdbfb35e5,FINANCIAL_STATEMENT,CONSOLIDATED_NO_DIMENSION_REPORT_DATE_CONTEXT,False,ALL_PERIODIC_FILINGS,True,True,True
10-Q,2025Q3,2025-10-30,0001501585-25-000112,research_development_usd,,False,,,https://www.sec.gov/Archives/edgar/data/1501585/000150158525000112/hii-20250930.htm,85ab8d8d07fd834c3e7182d97d540b714b3f719ad7d2bdbe371d9cacdbfb35e5,NOTE,CONSOLIDATED_NO_DIMENSION_REPORT_DATE_CONTEXT,False,ANNUAL_10K_ONLY,False,False,False
10-Q,2025Q3,2025-10-30,0001501585-25-000112,business_acquisitions_usd,132000000.0,True,us-gaap:PaymentsToAcquireBusinessesNetOfCashAcquired,c-1,https://www.sec.gov/Archives/edgar/data/1501585/000150158525000112/hii-20250930.htm,85ab8d8d07fd834c3e7182d97d540b714b3f719ad7d2bdbe371d9cacdbfb35e5,NOTE,CONSOLIDATED_NO_DIMENSION_REPORT_DATE_CONTEXT,False,EVENT_CONDITIONAL_NOT_SCORED,True,False,False
10-Q,2025Q3,2025-10-30,0001501585-25-000112,receivables_usd,,False,,,https://www.sec.gov/Archives/edgar/data/1501585/000150158525000112/hii-20250930.htm,85ab8d8d07fd834c3e7182d97d540b714b3f719ad7d2bdbe371d9cacdbfb35e5,FINANCIAL_STATEMENT,CONSOLIDATED_NO_DIMENSION_REPORT_DATE_CONTEXT,False,ALL_PERIODIC_FILINGS,False,True,False
10-Q,2025Q3,2025-10-30,0001501585-25-000112,inventory_usd,221000000.0,True,us-gaap:InventoryNetOfAllowancesCustomerAdvancesAndProgressBillings,c-14,https://www.sec.gov/Archives/edgar/data/1501585/000150158525000112/hii-20250930.htm,85ab8d8d07fd834c3e7182d97d540b714b3f719ad7d2bdbe371d9cacdbfb35e5,FINANCIAL_STATEMENT,CONSOLIDATED_NO_DIMENSION_REPORT_DATE_CONTEXT,False,ALL_PERIODIC_FILINGS,True,True,True
10-Q,2025Q3,2025-10-30,0001501585-25-000112,accounts_payable_usd,680000000.0,True,us-gaap:AccountsPayableCurrent,c-14,https://www.sec.gov/Archives/edgar/data/1501585/000150158525000112/hii-20250930.htm,85ab8d8d07fd834c3e7182d97d540b714b3f719ad7d2bdbe371d9cacdbfb35e5,FINANCIAL_STATEMENT,CONSOLIDATED_NO_DIMENSION_REPORT_DATE_CONTEXT,False,ALL_PERIODIC_FILINGS,True,True,True
10-Q,2025Q3,2025-10-30,0001501585-25-000112,contract_assets_usd,1869000000.0,True,us-gaap:ContractWithCustomerAssetNet,c-14,https://www.sec.gov/Archives/edgar/data/1501585/000150158525000112/hii-20250930.htm,85ab8d8d07fd834c3e7182d97d540b714b3f719ad7d2bdbe371d9cacdbfb35e5,NOTE,CONSOLIDATED_NO_DIMENSION_REPORT_DATE_CONTEXT,False,ALL_PERIODIC_FILINGS,True,True,True
10-Q,2025Q3,2025-10-30,0001501585-25-000112,contract_liabilities_usd,893000000.0,True,us-gaap:ContractWithCustomerLiabilityCurrent,c-14,https://www.sec.gov/Archives/edgar/data/1501585/000150158525000112/hii-20250930.htm,85ab8d8d07fd834c3e7182d97d540b714b3f719ad7d2bdbe371d9cacdbfb35e5,NOTE,CONSOLIDATED_NO_DIMENSION_REPORT_DATE_CONTEXT,False,ALL_PERIODIC_FILINGS,True,True,True
10-Q,2025Q3,2025-10-30,0001501585-25-000112,remaining_performance_obligation_usd,55700000000.0,True,us-gaap:RevenueRemainingPerformanceObligation,c-14,https://www.sec.gov/Archives/edgar/data/1501585/000150158525000112/hii-20250930.htm,85ab8d8d07fd834c3e7182d97d540b714b3f719ad7d2bdbe371d9cacdbfb35e5,NOTE,CONSOLIDATED_NO_DIMENSION_REPORT_DATE_CONTEXT,False,ALL_PERIODIC_FILINGS,True,True,True
10-Q,2025Q3,2025-10-30,0001501585-25-000112,program_gains_losses_usd,,False,,,https://www.sec.gov/Archives/edgar/data/1501585/000150158525000112/hii-20250930.htm,85ab8d8d07fd834c3e7182d97d540b714b3f719ad7d2bdbe371d9cacdbfb35e5,NOTE,CONSOLIDATED_NO_DIMENSION_REPORT_DATE_CONTEXT,False,EVENT_CONDITIONAL_NOT_SCORED,False,False,False
10-Q,2025Q3,2025-10-30,0001501585-25-000112,cash_usd,312000000.0,True,us-gaap:CashCashEquivalentsRestrictedCashAndRestrictedCashEquivalents,c-14,https://www.sec.gov/Archives/edgar/data/1501585/000150158525000112/hii-20250930.htm,85ab8d8d07fd834c3e7182d97d540b714b3f719ad7d2bdbe371d9cacdbfb35e5,FINANCIAL_STATEMENT,CONSOLIDATED_NO_DIMENSION_REPORT_DATE_CONTEXT,False,ALL_PERIODIC_FILINGS,True,True,True
10-Q,2025Q3,2025-10-30,0001501585-25-000112,debt_current_usd,0.0,True,DERIVED:CURRENT_DEBT_ZERO_WHEN_NOT_REPORTED,c-14,https://www.sec.gov/Archives/edgar/data/1501585/000150158525000112/hii-20250930.htm,85ab8d8d07fd834c3e7182d97d540b714b3f719ad7d2bdbe371d9cacdbfb35e5,FINANCIAL_STATEMENT,ZERO_WHEN_CURRENT_DEBT_NOT_REPORTED_AND_NONCURRENT_DEBT_IS_REPORTED,True,ALL_PERIODIC_FILINGS,True,True,True
10-Q,2025Q3,2025-10-30,0001501585-25-000112,debt_noncurrent_usd,2698000000.0,True,us-gaap:LongTermDebtNoncurrent,c-14,https://www.sec.gov/Archives/edgar/data/1501585/000150158525000112/hii-20250930.htm,85ab8d8d07fd834c3e7182d97d540b714b3f719ad7d2bdbe371d9cacdbfb35e5,FINANCIAL_STATEMENT,CONSOLIDATED_NO_DIMENSION_REPORT_DATE_CONTEXT,False,ALL_PERIODIC_FILINGS,True,True,True
10-Q,2025Q3,2025-10-30,0001501585-25-000112,equity_usd,,False,,,https://www.sec.gov/Archives/edgar/data/1501585/000150158525000112/hii-20250930.htm,85ab8d8d07fd834c3e7182d97d540b714b3f719ad7d2bdbe371d9cacdbfb35e5,FINANCIAL_STATEMENT,CONSOLIDATED_NO_DIMENSION_REPORT_DATE_CONTEXT,False,ALL_PERIODIC_FILINGS,True,True,False
10-Q,2025Q3,2025-10-30,0001501585-25-000112,goodwill_usd,2650000000.0,True,us-gaap:Goodwill,c-14,https://www.sec.gov/Archives/edgar/data/1501585/000150158525000112/hii-20250930.htm,85ab8d8d07fd834c3e7182d97d540b714b3f719ad7d2bdbe371d9cacdbfb35e5,FINANCIAL_STATEMENT,CONSOLIDATED_NO_DIMENSION_REPORT_DATE_CONTEXT,False,ALL_PERIODIC_FILINGS,True,True,True
10-Q,2025Q3,2025-10-30,0001501585-25-000112,intangibles_ex_goodwill_usd,,False,,,https://www.sec.gov/Archives/edgar/data/1501585/000150158525000112/hii-20250930.htm,85ab8d8d07fd834c3e7182d97d540b714b3f719ad7d2bdbe371d9cacdbfb35e5,FINANCIAL_STATEMENT,CONSOLIDATED_NO_DIMENSION_REPORT_DATE_CONTEXT,False,ALL_PERIODIC_FILINGS,False,True,False
10-Q,2025Q3,2025-10-30,0001501585-25-000112,pension_liability_usd,142000000.0,True,us-gaap:DefinedBenefitPensionPlanLiabilitiesNoncurrent,c-14,https://www.sec.gov/Archives/edgar/data/1501585/000150158525000112/hii-20250930.htm,85ab8d8d07fd834c3e7182d97d540b714b3f719ad7d2bdbe371d9cacdbfb35e5,NOTE,CONSOLIDATED_NO_DIMENSION_REPORT_DATE_CONTEXT,False,ALL_PERIODIC_FILINGS,True,True,True
10-Q,2025Q3,2025-10-30,0001501585-25-000112,fas_cas_pension_adjustment_usd,,False,,,https://www.sec.gov/Archives/edgar/data/1501585/000150158525000112/hii-20250930.htm,85ab8d8d07fd834c3e7182d97d540b714b3f719ad7d2bdbe371d9cacdbfb35e5,NOTE,CONSOLIDATED_NO_DIMENSION_REPORT_DATE_CONTEXT,False,DISCLOSURE_REGIME_ONLY,False,False,False
10-K,2025Q4,2026-02-05,0001501585-26-000006,revenue_usd,12484000000.0,True,us-gaap:Revenues,c-1,https://www.sec.gov/Archives/edgar/data/1501585/000150158526000006/hii-20251231.htm,e9c2363b3b156a5e2e0ceb49d9548f25fbf60ef9da574ac270867e9ead3b3a82,FINANCIAL_STATEMENT,CONSOLIDATED_NO_DIMENSION_REPORT_DATE_CONTEXT,False,ALL_PERIODIC_FILINGS,True,True,True
10-K,2025Q4,2026-02-05,0001501585-26-000006,operating_income_usd,657000000.0,True,us-gaap:OperatingIncomeLoss,c-1,https://www.sec.gov/Archives/edgar/data/1501585/000150158526000006/hii-20251231.htm,e9c2363b3b156a5e2e0ceb49d9548f25fbf60ef9da574ac270867e9ead3b3a82,FINANCIAL_STATEMENT,CONSOLIDATED_NO_DIMENSION_REPORT_DATE_CONTEXT,False,ALL_PERIODIC_FILINGS,True,True,True
10-K,2025Q4,2026-02-05,0001501585-26-000006,pretax_income_usd,777000000.0,True,us-gaap:IncomeLossFromContinuingOperationsBeforeIncomeTaxesExtraordinaryItemsNoncontrollingInterest,c-1,https://www.sec.gov/Archives/edgar/data/1501585/000150158526000006/hii-20251231.htm,e9c2363b3b156a5e2e0ceb49d9548f25fbf60ef9da574ac270867e9ead3b3a82,FINANCIAL_STATEMENT,CONSOLIDATED_NO_DIMENSION_REPORT_DATE_CONTEXT,False,ALL_PERIODIC_FILINGS,True,True,True
10-K,2025Q4,2026-02-05,0001501585-26-000006,income_tax_usd,172000000.0,True,us-gaap:IncomeTaxExpenseBenefit,c-1,https://www.sec.gov/Archives/edgar/data/1501585/000150158526000006/hii-20251231.htm,e9c2363b3b156a5e2e0ceb49d9548f25fbf60ef9da574ac270867e9ead3b3a82,FINANCIAL_STATEMENT,CONSOLIDATED_NO_DIMENSION_REPORT_DATE_CONTEXT,False,ALL_PERIODIC_FILINGS,True,True,True
10-K,2025Q4,2026-02-05,0001501585-26-000006,cfo_usd,1196000000.0,True,us-gaap:NetCashProvidedByUsedInOperatingActivities,c-1,https://www.sec.gov/Archives/edgar/data/1501585/000150158526000006/hii-20251231.htm,e9c2363b3b156a5e2e0ceb49d9548f25fbf60ef9da574ac270867e9ead3b3a82,FINANCIAL_STATEMENT,CONSOLIDATED_NO_DIMENSION_REPORT_DATE_CONTEXT,False,ALL_PERIODIC_FILINGS,True,True,True
10-K,2025Q4,2026-02-05,0001501585-26-000006,capex_usd,396000000.0,True,us-gaap:PaymentsToAcquireProductiveAssets,c-1,https://www.sec.gov/Archives/edgar/data/1501585/000150158526000006/hii-20251231.htm,e9c2363b3b156a5e2e0ceb49d9548f25fbf60ef9da574ac270867e9ead3b3a82,FINANCIAL_STATEMENT,CONSOLIDATED_NO_DIMENSION_REPORT_DATE_CONTEXT,False,ALL_PERIODIC_FILINGS,True,True,True
10-K,2025Q4,2026-02-05,0001501585-26-000006,depreciation_amortization_usd,225000000.0,True,us-gaap:Depreciation,c-1,https://www.sec.gov/Archives/edgar/data/1501585/000150158526000006/hii-20251231.htm,e9c2363b3b156a5e2e0ceb49d9548f25fbf60ef9da574ac270867e9ead3b3a82,FINANCIAL_STATEMENT,CONSOLIDATED_NO_DIMENSION_REPORT_DATE_CONTEXT,False,ALL_PERIODIC_FILINGS,True,True,True
10-K,2025Q4,2026-02-05,0001501585-26-000006,research_development_usd,26000000.0,True,us-gaap:ResearchAndDevelopmentExpense,c-1,https://www.sec.gov/Archives/edgar/data/1501585/000150158526000006/hii-20251231.htm,e9c2363b3b156a5e2e0ceb49d9548f25fbf60ef9da574ac270867e9ead3b3a82,NOTE,CONSOLIDATED_NO_DIMENSION_REPORT_DATE_CONTEXT,False,ANNUAL_10K_ONLY,True,True,True
10-K,2025Q4,2026-02-05,0001501585-26-000006,business_acquisitions_usd,132000000.0,True,us-gaap:PaymentsToAcquireBusinessesNetOfCashAcquired,c-1,https://www.sec.gov/Archives/edgar/data/1501585/000150158526000006/hii-20251231.htm,e9c2363b3b156a5e2e0ceb49d9548f25fbf60ef9da574ac270867e9ead3b3a82,NOTE,CONSOLIDATED_NO_DIMENSION_REPORT_DATE_CONTEXT,False,EVENT_CONDITIONAL_NOT_SCORED,True,False,False
10-K,2025Q4,2026-02-05,0001501585-26-000006,receivables_usd,,False,,,https://www.sec.gov/Archives/edgar/data/1501585/000150158526000006/hii-20251231.htm,e9c2363b3b156a5e2e0ceb49d9548f25fbf60ef9da574ac270867e9ead3b3a82,FINANCIAL_STATEMENT,CONSOLIDATED_NO_DIMENSION_REPORT_DATE_CONTEXT,False,ALL_PERIODIC_FILINGS,False,True,False
10-K,2025Q4,2026-02-05,0001501585-26-000006,inventory_usd,219000000.0,True,us-gaap:InventoryNetOfAllowancesCustomerAdvancesAndProgressBillings,c-4,https://www.sec.gov/Archives/edgar/data/1501585/000150158526000006/hii-20251231.htm,e9c2363b3b156a5e2e0ceb49d9548f25fbf60ef9da574ac270867e9ead3b3a82,FINANCIAL_STATEMENT,CONSOLIDATED_NO_DIMENSION_REPORT_DATE_CONTEXT,False,ALL_PERIODIC_FILINGS,True,True,True
10-K,2025Q4,2026-02-05,0001501585-26-000006,accounts_payable_usd,556000000.0,True,us-gaap:AccountsPayableCurrent,c-4,https://www.sec.gov/Archives/edgar/data/1501585/000150158526000006/hii-20251231.htm,e9c2363b3b156a5e2e0ceb49d9548f25fbf60ef9da574ac270867e9ead3b3a82,FINANCIAL_STATEMENT,CONSOLIDATED_NO_DIMENSION_REPORT_DATE_CONTEXT,False,ALL_PERIODIC_FILINGS,True,True,True
10-K,2025Q4,2026-02-05,0001501585-26-000006,contract_assets_usd,1758000000.0,True,us-gaap:ContractWithCustomerAssetNet,c-4,https://www.sec.gov/Archives/edgar/data/1501585/000150158526000006/hii-20251231.htm,e9c2363b3b156a5e2e0ceb49d9548f25fbf60ef9da574ac270867e9ead3b3a82,NOTE,CONSOLIDATED_NO_DIMENSION_REPORT_DATE_CONTEXT,False,ALL_PERIODIC_FILINGS,True,True,True
10-K,2025Q4,2026-02-05,0001501585-26-000006,contract_liabilities_usd,1220000000.0,True,us-gaap:ContractWithCustomerLiabilityCurrent,c-4,https://www.sec.gov/Archives/edgar/data/1501585/000150158526000006/hii-20251231.htm,e9c2363b3b156a5e2e0ceb49d9548f25fbf60ef9da574ac270867e9ead3b3a82,NOTE,CONSOLIDATED_NO_DIMENSION_REPORT_DATE_CONTEXT,False,ALL_PERIODIC_FILINGS,True,True,True
10-K,2025Q4,2026-02-05,0001501585-26-000006,remaining_performance_obligation_usd,53100000000.0,True,us-gaap:RevenueRemainingPerformanceObligation,c-4,https://www.sec.gov/Archives/edgar/data/1501585/000150158526000006/hii-20251231.htm,e9c2363b3b156a5e2e0ceb49d9548f25fbf60ef9da574ac270867e9ead3b3a82,NOTE,CONSOLIDATED_NO_DIMENSION_REPORT_DATE_CONTEXT,False,ALL_PERIODIC_FILINGS,True,True,True
10-K,2025Q4,2026-02-05,0001501585-26-000006,program_gains_losses_usd,,False,,,https://www.sec.gov/Archives/edgar/data/1501585/000150158526000006/hii-20251231.htm,e9c2363b3b156a5e2e0ceb49d9548f25fbf60ef9da574ac270867e9ead3b3a82,NOTE,CONSOLIDATED_NO_DIMENSION_REPORT_DATE_CONTEXT,False,EVENT_CONDITIONAL_NOT_SCORED,False,False,False
10-K,2025Q4,2026-02-05,0001501585-26-000006,cash_usd,774000000.0,True,us-gaap:CashCashEquivalentsRestrictedCashAndRestrictedCashEquivalents,c-4,https://www.sec.gov/Archives/edgar/data/1501585/000150158526000006/hii-20251231.htm,e9c2363b3b156a5e2e0ceb49d9548f25fbf60ef9da574ac270867e9ead3b3a82,FINANCIAL_STATEMENT,CONSOLIDATED_NO_DIMENSION_REPORT_DATE_CONTEXT,False,ALL_PERIODIC_FILINGS,True,True,True
10-K,2025Q4,2026-02-05,0001501585-26-000006,debt_current_usd,,False,,,https://www.sec.gov/Archives/edgar/data/1501585/000150158526000006/hii-20251231.htm,e9c2363b3b156a5e2e0ceb49d9548f25fbf60ef9da574ac270867e9ead3b3a82,FINANCIAL_STATEMENT,CONSOLIDATED_NO_DIMENSION_REPORT_DATE_CONTEXT,False,ALL_PERIODIC_FILINGS,False,True,False
10-K,2025Q4,2026-02-05,0001501585-26-000006,debt_noncurrent_usd,,False,,,https://www.sec.gov/Archives/edgar/data/1501585/000150158526000006/hii-20251231.htm,e9c2363b3b156a5e2e0ceb49d9548f25fbf60ef9da574ac270867e9ead3b3a82,FINANCIAL_STATEMENT,CONSOLIDATED_NO_DIMENSION_REPORT_DATE_CONTEXT,False,ALL_PERIODIC_FILINGS,False,True,False
10-K,2025Q4,2026-02-05,0001501585-26-000006,equity_usd,5073000000.0,True,us-gaap:StockholdersEquity,c-4,https://www.sec.gov/Archives/edgar/data/1501585/000150158526000006/hii-20251231.htm,e9c2363b3b156a5e2e0ceb49d9548f25fbf60ef9da574ac270867e9ead3b3a82,FINANCIAL_STATEMENT,CONSOLIDATED_NO_DIMENSION_REPORT_DATE_CONTEXT,False,ALL_PERIODIC_FILINGS,True,True,True
10-K,2025Q4,2026-02-05,0001501585-26-000006,goodwill_usd,2650000000.0,True,us-gaap:Goodwill,c-4,https://www.sec.gov/Archives/edgar/data/1501585/000150158526000006/hii-20251231.htm,e9c2363b3b156a5e2e0ceb49d9548f25fbf60ef9da574ac270867e9ead3b3a82,FINANCIAL_STATEMENT,CONSOLIDATED_NO_DIMENSION_REPORT_DATE_CONTEXT,False,ALL_PERIODIC_FILINGS,True,True,True
10-K,2025Q4,2026-02-05,0001501585-26-000006,intangibles_ex_goodwill_usd,,False,,,https://www.sec.gov/Archives/edgar/data/1501585/000150158526000006/hii-20251231.htm,e9c2363b3b156a5e2e0ceb49d9548f25fbf60ef9da574ac270867e9ead3b3a82,FINANCIAL_STATEMENT,CONSOLIDATED_NO_DIMENSION_REPORT_DATE_CONTEXT,False,ALL_PERIODIC_FILINGS,False,True,False
10-K,2025Q4,2026-02-05,0001501585-26-000006,pension_liability_usd,155000000.0,True,us-gaap:DefinedBenefitPensionPlanLiabilitiesNoncurrent,c-4,https://www.sec.gov/Archives/edgar/data/1501585/000150158526000006/hii-20251231.htm,e9c2363b3b156a5e2e0ceb49d9548f25fbf60ef9da574ac270867e9ead3b3a82,NOTE,CONSOLIDATED_NO_DIMENSION_REPORT_DATE_CONTEXT,False,ALL_PERIODIC_FILINGS,True,True,True
10-K,2025Q4,2026-02-05,0001501585-26-000006,fas_cas_pension_adjustment_usd,,False,,,https://www.sec.gov/Archives/edgar/data/1501585/000150158526000006/hii-20251231.htm,e9c2363b3b156a5e2e0ceb49d9548f25fbf60ef9da574ac270867e9ead3b3a82,NOTE,CONSOLIDATED_NO_DIMENSION_REPORT_DATE_CONTEXT,False,DISCLOSURE_REGIME_ONLY,False,False,False
10-Q,2026Q1,2026-05-05,0001501585-26-000029,revenue_usd,3099000000.0,True,us-gaap:Revenues,c-1,https://www.sec.gov/Archives/edgar/data/1501585/000150158526000029/hii-20260331.htm,517eb40c506fdafa020e4e4f8f7b4c2524632345fbe735b0b85c3c2d4653b85a,FINANCIAL_STATEMENT,CONSOLIDATED_NO_DIMENSION_REPORT_DATE_CONTEXT,False,ALL_PERIODIC_FILINGS,True,True,True
10-Q,2026Q1,2026-05-05,0001501585-26-000029,operating_income_usd,155000000.0,True,us-gaap:OperatingIncomeLoss,c-1,https://www.sec.gov/Archives/edgar/data/1501585/000150158526000029/hii-20260331.htm,517eb40c506fdafa020e4e4f8f7b4c2524632345fbe735b0b85c3c2d4653b85a,FINANCIAL_STATEMENT,CONSOLIDATED_NO_DIMENSION_REPORT_DATE_CONTEXT,False,ALL_PERIODIC_FILINGS,True,True,True
10-Q,2026Q1,2026-05-05,0001501585-26-000029,pretax_income_usd,188000000.0,True,us-gaap:IncomeLossFromContinuingOperationsBeforeIncomeTaxesExtraordinaryItemsNoncontrollingInterest,c-1,https://www.sec.gov/Archives/edgar/data/1501585/000150158526000029/hii-20260331.htm,517eb40c506fdafa020e4e4f8f7b4c2524632345fbe735b0b85c3c2d4653b85a,FINANCIAL_STATEMENT,CONSOLIDATED_NO_DIMENSION_REPORT_DATE_CONTEXT,False,ALL_PERIODIC_FILINGS,True,True,True
10-Q,2026Q1,2026-05-05,0001501585-26-000029,income_tax_usd,39000000.0,True,us-gaap:IncomeTaxExpenseBenefit,c-1,https://www.sec.gov/Archives/edgar/data/1501585/000150158526000029/hii-20260331.htm,517eb40c506fdafa020e4e4f8f7b4c2524632345fbe735b0b85c3c2d4653b85a,FINANCIAL_STATEMENT,CONSOLIDATED_NO_DIMENSION_REPORT_DATE_CONTEXT,False,ALL_PERIODIC_FILINGS,True,True,True
10-Q,2026Q1,2026-05-05,0001501585-26-000029,cfo_usd,-390000000.0,True,us-gaap:NetCashProvidedByUsedInOperatingActivities,c-1,https://www.sec.gov/Archives/edgar/data/1501585/000150158526000029/hii-20260331.htm,517eb40c506fdafa020e4e4f8f7b4c2524632345fbe735b0b85c3c2d4653b85a,FINANCIAL_STATEMENT,CONSOLIDATED_NO_DIMENSION_REPORT_DATE_CONTEXT,False,ALL_PERIODIC_FILINGS,True,True,True
10-Q,2026Q1,2026-05-05,0001501585-26-000029,capex_usd,71000000.0,True,us-gaap:PaymentsToAcquireProductiveAssets,c-1,https://www.sec.gov/Archives/edgar/data/1501585/000150158526000029/hii-20260331.htm,517eb40c506fdafa020e4e4f8f7b4c2524632345fbe735b0b85c3c2d4653b85a,FINANCIAL_STATEMENT,CONSOLIDATED_NO_DIMENSION_REPORT_DATE_CONTEXT,False,ALL_PERIODIC_FILINGS,True,True,True
10-Q,2026Q1,2026-05-05,0001501585-26-000029,depreciation_amortization_usd,55000000.0,True,us-gaap:Depreciation,c-1,https://www.sec.gov/Archives/edgar/data/1501585/000150158526000029/hii-20260331.htm,517eb40c506fdafa020e4e4f8f7b4c2524632345fbe735b0b85c3c2d4653b85a,FINANCIAL_STATEMENT,CONSOLIDATED_NO_DIMENSION_REPORT_DATE_CONTEXT,False,ALL_PERIODIC_FILINGS,True,True,True
10-Q,2026Q1,2026-05-05,0001501585-26-000029,research_development_usd,,False,,,https://www.sec.gov/Archives/edgar/data/1501585/000150158526000029/hii-20260331.htm,517eb40c506fdafa020e4e4f8f7b4c2524632345fbe735b0b85c3c2d4653b85a,NOTE,CONSOLIDATED_NO_DIMENSION_REPORT_DATE_CONTEXT,False,ANNUAL_10K_ONLY,False,False,False
10-Q,2026Q1,2026-05-05,0001501585-26-000029,business_acquisitions_usd,,False,,,https://www.sec.gov/Archives/edgar/data/1501585/000150158526000029/hii-20260331.htm,517eb40c506fdafa020e4e4f8f7b4c2524632345fbe735b0b85c3c2d4653b85a,NOTE,CONSOLIDATED_NO_DIMENSION_REPORT_DATE_CONTEXT,False,EVENT_CONDITIONAL_NOT_SCORED,True,False,False
10-Q,2026Q1,2026-05-05,0001501585-26-000029,receivables_usd,,False,,,https://www.sec.gov/Archives/edgar/data/1501585/000150158526000029/hii-20260331.htm,517eb40c506fdafa020e4e4f8f7b4c2524632345fbe735b0b85c3c2d4653b85a,FINANCIAL_STATEMENT,CONSOLIDATED_NO_DIMENSION_REPORT_DATE_CONTEXT,False,ALL_PERIODIC_FILINGS,False,True,False
10-Q,2026Q1,2026-05-05,0001501585-26-000029,inventory_usd,230000000.0,True,us-gaap:InventoryNetOfAllowancesCustomerAdvancesAndProgressBillings,c-8,https://www.sec.gov/Archives/edgar/data/1501585/000150158526000029/hii-20260331.htm,517eb40c506fdafa020e4e4f8f7b4c2524632345fbe735b0b85c3c2d4653b85a,FINANCIAL_STATEMENT,CONSOLIDATED_NO_DIMENSION_REPORT_DATE_CONTEXT,False,ALL_PERIODIC_FILINGS,True,True,True
10-Q,2026Q1,2026-05-05,0001501585-26-000029,accounts_payable_usd,692000000.0,True,us-gaap:AccountsPayableCurrent,c-8,https://www.sec.gov/Archives/edgar/data/1501585/000150158526000029/hii-20260331.htm,517eb40c506fdafa020e4e4f8f7b4c2524632345fbe735b0b85c3c2d4653b85a,FINANCIAL_STATEMENT,CONSOLIDATED_NO_DIMENSION_REPORT_DATE_CONTEXT,False,ALL_PERIODIC_FILINGS,True,True,True
10-Q,2026Q1,2026-05-05,0001501585-26-000029,contract_assets_usd,1989000000.0,True,us-gaap:ContractWithCustomerAssetNet,c-8,https://www.sec.gov/Archives/edgar/data/1501585/000150158526000029/hii-20260331.htm,517eb40c506fdafa020e4e4f8f7b4c2524632345fbe735b0b85c3c2d4653b85a,NOTE,CONSOLIDATED_NO_DIMENSION_REPORT_DATE_CONTEXT,False,ALL_PERIODIC_FILINGS,True,True,True
10-Q,2026Q1,2026-05-05,0001501585-26-000029,contract_liabilities_usd,822000000.0,True,us-gaap:ContractWithCustomerLiabilityCurrent,c-8,https://www.sec.gov/Archives/edgar/data/1501585/000150158526000029/hii-20260331.htm,517eb40c506fdafa020e4e4f8f7b4c2524632345fbe735b0b85c3c2d4653b85a,NOTE,CONSOLIDATED_NO_DIMENSION_REPORT_DATE_CONTEXT,False,ALL_PERIODIC_FILINGS,True,True,True
10-Q,2026Q1,2026-05-05,0001501585-26-000029,remaining_performance_obligation_usd,54000000000.0,True,us-gaap:RevenueRemainingPerformanceObligation,c-8,https://www.sec.gov/Archives/edgar/data/1501585/000150158526000029/hii-20260331.htm,517eb40c506fdafa020e4e4f8f7b4c2524632345fbe735b0b85c3c2d4653b85a,NOTE,CONSOLIDATED_NO_DIMENSION_REPORT_DATE_CONTEXT,False,ALL_PERIODIC_FILINGS,True,True,True
10-Q,2026Q1,2026-05-05,0001501585-26-000029,program_gains_losses_usd,,False,,,https://www.sec.gov/Archives/edgar/data/1501585/000150158526000029/hii-20260331.htm,517eb40c506fdafa020e4e4f8f7b4c2524632345fbe735b0b85c3c2d4653b85a,NOTE,CONSOLIDATED_NO_DIMENSION_REPORT_DATE_CONTEXT,False,EVENT_CONDITIONAL_NOT_SCORED,False,False,False
10-Q,2026Q1,2026-05-05,0001501585-26-000029,cash_usd,216000000.0,True,us-gaap:CashCashEquivalentsRestrictedCashAndRestrictedCashEquivalents,c-8,https://www.sec.gov/Archives/edgar/data/1501585/000150158526000029/hii-20260331.htm,517eb40c506fdafa020e4e4f8f7b4c2524632345fbe735b0b85c3c2d4653b85a,FINANCIAL_STATEMENT,CONSOLIDATED_NO_DIMENSION_REPORT_DATE_CONTEXT,False,ALL_PERIODIC_FILINGS,True,True,True
10-Q,2026Q1,2026-05-05,0001501585-26-000029,debt_current_usd,0.0,True,DERIVED:CURRENT_DEBT_ZERO_WHEN_NOT_REPORTED,c-8,https://www.sec.gov/Archives/edgar/data/1501585/000150158526000029/hii-20260331.htm,517eb40c506fdafa020e4e4f8f7b4c2524632345fbe735b0b85c3c2d4653b85a,FINANCIAL_STATEMENT,ZERO_WHEN_CURRENT_DEBT_NOT_REPORTED_AND_NONCURRENT_DEBT_IS_REPORTED,True,ALL_PERIODIC_FILINGS,False,True,True
10-Q,2026Q1,2026-05-05,0001501585-26-000029,debt_noncurrent_usd,2701000000.0,True,us-gaap:LongTermDebtNoncurrent,c-8,https://www.sec.gov/Archives/edgar/data/1501585/000150158526000029/hii-20260331.htm,517eb40c506fdafa020e4e4f8f7b4c2524632345fbe735b0b85c3c2d4653b85a,FINANCIAL_STATEMENT,CONSOLIDATED_NO_DIMENSION_REPORT_DATE_CONTEXT,False,ALL_PERIODIC_FILINGS,True,True,True
10-Q,2026Q1,2026-05-05,0001501585-26-000029,equity_usd,,False,,,https://www.sec.gov/Archives/edgar/data/1501585/000150158526000029/hii-20260331.htm,517eb40c506fdafa020e4e4f8f7b4c2524632345fbe735b0b85c3c2d4653b85a,FINANCIAL_STATEMENT,CONSOLIDATED_NO_DIMENSION_REPORT_DATE_CONTEXT,False,ALL_PERIODIC_FILINGS,False,True,False
10-Q,2026Q1,2026-05-05,0001501585-26-000029,goodwill_usd,2650000000.0,True,us-gaap:Goodwill,c-8,https://www.sec.gov/Archives/edgar/data/1501585/000150158526000029/hii-20260331.htm,517eb40c506fdafa020e4e4f8f7b4c2524632345fbe735b0b85c3c2d4653b85a,FINANCIAL_STATEMENT,CONSOLIDATED_NO_DIMENSION_REPORT_DATE_CONTEXT,False,ALL_PERIODIC_FILINGS,True,True,True
10-Q,2026Q1,2026-05-05,0001501585-26-000029,intangibles_ex_goodwill_usd,,False,,,https://www.sec.gov/Archives/edgar/data/1501585/000150158526000029/hii-20260331.htm,517eb40c506fdafa020e4e4f8f7b4c2524632345fbe735b0b85c3c2d4653b85a,FINANCIAL_STATEMENT,CONSOLIDATED_NO_DIMENSION_REPORT_DATE_CONTEXT,False,ALL_PERIODIC_FILINGS,False,True,False
10-Q,2026Q1,2026-05-05,0001501585-26-000029,pension_liability_usd,155000000.0,True,us-gaap:DefinedBenefitPensionPlanLiabilitiesNoncurrent,c-8,https://www.sec.gov/Archives/edgar/data/1501585/000150158526000029/hii-20260331.htm,517eb40c506fdafa020e4e4f8f7b4c2524632345fbe735b0b85c3c2d4653b85a,NOTE,CONSOLIDATED_NO_DIMENSION_REPORT_DATE_CONTEXT,False,ALL_PERIODIC_FILINGS,True,True,True
10-Q,2026Q1,2026-05-05,0001501585-26-000029,fas_cas_pension_adjustment_usd,,False,,,https://www.sec.gov/Archives/edgar/data/1501585/000150158526000029/hii-20260331.htm,517eb40c506fdafa020e4e4f8f7b4c2524632345fbe735b0b85c3c2d4653b85a,NOTE,CONSOLIDATED_NO_DIMENSION_REPORT_DATE_CONTEXT,False,DISCLOSURE_REGIME_ONLY,False,False,False
10-Q,2026Q2,2026-07-30,0001501585-26-000047,revenue_usd,6517000000.0,True,us-gaap:Revenues,c-1,https://www.sec.gov/Archives/edgar/data/1501585/000150158526000047/hii-20260630.htm,cc018dfd509fe4bc6db1fdd5fc2bd89cfb56c4f601faf2bd09e4fdfaa7400191,FINANCIAL_STATEMENT,CONSOLIDATED_NO_DIMENSION_REPORT_DATE_CONTEXT,False,ALL_PERIODIC_FILINGS,True,True,True
10-Q,2026Q2,2026-07-30,0001501585-26-000047,operating_income_usd,365000000.0,True,us-gaap:OperatingIncomeLoss,c-1,https://www.sec.gov/Archives/edgar/data/1501585/000150158526000047/hii-20260630.htm,cc018dfd509fe4bc6db1fdd5fc2bd89cfb56c4f601faf2bd09e4fdfaa7400191,FINANCIAL_STATEMENT,CONSOLIDATED_NO_DIMENSION_REPORT_DATE_CONTEXT,False,ALL_PERIODIC_FILINGS,True,True,True
10-Q,2026Q2,2026-07-30,0001501585-26-000047,pretax_income_usd,442000000.0,True,us-gaap:IncomeLossFromContinuingOperationsBeforeIncomeTaxesExtraordinaryItemsNoncontrollingInterest,c-1,https://www.sec.gov/Archives/edgar/data/1501585/000150158526000047/hii-20260630.htm,cc018dfd509fe4bc6db1fdd5fc2bd89cfb56c4f601faf2bd09e4fdfaa7400191,FINANCIAL_STATEMENT,CONSOLIDATED_NO_DIMENSION_REPORT_DATE_CONTEXT,False,ALL_PERIODIC_FILINGS,True,True,True
10-Q,2026Q2,2026-07-30,0001501585-26-000047,income_tax_usd,85000000.0,True,us-gaap:IncomeTaxExpenseBenefit,c-1,https://www.sec.gov/Archives/edgar/data/1501585/000150158526000047/hii-20260630.htm,cc018dfd509fe4bc6db1fdd5fc2bd89cfb56c4f601faf2bd09e4fdfaa7400191,FINANCIAL_STATEMENT,CONSOLIDATED_NO_DIMENSION_REPORT_DATE_CONTEXT,False,ALL_PERIODIC_FILINGS,True,True,True
10-Q,2026Q2,2026-07-30,0001501585-26-000047,cfo_usd,-421000000.0,True,us-gaap:NetCashProvidedByUsedInOperatingActivities,c-1,https://www.sec.gov/Archives/edgar/data/1501585/000150158526000047/hii-20260630.htm,cc018dfd509fe4bc6db1fdd5fc2bd89cfb56c4f601faf2bd09e4fdfaa7400191,FINANCIAL_STATEMENT,CONSOLIDATED_NO_DIMENSION_REPORT_DATE_CONTEXT,False,ALL_PERIODIC_FILINGS,True,True,True
10-Q,2026Q2,2026-07-30,0001501585-26-000047,capex_usd,193000000.0,True,us-gaap:PaymentsToAcquirePropertyPlantAndEquipment,c-1,https://www.sec.gov/Archives/edgar/data/1501585/000150158526000047/hii-20260630.htm,cc018dfd509fe4bc6db1fdd5fc2bd89cfb56c4f601faf2bd09e4fdfaa7400191,FINANCIAL_STATEMENT,CONSOLIDATED_NO_DIMENSION_REPORT_DATE_CONTEXT,False,ALL_PERIODIC_FILINGS,True,True,True
10-Q,2026Q2,2026-07-30,0001501585-26-000047,depreciation_amortization_usd,112000000.0,True,us-gaap:Depreciation,c-1,https://www.sec.gov/Archives/edgar/data/1501585/000150158526000047/hii-20260630.htm,cc018dfd509fe4bc6db1fdd5fc2bd89cfb56c4f601faf2bd09e4fdfaa7400191,FINANCIAL_STATEMENT,CONSOLIDATED_NO_DIMENSION_REPORT_DATE_CONTEXT,False,ALL_PERIODIC_FILINGS,True,True,True
10-Q,2026Q2,2026-07-30,0001501585-26-000047,research_development_usd,,False,,,https://www.sec.gov/Archives/edgar/data/1501585/000150158526000047/hii-20260630.htm,cc018dfd509fe4bc6db1fdd5fc2bd89cfb56c4f601faf2bd09e4fdfaa7400191,NOTE,CONSOLIDATED_NO_DIMENSION_REPORT_DATE_CONTEXT,False,ANNUAL_10K_ONLY,False,False,False
10-Q,2026Q2,2026-07-30,0001501585-26-000047,business_acquisitions_usd,,False,,,https://www.sec.gov/Archives/edgar/data/1501585/000150158526000047/hii-20260630.htm,cc018dfd509fe4bc6db1fdd5fc2bd89cfb56c4f601faf2bd09e4fdfaa7400191,NOTE,CONSOLIDATED_NO_DIMENSION_REPORT_DATE_CONTEXT,False,EVENT_CONDITIONAL_NOT_SCORED,True,False,False
10-Q,2026Q2,2026-07-30,0001501585-26-000047,receivables_usd,,False,,,https://www.sec.gov/Archives/edgar/data/1501585/000150158526000047/hii-20260630.htm,cc018dfd509fe4bc6db1fdd5fc2bd89cfb56c4f601faf2bd09e4fdfaa7400191,FINANCIAL_STATEMENT,CONSOLIDATED_NO_DIMENSION_REPORT_DATE_CONTEXT,False,ALL_PERIODIC_FILINGS,False,True,False
10-Q,2026Q2,2026-07-30,0001501585-26-000047,inventory_usd,236000000.0,True,us-gaap:InventoryNetOfAllowancesCustomerAdvancesAndProgressBillings,c-14,https://www.sec.gov/Archives/edgar/data/1501585/000150158526000047/hii-20260630.htm,cc018dfd509fe4bc6db1fdd5fc2bd89cfb56c4f601faf2bd09e4fdfaa7400191,FINANCIAL_STATEMENT,CONSOLIDATED_NO_DIMENSION_REPORT_DATE_CONTEXT,False,ALL_PERIODIC_FILINGS,True,True,True
10-Q,2026Q2,2026-07-30,0001501585-26-000047,accounts_payable_usd,737000000.0,True,us-gaap:AccountsPayableCurrent,c-14,https://www.sec.gov/Archives/edgar/data/1501585/000150158526000047/hii-20260630.htm,cc018dfd509fe4bc6db1fdd5fc2bd89cfb56c4f601faf2bd09e4fdfaa7400191,FINANCIAL_STATEMENT,CONSOLIDATED_NO_DIMENSION_REPORT_DATE_CONTEXT,False,ALL_PERIODIC_FILINGS,True,True,True
10-Q,2026Q2,2026-07-30,0001501585-26-000047,contract_assets_usd,2154000000.0,True,us-gaap:ContractWithCustomerAssetNet,c-14,https://www.sec.gov/Archives/edgar/data/1501585/000150158526000047/hii-20260630.htm,cc018dfd509fe4bc6db1fdd5fc2bd89cfb56c4f601faf2bd09e4fdfaa7400191,NOTE,CONSOLIDATED_NO_DIMENSION_REPORT_DATE_CONTEXT,False,ALL_PERIODIC_FILINGS,True,True,True
10-Q,2026Q2,2026-07-30,0001501585-26-000047,contract_liabilities_usd,690000000.0,True,us-gaap:ContractWithCustomerLiabilityCurrent,c-14,https://www.sec.gov/Archives/edgar/data/1501585/000150158526000047/hii-20260630.htm,cc018dfd509fe4bc6db1fdd5fc2bd89cfb56c4f601faf2bd09e4fdfaa7400191,NOTE,CONSOLIDATED_NO_DIMENSION_REPORT_DATE_CONTEXT,False,ALL_PERIODIC_FILINGS,True,True,True
10-Q,2026Q2,2026-07-30,0001501585-26-000047,remaining_performance_obligation_usd,57300000000.0,True,us-gaap:RevenueRemainingPerformanceObligation,c-14,https://www.sec.gov/Archives/edgar/data/1501585/000150158526000047/hii-20260630.htm,cc018dfd509fe4bc6db1fdd5fc2bd89cfb56c4f601faf2bd09e4fdfaa7400191,NOTE,CONSOLIDATED_NO_DIMENSION_REPORT_DATE_CONTEXT,False,ALL_PERIODIC_FILINGS,True,True,True
10-Q,2026Q2,2026-07-30,0001501585-26-000047,program_gains_losses_usd,,False,,,https://www.sec.gov/Archives/edgar/data/1501585/000150158526000047/hii-20260630.htm,cc018dfd509fe4bc6db1fdd5fc2bd89cfb56c4f601faf2bd09e4fdfaa7400191,NOTE,CONSOLIDATED_NO_DIMENSION_REPORT_DATE_CONTEXT,False,EVENT_CONDITIONAL_NOT_SCORED,False,False,False
10-Q,2026Q2,2026-07-30,0001501585-26-000047,cash_usd,12000000.0,True,us-gaap:CashCashEquivalentsRestrictedCashAndRestrictedCashEquivalents,c-14,https://www.sec.gov/Archives/edgar/data/1501585/000150158526000047/hii-20260630.htm,cc018dfd509fe4bc6db1fdd5fc2bd89cfb56c4f601faf2bd09e4fdfaa7400191,FINANCIAL_STATEMENT,CONSOLIDATED_NO_DIMENSION_REPORT_DATE_CONTEXT,False,ALL_PERIODIC_FILINGS,True,True,True
10-Q,2026Q2,2026-07-30,0001501585-26-000047,debt_current_usd,0.0,True,DERIVED:CURRENT_DEBT_ZERO_WHEN_NOT_REPORTED,c-14,https://www.sec.gov/Archives/edgar/data/1501585/000150158526000047/hii-20260630.htm,cc018dfd509fe4bc6db1fdd5fc2bd89cfb56c4f601faf2bd09e4fdfaa7400191,FINANCIAL_STATEMENT,ZERO_WHEN_CURRENT_DEBT_NOT_REPORTED_AND_NONCURRENT_DEBT_IS_REPORTED,True,ALL_PERIODIC_FILINGS,False,True,True
10-Q,2026Q2,2026-07-30,0001501585-26-000047,debt_noncurrent_usd,2702000000.0,True,us-gaap:LongTermDebtNoncurrent,c-14,https://www.sec.gov/Archives/edgar/data/1501585/000150158526000047/hii-20260630.htm,cc018dfd509fe4bc6db1fdd5fc2bd89cfb56c4f601faf2bd09e4fdfaa7400191,FINANCIAL_STATEMENT,CONSOLIDATED_NO_DIMENSION_REPORT_DATE_CONTEXT,False,ALL_PERIODIC_FILINGS,True,True,True
10-Q,2026Q2,2026-07-30,0001501585-26-000047,equity_usd,,False,,,https://www.sec.gov/Archives/edgar/data/1501585/000150158526000047/hii-20260630.htm,cc018dfd509fe4bc6db1fdd5fc2bd89cfb56c4f601faf2bd09e4fdfaa7400191,FINANCIAL_STATEMENT,CONSOLIDATED_NO_DIMENSION_REPORT_DATE_CONTEXT,False,ALL_PERIODIC_FILINGS,True,True,False
10-Q,2026Q2,2026-07-30,0001501585-26-000047,goodwill_usd,2650000000.0,True,us-gaap:Goodwill,c-14,https://www.sec.gov/Archives/edgar/data/1501585/000150158526000047/hii-20260630.htm,cc018dfd509fe4bc6db1fdd5fc2bd89cfb56c4f601faf2bd09e4fdfaa7400191,FINANCIAL_STATEMENT,CONSOLIDATED_NO_DIMENSION_REPORT_DATE_CONTEXT,False,ALL_PERIODIC_FILINGS,True,True,True
10-Q,2026Q2,2026-07-30,0001501585-26-000047,intangibles_ex_goodwill_usd,,False,,,https://www.sec.gov/Archives/edgar/data/1501585/000150158526000047/hii-20260630.htm,cc018dfd509fe4bc6db1fdd5fc2bd89cfb56c4f601faf2bd09e4fdfaa7400191,FINANCIAL_STATEMENT,CONSOLIDATED_NO_DIMENSION_REPORT_DATE_CONTEXT,False,ALL_PERIODIC_FILINGS,False,True,False
10-Q,2026Q2,2026-07-30,0001501585-26-000047,pension_liability_usd,155000000.0,True,us-gaap:DefinedBenefitPensionPlanLiabilitiesNoncurrent,c-14,https://www.sec.gov/Archives/edgar/data/1501585/000150158526000047/hii-20260630.htm,cc018dfd509fe4bc6db1fdd5fc2bd89cfb56c4f601faf2bd09e4fdfaa7400191,NOTE,CONSOLIDATED_NO_DIMENSION_REPORT_DATE_CONTEXT,False,ALL_PERIODIC_FILINGS,True,True,True
10-Q,2026Q2,2026-07-30,0001501585-26-000047,fas_cas_pension_adjustment_usd,,False,,,https://www.sec.gov/Archives/edgar/data/1501585/000150158526000047/hii-20260630.htm,cc018dfd509fe4bc6db1fdd5fc2bd89cfb56c4f601faf2bd09e4fdfaa7400191,NOTE,CONSOLIDATED_NO_DIMENSION_REPORT_DATE_CONTEXT,False,DISCLOSURE_REGIME_ONLY,False,False,False
